pdb_id,state,res1_num,res1_name,res1_atom,res2_num,res2_name,res2_atom,distance,hb_type
4dkl,inactive,69,THR,N,67,MET,O,3.215,bb-bb
4dkl,inactive,70,ALA,N,67,MET,O,2.909,bb-bb
4dkl,inactive,71,ILE,N,67,MET,O,3.048,bb-bb
4dkl,inactive,70,ALA,N,68,VAL,O,3.452,bb-bb
4dkl,inactive,71,ILE,N,68,VAL,O,3.386,bb-bb
4dkl,inactive,72,THR,N,68,VAL,O,2.914,bb-bb
4dkl,inactive,72,THR,OG1,68,VAL,O,2.775,bb-sc
4dkl,inactive,71,ILE,N,69,THR,O,3.473,bb-bb
4dkl,inactive,72,THR,N,69,THR,O,3.488,bb-bb
4dkl,inactive,72,THR,OG1,69,THR,O,2.854,bb-sc
4dkl,inactive,73,ILE,N,69,THR,O,2.895,bb-bb
4dkl,inactive,73,ILE,N,70,ALA,O,3.383,bb-bb
4dkl,inactive,74,MET,N,70,ALA,O,2.912,bb-bb
4dkl,inactive,73,ILE,N,71,ILE,O,3.457,bb-bb
4dkl,inactive,74,MET,N,71,ILE,O,3.045,bb-bb
4dkl,inactive,75,ALA,N,71,ILE,O,2.917,bb-bb
4dkl,inactive,74,MET,N,72,THR,O,3.433,bb-bb
4dkl,inactive,75,ALA,N,72,THR,O,3.325,bb-bb
4dkl,inactive,76,LEU,N,72,THR,O,2.913,bb-bb
4dkl,inactive,75,ALA,N,73,ILE,O,3.474,bb-bb
4dkl,inactive,77,TYR,N,73,ILE,O,2.87,bb-bb
4dkl,inactive,78,SER,N,74,MET,O,2.91,bb-bb
4dkl,inactive,78,SER,OG,74,MET,O,2.649,bb-sc
4dkl,inactive,77,TYR,N,75,ALA,O,3.327,bb-bb
4dkl,inactive,78,SER,N,75,ALA,O,2.921,bb-bb
4dkl,inactive,79,ILE,N,75,ALA,O,2.994,bb-bb
4dkl,inactive,78,SER,N,76,LEU,O,3.267,bb-bb
4dkl,inactive,79,ILE,N,76,LEU,O,3.17,bb-bb
4dkl,inactive,80,VAL,N,76,LEU,O,2.921,bb-bb
4dkl,inactive,81,CYS,N,77,TYR,O,2.877,bb-bb
4dkl,inactive,81,CYS,N,78,SER,O,3.345,bb-bb
4dkl,inactive,82,VAL,N,78,SER,O,2.903,bb-bb
4dkl,inactive,81,CYS,N,79,ILE,O,3.27,bb-bb
4dkl,inactive,82,VAL,N,79,ILE,O,3.33,bb-bb
4dkl,inactive,83,VAL,N,79,ILE,O,2.954,bb-bb
4dkl,inactive,84,GLY,N,80,VAL,O,2.89,bb-bb
4dkl,inactive,85,LEU,N,81,CYS,O,2.904,bb-bb
4dkl,inactive,84,GLY,N,82,VAL,O,3.386,bb-bb
4dkl,inactive,86,PHE,N,82,VAL,O,2.932,bb-bb
4dkl,inactive,87,GLY,N,83,VAL,O,2.888,bb-bb
4dkl,inactive,87,GLY,N,84,GLY,O,3.49,bb-bb
4dkl,inactive,88,ASN,N,84,GLY,O,2.929,bb-bb
4dkl,inactive,88,ASN,ND2,84,GLY,O,2.694,bb-sc
4dkl,inactive,87,GLY,N,85,LEU,O,3.326,bb-bb
4dkl,inactive,88,ASN,N,85,LEU,O,3.331,bb-bb
4dkl,inactive,89,PHE,N,85,LEU,O,2.893,bb-bb
4dkl,inactive,90,LEU,N,86,PHE,O,2.938,bb-bb
4dkl,inactive,90,LEU,N,87,GLY,O,3.274,bb-bb
4dkl,inactive,91,VAL,N,87,GLY,O,2.9,bb-bb
4dkl,inactive,90,LEU,N,88,ASN,O,3.454,bb-bb
4dkl,inactive,91,VAL,N,88,ASN,O,3.299,bb-bb
4dkl,inactive,92,MET,N,88,ASN,O,2.92,bb-bb
4dkl,inactive,88,ASN,ND2,331,SER,O,3.129,bb-sc
4dkl,inactive,91,VAL,N,89,PHE,O,3.485,bb-bb
4dkl,inactive,93,TYR,N,89,PHE,O,2.919,bb-bb
4dkl,inactive,93,TYR,N,90,LEU,O,3.444,bb-bb
4dkl,inactive,94,VAL,N,90,LEU,O,2.914,bb-bb
4dkl,inactive,93,TYR,N,91,VAL,O,3.375,bb-bb
4dkl,inactive,94,VAL,N,91,VAL,O,3.148,bb-bb
4dkl,inactive,95,ILE,N,91,VAL,O,2.924,bb-bb
4dkl,inactive,94,VAL,N,92,MET,O,3.399,bb-bb
4dkl,inactive,95,ILE,N,92,MET,O,3.258,bb-bb
4dkl,inactive,96,VAL,N,92,MET,O,2.935,bb-bb
4dkl,inactive,95,ILE,N,93,TYR,O,3.469,bb-bb
4dkl,inactive,96,VAL,N,93,TYR,O,3.301,bb-bb
4dkl,inactive,97,ARG,N,93,TYR,O,2.881,bb-bb
4dkl,inactive,96,VAL,N,94,VAL,O,3.459,bb-bb
4dkl,inactive,97,ARG,N,94,VAL,O,3.446,bb-bb
4dkl,inactive,98,TYR,N,94,VAL,O,3.309,bb-bb
4dkl,inactive,102,LYS,NZ,96,VAL,O,2.663,bb-sc
4dkl,inactive,102,LYS,NZ,98,TYR,O,3.314,bb-sc
4dkl,inactive,101,MET,N,99,THR,O,3.485,bb-bb
4dkl,inactive,102,LYS,N,99,THR,O,3.487,bb-bb
4dkl,inactive,102,LYS,N,100,LYS,O,3.475,bb-bb
4dkl,inactive,103,THR,N,101,MET,O,3.198,bb-bb
4dkl,inactive,106,ASN,ND2,101,MET,O,2.7,bb-sc
4dkl,inactive,105,THR,N,103,THR,O,3.401,bb-bb
4dkl,inactive,106,ASN,N,103,THR,O,3.099,bb-bb
4dkl,inactive,106,ASN,N,103,THR,OG1,3.298,bb-sc
4dkl,inactive,107,ILE,N,103,THR,O,2.839,bb-bb
4dkl,inactive,106,ASN,N,104,ALA,O,3.279,bb-bb
4dkl,inactive,107,ILE,N,104,ALA,O,2.981,bb-bb
4dkl,inactive,108,TYR,N,104,ALA,O,3.004,bb-bb
4dkl,inactive,107,ILE,N,105,THR,O,3.394,bb-bb
4dkl,inactive,108,TYR,N,105,THR,O,3.277,bb-bb
4dkl,inactive,109,ILE,N,105,THR,O,2.905,bb-bb
4dkl,inactive,110,PHE,N,106,ASN,O,2.885,bb-bb
4dkl,inactive,109,ILE,N,107,ILE,O,3.406,bb-bb
4dkl,inactive,110,PHE,N,107,ILE,O,3.01,bb-bb
4dkl,inactive,111,ASN,N,107,ILE,O,2.986,bb-bb
4dkl,inactive,190,ASN,ND2,107,ILE,O,3.243,bb-sc
4dkl,inactive,110,PHE,N,108,TYR,O,3.243,bb-bb
4dkl,inactive,111,ASN,N,108,TYR,O,2.982,bb-bb
4dkl,inactive,112,LEU,N,108,TYR,O,2.985,bb-bb
4dkl,inactive,111,ASN,N,109,ILE,O,3.483,bb-bb
4dkl,inactive,112,LEU,N,109,ILE,O,3.308,bb-bb
4dkl,inactive,113,ALA,N,109,ILE,O,2.902,bb-bb
4dkl,inactive,112,LEU,N,110,PHE,O,3.402,bb-bb
4dkl,inactive,113,ALA,N,110,PHE,O,3.257,bb-bb
4dkl,inactive,114,LEU,N,110,PHE,O,2.902,bb-bb
4dkl,inactive,113,ALA,N,111,ASN,O,3.407,bb-bb
4dkl,inactive,114,LEU,N,111,ASN,O,3.141,bb-bb
4dkl,inactive,115,ALA,N,111,ASN,O,3.017,bb-bb
4dkl,inactive,111,ASN,ND2,159,THR,OG1,2.975,sc-sc
4dkl,inactive,194,TRP,NE1,111,ASN,OD1,2.674,sc-sc
4dkl,inactive,114,LEU,N,112,LEU,O,3.329,bb-bb
4dkl,inactive,115,ALA,N,112,LEU,O,3.24,bb-bb
4dkl,inactive,116,ASP,N,112,LEU,O,2.982,bb-bb
4dkl,inactive,117,ALA,N,113,ALA,O,2.913,bb-bb
4dkl,inactive,116,ASP,N,114,LEU,O,3.379,bb-bb
4dkl,inactive,117,ALA,N,114,LEU,O,3.155,bb-bb
4dkl,inactive,118,LEU,N,114,LEU,O,2.978,bb-bb
4dkl,inactive,117,ALA,N,115,ALA,O,3.33,bb-bb
4dkl,inactive,118,LEU,N,115,ALA,O,3.03,bb-bb
4dkl,inactive,119,ALA,N,115,ALA,O,3.007,bb-bb
4dkl,inactive,152,ASN,ND2,115,ALA,O,3.41,bb-sc
4dkl,inactive,118,LEU,N,116,ASP,O,3.326,bb-bb
4dkl,inactive,119,ALA,N,116,ASP,O,3.287,bb-bb
4dkl,inactive,120,THR,N,116,ASP,O,2.949,bb-bb
4dkl,inactive,120,THR,OG1,116,ASP,O,2.941,bb-sc
4dkl,inactive,120,THR,OG1,117,ALA,O,2.707,bb-sc
4dkl,inactive,121,SER,N,117,ALA,O,2.911,bb-bb
4dkl,inactive,121,SER,OG,117,ALA,O,2.359,bb-sc
4dkl,inactive,120,THR,N,118,LEU,O,3.388,bb-bb
4dkl,inactive,121,SER,N,118,LEU,O,2.967,bb-bb
4dkl,inactive,122,THR,N,118,LEU,O,2.991,bb-bb
4dkl,inactive,121,SER,N,119,ALA,O,3.236,bb-bb
4dkl,inactive,122,THR,N,119,ALA,O,2.864,bb-bb
4dkl,inactive,122,THR,OG1,119,ALA,O,2.623,bb-sc
4dkl,inactive,123,LEU,N,119,ALA,O,3.01,bb-bb
4dkl,inactive,122,THR,N,120,THR,O,3.36,bb-bb
4dkl,inactive,123,LEU,N,120,THR,O,3.14,bb-bb
4dkl,inactive,124,PRO,N,122,THR,O,3.498,bb-bb
4dkl,inactive,125,PHE,N,123,LEU,O,3.118,bb-bb
4dkl,inactive,126,GLN,N,123,LEU,O,2.881,bb-bb
4dkl,inactive,127,SER,N,123,LEU,O,3.253,bb-bb
4dkl,inactive,126,GLN,N,124,PRO,O,3.435,bb-bb
4dkl,inactive,127,SER,OG,124,PRO,O,2.776,bb-sc
4dkl,inactive,129,ASN,N,125,PHE,O,3.409,bb-bb
4dkl,inactive,128,VAL,N,126,GLN,O,3.38,bb-bb
4dkl,inactive,129,ASN,N,126,GLN,O,3.013,bb-bb
4dkl,inactive,130,TYR,N,126,GLN,O,2.969,bb-bb
4dkl,inactive,126,GLN,NE2,328,TYR,OH,3.107,sc-sc
4dkl,inactive,328,TYR,OH,126,GLN,NE2,3.107,sc-sc
4dkl,inactive,129,ASN,N,127,SER,O,3.46,bb-bb
4dkl,inactive,130,TYR,N,127,SER,O,3.179,bb-bb
4dkl,inactive,131,LEU,N,127,SER,O,3.173,bb-bb
4dkl,inactive,131,LEU,N,128,VAL,O,3.398,bb-bb
4dkl,inactive,132,MET,N,128,VAL,O,2.889,bb-bb
4dkl,inactive,131,LEU,N,129,ASN,O,3.416,bb-bb
4dkl,inactive,133,GLY,N,129,ASN,O,3.072,bb-bb
4dkl,inactive,130,TYR,OH,321,HIS,ND1,3.288,sc-sc
4dkl,inactive,321,HIS,ND1,130,TYR,OH,3.288,sc-sc
4dkl,inactive,135,TRP,NE1,138,GLY,O,2.629,bb-sc
4dkl,inactive,138,GLY,N,136,PRO,O,2.948,bb-bb
4dkl,inactive,210,THR,OG1,138,GLY,O,3.348,bb-sc
4dkl,inactive,142,CYS,N,139,ASN,O,3.225,bb-bb
4dkl,inactive,143,LYS,N,139,ASN,O,3.122,bb-bb
4dkl,inactive,209,THR,OG1,139,ASN,OD1,3.179,sc-sc
4dkl,inactive,210,THR,N,139,ASN,OD1,2.844,bb-sc
4dkl,inactive,210,THR,OG1,139,ASN,OD1,3.003,sc-sc
4dkl,inactive,142,CYS,N,140,ILE,O,3.189,bb-bb
4dkl,inactive,143,LYS,N,140,ILE,O,3.062,bb-bb
4dkl,inactive,144,ILE,N,140,ILE,O,2.911,bb-bb
4dkl,inactive,144,ILE,N,141,LEU,O,3.403,bb-bb
4dkl,inactive,145,VAL,N,141,LEU,O,2.899,bb-bb
4dkl,inactive,144,ILE,N,142,CYS,O,3.259,bb-bb
4dkl,inactive,145,VAL,N,142,CYS,O,2.952,bb-bb
4dkl,inactive,146,ILE,N,142,CYS,O,2.957,bb-bb
4dkl,inactive,145,VAL,N,143,LYS,O,3.39,bb-bb
4dkl,inactive,147,SER,N,143,LYS,O,2.94,bb-bb
4dkl,inactive,143,LYS,NZ,206,PHE,O,3.484,bb-sc
4dkl,inactive,143,LYS,NZ,208,ALA,O,2.412,bb-sc
4dkl,inactive,147,SER,N,144,ILE,O,3.432,bb-bb
4dkl,inactive,148,ILE,N,144,ILE,O,2.892,bb-bb
4dkl,inactive,147,SER,N,145,VAL,O,3.393,bb-bb
4dkl,inactive,148,ILE,N,145,VAL,O,3.173,bb-bb
4dkl,inactive,149,ASP,N,145,VAL,O,2.923,bb-bb
4dkl,inactive,148,ILE,N,146,ILE,O,3.352,bb-bb
4dkl,inactive,149,ASP,N,146,ILE,O,3.004,bb-bb
4dkl,inactive,150,TYR,N,146,ILE,O,2.98,bb-bb
4dkl,inactive,149,ASP,N,147,SER,O,3.365,bb-bb
4dkl,inactive,150,TYR,N,147,SER,O,3.37,bb-bb
4dkl,inactive,151,TYR,N,147,SER,O,2.888,bb-bb
4dkl,inactive,147,SER,OG,201,GLY,O,3.331,bb-sc
4dkl,inactive,151,TYR,N,148,ILE,O,3.481,bb-bb
4dkl,inactive,152,ASN,N,148,ILE,O,2.879,bb-bb
4dkl,inactive,151,TYR,N,149,ASP,O,3.454,bb-bb
4dkl,inactive,152,ASN,N,149,ASP,O,3.2,bb-bb
4dkl,inactive,153,MET,N,149,ASP,O,3.001,bb-bb
4dkl,inactive,328,TYR,OH,149,ASP,OD1,2.558,sc-sc
4dkl,inactive,152,ASN,N,150,TYR,O,3.298,bb-bb
4dkl,inactive,153,MET,N,150,TYR,O,3.133,bb-bb
4dkl,inactive,154,PHE,N,150,TYR,O,2.934,bb-bb
4dkl,inactive,154,PHE,N,151,TYR,O,3.437,bb-bb
4dkl,inactive,155,THR,N,151,TYR,O,2.884,bb-bb
4dkl,inactive,155,THR,OG1,151,TYR,O,2.331,bb-sc
4dkl,inactive,151,TYR,OH,198,SER,OG,3.226,sc-sc
4dkl,inactive,198,SER,OG,151,TYR,OH,3.226,sc-sc
4dkl,inactive,154,PHE,N,152,ASN,O,3.18,bb-bb
4dkl,inactive,152,ASN,ND2,156,SER,OG,3.155,sc-sc
4dkl,inactive,156,SER,N,152,ASN,O,2.968,bb-bb
4dkl,inactive,156,SER,OG,152,ASN,O,2.809,bb-sc
4dkl,inactive,156,SER,N,154,PHE,O,3.187,bb-bb
4dkl,inactive,157,ILE,N,154,PHE,O,3.325,bb-bb
4dkl,inactive,158,PHE,N,154,PHE,O,2.941,bb-bb
4dkl,inactive,159,THR,N,155,THR,O,2.908,bb-bb
4dkl,inactive,159,THR,OG1,155,THR,O,2.59,bb-sc
4dkl,inactive,193,ASN,ND2,155,THR,O,3.297,bb-sc
4dkl,inactive,158,PHE,N,156,SER,O,3.378,bb-bb
4dkl,inactive,159,THR,N,156,SER,O,3.101,bb-bb
4dkl,inactive,160,LEU,N,156,SER,O,2.936,bb-bb
4dkl,inactive,159,THR,N,157,ILE,O,3.479,bb-bb
4dkl,inactive,160,LEU,N,157,ILE,O,3.276,bb-bb
4dkl,inactive,161,CYS,N,157,ILE,O,2.918,bb-bb
4dkl,inactive,160,LEU,N,158,PHE,O,3.476,bb-bb
4dkl,inactive,161,CYS,N,158,PHE,O,3.094,bb-bb
4dkl,inactive,162,THR,N,158,PHE,O,2.933,bb-bb
4dkl,inactive,162,THR,OG1,158,PHE,O,3.492,bb-sc
4dkl,inactive,161,CYS,N,159,THR,O,3.372,bb-bb
4dkl,inactive,162,THR,N,159,THR,O,3.368,bb-bb
4dkl,inactive,162,THR,OG1,159,THR,O,2.779,bb-sc
4dkl,inactive,163,MET,N,159,THR,O,2.895,bb-bb
4dkl,inactive,193,ASN,ND2,159,THR,OG1,2.954,sc-sc
4dkl,inactive,163,MET,N,160,LEU,O,3.308,bb-bb
4dkl,inactive,164,SER,N,160,LEU,O,2.922,bb-bb
4dkl,inactive,164,SER,OG,160,LEU,O,3.207,bb-sc
4dkl,inactive,163,MET,N,161,CYS,O,3.175,bb-bb
4dkl,inactive,164,SER,N,161,CYS,O,3.036,bb-bb
4dkl,inactive,165,VAL,N,161,CYS,O,2.899,bb-bb
4dkl,inactive,166,ASP,N,162,THR,O,2.907,bb-bb
4dkl,inactive,166,ASP,N,163,MET,O,3.432,bb-bb
4dkl,inactive,167,ARG,N,163,MET,O,2.906,bb-bb
4dkl,inactive,167,ARG,N,164,SER,O,3.386,bb-bb
4dkl,inactive,168,TYR,N,164,SER,O,2.926,bb-bb
4dkl,inactive,167,ARG,N,165,VAL,O,3.348,bb-bb
4dkl,inactive,168,TYR,N,165,VAL,O,3.185,bb-bb
4dkl,inactive,169,ILE,N,165,VAL,O,2.889,bb-bb
4dkl,inactive,169,ILE,N,166,ASP,O,3.406,bb-bb
4dkl,inactive,170,ALA,N,166,ASP,O,2.909,bb-bb
4dkl,inactive,181,ARG,NE,166,ASP,OD1,2.979,sc-sc
4dkl,inactive,181,ARG,NE,166,ASP,OD2,3.359,sc-sc
4dkl,inactive,181,ARG,NH2,166,ASP,OD2,2.541,sc-sc
4dkl,inactive,169,ILE,N,167,ARG,O,3.296,bb-bb
4dkl,inactive,170,ALA,N,167,ARG,O,3.212,bb-bb
4dkl,inactive,171,VAL,N,167,ARG,O,2.948,bb-bb
4dkl,inactive,167,ARG,NE,281,THR,OG1,3.32,sc-sc
4dkl,inactive,172,CYS,N,168,TYR,O,2.891,bb-bb
4dkl,inactive,260,ARG,NE,168,TYR,OH,3.162,sc-sc
4dkl,inactive,171,VAL,N,169,ILE,O,3.164,bb-bb
4dkl,inactive,172,CYS,N,169,ILE,O,3.495,bb-bb
4dkl,inactive,173,HIS,N,169,ILE,O,2.871,bb-bb
4dkl,inactive,175,VAL,N,173,HIS,O,3.408,bb-bb
4dkl,inactive,176,LYS,N,173,HIS,O,3.243,bb-bb
4dkl,inactive,177,ALA,N,173,HIS,O,2.56,bb-bb
4dkl,inactive,176,LYS,N,174,PRO,O,3.467,bb-bb
4dkl,inactive,177,ALA,N,174,PRO,O,3.026,bb-bb
4dkl,inactive,178,LEU,N,174,PRO,O,2.946,bb-bb
4dkl,inactive,178,LEU,N,176,LYS,O,3.454,bb-bb
4dkl,inactive,179,ASP,N,176,LYS,O,3.26,bb-bb
4dkl,inactive,176,LYS,NZ,1015,LEU,O,3.08,bb-sc
4dkl,inactive,179,ASP,N,177,ALA,O,3.027,bb-bb
4dkl,inactive,181,ARG,N,177,ALA,O,3.037,bb-bb
4dkl,inactive,182,THR,N,180,PHE,O,3.228,bb-bb
4dkl,inactive,185,ASN,ND2,180,PHE,O,2.743,bb-sc
4dkl,inactive,184,ARG,N,182,THR,O,3.147,bb-bb
4dkl,inactive,185,ASN,N,182,THR,O,3.073,bb-bb
4dkl,inactive,185,ASN,N,183,PRO,O,3.377,bb-bb
4dkl,inactive,186,ALA,N,183,PRO,O,3.102,bb-bb
4dkl,inactive,187,LYS,N,183,PRO,O,2.933,bb-bb
4dkl,inactive,186,ALA,N,184,ARG,O,3.493,bb-bb
4dkl,inactive,187,LYS,N,184,ARG,O,3.223,bb-bb
4dkl,inactive,188,ILE,N,184,ARG,O,2.909,bb-bb
4dkl,inactive,187,LYS,N,185,ASN,O,3.459,bb-bb
4dkl,inactive,188,ILE,N,185,ASN,O,3.237,bb-bb
4dkl,inactive,189,VAL,N,185,ASN,O,2.904,bb-bb
4dkl,inactive,189,VAL,N,186,ALA,O,3.497,bb-bb
4dkl,inactive,190,ASN,N,186,ALA,O,2.919,bb-bb
4dkl,inactive,190,ASN,N,187,LYS,O,3.247,bb-bb
4dkl,inactive,191,VAL,N,187,LYS,O,2.933,bb-bb
4dkl,inactive,190,ASN,N,188,ILE,O,3.317,bb-bb
4dkl,inactive,191,VAL,N,188,ILE,O,3.068,bb-bb
4dkl,inactive,192,CYS,N,188,ILE,O,2.932,bb-bb
4dkl,inactive,192,CYS,N,189,VAL,O,3.469,bb-bb
4dkl,inactive,193,ASN,N,189,VAL,O,2.885,bb-bb
4dkl,inactive,192,CYS,N,190,ASN,O,3.478,bb-bb
4dkl,inactive,193,ASN,N,190,ASN,O,3.199,bb-bb
4dkl,inactive,194,TRP,N,190,ASN,O,2.961,bb-bb
4dkl,inactive,193,ASN,N,191,VAL,O,3.321,bb-bb
4dkl,inactive,194,TRP,N,191,VAL,O,2.994,bb-bb
4dkl,inactive,195,ILE,N,191,VAL,O,2.934,bb-bb
4dkl,inactive,194,TRP,N,192,CYS,O,3.426,bb-bb
4dkl,inactive,195,ILE,N,192,CYS,O,3.108,bb-bb
4dkl,inactive,196,LEU,N,192,CYS,O,2.914,bb-bb
4dkl,inactive,195,ILE,N,193,ASN,O,3.275,bb-bb
4dkl,inactive,196,LEU,N,193,ASN,O,3.424,bb-bb
4dkl,inactive,197,SER,N,193,ASN,O,2.924,bb-bb
4dkl,inactive,197,SER,OG,193,ASN,O,3.155,bb-sc
4dkl,inactive,197,SER,OG,193,ASN,OD1,3.468,sc-sc
4dkl,inactive,198,SER,N,194,TRP,O,2.899,bb-bb
4dkl,inactive,198,SER,OG,194,TRP,O,2.397,bb-sc
4dkl,inactive,197,SER,N,195,ILE,O,3.298,bb-bb
4dkl,inactive,198,SER,N,195,ILE,O,2.797,bb-bb
4dkl,inactive,199,ALA,N,195,ILE,O,2.997,bb-bb
4dkl,inactive,198,SER,N,196,LEU,O,3.337,bb-bb
4dkl,inactive,199,ALA,N,196,LEU,O,3.111,bb-bb
4dkl,inactive,199,ALA,N,197,SER,O,3.434,bb-bb
4dkl,inactive,200,ILE,N,197,SER,O,3.315,bb-bb
4dkl,inactive,201,GLY,N,197,SER,O,2.875,bb-bb
4dkl,inactive,200,ILE,N,198,SER,O,3.153,bb-bb
4dkl,inactive,201,GLY,N,198,SER,O,3.299,bb-bb
4dkl,inactive,202,LEU,N,198,SER,O,2.925,bb-bb
4dkl,inactive,204,VAL,N,200,ILE,O,3.427,bb-bb
4dkl,inactive,204,VAL,N,201,GLY,O,3.394,bb-bb
4dkl,inactive,205,MET,N,201,GLY,O,2.986,bb-bb
4dkl,inactive,204,VAL,N,202,LEU,O,3.262,bb-bb
4dkl,inactive,205,MET,N,202,LEU,O,2.968,bb-bb
4dkl,inactive,206,PHE,N,202,LEU,O,2.975,bb-bb
4dkl,inactive,205,MET,N,203,PRO,O,3.394,bb-bb
4dkl,inactive,206,PHE,N,203,PRO,O,3.1,bb-bb
4dkl,inactive,207,MET,N,203,PRO,O,2.781,bb-bb
4dkl,inactive,206,PHE,N,204,VAL,O,3.479,bb-bb
4dkl,inactive,208,ALA,N,204,VAL,O,3.092,bb-bb
4dkl,inactive,208,ALA,N,206,PHE,O,3.349,bb-bb
4dkl,inactive,211,LYS,N,218,ASP,O,2.874,bb-bb
4dkl,inactive,218,ASP,N,211,LYS,O,2.908,bb-bb
4dkl,inactive,215,GLY,N,213,ARG,O,2.973,bb-bb
4dkl,inactive,213,ARG,N,216,SER,O,3.438,bb-bb
4dkl,inactive,227,THR,OG1,223,PHE,O,3.481,bb-sc
4dkl,inactive,227,THR,N,224,SER,O,3.409,bb-bb
4dkl,inactive,229,TYR,N,226,PRO,O,3.39,bb-bb
4dkl,inactive,229,TYR,N,227,THR,O,3.048,bb-bb
4dkl,inactive,230,TRP,N,227,THR,O,3.262,bb-bb
4dkl,inactive,231,GLU,N,227,THR,O,2.947,bb-bb
4dkl,inactive,232,ASN,N,228,TRP,O,2.913,bb-bb
4dkl,inactive,231,GLU,N,229,TYR,O,3.445,bb-bb
4dkl,inactive,232,ASN,N,229,TYR,O,3.455,bb-bb
4dkl,inactive,233,LEU,N,229,TYR,O,2.88,bb-bb
4dkl,inactive,233,LEU,N,230,TRP,O,3.281,bb-bb
4dkl,inactive,234,LEU,N,230,TRP,O,2.939,bb-bb
4dkl,inactive,233,LEU,N,231,GLU,O,3.211,bb-bb
4dkl,inactive,234,LEU,N,231,GLU,O,3.065,bb-bb
4dkl,inactive,235,LYS,N,231,GLU,O,2.929,bb-bb
4dkl,inactive,235,LYS,NZ,231,GLU,OE2,3.272,sc-sc
4dkl,inactive,235,LYS,N,232,ASN,O,3.381,bb-bb
4dkl,inactive,236,ILE,N,232,ASN,O,2.892,bb-bb
4dkl,inactive,235,LYS,N,233,LEU,O,3.427,bb-bb
4dkl,inactive,236,ILE,N,233,LEU,O,3.086,bb-bb
4dkl,inactive,237,CYS,N,233,LEU,O,2.938,bb-bb
4dkl,inactive,236,ILE,N,234,LEU,O,3.21,bb-bb
4dkl,inactive,237,CYS,N,234,LEU,O,3.087,bb-bb
4dkl,inactive,238,VAL,N,234,LEU,O,2.931,bb-bb
4dkl,inactive,239,PHE,N,235,LYS,O,2.946,bb-bb
4dkl,inactive,238,VAL,N,236,ILE,O,3.394,bb-bb
4dkl,inactive,239,PHE,N,236,ILE,O,3.015,bb-bb
4dkl,inactive,240,ILE,N,236,ILE,O,2.888,bb-bb
4dkl,inactive,239,PHE,N,237,CYS,O,3.448,bb-bb
4dkl,inactive,240,ILE,N,237,CYS,O,3.405,bb-bb
4dkl,inactive,241,PHE,N,237,CYS,O,2.921,bb-bb
4dkl,inactive,240,ILE,N,238,VAL,O,3.351,bb-bb
4dkl,inactive,242,ALA,N,238,VAL,O,2.818,bb-bb
4dkl,inactive,244,ILE,N,239,PHE,O,3.165,bb-bb
4dkl,inactive,245,MET,N,240,ILE,O,2.98,bb-bb
4dkl,inactive,247,VAL,N,243,PHE,O,3.172,bb-bb
4dkl,inactive,246,PRO,N,244,ILE,O,3.376,bb-bb
4dkl,inactive,247,VAL,N,244,ILE,O,3.185,bb-bb
4dkl,inactive,248,LEU,N,244,ILE,O,2.917,bb-bb
4dkl,inactive,247,VAL,N,245,MET,O,3.424,bb-bb
4dkl,inactive,248,LEU,N,245,MET,O,3.221,bb-bb
4dkl,inactive,249,ILE,N,245,MET,O,2.904,bb-bb
4dkl,inactive,248,LEU,N,246,PRO,O,3.391,bb-bb
4dkl,inactive,249,ILE,N,246,PRO,O,3.147,bb-bb
4dkl,inactive,250,ILE,N,246,PRO,O,2.926,bb-bb
4dkl,inactive,249,ILE,N,247,VAL,O,3.433,bb-bb
4dkl,inactive,250,ILE,N,247,VAL,O,3.267,bb-bb
4dkl,inactive,251,THR,N,247,VAL,O,2.911,bb-bb
4dkl,inactive,251,THR,OG1,247,VAL,O,2.992,bb-sc
4dkl,inactive,250,ILE,N,248,LEU,O,3.475,bb-bb
4dkl,inactive,251,THR,N,248,LEU,O,3.245,bb-bb
4dkl,inactive,252,VAL,N,248,LEU,O,2.902,bb-bb
4dkl,inactive,251,THR,N,249,ILE,O,3.416,bb-bb
4dkl,inactive,252,VAL,N,249,ILE,O,3.234,bb-bb
4dkl,inactive,253,CYS,N,249,ILE,O,2.9,bb-bb
4dkl,inactive,252,VAL,N,250,ILE,O,3.417,bb-bb
4dkl,inactive,253,CYS,N,250,ILE,O,3.138,bb-bb
4dkl,inactive,254,TYR,N,250,ILE,O,2.919,bb-bb
4dkl,inactive,253,CYS,N,251,THR,O,3.462,bb-bb
4dkl,inactive,254,TYR,N,251,THR,O,3.239,bb-bb
4dkl,inactive,255,GLY,N,251,THR,O,2.92,bb-bb
4dkl,inactive,254,TYR,N,252,VAL,O,3.408,bb-bb
4dkl,inactive,255,GLY,N,252,VAL,O,3.453,bb-bb
4dkl,inactive,256,LEU,N,252,VAL,O,2.885,bb-bb
4dkl,inactive,257,MET,N,253,CYS,O,2.914,bb-bb
4dkl,inactive,256,LEU,N,254,TYR,O,3.485,bb-bb
4dkl,inactive,257,MET,N,254,TYR,O,3.039,bb-bb
4dkl,inactive,258,ILE,N,254,TYR,O,2.923,bb-bb
4dkl,inactive,257,MET,N,255,GLY,O,3.212,bb-bb
4dkl,inactive,258,ILE,N,255,GLY,O,3.28,bb-bb
4dkl,inactive,259,LEU,N,255,GLY,O,2.897,bb-bb
4dkl,inactive,259,LEU,N,256,LEU,O,3.361,bb-bb
4dkl,inactive,260,ARG,N,256,LEU,O,2.916,bb-bb
4dkl,inactive,259,LEU,N,257,MET,O,3.249,bb-bb
4dkl,inactive,260,ARG,N,257,MET,O,3.254,bb-bb
4dkl,inactive,261,LEU,N,257,MET,O,2.932,bb-bb
4dkl,inactive,1004,ASN,N,265,ARG,O,2.25,bb-bb
4dkl,inactive,265,ARG,N,1007,GLU,OE2,2.955,bb-sc
4dkl,inactive,1160,TRP,NE1,265,ARG,O,3.438,bb-sc
4dkl,inactive,1006,PHE,N,1004,ASN,OD1,3.445,bb-sc
4dkl,inactive,1004,ASN,N,1007,GLU,OE2,3.367,bb-sc
4dkl,inactive,1007,GLU,N,1004,ASN,OD1,2.876,bb-sc
4dkl,inactive,1008,MET,N,1004,ASN,O,3.219,bb-bb
4dkl,inactive,1007,GLU,N,1005,ILE,O,3.419,bb-bb
4dkl,inactive,1008,MET,N,1005,ILE,O,3.125,bb-bb
4dkl,inactive,1009,LEU,N,1005,ILE,O,2.808,bb-bb
4dkl,inactive,1010,ARG,N,1006,PHE,O,3.236,bb-bb
4dkl,inactive,1009,LEU,N,1007,GLU,O,3.413,bb-bb
4dkl,inactive,1010,ARG,N,1007,GLU,O,3.223,bb-bb
4dkl,inactive,1011,ILE,N,1007,GLU,O,3.128,bb-bb
4dkl,inactive,1010,ARG,N,1008,MET,O,3.401,bb-bb
4dkl,inactive,1011,ILE,N,1008,MET,O,3.176,bb-bb
4dkl,inactive,1012,ASP,N,1008,MET,O,3.196,bb-bb
4dkl,inactive,1011,ILE,N,1009,LEU,O,3.47,bb-bb
4dkl,inactive,1012,ASP,N,1009,LEU,O,3.121,bb-bb
4dkl,inactive,1013,GLU,N,1009,LEU,O,2.811,bb-bb
4dkl,inactive,1012,ASP,N,1010,ARG,O,3.42,bb-bb
4dkl,inactive,1013,GLU,N,1010,ARG,O,3.401,bb-bb
4dkl,inactive,1014,GLY,N,1010,ARG,O,2.783,bb-bb
4dkl,inactive,1103,ASN,ND2,1012,ASP,OD1,2.839,sc-sc
4dkl,inactive,1150,ARG,NE,1012,ASP,OD2,2.811,sc-sc
4dkl,inactive,1150,ARG,NH2,1012,ASP,OD2,2.708,sc-sc
4dkl,inactive,1163,TYR,OH,1012,ASP,OD1,2.476,sc-sc
4dkl,inactive,1163,TYR,OH,1012,ASP,OD2,3.335,sc-sc
4dkl,inactive,1147,ARG,NH1,1013,GLU,OE2,2.48,sc-sc
4dkl,inactive,1147,ARG,NH2,1013,GLU,OE2,3.358,sc-sc
4dkl,inactive,1018,LYS,N,1016,ARG,O,3.401,bb-bb
4dkl,inactive,1016,ARG,N,1030,GLY,O,3.487,bb-bb
4dkl,inactive,1030,GLY,N,1016,ARG,O,3.039,bb-bb
4dkl,inactive,1020,TYR,N,1018,LYS,O,3.275,bb-bb
4dkl,inactive,1022,ASN,N,1020,TYR,O,3.462,bb-bb
4dkl,inactive,1020,TYR,N,1028,THR,O,2.665,bb-bb
4dkl,inactive,1028,THR,N,1020,TYR,O,2.63,bb-bb
4dkl,inactive,1024,GLU,N,1022,ASN,O,3.42,bb-bb
4dkl,inactive,1024,GLU,N,1022,ASN,OD1,3.286,bb-sc
4dkl,inactive,1025,GLY,N,1022,ASN,O,3.094,bb-bb
4dkl,inactive,1025,GLY,N,1022,ASN,OD1,2.799,bb-sc
4dkl,inactive,1022,ASN,N,1026,TYR,O,2.826,bb-bb
4dkl,inactive,1026,TYR,N,1022,ASN,OD1,2.424,bb-sc
4dkl,inactive,1025,GLY,N,1023,THR,O,3.383,bb-bb
4dkl,inactive,1028,THR,N,1026,TYR,O,3.231,bb-bb
4dkl,inactive,1028,THR,OG1,1026,TYR,O,2.923,bb-sc
4dkl,inactive,1027,TYR,OH,1039,PRO,O,2.707,bb-sc
4dkl,inactive,1029,ILE,N,1033,HIS,O,3.365,bb-bb
4dkl,inactive,1033,HIS,N,1029,ILE,O,3.494,bb-bb
4dkl,inactive,1033,HIS,N,1031,ILE,O,2.95,bb-bb
4dkl,inactive,1034,LEU,N,1032,GLY,O,3.3,bb-bb
4dkl,inactive,1033,HIS,ND1,1072,ASP,OD1,3.406,sc-sc
4dkl,inactive,1033,HIS,ND1,1072,ASP,OD2,2.381,sc-sc
4dkl,inactive,1038,SER,N,1036,THR,OG1,3.177,bb-sc
4dkl,inactive,1040,SER,N,1038,SER,OG,3.477,bb-sc
4dkl,inactive,1043,ALA,N,1041,LEU,O,3.433,bb-bb
4dkl,inactive,1044,ALA,N,1041,LEU,O,2.945,bb-bb
4dkl,inactive,1045,LYS,N,1041,LEU,O,2.651,bb-bb
4dkl,inactive,1044,ALA,N,1042,ASN,O,3.0,bb-bb
4dkl,inactive,1045,LYS,N,1042,ASN,O,2.939,bb-bb
4dkl,inactive,1046,SER,N,1042,ASN,O,2.561,bb-bb
4dkl,inactive,1046,SER,OG,1042,ASN,O,2.695,bb-sc
4dkl,inactive,1046,SER,OG,1042,ASN,OD1,2.275,sc-sc
4dkl,inactive,1047,GLU,N,1044,ALA,O,3.458,bb-bb
4dkl,inactive,1048,LEU,N,1044,ALA,O,2.91,bb-bb
4dkl,inactive,1048,LEU,N,1045,LYS,O,3.259,bb-bb
4dkl,inactive,1049,ASP,N,1045,LYS,O,2.726,bb-bb
4dkl,inactive,1049,ASP,N,1046,SER,O,3.36,bb-bb
4dkl,inactive,1050,LYS,N,1046,SER,O,2.83,bb-bb
4dkl,inactive,1050,LYS,N,1047,GLU,O,3.328,bb-bb
4dkl,inactive,1051,ALA,N,1047,GLU,O,2.886,bb-bb
4dkl,inactive,1050,LYS,N,1048,LEU,O,3.468,bb-bb
4dkl,inactive,1051,ALA,N,1048,LEU,O,3.351,bb-bb
4dkl,inactive,1052,ILE,N,1048,LEU,O,3.148,bb-bb
4dkl,inactive,1052,ILE,N,1049,ASP,O,3.403,bb-bb
4dkl,inactive,1053,GLY,N,1049,ASP,O,2.845,bb-bb
4dkl,inactive,1055,ASN,ND2,1049,ASP,OD1,3.108,sc-sc
4dkl,inactive,1055,ASN,ND2,1049,ASP,OD2,2.791,sc-sc
4dkl,inactive,1056,THR,N,1049,ASP,OD1,2.484,bb-sc
4dkl,inactive,1056,THR,OG1,1049,ASP,OD1,2.563,sc-sc
4dkl,inactive,1052,ILE,N,1050,LYS,O,3.364,bb-bb
4dkl,inactive,1056,THR,N,1054,ARG,O,3.075,bb-bb
4dkl,inactive,1054,ARG,NE,1064,GLU,OE2,2.817,sc-sc
4dkl,inactive,1054,ARG,NH2,1064,GLU,OE1,2.932,sc-sc
4dkl,inactive,1054,ARG,NH2,1064,GLU,OE2,3.06,sc-sc
4dkl,inactive,1058,GLY,N,1056,THR,O,3.081,bb-bb
4dkl,inactive,1059,VAL,N,1056,THR,O,3.166,bb-bb
4dkl,inactive,1063,ASP,N,1061,THR,O,3.224,bb-bb
4dkl,inactive,1061,THR,N,1064,GLU,OE1,3.074,bb-sc
4dkl,inactive,1064,GLU,N,1061,THR,O,2.912,bb-bb
4dkl,inactive,1065,ALA,N,1061,THR,O,2.92,bb-bb
4dkl,inactive,1064,GLU,N,1062,LYS,O,3.45,bb-bb
4dkl,inactive,1065,ALA,N,1062,LYS,O,3.275,bb-bb
4dkl,inactive,1066,GLU,N,1062,LYS,O,2.932,bb-bb
4dkl,inactive,1066,GLU,N,1063,ASP,O,3.462,bb-bb
4dkl,inactive,1067,LYS,N,1063,ASP,O,2.949,bb-bb
4dkl,inactive,1068,LEU,N,1064,GLU,O,2.967,bb-bb
4dkl,inactive,1067,LYS,N,1065,ALA,O,3.402,bb-bb
4dkl,inactive,1068,LEU,N,1065,ALA,O,3.208,bb-bb
4dkl,inactive,1069,PHE,N,1065,ALA,O,2.832,bb-bb
4dkl,inactive,1069,PHE,N,1066,GLU,O,3.229,bb-bb
4dkl,inactive,1070,ASN,N,1066,GLU,O,3.108,bb-bb
4dkl,inactive,1070,ASN,ND2,1066,GLU,O,2.658,bb-sc
4dkl,inactive,1069,PHE,N,1067,LYS,O,3.263,bb-bb
4dkl,inactive,1071,GLN,N,1069,PHE,O,3.205,bb-bb
4dkl,inactive,1072,ASP,N,1069,PHE,O,3.037,bb-bb
4dkl,inactive,1073,VAL,N,1069,PHE,O,3.046,bb-bb
4dkl,inactive,1073,VAL,N,1070,ASN,O,3.459,bb-bb
4dkl,inactive,1074,ASP,N,1070,ASN,O,3.138,bb-bb
4dkl,inactive,1075,ALA,N,1071,GLN,O,2.893,bb-bb
4dkl,inactive,1075,ALA,N,1072,ASP,O,3.393,bb-bb
4dkl,inactive,1076,ALA,N,1072,ASP,O,2.985,bb-bb
4dkl,inactive,1076,ALA,N,1073,VAL,O,3.291,bb-bb
4dkl,inactive,1077,VAL,N,1073,VAL,O,3.11,bb-bb
4dkl,inactive,1076,ALA,N,1074,ASP,O,3.281,bb-bb
4dkl,inactive,1077,VAL,N,1074,ASP,O,3.13,bb-bb
4dkl,inactive,1078,ARG,N,1074,ASP,O,2.661,bb-bb
4dkl,inactive,1078,ARG,NH1,1074,ASP,OD2,3.17,sc-sc
4dkl,inactive,1079,GLY,N,1075,ALA,O,2.912,bb-bb
4dkl,inactive,1078,ARG,N,1076,ALA,O,3.392,bb-bb
4dkl,inactive,1079,GLY,N,1076,ALA,O,3.18,bb-bb
4dkl,inactive,1080,ILE,N,1076,ALA,O,2.94,bb-bb
4dkl,inactive,1080,ILE,N,1077,VAL,O,3.345,bb-bb
4dkl,inactive,1081,LEU,N,1077,VAL,O,3.032,bb-bb
4dkl,inactive,1080,ILE,N,1078,ARG,O,3.281,bb-bb
4dkl,inactive,1081,LEU,N,1078,ARG,O,2.912,bb-bb
4dkl,inactive,1082,ARG,N,1078,ARG,O,3.108,bb-bb
4dkl,inactive,1081,LEU,N,1079,GLY,O,3.42,bb-bb
4dkl,inactive,1082,ARG,N,1079,GLY,O,3.277,bb-bb
4dkl,inactive,1083,ASN,N,1079,GLY,O,3.372,bb-bb
4dkl,inactive,1082,ARG,N,1080,ILE,O,3.205,bb-bb
4dkl,inactive,1083,ASN,N,1080,ILE,O,2.938,bb-bb
4dkl,inactive,1085,LYS,N,1083,ASN,O,3.249,bb-bb
4dkl,inactive,1085,LYS,N,1083,ASN,OD1,3.094,bb-sc
4dkl,inactive,1086,LEU,N,1083,ASN,O,3.358,bb-bb
4dkl,inactive,1086,LEU,N,1083,ASN,OD1,3.154,bb-sc
4dkl,inactive,1087,LYS,N,1083,ASN,O,2.904,bb-bb
4dkl,inactive,1088,PRO,N,1086,LEU,O,3.227,bb-bb
4dkl,inactive,1089,VAL,N,1086,LEU,O,3.003,bb-bb
4dkl,inactive,1090,TYR,N,1086,LEU,O,2.913,bb-bb
4dkl,inactive,1090,TYR,N,1087,LYS,O,3.289,bb-bb
4dkl,inactive,1090,TYR,N,1088,PRO,O,3.301,bb-bb
4dkl,inactive,1092,SER,N,1089,VAL,O,3.39,bb-bb
4dkl,inactive,1092,SER,OG,1089,VAL,O,2.697,bb-sc
4dkl,inactive,1092,SER,N,1090,TYR,O,3.189,bb-bb
4dkl,inactive,1093,LEU,N,1090,TYR,O,3.3,bb-bb
4dkl,inactive,1093,LEU,N,1091,ASP,O,3.433,bb-bb
4dkl,inactive,1096,VAL,N,1094,ASP,O,3.149,bb-bb
4dkl,inactive,1097,ARG,N,1094,ASP,O,3.108,bb-bb
4dkl,inactive,1097,ARG,NH1,1094,ASP,OD1,3.223,sc-sc
4dkl,inactive,1097,ARG,NH1,1094,ASP,OD2,2.904,sc-sc
4dkl,inactive,1098,ARG,N,1094,ASP,O,2.897,bb-bb
4dkl,inactive,1098,ARG,N,1095,ALA,O,3.351,bb-bb
4dkl,inactive,1099,ALA,N,1095,ALA,O,2.966,bb-bb
4dkl,inactive,1099,ALA,N,1096,VAL,O,3.218,bb-bb
4dkl,inactive,1100,ALA,N,1096,VAL,O,3.189,bb-bb
4dkl,inactive,1099,ALA,N,1097,ARG,O,3.4,bb-bb
4dkl,inactive,1100,ALA,N,1097,ARG,O,3.167,bb-bb
4dkl,inactive,1101,LEU,N,1097,ARG,O,3.067,bb-bb
4dkl,inactive,1097,ARG,NE,1155,PHE,O,2.591,bb-sc
4dkl,inactive,1097,ARG,NH2,1156,ARG,O,3.42,bb-sc
4dkl,inactive,1100,ALA,N,1098,ARG,O,3.493,bb-bb
4dkl,inactive,1101,LEU,N,1098,ARG,O,3.264,bb-bb
4dkl,inactive,1102,ILE,N,1098,ARG,O,3.121,bb-bb
4dkl,inactive,1101,LEU,N,1099,ALA,O,3.345,bb-bb
4dkl,inactive,1102,ILE,N,1099,ALA,O,3.231,bb-bb
4dkl,inactive,1103,ASN,N,1099,ALA,O,2.963,bb-bb
4dkl,inactive,1103,ASN,N,1100,ALA,O,3.271,bb-bb
4dkl,inactive,1104,MET,N,1100,ALA,O,3.282,bb-bb
4dkl,inactive,1103,ASN,N,1101,LEU,O,3.289,bb-bb
4dkl,inactive,1104,MET,N,1101,LEU,O,3.157,bb-bb
4dkl,inactive,1105,VAL,N,1101,LEU,O,3.108,bb-bb
4dkl,inactive,1104,MET,N,1102,ILE,O,3.402,bb-bb
4dkl,inactive,1105,VAL,N,1102,ILE,O,3.31,bb-bb
4dkl,inactive,1106,PHE,N,1102,ILE,O,2.77,bb-bb
4dkl,inactive,1106,PHE,N,1103,ASN,O,3.42,bb-bb
4dkl,inactive,1107,GLN,N,1103,ASN,O,3.104,bb-bb
4dkl,inactive,1147,ARG,NE,1103,ASN,OD1,3.111,sc-sc
4dkl,inactive,1147,ARG,NH2,1103,ASN,O,3.327,bb-sc
4dkl,inactive,1147,ARG,NH2,1103,ASN,OD1,2.61,sc-sc
4dkl,inactive,1106,PHE,N,1104,MET,O,3.365,bb-bb
4dkl,inactive,1107,GLN,N,1104,MET,O,3.117,bb-bb
4dkl,inactive,1108,MET,N,1104,MET,O,3.005,bb-bb
4dkl,inactive,1107,GLN,N,1105,VAL,O,3.459,bb-bb
4dkl,inactive,1109,GLY,N,1105,VAL,O,3.093,bb-bb
4dkl,inactive,1140,TRP,NE1,1107,GLN,OE1,3.056,sc-sc
4dkl,inactive,1107,GLN,NE2,1144,THR,OG1,3.251,sc-sc
4dkl,inactive,1144,THR,OG1,1107,GLN,NE2,3.251,sc-sc
4dkl,inactive,1147,ARG,NE,1107,GLN,OE1,3.396,sc-sc
4dkl,inactive,1111,THR,N,1109,GLY,O,3.324,bb-bb
4dkl,inactive,1112,GLY,N,1109,GLY,O,3.337,bb-bb
4dkl,inactive,1113,VAL,N,1109,GLY,O,3.331,bb-bb
4dkl,inactive,1114,ALA,N,1110,GLU,O,3.2,bb-bb
4dkl,inactive,1114,ALA,N,1111,THR,O,3.409,bb-bb
4dkl,inactive,1114,ALA,N,1112,GLY,O,3.22,bb-bb
4dkl,inactive,1115,GLY,N,1112,GLY,O,3.347,bb-bb
4dkl,inactive,1116,PHE,N,1114,ALA,O,3.131,bb-bb
4dkl,inactive,1118,ASN,N,1116,PHE,O,3.124,bb-bb
4dkl,inactive,1119,SER,N,1116,PHE,O,3.086,bb-bb
4dkl,inactive,1120,LEU,N,1116,PHE,O,2.745,bb-bb
4dkl,inactive,1120,LEU,N,1117,THR,O,3.39,bb-bb
4dkl,inactive,1121,ARG,N,1117,THR,O,2.746,bb-bb
4dkl,inactive,1121,ARG,N,1118,ASN,O,3.294,bb-bb
4dkl,inactive,1121,ARG,NH1,1118,ASN,OD1,2.937,sc-sc
4dkl,inactive,1122,MET,N,1118,ASN,O,2.938,bb-bb
4dkl,inactive,1121,ARG,N,1119,SER,O,3.5,bb-bb
4dkl,inactive,1122,MET,N,1119,SER,O,3.452,bb-bb
4dkl,inactive,1123,LEU,N,1119,SER,O,2.952,bb-bb
4dkl,inactive,1134,ASN,ND2,1119,SER,OG,2.668,sc-sc
4dkl,inactive,1123,LEU,N,1120,LEU,O,3.352,bb-bb
4dkl,inactive,1124,GLN,N,1120,LEU,O,2.941,bb-bb
4dkl,inactive,1123,LEU,N,1121,ARG,O,3.28,bb-bb
4dkl,inactive,1124,GLN,N,1121,ARG,O,3.172,bb-bb
4dkl,inactive,1125,GLN,N,1121,ARG,O,3.054,bb-bb
4dkl,inactive,1126,LYS,N,1122,MET,O,3.05,bb-bb
4dkl,inactive,1127,ARG,N,1122,MET,O,2.516,bb-bb
4dkl,inactive,1125,GLN,N,1123,LEU,O,3.32,bb-bb
4dkl,inactive,1126,LYS,N,1123,LEU,O,2.895,bb-bb
4dkl,inactive,1126,LYS,N,1124,GLN,O,3.426,bb-bb
4dkl,inactive,1128,TRP,N,1126,LYS,O,3.451,bb-bb
4dkl,inactive,1127,ARG,NH1,1130,GLU,OE2,3.468,sc-sc
4dkl,inactive,1127,ARG,NH2,1130,GLU,OE1,2.826,sc-sc
4dkl,inactive,1131,ALA,N,1127,ARG,O,3.025,bb-bb
4dkl,inactive,1130,GLU,N,1128,TRP,O,3.33,bb-bb
4dkl,inactive,1131,ALA,N,1128,TRP,O,3.207,bb-bb
4dkl,inactive,1132,ALA,N,1128,TRP,O,2.816,bb-bb
4dkl,inactive,1132,ALA,N,1129,ASP,O,3.475,bb-bb
4dkl,inactive,1133,VAL,N,1129,ASP,O,3.015,bb-bb
4dkl,inactive,1132,ALA,N,1130,GLU,O,3.434,bb-bb
4dkl,inactive,1133,VAL,N,1130,GLU,O,3.349,bb-bb
4dkl,inactive,1134,ASN,N,1130,GLU,O,3.024,bb-bb
4dkl,inactive,1133,VAL,N,1131,ALA,O,3.499,bb-bb
4dkl,inactive,1134,ASN,N,1131,ALA,O,3.334,bb-bb
4dkl,inactive,1135,LEU,N,1131,ALA,O,2.849,bb-bb
4dkl,inactive,1135,LEU,N,1132,ALA,O,3.401,bb-bb
4dkl,inactive,1136,ALA,N,1132,ALA,O,3.099,bb-bb
4dkl,inactive,1135,LEU,N,1133,VAL,O,3.441,bb-bb
4dkl,inactive,1136,ALA,N,1133,VAL,O,3.266,bb-bb
4dkl,inactive,1136,ALA,N,1134,ASN,O,3.448,bb-bb
4dkl,inactive,1137,LYS,N,1134,ASN,O,3.261,bb-bb
4dkl,inactive,1137,LYS,N,1135,LEU,O,3.178,bb-bb
4dkl,inactive,1138,SER,N,1135,LEU,O,3.268,bb-bb
4dkl,inactive,1138,SER,OG,1135,LEU,O,2.541,bb-sc
4dkl,inactive,1140,TRP,N,1138,SER,O,3.318,bb-bb
4dkl,inactive,1141,TYR,N,1138,SER,O,3.188,bb-bb
4dkl,inactive,1141,TYR,N,1138,SER,OG,3.451,bb-sc
4dkl,inactive,1142,ASN,N,1138,SER,O,3.218,bb-bb
4dkl,inactive,1142,ASN,N,1139,ARG,O,3.243,bb-bb
4dkl,inactive,1143,GLN,N,1139,ARG,O,2.905,bb-bb
4dkl,inactive,1142,ASN,N,1140,TRP,O,3.475,bb-bb
4dkl,inactive,1143,GLN,N,1140,TRP,O,3.231,bb-bb
4dkl,inactive,1144,THR,N,1140,TRP,O,2.992,bb-bb
4dkl,inactive,1143,GLN,N,1141,TYR,O,3.278,bb-bb
4dkl,inactive,1145,PRO,N,1141,TYR,O,3.132,bb-bb
4dkl,inactive,1148,ALA,N,1144,THR,O,3.06,bb-bb
4dkl,inactive,1148,ALA,N,1145,PRO,O,3.471,bb-bb
4dkl,inactive,1149,LYS,N,1145,PRO,O,2.792,bb-bb
4dkl,inactive,1149,LYS,N,1146,ASN,O,3.347,bb-bb
4dkl,inactive,1150,ARG,N,1146,ASN,O,3.198,bb-bb
4dkl,inactive,1149,LYS,N,1147,ARG,O,3.237,bb-bb
4dkl,inactive,1150,ARG,N,1147,ARG,O,3.011,bb-bb
4dkl,inactive,1151,VAL,N,1147,ARG,O,2.994,bb-bb
4dkl,inactive,1150,ARG,N,1148,ALA,O,3.404,bb-bb
4dkl,inactive,1151,VAL,N,1148,ALA,O,3.304,bb-bb
4dkl,inactive,1152,ILE,N,1148,ALA,O,2.785,bb-bb
4dkl,inactive,1153,THR,N,1149,LYS,O,3.001,bb-bb
4dkl,inactive,1153,THR,OG1,1149,LYS,O,2.405,bb-sc
4dkl,inactive,1153,THR,N,1150,ARG,O,3.419,bb-bb
4dkl,inactive,1154,THR,N,1150,ARG,O,3.036,bb-bb
4dkl,inactive,1154,THR,OG1,1150,ARG,O,2.734,bb-sc
4dkl,inactive,1153,THR,N,1151,VAL,O,3.436,bb-bb
4dkl,inactive,1154,THR,N,1151,VAL,O,3.061,bb-bb
4dkl,inactive,1155,PHE,N,1151,VAL,O,2.918,bb-bb
4dkl,inactive,1154,THR,N,1152,ILE,O,3.35,bb-bb
4dkl,inactive,1155,PHE,N,1152,ILE,O,3.143,bb-bb
4dkl,inactive,1156,ARG,N,1152,ILE,O,2.831,bb-bb
4dkl,inactive,1156,ARG,N,1153,THR,O,3.404,bb-bb
4dkl,inactive,1157,THR,N,1153,THR,O,2.938,bb-bb
4dkl,inactive,1157,THR,OG1,1153,THR,O,2.606,bb-sc
4dkl,inactive,1158,GLY,N,1154,THR,O,2.998,bb-bb
4dkl,inactive,1157,THR,OG1,1159,THR,O,3.152,bb-sc
4dkl,inactive,1157,THR,OG1,1159,THR,OG1,3.065,sc-sc
4dkl,inactive,1159,THR,N,1157,THR,O,3.425,bb-bb
4dkl,inactive,1159,THR,N,1157,THR,OG1,3.037,bb-sc
4dkl,inactive,1159,THR,OG1,1157,THR,OG1,3.065,sc-sc
4dkl,inactive,1161,ASP,N,1159,THR,O,3.399,bb-bb
4dkl,inactive,1162,ALA,N,1160,TRP,O,2.89,bb-bb
4dkl,inactive,1163,TYR,N,1160,TRP,O,2.81,bb-bb
4dkl,inactive,272,GLU,N,1160,TRP,O,3.399,bb-bb
4dkl,inactive,1163,TYR,N,1161,ASP,O,3.415,bb-bb
4dkl,inactive,272,GLU,N,1163,TYR,O,2.257,bb-bb
4dkl,inactive,273,LYS,N,1163,TYR,O,3.388,bb-bb
4dkl,inactive,276,ASN,N,274,ASP,O,3.334,bb-bb
4dkl,inactive,277,LEU,N,275,ARG,O,3.406,bb-bb
4dkl,inactive,278,ARG,N,275,ARG,O,3.207,bb-bb
4dkl,inactive,279,ARG,N,275,ARG,O,2.939,bb-bb
4dkl,inactive,278,ARG,N,276,ASN,O,3.424,bb-bb
4dkl,inactive,279,ARG,N,276,ASN,O,3.23,bb-bb
4dkl,inactive,280,ILE,N,276,ASN,O,2.912,bb-bb
4dkl,inactive,279,ARG,N,277,LEU,O,3.44,bb-bb
4dkl,inactive,280,ILE,N,277,LEU,O,3.483,bb-bb
4dkl,inactive,281,THR,N,277,LEU,O,2.911,bb-bb
4dkl,inactive,281,THR,OG1,277,LEU,O,2.76,bb-sc
4dkl,inactive,282,ARG,N,278,ARG,O,2.923,bb-bb
4dkl,inactive,281,THR,N,279,ARG,O,3.5,bb-bb
4dkl,inactive,282,ARG,N,279,ARG,O,3.299,bb-bb
4dkl,inactive,283,MET,N,279,ARG,O,2.933,bb-bb
4dkl,inactive,282,ARG,N,280,ILE,O,3.454,bb-bb
4dkl,inactive,283,MET,N,280,ILE,O,3.168,bb-bb
4dkl,inactive,284,VAL,N,280,ILE,O,2.921,bb-bb
4dkl,inactive,283,MET,N,281,THR,O,3.405,bb-bb
4dkl,inactive,284,VAL,N,281,THR,O,3.424,bb-bb
4dkl,inactive,285,LEU,N,281,THR,O,2.918,bb-bb
4dkl,inactive,285,LEU,N,282,ARG,O,3.338,bb-bb
4dkl,inactive,286,VAL,N,282,ARG,O,2.935,bb-bb
4dkl,inactive,285,LEU,N,283,MET,O,3.336,bb-bb
4dkl,inactive,286,VAL,N,283,MET,O,3.169,bb-bb
4dkl,inactive,287,VAL,N,283,MET,O,2.94,bb-bb
4dkl,inactive,286,VAL,N,284,VAL,O,3.427,bb-bb
4dkl,inactive,287,VAL,N,284,VAL,O,3.273,bb-bb
4dkl,inactive,288,VAL,N,284,VAL,O,2.909,bb-bb
4dkl,inactive,287,VAL,N,285,LEU,O,3.439,bb-bb
4dkl,inactive,288,VAL,N,285,LEU,O,3.225,bb-bb
4dkl,inactive,289,ALA,N,285,LEU,O,2.922,bb-bb
4dkl,inactive,288,VAL,N,286,VAL,O,3.411,bb-bb
4dkl,inactive,289,ALA,N,286,VAL,O,3.207,bb-bb
4dkl,inactive,290,VAL,N,286,VAL,O,2.94,bb-bb
4dkl,inactive,289,ALA,N,287,VAL,O,3.419,bb-bb
4dkl,inactive,290,VAL,N,287,VAL,O,3.277,bb-bb
4dkl,inactive,291,PHE,N,287,VAL,O,2.916,bb-bb
4dkl,inactive,290,VAL,N,288,VAL,O,3.455,bb-bb
4dkl,inactive,291,PHE,N,288,VAL,O,3.227,bb-bb
4dkl,inactive,292,ILE,N,288,VAL,O,2.906,bb-bb
4dkl,inactive,291,PHE,N,289,ALA,O,3.41,bb-bb
4dkl,inactive,292,ILE,N,289,ALA,O,3.201,bb-bb
4dkl,inactive,293,VAL,N,289,ALA,O,2.944,bb-bb
4dkl,inactive,292,ILE,N,290,VAL,O,3.41,bb-bb
4dkl,inactive,293,VAL,N,290,VAL,O,3.24,bb-bb
4dkl,inactive,294,CYS,N,290,VAL,O,2.94,bb-bb
4dkl,inactive,293,VAL,N,291,PHE,O,3.421,bb-bb
4dkl,inactive,294,CYS,N,291,PHE,O,3.083,bb-bb
4dkl,inactive,295,TRP,N,291,PHE,O,2.866,bb-bb
4dkl,inactive,294,CYS,N,292,ILE,O,3.249,bb-bb
4dkl,inactive,295,TRP,N,292,ILE,O,3.349,bb-bb
4dkl,inactive,296,THR,N,292,ILE,O,2.936,bb-bb
4dkl,inactive,296,THR,OG1,292,ILE,O,2.664,bb-sc
4dkl,inactive,299,HIS,N,295,TRP,O,3.164,bb-bb
4dkl,inactive,298,ILE,N,296,THR,O,3.233,bb-bb
4dkl,inactive,299,HIS,N,296,THR,O,3.317,bb-bb
4dkl,inactive,300,ILE,N,296,THR,O,3.063,bb-bb
4dkl,inactive,301,TYR,N,297,PRO,O,2.956,bb-bb
4dkl,inactive,300,ILE,N,298,ILE,O,3.283,bb-bb
4dkl,inactive,301,TYR,N,298,ILE,O,3.313,bb-bb
4dkl,inactive,302,VAL,N,298,ILE,O,3.063,bb-bb
4dkl,inactive,302,VAL,N,300,ILE,O,3.231,bb-bb
4dkl,inactive,303,ILE,N,300,ILE,O,3.19,bb-bb
4dkl,inactive,304,ILE,N,300,ILE,O,2.997,bb-bb
4dkl,inactive,304,ILE,N,301,TYR,O,3.37,bb-bb
4dkl,inactive,305,LYS,N,301,TYR,O,3.005,bb-bb
4dkl,inactive,301,TYR,OH,316,GLN,O,3.184,bb-sc
4dkl,inactive,301,TYR,OH,319,SER,OG,2.913,sc-sc
4dkl,inactive,319,SER,OG,301,TYR,OH,2.913,sc-sc
4dkl,inactive,304,ILE,N,302,VAL,O,3.373,bb-bb
4dkl,inactive,305,LYS,N,302,VAL,O,3.32,bb-bb
4dkl,inactive,306,ALA,N,302,VAL,O,2.973,bb-bb
4dkl,inactive,306,ALA,N,303,ILE,O,3.224,bb-bb
4dkl,inactive,307,LEU,N,303,ILE,O,3.389,bb-bb
4dkl,inactive,306,ALA,N,304,ILE,O,3.263,bb-bb
4dkl,inactive,307,LEU,N,304,ILE,O,3.146,bb-bb
4dkl,inactive,308,ILE,N,304,ILE,O,2.988,bb-bb
4dkl,inactive,307,LEU,N,305,LYS,O,3.183,bb-bb
4dkl,inactive,312,GLU,N,310,ILE,O,2.921,bb-bb
4dkl,inactive,313,THR,N,311,PRO,O,3.006,bb-bb
4dkl,inactive,315,PHE,N,313,THR,O,3.324,bb-bb
4dkl,inactive,316,GLN,N,313,THR,O,3.206,bb-bb
4dkl,inactive,316,GLN,N,313,THR,OG1,3.422,bb-sc
4dkl,inactive,316,GLN,N,314,THR,O,3.286,bb-bb
4dkl,inactive,317,THR,N,314,THR,O,3.275,bb-bb
4dkl,inactive,317,THR,OG1,314,THR,O,2.798,bb-sc
4dkl,inactive,318,VAL,N,314,THR,O,2.893,bb-bb
4dkl,inactive,318,VAL,N,315,PHE,O,3.441,bb-bb
4dkl,inactive,319,SER,N,315,PHE,O,2.9,bb-bb
4dkl,inactive,319,SER,OG,315,PHE,O,2.933,bb-sc
4dkl,inactive,319,SER,N,316,GLN,O,3.5,bb-bb
4dkl,inactive,319,SER,OG,316,GLN,O,2.719,bb-sc
4dkl,inactive,320,TRP,N,316,GLN,O,2.915,bb-bb
4dkl,inactive,320,TRP,N,317,THR,O,3.376,bb-bb
4dkl,inactive,321,HIS,N,317,THR,O,2.92,bb-bb
4dkl,inactive,320,TRP,N,318,VAL,O,3.373,bb-bb
4dkl,inactive,322,PHE,N,318,VAL,O,2.89,bb-bb
4dkl,inactive,322,PHE,N,319,SER,O,3.334,bb-bb
4dkl,inactive,323,CYS,N,319,SER,O,2.917,bb-bb
4dkl,inactive,322,PHE,N,320,TRP,O,3.197,bb-bb
4dkl,inactive,323,CYS,N,320,TRP,O,3.013,bb-bb
4dkl,inactive,324,ILE,N,320,TRP,O,2.972,bb-bb
4dkl,inactive,325,ALA,N,321,HIS,O,2.888,bb-bb
4dkl,inactive,325,ALA,N,322,PHE,O,3.27,bb-bb
4dkl,inactive,326,LEU,N,322,PHE,O,2.931,bb-bb
4dkl,inactive,325,ALA,N,323,CYS,O,3.333,bb-bb
4dkl,inactive,326,LEU,N,323,CYS,O,3.453,bb-bb
4dkl,inactive,327,GLY,N,323,CYS,O,2.955,bb-bb
4dkl,inactive,327,GLY,N,324,ILE,O,3.195,bb-bb
4dkl,inactive,328,TYR,N,324,ILE,O,2.967,bb-bb
4dkl,inactive,327,GLY,N,325,ALA,O,3.231,bb-bb
4dkl,inactive,328,TYR,N,325,ALA,O,2.782,bb-bb
4dkl,inactive,329,THR,N,325,ALA,O,2.851,bb-bb
4dkl,inactive,329,THR,OG1,325,ALA,O,2.739,bb-sc
4dkl,inactive,328,TYR,N,326,LEU,O,3.237,bb-bb
4dkl,inactive,329,THR,N,326,LEU,O,2.839,bb-bb
4dkl,inactive,330,ASN,N,326,LEU,O,3.009,bb-bb
4dkl,inactive,330,ASN,N,328,TYR,O,3.418,bb-bb
4dkl,inactive,331,SER,N,328,TYR,O,3.256,bb-bb
4dkl,inactive,331,SER,N,329,THR,O,3.159,bb-bb
4dkl,inactive,332,CYS,N,329,THR,O,3.042,bb-bb
4dkl,inactive,333,LEU,N,329,THR,O,2.949,bb-bb
4dkl,inactive,332,CYS,N,330,ASN,O,3.224,bb-bb
4dkl,inactive,333,LEU,N,330,ASN,O,2.953,bb-bb
4dkl,inactive,334,ASN,N,330,ASN,O,2.973,bb-bb
4dkl,inactive,336,VAL,N,333,LEU,O,3.425,bb-bb
4dkl,inactive,337,LEU,N,333,LEU,O,3.312,bb-bb
4dkl,inactive,336,VAL,N,334,ASN,O,3.265,bb-bb
4dkl,inactive,337,LEU,N,334,ASN,O,2.927,bb-bb
4dkl,inactive,334,ASN,ND2,338,TYR,OH,3.147,sc-sc
4dkl,inactive,338,TYR,N,334,ASN,O,3.113,bb-bb
4dkl,inactive,337,LEU,N,335,PRO,O,3.307,bb-bb
4dkl,inactive,338,TYR,N,335,PRO,O,3.104,bb-bb
4dkl,inactive,339,ALA,N,335,PRO,O,3.234,bb-bb
4dkl,inactive,339,ALA,N,336,VAL,O,3.292,bb-bb
4dkl,inactive,340,PHE,N,336,VAL,O,3.498,bb-bb
4dkl,inactive,339,ALA,N,337,LEU,O,3.205,bb-bb
4dkl,inactive,340,PHE,N,337,LEU,O,3.147,bb-bb
4dkl,inactive,341,LEU,N,337,LEU,O,3.018,bb-bb
4dkl,inactive,342,ASP,N,338,TYR,O,3.254,bb-bb
4dkl,inactive,342,ASP,N,340,PHE,O,3.487,bb-bb
4dkl,inactive,344,ASN,N,342,ASP,OD1,3.382,bb-sc
4dkl,inactive,345,PHE,N,342,ASP,OD1,3.185,bb-sc
4dkl,inactive,346,LYS,N,342,ASP,O,3.132,bb-bb
4dkl,inactive,345,PHE,N,343,GLU,O,3.403,bb-bb
4dkl,inactive,346,LYS,NZ,343,GLU,OE1,3.484,sc-sc
4dkl,inactive,346,LYS,NZ,343,GLU,OE2,2.87,sc-sc
4dkl,inactive,347,ARG,N,343,GLU,O,2.911,bb-bb
4dkl,inactive,347,ARG,N,344,ASN,O,3.366,bb-bb
4dkl,inactive,348,CYS,N,344,ASN,O,2.92,bb-bb
4dkl,inactive,347,ARG,N,345,PHE,O,3.296,bb-bb
4dkl,inactive,348,CYS,N,345,PHE,O,3.204,bb-bb
4dkl,inactive,349,PHE,N,345,PHE,O,2.898,bb-bb
4dkl,inactive,349,PHE,N,346,LYS,O,3.474,bb-bb
4dkl,inactive,350,ARG,N,346,LYS,O,2.907,bb-bb
4dkl,inactive,349,PHE,N,347,ARG,O,3.488,bb-bb
4dkl,inactive,350,ARG,N,347,ARG,O,3.291,bb-bb
4dkl,inactive,351,GLU,N,347,ARG,O,2.895,bb-bb
4dkl,inactive,350,ARG,N,348,CYS,O,3.417,bb-bb
4dkl,inactive,351,GLU,N,348,CYS,O,3.143,bb-bb
4dkl,inactive,352,PHE,N,348,CYS,O,2.922,bb-bb
4dkl,inactive,352,PHE,N,349,PHE,O,3.271,bb-bb
4dkl,inactive,353,CYS,N,349,PHE,O,2.916,bb-bb
4dkl,inactive,352,PHE,N,350,ARG,O,3.325,bb-bb
4dkl,inactive,353,CYS,N,350,ARG,O,3.062,bb-bb
4dkl,inactive,354,ILE,N,350,ARG,O,2.613,bb-bb
5c1m,active,220,THR,OG1,54,GLY,O,3.393,bb-sc
5c1m,active,55,SER,OG,58,LEU,O,2.528,bb-sc
5c1m,active,56,HIS,N,218,ASP,OD2,3.368,bb-sc
5c1m,active,129,ASN,ND2,57,SER,O,3.407,bb-sc
5c1m,active,57,SER,N,218,ASP,OD1,3.259,bb-sc
5c1m,active,57,SER,OG,218,ASP,OD1,2.878,sc-sc
5c1m,active,57,SER,OG,219,CYS,O,3.176,bb-sc
5c1m,active,219,CYS,N,57,SER,OG,3.296,bb-sc
5c1m,active,58,LEU,N,218,ASP,OD1,2.956,bb-sc
5c1m,active,63,GLY,N,61,GLN,O,3.268,bb-bb
5c1m,active,61,GLN,NE2,317,THR,OG1,2.945,sc-sc
5c1m,active,317,THR,OG1,61,GLN,OE1,2.405,sc-sc
5c1m,active,317,THR,OG1,61,GLN,NE2,2.945,sc-sc
5c1m,active,66,SER,N,69,THR,OG1,3.266,bb-sc
5c1m,active,66,SER,OG,69,THR,OG1,2.888,sc-sc
5c1m,active,69,THR,OG1,66,SER,O,3.255,bb-sc
5c1m,active,69,THR,OG1,66,SER,OG,2.888,sc-sc
5c1m,active,70,ALA,N,66,SER,O,3.345,bb-bb
5c1m,active,69,THR,N,67,MET,O,3.294,bb-bb
5c1m,active,70,ALA,N,67,MET,O,3.446,bb-bb
5c1m,active,71,ILE,N,67,MET,O,3.193,bb-bb
5c1m,active,72,THR,N,68,VAL,O,3.043,bb-bb
5c1m,active,72,THR,OG1,68,VAL,O,2.571,bb-sc
5c1m,active,71,ILE,N,69,THR,O,3.418,bb-bb
5c1m,active,72,THR,N,69,THR,O,3.183,bb-bb
5c1m,active,73,ILE,N,69,THR,O,2.917,bb-bb
5c1m,active,74,MET,N,70,ALA,O,2.938,bb-bb
5c1m,active,74,MET,N,71,ILE,O,3.209,bb-bb
5c1m,active,75,ALA,N,71,ILE,O,2.72,bb-bb
5c1m,active,74,MET,N,72,THR,O,3.325,bb-bb
5c1m,active,75,ALA,N,72,THR,O,3.267,bb-bb
5c1m,active,76,LEU,N,72,THR,O,2.787,bb-bb
5c1m,active,76,LEU,N,73,ILE,O,3.275,bb-bb
5c1m,active,77,TYR,N,73,ILE,O,3.087,bb-bb
5c1m,active,76,LEU,N,74,MET,O,3.276,bb-bb
5c1m,active,77,TYR,N,74,MET,O,3.36,bb-bb
5c1m,active,78,SER,N,74,MET,O,3.001,bb-bb
5c1m,active,78,SER,OG,74,MET,O,3.013,bb-sc
5c1m,active,78,SER,N,75,ALA,O,3.486,bb-bb
5c1m,active,79,ILE,N,75,ALA,O,2.911,bb-bb
5c1m,active,78,SER,N,76,LEU,O,3.319,bb-bb
5c1m,active,79,ILE,N,76,LEU,O,3.417,bb-bb
5c1m,active,80,VAL,N,76,LEU,O,3.094,bb-bb
5c1m,active,81,CYS,N,77,TYR,O,3.061,bb-bb
5c1m,active,77,TYR,OH,321,HIS,ND1,2.785,sc-sc
5c1m,active,321,HIS,ND1,77,TYR,OH,2.785,sc-sc
5c1m,active,81,CYS,N,78,SER,O,3.382,bb-bb
5c1m,active,82,VAL,N,78,SER,O,2.948,bb-bb
5c1m,active,81,CYS,N,79,ILE,O,3.343,bb-bb
5c1m,active,82,VAL,N,79,ILE,O,3.31,bb-bb
5c1m,active,83,VAL,N,79,ILE,O,2.863,bb-bb
5c1m,active,84,GLY,N,80,VAL,O,2.857,bb-bb
5c1m,active,84,GLY,N,81,CYS,O,3.353,bb-bb
5c1m,active,85,LEU,N,81,CYS,O,2.857,bb-bb
5c1m,active,84,GLY,N,82,VAL,O,3.457,bb-bb
5c1m,active,85,LEU,N,82,VAL,O,3.451,bb-bb
5c1m,active,86,PHE,N,82,VAL,O,2.927,bb-bb
5c1m,active,87,GLY,N,83,VAL,O,2.979,bb-bb
5c1m,active,88,ASN,N,84,GLY,O,3.203,bb-bb
5c1m,active,88,ASN,ND2,84,GLY,O,2.706,bb-sc
5c1m,active,84,GLY,N,332,CYS,SG,3.421,bb-sc
5c1m,active,89,PHE,N,85,LEU,O,2.974,bb-bb
5c1m,active,88,ASN,N,86,PHE,O,3.377,bb-bb
5c1m,active,90,LEU,N,86,PHE,O,2.971,bb-bb
5c1m,active,91,VAL,N,87,GLY,O,3.21,bb-bb
5c1m,active,90,LEU,N,88,ASN,O,3.455,bb-bb
5c1m,active,91,VAL,N,88,ASN,O,3.312,bb-bb
5c1m,active,92,MET,N,88,ASN,O,2.99,bb-bb
5c1m,active,88,ASN,ND2,331,SER,O,3.029,bb-sc
5c1m,active,92,MET,N,89,PHE,O,3.42,bb-bb
5c1m,active,93,TYR,N,89,PHE,O,2.842,bb-bb
5c1m,active,93,TYR,N,90,LEU,O,3.336,bb-bb
5c1m,active,94,VAL,N,90,LEU,O,2.959,bb-bb
5c1m,active,93,TYR,N,91,VAL,O,3.365,bb-bb
5c1m,active,94,VAL,N,91,VAL,O,3.318,bb-bb
5c1m,active,95,ILE,N,91,VAL,O,2.967,bb-bb
5c1m,active,95,ILE,N,92,MET,O,3.491,bb-bb
5c1m,active,96,VAL,N,92,MET,O,2.946,bb-bb
5c1m,active,95,ILE,N,93,TYR,O,3.297,bb-bb
5c1m,active,96,VAL,N,93,TYR,O,3.253,bb-bb
5c1m,active,97,ARG,N,93,TYR,O,2.758,bb-bb
5c1m,active,98,TYR,N,94,VAL,O,2.84,bb-bb
5c1m,active,99,THR,N,94,VAL,O,3.239,bb-bb
5c1m,active,97,ARG,N,95,ILE,O,3.431,bb-bb
5c1m,active,99,THR,N,95,ILE,O,3.498,bb-bb
5c1m,active,99,THR,OG1,95,ILE,O,3.329,bb-sc
5c1m,active,100,LYS,N,95,ILE,O,2.749,bb-bb
5c1m,active,100,LYS,NZ,97,ARG,O,2.66,bb-sc
5c1m,active,100,LYS,N,98,TYR,O,3.47,bb-bb
5c1m,active,101,MET,N,99,THR,O,3.306,bb-bb
5c1m,active,106,ASN,ND2,99,THR,OG1,3.498,sc-sc
5c1m,active,102,LYS,N,100,LYS,O,3.386,bb-bb
5c1m,active,105,THR,N,103,THR,O,3.332,bb-bb
5c1m,active,106,ASN,N,103,THR,O,3.357,bb-bb
5c1m,active,106,ASN,N,103,THR,OG1,3.379,bb-sc
5c1m,active,106,ASN,ND2,103,THR,OG1,3.403,sc-sc
5c1m,active,107,ILE,N,103,THR,O,3.06,bb-bb
5c1m,active,106,ASN,N,104,ALA,O,3.483,bb-bb
5c1m,active,107,ILE,N,104,ALA,O,3.224,bb-bb
5c1m,active,108,TYR,N,104,ALA,O,3.01,bb-bb
5c1m,active,107,ILE,N,105,THR,O,3.39,bb-bb
5c1m,active,108,TYR,N,105,THR,O,3.198,bb-bb
5c1m,active,109,ILE,N,105,THR,O,2.89,bb-bb
5c1m,active,109,ILE,N,106,ASN,O,3.412,bb-bb
5c1m,active,110,PHE,N,106,ASN,O,2.928,bb-bb
5c1m,active,111,ASN,N,107,ILE,O,3.172,bb-bb
5c1m,active,110,PHE,N,108,TYR,O,3.467,bb-bb
5c1m,active,111,ASN,N,108,TYR,O,3.306,bb-bb
5c1m,active,112,LEU,N,108,TYR,O,2.913,bb-bb
5c1m,active,111,ASN,N,109,ILE,O,3.459,bb-bb
5c1m,active,112,LEU,N,109,ILE,O,3.196,bb-bb
5c1m,active,113,ALA,N,109,ILE,O,2.882,bb-bb
5c1m,active,112,LEU,N,110,PHE,O,3.333,bb-bb
5c1m,active,113,ALA,N,110,PHE,O,3.255,bb-bb
5c1m,active,114,LEU,N,110,PHE,O,2.881,bb-bb
5c1m,active,115,ALA,N,111,ASN,O,3.165,bb-bb
5c1m,active,111,ASN,ND2,159,THR,OG1,2.929,sc-sc
5c1m,active,114,LEU,N,112,LEU,O,3.45,bb-bb
5c1m,active,115,ALA,N,112,LEU,O,3.34,bb-bb
5c1m,active,116,ASP,N,112,LEU,O,2.885,bb-bb
5c1m,active,116,ASP,N,113,ALA,O,3.344,bb-bb
5c1m,active,117,ALA,N,113,ALA,O,2.85,bb-bb
5c1m,active,116,ASP,N,114,LEU,O,3.472,bb-bb
5c1m,active,117,ALA,N,114,LEU,O,3.378,bb-bb
5c1m,active,118,LEU,N,114,LEU,O,3.017,bb-bb
5c1m,active,117,ALA,N,115,ALA,O,3.479,bb-bb
5c1m,active,118,LEU,N,115,ALA,O,3.334,bb-bb
5c1m,active,119,ALA,N,115,ALA,O,2.904,bb-bb
5c1m,active,119,ALA,N,116,ASP,O,3.464,bb-bb
5c1m,active,120,THR,N,116,ASP,O,3.201,bb-bb
5c1m,active,120,THR,OG1,116,ASP,O,3.175,bb-sc
5c1m,active,156,SER,OG,116,ASP,OD1,2.66,sc-sc
5c1m,active,331,SER,OG,116,ASP,OD1,2.961,sc-sc
5c1m,active,334,ASN,ND2,116,ASP,OD2,3.258,sc-sc
5c1m,active,119,ALA,N,117,ALA,O,3.463,bb-bb
5c1m,active,120,THR,N,117,ALA,O,3.451,bb-bb
5c1m,active,120,THR,OG1,117,ALA,O,3.108,bb-sc
5c1m,active,121,SER,N,117,ALA,O,3.019,bb-bb
5c1m,active,121,SER,N,118,LEU,O,3.188,bb-bb
5c1m,active,121,SER,OG,118,LEU,O,2.478,bb-sc
5c1m,active,121,SER,N,119,ALA,O,3.307,bb-bb
5c1m,active,122,THR,N,119,ALA,O,3.299,bb-bb
5c1m,active,122,THR,OG1,119,ALA,O,2.924,bb-sc
5c1m,active,122,THR,N,120,THR,O,3.232,bb-bb
5c1m,active,123,LEU,N,120,THR,O,3.148,bb-bb
5c1m,active,124,PRO,N,122,THR,O,3.422,bb-bb
5c1m,active,125,PHE,N,122,THR,O,3.116,bb-bb
5c1m,active,122,THR,OG1,126,GLN,NE2,3.201,sc-sc
5c1m,active,126,GLN,N,122,THR,O,3.144,bb-bb
5c1m,active,126,GLN,NE2,122,THR,OG1,3.201,sc-sc
5c1m,active,122,THR,OG1,149,ASP,OD1,3.26,sc-sc
5c1m,active,125,PHE,N,123,LEU,O,3.271,bb-bb
5c1m,active,126,GLN,N,123,LEU,O,3.046,bb-bb
5c1m,active,127,SER,N,123,LEU,O,2.781,bb-bb
5c1m,active,127,SER,OG,123,LEU,O,3.281,bb-sc
5c1m,active,127,SER,OG,124,PRO,O,2.639,bb-sc
5c1m,active,128,VAL,N,124,PRO,O,3.204,bb-bb
5c1m,active,127,SER,N,125,PHE,O,3.464,bb-bb
5c1m,active,129,ASN,N,125,PHE,O,2.932,bb-bb
5c1m,active,129,ASN,N,126,GLN,O,3.378,bb-bb
5c1m,active,130,TYR,N,126,GLN,O,2.989,bb-bb
5c1m,active,126,GLN,NE2,328,TYR,OH,2.845,sc-sc
5c1m,active,328,TYR,OH,126,GLN,NE2,2.845,sc-sc
5c1m,active,129,ASN,N,127,SER,O,3.233,bb-bb
5c1m,active,130,TYR,N,127,SER,O,2.78,bb-bb
5c1m,active,131,LEU,N,127,SER,O,2.853,bb-bb
5c1m,active,130,TYR,N,128,VAL,O,3.194,bb-bb
5c1m,active,131,LEU,N,128,VAL,O,3.238,bb-bb
5c1m,active,132,MET,N,128,VAL,O,3.083,bb-bb
5c1m,active,133,GLY,N,129,ASN,O,3.259,bb-bb
5c1m,active,134,THR,N,129,ASN,O,3.24,bb-bb
5c1m,active,135,TRP,N,129,ASN,OD1,3.264,bb-sc
5c1m,active,133,GLY,N,130,TYR,O,3.214,bb-bb
5c1m,active,133,GLY,N,131,LEU,O,3.178,bb-bb
5c1m,active,134,THR,N,132,MET,O,3.271,bb-bb
5c1m,active,135,TRP,NE1,138,GLY,O,2.99,bb-sc
5c1m,active,135,TRP,N,217,ILE,O,2.983,bb-bb
5c1m,active,142,CYS,N,138,GLY,O,3.185,bb-bb
5c1m,active,142,CYS,N,139,ASN,O,3.328,bb-bb
5c1m,active,143,LYS,N,139,ASN,O,3.137,bb-bb
5c1m,active,209,THR,OG1,139,ASN,OD1,2.917,sc-sc
5c1m,active,210,THR,N,139,ASN,OD1,3.097,bb-sc
5c1m,active,142,CYS,N,140,ILE,O,3.395,bb-bb
5c1m,active,143,LYS,N,140,ILE,O,3.257,bb-bb
5c1m,active,144,ILE,N,140,ILE,O,3.028,bb-bb
5c1m,active,144,ILE,N,141,LEU,O,3.303,bb-bb
5c1m,active,145,VAL,N,141,LEU,O,2.862,bb-bb
5c1m,active,144,ILE,N,142,CYS,O,3.47,bb-bb
5c1m,active,146,ILE,N,142,CYS,O,3.11,bb-bb
5c1m,active,147,SER,N,143,LYS,O,3.053,bb-bb
5c1m,active,143,LYS,NZ,205,MET,O,2.793,bb-sc
5c1m,active,143,LYS,NZ,206,PHE,O,2.992,bb-sc
5c1m,active,143,LYS,NZ,208,ALA,O,2.585,bb-sc
5c1m,active,147,SER,N,144,ILE,O,3.435,bb-bb
5c1m,active,148,ILE,N,144,ILE,O,2.914,bb-bb
5c1m,active,147,SER,N,145,VAL,O,3.473,bb-bb
5c1m,active,148,ILE,N,145,VAL,O,3.438,bb-bb
5c1m,active,149,ASP,N,145,VAL,O,2.837,bb-bb
5c1m,active,149,ASP,N,146,ILE,O,3.167,bb-bb
5c1m,active,150,TYR,N,146,ILE,O,2.934,bb-bb
5c1m,active,149,ASP,N,147,SER,O,3.317,bb-bb
5c1m,active,150,TYR,N,147,SER,O,3.372,bb-bb
5c1m,active,151,TYR,N,147,SER,O,2.803,bb-bb
5c1m,active,147,SER,OG,201,GLY,O,2.817,bb-sc
5c1m,active,151,TYR,N,148,ILE,O,3.455,bb-bb
5c1m,active,152,ASN,N,148,ILE,O,3.028,bb-bb
5c1m,active,152,ASN,ND2,148,ILE,O,2.763,bb-sc
5c1m,active,153,MET,N,149,ASP,O,3.103,bb-bb
5c1m,active,328,TYR,OH,149,ASP,OD1,2.617,sc-sc
5c1m,active,328,TYR,OH,149,ASP,OD2,2.919,sc-sc
5c1m,active,152,ASN,N,150,TYR,O,3.273,bb-bb
5c1m,active,153,MET,N,150,TYR,O,3.443,bb-bb
5c1m,active,154,PHE,N,150,TYR,O,3.25,bb-bb
5c1m,active,154,PHE,N,151,TYR,O,3.492,bb-bb
5c1m,active,155,THR,N,151,TYR,O,2.91,bb-bb
5c1m,active,155,THR,OG1,151,TYR,O,2.82,bb-sc
5c1m,active,151,TYR,OH,198,SER,OG,2.635,sc-sc
5c1m,active,198,SER,OG,151,TYR,OH,2.635,sc-sc
5c1m,active,156,SER,N,152,ASN,O,2.975,bb-bb
5c1m,active,157,ILE,N,153,MET,O,3.061,bb-bb
5c1m,active,156,SER,N,154,PHE,O,3.477,bb-bb
5c1m,active,157,ILE,N,154,PHE,O,3.303,bb-bb
5c1m,active,158,PHE,N,154,PHE,O,2.678,bb-bb
5c1m,active,159,THR,N,155,THR,O,3.017,bb-bb
5c1m,active,159,THR,OG1,155,THR,O,2.611,bb-sc
5c1m,active,159,THR,N,156,SER,O,3.347,bb-bb
5c1m,active,160,LEU,N,156,SER,O,3.151,bb-bb
5c1m,active,159,THR,N,157,ILE,O,3.362,bb-bb
5c1m,active,160,LEU,N,157,ILE,O,3.36,bb-bb
5c1m,active,161,CYS,N,157,ILE,O,3.023,bb-bb
5c1m,active,161,CYS,N,158,PHE,O,3.451,bb-bb
5c1m,active,162,THR,N,158,PHE,O,2.942,bb-bb
5c1m,active,162,THR,OG1,158,PHE,O,2.801,bb-sc
5c1m,active,161,CYS,N,159,THR,O,3.449,bb-bb
5c1m,active,162,THR,N,159,THR,O,3.094,bb-bb
5c1m,active,163,MET,N,159,THR,O,2.937,bb-bb
5c1m,active,163,MET,N,160,LEU,O,3.492,bb-bb
5c1m,active,164,SER,N,160,LEU,O,3.206,bb-bb
5c1m,active,163,MET,N,161,CYS,O,3.41,bb-bb
5c1m,active,164,SER,N,161,CYS,O,3.062,bb-bb
5c1m,active,165,VAL,N,161,CYS,O,2.911,bb-bb
5c1m,active,164,SER,N,162,THR,O,3.356,bb-bb
5c1m,active,165,VAL,N,162,THR,O,3.285,bb-bb
5c1m,active,166,ASP,N,162,THR,O,2.741,bb-bb
5c1m,active,193,ASN,ND2,162,THR,OG1,3.015,sc-sc
5c1m,active,167,ARG,N,163,MET,O,3.15,bb-bb
5c1m,active,166,ASP,N,164,SER,O,3.41,bb-bb
5c1m,active,167,ARG,N,164,SER,O,3.291,bb-bb
5c1m,active,168,TYR,N,164,SER,O,2.928,bb-bb
5c1m,active,167,ARG,N,165,VAL,O,3.395,bb-bb
5c1m,active,168,TYR,N,165,VAL,O,3.231,bb-bb
5c1m,active,169,ILE,N,165,VAL,O,2.84,bb-bb
5c1m,active,169,ILE,N,166,ASP,O,3.445,bb-bb
5c1m,active,170,ALA,N,166,ASP,O,3.061,bb-bb
5c1m,active,181,ARG,NE,166,ASP,OD1,2.876,sc-sc
5c1m,active,181,ARG,NE,166,ASP,OD2,3.33,sc-sc
5c1m,active,181,ARG,NH2,166,ASP,OD2,2.89,sc-sc
5c1m,active,169,ILE,N,167,ARG,O,3.484,bb-bb
5c1m,active,170,ALA,N,167,ARG,O,3.301,bb-bb
5c1m,active,171,VAL,N,167,ARG,O,3.25,bb-bb
5c1m,active,167,ARG,NH1,254,TYR,OH,2.798,sc-sc
5c1m,active,170,ALA,N,168,TYR,O,3.423,bb-bb
5c1m,active,171,VAL,N,168,TYR,O,3.326,bb-bb
5c1m,active,172,CYS,N,168,TYR,O,2.821,bb-bb
5c1m,active,168,TYR,OH,173,HIS,NE2,3.045,sc-sc
5c1m,active,173,HIS,NE2,168,TYR,OH,3.045,sc-sc
5c1m,active,171,VAL,N,169,ILE,O,3.27,bb-bb
5c1m,active,173,HIS,N,169,ILE,O,2.881,bb-bb
5c1m,active,260,ARG,NH1,172,CYS,O,3.306,bb-sc
5c1m,active,175,VAL,N,173,HIS,O,3.153,bb-bb
5c1m,active,176,LYS,N,173,HIS,O,3.169,bb-bb
5c1m,active,177,ALA,N,173,HIS,O,2.815,bb-bb
5c1m,active,177,ALA,N,174,PRO,O,3.401,bb-bb
5c1m,active,177,ALA,N,175,VAL,O,3.282,bb-bb
5c1m,active,178,LEU,N,175,VAL,O,3.127,bb-bb
5c1m,active,178,LEU,N,176,LYS,O,3.163,bb-bb
5c1m,active,179,ASP,N,176,LYS,O,3.019,bb-bb
5c1m,active,180,PHE,N,176,LYS,O,3.032,bb-bb
5c1m,active,179,ASP,N,177,ALA,O,3.288,bb-bb
5c1m,active,180,PHE,N,177,ALA,O,3.35,bb-bb
5c1m,active,181,ARG,N,177,ALA,O,2.972,bb-bb
5c1m,active,185,ASN,ND2,179,ASP,O,2.585,bb-sc
5c1m,active,182,THR,N,180,PHE,O,3.025,bb-bb
5c1m,active,184,ARG,N,182,THR,O,3.297,bb-bb
5c1m,active,185,ASN,N,182,THR,O,3.251,bb-bb
5c1m,active,185,ASN,N,182,THR,OG1,3.079,bb-sc
5c1m,active,185,ASN,ND2,182,THR,OG1,3.422,sc-sc
5c1m,active,186,ALA,N,182,THR,O,3.038,bb-bb
5c1m,active,185,ASN,N,183,PRO,O,3.484,bb-bb
5c1m,active,186,ALA,N,183,PRO,O,3.332,bb-bb
5c1m,active,187,LYS,N,183,PRO,O,3.146,bb-bb
5c1m,active,186,ALA,N,184,ARG,O,3.494,bb-bb
5c1m,active,187,LYS,N,184,ARG,O,3.383,bb-bb
5c1m,active,188,ILE,N,184,ARG,O,3.106,bb-bb
5c1m,active,187,LYS,N,185,ASN,O,3.431,bb-bb
5c1m,active,188,ILE,N,185,ASN,O,3.225,bb-bb
5c1m,active,189,VAL,N,185,ASN,O,2.814,bb-bb
5c1m,active,189,VAL,N,186,ALA,O,3.421,bb-bb
5c1m,active,190,ASN,N,186,ALA,O,3.051,bb-bb
5c1m,active,190,ASN,ND2,186,ALA,O,3.459,bb-sc
5c1m,active,189,VAL,N,187,LYS,O,3.457,bb-bb
5c1m,active,190,ASN,N,187,LYS,O,3.375,bb-bb
5c1m,active,191,VAL,N,187,LYS,O,3.096,bb-bb
5c1m,active,190,ASN,N,188,ILE,O,3.445,bb-bb
5c1m,active,191,VAL,N,188,ILE,O,3.123,bb-bb
5c1m,active,192,CYS,N,188,ILE,O,2.91,bb-bb
5c1m,active,191,VAL,N,189,VAL,O,3.286,bb-bb
5c1m,active,192,CYS,N,189,VAL,O,3.205,bb-bb
5c1m,active,193,ASN,N,189,VAL,O,2.816,bb-bb
5c1m,active,194,TRP,N,190,ASN,O,2.973,bb-bb
5c1m,active,193,ASN,N,191,VAL,O,3.39,bb-bb
5c1m,active,194,TRP,N,191,VAL,O,3.091,bb-bb
5c1m,active,195,ILE,N,191,VAL,O,2.866,bb-bb
5c1m,active,194,TRP,N,192,CYS,O,3.398,bb-bb
5c1m,active,195,ILE,N,192,CYS,O,3.23,bb-bb
5c1m,active,196,LEU,N,192,CYS,O,2.949,bb-bb
5c1m,active,196,LEU,N,193,ASN,O,3.326,bb-bb
5c1m,active,197,SER,N,193,ASN,O,2.848,bb-bb
5c1m,active,197,SER,OG,193,ASN,O,2.963,bb-sc
5c1m,active,196,LEU,N,194,TRP,O,3.421,bb-bb
5c1m,active,197,SER,N,194,TRP,O,3.24,bb-bb
5c1m,active,198,SER,N,194,TRP,O,2.894,bb-bb
5c1m,active,198,SER,OG,194,TRP,O,2.82,bb-sc
5c1m,active,198,SER,N,195,ILE,O,3.117,bb-bb
5c1m,active,198,SER,N,196,LEU,O,3.225,bb-bb
5c1m,active,199,ALA,N,196,LEU,O,3.117,bb-bb
5c1m,active,199,ALA,N,197,SER,O,3.273,bb-bb
5c1m,active,200,ILE,N,197,SER,O,3.272,bb-bb
5c1m,active,201,GLY,N,197,SER,O,2.848,bb-bb
5c1m,active,200,ILE,N,198,SER,O,3.083,bb-bb
5c1m,active,201,GLY,N,198,SER,O,3.475,bb-bb
5c1m,active,202,LEU,N,198,SER,O,3.069,bb-bb
5c1m,active,202,LEU,N,200,ILE,O,3.321,bb-bb
5c1m,active,204,VAL,N,200,ILE,O,3.154,bb-bb
5c1m,active,204,VAL,N,202,LEU,O,3.293,bb-bb
5c1m,active,205,MET,N,202,LEU,O,3.057,bb-bb
5c1m,active,205,MET,N,203,PRO,O,3.27,bb-bb
5c1m,active,206,PHE,N,203,PRO,O,3.033,bb-bb
5c1m,active,207,MET,N,203,PRO,O,2.804,bb-bb
5c1m,active,206,PHE,N,204,VAL,O,3.399,bb-bb
5c1m,active,207,MET,N,204,VAL,O,3.34,bb-bb
5c1m,active,208,ALA,N,204,VAL,O,2.756,bb-bb
5c1m,active,209,THR,N,207,MET,O,3.465,bb-bb
5c1m,active,222,THR,N,207,MET,O,2.975,bb-bb
5c1m,active,222,THR,OG1,207,MET,O,2.912,bb-sc
5c1m,active,209,THR,N,220,THR,O,2.937,bb-bb
5c1m,active,220,THR,N,209,THR,O,3.016,bb-bb
5c1m,active,211,LYS,N,218,ASP,O,3.285,bb-bb
5c1m,active,218,ASP,N,211,LYS,O,3.234,bb-bb
5c1m,active,215,GLY,N,213,ARG,O,3.467,bb-bb
5c1m,active,213,ARG,N,216,SER,O,2.779,bb-bb
5c1m,active,216,SER,N,213,ARG,O,3.218,bb-bb
5c1m,active,216,SER,OG,213,ARG,O,2.634,bb-sc
5c1m,active,216,SER,N,214,GLN,O,2.932,bb-bb
5c1m,active,220,THR,N,218,ASP,O,3.373,bb-bb
5c1m,active,227,THR,N,224,SER,O,3.265,bb-bb
5c1m,active,230,TRP,NE1,225,HIS,O,3.286,bb-sc
5c1m,active,228,TRP,N,226,PRO,O,3.276,bb-bb
5c1m,active,229,TYR,N,226,PRO,O,3.095,bb-bb
5c1m,active,230,TRP,N,226,PRO,O,3.361,bb-bb
5c1m,active,229,TYR,N,227,THR,O,3.167,bb-bb
5c1m,active,230,TRP,N,227,THR,O,3.419,bb-bb
5c1m,active,231,GLU,N,227,THR,O,2.908,bb-bb
5c1m,active,232,ASN,ND2,228,TRP,O,2.599,bb-sc
5c1m,active,231,GLU,N,229,TYR,O,3.361,bb-bb
5c1m,active,232,ASN,N,229,TYR,O,3.259,bb-bb
5c1m,active,233,LEU,N,229,TYR,O,2.893,bb-bb
5c1m,active,233,LEU,N,230,TRP,O,3.473,bb-bb
5c1m,active,234,LEU,N,230,TRP,O,3.054,bb-bb
5c1m,active,234,LEU,N,231,GLU,O,3.337,bb-bb
5c1m,active,235,LYS,N,231,GLU,O,3.158,bb-bb
5c1m,active,234,LEU,N,232,ASN,O,3.434,bb-bb
5c1m,active,235,LYS,N,232,ASN,O,3.293,bb-bb
5c1m,active,236,ILE,N,232,ASN,O,2.895,bb-bb
5c1m,active,235,LYS,N,233,LEU,O,3.488,bb-bb
5c1m,active,236,ILE,N,233,LEU,O,3.256,bb-bb
5c1m,active,237,CYS,N,233,LEU,O,2.813,bb-bb
5c1m,active,236,ILE,N,234,LEU,O,3.326,bb-bb
5c1m,active,237,CYS,N,234,LEU,O,3.215,bb-bb
5c1m,active,238,VAL,N,234,LEU,O,2.853,bb-bb
5c1m,active,238,VAL,N,235,LYS,O,3.45,bb-bb
5c1m,active,239,PHE,N,235,LYS,O,2.967,bb-bb
5c1m,active,238,VAL,N,236,ILE,O,3.425,bb-bb
5c1m,active,239,PHE,N,236,ILE,O,3.197,bb-bb
5c1m,active,240,ILE,N,236,ILE,O,3.0,bb-bb
5c1m,active,240,ILE,N,237,CYS,O,3.397,bb-bb
5c1m,active,241,PHE,N,237,CYS,O,2.923,bb-bb
5c1m,active,240,ILE,N,238,VAL,O,3.298,bb-bb
5c1m,active,242,ALA,N,238,VAL,O,2.868,bb-bb
5c1m,active,243,PHE,N,239,PHE,O,3.181,bb-bb
5c1m,active,244,ILE,N,239,PHE,O,3.042,bb-bb
5c1m,active,245,MET,N,240,ILE,O,2.77,bb-bb
5c1m,active,246,PRO,N,243,PHE,O,3.469,bb-bb
5c1m,active,247,VAL,N,243,PHE,O,2.947,bb-bb
5c1m,active,246,PRO,N,244,ILE,O,3.455,bb-bb
5c1m,active,247,VAL,N,244,ILE,O,3.304,bb-bb
5c1m,active,248,LEU,N,244,ILE,O,3.009,bb-bb
5c1m,active,247,VAL,N,245,MET,O,3.408,bb-bb
5c1m,active,248,LEU,N,245,MET,O,3.203,bb-bb
5c1m,active,249,ILE,N,245,MET,O,2.855,bb-bb
5c1m,active,248,LEU,N,246,PRO,O,3.417,bb-bb
5c1m,active,249,ILE,N,246,PRO,O,3.291,bb-bb
5c1m,active,250,ILE,N,246,PRO,O,3.023,bb-bb
5c1m,active,251,THR,N,247,VAL,O,3.125,bb-bb
5c1m,active,251,THR,OG1,247,VAL,O,2.613,bb-sc
5c1m,active,251,THR,OG1,248,LEU,O,3.251,bb-sc
5c1m,active,252,VAL,N,248,LEU,O,3.059,bb-bb
5c1m,active,253,CYS,N,249,ILE,O,2.899,bb-bb
5c1m,active,254,TYR,N,250,ILE,O,2.995,bb-bb
5c1m,active,255,GLY,N,251,THR,O,2.84,bb-bb
5c1m,active,255,GLY,N,252,VAL,O,3.405,bb-bb
5c1m,active,256,LEU,N,252,VAL,O,2.829,bb-bb
5c1m,active,255,GLY,N,253,CYS,O,3.484,bb-bb
5c1m,active,256,LEU,N,253,CYS,O,3.458,bb-bb
5c1m,active,257,MET,N,253,CYS,O,2.905,bb-bb
5c1m,active,257,MET,N,254,TYR,O,3.279,bb-bb
5c1m,active,258,ILE,N,254,TYR,O,2.93,bb-bb
5c1m,active,257,MET,N,255,GLY,O,3.411,bb-bb
5c1m,active,258,ILE,N,255,GLY,O,3.326,bb-bb
5c1m,active,259,LEU,N,255,GLY,O,2.958,bb-bb
5c1m,active,259,LEU,N,256,LEU,O,3.448,bb-bb
5c1m,active,260,ARG,N,256,LEU,O,3.053,bb-bb
5c1m,active,260,ARG,N,257,MET,O,3.383,bb-bb
5c1m,active,261,LEU,N,257,MET,O,3.076,bb-bb
5c1m,active,260,ARG,N,258,ILE,O,3.374,bb-bb
5c1m,active,261,LEU,N,258,ILE,O,3.157,bb-bb
5c1m,active,262,LYS,N,258,ILE,O,2.836,bb-bb
5c1m,active,262,LYS,N,259,LEU,O,3.374,bb-bb
5c1m,active,263,SER,N,259,LEU,O,3.234,bb-bb
5c1m,active,262,LYS,N,260,ARG,O,3.402,bb-bb
5c1m,active,263,SER,N,260,ARG,O,3.185,bb-bb
5c1m,active,263,SER,OG,260,ARG,O,2.625,bb-sc
5c1m,active,263,SER,N,261,LEU,O,3.474,bb-bb
5c1m,active,265,ARG,NH2,262,LYS,O,3.17,bb-sc
5c1m,active,273,LYS,NZ,262,LYS,O,3.056,bb-sc
5c1m,active,273,LYS,NZ,264,VAL,O,2.873,bb-sc
5c1m,active,268,SER,N,266,MET,O,2.56,bb-bb
5c1m,active,270,SER,N,268,SER,O,3.046,bb-bb
5c1m,active,271,LYS,N,269,GLY,O,3.297,bb-bb
5c1m,active,272,GLU,N,269,GLY,O,3.275,bb-bb
5c1m,active,273,LYS,N,269,GLY,O,3.274,bb-bb
5c1m,active,273,LYS,N,270,SER,O,3.321,bb-bb
5c1m,active,274,ASP,N,270,SER,O,2.931,bb-bb
5c1m,active,273,LYS,N,271,LYS,O,3.353,bb-bb
5c1m,active,274,ASP,N,271,LYS,O,3.395,bb-bb
5c1m,active,275,ARG,N,271,LYS,O,2.991,bb-bb
5c1m,active,276,ASN,N,272,GLU,O,3.311,bb-bb
5c1m,active,275,ARG,N,273,LYS,O,3.332,bb-bb
5c1m,active,276,ASN,N,273,LYS,O,3.446,bb-bb
5c1m,active,277,LEU,N,273,LYS,O,3.012,bb-bb
5c1m,active,277,LEU,N,274,ASP,O,3.411,bb-bb
5c1m,active,278,ARG,N,274,ASP,O,3.0,bb-bb
5c1m,active,277,LEU,N,275,ARG,O,3.352,bb-bb
5c1m,active,278,ARG,N,275,ARG,O,3.196,bb-bb
5c1m,active,279,ARG,N,275,ARG,O,3.185,bb-bb
5c1m,active,278,ARG,N,276,ASN,O,3.474,bb-bb
5c1m,active,279,ARG,N,276,ASN,O,3.294,bb-bb
5c1m,active,280,ILE,N,276,ASN,O,2.957,bb-bb
5c1m,active,279,ARG,N,277,LEU,O,3.473,bb-bb
5c1m,active,280,ILE,N,277,LEU,O,3.487,bb-bb
5c1m,active,281,THR,N,277,LEU,O,2.902,bb-bb
5c1m,active,281,THR,OG1,277,LEU,O,2.705,bb-sc
5c1m,active,282,ARG,N,278,ARG,O,3.006,bb-bb
5c1m,active,282,ARG,N,279,ARG,O,3.489,bb-bb
5c1m,active,283,MET,N,279,ARG,O,3.053,bb-bb
5c1m,active,282,ARG,N,280,ILE,O,3.349,bb-bb
5c1m,active,283,MET,N,280,ILE,O,3.169,bb-bb
5c1m,active,284,VAL,N,280,ILE,O,2.862,bb-bb
5c1m,active,283,MET,N,281,THR,O,3.476,bb-bb
5c1m,active,284,VAL,N,281,THR,O,3.297,bb-bb
5c1m,active,285,LEU,N,281,THR,O,2.962,bb-bb
5c1m,active,284,VAL,N,282,ARG,O,3.475,bb-bb
5c1m,active,285,LEU,N,282,ARG,O,3.313,bb-bb
5c1m,active,286,VAL,N,282,ARG,O,3.047,bb-bb
5c1m,active,285,LEU,N,283,MET,O,3.466,bb-bb
5c1m,active,286,VAL,N,283,MET,O,3.207,bb-bb
5c1m,active,287,VAL,N,283,MET,O,3.037,bb-bb
5c1m,active,286,VAL,N,284,VAL,O,3.279,bb-bb
5c1m,active,287,VAL,N,284,VAL,O,3.441,bb-bb
5c1m,active,288,VAL,N,284,VAL,O,3.111,bb-bb
5c1m,active,289,ALA,N,285,LEU,O,2.96,bb-bb
5c1m,active,288,VAL,N,286,VAL,O,3.259,bb-bb
5c1m,active,289,ALA,N,286,VAL,O,3.242,bb-bb
5c1m,active,290,VAL,N,286,VAL,O,2.823,bb-bb
5c1m,active,291,PHE,N,287,VAL,O,3.223,bb-bb
5c1m,active,290,VAL,N,288,VAL,O,3.431,bb-bb
5c1m,active,291,PHE,N,288,VAL,O,3.328,bb-bb
5c1m,active,292,ILE,N,288,VAL,O,2.982,bb-bb
5c1m,active,291,PHE,N,289,ALA,O,3.495,bb-bb
5c1m,active,292,ILE,N,289,ALA,O,3.282,bb-bb
5c1m,active,293,VAL,N,289,ALA,O,2.799,bb-bb
5c1m,active,292,ILE,N,290,VAL,O,3.356,bb-bb
5c1m,active,293,VAL,N,290,VAL,O,3.401,bb-bb
5c1m,active,294,CYS,N,290,VAL,O,2.96,bb-bb
5c1m,active,295,TRP,N,291,PHE,O,3.053,bb-bb
5c1m,active,294,CYS,N,292,ILE,O,3.414,bb-bb
5c1m,active,296,THR,N,292,ILE,O,3.027,bb-bb
5c1m,active,296,THR,OG1,292,ILE,O,2.559,bb-sc
5c1m,active,327,GLY,N,294,CYS,O,3.164,bb-bb
5c1m,active,299,HIS,N,295,TRP,O,3.369,bb-bb
5c1m,active,295,TRP,NE1,330,ASN,OD1,3.337,sc-sc
5c1m,active,298,ILE,N,296,THR,O,3.375,bb-bb
5c1m,active,299,HIS,N,296,THR,O,3.269,bb-bb
5c1m,active,300,ILE,N,296,THR,O,2.951,bb-bb
5c1m,active,299,HIS,N,297,PRO,O,3.392,bb-bb
5c1m,active,300,ILE,N,297,PRO,O,3.364,bb-bb
5c1m,active,301,TYR,N,297,PRO,O,2.876,bb-bb
5c1m,active,300,ILE,N,298,ILE,O,3.494,bb-bb
5c1m,active,301,TYR,N,298,ILE,O,3.368,bb-bb
5c1m,active,302,VAL,N,298,ILE,O,2.965,bb-bb
5c1m,active,303,ILE,N,299,HIS,O,3.249,bb-bb
5c1m,active,302,VAL,N,300,ILE,O,3.39,bb-bb
5c1m,active,303,ILE,N,300,ILE,O,3.193,bb-bb
5c1m,active,304,ILE,N,300,ILE,O,2.919,bb-bb
5c1m,active,303,ILE,N,301,TYR,O,3.402,bb-bb
5c1m,active,304,ILE,N,301,TYR,O,3.309,bb-bb
5c1m,active,305,LYS,N,301,TYR,O,3.015,bb-bb
5c1m,active,301,TYR,OH,316,GLN,O,3.061,bb-sc
5c1m,active,301,TYR,OH,319,SER,OG,3.256,sc-sc
5c1m,active,319,SER,OG,301,TYR,OH,3.256,sc-sc
5c1m,active,305,LYS,N,302,VAL,O,3.496,bb-bb
5c1m,active,306,ALA,N,302,VAL,O,3.145,bb-bb
5c1m,active,305,LYS,N,303,ILE,O,3.422,bb-bb
5c1m,active,306,ALA,N,303,ILE,O,3.056,bb-bb
5c1m,active,307,LEU,N,303,ILE,O,3.205,bb-bb
5c1m,active,306,ALA,N,304,ILE,O,3.278,bb-bb
5c1m,active,307,LEU,N,304,ILE,O,3.051,bb-bb
5c1m,active,308,ILE,N,304,ILE,O,2.921,bb-bb
5c1m,active,312,GLU,N,310,ILE,O,3.24,bb-bb
5c1m,active,313,THR,N,311,PRO,O,2.898,bb-bb
5c1m,active,312,GLU,N,316,GLN,OE1,3.345,bb-sc
5c1m,active,316,GLN,N,313,THR,O,3.487,bb-bb
5c1m,active,316,GLN,N,313,THR,OG1,3.451,bb-sc
5c1m,active,317,THR,N,313,THR,O,3.108,bb-bb
5c1m,active,317,THR,OG1,313,THR,O,3.305,bb-sc
5c1m,active,316,GLN,N,314,THR,O,3.427,bb-bb
5c1m,active,317,THR,N,314,THR,O,3.317,bb-bb
5c1m,active,318,VAL,N,314,THR,O,2.922,bb-bb
5c1m,active,319,SER,N,315,PHE,O,2.929,bb-bb
5c1m,active,319,SER,OG,315,PHE,O,2.776,bb-sc
5c1m,active,319,SER,N,316,GLN,O,3.451,bb-bb
5c1m,active,319,SER,OG,316,GLN,O,2.925,bb-sc
5c1m,active,320,TRP,N,316,GLN,O,2.916,bb-bb
5c1m,active,319,SER,N,317,THR,O,3.454,bb-bb
5c1m,active,320,TRP,N,317,THR,O,3.25,bb-bb
5c1m,active,321,HIS,N,317,THR,O,3.218,bb-bb
5c1m,active,320,TRP,N,318,VAL,O,3.335,bb-bb
5c1m,active,321,HIS,N,318,VAL,O,3.375,bb-bb
5c1m,active,322,PHE,N,318,VAL,O,2.934,bb-bb
5c1m,active,322,PHE,N,319,SER,O,3.369,bb-bb
5c1m,active,323,CYS,N,319,SER,O,2.9,bb-bb
5c1m,active,322,PHE,N,320,TRP,O,3.429,bb-bb
5c1m,active,323,CYS,N,320,TRP,O,3.287,bb-bb
5c1m,active,324,ILE,N,320,TRP,O,3.006,bb-bb
5c1m,active,324,ILE,N,321,HIS,O,3.451,bb-bb
5c1m,active,325,ALA,N,321,HIS,O,2.9,bb-bb
5c1m,active,325,ALA,N,322,PHE,O,3.239,bb-bb
5c1m,active,326,LEU,N,322,PHE,O,2.848,bb-bb
5c1m,active,325,ALA,N,323,CYS,O,3.488,bb-bb
5c1m,active,326,LEU,N,323,CYS,O,3.291,bb-bb
5c1m,active,327,GLY,N,323,CYS,O,3.255,bb-bb
5c1m,active,326,LEU,N,324,ILE,O,3.297,bb-bb
5c1m,active,327,GLY,N,324,ILE,O,3.099,bb-bb
5c1m,active,328,TYR,N,324,ILE,O,3.415,bb-bb
5c1m,active,327,GLY,N,325,ALA,O,3.315,bb-bb
5c1m,active,328,TYR,N,325,ALA,O,3.085,bb-bb
5c1m,active,329,THR,N,325,ALA,O,2.914,bb-bb
5c1m,active,329,THR,OG1,325,ALA,O,2.787,bb-sc
5c1m,active,328,TYR,N,326,LEU,O,3.355,bb-bb
5c1m,active,329,THR,N,326,LEU,O,3.096,bb-bb
5c1m,active,330,ASN,N,326,LEU,O,3.456,bb-bb
5c1m,active,330,ASN,N,327,GLY,O,3.422,bb-bb
5c1m,active,330,ASN,N,328,TYR,O,3.38,bb-bb
5c1m,active,331,SER,N,328,TYR,O,3.133,bb-bb
5c1m,active,332,CYS,N,328,TYR,O,3.36,bb-bb
5c1m,active,331,SER,N,329,THR,O,3.348,bb-bb
5c1m,active,332,CYS,N,329,THR,O,2.9,bb-bb
5c1m,active,333,LEU,N,329,THR,O,2.909,bb-bb
5c1m,active,332,CYS,N,330,ASN,O,3.407,bb-bb
5c1m,active,333,LEU,N,330,ASN,O,3.333,bb-bb
5c1m,active,334,ASN,N,330,ASN,O,2.951,bb-bb
5c1m,active,334,ASN,ND2,330,ASN,O,3.243,bb-sc
5c1m,active,334,ASN,ND2,330,ASN,OD1,3.383,sc-sc
5c1m,active,335,PRO,N,333,LEU,O,3.308,bb-bb
5c1m,active,336,VAL,N,333,LEU,O,2.913,bb-bb
5c1m,active,337,LEU,N,333,LEU,O,2.95,bb-bb
5c1m,active,336,VAL,N,334,ASN,O,3.268,bb-bb
5c1m,active,337,LEU,N,334,ASN,O,3.309,bb-bb
5c1m,active,338,TYR,N,334,ASN,O,2.87,bb-bb
5c1m,active,339,ALA,N,335,PRO,O,3.155,bb-bb
5c1m,active,340,PHE,N,335,PRO,O,2.851,bb-bb
5c1m,active,338,TYR,N,336,VAL,O,3.478,bb-bb
5c1m,active,341,LEU,N,336,VAL,O,3.166,bb-bb
5c1m,active,341,LEU,N,339,ALA,O,3.107,bb-bb
5c1m,active,342,ASP,N,339,ALA,O,2.942,bb-bb
5c1m,active,344,ASN,N,342,ASP,O,3.429,bb-bb
5c1m,active,344,ASN,N,342,ASP,OD2,3.1,bb-sc
5c1m,active,345,PHE,N,342,ASP,OD2,2.839,bb-sc
5c1m,active,346,LYS,N,342,ASP,O,2.848,bb-bb
5c1m,active,346,LYS,N,344,ASN,O,3.239,bb-bb
5c1m,active,347,ARG,N,344,ASN,O,3.142,bb-bb
5c1m,active,347,ARG,NH1,344,ASN,OD1,3.453,sc-sc
5c1m,active,347,ARG,N,345,PHE,O,3.361,bb-bb
5c1m,active,348,CYS,N,345,PHE,O,3.343,bb-bb
5c1m,active,348,CYS,N,346,LYS,O,3.341,bb-bb
5c1m,active,349,PHE,N,346,LYS,O,3.219,bb-bb
5c1m,active,349,PHE,N,347,ARG,O,3.234,bb-bb
6dde,active,72,THR,N,69,THR,O,3.422,bb-bb
6dde,active,73,ILE,N,69,THR,O,2.896,bb-bb
6dde,active,72,THR,N,70,ALA,O,3.283,bb-bb
6dde,active,73,ILE,N,70,ALA,O,2.983,bb-bb
6dde,active,74,MET,N,70,ALA,O,3.027,bb-bb
6dde,active,74,MET,N,72,THR,O,3.455,bb-bb
6dde,active,75,ALA,N,72,THR,O,3.104,bb-bb
6dde,active,76,LEU,N,72,THR,O,3.014,bb-bb
6dde,active,75,ALA,N,73,ILE,O,3.475,bb-bb
6dde,active,76,LEU,N,73,ILE,O,3.467,bb-bb
6dde,active,77,TYR,N,73,ILE,O,2.872,bb-bb
6dde,active,77,TYR,N,74,MET,O,3.231,bb-bb
6dde,active,78,SER,N,74,MET,O,2.868,bb-bb
6dde,active,78,SER,OG,74,MET,O,3.111,bb-sc
6dde,active,77,TYR,N,75,ALA,O,3.353,bb-bb
6dde,active,78,SER,N,75,ALA,O,3.355,bb-bb
6dde,active,79,ILE,N,75,ALA,O,2.951,bb-bb
6dde,active,80,VAL,N,78,SER,O,3.403,bb-bb
6dde,active,81,CYS,N,78,SER,O,3.236,bb-bb
6dde,active,82,VAL,N,78,SER,O,2.911,bb-bb
6dde,active,82,VAL,N,79,ILE,O,3.317,bb-bb
6dde,active,83,VAL,N,79,ILE,O,2.951,bb-bb
6dde,active,82,VAL,N,80,VAL,O,3.437,bb-bb
6dde,active,84,GLY,N,80,VAL,O,2.861,bb-bb
6dde,active,84,GLY,N,81,CYS,O,3.466,bb-bb
6dde,active,85,LEU,N,81,CYS,O,2.902,bb-bb
6dde,active,84,GLY,N,82,VAL,O,3.391,bb-bb
6dde,active,86,PHE,N,82,VAL,O,2.939,bb-bb
6dde,active,87,GLY,N,83,VAL,O,2.908,bb-bb
6dde,active,86,PHE,N,84,GLY,O,3.436,bb-bb
6dde,active,87,GLY,N,84,GLY,O,3.425,bb-bb
6dde,active,88,ASN,N,84,GLY,O,2.893,bb-bb
6dde,active,89,PHE,N,85,LEU,O,2.902,bb-bb
6dde,active,88,ASN,N,86,PHE,O,3.5,bb-bb
6dde,active,89,PHE,N,86,PHE,O,3.327,bb-bb
6dde,active,90,LEU,N,86,PHE,O,2.989,bb-bb
6dde,active,89,PHE,N,87,GLY,O,3.492,bb-bb
6dde,active,90,LEU,N,87,GLY,O,3.284,bb-bb
6dde,active,91,VAL,N,87,GLY,O,2.93,bb-bb
6dde,active,91,VAL,N,88,ASN,O,3.35,bb-bb
6dde,active,92,MET,N,88,ASN,O,2.91,bb-bb
6dde,active,88,ASN,ND2,113,ALA,O,3.1,bb-sc
6dde,active,91,VAL,N,89,PHE,O,3.482,bb-bb
6dde,active,93,TYR,N,89,PHE,O,2.918,bb-bb
6dde,active,93,TYR,N,90,LEU,O,3.402,bb-bb
6dde,active,94,VAL,N,90,LEU,O,2.928,bb-bb
6dde,active,93,TYR,N,91,VAL,O,3.391,bb-bb
6dde,active,94,VAL,N,91,VAL,O,3.398,bb-bb
6dde,active,95,ILE,N,91,VAL,O,2.932,bb-bb
6dde,active,95,ILE,N,92,MET,O,3.451,bb-bb
6dde,active,96,VAL,N,92,MET,O,2.933,bb-bb
6dde,active,95,ILE,N,93,TYR,O,3.385,bb-bb
6dde,active,96,VAL,N,93,TYR,O,3.348,bb-bb
6dde,active,97,ARG,N,93,TYR,O,2.913,bb-bb
6dde,active,98,TYR,N,94,VAL,O,2.914,bb-bb
6dde,active,97,ARG,N,95,ILE,O,3.389,bb-bb
6dde,active,99,THR,OG1,95,ILE,O,2.718,bb-sc
6dde,active,100,LYS,N,95,ILE,O,3.336,bb-bb
6dde,active,101,MET,N,99,THR,O,3.14,bb-bb
6dde,active,102,LYS,N,100,LYS,O,3.049,bb-bb
6dde,active,107,ILE,N,104,ALA,O,3.261,bb-bb
6dde,active,107,ILE,N,105,THR,O,3.266,bb-bb
6dde,active,108,TYR,N,105,THR,O,3.141,bb-bb
6dde,active,109,ILE,N,105,THR,O,2.975,bb-bb
6dde,active,181,ARG,NH1,105,THR,OG1,3.356,sc-sc
6dde,active,109,ILE,N,106,ASN,O,3.404,bb-bb
6dde,active,110,PHE,N,106,ASN,O,2.89,bb-bb
6dde,active,109,ILE,N,107,ILE,O,3.485,bb-bb
6dde,active,110,PHE,N,107,ILE,O,3.382,bb-bb
6dde,active,111,ASN,N,107,ILE,O,2.898,bb-bb
6dde,active,111,ASN,N,108,TYR,O,3.316,bb-bb
6dde,active,112,LEU,N,108,TYR,O,2.933,bb-bb
6dde,active,111,ASN,N,109,ILE,O,3.479,bb-bb
6dde,active,112,LEU,N,109,ILE,O,3.35,bb-bb
6dde,active,113,ALA,N,109,ILE,O,2.888,bb-bb
6dde,active,113,ALA,N,110,PHE,O,3.414,bb-bb
6dde,active,114,LEU,N,110,PHE,O,2.908,bb-bb
6dde,active,113,ALA,N,111,ASN,O,3.44,bb-bb
6dde,active,114,LEU,N,111,ASN,O,3.367,bb-bb
6dde,active,115,ALA,N,111,ASN,O,2.948,bb-bb
6dde,active,111,ASN,ND2,159,THR,OG1,2.893,sc-sc
6dde,active,159,THR,OG1,111,ASN,OD1,3.492,sc-sc
6dde,active,111,ASN,ND2,190,ASN,OD1,2.437,sc-sc
6dde,active,194,TRP,NE1,111,ASN,OD1,3.084,sc-sc
6dde,active,116,ASP,N,112,LEU,O,2.891,bb-bb
6dde,active,117,ALA,N,113,ALA,O,2.856,bb-bb
6dde,active,117,ALA,N,114,LEU,O,3.299,bb-bb
6dde,active,118,LEU,N,114,LEU,O,2.975,bb-bb
6dde,active,118,LEU,N,115,ALA,O,3.478,bb-bb
6dde,active,119,ALA,N,115,ALA,O,2.951,bb-bb
6dde,active,119,ALA,N,116,ASP,O,3.482,bb-bb
6dde,active,120,THR,N,116,ASP,O,2.844,bb-bb
6dde,active,156,SER,OG,116,ASP,OD1,3.077,sc-sc
6dde,active,331,SER,OG,116,ASP,O,3.062,bb-sc
6dde,active,331,SER,OG,116,ASP,OD1,3.122,sc-sc
6dde,active,119,ALA,N,117,ALA,O,3.494,bb-bb
6dde,active,120,THR,N,117,ALA,O,3.325,bb-bb
6dde,active,121,SER,N,117,ALA,O,2.941,bb-bb
6dde,active,121,SER,OG,117,ALA,O,3.249,bb-sc
6dde,active,121,SER,OG,118,LEU,O,2.972,bb-sc
6dde,active,122,THR,N,118,LEU,O,3.173,bb-bb
6dde,active,122,THR,OG1,118,LEU,O,2.371,bb-sc
6dde,active,122,THR,N,119,ALA,O,3.432,bb-bb
6dde,active,122,THR,N,120,THR,O,3.381,bb-bb
6dde,active,123,LEU,N,120,THR,O,3.191,bb-bb
6dde,active,123,LEU,N,121,SER,O,3.477,bb-bb
6dde,active,124,PRO,N,122,THR,O,3.419,bb-bb
6dde,active,125,PHE,N,122,THR,O,3.068,bb-bb
6dde,active,125,PHE,N,123,LEU,O,3.209,bb-bb
6dde,active,127,SER,N,125,PHE,O,3.337,bb-bb
6dde,active,128,VAL,N,126,GLN,O,3.288,bb-bb
6dde,active,129,ASN,N,126,GLN,O,2.965,bb-bb
6dde,active,129,ASN,N,127,SER,O,3.213,bb-bb
6dde,active,130,TYR,N,127,SER,O,2.962,bb-bb
6dde,active,131,LEU,N,127,SER,O,3.349,bb-bb
6dde,active,130,TYR,N,128,VAL,O,3.416,bb-bb
6dde,active,132,MET,N,128,VAL,O,3.087,bb-bb
6dde,active,133,GLY,N,128,VAL,O,2.969,bb-bb
6dde,active,129,ASN,ND2,134,THR,O,2.687,bb-sc
6dde,active,134,THR,N,132,MET,O,3.188,bb-bb
6dde,active,213,ARG,NH1,133,GLY,O,2.981,bb-sc
6dde,active,137,PHE,N,135,TRP,O,2.765,bb-bb
6dde,active,135,TRP,NE1,138,GLY,O,3.143,bb-sc
6dde,active,138,GLY,N,135,TRP,O,3.44,bb-bb
6dde,active,135,TRP,N,217,ILE,O,2.386,bb-bb
6dde,active,140,ILE,N,138,GLY,O,3.454,bb-bb
6dde,active,142,CYS,N,138,GLY,O,3.373,bb-bb
6dde,active,141,LEU,N,139,ASN,O,3.138,bb-bb
6dde,active,142,CYS,N,139,ASN,O,3.485,bb-bb
6dde,active,143,LYS,NZ,139,ASN,OD1,2.597,sc-sc
6dde,active,144,ILE,N,141,LEU,O,3.4,bb-bb
6dde,active,145,VAL,N,141,LEU,O,2.874,bb-bb
6dde,active,144,ILE,N,142,CYS,O,3.419,bb-bb
6dde,active,145,VAL,N,142,CYS,O,3.495,bb-bb
6dde,active,146,ILE,N,142,CYS,O,3.006,bb-bb
6dde,active,147,SER,N,143,LYS,O,2.926,bb-bb
6dde,active,147,SER,N,144,ILE,O,3.322,bb-bb
6dde,active,148,ILE,N,144,ILE,O,2.936,bb-bb
6dde,active,147,SER,N,145,VAL,O,3.429,bb-bb
6dde,active,148,ILE,N,145,VAL,O,3.423,bb-bb
6dde,active,149,ASP,N,145,VAL,O,2.896,bb-bb
6dde,active,149,ASP,N,146,ILE,O,3.379,bb-bb
6dde,active,150,TYR,N,146,ILE,O,2.991,bb-bb
6dde,active,149,ASP,N,147,SER,O,3.418,bb-bb
6dde,active,151,TYR,N,147,SER,O,2.901,bb-bb
6dde,active,151,TYR,N,148,ILE,O,3.427,bb-bb
6dde,active,152,ASN,N,148,ILE,O,2.87,bb-bb
6dde,active,152,ASN,ND2,148,ILE,O,2.557,bb-sc
6dde,active,151,TYR,N,149,ASP,O,3.241,bb-bb
6dde,active,152,ASN,N,149,ASP,O,3.372,bb-bb
6dde,active,153,MET,N,149,ASP,O,2.974,bb-bb
6dde,active,328,TYR,OH,149,ASP,OD1,2.311,sc-sc
6dde,active,328,TYR,OH,149,ASP,OD2,3.387,sc-sc
6dde,active,153,MET,N,151,TYR,O,3.377,bb-bb
6dde,active,154,PHE,N,151,TYR,O,3.483,bb-bb
6dde,active,155,THR,N,151,TYR,O,2.949,bb-bb
6dde,active,155,THR,OG1,151,TYR,O,2.653,bb-sc
6dde,active,155,THR,N,152,ASN,O,3.392,bb-bb
6dde,active,156,SER,N,152,ASN,O,2.896,bb-bb
6dde,active,155,THR,N,153,MET,O,3.335,bb-bb
6dde,active,156,SER,N,153,MET,O,3.241,bb-bb
6dde,active,157,ILE,N,153,MET,O,3.007,bb-bb
6dde,active,157,ILE,N,154,PHE,O,3.483,bb-bb
6dde,active,158,PHE,N,154,PHE,O,2.898,bb-bb
6dde,active,197,SER,OG,154,PHE,O,3.436,bb-sc
6dde,active,158,PHE,N,155,THR,O,3.484,bb-bb
6dde,active,159,THR,N,155,THR,O,2.85,bb-bb
6dde,active,159,THR,OG1,155,THR,O,2.566,bb-sc
6dde,active,155,THR,N,197,SER,OG,3.412,bb-sc
6dde,active,155,THR,OG1,197,SER,OG,3.413,sc-sc
6dde,active,197,SER,OG,155,THR,OG1,3.413,sc-sc
6dde,active,159,THR,N,156,SER,O,3.444,bb-bb
6dde,active,160,LEU,N,156,SER,O,3.049,bb-bb
6dde,active,159,THR,N,157,ILE,O,3.397,bb-bb
6dde,active,160,LEU,N,157,ILE,O,3.202,bb-bb
6dde,active,161,CYS,N,157,ILE,O,2.942,bb-bb
6dde,active,161,CYS,N,158,PHE,O,3.428,bb-bb
6dde,active,162,THR,N,158,PHE,O,2.853,bb-bb
6dde,active,162,THR,OG1,158,PHE,O,2.588,bb-sc
6dde,active,193,ASN,ND2,158,PHE,O,3.304,bb-sc
6dde,active,161,CYS,N,159,THR,O,3.497,bb-bb
6dde,active,162,THR,N,159,THR,O,3.384,bb-bb
6dde,active,163,MET,N,159,THR,O,2.899,bb-bb
6dde,active,162,THR,N,160,LEU,O,3.495,bb-bb
6dde,active,163,MET,N,160,LEU,O,3.449,bb-bb
6dde,active,164,SER,N,160,LEU,O,2.939,bb-bb
6dde,active,164,SER,N,161,CYS,O,3.277,bb-bb
6dde,active,165,VAL,N,161,CYS,O,2.921,bb-bb
6dde,active,164,SER,N,162,THR,O,3.487,bb-bb
6dde,active,165,VAL,N,162,THR,O,3.4,bb-bb
6dde,active,166,ASP,N,162,THR,O,2.88,bb-bb
6dde,active,193,ASN,ND2,162,THR,OG1,2.771,sc-sc
6dde,active,166,ASP,N,163,MET,O,3.288,bb-bb
6dde,active,167,ARG,N,163,MET,O,2.933,bb-bb
6dde,active,166,ASP,N,164,SER,O,3.409,bb-bb
6dde,active,167,ARG,N,164,SER,O,3.259,bb-bb
6dde,active,168,TYR,N,164,SER,O,2.932,bb-bb
6dde,active,164,SER,OG,253,CYS,SG,3.115,sc-sc
6dde,active,167,ARG,N,165,VAL,O,3.495,bb-bb
6dde,active,168,TYR,N,165,VAL,O,3.346,bb-bb
6dde,active,169,ILE,N,165,VAL,O,2.9,bb-bb
6dde,active,169,ILE,N,166,ASP,O,3.425,bb-bb
6dde,active,170,ALA,N,166,ASP,O,2.891,bb-bb
6dde,active,181,ARG,NE,166,ASP,OD1,2.898,sc-sc
6dde,active,181,ARG,NE,166,ASP,OD2,3.007,sc-sc
6dde,active,181,ARG,NH1,166,ASP,OD2,3.089,sc-sc
6dde,active,169,ILE,N,167,ARG,O,3.497,bb-bb
6dde,active,170,ALA,N,167,ARG,O,3.256,bb-bb
6dde,active,171,VAL,N,167,ARG,O,2.948,bb-bb
6dde,active,167,ARG,NH1,254,TYR,OH,3.313,sc-sc
6dde,active,171,VAL,N,168,TYR,O,3.49,bb-bb
6dde,active,172,CYS,N,168,TYR,O,2.9,bb-bb
6dde,active,171,VAL,N,169,ILE,O,3.235,bb-bb
6dde,active,173,HIS,N,169,ILE,O,3.323,bb-bb
6dde,active,176,LYS,N,173,HIS,O,3.443,bb-bb
6dde,active,177,ALA,N,173,HIS,O,2.836,bb-bb
6dde,active,176,LYS,N,174,PRO,O,3.467,bb-bb
6dde,active,177,ALA,N,174,PRO,O,2.994,bb-bb
6dde,active,178,LEU,N,174,PRO,O,3.054,bb-bb
6dde,active,177,ALA,N,175,VAL,O,3.466,bb-bb
6dde,active,178,LEU,N,175,VAL,O,3.377,bb-bb
6dde,active,178,LEU,N,176,LYS,O,3.426,bb-bb
6dde,active,179,ASP,N,176,LYS,O,2.998,bb-bb
6dde,active,180,PHE,N,176,LYS,O,2.925,bb-bb
6dde,active,179,ASP,N,177,ALA,O,3.396,bb-bb
6dde,active,181,ARG,N,177,ALA,O,3.437,bb-bb
6dde,active,182,THR,N,180,PHE,O,2.705,bb-bb
6dde,active,185,ASN,ND2,180,PHE,O,3.286,bb-sc
6dde,active,184,ARG,N,182,THR,O,3.166,bb-bb
6dde,active,185,ASN,N,182,THR,O,3.138,bb-bb
6dde,active,186,ALA,N,182,THR,O,2.949,bb-bb
6dde,active,187,LYS,N,183,PRO,O,3.362,bb-bb
6dde,active,186,ALA,N,184,ARG,O,3.421,bb-bb
6dde,active,187,LYS,N,184,ARG,O,3.245,bb-bb
6dde,active,188,ILE,N,184,ARG,O,3.088,bb-bb
6dde,active,188,ILE,N,185,ASN,O,3.378,bb-bb
6dde,active,189,VAL,N,185,ASN,O,2.921,bb-bb
6dde,active,189,VAL,N,186,ALA,O,3.487,bb-bb
6dde,active,190,ASN,N,186,ALA,O,2.927,bb-bb
6dde,active,190,ASN,N,187,LYS,O,3.278,bb-bb
6dde,active,191,VAL,N,187,LYS,O,2.989,bb-bb
6dde,active,190,ASN,N,188,ILE,O,3.483,bb-bb
6dde,active,191,VAL,N,188,ILE,O,3.393,bb-bb
6dde,active,192,CYS,N,188,ILE,O,2.9,bb-bb
6dde,active,192,CYS,N,189,VAL,O,3.303,bb-bb
6dde,active,193,ASN,N,189,VAL,O,2.958,bb-bb
6dde,active,192,CYS,N,190,ASN,O,3.346,bb-bb
6dde,active,193,ASN,N,190,ASN,O,3.293,bb-bb
6dde,active,194,TRP,N,190,ASN,O,2.974,bb-bb
6dde,active,194,TRP,NE1,190,ASN,OD1,3.147,sc-sc
6dde,active,194,TRP,N,191,VAL,O,3.413,bb-bb
6dde,active,195,ILE,N,191,VAL,O,2.985,bb-bb
6dde,active,195,ILE,N,192,CYS,O,3.343,bb-bb
6dde,active,196,LEU,N,192,CYS,O,2.891,bb-bb
6dde,active,196,LEU,N,193,ASN,O,3.471,bb-bb
6dde,active,197,SER,N,193,ASN,O,2.895,bb-bb
6dde,active,197,SER,OG,193,ASN,O,2.813,bb-sc
6dde,active,196,LEU,N,194,TRP,O,3.482,bb-bb
6dde,active,197,SER,N,194,TRP,O,3.239,bb-bb
6dde,active,198,SER,N,194,TRP,O,2.954,bb-bb
6dde,active,197,SER,N,195,ILE,O,3.409,bb-bb
6dde,active,198,SER,N,195,ILE,O,3.106,bb-bb
6dde,active,199,ALA,N,195,ILE,O,2.922,bb-bb
6dde,active,199,ALA,N,196,LEU,O,3.445,bb-bb
6dde,active,199,ALA,N,197,SER,O,3.398,bb-bb
6dde,active,200,ILE,N,197,SER,O,3.315,bb-bb
6dde,active,201,GLY,N,197,SER,O,2.912,bb-bb
6dde,active,200,ILE,N,198,SER,O,3.177,bb-bb
6dde,active,201,GLY,N,198,SER,O,3.129,bb-bb
6dde,active,202,LEU,N,198,SER,O,2.92,bb-bb
6dde,active,204,VAL,N,201,GLY,O,3.16,bb-bb
6dde,active,205,MET,N,201,GLY,O,3.006,bb-bb
6dde,active,204,VAL,N,202,LEU,O,3.484,bb-bb
6dde,active,205,MET,N,202,LEU,O,3.199,bb-bb
6dde,active,206,PHE,N,202,LEU,O,2.899,bb-bb
6dde,active,205,MET,N,203,PRO,O,3.455,bb-bb
6dde,active,206,PHE,N,203,PRO,O,3.215,bb-bb
6dde,active,207,MET,N,203,PRO,O,3.018,bb-bb
6dde,active,208,ALA,N,204,VAL,O,3.405,bb-bb
6dde,active,207,MET,N,205,MET,O,3.411,bb-bb
6dde,active,209,THR,N,207,MET,O,3.328,bb-bb
6dde,active,222,THR,N,207,MET,O,3.062,bb-bb
6dde,active,213,ARG,NE,218,ASP,OD1,3.288,sc-sc
6dde,active,213,ARG,NE,218,ASP,OD2,2.907,sc-sc
6dde,active,213,ARG,NH2,218,ASP,OD1,3.036,sc-sc
6dde,active,227,THR,N,224,SER,O,3.474,bb-bb
6dde,active,230,TRP,N,226,PRO,O,3.461,bb-bb
6dde,active,231,GLU,N,229,TYR,O,3.398,bb-bb
6dde,active,232,ASN,N,229,TYR,O,3.189,bb-bb
6dde,active,232,ASN,N,230,TRP,O,3.428,bb-bb
6dde,active,233,LEU,N,230,TRP,O,3.303,bb-bb
6dde,active,233,LEU,N,231,GLU,O,3.313,bb-bb
6dde,active,234,LEU,N,231,GLU,O,3.037,bb-bb
6dde,active,237,CYS,N,233,LEU,O,2.888,bb-bb
6dde,active,237,CYS,N,234,LEU,O,3.276,bb-bb
6dde,active,238,VAL,N,234,LEU,O,2.889,bb-bb
6dde,active,237,CYS,N,235,LYS,O,3.474,bb-bb
6dde,active,238,VAL,N,235,LYS,O,3.422,bb-bb
6dde,active,239,PHE,N,235,LYS,O,2.905,bb-bb
6dde,active,239,PHE,N,236,ILE,O,3.336,bb-bb
6dde,active,240,ILE,N,236,ILE,O,2.892,bb-bb
6dde,active,239,PHE,N,237,CYS,O,3.435,bb-bb
6dde,active,240,ILE,N,237,CYS,O,3.47,bb-bb
6dde,active,241,PHE,N,237,CYS,O,2.865,bb-bb
6dde,active,242,ALA,N,238,VAL,O,2.848,bb-bb
6dde,active,243,PHE,N,239,PHE,O,3.173,bb-bb
6dde,active,244,ILE,N,239,PHE,O,3.053,bb-bb
6dde,active,245,MET,N,240,ILE,O,3.458,bb-bb
6dde,active,247,VAL,N,243,PHE,O,3.409,bb-bb
6dde,active,248,LEU,N,244,ILE,O,2.897,bb-bb
6dde,active,248,LEU,N,245,MET,O,3.429,bb-bb
6dde,active,249,ILE,N,245,MET,O,2.89,bb-bb
6dde,active,249,ILE,N,246,PRO,O,3.342,bb-bb
6dde,active,250,ILE,N,246,PRO,O,2.889,bb-bb
6dde,active,249,ILE,N,247,VAL,O,3.253,bb-bb
6dde,active,250,ILE,N,247,VAL,O,3.328,bb-bb
6dde,active,251,THR,N,247,VAL,O,2.946,bb-bb
6dde,active,253,CYS,N,249,ILE,O,2.859,bb-bb
6dde,active,255,GLY,N,251,THR,O,2.87,bb-bb
6dde,active,254,TYR,N,252,VAL,O,3.155,bb-bb
6dde,active,255,GLY,N,252,VAL,O,3.195,bb-bb
6dde,active,256,LEU,N,252,VAL,O,2.944,bb-bb
6dde,active,257,MET,N,254,TYR,O,3.217,bb-bb
6dde,active,258,ILE,N,254,TYR,O,2.924,bb-bb
6dde,active,257,MET,N,255,GLY,O,3.475,bb-bb
6dde,active,258,ILE,N,255,GLY,O,3.288,bb-bb
6dde,active,259,LEU,N,255,GLY,O,2.916,bb-bb
6dde,active,259,LEU,N,256,LEU,O,3.46,bb-bb
6dde,active,260,ARG,N,256,LEU,O,2.899,bb-bb
6dde,active,260,ARG,N,257,MET,O,3.263,bb-bb
6dde,active,261,LEU,N,257,MET,O,2.901,bb-bb
6dde,active,260,ARG,N,258,ILE,O,3.323,bb-bb
6dde,active,261,LEU,N,258,ILE,O,3.204,bb-bb
6dde,active,262,LYS,N,258,ILE,O,2.924,bb-bb
6dde,active,262,LYS,N,260,ARG,O,3.323,bb-bb
6dde,active,263,SER,N,260,ARG,O,3.054,bb-bb
6dde,active,263,SER,N,261,LEU,O,3.398,bb-bb
6dde,active,264,VAL,N,261,LEU,O,3.46,bb-bb
6dde,active,266,MET,N,264,VAL,O,3.318,bb-bb
6dde,active,267,LEU,N,264,VAL,O,3.26,bb-bb
6dde,active,268,SER,N,264,VAL,O,3.17,bb-bb
6dde,active,267,LEU,N,265,ARG,O,3.363,bb-bb
6dde,active,272,GLU,N,270,SER,O,2.645,bb-bb
6dde,active,273,LYS,N,270,SER,O,2.655,bb-bb
6dde,active,274,ASP,N,271,LYS,O,3.221,bb-bb
6dde,active,275,ARG,N,271,LYS,O,2.637,bb-bb
6dde,active,275,ARG,N,272,GLU,O,3.15,bb-bb
6dde,active,276,ASN,N,272,GLU,O,2.936,bb-bb
6dde,active,276,ASN,ND2,272,GLU,O,3.284,bb-sc
6dde,active,276,ASN,ND2,272,GLU,OE1,3.431,sc-sc
6dde,active,276,ASN,ND2,272,GLU,OE2,3.085,sc-sc
6dde,active,275,ARG,N,273,LYS,O,3.454,bb-bb
6dde,active,276,ASN,N,273,LYS,O,3.149,bb-bb
6dde,active,277,LEU,N,273,LYS,O,2.947,bb-bb
6dde,active,277,LEU,N,274,ASP,O,3.393,bb-bb
6dde,active,278,ARG,N,274,ASP,O,2.885,bb-bb
6dde,active,278,ARG,N,275,ARG,O,3.282,bb-bb
6dde,active,279,ARG,N,275,ARG,O,2.854,bb-bb
6dde,active,278,ARG,N,276,ASN,O,3.472,bb-bb
6dde,active,279,ARG,N,276,ASN,O,3.143,bb-bb
6dde,active,280,ILE,N,276,ASN,O,2.986,bb-bb
6dde,active,279,ARG,N,277,LEU,O,3.436,bb-bb
6dde,active,280,ILE,N,277,LEU,O,3.281,bb-bb
6dde,active,281,THR,N,277,LEU,O,2.987,bb-bb
6dde,active,281,THR,OG1,277,LEU,O,3.291,bb-sc
6dde,active,281,THR,N,278,ARG,O,3.362,bb-bb
6dde,active,281,THR,OG1,278,ARG,O,2.731,bb-sc
6dde,active,282,ARG,N,278,ARG,O,2.842,bb-bb
6dde,active,282,ARG,N,279,ARG,O,3.339,bb-bb
6dde,active,283,MET,N,279,ARG,O,2.949,bb-bb
6dde,active,282,ARG,N,280,ILE,O,3.451,bb-bb
6dde,active,283,MET,N,280,ILE,O,3.275,bb-bb
6dde,active,284,VAL,N,280,ILE,O,2.998,bb-bb
6dde,active,284,VAL,N,281,THR,O,3.45,bb-bb
6dde,active,285,LEU,N,281,THR,O,2.931,bb-bb
6dde,active,284,VAL,N,282,ARG,O,3.468,bb-bb
6dde,active,285,LEU,N,282,ARG,O,3.483,bb-bb
6dde,active,286,VAL,N,282,ARG,O,2.883,bb-bb
6dde,active,286,VAL,N,283,MET,O,3.425,bb-bb
6dde,active,287,VAL,N,283,MET,O,2.977,bb-bb
6dde,active,286,VAL,N,284,VAL,O,3.414,bb-bb
6dde,active,287,VAL,N,284,VAL,O,3.321,bb-bb
6dde,active,288,VAL,N,284,VAL,O,3.029,bb-bb
6dde,active,289,ALA,N,285,LEU,O,2.895,bb-bb
6dde,active,289,ALA,N,286,VAL,O,3.414,bb-bb
6dde,active,290,VAL,N,286,VAL,O,2.847,bb-bb
6dde,active,290,VAL,N,287,VAL,O,3.452,bb-bb
6dde,active,291,PHE,N,287,VAL,O,3.002,bb-bb
6dde,active,290,VAL,N,288,VAL,O,3.476,bb-bb
6dde,active,291,PHE,N,288,VAL,O,3.31,bb-bb
6dde,active,292,ILE,N,288,VAL,O,2.992,bb-bb
6dde,active,292,ILE,N,289,ALA,O,3.428,bb-bb
6dde,active,293,VAL,N,289,ALA,O,2.849,bb-bb
6dde,active,294,CYS,N,290,VAL,O,2.914,bb-bb
6dde,active,294,CYS,N,291,PHE,O,3.423,bb-bb
6dde,active,295,TRP,N,291,PHE,O,3.01,bb-bb
6dde,active,294,CYS,N,292,ILE,O,3.319,bb-bb
6dde,active,296,THR,N,292,ILE,O,2.983,bb-bb
6dde,active,295,TRP,NE1,327,GLY,O,2.551,bb-sc
6dde,active,298,ILE,N,296,THR,O,3.249,bb-bb
6dde,active,299,HIS,N,296,THR,O,3.059,bb-bb
6dde,active,300,ILE,N,296,THR,O,2.878,bb-bb
6dde,active,299,HIS,N,297,PRO,O,3.371,bb-bb
6dde,active,300,ILE,N,297,PRO,O,3.38,bb-bb
6dde,active,301,TYR,N,297,PRO,O,2.909,bb-bb
6dde,active,302,VAL,N,300,ILE,O,3.367,bb-bb
6dde,active,303,ILE,N,300,ILE,O,3.172,bb-bb
6dde,active,304,ILE,N,300,ILE,O,2.971,bb-bb
6dde,active,303,ILE,N,301,TYR,O,3.268,bb-bb
6dde,active,304,ILE,N,301,TYR,O,3.266,bb-bb
6dde,active,305,LYS,N,301,TYR,O,2.871,bb-bb
6dde,active,301,TYR,OH,316,GLN,NE2,2.337,sc-sc
6dde,active,316,GLN,NE2,301,TYR,OH,2.337,sc-sc
6dde,active,305,LYS,N,303,ILE,O,3.494,bb-bb
6dde,active,306,ALA,N,303,ILE,O,3.202,bb-bb
6dde,active,307,LEU,N,303,ILE,O,2.884,bb-bb
6dde,active,306,ALA,N,304,ILE,O,3.431,bb-bb
6dde,active,307,LEU,N,304,ILE,O,3.366,bb-bb
6dde,active,308,ILE,N,304,ILE,O,3.068,bb-bb
6dde,active,310,ILE,N,308,ILE,O,3.395,bb-bb
6dde,active,313,THR,N,311,PRO,O,3.182,bb-bb
6dde,active,315,PHE,N,313,THR,O,3.118,bb-bb
6dde,active,313,THR,N,316,GLN,OE1,3.2,bb-sc
6dde,active,316,GLN,N,313,THR,O,2.935,bb-bb
6dde,active,318,VAL,N,316,GLN,O,3.345,bb-bb
6dde,active,319,SER,N,316,GLN,O,3.172,bb-bb
6dde,active,320,TRP,N,316,GLN,O,2.945,bb-bb
6dde,active,320,TRP,N,317,THR,O,3.315,bb-bb
6dde,active,321,HIS,N,317,THR,O,2.866,bb-bb
6dde,active,320,TRP,N,318,VAL,O,3.498,bb-bb
6dde,active,321,HIS,N,318,VAL,O,3.419,bb-bb
6dde,active,322,PHE,N,318,VAL,O,2.915,bb-bb
6dde,active,322,PHE,N,319,SER,O,3.349,bb-bb
6dde,active,323,CYS,N,319,SER,O,2.862,bb-bb
6dde,active,323,CYS,N,320,TRP,O,3.037,bb-bb
6dde,active,324,ILE,N,320,TRP,O,2.93,bb-bb
6dde,active,323,CYS,N,321,HIS,O,3.476,bb-bb
6dde,active,324,ILE,N,321,HIS,O,3.265,bb-bb
6dde,active,325,ALA,N,321,HIS,O,2.883,bb-bb
6dde,active,325,ALA,N,322,PHE,O,3.14,bb-bb
6dde,active,326,LEU,N,322,PHE,O,2.905,bb-bb
6dde,active,325,ALA,N,323,CYS,O,3.429,bb-bb
6dde,active,326,LEU,N,323,CYS,O,3.482,bb-bb
6dde,active,327,GLY,N,323,CYS,O,2.9,bb-bb
6dde,active,327,GLY,N,324,ILE,O,3.115,bb-bb
6dde,active,328,TYR,N,324,ILE,O,2.986,bb-bb
6dde,active,327,GLY,N,325,ALA,O,3.387,bb-bb
6dde,active,328,TYR,N,325,ALA,O,3.276,bb-bb
6dde,active,329,THR,N,325,ALA,O,2.868,bb-bb
6dde,active,329,THR,N,327,GLY,O,3.348,bb-bb
6dde,active,330,ASN,N,328,TYR,O,3.362,bb-bb
6dde,active,331,SER,N,328,TYR,O,3.065,bb-bb
6dde,active,332,CYS,N,328,TYR,O,2.96,bb-bb
6dde,active,332,CYS,N,329,THR,O,3.325,bb-bb
6dde,active,333,LEU,N,329,THR,O,2.873,bb-bb
6dde,active,332,CYS,N,330,ASN,O,3.298,bb-bb
6dde,active,333,LEU,N,330,ASN,O,3.487,bb-bb
6dde,active,334,ASN,N,330,ASN,O,2.908,bb-bb
6dde,active,334,ASN,N,332,CYS,O,3.276,bb-bb
6dde,active,337,LEU,N,333,LEU,O,2.917,bb-bb
6dde,active,336,VAL,N,334,ASN,O,3.458,bb-bb
6dde,active,337,LEU,N,334,ASN,O,3.257,bb-bb
6dde,active,338,TYR,N,334,ASN,O,2.956,bb-bb
6dde,active,339,ALA,N,335,PRO,O,2.886,bb-bb
6dde,active,340,PHE,N,338,TYR,O,3.187,bb-bb
6dde,active,341,LEU,N,338,TYR,O,3.352,bb-bb
6dde,active,342,ASP,N,340,PHE,O,3.2,bb-bb
6dde,active,345,PHE,N,343,GLU,O,3.493,bb-bb
6dde,active,346,LYS,N,343,GLU,O,3.494,bb-bb
6dde,active,347,ARG,N,344,ASN,O,3.48,bb-bb
6dde,active,347,ARG,N,345,PHE,O,3.376,bb-bb
6ddf,active,69,THR,N,67,MET,O,3.325,bb-bb
6ddf,active,72,THR,OG1,68,VAL,O,3.067,bb-sc
6ddf,active,71,ILE,N,69,THR,O,3.366,bb-bb
6ddf,active,72,THR,N,69,THR,O,3.356,bb-bb
6ddf,active,73,ILE,N,69,THR,O,2.885,bb-bb
6ddf,active,74,MET,N,72,THR,O,3.301,bb-bb
6ddf,active,75,ALA,N,72,THR,O,3.485,bb-bb
6ddf,active,75,ALA,N,73,ILE,O,3.445,bb-bb
6ddf,active,76,LEU,N,73,ILE,O,3.453,bb-bb
6ddf,active,77,TYR,N,73,ILE,O,2.853,bb-bb
6ddf,active,77,TYR,N,74,MET,O,3.433,bb-bb
6ddf,active,78,SER,N,74,MET,O,2.862,bb-bb
6ddf,active,77,TYR,N,75,ALA,O,3.371,bb-bb
6ddf,active,79,ILE,N,75,ALA,O,2.863,bb-bb
6ddf,active,80,VAL,N,78,SER,O,3.485,bb-bb
6ddf,active,81,CYS,N,78,SER,O,3.153,bb-bb
6ddf,active,82,VAL,N,78,SER,O,2.898,bb-bb
6ddf,active,82,VAL,N,79,ILE,O,3.389,bb-bb
6ddf,active,83,VAL,N,79,ILE,O,2.905,bb-bb
6ddf,active,84,GLY,N,80,VAL,O,2.896,bb-bb
6ddf,active,85,LEU,N,81,CYS,O,2.876,bb-bb
6ddf,active,85,LEU,N,82,VAL,O,3.459,bb-bb
6ddf,active,86,PHE,N,82,VAL,O,2.943,bb-bb
6ddf,active,86,PHE,N,83,VAL,O,3.454,bb-bb
6ddf,active,87,GLY,N,83,VAL,O,2.938,bb-bb
6ddf,active,87,GLY,N,84,GLY,O,3.447,bb-bb
6ddf,active,88,ASN,N,84,GLY,O,2.881,bb-bb
6ddf,active,89,PHE,N,85,LEU,O,2.936,bb-bb
6ddf,active,90,LEU,N,86,PHE,O,2.922,bb-bb
6ddf,active,90,LEU,N,87,GLY,O,3.232,bb-bb
6ddf,active,91,VAL,N,87,GLY,O,2.936,bb-bb
6ddf,active,91,VAL,N,88,ASN,O,3.3,bb-bb
6ddf,active,92,MET,N,88,ASN,O,2.923,bb-bb
6ddf,active,88,ASN,ND2,113,ALA,O,3.327,bb-sc
6ddf,active,91,VAL,N,89,PHE,O,3.455,bb-bb
6ddf,active,93,TYR,N,89,PHE,O,2.899,bb-bb
6ddf,active,93,TYR,N,90,LEU,O,3.461,bb-bb
6ddf,active,94,VAL,N,90,LEU,O,2.934,bb-bb
6ddf,active,93,TYR,N,91,VAL,O,3.35,bb-bb
6ddf,active,94,VAL,N,91,VAL,O,3.309,bb-bb
6ddf,active,95,ILE,N,91,VAL,O,2.939,bb-bb
6ddf,active,96,VAL,N,92,MET,O,2.945,bb-bb
6ddf,active,95,ILE,N,93,TYR,O,3.404,bb-bb
6ddf,active,96,VAL,N,93,TYR,O,3.358,bb-bb
6ddf,active,97,ARG,N,93,TYR,O,2.898,bb-bb
6ddf,active,98,TYR,N,94,VAL,O,2.924,bb-bb
6ddf,active,97,ARG,N,95,ILE,O,3.295,bb-bb
6ddf,active,99,THR,N,95,ILE,O,3.334,bb-bb
6ddf,active,99,THR,OG1,95,ILE,O,2.755,bb-sc
6ddf,active,100,LYS,N,95,ILE,O,3.224,bb-bb
6ddf,active,100,LYS,NZ,97,ARG,O,3.389,bb-sc
6ddf,active,101,MET,N,99,THR,O,3.075,bb-bb
6ddf,active,102,LYS,N,100,LYS,O,3.274,bb-bb
6ddf,active,107,ILE,N,104,ALA,O,3.328,bb-bb
6ddf,active,107,ILE,N,105,THR,O,3.275,bb-bb
6ddf,active,108,TYR,N,105,THR,O,3.128,bb-bb
6ddf,active,109,ILE,N,105,THR,O,2.961,bb-bb
6ddf,active,181,ARG,NH1,105,THR,OG1,3.186,sc-sc
6ddf,active,109,ILE,N,106,ASN,O,3.454,bb-bb
6ddf,active,110,PHE,N,106,ASN,O,2.878,bb-bb
6ddf,active,109,ILE,N,107,ILE,O,3.493,bb-bb
6ddf,active,110,PHE,N,107,ILE,O,3.435,bb-bb
6ddf,active,111,ASN,N,107,ILE,O,2.92,bb-bb
6ddf,active,111,ASN,N,108,TYR,O,3.293,bb-bb
6ddf,active,112,LEU,N,108,TYR,O,2.929,bb-bb
6ddf,active,111,ASN,N,109,ILE,O,3.466,bb-bb
6ddf,active,112,LEU,N,109,ILE,O,3.395,bb-bb
6ddf,active,113,ALA,N,109,ILE,O,2.883,bb-bb
6ddf,active,113,ALA,N,110,PHE,O,3.438,bb-bb
6ddf,active,114,LEU,N,110,PHE,O,2.918,bb-bb
6ddf,active,113,ALA,N,111,ASN,O,3.423,bb-bb
6ddf,active,114,LEU,N,111,ASN,O,3.369,bb-bb
6ddf,active,115,ALA,N,111,ASN,O,2.935,bb-bb
6ddf,active,111,ASN,ND2,159,THR,OG1,2.771,sc-sc
6ddf,active,159,THR,OG1,111,ASN,OD1,3.484,sc-sc
6ddf,active,111,ASN,ND2,190,ASN,OD1,2.404,sc-sc
6ddf,active,194,TRP,NE1,111,ASN,OD1,2.785,sc-sc
6ddf,active,116,ASP,N,112,LEU,O,2.88,bb-bb
6ddf,active,116,ASP,N,113,ALA,O,3.485,bb-bb
6ddf,active,117,ALA,N,113,ALA,O,2.849,bb-bb
6ddf,active,116,ASP,N,114,LEU,O,3.355,bb-bb
6ddf,active,117,ALA,N,114,LEU,O,3.176,bb-bb
6ddf,active,118,LEU,N,114,LEU,O,3.017,bb-bb
6ddf,active,120,THR,N,116,ASP,O,2.877,bb-bb
6ddf,active,120,THR,OG1,116,ASP,O,2.411,bb-sc
6ddf,active,331,SER,OG,116,ASP,O,2.972,bb-sc
6ddf,active,120,THR,N,117,ALA,O,3.324,bb-bb
6ddf,active,121,SER,N,117,ALA,O,2.901,bb-bb
6ddf,active,120,THR,N,118,LEU,O,3.4,bb-bb
6ddf,active,121,SER,N,118,LEU,O,3.344,bb-bb
6ddf,active,122,THR,N,118,LEU,O,3.006,bb-bb
6ddf,active,122,THR,OG1,118,LEU,O,2.569,bb-sc
6ddf,active,122,THR,N,119,ALA,O,3.251,bb-bb
6ddf,active,123,LEU,N,119,ALA,O,3.497,bb-bb
6ddf,active,122,THR,N,120,THR,O,3.325,bb-bb
6ddf,active,123,LEU,N,120,THR,O,3.26,bb-bb
6ddf,active,120,THR,OG1,331,SER,OG,2.774,sc-sc
6ddf,active,331,SER,OG,120,THR,OG1,2.774,sc-sc
6ddf,active,124,PRO,N,122,THR,O,3.099,bb-bb
6ddf,active,125,PHE,N,122,THR,O,2.867,bb-bb
6ddf,active,125,PHE,N,123,LEU,O,3.337,bb-bb
6ddf,active,126,GLN,N,124,PRO,O,3.465,bb-bb
6ddf,active,127,SER,N,124,PRO,O,3.083,bb-bb
6ddf,active,129,ASN,N,126,GLN,O,3.407,bb-bb
6ddf,active,129,ASN,N,127,SER,O,3.257,bb-bb
6ddf,active,130,TYR,N,127,SER,O,3.441,bb-bb
6ddf,active,130,TYR,N,128,VAL,O,3.088,bb-bb
6ddf,active,132,MET,N,128,VAL,O,2.975,bb-bb
6ddf,active,133,GLY,N,128,VAL,O,3.496,bb-bb
6ddf,active,129,ASN,ND2,134,THR,O,2.382,bb-sc
6ddf,active,133,GLY,N,131,LEU,O,3.435,bb-bb
6ddf,active,134,THR,N,132,MET,O,3.197,bb-bb
6ddf,active,213,ARG,NH1,133,GLY,O,2.94,bb-sc
6ddf,active,137,PHE,N,135,TRP,O,2.822,bb-bb
6ddf,active,135,TRP,NE1,138,GLY,O,3.075,bb-sc
6ddf,active,135,TRP,N,217,ILE,O,2.358,bb-bb
6ddf,active,140,ILE,N,138,GLY,O,3.37,bb-bb
6ddf,active,141,LEU,N,139,ASN,O,3.154,bb-bb
6ddf,active,144,ILE,N,141,LEU,O,3.445,bb-bb
6ddf,active,145,VAL,N,141,LEU,O,2.883,bb-bb
6ddf,active,144,ILE,N,142,CYS,O,3.426,bb-bb
6ddf,active,145,VAL,N,142,CYS,O,3.478,bb-bb
6ddf,active,146,ILE,N,142,CYS,O,2.979,bb-bb
6ddf,active,210,THR,OG1,142,CYS,SG,3.464,sc-sc
6ddf,active,147,SER,N,143,LYS,O,2.957,bb-bb
6ddf,active,147,SER,N,144,ILE,O,3.289,bb-bb
6ddf,active,148,ILE,N,144,ILE,O,2.931,bb-bb
6ddf,active,147,SER,N,145,VAL,O,3.457,bb-bb
6ddf,active,148,ILE,N,145,VAL,O,3.476,bb-bb
6ddf,active,149,ASP,N,145,VAL,O,2.877,bb-bb
6ddf,active,149,ASP,N,146,ILE,O,3.385,bb-bb
6ddf,active,150,TYR,N,146,ILE,O,2.967,bb-bb
6ddf,active,149,ASP,N,147,SER,O,3.451,bb-bb
6ddf,active,151,TYR,N,147,SER,O,2.885,bb-bb
6ddf,active,152,ASN,N,148,ILE,O,2.844,bb-bb
6ddf,active,152,ASN,ND2,148,ILE,O,2.966,bb-sc
6ddf,active,151,TYR,N,149,ASP,O,3.185,bb-bb
6ddf,active,152,ASN,N,149,ASP,O,3.451,bb-bb
6ddf,active,153,MET,N,149,ASP,O,2.946,bb-bb
6ddf,active,328,TYR,OH,149,ASP,OD1,2.283,sc-sc
6ddf,active,153,MET,N,151,TYR,O,3.444,bb-bb
6ddf,active,154,PHE,N,151,TYR,O,3.45,bb-bb
6ddf,active,155,THR,N,151,TYR,O,2.942,bb-bb
6ddf,active,155,THR,OG1,151,TYR,O,2.74,bb-sc
6ddf,active,155,THR,N,152,ASN,O,3.427,bb-bb
6ddf,active,156,SER,N,152,ASN,O,2.863,bb-bb
6ddf,active,155,THR,N,153,MET,O,3.351,bb-bb
6ddf,active,156,SER,N,153,MET,O,3.289,bb-bb
6ddf,active,157,ILE,N,153,MET,O,2.956,bb-bb
6ddf,active,157,ILE,N,154,PHE,O,3.428,bb-bb
6ddf,active,158,PHE,N,154,PHE,O,2.871,bb-bb
6ddf,active,197,SER,OG,154,PHE,O,3.464,bb-sc
6ddf,active,157,ILE,N,155,THR,O,3.377,bb-bb
6ddf,active,158,PHE,N,155,THR,O,3.382,bb-bb
6ddf,active,159,THR,N,155,THR,O,2.882,bb-bb
6ddf,active,159,THR,OG1,155,THR,O,2.714,bb-sc
6ddf,active,159,THR,N,157,ILE,O,3.37,bb-bb
6ddf,active,160,LEU,N,157,ILE,O,3.165,bb-bb
6ddf,active,161,CYS,N,157,ILE,O,2.959,bb-bb
6ddf,active,161,CYS,N,158,PHE,O,3.389,bb-bb
6ddf,active,162,THR,N,158,PHE,O,2.861,bb-bb
6ddf,active,162,THR,OG1,158,PHE,O,2.646,bb-sc
6ddf,active,193,ASN,ND2,158,PHE,O,3.173,bb-sc
6ddf,active,162,THR,N,159,THR,O,3.39,bb-bb
6ddf,active,163,MET,N,159,THR,O,2.868,bb-bb
6ddf,active,163,MET,N,160,LEU,O,3.422,bb-bb
6ddf,active,164,SER,N,160,LEU,O,2.922,bb-bb
6ddf,active,163,MET,N,161,CYS,O,3.499,bb-bb
6ddf,active,164,SER,N,161,CYS,O,3.266,bb-bb
6ddf,active,165,VAL,N,161,CYS,O,2.947,bb-bb
6ddf,active,165,VAL,N,162,THR,O,3.427,bb-bb
6ddf,active,166,ASP,N,162,THR,O,2.869,bb-bb
6ddf,active,193,ASN,ND2,162,THR,OG1,3.026,sc-sc
6ddf,active,166,ASP,N,163,MET,O,3.315,bb-bb
6ddf,active,167,ARG,N,163,MET,O,2.917,bb-bb
6ddf,active,166,ASP,N,164,SER,O,3.41,bb-bb
6ddf,active,167,ARG,N,164,SER,O,3.342,bb-bb
6ddf,active,168,TYR,N,164,SER,O,2.914,bb-bb
6ddf,active,164,SER,OG,253,CYS,SG,3.085,sc-sc
6ddf,active,168,TYR,N,165,VAL,O,3.38,bb-bb
6ddf,active,169,ILE,N,165,VAL,O,2.906,bb-bb
6ddf,active,168,TYR,N,166,ASP,O,3.494,bb-bb
6ddf,active,169,ILE,N,166,ASP,O,3.38,bb-bb
6ddf,active,170,ALA,N,166,ASP,O,2.886,bb-bb
6ddf,active,181,ARG,NE,166,ASP,OD1,2.924,sc-sc
6ddf,active,181,ARG,NE,166,ASP,OD2,2.94,sc-sc
6ddf,active,181,ARG,NH1,166,ASP,OD2,3.05,sc-sc
6ddf,active,170,ALA,N,167,ARG,O,3.275,bb-bb
6ddf,active,171,VAL,N,167,ARG,O,2.944,bb-bb
6ddf,active,172,CYS,N,168,TYR,O,2.88,bb-bb
6ddf,active,168,TYR,OH,173,HIS,NE2,3.497,sc-sc
6ddf,active,173,HIS,NE2,168,TYR,OH,3.497,sc-sc
6ddf,active,171,VAL,N,169,ILE,O,3.3,bb-bb
6ddf,active,173,HIS,N,169,ILE,O,3.401,bb-bb
6ddf,active,175,VAL,N,173,HIS,O,3.325,bb-bb
6ddf,active,177,ALA,N,173,HIS,O,3.191,bb-bb
6ddf,active,177,ALA,N,175,VAL,O,3.37,bb-bb
6ddf,active,178,LEU,N,175,VAL,O,3.412,bb-bb
6ddf,active,178,LEU,N,176,LYS,O,3.324,bb-bb
6ddf,active,179,ASP,N,176,LYS,O,2.997,bb-bb
6ddf,active,180,PHE,N,176,LYS,O,2.945,bb-bb
6ddf,active,179,ASP,N,177,ALA,O,3.487,bb-bb
6ddf,active,181,ARG,N,177,ALA,O,3.344,bb-bb
6ddf,active,182,THR,N,180,PHE,O,2.696,bb-bb
6ddf,active,185,ASN,ND2,180,PHE,O,3.388,bb-sc
6ddf,active,184,ARG,N,182,THR,O,3.067,bb-bb
6ddf,active,185,ASN,N,182,THR,O,3.165,bb-bb
6ddf,active,186,ALA,N,182,THR,O,3.157,bb-bb
6ddf,active,188,ILE,N,184,ARG,O,3.165,bb-bb
6ddf,active,188,ILE,N,185,ASN,O,3.241,bb-bb
6ddf,active,189,VAL,N,185,ASN,O,2.924,bb-bb
6ddf,active,188,ILE,N,186,ALA,O,3.459,bb-bb
6ddf,active,190,ASN,N,186,ALA,O,2.977,bb-bb
6ddf,active,190,ASN,N,187,LYS,O,3.281,bb-bb
6ddf,active,191,VAL,N,187,LYS,O,2.925,bb-bb
6ddf,active,190,ASN,N,188,ILE,O,3.387,bb-bb
6ddf,active,191,VAL,N,188,ILE,O,3.348,bb-bb
6ddf,active,192,CYS,N,188,ILE,O,2.9,bb-bb
6ddf,active,192,CYS,N,189,VAL,O,3.362,bb-bb
6ddf,active,193,ASN,N,189,VAL,O,2.936,bb-bb
6ddf,active,192,CYS,N,190,ASN,O,3.346,bb-bb
6ddf,active,193,ASN,N,190,ASN,O,3.285,bb-bb
6ddf,active,194,TRP,N,190,ASN,O,3.027,bb-bb
6ddf,active,194,TRP,NE1,190,ASN,OD1,3.145,sc-sc
6ddf,active,195,ILE,N,191,VAL,O,2.959,bb-bb
6ddf,active,195,ILE,N,192,CYS,O,3.372,bb-bb
6ddf,active,196,LEU,N,192,CYS,O,2.906,bb-bb
6ddf,active,196,LEU,N,193,ASN,O,3.465,bb-bb
6ddf,active,197,SER,N,193,ASN,O,2.903,bb-bb
6ddf,active,197,SER,OG,193,ASN,O,2.925,bb-sc
6ddf,active,197,SER,N,194,TRP,O,3.303,bb-bb
6ddf,active,198,SER,N,194,TRP,O,2.969,bb-bb
6ddf,active,197,SER,N,195,ILE,O,3.463,bb-bb
6ddf,active,198,SER,N,195,ILE,O,3.18,bb-bb
6ddf,active,198,SER,OG,195,ILE,O,2.443,bb-sc
6ddf,active,199,ALA,N,195,ILE,O,2.94,bb-bb
6ddf,active,199,ALA,N,196,LEU,O,3.464,bb-bb
6ddf,active,200,ILE,N,197,SER,O,3.419,bb-bb
6ddf,active,201,GLY,N,197,SER,O,2.885,bb-bb
6ddf,active,200,ILE,N,198,SER,O,3.116,bb-bb
6ddf,active,201,GLY,N,198,SER,O,3.11,bb-bb
6ddf,active,202,LEU,N,198,SER,O,2.926,bb-bb
6ddf,active,204,VAL,N,201,GLY,O,3.32,bb-bb
6ddf,active,205,MET,N,201,GLY,O,2.91,bb-bb
6ddf,active,204,VAL,N,202,LEU,O,3.367,bb-bb
6ddf,active,205,MET,N,202,LEU,O,2.992,bb-bb
6ddf,active,206,PHE,N,202,LEU,O,2.91,bb-bb
6ddf,active,207,MET,N,204,VAL,O,3.493,bb-bb
6ddf,active,208,ALA,N,204,VAL,O,3.422,bb-bb
6ddf,active,207,MET,N,205,MET,O,3.259,bb-bb
6ddf,active,208,ALA,N,205,MET,O,3.288,bb-bb
6ddf,active,209,THR,N,207,MET,O,3.059,bb-bb
6ddf,active,209,THR,N,220,THR,O,2.984,bb-bb
6ddf,active,209,THR,OG1,220,THR,O,3.392,bb-sc
6ddf,active,213,ARG,NE,218,ASP,OD2,2.856,sc-sc
6ddf,active,213,ARG,NH2,218,ASP,OD1,3.092,sc-sc
6ddf,active,231,GLU,N,229,TYR,O,3.219,bb-bb
6ddf,active,232,ASN,N,229,TYR,O,2.777,bb-bb
6ddf,active,233,LEU,N,229,TYR,O,2.998,bb-bb
6ddf,active,233,LEU,N,231,GLU,O,3.264,bb-bb
6ddf,active,234,LEU,N,231,GLU,O,2.982,bb-bb
6ddf,active,234,LEU,N,232,ASN,O,3.488,bb-bb
6ddf,active,236,ILE,N,233,LEU,O,3.424,bb-bb
6ddf,active,237,CYS,N,233,LEU,O,2.869,bb-bb
6ddf,active,237,CYS,N,234,LEU,O,3.285,bb-bb
6ddf,active,238,VAL,N,234,LEU,O,2.894,bb-bb
6ddf,active,237,CYS,N,235,LYS,O,3.417,bb-bb
6ddf,active,238,VAL,N,235,LYS,O,3.423,bb-bb
6ddf,active,239,PHE,N,235,LYS,O,2.944,bb-bb
6ddf,active,239,PHE,N,236,ILE,O,3.348,bb-bb
6ddf,active,240,ILE,N,236,ILE,O,2.891,bb-bb
6ddf,active,239,PHE,N,237,CYS,O,3.431,bb-bb
6ddf,active,241,PHE,N,237,CYS,O,2.871,bb-bb
6ddf,active,242,ALA,N,238,VAL,O,2.869,bb-bb
6ddf,active,241,PHE,N,239,PHE,O,3.407,bb-bb
6ddf,active,243,PHE,N,239,PHE,O,3.005,bb-bb
6ddf,active,244,ILE,N,239,PHE,O,3.016,bb-bb
6ddf,active,247,VAL,N,243,PHE,O,3.313,bb-bb
6ddf,active,248,LEU,N,244,ILE,O,2.903,bb-bb
6ddf,active,248,LEU,N,245,MET,O,3.494,bb-bb
6ddf,active,249,ILE,N,245,MET,O,2.871,bb-bb
6ddf,active,249,ILE,N,246,PRO,O,3.34,bb-bb
6ddf,active,250,ILE,N,246,PRO,O,2.87,bb-bb
6ddf,active,249,ILE,N,247,VAL,O,3.219,bb-bb
6ddf,active,250,ILE,N,247,VAL,O,3.332,bb-bb
6ddf,active,251,THR,N,247,VAL,O,2.943,bb-bb
6ddf,active,251,THR,N,249,ILE,O,3.479,bb-bb
6ddf,active,253,CYS,N,249,ILE,O,2.856,bb-bb
6ddf,active,255,GLY,N,251,THR,O,2.871,bb-bb
6ddf,active,254,TYR,N,252,VAL,O,3.177,bb-bb
6ddf,active,255,GLY,N,252,VAL,O,3.152,bb-bb
6ddf,active,256,LEU,N,252,VAL,O,2.952,bb-bb
6ddf,active,257,MET,N,254,TYR,O,3.213,bb-bb
6ddf,active,258,ILE,N,254,TYR,O,2.933,bb-bb
6ddf,active,257,MET,N,255,GLY,O,3.464,bb-bb
6ddf,active,258,ILE,N,255,GLY,O,3.32,bb-bb
6ddf,active,259,LEU,N,255,GLY,O,2.918,bb-bb
6ddf,active,260,ARG,N,256,LEU,O,2.9,bb-bb
6ddf,active,260,ARG,N,257,MET,O,3.272,bb-bb
6ddf,active,261,LEU,N,257,MET,O,2.896,bb-bb
6ddf,active,260,ARG,N,258,ILE,O,3.292,bb-bb
6ddf,active,261,LEU,N,258,ILE,O,3.21,bb-bb
6ddf,active,262,LYS,N,258,ILE,O,2.96,bb-bb
6ddf,active,262,LYS,N,260,ARG,O,3.302,bb-bb
6ddf,active,260,ARG,NH1,263,SER,O,3.361,bb-sc
6ddf,active,263,SER,N,260,ARG,O,2.981,bb-bb
6ddf,active,263,SER,N,261,LEU,O,3.387,bb-bb
6ddf,active,264,VAL,N,261,LEU,O,3.454,bb-bb
6ddf,active,266,MET,N,264,VAL,O,3.296,bb-bb
6ddf,active,267,LEU,N,264,VAL,O,3.083,bb-bb
6ddf,active,268,SER,N,264,VAL,O,2.942,bb-bb
6ddf,active,267,LEU,N,265,ARG,O,3.375,bb-bb
6ddf,active,274,ASP,N,269,GLY,O,3.48,bb-bb
6ddf,active,272,GLU,N,270,SER,O,2.799,bb-bb
6ddf,active,273,LYS,N,270,SER,O,2.543,bb-bb
6ddf,active,274,ASP,N,270,SER,O,3.143,bb-bb
6ddf,active,274,ASP,N,271,LYS,O,3.215,bb-bb
6ddf,active,275,ARG,N,271,LYS,O,2.875,bb-bb
6ddf,active,274,ASP,N,272,GLU,O,3.433,bb-bb
6ddf,active,275,ARG,N,272,GLU,O,3.313,bb-bb
6ddf,active,276,ASN,N,272,GLU,O,2.977,bb-bb
6ddf,active,276,ASN,ND2,272,GLU,O,3.177,bb-sc
6ddf,active,276,ASN,ND2,272,GLU,OE1,3.207,sc-sc
6ddf,active,276,ASN,ND2,272,GLU,OE2,3.035,sc-sc
6ddf,active,276,ASN,N,273,LYS,O,3.21,bb-bb
6ddf,active,277,LEU,N,273,LYS,O,2.937,bb-bb
6ddf,active,276,ASN,N,274,ASP,O,3.47,bb-bb
6ddf,active,277,LEU,N,274,ASP,O,3.267,bb-bb
6ddf,active,278,ARG,N,274,ASP,O,2.904,bb-bb
6ddf,active,278,ARG,N,275,ARG,O,3.352,bb-bb
6ddf,active,279,ARG,N,275,ARG,O,2.84,bb-bb
6ddf,active,278,ARG,N,276,ASN,O,3.477,bb-bb
6ddf,active,279,ARG,N,276,ASN,O,3.165,bb-bb
6ddf,active,280,ILE,N,276,ASN,O,2.997,bb-bb
6ddf,active,279,ARG,N,277,LEU,O,3.429,bb-bb
6ddf,active,280,ILE,N,277,LEU,O,3.281,bb-bb
6ddf,active,281,THR,N,277,LEU,O,2.981,bb-bb
6ddf,active,281,THR,OG1,277,LEU,O,3.239,bb-sc
6ddf,active,281,THR,N,278,ARG,O,3.343,bb-bb
6ddf,active,281,THR,OG1,278,ARG,O,2.768,bb-sc
6ddf,active,282,ARG,N,278,ARG,O,2.845,bb-bb
6ddf,active,282,ARG,N,279,ARG,O,3.349,bb-bb
6ddf,active,283,MET,N,279,ARG,O,2.979,bb-bb
6ddf,active,279,ARG,NH1,343,GLU,OE2,3.341,sc-sc
6ddf,active,279,ARG,NH2,343,GLU,OE2,3.246,sc-sc
6ddf,active,282,ARG,N,280,ILE,O,3.457,bb-bb
6ddf,active,283,MET,N,280,ILE,O,3.26,bb-bb
6ddf,active,284,VAL,N,280,ILE,O,2.992,bb-bb
6ddf,active,284,VAL,N,281,THR,O,3.445,bb-bb
6ddf,active,285,LEU,N,281,THR,O,2.937,bb-bb
6ddf,active,284,VAL,N,282,ARG,O,3.48,bb-bb
6ddf,active,285,LEU,N,282,ARG,O,3.418,bb-bb
6ddf,active,286,VAL,N,282,ARG,O,2.878,bb-bb
6ddf,active,286,VAL,N,283,MET,O,3.258,bb-bb
6ddf,active,287,VAL,N,283,MET,O,2.987,bb-bb
6ddf,active,286,VAL,N,284,VAL,O,3.408,bb-bb
6ddf,active,287,VAL,N,284,VAL,O,3.414,bb-bb
6ddf,active,288,VAL,N,284,VAL,O,3.055,bb-bb
6ddf,active,289,ALA,N,285,LEU,O,2.882,bb-bb
6ddf,active,290,VAL,N,286,VAL,O,2.868,bb-bb
6ddf,active,290,VAL,N,287,VAL,O,3.444,bb-bb
6ddf,active,291,PHE,N,287,VAL,O,2.974,bb-bb
6ddf,active,290,VAL,N,288,VAL,O,3.468,bb-bb
6ddf,active,291,PHE,N,288,VAL,O,3.256,bb-bb
6ddf,active,292,ILE,N,288,VAL,O,2.998,bb-bb
6ddf,active,292,ILE,N,289,ALA,O,3.493,bb-bb
6ddf,active,293,VAL,N,289,ALA,O,2.863,bb-bb
6ddf,active,294,CYS,N,290,VAL,O,2.891,bb-bb
6ddf,active,294,CYS,N,291,PHE,O,3.456,bb-bb
6ddf,active,295,TRP,N,291,PHE,O,2.993,bb-bb
6ddf,active,294,CYS,N,292,ILE,O,3.43,bb-bb
6ddf,active,296,THR,N,292,ILE,O,2.864,bb-bb
6ddf,active,330,ASN,N,294,CYS,SG,3.306,bb-sc
6ddf,active,295,TRP,NE1,327,GLY,O,2.406,bb-sc
6ddf,active,298,ILE,N,296,THR,O,3.388,bb-bb
6ddf,active,299,HIS,N,296,THR,O,3.329,bb-bb
6ddf,active,300,ILE,N,296,THR,O,2.954,bb-bb
6ddf,active,299,HIS,N,297,PRO,O,3.209,bb-bb
6ddf,active,300,ILE,N,297,PRO,O,3.412,bb-bb
6ddf,active,301,TYR,N,297,PRO,O,2.813,bb-bb
6ddf,active,301,TYR,N,299,HIS,O,3.459,bb-bb
6ddf,active,302,VAL,N,299,HIS,O,3.326,bb-bb
6ddf,active,303,ILE,N,299,HIS,O,3.001,bb-bb
6ddf,active,302,VAL,N,300,ILE,O,3.492,bb-bb
6ddf,active,303,ILE,N,300,ILE,O,3.33,bb-bb
6ddf,active,304,ILE,N,300,ILE,O,2.959,bb-bb
6ddf,active,303,ILE,N,301,TYR,O,3.359,bb-bb
6ddf,active,304,ILE,N,301,TYR,O,3.226,bb-bb
6ddf,active,305,LYS,N,301,TYR,O,2.799,bb-bb
6ddf,active,301,TYR,OH,316,GLN,NE2,2.387,sc-sc
6ddf,active,316,GLN,NE2,301,TYR,OH,2.387,sc-sc
6ddf,active,305,LYS,N,303,ILE,O,3.373,bb-bb
6ddf,active,306,ALA,N,303,ILE,O,3.076,bb-bb
6ddf,active,306,ALA,N,304,ILE,O,3.24,bb-bb
6ddf,active,307,LEU,N,304,ILE,O,3.478,bb-bb
6ddf,active,308,ILE,N,304,ILE,O,3.402,bb-bb
6ddf,active,310,ILE,N,308,ILE,O,3.322,bb-bb
6ddf,active,312,GLU,N,310,ILE,O,3.461,bb-bb
6ddf,active,313,THR,N,311,PRO,O,2.67,bb-bb
6ddf,active,315,PHE,N,313,THR,O,3.114,bb-bb
6ddf,active,316,GLN,N,313,THR,O,2.935,bb-bb
6ddf,active,318,VAL,N,316,GLN,O,3.216,bb-bb
6ddf,active,319,SER,N,316,GLN,O,2.827,bb-bb
6ddf,active,320,TRP,N,316,GLN,O,2.889,bb-bb
6ddf,active,320,TRP,N,317,THR,O,3.163,bb-bb
6ddf,active,321,HIS,N,317,THR,O,2.942,bb-bb
6ddf,active,320,TRP,N,318,VAL,O,3.367,bb-bb
6ddf,active,321,HIS,N,318,VAL,O,3.461,bb-bb
6ddf,active,322,PHE,N,318,VAL,O,2.934,bb-bb
6ddf,active,323,CYS,N,319,SER,O,2.784,bb-bb
6ddf,active,323,CYS,N,320,TRP,O,3.103,bb-bb
6ddf,active,324,ILE,N,320,TRP,O,2.956,bb-bb
6ddf,active,323,CYS,N,321,HIS,O,3.424,bb-bb
6ddf,active,324,ILE,N,321,HIS,O,3.364,bb-bb
6ddf,active,325,ALA,N,321,HIS,O,2.916,bb-bb
6ddf,active,325,ALA,N,322,PHE,O,3.223,bb-bb
6ddf,active,326,LEU,N,322,PHE,O,2.882,bb-bb
6ddf,active,325,ALA,N,323,CYS,O,3.466,bb-bb
6ddf,active,326,LEU,N,323,CYS,O,3.476,bb-bb
6ddf,active,327,GLY,N,323,CYS,O,2.895,bb-bb
6ddf,active,327,GLY,N,324,ILE,O,3.073,bb-bb
6ddf,active,328,TYR,N,324,ILE,O,2.983,bb-bb
6ddf,active,327,GLY,N,325,ALA,O,3.43,bb-bb
6ddf,active,328,TYR,N,325,ALA,O,3.131,bb-bb
6ddf,active,329,THR,N,325,ALA,O,2.902,bb-bb
6ddf,active,329,THR,OG1,325,ALA,O,2.772,bb-sc
6ddf,active,330,ASN,N,328,TYR,O,3.37,bb-bb
6ddf,active,331,SER,N,328,TYR,O,3.225,bb-bb
6ddf,active,332,CYS,N,328,TYR,O,2.92,bb-bb
6ddf,active,332,CYS,N,329,THR,O,3.203,bb-bb
6ddf,active,333,LEU,N,329,THR,O,2.859,bb-bb
6ddf,active,332,CYS,N,330,ASN,O,3.374,bb-bb
6ddf,active,333,LEU,N,330,ASN,O,3.292,bb-bb
6ddf,active,334,ASN,N,330,ASN,O,2.991,bb-bb
6ddf,active,334,ASN,ND2,330,ASN,O,2.805,bb-sc
6ddf,active,334,ASN,ND2,330,ASN,OD1,3.183,sc-sc
6ddf,active,335,PRO,N,333,LEU,O,3.381,bb-bb
6ddf,active,336,VAL,N,333,LEU,O,3.014,bb-bb
6ddf,active,337,LEU,N,333,LEU,O,2.678,bb-bb
6ddf,active,337,LEU,N,334,ASN,O,3.341,bb-bb
6ddf,active,338,TYR,N,334,ASN,O,2.949,bb-bb
6ddf,active,337,LEU,N,335,PRO,O,3.342,bb-bb
6ddf,active,339,ALA,N,335,PRO,O,3.209,bb-bb
6ddf,active,340,PHE,N,335,PRO,O,3.265,bb-bb
6ddf,active,340,PHE,N,338,TYR,O,3.411,bb-bb
6ddf,active,341,LEU,N,338,TYR,O,3.345,bb-bb
6ddf,active,342,ASP,N,340,PHE,O,3.133,bb-bb
6ddf,active,345,PHE,N,343,GLU,O,3.47,bb-bb
6ddf,active,346,LYS,N,343,GLU,O,3.399,bb-bb
6ddf,active,346,LYS,N,344,ASN,O,3.495,bb-bb
6ddf,active,347,ARG,N,345,PHE,O,3.356,bb-bb
7sbf,active,69,LEU,N,67,LEU,O,3.377,bb-bb
7sbf,active,70,ALA,N,67,LEU,O,3.086,bb-bb
7sbf,active,70,ALA,N,68,ALA,O,3.253,bb-bb
7sbf,active,71,ILE,N,68,ALA,O,3.08,bb-bb
7sbf,active,72,ALA,N,68,ALA,O,2.903,bb-bb
7sbf,active,71,ILE,N,69,LEU,O,3.13,bb-bb
7sbf,active,72,ALA,N,69,LEU,O,3.138,bb-bb
7sbf,active,73,ILE,N,69,LEU,O,2.894,bb-bb
7sbf,active,73,ILE,N,71,ILE,O,3.495,bb-bb
7sbf,active,75,ALA,N,71,ILE,O,2.891,bb-bb
7sbf,active,75,ALA,N,72,ALA,O,3.271,bb-bb
7sbf,active,76,LEU,N,72,ALA,O,2.901,bb-bb
7sbf,active,75,ALA,N,73,ILE,O,3.427,bb-bb
7sbf,active,76,LEU,N,73,ILE,O,3.152,bb-bb
7sbf,active,77,TYR,N,73,ILE,O,2.911,bb-bb
7sbf,active,77,TYR,N,74,THR,O,3.343,bb-bb
7sbf,active,78,SER,N,74,THR,O,2.896,bb-bb
7sbf,active,78,SER,OG,74,THR,O,3.046,bb-sc
7sbf,active,74,THR,OG1,127,SER,O,3.464,bb-sc
7sbf,active,77,TYR,N,75,ALA,O,3.479,bb-bb
7sbf,active,78,SER,N,75,ALA,O,3.259,bb-bb
7sbf,active,79,ILE,N,75,ALA,O,2.893,bb-bb
7sbf,active,78,SER,N,76,LEU,O,3.392,bb-bb
7sbf,active,79,ILE,N,76,LEU,O,3.387,bb-bb
7sbf,active,80,VAL,N,76,LEU,O,2.961,bb-bb
7sbf,active,79,ILE,N,77,TYR,O,3.466,bb-bb
7sbf,active,80,VAL,N,77,TYR,O,3.392,bb-bb
7sbf,active,81,CYS,N,77,TYR,O,2.922,bb-bb
7sbf,active,77,TYR,OH,321,HIS,ND1,2.735,sc-sc
7sbf,active,321,HIS,ND1,77,TYR,OH,2.735,sc-sc
7sbf,active,80,VAL,N,78,SER,O,3.5,bb-bb
7sbf,active,81,CYS,N,78,SER,O,3.263,bb-bb
7sbf,active,82,VAL,N,78,SER,O,2.885,bb-bb
7sbf,active,81,CYS,N,79,ILE,O,3.422,bb-bb
7sbf,active,82,VAL,N,79,ILE,O,3.277,bb-bb
7sbf,active,83,VAL,N,79,ILE,O,2.942,bb-bb
7sbf,active,82,VAL,N,80,VAL,O,3.465,bb-bb
7sbf,active,83,VAL,N,80,VAL,O,3.396,bb-bb
7sbf,active,84,GLY,N,80,VAL,O,2.917,bb-bb
7sbf,active,83,VAL,N,81,CYS,O,3.465,bb-bb
7sbf,active,84,GLY,N,81,CYS,O,3.362,bb-bb
7sbf,active,85,LEU,N,81,CYS,O,2.88,bb-bb
7sbf,active,84,GLY,N,82,VAL,O,3.46,bb-bb
7sbf,active,85,LEU,N,82,VAL,O,3.499,bb-bb
7sbf,active,86,PHE,N,82,VAL,O,2.942,bb-bb
7sbf,active,85,LEU,N,83,VAL,O,3.495,bb-bb
7sbf,active,87,GLY,N,83,VAL,O,2.914,bb-bb
7sbf,active,87,GLY,N,84,GLY,O,3.469,bb-bb
7sbf,active,88,ASN,N,84,GLY,O,2.958,bb-bb
7sbf,active,88,ASN,ND2,84,GLY,O,2.38,bb-sc
7sbf,active,87,GLY,N,85,LEU,O,3.052,bb-bb
7sbf,active,88,ASN,N,85,LEU,O,2.932,bb-bb
7sbf,active,89,PHE,N,85,LEU,O,2.856,bb-bb
7sbf,active,88,ASN,N,86,PHE,O,3.452,bb-bb
7sbf,active,90,LEU,N,86,PHE,O,2.92,bb-bb
7sbf,active,90,LEU,N,87,GLY,O,3.357,bb-bb
7sbf,active,91,VAL,N,87,GLY,O,2.911,bb-bb
7sbf,active,90,LEU,N,88,ASN,O,3.488,bb-bb
7sbf,active,91,VAL,N,88,ASN,O,3.249,bb-bb
7sbf,active,92,MET,N,88,ASN,O,2.918,bb-bb
7sbf,active,91,VAL,N,89,PHE,O,3.422,bb-bb
7sbf,active,92,MET,N,89,PHE,O,3.404,bb-bb
7sbf,active,93,TYR,N,89,PHE,O,2.919,bb-bb
7sbf,active,93,TYR,N,90,LEU,O,3.305,bb-bb
7sbf,active,94,VAL,N,90,LEU,O,2.89,bb-bb
7sbf,active,93,TYR,N,91,VAL,O,3.428,bb-bb
7sbf,active,94,VAL,N,91,VAL,O,3.3,bb-bb
7sbf,active,95,ILE,N,91,VAL,O,2.928,bb-bb
7sbf,active,94,VAL,N,92,MET,O,3.469,bb-bb
7sbf,active,95,ILE,N,92,MET,O,3.303,bb-bb
7sbf,active,96,VAL,N,92,MET,O,2.919,bb-bb
7sbf,active,95,ILE,N,93,TYR,O,3.42,bb-bb
7sbf,active,96,VAL,N,93,TYR,O,3.36,bb-bb
7sbf,active,97,ARG,N,93,TYR,O,2.902,bb-bb
7sbf,active,96,VAL,N,94,VAL,O,3.473,bb-bb
7sbf,active,97,ARG,N,94,VAL,O,3.417,bb-bb
7sbf,active,98,TYR,N,94,VAL,O,2.899,bb-bb
7sbf,active,97,ARG,N,95,ILE,O,3.398,bb-bb
7sbf,active,99,THR,N,95,ILE,O,3.228,bb-bb
7sbf,active,99,THR,OG1,95,ILE,O,2.923,bb-sc
7sbf,active,100,LYS,N,95,ILE,O,2.492,bb-bb
7sbf,active,100,LYS,NZ,97,ARG,O,2.722,bb-sc
7sbf,active,100,LYS,NZ,98,TYR,O,3.32,bb-sc
7sbf,active,101,MET,N,99,THR,O,2.931,bb-bb
7sbf,active,102,LYS,N,99,THR,O,3.484,bb-bb
7sbf,active,103,THR,OG1,105,THR,O,2.864,bb-sc
7sbf,active,105,THR,N,103,THR,O,3.49,bb-bb
7sbf,active,106,ASN,ND2,103,THR,OG1,3.221,sc-sc
7sbf,active,107,ILE,N,105,THR,O,3.01,bb-bb
7sbf,active,109,ILE,N,107,ILE,O,3.49,bb-bb
7sbf,active,110,PHE,N,107,ILE,O,3.368,bb-bb
7sbf,active,111,ASN,N,107,ILE,O,2.877,bb-bb
7sbf,active,111,ASN,N,108,TYR,O,3.337,bb-bb
7sbf,active,112,LEU,N,108,TYR,O,2.874,bb-bb
7sbf,active,111,ASN,N,109,ILE,O,3.476,bb-bb
7sbf,active,112,LEU,N,109,ILE,O,3.294,bb-bb
7sbf,active,113,ALA,N,109,ILE,O,2.898,bb-bb
7sbf,active,112,LEU,N,110,PHE,O,3.465,bb-bb
7sbf,active,113,ALA,N,110,PHE,O,3.359,bb-bb
7sbf,active,114,LEU,N,110,PHE,O,2.911,bb-bb
7sbf,active,113,ALA,N,111,ASN,O,3.443,bb-bb
7sbf,active,114,LEU,N,111,ASN,O,3.227,bb-bb
7sbf,active,115,ALA,N,111,ASN,O,2.879,bb-bb
7sbf,active,111,ASN,ND2,159,THR,OG1,3.252,sc-sc
7sbf,active,111,ASN,ND2,190,ASN,OD1,2.726,sc-sc
7sbf,active,194,TRP,NE1,111,ASN,OD1,3.316,sc-sc
7sbf,active,114,LEU,N,112,LEU,O,3.479,bb-bb
7sbf,active,115,ALA,N,112,LEU,O,3.395,bb-bb
7sbf,active,116,ASP,N,112,LEU,O,2.896,bb-bb
7sbf,active,115,ALA,N,113,ALA,O,3.475,bb-bb
7sbf,active,116,ASP,N,113,ALA,O,3.407,bb-bb
7sbf,active,117,ALA,N,113,ALA,O,2.91,bb-bb
7sbf,active,116,ASP,N,114,LEU,O,3.484,bb-bb
7sbf,active,117,ALA,N,114,LEU,O,3.342,bb-bb
7sbf,active,118,LEU,N,114,LEU,O,2.914,bb-bb
7sbf,active,118,LEU,N,115,ALA,O,3.351,bb-bb
7sbf,active,119,ALA,N,115,ALA,O,2.887,bb-bb
7sbf,active,118,LEU,N,116,ASP,O,3.488,bb-bb
7sbf,active,119,ALA,N,116,ASP,O,3.368,bb-bb
7sbf,active,120,THR,N,116,ASP,O,2.887,bb-bb
7sbf,active,331,SER,OG,116,ASP,OD1,3.357,sc-sc
7sbf,active,119,ALA,N,117,ALA,O,3.445,bb-bb
7sbf,active,120,THR,N,117,ALA,O,3.359,bb-bb
7sbf,active,121,SER,N,117,ALA,O,2.905,bb-bb
7sbf,active,121,SER,N,118,LEU,O,3.311,bb-bb
7sbf,active,121,SER,OG,118,LEU,O,2.351,bb-sc
7sbf,active,121,SER,N,119,ALA,O,3.331,bb-bb
7sbf,active,122,THR,N,119,ALA,O,3.342,bb-bb
7sbf,active,122,THR,OG1,119,ALA,O,3.087,bb-sc
7sbf,active,122,THR,N,120,THR,O,3.145,bb-bb
7sbf,active,123,LEU,N,120,THR,O,3.047,bb-bb
7sbf,active,123,LEU,N,121,SER,O,3.465,bb-bb
7sbf,active,124,PRO,N,122,THR,O,3.18,bb-bb
7sbf,active,125,PHE,N,122,THR,O,2.773,bb-bb
7sbf,active,122,THR,OG1,126,GLN,NE2,2.84,sc-sc
7sbf,active,126,GLN,NE2,122,THR,OG1,2.84,sc-sc
7sbf,active,125,PHE,N,123,LEU,O,3.124,bb-bb
7sbf,active,126,GLN,N,123,LEU,O,3.184,bb-bb
7sbf,active,127,SER,N,123,LEU,O,2.952,bb-bb
7sbf,active,127,SER,N,124,PRO,O,3.268,bb-bb
7sbf,active,128,VAL,N,124,PRO,O,2.853,bb-bb
7sbf,active,127,SER,N,125,PHE,O,3.395,bb-bb
7sbf,active,128,VAL,N,125,PHE,O,3.305,bb-bb
7sbf,active,129,ASN,N,125,PHE,O,2.903,bb-bb
7sbf,active,130,TYR,N,126,GLN,O,3.06,bb-bb
7sbf,active,126,GLN,NE2,328,TYR,OH,3.321,sc-sc
7sbf,active,328,TYR,OH,126,GLN,NE2,3.321,sc-sc
7sbf,active,129,ASN,N,127,SER,O,3.47,bb-bb
7sbf,active,130,TYR,N,127,SER,O,3.409,bb-bb
7sbf,active,131,LEU,N,127,SER,O,2.865,bb-bb
7sbf,active,130,TYR,N,128,VAL,O,3.346,bb-bb
7sbf,active,131,LEU,N,128,VAL,O,3.023,bb-bb
7sbf,active,132,MET,N,128,VAL,O,2.992,bb-bb
7sbf,active,133,GLY,N,129,ASN,O,2.719,bb-bb
7sbf,active,134,THR,N,129,ASN,O,3.435,bb-bb
7sbf,active,132,MET,N,130,TYR,O,3.491,bb-bb
7sbf,active,133,GLY,N,130,TYR,O,3.483,bb-bb
7sbf,active,134,THR,N,132,MET,O,3.018,bb-bb
7sbf,active,137,PHE,N,135,TRP,O,3.351,bb-bb
7sbf,active,135,TRP,NE1,138,GLY,O,3.177,bb-sc
7sbf,active,135,TRP,NE1,142,CYS,SG,3.337,sc-sc
7sbf,active,138,GLY,N,136,PRO,O,3.313,bb-bb
7sbf,active,140,ILE,N,138,GLY,O,3.388,bb-bb
7sbf,active,141,LEU,N,139,ASN,O,3.493,bb-bb
7sbf,active,210,THR,N,139,ASN,OD1,3.277,bb-sc
7sbf,active,210,THR,OG1,139,ASN,OD1,3.122,sc-sc
7sbf,active,143,LYS,N,141,LEU,O,3.032,bb-bb
7sbf,active,144,ILE,N,141,LEU,O,2.934,bb-bb
7sbf,active,145,VAL,N,141,LEU,O,2.926,bb-bb
7sbf,active,210,THR,OG1,142,CYS,SG,3.459,sc-sc
7sbf,active,147,SER,OG,143,LYS,O,2.991,bb-sc
7sbf,active,147,SER,N,144,ILE,O,3.497,bb-bb
7sbf,active,148,ILE,N,144,ILE,O,2.828,bb-bb
7sbf,active,147,SER,N,145,VAL,O,3.463,bb-bb
7sbf,active,148,ILE,N,145,VAL,O,3.227,bb-bb
7sbf,active,149,ASP,N,145,VAL,O,2.914,bb-bb
7sbf,active,148,ILE,N,146,ILE,O,3.481,bb-bb
7sbf,active,149,ASP,N,146,ILE,O,3.319,bb-bb
7sbf,active,150,TYR,N,146,ILE,O,2.942,bb-bb
7sbf,active,149,ASP,N,147,SER,O,3.413,bb-bb
7sbf,active,150,TYR,N,147,SER,O,3.495,bb-bb
7sbf,active,151,TYR,N,147,SER,O,2.885,bb-bb
7sbf,active,205,MET,N,147,SER,OG,3.456,bb-sc
7sbf,active,151,TYR,N,148,ILE,O,3.424,bb-bb
7sbf,active,152,ASN,N,148,ILE,O,2.889,bb-bb
7sbf,active,152,ASN,ND2,148,ILE,O,2.872,bb-sc
7sbf,active,151,TYR,N,149,ASP,O,3.316,bb-bb
7sbf,active,152,ASN,N,149,ASP,O,3.339,bb-bb
7sbf,active,153,MET,N,149,ASP,O,3.01,bb-bb
7sbf,active,328,TYR,OH,149,ASP,OD1,2.619,sc-sc
7sbf,active,328,TYR,OH,149,ASP,OD2,3.13,sc-sc
7sbf,active,153,MET,N,151,TYR,O,3.471,bb-bb
7sbf,active,154,PHE,N,151,TYR,O,3.285,bb-bb
7sbf,active,155,THR,N,151,TYR,O,2.971,bb-bb
7sbf,active,151,TYR,OH,194,TRP,O,2.9,bb-sc
7sbf,active,154,PHE,N,152,ASN,O,3.421,bb-bb
7sbf,active,155,THR,N,152,ASN,O,3.307,bb-bb
7sbf,active,155,THR,OG1,152,ASN,O,2.717,bb-sc
7sbf,active,156,SER,N,152,ASN,O,2.919,bb-bb
7sbf,active,156,SER,OG,152,ASN,O,3.267,bb-sc
7sbf,active,156,SER,OG,153,MET,O,2.896,bb-sc
7sbf,active,157,ILE,N,153,MET,O,3.069,bb-bb
7sbf,active,156,SER,N,154,PHE,O,3.45,bb-bb
7sbf,active,157,ILE,N,154,PHE,O,3.401,bb-bb
7sbf,active,158,PHE,N,154,PHE,O,2.894,bb-bb
7sbf,active,158,PHE,N,155,THR,O,3.421,bb-bb
7sbf,active,159,THR,N,155,THR,O,2.919,bb-bb
7sbf,active,158,PHE,N,156,SER,O,3.432,bb-bb
7sbf,active,159,THR,N,156,SER,O,3.349,bb-bb
7sbf,active,160,LEU,N,156,SER,O,2.969,bb-bb
7sbf,active,159,THR,N,157,ILE,O,3.449,bb-bb
7sbf,active,160,LEU,N,157,ILE,O,3.222,bb-bb
7sbf,active,161,CYS,N,157,ILE,O,2.984,bb-bb
7sbf,active,161,CYS,N,158,PHE,O,3.37,bb-bb
7sbf,active,162,THR,N,158,PHE,O,2.87,bb-bb
7sbf,active,162,THR,OG1,158,PHE,O,2.7,bb-sc
7sbf,active,162,THR,N,159,THR,O,3.332,bb-bb
7sbf,active,163,MET,N,159,THR,O,2.907,bb-bb
7sbf,active,162,THR,N,160,LEU,O,3.382,bb-bb
7sbf,active,163,MET,N,160,LEU,O,3.269,bb-bb
7sbf,active,164,SER,N,160,LEU,O,2.992,bb-bb
7sbf,active,164,SER,N,161,CYS,O,3.284,bb-bb
7sbf,active,164,SER,OG,161,CYS,O,2.528,bb-sc
7sbf,active,165,VAL,N,161,CYS,O,2.926,bb-bb
7sbf,active,164,SER,N,162,THR,O,3.479,bb-bb
7sbf,active,165,VAL,N,162,THR,O,3.358,bb-bb
7sbf,active,166,ASP,N,162,THR,O,2.843,bb-bb
7sbf,active,193,ASN,ND2,162,THR,OG1,3.159,sc-sc
7sbf,active,165,VAL,N,163,MET,O,3.452,bb-bb
7sbf,active,166,ASP,N,163,MET,O,3.252,bb-bb
7sbf,active,167,ARG,N,163,MET,O,2.964,bb-bb
7sbf,active,166,ASP,N,164,SER,O,3.424,bb-bb
7sbf,active,167,ARG,N,164,SER,O,3.318,bb-bb
7sbf,active,168,TYR,N,164,SER,O,2.946,bb-bb
7sbf,active,167,ARG,N,165,VAL,O,3.481,bb-bb
7sbf,active,168,TYR,N,165,VAL,O,3.316,bb-bb
7sbf,active,169,ILE,N,165,VAL,O,2.886,bb-bb
7sbf,active,168,TYR,N,166,ASP,O,3.448,bb-bb
7sbf,active,169,ILE,N,166,ASP,O,3.295,bb-bb
7sbf,active,170,ALA,N,166,ASP,O,2.889,bb-bb
7sbf,active,181,ARG,NE,166,ASP,OD1,2.65,sc-sc
7sbf,active,169,ILE,N,167,ARG,O,3.451,bb-bb
7sbf,active,170,ALA,N,167,ARG,O,3.258,bb-bb
7sbf,active,171,VAL,N,167,ARG,O,2.975,bb-bb
7sbf,active,167,ARG,NH1,254,TYR,OH,3.49,sc-sc
7sbf,active,170,ALA,N,168,TYR,O,3.491,bb-bb
7sbf,active,171,VAL,N,168,TYR,O,3.459,bb-bb
7sbf,active,172,CYS,N,168,TYR,O,2.875,bb-bb
7sbf,active,171,VAL,N,169,ILE,O,3.381,bb-bb
7sbf,active,173,HIS,N,169,ILE,O,3.004,bb-bb
7sbf,active,177,ALA,N,173,HIS,O,2.919,bb-bb
7sbf,active,176,LYS,N,174,PRO,O,3.324,bb-bb
7sbf,active,177,ALA,N,174,PRO,O,3.087,bb-bb
7sbf,active,178,LEU,N,174,PRO,O,2.942,bb-bb
7sbf,active,178,LEU,N,175,VAL,O,3.37,bb-bb
7sbf,active,178,LEU,N,176,LYS,O,3.287,bb-bb
7sbf,active,179,ASP,N,176,LYS,O,3.101,bb-bb
7sbf,active,180,PHE,N,176,LYS,O,2.926,bb-bb
7sbf,active,179,ASP,N,177,ALA,O,3.435,bb-bb
7sbf,active,180,PHE,N,177,ALA,O,3.428,bb-bb
7sbf,active,181,ARG,N,177,ALA,O,3.149,bb-bb
7sbf,active,182,THR,N,180,PHE,O,3.001,bb-bb
7sbf,active,185,ASN,ND2,180,PHE,O,2.533,bb-sc
7sbf,active,184,ARG,N,182,THR,O,3.205,bb-bb
7sbf,active,185,ASN,N,182,THR,O,3.053,bb-bb
7sbf,active,185,ASN,N,182,THR,OG1,3.224,bb-sc
7sbf,active,185,ASN,ND2,182,THR,OG1,2.916,sc-sc
7sbf,active,186,ALA,N,182,THR,O,2.769,bb-bb
7sbf,active,186,ALA,N,183,PRO,O,3.159,bb-bb
7sbf,active,187,LYS,N,183,PRO,O,2.953,bb-bb
7sbf,active,186,ALA,N,184,ARG,O,3.342,bb-bb
7sbf,active,187,LYS,N,184,ARG,O,3.109,bb-bb
7sbf,active,188,ILE,N,184,ARG,O,2.935,bb-bb
7sbf,active,187,LYS,N,185,ASN,O,3.497,bb-bb
7sbf,active,188,ILE,N,185,ASN,O,3.278,bb-bb
7sbf,active,189,VAL,N,185,ASN,O,2.904,bb-bb
7sbf,active,188,ILE,N,186,ALA,O,3.467,bb-bb
7sbf,active,189,VAL,N,186,ALA,O,3.362,bb-bb
7sbf,active,190,ASN,N,186,ALA,O,2.902,bb-bb
7sbf,active,189,VAL,N,187,LYS,O,3.471,bb-bb
7sbf,active,190,ASN,N,187,LYS,O,3.257,bb-bb
7sbf,active,191,VAL,N,187,LYS,O,2.954,bb-bb
7sbf,active,190,ASN,N,188,ILE,O,3.393,bb-bb
7sbf,active,191,VAL,N,188,ILE,O,3.418,bb-bb
7sbf,active,192,CYS,N,188,ILE,O,2.914,bb-bb
7sbf,active,192,CYS,N,189,VAL,O,3.321,bb-bb
7sbf,active,193,ASN,N,189,VAL,O,2.885,bb-bb
7sbf,active,193,ASN,ND2,189,VAL,O,2.902,bb-sc
7sbf,active,192,CYS,N,190,ASN,O,3.338,bb-bb
7sbf,active,193,ASN,N,190,ASN,O,3.117,bb-bb
7sbf,active,194,TRP,N,190,ASN,O,3.029,bb-bb
7sbf,active,194,TRP,NE1,190,ASN,OD1,2.889,sc-sc
7sbf,active,193,ASN,N,191,VAL,O,3.476,bb-bb
7sbf,active,194,TRP,N,191,VAL,O,3.334,bb-bb
7sbf,active,195,ILE,N,191,VAL,O,2.911,bb-bb
7sbf,active,194,TRP,N,192,CYS,O,3.496,bb-bb
7sbf,active,195,ILE,N,192,CYS,O,3.352,bb-bb
7sbf,active,196,LEU,N,192,CYS,O,2.881,bb-bb
7sbf,active,195,ILE,N,193,ASN,O,3.443,bb-bb
7sbf,active,196,LEU,N,193,ASN,O,3.342,bb-bb
7sbf,active,197,SER,N,193,ASN,O,2.937,bb-bb
7sbf,active,197,SER,OG,193,ASN,O,3.121,bb-sc
7sbf,active,196,LEU,N,194,TRP,O,3.446,bb-bb
7sbf,active,197,SER,N,194,TRP,O,3.366,bb-bb
7sbf,active,197,SER,OG,194,TRP,O,2.719,bb-sc
7sbf,active,198,SER,N,194,TRP,O,2.97,bb-bb
7sbf,active,197,SER,N,195,ILE,O,3.45,bb-bb
7sbf,active,198,SER,N,195,ILE,O,3.035,bb-bb
7sbf,active,198,SER,N,196,LEU,O,3.349,bb-bb
7sbf,active,199,ALA,N,196,LEU,O,3.053,bb-bb
7sbf,active,199,ALA,N,197,SER,O,3.139,bb-bb
7sbf,active,200,ILE,N,197,SER,O,3.105,bb-bb
7sbf,active,201,GLY,N,197,SER,O,2.973,bb-bb
7sbf,active,200,ILE,N,198,SER,O,3.107,bb-bb
7sbf,active,201,GLY,N,198,SER,O,3.02,bb-bb
7sbf,active,202,LEU,N,198,SER,O,2.9,bb-bb
7sbf,active,202,LEU,N,200,ILE,O,3.432,bb-bb
7sbf,active,205,MET,N,201,GLY,O,3.382,bb-bb
7sbf,active,204,VAL,N,202,LEU,O,3.271,bb-bb
7sbf,active,205,MET,N,202,LEU,O,2.847,bb-bb
7sbf,active,206,PHE,N,202,LEU,O,2.929,bb-bb
7sbf,active,205,MET,N,203,PRO,O,3.335,bb-bb
7sbf,active,206,PHE,N,203,PRO,O,3.246,bb-bb
7sbf,active,207,MET,N,203,PRO,O,2.909,bb-bb
7sbf,active,208,ALA,N,204,VAL,O,3.175,bb-bb
7sbf,active,207,MET,N,205,MET,O,3.411,bb-bb
7sbf,active,209,THR,N,207,MET,O,2.738,bb-bb
7sbf,active,211,LYS,N,218,ASP,O,3.016,bb-bb
7sbf,active,213,ARG,N,218,ASP,OD1,3.482,bb-sc
7sbf,active,226,PRO,N,224,SER,O,3.405,bb-bb
7sbf,active,227,THR,N,224,SER,O,3.287,bb-bb
7sbf,active,228,TRP,N,226,PRO,O,3.317,bb-bb
7sbf,active,229,TYR,N,226,PRO,O,3.15,bb-bb
7sbf,active,230,TRP,N,226,PRO,O,3.239,bb-bb
7sbf,active,229,TYR,N,227,THR,O,3.236,bb-bb
7sbf,active,231,GLU,N,227,THR,O,3.38,bb-bb
7sbf,active,232,ASN,ND2,228,TRP,O,2.531,bb-sc
7sbf,active,233,LEU,N,230,TRP,O,3.222,bb-bb
7sbf,active,234,LEU,N,230,TRP,O,2.893,bb-bb
7sbf,active,233,LEU,N,231,GLU,O,3.387,bb-bb
7sbf,active,234,LEU,N,231,GLU,O,3.174,bb-bb
7sbf,active,235,LYS,N,231,GLU,O,2.939,bb-bb
7sbf,active,234,LEU,N,232,ASN,O,3.499,bb-bb
7sbf,active,235,LYS,N,232,ASN,O,3.329,bb-bb
7sbf,active,236,ILE,N,232,ASN,O,2.888,bb-bb
7sbf,active,235,LYS,N,233,LEU,O,3.481,bb-bb
7sbf,active,236,ILE,N,233,LEU,O,3.401,bb-bb
7sbf,active,237,CYS,N,233,LEU,O,2.866,bb-bb
7sbf,active,236,ILE,N,234,LEU,O,3.464,bb-bb
7sbf,active,237,CYS,N,234,LEU,O,3.321,bb-bb
7sbf,active,238,VAL,N,234,LEU,O,2.898,bb-bb
7sbf,active,237,CYS,N,235,LYS,O,3.465,bb-bb
7sbf,active,238,VAL,N,235,LYS,O,3.427,bb-bb
7sbf,active,239,PHE,N,235,LYS,O,2.934,bb-bb
7sbf,active,239,PHE,N,236,ILE,O,3.352,bb-bb
7sbf,active,240,ILE,N,236,ILE,O,2.878,bb-bb
7sbf,active,239,PHE,N,237,CYS,O,3.481,bb-bb
7sbf,active,240,ILE,N,237,CYS,O,3.3,bb-bb
7sbf,active,241,PHE,N,237,CYS,O,2.899,bb-bb
7sbf,active,242,ALA,N,238,VAL,O,2.891,bb-bb
7sbf,active,243,PHE,N,239,PHE,O,3.04,bb-bb
7sbf,active,244,ILE,N,239,PHE,O,3.276,bb-bb
7sbf,active,245,MET,N,240,ILE,O,3.094,bb-bb
7sbf,active,247,VAL,N,243,PHE,O,3.142,bb-bb
7sbf,active,247,VAL,N,244,ILE,O,3.417,bb-bb
7sbf,active,248,LEU,N,244,ILE,O,2.923,bb-bb
7sbf,active,247,VAL,N,245,MET,O,3.329,bb-bb
7sbf,active,248,LEU,N,245,MET,O,3.331,bb-bb
7sbf,active,249,ILE,N,245,MET,O,2.908,bb-bb
7sbf,active,249,ILE,N,246,PRO,O,3.308,bb-bb
7sbf,active,250,ILE,N,246,PRO,O,2.907,bb-bb
7sbf,active,249,ILE,N,247,VAL,O,3.068,bb-bb
7sbf,active,250,ILE,N,247,VAL,O,3.355,bb-bb
7sbf,active,251,THR,N,247,VAL,O,2.924,bb-bb
7sbf,active,251,THR,OG1,247,VAL,O,2.375,bb-sc
7sbf,active,251,THR,N,249,ILE,O,3.49,bb-bb
7sbf,active,252,VAL,N,249,ILE,O,3.386,bb-bb
7sbf,active,253,CYS,N,249,ILE,O,2.911,bb-bb
7sbf,active,252,VAL,N,250,ILE,O,3.463,bb-bb
7sbf,active,253,CYS,N,250,ILE,O,3.416,bb-bb
7sbf,active,254,TYR,N,250,ILE,O,2.907,bb-bb
7sbf,active,253,CYS,N,251,THR,O,3.49,bb-bb
7sbf,active,255,GLY,N,251,THR,O,2.876,bb-bb
7sbf,active,255,GLY,N,252,VAL,O,3.194,bb-bb
7sbf,active,256,LEU,N,252,VAL,O,2.932,bb-bb
7sbf,active,255,GLY,N,253,CYS,O,3.325,bb-bb
7sbf,active,256,LEU,N,253,CYS,O,3.378,bb-bb
7sbf,active,257,MET,N,253,CYS,O,2.915,bb-bb
7sbf,active,258,ILE,N,254,TYR,O,3.415,bb-bb
7sbf,active,254,TYR,OH,338,TYR,OH,3.165,sc-sc
7sbf,active,338,TYR,OH,254,TYR,OH,3.165,sc-sc
7sbf,active,257,MET,N,255,GLY,O,3.349,bb-bb
7sbf,active,258,ILE,N,255,GLY,O,3.27,bb-bb
7sbf,active,259,LEU,N,255,GLY,O,2.932,bb-bb
7sbf,active,258,ILE,N,256,LEU,O,3.497,bb-bb
7sbf,active,259,LEU,N,256,LEU,O,3.335,bb-bb
7sbf,active,260,ARG,N,256,LEU,O,2.916,bb-bb
7sbf,active,260,ARG,N,257,MET,O,3.308,bb-bb
7sbf,active,261,LEU,N,257,MET,O,2.88,bb-bb
7sbf,active,260,ARG,N,258,ILE,O,3.326,bb-bb
7sbf,active,261,LEU,N,258,ILE,O,3.16,bb-bb
7sbf,active,262,LYS,N,258,ILE,O,2.955,bb-bb
7sbf,active,262,LYS,N,260,ARG,O,3.198,bb-bb
7sbf,active,260,ARG,NH1,263,SER,O,3.313,bb-sc
7sbf,active,260,ARG,NH1,263,SER,OG,3.408,sc-sc
7sbf,active,263,SER,N,260,ARG,O,3.052,bb-bb
7sbf,active,263,SER,OG,260,ARG,O,3.071,bb-sc
7sbf,active,263,SER,N,261,LEU,O,3.169,bb-bb
7sbf,active,266,MET,N,264,VAL,O,3.02,bb-bb
7sbf,active,267,LEU,N,264,VAL,O,2.922,bb-bb
7sbf,active,273,LYS,NZ,265,ARG,O,3.279,bb-sc
7sbf,active,272,GLU,N,270,SER,O,2.526,bb-bb
7sbf,active,273,LYS,N,270,SER,O,2.415,bb-bb
7sbf,active,273,LYS,N,271,LYS,O,3.344,bb-bb
7sbf,active,274,ASP,N,271,LYS,O,3.13,bb-bb
7sbf,active,275,ARG,N,271,LYS,O,2.857,bb-bb
7sbf,active,274,ASP,N,272,GLU,O,3.464,bb-bb
7sbf,active,275,ARG,N,272,GLU,O,3.183,bb-bb
7sbf,active,276,ASN,N,272,GLU,O,2.952,bb-bb
7sbf,active,275,ARG,N,273,LYS,O,3.441,bb-bb
7sbf,active,276,ASN,N,273,LYS,O,3.138,bb-bb
7sbf,active,277,LEU,N,273,LYS,O,2.925,bb-bb
7sbf,active,276,ASN,N,274,ASP,O,3.455,bb-bb
7sbf,active,277,LEU,N,274,ASP,O,3.274,bb-bb
7sbf,active,278,ARG,N,274,ASP,O,2.89,bb-bb
7sbf,active,278,ARG,NE,274,ASP,O,3.416,bb-sc
7sbf,active,277,LEU,N,275,ARG,O,3.499,bb-bb
7sbf,active,278,ARG,N,275,ARG,O,3.352,bb-bb
7sbf,active,279,ARG,N,275,ARG,O,2.883,bb-bb
7sbf,active,278,ARG,N,276,ASN,O,3.474,bb-bb
7sbf,active,279,ARG,N,276,ASN,O,3.231,bb-bb
7sbf,active,280,ILE,N,276,ASN,O,2.942,bb-bb
7sbf,active,279,ARG,N,277,LEU,O,3.419,bb-bb
7sbf,active,280,ILE,N,277,LEU,O,3.247,bb-bb
7sbf,active,281,THR,N,277,LEU,O,2.972,bb-bb
7sbf,active,280,ILE,N,278,ARG,O,3.484,bb-bb
7sbf,active,282,ARG,N,278,ARG,O,2.847,bb-bb
7sbf,active,282,ARG,N,279,ARG,O,3.3,bb-bb
7sbf,active,283,MET,N,279,ARG,O,2.945,bb-bb
7sbf,active,279,ARG,NH1,343,GLU,OE2,2.897,sc-sc
7sbf,active,282,ARG,N,280,ILE,O,3.342,bb-bb
7sbf,active,283,MET,N,280,ILE,O,3.278,bb-bb
7sbf,active,284,VAL,N,280,ILE,O,3.002,bb-bb
7sbf,active,284,VAL,N,281,THR,O,3.43,bb-bb
7sbf,active,285,LEU,N,281,THR,O,2.904,bb-bb
7sbf,active,284,VAL,N,282,ARG,O,3.478,bb-bb
7sbf,active,285,LEU,N,282,ARG,O,3.324,bb-bb
7sbf,active,286,VAL,N,282,ARG,O,2.89,bb-bb
7sbf,active,285,LEU,N,283,MET,O,3.483,bb-bb
7sbf,active,286,VAL,N,283,MET,O,3.356,bb-bb
7sbf,active,287,VAL,N,283,MET,O,2.968,bb-bb
7sbf,active,286,VAL,N,284,VAL,O,3.391,bb-bb
7sbf,active,287,VAL,N,284,VAL,O,3.21,bb-bb
7sbf,active,288,VAL,N,284,VAL,O,3.04,bb-bb
7sbf,active,287,VAL,N,285,LEU,O,3.451,bb-bb
7sbf,active,288,VAL,N,285,LEU,O,3.354,bb-bb
7sbf,active,289,ALA,N,285,LEU,O,2.86,bb-bb
7sbf,active,289,ALA,N,286,VAL,O,3.403,bb-bb
7sbf,active,290,VAL,N,286,VAL,O,2.888,bb-bb
7sbf,active,289,ALA,N,287,VAL,O,3.376,bb-bb
7sbf,active,290,VAL,N,287,VAL,O,3.284,bb-bb
7sbf,active,291,PHE,N,287,VAL,O,3.027,bb-bb
7sbf,active,290,VAL,N,288,VAL,O,3.465,bb-bb
7sbf,active,291,PHE,N,288,VAL,O,3.264,bb-bb
7sbf,active,292,ILE,N,288,VAL,O,2.942,bb-bb
7sbf,active,291,PHE,N,289,ALA,O,3.47,bb-bb
7sbf,active,292,ILE,N,289,ALA,O,3.327,bb-bb
7sbf,active,293,VAL,N,289,ALA,O,2.877,bb-bb
7sbf,active,292,ILE,N,290,VAL,O,3.389,bb-bb
7sbf,active,293,VAL,N,290,VAL,O,3.444,bb-bb
7sbf,active,294,CYS,N,290,VAL,O,2.929,bb-bb
7sbf,active,294,CYS,N,291,PHE,O,3.322,bb-bb
7sbf,active,295,TRP,N,291,PHE,O,2.973,bb-bb
7sbf,active,294,CYS,N,292,ILE,O,3.163,bb-bb
7sbf,active,295,TRP,N,292,ILE,O,3.334,bb-bb
7sbf,active,296,THR,N,292,ILE,O,2.916,bb-bb
7sbf,active,299,HIS,N,295,TRP,O,3.474,bb-bb
7sbf,active,298,ILE,N,296,THR,O,3.35,bb-bb
7sbf,active,299,HIS,N,296,THR,O,3.329,bb-bb
7sbf,active,300,ILE,N,296,THR,O,2.969,bb-bb
7sbf,active,299,HIS,N,297,PRO,O,3.432,bb-bb
7sbf,active,300,ILE,N,297,PRO,O,3.438,bb-bb
7sbf,active,301,TYR,N,297,PRO,O,2.901,bb-bb
7sbf,active,301,TYR,N,298,ILE,O,3.314,bb-bb
7sbf,active,302,VAL,N,298,ILE,O,2.892,bb-bb
7sbf,active,301,TYR,N,299,HIS,O,3.393,bb-bb
7sbf,active,302,VAL,N,299,HIS,O,3.207,bb-bb
7sbf,active,303,ILE,N,299,HIS,O,3.002,bb-bb
7sbf,active,302,VAL,N,300,ILE,O,3.478,bb-bb
7sbf,active,303,ILE,N,300,ILE,O,3.331,bb-bb
7sbf,active,304,ILE,N,300,ILE,O,2.933,bb-bb
7sbf,active,303,ILE,N,301,TYR,O,3.464,bb-bb
7sbf,active,304,ILE,N,301,TYR,O,3.419,bb-bb
7sbf,active,305,LYS,N,301,TYR,O,2.891,bb-bb
7sbf,active,301,TYR,OH,316,GLN,O,3.025,bb-sc
7sbf,active,304,ILE,N,302,VAL,O,3.49,bb-bb
7sbf,active,305,LYS,N,302,VAL,O,3.318,bb-bb
7sbf,active,306,ALA,N,302,VAL,O,2.922,bb-bb
7sbf,active,305,LYS,N,303,ILE,O,3.381,bb-bb
7sbf,active,306,ALA,N,303,ILE,O,3.21,bb-bb
7sbf,active,307,LEU,N,303,ILE,O,2.92,bb-bb
7sbf,active,306,ALA,N,304,ILE,O,3.499,bb-bb
7sbf,active,307,LEU,N,304,ILE,O,3.288,bb-bb
7sbf,active,308,ILE,N,304,ILE,O,2.894,bb-bb
7sbf,active,307,LEU,N,305,LYS,O,3.418,bb-bb
7sbf,active,315,PHE,N,313,THR,O,3.189,bb-bb
7sbf,active,319,SER,N,315,PHE,O,3.1,bb-bb
7sbf,active,319,SER,N,316,GLN,O,3.427,bb-bb
7sbf,active,320,TRP,N,316,GLN,O,2.909,bb-bb
7sbf,active,319,SER,N,317,THR,O,3.436,bb-bb
7sbf,active,320,TRP,N,317,THR,O,3.308,bb-bb
7sbf,active,321,HIS,N,317,THR,O,2.937,bb-bb
7sbf,active,321,HIS,N,318,VAL,O,3.448,bb-bb
7sbf,active,322,PHE,N,318,VAL,O,2.868,bb-bb
7sbf,active,321,HIS,N,319,SER,O,3.474,bb-bb
7sbf,active,322,PHE,N,319,SER,O,3.224,bb-bb
7sbf,active,323,CYS,N,319,SER,O,2.915,bb-bb
7sbf,active,322,PHE,N,320,TRP,O,3.407,bb-bb
7sbf,active,323,CYS,N,320,TRP,O,3.182,bb-bb
7sbf,active,324,ILE,N,320,TRP,O,2.991,bb-bb
7sbf,active,324,ILE,N,321,HIS,O,3.357,bb-bb
7sbf,active,325,ALA,N,321,HIS,O,2.87,bb-bb
7sbf,active,324,ILE,N,322,PHE,O,3.495,bb-bb
7sbf,active,325,ALA,N,322,PHE,O,3.189,bb-bb
7sbf,active,326,LEU,N,322,PHE,O,2.914,bb-bb
7sbf,active,325,ALA,N,323,CYS,O,3.401,bb-bb
7sbf,active,326,LEU,N,323,CYS,O,3.233,bb-bb
7sbf,active,327,GLY,N,323,CYS,O,2.93,bb-bb
7sbf,active,326,LEU,N,324,ILE,O,3.391,bb-bb
7sbf,active,327,GLY,N,324,ILE,O,3.129,bb-bb
7sbf,active,328,TYR,N,324,ILE,O,3.054,bb-bb
7sbf,active,328,TYR,N,325,ALA,O,3.452,bb-bb
7sbf,active,329,THR,N,325,ALA,O,2.777,bb-bb
7sbf,active,328,TYR,N,326,LEU,O,3.341,bb-bb
7sbf,active,329,THR,N,326,LEU,O,2.935,bb-bb
7sbf,active,330,ASN,N,326,LEU,O,3.015,bb-bb
7sbf,active,330,ASN,N,328,TYR,O,3.414,bb-bb
7sbf,active,331,SER,N,328,TYR,O,3.064,bb-bb
7sbf,active,332,CYS,N,328,TYR,O,2.984,bb-bb
7sbf,active,331,SER,N,329,THR,O,3.41,bb-bb
7sbf,active,332,CYS,N,329,THR,O,3.325,bb-bb
7sbf,active,333,LEU,N,329,THR,O,2.892,bb-bb
7sbf,active,332,CYS,N,330,ASN,O,3.421,bb-bb
7sbf,active,333,LEU,N,330,ASN,O,3.403,bb-bb
7sbf,active,334,ASN,N,330,ASN,O,2.876,bb-bb
7sbf,active,334,ASN,N,331,SER,O,3.478,bb-bb
7sbf,active,335,PRO,N,333,LEU,O,3.466,bb-bb
7sbf,active,336,VAL,N,333,LEU,O,3.165,bb-bb
7sbf,active,337,LEU,N,333,LEU,O,3.438,bb-bb
7sbf,active,336,VAL,N,334,ASN,O,3.245,bb-bb
7sbf,active,337,LEU,N,334,ASN,O,3.029,bb-bb
7sbf,active,338,TYR,N,334,ASN,O,2.927,bb-bb
7sbf,active,339,ALA,N,335,PRO,O,2.924,bb-bb
7sbf,active,340,PHE,N,335,PRO,O,3.191,bb-bb
7sbf,active,341,LEU,N,336,VAL,O,3.419,bb-bb
7sbf,active,341,LEU,N,339,ALA,O,3.399,bb-bb
7sbf,active,342,ASP,N,339,ALA,O,3.333,bb-bb
7sbf,active,346,LYS,NZ,340,PHE,O,3.302,bb-sc
7sbf,active,344,ASN,N,342,ASP,O,3.119,bb-bb
7sbf,active,344,ASN,N,342,ASP,OD1,3.132,bb-sc
7sbf,active,344,ASN,ND2,342,ASP,OD1,2.894,sc-sc
7sbf,active,345,PHE,N,342,ASP,O,2.904,bb-bb
7sbf,active,346,LYS,N,342,ASP,O,3.267,bb-bb
7sbf,active,346,LYS,N,344,ASN,O,3.48,bb-bb
7sbf,active,347,ARG,N,345,PHE,O,2.954,bb-bb
7scg,active,70,ALA,N,68,VAL,O,3.441,bb-bb
7scg,active,71,ILE,N,68,VAL,O,3.261,bb-bb
7scg,active,72,THR,N,68,VAL,O,3.045,bb-bb
7scg,active,71,ILE,N,69,THR,O,3.42,bb-bb
7scg,active,72,THR,N,69,THR,O,3.237,bb-bb
7scg,active,73,ILE,N,69,THR,O,2.915,bb-bb
7scg,active,72,THR,N,70,ALA,O,3.47,bb-bb
7scg,active,73,ILE,N,70,ALA,O,3.316,bb-bb
7scg,active,74,MET,N,70,ALA,O,2.912,bb-bb
7scg,active,73,ILE,N,71,ILE,O,3.454,bb-bb
7scg,active,74,MET,N,71,ILE,O,3.352,bb-bb
7scg,active,75,ALA,N,71,ILE,O,2.908,bb-bb
7scg,active,74,MET,N,72,THR,O,3.484,bb-bb
7scg,active,75,ALA,N,72,THR,O,3.362,bb-bb
7scg,active,76,LEU,N,72,THR,O,2.889,bb-bb
7scg,active,75,ALA,N,73,ILE,O,3.457,bb-bb
7scg,active,76,LEU,N,73,ILE,O,3.302,bb-bb
7scg,active,77,TYR,N,73,ILE,O,2.958,bb-bb
7scg,active,76,LEU,N,74,MET,O,3.455,bb-bb
7scg,active,77,TYR,N,74,MET,O,3.406,bb-bb
7scg,active,78,SER,N,74,MET,O,2.906,bb-bb
7scg,active,78,SER,N,75,ALA,O,3.353,bb-bb
7scg,active,79,ILE,N,75,ALA,O,2.895,bb-bb
7scg,active,78,SER,N,76,LEU,O,3.392,bb-bb
7scg,active,79,ILE,N,76,LEU,O,3.4,bb-bb
7scg,active,80,VAL,N,76,LEU,O,3.006,bb-bb
7scg,active,79,ILE,N,77,TYR,O,3.482,bb-bb
7scg,active,80,VAL,N,77,TYR,O,3.394,bb-bb
7scg,active,81,CYS,N,77,TYR,O,2.933,bb-bb
7scg,active,80,VAL,N,78,SER,O,3.464,bb-bb
7scg,active,81,CYS,N,78,SER,O,3.318,bb-bb
7scg,active,82,VAL,N,78,SER,O,2.917,bb-bb
7scg,active,81,CYS,N,79,ILE,O,3.431,bb-bb
7scg,active,82,VAL,N,79,ILE,O,3.408,bb-bb
7scg,active,83,VAL,N,79,ILE,O,2.966,bb-bb
7scg,active,82,VAL,N,80,VAL,O,3.464,bb-bb
7scg,active,83,VAL,N,80,VAL,O,3.464,bb-bb
7scg,active,84,GLY,N,80,VAL,O,2.969,bb-bb
7scg,active,83,VAL,N,81,CYS,O,3.487,bb-bb
7scg,active,84,GLY,N,81,CYS,O,3.414,bb-bb
7scg,active,85,LEU,N,81,CYS,O,2.943,bb-bb
7scg,active,84,GLY,N,82,VAL,O,3.446,bb-bb
7scg,active,85,LEU,N,82,VAL,O,3.458,bb-bb
7scg,active,86,PHE,N,82,VAL,O,2.923,bb-bb
7scg,active,85,LEU,N,83,VAL,O,3.5,bb-bb
7scg,active,86,PHE,N,83,VAL,O,3.462,bb-bb
7scg,active,87,GLY,N,83,VAL,O,2.956,bb-bb
7scg,active,86,PHE,N,84,GLY,O,3.451,bb-bb
7scg,active,87,GLY,N,84,GLY,O,3.443,bb-bb
7scg,active,88,ASN,N,84,GLY,O,2.972,bb-bb
7scg,active,87,GLY,N,85,LEU,O,3.491,bb-bb
7scg,active,88,ASN,N,85,LEU,O,3.491,bb-bb
7scg,active,89,PHE,N,85,LEU,O,2.946,bb-bb
7scg,active,88,ASN,N,86,PHE,O,3.464,bb-bb
7scg,active,89,PHE,N,86,PHE,O,3.466,bb-bb
7scg,active,90,LEU,N,86,PHE,O,2.932,bb-bb
7scg,active,89,PHE,N,87,GLY,O,3.492,bb-bb
7scg,active,90,LEU,N,87,GLY,O,3.386,bb-bb
7scg,active,91,VAL,N,87,GLY,O,2.944,bb-bb
7scg,active,90,LEU,N,88,ASN,O,3.473,bb-bb
7scg,active,91,VAL,N,88,ASN,O,3.35,bb-bb
7scg,active,92,MET,N,88,ASN,O,2.946,bb-bb
7scg,active,117,ALA,N,88,ASN,OD1,3.228,bb-sc
7scg,active,91,VAL,N,89,PHE,O,3.431,bb-bb
7scg,active,92,MET,N,89,PHE,O,3.434,bb-bb
7scg,active,93,TYR,N,89,PHE,O,2.922,bb-bb
7scg,active,93,TYR,N,90,LEU,O,3.351,bb-bb
7scg,active,94,VAL,N,90,LEU,O,2.916,bb-bb
7scg,active,93,TYR,N,91,VAL,O,3.272,bb-bb
7scg,active,94,VAL,N,91,VAL,O,3.285,bb-bb
7scg,active,95,ILE,N,91,VAL,O,2.97,bb-bb
7scg,active,95,ILE,N,93,TYR,O,3.287,bb-bb
7scg,active,96,VAL,N,93,TYR,O,3.263,bb-bb
7scg,active,97,ARG,N,93,TYR,O,2.94,bb-bb
7scg,active,97,ARG,N,94,VAL,O,3.29,bb-bb
7scg,active,98,TYR,N,94,VAL,O,2.926,bb-bb
7scg,active,97,ARG,N,95,ILE,O,3.321,bb-bb
7scg,active,99,THR,N,95,ILE,O,2.915,bb-bb
7scg,active,99,THR,OG1,95,ILE,O,2.426,bb-sc
7scg,active,100,LYS,N,95,ILE,O,2.978,bb-bb
7scg,active,101,MET,N,99,THR,O,2.967,bb-bb
7scg,active,105,THR,N,103,THR,O,3.284,bb-bb
7scg,active,103,THR,OG1,106,ASN,OD1,2.304,sc-sc
7scg,active,106,ASN,N,103,THR,O,3.181,bb-bb
7scg,active,107,ILE,N,103,THR,O,3.289,bb-bb
7scg,active,106,ASN,N,104,ALA,O,3.408,bb-bb
7scg,active,107,ILE,N,104,ALA,O,3.188,bb-bb
7scg,active,108,TYR,N,104,ALA,O,2.933,bb-bb
7scg,active,107,ILE,N,105,THR,O,3.488,bb-bb
7scg,active,108,TYR,N,105,THR,O,3.326,bb-bb
7scg,active,109,ILE,N,105,THR,O,2.904,bb-bb
7scg,active,108,TYR,N,106,ASN,O,3.489,bb-bb
7scg,active,109,ILE,N,106,ASN,O,3.337,bb-bb
7scg,active,110,PHE,N,106,ASN,O,2.904,bb-bb
7scg,active,109,ILE,N,107,ILE,O,3.43,bb-bb
7scg,active,110,PHE,N,107,ILE,O,3.337,bb-bb
7scg,active,111,ASN,N,107,ILE,O,2.955,bb-bb
7scg,active,110,PHE,N,108,TYR,O,3.483,bb-bb
7scg,active,111,ASN,N,108,TYR,O,3.362,bb-bb
7scg,active,112,LEU,N,108,TYR,O,2.909,bb-bb
7scg,active,111,ASN,N,109,ILE,O,3.474,bb-bb
7scg,active,112,LEU,N,109,ILE,O,3.328,bb-bb
7scg,active,113,ALA,N,109,ILE,O,2.915,bb-bb
7scg,active,112,LEU,N,110,PHE,O,3.437,bb-bb
7scg,active,113,ALA,N,110,PHE,O,3.322,bb-bb
7scg,active,114,LEU,N,110,PHE,O,2.928,bb-bb
7scg,active,113,ALA,N,111,ASN,O,3.48,bb-bb
7scg,active,114,LEU,N,111,ASN,O,3.35,bb-bb
7scg,active,115,ALA,N,111,ASN,O,2.966,bb-bb
7scg,active,111,ASN,ND2,190,ASN,OD1,2.341,sc-sc
7scg,active,194,TRP,NE1,111,ASN,OD1,3.365,sc-sc
7scg,active,114,LEU,N,112,LEU,O,3.474,bb-bb
7scg,active,115,ALA,N,112,LEU,O,3.377,bb-bb
7scg,active,116,ASP,N,112,LEU,O,2.902,bb-bb
7scg,active,116,ASP,N,113,ALA,O,3.331,bb-bb
7scg,active,117,ALA,N,113,ALA,O,2.932,bb-bb
7scg,active,116,ASP,N,114,LEU,O,3.406,bb-bb
7scg,active,117,ALA,N,114,LEU,O,3.311,bb-bb
7scg,active,118,LEU,N,114,LEU,O,2.974,bb-bb
7scg,active,117,ALA,N,115,ALA,O,3.499,bb-bb
7scg,active,118,LEU,N,115,ALA,O,3.429,bb-bb
7scg,active,119,ALA,N,115,ALA,O,2.909,bb-bb
7scg,active,119,ALA,N,116,ASP,O,3.319,bb-bb
7scg,active,120,THR,N,116,ASP,O,2.913,bb-bb
7scg,active,331,SER,OG,116,ASP,OD1,2.595,sc-sc
7scg,active,334,ASN,ND2,116,ASP,OD1,3.24,sc-sc
7scg,active,334,ASN,ND2,116,ASP,OD2,3.151,sc-sc
7scg,active,119,ALA,N,117,ALA,O,3.405,bb-bb
7scg,active,120,THR,N,117,ALA,O,3.279,bb-bb
7scg,active,121,SER,N,117,ALA,O,2.969,bb-bb
7scg,active,121,SER,OG,118,LEU,O,3.16,bb-sc
7scg,active,121,SER,N,119,ALA,O,3.479,bb-bb
7scg,active,122,THR,N,120,THR,O,3.178,bb-bb
7scg,active,123,LEU,N,120,THR,O,3.464,bb-bb
7scg,active,123,LEU,N,121,SER,O,3.216,bb-bb
7scg,active,124,PRO,N,122,THR,O,3.361,bb-bb
7scg,active,125,PHE,N,122,THR,O,3.261,bb-bb
7scg,active,125,PHE,N,123,LEU,O,3.208,bb-bb
7scg,active,126,GLN,N,123,LEU,O,3.096,bb-bb
7scg,active,127,SER,N,123,LEU,O,2.957,bb-bb
7scg,active,126,GLN,N,124,PRO,O,3.495,bb-bb
7scg,active,127,SER,N,124,PRO,O,3.223,bb-bb
7scg,active,128,VAL,N,124,PRO,O,2.898,bb-bb
7scg,active,127,SER,N,125,PHE,O,3.435,bb-bb
7scg,active,128,VAL,N,125,PHE,O,3.373,bb-bb
7scg,active,129,ASN,N,125,PHE,O,2.922,bb-bb
7scg,active,128,VAL,N,126,GLN,O,3.485,bb-bb
7scg,active,129,ASN,N,126,GLN,O,3.316,bb-bb
7scg,active,130,TYR,N,126,GLN,O,2.906,bb-bb
7scg,active,126,GLN,NE2,328,TYR,OH,3.183,sc-sc
7scg,active,328,TYR,OH,126,GLN,NE2,3.183,sc-sc
7scg,active,129,ASN,N,127,SER,O,3.486,bb-bb
7scg,active,130,TYR,N,127,SER,O,3.304,bb-bb
7scg,active,131,LEU,N,127,SER,O,2.926,bb-bb
7scg,active,130,TYR,N,128,VAL,O,3.412,bb-bb
7scg,active,131,LEU,N,128,VAL,O,3.369,bb-bb
7scg,active,132,MET,N,128,VAL,O,2.898,bb-bb
7scg,active,133,GLY,N,129,ASN,O,2.863,bb-bb
7scg,active,132,MET,N,130,TYR,O,3.495,bb-bb
7scg,active,137,PHE,N,135,TRP,O,3.117,bb-bb
7scg,active,135,TRP,NE1,138,GLY,O,3.349,bb-sc
7scg,active,135,TRP,NE1,219,CYS,SG,3.417,sc-sc
7scg,active,140,ILE,N,138,GLY,O,3.231,bb-bb
7scg,active,141,LEU,N,138,GLY,O,3.454,bb-bb
7scg,active,141,LEU,N,139,ASN,O,3.355,bb-bb
7scg,active,144,ILE,N,141,LEU,O,3.3,bb-bb
7scg,active,145,VAL,N,141,LEU,O,2.649,bb-bb
7scg,active,144,ILE,N,142,CYS,O,3.097,bb-bb
7scg,active,145,VAL,N,142,CYS,O,3.318,bb-bb
7scg,active,146,ILE,N,142,CYS,O,2.97,bb-bb
7scg,active,143,LYS,NZ,205,MET,O,3.491,bb-sc
7scg,active,143,LYS,NZ,206,PHE,O,3.358,bb-sc
7scg,active,143,LYS,NZ,208,ALA,O,2.735,bb-sc
7scg,active,147,SER,N,144,ILE,O,3.436,bb-bb
7scg,active,148,ILE,N,144,ILE,O,2.903,bb-bb
7scg,active,147,SER,N,145,VAL,O,3.42,bb-bb
7scg,active,148,ILE,N,145,VAL,O,3.301,bb-bb
7scg,active,149,ASP,N,145,VAL,O,2.925,bb-bb
7scg,active,148,ILE,N,146,ILE,O,3.473,bb-bb
7scg,active,149,ASP,N,146,ILE,O,3.344,bb-bb
7scg,active,150,TYR,N,146,ILE,O,2.95,bb-bb
7scg,active,149,ASP,N,147,SER,O,3.482,bb-bb
7scg,active,150,TYR,N,147,SER,O,3.484,bb-bb
7scg,active,151,TYR,N,147,SER,O,2.868,bb-bb
7scg,active,147,SER,OG,201,GLY,O,3.417,bb-sc
7scg,active,150,TYR,N,148,ILE,O,3.469,bb-bb
7scg,active,151,TYR,N,148,ILE,O,3.231,bb-bb
7scg,active,152,ASN,N,148,ILE,O,2.87,bb-bb
7scg,active,151,TYR,N,149,ASP,O,3.482,bb-bb
7scg,active,328,TYR,OH,149,ASP,OD1,2.854,sc-sc
7scg,active,153,MET,N,151,TYR,O,3.341,bb-bb
7scg,active,155,THR,OG1,151,TYR,O,3.381,bb-sc
7scg,active,151,TYR,OH,194,TRP,O,3.374,bb-sc
7scg,active,155,THR,N,153,MET,O,3.496,bb-bb
7scg,active,156,SER,N,153,MET,O,3.282,bb-bb
7scg,active,157,ILE,N,153,MET,O,3.156,bb-bb
7scg,active,156,SER,N,154,PHE,O,3.332,bb-bb
7scg,active,157,ILE,N,154,PHE,O,3.204,bb-bb
7scg,active,158,PHE,N,154,PHE,O,2.92,bb-bb
7scg,active,159,THR,OG1,155,THR,O,2.837,bb-sc
7scg,active,155,THR,OG1,197,SER,OG,2.883,sc-sc
7scg,active,197,SER,OG,155,THR,OG1,2.883,sc-sc
7scg,active,159,THR,N,157,ILE,O,3.265,bb-bb
7scg,active,160,LEU,N,157,ILE,O,3.158,bb-bb
7scg,active,161,CYS,N,157,ILE,O,3.047,bb-bb
7scg,active,161,CYS,N,158,PHE,O,3.375,bb-bb
7scg,active,162,THR,N,158,PHE,O,2.881,bb-bb
7scg,active,162,THR,OG1,158,PHE,O,3.182,bb-sc
7scg,active,161,CYS,N,159,THR,O,3.497,bb-bb
7scg,active,162,THR,N,159,THR,O,3.324,bb-bb
7scg,active,163,MET,N,159,THR,O,2.92,bb-bb
7scg,active,162,THR,N,160,LEU,O,3.4,bb-bb
7scg,active,163,MET,N,160,LEU,O,3.287,bb-bb
7scg,active,164,SER,N,160,LEU,O,2.996,bb-bb
7scg,active,163,MET,N,161,CYS,O,3.489,bb-bb
7scg,active,164,SER,N,161,CYS,O,3.328,bb-bb
7scg,active,164,SER,OG,161,CYS,O,2.858,bb-sc
7scg,active,165,VAL,N,161,CYS,O,2.978,bb-bb
7scg,active,164,SER,N,162,THR,O,3.488,bb-bb
7scg,active,165,VAL,N,162,THR,O,3.38,bb-bb
7scg,active,166,ASP,N,162,THR,O,2.878,bb-bb
7scg,active,165,VAL,N,163,MET,O,3.469,bb-bb
7scg,active,166,ASP,N,163,MET,O,3.282,bb-bb
7scg,active,167,ARG,N,163,MET,O,2.979,bb-bb
7scg,active,166,ASP,N,164,SER,O,3.418,bb-bb
7scg,active,167,ARG,N,164,SER,O,3.341,bb-bb
7scg,active,168,TYR,N,164,SER,O,2.977,bb-bb
7scg,active,168,TYR,N,165,VAL,O,3.335,bb-bb
7scg,active,169,ILE,N,165,VAL,O,2.936,bb-bb
7scg,active,168,TYR,N,166,ASP,O,3.475,bb-bb
7scg,active,169,ILE,N,166,ASP,O,3.337,bb-bb
7scg,active,170,ALA,N,166,ASP,O,2.913,bb-bb
7scg,active,181,ARG,NE,166,ASP,OD1,3.351,sc-sc
7scg,active,181,ARG,NE,166,ASP,OD2,3.348,sc-sc
7scg,active,181,ARG,NH2,166,ASP,OD2,3.071,sc-sc
7scg,active,169,ILE,N,167,ARG,O,3.428,bb-bb
7scg,active,170,ALA,N,167,ARG,O,3.237,bb-bb
7scg,active,171,VAL,N,167,ARG,O,3.001,bb-bb
7scg,active,167,ARG,NH1,254,TYR,OH,3.159,sc-sc
7scg,active,170,ALA,N,168,TYR,O,3.446,bb-bb
7scg,active,171,VAL,N,168,TYR,O,3.348,bb-bb
7scg,active,172,CYS,N,168,TYR,O,2.893,bb-bb
7scg,active,171,VAL,N,169,ILE,O,3.364,bb-bb
7scg,active,173,HIS,N,169,ILE,O,3.095,bb-bb
7scg,active,175,VAL,N,173,HIS,O,3.31,bb-bb
7scg,active,177,ALA,N,173,HIS,O,3.065,bb-bb
7scg,active,177,ALA,N,175,VAL,O,3.308,bb-bb
7scg,active,178,LEU,N,175,VAL,O,3.14,bb-bb
7scg,active,178,LEU,N,176,LYS,O,3.215,bb-bb
7scg,active,179,ASP,N,176,LYS,O,3.237,bb-bb
7scg,active,181,ARG,N,177,ALA,O,3.229,bb-bb
7scg,active,182,THR,N,180,PHE,O,2.637,bb-bb
7scg,active,182,THR,OG1,180,PHE,O,3.322,bb-sc
7scg,active,185,ASN,ND2,180,PHE,O,2.756,bb-sc
7scg,active,184,ARG,N,182,THR,O,3.154,bb-bb
7scg,active,185,ASN,N,182,THR,O,3.155,bb-bb
7scg,active,185,ASN,ND2,182,THR,OG1,2.843,sc-sc
7scg,active,186,ALA,N,182,THR,O,3.068,bb-bb
7scg,active,186,ALA,N,183,PRO,O,3.328,bb-bb
7scg,active,187,LYS,N,183,PRO,O,2.92,bb-bb
7scg,active,186,ALA,N,184,ARG,O,3.412,bb-bb
7scg,active,187,LYS,N,184,ARG,O,3.234,bb-bb
7scg,active,188,ILE,N,184,ARG,O,2.966,bb-bb
7scg,active,187,LYS,N,185,ASN,O,3.497,bb-bb
7scg,active,188,ILE,N,185,ASN,O,3.278,bb-bb
7scg,active,189,VAL,N,185,ASN,O,2.918,bb-bb
7scg,active,188,ILE,N,186,ALA,O,3.448,bb-bb
7scg,active,189,VAL,N,186,ALA,O,3.371,bb-bb
7scg,active,190,ASN,N,186,ALA,O,2.922,bb-bb
7scg,active,190,ASN,ND2,186,ALA,O,2.825,bb-sc
7scg,active,189,VAL,N,187,LYS,O,3.453,bb-bb
7scg,active,190,ASN,N,187,LYS,O,3.27,bb-bb
7scg,active,191,VAL,N,187,LYS,O,2.944,bb-bb
7scg,active,190,ASN,N,188,ILE,O,3.444,bb-bb
7scg,active,191,VAL,N,188,ILE,O,3.283,bb-bb
7scg,active,192,CYS,N,188,ILE,O,2.937,bb-bb
7scg,active,191,VAL,N,189,VAL,O,3.428,bb-bb
7scg,active,192,CYS,N,189,VAL,O,3.239,bb-bb
7scg,active,193,ASN,N,189,VAL,O,2.948,bb-bb
7scg,active,193,ASN,N,190,ASN,O,3.282,bb-bb
7scg,active,193,ASN,N,191,VAL,O,3.2,bb-bb
7scg,active,194,TRP,N,191,VAL,O,3.217,bb-bb
7scg,active,195,ILE,N,191,VAL,O,2.989,bb-bb
7scg,active,195,ILE,N,192,CYS,O,3.312,bb-bb
7scg,active,196,LEU,N,192,CYS,O,2.903,bb-bb
7scg,active,196,LEU,N,193,ASN,O,3.312,bb-bb
7scg,active,197,SER,N,193,ASN,O,2.918,bb-bb
7scg,active,197,SER,OG,193,ASN,O,2.691,bb-sc
7scg,active,196,LEU,N,194,TRP,O,3.211,bb-bb
7scg,active,197,SER,N,194,TRP,O,3.18,bb-bb
7scg,active,198,SER,N,194,TRP,O,2.972,bb-bb
7scg,active,198,SER,OG,194,TRP,O,3.099,bb-sc
7scg,active,199,ALA,N,196,LEU,O,3.453,bb-bb
7scg,active,199,ALA,N,197,SER,O,3.222,bb-bb
7scg,active,200,ILE,N,197,SER,O,3.178,bb-bb
7scg,active,201,GLY,N,197,SER,O,2.964,bb-bb
7scg,active,200,ILE,N,198,SER,O,3.106,bb-bb
7scg,active,201,GLY,N,198,SER,O,3.051,bb-bb
7scg,active,202,LEU,N,198,SER,O,2.918,bb-bb
7scg,active,202,LEU,N,200,ILE,O,3.489,bb-bb
7scg,active,205,MET,N,201,GLY,O,3.349,bb-bb
7scg,active,204,VAL,N,202,LEU,O,3.238,bb-bb
7scg,active,205,MET,N,202,LEU,O,2.926,bb-bb
7scg,active,206,PHE,N,202,LEU,O,2.923,bb-bb
7scg,active,206,PHE,N,203,PRO,O,3.288,bb-bb
7scg,active,207,MET,N,203,PRO,O,2.912,bb-bb
7scg,active,206,PHE,N,204,VAL,O,3.464,bb-bb
7scg,active,208,ALA,N,204,VAL,O,2.887,bb-bb
7scg,active,209,THR,N,207,MET,O,2.822,bb-bb
7scg,active,209,THR,N,220,THR,O,3.325,bb-bb
7scg,active,213,ARG,N,211,LYS,O,3.22,bb-bb
7scg,active,215,GLY,N,213,ARG,O,3.447,bb-bb
7scg,active,213,ARG,N,216,SER,O,2.871,bb-bb
7scg,active,227,THR,N,225,HIS,O,2.663,bb-bb
7scg,active,228,TRP,N,226,PRO,O,3.421,bb-bb
7scg,active,229,TYR,N,226,PRO,O,3.281,bb-bb
7scg,active,230,TRP,N,226,PRO,O,3.058,bb-bb
7scg,active,229,TYR,N,227,THR,O,3.45,bb-bb
7scg,active,230,TRP,N,227,THR,O,3.495,bb-bb
7scg,active,231,GLU,N,227,THR,O,2.908,bb-bb
7scg,active,231,GLU,N,228,TRP,O,3.476,bb-bb
7scg,active,232,ASN,N,228,TRP,O,2.918,bb-bb
7scg,active,231,GLU,N,229,TYR,O,3.487,bb-bb
7scg,active,232,ASN,N,229,TYR,O,3.456,bb-bb
7scg,active,233,LEU,N,229,TYR,O,2.895,bb-bb
7scg,active,233,LEU,N,230,TRP,O,3.239,bb-bb
7scg,active,234,LEU,N,230,TRP,O,2.932,bb-bb
7scg,active,233,LEU,N,231,GLU,O,3.426,bb-bb
7scg,active,234,LEU,N,231,GLU,O,3.274,bb-bb
7scg,active,235,LYS,N,231,GLU,O,2.961,bb-bb
7scg,active,235,LYS,N,232,ASN,O,3.383,bb-bb
7scg,active,236,ILE,N,232,ASN,O,2.882,bb-bb
7scg,active,235,LYS,N,233,LEU,O,3.469,bb-bb
7scg,active,236,ILE,N,233,LEU,O,3.39,bb-bb
7scg,active,237,CYS,N,233,LEU,O,2.914,bb-bb
7scg,active,236,ILE,N,234,LEU,O,3.452,bb-bb
7scg,active,237,CYS,N,234,LEU,O,3.398,bb-bb
7scg,active,238,VAL,N,234,LEU,O,2.946,bb-bb
7scg,active,237,CYS,N,235,LYS,O,3.485,bb-bb
7scg,active,238,VAL,N,235,LYS,O,3.36,bb-bb
7scg,active,239,PHE,N,235,LYS,O,2.937,bb-bb
7scg,active,238,VAL,N,236,ILE,O,3.466,bb-bb
7scg,active,239,PHE,N,236,ILE,O,3.345,bb-bb
7scg,active,240,ILE,N,236,ILE,O,2.908,bb-bb
7scg,active,239,PHE,N,237,CYS,O,3.456,bb-bb
7scg,active,240,ILE,N,237,CYS,O,3.415,bb-bb
7scg,active,241,PHE,N,237,CYS,O,2.929,bb-bb
7scg,active,240,ILE,N,238,VAL,O,3.496,bb-bb
7scg,active,242,ALA,N,238,VAL,O,2.907,bb-bb
7scg,active,241,PHE,N,239,PHE,O,3.386,bb-bb
7scg,active,242,ALA,N,239,PHE,O,3.427,bb-bb
7scg,active,243,PHE,N,239,PHE,O,2.925,bb-bb
7scg,active,245,MET,N,240,ILE,O,3.421,bb-bb
7scg,active,248,LEU,N,244,ILE,O,3.178,bb-bb
7scg,active,247,VAL,N,245,MET,O,3.33,bb-bb
7scg,active,248,LEU,N,245,MET,O,3.314,bb-bb
7scg,active,249,ILE,N,245,MET,O,2.955,bb-bb
7scg,active,248,LEU,N,246,PRO,O,3.497,bb-bb
7scg,active,249,ILE,N,246,PRO,O,3.349,bb-bb
7scg,active,250,ILE,N,246,PRO,O,2.939,bb-bb
7scg,active,249,ILE,N,247,VAL,O,3.432,bb-bb
7scg,active,251,THR,N,247,VAL,O,2.938,bb-bb
7scg,active,251,THR,OG1,247,VAL,O,2.833,bb-sc
7scg,active,251,THR,N,248,LEU,O,3.456,bb-bb
7scg,active,252,VAL,N,248,LEU,O,2.94,bb-bb
7scg,active,251,THR,N,249,ILE,O,3.437,bb-bb
7scg,active,252,VAL,N,249,ILE,O,3.453,bb-bb
7scg,active,253,CYS,N,249,ILE,O,2.962,bb-bb
7scg,active,252,VAL,N,250,ILE,O,3.487,bb-bb
7scg,active,253,CYS,N,250,ILE,O,3.469,bb-bb
7scg,active,254,TYR,N,250,ILE,O,2.95,bb-bb
7scg,active,253,CYS,N,251,THR,O,3.494,bb-bb
7scg,active,255,GLY,N,251,THR,O,2.906,bb-bb
7scg,active,254,TYR,N,252,VAL,O,3.464,bb-bb
7scg,active,255,GLY,N,252,VAL,O,3.311,bb-bb
7scg,active,256,LEU,N,252,VAL,O,2.985,bb-bb
7scg,active,255,GLY,N,253,CYS,O,3.442,bb-bb
7scg,active,256,LEU,N,253,CYS,O,3.452,bb-bb
7scg,active,257,MET,N,253,CYS,O,2.965,bb-bb
7scg,active,257,MET,N,254,TYR,O,3.367,bb-bb
7scg,active,258,ILE,N,254,TYR,O,2.917,bb-bb
7scg,active,257,MET,N,255,GLY,O,3.446,bb-bb
7scg,active,258,ILE,N,255,GLY,O,3.348,bb-bb
7scg,active,259,LEU,N,255,GLY,O,2.931,bb-bb
7scg,active,258,ILE,N,256,LEU,O,3.47,bb-bb
7scg,active,259,LEU,N,256,LEU,O,3.316,bb-bb
7scg,active,260,ARG,N,256,LEU,O,2.963,bb-bb
7scg,active,259,LEU,N,257,MET,O,3.436,bb-bb
7scg,active,260,ARG,N,257,MET,O,3.273,bb-bb
7scg,active,261,LEU,N,257,MET,O,2.935,bb-bb
7scg,active,261,LEU,N,258,ILE,O,3.371,bb-bb
7scg,active,261,LEU,N,259,LEU,O,3.44,bb-bb
7scg,active,262,LYS,N,260,ARG,O,3.011,bb-bb
7scg,active,263,SER,N,260,ARG,O,3.424,bb-bb
7scg,active,268,SER,OG,262,LYS,O,3.394,bb-sc
7scg,active,265,ARG,N,263,SER,O,3.431,bb-bb
7scg,active,266,MET,N,264,VAL,O,3.173,bb-bb
7scg,active,267,LEU,N,264,VAL,O,3.329,bb-bb
7scg,active,268,SER,OG,264,VAL,O,3.404,bb-sc
7scg,active,267,LEU,N,265,ARG,O,3.418,bb-bb
7scg,active,273,LYS,NZ,265,ARG,O,3.285,bb-sc
7scg,active,270,SER,N,268,SER,O,3.464,bb-bb
7scg,active,273,LYS,NZ,268,SER,O,2.876,bb-sc
7scg,active,273,LYS,N,271,LYS,O,3.429,bb-bb
7scg,active,274,ASP,N,271,LYS,O,3.328,bb-bb
7scg,active,275,ARG,N,271,LYS,O,2.91,bb-bb
7scg,active,275,ARG,N,272,GLU,O,3.206,bb-bb
7scg,active,276,ASN,N,272,GLU,O,2.92,bb-bb
7scg,active,276,ASN,ND2,272,GLU,O,2.972,bb-sc
7scg,active,275,ARG,N,273,LYS,O,3.421,bb-bb
7scg,active,276,ASN,N,273,LYS,O,3.186,bb-bb
7scg,active,277,LEU,N,273,LYS,O,2.972,bb-bb
7scg,active,276,ASN,N,274,ASP,O,3.473,bb-bb
7scg,active,277,LEU,N,274,ASP,O,3.294,bb-bb
7scg,active,278,ARG,N,274,ASP,O,2.908,bb-bb
7scg,active,277,LEU,N,275,ARG,O,3.484,bb-bb
7scg,active,278,ARG,N,275,ARG,O,3.286,bb-bb
7scg,active,279,ARG,N,275,ARG,O,2.916,bb-bb
7scg,active,278,ARG,N,276,ASN,O,3.445,bb-bb
7scg,active,279,ARG,N,276,ASN,O,3.24,bb-bb
7scg,active,279,ARG,NH2,276,ASN,OD1,3.115,sc-sc
7scg,active,280,ILE,N,276,ASN,O,2.988,bb-bb
7scg,active,279,ARG,N,277,LEU,O,3.417,bb-bb
7scg,active,280,ILE,N,277,LEU,O,3.302,bb-bb
7scg,active,281,THR,N,277,LEU,O,3.002,bb-bb
7scg,active,280,ILE,N,278,ARG,O,3.455,bb-bb
7scg,active,281,THR,N,278,ARG,O,3.437,bb-bb
7scg,active,282,ARG,N,278,ARG,O,2.897,bb-bb
7scg,active,282,ARG,N,279,ARG,O,3.358,bb-bb
7scg,active,283,MET,N,279,ARG,O,2.983,bb-bb
7scg,active,279,ARG,NH1,343,GLU,OE1,2.474,sc-sc
7scg,active,279,ARG,NH2,343,GLU,OE1,3.434,sc-sc
7scg,active,282,ARG,N,280,ILE,O,3.379,bb-bb
7scg,active,283,MET,N,280,ILE,O,3.248,bb-bb
7scg,active,284,VAL,N,280,ILE,O,3.039,bb-bb
7scg,active,283,MET,N,281,THR,O,3.458,bb-bb
7scg,active,284,VAL,N,281,THR,O,3.367,bb-bb
7scg,active,285,LEU,N,281,THR,O,2.987,bb-bb
7scg,active,284,VAL,N,282,ARG,O,3.469,bb-bb
7scg,active,285,LEU,N,282,ARG,O,3.344,bb-bb
7scg,active,286,VAL,N,282,ARG,O,2.919,bb-bb
7scg,active,285,LEU,N,283,MET,O,3.468,bb-bb
7scg,active,286,VAL,N,283,MET,O,3.23,bb-bb
7scg,active,287,VAL,N,283,MET,O,3.013,bb-bb
7scg,active,286,VAL,N,284,VAL,O,3.354,bb-bb
7scg,active,287,VAL,N,284,VAL,O,3.197,bb-bb
7scg,active,288,VAL,N,284,VAL,O,3.081,bb-bb
7scg,active,287,VAL,N,285,LEU,O,3.448,bb-bb
7scg,active,288,VAL,N,285,LEU,O,3.362,bb-bb
7scg,active,289,ALA,N,285,LEU,O,2.939,bb-bb
7scg,active,288,VAL,N,286,VAL,O,3.448,bb-bb
7scg,active,289,ALA,N,286,VAL,O,3.419,bb-bb
7scg,active,290,VAL,N,286,VAL,O,2.923,bb-bb
7scg,active,289,ALA,N,287,VAL,O,3.44,bb-bb
7scg,active,290,VAL,N,287,VAL,O,3.291,bb-bb
7scg,active,291,PHE,N,287,VAL,O,3.065,bb-bb
7scg,active,290,VAL,N,288,VAL,O,3.396,bb-bb
7scg,active,291,PHE,N,288,VAL,O,3.296,bb-bb
7scg,active,292,ILE,N,288,VAL,O,3.042,bb-bb
7scg,active,291,PHE,N,289,ALA,O,3.475,bb-bb
7scg,active,292,ILE,N,289,ALA,O,3.381,bb-bb
7scg,active,293,VAL,N,289,ALA,O,2.926,bb-bb
7scg,active,292,ILE,N,290,VAL,O,3.459,bb-bb
7scg,active,293,VAL,N,290,VAL,O,3.499,bb-bb
7scg,active,294,CYS,N,290,VAL,O,2.951,bb-bb
7scg,active,293,VAL,N,291,PHE,O,3.426,bb-bb
7scg,active,294,CYS,N,291,PHE,O,3.361,bb-bb
7scg,active,295,TRP,N,291,PHE,O,3.021,bb-bb
7scg,active,294,CYS,N,292,ILE,O,3.38,bb-bb
7scg,active,295,TRP,N,292,ILE,O,3.334,bb-bb
7scg,active,296,THR,N,292,ILE,O,3.01,bb-bb
7scg,active,296,THR,OG1,292,ILE,O,2.639,bb-sc
7scg,active,298,ILE,N,296,THR,O,3.236,bb-bb
7scg,active,299,HIS,N,296,THR,O,3.215,bb-bb
7scg,active,300,ILE,N,296,THR,O,3.028,bb-bb
7scg,active,299,HIS,N,297,PRO,O,3.496,bb-bb
7scg,active,300,ILE,N,297,PRO,O,3.342,bb-bb
7scg,active,301,TYR,N,297,PRO,O,2.887,bb-bb
7scg,active,300,ILE,N,298,ILE,O,3.446,bb-bb
7scg,active,301,TYR,N,298,ILE,O,3.298,bb-bb
7scg,active,302,VAL,N,298,ILE,O,2.937,bb-bb
7scg,active,301,TYR,N,299,HIS,O,3.437,bb-bb
7scg,active,302,VAL,N,299,HIS,O,3.332,bb-bb
7scg,active,303,ILE,N,299,HIS,O,2.967,bb-bb
7scg,active,302,VAL,N,300,ILE,O,3.478,bb-bb
7scg,active,303,ILE,N,300,ILE,O,3.31,bb-bb
7scg,active,304,ILE,N,300,ILE,O,2.932,bb-bb
7scg,active,303,ILE,N,301,TYR,O,3.464,bb-bb
7scg,active,304,ILE,N,301,TYR,O,3.301,bb-bb
7scg,active,305,LYS,N,301,TYR,O,2.879,bb-bb
7scg,active,304,ILE,N,302,VAL,O,3.428,bb-bb
7scg,active,305,LYS,N,302,VAL,O,3.27,bb-bb
7scg,active,306,ALA,N,302,VAL,O,2.95,bb-bb
7scg,active,305,LYS,N,303,ILE,O,3.488,bb-bb
7scg,active,306,ALA,N,303,ILE,O,3.41,bb-bb
7scg,active,306,ALA,N,304,ILE,O,3.368,bb-bb
7scg,active,307,LEU,N,304,ILE,O,3.294,bb-bb
7scg,active,307,LEU,N,305,LYS,O,3.118,bb-bb
7scg,active,305,LYS,NZ,316,GLN,NE2,3.228,sc-sc
7scg,active,310,ILE,N,308,ILE,O,3.499,bb-bb
7scg,active,316,GLN,NE2,310,ILE,O,3.479,bb-sc
7scg,active,312,GLU,N,316,GLN,OE1,3.389,bb-sc
7scg,active,315,PHE,N,313,THR,OG1,3.382,bb-sc
7scg,active,317,THR,OG1,313,THR,O,2.916,bb-sc
7scg,active,316,GLN,N,314,THR,O,3.391,bb-bb
7scg,active,317,THR,N,314,THR,O,3.294,bb-bb
7scg,active,318,VAL,N,314,THR,O,2.968,bb-bb
7scg,active,317,THR,N,315,PHE,O,3.479,bb-bb
7scg,active,318,VAL,N,315,PHE,O,3.434,bb-bb
7scg,active,319,SER,N,315,PHE,O,2.876,bb-bb
7scg,active,319,SER,OG,315,PHE,O,2.544,bb-sc
7scg,active,318,VAL,N,316,GLN,O,3.497,bb-bb
7scg,active,319,SER,N,316,GLN,O,3.37,bb-bb
7scg,active,320,TRP,N,316,GLN,O,2.924,bb-bb
7scg,active,319,SER,N,317,THR,O,3.431,bb-bb
7scg,active,320,TRP,N,317,THR,O,3.312,bb-bb
7scg,active,321,HIS,N,317,THR,O,2.98,bb-bb
7scg,active,321,HIS,ND1,317,THR,O,2.781,bb-sc
7scg,active,320,TRP,N,318,VAL,O,3.458,bb-bb
7scg,active,321,HIS,N,318,VAL,O,3.443,bb-bb
7scg,active,322,PHE,N,318,VAL,O,2.9,bb-bb
7scg,active,322,PHE,N,319,SER,O,3.305,bb-bb
7scg,active,323,CYS,N,319,SER,O,2.876,bb-bb
7scg,active,322,PHE,N,320,TRP,O,3.319,bb-bb
7scg,active,323,CYS,N,320,TRP,O,3.196,bb-bb
7scg,active,324,ILE,N,320,TRP,O,3.043,bb-bb
7scg,active,324,ILE,N,322,PHE,O,3.491,bb-bb
7scg,active,325,ALA,N,322,PHE,O,3.299,bb-bb
7scg,active,326,LEU,N,322,PHE,O,2.897,bb-bb
7scg,active,325,ALA,N,323,CYS,O,3.452,bb-bb
7scg,active,326,LEU,N,323,CYS,O,3.215,bb-bb
7scg,active,327,GLY,N,323,CYS,O,2.917,bb-bb
7scg,active,326,LEU,N,324,ILE,O,3.429,bb-bb
7scg,active,327,GLY,N,324,ILE,O,3.092,bb-bb
7scg,active,328,TYR,N,324,ILE,O,3.02,bb-bb
7scg,active,327,GLY,N,325,ALA,O,3.371,bb-bb
7scg,active,328,TYR,N,325,ALA,O,3.161,bb-bb
7scg,active,329,THR,N,325,ALA,O,2.887,bb-bb
7scg,active,329,THR,OG1,325,ALA,O,2.689,bb-sc
7scg,active,328,TYR,N,326,LEU,O,3.439,bb-bb
7scg,active,329,THR,N,326,LEU,O,3.207,bb-bb
7scg,active,329,THR,N,327,GLY,O,3.476,bb-bb
7scg,active,330,ASN,N,328,TYR,O,3.223,bb-bb
7scg,active,331,SER,N,328,TYR,O,3.094,bb-bb
7scg,active,332,CYS,N,328,TYR,O,3.009,bb-bb
7scg,active,332,CYS,N,329,THR,O,3.167,bb-bb
7scg,active,333,LEU,N,329,THR,O,2.909,bb-bb
7scg,active,332,CYS,N,330,ASN,O,3.383,bb-bb
7scg,active,333,LEU,N,330,ASN,O,3.335,bb-bb
7scg,active,334,ASN,N,330,ASN,O,2.935,bb-bb
7scg,active,335,PRO,N,333,LEU,O,3.456,bb-bb
7scg,active,336,VAL,N,333,LEU,O,3.377,bb-bb
7scg,active,337,LEU,N,333,LEU,O,3.244,bb-bb
7scg,active,336,VAL,N,334,ASN,O,3.365,bb-bb
7scg,active,337,LEU,N,334,ASN,O,3.197,bb-bb
7scg,active,338,TYR,N,334,ASN,O,2.95,bb-bb
7scg,active,337,LEU,N,335,PRO,O,3.288,bb-bb
7scg,active,338,TYR,N,335,PRO,O,3.246,bb-bb
7scg,active,339,ALA,N,335,PRO,O,2.879,bb-bb
7scg,active,340,PHE,N,335,PRO,O,3.363,bb-bb
7scg,active,341,LEU,N,339,ALA,O,3.448,bb-bb
7scg,active,342,ASP,N,339,ALA,O,3.052,bb-bb
7scg,active,342,ASP,N,340,PHE,O,3.473,bb-bb
7scg,active,343,GLU,N,341,LEU,O,3.358,bb-bb
7scg,active,344,ASN,N,342,ASP,O,3.233,bb-bb
7scg,active,344,ASN,N,342,ASP,OD1,2.713,bb-sc
7scg,active,345,PHE,N,342,ASP,O,3.05,bb-bb
7scg,active,346,LYS,N,342,ASP,O,3.079,bb-bb
7scg,active,346,LYS,N,343,GLU,O,3.331,bb-bb
7scg,active,347,ARG,N,343,GLU,O,2.895,bb-bb
7scg,active,347,ARG,N,344,ASN,O,3.257,bb-bb
7scg,active,348,CYS,N,344,ASN,O,2.906,bb-bb
7scg,active,347,ARG,N,345,PHE,O,3.302,bb-bb
7scg,active,348,CYS,N,345,PHE,O,2.942,bb-bb
7scg,active,349,PHE,N,345,PHE,O,2.789,bb-bb
7t2g,active,69,LEU,N,67,LEU,O,3.146,bb-bb
7t2g,active,70,ALA,N,67,LEU,O,2.866,bb-bb
7t2g,active,71,ILE,N,67,LEU,O,2.945,bb-bb
7t2g,active,70,ALA,N,68,ALA,O,3.473,bb-bb
7t2g,active,71,ILE,N,68,ALA,O,3.354,bb-bb
7t2g,active,72,ALA,N,68,ALA,O,2.793,bb-bb
7t2g,active,71,ILE,N,69,LEU,O,3.407,bb-bb
7t2g,active,72,ALA,N,69,LEU,O,3.059,bb-bb
7t2g,active,73,ILE,N,69,LEU,O,2.651,bb-bb
7t2g,active,72,ALA,N,70,ALA,O,3.491,bb-bb
7t2g,active,73,ILE,N,70,ALA,O,3.346,bb-bb
7t2g,active,74,THR,N,70,ALA,O,2.699,bb-bb
7t2g,active,74,THR,OG1,70,ALA,O,2.496,bb-sc
7t2g,active,73,ILE,N,71,ILE,O,3.462,bb-bb
7t2g,active,74,THR,N,71,ILE,O,3.211,bb-bb
7t2g,active,75,ALA,N,71,ILE,O,2.597,bb-bb
7t2g,active,75,ALA,N,72,ALA,O,3.324,bb-bb
7t2g,active,76,LEU,N,72,ALA,O,2.794,bb-bb
7t2g,active,75,ALA,N,73,ILE,O,3.452,bb-bb
7t2g,active,76,LEU,N,73,ILE,O,3.287,bb-bb
7t2g,active,77,TYR,N,73,ILE,O,2.964,bb-bb
7t2g,active,76,LEU,N,74,THR,O,3.49,bb-bb
7t2g,active,77,TYR,N,74,THR,O,3.183,bb-bb
7t2g,active,78,SER,N,74,THR,O,2.762,bb-bb
7t2g,active,78,SER,OG,74,THR,O,2.935,bb-sc
7t2g,active,127,SER,OG,74,THR,O,3.303,bb-sc
7t2g,active,77,TYR,N,75,ALA,O,3.263,bb-bb
7t2g,active,78,SER,N,75,ALA,O,3.031,bb-bb
7t2g,active,79,ILE,N,75,ALA,O,2.772,bb-bb
7t2g,active,80,VAL,N,76,LEU,O,3.259,bb-bb
7t2g,active,80,VAL,N,77,TYR,O,3.488,bb-bb
7t2g,active,81,CYS,N,77,TYR,O,2.878,bb-bb
7t2g,active,77,TYR,OH,321,HIS,O,3.25,bb-sc
7t2g,active,77,TYR,OH,321,HIS,ND1,3.166,sc-sc
7t2g,active,321,HIS,ND1,77,TYR,OH,3.166,sc-sc
7t2g,active,80,VAL,N,78,SER,O,3.276,bb-bb
7t2g,active,81,CYS,N,78,SER,O,2.83,bb-bb
7t2g,active,82,VAL,N,78,SER,O,2.662,bb-bb
7t2g,active,81,CYS,N,79,ILE,O,3.298,bb-bb
7t2g,active,82,VAL,N,79,ILE,O,3.206,bb-bb
7t2g,active,83,VAL,N,79,ILE,O,2.725,bb-bb
7t2g,active,84,GLY,N,80,VAL,O,2.909,bb-bb
7t2g,active,83,VAL,N,81,CYS,O,3.439,bb-bb
7t2g,active,84,GLY,N,81,CYS,O,3.224,bb-bb
7t2g,active,85,LEU,N,81,CYS,O,2.865,bb-bb
7t2g,active,120,THR,OG1,81,CYS,O,3.324,bb-sc
7t2g,active,84,GLY,N,82,VAL,O,3.442,bb-bb
7t2g,active,86,PHE,N,82,VAL,O,2.906,bb-bb
7t2g,active,85,LEU,N,83,VAL,O,3.497,bb-bb
7t2g,active,87,GLY,N,83,VAL,O,2.872,bb-bb
7t2g,active,88,ASN,N,84,GLY,O,2.92,bb-bb
7t2g,active,88,ASN,ND2,84,GLY,O,2.419,bb-sc
7t2g,active,87,GLY,N,85,LEU,O,3.385,bb-bb
7t2g,active,88,ASN,N,85,LEU,O,3.286,bb-bb
7t2g,active,89,PHE,N,85,LEU,O,2.705,bb-bb
7t2g,active,90,LEU,N,86,PHE,O,3.052,bb-bb
7t2g,active,90,LEU,N,87,GLY,O,3.449,bb-bb
7t2g,active,91,VAL,N,87,GLY,O,3.067,bb-bb
7t2g,active,90,LEU,N,88,ASN,O,3.368,bb-bb
7t2g,active,91,VAL,N,88,ASN,O,3.141,bb-bb
7t2g,active,92,MET,N,88,ASN,O,2.925,bb-bb
7t2g,active,88,ASN,ND2,331,SER,O,3.05,bb-sc
7t2g,active,91,VAL,N,89,PHE,O,3.482,bb-bb
7t2g,active,92,MET,N,89,PHE,O,3.429,bb-bb
7t2g,active,93,TYR,N,89,PHE,O,2.78,bb-bb
7t2g,active,92,MET,N,90,LEU,O,3.494,bb-bb
7t2g,active,93,TYR,N,90,LEU,O,3.245,bb-bb
7t2g,active,94,VAL,N,90,LEU,O,2.888,bb-bb
7t2g,active,93,TYR,N,91,VAL,O,3.41,bb-bb
7t2g,active,94,VAL,N,91,VAL,O,3.342,bb-bb
7t2g,active,95,ILE,N,91,VAL,O,2.91,bb-bb
7t2g,active,95,ILE,N,92,MET,O,3.294,bb-bb
7t2g,active,96,VAL,N,92,MET,O,2.824,bb-bb
7t2g,active,95,ILE,N,93,TYR,O,3.335,bb-bb
7t2g,active,96,VAL,N,93,TYR,O,3.227,bb-bb
7t2g,active,97,ARG,N,93,TYR,O,3.066,bb-bb
7t2g,active,97,ARG,NH1,93,TYR,OH,3.325,sc-sc
7t2g,active,96,VAL,N,94,VAL,O,3.498,bb-bb
7t2g,active,97,ARG,N,94,VAL,O,3.452,bb-bb
7t2g,active,98,TYR,N,94,VAL,O,2.64,bb-bb
7t2g,active,99,THR,N,94,VAL,O,2.879,bb-bb
7t2g,active,97,ARG,N,95,ILE,O,3.375,bb-bb
7t2g,active,100,LYS,N,95,ILE,O,3.269,bb-bb
7t2g,active,100,LYS,NZ,97,ARG,O,2.728,bb-sc
7t2g,active,100,LYS,N,98,TYR,O,3.249,bb-bb
7t2g,active,106,ASN,ND2,99,THR,O,3.314,bb-sc
7t2g,active,102,LYS,N,100,LYS,O,2.872,bb-bb
7t2g,active,106,ASN,ND2,100,LYS,O,2.688,bb-sc
7t2g,active,105,THR,N,103,THR,O,3.271,bb-bb
7t2g,active,105,THR,N,103,THR,OG1,3.349,bb-sc
7t2g,active,103,THR,OG1,106,ASN,OD1,3.479,sc-sc
7t2g,active,106,ASN,N,103,THR,O,3.285,bb-bb
7t2g,active,106,ASN,N,103,THR,OG1,3.016,bb-sc
7t2g,active,107,ILE,N,103,THR,O,3.265,bb-bb
7t2g,active,106,ASN,N,104,ALA,O,3.426,bb-bb
7t2g,active,107,ILE,N,104,ALA,O,3.157,bb-bb
7t2g,active,108,TYR,N,104,ALA,O,3.057,bb-bb
7t2g,active,107,ILE,N,105,THR,O,3.177,bb-bb
7t2g,active,108,TYR,N,105,THR,O,2.98,bb-bb
7t2g,active,109,ILE,N,105,THR,O,2.685,bb-bb
7t2g,active,108,TYR,N,106,ASN,O,3.48,bb-bb
7t2g,active,109,ILE,N,106,ASN,O,3.204,bb-bb
7t2g,active,110,PHE,N,106,ASN,O,2.688,bb-bb
7t2g,active,110,PHE,N,107,ILE,O,3.481,bb-bb
7t2g,active,111,ASN,N,107,ILE,O,2.883,bb-bb
7t2g,active,190,ASN,ND2,107,ILE,O,2.895,bb-sc
7t2g,active,110,PHE,N,108,TYR,O,3.432,bb-bb
7t2g,active,111,ASN,N,108,TYR,O,3.199,bb-bb
7t2g,active,112,LEU,N,108,TYR,O,2.669,bb-bb
7t2g,active,111,ASN,N,109,ILE,O,3.422,bb-bb
7t2g,active,112,LEU,N,109,ILE,O,3.296,bb-bb
7t2g,active,113,ALA,N,109,ILE,O,2.762,bb-bb
7t2g,active,113,ALA,N,110,PHE,O,3.345,bb-bb
7t2g,active,114,LEU,N,110,PHE,O,2.739,bb-bb
7t2g,active,113,ALA,N,111,ASN,O,3.426,bb-bb
7t2g,active,114,LEU,N,111,ASN,O,3.27,bb-bb
7t2g,active,115,ALA,N,111,ASN,O,2.732,bb-bb
7t2g,active,111,ASN,ND2,159,THR,OG1,3.055,sc-sc
7t2g,active,111,ASN,ND2,190,ASN,OD1,2.919,sc-sc
7t2g,active,194,TRP,NE1,111,ASN,OD1,2.676,sc-sc
7t2g,active,114,LEU,N,112,LEU,O,3.498,bb-bb
7t2g,active,115,ALA,N,112,LEU,O,3.449,bb-bb
7t2g,active,116,ASP,N,112,LEU,O,2.694,bb-bb
7t2g,active,116,ASP,N,113,ALA,O,3.403,bb-bb
7t2g,active,117,ALA,N,113,ALA,O,2.719,bb-bb
7t2g,active,116,ASP,N,114,LEU,O,3.435,bb-bb
7t2g,active,117,ALA,N,114,LEU,O,3.281,bb-bb
7t2g,active,118,LEU,N,114,LEU,O,2.851,bb-bb
7t2g,active,117,ALA,N,115,ALA,O,3.481,bb-bb
7t2g,active,118,LEU,N,115,ALA,O,3.373,bb-bb
7t2g,active,119,ALA,N,115,ALA,O,2.847,bb-bb
7t2g,active,156,SER,OG,115,ALA,O,3.429,bb-sc
7t2g,active,119,ALA,N,116,ASP,O,3.364,bb-bb
7t2g,active,120,THR,N,116,ASP,O,2.965,bb-bb
7t2g,active,116,ASP,N,156,SER,OG,3.466,bb-sc
7t2g,active,156,SER,OG,116,ASP,OD1,3.029,sc-sc
7t2g,active,331,SER,OG,116,ASP,OD1,2.886,sc-sc
7t2g,active,334,ASN,ND2,116,ASP,OD1,2.959,sc-sc
7t2g,active,334,ASN,ND2,116,ASP,OD2,3.082,sc-sc
7t2g,active,119,ALA,N,117,ALA,O,3.44,bb-bb
7t2g,active,120,THR,N,117,ALA,O,3.257,bb-bb
7t2g,active,121,SER,N,117,ALA,O,2.866,bb-bb
7t2g,active,120,THR,N,118,LEU,O,3.414,bb-bb
7t2g,active,121,SER,N,118,LEU,O,3.198,bb-bb
7t2g,active,121,SER,OG,118,LEU,O,2.591,bb-sc
7t2g,active,121,SER,N,119,ALA,O,3.397,bb-bb
7t2g,active,122,THR,N,119,ALA,O,3.386,bb-bb
7t2g,active,122,THR,OG1,119,ALA,O,2.403,bb-sc
7t2g,active,122,THR,N,120,THR,O,3.484,bb-bb
7t2g,active,123,LEU,N,120,THR,O,3.395,bb-bb
7t2g,active,123,LEU,N,121,SER,O,3.492,bb-bb
7t2g,active,125,PHE,N,122,THR,O,3.397,bb-bb
7t2g,active,126,GLN,N,122,THR,O,3.217,bb-bb
7t2g,active,122,THR,OG1,149,ASP,OD2,3.477,sc-sc
7t2g,active,125,PHE,N,123,LEU,O,3.362,bb-bb
7t2g,active,126,GLN,N,123,LEU,O,3.27,bb-bb
7t2g,active,127,SER,N,123,LEU,O,2.581,bb-bb
7t2g,active,127,SER,N,124,PRO,O,3.231,bb-bb
7t2g,active,128,VAL,N,124,PRO,O,2.846,bb-bb
7t2g,active,127,SER,N,125,PHE,O,3.487,bb-bb
7t2g,active,128,VAL,N,125,PHE,O,3.409,bb-bb
7t2g,active,129,ASN,N,125,PHE,O,2.78,bb-bb
7t2g,active,129,ASN,N,126,GLN,O,3.303,bb-bb
7t2g,active,130,TYR,N,126,GLN,O,3.036,bb-bb
7t2g,active,130,TYR,N,127,SER,O,3.384,bb-bb
7t2g,active,131,LEU,N,127,SER,O,3.116,bb-bb
7t2g,active,130,TYR,N,128,VAL,O,3.02,bb-bb
7t2g,active,131,LEU,N,128,VAL,O,3.315,bb-bb
7t2g,active,132,MET,N,128,VAL,O,3.325,bb-bb
7t2g,active,135,TRP,N,129,ASN,OD1,3.218,bb-sc
7t2g,active,132,MET,N,130,TYR,O,3.429,bb-bb
7t2g,active,133,GLY,N,130,TYR,O,3.412,bb-bb
7t2g,active,134,THR,N,132,MET,O,3.237,bb-bb
7t2g,active,134,THR,OG1,217,ILE,O,3.424,bb-sc
7t2g,active,217,ILE,N,134,THR,OG1,3.018,bb-sc
7t2g,active,137,PHE,N,135,TRP,O,3.464,bb-bb
7t2g,active,135,TRP,NE1,138,GLY,O,2.83,bb-sc
7t2g,active,135,TRP,N,217,ILE,O,2.853,bb-bb
7t2g,active,142,CYS,N,138,GLY,O,3.386,bb-bb
7t2g,active,141,LEU,N,139,ASN,O,3.417,bb-bb
7t2g,active,142,CYS,N,139,ASN,O,3.146,bb-bb
7t2g,active,143,LYS,N,139,ASN,O,3.25,bb-bb
7t2g,active,210,THR,N,139,ASN,OD1,3.016,bb-sc
7t2g,active,142,CYS,N,140,ILE,O,3.294,bb-bb
7t2g,active,143,LYS,N,140,ILE,O,3.21,bb-bb
7t2g,active,144,ILE,N,140,ILE,O,3.244,bb-bb
7t2g,active,143,LYS,N,141,LEU,O,3.31,bb-bb
7t2g,active,144,ILE,N,141,LEU,O,2.914,bb-bb
7t2g,active,145,VAL,N,141,LEU,O,2.605,bb-bb
7t2g,active,144,ILE,N,142,CYS,O,3.361,bb-bb
7t2g,active,145,VAL,N,142,CYS,O,3.425,bb-bb
7t2g,active,146,ILE,N,142,CYS,O,3.086,bb-bb
7t2g,active,210,THR,OG1,142,CYS,SG,3.439,sc-sc
7t2g,active,147,SER,N,143,LYS,O,3.067,bb-bb
7t2g,active,143,LYS,NZ,205,MET,O,3.424,bb-sc
7t2g,active,143,LYS,NZ,206,PHE,O,3.167,bb-sc
7t2g,active,143,LYS,NZ,208,ALA,O,3.408,bb-sc
7t2g,active,146,ILE,N,144,ILE,O,3.071,bb-bb
7t2g,active,147,SER,N,144,ILE,O,3.199,bb-bb
7t2g,active,148,ILE,N,144,ILE,O,2.771,bb-bb
7t2g,active,149,ASP,N,145,VAL,O,3.353,bb-bb
7t2g,active,150,TYR,N,146,ILE,O,2.91,bb-bb
7t2g,active,150,TYR,N,147,SER,O,3.401,bb-bb
7t2g,active,151,TYR,N,147,SER,O,2.581,bb-bb
7t2g,active,147,SER,OG,201,GLY,O,2.839,bb-sc
7t2g,active,151,TYR,N,148,ILE,O,3.414,bb-bb
7t2g,active,152,ASN,N,148,ILE,O,2.709,bb-bb
7t2g,active,152,ASN,ND2,148,ILE,O,2.711,bb-sc
7t2g,active,151,TYR,N,149,ASP,O,3.234,bb-bb
7t2g,active,152,ASN,N,149,ASP,O,3.262,bb-bb
7t2g,active,153,MET,N,149,ASP,O,2.985,bb-bb
7t2g,active,328,TYR,OH,149,ASP,OD1,2.549,sc-sc
7t2g,active,328,TYR,OH,149,ASP,OD2,2.314,sc-sc
7t2g,active,154,PHE,N,150,TYR,O,3.397,bb-bb
7t2g,active,154,PHE,N,151,TYR,O,3.337,bb-bb
7t2g,active,155,THR,N,151,TYR,O,2.883,bb-bb
7t2g,active,155,THR,OG1,151,TYR,O,2.906,bb-sc
7t2g,active,151,TYR,OH,194,TRP,O,2.573,bb-sc
7t2g,active,156,SER,N,152,ASN,O,2.898,bb-bb
7t2g,active,156,SER,OG,152,ASN,O,2.621,bb-sc
7t2g,active,155,THR,N,153,MET,O,3.439,bb-bb
7t2g,active,156,SER,N,153,MET,O,3.348,bb-bb
7t2g,active,157,ILE,N,153,MET,O,2.784,bb-bb
7t2g,active,158,PHE,N,154,PHE,O,2.842,bb-bb
7t2g,active,157,ILE,N,155,THR,O,3.469,bb-bb
7t2g,active,158,PHE,N,155,THR,O,3.451,bb-bb
7t2g,active,159,THR,N,155,THR,O,2.913,bb-bb
7t2g,active,159,THR,OG1,155,THR,O,2.46,bb-sc
7t2g,active,193,ASN,ND2,155,THR,O,2.74,bb-sc
7t2g,active,155,THR,N,197,SER,OG,3.423,bb-sc
7t2g,active,155,THR,OG1,197,SER,OG,3.227,sc-sc
7t2g,active,197,SER,OG,155,THR,OG1,3.227,sc-sc
7t2g,active,159,THR,N,156,SER,O,3.46,bb-bb
7t2g,active,160,LEU,N,156,SER,O,3.169,bb-bb
7t2g,active,159,THR,N,157,ILE,O,3.358,bb-bb
7t2g,active,160,LEU,N,157,ILE,O,3.162,bb-bb
7t2g,active,161,CYS,N,157,ILE,O,2.788,bb-bb
7t2g,active,161,CYS,N,158,PHE,O,3.446,bb-bb
7t2g,active,162,THR,N,158,PHE,O,2.784,bb-bb
7t2g,active,161,CYS,N,159,THR,O,3.415,bb-bb
7t2g,active,162,THR,N,159,THR,O,3.134,bb-bb
7t2g,active,163,MET,N,159,THR,O,2.62,bb-bb
7t2g,active,193,ASN,ND2,159,THR,OG1,2.843,sc-sc
7t2g,active,162,THR,N,160,LEU,O,3.449,bb-bb
7t2g,active,163,MET,N,160,LEU,O,3.345,bb-bb
7t2g,active,164,SER,N,160,LEU,O,2.794,bb-bb
7t2g,active,165,VAL,N,161,CYS,O,3.038,bb-bb
7t2g,active,164,SER,N,162,THR,O,3.351,bb-bb
7t2g,active,165,VAL,N,162,THR,O,3.282,bb-bb
7t2g,active,166,ASP,N,162,THR,O,2.615,bb-bb
7t2g,active,167,ARG,N,163,MET,O,3.082,bb-bb
7t2g,active,166,ASP,N,164,SER,O,3.426,bb-bb
7t2g,active,167,ARG,N,164,SER,O,3.292,bb-bb
7t2g,active,168,TYR,N,164,SER,O,2.852,bb-bb
7t2g,active,168,TYR,N,165,VAL,O,3.255,bb-bb
7t2g,active,169,ILE,N,165,VAL,O,2.883,bb-bb
7t2g,active,168,TYR,N,166,ASP,O,3.418,bb-bb
7t2g,active,170,ALA,N,166,ASP,O,3.058,bb-bb
7t2g,active,181,ARG,NE,166,ASP,O,3.432,bb-sc
7t2g,active,181,ARG,NE,166,ASP,OD1,2.924,sc-sc
7t2g,active,181,ARG,NE,166,ASP,OD2,3.321,sc-sc
7t2g,active,181,ARG,NH2,166,ASP,OD2,2.869,sc-sc
7t2g,active,171,VAL,N,167,ARG,O,3.419,bb-bb
7t2g,active,167,ARG,NH1,254,TYR,OH,3.356,sc-sc
7t2g,active,170,ALA,N,168,TYR,O,3.457,bb-bb
7t2g,active,171,VAL,N,168,TYR,O,3.297,bb-bb
7t2g,active,172,CYS,N,168,TYR,O,2.765,bb-bb
7t2g,active,168,TYR,OH,173,HIS,NE2,3.493,sc-sc
7t2g,active,173,HIS,NE2,168,TYR,OH,3.493,sc-sc
7t2g,active,171,VAL,N,169,ILE,O,3.317,bb-bb
7t2g,active,173,HIS,N,169,ILE,O,2.912,bb-bb
7t2g,active,174,PRO,N,169,ILE,O,3.409,bb-bb
7t2g,active,175,VAL,N,173,HIS,O,3.195,bb-bb
7t2g,active,176,LYS,N,173,HIS,O,3.134,bb-bb
7t2g,active,177,ALA,N,173,HIS,O,2.602,bb-bb
7t2g,active,177,ALA,N,174,PRO,O,3.318,bb-bb
7t2g,active,178,LEU,N,174,PRO,O,3.432,bb-bb
7t2g,active,177,ALA,N,175,VAL,O,3.439,bb-bb
7t2g,active,178,LEU,N,175,VAL,O,3.462,bb-bb
7t2g,active,178,LEU,N,176,LYS,O,3.233,bb-bb
7t2g,active,179,ASP,N,176,LYS,O,3.119,bb-bb
7t2g,active,180,PHE,N,176,LYS,O,3.092,bb-bb
7t2g,active,179,ASP,N,177,ALA,O,3.385,bb-bb
7t2g,active,180,PHE,N,177,ALA,O,3.223,bb-bb
7t2g,active,181,ARG,N,177,ALA,O,2.557,bb-bb
7t2g,active,182,THR,N,180,PHE,O,3.101,bb-bb
7t2g,active,184,ARG,N,182,THR,O,3.226,bb-bb
7t2g,active,182,THR,OG1,185,ASN,OD1,2.652,sc-sc
7t2g,active,185,ASN,N,182,THR,O,3.183,bb-bb
7t2g,active,185,ASN,N,182,THR,OG1,3.243,bb-sc
7t2g,active,186,ALA,N,182,THR,O,3.243,bb-bb
7t2g,active,185,ASN,N,183,PRO,O,3.431,bb-bb
7t2g,active,186,ALA,N,183,PRO,O,3.215,bb-bb
7t2g,active,187,LYS,N,183,PRO,O,3.011,bb-bb
7t2g,active,187,LYS,NZ,183,PRO,O,3.393,bb-sc
7t2g,active,186,ALA,N,184,ARG,O,3.39,bb-bb
7t2g,active,187,LYS,N,184,ARG,O,3.079,bb-bb
7t2g,active,188,ILE,N,184,ARG,O,2.973,bb-bb
7t2g,active,187,LYS,N,185,ASN,O,3.33,bb-bb
7t2g,active,188,ILE,N,185,ASN,O,3.038,bb-bb
7t2g,active,189,VAL,N,185,ASN,O,2.76,bb-bb
7t2g,active,190,ASN,N,186,ALA,O,2.996,bb-bb
7t2g,active,190,ASN,N,187,LYS,O,3.448,bb-bb
7t2g,active,191,VAL,N,187,LYS,O,3.021,bb-bb
7t2g,active,190,ASN,N,188,ILE,O,3.177,bb-bb
7t2g,active,191,VAL,N,188,ILE,O,3.11,bb-bb
7t2g,active,192,CYS,N,188,ILE,O,2.779,bb-bb
7t2g,active,192,CYS,N,189,VAL,O,3.367,bb-bb
7t2g,active,193,ASN,N,189,VAL,O,2.833,bb-bb
7t2g,active,192,CYS,N,190,ASN,O,3.349,bb-bb
7t2g,active,193,ASN,N,190,ASN,O,2.963,bb-bb
7t2g,active,194,TRP,N,190,ASN,O,3.14,bb-bb
7t2g,active,193,ASN,N,191,VAL,O,3.352,bb-bb
7t2g,active,194,TRP,N,191,VAL,O,3.158,bb-bb
7t2g,active,195,ILE,N,191,VAL,O,2.813,bb-bb
7t2g,active,195,ILE,N,192,CYS,O,3.378,bb-bb
7t2g,active,196,LEU,N,192,CYS,O,2.852,bb-bb
7t2g,active,195,ILE,N,193,ASN,O,3.334,bb-bb
7t2g,active,196,LEU,N,193,ASN,O,3.323,bb-bb
7t2g,active,197,SER,N,193,ASN,O,2.832,bb-bb
7t2g,active,197,SER,OG,193,ASN,O,2.72,bb-sc
7t2g,active,197,SER,OG,193,ASN,OD1,2.869,sc-sc
7t2g,active,197,SER,N,194,TRP,O,3.372,bb-bb
7t2g,active,198,SER,N,194,TRP,O,3.283,bb-bb
7t2g,active,197,SER,N,195,ILE,O,3.205,bb-bb
7t2g,active,198,SER,N,195,ILE,O,2.792,bb-bb
7t2g,active,198,SER,OG,195,ILE,O,2.433,bb-sc
7t2g,active,198,SER,N,196,LEU,O,2.954,bb-bb
7t2g,active,199,ALA,N,196,LEU,O,2.726,bb-bb
7t2g,active,201,GLY,N,197,SER,O,3.047,bb-bb
7t2g,active,200,ILE,N,198,SER,O,3.127,bb-bb
7t2g,active,202,LEU,N,198,SER,O,2.987,bb-bb
7t2g,active,202,LEU,N,200,ILE,O,3.474,bb-bb
7t2g,active,204,VAL,N,200,ILE,O,2.886,bb-bb
7t2g,active,204,VAL,N,201,GLY,O,3.323,bb-bb
7t2g,active,205,MET,N,201,GLY,O,2.709,bb-bb
7t2g,active,204,VAL,N,202,LEU,O,3.208,bb-bb
7t2g,active,205,MET,N,202,LEU,O,2.898,bb-bb
7t2g,active,206,PHE,N,202,LEU,O,2.939,bb-bb
7t2g,active,205,MET,N,203,PRO,O,3.443,bb-bb
7t2g,active,206,PHE,N,203,PRO,O,3.354,bb-bb
7t2g,active,207,MET,N,203,PRO,O,3.008,bb-bb
7t2g,active,206,PHE,N,204,VAL,O,3.461,bb-bb
7t2g,active,207,MET,N,204,VAL,O,3.297,bb-bb
7t2g,active,208,ALA,N,204,VAL,O,2.75,bb-bb
7t2g,active,207,MET,N,205,MET,O,3.487,bb-bb
7t2g,active,209,THR,N,207,MET,O,2.789,bb-bb
7t2g,active,222,THR,N,207,MET,O,2.804,bb-bb
7t2g,active,209,THR,N,220,THR,O,3.341,bb-bb
7t2g,active,209,THR,OG1,222,THR,OG1,2.812,sc-sc
7t2g,active,222,THR,OG1,209,THR,OG1,2.812,sc-sc
7t2g,active,211,LYS,N,218,ASP,O,2.964,bb-bb
7t2g,active,218,ASP,N,211,LYS,O,2.816,bb-bb
7t2g,active,215,GLY,N,213,ARG,O,3.079,bb-bb
7t2g,active,213,ARG,N,216,SER,O,2.807,bb-bb
7t2g,active,216,SER,N,213,ARG,O,2.841,bb-bb
7t2g,active,216,SER,N,214,GLN,O,3.278,bb-bb
7t2g,active,226,PRO,N,224,SER,O,3.395,bb-bb
7t2g,active,227,THR,N,224,SER,O,3.406,bb-bb
7t2g,active,228,TRP,N,226,PRO,O,3.357,bb-bb
7t2g,active,229,TYR,N,226,PRO,O,3.257,bb-bb
7t2g,active,229,TYR,N,227,THR,O,3.491,bb-bb
7t2g,active,231,GLU,N,227,THR,O,3.145,bb-bb
7t2g,active,232,ASN,N,228,TRP,O,3.058,bb-bb
7t2g,active,232,ASN,ND2,228,TRP,O,3.24,bb-sc
7t2g,active,233,LEU,N,229,TYR,O,2.969,bb-bb
7t2g,active,232,ASN,N,230,TRP,O,3.468,bb-bb
7t2g,active,233,LEU,N,230,TRP,O,3.334,bb-bb
7t2g,active,234,LEU,N,230,TRP,O,2.968,bb-bb
7t2g,active,235,LYS,N,231,GLU,O,3.282,bb-bb
7t2g,active,234,LEU,N,232,ASN,O,3.387,bb-bb
7t2g,active,235,LYS,N,232,ASN,O,3.125,bb-bb
7t2g,active,236,ILE,N,232,ASN,O,2.614,bb-bb
7t2g,active,236,ILE,N,233,LEU,O,3.432,bb-bb
7t2g,active,237,CYS,N,233,LEU,O,2.804,bb-bb
7t2g,active,236,ILE,N,234,LEU,O,3.418,bb-bb
7t2g,active,237,CYS,N,234,LEU,O,3.275,bb-bb
7t2g,active,238,VAL,N,234,LEU,O,2.629,bb-bb
7t2g,active,238,VAL,N,235,LYS,O,3.296,bb-bb
7t2g,active,239,PHE,N,235,LYS,O,2.716,bb-bb
7t2g,active,238,VAL,N,236,ILE,O,3.476,bb-bb
7t2g,active,239,PHE,N,236,ILE,O,2.986,bb-bb
7t2g,active,240,ILE,N,236,ILE,O,2.744,bb-bb
7t2g,active,239,PHE,N,237,CYS,O,3.342,bb-bb
7t2g,active,240,ILE,N,237,CYS,O,3.404,bb-bb
7t2g,active,241,PHE,N,237,CYS,O,2.906,bb-bb
7t2g,active,242,ALA,N,238,VAL,O,3.26,bb-bb
7t2g,active,299,HIS,NE2,238,VAL,O,3.261,bb-sc
7t2g,active,243,PHE,N,239,PHE,O,3.213,bb-bb
7t2g,active,244,ILE,N,239,PHE,O,2.946,bb-bb
7t2g,active,244,ILE,N,240,ILE,O,3.15,bb-bb
7t2g,active,245,MET,N,240,ILE,O,2.601,bb-bb
7t2g,active,247,VAL,N,243,PHE,O,2.905,bb-bb
7t2g,active,246,PRO,N,244,ILE,O,3.336,bb-bb
7t2g,active,247,VAL,N,244,ILE,O,3.194,bb-bb
7t2g,active,248,LEU,N,244,ILE,O,2.945,bb-bb
7t2g,active,248,LEU,N,245,MET,O,3.452,bb-bb
7t2g,active,249,ILE,N,245,MET,O,2.947,bb-bb
7t2g,active,248,LEU,N,246,PRO,O,3.348,bb-bb
7t2g,active,249,ILE,N,246,PRO,O,3.168,bb-bb
7t2g,active,250,ILE,N,246,PRO,O,2.633,bb-bb
7t2g,active,249,ILE,N,247,VAL,O,3.453,bb-bb
7t2g,active,250,ILE,N,247,VAL,O,3.452,bb-bb
7t2g,active,251,THR,N,247,VAL,O,2.739,bb-bb
7t2g,active,251,THR,OG1,247,VAL,O,2.615,bb-sc
7t2g,active,252,VAL,N,248,LEU,O,2.832,bb-bb
7t2g,active,251,THR,N,249,ILE,O,3.335,bb-bb
7t2g,active,252,VAL,N,249,ILE,O,3.369,bb-bb
7t2g,active,253,CYS,N,249,ILE,O,2.745,bb-bb
7t2g,active,254,TYR,N,250,ILE,O,3.038,bb-bb
7t2g,active,255,GLY,N,251,THR,O,2.725,bb-bb
7t2g,active,255,GLY,N,252,VAL,O,3.436,bb-bb
7t2g,active,256,LEU,N,252,VAL,O,2.831,bb-bb
7t2g,active,257,MET,N,253,CYS,O,2.883,bb-bb
7t2g,active,257,MET,N,254,TYR,O,3.176,bb-bb
7t2g,active,258,ILE,N,254,TYR,O,2.932,bb-bb
7t2g,active,257,MET,N,255,GLY,O,3.312,bb-bb
7t2g,active,258,ILE,N,255,GLY,O,3.276,bb-bb
7t2g,active,259,LEU,N,255,GLY,O,3.198,bb-bb
7t2g,active,259,LEU,N,256,LEU,O,3.342,bb-bb
7t2g,active,260,ARG,N,256,LEU,O,3.21,bb-bb
7t2g,active,259,LEU,N,257,MET,O,3.36,bb-bb
7t2g,active,260,ARG,N,257,MET,O,3.255,bb-bb
7t2g,active,261,LEU,N,257,MET,O,2.991,bb-bb
7t2g,active,260,ARG,N,258,ILE,O,3.443,bb-bb
7t2g,active,261,LEU,N,258,ILE,O,3.187,bb-bb
7t2g,active,262,LYS,N,258,ILE,O,2.868,bb-bb
7t2g,active,262,LYS,N,259,LEU,O,3.32,bb-bb
7t2g,active,262,LYS,N,260,ARG,O,3.18,bb-bb
7t2g,active,263,SER,N,260,ARG,O,2.916,bb-bb
7t2g,active,263,SER,OG,260,ARG,O,2.991,bb-sc
7t2g,active,264,VAL,N,260,ARG,O,3.432,bb-bb
7t2g,active,263,SER,N,261,LEU,O,3.119,bb-bb
7t2g,active,264,VAL,N,261,LEU,O,3.312,bb-bb
7t2g,active,266,MET,N,264,VAL,O,3.316,bb-bb
7t2g,active,267,LEU,N,264,VAL,O,3.259,bb-bb
7t2g,active,268,SER,N,264,VAL,O,3.141,bb-bb
7t2g,active,267,LEU,N,265,ARG,O,3.308,bb-bb
7t2g,active,273,LYS,NZ,265,ARG,O,2.509,bb-sc
7t2g,active,273,LYS,NZ,268,SER,O,2.597,bb-sc
7t2g,active,272,GLU,N,270,SER,OG,3.419,bb-sc
7t2g,active,274,ASP,N,270,SER,O,2.995,bb-bb
7t2g,active,273,LYS,N,271,LYS,O,3.449,bb-bb
7t2g,active,274,ASP,N,271,LYS,O,3.188,bb-bb
7t2g,active,275,ARG,N,271,LYS,O,2.978,bb-bb
7t2g,active,274,ASP,N,272,GLU,O,3.391,bb-bb
7t2g,active,275,ARG,N,272,GLU,O,2.914,bb-bb
7t2g,active,276,ASN,N,272,GLU,O,3.084,bb-bb
7t2g,active,275,ARG,N,273,LYS,O,3.284,bb-bb
7t2g,active,276,ASN,N,273,LYS,O,3.022,bb-bb
7t2g,active,277,LEU,N,273,LYS,O,2.958,bb-bb
7t2g,active,276,ASN,N,274,ASP,O,3.421,bb-bb
7t2g,active,277,LEU,N,274,ASP,O,3.21,bb-bb
7t2g,active,278,ARG,N,274,ASP,O,2.852,bb-bb
7t2g,active,279,ARG,N,275,ARG,O,3.086,bb-bb
7t2g,active,278,ARG,N,276,ASN,O,3.374,bb-bb
7t2g,active,279,ARG,N,276,ASN,O,3.006,bb-bb
7t2g,active,279,ARG,NH1,276,ASN,OD1,3.118,sc-sc
7t2g,active,280,ILE,N,276,ASN,O,2.829,bb-bb
7t2g,active,279,ARG,N,277,LEU,O,3.365,bb-bb
7t2g,active,280,ILE,N,277,LEU,O,3.253,bb-bb
7t2g,active,281,THR,N,277,LEU,O,2.805,bb-bb
7t2g,active,281,THR,OG1,277,LEU,O,2.735,bb-sc
7t2g,active,281,THR,N,278,ARG,O,3.43,bb-bb
7t2g,active,282,ARG,N,278,ARG,O,2.803,bb-bb
7t2g,active,281,THR,N,279,ARG,O,3.48,bb-bb
7t2g,active,282,ARG,N,279,ARG,O,3.352,bb-bb
7t2g,active,283,MET,N,279,ARG,O,2.968,bb-bb
7t2g,active,279,ARG,NE,343,GLU,OE2,3.371,sc-sc
7t2g,active,282,ARG,N,280,ILE,O,3.448,bb-bb
7t2g,active,283,MET,N,280,ILE,O,3.189,bb-bb
7t2g,active,284,VAL,N,280,ILE,O,2.887,bb-bb
7t2g,active,283,MET,N,281,THR,O,3.344,bb-bb
7t2g,active,284,VAL,N,281,THR,O,3.149,bb-bb
7t2g,active,285,LEU,N,281,THR,O,2.762,bb-bb
7t2g,active,284,VAL,N,282,ARG,O,3.453,bb-bb
7t2g,active,285,LEU,N,282,ARG,O,3.388,bb-bb
7t2g,active,286,VAL,N,282,ARG,O,2.831,bb-bb
7t2g,active,285,LEU,N,283,MET,O,3.482,bb-bb
7t2g,active,286,VAL,N,283,MET,O,3.246,bb-bb
7t2g,active,287,VAL,N,283,MET,O,3.005,bb-bb
7t2g,active,286,VAL,N,284,VAL,O,3.365,bb-bb
7t2g,active,287,VAL,N,284,VAL,O,3.372,bb-bb
7t2g,active,288,VAL,N,284,VAL,O,3.154,bb-bb
7t2g,active,288,VAL,N,285,LEU,O,3.472,bb-bb
7t2g,active,289,ALA,N,285,LEU,O,2.628,bb-bb
7t2g,active,289,ALA,N,286,VAL,O,3.332,bb-bb
7t2g,active,290,VAL,N,286,VAL,O,2.697,bb-bb
7t2g,active,289,ALA,N,287,VAL,O,3.448,bb-bb
7t2g,active,290,VAL,N,287,VAL,O,3.448,bb-bb
7t2g,active,291,PHE,N,287,VAL,O,3.023,bb-bb
7t2g,active,290,VAL,N,288,VAL,O,3.432,bb-bb
7t2g,active,291,PHE,N,288,VAL,O,3.29,bb-bb
7t2g,active,292,ILE,N,288,VAL,O,2.889,bb-bb
7t2g,active,291,PHE,N,289,ALA,O,3.43,bb-bb
7t2g,active,292,ILE,N,289,ALA,O,3.266,bb-bb
7t2g,active,293,VAL,N,289,ALA,O,2.791,bb-bb
7t2g,active,292,ILE,N,290,VAL,O,3.436,bb-bb
7t2g,active,293,VAL,N,290,VAL,O,3.318,bb-bb
7t2g,active,294,CYS,N,290,VAL,O,2.788,bb-bb
7t2g,active,294,CYS,N,291,PHE,O,3.45,bb-bb
7t2g,active,295,TRP,N,291,PHE,O,2.972,bb-bb
7t2g,active,294,CYS,N,292,ILE,O,3.408,bb-bb
7t2g,active,296,THR,N,292,ILE,O,3.072,bb-bb
7t2g,active,296,THR,OG1,292,ILE,O,2.533,bb-sc
7t2g,active,327,GLY,N,294,CYS,O,3.209,bb-bb
7t2g,active,297,PRO,N,295,TRP,O,3.235,bb-bb
7t2g,active,298,ILE,N,295,TRP,O,3.179,bb-bb
7t2g,active,299,HIS,N,295,TRP,O,2.98,bb-bb
7t2g,active,299,HIS,ND1,295,TRP,O,3.124,bb-sc
7t2g,active,298,ILE,N,296,THR,O,3.25,bb-bb
7t2g,active,299,HIS,N,296,THR,O,3.217,bb-bb
7t2g,active,300,ILE,N,296,THR,O,2.931,bb-bb
7t2g,active,301,TYR,N,297,PRO,O,2.953,bb-bb
7t2g,active,300,ILE,N,298,ILE,O,3.383,bb-bb
7t2g,active,301,TYR,N,298,ILE,O,3.263,bb-bb
7t2g,active,302,VAL,N,298,ILE,O,2.802,bb-bb
7t2g,active,303,ILE,N,299,HIS,O,3.133,bb-bb
7t2g,active,302,VAL,N,300,ILE,O,3.33,bb-bb
7t2g,active,303,ILE,N,300,ILE,O,3.0,bb-bb
7t2g,active,304,ILE,N,300,ILE,O,2.745,bb-bb
7t2g,active,303,ILE,N,301,TYR,O,3.423,bb-bb
7t2g,active,304,ILE,N,301,TYR,O,3.352,bb-bb
7t2g,active,305,LYS,N,301,TYR,O,2.924,bb-bb
7t2g,active,301,TYR,OH,316,GLN,O,2.776,bb-sc
7t2g,active,301,TYR,OH,316,GLN,NE2,3.261,sc-sc
7t2g,active,316,GLN,NE2,301,TYR,OH,3.261,sc-sc
7t2g,active,301,TYR,OH,319,SER,OG,3.068,sc-sc
7t2g,active,319,SER,OG,301,TYR,OH,3.068,sc-sc
7t2g,active,306,ALA,N,302,VAL,O,3.049,bb-bb
7t2g,active,306,ALA,N,303,ILE,O,3.312,bb-bb
7t2g,active,307,LEU,N,303,ILE,O,3.139,bb-bb
7t2g,active,306,ALA,N,304,ILE,O,3.404,bb-bb
7t2g,active,307,LEU,N,304,ILE,O,3.083,bb-bb
7t2g,active,308,ILE,N,304,ILE,O,2.9,bb-bb
7t2g,active,307,LEU,N,305,LYS,O,3.218,bb-bb
7t2g,active,305,LYS,NZ,316,GLN,NE2,3.163,sc-sc
7t2g,active,310,ILE,N,308,ILE,O,3.444,bb-bb
7t2g,active,312,GLU,N,310,ILE,O,3.395,bb-bb
7t2g,active,313,THR,N,311,PRO,O,3.352,bb-bb
7t2g,active,315,PHE,N,313,THR,O,3.149,bb-bb
7t2g,active,316,GLN,N,313,THR,O,3.378,bb-bb
7t2g,active,316,GLN,N,313,THR,OG1,3.224,bb-sc
7t2g,active,317,THR,N,313,THR,O,3.135,bb-bb
7t2g,active,317,THR,OG1,313,THR,O,3.029,bb-sc
7t2g,active,317,THR,N,315,PHE,O,3.37,bb-bb
7t2g,active,318,VAL,N,315,PHE,O,3.392,bb-bb
7t2g,active,319,SER,N,315,PHE,O,2.945,bb-bb
7t2g,active,319,SER,OG,315,PHE,O,2.664,bb-sc
7t2g,active,319,SER,OG,316,GLN,O,3.035,bb-sc
7t2g,active,320,TRP,N,316,GLN,O,3.095,bb-bb
7t2g,active,319,SER,N,317,THR,O,3.401,bb-bb
7t2g,active,320,TRP,N,317,THR,O,3.196,bb-bb
7t2g,active,321,HIS,N,317,THR,O,3.019,bb-bb
7t2g,active,320,TRP,N,318,VAL,O,3.376,bb-bb
7t2g,active,321,HIS,N,318,VAL,O,3.38,bb-bb
7t2g,active,322,PHE,N,318,VAL,O,2.822,bb-bb
7t2g,active,322,PHE,N,319,SER,O,3.355,bb-bb
7t2g,active,323,CYS,N,319,SER,O,2.733,bb-bb
7t2g,active,322,PHE,N,320,TRP,O,3.43,bb-bb
7t2g,active,323,CYS,N,320,TRP,O,3.06,bb-bb
7t2g,active,324,ILE,N,320,TRP,O,2.896,bb-bb
7t2g,active,323,CYS,N,321,HIS,O,3.341,bb-bb
7t2g,active,324,ILE,N,321,HIS,O,3.165,bb-bb
7t2g,active,325,ALA,N,321,HIS,O,2.708,bb-bb
7t2g,active,324,ILE,N,322,PHE,O,3.443,bb-bb
7t2g,active,325,ALA,N,322,PHE,O,3.227,bb-bb
7t2g,active,326,LEU,N,322,PHE,O,2.861,bb-bb
7t2g,active,327,GLY,N,323,CYS,O,3.354,bb-bb
7t2g,active,326,LEU,N,324,ILE,O,3.178,bb-bb
7t2g,active,327,GLY,N,324,ILE,O,3.098,bb-bb
7t2g,active,328,TYR,N,324,ILE,O,3.229,bb-bb
7t2g,active,328,TYR,N,325,ALA,O,3.306,bb-bb
7t2g,active,329,THR,N,325,ALA,O,2.939,bb-bb
7t2g,active,329,THR,OG1,325,ALA,O,2.792,bb-sc
7t2g,active,328,TYR,N,326,LEU,O,3.41,bb-bb
7t2g,active,329,THR,N,326,LEU,O,3.176,bb-bb
7t2g,active,330,ASN,N,328,TYR,O,3.324,bb-bb
7t2g,active,331,SER,N,328,TYR,O,3.084,bb-bb
7t2g,active,332,CYS,N,328,TYR,O,3.351,bb-bb
7t2g,active,331,SER,N,329,THR,O,3.458,bb-bb
7t2g,active,332,CYS,N,329,THR,O,3.122,bb-bb
7t2g,active,333,LEU,N,329,THR,O,2.796,bb-bb
7t2g,active,330,ASN,ND2,334,ASN,OD1,3.449,sc-sc
7t2g,active,334,ASN,N,330,ASN,O,2.888,bb-bb
7t2g,active,334,ASN,ND2,330,ASN,O,2.732,bb-sc
7t2g,active,335,PRO,N,333,LEU,O,3.287,bb-bb
7t2g,active,336,VAL,N,333,LEU,O,3.018,bb-bb
7t2g,active,337,LEU,N,333,LEU,O,2.821,bb-bb
7t2g,active,336,VAL,N,334,ASN,O,3.392,bb-bb
7t2g,active,337,LEU,N,334,ASN,O,3.416,bb-bb
7t2g,active,338,TYR,N,334,ASN,O,3.118,bb-bb
7t2g,active,339,ALA,N,335,PRO,O,3.076,bb-bb
7t2g,active,340,PHE,N,335,PRO,O,3.06,bb-bb
7t2g,active,341,LEU,N,336,VAL,O,2.947,bb-bb
7t2g,active,341,LEU,N,339,ALA,O,3.104,bb-bb
7t2g,active,342,ASP,N,339,ALA,O,2.826,bb-bb
7t2g,active,346,LYS,NZ,341,LEU,O,3.498,bb-sc
7t2g,active,344,ASN,N,342,ASP,OD1,2.357,bb-sc
7t2g,active,345,PHE,N,342,ASP,OD1,3.272,bb-sc
7t2g,active,346,LYS,N,342,ASP,O,3.161,bb-bb
7t2g,active,345,PHE,N,343,GLU,O,3.41,bb-bb
7t2g,active,346,LYS,N,343,GLU,O,3.336,bb-bb
7t2g,active,347,ARG,NE,343,GLU,O,3.36,bb-sc
7t2g,active,346,LYS,N,344,ASN,O,3.464,bb-bb
7t2g,active,347,ARG,N,344,ASN,O,3.441,bb-bb
7t2g,active,347,ARG,NH1,344,ASN,OD1,2.964,sc-sc
7t2g,active,347,ARG,NH2,344,ASN,OD1,3.386,sc-sc
7t2g,active,347,ARG,N,345,PHE,O,3.192,bb-bb
7t2g,active,348,CYS,N,345,PHE,O,3.13,bb-bb
7t2g,active,349,PHE,N,345,PHE,O,2.465,bb-bb
7t2g,active,350,ARG,N,346,LYS,O,3.064,bb-bb
7t2g,active,350,ARG,NH2,346,LYS,O,3.4,bb-sc
7t2g,active,350,ARG,N,347,ARG,O,3.32,bb-bb
7t2g,active,350,ARG,N,348,CYS,O,3.322,bb-bb
7t2g,active,351,GLU,N,348,CYS,O,3.052,bb-bb
7t2g,active,351,GLU,N,349,PHE,O,3.048,bb-bb
7t2g,active,352,PHE,N,349,PHE,O,2.835,bb-bb
7t2g,active,353,CYS,N,351,GLU,O,3.291,bb-bb
7t2h,active,70,ALA,N,68,VAL,O,3.328,bb-bb
7t2h,active,71,ILE,N,69,THR,O,3.442,bb-bb
7t2h,active,72,THR,N,69,THR,O,3.268,bb-bb
7t2h,active,72,THR,OG1,69,THR,O,2.447,bb-sc
7t2h,active,73,ILE,N,69,THR,O,2.94,bb-bb
7t2h,active,72,THR,N,70,ALA,O,3.46,bb-bb
7t2h,active,73,ILE,N,70,ALA,O,3.313,bb-bb
7t2h,active,74,MET,N,70,ALA,O,2.89,bb-bb
7t2h,active,74,MET,N,71,ILE,O,3.409,bb-bb
7t2h,active,75,ALA,N,71,ILE,O,2.869,bb-bb
7t2h,active,75,ALA,N,72,THR,O,3.245,bb-bb
7t2h,active,76,LEU,N,72,THR,O,2.922,bb-bb
7t2h,active,75,ALA,N,73,ILE,O,3.38,bb-bb
7t2h,active,76,LEU,N,73,ILE,O,3.243,bb-bb
7t2h,active,77,TYR,N,73,ILE,O,2.944,bb-bb
7t2h,active,77,TYR,N,74,MET,O,3.378,bb-bb
7t2h,active,78,SER,N,74,MET,O,2.878,bb-bb
7t2h,active,78,SER,OG,74,MET,O,2.746,bb-sc
7t2h,active,77,TYR,N,75,ALA,O,3.48,bb-bb
7t2h,active,78,SER,N,75,ALA,O,3.276,bb-bb
7t2h,active,78,SER,OG,75,ALA,O,2.771,bb-sc
7t2h,active,79,ILE,N,75,ALA,O,2.895,bb-bb
7t2h,active,78,SER,N,76,LEU,O,3.366,bb-bb
7t2h,active,79,ILE,N,76,LEU,O,3.378,bb-bb
7t2h,active,80,VAL,N,76,LEU,O,2.99,bb-bb
7t2h,active,80,VAL,N,77,TYR,O,3.481,bb-bb
7t2h,active,81,CYS,N,77,TYR,O,2.909,bb-bb
7t2h,active,77,TYR,OH,321,HIS,ND1,2.951,sc-sc
7t2h,active,321,HIS,ND1,77,TYR,OH,2.951,sc-sc
7t2h,active,81,CYS,N,78,SER,O,3.298,bb-bb
7t2h,active,82,VAL,N,78,SER,O,2.902,bb-bb
7t2h,active,81,CYS,N,79,ILE,O,3.404,bb-bb
7t2h,active,82,VAL,N,79,ILE,O,3.334,bb-bb
7t2h,active,83,VAL,N,79,ILE,O,2.985,bb-bb
7t2h,active,82,VAL,N,80,VAL,O,3.451,bb-bb
7t2h,active,83,VAL,N,80,VAL,O,3.489,bb-bb
7t2h,active,84,GLY,N,80,VAL,O,2.961,bb-bb
7t2h,active,84,GLY,N,81,CYS,O,3.396,bb-bb
7t2h,active,85,LEU,N,81,CYS,O,2.877,bb-bb
7t2h,active,84,GLY,N,82,VAL,O,3.442,bb-bb
7t2h,active,85,LEU,N,82,VAL,O,3.395,bb-bb
7t2h,active,86,PHE,N,82,VAL,O,2.917,bb-bb
7t2h,active,86,PHE,N,83,VAL,O,3.448,bb-bb
7t2h,active,87,GLY,N,83,VAL,O,2.936,bb-bb
7t2h,active,86,PHE,N,84,GLY,O,3.466,bb-bb
7t2h,active,87,GLY,N,84,GLY,O,3.309,bb-bb
7t2h,active,88,ASN,N,84,GLY,O,2.911,bb-bb
7t2h,active,87,GLY,N,85,LEU,O,3.459,bb-bb
7t2h,active,88,ASN,N,85,LEU,O,3.464,bb-bb
7t2h,active,89,PHE,N,85,LEU,O,2.912,bb-bb
7t2h,active,89,PHE,N,86,PHE,O,3.424,bb-bb
7t2h,active,90,LEU,N,86,PHE,O,2.901,bb-bb
7t2h,active,89,PHE,N,87,GLY,O,3.356,bb-bb
7t2h,active,90,LEU,N,87,GLY,O,3.252,bb-bb
7t2h,active,91,VAL,N,87,GLY,O,2.962,bb-bb
7t2h,active,90,LEU,N,88,ASN,O,3.481,bb-bb
7t2h,active,91,VAL,N,88,ASN,O,3.299,bb-bb
7t2h,active,92,MET,N,88,ASN,O,2.903,bb-bb
7t2h,active,117,ALA,N,88,ASN,OD1,3.255,bb-sc
7t2h,active,92,MET,N,89,PHE,O,3.394,bb-bb
7t2h,active,93,TYR,N,89,PHE,O,2.89,bb-bb
7t2h,active,92,MET,N,90,LEU,O,3.458,bb-bb
7t2h,active,93,TYR,N,90,LEU,O,3.241,bb-bb
7t2h,active,94,VAL,N,90,LEU,O,2.952,bb-bb
7t2h,active,93,TYR,N,91,VAL,O,3.361,bb-bb
7t2h,active,94,VAL,N,91,VAL,O,3.236,bb-bb
7t2h,active,95,ILE,N,91,VAL,O,2.943,bb-bb
7t2h,active,94,VAL,N,92,MET,O,3.489,bb-bb
7t2h,active,95,ILE,N,92,MET,O,3.325,bb-bb
7t2h,active,96,VAL,N,92,MET,O,2.936,bb-bb
7t2h,active,95,ILE,N,93,TYR,O,3.349,bb-bb
7t2h,active,96,VAL,N,93,TYR,O,3.386,bb-bb
7t2h,active,97,ARG,N,93,TYR,O,2.901,bb-bb
7t2h,active,97,ARG,N,94,VAL,O,3.426,bb-bb
7t2h,active,98,TYR,N,94,VAL,O,2.908,bb-bb
7t2h,active,99,THR,N,94,VAL,O,3.457,bb-bb
7t2h,active,97,ARG,N,95,ILE,O,3.244,bb-bb
7t2h,active,99,THR,OG1,95,ILE,O,3.056,bb-sc
7t2h,active,100,LYS,N,95,ILE,O,3.073,bb-bb
7t2h,active,100,LYS,N,98,TYR,O,3.203,bb-bb
7t2h,active,101,MET,N,99,THR,O,2.956,bb-bb
7t2h,active,101,MET,N,99,THR,OG1,3.432,bb-sc
7t2h,active,105,THR,N,103,THR,O,3.42,bb-bb
7t2h,active,103,THR,OG1,106,ASN,OD1,2.364,sc-sc
7t2h,active,106,ASN,N,103,THR,O,3.167,bb-bb
7t2h,active,106,ASN,N,103,THR,OG1,3.286,bb-sc
7t2h,active,107,ILE,N,103,THR,O,3.077,bb-bb
7t2h,active,106,ASN,N,104,ALA,O,3.337,bb-bb
7t2h,active,107,ILE,N,104,ALA,O,3.195,bb-bb
7t2h,active,108,TYR,N,104,ALA,O,2.928,bb-bb
7t2h,active,108,TYR,N,105,THR,O,3.326,bb-bb
7t2h,active,109,ILE,N,105,THR,O,2.892,bb-bb
7t2h,active,181,ARG,NH1,105,THR,OG1,3.46,sc-sc
7t2h,active,108,TYR,N,106,ASN,O,3.47,bb-bb
7t2h,active,109,ILE,N,106,ASN,O,3.339,bb-bb
7t2h,active,110,PHE,N,106,ASN,O,2.894,bb-bb
7t2h,active,109,ILE,N,107,ILE,O,3.447,bb-bb
7t2h,active,110,PHE,N,107,ILE,O,3.352,bb-bb
7t2h,active,111,ASN,N,107,ILE,O,2.919,bb-bb
7t2h,active,111,ASN,N,108,TYR,O,3.354,bb-bb
7t2h,active,112,LEU,N,108,TYR,O,2.891,bb-bb
7t2h,active,111,ASN,N,109,ILE,O,3.483,bb-bb
7t2h,active,112,LEU,N,109,ILE,O,3.351,bb-bb
7t2h,active,113,ALA,N,109,ILE,O,2.883,bb-bb
7t2h,active,112,LEU,N,110,PHE,O,3.477,bb-bb
7t2h,active,113,ALA,N,110,PHE,O,3.313,bb-bb
7t2h,active,114,LEU,N,110,PHE,O,2.895,bb-bb
7t2h,active,113,ALA,N,111,ASN,O,3.47,bb-bb
7t2h,active,114,LEU,N,111,ASN,O,3.34,bb-bb
7t2h,active,115,ALA,N,111,ASN,O,2.911,bb-bb
7t2h,active,190,ASN,ND2,111,ASN,OD1,2.928,sc-sc
7t2h,active,194,TRP,NE1,111,ASN,OD1,2.301,sc-sc
7t2h,active,115,ALA,N,112,LEU,O,3.436,bb-bb
7t2h,active,116,ASP,N,112,LEU,O,2.872,bb-bb
7t2h,active,116,ASP,N,113,ALA,O,3.371,bb-bb
7t2h,active,117,ALA,N,113,ALA,O,2.874,bb-bb
7t2h,active,116,ASP,N,114,LEU,O,3.407,bb-bb
7t2h,active,117,ALA,N,114,LEU,O,3.318,bb-bb
7t2h,active,118,LEU,N,114,LEU,O,2.94,bb-bb
7t2h,active,117,ALA,N,115,ALA,O,3.476,bb-bb
7t2h,active,118,LEU,N,115,ALA,O,3.46,bb-bb
7t2h,active,119,ALA,N,115,ALA,O,2.888,bb-bb
7t2h,active,119,ALA,N,116,ASP,O,3.277,bb-bb
7t2h,active,120,THR,N,116,ASP,O,2.89,bb-bb
7t2h,active,156,SER,OG,116,ASP,OD1,3.096,sc-sc
7t2h,active,119,ALA,N,117,ALA,O,3.239,bb-bb
7t2h,active,120,THR,N,117,ALA,O,3.349,bb-bb
7t2h,active,121,SER,N,117,ALA,O,2.923,bb-bb
7t2h,active,121,SER,OG,118,LEU,O,3.064,bb-sc
7t2h,active,121,SER,N,119,ALA,O,3.266,bb-bb
7t2h,active,122,THR,N,119,ALA,O,3.239,bb-bb
7t2h,active,122,THR,OG1,119,ALA,O,3.009,bb-sc
7t2h,active,119,ALA,N,152,ASN,OD1,3.188,bb-sc
7t2h,active,122,THR,N,120,THR,O,3.16,bb-bb
7t2h,active,123,LEU,N,120,THR,O,3.32,bb-bb
7t2h,active,125,PHE,N,122,THR,O,3.383,bb-bb
7t2h,active,122,THR,OG1,126,GLN,NE2,2.484,sc-sc
7t2h,active,126,GLN,N,122,THR,O,3.346,bb-bb
7t2h,active,126,GLN,NE2,122,THR,O,2.944,bb-sc
7t2h,active,126,GLN,NE2,122,THR,OG1,2.484,sc-sc
7t2h,active,125,PHE,N,123,LEU,O,3.395,bb-bb
7t2h,active,126,GLN,N,123,LEU,O,3.426,bb-bb
7t2h,active,127,SER,N,123,LEU,O,2.873,bb-bb
7t2h,active,127,SER,OG,123,LEU,O,2.514,bb-sc
7t2h,active,127,SER,N,124,PRO,O,3.323,bb-bb
7t2h,active,127,SER,OG,124,PRO,O,2.681,bb-sc
7t2h,active,128,VAL,N,124,PRO,O,2.955,bb-bb
7t2h,active,127,SER,N,125,PHE,O,3.356,bb-bb
7t2h,active,128,VAL,N,125,PHE,O,3.418,bb-bb
7t2h,active,129,ASN,N,125,PHE,O,2.899,bb-bb
7t2h,active,129,ASN,N,126,GLN,O,3.303,bb-bb
7t2h,active,130,TYR,N,126,GLN,O,2.893,bb-bb
7t2h,active,126,GLN,NE2,328,TYR,OH,3.483,sc-sc
7t2h,active,328,TYR,OH,126,GLN,NE2,3.483,sc-sc
7t2h,active,129,ASN,N,127,SER,O,3.37,bb-bb
7t2h,active,130,TYR,N,127,SER,O,3.3,bb-bb
7t2h,active,131,LEU,N,127,SER,O,2.897,bb-bb
7t2h,active,131,LEU,N,128,VAL,O,3.43,bb-bb
7t2h,active,132,MET,N,128,VAL,O,2.914,bb-bb
7t2h,active,133,GLY,N,129,ASN,O,2.864,bb-bb
7t2h,active,134,THR,N,129,ASN,O,3.439,bb-bb
7t2h,active,134,THR,N,132,MET,O,3.384,bb-bb
7t2h,active,137,PHE,N,135,TRP,O,3.157,bb-bb
7t2h,active,135,TRP,NE1,138,GLY,O,3.205,bb-sc
7t2h,active,138,GLY,N,136,PRO,O,3.449,bb-bb
7t2h,active,210,THR,OG1,138,GLY,O,3.269,bb-sc
7t2h,active,143,LYS,N,139,ASN,O,3.472,bb-bb
7t2h,active,143,LYS,NZ,139,ASN,O,2.56,bb-sc
7t2h,active,210,THR,OG1,139,ASN,OD1,3.022,sc-sc
7t2h,active,142,CYS,N,140,ILE,O,3.309,bb-bb
7t2h,active,143,LYS,N,140,ILE,O,3.304,bb-bb
7t2h,active,144,ILE,N,140,ILE,O,2.941,bb-bb
7t2h,active,144,ILE,N,141,LEU,O,3.409,bb-bb
7t2h,active,145,VAL,N,141,LEU,O,2.831,bb-bb
7t2h,active,144,ILE,N,142,CYS,O,3.426,bb-bb
7t2h,active,145,VAL,N,142,CYS,O,3.361,bb-bb
7t2h,active,146,ILE,N,142,CYS,O,2.98,bb-bb
7t2h,active,145,VAL,N,143,LYS,O,3.393,bb-bb
7t2h,active,146,ILE,N,143,LYS,O,3.446,bb-bb
7t2h,active,147,SER,N,143,LYS,O,2.906,bb-bb
7t2h,active,148,ILE,N,144,ILE,O,2.884,bb-bb
7t2h,active,148,ILE,N,145,VAL,O,3.32,bb-bb
7t2h,active,149,ASP,N,145,VAL,O,2.879,bb-bb
7t2h,active,148,ILE,N,146,ILE,O,3.471,bb-bb
7t2h,active,149,ASP,N,146,ILE,O,3.243,bb-bb
7t2h,active,150,TYR,N,146,ILE,O,2.999,bb-bb
7t2h,active,149,ASP,N,147,SER,O,3.41,bb-bb
7t2h,active,150,TYR,N,147,SER,O,3.492,bb-bb
7t2h,active,151,TYR,N,147,SER,O,2.865,bb-bb
7t2h,active,147,SER,OG,201,GLY,O,3.146,bb-sc
7t2h,active,152,ASN,N,148,ILE,O,2.833,bb-bb
7t2h,active,152,ASN,ND2,148,ILE,O,3.379,bb-sc
7t2h,active,152,ASN,N,149,ASP,O,3.349,bb-bb
7t2h,active,153,MET,N,149,ASP,O,2.945,bb-bb
7t2h,active,328,TYR,OH,149,ASP,OD1,2.463,sc-sc
7t2h,active,328,TYR,OH,149,ASP,OD2,3.154,sc-sc
7t2h,active,152,ASN,N,150,TYR,O,3.187,bb-bb
7t2h,active,153,MET,N,150,TYR,O,3.35,bb-bb
7t2h,active,154,PHE,N,150,TYR,O,2.996,bb-bb
7t2h,active,154,PHE,N,151,TYR,O,3.389,bb-bb
7t2h,active,155,THR,N,151,TYR,O,2.901,bb-bb
7t2h,active,151,TYR,OH,194,TRP,O,2.887,bb-sc
7t2h,active,154,PHE,N,152,ASN,O,3.374,bb-bb
7t2h,active,155,THR,N,152,ASN,O,3.389,bb-bb
7t2h,active,156,SER,N,152,ASN,O,2.874,bb-bb
7t2h,active,155,THR,N,153,MET,O,3.467,bb-bb
7t2h,active,156,SER,N,153,MET,O,3.431,bb-bb
7t2h,active,157,ILE,N,153,MET,O,2.991,bb-bb
7t2h,active,156,SER,N,154,PHE,O,3.498,bb-bb
7t2h,active,157,ILE,N,154,PHE,O,3.441,bb-bb
7t2h,active,158,PHE,N,154,PHE,O,2.897,bb-bb
7t2h,active,158,PHE,N,155,THR,O,3.392,bb-bb
7t2h,active,159,THR,N,155,THR,O,2.88,bb-bb
7t2h,active,158,PHE,N,156,SER,O,3.397,bb-bb
7t2h,active,159,THR,N,156,SER,O,3.324,bb-bb
7t2h,active,160,LEU,N,156,SER,O,2.948,bb-bb
7t2h,active,159,THR,N,157,ILE,O,3.482,bb-bb
7t2h,active,160,LEU,N,157,ILE,O,3.22,bb-bb
7t2h,active,161,CYS,N,157,ILE,O,2.974,bb-bb
7t2h,active,161,CYS,N,158,PHE,O,3.417,bb-bb
7t2h,active,162,THR,N,158,PHE,O,2.851,bb-bb
7t2h,active,162,THR,OG1,158,PHE,O,2.634,bb-sc
7t2h,active,162,THR,N,159,THR,O,3.307,bb-bb
7t2h,active,163,MET,N,159,THR,O,2.889,bb-bb
7t2h,active,162,THR,N,160,LEU,O,3.323,bb-bb
7t2h,active,163,MET,N,160,LEU,O,3.271,bb-bb
7t2h,active,164,SER,N,160,LEU,O,2.95,bb-bb
7t2h,active,164,SER,N,161,CYS,O,3.331,bb-bb
7t2h,active,165,VAL,N,161,CYS,O,2.907,bb-bb
7t2h,active,164,SER,N,162,THR,O,3.451,bb-bb
7t2h,active,165,VAL,N,162,THR,O,3.391,bb-bb
7t2h,active,166,ASP,N,162,THR,O,2.837,bb-bb
7t2h,active,162,THR,OG1,193,ASN,OD1,2.945,sc-sc
7t2h,active,166,ASP,N,163,MET,O,3.272,bb-bb
7t2h,active,167,ARG,N,163,MET,O,2.938,bb-bb
7t2h,active,166,ASP,N,164,SER,O,3.406,bb-bb
7t2h,active,167,ARG,N,164,SER,O,3.307,bb-bb
7t2h,active,168,TYR,N,164,SER,O,2.919,bb-bb
7t2h,active,168,TYR,N,165,VAL,O,3.323,bb-bb
7t2h,active,169,ILE,N,165,VAL,O,2.88,bb-bb
7t2h,active,168,TYR,N,166,ASP,O,3.45,bb-bb
7t2h,active,169,ILE,N,166,ASP,O,3.353,bb-bb
7t2h,active,170,ALA,N,166,ASP,O,2.888,bb-bb
7t2h,active,181,ARG,NE,166,ASP,OD1,2.408,sc-sc
7t2h,active,181,ARG,NH1,166,ASP,OD1,3.479,sc-sc
7t2h,active,181,ARG,NH1,166,ASP,OD2,3.213,sc-sc
7t2h,active,169,ILE,N,167,ARG,O,3.456,bb-bb
7t2h,active,170,ALA,N,167,ARG,O,3.187,bb-bb
7t2h,active,171,VAL,N,167,ARG,O,2.964,bb-bb
7t2h,active,167,ARG,NH1,254,TYR,OH,2.693,sc-sc
7t2h,active,170,ALA,N,168,TYR,O,3.456,bb-bb
7t2h,active,171,VAL,N,168,TYR,O,3.415,bb-bb
7t2h,active,172,CYS,N,168,TYR,O,2.877,bb-bb
7t2h,active,168,TYR,OH,173,HIS,NE2,3.464,sc-sc
7t2h,active,173,HIS,NE2,168,TYR,OH,3.464,sc-sc
7t2h,active,171,VAL,N,169,ILE,O,3.411,bb-bb
7t2h,active,173,HIS,N,169,ILE,O,3.027,bb-bb
7t2h,active,176,LYS,N,173,HIS,O,3.322,bb-bb
7t2h,active,177,ALA,N,173,HIS,O,2.673,bb-bb
7t2h,active,176,LYS,N,174,PRO,O,3.191,bb-bb
7t2h,active,177,ALA,N,174,PRO,O,3.012,bb-bb
7t2h,active,178,LEU,N,174,PRO,O,2.947,bb-bb
7t2h,active,179,ASP,N,177,ALA,O,3.287,bb-bb
7t2h,active,181,ARG,N,177,ALA,O,3.162,bb-bb
7t2h,active,185,ASN,ND2,179,ASP,O,3.238,bb-sc
7t2h,active,182,THR,N,180,PHE,O,3.302,bb-bb
7t2h,active,184,ARG,N,182,THR,O,3.244,bb-bb
7t2h,active,185,ASN,N,182,THR,O,3.083,bb-bb
7t2h,active,185,ASN,N,182,THR,OG1,2.909,bb-sc
7t2h,active,185,ASN,ND2,182,THR,OG1,2.995,sc-sc
7t2h,active,186,ALA,N,182,THR,O,2.654,bb-bb
7t2h,active,186,ALA,N,183,PRO,O,3.196,bb-bb
7t2h,active,187,LYS,N,183,PRO,O,2.929,bb-bb
7t2h,active,186,ALA,N,184,ARG,O,3.346,bb-bb
7t2h,active,187,LYS,N,184,ARG,O,3.259,bb-bb
7t2h,active,188,ILE,N,184,ARG,O,2.909,bb-bb
7t2h,active,188,ILE,N,185,ASN,O,3.26,bb-bb
7t2h,active,189,VAL,N,185,ASN,O,2.914,bb-bb
7t2h,active,188,ILE,N,186,ALA,O,3.414,bb-bb
7t2h,active,189,VAL,N,186,ALA,O,3.398,bb-bb
7t2h,active,190,ASN,N,186,ALA,O,2.895,bb-bb
7t2h,active,190,ASN,N,187,LYS,O,3.247,bb-bb
7t2h,active,191,VAL,N,187,LYS,O,2.939,bb-bb
7t2h,active,190,ASN,N,188,ILE,O,3.347,bb-bb
7t2h,active,191,VAL,N,188,ILE,O,3.367,bb-bb
7t2h,active,192,CYS,N,188,ILE,O,2.917,bb-bb
7t2h,active,192,CYS,N,189,VAL,O,3.345,bb-bb
7t2h,active,193,ASN,N,189,VAL,O,2.902,bb-bb
7t2h,active,192,CYS,N,190,ASN,O,3.332,bb-bb
7t2h,active,193,ASN,N,190,ASN,O,3.187,bb-bb
7t2h,active,194,TRP,N,190,ASN,O,2.929,bb-bb
7t2h,active,194,TRP,N,191,VAL,O,3.28,bb-bb
7t2h,active,195,ILE,N,191,VAL,O,2.941,bb-bb
7t2h,active,194,TRP,N,192,CYS,O,3.451,bb-bb
7t2h,active,195,ILE,N,192,CYS,O,3.411,bb-bb
7t2h,active,196,LEU,N,192,CYS,O,2.9,bb-bb
7t2h,active,195,ILE,N,193,ASN,O,3.47,bb-bb
7t2h,active,196,LEU,N,193,ASN,O,3.333,bb-bb
7t2h,active,197,SER,N,193,ASN,O,2.919,bb-bb
7t2h,active,197,SER,OG,193,ASN,O,2.585,bb-sc
7t2h,active,197,SER,N,194,TRP,O,3.445,bb-bb
7t2h,active,197,SER,OG,194,TRP,O,2.942,bb-sc
7t2h,active,198,SER,N,194,TRP,O,2.886,bb-bb
7t2h,active,197,SER,N,195,ILE,O,3.395,bb-bb
7t2h,active,198,SER,N,195,ILE,O,3.098,bb-bb
7t2h,active,198,SER,OG,195,ILE,O,2.524,bb-sc
7t2h,active,199,ALA,N,195,ILE,O,2.947,bb-bb
7t2h,active,199,ALA,N,196,LEU,O,3.407,bb-bb
7t2h,active,199,ALA,N,197,SER,O,3.396,bb-bb
7t2h,active,200,ILE,N,197,SER,O,3.096,bb-bb
7t2h,active,201,GLY,N,197,SER,O,2.907,bb-bb
7t2h,active,200,ILE,N,198,SER,O,2.976,bb-bb
7t2h,active,201,GLY,N,198,SER,O,3.042,bb-bb
7t2h,active,202,LEU,N,198,SER,O,2.891,bb-bb
7t2h,active,202,LEU,N,200,ILE,O,3.416,bb-bb
7t2h,active,205,MET,N,201,GLY,O,3.31,bb-bb
7t2h,active,204,VAL,N,202,LEU,O,3.36,bb-bb
7t2h,active,205,MET,N,202,LEU,O,3.041,bb-bb
7t2h,active,206,PHE,N,202,LEU,O,2.922,bb-bb
7t2h,active,205,MET,N,203,PRO,O,3.348,bb-bb
7t2h,active,206,PHE,N,203,PRO,O,2.932,bb-bb
7t2h,active,207,MET,N,203,PRO,O,2.902,bb-bb
7t2h,active,208,ALA,N,204,VAL,O,3.421,bb-bb
7t2h,active,222,THR,N,207,MET,O,3.196,bb-bb
7t2h,active,209,THR,N,220,THR,O,3.275,bb-bb
7t2h,active,220,THR,N,209,THR,O,3.36,bb-bb
7t2h,active,211,LYS,N,218,ASP,O,2.866,bb-bb
7t2h,active,218,ASP,N,211,LYS,O,3.027,bb-bb
7t2h,active,213,ARG,N,216,SER,O,2.748,bb-bb
7t2h,active,220,THR,N,218,ASP,OD2,3.304,bb-sc
7t2h,active,227,THR,N,224,SER,O,3.459,bb-bb
7t2h,active,229,TYR,N,227,THR,O,3.016,bb-bb
7t2h,active,230,TRP,N,227,THR,O,3.126,bb-bb
7t2h,active,231,GLU,N,227,THR,O,2.888,bb-bb
7t2h,active,233,LEU,N,230,TRP,O,3.463,bb-bb
7t2h,active,233,LEU,N,231,GLU,O,3.36,bb-bb
7t2h,active,234,LEU,N,231,GLU,O,3.455,bb-bb
7t2h,active,235,LYS,NZ,231,GLU,OE2,3.045,sc-sc
7t2h,active,234,LEU,N,232,ASN,O,3.444,bb-bb
7t2h,active,235,LYS,N,232,ASN,O,3.324,bb-bb
7t2h,active,236,ILE,N,232,ASN,O,2.911,bb-bb
7t2h,active,235,LYS,N,233,LEU,O,3.474,bb-bb
7t2h,active,236,ILE,N,233,LEU,O,3.34,bb-bb
7t2h,active,237,CYS,N,233,LEU,O,2.888,bb-bb
7t2h,active,236,ILE,N,234,LEU,O,3.481,bb-bb
7t2h,active,237,CYS,N,234,LEU,O,3.339,bb-bb
7t2h,active,238,VAL,N,234,LEU,O,2.902,bb-bb
7t2h,active,238,VAL,N,235,LYS,O,3.332,bb-bb
7t2h,active,239,PHE,N,235,LYS,O,2.885,bb-bb
7t2h,active,238,VAL,N,236,ILE,O,3.452,bb-bb
7t2h,active,239,PHE,N,236,ILE,O,3.274,bb-bb
7t2h,active,240,ILE,N,236,ILE,O,2.914,bb-bb
7t2h,active,240,ILE,N,237,CYS,O,3.451,bb-bb
7t2h,active,241,PHE,N,237,CYS,O,2.887,bb-bb
7t2h,active,240,ILE,N,238,VAL,O,3.421,bb-bb
7t2h,active,242,ALA,N,238,VAL,O,2.972,bb-bb
7t2h,active,243,PHE,N,239,PHE,O,3.397,bb-bb
7t2h,active,244,ILE,N,239,PHE,O,3.001,bb-bb
7t2h,active,245,MET,N,240,ILE,O,2.935,bb-bb
7t2h,active,247,VAL,N,243,PHE,O,3.151,bb-bb
7t2h,active,246,PRO,N,244,ILE,O,3.42,bb-bb
7t2h,active,247,VAL,N,244,ILE,O,3.5,bb-bb
7t2h,active,248,LEU,N,244,ILE,O,2.934,bb-bb
7t2h,active,248,LEU,N,245,MET,O,3.458,bb-bb
7t2h,active,249,ILE,N,245,MET,O,2.887,bb-bb
7t2h,active,248,LEU,N,246,PRO,O,3.372,bb-bb
7t2h,active,249,ILE,N,246,PRO,O,3.31,bb-bb
7t2h,active,250,ILE,N,246,PRO,O,2.913,bb-bb
7t2h,active,249,ILE,N,247,VAL,O,3.412,bb-bb
7t2h,active,250,ILE,N,247,VAL,O,3.457,bb-bb
7t2h,active,251,THR,N,247,VAL,O,2.944,bb-bb
7t2h,active,250,ILE,N,248,LEU,O,3.486,bb-bb
7t2h,active,251,THR,N,248,LEU,O,3.444,bb-bb
7t2h,active,252,VAL,N,248,LEU,O,2.928,bb-bb
7t2h,active,251,THR,N,249,ILE,O,3.48,bb-bb
7t2h,active,252,VAL,N,249,ILE,O,3.4,bb-bb
7t2h,active,253,CYS,N,249,ILE,O,2.942,bb-bb
7t2h,active,252,VAL,N,250,ILE,O,3.475,bb-bb
7t2h,active,254,TYR,N,250,ILE,O,2.906,bb-bb
7t2h,active,255,GLY,N,251,THR,O,2.859,bb-bb
7t2h,active,254,TYR,N,252,VAL,O,3.382,bb-bb
7t2h,active,255,GLY,N,252,VAL,O,3.382,bb-bb
7t2h,active,256,LEU,N,252,VAL,O,2.954,bb-bb
7t2h,active,256,LEU,N,253,CYS,O,3.463,bb-bb
7t2h,active,257,MET,N,253,CYS,O,2.893,bb-bb
7t2h,active,257,MET,N,254,TYR,O,3.33,bb-bb
7t2h,active,258,ILE,N,254,TYR,O,2.917,bb-bb
7t2h,active,257,MET,N,255,GLY,O,3.445,bb-bb
7t2h,active,258,ILE,N,255,GLY,O,3.342,bb-bb
7t2h,active,259,LEU,N,255,GLY,O,2.895,bb-bb
7t2h,active,258,ILE,N,256,LEU,O,3.466,bb-bb
7t2h,active,259,LEU,N,256,LEU,O,3.309,bb-bb
7t2h,active,260,ARG,N,256,LEU,O,2.939,bb-bb
7t2h,active,260,ARG,N,257,MET,O,3.319,bb-bb
7t2h,active,261,LEU,N,257,MET,O,2.871,bb-bb
7t2h,active,260,ARG,N,258,ILE,O,3.318,bb-bb
7t2h,active,261,LEU,N,258,ILE,O,3.247,bb-bb
7t2h,active,262,LYS,N,258,ILE,O,2.92,bb-bb
7t2h,active,262,LYS,N,260,ARG,O,3.197,bb-bb
7t2h,active,263,SER,N,260,ARG,O,3.076,bb-bb
7t2h,active,263,SER,OG,260,ARG,O,3.356,bb-sc
7t2h,active,263,SER,N,261,LEU,O,3.105,bb-bb
7t2h,active,266,MET,N,264,VAL,O,3.168,bb-bb
7t2h,active,267,LEU,N,264,VAL,O,3.15,bb-bb
7t2h,active,267,LEU,N,265,ARG,O,3.21,bb-bb
7t2h,active,273,LYS,NZ,265,ARG,O,2.794,bb-sc
7t2h,active,274,ASP,N,270,SER,O,3.448,bb-bb
7t2h,active,273,LYS,N,271,LYS,O,3.45,bb-bb
7t2h,active,274,ASP,N,271,LYS,O,3.259,bb-bb
7t2h,active,275,ARG,N,271,LYS,O,2.819,bb-bb
7t2h,active,275,ARG,N,272,GLU,O,3.109,bb-bb
7t2h,active,276,ASN,N,272,GLU,O,2.912,bb-bb
7t2h,active,275,ARG,N,273,LYS,O,3.419,bb-bb
7t2h,active,276,ASN,N,273,LYS,O,3.18,bb-bb
7t2h,active,277,LEU,N,273,LYS,O,2.941,bb-bb
7t2h,active,277,LEU,N,274,ASP,O,3.383,bb-bb
7t2h,active,278,ARG,N,274,ASP,O,2.879,bb-bb
7t2h,active,278,ARG,N,275,ARG,O,3.31,bb-bb
7t2h,active,279,ARG,N,275,ARG,O,2.909,bb-bb
7t2h,active,278,ARG,N,276,ASN,O,3.408,bb-bb
7t2h,active,279,ARG,N,276,ASN,O,3.284,bb-bb
7t2h,active,280,ILE,N,276,ASN,O,2.946,bb-bb
7t2h,active,279,ARG,N,277,LEU,O,3.464,bb-bb
7t2h,active,280,ILE,N,277,LEU,O,3.339,bb-bb
7t2h,active,281,THR,N,277,LEU,O,2.939,bb-bb
7t2h,active,281,THR,OG1,277,LEU,O,3.066,bb-sc
7t2h,active,280,ILE,N,278,ARG,O,3.472,bb-bb
7t2h,active,281,THR,N,278,ARG,O,3.401,bb-bb
7t2h,active,282,ARG,N,278,ARG,O,2.872,bb-bb
7t2h,active,282,ARG,N,279,ARG,O,3.375,bb-bb
7t2h,active,283,MET,N,279,ARG,O,2.902,bb-bb
7t2h,active,279,ARG,NH2,343,GLU,OE2,2.676,sc-sc
7t2h,active,282,ARG,N,280,ILE,O,3.395,bb-bb
7t2h,active,283,MET,N,280,ILE,O,3.22,bb-bb
7t2h,active,284,VAL,N,280,ILE,O,2.976,bb-bb
7t2h,active,283,MET,N,281,THR,O,3.482,bb-bb
7t2h,active,284,VAL,N,281,THR,O,3.357,bb-bb
7t2h,active,285,LEU,N,281,THR,O,2.918,bb-bb
7t2h,active,284,VAL,N,282,ARG,O,3.463,bb-bb
7t2h,active,285,LEU,N,282,ARG,O,3.394,bb-bb
7t2h,active,286,VAL,N,282,ARG,O,2.86,bb-bb
7t2h,active,285,LEU,N,283,MET,O,3.499,bb-bb
7t2h,active,286,VAL,N,283,MET,O,3.244,bb-bb
7t2h,active,287,VAL,N,283,MET,O,2.963,bb-bb
7t2h,active,286,VAL,N,284,VAL,O,3.344,bb-bb
7t2h,active,287,VAL,N,284,VAL,O,3.323,bb-bb
7t2h,active,288,VAL,N,284,VAL,O,3.003,bb-bb
7t2h,active,288,VAL,N,285,LEU,O,3.493,bb-bb
7t2h,active,289,ALA,N,285,LEU,O,2.876,bb-bb
7t2h,active,288,VAL,N,286,VAL,O,3.479,bb-bb
7t2h,active,289,ALA,N,286,VAL,O,3.361,bb-bb
7t2h,active,290,VAL,N,286,VAL,O,2.865,bb-bb
7t2h,active,289,ALA,N,287,VAL,O,3.458,bb-bb
7t2h,active,290,VAL,N,287,VAL,O,3.334,bb-bb
7t2h,active,291,PHE,N,287,VAL,O,2.984,bb-bb
7t2h,active,290,VAL,N,288,VAL,O,3.445,bb-bb
7t2h,active,291,PHE,N,288,VAL,O,3.317,bb-bb
7t2h,active,292,ILE,N,288,VAL,O,2.946,bb-bb
7t2h,active,292,ILE,N,289,ALA,O,3.401,bb-bb
7t2h,active,293,VAL,N,289,ALA,O,2.856,bb-bb
7t2h,active,292,ILE,N,290,VAL,O,3.392,bb-bb
7t2h,active,293,VAL,N,290,VAL,O,3.392,bb-bb
7t2h,active,294,CYS,N,290,VAL,O,2.907,bb-bb
7t2h,active,293,VAL,N,291,PHE,O,3.449,bb-bb
7t2h,active,294,CYS,N,291,PHE,O,3.32,bb-bb
7t2h,active,295,TRP,N,291,PHE,O,2.947,bb-bb
7t2h,active,294,CYS,N,292,ILE,O,3.427,bb-bb
7t2h,active,296,THR,N,292,ILE,O,3.175,bb-bb
7t2h,active,296,THR,OG1,292,ILE,O,2.331,bb-sc
7t2h,active,299,HIS,ND1,295,TRP,O,3.065,bb-sc
7t2h,active,298,ILE,N,296,THR,O,3.297,bb-bb
7t2h,active,299,HIS,N,296,THR,O,3.207,bb-bb
7t2h,active,300,ILE,N,296,THR,O,3.012,bb-bb
7t2h,active,299,HIS,N,297,PRO,O,3.409,bb-bb
7t2h,active,301,TYR,N,297,PRO,O,2.889,bb-bb
7t2h,active,301,TYR,N,298,ILE,O,3.333,bb-bb
7t2h,active,302,VAL,N,298,ILE,O,2.896,bb-bb
7t2h,active,301,TYR,N,299,HIS,O,3.31,bb-bb
7t2h,active,302,VAL,N,299,HIS,O,3.314,bb-bb
7t2h,active,303,ILE,N,299,HIS,O,2.941,bb-bb
7t2h,active,303,ILE,N,300,ILE,O,3.331,bb-bb
7t2h,active,304,ILE,N,300,ILE,O,2.908,bb-bb
7t2h,active,303,ILE,N,301,TYR,O,3.402,bb-bb
7t2h,active,304,ILE,N,301,TYR,O,3.283,bb-bb
7t2h,active,305,LYS,N,301,TYR,O,2.896,bb-bb
7t2h,active,301,TYR,OH,316,GLN,O,3.146,bb-sc
7t2h,active,301,TYR,OH,319,SER,OG,2.647,sc-sc
7t2h,active,319,SER,OG,301,TYR,OH,2.647,sc-sc
7t2h,active,305,LYS,N,302,VAL,O,3.386,bb-bb
7t2h,active,306,ALA,N,302,VAL,O,2.903,bb-bb
7t2h,active,305,LYS,N,303,ILE,O,3.439,bb-bb
7t2h,active,306,ALA,N,303,ILE,O,3.281,bb-bb
7t2h,active,307,LEU,N,303,ILE,O,2.916,bb-bb
7t2h,active,306,ALA,N,304,ILE,O,3.38,bb-bb
7t2h,active,307,LEU,N,304,ILE,O,3.142,bb-bb
7t2h,active,308,ILE,N,304,ILE,O,2.536,bb-bb
7t2h,active,310,ILE,N,308,ILE,O,3.076,bb-bb
7t2h,active,311,PRO,N,309,THR,O,3.443,bb-bb
7t2h,active,312,GLU,N,310,ILE,O,3.236,bb-bb
7t2h,active,313,THR,N,311,PRO,O,3.224,bb-bb
7t2h,active,312,GLU,N,316,GLN,OE1,3.441,bb-sc
7t2h,active,315,PHE,N,313,THR,O,3.211,bb-bb
7t2h,active,316,GLN,N,313,THR,O,3.447,bb-bb
7t2h,active,317,THR,N,315,PHE,O,3.433,bb-bb
7t2h,active,318,VAL,N,315,PHE,O,3.445,bb-bb
7t2h,active,319,SER,N,315,PHE,O,2.932,bb-bb
7t2h,active,319,SER,OG,315,PHE,O,2.656,bb-sc
7t2h,active,319,SER,N,316,GLN,O,3.404,bb-bb
7t2h,active,319,SER,OG,316,GLN,O,2.706,bb-sc
7t2h,active,320,TRP,N,316,GLN,O,2.885,bb-bb
7t2h,active,319,SER,N,317,THR,O,3.444,bb-bb
7t2h,active,320,TRP,N,317,THR,O,3.286,bb-bb
7t2h,active,321,HIS,N,317,THR,O,2.951,bb-bb
7t2h,active,321,HIS,N,318,VAL,O,3.448,bb-bb
7t2h,active,322,PHE,N,318,VAL,O,2.875,bb-bb
7t2h,active,321,HIS,N,319,SER,O,3.466,bb-bb
7t2h,active,322,PHE,N,319,SER,O,3.378,bb-bb
7t2h,active,323,CYS,N,319,SER,O,2.898,bb-bb
7t2h,active,323,CYS,N,320,TRP,O,3.224,bb-bb
7t2h,active,324,ILE,N,320,TRP,O,2.957,bb-bb
7t2h,active,323,CYS,N,321,HIS,O,3.441,bb-bb
7t2h,active,324,ILE,N,321,HIS,O,3.281,bb-bb
7t2h,active,325,ALA,N,321,HIS,O,2.911,bb-bb
7t2h,active,325,ALA,N,322,PHE,O,3.336,bb-bb
7t2h,active,326,LEU,N,322,PHE,O,2.859,bb-bb
7t2h,active,326,LEU,N,323,CYS,O,3.215,bb-bb
7t2h,active,327,GLY,N,323,CYS,O,2.885,bb-bb
7t2h,active,326,LEU,N,324,ILE,O,3.404,bb-bb
7t2h,active,327,GLY,N,324,ILE,O,3.06,bb-bb
7t2h,active,328,TYR,N,324,ILE,O,2.955,bb-bb
7t2h,active,327,GLY,N,325,ALA,O,3.406,bb-bb
7t2h,active,328,TYR,N,325,ALA,O,3.245,bb-bb
7t2h,active,329,THR,N,325,ALA,O,2.876,bb-bb
7t2h,active,330,ASN,N,328,TYR,O,3.194,bb-bb
7t2h,active,331,SER,N,328,TYR,O,3.086,bb-bb
7t2h,active,331,SER,OG,328,TYR,O,2.367,bb-sc
7t2h,active,332,CYS,N,328,TYR,O,2.983,bb-bb
7t2h,active,332,CYS,N,329,THR,O,3.28,bb-bb
7t2h,active,333,LEU,N,329,THR,O,2.816,bb-bb
7t2h,active,332,CYS,N,330,ASN,O,3.318,bb-bb
7t2h,active,333,LEU,N,330,ASN,O,3.176,bb-bb
7t2h,active,330,ASN,ND2,334,ASN,OD1,3.392,sc-sc
7t2h,active,334,ASN,N,330,ASN,O,2.93,bb-bb
7t2h,active,334,ASN,ND2,330,ASN,O,3.499,bb-sc
7t2h,active,335,PRO,N,333,LEU,O,3.103,bb-bb
7t2h,active,336,VAL,N,333,LEU,O,2.823,bb-bb
7t2h,active,337,LEU,N,333,LEU,O,3.344,bb-bb
7t2h,active,336,VAL,N,334,ASN,O,3.4,bb-bb
7t2h,active,337,LEU,N,334,ASN,O,3.339,bb-bb
7t2h,active,338,TYR,N,334,ASN,O,2.9,bb-bb
7t2h,active,337,LEU,N,335,PRO,O,3.473,bb-bb
7t2h,active,339,ALA,N,335,PRO,O,2.739,bb-bb
7t2h,active,340,PHE,N,335,PRO,O,2.721,bb-bb
7t2h,active,341,LEU,N,336,VAL,O,3.265,bb-bb
7t2h,active,341,LEU,N,339,ALA,O,3.332,bb-bb
7t2h,active,342,ASP,N,339,ALA,O,3.091,bb-bb
7t2h,active,344,ASN,N,342,ASP,O,3.463,bb-bb
7t2h,active,344,ASN,N,342,ASP,OD1,3.147,bb-sc
7t2h,active,345,PHE,N,342,ASP,O,3.014,bb-bb
7t2h,active,346,LYS,N,342,ASP,O,3.202,bb-bb
7t2h,active,345,PHE,N,343,GLU,O,3.279,bb-bb
7t2h,active,347,ARG,NH1,343,GLU,O,3.497,bb-sc
7t2h,active,347,ARG,N,345,PHE,O,2.921,bb-bb
7u2k,active,69,THR,N,67,MET,O,3.439,bb-bb
7u2k,active,70,ALA,N,67,MET,O,3.354,bb-bb
7u2k,active,71,ILE,N,67,MET,O,2.998,bb-bb
7u2k,active,70,ALA,N,68,VAL,O,3.463,bb-bb
7u2k,active,71,ILE,N,68,VAL,O,3.179,bb-bb
7u2k,active,72,THR,N,68,VAL,O,3.087,bb-bb
7u2k,active,71,ILE,N,69,THR,O,3.243,bb-bb
7u2k,active,72,THR,N,69,THR,O,3.115,bb-bb
7u2k,active,73,ILE,N,69,THR,O,2.872,bb-bb
7u2k,active,74,MET,N,70,ALA,O,3.214,bb-bb
7u2k,active,75,ALA,N,71,ILE,O,3.047,bb-bb
7u2k,active,74,MET,N,72,THR,O,3.349,bb-bb
7u2k,active,75,ALA,N,72,THR,O,2.984,bb-bb
7u2k,active,76,LEU,N,72,THR,O,2.73,bb-bb
7u2k,active,75,ALA,N,73,ILE,O,3.442,bb-bb
7u2k,active,77,TYR,N,73,ILE,O,3.496,bb-bb
7u2k,active,78,SER,N,74,MET,O,3.311,bb-bb
7u2k,active,78,SER,OG,74,MET,O,3.251,bb-sc
7u2k,active,77,TYR,N,75,ALA,O,3.372,bb-bb
7u2k,active,78,SER,N,75,ALA,O,3.126,bb-bb
7u2k,active,78,SER,OG,75,ALA,O,2.372,bb-sc
7u2k,active,79,ILE,N,75,ALA,O,2.982,bb-bb
7u2k,active,78,SER,N,76,LEU,O,3.452,bb-bb
7u2k,active,79,ILE,N,76,LEU,O,3.374,bb-bb
7u2k,active,80,VAL,N,76,LEU,O,3.257,bb-bb
7u2k,active,79,ILE,N,77,TYR,O,3.376,bb-bb
7u2k,active,80,VAL,N,77,TYR,O,3.228,bb-bb
7u2k,active,81,CYS,N,77,TYR,O,2.951,bb-bb
7u2k,active,77,TYR,OH,321,HIS,O,3.164,bb-sc
7u2k,active,77,TYR,OH,321,HIS,ND1,3.102,sc-sc
7u2k,active,321,HIS,ND1,77,TYR,OH,3.102,sc-sc
7u2k,active,80,VAL,N,78,SER,O,3.412,bb-bb
7u2k,active,81,CYS,N,78,SER,O,3.338,bb-bb
7u2k,active,82,VAL,N,78,SER,O,3.096,bb-bb
7u2k,active,81,CYS,N,79,ILE,O,3.468,bb-bb
7u2k,active,83,VAL,N,79,ILE,O,3.343,bb-bb
7u2k,active,82,VAL,N,80,VAL,O,3.412,bb-bb
7u2k,active,84,GLY,N,80,VAL,O,3.023,bb-bb
7u2k,active,84,GLY,N,81,CYS,O,3.389,bb-bb
7u2k,active,85,LEU,N,81,CYS,O,3.138,bb-bb
7u2k,active,84,GLY,N,82,VAL,O,3.486,bb-bb
7u2k,active,86,PHE,N,82,VAL,O,3.13,bb-bb
7u2k,active,86,PHE,N,83,VAL,O,3.34,bb-bb
7u2k,active,87,GLY,N,83,VAL,O,2.96,bb-bb
7u2k,active,86,PHE,N,84,GLY,O,3.494,bb-bb
7u2k,active,88,ASN,N,84,GLY,O,3.172,bb-bb
7u2k,active,88,ASN,ND2,84,GLY,O,2.285,bb-sc
7u2k,active,89,PHE,N,85,LEU,O,3.157,bb-bb
7u2k,active,90,LEU,N,86,PHE,O,3.276,bb-bb
7u2k,active,90,LEU,N,87,GLY,O,3.337,bb-bb
7u2k,active,91,VAL,N,87,GLY,O,3.109,bb-bb
7u2k,active,90,LEU,N,88,ASN,O,3.271,bb-bb
7u2k,active,91,VAL,N,88,ASN,O,2.936,bb-bb
7u2k,active,92,MET,N,88,ASN,O,3.15,bb-bb
7u2k,active,93,TYR,N,89,PHE,O,3.286,bb-bb
7u2k,active,92,MET,N,90,LEU,O,3.498,bb-bb
7u2k,active,93,TYR,N,90,LEU,O,3.104,bb-bb
7u2k,active,94,VAL,N,90,LEU,O,3.032,bb-bb
7u2k,active,93,TYR,N,91,VAL,O,3.211,bb-bb
7u2k,active,94,VAL,N,91,VAL,O,3.265,bb-bb
7u2k,active,95,ILE,N,91,VAL,O,2.904,bb-bb
7u2k,active,96,VAL,N,92,MET,O,3.368,bb-bb
7u2k,active,95,ILE,N,93,TYR,O,3.425,bb-bb
7u2k,active,96,VAL,N,93,TYR,O,3.417,bb-bb
7u2k,active,97,ARG,N,93,TYR,O,2.923,bb-bb
7u2k,active,96,VAL,N,94,VAL,O,3.192,bb-bb
7u2k,active,98,TYR,N,94,VAL,O,3.378,bb-bb
7u2k,active,100,LYS,N,95,ILE,O,3.109,bb-bb
7u2k,active,101,MET,N,99,THR,O,3.145,bb-bb
7u2k,active,105,THR,N,103,THR,O,3.412,bb-bb
7u2k,active,106,ASN,N,103,THR,O,3.368,bb-bb
7u2k,active,106,ASN,N,104,ALA,O,3.368,bb-bb
7u2k,active,107,ILE,N,104,ALA,O,3.173,bb-bb
7u2k,active,108,TYR,N,104,ALA,O,3.393,bb-bb
7u2k,active,107,ILE,N,105,THR,O,3.137,bb-bb
7u2k,active,108,TYR,N,105,THR,O,2.834,bb-bb
7u2k,active,109,ILE,N,105,THR,O,3.053,bb-bb
7u2k,active,110,PHE,N,106,ASN,O,3.317,bb-bb
7u2k,active,109,ILE,N,107,ILE,O,3.456,bb-bb
7u2k,active,110,PHE,N,107,ILE,O,3.242,bb-bb
7u2k,active,111,ASN,N,107,ILE,O,3.28,bb-bb
7u2k,active,110,PHE,N,108,TYR,O,3.247,bb-bb
7u2k,active,111,ASN,N,108,TYR,O,3.228,bb-bb
7u2k,active,112,LEU,N,108,TYR,O,3.097,bb-bb
7u2k,active,111,ASN,N,109,ILE,O,3.495,bb-bb
7u2k,active,112,LEU,N,109,ILE,O,3.397,bb-bb
7u2k,active,113,ALA,N,109,ILE,O,2.867,bb-bb
7u2k,active,112,LEU,N,110,PHE,O,3.338,bb-bb
7u2k,active,113,ALA,N,110,PHE,O,2.97,bb-bb
7u2k,active,114,LEU,N,110,PHE,O,2.715,bb-bb
7u2k,active,114,LEU,N,111,ASN,O,3.331,bb-bb
7u2k,active,115,ALA,N,111,ASN,O,2.92,bb-bb
7u2k,active,190,ASN,ND2,111,ASN,OD1,2.711,sc-sc
7u2k,active,114,LEU,N,112,LEU,O,3.451,bb-bb
7u2k,active,116,ASP,N,112,LEU,O,2.991,bb-bb
7u2k,active,116,ASP,N,113,ALA,O,3.43,bb-bb
7u2k,active,117,ALA,N,113,ALA,O,3.013,bb-bb
7u2k,active,116,ASP,N,114,LEU,O,3.155,bb-bb
7u2k,active,117,ALA,N,114,LEU,O,3.019,bb-bb
7u2k,active,118,LEU,N,114,LEU,O,3.091,bb-bb
7u2k,active,119,ALA,N,115,ALA,O,3.405,bb-bb
7u2k,active,118,LEU,N,116,ASP,O,3.497,bb-bb
7u2k,active,120,THR,N,116,ASP,O,3.117,bb-bb
7u2k,active,120,THR,OG1,116,ASP,O,2.433,bb-sc
7u2k,active,331,SER,OG,116,ASP,OD1,2.401,sc-sc
7u2k,active,334,ASN,ND2,116,ASP,OD2,3.008,sc-sc
7u2k,active,120,THR,N,117,ALA,O,3.223,bb-bb
7u2k,active,121,SER,N,117,ALA,O,3.086,bb-bb
7u2k,active,120,THR,N,118,LEU,O,3.125,bb-bb
7u2k,active,121,SER,N,118,LEU,O,3.014,bb-bb
7u2k,active,121,SER,OG,118,LEU,O,2.996,bb-sc
7u2k,active,122,THR,N,118,LEU,O,3.387,bb-bb
7u2k,active,119,ALA,N,152,ASN,OD1,3.207,bb-sc
7u2k,active,122,THR,N,120,THR,O,3.306,bb-bb
7u2k,active,123,LEU,N,120,THR,O,3.135,bb-bb
7u2k,active,123,LEU,N,121,SER,O,3.407,bb-bb
7u2k,active,124,PRO,N,122,THR,O,3.365,bb-bb
7u2k,active,125,PHE,N,122,THR,O,3.347,bb-bb
7u2k,active,125,PHE,N,123,LEU,O,3.065,bb-bb
7u2k,active,126,GLN,N,123,LEU,O,2.69,bb-bb
7u2k,active,127,SER,N,123,LEU,O,3.063,bb-bb
7u2k,active,126,GLN,N,124,PRO,O,3.258,bb-bb
7u2k,active,127,SER,N,124,PRO,O,2.901,bb-bb
7u2k,active,127,SER,OG,124,PRO,O,2.238,bb-sc
7u2k,active,128,VAL,N,124,PRO,O,3.199,bb-bb
7u2k,active,129,ASN,N,125,PHE,O,3.393,bb-bb
7u2k,active,130,TYR,N,126,GLN,O,3.364,bb-bb
7u2k,active,129,ASN,N,127,SER,O,3.363,bb-bb
7u2k,active,130,TYR,N,127,SER,O,3.252,bb-bb
7u2k,active,131,LEU,N,127,SER,O,3.455,bb-bb
7u2k,active,130,TYR,N,128,VAL,O,3.357,bb-bb
7u2k,active,131,LEU,N,128,VAL,O,3.223,bb-bb
7u2k,active,132,MET,N,128,VAL,O,3.12,bb-bb
7u2k,active,133,GLY,N,129,ASN,O,2.833,bb-bb
7u2k,active,134,THR,N,132,MET,O,3.263,bb-bb
7u2k,active,134,THR,OG1,132,MET,O,3.484,bb-sc
7u2k,active,137,PHE,N,135,TRP,O,3.379,bb-bb
7u2k,active,135,TRP,N,217,ILE,O,2.78,bb-bb
7u2k,active,135,TRP,NE1,219,CYS,SG,3.001,sc-sc
7u2k,active,138,GLY,N,136,PRO,O,3.411,bb-bb
7u2k,active,140,ILE,N,138,GLY,O,3.098,bb-bb
7u2k,active,141,LEU,N,138,GLY,O,3.242,bb-bb
7u2k,active,142,CYS,N,138,GLY,O,3.204,bb-bb
7u2k,active,141,LEU,N,139,ASN,O,3.461,bb-bb
7u2k,active,143,LYS,NZ,139,ASN,O,2.258,bb-sc
7u2k,active,143,LYS,NZ,139,ASN,OD1,3.22,sc-sc
7u2k,active,143,LYS,N,141,LEU,O,3.335,bb-bb
7u2k,active,144,ILE,N,141,LEU,O,3.119,bb-bb
7u2k,active,145,VAL,N,141,LEU,O,2.969,bb-bb
7u2k,active,144,ILE,N,142,CYS,O,3.308,bb-bb
7u2k,active,145,VAL,N,142,CYS,O,3.264,bb-bb
7u2k,active,146,ILE,N,142,CYS,O,3.211,bb-bb
7u2k,active,147,SER,N,143,LYS,O,3.477,bb-bb
7u2k,active,147,SER,N,145,VAL,O,3.394,bb-bb
7u2k,active,148,ILE,N,145,VAL,O,3.312,bb-bb
7u2k,active,149,ASP,N,145,VAL,O,3.178,bb-bb
7u2k,active,148,ILE,N,146,ILE,O,3.362,bb-bb
7u2k,active,149,ASP,N,146,ILE,O,2.986,bb-bb
7u2k,active,150,TYR,N,146,ILE,O,3.095,bb-bb
7u2k,active,149,ASP,N,147,SER,O,3.233,bb-bb
7u2k,active,151,TYR,N,147,SER,O,2.977,bb-bb
7u2k,active,147,SER,OG,201,GLY,O,2.716,bb-sc
7u2k,active,153,MET,N,149,ASP,O,3.471,bb-bb
7u2k,active,328,TYR,OH,149,ASP,OD2,3.373,sc-sc
7u2k,active,153,MET,N,151,TYR,O,3.363,bb-bb
7u2k,active,154,PHE,N,151,TYR,O,3.388,bb-bb
7u2k,active,155,THR,N,151,TYR,O,3.272,bb-bb
7u2k,active,151,TYR,OH,194,TRP,O,2.651,bb-sc
7u2k,active,151,TYR,OH,198,SER,OG,2.93,sc-sc
7u2k,active,198,SER,OG,151,TYR,OH,2.93,sc-sc
7u2k,active,156,SER,N,152,ASN,O,3.08,bb-bb
7u2k,active,157,ILE,N,153,MET,O,3.243,bb-bb
7u2k,active,156,SER,N,154,PHE,O,3.313,bb-bb
7u2k,active,157,ILE,N,154,PHE,O,3.319,bb-bb
7u2k,active,158,PHE,N,154,PHE,O,2.929,bb-bb
7u2k,active,159,THR,OG1,155,THR,O,3.429,bb-sc
7u2k,active,159,THR,N,157,ILE,O,3.236,bb-bb
7u2k,active,160,LEU,N,157,ILE,O,2.942,bb-bb
7u2k,active,161,CYS,N,157,ILE,O,3.073,bb-bb
7u2k,active,160,LEU,N,158,PHE,O,3.476,bb-bb
7u2k,active,161,CYS,N,158,PHE,O,3.242,bb-bb
7u2k,active,162,THR,N,158,PHE,O,2.906,bb-bb
7u2k,active,162,THR,OG1,158,PHE,O,3.243,bb-sc
7u2k,active,161,CYS,N,159,THR,O,3.377,bb-bb
7u2k,active,162,THR,N,159,THR,O,3.102,bb-bb
7u2k,active,163,MET,N,159,THR,O,2.909,bb-bb
7u2k,active,162,THR,N,160,LEU,O,3.37,bb-bb
7u2k,active,163,MET,N,160,LEU,O,3.42,bb-bb
7u2k,active,164,SER,N,160,LEU,O,3.23,bb-bb
7u2k,active,164,SER,OG,160,LEU,O,3.46,bb-sc
7u2k,active,165,VAL,N,161,CYS,O,3.15,bb-bb
7u2k,active,164,SER,N,162,THR,O,3.342,bb-bb
7u2k,active,165,VAL,N,162,THR,O,3.452,bb-bb
7u2k,active,166,ASP,N,162,THR,O,2.932,bb-bb
7u2k,active,166,ASP,N,163,MET,O,3.399,bb-bb
7u2k,active,167,ARG,N,163,MET,O,3.003,bb-bb
7u2k,active,166,ASP,N,164,SER,O,3.236,bb-bb
7u2k,active,167,ARG,N,164,SER,O,3.157,bb-bb
7u2k,active,168,TYR,N,164,SER,O,2.995,bb-bb
7u2k,active,164,SER,OG,254,TYR,OH,3.447,sc-sc
7u2k,active,254,TYR,OH,164,SER,OG,3.447,sc-sc
7u2k,active,169,ILE,N,165,VAL,O,3.309,bb-bb
7u2k,active,168,TYR,N,166,ASP,O,3.37,bb-bb
7u2k,active,169,ILE,N,166,ASP,O,3.282,bb-bb
7u2k,active,170,ALA,N,166,ASP,O,3.198,bb-bb
7u2k,active,181,ARG,NE,166,ASP,OD2,2.724,sc-sc
7u2k,active,169,ILE,N,167,ARG,O,3.461,bb-bb
7u2k,active,170,ALA,N,167,ARG,O,3.258,bb-bb
7u2k,active,171,VAL,N,167,ARG,O,3.414,bb-bb
7u2k,active,167,ARG,NH1,254,TYR,OH,2.733,sc-sc
7u2k,active,170,ALA,N,168,TYR,O,3.4,bb-bb
7u2k,active,171,VAL,N,168,TYR,O,3.347,bb-bb
7u2k,active,172,CYS,N,168,TYR,O,2.935,bb-bb
7u2k,active,168,TYR,OH,173,HIS,NE2,3.497,sc-sc
7u2k,active,173,HIS,NE2,168,TYR,OH,3.497,sc-sc
7u2k,active,171,VAL,N,169,ILE,O,3.077,bb-bb
7u2k,active,173,HIS,N,169,ILE,O,3.115,bb-bb
7u2k,active,175,VAL,N,173,HIS,O,3.213,bb-bb
7u2k,active,177,ALA,N,173,HIS,O,3.168,bb-bb
7u2k,active,177,ALA,N,175,VAL,O,3.499,bb-bb
7u2k,active,178,LEU,N,175,VAL,O,3.487,bb-bb
7u2k,active,178,LEU,N,176,LYS,O,3.182,bb-bb
7u2k,active,179,ASP,N,176,LYS,O,3.267,bb-bb
7u2k,active,179,ASP,N,177,ALA,O,3.192,bb-bb
7u2k,active,181,ARG,N,177,ALA,O,3.378,bb-bb
7u2k,active,181,ARG,N,179,ASP,O,3.41,bb-bb
7u2k,active,182,THR,N,180,PHE,O,3.263,bb-bb
7u2k,active,184,ARG,N,182,THR,O,2.938,bb-bb
7u2k,active,185,ASN,N,182,THR,O,2.792,bb-bb
7u2k,active,185,ASN,N,182,THR,OG1,3.464,bb-sc
7u2k,active,185,ASN,ND2,182,THR,OG1,2.682,sc-sc
7u2k,active,186,ALA,N,182,THR,O,3.115,bb-bb
7u2k,active,186,ALA,N,184,ARG,O,3.304,bb-bb
7u2k,active,187,LYS,N,184,ARG,O,2.945,bb-bb
7u2k,active,188,ILE,N,184,ARG,O,3.184,bb-bb
7u2k,active,187,LYS,N,185,ASN,O,3.334,bb-bb
7u2k,active,188,ILE,N,185,ASN,O,3.214,bb-bb
7u2k,active,189,VAL,N,185,ASN,O,3.086,bb-bb
7u2k,active,190,ASN,N,186,ALA,O,3.222,bb-bb
7u2k,active,191,VAL,N,187,LYS,O,3.252,bb-bb
7u2k,active,190,ASN,N,188,ILE,O,3.421,bb-bb
7u2k,active,191,VAL,N,188,ILE,O,3.276,bb-bb
7u2k,active,192,CYS,N,188,ILE,O,2.758,bb-bb
7u2k,active,191,VAL,N,189,VAL,O,3.394,bb-bb
7u2k,active,192,CYS,N,189,VAL,O,3.193,bb-bb
7u2k,active,193,ASN,N,189,VAL,O,2.645,bb-bb
7u2k,active,193,ASN,N,190,ASN,O,3.148,bb-bb
7u2k,active,194,TRP,N,190,ASN,O,3.126,bb-bb
7u2k,active,193,ASN,N,191,VAL,O,3.124,bb-bb
7u2k,active,194,TRP,N,191,VAL,O,3.171,bb-bb
7u2k,active,195,ILE,N,191,VAL,O,3.108,bb-bb
7u2k,active,196,LEU,N,192,CYS,O,3.366,bb-bb
7u2k,active,195,ILE,N,193,ASN,O,3.398,bb-bb
7u2k,active,196,LEU,N,193,ASN,O,3.429,bb-bb
7u2k,active,197,SER,N,193,ASN,O,3.234,bb-bb
7u2k,active,197,SER,OG,193,ASN,O,3.159,bb-sc
7u2k,active,197,SER,N,194,TRP,O,3.446,bb-bb
7u2k,active,198,SER,N,194,TRP,O,3.469,bb-bb
7u2k,active,198,SER,OG,194,TRP,O,3.331,bb-sc
7u2k,active,197,SER,N,195,ILE,O,3.266,bb-bb
7u2k,active,198,SER,N,195,ILE,O,3.007,bb-bb
7u2k,active,198,SER,N,196,LEU,O,3.348,bb-bb
7u2k,active,199,ALA,N,196,LEU,O,3.332,bb-bb
7u2k,active,199,ALA,N,197,SER,O,3.058,bb-bb
7u2k,active,200,ILE,N,197,SER,O,3.142,bb-bb
7u2k,active,201,GLY,N,197,SER,O,3.307,bb-bb
7u2k,active,200,ILE,N,198,SER,O,3.04,bb-bb
7u2k,active,201,GLY,N,198,SER,O,3.157,bb-bb
7u2k,active,202,LEU,N,198,SER,O,3.082,bb-bb
7u2k,active,205,MET,N,201,GLY,O,3.433,bb-bb
7u2k,active,204,VAL,N,202,LEU,O,3.068,bb-bb
7u2k,active,205,MET,N,202,LEU,O,2.833,bb-bb
7u2k,active,206,PHE,N,202,LEU,O,3.208,bb-bb
7u2k,active,207,MET,N,203,PRO,O,3.375,bb-bb
7u2k,active,208,ALA,N,204,VAL,O,3.025,bb-bb
7u2k,active,209,THR,N,207,MET,O,3.475,bb-bb
7u2k,active,209,THR,N,220,THR,O,3.273,bb-bb
7u2k,active,220,THR,N,209,THR,O,3.309,bb-bb
7u2k,active,218,ASP,N,211,LYS,O,3.23,bb-bb
7u2k,active,215,GLY,N,213,ARG,O,3.371,bb-bb
7u2k,active,213,ARG,N,216,SER,O,2.967,bb-bb
7u2k,active,223,PHE,N,221,LEU,O,3.475,bb-bb
7u2k,active,224,SER,OG,226,PRO,O,2.946,bb-sc
7u2k,active,229,TYR,N,227,THR,O,3.113,bb-bb
7u2k,active,230,TRP,N,227,THR,O,3.241,bb-bb
7u2k,active,231,GLU,N,227,THR,O,2.751,bb-bb
7u2k,active,232,ASN,N,230,TRP,O,3.454,bb-bb
7u2k,active,233,LEU,N,230,TRP,O,3.272,bb-bb
7u2k,active,234,LEU,N,232,ASN,O,3.36,bb-bb
7u2k,active,235,LYS,N,232,ASN,O,3.115,bb-bb
7u2k,active,236,ILE,N,232,ASN,O,2.866,bb-bb
7u2k,active,235,LYS,N,233,LEU,O,3.458,bb-bb
7u2k,active,236,ILE,N,233,LEU,O,3.435,bb-bb
7u2k,active,237,CYS,N,233,LEU,O,2.839,bb-bb
7u2k,active,236,ILE,N,234,LEU,O,3.451,bb-bb
7u2k,active,237,CYS,N,234,LEU,O,3.39,bb-bb
7u2k,active,238,VAL,N,234,LEU,O,2.982,bb-bb
7u2k,active,239,PHE,N,235,LYS,O,3.406,bb-bb
7u2k,active,238,VAL,N,236,ILE,O,3.477,bb-bb
7u2k,active,239,PHE,N,236,ILE,O,3.115,bb-bb
7u2k,active,240,ILE,N,236,ILE,O,3.248,bb-bb
7u2k,active,239,PHE,N,237,CYS,O,3.193,bb-bb
7u2k,active,240,ILE,N,237,CYS,O,3.294,bb-bb
7u2k,active,241,PHE,N,237,CYS,O,3.155,bb-bb
7u2k,active,242,ALA,N,238,VAL,O,3.168,bb-bb
7u2k,active,243,PHE,N,239,PHE,O,3.065,bb-bb
7u2k,active,242,ALA,N,240,ILE,O,3.428,bb-bb
7u2k,active,244,ILE,N,240,ILE,O,3.291,bb-bb
7u2k,active,245,MET,N,240,ILE,O,3.233,bb-bb
7u2k,active,247,VAL,N,243,PHE,O,3.095,bb-bb
7u2k,active,246,PRO,N,244,ILE,O,3.479,bb-bb
7u2k,active,247,VAL,N,244,ILE,O,3.435,bb-bb
7u2k,active,248,LEU,N,244,ILE,O,2.958,bb-bb
7u2k,active,247,VAL,N,245,MET,O,3.472,bb-bb
7u2k,active,248,LEU,N,245,MET,O,3.251,bb-bb
7u2k,active,249,ILE,N,245,MET,O,3.141,bb-bb
7u2k,active,248,LEU,N,246,PRO,O,3.191,bb-bb
7u2k,active,249,ILE,N,246,PRO,O,3.397,bb-bb
7u2k,active,250,ILE,N,246,PRO,O,3.127,bb-bb
7u2k,active,251,THR,N,247,VAL,O,3.359,bb-bb
7u2k,active,251,THR,OG1,247,VAL,O,2.647,bb-sc
7u2k,active,251,THR,N,248,LEU,O,3.346,bb-bb
7u2k,active,252,VAL,N,248,LEU,O,3.081,bb-bb
7u2k,active,251,THR,N,249,ILE,O,3.288,bb-bb
7u2k,active,253,CYS,N,249,ILE,O,3.046,bb-bb
7u2k,active,253,CYS,N,251,THR,O,3.492,bb-bb
7u2k,active,254,TYR,N,251,THR,O,3.412,bb-bb
7u2k,active,255,GLY,N,251,THR,O,2.524,bb-bb
7u2k,active,254,TYR,N,252,VAL,O,3.404,bb-bb
7u2k,active,255,GLY,N,252,VAL,O,2.933,bb-bb
7u2k,active,256,LEU,N,252,VAL,O,2.866,bb-bb
7u2k,active,255,GLY,N,253,CYS,O,3.459,bb-bb
7u2k,active,257,MET,N,253,CYS,O,3.356,bb-bb
7u2k,active,257,MET,N,255,GLY,O,3.342,bb-bb
7u2k,active,258,ILE,N,255,GLY,O,3.341,bb-bb
7u2k,active,259,LEU,N,256,LEU,O,3.5,bb-bb
7u2k,active,260,ARG,N,256,LEU,O,3.272,bb-bb
7u2k,active,259,LEU,N,257,MET,O,3.391,bb-bb
7u2k,active,260,ARG,N,257,MET,O,3.264,bb-bb
7u2k,active,261,LEU,N,257,MET,O,3.034,bb-bb
7u2k,active,260,ARG,N,258,ILE,O,3.456,bb-bb
7u2k,active,261,LEU,N,258,ILE,O,3.344,bb-bb
7u2k,active,262,LYS,N,258,ILE,O,3.482,bb-bb
7u2k,active,261,LEU,N,259,LEU,O,3.442,bb-bb
7u2k,active,262,LYS,N,259,LEU,O,3.266,bb-bb
7u2k,active,262,LYS,N,260,ARG,O,2.985,bb-bb
7u2k,active,263,SER,N,260,ARG,O,3.083,bb-bb
7u2k,active,264,VAL,N,262,LYS,O,3.394,bb-bb
7u2k,active,266,MET,N,264,VAL,O,2.989,bb-bb
7u2k,active,267,LEU,N,264,VAL,O,2.957,bb-bb
7u2k,active,268,SER,OG,264,VAL,O,3.41,bb-sc
7u2k,active,272,GLU,N,270,SER,O,3.436,bb-bb
7u2k,active,272,GLU,N,270,SER,OG,3.224,bb-sc
7u2k,active,273,LYS,N,270,SER,O,3.291,bb-bb
7u2k,active,274,ASP,N,270,SER,O,3.134,bb-bb
7u2k,active,275,ARG,N,272,GLU,O,3.317,bb-bb
7u2k,active,275,ARG,N,273,LYS,O,3.094,bb-bb
7u2k,active,276,ASN,N,273,LYS,O,2.708,bb-bb
7u2k,active,277,LEU,N,273,LYS,O,3.258,bb-bb
7u2k,active,276,ASN,N,274,ASP,O,3.351,bb-bb
7u2k,active,277,LEU,N,274,ASP,O,3.268,bb-bb
7u2k,active,278,ARG,N,274,ASP,O,2.773,bb-bb
7u2k,active,279,ARG,N,275,ARG,O,3.09,bb-bb
7u2k,active,278,ARG,N,276,ASN,O,3.385,bb-bb
7u2k,active,279,ARG,N,276,ASN,O,3.171,bb-bb
7u2k,active,280,ILE,N,276,ASN,O,3.051,bb-bb
7u2k,active,279,ARG,N,277,LEU,O,3.465,bb-bb
7u2k,active,280,ILE,N,277,LEU,O,3.384,bb-bb
7u2k,active,281,THR,N,277,LEU,O,3.155,bb-bb
7u2k,active,280,ILE,N,278,ARG,O,3.421,bb-bb
7u2k,active,282,ARG,N,278,ARG,O,3.133,bb-bb
7u2k,active,282,ARG,N,279,ARG,O,3.459,bb-bb
7u2k,active,283,MET,N,279,ARG,O,3.098,bb-bb
7u2k,active,282,ARG,N,280,ILE,O,3.27,bb-bb
7u2k,active,283,MET,N,280,ILE,O,3.121,bb-bb
7u2k,active,284,VAL,N,280,ILE,O,2.947,bb-bb
7u2k,active,285,LEU,N,281,THR,O,3.261,bb-bb
7u2k,active,284,VAL,N,282,ARG,O,3.489,bb-bb
7u2k,active,285,LEU,N,282,ARG,O,3.404,bb-bb
7u2k,active,286,VAL,N,282,ARG,O,3.008,bb-bb
7u2k,active,287,VAL,N,283,MET,O,3.448,bb-bb
7u2k,active,286,VAL,N,284,VAL,O,3.338,bb-bb
7u2k,active,287,VAL,N,284,VAL,O,3.132,bb-bb
7u2k,active,288,VAL,N,284,VAL,O,3.442,bb-bb
7u2k,active,287,VAL,N,285,LEU,O,3.354,bb-bb
7u2k,active,288,VAL,N,285,LEU,O,3.399,bb-bb
7u2k,active,289,ALA,N,285,LEU,O,3.037,bb-bb
7u2k,active,288,VAL,N,286,VAL,O,3.35,bb-bb
7u2k,active,289,ALA,N,286,VAL,O,3.116,bb-bb
7u2k,active,290,VAL,N,286,VAL,O,2.981,bb-bb
7u2k,active,289,ALA,N,287,VAL,O,3.49,bb-bb
7u2k,active,291,PHE,N,287,VAL,O,3.369,bb-bb
7u2k,active,290,VAL,N,288,VAL,O,3.446,bb-bb
7u2k,active,291,PHE,N,288,VAL,O,3.347,bb-bb
7u2k,active,292,ILE,N,288,VAL,O,3.07,bb-bb
7u2k,active,291,PHE,N,289,ALA,O,3.398,bb-bb
7u2k,active,292,ILE,N,289,ALA,O,3.314,bb-bb
7u2k,active,293,VAL,N,289,ALA,O,3.062,bb-bb
7u2k,active,292,ILE,N,290,VAL,O,3.344,bb-bb
7u2k,active,293,VAL,N,290,VAL,O,3.38,bb-bb
7u2k,active,294,CYS,N,290,VAL,O,2.846,bb-bb
7u2k,active,295,TRP,N,291,PHE,O,3.235,bb-bb
7u2k,active,295,TRP,N,292,ILE,O,3.493,bb-bb
7u2k,active,296,THR,N,292,ILE,O,2.993,bb-bb
7u2k,active,296,THR,OG1,292,ILE,O,2.526,bb-sc
7u2k,active,295,TRP,N,293,VAL,O,3.366,bb-bb
7u2k,active,299,HIS,ND1,295,TRP,O,3.003,bb-sc
7u2k,active,295,TRP,NE1,330,ASN,OD1,2.727,sc-sc
7u2k,active,298,ILE,N,296,THR,O,3.156,bb-bb
7u2k,active,299,HIS,N,296,THR,O,3.132,bb-bb
7u2k,active,300,ILE,N,296,THR,O,3.136,bb-bb
7u2k,active,299,HIS,N,297,PRO,O,3.422,bb-bb
7u2k,active,300,ILE,N,297,PRO,O,3.401,bb-bb
7u2k,active,301,TYR,N,297,PRO,O,2.957,bb-bb
7u2k,active,301,TYR,N,298,ILE,O,3.337,bb-bb
7u2k,active,302,VAL,N,298,ILE,O,2.963,bb-bb
7u2k,active,298,ILE,N,323,CYS,SG,3.499,bb-sc
7u2k,active,301,TYR,N,299,HIS,O,3.424,bb-bb
7u2k,active,302,VAL,N,299,HIS,O,3.414,bb-bb
7u2k,active,303,ILE,N,299,HIS,O,3.231,bb-bb
7u2k,active,304,ILE,N,300,ILE,O,3.168,bb-bb
7u2k,active,305,LYS,N,301,TYR,O,3.245,bb-bb
7u2k,active,301,TYR,OH,319,SER,OG,3.377,sc-sc
7u2k,active,319,SER,OG,301,TYR,OH,3.377,sc-sc
7u2k,active,304,ILE,N,302,VAL,O,3.394,bb-bb
7u2k,active,305,LYS,N,302,VAL,O,3.254,bb-bb
7u2k,active,306,ALA,N,302,VAL,O,3.156,bb-bb
7u2k,active,305,LYS,N,303,ILE,O,3.361,bb-bb
7u2k,active,306,ALA,N,303,ILE,O,2.915,bb-bb
7u2k,active,307,LEU,N,303,ILE,O,3.35,bb-bb
7u2k,active,306,ALA,N,304,ILE,O,3.102,bb-bb
7u2k,active,307,LEU,N,304,ILE,O,2.966,bb-bb
7u2k,active,308,ILE,N,304,ILE,O,3.291,bb-bb
7u2k,active,312,GLU,N,310,ILE,O,3.378,bb-bb
7u2k,active,313,THR,N,311,PRO,O,2.817,bb-bb
7u2k,active,313,THR,OG1,311,PRO,O,3.25,bb-sc
7u2k,active,315,PHE,N,313,THR,O,3.126,bb-bb
7u2k,active,316,GLN,N,313,THR,O,2.9,bb-bb
7u2k,active,317,THR,N,313,THR,O,3.23,bb-bb
7u2k,active,317,THR,N,314,THR,O,3.435,bb-bb
7u2k,active,317,THR,OG1,314,THR,O,2.472,bb-sc
7u2k,active,318,VAL,N,314,THR,O,3.123,bb-bb
7u2k,active,317,THR,N,315,PHE,O,3.373,bb-bb
7u2k,active,318,VAL,N,315,PHE,O,3.047,bb-bb
7u2k,active,319,SER,N,315,PHE,O,2.739,bb-bb
7u2k,active,319,SER,OG,315,PHE,O,3.288,bb-sc
7u2k,active,318,VAL,N,316,GLN,O,3.494,bb-bb
7u2k,active,319,SER,N,316,GLN,O,3.484,bb-bb
7u2k,active,319,SER,OG,316,GLN,O,2.982,bb-sc
7u2k,active,320,TRP,N,316,GLN,O,3.011,bb-bb
7u2k,active,321,HIS,N,317,THR,O,3.487,bb-bb
7u2k,active,320,TRP,N,318,VAL,O,3.464,bb-bb
7u2k,active,322,PHE,N,318,VAL,O,3.395,bb-bb
7u2k,active,322,PHE,N,319,SER,O,3.47,bb-bb
7u2k,active,323,CYS,N,319,SER,O,3.026,bb-bb
7u2k,active,322,PHE,N,320,TRP,O,3.348,bb-bb
7u2k,active,323,CYS,N,320,TRP,O,3.119,bb-bb
7u2k,active,324,ILE,N,320,TRP,O,3.062,bb-bb
7u2k,active,323,CYS,N,321,HIS,O,3.441,bb-bb
7u2k,active,324,ILE,N,321,HIS,O,3.288,bb-bb
7u2k,active,325,ALA,N,321,HIS,O,3.078,bb-bb
7u2k,active,324,ILE,N,322,PHE,O,3.332,bb-bb
7u2k,active,325,ALA,N,322,PHE,O,3.096,bb-bb
7u2k,active,326,LEU,N,322,PHE,O,2.965,bb-bb
7u2k,active,325,ALA,N,323,CYS,O,3.462,bb-bb
7u2k,active,326,LEU,N,323,CYS,O,3.06,bb-bb
7u2k,active,327,GLY,N,323,CYS,O,3.258,bb-bb
7u2k,active,326,LEU,N,324,ILE,O,3.192,bb-bb
7u2k,active,327,GLY,N,324,ILE,O,2.915,bb-bb
7u2k,active,328,TYR,N,324,ILE,O,3.492,bb-bb
7u2k,active,327,GLY,N,325,ALA,O,3.3,bb-bb
7u2k,active,328,TYR,N,325,ALA,O,3.27,bb-bb
7u2k,active,329,THR,N,325,ALA,O,3.307,bb-bb
7u2k,active,329,THR,OG1,325,ALA,O,2.938,bb-sc
7u2k,active,329,THR,N,326,LEU,O,3.236,bb-bb
7u2k,active,329,THR,OG1,326,LEU,O,3.141,bb-sc
7u2k,active,329,THR,N,327,GLY,O,3.178,bb-bb
7u2k,active,330,ASN,N,327,GLY,O,3.254,bb-bb
7u2k,active,330,ASN,N,328,TYR,O,3.118,bb-bb
7u2k,active,331,SER,N,328,TYR,O,3.008,bb-bb
7u2k,active,332,CYS,N,328,TYR,O,3.447,bb-bb
7u2k,active,331,SER,N,329,THR,O,3.393,bb-bb
7u2k,active,332,CYS,N,329,THR,O,3.224,bb-bb
7u2k,active,333,LEU,N,329,THR,O,3.069,bb-bb
7u2k,active,332,CYS,N,330,ASN,O,3.474,bb-bb
7u2k,active,330,ASN,ND2,334,ASN,OD1,3.426,sc-sc
7u2k,active,334,ASN,N,330,ASN,O,3.343,bb-bb
7u2k,active,334,ASN,ND2,330,ASN,O,3.319,bb-sc
7u2k,active,334,ASN,N,332,CYS,O,3.444,bb-bb
7u2k,active,335,PRO,N,333,LEU,O,3.291,bb-bb
7u2k,active,336,VAL,N,333,LEU,O,2.992,bb-bb
7u2k,active,337,LEU,N,333,LEU,O,3.159,bb-bb
7u2k,active,336,VAL,N,334,ASN,O,3.307,bb-bb
7u2k,active,337,LEU,N,334,ASN,O,3.287,bb-bb
7u2k,active,338,TYR,N,334,ASN,O,2.841,bb-bb
7u2k,active,339,ALA,N,335,PRO,O,3.066,bb-bb
7u2k,active,340,PHE,N,335,PRO,O,2.557,bb-bb
7u2k,active,341,LEU,N,336,VAL,O,3.099,bb-bb
7u2k,active,341,LEU,N,339,ALA,O,3.101,bb-bb
7u2k,active,342,ASP,N,339,ALA,O,3.004,bb-bb
7u2k,active,346,LYS,NZ,340,PHE,O,2.923,bb-sc
7u2k,active,344,ASN,N,342,ASP,O,3.367,bb-bb
7u2k,active,344,ASN,N,342,ASP,OD2,3.046,bb-sc
7u2k,active,345,PHE,N,342,ASP,O,3.264,bb-bb
7u2k,active,345,PHE,N,342,ASP,OD2,3.442,bb-sc
7u2k,active,346,LYS,N,342,ASP,O,3.397,bb-bb
7u2k,active,345,PHE,N,343,GLU,O,3.452,bb-bb
7u2k,active,346,LYS,N,343,GLU,O,3.435,bb-bb
7u2k,active,347,ARG,N,343,GLU,O,3.117,bb-bb
7u2k,active,346,LYS,N,344,ASN,O,3.41,bb-bb
7u2k,active,347,ARG,N,344,ASN,O,2.937,bb-bb
7u2k,active,348,CYS,N,344,ASN,O,3.397,bb-bb
7u2k,active,347,ARG,N,345,PHE,O,3.407,bb-bb
7u2k,active,348,CYS,N,346,LYS,O,3.122,bb-bb
7u2k,active,349,PHE,N,346,LYS,O,3.486,bb-bb
7u2l,active,69,THR,N,67,MET,O,3.442,bb-bb
7u2l,active,70,ALA,N,67,MET,O,3.26,bb-bb
7u2l,active,71,ILE,N,67,MET,O,3.337,bb-bb
7u2l,active,70,ALA,N,68,VAL,O,3.382,bb-bb
7u2l,active,71,ILE,N,68,VAL,O,3.174,bb-bb
7u2l,active,72,THR,N,68,VAL,O,2.905,bb-bb
7u2l,active,71,ILE,N,69,THR,O,3.483,bb-bb
7u2l,active,72,THR,N,69,THR,O,3.269,bb-bb
7u2l,active,73,ILE,N,69,THR,O,2.875,bb-bb
7u2l,active,72,THR,N,70,ALA,O,3.452,bb-bb
7u2l,active,73,ILE,N,70,ALA,O,3.241,bb-bb
7u2l,active,74,MET,N,70,ALA,O,2.919,bb-bb
7u2l,active,73,ILE,N,71,ILE,O,3.465,bb-bb
7u2l,active,74,MET,N,71,ILE,O,3.283,bb-bb
7u2l,active,75,ALA,N,71,ILE,O,2.891,bb-bb
7u2l,active,74,MET,N,72,THR,O,3.488,bb-bb
7u2l,active,75,ALA,N,72,THR,O,3.309,bb-bb
7u2l,active,76,LEU,N,72,THR,O,2.888,bb-bb
7u2l,active,75,ALA,N,73,ILE,O,3.432,bb-bb
7u2l,active,76,LEU,N,73,ILE,O,3.251,bb-bb
7u2l,active,77,TYR,N,73,ILE,O,2.907,bb-bb
7u2l,active,76,LEU,N,74,MET,O,3.465,bb-bb
7u2l,active,77,TYR,N,74,MET,O,3.359,bb-bb
7u2l,active,78,SER,N,74,MET,O,2.906,bb-bb
7u2l,active,78,SER,OG,74,MET,O,3.261,bb-sc
7u2l,active,78,SER,N,75,ALA,O,3.314,bb-bb
7u2l,active,78,SER,OG,75,ALA,O,2.658,bb-sc
7u2l,active,79,ILE,N,75,ALA,O,2.884,bb-bb
7u2l,active,78,SER,N,76,LEU,O,3.42,bb-bb
7u2l,active,79,ILE,N,76,LEU,O,3.397,bb-bb
7u2l,active,80,VAL,N,76,LEU,O,2.943,bb-bb
7u2l,active,79,ILE,N,77,TYR,O,3.477,bb-bb
7u2l,active,80,VAL,N,77,TYR,O,3.394,bb-bb
7u2l,active,81,CYS,N,77,TYR,O,2.94,bb-bb
7u2l,active,77,TYR,OH,321,HIS,ND1,2.36,sc-sc
7u2l,active,321,HIS,ND1,77,TYR,OH,2.36,sc-sc
7u2l,active,80,VAL,N,78,SER,O,3.491,bb-bb
7u2l,active,81,CYS,N,78,SER,O,3.3,bb-bb
7u2l,active,82,VAL,N,78,SER,O,2.897,bb-bb
7u2l,active,81,CYS,N,79,ILE,O,3.469,bb-bb
7u2l,active,82,VAL,N,79,ILE,O,3.332,bb-bb
7u2l,active,83,VAL,N,79,ILE,O,2.932,bb-bb
7u2l,active,82,VAL,N,80,VAL,O,3.423,bb-bb
7u2l,active,83,VAL,N,80,VAL,O,3.411,bb-bb
7u2l,active,84,GLY,N,80,VAL,O,2.929,bb-bb
7u2l,active,84,GLY,N,81,CYS,O,3.417,bb-bb
7u2l,active,85,LEU,N,81,CYS,O,2.906,bb-bb
7u2l,active,84,GLY,N,82,VAL,O,3.445,bb-bb
7u2l,active,85,LEU,N,82,VAL,O,3.375,bb-bb
7u2l,active,86,PHE,N,82,VAL,O,2.928,bb-bb
7u2l,active,85,LEU,N,83,VAL,O,3.474,bb-bb
7u2l,active,86,PHE,N,83,VAL,O,3.368,bb-bb
7u2l,active,87,GLY,N,83,VAL,O,2.945,bb-bb
7u2l,active,86,PHE,N,84,GLY,O,3.437,bb-bb
7u2l,active,87,GLY,N,84,GLY,O,3.49,bb-bb
7u2l,active,88,ASN,N,84,GLY,O,2.916,bb-bb
7u2l,active,88,ASN,ND2,84,GLY,O,2.393,bb-sc
7u2l,active,89,PHE,N,85,LEU,O,2.905,bb-bb
7u2l,active,88,ASN,N,86,PHE,O,3.48,bb-bb
7u2l,active,89,PHE,N,86,PHE,O,3.409,bb-bb
7u2l,active,90,LEU,N,86,PHE,O,2.942,bb-bb
7u2l,active,89,PHE,N,87,GLY,O,3.436,bb-bb
7u2l,active,90,LEU,N,87,GLY,O,3.347,bb-bb
7u2l,active,91,VAL,N,87,GLY,O,2.966,bb-bb
7u2l,active,90,LEU,N,88,ASN,O,3.409,bb-bb
7u2l,active,91,VAL,N,88,ASN,O,3.144,bb-bb
7u2l,active,92,MET,N,88,ASN,O,2.918,bb-bb
7u2l,active,91,VAL,N,89,PHE,O,3.433,bb-bb
7u2l,active,92,MET,N,89,PHE,O,3.324,bb-bb
7u2l,active,93,TYR,N,89,PHE,O,2.884,bb-bb
7u2l,active,93,TYR,N,90,LEU,O,3.276,bb-bb
7u2l,active,94,VAL,N,90,LEU,O,2.938,bb-bb
7u2l,active,93,TYR,N,91,VAL,O,3.373,bb-bb
7u2l,active,94,VAL,N,91,VAL,O,3.335,bb-bb
7u2l,active,95,ILE,N,91,VAL,O,2.911,bb-bb
7u2l,active,95,ILE,N,92,MET,O,3.33,bb-bb
7u2l,active,96,VAL,N,92,MET,O,2.882,bb-bb
7u2l,active,95,ILE,N,93,TYR,O,3.266,bb-bb
7u2l,active,96,VAL,N,93,TYR,O,3.147,bb-bb
7u2l,active,97,ARG,N,93,TYR,O,2.969,bb-bb
7u2l,active,96,VAL,N,94,VAL,O,3.481,bb-bb
7u2l,active,98,TYR,N,94,VAL,O,3.11,bb-bb
7u2l,active,100,LYS,N,95,ILE,O,2.696,bb-bb
7u2l,active,102,LYS,N,100,LYS,O,3.165,bb-bb
7u2l,active,105,THR,N,103,THR,O,3.373,bb-bb
7u2l,active,106,ASN,N,103,THR,O,3.287,bb-bb
7u2l,active,107,ILE,N,103,THR,O,3.164,bb-bb
7u2l,active,106,ASN,N,104,ALA,O,3.33,bb-bb
7u2l,active,107,ILE,N,104,ALA,O,3.051,bb-bb
7u2l,active,108,TYR,N,104,ALA,O,2.944,bb-bb
7u2l,active,107,ILE,N,105,THR,O,3.463,bb-bb
7u2l,active,108,TYR,N,105,THR,O,3.291,bb-bb
7u2l,active,109,ILE,N,105,THR,O,2.898,bb-bb
7u2l,active,108,TYR,N,106,ASN,O,3.485,bb-bb
7u2l,active,109,ILE,N,106,ASN,O,3.369,bb-bb
7u2l,active,110,PHE,N,106,ASN,O,2.883,bb-bb
7u2l,active,109,ILE,N,107,ILE,O,3.447,bb-bb
7u2l,active,110,PHE,N,107,ILE,O,3.337,bb-bb
7u2l,active,111,ASN,N,107,ILE,O,2.951,bb-bb
7u2l,active,111,ASN,ND2,107,ILE,O,2.718,bb-sc
7u2l,active,110,PHE,N,108,TYR,O,3.471,bb-bb
7u2l,active,111,ASN,N,108,TYR,O,3.287,bb-bb
7u2l,active,112,LEU,N,108,TYR,O,2.9,bb-bb
7u2l,active,111,ASN,N,109,ILE,O,3.472,bb-bb
7u2l,active,112,LEU,N,109,ILE,O,3.356,bb-bb
7u2l,active,113,ALA,N,109,ILE,O,2.898,bb-bb
7u2l,active,112,LEU,N,110,PHE,O,3.451,bb-bb
7u2l,active,113,ALA,N,110,PHE,O,3.32,bb-bb
7u2l,active,114,LEU,N,110,PHE,O,2.892,bb-bb
7u2l,active,113,ALA,N,111,ASN,O,3.485,bb-bb
7u2l,active,114,LEU,N,111,ASN,O,3.337,bb-bb
7u2l,active,115,ALA,N,111,ASN,O,2.923,bb-bb
7u2l,active,111,ASN,ND2,190,ASN,OD1,3.321,sc-sc
7u2l,active,190,ASN,ND2,111,ASN,OD1,2.808,sc-sc
7u2l,active,114,LEU,N,112,LEU,O,3.459,bb-bb
7u2l,active,115,ALA,N,112,LEU,O,3.334,bb-bb
7u2l,active,116,ASP,N,112,LEU,O,2.9,bb-bb
7u2l,active,116,ASP,N,113,ALA,O,3.363,bb-bb
7u2l,active,117,ALA,N,113,ALA,O,2.885,bb-bb
7u2l,active,116,ASP,N,114,LEU,O,3.421,bb-bb
7u2l,active,117,ALA,N,114,LEU,O,3.313,bb-bb
7u2l,active,118,LEU,N,114,LEU,O,2.935,bb-bb
7u2l,active,118,LEU,N,115,ALA,O,3.401,bb-bb
7u2l,active,119,ALA,N,115,ALA,O,2.887,bb-bb
7u2l,active,119,ALA,N,116,ASP,O,3.272,bb-bb
7u2l,active,120,THR,N,116,ASP,O,2.899,bb-bb
7u2l,active,156,SER,OG,116,ASP,OD1,3.094,sc-sc
7u2l,active,331,SER,OG,116,ASP,OD1,3.104,sc-sc
7u2l,active,334,ASN,ND2,116,ASP,OD2,3.309,sc-sc
7u2l,active,119,ALA,N,117,ALA,O,3.424,bb-bb
7u2l,active,120,THR,N,117,ALA,O,3.36,bb-bb
7u2l,active,121,SER,N,117,ALA,O,2.919,bb-bb
7u2l,active,121,SER,N,118,LEU,O,3.429,bb-bb
7u2l,active,121,SER,OG,118,LEU,O,2.626,bb-sc
7u2l,active,121,SER,N,119,ALA,O,3.48,bb-bb
7u2l,active,122,THR,N,119,ALA,O,3.219,bb-bb
7u2l,active,119,ALA,N,152,ASN,OD1,3.146,bb-sc
7u2l,active,122,THR,N,120,THR,O,3.451,bb-bb
7u2l,active,123,LEU,N,120,THR,O,3.255,bb-bb
7u2l,active,123,LEU,N,121,SER,O,3.46,bb-bb
7u2l,active,124,PRO,N,122,THR,O,3.457,bb-bb
7u2l,active,125,PHE,N,122,THR,O,3.221,bb-bb
7u2l,active,126,GLN,N,122,THR,O,3.452,bb-bb
7u2l,active,125,PHE,N,123,LEU,O,3.206,bb-bb
7u2l,active,126,GLN,N,123,LEU,O,3.053,bb-bb
7u2l,active,127,SER,N,123,LEU,O,2.931,bb-bb
7u2l,active,127,SER,N,124,PRO,O,3.192,bb-bb
7u2l,active,128,VAL,N,124,PRO,O,2.89,bb-bb
7u2l,active,127,SER,N,125,PHE,O,3.438,bb-bb
7u2l,active,128,VAL,N,125,PHE,O,3.445,bb-bb
7u2l,active,129,ASN,N,125,PHE,O,2.925,bb-bb
7u2l,active,129,ASN,N,126,GLN,O,3.284,bb-bb
7u2l,active,130,TYR,N,126,GLN,O,2.906,bb-bb
7u2l,active,126,GLN,NE2,149,ASP,OD2,2.765,sc-sc
7u2l,active,126,GLN,NE2,328,TYR,OH,3.451,sc-sc
7u2l,active,328,TYR,OH,126,GLN,NE2,3.451,sc-sc
7u2l,active,129,ASN,N,127,SER,O,3.452,bb-bb
7u2l,active,130,TYR,N,127,SER,O,3.296,bb-bb
7u2l,active,131,LEU,N,127,SER,O,2.902,bb-bb
7u2l,active,130,TYR,N,128,VAL,O,3.46,bb-bb
7u2l,active,131,LEU,N,128,VAL,O,3.27,bb-bb
7u2l,active,132,MET,N,128,VAL,O,2.907,bb-bb
7u2l,active,131,LEU,N,129,ASN,O,3.499,bb-bb
7u2l,active,133,GLY,N,129,ASN,O,2.725,bb-bb
7u2l,active,134,THR,N,129,ASN,O,3.312,bb-bb
7u2l,active,132,MET,N,130,TYR,O,3.456,bb-bb
7u2l,active,133,GLY,N,130,TYR,O,3.374,bb-bb
7u2l,active,134,THR,N,132,MET,O,3.443,bb-bb
7u2l,active,135,TRP,NE1,138,GLY,O,3.487,bb-sc
7u2l,active,135,TRP,N,217,ILE,O,3.354,bb-bb
7u2l,active,138,GLY,N,136,PRO,O,3.327,bb-bb
7u2l,active,141,LEU,N,138,GLY,O,3.464,bb-bb
7u2l,active,142,CYS,N,138,GLY,O,2.921,bb-bb
7u2l,active,141,LEU,N,139,ASN,O,3.46,bb-bb
7u2l,active,142,CYS,N,139,ASN,O,3.306,bb-bb
7u2l,active,143,LYS,N,139,ASN,O,2.921,bb-bb
7u2l,active,143,LYS,NZ,139,ASN,OD1,2.366,sc-sc
7u2l,active,142,CYS,N,140,ILE,O,3.478,bb-bb
7u2l,active,143,LYS,N,140,ILE,O,3.331,bb-bb
7u2l,active,144,ILE,N,140,ILE,O,2.937,bb-bb
7u2l,active,143,LYS,N,141,LEU,O,3.489,bb-bb
7u2l,active,144,ILE,N,141,LEU,O,3.413,bb-bb
7u2l,active,145,VAL,N,141,LEU,O,2.887,bb-bb
7u2l,active,144,ILE,N,142,CYS,O,3.423,bb-bb
7u2l,active,145,VAL,N,142,CYS,O,3.364,bb-bb
7u2l,active,146,ILE,N,142,CYS,O,2.992,bb-bb
7u2l,active,210,THR,OG1,142,CYS,SG,3.259,sc-sc
7u2l,active,145,VAL,N,143,LYS,O,3.422,bb-bb
7u2l,active,146,ILE,N,143,LYS,O,3.44,bb-bb
7u2l,active,147,SER,N,143,LYS,O,2.92,bb-bb
7u2l,active,143,LYS,NZ,208,ALA,O,3.126,bb-sc
7u2l,active,147,SER,N,144,ILE,O,3.421,bb-bb
7u2l,active,148,ILE,N,144,ILE,O,2.896,bb-bb
7u2l,active,147,SER,N,145,VAL,O,3.418,bb-bb
7u2l,active,148,ILE,N,145,VAL,O,3.431,bb-bb
7u2l,active,149,ASP,N,145,VAL,O,2.933,bb-bb
7u2l,active,148,ILE,N,146,ILE,O,3.469,bb-bb
7u2l,active,149,ASP,N,146,ILE,O,3.202,bb-bb
7u2l,active,150,TYR,N,146,ILE,O,3.02,bb-bb
7u2l,active,149,ASP,N,147,SER,O,3.422,bb-bb
7u2l,active,150,TYR,N,147,SER,O,3.434,bb-bb
7u2l,active,151,TYR,N,147,SER,O,2.834,bb-bb
7u2l,active,147,SER,OG,201,GLY,O,3.053,bb-sc
7u2l,active,151,TYR,N,148,ILE,O,3.488,bb-bb
7u2l,active,152,ASN,N,148,ILE,O,2.834,bb-bb
7u2l,active,151,TYR,N,149,ASP,O,3.425,bb-bb
7u2l,active,152,ASN,N,149,ASP,O,3.373,bb-bb
7u2l,active,153,MET,N,149,ASP,O,2.988,bb-bb
7u2l,active,328,TYR,OH,149,ASP,OD1,2.83,sc-sc
7u2l,active,328,TYR,OH,149,ASP,OD2,2.938,sc-sc
7u2l,active,152,ASN,N,150,TYR,O,3.424,bb-bb
7u2l,active,153,MET,N,150,TYR,O,3.336,bb-bb
7u2l,active,154,PHE,N,150,TYR,O,2.987,bb-bb
7u2l,active,154,PHE,N,151,TYR,O,3.323,bb-bb
7u2l,active,155,THR,N,151,TYR,O,2.882,bb-bb
7u2l,active,155,THR,OG1,151,TYR,O,3.04,bb-sc
7u2l,active,151,TYR,OH,194,TRP,O,3.122,bb-sc
7u2l,active,154,PHE,N,152,ASN,O,3.444,bb-bb
7u2l,active,155,THR,N,152,ASN,O,3.407,bb-bb
7u2l,active,155,THR,OG1,152,ASN,O,2.8,bb-sc
7u2l,active,156,SER,N,152,ASN,O,2.9,bb-bb
7u2l,active,155,THR,N,153,MET,O,3.484,bb-bb
7u2l,active,156,SER,N,153,MET,O,3.373,bb-bb
7u2l,active,157,ILE,N,153,MET,O,2.981,bb-bb
7u2l,active,156,SER,N,154,PHE,O,3.472,bb-bb
7u2l,active,157,ILE,N,154,PHE,O,3.352,bb-bb
7u2l,active,158,PHE,N,154,PHE,O,2.914,bb-bb
7u2l,active,157,ILE,N,155,THR,O,3.486,bb-bb
7u2l,active,158,PHE,N,155,THR,O,3.432,bb-bb
7u2l,active,159,THR,N,155,THR,O,2.87,bb-bb
7u2l,active,159,THR,OG1,155,THR,O,2.815,bb-sc
7u2l,active,155,THR,N,197,SER,OG,3.284,bb-sc
7u2l,active,158,PHE,N,156,SER,O,3.447,bb-bb
7u2l,active,159,THR,N,156,SER,O,3.326,bb-bb
7u2l,active,160,LEU,N,156,SER,O,2.962,bb-bb
7u2l,active,159,THR,N,157,ILE,O,3.409,bb-bb
7u2l,active,160,LEU,N,157,ILE,O,3.244,bb-bb
7u2l,active,161,CYS,N,157,ILE,O,2.981,bb-bb
7u2l,active,161,CYS,N,158,PHE,O,3.408,bb-bb
7u2l,active,162,THR,N,158,PHE,O,2.861,bb-bb
7u2l,active,162,THR,OG1,158,PHE,O,2.839,bb-sc
7u2l,active,161,CYS,N,159,THR,O,3.482,bb-bb
7u2l,active,162,THR,N,159,THR,O,3.315,bb-bb
7u2l,active,163,MET,N,159,THR,O,2.908,bb-bb
7u2l,active,162,THR,N,160,LEU,O,3.421,bb-bb
7u2l,active,163,MET,N,160,LEU,O,3.31,bb-bb
7u2l,active,164,SER,N,160,LEU,O,2.972,bb-bb
7u2l,active,163,MET,N,161,CYS,O,3.475,bb-bb
7u2l,active,164,SER,N,161,CYS,O,3.273,bb-bb
7u2l,active,164,SER,OG,161,CYS,O,2.5,bb-sc
7u2l,active,165,VAL,N,161,CYS,O,2.945,bb-bb
7u2l,active,164,SER,N,162,THR,O,3.494,bb-bb
7u2l,active,165,VAL,N,162,THR,O,3.364,bb-bb
7u2l,active,166,ASP,N,162,THR,O,2.836,bb-bb
7u2l,active,193,ASN,ND2,162,THR,OG1,2.501,sc-sc
7u2l,active,165,VAL,N,163,MET,O,3.47,bb-bb
7u2l,active,166,ASP,N,163,MET,O,3.276,bb-bb
7u2l,active,167,ARG,N,163,MET,O,2.947,bb-bb
7u2l,active,166,ASP,N,164,SER,O,3.432,bb-bb
7u2l,active,167,ARG,N,164,SER,O,3.368,bb-bb
7u2l,active,168,TYR,N,164,SER,O,2.943,bb-bb
7u2l,active,167,ARG,N,165,VAL,O,3.469,bb-bb
7u2l,active,168,TYR,N,165,VAL,O,3.308,bb-bb
7u2l,active,169,ILE,N,165,VAL,O,2.906,bb-bb
7u2l,active,168,TYR,N,166,ASP,O,3.495,bb-bb
7u2l,active,169,ILE,N,166,ASP,O,3.321,bb-bb
7u2l,active,170,ALA,N,166,ASP,O,2.891,bb-bb
7u2l,active,181,ARG,NH1,166,ASP,OD1,2.694,sc-sc
7u2l,active,181,ARG,NH1,166,ASP,OD2,2.794,sc-sc
7u2l,active,169,ILE,N,167,ARG,O,3.426,bb-bb
7u2l,active,170,ALA,N,167,ARG,O,3.207,bb-bb
7u2l,active,171,VAL,N,167,ARG,O,2.975,bb-bb
7u2l,active,167,ARG,NH1,254,TYR,OH,3.472,sc-sc
7u2l,active,170,ALA,N,168,TYR,O,3.493,bb-bb
7u2l,active,171,VAL,N,168,TYR,O,3.356,bb-bb
7u2l,active,172,CYS,N,168,TYR,O,2.877,bb-bb
7u2l,active,168,TYR,OH,173,HIS,NE2,3.079,sc-sc
7u2l,active,173,HIS,NE2,168,TYR,OH,3.079,sc-sc
7u2l,active,171,VAL,N,169,ILE,O,3.334,bb-bb
7u2l,active,173,HIS,N,169,ILE,O,3.062,bb-bb
7u2l,active,176,LYS,N,173,HIS,O,3.449,bb-bb
7u2l,active,177,ALA,N,173,HIS,O,2.735,bb-bb
7u2l,active,176,LYS,N,174,PRO,O,3.282,bb-bb
7u2l,active,177,ALA,N,174,PRO,O,3.136,bb-bb
7u2l,active,178,LEU,N,174,PRO,O,2.939,bb-bb
7u2l,active,178,LEU,N,176,LYS,O,3.266,bb-bb
7u2l,active,179,ASP,N,176,LYS,O,2.88,bb-bb
7u2l,active,180,PHE,N,176,LYS,O,2.94,bb-bb
7u2l,active,181,ARG,N,177,ALA,O,3.026,bb-bb
7u2l,active,182,THR,N,180,PHE,O,2.547,bb-bb
7u2l,active,184,ARG,N,182,THR,O,3.277,bb-bb
7u2l,active,185,ASN,N,182,THR,O,3.185,bb-bb
7u2l,active,185,ASN,N,182,THR,OG1,3.152,bb-sc
7u2l,active,185,ASN,ND2,182,THR,OG1,2.857,sc-sc
7u2l,active,186,ALA,N,182,THR,O,2.933,bb-bb
7u2l,active,186,ALA,N,183,PRO,O,3.193,bb-bb
7u2l,active,187,LYS,N,183,PRO,O,2.916,bb-bb
7u2l,active,186,ALA,N,184,ARG,O,3.393,bb-bb
7u2l,active,187,LYS,N,184,ARG,O,3.204,bb-bb
7u2l,active,188,ILE,N,184,ARG,O,2.931,bb-bb
7u2l,active,188,ILE,N,185,ASN,O,3.332,bb-bb
7u2l,active,189,VAL,N,185,ASN,O,2.901,bb-bb
7u2l,active,188,ILE,N,186,ALA,O,3.469,bb-bb
7u2l,active,189,VAL,N,186,ALA,O,3.382,bb-bb
7u2l,active,190,ASN,N,186,ALA,O,2.895,bb-bb
7u2l,active,189,VAL,N,187,LYS,O,3.465,bb-bb
7u2l,active,190,ASN,N,187,LYS,O,3.284,bb-bb
7u2l,active,191,VAL,N,187,LYS,O,2.945,bb-bb
7u2l,active,190,ASN,N,188,ILE,O,3.442,bb-bb
7u2l,active,191,VAL,N,188,ILE,O,3.338,bb-bb
7u2l,active,192,CYS,N,188,ILE,O,2.92,bb-bb
7u2l,active,192,CYS,N,189,VAL,O,3.334,bb-bb
7u2l,active,193,ASN,N,189,VAL,O,2.894,bb-bb
7u2l,active,192,CYS,N,190,ASN,O,3.382,bb-bb
7u2l,active,193,ASN,N,190,ASN,O,3.16,bb-bb
7u2l,active,194,TRP,N,190,ASN,O,2.968,bb-bb
7u2l,active,194,TRP,NE1,190,ASN,OD1,2.709,sc-sc
7u2l,active,193,ASN,N,191,VAL,O,3.381,bb-bb
7u2l,active,194,TRP,N,191,VAL,O,3.212,bb-bb
7u2l,active,195,ILE,N,191,VAL,O,2.95,bb-bb
7u2l,active,194,TRP,N,192,CYS,O,3.419,bb-bb
7u2l,active,195,ILE,N,192,CYS,O,2.978,bb-bb
7u2l,active,196,LEU,N,192,CYS,O,2.911,bb-bb
7u2l,active,195,ILE,N,193,ASN,O,3.332,bb-bb
7u2l,active,196,LEU,N,193,ASN,O,3.306,bb-bb
7u2l,active,197,SER,N,193,ASN,O,2.929,bb-bb
7u2l,active,197,SER,OG,193,ASN,O,3.035,bb-sc
7u2l,active,197,SER,N,194,TRP,O,3.382,bb-bb
7u2l,active,198,SER,N,194,TRP,O,2.888,bb-bb
7u2l,active,197,SER,N,195,ILE,O,3.287,bb-bb
7u2l,active,198,SER,N,195,ILE,O,3.005,bb-bb
7u2l,active,199,ALA,N,195,ILE,O,2.956,bb-bb
7u2l,active,199,ALA,N,196,LEU,O,3.372,bb-bb
7u2l,active,199,ALA,N,197,SER,O,3.247,bb-bb
7u2l,active,200,ILE,N,197,SER,O,3.155,bb-bb
7u2l,active,201,GLY,N,197,SER,O,2.921,bb-bb
7u2l,active,200,ILE,N,198,SER,O,2.997,bb-bb
7u2l,active,201,GLY,N,198,SER,O,3.046,bb-bb
7u2l,active,202,LEU,N,198,SER,O,2.898,bb-bb
7u2l,active,202,LEU,N,200,ILE,O,3.426,bb-bb
7u2l,active,204,VAL,N,202,LEU,O,2.97,bb-bb
7u2l,active,205,MET,N,202,LEU,O,2.865,bb-bb
7u2l,active,206,PHE,N,202,LEU,O,2.957,bb-bb
7u2l,active,206,PHE,N,203,PRO,O,3.242,bb-bb
7u2l,active,207,MET,N,203,PRO,O,2.852,bb-bb
7u2l,active,206,PHE,N,204,VAL,O,3.283,bb-bb
7u2l,active,207,MET,N,204,VAL,O,3.156,bb-bb
7u2l,active,208,ALA,N,204,VAL,O,2.699,bb-bb
7u2l,active,207,MET,N,205,MET,O,3.477,bb-bb
7u2l,active,211,LYS,N,209,THR,O,3.265,bb-bb
7u2l,active,209,THR,N,220,THR,O,3.491,bb-bb
7u2l,active,220,THR,N,209,THR,O,3.387,bb-bb
7u2l,active,211,LYS,N,218,ASP,O,3.27,bb-bb
7u2l,active,218,ASP,N,211,LYS,O,3.409,bb-bb
7u2l,active,211,LYS,NZ,220,THR,OG1,3.118,sc-sc
7u2l,active,211,LYS,NZ,222,THR,O,3.269,bb-sc
7u2l,active,215,GLY,N,213,ARG,O,3.422,bb-bb
7u2l,active,213,ARG,N,216,SER,O,2.666,bb-bb
7u2l,active,226,PRO,N,224,SER,O,3.425,bb-bb
7u2l,active,227,THR,N,225,HIS,O,2.576,bb-bb
7u2l,active,228,TRP,N,226,PRO,O,3.45,bb-bb
7u2l,active,229,TYR,N,226,PRO,O,3.245,bb-bb
7u2l,active,230,TRP,N,226,PRO,O,2.754,bb-bb
7u2l,active,229,TYR,N,227,THR,O,3.324,bb-bb
7u2l,active,230,TRP,N,227,THR,O,3.276,bb-bb
7u2l,active,231,GLU,N,227,THR,O,2.909,bb-bb
7u2l,active,232,ASN,ND2,228,TRP,O,2.995,bb-sc
7u2l,active,233,LEU,N,229,TYR,O,2.86,bb-bb
7u2l,active,232,ASN,N,230,TRP,O,3.476,bb-bb
7u2l,active,233,LEU,N,230,TRP,O,3.218,bb-bb
7u2l,active,234,LEU,N,230,TRP,O,2.918,bb-bb
7u2l,active,233,LEU,N,231,GLU,O,3.418,bb-bb
7u2l,active,234,LEU,N,231,GLU,O,3.253,bb-bb
7u2l,active,235,LYS,N,231,GLU,O,2.954,bb-bb
7u2l,active,235,LYS,N,232,ASN,O,3.315,bb-bb
7u2l,active,236,ILE,N,232,ASN,O,2.871,bb-bb
7u2l,active,235,LYS,N,233,LEU,O,3.477,bb-bb
7u2l,active,236,ILE,N,233,LEU,O,3.396,bb-bb
7u2l,active,237,CYS,N,233,LEU,O,2.862,bb-bb
7u2l,active,236,ILE,N,234,LEU,O,3.47,bb-bb
7u2l,active,237,CYS,N,234,LEU,O,3.327,bb-bb
7u2l,active,238,VAL,N,234,LEU,O,2.947,bb-bb
7u2l,active,237,CYS,N,235,LYS,O,3.468,bb-bb
7u2l,active,238,VAL,N,235,LYS,O,3.421,bb-bb
7u2l,active,239,PHE,N,235,LYS,O,2.92,bb-bb
7u2l,active,238,VAL,N,236,ILE,O,3.476,bb-bb
7u2l,active,239,PHE,N,236,ILE,O,3.317,bb-bb
7u2l,active,240,ILE,N,236,ILE,O,2.889,bb-bb
7u2l,active,239,PHE,N,237,CYS,O,3.479,bb-bb
7u2l,active,240,ILE,N,237,CYS,O,3.368,bb-bb
7u2l,active,241,PHE,N,237,CYS,O,2.904,bb-bb
7u2l,active,240,ILE,N,238,VAL,O,3.401,bb-bb
7u2l,active,242,ALA,N,238,VAL,O,2.909,bb-bb
7u2l,active,243,PHE,N,239,PHE,O,3.178,bb-bb
7u2l,active,244,ILE,N,239,PHE,O,3.284,bb-bb
7u2l,active,245,MET,N,240,ILE,O,3.116,bb-bb
7u2l,active,247,VAL,N,243,PHE,O,2.952,bb-bb
7u2l,active,246,PRO,N,244,ILE,O,3.499,bb-bb
7u2l,active,247,VAL,N,244,ILE,O,3.354,bb-bb
7u2l,active,248,LEU,N,244,ILE,O,2.922,bb-bb
7u2l,active,247,VAL,N,245,MET,O,3.443,bb-bb
7u2l,active,248,LEU,N,245,MET,O,3.367,bb-bb
7u2l,active,249,ILE,N,245,MET,O,2.916,bb-bb
7u2l,active,248,LEU,N,246,PRO,O,3.479,bb-bb
7u2l,active,249,ILE,N,246,PRO,O,3.336,bb-bb
7u2l,active,250,ILE,N,246,PRO,O,2.947,bb-bb
7u2l,active,249,ILE,N,247,VAL,O,3.393,bb-bb
7u2l,active,251,THR,N,247,VAL,O,2.91,bb-bb
7u2l,active,251,THR,OG1,247,VAL,O,2.331,bb-sc
7u2l,active,251,THR,N,248,LEU,O,3.473,bb-bb
7u2l,active,252,VAL,N,248,LEU,O,2.908,bb-bb
7u2l,active,251,THR,N,249,ILE,O,3.471,bb-bb
7u2l,active,252,VAL,N,249,ILE,O,3.481,bb-bb
7u2l,active,253,CYS,N,249,ILE,O,2.948,bb-bb
7u2l,active,253,CYS,N,250,ILE,O,3.461,bb-bb
7u2l,active,254,TYR,N,250,ILE,O,2.921,bb-bb
7u2l,active,253,CYS,N,251,THR,O,3.493,bb-bb
7u2l,active,255,GLY,N,251,THR,O,2.894,bb-bb
7u2l,active,254,TYR,N,252,VAL,O,3.448,bb-bb
7u2l,active,255,GLY,N,252,VAL,O,3.399,bb-bb
7u2l,active,256,LEU,N,252,VAL,O,2.947,bb-bb
7u2l,active,256,LEU,N,253,CYS,O,3.455,bb-bb
7u2l,active,257,MET,N,253,CYS,O,2.91,bb-bb
7u2l,active,257,MET,N,254,TYR,O,3.352,bb-bb
7u2l,active,258,ILE,N,254,TYR,O,2.918,bb-bb
7u2l,active,257,MET,N,255,GLY,O,3.433,bb-bb
7u2l,active,258,ILE,N,255,GLY,O,3.302,bb-bb
7u2l,active,259,LEU,N,255,GLY,O,2.925,bb-bb
7u2l,active,258,ILE,N,256,LEU,O,3.44,bb-bb
7u2l,active,259,LEU,N,256,LEU,O,3.319,bb-bb
7u2l,active,260,ARG,N,256,LEU,O,2.949,bb-bb
7u2l,active,260,ARG,N,257,MET,O,3.298,bb-bb
7u2l,active,261,LEU,N,257,MET,O,2.885,bb-bb
7u2l,active,260,ARG,N,258,ILE,O,3.35,bb-bb
7u2l,active,261,LEU,N,258,ILE,O,3.181,bb-bb
7u2l,active,262,LYS,N,258,ILE,O,2.966,bb-bb
7u2l,active,262,LYS,N,259,LEU,O,3.421,bb-bb
7u2l,active,262,LYS,N,260,ARG,O,3.179,bb-bb
7u2l,active,263,SER,N,260,ARG,O,3.042,bb-bb
7u2l,active,263,SER,N,261,LEU,O,3.137,bb-bb
7u2l,active,265,ARG,N,263,SER,O,3.432,bb-bb
7u2l,active,266,MET,N,264,VAL,O,3.325,bb-bb
7u2l,active,267,LEU,N,264,VAL,O,3.028,bb-bb
7u2l,active,268,SER,N,264,VAL,O,3.433,bb-bb
7u2l,active,268,SER,OG,264,VAL,O,2.998,bb-sc
7u2l,active,267,LEU,N,265,ARG,O,3.169,bb-bb
7u2l,active,268,SER,N,265,ARG,O,3.378,bb-bb
7u2l,active,273,LYS,NZ,265,ARG,O,3.303,bb-sc
7u2l,active,274,ASP,N,270,SER,O,3.179,bb-bb
7u2l,active,275,ARG,N,271,LYS,O,2.898,bb-bb
7u2l,active,275,ARG,N,272,GLU,O,3.276,bb-bb
7u2l,active,276,ASN,N,272,GLU,O,2.881,bb-bb
7u2l,active,276,ASN,ND2,272,GLU,O,3.413,bb-sc
7u2l,active,275,ARG,N,273,LYS,O,3.444,bb-bb
7u2l,active,276,ASN,N,273,LYS,O,3.178,bb-bb
7u2l,active,277,LEU,N,273,LYS,O,2.974,bb-bb
7u2l,active,276,ASN,N,274,ASP,O,3.495,bb-bb
7u2l,active,277,LEU,N,274,ASP,O,3.345,bb-bb
7u2l,active,278,ARG,N,274,ASP,O,2.882,bb-bb
7u2l,active,278,ARG,N,275,ARG,O,3.317,bb-bb
7u2l,active,279,ARG,N,275,ARG,O,2.883,bb-bb
7u2l,active,278,ARG,N,276,ASN,O,3.418,bb-bb
7u2l,active,279,ARG,N,276,ASN,O,3.222,bb-bb
7u2l,active,279,ARG,NH2,276,ASN,OD1,3.266,sc-sc
7u2l,active,280,ILE,N,276,ASN,O,2.931,bb-bb
7u2l,active,279,ARG,N,277,LEU,O,3.453,bb-bb
7u2l,active,280,ILE,N,277,LEU,O,3.233,bb-bb
7u2l,active,281,THR,N,277,LEU,O,2.94,bb-bb
7u2l,active,280,ILE,N,278,ARG,O,3.492,bb-bb
7u2l,active,281,THR,N,278,ARG,O,3.48,bb-bb
7u2l,active,282,ARG,N,278,ARG,O,2.912,bb-bb
7u2l,active,282,ARG,N,279,ARG,O,3.309,bb-bb
7u2l,active,283,MET,N,279,ARG,O,2.932,bb-bb
7u2l,active,279,ARG,NH1,343,GLU,OE2,3.082,sc-sc
7u2l,active,282,ARG,N,280,ILE,O,3.402,bb-bb
7u2l,active,283,MET,N,280,ILE,O,3.167,bb-bb
7u2l,active,284,VAL,N,280,ILE,O,2.964,bb-bb
7u2l,active,284,VAL,N,281,THR,O,3.389,bb-bb
7u2l,active,285,LEU,N,281,THR,O,2.927,bb-bb
7u2l,active,284,VAL,N,282,ARG,O,3.434,bb-bb
7u2l,active,285,LEU,N,282,ARG,O,3.366,bb-bb
7u2l,active,286,VAL,N,282,ARG,O,2.876,bb-bb
7u2l,active,286,VAL,N,283,MET,O,3.283,bb-bb
7u2l,active,287,VAL,N,283,MET,O,2.947,bb-bb
7u2l,active,286,VAL,N,284,VAL,O,3.389,bb-bb
7u2l,active,287,VAL,N,284,VAL,O,3.203,bb-bb
7u2l,active,288,VAL,N,284,VAL,O,3.0,bb-bb
7u2l,active,287,VAL,N,285,LEU,O,3.468,bb-bb
7u2l,active,288,VAL,N,285,LEU,O,3.417,bb-bb
7u2l,active,289,ALA,N,285,LEU,O,2.873,bb-bb
7u2l,active,288,VAL,N,286,VAL,O,3.472,bb-bb
7u2l,active,289,ALA,N,286,VAL,O,3.422,bb-bb
7u2l,active,290,VAL,N,286,VAL,O,2.872,bb-bb
7u2l,active,289,ALA,N,287,VAL,O,3.431,bb-bb
7u2l,active,290,VAL,N,287,VAL,O,3.328,bb-bb
7u2l,active,291,PHE,N,287,VAL,O,2.991,bb-bb
7u2l,active,290,VAL,N,288,VAL,O,3.444,bb-bb
7u2l,active,291,PHE,N,288,VAL,O,3.247,bb-bb
7u2l,active,292,ILE,N,288,VAL,O,2.953,bb-bb
7u2l,active,291,PHE,N,289,ALA,O,3.485,bb-bb
7u2l,active,292,ILE,N,289,ALA,O,3.326,bb-bb
7u2l,active,293,VAL,N,289,ALA,O,2.875,bb-bb
7u2l,active,292,ILE,N,290,VAL,O,3.43,bb-bb
7u2l,active,293,VAL,N,290,VAL,O,3.364,bb-bb
7u2l,active,294,CYS,N,290,VAL,O,2.905,bb-bb
7u2l,active,293,VAL,N,291,PHE,O,3.428,bb-bb
7u2l,active,294,CYS,N,291,PHE,O,3.411,bb-bb
7u2l,active,295,TRP,N,291,PHE,O,2.962,bb-bb
7u2l,active,294,CYS,N,292,ILE,O,3.384,bb-bb
7u2l,active,295,TRP,N,292,ILE,O,3.337,bb-bb
7u2l,active,296,THR,N,292,ILE,O,2.916,bb-bb
7u2l,active,296,THR,OG1,292,ILE,O,2.386,bb-sc
7u2l,active,299,HIS,ND1,295,TRP,O,2.804,bb-sc
7u2l,active,298,ILE,N,296,THR,O,3.239,bb-bb
7u2l,active,299,HIS,N,296,THR,O,3.319,bb-bb
7u2l,active,300,ILE,N,296,THR,O,2.953,bb-bb
7u2l,active,300,ILE,N,297,PRO,O,3.448,bb-bb
7u2l,active,301,TYR,N,297,PRO,O,2.874,bb-bb
7u2l,active,301,TYR,N,298,ILE,O,3.358,bb-bb
7u2l,active,302,VAL,N,298,ILE,O,2.91,bb-bb
7u2l,active,301,TYR,N,299,HIS,O,3.399,bb-bb
7u2l,active,302,VAL,N,299,HIS,O,3.256,bb-bb
7u2l,active,303,ILE,N,299,HIS,O,2.976,bb-bb
7u2l,active,302,VAL,N,300,ILE,O,3.465,bb-bb
7u2l,active,303,ILE,N,300,ILE,O,3.326,bb-bb
7u2l,active,304,ILE,N,300,ILE,O,2.913,bb-bb
7u2l,active,303,ILE,N,301,TYR,O,3.44,bb-bb
7u2l,active,304,ILE,N,301,TYR,O,3.352,bb-bb
7u2l,active,305,LYS,N,301,TYR,O,2.889,bb-bb
7u2l,active,301,TYR,OH,316,GLN,O,3.17,bb-sc
7u2l,active,304,ILE,N,302,VAL,O,3.492,bb-bb
7u2l,active,305,LYS,N,302,VAL,O,3.427,bb-bb
7u2l,active,306,ALA,N,302,VAL,O,2.89,bb-bb
7u2l,active,305,LYS,N,303,ILE,O,3.377,bb-bb
7u2l,active,306,ALA,N,303,ILE,O,3.085,bb-bb
7u2l,active,307,LEU,N,303,ILE,O,2.965,bb-bb
7u2l,active,306,ALA,N,304,ILE,O,3.402,bb-bb
7u2l,active,307,LEU,N,304,ILE,O,3.068,bb-bb
7u2l,active,308,ILE,N,304,ILE,O,2.83,bb-bb
7u2l,active,307,LEU,N,305,LYS,O,3.301,bb-bb
7u2l,active,310,ILE,N,308,ILE,O,3.407,bb-bb
7u2l,active,312,GLU,N,310,ILE,O,3.386,bb-bb
7u2l,active,313,THR,N,311,PRO,O,2.886,bb-bb
7u2l,active,312,GLU,N,316,GLN,OE1,3.375,bb-sc
7u2l,active,315,PHE,N,313,THR,O,3.41,bb-bb
7u2l,active,316,GLN,N,313,THR,O,3.448,bb-bb
7u2l,active,317,THR,N,313,THR,O,3.394,bb-bb
7u2l,active,317,THR,OG1,313,THR,O,3.474,bb-sc
7u2l,active,316,GLN,N,314,THR,O,3.383,bb-bb
7u2l,active,317,THR,N,314,THR,O,3.232,bb-bb
7u2l,active,318,VAL,N,314,THR,O,2.922,bb-bb
7u2l,active,317,THR,N,315,PHE,O,3.455,bb-bb
7u2l,active,318,VAL,N,315,PHE,O,3.39,bb-bb
7u2l,active,319,SER,N,315,PHE,O,2.895,bb-bb
7u2l,active,319,SER,OG,315,PHE,O,3.241,bb-sc
7u2l,active,319,SER,N,316,GLN,O,3.361,bb-bb
7u2l,active,320,TRP,N,316,GLN,O,2.892,bb-bb
7u2l,active,319,SER,N,317,THR,O,3.451,bb-bb
7u2l,active,320,TRP,N,317,THR,O,3.312,bb-bb
7u2l,active,321,HIS,N,317,THR,O,2.952,bb-bb
7u2l,active,320,TRP,N,318,VAL,O,3.464,bb-bb
7u2l,active,321,HIS,N,318,VAL,O,3.385,bb-bb
7u2l,active,322,PHE,N,318,VAL,O,2.887,bb-bb
7u2l,active,321,HIS,N,319,SER,O,3.462,bb-bb
7u2l,active,322,PHE,N,319,SER,O,3.348,bb-bb
7u2l,active,323,CYS,N,319,SER,O,2.906,bb-bb
7u2l,active,323,CYS,N,320,TRP,O,3.252,bb-bb
7u2l,active,324,ILE,N,320,TRP,O,2.924,bb-bb
7u2l,active,323,CYS,N,321,HIS,O,3.475,bb-bb
7u2l,active,324,ILE,N,321,HIS,O,3.309,bb-bb
7u2l,active,325,ALA,N,321,HIS,O,2.909,bb-bb
7u2l,active,324,ILE,N,322,PHE,O,3.472,bb-bb
7u2l,active,325,ALA,N,322,PHE,O,3.346,bb-bb
7u2l,active,326,LEU,N,322,PHE,O,2.896,bb-bb
7u2l,active,326,LEU,N,323,CYS,O,3.257,bb-bb
7u2l,active,327,GLY,N,323,CYS,O,2.866,bb-bb
7u2l,active,326,LEU,N,324,ILE,O,3.391,bb-bb
7u2l,active,327,GLY,N,324,ILE,O,3.104,bb-bb
7u2l,active,328,TYR,N,324,ILE,O,2.973,bb-bb
7u2l,active,327,GLY,N,325,ALA,O,3.446,bb-bb
7u2l,active,328,TYR,N,325,ALA,O,3.305,bb-bb
7u2l,active,329,THR,N,325,ALA,O,2.873,bb-bb
7u2l,active,329,THR,OG1,325,ALA,O,2.64,bb-sc
7u2l,active,328,TYR,N,326,LEU,O,3.434,bb-bb
7u2l,active,329,THR,N,326,LEU,O,3.088,bb-bb
7u2l,active,329,THR,N,327,GLY,O,3.467,bb-bb
7u2l,active,330,ASN,N,327,GLY,O,3.444,bb-bb
7u2l,active,330,ASN,N,328,TYR,O,3.322,bb-bb
7u2l,active,331,SER,N,328,TYR,O,3.033,bb-bb
7u2l,active,332,CYS,N,328,TYR,O,3.05,bb-bb
7u2l,active,331,SER,N,329,THR,O,3.471,bb-bb
7u2l,active,332,CYS,N,329,THR,O,3.197,bb-bb
7u2l,active,333,LEU,N,329,THR,O,2.857,bb-bb
7u2l,active,332,CYS,N,330,ASN,O,3.287,bb-bb
7u2l,active,333,LEU,N,330,ASN,O,3.158,bb-bb
7u2l,active,334,ASN,N,330,ASN,O,2.872,bb-bb
7u2l,active,334,ASN,ND2,330,ASN,O,3.386,bb-sc
7u2l,active,335,PRO,N,333,LEU,O,3.341,bb-bb
7u2l,active,336,VAL,N,333,LEU,O,3.005,bb-bb
7u2l,active,337,LEU,N,333,LEU,O,2.997,bb-bb
7u2l,active,336,VAL,N,334,ASN,O,3.281,bb-bb
7u2l,active,337,LEU,N,334,ASN,O,3.339,bb-bb
7u2l,active,338,TYR,N,334,ASN,O,2.908,bb-bb
7u2l,active,339,ALA,N,335,PRO,O,3.084,bb-bb
7u2l,active,340,PHE,N,335,PRO,O,3.075,bb-bb
7u2l,active,340,PHE,N,336,VAL,O,3.369,bb-bb
7u2l,active,341,LEU,N,336,VAL,O,3.227,bb-bb
7u2l,active,341,LEU,N,339,ALA,O,3.152,bb-bb
7u2l,active,342,ASP,N,339,ALA,O,2.912,bb-bb
7u2l,active,343,GLU,N,341,LEU,O,3.22,bb-bb
7u2l,active,344,ASN,N,342,ASP,O,3.032,bb-bb
7u2l,active,344,ASN,N,342,ASP,OD1,3.206,bb-sc
7u2l,active,345,PHE,N,342,ASP,O,2.697,bb-bb
7u2l,active,346,LYS,N,342,ASP,O,2.924,bb-bb
7u2l,active,345,PHE,N,343,GLU,O,3.493,bb-bb
7u2l,active,346,LYS,N,343,GLU,O,3.228,bb-bb
7u2l,active,347,ARG,N,343,GLU,O,2.895,bb-bb
7u2l,active,346,LYS,N,344,ASN,O,3.447,bb-bb
7u2l,active,347,ARG,N,344,ASN,O,3.343,bb-bb
7u2l,active,347,ARG,NH2,344,ASN,OD1,3.4,sc-sc
7u2l,active,348,CYS,N,344,ASN,O,2.931,bb-bb
7u2l,active,348,CYS,N,345,PHE,O,3.392,bb-bb
7u2l,active,349,PHE,N,345,PHE,O,2.871,bb-bb
7u2l,active,348,CYS,N,346,LYS,O,3.486,bb-bb
7u2l,active,349,PHE,N,346,LYS,O,3.092,bb-bb
7u2l,active,350,ARG,N,346,LYS,O,2.882,bb-bb
7u2l,active,349,PHE,N,347,ARG,O,3.279,bb-bb
7u2l,active,350,ARG,N,347,ARG,O,3.141,bb-bb
7ul4,inactive,69,THR,N,67,MET,O,3.174,bb-bb
7ul4,inactive,70,ALA,N,67,MET,O,2.966,bb-bb
7ul4,inactive,71,ILE,N,67,MET,O,3.044,bb-bb
7ul4,inactive,70,ALA,N,68,VAL,O,3.428,bb-bb
7ul4,inactive,71,ILE,N,68,VAL,O,3.345,bb-bb
7ul4,inactive,72,THR,N,68,VAL,O,2.966,bb-bb
7ul4,inactive,72,THR,OG1,68,VAL,O,2.873,bb-sc
7ul4,inactive,71,ILE,N,69,THR,O,3.434,bb-bb
7ul4,inactive,72,THR,N,69,THR,O,3.291,bb-bb
7ul4,inactive,73,ILE,N,69,THR,O,2.916,bb-bb
7ul4,inactive,73,ILE,N,70,ALA,O,3.307,bb-bb
7ul4,inactive,74,MET,N,70,ALA,O,2.965,bb-bb
7ul4,inactive,73,ILE,N,71,ILE,O,3.372,bb-bb
7ul4,inactive,74,MET,N,71,ILE,O,3.255,bb-bb
7ul4,inactive,75,ALA,N,71,ILE,O,3.011,bb-bb
7ul4,inactive,74,MET,N,72,THR,O,3.406,bb-bb
7ul4,inactive,75,ALA,N,72,THR,O,3.27,bb-bb
7ul4,inactive,76,LEU,N,72,THR,O,3.032,bb-bb
7ul4,inactive,75,ALA,N,73,ILE,O,3.347,bb-bb
7ul4,inactive,76,LEU,N,73,ILE,O,3.437,bb-bb
7ul4,inactive,77,TYR,N,73,ILE,O,2.856,bb-bb
7ul4,inactive,77,TYR,N,74,MET,O,3.372,bb-bb
7ul4,inactive,78,SER,N,74,MET,O,3.018,bb-bb
7ul4,inactive,78,SER,OG,74,MET,O,2.936,bb-sc
7ul4,inactive,77,TYR,N,75,ALA,O,3.405,bb-bb
7ul4,inactive,78,SER,N,75,ALA,O,3.394,bb-bb
7ul4,inactive,79,ILE,N,75,ALA,O,3.14,bb-bb
7ul4,inactive,78,SER,N,76,LEU,O,3.378,bb-bb
7ul4,inactive,79,ILE,N,76,LEU,O,3.236,bb-bb
7ul4,inactive,80,VAL,N,76,LEU,O,2.915,bb-bb
7ul4,inactive,80,VAL,N,77,TYR,O,3.327,bb-bb
7ul4,inactive,81,CYS,N,77,TYR,O,2.78,bb-bb
7ul4,inactive,81,CYS,N,78,SER,O,3.335,bb-bb
7ul4,inactive,82,VAL,N,78,SER,O,3.152,bb-bb
7ul4,inactive,83,VAL,N,79,ILE,O,3.347,bb-bb
7ul4,inactive,84,GLY,N,80,VAL,O,3.142,bb-bb
7ul4,inactive,85,LEU,N,81,CYS,O,3.153,bb-bb
7ul4,inactive,84,GLY,N,82,VAL,O,3.412,bb-bb
7ul4,inactive,85,LEU,N,82,VAL,O,3.494,bb-bb
7ul4,inactive,86,PHE,N,82,VAL,O,3.044,bb-bb
7ul4,inactive,85,LEU,N,83,VAL,O,3.488,bb-bb
7ul4,inactive,86,PHE,N,83,VAL,O,3.442,bb-bb
7ul4,inactive,87,GLY,N,83,VAL,O,2.976,bb-bb
7ul4,inactive,86,PHE,N,84,GLY,O,3.412,bb-bb
7ul4,inactive,87,GLY,N,84,GLY,O,3.409,bb-bb
7ul4,inactive,88,ASN,N,84,GLY,O,3.0,bb-bb
7ul4,inactive,88,ASN,ND2,84,GLY,O,2.91,bb-sc
7ul4,inactive,89,PHE,N,85,LEU,O,2.986,bb-bb
7ul4,inactive,88,ASN,N,86,PHE,O,3.389,bb-bb
7ul4,inactive,89,PHE,N,86,PHE,O,3.245,bb-bb
7ul4,inactive,90,LEU,N,86,PHE,O,3.024,bb-bb
7ul4,inactive,89,PHE,N,87,GLY,O,3.465,bb-bb
7ul4,inactive,90,LEU,N,87,GLY,O,3.228,bb-bb
7ul4,inactive,91,VAL,N,87,GLY,O,3.094,bb-bb
7ul4,inactive,91,VAL,N,89,PHE,O,3.424,bb-bb
7ul4,inactive,92,MET,N,89,PHE,O,3.39,bb-bb
7ul4,inactive,93,TYR,N,89,PHE,O,2.976,bb-bb
7ul4,inactive,92,MET,N,90,LEU,O,3.429,bb-bb
7ul4,inactive,93,TYR,N,90,LEU,O,3.249,bb-bb
7ul4,inactive,94,VAL,N,90,LEU,O,2.979,bb-bb
7ul4,inactive,93,TYR,N,91,VAL,O,3.432,bb-bb
7ul4,inactive,94,VAL,N,91,VAL,O,3.294,bb-bb
7ul4,inactive,95,ILE,N,91,VAL,O,3.048,bb-bb
7ul4,inactive,94,VAL,N,92,MET,O,3.36,bb-bb
7ul4,inactive,95,ILE,N,92,MET,O,3.289,bb-bb
7ul4,inactive,96,VAL,N,92,MET,O,3.012,bb-bb
7ul4,inactive,95,ILE,N,93,TYR,O,3.448,bb-bb
7ul4,inactive,96,VAL,N,93,TYR,O,3.272,bb-bb
7ul4,inactive,97,ARG,N,93,TYR,O,2.829,bb-bb
7ul4,inactive,96,VAL,N,94,VAL,O,3.415,bb-bb
7ul4,inactive,97,ARG,N,94,VAL,O,3.417,bb-bb
7ul4,inactive,98,TYR,N,94,VAL,O,3.264,bb-bb
7ul4,inactive,100,LYS,N,98,TYR,O,3.463,bb-bb
7ul4,inactive,101,MET,N,98,TYR,O,3.346,bb-bb
7ul4,inactive,101,MET,N,99,THR,O,3.168,bb-bb
7ul4,inactive,102,LYS,N,99,THR,O,3.366,bb-bb
7ul4,inactive,102,LYS,N,100,LYS,O,3.231,bb-bb
7ul4,inactive,103,THR,N,101,MET,O,3.093,bb-bb
7ul4,inactive,106,ASN,ND2,101,MET,O,2.76,bb-sc
7ul4,inactive,103,THR,OG1,106,ASN,OD1,3.309,sc-sc
7ul4,inactive,106,ASN,N,103,THR,O,3.384,bb-bb
7ul4,inactive,106,ASN,N,103,THR,OG1,2.994,bb-sc
7ul4,inactive,107,ILE,N,103,THR,O,3.23,bb-bb
7ul4,inactive,106,ASN,N,104,ALA,O,3.485,bb-bb
7ul4,inactive,107,ILE,N,104,ALA,O,3.365,bb-bb
7ul4,inactive,108,TYR,N,104,ALA,O,3.349,bb-bb
7ul4,inactive,108,TYR,N,105,THR,O,3.222,bb-bb
7ul4,inactive,109,ILE,N,105,THR,O,2.941,bb-bb
7ul4,inactive,109,ILE,N,106,ASN,O,3.379,bb-bb
7ul4,inactive,110,PHE,N,106,ASN,O,2.977,bb-bb
7ul4,inactive,110,PHE,N,107,ILE,O,3.415,bb-bb
7ul4,inactive,111,ASN,N,107,ILE,O,3.309,bb-bb
7ul4,inactive,190,ASN,ND2,107,ILE,O,3.27,bb-sc
7ul4,inactive,111,ASN,N,108,TYR,O,3.321,bb-bb
7ul4,inactive,112,LEU,N,108,TYR,O,3.292,bb-bb
7ul4,inactive,112,LEU,N,109,ILE,O,3.458,bb-bb
7ul4,inactive,113,ALA,N,109,ILE,O,3.217,bb-bb
7ul4,inactive,113,ALA,N,110,PHE,O,3.437,bb-bb
7ul4,inactive,114,LEU,N,110,PHE,O,3.123,bb-bb
7ul4,inactive,113,ALA,N,111,ASN,O,3.314,bb-bb
7ul4,inactive,114,LEU,N,111,ASN,O,3.362,bb-bb
7ul4,inactive,115,ALA,N,111,ASN,O,3.102,bb-bb
7ul4,inactive,111,ASN,ND2,159,THR,OG1,3.323,sc-sc
7ul4,inactive,111,ASN,ND2,190,ASN,OD1,3.188,sc-sc
7ul4,inactive,194,TRP,NE1,111,ASN,OD1,3.029,sc-sc
7ul4,inactive,115,ALA,N,112,LEU,O,3.383,bb-bb
7ul4,inactive,116,ASP,N,112,LEU,O,3.062,bb-bb
7ul4,inactive,116,ASP,N,113,ALA,O,3.282,bb-bb
7ul4,inactive,117,ALA,N,113,ALA,O,2.992,bb-bb
7ul4,inactive,116,ASP,N,114,LEU,O,3.182,bb-bb
7ul4,inactive,117,ALA,N,114,LEU,O,3.075,bb-bb
7ul4,inactive,118,LEU,N,114,LEU,O,3.094,bb-bb
7ul4,inactive,119,ALA,N,115,ALA,O,2.978,bb-bb
7ul4,inactive,119,ALA,N,116,ASP,O,3.318,bb-bb
7ul4,inactive,120,THR,N,116,ASP,O,3.028,bb-bb
7ul4,inactive,120,THR,OG1,116,ASP,O,3.124,bb-sc
7ul4,inactive,119,ALA,N,117,ALA,O,3.322,bb-bb
7ul4,inactive,120,THR,N,117,ALA,O,3.135,bb-bb
7ul4,inactive,120,THR,OG1,117,ALA,O,3.103,bb-sc
7ul4,inactive,121,SER,N,117,ALA,O,3.07,bb-bb
7ul4,inactive,120,THR,N,118,LEU,O,3.405,bb-bb
7ul4,inactive,121,SER,OG,118,LEU,O,3.095,bb-sc
7ul4,inactive,122,THR,OG1,119,ALA,O,2.861,bb-sc
7ul4,inactive,122,THR,N,120,THR,O,3.183,bb-bb
7ul4,inactive,123,LEU,N,120,THR,O,3.295,bb-bb
7ul4,inactive,124,PRO,N,122,THR,O,3.133,bb-bb
7ul4,inactive,125,PHE,N,122,THR,O,3.218,bb-bb
7ul4,inactive,126,GLN,N,123,LEU,O,3.485,bb-bb
7ul4,inactive,127,SER,N,123,LEU,O,3.044,bb-bb
7ul4,inactive,127,SER,OG,123,LEU,O,3.182,bb-sc
7ul4,inactive,126,GLN,N,124,PRO,O,3.37,bb-bb
7ul4,inactive,127,SER,N,124,PRO,O,3.228,bb-bb
7ul4,inactive,127,SER,OG,124,PRO,O,2.446,bb-sc
7ul4,inactive,128,VAL,N,124,PRO,O,2.954,bb-bb
7ul4,inactive,127,SER,N,125,PHE,O,3.464,bb-bb
7ul4,inactive,128,VAL,N,125,PHE,O,3.322,bb-bb
7ul4,inactive,129,ASN,N,125,PHE,O,2.894,bb-bb
7ul4,inactive,128,VAL,N,126,GLN,O,3.435,bb-bb
7ul4,inactive,129,ASN,N,126,GLN,O,3.111,bb-bb
7ul4,inactive,130,TYR,N,126,GLN,O,2.952,bb-bb
7ul4,inactive,129,ASN,N,127,SER,O,3.402,bb-bb
7ul4,inactive,130,TYR,N,127,SER,O,3.316,bb-bb
7ul4,inactive,131,LEU,N,127,SER,O,2.909,bb-bb
7ul4,inactive,130,TYR,N,128,VAL,O,3.485,bb-bb
7ul4,inactive,131,LEU,N,128,VAL,O,3.307,bb-bb
7ul4,inactive,132,MET,N,128,VAL,O,2.916,bb-bb
7ul4,inactive,133,GLY,N,129,ASN,O,2.969,bb-bb
7ul4,inactive,135,TRP,N,129,ASN,OD1,3.289,bb-sc
7ul4,inactive,134,THR,N,132,MET,O,3.244,bb-bb
7ul4,inactive,135,TRP,NE1,138,GLY,O,3.041,bb-sc
7ul4,inactive,135,TRP,N,217,ILE,O,3.459,bb-bb
7ul4,inactive,142,CYS,N,138,GLY,O,3.416,bb-bb
7ul4,inactive,141,LEU,N,139,ASN,O,3.338,bb-bb
7ul4,inactive,142,CYS,N,139,ASN,O,2.875,bb-bb
7ul4,inactive,143,LYS,N,139,ASN,O,2.969,bb-bb
7ul4,inactive,142,CYS,N,140,ILE,O,3.302,bb-bb
7ul4,inactive,143,LYS,N,140,ILE,O,3.114,bb-bb
7ul4,inactive,144,ILE,N,140,ILE,O,3.02,bb-bb
7ul4,inactive,145,VAL,N,141,LEU,O,3.139,bb-bb
7ul4,inactive,146,ILE,N,142,CYS,O,3.23,bb-bb
7ul4,inactive,147,SER,N,143,LYS,O,3.32,bb-bb
7ul4,inactive,143,LYS,NZ,208,ALA,O,2.854,bb-sc
7ul4,inactive,146,ILE,N,144,ILE,O,3.35,bb-bb
7ul4,inactive,147,SER,N,144,ILE,O,3.364,bb-bb
7ul4,inactive,148,ILE,N,144,ILE,O,2.961,bb-bb
7ul4,inactive,148,ILE,N,145,VAL,O,3.343,bb-bb
7ul4,inactive,149,ASP,N,145,VAL,O,3.014,bb-bb
7ul4,inactive,148,ILE,N,146,ILE,O,3.319,bb-bb
7ul4,inactive,149,ASP,N,146,ILE,O,3.001,bb-bb
7ul4,inactive,150,TYR,N,146,ILE,O,3.189,bb-bb
7ul4,inactive,149,ASP,N,147,SER,O,3.274,bb-bb
7ul4,inactive,150,TYR,N,147,SER,O,3.18,bb-bb
7ul4,inactive,151,TYR,N,147,SER,O,2.903,bb-bb
7ul4,inactive,150,TYR,N,148,ILE,O,3.375,bb-bb
7ul4,inactive,151,TYR,N,148,ILE,O,3.237,bb-bb
7ul4,inactive,152,ASN,N,148,ILE,O,2.945,bb-bb
7ul4,inactive,328,TYR,OH,149,ASP,OD1,2.545,sc-sc
7ul4,inactive,152,ASN,N,150,TYR,O,3.327,bb-bb
7ul4,inactive,153,MET,N,150,TYR,O,3.207,bb-bb
7ul4,inactive,154,PHE,N,150,TYR,O,3.177,bb-bb
7ul4,inactive,153,MET,N,151,TYR,O,3.262,bb-bb
7ul4,inactive,154,PHE,N,151,TYR,O,3.349,bb-bb
7ul4,inactive,155,THR,N,151,TYR,O,2.947,bb-bb
7ul4,inactive,155,THR,OG1,151,TYR,O,2.763,bb-sc
7ul4,inactive,151,TYR,OH,198,SER,OG,3.454,sc-sc
7ul4,inactive,198,SER,OG,151,TYR,OH,3.454,sc-sc
7ul4,inactive,154,PHE,N,152,ASN,O,3.447,bb-bb
7ul4,inactive,155,THR,OG1,152,ASN,O,3.451,bb-sc
7ul4,inactive,156,SER,N,152,ASN,O,3.006,bb-bb
7ul4,inactive,156,SER,OG,152,ASN,O,2.742,bb-sc
7ul4,inactive,157,ILE,N,153,MET,O,3.134,bb-bb
7ul4,inactive,156,SER,N,154,PHE,O,3.374,bb-bb
7ul4,inactive,157,ILE,N,154,PHE,O,3.396,bb-bb
7ul4,inactive,158,PHE,N,154,PHE,O,3.077,bb-bb
7ul4,inactive,157,ILE,N,155,THR,O,3.435,bb-bb
7ul4,inactive,158,PHE,N,155,THR,O,3.41,bb-bb
7ul4,inactive,159,THR,N,155,THR,O,2.914,bb-bb
7ul4,inactive,159,THR,OG1,155,THR,O,2.912,bb-sc
7ul4,inactive,158,PHE,N,156,SER,O,3.452,bb-bb
7ul4,inactive,159,THR,N,156,SER,O,3.454,bb-bb
7ul4,inactive,160,LEU,N,156,SER,O,3.098,bb-bb
7ul4,inactive,160,LEU,N,157,ILE,O,3.422,bb-bb
7ul4,inactive,161,CYS,N,157,ILE,O,3.029,bb-bb
7ul4,inactive,160,LEU,N,158,PHE,O,3.475,bb-bb
7ul4,inactive,161,CYS,N,158,PHE,O,3.172,bb-bb
7ul4,inactive,162,THR,N,158,PHE,O,2.937,bb-bb
7ul4,inactive,162,THR,OG1,158,PHE,O,3.165,bb-sc
7ul4,inactive,161,CYS,N,159,THR,O,3.424,bb-bb
7ul4,inactive,162,THR,N,159,THR,O,3.426,bb-bb
7ul4,inactive,162,THR,OG1,159,THR,O,2.905,bb-sc
7ul4,inactive,163,MET,N,159,THR,O,2.979,bb-bb
7ul4,inactive,193,ASN,ND2,159,THR,OG1,3.088,sc-sc
7ul4,inactive,162,THR,N,160,LEU,O,3.498,bb-bb
7ul4,inactive,163,MET,N,160,LEU,O,3.307,bb-bb
7ul4,inactive,164,SER,N,160,LEU,O,3.036,bb-bb
7ul4,inactive,164,SER,OG,160,LEU,O,3.024,bb-sc
7ul4,inactive,163,MET,N,161,CYS,O,3.438,bb-bb
7ul4,inactive,164,SER,N,161,CYS,O,3.213,bb-bb
7ul4,inactive,165,VAL,N,161,CYS,O,3.064,bb-bb
7ul4,inactive,164,SER,N,162,THR,O,3.386,bb-bb
7ul4,inactive,165,VAL,N,162,THR,O,3.353,bb-bb
7ul4,inactive,166,ASP,N,162,THR,O,2.919,bb-bb
7ul4,inactive,165,VAL,N,163,MET,O,3.472,bb-bb
7ul4,inactive,166,ASP,N,163,MET,O,3.21,bb-bb
7ul4,inactive,167,ARG,N,163,MET,O,2.99,bb-bb
7ul4,inactive,166,ASP,N,164,SER,O,3.462,bb-bb
7ul4,inactive,167,ARG,N,164,SER,O,3.273,bb-bb
7ul4,inactive,168,TYR,N,164,SER,O,2.989,bb-bb
7ul4,inactive,167,ARG,N,165,VAL,O,3.417,bb-bb
7ul4,inactive,168,TYR,N,165,VAL,O,3.089,bb-bb
7ul4,inactive,169,ILE,N,165,VAL,O,2.95,bb-bb
7ul4,inactive,168,TYR,N,166,ASP,O,3.287,bb-bb
7ul4,inactive,169,ILE,N,166,ASP,O,3.318,bb-bb
7ul4,inactive,170,ALA,N,166,ASP,O,3.056,bb-bb
7ul4,inactive,181,ARG,NE,166,ASP,OD1,3.422,sc-sc
7ul4,inactive,181,ARG,NH2,166,ASP,OD2,2.803,sc-sc
7ul4,inactive,170,ALA,N,167,ARG,O,3.482,bb-bb
7ul4,inactive,171,VAL,N,167,ARG,O,2.988,bb-bb
7ul4,inactive,167,ARG,NH2,277,LEU,O,3.381,bb-sc
7ul4,inactive,170,ALA,N,168,TYR,O,3.334,bb-bb
7ul4,inactive,171,VAL,N,168,TYR,O,3.319,bb-bb
7ul4,inactive,172,CYS,N,168,TYR,O,2.941,bb-bb
7ul4,inactive,171,VAL,N,169,ILE,O,3.483,bb-bb
7ul4,inactive,173,HIS,N,169,ILE,O,3.097,bb-bb
7ul4,inactive,175,VAL,N,173,HIS,O,3.28,bb-bb
7ul4,inactive,176,LYS,N,173,HIS,O,3.262,bb-bb
7ul4,inactive,177,ALA,N,173,HIS,O,2.453,bb-bb
7ul4,inactive,176,LYS,N,174,PRO,O,3.231,bb-bb
7ul4,inactive,177,ALA,N,174,PRO,O,2.991,bb-bb
7ul4,inactive,178,LEU,N,174,PRO,O,3.063,bb-bb
7ul4,inactive,178,LEU,N,176,LYS,O,3.419,bb-bb
7ul4,inactive,179,ASP,N,177,ALA,O,3.311,bb-bb
7ul4,inactive,180,PHE,N,177,ALA,O,3.292,bb-bb
7ul4,inactive,181,ARG,N,177,ALA,O,3.145,bb-bb
7ul4,inactive,185,ASN,ND2,180,PHE,O,3.293,bb-sc
7ul4,inactive,184,ARG,N,182,THR,O,3.288,bb-bb
7ul4,inactive,185,ASN,N,182,THR,O,3.157,bb-bb
7ul4,inactive,185,ASN,N,183,PRO,O,3.135,bb-bb
7ul4,inactive,186,ALA,N,183,PRO,O,2.847,bb-bb
7ul4,inactive,187,LYS,N,183,PRO,O,3.018,bb-bb
7ul4,inactive,186,ALA,N,184,ARG,O,3.357,bb-bb
7ul4,inactive,187,LYS,N,184,ARG,O,3.122,bb-bb
7ul4,inactive,188,ILE,N,184,ARG,O,2.961,bb-bb
7ul4,inactive,187,LYS,N,185,ASN,O,3.467,bb-bb
7ul4,inactive,188,ILE,N,185,ASN,O,3.366,bb-bb
7ul4,inactive,189,VAL,N,185,ASN,O,2.888,bb-bb
7ul4,inactive,189,VAL,N,186,ALA,O,3.226,bb-bb
7ul4,inactive,190,ASN,N,186,ALA,O,2.948,bb-bb
7ul4,inactive,189,VAL,N,187,LYS,O,3.411,bb-bb
7ul4,inactive,190,ASN,N,187,LYS,O,3.245,bb-bb
7ul4,inactive,191,VAL,N,187,LYS,O,3.044,bb-bb
7ul4,inactive,190,ASN,N,188,ILE,O,3.372,bb-bb
7ul4,inactive,191,VAL,N,188,ILE,O,3.304,bb-bb
7ul4,inactive,192,CYS,N,188,ILE,O,2.955,bb-bb
7ul4,inactive,191,VAL,N,189,VAL,O,3.5,bb-bb
7ul4,inactive,192,CYS,N,189,VAL,O,3.21,bb-bb
7ul4,inactive,193,ASN,N,189,VAL,O,2.898,bb-bb
7ul4,inactive,192,CYS,N,190,ASN,O,3.401,bb-bb
7ul4,inactive,193,ASN,N,190,ASN,O,3.147,bb-bb
7ul4,inactive,194,TRP,N,190,ASN,O,3.084,bb-bb
7ul4,inactive,193,ASN,N,191,VAL,O,3.349,bb-bb
7ul4,inactive,194,TRP,N,191,VAL,O,3.2,bb-bb
7ul4,inactive,195,ILE,N,191,VAL,O,2.999,bb-bb
7ul4,inactive,194,TRP,N,192,CYS,O,3.459,bb-bb
7ul4,inactive,195,ILE,N,192,CYS,O,3.298,bb-bb
7ul4,inactive,196,LEU,N,192,CYS,O,2.899,bb-bb
7ul4,inactive,196,LEU,N,193,ASN,O,3.44,bb-bb
7ul4,inactive,197,SER,N,193,ASN,O,3.004,bb-bb
7ul4,inactive,197,SER,OG,193,ASN,O,3.099,bb-sc
7ul4,inactive,197,SER,OG,193,ASN,OD1,3.386,sc-sc
7ul4,inactive,196,LEU,N,194,TRP,O,3.365,bb-bb
7ul4,inactive,197,SER,N,194,TRP,O,3.223,bb-bb
7ul4,inactive,198,SER,N,194,TRP,O,3.055,bb-bb
7ul4,inactive,198,SER,OG,194,TRP,O,2.914,bb-sc
7ul4,inactive,198,SER,N,195,ILE,O,3.368,bb-bb
7ul4,inactive,198,SER,N,196,LEU,O,3.171,bb-bb
7ul4,inactive,199,ALA,N,196,LEU,O,3.163,bb-bb
7ul4,inactive,199,ALA,N,197,SER,O,3.241,bb-bb
7ul4,inactive,200,ILE,N,197,SER,O,3.304,bb-bb
7ul4,inactive,201,GLY,N,197,SER,O,2.992,bb-bb
7ul4,inactive,200,ILE,N,198,SER,O,3.197,bb-bb
7ul4,inactive,201,GLY,N,198,SER,O,3.01,bb-bb
7ul4,inactive,202,LEU,N,198,SER,O,2.869,bb-bb
7ul4,inactive,204,VAL,N,201,GLY,O,3.238,bb-bb
7ul4,inactive,205,MET,N,201,GLY,O,3.147,bb-bb
7ul4,inactive,204,VAL,N,202,LEU,O,3.298,bb-bb
7ul4,inactive,205,MET,N,202,LEU,O,3.07,bb-bb
7ul4,inactive,206,PHE,N,202,LEU,O,2.93,bb-bb
7ul4,inactive,205,MET,N,203,PRO,O,3.36,bb-bb
7ul4,inactive,206,PHE,N,203,PRO,O,3.206,bb-bb
7ul4,inactive,207,MET,N,203,PRO,O,2.97,bb-bb
7ul4,inactive,206,PHE,N,204,VAL,O,3.474,bb-bb
7ul4,inactive,207,MET,N,204,VAL,O,3.341,bb-bb
7ul4,inactive,208,ALA,N,204,VAL,O,3.151,bb-bb
7ul4,inactive,207,MET,N,205,MET,O,3.336,bb-bb
7ul4,inactive,209,THR,N,207,MET,O,3.492,bb-bb
7ul4,inactive,209,THR,N,220,THR,O,3.062,bb-bb
7ul4,inactive,220,THR,N,209,THR,O,2.963,bb-bb
7ul4,inactive,213,ARG,N,211,LYS,O,2.986,bb-bb
7ul4,inactive,211,LYS,N,218,ASP,O,3.091,bb-bb
7ul4,inactive,218,ASP,N,211,LYS,O,2.9,bb-bb
7ul4,inactive,215,GLY,N,213,ARG,O,3.226,bb-bb
7ul4,inactive,213,ARG,N,216,SER,O,3.499,bb-bb
7ul4,inactive,216,SER,N,213,ARG,O,3.197,bb-bb
7ul4,inactive,227,THR,N,224,SER,O,3.494,bb-bb
7ul4,inactive,229,TYR,N,227,THR,O,3.415,bb-bb
7ul4,inactive,230,TRP,N,227,THR,O,3.297,bb-bb
7ul4,inactive,231,GLU,N,227,THR,O,2.92,bb-bb
7ul4,inactive,230,TRP,N,228,TRP,O,3.342,bb-bb
7ul4,inactive,231,GLU,N,228,TRP,O,3.412,bb-bb
7ul4,inactive,232,ASN,N,228,TRP,O,3.005,bb-bb
7ul4,inactive,232,ASN,ND2,228,TRP,O,3.335,bb-sc
7ul4,inactive,233,LEU,N,229,TYR,O,3.451,bb-bb
7ul4,inactive,233,LEU,N,231,GLU,O,3.271,bb-bb
7ul4,inactive,234,LEU,N,231,GLU,O,3.193,bb-bb
7ul4,inactive,235,LYS,N,231,GLU,O,3.104,bb-bb
7ul4,inactive,235,LYS,N,232,ASN,O,3.451,bb-bb
7ul4,inactive,236,ILE,N,232,ASN,O,2.904,bb-bb
7ul4,inactive,235,LYS,N,233,LEU,O,3.485,bb-bb
7ul4,inactive,236,ILE,N,233,LEU,O,3.357,bb-bb
7ul4,inactive,237,CYS,N,233,LEU,O,2.966,bb-bb
7ul4,inactive,236,ILE,N,234,LEU,O,3.389,bb-bb
7ul4,inactive,237,CYS,N,234,LEU,O,3.313,bb-bb
7ul4,inactive,238,VAL,N,234,LEU,O,3.023,bb-bb
7ul4,inactive,238,VAL,N,235,LYS,O,3.376,bb-bb
7ul4,inactive,239,PHE,N,235,LYS,O,2.997,bb-bb
7ul4,inactive,238,VAL,N,236,ILE,O,3.324,bb-bb
7ul4,inactive,239,PHE,N,236,ILE,O,3.102,bb-bb
7ul4,inactive,240,ILE,N,236,ILE,O,2.923,bb-bb
7ul4,inactive,239,PHE,N,237,CYS,O,3.445,bb-bb
7ul4,inactive,240,ILE,N,237,CYS,O,3.314,bb-bb
7ul4,inactive,241,PHE,N,237,CYS,O,2.949,bb-bb
7ul4,inactive,240,ILE,N,238,VAL,O,3.395,bb-bb
7ul4,inactive,242,ALA,N,238,VAL,O,3.362,bb-bb
7ul4,inactive,244,ILE,N,239,PHE,O,3.474,bb-bb
7ul4,inactive,244,ILE,N,240,ILE,O,3.363,bb-bb
7ul4,inactive,245,MET,N,240,ILE,O,3.409,bb-bb
7ul4,inactive,247,VAL,N,243,PHE,O,3.291,bb-bb
7ul4,inactive,247,VAL,N,244,ILE,O,3.186,bb-bb
7ul4,inactive,248,LEU,N,244,ILE,O,2.974,bb-bb
7ul4,inactive,247,VAL,N,245,MET,O,3.349,bb-bb
7ul4,inactive,248,LEU,N,245,MET,O,3.164,bb-bb
7ul4,inactive,249,ILE,N,245,MET,O,3.004,bb-bb
7ul4,inactive,248,LEU,N,246,PRO,O,3.436,bb-bb
7ul4,inactive,249,ILE,N,246,PRO,O,3.255,bb-bb
7ul4,inactive,250,ILE,N,246,PRO,O,2.93,bb-bb
7ul4,inactive,250,ILE,N,247,VAL,O,3.371,bb-bb
7ul4,inactive,251,THR,N,247,VAL,O,2.922,bb-bb
7ul4,inactive,251,THR,OG1,247,VAL,O,2.865,bb-sc
7ul4,inactive,250,ILE,N,248,LEU,O,3.307,bb-bb
7ul4,inactive,251,THR,N,248,LEU,O,3.195,bb-bb
7ul4,inactive,252,VAL,N,248,LEU,O,3.014,bb-bb
7ul4,inactive,251,THR,N,249,ILE,O,3.434,bb-bb
7ul4,inactive,252,VAL,N,249,ILE,O,3.405,bb-bb
7ul4,inactive,253,CYS,N,249,ILE,O,3.026,bb-bb
7ul4,inactive,252,VAL,N,250,ILE,O,3.425,bb-bb
7ul4,inactive,253,CYS,N,250,ILE,O,3.333,bb-bb
7ul4,inactive,254,TYR,N,250,ILE,O,2.992,bb-bb
7ul4,inactive,255,GLY,N,251,THR,O,2.92,bb-bb
7ul4,inactive,254,TYR,N,252,VAL,O,3.445,bb-bb
7ul4,inactive,255,GLY,N,252,VAL,O,3.25,bb-bb
7ul4,inactive,256,LEU,N,252,VAL,O,3.019,bb-bb
7ul4,inactive,256,LEU,N,253,CYS,O,3.417,bb-bb
7ul4,inactive,257,MET,N,253,CYS,O,2.929,bb-bb
7ul4,inactive,256,LEU,N,254,TYR,O,3.486,bb-bb
7ul4,inactive,257,MET,N,254,TYR,O,3.425,bb-bb
7ul4,inactive,258,ILE,N,254,TYR,O,2.876,bb-bb
7ul4,inactive,254,TYR,OH,281,THR,O,3.471,bb-sc
7ul4,inactive,258,ILE,N,255,GLY,O,3.356,bb-bb
7ul4,inactive,259,LEU,N,255,GLY,O,3.021,bb-bb
7ul4,inactive,258,ILE,N,256,LEU,O,3.451,bb-bb
7ul4,inactive,259,LEU,N,256,LEU,O,3.151,bb-bb
7ul4,inactive,260,ARG,N,256,LEU,O,3.021,bb-bb
7ul4,inactive,259,LEU,N,257,MET,O,3.334,bb-bb
7ul4,inactive,260,ARG,N,257,MET,O,3.138,bb-bb
7ul4,inactive,261,LEU,N,257,MET,O,2.909,bb-bb
7ul4,inactive,260,ARG,N,258,ILE,O,3.436,bb-bb
7ul4,inactive,261,LEU,N,258,ILE,O,3.387,bb-bb
7ul4,inactive,262,LYS,N,258,ILE,O,3.038,bb-bb
7ul4,inactive,261,LEU,N,259,LEU,O,3.485,bb-bb
7ul4,inactive,262,LYS,N,260,ARG,O,3.269,bb-bb
7ul4,inactive,263,SER,N,260,ARG,O,3.376,bb-bb
7ul4,inactive,263,SER,N,261,LEU,O,3.284,bb-bb
7ul4,inactive,267,LEU,N,274,ASP,OD1,2.871,bb-sc
7ul4,inactive,270,SER,N,268,SER,O,2.976,bb-bb
7ul4,inactive,272,GLU,N,270,SER,O,3.463,bb-bb
7ul4,inactive,273,LYS,N,270,SER,O,3.295,bb-bb
7ul4,inactive,274,ASP,N,270,SER,O,3.047,bb-bb
7ul4,inactive,273,LYS,N,271,ARG,O,3.47,bb-bb
7ul4,inactive,274,ASP,N,271,ARG,O,3.251,bb-bb
7ul4,inactive,275,ARG,N,271,ARG,O,3.061,bb-bb
7ul4,inactive,274,ASP,N,272,GLU,O,3.347,bb-bb
7ul4,inactive,275,ARG,N,272,GLU,O,3.198,bb-bb
7ul4,inactive,276,ASN,N,272,GLU,O,2.962,bb-bb
7ul4,inactive,276,ASN,ND2,272,GLU,O,2.929,bb-sc
7ul4,inactive,275,ARG,N,273,LYS,O,3.472,bb-bb
7ul4,inactive,276,ASN,N,273,LYS,O,3.393,bb-bb
7ul4,inactive,277,LEU,N,273,LYS,O,2.964,bb-bb
7ul4,inactive,276,ASN,N,274,ASP,O,3.42,bb-bb
7ul4,inactive,277,LEU,N,274,ASP,O,3.259,bb-bb
7ul4,inactive,278,ARG,N,274,ASP,O,3.081,bb-bb
7ul4,inactive,278,ARG,NE,274,ASP,OD1,3.491,sc-sc
7ul4,inactive,278,ARG,NE,274,ASP,OD2,3.141,sc-sc
7ul4,inactive,277,LEU,N,275,ARG,O,3.399,bb-bb
7ul4,inactive,278,ARG,N,275,ARG,O,3.326,bb-bb
7ul4,inactive,279,ARG,N,275,ARG,O,3.003,bb-bb
7ul4,inactive,278,ARG,N,276,ASN,O,3.393,bb-bb
7ul4,inactive,279,ARG,N,276,ASN,O,3.242,bb-bb
7ul4,inactive,280,ILE,N,276,ASN,O,3.037,bb-bb
7ul4,inactive,279,ARG,N,277,LEU,O,3.404,bb-bb
7ul4,inactive,280,ILE,N,277,LEU,O,3.442,bb-bb
7ul4,inactive,281,THR,N,277,LEU,O,3.087,bb-bb
7ul4,inactive,281,THR,OG1,277,LEU,O,2.854,bb-sc
7ul4,inactive,281,THR,N,278,ARG,O,3.402,bb-bb
7ul4,inactive,282,ARG,N,278,ARG,O,3.045,bb-bb
7ul4,inactive,281,THR,N,279,ARG,O,3.347,bb-bb
7ul4,inactive,282,ARG,N,279,ARG,O,3.26,bb-bb
7ul4,inactive,283,MET,N,279,ARG,O,3.041,bb-bb
7ul4,inactive,282,ARG,N,280,ILE,O,3.384,bb-bb
7ul4,inactive,283,MET,N,280,ILE,O,3.188,bb-bb
7ul4,inactive,284,VAL,N,280,ILE,O,3.084,bb-bb
7ul4,inactive,283,MET,N,281,THR,O,3.422,bb-bb
7ul4,inactive,284,VAL,N,281,THR,O,3.336,bb-bb
7ul4,inactive,285,LEU,N,281,THR,O,3.095,bb-bb
7ul4,inactive,284,VAL,N,282,ARG,O,3.349,bb-bb
7ul4,inactive,285,LEU,N,282,ARG,O,3.168,bb-bb
7ul4,inactive,286,VAL,N,282,ARG,O,3.049,bb-bb
7ul4,inactive,285,LEU,N,283,MET,O,3.35,bb-bb
7ul4,inactive,286,VAL,N,283,MET,O,3.167,bb-bb
7ul4,inactive,287,VAL,N,283,MET,O,3.122,bb-bb
7ul4,inactive,286,VAL,N,284,VAL,O,3.368,bb-bb
7ul4,inactive,287,VAL,N,284,VAL,O,3.282,bb-bb
7ul4,inactive,288,VAL,N,284,VAL,O,3.056,bb-bb
7ul4,inactive,287,VAL,N,285,LEU,O,3.442,bb-bb
7ul4,inactive,288,VAL,N,285,LEU,O,3.28,bb-bb
7ul4,inactive,289,ALA,N,285,LEU,O,3.02,bb-bb
7ul4,inactive,288,VAL,N,286,VAL,O,3.37,bb-bb
7ul4,inactive,289,ALA,N,286,VAL,O,3.26,bb-bb
7ul4,inactive,290,VAL,N,286,VAL,O,3.027,bb-bb
7ul4,inactive,289,ALA,N,287,VAL,O,3.378,bb-bb
7ul4,inactive,290,VAL,N,287,VAL,O,3.304,bb-bb
7ul4,inactive,291,PHE,N,287,VAL,O,3.085,bb-bb
7ul4,inactive,290,VAL,N,288,VAL,O,3.368,bb-bb
7ul4,inactive,291,PHE,N,288,VAL,O,3.257,bb-bb
7ul4,inactive,292,ILE,N,288,VAL,O,3.063,bb-bb
7ul4,inactive,291,PHE,N,289,ALA,O,3.419,bb-bb
7ul4,inactive,292,ILE,N,289,ALA,O,3.281,bb-bb
7ul4,inactive,293,VAL,N,289,ALA,O,3.03,bb-bb
7ul4,inactive,292,ILE,N,290,VAL,O,3.436,bb-bb
7ul4,inactive,293,VAL,N,290,VAL,O,3.349,bb-bb
7ul4,inactive,294,CYS,N,290,VAL,O,2.991,bb-bb
7ul4,inactive,293,VAL,N,291,PHE,O,3.419,bb-bb
7ul4,inactive,294,CYS,N,291,PHE,O,3.295,bb-bb
7ul4,inactive,295,TRP,N,291,PHE,O,2.999,bb-bb
7ul4,inactive,294,CYS,N,292,ILE,O,3.426,bb-bb
7ul4,inactive,295,TRP,N,292,ILE,O,3.316,bb-bb
7ul4,inactive,296,THR,N,292,ILE,O,3.015,bb-bb
7ul4,inactive,296,THR,OG1,292,ILE,O,3.01,bb-sc
7ul4,inactive,297,PRO,N,295,TRP,O,3.461,bb-bb
7ul4,inactive,299,HIS,ND1,295,TRP,O,2.675,bb-sc
7ul4,inactive,298,ILE,N,296,THR,O,3.333,bb-bb
7ul4,inactive,299,HIS,N,296,THR,O,3.015,bb-bb
7ul4,inactive,300,ILE,N,296,THR,O,3.034,bb-bb
7ul4,inactive,299,HIS,N,297,PRO,O,3.402,bb-bb
7ul4,inactive,300,ILE,N,297,PRO,O,3.407,bb-bb
7ul4,inactive,301,TYR,N,297,PRO,O,2.942,bb-bb
7ul4,inactive,300,ILE,N,298,ILE,O,3.447,bb-bb
7ul4,inactive,301,TYR,N,298,ILE,O,3.209,bb-bb
7ul4,inactive,302,VAL,N,298,ILE,O,3.032,bb-bb
7ul4,inactive,302,VAL,N,300,ILE,O,3.366,bb-bb
7ul4,inactive,303,ILE,N,300,ILE,O,3.291,bb-bb
7ul4,inactive,304,ILE,N,300,ILE,O,2.95,bb-bb
7ul4,inactive,303,ILE,N,301,TYR,O,3.363,bb-bb
7ul4,inactive,304,ILE,N,301,TYR,O,3.353,bb-bb
7ul4,inactive,305,LYS,N,301,TYR,O,2.89,bb-bb
7ul4,inactive,306,ALA,N,302,VAL,O,3.044,bb-bb
7ul4,inactive,305,LYS,N,303,ILE,O,3.236,bb-bb
7ul4,inactive,306,ALA,N,303,ILE,O,3.037,bb-bb
7ul4,inactive,307,LEU,N,303,ILE,O,3.407,bb-bb
7ul4,inactive,307,LEU,N,305,LYS,O,3.277,bb-bb
7ul4,inactive,315,PHE,N,313,THR,O,3.163,bb-bb
7ul4,inactive,316,GLN,N,313,THR,O,2.945,bb-bb
7ul4,inactive,317,THR,N,313,THR,O,3.369,bb-bb
7ul4,inactive,316,GLN,N,314,THR,O,3.181,bb-bb
7ul4,inactive,317,THR,N,314,THR,O,3.206,bb-bb
7ul4,inactive,318,VAL,N,314,THR,O,3.041,bb-bb
7ul4,inactive,317,THR,N,315,PHE,O,3.458,bb-bb
7ul4,inactive,318,VAL,N,315,PHE,O,3.457,bb-bb
7ul4,inactive,319,SER,N,315,PHE,O,2.934,bb-bb
7ul4,inactive,319,SER,OG,315,PHE,O,2.747,bb-sc
7ul4,inactive,318,VAL,N,316,GLN,O,3.471,bb-bb
7ul4,inactive,319,SER,OG,316,GLN,O,2.982,bb-sc
7ul4,inactive,320,TRP,N,316,GLN,O,2.977,bb-bb
7ul4,inactive,320,TRP,N,317,THR,O,3.352,bb-bb
7ul4,inactive,321,HIS,N,317,THR,O,3.092,bb-bb
7ul4,inactive,321,HIS,ND1,317,THR,O,2.872,bb-sc
7ul4,inactive,320,TRP,N,318,VAL,O,3.288,bb-bb
7ul4,inactive,321,HIS,N,318,VAL,O,3.214,bb-bb
7ul4,inactive,322,PHE,N,318,VAL,O,2.939,bb-bb
7ul4,inactive,321,HIS,N,319,SER,O,3.4,bb-bb
7ul4,inactive,322,PHE,N,319,SER,O,3.279,bb-bb
7ul4,inactive,323,CYS,N,319,SER,O,3.031,bb-bb
7ul4,inactive,322,PHE,N,320,TRP,O,3.414,bb-bb
7ul4,inactive,323,CYS,N,320,TRP,O,3.343,bb-bb
7ul4,inactive,324,ILE,N,320,TRP,O,3.128,bb-bb
7ul4,inactive,323,CYS,N,321,HIS,O,3.474,bb-bb
7ul4,inactive,324,ILE,N,321,HIS,O,3.307,bb-bb
7ul4,inactive,325,ALA,N,321,HIS,O,2.849,bb-bb
7ul4,inactive,325,ALA,N,322,PHE,O,3.178,bb-bb
7ul4,inactive,326,LEU,N,322,PHE,O,2.963,bb-bb
7ul4,inactive,325,ALA,N,323,CYS,O,3.345,bb-bb
7ul4,inactive,326,LEU,N,323,CYS,O,3.297,bb-bb
7ul4,inactive,327,GLY,N,323,CYS,O,3.152,bb-bb
7ul4,inactive,326,LEU,N,324,ILE,O,3.417,bb-bb
7ul4,inactive,327,GLY,N,324,ILE,O,3.3,bb-bb
7ul4,inactive,328,TYR,N,324,ILE,O,3.06,bb-bb
7ul4,inactive,327,GLY,N,325,ALA,O,3.482,bb-bb
7ul4,inactive,328,TYR,N,325,ALA,O,3.312,bb-bb
7ul4,inactive,329,THR,N,325,ALA,O,2.826,bb-bb
7ul4,inactive,329,THR,OG1,325,ALA,O,2.9,bb-sc
7ul4,inactive,328,TYR,N,326,LEU,O,3.282,bb-bb
7ul4,inactive,329,THR,N,326,LEU,O,3.001,bb-bb
7ul4,inactive,330,ASN,N,326,LEU,O,3.207,bb-bb
7ul4,inactive,330,ASN,N,328,TYR,O,3.165,bb-bb
7ul4,inactive,331,SER,N,328,TYR,O,3.115,bb-bb
7ul4,inactive,331,SER,OG,328,TYR,O,3.452,bb-sc
7ul4,inactive,331,SER,N,329,THR,O,2.966,bb-bb
7ul4,inactive,332,CYS,N,329,THR,O,3.17,bb-bb
7ul4,inactive,332,CYS,N,330,ASN,O,3.242,bb-bb
7ul4,inactive,333,LEU,N,330,ASN,O,3.219,bb-bb
7ul4,inactive,335,PRO,N,333,LEU,O,3.414,bb-bb
7ul4,inactive,336,VAL,N,333,LEU,O,3.188,bb-bb
7ul4,inactive,336,VAL,N,334,ASN,O,2.909,bb-bb
7ul4,inactive,337,LEU,N,334,ASN,O,2.981,bb-bb
7ul4,inactive,338,TYR,N,334,ASN,O,3.015,bb-bb
7ul4,inactive,339,ALA,N,336,VAL,O,3.234,bb-bb
7ul4,inactive,340,PHE,N,336,VAL,O,3.031,bb-bb
7ul4,inactive,339,ALA,N,337,LEU,O,3.152,bb-bb
7ul4,inactive,340,PHE,N,337,LEU,O,3.407,bb-bb
7ul4,inactive,341,LEU,N,337,LEU,O,2.861,bb-bb
7ul4,inactive,342,ASP,N,338,TYR,O,3.002,bb-bb
7ul4,inactive,341,LEU,N,339,ALA,O,3.438,bb-bb
7ul4,inactive,344,ASN,N,342,ASP,O,3.488,bb-bb
7ul4,inactive,346,LYS,N,342,ASP,O,3.017,bb-bb
7ul4,inactive,346,LYS,N,343,GLU,O,3.379,bb-bb
7ul4,inactive,347,ARG,N,343,GLU,O,2.923,bb-bb
7ul4,inactive,346,LYS,N,344,ASN,O,3.478,bb-bb
7ul4,inactive,347,ARG,N,344,ASN,O,3.349,bb-bb
7ul4,inactive,348,CYS,N,344,ASN,O,2.955,bb-bb
7ul4,inactive,347,ARG,N,345,PHE,O,3.357,bb-bb
7ul4,inactive,348,CYS,N,345,PHE,O,3.278,bb-bb
7ul4,inactive,349,PHE,N,345,PHE,O,2.895,bb-bb
7ul4,inactive,348,CYS,N,346,LYS,O,3.483,bb-bb
7ul4,inactive,349,PHE,N,346,LYS,O,3.323,bb-bb
7ul4,inactive,350,ARG,N,346,LYS,O,2.996,bb-bb
7ul4,inactive,349,PHE,N,347,ARG,O,3.359,bb-bb
7ul4,inactive,350,ARG,N,347,ARG,O,3.201,bb-bb
7ul4,inactive,351,GLU,N,347,ARG,O,2.938,bb-bb
7ul4,inactive,350,ARG,N,348,CYS,O,3.459,bb-bb
7ul4,inactive,351,GLU,N,348,CYS,O,3.356,bb-bb
7ul4,inactive,352,PHE,N,348,CYS,O,2.843,bb-bb
7ul4,inactive,351,GLU,N,349,PHE,O,3.446,bb-bb
7ul4,inactive,352,PHE,N,349,PHE,O,3.24,bb-bb
7ul4,inactive,353,CYS,N,349,PHE,O,2.919,bb-bb
7ul4,inactive,352,PHE,N,350,ARG,O,3.334,bb-bb
7ul4,inactive,353,CYS,N,350,ARG,O,3.255,bb-bb
7ul4,inactive,354,ILE,N,350,ARG,O,2.924,bb-bb
7ul4,inactive,354,ILE,N,352,PHE,O,3.462,bb-bb
8Y72,active,70,ALA,N,66,SER,O,3.376,bb-bb
8Y72,active,70,ALA,N,67,MET,O,3.371,bb-bb
8Y72,active,71,ILE,N,67,MET,O,2.679,bb-bb
8Y72,active,70,ALA,N,68,ILE,O,3.32,bb-bb
8Y72,active,71,ILE,N,68,ILE,O,3.106,bb-bb
8Y72,active,72,THR,N,68,ILE,O,2.879,bb-bb
8Y72,active,72,THR,OG1,68,ILE,O,2.981,bb-sc
8Y72,active,71,ILE,N,69,THR,O,3.408,bb-bb
8Y72,active,72,THR,N,69,THR,O,3.243,bb-bb
8Y72,active,72,THR,OG1,69,THR,O,2.81,bb-sc
8Y72,active,73,ILE,N,69,THR,O,2.795,bb-bb
8Y72,active,130,TYR,OH,69,THR,O,3.444,bb-sc
8Y72,active,72,THR,N,70,ALA,O,3.265,bb-bb
8Y72,active,73,ILE,N,70,ALA,O,3.459,bb-bb
8Y72,active,74,MET,N,70,ALA,O,2.836,bb-bb
8Y72,active,70,ALA,N,130,TYR,OH,3.286,bb-sc
8Y72,active,74,MET,N,71,ILE,O,3.465,bb-bb
8Y72,active,75,ALA,N,71,ILE,O,2.801,bb-bb
8Y72,active,74,MET,N,72,THR,O,3.052,bb-bb
8Y72,active,75,ALA,N,72,THR,O,3.1,bb-bb
8Y72,active,76,LEU,N,72,THR,O,3.047,bb-bb
8Y72,active,78,SER,N,74,MET,O,3.126,bb-bb
8Y72,active,78,SER,OG,74,MET,O,2.72,bb-sc
8Y72,active,78,SER,N,75,ALA,O,3.483,bb-bb
8Y72,active,78,SER,OG,75,ALA,O,2.956,bb-sc
8Y72,active,79,ILE,N,75,ALA,O,2.884,bb-bb
8Y72,active,78,SER,N,76,LEU,O,3.059,bb-bb
8Y72,active,79,ILE,N,76,LEU,O,3.004,bb-bb
8Y72,active,80,VAL,N,76,LEU,O,2.944,bb-bb
8Y72,active,79,ILE,N,77,TYR,O,3.485,bb-bb
8Y72,active,80,VAL,N,77,TYR,O,3.414,bb-bb
8Y72,active,81,CYS,N,77,TYR,O,3.253,bb-bb
8Y72,active,77,TYR,OH,321,HIS,ND1,3.168,sc-sc
8Y72,active,321,HIS,ND1,77,TYR,OH,3.168,sc-sc
8Y72,active,80,VAL,N,78,SER,O,3.471,bb-bb
8Y72,active,81,CYS,N,78,SER,O,3.06,bb-bb
8Y72,active,82,VAL,N,78,SER,O,3.22,bb-bb
8Y72,active,81,CYS,N,79,ILE,O,3.133,bb-bb
8Y72,active,82,VAL,N,79,ILE,O,3.169,bb-bb
8Y72,active,83,VAL,N,79,ILE,O,3.104,bb-bb
8Y72,active,82,VAL,N,80,VAL,O,3.462,bb-bb
8Y72,active,83,VAL,N,80,VAL,O,3.487,bb-bb
8Y72,active,84,GLY,N,80,VAL,O,2.901,bb-bb
8Y72,active,84,GLY,N,81,CYS,O,3.451,bb-bb
8Y72,active,85,LEU,N,81,CYS,O,2.969,bb-bb
8Y72,active,84,GLY,N,82,VAL,O,3.293,bb-bb
8Y72,active,85,LEU,N,82,VAL,O,3.494,bb-bb
8Y72,active,86,PHE,N,82,VAL,O,2.848,bb-bb
8Y72,active,86,PHE,N,83,VAL,O,3.372,bb-bb
8Y72,active,87,GLY,N,83,VAL,O,3.054,bb-bb
8Y72,active,86,PHE,N,84,GLY,O,3.17,bb-bb
8Y72,active,87,GLY,N,84,GLY,O,3.212,bb-bb
8Y72,active,88,ASN,N,84,GLY,O,2.886,bb-bb
8Y72,active,88,ASN,ND2,84,GLY,O,2.913,bb-sc
8Y72,active,84,GLY,N,332,CYS,SG,3.295,bb-sc
8Y72,active,89,PHE,N,85,LEU,O,2.999,bb-bb
8Y72,active,89,PHE,N,86,PHE,O,3.277,bb-bb
8Y72,active,90,LEU,N,86,PHE,O,2.969,bb-bb
8Y72,active,89,PHE,N,87,GLY,O,3.114,bb-bb
8Y72,active,90,LEU,N,87,GLY,O,3.023,bb-bb
8Y72,active,91,VAL,N,87,GLY,O,2.949,bb-bb
8Y72,active,90,LEU,N,88,ASN,O,3.442,bb-bb
8Y72,active,91,VAL,N,88,ASN,O,3.446,bb-bb
8Y72,active,92,MET,N,88,ASN,O,2.927,bb-bb
8Y72,active,92,MET,N,89,PHE,O,3.423,bb-bb
8Y72,active,93,TYR,N,89,PHE,O,2.812,bb-bb
8Y72,active,92,MET,N,90,LEU,O,3.353,bb-bb
8Y72,active,93,TYR,N,90,LEU,O,3.049,bb-bb
8Y72,active,94,VAL,N,90,LEU,O,2.638,bb-bb
8Y72,active,93,TYR,N,91,VAL,O,3.27,bb-bb
8Y72,active,94,VAL,N,91,VAL,O,3.2,bb-bb
8Y72,active,95,ILE,N,91,VAL,O,2.908,bb-bb
8Y72,active,95,ILE,N,92,MET,O,3.353,bb-bb
8Y72,active,96,VAL,N,92,MET,O,3.384,bb-bb
8Y72,active,95,ILE,N,93,TYR,O,3.364,bb-bb
8Y72,active,96,VAL,N,93,TYR,O,3.083,bb-bb
8Y72,active,97,ARG,N,93,TYR,O,3.239,bb-bb
8Y72,active,96,VAL,N,94,VAL,O,3.372,bb-bb
8Y72,active,97,ARG,N,94,VAL,O,3.419,bb-bb
8Y72,active,98,TYR,N,94,VAL,O,3.187,bb-bb
8Y72,active,99,THR,N,94,VAL,O,3.37,bb-bb
8Y72,active,100,LYS,N,95,ILE,O,2.762,bb-bb
8Y72,active,102,LYS,N,100,LYS,O,2.863,bb-bb
8Y72,active,106,ASN,ND2,100,LYS,O,3.056,bb-sc
8Y72,active,105,THR,N,103,THR,O,3.407,bb-bb
8Y72,active,103,THR,OG1,106,ASN,OD1,3.333,sc-sc
8Y72,active,106,ASN,N,103,THR,OG1,3.163,bb-sc
8Y72,active,106,ASN,ND2,103,THR,OG1,3.17,sc-sc
8Y72,active,107,ILE,N,103,THR,O,3.439,bb-bb
8Y72,active,107,ILE,N,104,ALA,O,3.351,bb-bb
8Y72,active,108,TYR,N,104,ALA,O,2.991,bb-bb
8Y72,active,107,ILE,N,105,THR,O,3.319,bb-bb
8Y72,active,108,TYR,N,105,THR,O,3.185,bb-bb
8Y72,active,109,ILE,N,105,THR,O,2.761,bb-bb
8Y72,active,108,TYR,N,106,ASN,O,3.415,bb-bb
8Y72,active,109,ILE,N,106,ASN,O,3.326,bb-bb
8Y72,active,110,PHE,N,106,ASN,O,2.842,bb-bb
8Y72,active,111,ASN,N,107,ILE,O,3.143,bb-bb
8Y72,active,111,ASN,ND2,107,ILE,O,2.852,bb-sc
8Y72,active,110,PHE,N,108,TYR,O,3.376,bb-bb
8Y72,active,111,ASN,N,108,TYR,O,3.315,bb-bb
8Y72,active,112,LEU,N,108,TYR,O,2.983,bb-bb
8Y72,active,113,ALA,N,109,ILE,O,2.961,bb-bb
8Y72,active,112,LEU,N,110,PHE,O,3.221,bb-bb
8Y72,active,113,ALA,N,110,PHE,O,3.091,bb-bb
8Y72,active,114,LEU,N,110,PHE,O,2.799,bb-bb
8Y72,active,115,ALA,N,111,ASN,O,3.126,bb-bb
8Y72,active,190,ASN,ND2,111,ASN,OD1,3.368,sc-sc
8Y72,active,194,TRP,NE1,111,ASN,OD1,3.022,sc-sc
8Y72,active,114,LEU,N,112,LEU,O,3.266,bb-bb
8Y72,active,115,ALA,N,112,LEU,O,3.28,bb-bb
8Y72,active,116,ASP,N,112,LEU,O,2.987,bb-bb
8Y72,active,116,ASP,N,113,ALA,O,3.482,bb-bb
8Y72,active,117,ALA,N,113,ALA,O,3.002,bb-bb
8Y72,active,116,ASP,N,114,LEU,O,3.071,bb-bb
8Y72,active,117,ALA,N,114,LEU,O,3.026,bb-bb
8Y72,active,118,LEU,N,114,LEU,O,2.881,bb-bb
8Y72,active,119,ALA,N,115,ALA,O,2.944,bb-bb
8Y72,active,119,ALA,N,116,ASP,O,3.393,bb-bb
8Y72,active,120,THR,N,116,ASP,O,2.995,bb-bb
8Y72,active,120,THR,OG1,116,ASP,O,3.054,bb-sc
8Y72,active,331,SER,OG,116,ASP,OD1,3.075,sc-sc
8Y72,active,334,ASN,ND2,116,ASP,OD2,2.972,sc-sc
8Y72,active,119,ALA,N,117,ALA,O,3.325,bb-bb
8Y72,active,120,THR,N,117,ALA,O,3.352,bb-bb
8Y72,active,120,THR,OG1,117,ALA,O,2.737,bb-sc
8Y72,active,121,SER,N,117,ALA,O,3.095,bb-bb
8Y72,active,121,SER,N,118,LEU,O,3.223,bb-bb
8Y72,active,121,SER,N,119,ALA,O,3.129,bb-bb
8Y72,active,122,THR,N,119,ALA,O,3.018,bb-bb
8Y72,active,122,THR,OG1,119,ALA,O,2.769,bb-sc
8Y72,active,122,THR,N,120,THR,O,3.2,bb-bb
8Y72,active,123,LEU,N,120,THR,O,3.097,bb-bb
8Y72,active,122,THR,OG1,126,GLN,NE2,3.366,sc-sc
8Y72,active,126,GLN,NE2,122,THR,O,2.966,bb-sc
8Y72,active,126,GLN,NE2,122,THR,OG1,3.366,sc-sc
8Y72,active,122,THR,OG1,328,TYR,OH,3.28,sc-sc
8Y72,active,328,TYR,OH,122,THR,OG1,3.28,sc-sc
8Y72,active,125,PHE,N,123,LEU,O,3.244,bb-bb
8Y72,active,126,GLN,N,123,LEU,O,2.994,bb-bb
8Y72,active,127,SER,N,123,LEU,O,2.912,bb-bb
8Y72,active,127,SER,OG,123,LEU,O,3.454,bb-sc
8Y72,active,126,GLN,N,124,PRO,O,3.443,bb-bb
8Y72,active,127,SER,N,124,PRO,O,3.344,bb-bb
8Y72,active,127,SER,OG,124,PRO,O,2.738,bb-sc
8Y72,active,128,VAL,N,124,PRO,O,3.08,bb-bb
8Y72,active,127,SER,N,125,PHE,O,3.331,bb-bb
8Y72,active,128,VAL,N,125,PHE,O,3.269,bb-bb
8Y72,active,129,ASN,N,125,PHE,O,2.811,bb-bb
8Y72,active,129,ASN,N,126,GLN,O,3.262,bb-bb
8Y72,active,130,TYR,N,126,GLN,O,3.062,bb-bb
8Y72,active,126,GLN,NE2,328,TYR,OH,3.047,sc-sc
8Y72,active,328,TYR,OH,126,GLN,NE2,3.047,sc-sc
8Y72,active,130,TYR,N,127,SER,O,3.099,bb-bb
8Y72,active,131,LEU,N,127,SER,O,2.972,bb-bb
8Y72,active,130,TYR,N,128,VAL,O,2.955,bb-bb
8Y72,active,131,LEU,N,128,VAL,O,3.222,bb-bb
8Y72,active,132,MET,N,128,VAL,O,2.785,bb-bb
8Y72,active,133,GLY,N,129,ASN,O,3.337,bb-bb
8Y72,active,134,THR,N,129,ASN,O,3.387,bb-bb
8Y72,active,133,GLY,N,130,TYR,O,3.011,bb-bb
8Y72,active,133,GLY,N,131,LEU,O,3.236,bb-bb
8Y72,active,134,THR,N,132,MET,O,3.079,bb-bb
8Y72,active,134,THR,OG1,132,MET,O,3.447,bb-sc
8Y72,active,216,SER,OG,133,GLY,O,2.926,bb-sc
8Y72,active,134,THR,OG1,216,SER,OG,2.473,sc-sc
8Y72,active,216,SER,OG,134,THR,OG1,2.473,sc-sc
8Y72,active,135,TRP,NE1,138,GLY,O,2.972,bb-sc
8Y72,active,135,TRP,N,217,ILE,O,3.347,bb-bb
8Y72,active,142,CYS,N,140,ILE,O,3.492,bb-bb
8Y72,active,143,LYS,N,140,ILE,O,3.331,bb-bb
8Y72,active,144,ILE,N,140,ILE,O,3.174,bb-bb
8Y72,active,143,LYS,N,141,LEU,O,3.329,bb-bb
8Y72,active,144,ILE,N,141,LEU,O,3.035,bb-bb
8Y72,active,145,VAL,N,141,LEU,O,2.758,bb-bb
8Y72,active,144,ILE,N,142,CYS,O,3.055,bb-bb
8Y72,active,145,VAL,N,142,CYS,O,2.677,bb-bb
8Y72,active,146,ILE,N,142,CYS,O,2.681,bb-bb
8Y72,active,147,SER,N,143,LYS,O,3.427,bb-bb
8Y72,active,147,SER,OG,143,LYS,O,2.866,bb-sc
8Y72,active,143,LYS,NZ,205,MET,O,2.827,bb-sc
8Y72,active,143,LYS,NZ,208,ALA,O,2.728,bb-sc
8Y72,active,147,SER,N,145,VAL,O,3.202,bb-bb
8Y72,active,148,ILE,N,145,VAL,O,3.218,bb-bb
8Y72,active,149,ASP,N,145,VAL,O,3.023,bb-bb
8Y72,active,148,ILE,N,146,ILE,O,3.389,bb-bb
8Y72,active,149,ASP,N,146,ILE,O,3.126,bb-bb
8Y72,active,150,TYR,N,146,ILE,O,3.084,bb-bb
8Y72,active,149,ASP,N,147,SER,O,3.327,bb-bb
8Y72,active,150,TYR,N,147,SER,O,3.375,bb-bb
8Y72,active,151,TYR,N,147,SER,O,3.038,bb-bb
8Y72,active,205,MET,N,147,SER,OG,3.106,bb-sc
8Y72,active,151,TYR,N,148,ILE,O,3.41,bb-bb
8Y72,active,152,ASN,N,148,ILE,O,3.052,bb-bb
8Y72,active,152,ASN,ND2,148,ILE,O,3.152,bb-sc
8Y72,active,151,TYR,N,149,ASP,O,3.212,bb-bb
8Y72,active,153,MET,N,149,ASP,O,3.334,bb-bb
8Y72,active,328,TYR,OH,149,ASP,OD1,2.631,sc-sc
8Y72,active,328,TYR,OH,149,ASP,OD2,3.264,sc-sc
8Y72,active,153,MET,N,151,TYR,O,3.322,bb-bb
8Y72,active,155,THR,N,151,TYR,O,3.133,bb-bb
8Y72,active,155,THR,OG1,151,TYR,O,2.963,bb-sc
8Y72,active,151,TYR,OH,194,TRP,O,2.632,bb-sc
8Y72,active,156,SER,N,152,ASN,O,3.433,bb-bb
8Y72,active,156,SER,OG,152,ASN,O,3.102,bb-sc
8Y72,active,156,SER,OG,153,MET,O,3.115,bb-sc
8Y72,active,157,ILE,N,153,MET,O,3.292,bb-bb
8Y72,active,158,PHE,N,154,PHE,O,2.877,bb-bb
8Y72,active,159,THR,N,155,THR,O,3.118,bb-bb
8Y72,active,159,THR,OG1,155,THR,O,2.678,bb-sc
8Y72,active,155,THR,N,197,SER,OG,3.174,bb-sc
8Y72,active,155,THR,OG1,197,SER,OG,2.7,sc-sc
8Y72,active,197,SER,OG,155,THR,OG1,2.7,sc-sc
8Y72,active,158,PHE,N,156,SER,O,3.484,bb-bb
8Y72,active,159,THR,N,156,SER,O,3.244,bb-bb
8Y72,active,160,LEU,N,156,SER,O,2.91,bb-bb
8Y72,active,159,THR,N,157,ILE,O,3.404,bb-bb
8Y72,active,160,LEU,N,157,ILE,O,3.2,bb-bb
8Y72,active,161,CYS,N,157,ILE,O,2.932,bb-bb
8Y72,active,160,LEU,N,158,PHE,O,3.475,bb-bb
8Y72,active,161,CYS,N,158,PHE,O,3.29,bb-bb
8Y72,active,162,THR,N,158,PHE,O,2.853,bb-bb
8Y72,active,162,THR,OG1,158,PHE,O,3.046,bb-sc
8Y72,active,161,CYS,N,159,THR,O,3.487,bb-bb
8Y72,active,162,THR,N,159,THR,O,3.246,bb-bb
8Y72,active,163,MET,N,159,THR,O,2.897,bb-bb
8Y72,active,162,THR,N,160,LEU,O,3.362,bb-bb
8Y72,active,163,MET,N,160,LEU,O,3.216,bb-bb
8Y72,active,164,SER,N,160,LEU,O,2.962,bb-bb
8Y72,active,163,MET,N,161,CYS,O,3.493,bb-bb
8Y72,active,164,SER,N,161,CYS,O,3.242,bb-bb
8Y72,active,165,VAL,N,161,CYS,O,2.902,bb-bb
8Y72,active,164,SER,N,162,THR,O,3.456,bb-bb
8Y72,active,165,VAL,N,162,THR,O,3.359,bb-bb
8Y72,active,166,ASP,N,162,THR,O,2.84,bb-bb
8Y72,active,162,THR,OG1,193,ASN,OD1,3.499,sc-sc
8Y72,active,193,ASN,ND2,162,THR,OG1,3.157,sc-sc
8Y72,active,165,VAL,N,163,MET,O,3.479,bb-bb
8Y72,active,166,ASP,N,163,MET,O,3.28,bb-bb
8Y72,active,167,ARG,N,163,MET,O,2.946,bb-bb
8Y72,active,166,ASP,N,164,SER,O,3.364,bb-bb
8Y72,active,167,ARG,N,164,SER,O,3.291,bb-bb
8Y72,active,168,TYR,N,164,SER,O,2.914,bb-bb
8Y72,active,167,ARG,N,165,VAL,O,3.494,bb-bb
8Y72,active,168,TYR,N,165,VAL,O,3.283,bb-bb
8Y72,active,169,ILE,N,165,VAL,O,2.888,bb-bb
8Y72,active,168,TYR,N,166,ASP,O,3.473,bb-bb
8Y72,active,169,ILE,N,166,ASP,O,3.372,bb-bb
8Y72,active,170,ALA,N,166,ASP,O,2.89,bb-bb
8Y72,active,181,ARG,NH1,166,ASP,O,2.949,bb-sc
8Y72,active,181,ARG,NH1,166,ASP,OD1,2.989,sc-sc
8Y72,active,181,ARG,NH1,166,ASP,OD2,2.49,sc-sc
8Y72,active,181,ARG,NH2,166,ASP,OD2,3.35,sc-sc
8Y72,active,169,ILE,N,167,ARG,O,3.433,bb-bb
8Y72,active,170,ALA,N,167,ARG,O,3.157,bb-bb
8Y72,active,171,VAL,N,167,ARG,O,2.969,bb-bb
8Y72,active,167,ARG,NH1,254,TYR,OH,3.268,sc-sc
8Y72,active,171,VAL,N,168,TYR,O,3.373,bb-bb
8Y72,active,172,CYS,N,168,TYR,O,2.863,bb-bb
8Y72,active,168,TYR,OH,173,HIS,NE2,3.233,sc-sc
8Y72,active,173,HIS,NE2,168,TYR,OH,3.233,sc-sc
8Y72,active,171,VAL,N,169,ILE,O,3.236,bb-bb
8Y72,active,173,HIS,N,169,ILE,O,2.925,bb-bb
8Y72,active,175,VAL,N,173,HIS,O,3.37,bb-bb
8Y72,active,176,LYS,N,173,HIS,O,3.384,bb-bb
8Y72,active,177,ALA,N,173,HIS,O,2.638,bb-bb
8Y72,active,177,ALA,N,174,PRO,O,3.127,bb-bb
8Y72,active,178,LEU,N,174,PRO,O,2.928,bb-bb
8Y72,active,177,ALA,N,175,VAL,O,3.463,bb-bb
8Y72,active,178,LEU,N,175,VAL,O,3.195,bb-bb
8Y72,active,178,LEU,N,176,LYS,O,3.24,bb-bb
8Y72,active,179,ASP,N,176,LYS,O,2.839,bb-bb
8Y72,active,180,PHE,N,176,LYS,O,2.918,bb-bb
8Y72,active,179,ASP,N,177,ALA,O,3.189,bb-bb
8Y72,active,180,PHE,N,177,ALA,O,3.339,bb-bb
8Y72,active,181,ARG,N,177,ALA,O,2.813,bb-bb
8Y72,active,182,THR,N,180,PHE,O,2.829,bb-bb
8Y72,active,184,ARG,N,182,THR,O,3.198,bb-bb
8Y72,active,185,ASN,N,182,THR,O,3.186,bb-bb
8Y72,active,185,ASN,N,182,THR,OG1,3.249,bb-sc
8Y72,active,186,ALA,N,182,THR,O,3.031,bb-bb
8Y72,active,187,LYS,N,183,PRO,O,3.357,bb-bb
8Y72,active,187,LYS,N,185,ASN,O,3.402,bb-bb
8Y72,active,188,ILE,N,185,ASN,O,3.175,bb-bb
8Y72,active,189,ILE,N,185,ASN,O,2.936,bb-bb
8Y72,active,188,ILE,N,186,ALA,O,3.436,bb-bb
8Y72,active,189,ILE,N,186,ALA,O,3.176,bb-bb
8Y72,active,190,ASN,N,186,ALA,O,2.887,bb-bb
8Y72,active,189,ILE,N,187,LYS,O,3.444,bb-bb
8Y72,active,190,ASN,N,187,LYS,O,3.276,bb-bb
8Y72,active,191,VAL,N,187,LYS,O,2.924,bb-bb
8Y72,active,190,ASN,N,188,ILE,O,3.417,bb-bb
8Y72,active,191,VAL,N,188,ILE,O,3.25,bb-bb
8Y72,active,192,CYS,N,188,ILE,O,2.895,bb-bb
8Y72,active,191,VAL,N,189,ILE,O,3.486,bb-bb
8Y72,active,192,CYS,N,189,ILE,O,3.237,bb-bb
8Y72,active,193,ASN,N,189,ILE,O,2.914,bb-bb
8Y72,active,193,ASN,ND2,189,ILE,O,2.955,bb-sc
8Y72,active,192,CYS,N,190,ASN,O,3.349,bb-bb
8Y72,active,193,ASN,N,190,ASN,O,3.13,bb-bb
8Y72,active,194,TRP,N,190,ASN,O,2.92,bb-bb
8Y72,active,193,ASN,N,191,VAL,O,3.449,bb-bb
8Y72,active,194,TRP,N,191,VAL,O,3.327,bb-bb
8Y72,active,195,ILE,N,191,VAL,O,2.899,bb-bb
8Y72,active,195,ILE,N,192,CYS,O,3.343,bb-bb
8Y72,active,196,LEU,N,192,CYS,O,2.876,bb-bb
8Y72,active,195,ILE,N,193,ASN,O,3.317,bb-bb
8Y72,active,196,LEU,N,193,ASN,O,3.244,bb-bb
8Y72,active,197,SER,N,193,ASN,O,2.96,bb-bb
8Y72,active,197,SER,OG,193,ASN,O,3.124,bb-sc
8Y72,active,198,SER,OG,194,TRP,O,3.131,bb-sc
8Y72,active,197,SER,N,195,ILE,O,3.488,bb-bb
8Y72,active,198,SER,N,195,ILE,O,3.122,bb-bb
8Y72,active,198,SER,N,196,LEU,O,3.227,bb-bb
8Y72,active,199,ALA,N,196,LEU,O,3.226,bb-bb
8Y72,active,199,ALA,N,197,SER,O,3.384,bb-bb
8Y72,active,200,ILE,N,197,SER,O,3.276,bb-bb
8Y72,active,201,GLY,N,197,SER,O,2.942,bb-bb
8Y72,active,200,ILE,N,198,SER,O,3.046,bb-bb
8Y72,active,201,GLY,N,198,SER,O,3.063,bb-bb
8Y72,active,202,LEU,N,198,SER,O,2.924,bb-bb
8Y72,active,204,VAL,N,200,ILE,O,3.472,bb-bb
8Y72,active,204,VAL,N,201,GLY,O,3.286,bb-bb
8Y72,active,205,MET,N,201,GLY,O,3.014,bb-bb
8Y72,active,204,VAL,N,202,LEU,O,3.132,bb-bb
8Y72,active,205,MET,N,202,LEU,O,2.907,bb-bb
8Y72,active,206,PHE,N,202,LEU,O,2.953,bb-bb
8Y72,active,206,PHE,N,203,PRO,O,3.287,bb-bb
8Y72,active,207,MET,N,203,PRO,O,3.146,bb-bb
8Y72,active,206,PHE,N,204,VAL,O,3.449,bb-bb
8Y72,active,207,MET,N,204,VAL,O,3.381,bb-bb
8Y72,active,208,ALA,N,204,VAL,O,3.256,bb-bb
8Y72,active,222,THR,N,207,MET,O,2.864,bb-bb
8Y72,active,209,THR,N,220,THR,O,3.262,bb-bb
8Y72,active,209,THR,OG1,220,THR,O,2.977,bb-sc
8Y72,active,209,THR,OG1,222,THR,OG1,2.76,sc-sc
8Y72,active,222,THR,OG1,209,THR,OG1,2.76,sc-sc
8Y72,active,211,LYS,N,218,ASP,O,3.188,bb-bb
8Y72,active,218,ASP,N,211,LYS,O,2.796,bb-bb
8Y72,active,215,GLY,N,213,ARG,O,3.184,bb-bb
8Y72,active,213,ARG,N,216,SER,O,2.694,bb-bb
8Y72,active,216,SER,N,213,ARG,O,2.777,bb-bb
8Y72,active,216,SER,N,214,GLN,O,3.333,bb-bb
8Y72,active,220,THR,N,218,ASP,O,3.284,bb-bb
8Y72,active,227,THR,OG1,223,PHE,O,3.252,bb-sc
8Y72,active,226,PRO,N,224,SER,O,2.98,bb-bb
8Y72,active,227,THR,N,224,SER,O,2.919,bb-bb
8Y72,active,230,TRP,NE1,224,SER,OG,3.441,sc-sc
8Y72,active,227,THR,N,225,HIS,O,3.254,bb-bb
8Y72,active,227,THR,OG1,225,HIS,O,3.067,bb-sc
8Y72,active,228,TRP,N,226,PRO,O,2.835,bb-bb
8Y72,active,229,TYR,N,227,THR,O,3.35,bb-bb
8Y72,active,231,GLU,N,227,THR,O,2.964,bb-bb
8Y72,active,230,TRP,N,228,TRP,O,3.497,bb-bb
8Y72,active,231,GLU,N,228,TRP,O,3.39,bb-bb
8Y72,active,232,ASN,N,228,TRP,O,2.931,bb-bb
8Y72,active,231,GLU,N,229,TYR,O,3.46,bb-bb
8Y72,active,232,ASN,N,229,TYR,O,3.392,bb-bb
8Y72,active,233,LEU,N,229,TYR,O,2.912,bb-bb
8Y72,active,232,ASN,N,230,TRP,O,3.438,bb-bb
8Y72,active,233,LEU,N,230,TRP,O,3.285,bb-bb
8Y72,active,234,LEU,N,230,TRP,O,2.886,bb-bb
8Y72,active,233,LEU,N,231,GLU,O,3.451,bb-bb
8Y72,active,234,LEU,N,231,GLU,O,3.249,bb-bb
8Y72,active,235,LYS,N,231,GLU,O,2.942,bb-bb
8Y72,active,235,LYS,NZ,231,GLU,OE2,2.929,sc-sc
8Y72,active,234,LEU,N,232,ASN,O,3.471,bb-bb
8Y72,active,235,LYS,N,232,ASN,O,3.249,bb-bb
8Y72,active,236,ILE,N,232,ASN,O,2.883,bb-bb
8Y72,active,235,LYS,N,233,LEU,O,3.484,bb-bb
8Y72,active,236,ILE,N,233,LEU,O,3.315,bb-bb
8Y72,active,237,CYS,N,233,LEU,O,2.882,bb-bb
8Y72,active,236,ILE,N,234,LEU,O,3.418,bb-bb
8Y72,active,237,CYS,N,234,LEU,O,3.269,bb-bb
8Y72,active,238,VAL,N,234,LEU,O,2.922,bb-bb
8Y72,active,237,CYS,N,235,LYS,O,3.42,bb-bb
8Y72,active,238,VAL,N,235,LYS,O,3.231,bb-bb
8Y72,active,239,PHE,N,235,LYS,O,2.898,bb-bb
8Y72,active,238,VAL,N,236,ILE,O,3.397,bb-bb
8Y72,active,239,PHE,N,236,ILE,O,3.146,bb-bb
8Y72,active,240,ILE,N,236,ILE,O,2.892,bb-bb
8Y72,active,239,PHE,N,237,CYS,O,3.438,bb-bb
8Y72,active,241,PHE,N,237,CYS,O,3.106,bb-bb
8Y72,active,242,ALA,N,238,VAL,O,3.335,bb-bb
8Y72,active,243,PHE,N,239,PHE,O,3.453,bb-bb
8Y72,active,244,ILE,N,239,PHE,O,3.287,bb-bb
8Y72,active,245,MET,N,240,ILE,O,2.894,bb-bb
8Y72,active,247,VAL,N,243,PHE,O,3.059,bb-bb
8Y72,active,246,PRO,N,244,ILE,O,3.474,bb-bb
8Y72,active,247,VAL,N,244,ILE,O,3.157,bb-bb
8Y72,active,248,LEU,N,244,ILE,O,2.91,bb-bb
8Y72,active,247,VAL,N,245,MET,O,3.305,bb-bb
8Y72,active,248,LEU,N,245,MET,O,3.061,bb-bb
8Y72,active,249,ILE,N,245,MET,O,2.982,bb-bb
8Y72,active,248,LEU,N,246,PRO,O,3.385,bb-bb
8Y72,active,249,ILE,N,246,PRO,O,3.402,bb-bb
8Y72,active,250,ILE,N,246,PRO,O,2.907,bb-bb
8Y72,active,250,ILE,N,247,VAL,O,3.412,bb-bb
8Y72,active,251,THR,N,247,VAL,O,2.897,bb-bb
8Y72,active,251,THR,OG1,247,VAL,O,2.763,bb-sc
8Y72,active,250,ILE,N,248,LEU,O,3.458,bb-bb
8Y72,active,251,THR,N,248,LEU,O,3.466,bb-bb
8Y72,active,252,VAL,N,248,LEU,O,2.923,bb-bb
8Y72,active,251,THR,N,249,ILE,O,3.332,bb-bb
8Y72,active,252,VAL,N,249,ILE,O,3.407,bb-bb
8Y72,active,253,CYS,N,249,ILE,O,2.894,bb-bb
8Y72,active,252,VAL,N,250,ILE,O,3.489,bb-bb
8Y72,active,254,TYR,N,250,ILE,O,2.976,bb-bb
8Y72,active,254,TYR,N,251,THR,O,3.443,bb-bb
8Y72,active,255,GLY,N,251,THR,O,2.878,bb-bb
8Y72,active,254,TYR,N,252,VAL,O,3.377,bb-bb
8Y72,active,255,GLY,N,252,VAL,O,3.303,bb-bb
8Y72,active,256,LEU,N,252,VAL,O,2.932,bb-bb
8Y72,active,255,GLY,N,253,CYS,O,3.473,bb-bb
8Y72,active,256,LEU,N,253,CYS,O,3.423,bb-bb
8Y72,active,257,MET,N,253,CYS,O,2.921,bb-bb
8Y72,active,257,MET,N,254,TYR,O,3.32,bb-bb
8Y72,active,258,ILE,N,254,TYR,O,2.918,bb-bb
8Y72,active,257,MET,N,255,GLY,O,3.434,bb-bb
8Y72,active,258,ILE,N,255,GLY,O,3.269,bb-bb
8Y72,active,259,LEU,N,255,GLY,O,2.912,bb-bb
8Y72,active,258,ILE,N,256,LEU,O,3.408,bb-bb
8Y72,active,259,LEU,N,256,LEU,O,3.301,bb-bb
8Y72,active,260,ARG,N,256,LEU,O,2.935,bb-bb
8Y72,active,259,LEU,N,257,MET,O,3.489,bb-bb
8Y72,active,260,ARG,N,257,MET,O,3.312,bb-bb
8Y72,active,261,LEU,N,257,MET,O,2.891,bb-bb
8Y72,active,260,ARG,N,258,ILE,O,3.347,bb-bb
8Y72,active,261,LEU,N,258,ILE,O,3.117,bb-bb
8Y72,active,262,LYS,N,258,ILE,O,2.954,bb-bb
8Y72,active,262,LYS,N,259,LEU,O,3.301,bb-bb
8Y72,active,262,LYS,N,260,ARG,O,3.093,bb-bb
8Y72,active,263,SER,N,260,ARG,O,3.078,bb-bb
8Y72,active,263,SER,N,261,LEU,O,3.321,bb-bb
8Y72,active,264,VAL,N,261,LEU,O,3.404,bb-bb
8Y72,active,265,ARG,N,263,SER,O,3.32,bb-bb
8Y72,active,267,LEU,N,264,VAL,O,3.402,bb-bb
8Y72,active,268,SER,N,264,VAL,O,3.43,bb-bb
8Y72,active,268,SER,OG,264,VAL,O,3.349,bb-sc
8Y72,active,267,LEU,N,265,ARG,O,2.951,bb-bb
8Y72,active,268,SER,N,265,ARG,O,3.078,bb-bb
8Y72,active,268,SER,OG,265,ARG,O,3.276,bb-sc
8Y72,active,274,ASP,N,267,LEU,O,3.263,bb-bb
8Y72,active,273,LYS,NZ,268,SER,O,2.829,bb-sc
8Y72,active,272,GLU,N,270,SER,O,3.407,bb-bb
8Y72,active,273,LYS,N,270,SER,O,3.454,bb-bb
8Y72,active,274,ASP,N,270,SER,O,3.263,bb-bb
8Y72,active,274,ASP,N,271,LYS,O,3.357,bb-bb
8Y72,active,275,ARG,N,271,LYS,O,2.907,bb-bb
8Y72,active,275,ARG,N,272,GLU,O,3.114,bb-bb
8Y72,active,275,ARG,NH1,272,GLU,OE1,3.02,sc-sc
8Y72,active,276,ASN,N,272,GLU,O,2.893,bb-bb
8Y72,active,275,ARG,N,273,LYS,O,3.381,bb-bb
8Y72,active,276,ASN,N,273,LYS,O,3.24,bb-bb
8Y72,active,277,LEU,N,273,LYS,O,2.957,bb-bb
8Y72,active,276,ASN,N,274,ASP,O,3.475,bb-bb
8Y72,active,277,LEU,N,274,ASP,O,3.276,bb-bb
8Y72,active,278,ARG,N,274,ASP,O,2.88,bb-bb
8Y72,active,278,ARG,NH1,274,ASP,O,3.455,bb-sc
8Y72,active,277,LEU,N,275,ARG,O,3.467,bb-bb
8Y72,active,278,ARG,N,275,ARG,O,3.273,bb-bb
8Y72,active,279,ARG,N,275,ARG,O,2.89,bb-bb
8Y72,active,278,ARG,N,276,ASN,O,3.425,bb-bb
8Y72,active,279,ARG,N,276,ASN,O,3.186,bb-bb
8Y72,active,280,ILE,N,276,ASN,O,2.953,bb-bb
8Y72,active,279,ARG,N,277,LEU,O,3.417,bb-bb
8Y72,active,280,ILE,N,277,LEU,O,3.291,bb-bb
8Y72,active,281,THR,N,277,LEU,O,2.933,bb-bb
8Y72,active,281,THR,OG1,277,LEU,O,3.012,bb-sc
8Y72,active,280,ILE,N,278,ARG,O,3.47,bb-bb
8Y72,active,281,THR,N,278,ARG,O,3.267,bb-bb
8Y72,active,282,ARG,N,278,ARG,O,2.858,bb-bb
8Y72,active,282,ARG,NE,278,ARG,O,3.433,bb-sc
8Y72,active,281,THR,N,279,ARG,O,3.406,bb-bb
8Y72,active,282,ARG,N,279,ARG,O,3.28,bb-bb
8Y72,active,283,MET,N,279,ARG,O,2.952,bb-bb
8Y72,active,279,ARG,NH1,343,GLU,OE2,3.033,sc-sc
8Y72,active,282,ARG,N,280,ILE,O,3.414,bb-bb
8Y72,active,283,MET,N,280,ILE,O,3.235,bb-bb
8Y72,active,284,VAL,N,280,ILE,O,2.975,bb-bb
8Y72,active,283,MET,N,281,THR,O,3.467,bb-bb
8Y72,active,284,VAL,N,281,THR,O,3.291,bb-bb
8Y72,active,285,LEU,N,281,THR,O,2.917,bb-bb
8Y72,active,284,VAL,N,282,ARG,O,3.398,bb-bb
8Y72,active,285,LEU,N,282,ARG,O,3.338,bb-bb
8Y72,active,286,VAL,N,282,ARG,O,2.859,bb-bb
8Y72,active,285,LEU,N,283,MET,O,3.452,bb-bb
8Y72,active,286,VAL,N,283,MET,O,3.26,bb-bb
8Y72,active,287,VAL,N,283,MET,O,2.963,bb-bb
8Y72,active,286,VAL,N,284,VAL,O,3.39,bb-bb
8Y72,active,287,VAL,N,284,VAL,O,3.206,bb-bb
8Y72,active,288,VAL,N,284,VAL,O,3.015,bb-bb
8Y72,active,287,VAL,N,285,LEU,O,3.467,bb-bb
8Y72,active,288,VAL,N,285,LEU,O,3.337,bb-bb
8Y72,active,289,ALA,N,285,LEU,O,2.871,bb-bb
8Y72,active,288,VAL,N,286,VAL,O,3.448,bb-bb
8Y72,active,289,ALA,N,286,VAL,O,3.414,bb-bb
8Y72,active,290,VAL,N,286,VAL,O,2.869,bb-bb
8Y72,active,289,ALA,N,287,VAL,O,3.393,bb-bb
8Y72,active,290,VAL,N,287,VAL,O,3.47,bb-bb
8Y72,active,291,PHE,N,287,VAL,O,3.012,bb-bb
8Y72,active,291,PHE,N,288,VAL,O,3.299,bb-bb
8Y72,active,292,ILE,N,288,VAL,O,2.996,bb-bb
8Y72,active,291,PHE,N,289,ALA,O,2.858,bb-bb
8Y72,active,292,ILE,N,289,ALA,O,2.695,bb-bb
8Y72,active,293,VAL,N,289,ALA,O,2.822,bb-bb
8Y72,active,294,CYS,N,290,VAL,O,3.149,bb-bb
8Y72,active,293,VAL,N,291,PHE,O,3.46,bb-bb
8Y72,active,294,CYS,N,291,PHE,O,3.347,bb-bb
8Y72,active,295,TRP,N,291,PHE,O,2.996,bb-bb
8Y72,active,294,CYS,N,292,ILE,O,3.313,bb-bb
8Y72,active,295,TRP,N,292,ILE,O,3.302,bb-bb
8Y72,active,296,THR,N,292,ILE,O,2.874,bb-bb
8Y72,active,296,THR,OG1,292,ILE,O,2.445,bb-sc
8Y72,active,297,PRO,N,295,TRP,O,3.499,bb-bb
8Y72,active,299,HIS,ND1,295,TRP,O,2.726,bb-sc
8Y72,active,298,ILE,N,296,THR,O,3.325,bb-bb
8Y72,active,299,HIS,N,296,THR,O,3.277,bb-bb
8Y72,active,300,ILE,N,296,THR,O,2.921,bb-bb
8Y72,active,299,HIS,N,297,PRO,O,3.434,bb-bb
8Y72,active,300,ILE,N,297,PRO,O,3.364,bb-bb
8Y72,active,301,TYR,N,297,PRO,O,2.909,bb-bb
8Y72,active,300,ILE,N,298,ILE,O,3.457,bb-bb
8Y72,active,301,TYR,N,298,ILE,O,3.346,bb-bb
8Y72,active,302,VAL,N,298,ILE,O,2.881,bb-bb
8Y72,active,301,TYR,N,299,HIS,O,3.39,bb-bb
8Y72,active,302,VAL,N,299,HIS,O,3.326,bb-bb
8Y72,active,303,ILE,N,299,HIS,O,2.945,bb-bb
8Y72,active,302,VAL,N,300,ILE,O,3.44,bb-bb
8Y72,active,303,ILE,N,300,ILE,O,3.192,bb-bb
8Y72,active,304,ILE,N,300,ILE,O,2.915,bb-bb
8Y72,active,304,ILE,N,301,TYR,O,3.24,bb-bb
8Y72,active,305,LYS,N,301,TYR,O,2.884,bb-bb
8Y72,active,304,ILE,N,302,VAL,O,3.377,bb-bb
8Y72,active,305,LYS,N,302,VAL,O,3.286,bb-bb
8Y72,active,306,ALA,N,302,VAL,O,2.918,bb-bb
8Y72,active,305,LYS,N,303,ILE,O,3.356,bb-bb
8Y72,active,306,ALA,N,303,ILE,O,2.996,bb-bb
8Y72,active,307,LEU,N,303,ILE,O,2.937,bb-bb
8Y72,active,306,ALA,N,304,ILE,O,3.269,bb-bb
8Y72,active,307,LEU,N,304,ILE,O,3.152,bb-bb
8Y72,active,308,VAL,N,304,ILE,O,2.947,bb-bb
8Y72,active,307,LEU,N,305,LYS,O,3.477,bb-bb
8Y72,active,313,THR,N,311,PRO,O,2.973,bb-bb
8Y72,active,315,PHE,N,313,THR,O,3.267,bb-bb
8Y72,active,316,GLN,N,313,THR,O,2.817,bb-bb
8Y72,active,317,THR,N,313,THR,O,3.037,bb-bb
8Y72,active,316,GLN,N,314,THR,O,3.293,bb-bb
8Y72,active,317,THR,N,314,THR,O,3.248,bb-bb
8Y72,active,318,VAL,N,314,THR,O,2.942,bb-bb
8Y72,active,317,THR,N,315,PHE,O,3.469,bb-bb
8Y72,active,318,VAL,N,315,PHE,O,3.411,bb-bb
8Y72,active,319,SER,N,315,PHE,O,2.868,bb-bb
8Y72,active,319,SER,OG,315,PHE,O,2.575,bb-sc
8Y72,active,319,SER,N,316,GLN,O,3.325,bb-bb
8Y72,active,320,TRP,N,316,GLN,O,2.91,bb-bb
8Y72,active,319,SER,N,317,THR,O,3.408,bb-bb
8Y72,active,320,TRP,N,317,THR,O,3.305,bb-bb
8Y72,active,321,HIS,N,317,THR,O,2.996,bb-bb
8Y72,active,321,HIS,N,318,VAL,O,3.344,bb-bb
8Y72,active,322,PHE,N,318,VAL,O,2.863,bb-bb
8Y72,active,321,HIS,N,319,SER,O,3.459,bb-bb
8Y72,active,322,PHE,N,319,SER,O,3.471,bb-bb
8Y72,active,323,CYS,N,319,SER,O,2.871,bb-bb
8Y72,active,322,PHE,N,320,TRP,O,3.427,bb-bb
8Y72,active,323,CYS,N,320,TRP,O,3.223,bb-bb
8Y72,active,324,ILE,N,320,TRP,O,2.963,bb-bb
8Y72,active,323,CYS,N,321,HIS,O,3.49,bb-bb
8Y72,active,324,ILE,N,321,HIS,O,3.379,bb-bb
8Y72,active,325,ALA,N,321,HIS,O,2.944,bb-bb
8Y72,active,324,ILE,N,322,PHE,O,3.495,bb-bb
8Y72,active,325,ALA,N,322,PHE,O,3.401,bb-bb
8Y72,active,326,LEU,N,322,PHE,O,2.825,bb-bb
8Y72,active,325,ALA,N,323,CYS,O,3.462,bb-bb
8Y72,active,326,LEU,N,323,CYS,O,3.267,bb-bb
8Y72,active,327,GLY,N,323,CYS,O,2.907,bb-bb
8Y72,active,326,LEU,N,324,ILE,O,3.36,bb-bb
8Y72,active,327,GLY,N,324,ILE,O,3.176,bb-bb
8Y72,active,328,TYR,N,324,ILE,O,2.998,bb-bb
8Y72,active,328,TYR,N,325,ALA,O,3.177,bb-bb
8Y72,active,329,THR,N,325,ALA,O,2.854,bb-bb
8Y72,active,329,THR,OG1,325,ALA,O,2.569,bb-sc
8Y72,active,328,TYR,N,326,LEU,O,3.349,bb-bb
8Y72,active,329,THR,N,326,LEU,O,2.949,bb-bb
8Y72,active,329,THR,OG1,326,LEU,O,3.487,bb-sc
8Y72,active,329,THR,N,327,GLY,O,3.423,bb-bb
8Y72,active,330,ASN,N,328,TYR,O,3.133,bb-bb
8Y72,active,331,SER,N,328,TYR,O,3.016,bb-bb
8Y72,active,331,SER,N,329,THR,O,3.411,bb-bb
8Y72,active,332,CYS,N,329,THR,O,3.137,bb-bb
8Y72,active,333,LEU,N,329,THR,O,2.928,bb-bb
8Y72,active,332,CYS,N,330,ASN,O,3.352,bb-bb
8Y72,active,333,LEU,N,330,ASN,O,3.289,bb-bb
8Y72,active,334,ASN,N,330,ASN,O,2.907,bb-bb
8Y72,active,334,ASN,ND2,330,ASN,O,3.199,bb-sc
8Y72,active,335,PRO,N,333,LEU,O,3.268,bb-bb
8Y72,active,336,VAL,N,333,LEU,O,3.125,bb-bb
8Y72,active,337,LEU,N,333,LEU,O,2.98,bb-bb
8Y72,active,336,VAL,N,334,ASN,O,3.168,bb-bb
8Y72,active,337,LEU,N,334,ASN,O,3.155,bb-bb
8Y72,active,338,TYR,N,334,ASN,O,2.905,bb-bb
8Y72,active,339,ALA,N,335,PRO,O,3.237,bb-bb
8Y72,active,340,PHE,N,335,PRO,O,3.342,bb-bb
8Y72,active,338,TYR,N,336,VAL,O,3.486,bb-bb
8Y72,active,341,LEU,N,336,VAL,O,3.291,bb-bb
8Y72,active,341,LEU,N,339,ALA,O,3.382,bb-bb
8Y72,active,342,ASP,N,339,ALA,O,3.332,bb-bb
8Y72,active,346,LYS,NZ,341,LEU,O,3.082,bb-sc
8Y72,active,344,ASN,N,342,ASP,O,3.201,bb-bb
8Y72,active,345,PHE,N,342,ASP,O,3.102,bb-bb
8Y72,active,346,LYS,N,342,ASP,O,3.018,bb-bb
8Y72,active,346,LYS,N,343,GLU,O,3.361,bb-bb
8Y72,active,346,LYS,NZ,343,GLU,OE2,3.124,sc-sc
8Y72,active,347,ARG,N,343,GLU,O,2.815,bb-bb
8Y72,active,347,ARG,NE,343,GLU,O,3.169,bb-sc
8Y72,active,346,LYS,N,344,ASN,O,3.316,bb-bb
8Y72,active,347,ARG,N,344,ASN,O,3.071,bb-bb
8Y72,active,348,CYS,N,344,ASN,O,2.966,bb-bb
8Y72,active,348,CYS,N,345,PHE,O,3.168,bb-bb
8Y72,active,349,PHE,N,345,PHE,O,3.001,bb-bb
8Y72,active,348,CYS,N,346,LYS,O,3.074,bb-bb
8Y72,active,349,PHE,N,346,LYS,O,2.983,bb-bb
8Y72,active,350,ARG,N,346,LYS,O,2.844,bb-bb
8Y72,active,350,ARG,N,348,CYS,O,3.267,bb-bb
8Y72,active,351,GLU,N,349,PHE,O,3.428,bb-bb
8Y73,active,68,ILE,N,66,SER,O,3.495,bb-bb
8Y73,active,70,ALA,N,66,SER,O,3.301,bb-bb
8Y73,active,69,THR,N,67,MET,O,3.391,bb-bb
8Y73,active,70,ALA,N,67,MET,O,3.262,bb-bb
8Y73,active,71,ILE,N,67,MET,O,2.918,bb-bb
8Y73,active,70,ALA,N,68,ILE,O,3.424,bb-bb
8Y73,active,71,ILE,N,68,ILE,O,3.277,bb-bb
8Y73,active,72,THR,N,68,ILE,O,2.908,bb-bb
8Y73,active,72,THR,OG1,68,ILE,O,3.287,bb-sc
8Y73,active,71,ILE,N,69,THR,O,3.448,bb-bb
8Y73,active,72,THR,N,69,THR,O,3.281,bb-bb
8Y73,active,72,THR,OG1,69,THR,O,2.649,bb-sc
8Y73,active,73,ILE,N,69,THR,O,2.939,bb-bb
8Y73,active,72,THR,N,70,ALA,O,3.427,bb-bb
8Y73,active,73,ILE,N,70,ALA,O,3.405,bb-bb
8Y73,active,74,MET,N,70,ALA,O,2.924,bb-bb
8Y73,active,73,ILE,N,71,ILE,O,3.48,bb-bb
8Y73,active,75,ALA,N,71,ILE,O,2.87,bb-bb
8Y73,active,75,ALA,N,72,THR,O,3.372,bb-bb
8Y73,active,76,LEU,N,72,THR,O,2.89,bb-bb
8Y73,active,75,ALA,N,73,ILE,O,3.438,bb-bb
8Y73,active,76,LEU,N,73,ILE,O,3.271,bb-bb
8Y73,active,77,TYR,N,73,ILE,O,2.966,bb-bb
8Y73,active,76,LEU,N,74,MET,O,3.48,bb-bb
8Y73,active,77,TYR,N,74,MET,O,3.434,bb-bb
8Y73,active,78,SER,N,74,MET,O,2.884,bb-bb
8Y73,active,78,SER,OG,74,MET,O,3.021,bb-sc
8Y73,active,78,SER,N,75,ALA,O,3.385,bb-bb
8Y73,active,78,SER,OG,75,ALA,O,2.819,bb-sc
8Y73,active,79,ILE,N,75,ALA,O,2.871,bb-bb
8Y73,active,78,SER,N,76,LEU,O,3.386,bb-bb
8Y73,active,79,ILE,N,76,LEU,O,3.372,bb-bb
8Y73,active,80,VAL,N,76,LEU,O,2.98,bb-bb
8Y73,active,79,ILE,N,77,TYR,O,3.475,bb-bb
8Y73,active,80,VAL,N,77,TYR,O,3.432,bb-bb
8Y73,active,81,CYS,N,77,TYR,O,2.906,bb-bb
8Y73,active,77,TYR,OH,321,HIS,ND1,2.799,sc-sc
8Y73,active,321,HIS,ND1,77,TYR,OH,2.799,sc-sc
8Y73,active,81,CYS,N,78,SER,O,3.343,bb-bb
8Y73,active,82,VAL,N,78,SER,O,2.89,bb-bb
8Y73,active,81,CYS,N,79,ILE,O,3.423,bb-bb
8Y73,active,82,VAL,N,79,ILE,O,3.394,bb-bb
8Y73,active,83,VAL,N,79,ILE,O,2.934,bb-bb
8Y73,active,82,VAL,N,80,VAL,O,3.456,bb-bb
8Y73,active,83,VAL,N,80,VAL,O,3.489,bb-bb
8Y73,active,84,GLY,N,80,VAL,O,2.933,bb-bb
8Y73,active,84,GLY,N,81,CYS,O,3.42,bb-bb
8Y73,active,85,LEU,N,81,CYS,O,2.918,bb-bb
8Y73,active,84,GLY,N,82,VAL,O,3.477,bb-bb
8Y73,active,85,LEU,N,82,VAL,O,3.443,bb-bb
8Y73,active,86,PHE,N,82,VAL,O,2.908,bb-bb
8Y73,active,85,LEU,N,83,VAL,O,3.486,bb-bb
8Y73,active,86,PHE,N,83,VAL,O,3.433,bb-bb
8Y73,active,87,GLY,N,83,VAL,O,2.921,bb-bb
8Y73,active,86,PHE,N,84,GLY,O,3.456,bb-bb
8Y73,active,87,GLY,N,84,GLY,O,3.455,bb-bb
8Y73,active,88,ASN,N,84,GLY,O,2.93,bb-bb
8Y73,active,88,ASN,ND2,84,GLY,O,2.55,bb-sc
8Y73,active,87,GLY,N,85,LEU,O,3.472,bb-bb
8Y73,active,89,PHE,N,85,LEU,O,2.915,bb-bb
8Y73,active,88,ASN,N,86,PHE,O,3.488,bb-bb
8Y73,active,89,PHE,N,86,PHE,O,3.486,bb-bb
8Y73,active,90,LEU,N,86,PHE,O,2.915,bb-bb
8Y73,active,89,PHE,N,87,GLY,O,3.5,bb-bb
8Y73,active,90,LEU,N,87,GLY,O,3.315,bb-bb
8Y73,active,91,VAL,N,87,GLY,O,2.922,bb-bb
8Y73,active,90,LEU,N,88,ASN,O,3.462,bb-bb
8Y73,active,91,VAL,N,88,ASN,O,3.257,bb-bb
8Y73,active,92,MET,N,88,ASN,O,2.927,bb-bb
8Y73,active,88,ASN,ND2,331,SER,O,3.417,bb-sc
8Y73,active,91,VAL,N,89,PHE,O,3.468,bb-bb
8Y73,active,92,MET,N,89,PHE,O,3.393,bb-bb
8Y73,active,93,TYR,N,89,PHE,O,2.894,bb-bb
8Y73,active,92,MET,N,90,LEU,O,3.479,bb-bb
8Y73,active,93,TYR,N,90,LEU,O,3.328,bb-bb
8Y73,active,94,VAL,N,90,LEU,O,2.907,bb-bb
8Y73,active,93,TYR,N,91,VAL,O,3.413,bb-bb
8Y73,active,94,VAL,N,91,VAL,O,3.308,bb-bb
8Y73,active,95,ILE,N,91,VAL,O,2.941,bb-bb
8Y73,active,94,VAL,N,92,MET,O,3.466,bb-bb
8Y73,active,95,ILE,N,92,MET,O,3.332,bb-bb
8Y73,active,96,VAL,N,92,MET,O,2.913,bb-bb
8Y73,active,95,ILE,N,93,TYR,O,3.438,bb-bb
8Y73,active,96,VAL,N,93,TYR,O,3.288,bb-bb
8Y73,active,97,ARG,N,93,TYR,O,2.918,bb-bb
8Y73,active,97,ARG,NE,93,TYR,OH,3.191,sc-sc
8Y73,active,98,TYR,N,94,VAL,O,2.955,bb-bb
8Y73,active,99,THR,N,94,VAL,O,3.011,bb-bb
8Y73,active,97,ARG,N,95,ILE,O,3.459,bb-bb
8Y73,active,100,LYS,N,95,ILE,O,2.666,bb-bb
8Y73,active,100,LYS,NZ,96,VAL,O,3.008,bb-sc
8Y73,active,100,LYS,N,98,TYR,O,3.435,bb-bb
8Y73,active,102,LYS,N,100,LYS,O,3.126,bb-bb
8Y73,active,106,ASN,ND2,100,LYS,O,2.939,bb-sc
8Y73,active,105,THR,N,103,THR,O,3.486,bb-bb
8Y73,active,106,ASN,N,103,THR,O,3.441,bb-bb
8Y73,active,106,ASN,N,103,THR,OG1,3.242,bb-sc
8Y73,active,106,ASN,ND2,103,THR,OG1,3.357,sc-sc
8Y73,active,107,ILE,N,103,THR,O,3.264,bb-bb
8Y73,active,106,ASN,N,104,ALA,O,3.401,bb-bb
8Y73,active,107,ILE,N,104,ALA,O,3.182,bb-bb
8Y73,active,108,TYR,N,104,ALA,O,2.935,bb-bb
8Y73,active,107,ILE,N,105,THR,O,3.436,bb-bb
8Y73,active,108,TYR,N,105,THR,O,3.31,bb-bb
8Y73,active,109,ILE,N,105,THR,O,2.886,bb-bb
8Y73,active,109,ILE,N,106,ASN,O,3.327,bb-bb
8Y73,active,110,PHE,N,106,ASN,O,2.899,bb-bb
8Y73,active,109,ILE,N,107,ILE,O,3.432,bb-bb
8Y73,active,110,PHE,N,107,ILE,O,3.355,bb-bb
8Y73,active,111,ASN,N,107,ILE,O,2.953,bb-bb
8Y73,active,110,PHE,N,108,TYR,O,3.486,bb-bb
8Y73,active,111,ASN,N,108,TYR,O,3.295,bb-bb
8Y73,active,112,LEU,N,108,TYR,O,2.904,bb-bb
8Y73,active,111,ASN,N,109,ILE,O,3.457,bb-bb
8Y73,active,112,LEU,N,109,ILE,O,3.322,bb-bb
8Y73,active,113,ALA,N,109,ILE,O,2.889,bb-bb
8Y73,active,112,LEU,N,110,PHE,O,3.435,bb-bb
8Y73,active,113,ALA,N,110,PHE,O,3.274,bb-bb
8Y73,active,114,LEU,N,110,PHE,O,2.924,bb-bb
8Y73,active,113,ALA,N,111,ASN,O,3.458,bb-bb
8Y73,active,114,LEU,N,111,ASN,O,3.35,bb-bb
8Y73,active,115,ALA,N,111,ASN,O,2.959,bb-bb
8Y73,active,111,ASN,ND2,190,ASN,OD1,3.273,sc-sc
8Y73,active,194,TRP,NE1,111,ASN,OD1,2.605,sc-sc
8Y73,active,114,LEU,N,112,LEU,O,3.467,bb-bb
8Y73,active,115,ALA,N,112,LEU,O,3.393,bb-bb
8Y73,active,116,ASP,N,112,LEU,O,2.871,bb-bb
8Y73,active,116,ASP,N,113,ALA,O,3.351,bb-bb
8Y73,active,117,ALA,N,113,ALA,O,2.909,bb-bb
8Y73,active,116,ASP,N,114,LEU,O,3.397,bb-bb
8Y73,active,117,ALA,N,114,LEU,O,3.333,bb-bb
8Y73,active,118,LEU,N,114,LEU,O,2.976,bb-bb
8Y73,active,118,LEU,N,115,ALA,O,3.388,bb-bb
8Y73,active,119,ALA,N,115,ALA,O,2.894,bb-bb
8Y73,active,118,LEU,N,116,ASP,O,3.474,bb-bb
8Y73,active,119,ALA,N,116,ASP,O,3.28,bb-bb
8Y73,active,120,THR,N,116,ASP,O,2.914,bb-bb
8Y73,active,156,SER,OG,116,ASP,OD1,3.014,sc-sc
8Y73,active,331,SER,OG,116,ASP,OD1,2.939,sc-sc
8Y73,active,334,ASN,ND2,116,ASP,OD2,3.093,sc-sc
8Y73,active,119,ALA,N,117,ALA,O,3.434,bb-bb
8Y73,active,120,THR,N,117,ALA,O,3.376,bb-bb
8Y73,active,121,SER,N,117,ALA,O,2.915,bb-bb
8Y73,active,120,THR,N,118,LEU,O,3.499,bb-bb
8Y73,active,121,SER,N,118,LEU,O,3.281,bb-bb
8Y73,active,121,SER,N,119,ALA,O,3.44,bb-bb
8Y73,active,122,THR,OG1,119,ALA,O,3.415,bb-sc
8Y73,active,122,THR,N,120,THR,O,3.31,bb-bb
8Y73,active,123,LEU,N,120,THR,O,3.314,bb-bb
8Y73,active,125,PHE,N,122,THR,O,3.435,bb-bb
8Y73,active,122,THR,OG1,126,GLN,NE2,2.983,sc-sc
8Y73,active,126,GLN,N,122,THR,O,3.449,bb-bb
8Y73,active,126,GLN,NE2,122,THR,O,2.963,bb-sc
8Y73,active,126,GLN,NE2,122,THR,OG1,2.983,sc-sc
8Y73,active,125,PHE,N,123,LEU,O,3.231,bb-bb
8Y73,active,126,GLN,N,123,LEU,O,3.36,bb-bb
8Y73,active,127,SER,N,123,LEU,O,2.91,bb-bb
8Y73,active,127,SER,N,124,PRO,O,3.319,bb-bb
8Y73,active,127,SER,OG,124,PRO,O,2.577,bb-sc
8Y73,active,128,VAL,N,124,PRO,O,2.903,bb-bb
8Y73,active,127,SER,N,125,PHE,O,3.489,bb-bb
8Y73,active,128,VAL,N,125,PHE,O,3.303,bb-bb
8Y73,active,129,ASN,N,125,PHE,O,2.896,bb-bb
8Y73,active,129,ASN,N,126,GLN,O,3.273,bb-bb
8Y73,active,130,TYR,N,126,GLN,O,2.906,bb-bb
8Y73,active,126,GLN,NE2,328,TYR,OH,3.174,sc-sc
8Y73,active,328,TYR,OH,126,GLN,NE2,3.174,sc-sc
8Y73,active,129,ASN,N,127,SER,O,3.493,bb-bb
8Y73,active,130,TYR,N,127,SER,O,3.258,bb-bb
8Y73,active,131,LEU,N,127,SER,O,2.908,bb-bb
8Y73,active,130,TYR,N,128,VAL,O,3.313,bb-bb
8Y73,active,131,LEU,N,128,VAL,O,3.189,bb-bb
8Y73,active,132,MET,N,128,VAL,O,2.894,bb-bb
8Y73,active,133,GLY,N,129,ASN,O,3.082,bb-bb
8Y73,active,134,THR,N,129,ASN,O,3.497,bb-bb
8Y73,active,133,GLY,N,130,TYR,O,3.36,bb-bb
8Y73,active,133,GLY,N,131,LEU,O,3.449,bb-bb
8Y73,active,134,THR,N,132,MET,O,3.218,bb-bb
8Y73,active,216,SER,OG,133,GLY,O,2.389,bb-sc
8Y73,active,134,THR,OG1,217,ILE,O,3.17,bb-sc
8Y73,active,217,ILE,N,134,THR,OG1,2.75,bb-sc
8Y73,active,137,PHE,N,135,TRP,O,3.088,bb-bb
8Y73,active,135,TRP,N,217,ILE,O,2.785,bb-bb
8Y73,active,210,THR,OG1,138,GLY,O,2.912,bb-sc
8Y73,active,142,CYS,N,139,THR,O,3.41,bb-bb
8Y73,active,143,LYS,N,139,THR,O,3.079,bb-bb
8Y73,active,139,THR,OG1,210,THR,OG1,3.262,sc-sc
8Y73,active,210,THR,OG1,139,THR,OG1,3.262,sc-sc
8Y73,active,142,CYS,N,140,ILE,O,3.458,bb-bb
8Y73,active,143,LYS,N,140,ILE,O,3.31,bb-bb
8Y73,active,144,ILE,N,140,ILE,O,2.946,bb-bb
8Y73,active,144,ILE,N,141,LEU,O,3.356,bb-bb
8Y73,active,145,VAL,N,141,LEU,O,2.891,bb-bb
8Y73,active,144,ILE,N,142,CYS,O,3.463,bb-bb
8Y73,active,145,VAL,N,142,CYS,O,3.388,bb-bb
8Y73,active,146,ILE,N,142,CYS,O,2.963,bb-bb
8Y73,active,145,VAL,N,143,LYS,O,3.4,bb-bb
8Y73,active,146,ILE,N,143,LYS,O,3.465,bb-bb
8Y73,active,147,SER,N,143,LYS,O,2.933,bb-bb
8Y73,active,147,SER,OG,143,LYS,O,2.926,bb-sc
8Y73,active,143,LYS,NZ,205,MET,O,2.734,bb-sc
8Y73,active,143,LYS,NZ,206,PHE,O,3.086,bb-sc
8Y73,active,143,LYS,NZ,208,ALA,O,2.841,bb-sc
8Y73,active,147,SER,OG,144,ILE,O,2.992,bb-sc
8Y73,active,148,ILE,N,144,ILE,O,3.076,bb-bb
8Y73,active,147,SER,N,145,VAL,O,3.439,bb-bb
8Y73,active,148,ILE,N,145,VAL,O,3.298,bb-bb
8Y73,active,149,ASP,N,145,VAL,O,2.963,bb-bb
8Y73,active,148,ILE,N,146,ILE,O,3.414,bb-bb
8Y73,active,149,ASP,N,146,ILE,O,3.253,bb-bb
8Y73,active,150,TYR,N,146,ILE,O,2.951,bb-bb
8Y73,active,149,ASP,N,147,SER,O,3.399,bb-bb
8Y73,active,150,TYR,N,147,SER,O,3.454,bb-bb
8Y73,active,151,TYR,N,147,SER,O,2.866,bb-bb
8Y73,active,151,TYR,N,148,ILE,O,3.353,bb-bb
8Y73,active,152,ASN,N,148,ILE,O,2.91,bb-bb
8Y73,active,152,ASN,ND2,148,ILE,O,2.848,bb-sc
8Y73,active,151,TYR,N,149,ASP,O,3.164,bb-bb
8Y73,active,152,ASN,N,149,ASP,O,3.448,bb-bb
8Y73,active,153,MET,N,149,ASP,O,3.028,bb-bb
8Y73,active,328,TYR,OH,149,ASP,OD1,2.38,sc-sc
8Y73,active,328,TYR,OH,149,ASP,OD2,3.464,sc-sc
8Y73,active,153,MET,N,151,TYR,O,3.433,bb-bb
8Y73,active,154,PHE,N,151,TYR,O,3.277,bb-bb
8Y73,active,155,THR,N,151,TYR,O,2.954,bb-bb
8Y73,active,155,THR,OG1,151,TYR,O,3.16,bb-sc
8Y73,active,151,TYR,OH,194,TRP,O,2.46,bb-sc
8Y73,active,155,THR,N,152,ASN,O,3.452,bb-bb
8Y73,active,156,SER,N,152,ASN,O,2.928,bb-bb
8Y73,active,155,THR,N,153,MET,O,3.41,bb-bb
8Y73,active,156,SER,N,153,MET,O,3.341,bb-bb
8Y73,active,157,ILE,N,153,MET,O,2.995,bb-bb
8Y73,active,157,ILE,N,154,PHE,O,3.386,bb-bb
8Y73,active,158,PHE,N,154,PHE,O,2.866,bb-bb
8Y73,active,157,ILE,N,155,THR,O,3.492,bb-bb
8Y73,active,158,PHE,N,155,THR,O,3.485,bb-bb
8Y73,active,159,THR,N,155,THR,O,2.942,bb-bb
8Y73,active,159,THR,OG1,155,THR,O,2.824,bb-sc
8Y73,active,155,THR,N,197,SER,OG,3.359,bb-sc
8Y73,active,155,THR,OG1,197,SER,OG,3.027,sc-sc
8Y73,active,197,SER,OG,155,THR,OG1,3.027,sc-sc
8Y73,active,158,PHE,N,156,SER,O,3.473,bb-bb
8Y73,active,159,THR,N,156,SER,O,3.284,bb-bb
8Y73,active,160,LEU,N,156,SER,O,2.982,bb-bb
8Y73,active,159,THR,N,157,ILE,O,3.437,bb-bb
8Y73,active,160,LEU,N,157,ILE,O,3.172,bb-bb
8Y73,active,161,CYS,N,157,ILE,O,2.982,bb-bb
8Y73,active,160,LEU,N,158,PHE,O,3.473,bb-bb
8Y73,active,161,CYS,N,158,PHE,O,3.315,bb-bb
8Y73,active,162,THR,N,158,PHE,O,2.86,bb-bb
8Y73,active,162,THR,OG1,158,PHE,O,2.97,bb-sc
8Y73,active,162,THR,N,159,THR,O,3.296,bb-bb
8Y73,active,163,MET,N,159,THR,O,2.918,bb-bb
8Y73,active,162,THR,N,160,LEU,O,3.367,bb-bb
8Y73,active,163,MET,N,160,LEU,O,3.256,bb-bb
8Y73,active,164,SER,N,160,LEU,O,2.993,bb-bb
8Y73,active,164,SER,N,161,CYS,O,3.259,bb-bb
8Y73,active,165,VAL,N,161,CYS,O,2.946,bb-bb
8Y73,active,164,SER,N,162,THR,O,3.44,bb-bb
8Y73,active,165,VAL,N,162,THR,O,3.339,bb-bb
8Y73,active,166,ASP,N,162,THR,O,2.859,bb-bb
8Y73,active,193,ASN,ND2,162,THR,OG1,3.082,sc-sc
8Y73,active,165,VAL,N,163,MET,O,3.481,bb-bb
8Y73,active,166,ASP,N,163,MET,O,3.321,bb-bb
8Y73,active,167,ARG,N,163,MET,O,2.952,bb-bb
8Y73,active,166,ASP,N,164,SER,O,3.407,bb-bb
8Y73,active,167,ARG,N,164,SER,O,3.307,bb-bb
8Y73,active,168,TYR,N,164,SER,O,2.946,bb-bb
8Y73,active,167,ARG,N,165,VAL,O,3.468,bb-bb
8Y73,active,168,TYR,N,165,VAL,O,3.278,bb-bb
8Y73,active,169,ILE,N,165,VAL,O,2.912,bb-bb
8Y73,active,168,TYR,N,166,ASP,O,3.474,bb-bb
8Y73,active,169,ILE,N,166,ASP,O,3.346,bb-bb
8Y73,active,170,ALA,N,166,ASP,O,2.902,bb-bb
8Y73,active,181,ARG,NH1,166,ASP,OD1,3.031,sc-sc
8Y73,active,181,ARG,NH1,166,ASP,OD2,2.356,sc-sc
8Y73,active,169,ILE,N,167,ARG,O,3.405,bb-bb
8Y73,active,170,ALA,N,167,ARG,O,3.212,bb-bb
8Y73,active,171,VAL,N,167,ARG,O,2.985,bb-bb
8Y73,active,167,ARG,NH1,254,TYR,OH,2.987,sc-sc
8Y73,active,171,VAL,N,168,TYR,O,3.428,bb-bb
8Y73,active,172,CYS,N,168,TYR,O,2.873,bb-bb
8Y73,active,168,TYR,OH,173,HIS,NE2,3.131,sc-sc
8Y73,active,173,HIS,NE2,168,TYR,OH,3.131,sc-sc
8Y73,active,171,VAL,N,169,ILE,O,3.308,bb-bb
8Y73,active,173,HIS,N,169,ILE,O,3.006,bb-bb
8Y73,active,175,VAL,N,173,HIS,O,3.354,bb-bb
8Y73,active,176,LYS,N,173,HIS,O,3.472,bb-bb
8Y73,active,177,ALA,N,173,HIS,O,2.787,bb-bb
8Y73,active,177,ALA,N,174,PRO,O,3.093,bb-bb
8Y73,active,178,LEU,N,174,PRO,O,2.96,bb-bb
8Y73,active,177,ALA,N,175,VAL,O,3.405,bb-bb
8Y73,active,178,LEU,N,175,VAL,O,3.154,bb-bb
8Y73,active,178,LEU,N,176,LYS,O,3.413,bb-bb
8Y73,active,179,ASP,N,176,LYS,O,2.953,bb-bb
8Y73,active,180,PHE,N,176,LYS,O,2.919,bb-bb
8Y73,active,179,ASP,N,177,ALA,O,3.291,bb-bb
8Y73,active,180,PHE,N,177,ALA,O,3.499,bb-bb
8Y73,active,181,ARG,N,177,ALA,O,3.049,bb-bb
8Y73,active,182,THR,N,180,PHE,O,2.727,bb-bb
8Y73,active,182,THR,OG1,180,PHE,O,3.487,bb-sc
8Y73,active,185,ASN,ND2,180,PHE,O,3.356,bb-sc
8Y73,active,184,ARG,N,182,THR,O,3.241,bb-bb
8Y73,active,185,ASN,N,182,THR,O,3.076,bb-bb
8Y73,active,185,ASN,N,182,THR,OG1,3.269,bb-sc
8Y73,active,185,ASN,ND2,182,THR,OG1,3.234,sc-sc
8Y73,active,186,ALA,N,182,THR,O,2.878,bb-bb
8Y73,active,185,ASN,N,183,PRO,O,3.497,bb-bb
8Y73,active,186,ALA,N,183,PRO,O,3.23,bb-bb
8Y73,active,187,LYS,N,183,PRO,O,2.92,bb-bb
8Y73,active,186,ALA,N,184,ARG,O,3.431,bb-bb
8Y73,active,187,LYS,N,184,ARG,O,3.236,bb-bb
8Y73,active,188,ILE,N,184,ARG,O,2.946,bb-bb
8Y73,active,187,LYS,N,185,ASN,O,3.484,bb-bb
8Y73,active,188,ILE,N,185,ASN,O,3.302,bb-bb
8Y73,active,189,ILE,N,185,ASN,O,2.903,bb-bb
8Y73,active,188,ILE,N,186,ALA,O,3.47,bb-bb
8Y73,active,189,ILE,N,186,ALA,O,3.325,bb-bb
8Y73,active,190,ASN,N,186,ALA,O,2.905,bb-bb
8Y73,active,189,ILE,N,187,LYS,O,3.448,bb-bb
8Y73,active,190,ASN,N,187,LYS,O,3.294,bb-bb
8Y73,active,191,VAL,N,187,LYS,O,2.94,bb-bb
8Y73,active,190,ASN,N,188,ILE,O,3.453,bb-bb
8Y73,active,191,VAL,N,188,ILE,O,3.322,bb-bb
8Y73,active,192,CYS,N,188,ILE,O,2.908,bb-bb
8Y73,active,191,VAL,N,189,ILE,O,3.488,bb-bb
8Y73,active,192,CYS,N,189,ILE,O,3.222,bb-bb
8Y73,active,193,ASN,N,189,ILE,O,2.897,bb-bb
8Y73,active,193,ASN,ND2,189,ILE,O,3.228,bb-sc
8Y73,active,192,CYS,N,190,ASN,O,3.379,bb-bb
8Y73,active,193,ASN,N,190,ASN,O,3.16,bb-bb
8Y73,active,194,TRP,N,190,ASN,O,2.949,bb-bb
8Y73,active,193,ASN,N,191,VAL,O,3.424,bb-bb
8Y73,active,194,TRP,N,191,VAL,O,3.338,bb-bb
8Y73,active,195,ILE,N,191,VAL,O,2.905,bb-bb
8Y73,active,195,ILE,N,192,CYS,O,3.359,bb-bb
8Y73,active,196,LEU,N,192,CYS,O,2.871,bb-bb
8Y73,active,195,ILE,N,193,ASN,O,3.297,bb-bb
8Y73,active,196,LEU,N,193,ASN,O,3.236,bb-bb
8Y73,active,197,SER,N,193,ASN,O,2.959,bb-bb
8Y73,active,197,SER,OG,193,ASN,O,3.077,bb-sc
8Y73,active,198,SER,OG,194,TRP,O,3.461,bb-sc
8Y73,active,197,SER,N,195,ILE,O,3.295,bb-bb
8Y73,active,198,SER,N,195,ILE,O,2.939,bb-bb
8Y73,active,198,SER,N,196,LEU,O,3.366,bb-bb
8Y73,active,199,ALA,N,196,LEU,O,3.371,bb-bb
8Y73,active,199,ALA,N,197,SER,O,3.304,bb-bb
8Y73,active,200,ILE,N,197,SER,O,3.2,bb-bb
8Y73,active,201,GLY,N,197,SER,O,2.936,bb-bb
8Y73,active,200,ILE,N,198,SER,O,3.053,bb-bb
8Y73,active,201,GLY,N,198,SER,O,3.093,bb-bb
8Y73,active,202,LEU,N,198,SER,O,2.901,bb-bb
8Y73,active,204,VAL,N,200,ILE,O,3.416,bb-bb
8Y73,active,205,MET,N,201,GLY,O,3.084,bb-bb
8Y73,active,204,VAL,N,202,LEU,O,3.194,bb-bb
8Y73,active,205,MET,N,202,LEU,O,2.966,bb-bb
8Y73,active,206,PHE,N,202,LEU,O,2.925,bb-bb
8Y73,active,206,PHE,N,203,PRO,O,3.398,bb-bb
8Y73,active,207,MET,N,203,PRO,O,2.889,bb-bb
8Y73,active,206,PHE,N,204,VAL,O,3.239,bb-bb
8Y73,active,207,MET,N,204,VAL,O,3.289,bb-bb
8Y73,active,208,ALA,N,204,VAL,O,2.866,bb-bb
8Y73,active,222,THR,N,207,MET,O,3.362,bb-bb
8Y73,active,209,THR,N,220,THR,O,3.304,bb-bb
8Y73,active,211,LYS,N,218,ASP,O,2.936,bb-bb
8Y73,active,218,ASP,N,211,LYS,O,2.887,bb-bb
8Y73,active,215,GLY,N,213,ARG,O,3.268,bb-bb
8Y73,active,213,ARG,N,216,SER,O,2.874,bb-bb
8Y73,active,216,SER,N,213,ARG,O,2.909,bb-bb
8Y73,active,213,ARG,NE,218,ASP,OD2,2.89,sc-sc
8Y73,active,213,ARG,NH2,218,ASP,OD1,3.32,sc-sc
8Y73,active,216,SER,N,214,GLN,O,3.322,bb-bb
8Y73,active,227,THR,N,225,HIS,O,2.954,bb-bb
8Y73,active,228,TRP,N,226,PRO,O,2.714,bb-bb
8Y73,active,229,TYR,N,226,PRO,O,3.433,bb-bb
8Y73,active,230,TRP,N,228,TRP,O,2.617,bb-bb
8Y73,active,233,LEU,N,230,TRP,O,3.415,bb-bb
8Y73,active,234,LEU,N,230,TRP,O,2.878,bb-bb
8Y73,active,233,LEU,N,231,GLU,O,3.442,bb-bb
8Y73,active,234,LEU,N,231,GLU,O,3.349,bb-bb
8Y73,active,235,LYS,N,231,GLU,O,2.927,bb-bb
8Y73,active,235,LYS,NZ,231,GLU,OE1,3.21,sc-sc
8Y73,active,234,LEU,N,232,ASN,O,3.496,bb-bb
8Y73,active,235,LYS,N,232,ASN,O,3.346,bb-bb
8Y73,active,236,ILE,N,232,ASN,O,2.872,bb-bb
8Y73,active,235,LYS,N,233,LEU,O,3.484,bb-bb
8Y73,active,236,ILE,N,233,LEU,O,3.348,bb-bb
8Y73,active,237,CYS,N,233,LEU,O,2.907,bb-bb
8Y73,active,236,ILE,N,234,LEU,O,3.455,bb-bb
8Y73,active,237,CYS,N,234,LEU,O,3.355,bb-bb
8Y73,active,238,VAL,N,234,LEU,O,2.908,bb-bb
8Y73,active,237,CYS,N,235,LYS,O,3.494,bb-bb
8Y73,active,238,VAL,N,235,LYS,O,3.368,bb-bb
8Y73,active,239,PHE,N,235,LYS,O,2.905,bb-bb
8Y73,active,238,VAL,N,236,ILE,O,3.45,bb-bb
8Y73,active,239,PHE,N,236,ILE,O,3.265,bb-bb
8Y73,active,240,ILE,N,236,ILE,O,2.892,bb-bb
8Y73,active,239,PHE,N,237,CYS,O,3.475,bb-bb
8Y73,active,240,ILE,N,237,CYS,O,3.349,bb-bb
8Y73,active,241,PHE,N,237,CYS,O,2.905,bb-bb
8Y73,active,240,ILE,N,238,VAL,O,3.398,bb-bb
8Y73,active,242,ALA,N,238,VAL,O,2.881,bb-bb
8Y73,active,243,PHE,N,239,PHE,O,3.099,bb-bb
8Y73,active,244,ILE,N,239,PHE,O,3.152,bb-bb
8Y73,active,244,ILE,N,240,ILE,O,3.411,bb-bb
8Y73,active,245,MET,N,240,ILE,O,2.948,bb-bb
8Y73,active,247,VAL,N,243,PHE,O,3.003,bb-bb
8Y73,active,246,PRO,N,244,ILE,O,3.422,bb-bb
8Y73,active,247,VAL,N,244,ILE,O,3.147,bb-bb
8Y73,active,248,LEU,N,244,ILE,O,2.929,bb-bb
8Y73,active,247,VAL,N,245,MET,O,3.403,bb-bb
8Y73,active,248,LEU,N,245,MET,O,3.295,bb-bb
8Y73,active,249,ILE,N,245,MET,O,2.944,bb-bb
8Y73,active,249,ILE,N,246,PRO,O,3.379,bb-bb
8Y73,active,250,ILE,N,246,PRO,O,2.887,bb-bb
8Y73,active,249,ILE,N,247,VAL,O,3.42,bb-bb
8Y73,active,250,ILE,N,247,VAL,O,3.445,bb-bb
8Y73,active,251,THR,N,247,VAL,O,2.905,bb-bb
8Y73,active,251,THR,OG1,247,VAL,O,2.566,bb-sc
8Y73,active,250,ILE,N,248,LEU,O,3.491,bb-bb
8Y73,active,251,THR,N,248,LEU,O,3.489,bb-bb
8Y73,active,251,THR,OG1,248,LEU,O,3.012,bb-sc
8Y73,active,252,VAL,N,248,LEU,O,2.928,bb-bb
8Y73,active,251,THR,N,249,ILE,O,3.417,bb-bb
8Y73,active,252,VAL,N,249,ILE,O,3.483,bb-bb
8Y73,active,253,CYS,N,249,ILE,O,2.942,bb-bb
8Y73,active,254,TYR,N,250,ILE,O,2.954,bb-bb
8Y73,active,254,TYR,N,251,THR,O,3.496,bb-bb
8Y73,active,255,GLY,N,251,THR,O,2.864,bb-bb
8Y73,active,254,TYR,N,252,VAL,O,3.399,bb-bb
8Y73,active,255,GLY,N,252,VAL,O,3.367,bb-bb
8Y73,active,256,LEU,N,252,VAL,O,2.974,bb-bb
8Y73,active,256,LEU,N,253,CYS,O,3.47,bb-bb
8Y73,active,257,MET,N,253,CYS,O,2.934,bb-bb
8Y73,active,257,MET,N,254,TYR,O,3.313,bb-bb
8Y73,active,258,ILE,N,254,TYR,O,2.908,bb-bb
8Y73,active,257,MET,N,255,GLY,O,3.436,bb-bb
8Y73,active,258,ILE,N,255,GLY,O,3.345,bb-bb
8Y73,active,259,LEU,N,255,GLY,O,2.928,bb-bb
8Y73,active,258,ILE,N,256,LEU,O,3.43,bb-bb
8Y73,active,259,LEU,N,256,LEU,O,3.329,bb-bb
8Y73,active,260,ARG,N,256,LEU,O,2.955,bb-bb
8Y73,active,260,ARG,N,257,MET,O,3.39,bb-bb
8Y73,active,261,LEU,N,257,MET,O,2.888,bb-bb
8Y73,active,260,ARG,N,258,ILE,O,3.371,bb-bb
8Y73,active,261,LEU,N,258,ILE,O,3.186,bb-bb
8Y73,active,262,LYS,N,258,ILE,O,2.973,bb-bb
8Y73,active,262,LYS,N,259,LEU,O,3.381,bb-bb
8Y73,active,262,LYS,N,260,ARG,O,3.209,bb-bb
8Y73,active,263,SER,N,260,ARG,O,3.124,bb-bb
8Y73,active,264,VAL,N,260,ARG,O,3.42,bb-bb
8Y73,active,263,SER,N,261,LEU,O,3.403,bb-bb
8Y73,active,264,VAL,N,261,LEU,O,3.265,bb-bb
8Y73,active,264,VAL,N,262,LYS,O,3.47,bb-bb
8Y73,active,268,SER,OG,262,LYS,O,2.998,bb-sc
8Y73,active,268,SER,OG,264,VAL,O,3.21,bb-sc
8Y73,active,267,LEU,N,265,ARG,O,2.866,bb-bb
8Y73,active,268,SER,N,265,ARG,O,2.865,bb-bb
8Y73,active,273,LYS,NZ,268,SER,O,2.909,bb-sc
8Y73,active,273,LYS,N,270,SER,OG,3.498,bb-sc
8Y73,active,274,ASP,N,270,SER,O,3.285,bb-bb
8Y73,active,273,LYS,N,271,LYS,O,3.49,bb-bb
8Y73,active,274,ASP,N,271,LYS,O,3.387,bb-bb
8Y73,active,275,ARG,N,271,LYS,O,2.906,bb-bb
8Y73,active,275,ARG,N,272,GLU,O,3.198,bb-bb
8Y73,active,276,ASN,N,272,GLU,O,2.891,bb-bb
8Y73,active,275,ARG,N,273,LYS,O,3.412,bb-bb
8Y73,active,276,ASN,N,273,LYS,O,3.187,bb-bb
8Y73,active,277,LEU,N,273,LYS,O,2.961,bb-bb
8Y73,active,276,ASN,N,274,ASP,O,3.495,bb-bb
8Y73,active,277,LEU,N,274,ASP,O,3.324,bb-bb
8Y73,active,278,ARG,N,274,ASP,O,2.893,bb-bb
8Y73,active,277,LEU,N,275,ARG,O,3.493,bb-bb
8Y73,active,278,ARG,N,275,ARG,O,3.312,bb-bb
8Y73,active,279,ARG,N,275,ARG,O,2.888,bb-bb
8Y73,active,278,ARG,N,276,ASN,O,3.453,bb-bb
8Y73,active,279,ARG,N,276,ASN,O,3.236,bb-bb
8Y73,active,280,ILE,N,276,ASN,O,2.95,bb-bb
8Y73,active,279,ARG,N,277,LEU,O,3.432,bb-bb
8Y73,active,280,ILE,N,277,LEU,O,3.307,bb-bb
8Y73,active,281,THR,N,277,LEU,O,2.939,bb-bb
8Y73,active,281,THR,OG1,277,LEU,O,2.875,bb-sc
8Y73,active,280,ILE,N,278,ARG,O,3.46,bb-bb
8Y73,active,281,THR,N,278,ARG,O,3.418,bb-bb
8Y73,active,282,ARG,N,278,ARG,O,2.865,bb-bb
8Y73,active,282,ARG,N,279,ARG,O,3.398,bb-bb
8Y73,active,283,MET,N,279,ARG,O,2.924,bb-bb
8Y73,active,279,ARG,NH1,343,GLU,OE2,2.559,sc-sc
8Y73,active,279,ARG,NH2,343,GLU,OE2,3.212,sc-sc
8Y73,active,282,ARG,N,280,ILE,O,3.415,bb-bb
8Y73,active,283,MET,N,280,ILE,O,3.248,bb-bb
8Y73,active,284,VAL,N,280,ILE,O,2.988,bb-bb
8Y73,active,283,MET,N,281,THR,O,3.438,bb-bb
8Y73,active,284,VAL,N,281,THR,O,3.32,bb-bb
8Y73,active,285,LEU,N,281,THR,O,2.953,bb-bb
8Y73,active,284,VAL,N,282,ARG,O,3.431,bb-bb
8Y73,active,285,LEU,N,282,ARG,O,3.274,bb-bb
8Y73,active,286,VAL,N,282,ARG,O,2.875,bb-bb
8Y73,active,285,LEU,N,283,MET,O,3.463,bb-bb
8Y73,active,286,VAL,N,283,MET,O,3.245,bb-bb
8Y73,active,287,VAL,N,283,MET,O,2.976,bb-bb
8Y73,active,286,VAL,N,284,VAL,O,3.394,bb-bb
8Y73,active,287,VAL,N,284,VAL,O,3.209,bb-bb
8Y73,active,288,VAL,N,284,VAL,O,3.019,bb-bb
8Y73,active,287,VAL,N,285,LEU,O,3.447,bb-bb
8Y73,active,288,VAL,N,285,LEU,O,3.403,bb-bb
8Y73,active,289,ALA,N,285,LEU,O,2.889,bb-bb
8Y73,active,288,VAL,N,286,VAL,O,3.495,bb-bb
8Y73,active,289,ALA,N,286,VAL,O,3.43,bb-bb
8Y73,active,290,VAL,N,286,VAL,O,2.86,bb-bb
8Y73,active,289,ALA,N,287,VAL,O,3.41,bb-bb
8Y73,active,290,VAL,N,287,VAL,O,3.304,bb-bb
8Y73,active,291,PHE,N,287,VAL,O,3.029,bb-bb
8Y73,active,290,VAL,N,288,VAL,O,3.455,bb-bb
8Y73,active,291,PHE,N,288,VAL,O,3.319,bb-bb
8Y73,active,292,ILE,N,288,VAL,O,2.985,bb-bb
8Y73,active,291,PHE,N,289,ALA,O,3.489,bb-bb
8Y73,active,292,ILE,N,289,ALA,O,3.364,bb-bb
8Y73,active,293,VAL,N,289,ALA,O,2.869,bb-bb
8Y73,active,292,ILE,N,290,VAL,O,3.412,bb-bb
8Y73,active,293,VAL,N,290,VAL,O,3.446,bb-bb
8Y73,active,294,CYS,N,290,VAL,O,2.929,bb-bb
8Y73,active,293,VAL,N,291,PHE,O,3.462,bb-bb
8Y73,active,294,CYS,N,291,PHE,O,3.33,bb-bb
8Y73,active,295,TRP,N,291,PHE,O,2.98,bb-bb
8Y73,active,294,CYS,N,292,ILE,O,3.352,bb-bb
8Y73,active,295,TRP,N,292,ILE,O,3.353,bb-bb
8Y73,active,296,THR,N,292,ILE,O,2.898,bb-bb
8Y73,active,296,THR,OG1,292,ILE,O,2.678,bb-sc
8Y73,active,299,HIS,ND1,295,TRP,O,2.878,bb-sc
8Y73,active,295,TRP,NE1,330,ASN,OD1,3.358,sc-sc
8Y73,active,298,ILE,N,296,THR,O,3.277,bb-bb
8Y73,active,299,HIS,N,296,THR,O,3.334,bb-bb
8Y73,active,300,ILE,N,296,THR,O,2.946,bb-bb
8Y73,active,300,ILE,N,297,PRO,O,3.397,bb-bb
8Y73,active,301,TYR,N,297,PRO,O,2.89,bb-bb
8Y73,active,300,ILE,N,298,ILE,O,3.47,bb-bb
8Y73,active,301,TYR,N,298,ILE,O,3.393,bb-bb
8Y73,active,302,VAL,N,298,ILE,O,2.91,bb-bb
8Y73,active,301,TYR,N,299,HIS,O,3.399,bb-bb
8Y73,active,302,VAL,N,299,HIS,O,3.332,bb-bb
8Y73,active,303,ILE,N,299,HIS,O,2.969,bb-bb
8Y73,active,302,VAL,N,300,ILE,O,3.462,bb-bb
8Y73,active,303,ILE,N,300,ILE,O,3.22,bb-bb
8Y73,active,304,ILE,N,300,ILE,O,2.902,bb-bb
8Y73,active,304,ILE,N,301,TYR,O,3.272,bb-bb
8Y73,active,305,LYS,N,301,TYR,O,2.929,bb-bb
8Y73,active,301,TYR,OH,316,GLN,NE2,2.768,sc-sc
8Y73,active,316,GLN,NE2,301,TYR,OH,2.768,sc-sc
8Y73,active,304,ILE,N,302,VAL,O,3.389,bb-bb
8Y73,active,305,LYS,N,302,VAL,O,3.265,bb-bb
8Y73,active,306,ALA,N,302,VAL,O,2.908,bb-bb
8Y73,active,305,LYS,N,303,ILE,O,3.412,bb-bb
8Y73,active,306,ALA,N,303,ILE,O,3.032,bb-bb
8Y73,active,307,LEU,N,303,ILE,O,2.963,bb-bb
8Y73,active,306,ALA,N,304,ILE,O,3.327,bb-bb
8Y73,active,307,LEU,N,304,ILE,O,3.441,bb-bb
8Y73,active,308,VAL,N,304,ILE,O,3.019,bb-bb
8Y73,active,313,THR,N,311,PRO,O,3.239,bb-bb
8Y73,active,317,THR,OG1,312,GLU,OE2,3.494,sc-sc
8Y73,active,315,PHE,N,313,THR,O,3.422,bb-bb
8Y73,active,315,PHE,N,313,THR,OG1,3.285,bb-sc
8Y73,active,316,GLN,N,313,THR,O,3.123,bb-bb
8Y73,active,316,GLN,N,313,THR,OG1,3.12,bb-sc
8Y73,active,317,THR,N,313,THR,O,3.039,bb-bb
8Y73,active,317,THR,OG1,313,THR,O,3.374,bb-sc
8Y73,active,316,GLN,N,314,THR,O,3.378,bb-bb
8Y73,active,317,THR,N,314,THR,O,3.212,bb-bb
8Y73,active,318,VAL,N,314,THR,O,2.951,bb-bb
8Y73,active,317,THR,N,315,PHE,O,3.457,bb-bb
8Y73,active,318,VAL,N,315,PHE,O,3.471,bb-bb
8Y73,active,319,SER,N,315,PHE,O,2.88,bb-bb
8Y73,active,319,SER,OG,315,PHE,O,2.829,bb-sc
8Y73,active,319,SER,N,316,GLN,O,3.35,bb-bb
8Y73,active,320,TRP,N,316,GLN,O,2.924,bb-bb
8Y73,active,319,SER,N,317,THR,O,3.392,bb-bb
8Y73,active,320,TRP,N,317,THR,O,3.293,bb-bb
8Y73,active,321,HIS,N,317,THR,O,2.993,bb-bb
8Y73,active,321,HIS,N,318,VAL,O,3.443,bb-bb
8Y73,active,322,PHE,N,318,VAL,O,2.859,bb-bb
8Y73,active,321,HIS,N,319,SER,O,3.41,bb-bb
8Y73,active,322,PHE,N,319,SER,O,3.482,bb-bb
8Y73,active,323,CYS,N,319,SER,O,2.907,bb-bb
8Y73,active,322,PHE,N,320,TRP,O,3.459,bb-bb
8Y73,active,323,CYS,N,320,TRP,O,3.257,bb-bb
8Y73,active,324,ILE,N,320,TRP,O,2.992,bb-bb
8Y73,active,324,ILE,N,321,HIS,O,3.379,bb-bb
8Y73,active,325,ALA,N,321,HIS,O,2.928,bb-bb
8Y73,active,324,ILE,N,322,PHE,O,3.492,bb-bb
8Y73,active,325,ALA,N,322,PHE,O,3.411,bb-bb
8Y73,active,326,LEU,N,322,PHE,O,2.834,bb-bb
8Y73,active,326,LEU,N,323,CYS,O,3.271,bb-bb
8Y73,active,327,GLY,N,323,CYS,O,2.918,bb-bb
8Y73,active,326,LEU,N,324,ILE,O,3.341,bb-bb
8Y73,active,327,GLY,N,324,ILE,O,3.154,bb-bb
8Y73,active,328,TYR,N,324,ILE,O,2.994,bb-bb
8Y73,active,328,TYR,N,325,ALA,O,3.208,bb-bb
8Y73,active,329,THR,N,325,ALA,O,2.878,bb-bb
8Y73,active,329,THR,OG1,325,ALA,O,2.442,bb-sc
8Y73,active,328,TYR,N,326,LEU,O,3.365,bb-bb
8Y73,active,329,THR,N,326,LEU,O,3.059,bb-bb
8Y73,active,329,THR,OG1,326,LEU,O,3.315,bb-sc
8Y73,active,329,THR,N,327,GLY,O,3.444,bb-bb
8Y73,active,330,ASN,N,328,TYR,O,3.192,bb-bb
8Y73,active,331,SER,N,328,TYR,O,3.096,bb-bb
8Y73,active,331,SER,N,329,THR,O,3.44,bb-bb
8Y73,active,332,CYS,N,329,THR,O,3.086,bb-bb
8Y73,active,333,LEU,N,329,THR,O,2.925,bb-bb
8Y73,active,332,CYS,N,330,ASN,O,3.284,bb-bb
8Y73,active,333,LEU,N,330,ASN,O,3.306,bb-bb
8Y73,active,334,ASN,N,330,ASN,O,2.927,bb-bb
8Y73,active,334,ASN,ND2,330,ASN,O,3.48,bb-sc
8Y73,active,335,PRO,N,333,LEU,O,3.439,bb-bb
8Y73,active,336,VAL,N,333,LEU,O,3.177,bb-bb
8Y73,active,337,LEU,N,333,LEU,O,2.999,bb-bb
8Y73,active,336,VAL,N,334,ASN,O,3.257,bb-bb
8Y73,active,337,LEU,N,334,ASN,O,3.185,bb-bb
8Y73,active,338,TYR,N,334,ASN,O,2.913,bb-bb
8Y73,active,339,ALA,N,335,PRO,O,3.156,bb-bb
8Y73,active,340,PHE,N,335,PRO,O,2.988,bb-bb
8Y73,active,341,LEU,N,336,VAL,O,3.233,bb-bb
8Y73,active,344,ASN,N,342,ASP,O,3.227,bb-bb
8Y73,active,345,PHE,N,342,ASP,O,3.389,bb-bb
8Y73,active,345,PHE,N,342,ASP,OD1,3.23,bb-sc
8Y73,active,346,LYS,N,342,ASP,O,3.102,bb-bb
8Y73,active,347,ARG,N,343,GLU,O,2.85,bb-bb
8Y73,active,347,ARG,N,344,ASN,O,3.322,bb-bb
8Y73,active,348,CYS,N,344,ASN,O,2.93,bb-bb
8Y73,active,347,ARG,N,345,PHE,O,3.387,bb-bb
8Y73,active,348,CYS,N,345,PHE,O,3.146,bb-bb
8Y73,active,349,PHE,N,345,PHE,O,2.888,bb-bb
8Y73,active,349,PHE,N,346,LYS,O,3.328,bb-bb
8Y73,active,350,ARG,N,346,LYS,O,2.867,bb-bb
8Y73,active,349,PHE,N,347,ARG,O,3.363,bb-bb
8Y73,active,350,ARG,N,347,ARG,O,3.377,bb-bb
8Y73,active,351,GLU,N,347,ARG,O,3.236,bb-bb
8Y73,active,352,PHE,N,348,CYS,O,3.053,bb-bb
8Y73,active,351,GLU,N,349,PHE,O,3.307,bb-bb
8Y73,active,352,PHE,N,349,PHE,O,2.945,bb-bb
8e0g,active,220,THR,OG1,54,GLY,O,3.051,bb-sc
8e0g,active,55,SER,OG,58,LEU,O,2.574,bb-sc
8e0g,active,57,SER,N,218,ASP,OD1,3.084,bb-sc
8e0g,active,57,SER,OG,218,ASP,OD1,3.327,sc-sc
8e0g,active,57,SER,OG,219,CYS,O,3.35,bb-sc
8e0g,active,219,CYS,N,57,SER,OG,3.041,bb-sc
8e0g,active,58,LEU,N,218,ASP,OD1,3.232,bb-sc
8e0g,active,68,VAL,N,66,SER,O,3.411,bb-bb
8e0g,active,66,SER,N,69,THR,OG1,3.485,bb-sc
8e0g,active,66,SER,OG,69,THR,OG1,3.33,sc-sc
8e0g,active,69,THR,N,66,SER,O,3.17,bb-bb
8e0g,active,69,THR,N,66,SER,OG,3.305,bb-sc
8e0g,active,69,THR,OG1,66,SER,O,3.115,bb-sc
8e0g,active,69,THR,OG1,66,SER,OG,3.33,sc-sc
8e0g,active,70,ALA,N,66,SER,O,3.147,bb-bb
8e0g,active,69,THR,N,67,MET,O,3.166,bb-bb
8e0g,active,70,ALA,N,67,MET,O,3.014,bb-bb
8e0g,active,71,ILE,N,67,MET,O,2.992,bb-bb
8e0g,active,72,THR,N,68,VAL,O,2.999,bb-bb
8e0g,active,72,THR,OG1,68,VAL,O,2.557,bb-sc
8e0g,active,71,ILE,N,69,THR,O,3.48,bb-bb
8e0g,active,72,THR,N,69,THR,O,3.274,bb-bb
8e0g,active,73,ILE,N,69,THR,O,2.939,bb-bb
8e0g,active,72,THR,N,70,ALA,O,3.374,bb-bb
8e0g,active,73,ILE,N,70,ALA,O,3.291,bb-bb
8e0g,active,74,MET,N,70,ALA,O,3.014,bb-bb
8e0g,active,73,ILE,N,71,ILE,O,3.231,bb-bb
8e0g,active,74,MET,N,71,ILE,O,3.298,bb-bb
8e0g,active,75,ALA,N,71,ILE,O,2.856,bb-bb
8e0g,active,74,MET,N,72,THR,O,3.496,bb-bb
8e0g,active,75,ALA,N,72,THR,O,3.388,bb-bb
8e0g,active,76,LEU,N,72,THR,O,2.842,bb-bb
8e0g,active,75,ALA,N,73,ILE,O,3.469,bb-bb
8e0g,active,76,LEU,N,73,ILE,O,3.085,bb-bb
8e0g,active,77,TYR,N,73,ILE,O,2.91,bb-bb
8e0g,active,76,LEU,N,74,MET,O,3.459,bb-bb
8e0g,active,77,TYR,N,74,MET,O,3.292,bb-bb
8e0g,active,78,SER,N,74,MET,O,2.808,bb-bb
8e0g,active,78,SER,OG,74,MET,O,2.794,bb-sc
8e0g,active,77,TYR,N,75,ALA,O,3.491,bb-bb
8e0g,active,78,SER,N,75,ALA,O,3.295,bb-bb
8e0g,active,79,ILE,N,75,ALA,O,2.921,bb-bb
8e0g,active,78,SER,N,76,LEU,O,3.304,bb-bb
8e0g,active,79,ILE,N,76,LEU,O,3.389,bb-bb
8e0g,active,80,VAL,N,76,LEU,O,3.192,bb-bb
8e0g,active,81,CYS,N,77,TYR,O,3.119,bb-bb
8e0g,active,80,VAL,N,78,SER,O,3.405,bb-bb
8e0g,active,81,CYS,N,78,SER,O,3.263,bb-bb
8e0g,active,82,VAL,N,78,SER,O,2.972,bb-bb
8e0g,active,81,CYS,N,79,ILE,O,3.309,bb-bb
8e0g,active,82,VAL,N,79,ILE,O,3.314,bb-bb
8e0g,active,83,VAL,N,79,ILE,O,2.891,bb-bb
8e0g,active,84,GLY,N,80,VAL,O,2.798,bb-bb
8e0g,active,84,GLY,N,81,CYS,O,3.29,bb-bb
8e0g,active,85,LEU,N,81,CYS,O,2.774,bb-bb
8e0g,active,84,GLY,N,82,VAL,O,3.408,bb-bb
8e0g,active,85,LEU,N,82,VAL,O,3.361,bb-bb
8e0g,active,86,PHE,N,82,VAL,O,2.911,bb-bb
8e0g,active,86,PHE,N,83,VAL,O,3.361,bb-bb
8e0g,active,87,GLY,N,83,VAL,O,2.994,bb-bb
8e0g,active,86,PHE,N,84,GLY,O,3.418,bb-bb
8e0g,active,88,ASN,N,84,GLY,O,3.099,bb-bb
8e0g,active,88,ASN,ND2,84,GLY,O,2.737,bb-sc
8e0g,active,89,PHE,N,85,LEU,O,2.926,bb-bb
8e0g,active,88,ASN,N,86,PHE,O,3.374,bb-bb
8e0g,active,89,PHE,N,86,PHE,O,3.476,bb-bb
8e0g,active,90,LEU,N,86,PHE,O,2.926,bb-bb
8e0g,active,90,LEU,N,87,GLY,O,3.399,bb-bb
8e0g,active,91,VAL,N,87,GLY,O,3.089,bb-bb
8e0g,active,90,LEU,N,88,ASN,O,3.408,bb-bb
8e0g,active,91,VAL,N,88,ASN,O,3.417,bb-bb
8e0g,active,92,MET,N,88,ASN,O,3.036,bb-bb
8e0g,active,88,ASN,ND2,331,SER,O,3.067,bb-sc
8e0g,active,92,MET,N,89,PHE,O,3.354,bb-bb
8e0g,active,93,TYR,N,89,PHE,O,2.753,bb-bb
8e0g,active,92,MET,N,90,LEU,O,3.449,bb-bb
8e0g,active,93,TYR,N,90,LEU,O,3.128,bb-bb
8e0g,active,94,VAL,N,90,LEU,O,2.838,bb-bb
8e0g,active,93,TYR,N,91,VAL,O,3.178,bb-bb
8e0g,active,94,VAL,N,91,VAL,O,3.144,bb-bb
8e0g,active,95,ILE,N,91,VAL,O,2.847,bb-bb
8e0g,active,95,ILE,N,92,MET,O,3.429,bb-bb
8e0g,active,96,VAL,N,92,MET,O,3.055,bb-bb
8e0g,active,95,ILE,N,93,TYR,O,3.315,bb-bb
8e0g,active,96,VAL,N,93,TYR,O,3.335,bb-bb
8e0g,active,97,ARG,N,93,TYR,O,2.876,bb-bb
8e0g,active,98,TYR,N,94,VAL,O,2.908,bb-bb
8e0g,active,99,THR,N,94,VAL,O,3.27,bb-bb
8e0g,active,97,ARG,N,95,ILE,O,3.428,bb-bb
8e0g,active,99,THR,N,95,ILE,O,3.436,bb-bb
8e0g,active,100,LYS,N,95,ILE,O,2.671,bb-bb
8e0g,active,100,LYS,NZ,97,ARG,O,2.765,bb-sc
8e0g,active,100,LYS,N,98,TYR,O,3.494,bb-bb
8e0g,active,106,ASN,ND2,99,THR,OG1,3.495,sc-sc
8e0g,active,105,THR,N,103,THR,O,3.426,bb-bb
8e0g,active,106,ASN,N,103,THR,O,3.367,bb-bb
8e0g,active,106,ASN,N,103,THR,OG1,3.325,bb-sc
8e0g,active,106,ASN,ND2,103,THR,OG1,3.456,sc-sc
8e0g,active,107,ILE,N,103,THR,O,3.11,bb-bb
8e0g,active,106,ASN,N,104,ALA,O,3.387,bb-bb
8e0g,active,107,ILE,N,104,ALA,O,3.191,bb-bb
8e0g,active,108,TYR,N,104,ALA,O,2.982,bb-bb
8e0g,active,107,ILE,N,105,THR,O,3.453,bb-bb
8e0g,active,108,TYR,N,105,THR,O,3.32,bb-bb
8e0g,active,109,ILE,N,105,THR,O,2.986,bb-bb
8e0g,active,109,ILE,N,106,ASN,O,3.406,bb-bb
8e0g,active,110,PHE,N,106,ASN,O,2.847,bb-bb
8e0g,active,111,ASN,N,107,ILE,O,3.176,bb-bb
8e0g,active,110,PHE,N,108,TYR,O,3.473,bb-bb
8e0g,active,111,ASN,N,108,TYR,O,3.28,bb-bb
8e0g,active,112,LEU,N,108,TYR,O,2.877,bb-bb
8e0g,active,111,ASN,N,109,ILE,O,3.401,bb-bb
8e0g,active,112,LEU,N,109,ILE,O,3.132,bb-bb
8e0g,active,113,ALA,N,109,ILE,O,2.865,bb-bb
8e0g,active,112,LEU,N,110,PHE,O,3.328,bb-bb
8e0g,active,113,ALA,N,110,PHE,O,3.242,bb-bb
8e0g,active,114,LEU,N,110,PHE,O,2.951,bb-bb
8e0g,active,115,ALA,N,111,ASN,O,3.13,bb-bb
8e0g,active,111,ASN,ND2,159,THR,OG1,3.036,sc-sc
8e0g,active,111,ASN,ND2,190,ASN,OD1,3.364,sc-sc
8e0g,active,114,LEU,N,112,LEU,O,3.395,bb-bb
8e0g,active,115,ALA,N,112,LEU,O,3.251,bb-bb
8e0g,active,116,ASP,N,112,LEU,O,2.824,bb-bb
8e0g,active,115,ALA,N,113,ALA,O,3.386,bb-bb
8e0g,active,116,ASP,N,113,ALA,O,3.298,bb-bb
8e0g,active,117,ALA,N,113,ALA,O,2.864,bb-bb
8e0g,active,116,ASP,N,114,LEU,O,3.388,bb-bb
8e0g,active,117,ALA,N,114,LEU,O,3.221,bb-bb
8e0g,active,118,LEU,N,114,LEU,O,2.918,bb-bb
8e0g,active,117,ALA,N,115,ALA,O,3.399,bb-bb
8e0g,active,118,LEU,N,115,ALA,O,3.247,bb-bb
8e0g,active,119,ALA,N,115,ALA,O,2.857,bb-bb
8e0g,active,120,THR,N,116,ASP,O,3.163,bb-bb
8e0g,active,120,THR,OG1,116,ASP,O,2.948,bb-sc
8e0g,active,156,SER,OG,116,ASP,OD1,2.718,sc-sc
8e0g,active,331,SER,OG,116,ASP,OD1,2.579,sc-sc
8e0g,active,334,ASN,ND2,116,ASP,OD2,3.19,sc-sc
8e0g,active,120,THR,N,117,ALA,O,3.459,bb-bb
8e0g,active,120,THR,OG1,117,ALA,O,3.129,bb-sc
8e0g,active,121,SER,N,117,ALA,O,3.016,bb-bb
8e0g,active,120,THR,N,118,LEU,O,3.418,bb-bb
8e0g,active,121,SER,N,118,LEU,O,3.116,bb-bb
8e0g,active,121,SER,OG,118,LEU,O,2.517,bb-sc
8e0g,active,121,SER,N,119,ALA,O,3.371,bb-bb
8e0g,active,122,THR,N,119,ALA,O,3.247,bb-bb
8e0g,active,122,THR,OG1,119,ALA,O,2.951,bb-sc
8e0g,active,122,THR,N,120,THR,O,3.121,bb-bb
8e0g,active,123,LEU,N,120,THR,O,3.076,bb-bb
8e0g,active,125,PHE,N,122,THR,O,3.08,bb-bb
8e0g,active,122,THR,OG1,126,GLN,NE2,3.027,sc-sc
8e0g,active,126,GLN,N,122,THR,O,3.289,bb-bb
8e0g,active,126,GLN,NE2,122,THR,OG1,3.027,sc-sc
8e0g,active,122,THR,OG1,149,ASP,OD1,3.39,sc-sc
8e0g,active,125,PHE,N,123,LEU,O,3.219,bb-bb
8e0g,active,126,GLN,N,123,LEU,O,3.03,bb-bb
8e0g,active,127,SER,N,123,LEU,O,2.752,bb-bb
8e0g,active,127,SER,OG,123,LEU,O,2.763,bb-sc
8e0g,active,126,GLN,N,124,PRO,O,3.427,bb-bb
8e0g,active,127,SER,N,124,PRO,O,3.352,bb-bb
8e0g,active,127,SER,OG,124,PRO,O,3.202,bb-sc
8e0g,active,128,VAL,N,124,PRO,O,3.163,bb-bb
8e0g,active,129,ASN,N,125,PHE,O,3.025,bb-bb
8e0g,active,129,ASN,N,126,GLN,O,3.447,bb-bb
8e0g,active,130,TYR,N,126,GLN,O,2.931,bb-bb
8e0g,active,126,GLN,NE2,328,TYR,OH,3.001,sc-sc
8e0g,active,328,TYR,OH,126,GLN,NE2,3.001,sc-sc
8e0g,active,129,ASN,N,127,SER,O,3.42,bb-bb
8e0g,active,130,TYR,N,127,SER,O,3.133,bb-bb
8e0g,active,131,LEU,N,127,SER,O,2.619,bb-bb
8e0g,active,130,TYR,N,128,VAL,O,3.272,bb-bb
8e0g,active,131,LEU,N,128,VAL,O,2.995,bb-bb
8e0g,active,132,MET,N,128,VAL,O,2.85,bb-bb
8e0g,active,133,GLY,N,129,ASN,O,3.05,bb-bb
8e0g,active,129,ASN,ND2,134,THR,O,3.239,bb-sc
8e0g,active,134,THR,N,129,ASN,O,3.322,bb-bb
8e0g,active,132,MET,N,130,TYR,O,3.03,bb-bb
8e0g,active,133,GLY,N,130,TYR,O,3.06,bb-bb
8e0g,active,134,THR,N,132,MET,O,3.388,bb-bb
8e0g,active,216,SER,OG,133,GLY,O,3.5,bb-sc
8e0g,active,134,THR,OG1,216,SER,OG,3.036,sc-sc
8e0g,active,216,SER,OG,134,THR,OG1,3.036,sc-sc
8e0g,active,217,ILE,N,134,THR,OG1,3.009,bb-sc
8e0g,active,135,TRP,NE1,138,GLY,O,2.954,bb-sc
8e0g,active,135,TRP,N,217,ILE,O,2.827,bb-bb
8e0g,active,142,CYS,N,138,GLY,O,3.169,bb-bb
8e0g,active,142,CYS,N,139,ASN,O,3.315,bb-bb
8e0g,active,143,LYS,N,139,ASN,O,3.112,bb-bb
8e0g,active,209,THR,OG1,139,ASN,OD1,2.812,sc-sc
8e0g,active,210,THR,N,139,ASN,OD1,3.104,bb-sc
8e0g,active,142,CYS,N,140,ILE,O,3.455,bb-bb
8e0g,active,143,LYS,N,140,ILE,O,3.351,bb-bb
8e0g,active,144,ILE,N,140,ILE,O,3.075,bb-bb
8e0g,active,144,ILE,N,141,LEU,O,3.345,bb-bb
8e0g,active,145,VAL,N,141,LEU,O,2.868,bb-bb
8e0g,active,144,ILE,N,142,CYS,O,3.403,bb-bb
8e0g,active,145,VAL,N,142,CYS,O,3.478,bb-bb
8e0g,active,146,ILE,N,142,CYS,O,2.94,bb-bb
8e0g,active,147,SER,N,143,LYS,O,2.932,bb-bb
8e0g,active,143,LYS,NZ,205,MET,O,2.845,bb-sc
8e0g,active,143,LYS,NZ,206,PHE,O,3.089,bb-sc
8e0g,active,143,LYS,NZ,208,ALA,O,2.811,bb-sc
8e0g,active,147,SER,N,144,ILE,O,3.423,bb-bb
8e0g,active,148,ILE,N,144,ILE,O,2.938,bb-bb
8e0g,active,147,SER,N,145,VAL,O,3.378,bb-bb
8e0g,active,148,ILE,N,145,VAL,O,3.377,bb-bb
8e0g,active,149,ASP,N,145,VAL,O,2.796,bb-bb
8e0g,active,148,ILE,N,146,ILE,O,3.401,bb-bb
8e0g,active,149,ASP,N,146,ILE,O,3.106,bb-bb
8e0g,active,150,TYR,N,146,ILE,O,2.868,bb-bb
8e0g,active,149,ASP,N,147,SER,O,3.326,bb-bb
8e0g,active,150,TYR,N,147,SER,O,3.372,bb-bb
8e0g,active,151,TYR,N,147,SER,O,2.819,bb-bb
8e0g,active,147,SER,OG,201,GLY,O,2.932,bb-sc
8e0g,active,151,TYR,N,148,ILE,O,3.434,bb-bb
8e0g,active,152,ASN,N,148,ILE,O,2.979,bb-bb
8e0g,active,152,ASN,ND2,148,ILE,O,2.819,bb-sc
8e0g,active,153,MET,N,149,ASP,O,3.066,bb-bb
8e0g,active,328,TYR,OH,149,ASP,OD1,2.614,sc-sc
8e0g,active,328,TYR,OH,149,ASP,OD2,3.027,sc-sc
8e0g,active,152,ASN,N,150,TYR,O,3.142,bb-bb
8e0g,active,153,MET,N,150,TYR,O,3.386,bb-bb
8e0g,active,154,PHE,N,150,TYR,O,3.188,bb-bb
8e0g,active,154,PHE,N,151,TYR,O,3.333,bb-bb
8e0g,active,155,THR,N,151,TYR,O,2.914,bb-bb
8e0g,active,155,THR,OG1,151,TYR,O,2.919,bb-sc
8e0g,active,151,TYR,OH,198,SER,OG,2.609,sc-sc
8e0g,active,198,SER,OG,151,TYR,OH,2.609,sc-sc
8e0g,active,154,PHE,N,152,ASN,O,3.493,bb-bb
8e0g,active,156,SER,N,152,ASN,O,3.07,bb-bb
8e0g,active,157,ILE,N,153,MET,O,3.068,bb-bb
8e0g,active,156,SER,N,154,PHE,O,3.376,bb-bb
8e0g,active,157,ILE,N,154,PHE,O,3.4,bb-bb
8e0g,active,158,PHE,N,154,PHE,O,2.747,bb-bb
8e0g,active,159,THR,N,155,THR,O,2.981,bb-bb
8e0g,active,159,THR,OG1,155,THR,O,2.622,bb-sc
8e0g,active,159,THR,N,156,SER,O,3.294,bb-bb
8e0g,active,160,LEU,N,156,SER,O,3.111,bb-bb
8e0g,active,159,THR,N,157,ILE,O,3.451,bb-bb
8e0g,active,160,LEU,N,157,ILE,O,3.424,bb-bb
8e0g,active,161,CYS,N,157,ILE,O,3.062,bb-bb
8e0g,active,160,LEU,N,158,PHE,O,3.485,bb-bb
8e0g,active,161,CYS,N,158,PHE,O,3.435,bb-bb
8e0g,active,162,THR,N,158,PHE,O,2.914,bb-bb
8e0g,active,162,THR,OG1,158,PHE,O,2.859,bb-sc
8e0g,active,162,THR,N,159,THR,O,3.218,bb-bb
8e0g,active,163,MET,N,159,THR,O,2.899,bb-bb
8e0g,active,163,MET,N,160,LEU,O,3.41,bb-bb
8e0g,active,164,SER,N,160,LEU,O,3.237,bb-bb
8e0g,active,163,MET,N,161,CYS,O,3.288,bb-bb
8e0g,active,164,SER,N,161,CYS,O,2.97,bb-bb
8e0g,active,165,VAL,N,161,CYS,O,2.911,bb-bb
8e0g,active,164,SER,N,162,THR,O,3.406,bb-bb
8e0g,active,165,VAL,N,162,THR,O,3.274,bb-bb
8e0g,active,166,ASP,N,162,THR,O,2.896,bb-bb
8e0g,active,193,ASN,ND2,162,THR,OG1,3.018,sc-sc
8e0g,active,167,ARG,N,163,MET,O,3.17,bb-bb
8e0g,active,166,ASP,N,164,SER,O,3.44,bb-bb
8e0g,active,167,ARG,N,164,SER,O,3.254,bb-bb
8e0g,active,168,TYR,N,164,SER,O,2.938,bb-bb
8e0g,active,167,ARG,N,165,VAL,O,3.326,bb-bb
8e0g,active,168,TYR,N,165,VAL,O,3.253,bb-bb
8e0g,active,169,ILE,N,165,VAL,O,2.82,bb-bb
8e0g,active,169,ILE,N,166,ASP,O,3.354,bb-bb
8e0g,active,170,ALA,N,166,ASP,O,2.947,bb-bb
8e0g,active,181,ARG,NE,166,ASP,OD1,2.875,sc-sc
8e0g,active,181,ARG,NE,166,ASP,OD2,3.371,sc-sc
8e0g,active,181,ARG,NH2,166,ASP,OD2,2.905,sc-sc
8e0g,active,169,ILE,N,167,ARG,O,3.488,bb-bb
8e0g,active,170,ALA,N,167,ARG,O,3.348,bb-bb
8e0g,active,171,VAL,N,167,ARG,O,3.197,bb-bb
8e0g,active,167,ARG,NH1,254,TYR,OH,2.873,sc-sc
8e0g,active,170,ALA,N,168,TYR,O,3.454,bb-bb
8e0g,active,171,VAL,N,168,TYR,O,3.259,bb-bb
8e0g,active,172,CYS,N,168,TYR,O,2.706,bb-bb
8e0g,active,171,VAL,N,169,ILE,O,3.237,bb-bb
8e0g,active,173,HIS,N,169,ILE,O,2.818,bb-bb
8e0g,active,260,ARG,NH1,172,CYS,O,3.092,bb-sc
8e0g,active,260,ARG,NH2,172,CYS,O,3.376,bb-sc
8e0g,active,175,VAL,N,173,HIS,O,3.168,bb-bb
8e0g,active,176,LYS,N,173,HIS,O,3.093,bb-bb
8e0g,active,177,ALA,N,173,HIS,O,2.831,bb-bb
8e0g,active,177,ALA,N,174,PRO,O,3.445,bb-bb
8e0g,active,177,ALA,N,175,VAL,O,3.348,bb-bb
8e0g,active,178,LEU,N,175,VAL,O,3.15,bb-bb
8e0g,active,178,LEU,N,176,LYS,O,3.159,bb-bb
8e0g,active,179,ASP,N,176,LYS,O,2.968,bb-bb
8e0g,active,180,PHE,N,176,LYS,O,2.866,bb-bb
8e0g,active,179,ASP,N,177,ALA,O,3.267,bb-bb
8e0g,active,180,PHE,N,177,ALA,O,3.324,bb-bb
8e0g,active,181,ARG,N,177,ALA,O,2.934,bb-bb
8e0g,active,185,ASN,ND2,179,ASP,O,2.747,bb-sc
8e0g,active,182,THR,N,180,PHE,O,3.116,bb-bb
8e0g,active,184,ARG,N,182,THR,O,3.229,bb-bb
8e0g,active,185,ASN,N,182,THR,O,3.155,bb-bb
8e0g,active,185,ASN,N,182,THR,OG1,3.004,bb-sc
8e0g,active,185,ASN,ND2,182,THR,OG1,3.42,sc-sc
8e0g,active,186,ALA,N,182,THR,O,3.135,bb-bb
8e0g,active,185,ASN,N,183,PRO,O,3.439,bb-bb
8e0g,active,186,ALA,N,183,PRO,O,3.353,bb-bb
8e0g,active,187,LYS,N,183,PRO,O,3.116,bb-bb
8e0g,active,186,ALA,N,184,ARG,O,3.472,bb-bb
8e0g,active,187,LYS,N,184,ARG,O,3.391,bb-bb
8e0g,active,188,ILE,N,184,ARG,O,3.118,bb-bb
8e0g,active,187,LYS,N,185,ASN,O,3.475,bb-bb
8e0g,active,188,ILE,N,185,ASN,O,3.257,bb-bb
8e0g,active,189,VAL,N,185,ASN,O,2.835,bb-bb
8e0g,active,189,VAL,N,186,ALA,O,3.375,bb-bb
8e0g,active,190,ASN,N,186,ALA,O,3.033,bb-bb
8e0g,active,189,VAL,N,187,LYS,O,3.235,bb-bb
8e0g,active,190,ASN,N,187,LYS,O,3.296,bb-bb
8e0g,active,191,VAL,N,187,LYS,O,3.07,bb-bb
8e0g,active,190,ASN,N,188,ILE,O,3.462,bb-bb
8e0g,active,191,VAL,N,188,ILE,O,3.106,bb-bb
8e0g,active,192,CYS,N,188,ILE,O,2.875,bb-bb
8e0g,active,191,VAL,N,189,VAL,O,3.425,bb-bb
8e0g,active,192,CYS,N,189,VAL,O,3.272,bb-bb
8e0g,active,193,ASN,N,189,VAL,O,2.827,bb-bb
8e0g,active,193,ASN,ND2,189,VAL,O,3.465,bb-sc
8e0g,active,194,TRP,N,190,ASN,O,2.996,bb-bb
8e0g,active,193,ASN,N,191,VAL,O,3.43,bb-bb
8e0g,active,194,TRP,N,191,VAL,O,3.023,bb-bb
8e0g,active,195,ILE,N,191,VAL,O,2.852,bb-bb
8e0g,active,194,TRP,N,192,CYS,O,3.353,bb-bb
8e0g,active,195,ILE,N,192,CYS,O,3.167,bb-bb
8e0g,active,196,LEU,N,192,CYS,O,2.986,bb-bb
8e0g,active,195,ILE,N,193,ASN,O,3.482,bb-bb
8e0g,active,196,LEU,N,193,ASN,O,3.235,bb-bb
8e0g,active,197,SER,N,193,ASN,O,2.884,bb-bb
8e0g,active,197,SER,OG,193,ASN,O,2.898,bb-sc
8e0g,active,196,LEU,N,194,TRP,O,3.265,bb-bb
8e0g,active,197,SER,N,194,TRP,O,3.211,bb-bb
8e0g,active,198,SER,N,194,TRP,O,2.834,bb-bb
8e0g,active,198,SER,OG,194,TRP,O,2.897,bb-sc
8e0g,active,197,SER,N,195,ILE,O,3.452,bb-bb
8e0g,active,198,SER,N,195,ILE,O,3.015,bb-bb
8e0g,active,199,ALA,N,195,ILE,O,3.461,bb-bb
8e0g,active,198,SER,N,196,LEU,O,3.177,bb-bb
8e0g,active,199,ALA,N,196,LEU,O,3.017,bb-bb
8e0g,active,199,ALA,N,197,SER,O,3.344,bb-bb
8e0g,active,200,ILE,N,197,SER,O,3.261,bb-bb
8e0g,active,201,GLY,N,197,SER,O,2.762,bb-bb
8e0g,active,200,ILE,N,198,SER,O,3.059,bb-bb
8e0g,active,201,GLY,N,198,SER,O,3.354,bb-bb
8e0g,active,202,LEU,N,198,SER,O,3.079,bb-bb
8e0g,active,202,LEU,N,200,ILE,O,3.309,bb-bb
8e0g,active,204,VAL,N,200,ILE,O,3.238,bb-bb
8e0g,active,204,VAL,N,202,LEU,O,3.238,bb-bb
8e0g,active,205,MET,N,202,LEU,O,3.062,bb-bb
8e0g,active,206,PHE,N,202,LEU,O,3.411,bb-bb
8e0g,active,205,MET,N,203,PRO,O,3.251,bb-bb
8e0g,active,206,PHE,N,203,PRO,O,2.876,bb-bb
8e0g,active,207,MET,N,203,PRO,O,2.704,bb-bb
8e0g,active,206,PHE,N,204,VAL,O,3.325,bb-bb
8e0g,active,207,MET,N,204,VAL,O,3.212,bb-bb
8e0g,active,208,ALA,N,204,VAL,O,2.649,bb-bb
8e0g,active,209,THR,N,207,MET,O,3.378,bb-bb
8e0g,active,222,THR,N,207,MET,O,2.995,bb-bb
8e0g,active,222,THR,OG1,207,MET,O,2.974,bb-sc
8e0g,active,209,THR,N,220,THR,O,2.906,bb-bb
8e0g,active,220,THR,N,209,THR,O,2.917,bb-bb
8e0g,active,211,LYS,N,218,ASP,O,3.09,bb-bb
8e0g,active,218,ASP,N,211,LYS,O,3.169,bb-bb
8e0g,active,213,ARG,N,216,SER,O,3.034,bb-bb
8e0g,active,216,SER,OG,213,ARG,O,3.428,bb-sc
8e0g,active,216,SER,N,214,GLN,O,2.933,bb-bb
8e0g,active,220,THR,OG1,218,ASP,OD2,3.482,sc-sc
8e0g,active,227,THR,N,224,SER,O,3.202,bb-bb
8e0g,active,230,TRP,NE1,225,HIS,O,3.052,bb-sc
8e0g,active,228,TRP,N,226,PRO,O,3.226,bb-bb
8e0g,active,229,TYR,N,226,PRO,O,2.933,bb-bb
8e0g,active,230,TRP,N,226,PRO,O,3.278,bb-bb
8e0g,active,229,TYR,N,227,THR,O,3.208,bb-bb
8e0g,active,230,TRP,N,227,THR,O,3.395,bb-bb
8e0g,active,231,GLU,N,227,THR,O,2.845,bb-bb
8e0g,active,232,ASN,ND2,228,TRP,O,2.704,bb-sc
8e0g,active,231,GLU,N,229,TYR,O,3.278,bb-bb
8e0g,active,232,ASN,N,229,TYR,O,3.152,bb-bb
8e0g,active,233,LEU,N,229,TYR,O,2.881,bb-bb
8e0g,active,233,LEU,N,230,TRP,O,3.463,bb-bb
8e0g,active,234,LEU,N,230,TRP,O,2.92,bb-bb
8e0g,active,234,LEU,N,231,GLU,O,3.271,bb-bb
8e0g,active,235,LYS,N,231,GLU,O,3.111,bb-bb
8e0g,active,234,LEU,N,232,ASN,O,3.38,bb-bb
8e0g,active,235,LYS,N,232,ASN,O,3.144,bb-bb
8e0g,active,236,ILE,N,232,ASN,O,2.824,bb-bb
8e0g,active,235,LYS,N,233,LEU,O,3.285,bb-bb
8e0g,active,236,ILE,N,233,LEU,O,3.273,bb-bb
8e0g,active,237,CYS,N,233,LEU,O,2.75,bb-bb
8e0g,active,236,ILE,N,234,LEU,O,3.367,bb-bb
8e0g,active,237,CYS,N,234,LEU,O,3.106,bb-bb
8e0g,active,238,VAL,N,234,LEU,O,2.919,bb-bb
8e0g,active,237,CYS,N,235,LYS,O,3.468,bb-bb
8e0g,active,238,VAL,N,235,LYS,O,3.32,bb-bb
8e0g,active,239,PHE,N,235,LYS,O,2.879,bb-bb
8e0g,active,238,VAL,N,236,ILE,O,3.407,bb-bb
8e0g,active,239,PHE,N,236,ILE,O,3.226,bb-bb
8e0g,active,240,ILE,N,236,ILE,O,2.981,bb-bb
8e0g,active,239,PHE,N,237,CYS,O,3.494,bb-bb
8e0g,active,240,ILE,N,237,CYS,O,3.357,bb-bb
8e0g,active,241,PHE,N,237,CYS,O,2.968,bb-bb
8e0g,active,240,ILE,N,238,VAL,O,3.317,bb-bb
8e0g,active,242,ALA,N,238,VAL,O,2.87,bb-bb
8e0g,active,243,PHE,N,239,PHE,O,3.096,bb-bb
8e0g,active,244,ILE,N,239,PHE,O,3.071,bb-bb
8e0g,active,244,ILE,N,240,ILE,O,3.413,bb-bb
8e0g,active,245,MET,N,240,ILE,O,2.816,bb-bb
8e0g,active,245,MET,N,243,PHE,O,3.481,bb-bb
8e0g,active,246,PRO,N,243,PHE,O,3.495,bb-bb
8e0g,active,247,VAL,N,243,PHE,O,2.96,bb-bb
8e0g,active,247,VAL,N,244,ILE,O,3.293,bb-bb
8e0g,active,248,LEU,N,244,ILE,O,3.012,bb-bb
8e0g,active,247,VAL,N,245,MET,O,3.386,bb-bb
8e0g,active,248,LEU,N,245,MET,O,3.16,bb-bb
8e0g,active,249,ILE,N,245,MET,O,2.81,bb-bb
8e0g,active,248,LEU,N,246,PRO,O,3.297,bb-bb
8e0g,active,249,ILE,N,246,PRO,O,3.223,bb-bb
8e0g,active,250,ILE,N,246,PRO,O,3.04,bb-bb
8e0g,active,251,THR,N,247,VAL,O,3.156,bb-bb
8e0g,active,251,THR,OG1,247,VAL,O,2.868,bb-sc
8e0g,active,250,ILE,N,248,LEU,O,3.446,bb-bb
8e0g,active,251,THR,OG1,248,LEU,O,3.227,bb-sc
8e0g,active,252,VAL,N,248,LEU,O,2.931,bb-bb
8e0g,active,252,VAL,N,249,ILE,O,3.315,bb-bb
8e0g,active,253,CYS,N,249,ILE,O,2.875,bb-bb
8e0g,active,252,VAL,N,250,ILE,O,3.429,bb-bb
8e0g,active,254,TYR,N,250,ILE,O,2.991,bb-bb
8e0g,active,255,GLY,N,251,THR,O,2.943,bb-bb
8e0g,active,254,TYR,N,252,VAL,O,3.429,bb-bb
8e0g,active,255,GLY,N,252,VAL,O,3.4,bb-bb
8e0g,active,256,LEU,N,252,VAL,O,2.801,bb-bb
8e0g,active,257,MET,N,253,CYS,O,2.993,bb-bb
8e0g,active,257,MET,N,254,TYR,O,3.252,bb-bb
8e0g,active,258,ILE,N,254,TYR,O,2.932,bb-bb
8e0g,active,257,MET,N,255,GLY,O,3.416,bb-bb
8e0g,active,258,ILE,N,255,GLY,O,3.381,bb-bb
8e0g,active,259,LEU,N,255,GLY,O,2.957,bb-bb
8e0g,active,259,LEU,N,256,LEU,O,3.342,bb-bb
8e0g,active,260,ARG,N,256,LEU,O,2.95,bb-bb
8e0g,active,259,LEU,N,257,MET,O,3.302,bb-bb
8e0g,active,260,ARG,N,257,MET,O,3.189,bb-bb
8e0g,active,261,LEU,N,257,MET,O,3.027,bb-bb
8e0g,active,260,ARG,N,258,ILE,O,3.402,bb-bb
8e0g,active,261,LEU,N,258,ILE,O,3.148,bb-bb
8e0g,active,262,LYS,N,258,ILE,O,2.848,bb-bb
8e0g,active,261,LEU,N,259,LEU,O,3.359,bb-bb
8e0g,active,262,LYS,N,259,LEU,O,3.262,bb-bb
8e0g,active,263,SER,N,259,LEU,O,3.156,bb-bb
8e0g,active,262,LYS,N,260,ARG,O,3.349,bb-bb
8e0g,active,263,SER,N,260,ARG,O,2.976,bb-bb
8e0g,active,263,SER,OG,260,ARG,O,2.589,bb-sc
8e0g,active,263,SER,N,261,LEU,O,3.099,bb-bb
8e0g,active,264,VAL,N,261,LEU,O,3.175,bb-bb
8e0g,active,264,VAL,N,262,LYS,O,3.396,bb-bb
8e0g,active,265,ARG,NH2,262,LYS,O,3.396,bb-sc
8e0g,active,273,LYS,NZ,262,LYS,O,2.963,bb-sc
8e0g,active,265,ARG,N,263,SER,O,3.473,bb-bb
8e0g,active,273,LYS,NZ,264,VAL,O,2.739,bb-sc
8e0g,active,268,SER,N,266,MET,O,2.51,bb-bb
8e0g,active,269,GLY,N,266,MET,O,3.316,bb-bb
8e0g,active,270,SER,N,272,GLU,OE1,3.249,bb-sc
8e0g,active,272,GLU,N,270,SER,O,3.383,bb-bb
8e0g,active,273,LYS,N,270,SER,O,3.114,bb-bb
8e0g,active,274,ASP,N,270,SER,O,2.836,bb-bb
8e0g,active,275,ARG,N,271,LYS,O,3.06,bb-bb
8e0g,active,275,ARG,N,272,GLU,O,3.462,bb-bb
8e0g,active,276,ASN,N,272,GLU,O,3.076,bb-bb
8e0g,active,276,ASN,ND2,272,GLU,O,3.419,bb-sc
8e0g,active,275,ARG,N,273,LYS,O,3.175,bb-bb
8e0g,active,276,ASN,N,273,LYS,O,3.368,bb-bb
8e0g,active,277,LEU,N,273,LYS,O,3.07,bb-bb
8e0g,active,277,LEU,N,274,ASP,O,3.422,bb-bb
8e0g,active,278,ARG,N,274,ASP,O,3.036,bb-bb
8e0g,active,278,ARG,N,275,ARG,O,3.156,bb-bb
8e0g,active,279,ARG,N,275,ARG,O,3.185,bb-bb
8e0g,active,278,ARG,N,276,ASN,O,3.28,bb-bb
8e0g,active,279,ARG,N,276,ASN,O,3.183,bb-bb
8e0g,active,280,ILE,N,276,ASN,O,2.939,bb-bb
8e0g,active,280,ILE,N,277,LEU,O,3.484,bb-bb
8e0g,active,281,THR,N,277,LEU,O,2.839,bb-bb
8e0g,active,281,THR,OG1,277,LEU,O,2.517,bb-sc
8e0g,active,282,ARG,N,278,ARG,O,3.085,bb-bb
8e0g,active,282,ARG,N,279,ARG,O,3.466,bb-bb
8e0g,active,283,MET,N,279,ARG,O,3.088,bb-bb
8e0g,active,282,ARG,N,280,ILE,O,3.319,bb-bb
8e0g,active,283,MET,N,280,ILE,O,3.115,bb-bb
8e0g,active,284,VAL,N,280,ILE,O,2.878,bb-bb
8e0g,active,283,MET,N,281,THR,O,3.342,bb-bb
8e0g,active,284,VAL,N,281,THR,O,3.263,bb-bb
8e0g,active,285,LEU,N,281,THR,O,2.898,bb-bb
8e0g,active,285,LEU,N,282,ARG,O,3.211,bb-bb
8e0g,active,286,VAL,N,282,ARG,O,2.919,bb-bb
8e0g,active,285,LEU,N,283,MET,O,3.431,bb-bb
8e0g,active,286,VAL,N,283,MET,O,3.198,bb-bb
8e0g,active,287,VAL,N,283,MET,O,2.96,bb-bb
8e0g,active,286,VAL,N,284,VAL,O,3.319,bb-bb
8e0g,active,287,VAL,N,284,VAL,O,3.295,bb-bb
8e0g,active,288,VAL,N,284,VAL,O,3.063,bb-bb
8e0g,active,289,ALA,N,285,LEU,O,2.985,bb-bb
8e0g,active,288,VAL,N,286,VAL,O,3.296,bb-bb
8e0g,active,289,ALA,N,286,VAL,O,3.365,bb-bb
8e0g,active,290,VAL,N,286,VAL,O,2.847,bb-bb
8e0g,active,291,PHE,N,287,VAL,O,3.2,bb-bb
8e0g,active,290,VAL,N,288,VAL,O,3.461,bb-bb
8e0g,active,291,PHE,N,288,VAL,O,3.279,bb-bb
8e0g,active,292,ILE,N,288,VAL,O,2.926,bb-bb
8e0g,active,291,PHE,N,289,ALA,O,3.466,bb-bb
8e0g,active,292,ILE,N,289,ALA,O,3.225,bb-bb
8e0g,active,293,VAL,N,289,ALA,O,2.839,bb-bb
8e0g,active,292,ILE,N,290,VAL,O,3.284,bb-bb
8e0g,active,293,VAL,N,290,VAL,O,3.378,bb-bb
8e0g,active,294,CYS,N,290,VAL,O,2.936,bb-bb
8e0g,active,295,TRP,N,291,PHE,O,3.093,bb-bb
8e0g,active,294,CYS,N,292,ILE,O,3.448,bb-bb
8e0g,active,296,THR,N,292,ILE,O,3.135,bb-bb
8e0g,active,296,THR,OG1,292,ILE,O,2.655,bb-sc
8e0g,active,327,GLY,N,294,CYS,O,3.135,bb-bb
8e0g,active,297,PRO,N,295,TRP,O,3.427,bb-bb
8e0g,active,299,HIS,N,295,TRP,O,3.277,bb-bb
8e0g,active,295,TRP,NE1,330,ASN,OD1,3.378,sc-sc
8e0g,active,298,ILE,N,296,THR,O,3.435,bb-bb
8e0g,active,299,HIS,N,296,THR,O,3.331,bb-bb
8e0g,active,300,ILE,N,296,THR,O,2.999,bb-bb
8e0g,active,299,HIS,N,297,PRO,O,3.405,bb-bb
8e0g,active,300,ILE,N,297,PRO,O,3.349,bb-bb
8e0g,active,301,TYR,N,297,PRO,O,2.908,bb-bb
8e0g,active,300,ILE,N,298,ILE,O,3.417,bb-bb
8e0g,active,301,TYR,N,298,ILE,O,3.298,bb-bb
8e0g,active,302,VAL,N,298,ILE,O,2.866,bb-bb
8e0g,active,303,ILE,N,299,HIS,O,3.263,bb-bb
8e0g,active,302,VAL,N,300,ILE,O,3.413,bb-bb
8e0g,active,303,ILE,N,300,ILE,O,3.213,bb-bb
8e0g,active,304,ILE,N,300,ILE,O,2.841,bb-bb
8e0g,active,303,ILE,N,301,TYR,O,3.358,bb-bb
8e0g,active,304,ILE,N,301,TYR,O,3.217,bb-bb
8e0g,active,305,LYS,N,301,TYR,O,3.005,bb-bb
8e0g,active,301,TYR,OH,316,GLN,O,2.855,bb-sc
8e0g,active,301,TYR,OH,319,SER,OG,3.258,sc-sc
8e0g,active,319,SER,OG,301,TYR,OH,3.258,sc-sc
8e0g,active,304,ILE,N,302,VAL,O,3.488,bb-bb
8e0g,active,305,LYS,N,302,VAL,O,3.251,bb-bb
8e0g,active,306,ALA,N,302,VAL,O,3.095,bb-bb
8e0g,active,305,LYS,N,303,ILE,O,3.173,bb-bb
8e0g,active,306,ALA,N,303,ILE,O,2.989,bb-bb
8e0g,active,307,LEU,N,303,ILE,O,3.221,bb-bb
8e0g,active,306,ALA,N,304,ILE,O,3.338,bb-bb
8e0g,active,307,LEU,N,304,ILE,O,3.0,bb-bb
8e0g,active,308,ILE,N,304,ILE,O,3.005,bb-bb
8e0g,active,307,LEU,N,305,LYS,O,3.343,bb-bb
8e0g,active,312,GLU,N,310,ILE,O,3.259,bb-bb
8e0g,active,313,THR,N,311,PRO,O,3.241,bb-bb
8e0g,active,315,PHE,N,313,THR,O,3.407,bb-bb
8e0g,active,316,GLN,N,313,THR,O,3.219,bb-bb
8e0g,active,316,GLN,N,313,THR,OG1,3.322,bb-sc
8e0g,active,317,THR,N,313,THR,O,2.94,bb-bb
8e0g,active,317,THR,OG1,313,THR,O,3.384,bb-sc
8e0g,active,316,GLN,N,314,THR,O,3.381,bb-bb
8e0g,active,317,THR,N,314,THR,O,3.236,bb-bb
8e0g,active,318,VAL,N,314,THR,O,2.731,bb-bb
8e0g,active,319,SER,N,315,PHE,O,2.768,bb-bb
8e0g,active,319,SER,OG,315,PHE,O,2.609,bb-sc
8e0g,active,319,SER,OG,316,GLN,O,3.125,bb-sc
8e0g,active,320,TRP,N,316,GLN,O,3.08,bb-bb
8e0g,active,319,SER,N,317,THR,O,3.481,bb-bb
8e0g,active,320,TRP,N,317,THR,O,3.284,bb-bb
8e0g,active,321,HIS,N,317,THR,O,3.2,bb-bb
8e0g,active,321,HIS,ND1,317,THR,O,3.069,bb-sc
8e0g,active,320,TRP,N,318,VAL,O,3.215,bb-bb
8e0g,active,321,HIS,N,318,VAL,O,3.306,bb-bb
8e0g,active,322,PHE,N,318,VAL,O,2.965,bb-bb
8e0g,active,322,PHE,N,319,SER,O,3.265,bb-bb
8e0g,active,323,CYS,N,319,SER,O,2.813,bb-bb
8e0g,active,322,PHE,N,320,TRP,O,3.398,bb-bb
8e0g,active,323,CYS,N,320,TRP,O,3.184,bb-bb
8e0g,active,324,ILE,N,320,TRP,O,2.916,bb-bb
8e0g,active,323,CYS,N,321,HIS,O,3.478,bb-bb
8e0g,active,324,ILE,N,321,HIS,O,3.225,bb-bb
8e0g,active,325,ALA,N,321,HIS,O,2.825,bb-bb
8e0g,active,324,ILE,N,322,PHE,O,3.4,bb-bb
8e0g,active,325,ALA,N,322,PHE,O,3.139,bb-bb
8e0g,active,326,LEU,N,322,PHE,O,2.854,bb-bb
8e0g,active,325,ALA,N,323,CYS,O,3.432,bb-bb
8e0g,active,326,LEU,N,323,CYS,O,3.295,bb-bb
8e0g,active,327,GLY,N,323,CYS,O,3.315,bb-bb
8e0g,active,326,LEU,N,324,ILE,O,3.407,bb-bb
8e0g,active,327,GLY,N,324,ILE,O,3.206,bb-bb
8e0g,active,328,TYR,N,324,ILE,O,3.46,bb-bb
8e0g,active,327,GLY,N,325,ALA,O,3.31,bb-bb
8e0g,active,328,TYR,N,325,ALA,O,3.075,bb-bb
8e0g,active,329,THR,N,325,ALA,O,2.896,bb-bb
8e0g,active,329,THR,OG1,325,ALA,O,2.814,bb-sc
8e0g,active,328,TYR,N,326,LEU,O,3.399,bb-bb
8e0g,active,329,THR,N,326,LEU,O,3.098,bb-bb
8e0g,active,330,ASN,N,326,LEU,O,3.416,bb-bb
8e0g,active,329,THR,N,327,GLY,O,3.45,bb-bb
8e0g,active,330,ASN,N,327,GLY,O,3.381,bb-bb
8e0g,active,330,ASN,N,328,TYR,O,3.443,bb-bb
8e0g,active,331,SER,N,328,TYR,O,3.047,bb-bb
8e0g,active,332,CYS,N,328,TYR,O,3.297,bb-bb
8e0g,active,331,SER,N,329,THR,O,3.334,bb-bb
8e0g,active,332,CYS,N,329,THR,O,3.062,bb-bb
8e0g,active,333,LEU,N,329,THR,O,2.933,bb-bb
8e0g,active,332,CYS,N,330,ASN,O,3.373,bb-bb
8e0g,active,333,LEU,N,330,ASN,O,3.149,bb-bb
8e0g,active,334,ASN,N,330,ASN,O,2.914,bb-bb
8e0g,active,334,ASN,ND2,330,ASN,O,3.378,bb-sc
8e0g,active,334,ASN,ND2,330,ASN,OD1,3.41,sc-sc
8e0g,active,335,PRO,N,333,LEU,O,3.216,bb-bb
8e0g,active,336,VAL,N,333,LEU,O,2.825,bb-bb
8e0g,active,337,LEU,N,333,LEU,O,3.013,bb-bb
8e0g,active,336,VAL,N,334,ASN,O,3.262,bb-bb
8e0g,active,337,LEU,N,334,ASN,O,3.155,bb-bb
8e0g,active,338,TYR,N,334,ASN,O,2.772,bb-bb
8e0g,active,339,ALA,N,335,PRO,O,3.229,bb-bb
8e0g,active,340,PHE,N,335,PRO,O,2.855,bb-bb
8e0g,active,341,LEU,N,336,VAL,O,3.022,bb-bb
8e0g,active,341,LEU,N,339,ALA,O,3.095,bb-bb
8e0g,active,342,ASP,N,339,ALA,O,2.862,bb-bb
8e0g,active,343,GLU,N,341,LEU,O,3.466,bb-bb
8e0g,active,346,LYS,NZ,341,LEU,O,3.492,bb-sc
8e0g,active,344,ASN,N,342,ASP,O,3.284,bb-bb
8e0g,active,344,ASN,N,342,ASP,OD2,2.859,bb-sc
8e0g,active,345,PHE,N,342,ASP,OD2,2.856,bb-sc
8e0g,active,346,LYS,N,342,ASP,O,2.769,bb-bb
8e0g,active,346,LYS,N,344,ASN,O,3.466,bb-bb
8e0g,active,347,ARG,N,344,ASN,O,2.967,bb-bb
8e0g,active,347,ARG,N,345,PHE,O,2.87,bb-bb
8e0g,active,348,CYS,N,345,PHE,O,3.051,bb-bb
8e0g,active,348,CYS,N,346,LYS,O,3.117,bb-bb
8ef5,active,69,THR,N,66,SER,O,3.49,bb-bb
8ef5,active,70,ALA,N,66,SER,O,3.338,bb-bb
8ef5,active,69,THR,N,67,MET,O,3.483,bb-bb
8ef5,active,70,ALA,N,67,MET,O,3.448,bb-bb
8ef5,active,71,ILE,N,67,MET,O,3.111,bb-bb
8ef5,active,70,ALA,N,68,ILE,O,3.479,bb-bb
8ef5,active,71,ILE,N,68,ILE,O,3.307,bb-bb
8ef5,active,72,THR,N,68,ILE,O,2.854,bb-bb
8ef5,active,72,THR,OG1,68,ILE,O,2.669,bb-sc
8ef5,active,72,THR,N,69,THR,O,3.449,bb-bb
8ef5,active,73,ILE,N,69,THR,O,3.161,bb-bb
8ef5,active,74,MET,N,70,ALA,O,3.137,bb-bb
8ef5,active,73,ILE,N,71,ILE,O,3.475,bb-bb
8ef5,active,74,MET,N,71,ILE,O,3.267,bb-bb
8ef5,active,75,ALA,N,71,ILE,O,2.735,bb-bb
8ef5,active,75,ALA,N,72,THR,O,3.379,bb-bb
8ef5,active,76,LEU,N,72,THR,O,3.089,bb-bb
8ef5,active,75,ALA,N,73,ILE,O,3.478,bb-bb
8ef5,active,76,LEU,N,73,ILE,O,3.339,bb-bb
8ef5,active,77,TYR,N,73,ILE,O,3.378,bb-bb
8ef5,active,76,LEU,N,74,MET,O,3.465,bb-bb
8ef5,active,77,TYR,N,74,MET,O,3.452,bb-bb
8ef5,active,78,SER,N,74,MET,O,3.165,bb-bb
8ef5,active,78,SER,OG,74,MET,O,3.119,bb-sc
8ef5,active,78,SER,N,75,ALA,O,3.321,bb-bb
8ef5,active,79,ILE,N,75,ALA,O,2.999,bb-bb
8ef5,active,80,VAL,N,76,LEU,O,3.31,bb-bb
8ef5,active,80,VAL,N,77,TYR,O,3.356,bb-bb
8ef5,active,81,CYS,N,77,TYR,O,2.906,bb-bb
8ef5,active,77,TYR,OH,321,HIS,ND1,2.46,sc-sc
8ef5,active,321,HIS,ND1,77,TYR,OH,2.46,sc-sc
8ef5,active,80,VAL,N,78,SER,O,3.465,bb-bb
8ef5,active,82,VAL,N,78,SER,O,3.122,bb-bb
8ef5,active,83,VAL,N,79,ILE,O,3.411,bb-bb
8ef5,active,82,VAL,N,80,VAL,O,3.411,bb-bb
8ef5,active,83,VAL,N,80,VAL,O,3.437,bb-bb
8ef5,active,84,GLY,N,80,VAL,O,2.627,bb-bb
8ef5,active,84,GLY,N,81,CYS,O,3.394,bb-bb
8ef5,active,85,LEU,N,81,CYS,O,2.817,bb-bb
8ef5,active,86,PHE,N,82,VAL,O,3.042,bb-bb
8ef5,active,86,PHE,N,83,VAL,O,3.441,bb-bb
8ef5,active,87,GLY,N,83,VAL,O,2.869,bb-bb
8ef5,active,88,ASN,N,84,GLY,O,3.122,bb-bb
8ef5,active,88,ASN,ND2,84,GLY,O,2.678,bb-sc
8ef5,active,89,PHE,N,85,LEU,O,3.157,bb-bb
8ef5,active,90,LEU,N,86,PHE,O,3.296,bb-bb
8ef5,active,91,VAL,N,87,GLY,O,3.431,bb-bb
8ef5,active,90,LEU,N,88,ASN,O,3.445,bb-bb
8ef5,active,91,VAL,N,88,ASN,O,3.382,bb-bb
8ef5,active,92,MET,N,88,ASN,O,3.256,bb-bb
8ef5,active,92,MET,N,89,PHE,O,3.252,bb-bb
8ef5,active,93,TYR,N,89,PHE,O,2.952,bb-bb
8ef5,active,92,MET,N,90,LEU,O,3.45,bb-bb
8ef5,active,93,TYR,N,90,LEU,O,3.21,bb-bb
8ef5,active,94,VAL,N,90,LEU,O,3.035,bb-bb
8ef5,active,93,TYR,N,91,VAL,O,3.453,bb-bb
8ef5,active,94,VAL,N,91,VAL,O,3.472,bb-bb
8ef5,active,95,ILE,N,91,VAL,O,3.129,bb-bb
8ef5,active,96,VAL,N,92,MET,O,3.149,bb-bb
8ef5,active,97,ARG,N,93,TYR,O,3.207,bb-bb
8ef5,active,97,ARG,NH1,93,TYR,OH,2.354,sc-sc
8ef5,active,98,TYR,N,94,VAL,O,3.241,bb-bb
8ef5,active,99,THR,N,95,ILE,O,2.889,bb-bb
8ef5,active,100,LYS,N,95,ILE,O,2.507,bb-bb
8ef5,active,98,TYR,N,96,VAL,O,3.472,bb-bb
8ef5,active,100,LYS,NZ,97,ARG,O,3.145,bb-sc
8ef5,active,101,MET,N,99,THR,O,3.201,bb-bb
8ef5,active,106,ASN,N,104,ALA,O,3.43,bb-bb
8ef5,active,107,ILE,N,104,ALA,O,3.247,bb-bb
8ef5,active,107,ILE,N,105,THR,O,3.333,bb-bb
8ef5,active,108,TYR,N,105,THR,O,3.241,bb-bb
8ef5,active,109,ILE,N,105,THR,O,3.333,bb-bb
8ef5,active,181,ARG,NH1,105,THR,OG1,3.041,sc-sc
8ef5,active,110,PHE,N,106,ASN,O,3.144,bb-bb
8ef5,active,110,PHE,N,107,ILE,O,3.5,bb-bb
8ef5,active,111,ASN,N,107,ILE,O,3.195,bb-bb
8ef5,active,111,ASN,ND2,107,ILE,O,2.871,bb-sc
8ef5,active,110,PHE,N,108,TYR,O,3.493,bb-bb
8ef5,active,111,ASN,N,108,TYR,O,3.209,bb-bb
8ef5,active,112,LEU,N,108,TYR,O,3.015,bb-bb
8ef5,active,112,LEU,N,109,ILE,O,3.355,bb-bb
8ef5,active,113,ALA,N,109,ILE,O,3.033,bb-bb
8ef5,active,113,ALA,N,110,PHE,O,3.266,bb-bb
8ef5,active,114,LEU,N,110,PHE,O,2.925,bb-bb
8ef5,active,115,ALA,N,111,ASN,O,2.978,bb-bb
8ef5,active,114,LEU,N,112,LEU,O,3.496,bb-bb
8ef5,active,116,ASP,N,112,LEU,O,3.061,bb-bb
8ef5,active,117,ALA,N,113,ALA,O,3.25,bb-bb
8ef5,active,117,ALA,N,114,LEU,O,3.408,bb-bb
8ef5,active,118,LEU,N,114,LEU,O,3.156,bb-bb
8ef5,active,119,ALA,N,115,ALA,O,3.2,bb-bb
8ef5,active,152,ASN,ND2,115,ALA,O,3.145,bb-sc
8ef5,active,119,ALA,N,116,ASP,O,3.436,bb-bb
8ef5,active,120,THR,N,116,ASP,O,2.932,bb-bb
8ef5,active,120,THR,OG1,116,ASP,O,2.488,bb-sc
8ef5,active,156,SER,OG,116,ASP,OD1,2.765,sc-sc
8ef5,active,331,SER,OG,116,ASP,OD1,3.161,sc-sc
8ef5,active,334,ASN,ND2,116,ASP,OD2,3.274,sc-sc
8ef5,active,120,THR,N,117,ALA,O,3.319,bb-bb
8ef5,active,121,SER,N,117,ALA,O,2.899,bb-bb
8ef5,active,121,SER,N,118,LEU,O,3.269,bb-bb
8ef5,active,121,SER,OG,118,LEU,O,2.386,bb-sc
8ef5,active,121,SER,N,119,ALA,O,3.425,bb-bb
8ef5,active,122,THR,OG1,119,ALA,O,2.913,bb-sc
8ef5,active,122,THR,N,120,THR,O,3.493,bb-bb
8ef5,active,123,LEU,N,120,THR,O,3.217,bb-bb
8ef5,active,123,LEU,N,121,SER,O,3.43,bb-bb
8ef5,active,125,PHE,N,122,THR,O,3.25,bb-bb
8ef5,active,126,GLN,N,122,THR,O,3.07,bb-bb
8ef5,active,125,PHE,N,123,LEU,O,3.477,bb-bb
8ef5,active,126,GLN,N,123,LEU,O,3.35,bb-bb
8ef5,active,127,SER,N,123,LEU,O,3.106,bb-bb
8ef5,active,127,SER,OG,123,LEU,O,2.892,bb-sc
8ef5,active,126,GLN,N,124,PRO,O,3.425,bb-bb
8ef5,active,127,SER,N,124,PRO,O,3.114,bb-bb
8ef5,active,128,VAL,N,124,PRO,O,3.008,bb-bb
8ef5,active,129,ASN,N,126,GLN,O,3.479,bb-bb
8ef5,active,130,TYR,N,126,GLN,O,3.448,bb-bb
8ef5,active,126,GLN,NE2,149,ASP,OD2,2.513,sc-sc
8ef5,active,126,GLN,NE2,328,TYR,OH,3.143,sc-sc
8ef5,active,328,TYR,OH,126,GLN,OE1,3.36,sc-sc
8ef5,active,328,TYR,OH,126,GLN,NE2,3.143,sc-sc
8ef5,active,129,ASN,N,127,SER,O,3.413,bb-bb
8ef5,active,130,TYR,N,127,SER,O,3.478,bb-bb
8ef5,active,131,LEU,N,127,SER,O,3.233,bb-bb
8ef5,active,130,TYR,N,128,VAL,O,3.451,bb-bb
8ef5,active,131,LEU,N,128,VAL,O,3.367,bb-bb
8ef5,active,132,MET,N,128,VAL,O,2.843,bb-bb
8ef5,active,133,GLY,N,129,ASN,O,3.029,bb-bb
8ef5,active,134,THR,OG1,217,ILE,O,2.968,bb-sc
8ef5,active,217,ILE,N,134,THR,OG1,2.751,bb-sc
8ef5,active,135,TRP,N,217,ILE,O,2.959,bb-bb
8ef5,active,138,GLY,N,136,PRO,O,3.328,bb-bb
8ef5,active,142,CYS,N,138,GLY,O,3.045,bb-bb
8ef5,active,142,CYS,N,139,THR,O,3.249,bb-bb
8ef5,active,143,LYS,N,139,THR,O,3.093,bb-bb
8ef5,active,139,THR,OG1,210,THR,OG1,3.423,sc-sc
8ef5,active,210,THR,OG1,139,THR,OG1,3.423,sc-sc
8ef5,active,142,CYS,N,140,ILE,O,3.495,bb-bb
8ef5,active,143,LYS,N,140,ILE,O,3.437,bb-bb
8ef5,active,144,ILE,N,140,ILE,O,3.297,bb-bb
8ef5,active,143,LYS,N,141,LEU,O,3.379,bb-bb
8ef5,active,144,ILE,N,141,LEU,O,3.212,bb-bb
8ef5,active,145,VAL,N,141,LEU,O,2.837,bb-bb
8ef5,active,146,ILE,N,142,CYS,O,3.314,bb-bb
8ef5,active,147,SER,N,143,LYS,O,3.281,bb-bb
8ef5,active,143,LYS,NZ,205,MET,O,2.472,bb-sc
8ef5,active,148,ILE,N,144,ILE,O,3.115,bb-bb
8ef5,active,147,SER,N,145,VAL,O,3.457,bb-bb
8ef5,active,148,ILE,N,145,VAL,O,3.44,bb-bb
8ef5,active,149,ASP,N,145,VAL,O,3.28,bb-bb
8ef5,active,148,ILE,N,146,ILE,O,3.489,bb-bb
8ef5,active,149,ASP,N,146,ILE,O,3.349,bb-bb
8ef5,active,150,TYR,N,146,ILE,O,3.339,bb-bb
8ef5,active,149,ASP,N,147,SER,O,3.405,bb-bb
8ef5,active,150,TYR,N,147,SER,O,3.43,bb-bb
8ef5,active,151,TYR,N,147,SER,O,2.919,bb-bb
8ef5,active,147,SER,OG,201,GLY,O,3.098,bb-sc
8ef5,active,151,TYR,N,148,ILE,O,3.47,bb-bb
8ef5,active,152,ASN,N,148,ILE,O,2.978,bb-bb
8ef5,active,153,MET,N,149,ASP,O,3.396,bb-bb
8ef5,active,328,TYR,OH,149,ASP,OD1,2.725,sc-sc
8ef5,active,328,TYR,OH,149,ASP,OD2,2.825,sc-sc
8ef5,active,153,MET,N,150,TYR,O,3.355,bb-bb
8ef5,active,154,PHE,N,150,TYR,O,3.278,bb-bb
8ef5,active,153,MET,N,151,TYR,O,3.477,bb-bb
8ef5,active,154,PHE,N,151,TYR,O,3.492,bb-bb
8ef5,active,155,THR,N,151,TYR,O,3.055,bb-bb
8ef5,active,155,THR,OG1,151,TYR,O,2.741,bb-sc
8ef5,active,151,TYR,OH,194,TRP,O,2.998,bb-sc
8ef5,active,155,THR,N,152,ASN,O,3.32,bb-bb
8ef5,active,156,SER,N,152,ASN,O,2.772,bb-bb
8ef5,active,157,ILE,N,153,MET,O,3.229,bb-bb
8ef5,active,157,ILE,N,154,PHE,O,3.382,bb-bb
8ef5,active,158,PHE,N,154,PHE,O,2.822,bb-bb
8ef5,active,157,ILE,N,155,THR,O,3.492,bb-bb
8ef5,active,159,THR,N,155,THR,O,3.017,bb-bb
8ef5,active,159,THR,OG1,155,THR,O,2.584,bb-sc
8ef5,active,155,THR,N,197,SER,OG,3.329,bb-sc
8ef5,active,155,THR,OG1,197,SER,OG,3.053,sc-sc
8ef5,active,197,SER,OG,155,THR,OG1,3.053,sc-sc
8ef5,active,160,LEU,N,156,SER,O,3.348,bb-bb
8ef5,active,159,THR,N,157,ILE,O,3.357,bb-bb
8ef5,active,160,LEU,N,157,ILE,O,3.064,bb-bb
8ef5,active,161,CYS,N,157,ILE,O,3.011,bb-bb
8ef5,active,161,CYS,N,158,PHE,O,3.231,bb-bb
8ef5,active,162,THR,N,158,PHE,O,2.932,bb-bb
8ef5,active,162,THR,OG1,158,PHE,O,2.895,bb-sc
8ef5,active,161,CYS,N,159,THR,O,3.49,bb-bb
8ef5,active,162,THR,N,159,THR,O,3.337,bb-bb
8ef5,active,163,MET,N,159,THR,O,2.972,bb-bb
8ef5,active,163,MET,N,160,LEU,O,3.423,bb-bb
8ef5,active,164,SER,N,160,LEU,O,2.901,bb-bb
8ef5,active,164,SER,N,161,CYS,O,3.252,bb-bb
8ef5,active,165,VAL,N,161,CYS,O,2.94,bb-bb
8ef5,active,164,SER,N,162,THR,O,3.493,bb-bb
8ef5,active,165,VAL,N,162,THR,O,3.232,bb-bb
8ef5,active,166,ASP,N,162,THR,O,2.667,bb-bb
8ef5,active,162,THR,OG1,193,ASN,OD1,3.414,sc-sc
8ef5,active,193,ASN,ND2,162,THR,OG1,3.264,sc-sc
8ef5,active,166,ASP,N,163,MET,O,3.277,bb-bb
8ef5,active,167,ARG,N,163,MET,O,2.842,bb-bb
8ef5,active,168,TYR,N,164,SER,O,3.086,bb-bb
8ef5,active,168,TYR,N,165,VAL,O,3.278,bb-bb
8ef5,active,169,ILE,N,165,VAL,O,3.004,bb-bb
8ef5,active,168,TYR,N,166,ASP,O,3.41,bb-bb
8ef5,active,169,ILE,N,166,ASP,O,3.497,bb-bb
8ef5,active,170,ALA,N,166,ASP,O,3.107,bb-bb
8ef5,active,181,ARG,NE,166,ASP,OD1,2.645,sc-sc
8ef5,active,181,ARG,NE,166,ASP,OD2,3.2,sc-sc
8ef5,active,181,ARG,NH2,166,ASP,O,3.291,bb-sc
8ef5,active,181,ARG,NH2,166,ASP,OD1,2.948,sc-sc
8ef5,active,171,VAL,N,167,ARG,O,3.356,bb-bb
8ef5,active,167,ARG,NH1,254,TYR,OH,3.402,sc-sc
8ef5,active,170,ALA,N,168,TYR,O,3.463,bb-bb
8ef5,active,171,VAL,N,168,TYR,O,3.455,bb-bb
8ef5,active,172,CYS,N,168,TYR,O,2.892,bb-bb
8ef5,active,171,VAL,N,169,ILE,O,3.463,bb-bb
8ef5,active,173,HIS,N,169,ILE,O,3.139,bb-bb
8ef5,active,175,VAL,N,173,HIS,O,3.47,bb-bb
8ef5,active,177,ALA,N,173,HIS,O,2.927,bb-bb
8ef5,active,177,ALA,N,174,PRO,O,3.255,bb-bb
8ef5,active,178,LEU,N,176,LYS,O,3.427,bb-bb
8ef5,active,179,ASP,N,176,LYS,O,3.362,bb-bb
8ef5,active,180,PHE,N,176,LYS,O,3.201,bb-bb
8ef5,active,180,PHE,N,177,ALA,O,3.208,bb-bb
8ef5,active,181,ARG,N,177,ALA,O,2.653,bb-bb
8ef5,active,182,THR,N,180,PHE,O,2.933,bb-bb
8ef5,active,185,ASN,ND2,180,PHE,O,3.395,bb-sc
8ef5,active,184,ARG,N,182,THR,O,3.419,bb-bb
8ef5,active,185,ASN,N,182,THR,OG1,3.322,bb-sc
8ef5,active,186,ALA,N,182,THR,O,3.268,bb-bb
8ef5,active,187,LYS,N,183,PRO,O,3.427,bb-bb
8ef5,active,186,ALA,N,184,ARG,O,3.406,bb-bb
8ef5,active,187,LYS,N,184,ARG,O,3.202,bb-bb
8ef5,active,188,ILE,N,184,ARG,O,3.173,bb-bb
8ef5,active,187,LYS,N,185,ASN,O,3.462,bb-bb
8ef5,active,188,ILE,N,185,ASN,O,3.252,bb-bb
8ef5,active,189,ILE,N,185,ASN,O,3.103,bb-bb
8ef5,active,190,ASN,N,186,ALA,O,3.217,bb-bb
8ef5,active,190,ASN,ND2,186,ALA,O,2.664,bb-sc
8ef5,active,191,VAL,N,187,LYS,O,3.245,bb-bb
8ef5,active,190,ASN,N,188,ILE,O,3.485,bb-bb
8ef5,active,191,VAL,N,188,ILE,O,3.452,bb-bb
8ef5,active,192,CYS,N,188,ILE,O,3.216,bb-bb
8ef5,active,192,CYS,N,189,ILE,O,3.18,bb-bb
8ef5,active,193,ASN,N,189,ILE,O,3.007,bb-bb
8ef5,active,193,ASN,ND2,189,ILE,O,3.231,bb-sc
8ef5,active,192,CYS,N,190,ASN,O,3.408,bb-bb
8ef5,active,193,ASN,N,190,ASN,O,3.064,bb-bb
8ef5,active,194,TRP,N,190,ASN,O,3.214,bb-bb
8ef5,active,193,ASN,N,191,VAL,O,3.383,bb-bb
8ef5,active,194,TRP,N,191,VAL,O,3.319,bb-bb
8ef5,active,195,ILE,N,191,VAL,O,3.024,bb-bb
8ef5,active,195,ILE,N,192,CYS,O,3.443,bb-bb
8ef5,active,196,LEU,N,192,CYS,O,2.927,bb-bb
8ef5,active,197,SER,N,193,ASN,O,3.112,bb-bb
8ef5,active,197,SER,OG,193,ASN,O,3.07,bb-sc
8ef5,active,198,SER,N,194,TRP,O,3.168,bb-bb
8ef5,active,197,SER,N,195,ILE,O,3.379,bb-bb
8ef5,active,198,SER,N,195,ILE,O,3.04,bb-bb
8ef5,active,199,ALA,N,195,ILE,O,3.403,bb-bb
8ef5,active,199,ALA,N,196,LEU,O,3.417,bb-bb
8ef5,active,199,ALA,N,197,SER,O,3.294,bb-bb
8ef5,active,200,ILE,N,197,SER,O,3.2,bb-bb
8ef5,active,201,GLY,N,197,SER,O,2.943,bb-bb
8ef5,active,200,ILE,N,198,SER,O,3.318,bb-bb
8ef5,active,201,GLY,N,198,SER,O,3.215,bb-bb
8ef5,active,202,LEU,N,198,SER,O,3.019,bb-bb
8ef5,active,204,VAL,N,200,ILE,O,3.466,bb-bb
8ef5,active,204,VAL,N,202,LEU,O,3.392,bb-bb
8ef5,active,205,MET,N,202,LEU,O,3.169,bb-bb
8ef5,active,205,MET,N,203,PRO,O,3.376,bb-bb
8ef5,active,206,PHE,N,203,PRO,O,3.319,bb-bb
8ef5,active,207,MET,N,203,PRO,O,3.038,bb-bb
8ef5,active,208,ALA,N,204,VAL,O,3.064,bb-bb
8ef5,active,209,THR,N,207,MET,O,3.197,bb-bb
8ef5,active,209,THR,OG1,207,MET,O,2.969,bb-sc
8ef5,active,222,THR,N,207,MET,O,2.894,bb-bb
8ef5,active,209,THR,N,220,THR,O,3.201,bb-bb
8ef5,active,220,THR,N,209,THR,O,3.487,bb-bb
8ef5,active,209,THR,OG1,222,THR,OG1,3.448,sc-sc
8ef5,active,222,THR,OG1,209,THR,OG1,3.448,sc-sc
8ef5,active,213,ARG,N,211,LYS,O,3.35,bb-bb
8ef5,active,211,LYS,N,218,ASP,O,3.17,bb-bb
8ef5,active,218,ASP,N,211,LYS,O,2.909,bb-bb
8ef5,active,215,GLY,N,213,ARG,O,3.336,bb-bb
8ef5,active,213,ARG,N,216,SER,O,2.835,bb-bb
8ef5,active,216,SER,N,213,ARG,O,2.935,bb-bb
8ef5,active,216,SER,OG,213,ARG,O,2.441,bb-sc
8ef5,active,216,SER,N,214,GLN,O,3.28,bb-bb
8ef5,active,220,THR,N,218,ASP,O,3.405,bb-bb
8ef5,active,229,TYR,N,227,THR,O,3.385,bb-bb
8ef5,active,231,GLU,N,227,THR,O,3.175,bb-bb
8ef5,active,233,LEU,N,229,TYR,O,3.108,bb-bb
8ef5,active,234,LEU,N,230,TRP,O,3.259,bb-bb
8ef5,active,234,LEU,N,231,GLU,O,3.307,bb-bb
8ef5,active,235,LYS,N,231,GLU,O,3.37,bb-bb
8ef5,active,234,LEU,N,232,ASN,O,3.481,bb-bb
8ef5,active,235,LYS,N,232,ASN,O,3.353,bb-bb
8ef5,active,236,ILE,N,232,ASN,O,3.172,bb-bb
8ef5,active,237,CYS,N,233,LEU,O,3.251,bb-bb
8ef5,active,236,ILE,N,234,LEU,O,3.457,bb-bb
8ef5,active,237,CYS,N,234,LEU,O,3.332,bb-bb
8ef5,active,238,VAL,N,234,LEU,O,2.974,bb-bb
8ef5,active,238,VAL,N,235,LYS,O,3.483,bb-bb
8ef5,active,239,PHE,N,235,LYS,O,2.862,bb-bb
8ef5,active,239,PHE,N,236,ILE,O,3.086,bb-bb
8ef5,active,240,ILE,N,236,ILE,O,2.692,bb-bb
8ef5,active,241,PHE,N,237,CYS,O,2.906,bb-bb
8ef5,active,242,ALA,N,238,VAL,O,3.229,bb-bb
8ef5,active,243,PHE,N,239,PHE,O,3.26,bb-bb
8ef5,active,244,ILE,N,239,PHE,O,3.064,bb-bb
8ef5,active,242,ALA,N,240,ILE,O,3.449,bb-bb
8ef5,active,244,ILE,N,240,ILE,O,2.955,bb-bb
8ef5,active,245,MET,N,240,ILE,O,2.812,bb-bb
8ef5,active,247,VAL,N,243,PHE,O,3.467,bb-bb
8ef5,active,248,LEU,N,244,ILE,O,3.377,bb-bb
8ef5,active,247,VAL,N,245,MET,O,3.392,bb-bb
8ef5,active,248,LEU,N,245,MET,O,3.199,bb-bb
8ef5,active,249,ILE,N,245,MET,O,3.19,bb-bb
8ef5,active,248,LEU,N,246,PRO,O,3.426,bb-bb
8ef5,active,249,ILE,N,246,PRO,O,3.206,bb-bb
8ef5,active,250,ILE,N,246,PRO,O,2.833,bb-bb
8ef5,active,251,THR,N,247,VAL,O,2.952,bb-bb
8ef5,active,251,THR,OG1,247,VAL,O,2.826,bb-sc
8ef5,active,252,VAL,N,248,LEU,O,3.326,bb-bb
8ef5,active,253,CYS,N,249,ILE,O,3.103,bb-bb
8ef5,active,254,TYR,N,250,ILE,O,3.051,bb-bb
8ef5,active,255,GLY,N,251,THR,O,2.772,bb-bb
8ef5,active,255,GLY,N,252,VAL,O,3.299,bb-bb
8ef5,active,256,LEU,N,252,VAL,O,2.848,bb-bb
8ef5,active,257,MET,N,253,CYS,O,3.194,bb-bb
8ef5,active,257,MET,N,254,TYR,O,3.326,bb-bb
8ef5,active,258,ILE,N,254,TYR,O,3.172,bb-bb
8ef5,active,257,MET,N,255,GLY,O,3.425,bb-bb
8ef5,active,258,ILE,N,255,GLY,O,3.424,bb-bb
8ef5,active,259,LEU,N,256,LEU,O,3.469,bb-bb
8ef5,active,260,ARG,N,256,LEU,O,3.107,bb-bb
8ef5,active,259,LEU,N,257,MET,O,3.47,bb-bb
8ef5,active,260,ARG,N,257,MET,O,3.231,bb-bb
8ef5,active,261,LEU,N,257,MET,O,2.973,bb-bb
8ef5,active,260,ARG,N,258,ILE,O,3.452,bb-bb
8ef5,active,261,LEU,N,258,ILE,O,3.415,bb-bb
8ef5,active,262,LYS,N,258,ILE,O,3.24,bb-bb
8ef5,active,263,SER,N,259,LEU,O,3.472,bb-bb
8ef5,active,263,SER,N,260,ARG,O,3.312,bb-bb
8ef5,active,264,VAL,N,260,ARG,O,3.452,bb-bb
8ef5,active,263,SER,N,261,LEU,O,3.472,bb-bb
8ef5,active,264,VAL,N,261,LEU,O,3.259,bb-bb
8ef5,active,264,VAL,N,262,LYS,O,3.396,bb-bb
8ef5,active,265,ARG,N,263,SER,O,3.38,bb-bb
8ef5,active,266,MET,N,264,VAL,O,3.393,bb-bb
8ef5,active,268,SER,N,266,MET,O,3.434,bb-bb
8ef5,active,274,ASP,N,267,LEU,O,3.452,bb-bb
8ef5,active,269,GLY,N,274,ASP,OD1,3.492,bb-sc
8ef5,active,272,GLU,N,270,SER,O,3.433,bb-bb
8ef5,active,273,LYS,N,270,SER,O,3.359,bb-bb
8ef5,active,273,LYS,N,270,SER,OG,3.393,bb-sc
8ef5,active,274,ASP,N,270,SER,O,2.851,bb-bb
8ef5,active,274,ASP,N,271,LYS,O,3.419,bb-bb
8ef5,active,275,ARG,N,271,LYS,O,2.847,bb-bb
8ef5,active,275,ARG,N,272,GLU,O,3.388,bb-bb
8ef5,active,275,ARG,NH1,272,GLU,OE2,2.432,sc-sc
8ef5,active,276,ASN,N,272,GLU,O,3.138,bb-bb
8ef5,active,276,ASN,N,273,LYS,O,3.312,bb-bb
8ef5,active,277,LEU,N,273,LYS,O,3.063,bb-bb
8ef5,active,276,ASN,N,274,ASP,O,3.429,bb-bb
8ef5,active,277,LEU,N,274,ASP,O,3.227,bb-bb
8ef5,active,278,ARG,N,274,ASP,O,3.003,bb-bb
8ef5,active,278,ARG,N,275,ARG,O,3.236,bb-bb
8ef5,active,279,ARG,N,275,ARG,O,3.019,bb-bb
8ef5,active,278,ARG,N,276,ASN,O,3.485,bb-bb
8ef5,active,279,ARG,N,276,ASN,O,3.361,bb-bb
8ef5,active,279,ARG,NE,276,ASN,OD1,3.037,sc-sc
8ef5,active,279,ARG,NH2,276,ASN,OD1,2.58,sc-sc
8ef5,active,280,ILE,N,276,ASN,O,3.018,bb-bb
8ef5,active,280,ILE,N,277,LEU,O,3.369,bb-bb
8ef5,active,281,THR,N,277,LEU,O,2.906,bb-bb
8ef5,active,281,THR,OG1,277,LEU,O,2.764,bb-sc
8ef5,active,280,ILE,N,278,ARG,O,3.434,bb-bb
8ef5,active,281,THR,N,278,ARG,O,3.282,bb-bb
8ef5,active,282,ARG,N,278,ARG,O,2.767,bb-bb
8ef5,active,282,ARG,N,279,ARG,O,3.426,bb-bb
8ef5,active,283,MET,N,279,ARG,O,3.013,bb-bb
8ef5,active,279,ARG,NH1,343,GLU,OE2,3.28,sc-sc
8ef5,active,282,ARG,N,280,ILE,O,3.419,bb-bb
8ef5,active,283,MET,N,280,ILE,O,3.33,bb-bb
8ef5,active,284,VAL,N,280,ILE,O,3.136,bb-bb
8ef5,active,285,LEU,N,281,THR,O,3.272,bb-bb
8ef5,active,284,VAL,N,282,ARG,O,3.37,bb-bb
8ef5,active,285,LEU,N,282,ARG,O,3.258,bb-bb
8ef5,active,286,VAL,N,282,ARG,O,3.091,bb-bb
8ef5,active,287,VAL,N,283,MET,O,3.186,bb-bb
8ef5,active,286,VAL,N,284,VAL,O,3.458,bb-bb
8ef5,active,287,VAL,N,284,VAL,O,3.233,bb-bb
8ef5,active,288,VAL,N,284,VAL,O,3.123,bb-bb
8ef5,active,289,ALA,N,285,LEU,O,3.018,bb-bb
8ef5,active,288,VAL,N,286,VAL,O,3.493,bb-bb
8ef5,active,289,ALA,N,286,VAL,O,3.242,bb-bb
8ef5,active,290,VAL,N,286,VAL,O,2.89,bb-bb
8ef5,active,291,PHE,N,287,VAL,O,3.421,bb-bb
8ef5,active,291,PHE,N,288,VAL,O,3.486,bb-bb
8ef5,active,292,ILE,N,288,VAL,O,3.103,bb-bb
8ef5,active,291,PHE,N,289,ALA,O,3.452,bb-bb
8ef5,active,292,ILE,N,289,ALA,O,3.178,bb-bb
8ef5,active,293,VAL,N,289,ALA,O,2.78,bb-bb
8ef5,active,294,CYS,N,290,VAL,O,3.248,bb-bb
8ef5,active,295,TRP,N,291,PHE,O,3.336,bb-bb
8ef5,active,294,CYS,N,292,ILE,O,3.205,bb-bb
8ef5,active,295,TRP,N,292,ILE,O,3.331,bb-bb
8ef5,active,296,THR,N,292,ILE,O,2.897,bb-bb
8ef5,active,296,THR,OG1,292,ILE,O,2.603,bb-sc
8ef5,active,299,HIS,N,295,TRP,O,3.485,bb-bb
8ef5,active,299,HIS,ND1,295,TRP,O,2.468,bb-sc
8ef5,active,298,ILE,N,296,THR,O,3.434,bb-bb
8ef5,active,299,HIS,N,296,THR,O,3.49,bb-bb
8ef5,active,300,ILE,N,296,THR,O,3.27,bb-bb
8ef5,active,301,TYR,N,297,PRO,O,3.109,bb-bb
8ef5,active,302,VAL,N,298,ILE,O,3.454,bb-bb
8ef5,active,303,ILE,N,299,HIS,O,3.493,bb-bb
8ef5,active,302,VAL,N,300,ILE,O,3.402,bb-bb
8ef5,active,303,ILE,N,300,ILE,O,3.349,bb-bb
8ef5,active,304,ILE,N,300,ILE,O,3.0,bb-bb
8ef5,active,305,LYS,N,301,TYR,O,3.042,bb-bb
8ef5,active,304,ILE,N,302,VAL,O,3.458,bb-bb
8ef5,active,305,LYS,N,302,VAL,O,3.226,bb-bb
8ef5,active,306,ALA,N,302,VAL,O,2.944,bb-bb
8ef5,active,305,LYS,N,303,ILE,O,3.494,bb-bb
8ef5,active,306,ALA,N,303,ILE,O,3.4,bb-bb
8ef5,active,307,LEU,N,303,ILE,O,2.974,bb-bb
8ef5,active,306,ALA,N,304,ILE,O,3.48,bb-bb
8ef5,active,307,LEU,N,304,ILE,O,3.449,bb-bb
8ef5,active,308,VAL,N,304,ILE,O,2.873,bb-bb
8ef5,active,312,GLU,N,310,ILE,O,3.45,bb-bb
8ef5,active,315,PHE,N,313,THR,O,3.474,bb-bb
8ef5,active,316,GLN,N,313,THR,O,3.378,bb-bb
8ef5,active,317,THR,N,313,THR,O,3.053,bb-bb
8ef5,active,317,THR,OG1,313,THR,O,2.614,bb-sc
8ef5,active,316,GLN,N,314,THR,O,3.483,bb-bb
8ef5,active,317,THR,N,314,THR,O,3.226,bb-bb
8ef5,active,318,VAL,N,314,THR,O,3.166,bb-bb
8ef5,active,318,VAL,N,315,PHE,O,3.413,bb-bb
8ef5,active,319,SER,N,315,PHE,O,3.012,bb-bb
8ef5,active,318,VAL,N,316,GLN,O,3.193,bb-bb
8ef5,active,319,SER,N,316,GLN,O,3.207,bb-bb
8ef5,active,320,TRP,N,316,GLN,O,2.78,bb-bb
8ef5,active,322,PHE,N,318,VAL,O,2.986,bb-bb
8ef5,active,322,PHE,N,319,SER,O,3.395,bb-bb
8ef5,active,323,CYS,N,319,SER,O,2.987,bb-bb
8ef5,active,324,ILE,N,320,TRP,O,3.256,bb-bb
8ef5,active,324,ILE,N,321,HIS,O,3.288,bb-bb
8ef5,active,325,ALA,N,321,HIS,O,2.78,bb-bb
8ef5,active,325,ALA,N,322,PHE,O,3.348,bb-bb
8ef5,active,326,LEU,N,322,PHE,O,2.768,bb-bb
8ef5,active,326,LEU,N,323,CYS,O,3.366,bb-bb
8ef5,active,327,GLY,N,323,CYS,O,3.109,bb-bb
8ef5,active,326,LEU,N,324,ILE,O,3.411,bb-bb
8ef5,active,327,GLY,N,324,ILE,O,3.058,bb-bb
8ef5,active,328,TYR,N,324,ILE,O,3.361,bb-bb
8ef5,active,327,GLY,N,325,ALA,O,3.388,bb-bb
8ef5,active,328,TYR,N,325,ALA,O,3.276,bb-bb
8ef5,active,329,THR,N,325,ALA,O,3.082,bb-bb
8ef5,active,329,THR,OG1,325,ALA,O,2.745,bb-sc
8ef5,active,329,THR,N,326,LEU,O,3.294,bb-bb
8ef5,active,331,SER,N,328,TYR,O,3.347,bb-bb
8ef5,active,332,CYS,N,328,TYR,O,3.005,bb-bb
8ef5,active,331,SER,N,329,THR,O,3.465,bb-bb
8ef5,active,332,CYS,N,329,THR,O,3.185,bb-bb
8ef5,active,333,LEU,N,329,THR,O,2.696,bb-bb
8ef5,active,332,CYS,N,330,ASN,O,3.448,bb-bb
8ef5,active,333,LEU,N,330,ASN,O,3.115,bb-bb
8ef5,active,334,ASN,N,330,ASN,O,2.674,bb-bb
8ef5,active,334,ASN,ND2,330,ASN,O,3.018,bb-sc
8ef5,active,336,VAL,N,333,LEU,O,3.452,bb-bb
8ef5,active,337,LEU,N,333,LEU,O,2.901,bb-bb
8ef5,active,338,TYR,N,334,ASN,O,2.981,bb-bb
8ef5,active,339,ALA,N,335,PRO,O,2.893,bb-bb
8ef5,active,340,PHE,N,335,PRO,O,2.854,bb-bb
8ef5,active,342,ASP,N,338,TYR,O,3.237,bb-bb
8ef5,active,341,LEU,N,339,ALA,O,3.465,bb-bb
8ef5,active,342,ASP,N,339,ALA,O,3.381,bb-bb
8ef5,active,344,ASN,N,342,ASP,O,3.472,bb-bb
8ef5,active,345,PHE,N,342,ASP,O,3.472,bb-bb
8ef5,active,346,LYS,N,342,ASP,O,2.93,bb-bb
8ef5,active,346,LYS,N,343,GLU,O,3.408,bb-bb
8ef5,active,347,ARG,N,343,GLU,O,3.227,bb-bb
8ef5,active,347,ARG,N,345,PHE,O,3.35,bb-bb
8ef5,active,348,CYS,N,345,PHE,O,3.068,bb-bb
8ef5,active,349,PHE,N,345,PHE,O,3.12,bb-bb
8ef5,active,348,CYS,N,346,LYS,O,3.494,bb-bb
8ef5,active,349,PHE,N,346,LYS,O,3.417,bb-bb
8ef5,active,350,ARG,N,346,LYS,O,3.15,bb-bb
8ef5,active,350,ARG,N,347,ARG,O,3.329,bb-bb
8ef5,active,351,GLU,N,347,ARG,O,3.002,bb-bb
8ef5,active,352,PHE,N,348,CYS,O,3.124,bb-bb
8ef6,active,70,ALA,N,66,SER,O,3.24,bb-bb
8ef6,active,69,THR,N,67,MET,O,3.439,bb-bb
8ef6,active,70,ALA,N,67,MET,O,3.348,bb-bb
8ef6,active,71,ILE,N,67,MET,O,2.964,bb-bb
8ef6,active,71,ILE,N,68,ILE,O,3.414,bb-bb
8ef6,active,72,THR,N,68,ILE,O,2.891,bb-bb
8ef6,active,72,THR,OG1,68,ILE,O,2.701,bb-sc
8ef6,active,72,THR,N,69,THR,O,3.337,bb-bb
8ef6,active,73,ILE,N,69,THR,O,2.962,bb-bb
8ef6,active,72,THR,N,70,ALA,O,3.498,bb-bb
8ef6,active,73,ILE,N,70,ALA,O,3.448,bb-bb
8ef6,active,74,MET,N,70,ALA,O,2.953,bb-bb
8ef6,active,74,MET,N,71,ILE,O,3.453,bb-bb
8ef6,active,75,ALA,N,71,ILE,O,2.873,bb-bb
8ef6,active,75,ALA,N,72,THR,O,3.391,bb-bb
8ef6,active,76,LEU,N,72,THR,O,2.931,bb-bb
8ef6,active,75,ALA,N,73,ILE,O,3.48,bb-bb
8ef6,active,76,LEU,N,73,ILE,O,3.258,bb-bb
8ef6,active,77,TYR,N,73,ILE,O,3.016,bb-bb
8ef6,active,76,LEU,N,74,MET,O,3.486,bb-bb
8ef6,active,77,TYR,N,74,MET,O,3.417,bb-bb
8ef6,active,78,SER,N,74,MET,O,2.919,bb-bb
8ef6,active,78,SER,OG,74,MET,O,2.836,bb-sc
8ef6,active,78,SER,N,75,ALA,O,3.322,bb-bb
8ef6,active,79,ILE,N,75,ALA,O,2.936,bb-bb
8ef6,active,78,SER,N,76,LEU,O,3.455,bb-bb
8ef6,active,79,ILE,N,76,LEU,O,3.443,bb-bb
8ef6,active,80,VAL,N,76,LEU,O,3.048,bb-bb
8ef6,active,80,VAL,N,77,TYR,O,3.43,bb-bb
8ef6,active,81,CYS,N,77,TYR,O,2.92,bb-bb
8ef6,active,77,TYR,OH,321,HIS,ND1,2.508,sc-sc
8ef6,active,321,HIS,ND1,77,TYR,OH,2.508,sc-sc
8ef6,active,80,VAL,N,78,SER,O,3.5,bb-bb
8ef6,active,81,CYS,N,78,SER,O,3.412,bb-bb
8ef6,active,82,VAL,N,78,SER,O,2.967,bb-bb
8ef6,active,81,CYS,N,79,ILE,O,3.483,bb-bb
8ef6,active,82,VAL,N,79,ILE,O,3.443,bb-bb
8ef6,active,83,VAL,N,79,ILE,O,3.031,bb-bb
8ef6,active,82,VAL,N,80,VAL,O,3.481,bb-bb
8ef6,active,84,GLY,N,80,VAL,O,2.969,bb-bb
8ef6,active,84,GLY,N,81,CYS,O,3.446,bb-bb
8ef6,active,85,LEU,N,81,CYS,O,2.957,bb-bb
8ef6,active,84,GLY,N,82,VAL,O,3.409,bb-bb
8ef6,active,85,LEU,N,82,VAL,O,3.466,bb-bb
8ef6,active,86,PHE,N,82,VAL,O,2.977,bb-bb
8ef6,active,86,PHE,N,83,VAL,O,3.479,bb-bb
8ef6,active,87,GLY,N,83,VAL,O,2.989,bb-bb
8ef6,active,87,GLY,N,84,GLY,O,3.462,bb-bb
8ef6,active,88,ASN,N,84,GLY,O,2.967,bb-bb
8ef6,active,88,ASN,ND2,84,GLY,O,2.749,bb-sc
8ef6,active,88,ASN,N,85,LEU,O,3.493,bb-bb
8ef6,active,89,PHE,N,85,LEU,O,2.986,bb-bb
8ef6,active,90,LEU,N,86,PHE,O,2.981,bb-bb
8ef6,active,90,LEU,N,87,GLY,O,3.424,bb-bb
8ef6,active,91,VAL,N,87,GLY,O,3.001,bb-bb
8ef6,active,90,LEU,N,88,ASN,O,3.459,bb-bb
8ef6,active,91,VAL,N,88,ASN,O,3.357,bb-bb
8ef6,active,92,MET,N,88,ASN,O,2.973,bb-bb
8ef6,active,88,ASN,ND2,116,ASP,O,3.459,bb-sc
8ef6,active,92,MET,N,89,PHE,O,3.448,bb-bb
8ef6,active,93,TYR,N,89,PHE,O,2.908,bb-bb
8ef6,active,93,TYR,N,90,LEU,O,3.261,bb-bb
8ef6,active,94,VAL,N,90,LEU,O,2.999,bb-bb
8ef6,active,93,TYR,N,91,VAL,O,3.352,bb-bb
8ef6,active,94,VAL,N,91,VAL,O,3.323,bb-bb
8ef6,active,95,ILE,N,91,VAL,O,2.97,bb-bb
8ef6,active,96,VAL,N,92,MET,O,2.981,bb-bb
8ef6,active,95,ILE,N,93,TYR,O,3.493,bb-bb
8ef6,active,97,ARG,N,93,TYR,O,2.948,bb-bb
8ef6,active,97,ARG,NH1,93,TYR,OH,2.489,sc-sc
8ef6,active,98,TYR,N,94,VAL,O,2.971,bb-bb
8ef6,active,99,THR,N,94,VAL,O,3.445,bb-bb
8ef6,active,99,THR,N,95,ILE,O,3.17,bb-bb
8ef6,active,100,LYS,N,95,ILE,O,2.715,bb-bb
8ef6,active,101,MET,N,99,THR,O,3.196,bb-bb
8ef6,active,106,ASN,N,103,THR,O,3.452,bb-bb
8ef6,active,107,ILE,N,103,THR,O,3.263,bb-bb
8ef6,active,106,ASN,N,104,ALA,O,3.39,bb-bb
8ef6,active,107,ILE,N,104,ALA,O,3.034,bb-bb
8ef6,active,108,TYR,N,104,ALA,O,3.032,bb-bb
8ef6,active,107,ILE,N,105,THR,O,3.383,bb-bb
8ef6,active,108,TYR,N,105,THR,O,3.187,bb-bb
8ef6,active,109,ILE,N,105,THR,O,2.94,bb-bb
8ef6,active,181,ARG,NH1,105,THR,OG1,2.538,sc-sc
8ef6,active,109,ILE,N,106,ASN,O,3.481,bb-bb
8ef6,active,110,PHE,N,106,ASN,O,2.914,bb-bb
8ef6,active,110,PHE,N,107,ILE,O,3.344,bb-bb
8ef6,active,111,ASN,N,107,ILE,O,2.973,bb-bb
8ef6,active,111,ASN,ND2,107,ILE,O,3.055,bb-sc
8ef6,active,110,PHE,N,108,TYR,O,3.492,bb-bb
8ef6,active,111,ASN,N,108,TYR,O,3.376,bb-bb
8ef6,active,112,LEU,N,108,TYR,O,2.925,bb-bb
8ef6,active,112,LEU,N,109,ILE,O,3.333,bb-bb
8ef6,active,113,ALA,N,109,ILE,O,2.902,bb-bb
8ef6,active,113,ALA,N,110,PHE,O,3.331,bb-bb
8ef6,active,114,LEU,N,110,PHE,O,2.938,bb-bb
8ef6,active,114,LEU,N,111,ASN,O,3.411,bb-bb
8ef6,active,115,ALA,N,111,ASN,O,2.951,bb-bb
8ef6,active,114,LEU,N,112,LEU,O,3.491,bb-bb
8ef6,active,115,ALA,N,112,LEU,O,3.428,bb-bb
8ef6,active,116,ASP,N,112,LEU,O,2.959,bb-bb
8ef6,active,116,ASP,N,113,ALA,O,3.475,bb-bb
8ef6,active,117,ALA,N,113,ALA,O,2.917,bb-bb
8ef6,active,117,ALA,N,114,LEU,O,3.326,bb-bb
8ef6,active,118,LEU,N,114,LEU,O,2.959,bb-bb
8ef6,active,118,LEU,N,115,ALA,O,3.425,bb-bb
8ef6,active,119,ALA,N,115,ALA,O,2.948,bb-bb
8ef6,active,119,ALA,N,116,ASP,O,3.37,bb-bb
8ef6,active,120,THR,N,116,ASP,O,2.911,bb-bb
8ef6,active,120,THR,OG1,116,ASP,O,2.6,bb-sc
8ef6,active,156,SER,OG,116,ASP,OD1,2.816,sc-sc
8ef6,active,331,SER,OG,116,ASP,OD1,3.223,sc-sc
8ef6,active,334,ASN,ND2,116,ASP,OD2,3.433,sc-sc
8ef6,active,119,ALA,N,117,ALA,O,3.436,bb-bb
8ef6,active,120,THR,N,117,ALA,O,3.337,bb-bb
8ef6,active,121,SER,N,117,ALA,O,2.944,bb-bb
8ef6,active,121,SER,N,119,ALA,O,3.455,bb-bb
8ef6,active,122,THR,OG1,119,ALA,O,3.099,bb-sc
8ef6,active,122,THR,N,120,THR,O,3.35,bb-bb
8ef6,active,123,LEU,N,120,THR,O,3.244,bb-bb
8ef6,active,123,LEU,N,121,SER,O,3.414,bb-bb
8ef6,active,125,PHE,N,122,THR,O,3.377,bb-bb
8ef6,active,126,GLN,N,122,THR,O,3.471,bb-bb
8ef6,active,125,PHE,N,123,LEU,O,3.364,bb-bb
8ef6,active,126,GLN,N,123,LEU,O,3.22,bb-bb
8ef6,active,127,SER,N,123,LEU,O,2.995,bb-bb
8ef6,active,127,SER,OG,123,LEU,O,3.035,bb-sc
8ef6,active,127,SER,N,124,PRO,O,3.195,bb-bb
8ef6,active,128,VAL,N,124,PRO,O,2.899,bb-bb
8ef6,active,128,VAL,N,125,PHE,O,3.479,bb-bb
8ef6,active,129,ASN,N,125,PHE,O,2.947,bb-bb
8ef6,active,129,ASN,N,126,GLN,O,3.357,bb-bb
8ef6,active,130,TYR,N,126,GLN,O,2.948,bb-bb
8ef6,active,126,GLN,NE2,149,ASP,OD2,3.024,sc-sc
8ef6,active,126,GLN,NE2,328,TYR,OH,3.439,sc-sc
8ef6,active,328,TYR,OH,126,GLN,NE2,3.439,sc-sc
8ef6,active,129,ASN,N,127,SER,O,3.49,bb-bb
8ef6,active,130,TYR,N,127,SER,O,3.351,bb-bb
8ef6,active,131,LEU,N,127,SER,O,2.953,bb-bb
8ef6,active,130,TYR,N,128,VAL,O,3.45,bb-bb
8ef6,active,131,LEU,N,128,VAL,O,3.421,bb-bb
8ef6,active,132,MET,N,128,VAL,O,2.919,bb-bb
8ef6,active,133,GLY,N,129,ASN,O,3.018,bb-bb
8ef6,active,134,THR,OG1,217,ILE,O,3.151,bb-sc
8ef6,active,217,ILE,N,134,THR,OG1,2.637,bb-sc
8ef6,active,135,TRP,NE1,138,GLY,O,3.026,bb-sc
8ef6,active,135,TRP,N,217,ILE,O,3.018,bb-bb
8ef6,active,138,GLY,N,136,PRO,O,3.342,bb-bb
8ef6,active,142,CYS,N,138,GLY,O,3.049,bb-bb
8ef6,active,142,CYS,N,139,THR,O,3.231,bb-bb
8ef6,active,143,LYS,N,139,THR,O,2.951,bb-bb
8ef6,active,139,THR,OG1,210,THR,OG1,2.904,sc-sc
8ef6,active,210,THR,OG1,139,THR,OG1,2.904,sc-sc
8ef6,active,142,CYS,N,140,ILE,O,3.447,bb-bb
8ef6,active,143,LYS,N,140,ILE,O,3.206,bb-bb
8ef6,active,144,ILE,N,140,ILE,O,2.983,bb-bb
8ef6,active,143,LYS,N,141,LEU,O,3.477,bb-bb
8ef6,active,144,ILE,N,141,LEU,O,3.278,bb-bb
8ef6,active,145,VAL,N,141,LEU,O,2.868,bb-bb
8ef6,active,144,ILE,N,142,CYS,O,3.498,bb-bb
8ef6,active,145,VAL,N,142,CYS,O,3.458,bb-bb
8ef6,active,146,ILE,N,142,CYS,O,3.042,bb-bb
8ef6,active,145,VAL,N,143,LYS,O,3.498,bb-bb
8ef6,active,147,SER,N,143,LYS,O,2.948,bb-bb
8ef6,active,148,ILE,N,144,ILE,O,2.913,bb-bb
8ef6,active,147,SER,N,145,VAL,O,3.491,bb-bb
8ef6,active,148,ILE,N,145,VAL,O,3.45,bb-bb
8ef6,active,149,ASP,N,145,VAL,O,2.981,bb-bb
8ef6,active,149,ASP,N,146,ILE,O,3.303,bb-bb
8ef6,active,150,TYR,N,146,ILE,O,3.035,bb-bb
8ef6,active,149,ASP,N,147,SER,O,3.47,bb-bb
8ef6,active,151,TYR,N,147,SER,O,2.877,bb-bb
8ef6,active,147,SER,OG,201,GLY,O,3.174,bb-sc
8ef6,active,151,TYR,N,148,ILE,O,3.445,bb-bb
8ef6,active,152,ASN,N,148,ILE,O,2.882,bb-bb
8ef6,active,151,TYR,N,149,ASP,O,3.448,bb-bb
8ef6,active,153,MET,N,149,ASP,O,3.11,bb-bb
8ef6,active,328,TYR,OH,149,ASP,OD1,2.877,sc-sc
8ef6,active,328,TYR,OH,149,ASP,OD2,2.883,sc-sc
8ef6,active,153,MET,N,151,TYR,O,3.424,bb-bb
8ef6,active,154,PHE,N,151,TYR,O,3.478,bb-bb
8ef6,active,155,THR,N,151,TYR,O,2.96,bb-bb
8ef6,active,155,THR,OG1,151,TYR,O,2.657,bb-sc
8ef6,active,151,TYR,OH,194,TRP,O,3.235,bb-sc
8ef6,active,155,THR,N,152,ASN,O,3.491,bb-bb
8ef6,active,156,SER,N,152,ASN,O,2.941,bb-bb
8ef6,active,155,THR,N,153,MET,O,3.437,bb-bb
8ef6,active,156,SER,N,153,MET,O,3.404,bb-bb
8ef6,active,157,ILE,N,153,MET,O,3.048,bb-bb
8ef6,active,157,ILE,N,154,PHE,O,3.477,bb-bb
8ef6,active,158,PHE,N,154,PHE,O,2.882,bb-bb
8ef6,active,159,THR,N,155,THR,O,2.953,bb-bb
8ef6,active,159,THR,OG1,155,THR,O,2.679,bb-sc
8ef6,active,155,THR,N,197,SER,OG,3.398,bb-sc
8ef6,active,155,THR,OG1,197,SER,OG,3.158,sc-sc
8ef6,active,197,SER,OG,155,THR,OG1,3.158,sc-sc
8ef6,active,159,THR,N,156,SER,O,3.276,bb-bb
8ef6,active,160,LEU,N,156,SER,O,3.002,bb-bb
8ef6,active,159,THR,N,157,ILE,O,3.431,bb-bb
8ef6,active,160,LEU,N,157,ILE,O,3.167,bb-bb
8ef6,active,161,CYS,N,157,ILE,O,2.96,bb-bb
8ef6,active,161,CYS,N,158,PHE,O,3.353,bb-bb
8ef6,active,162,THR,N,158,PHE,O,2.901,bb-bb
8ef6,active,162,THR,OG1,158,PHE,O,2.679,bb-sc
8ef6,active,162,THR,N,159,THR,O,3.331,bb-bb
8ef6,active,163,MET,N,159,THR,O,2.964,bb-bb
8ef6,active,162,THR,N,160,LEU,O,3.492,bb-bb
8ef6,active,163,MET,N,160,LEU,O,3.395,bb-bb
8ef6,active,164,SER,N,160,LEU,O,3.004,bb-bb
8ef6,active,164,SER,N,161,CYS,O,3.249,bb-bb
8ef6,active,165,VAL,N,161,CYS,O,2.951,bb-bb
8ef6,active,164,SER,N,162,THR,O,3.469,bb-bb
8ef6,active,165,VAL,N,162,THR,O,3.328,bb-bb
8ef6,active,166,ASP,N,162,THR,O,2.864,bb-bb
8ef6,active,193,ASN,ND2,162,THR,OG1,3.001,sc-sc
8ef6,active,166,ASP,N,163,MET,O,3.328,bb-bb
8ef6,active,167,ARG,N,163,MET,O,2.986,bb-bb
8ef6,active,166,ASP,N,164,SER,O,3.447,bb-bb
8ef6,active,167,ARG,N,164,SER,O,3.389,bb-bb
8ef6,active,168,TYR,N,164,SER,O,2.968,bb-bb
8ef6,active,168,TYR,N,165,VAL,O,3.29,bb-bb
8ef6,active,169,ILE,N,165,VAL,O,2.923,bb-bb
8ef6,active,168,TYR,N,166,ASP,O,3.436,bb-bb
8ef6,active,169,ILE,N,166,ASP,O,3.43,bb-bb
8ef6,active,170,ALA,N,166,ASP,O,2.899,bb-bb
8ef6,active,181,ARG,NH1,166,ASP,OD2,3.424,sc-sc
8ef6,active,181,ARG,NH2,166,ASP,O,3.443,bb-sc
8ef6,active,181,ARG,NH2,166,ASP,OD1,2.929,sc-sc
8ef6,active,181,ARG,NH2,166,ASP,OD2,3.356,sc-sc
8ef6,active,170,ALA,N,167,ARG,O,3.377,bb-bb
8ef6,active,171,VAL,N,167,ARG,O,3.023,bb-bb
8ef6,active,170,ALA,N,168,TYR,O,3.479,bb-bb
8ef6,active,171,VAL,N,168,TYR,O,3.418,bb-bb
8ef6,active,172,CYS,N,168,TYR,O,2.909,bb-bb
8ef6,active,171,VAL,N,169,ILE,O,3.401,bb-bb
8ef6,active,173,HIS,N,169,ILE,O,3.207,bb-bb
8ef6,active,175,VAL,N,173,HIS,O,3.463,bb-bb
8ef6,active,176,LYS,N,173,HIS,O,3.323,bb-bb
8ef6,active,177,ALA,N,173,HIS,O,2.681,bb-bb
8ef6,active,177,ALA,N,174,PRO,O,3.073,bb-bb
8ef6,active,178,LEU,N,174,PRO,O,2.999,bb-bb
8ef6,active,178,LEU,N,175,VAL,O,3.322,bb-bb
8ef6,active,178,LEU,N,176,LYS,O,3.381,bb-bb
8ef6,active,179,ASP,N,176,LYS,O,3.169,bb-bb
8ef6,active,180,PHE,N,176,LYS,O,2.888,bb-bb
8ef6,active,179,ASP,N,177,ALA,O,3.443,bb-bb
8ef6,active,180,PHE,N,177,ALA,O,3.32,bb-bb
8ef6,active,181,ARG,N,177,ALA,O,2.728,bb-bb
8ef6,active,182,THR,N,180,PHE,O,2.944,bb-bb
8ef6,active,185,ASN,ND2,180,PHE,O,3.331,bb-sc
8ef6,active,184,ARG,N,182,THR,O,3.387,bb-bb
8ef6,active,185,ASN,N,182,THR,O,3.456,bb-bb
8ef6,active,185,ASN,N,182,THR,OG1,3.333,bb-sc
8ef6,active,186,ALA,N,182,THR,O,3.161,bb-bb
8ef6,active,186,ALA,N,183,PRO,O,3.39,bb-bb
8ef6,active,187,LYS,N,183,PRO,O,2.988,bb-bb
8ef6,active,186,ALA,N,184,ARG,O,3.442,bb-bb
8ef6,active,187,LYS,N,184,ARG,O,3.188,bb-bb
8ef6,active,188,ILE,N,184,ARG,O,2.986,bb-bb
8ef6,active,187,LYS,N,185,ASN,O,3.473,bb-bb
8ef6,active,188,ILE,N,185,ASN,O,3.257,bb-bb
8ef6,active,189,ILE,N,185,ASN,O,2.924,bb-bb
8ef6,active,188,ILE,N,186,ALA,O,3.491,bb-bb
8ef6,active,190,ASN,N,186,ALA,O,2.96,bb-bb
8ef6,active,190,ASN,ND2,186,ALA,O,2.752,bb-sc
8ef6,active,191,VAL,N,187,LYS,O,2.991,bb-bb
8ef6,active,190,ASN,N,188,ILE,O,3.459,bb-bb
8ef6,active,191,VAL,N,188,ILE,O,3.352,bb-bb
8ef6,active,192,CYS,N,188,ILE,O,2.928,bb-bb
8ef6,active,192,CYS,N,189,ILE,O,3.286,bb-bb
8ef6,active,193,ASN,N,189,ILE,O,2.884,bb-bb
8ef6,active,193,ASN,ND2,189,ILE,O,2.987,bb-sc
8ef6,active,192,CYS,N,190,ASN,O,3.404,bb-bb
8ef6,active,193,ASN,N,190,ASN,O,3.08,bb-bb
8ef6,active,194,TRP,N,190,ASN,O,3.025,bb-bb
8ef6,active,193,ASN,N,191,VAL,O,3.408,bb-bb
8ef6,active,194,TRP,N,191,VAL,O,3.319,bb-bb
8ef6,active,195,ILE,N,191,VAL,O,2.934,bb-bb
8ef6,active,195,ILE,N,192,CYS,O,3.399,bb-bb
8ef6,active,196,LEU,N,192,CYS,O,2.879,bb-bb
8ef6,active,195,ILE,N,193,ASN,O,3.48,bb-bb
8ef6,active,196,LEU,N,193,ASN,O,3.386,bb-bb
8ef6,active,197,SER,N,193,ASN,O,2.952,bb-bb
8ef6,active,197,SER,OG,193,ASN,O,3.094,bb-sc
8ef6,active,197,SER,N,194,TRP,O,3.286,bb-bb
8ef6,active,198,SER,N,194,TRP,O,3.009,bb-bb
8ef6,active,197,SER,N,195,ILE,O,3.44,bb-bb
8ef6,active,198,SER,N,195,ILE,O,3.059,bb-bb
8ef6,active,198,SER,N,196,LEU,O,3.433,bb-bb
8ef6,active,199,ALA,N,196,LEU,O,3.297,bb-bb
8ef6,active,199,ALA,N,197,SER,O,3.306,bb-bb
8ef6,active,200,ILE,N,197,SER,O,3.241,bb-bb
8ef6,active,201,GLY,N,197,SER,O,2.961,bb-bb
8ef6,active,200,ILE,N,198,SER,O,3.385,bb-bb
8ef6,active,201,GLY,N,198,SER,O,3.087,bb-bb
8ef6,active,202,LEU,N,198,SER,O,2.952,bb-bb
8ef6,active,205,MET,N,201,GLY,O,3.191,bb-bb
8ef6,active,204,VAL,N,202,LEU,O,3.389,bb-bb
8ef6,active,205,MET,N,202,LEU,O,3.061,bb-bb
8ef6,active,206,PHE,N,202,LEU,O,3.005,bb-bb
8ef6,active,205,MET,N,203,PRO,O,3.443,bb-bb
8ef6,active,206,PHE,N,203,PRO,O,3.202,bb-bb
8ef6,active,207,MET,N,203,PRO,O,2.907,bb-bb
8ef6,active,207,MET,N,204,VAL,O,3.422,bb-bb
8ef6,active,208,ALA,N,204,VAL,O,3.094,bb-bb
8ef6,active,209,THR,N,207,MET,O,3.298,bb-bb
8ef6,active,222,THR,N,207,MET,O,3.363,bb-bb
8ef6,active,222,THR,OG1,207,MET,O,2.977,bb-sc
8ef6,active,209,THR,N,220,THR,O,3.428,bb-bb
8ef6,active,209,THR,OG1,222,THR,OG1,3.113,sc-sc
8ef6,active,222,THR,OG1,209,THR,OG1,3.113,sc-sc
8ef6,active,213,ARG,N,211,LYS,O,3.414,bb-bb
8ef6,active,211,LYS,N,218,ASP,O,3.359,bb-bb
8ef6,active,218,ASP,N,211,LYS,O,3.006,bb-bb
8ef6,active,215,GLY,N,213,ARG,O,3.294,bb-bb
8ef6,active,213,ARG,N,216,SER,O,2.842,bb-bb
8ef6,active,216,SER,N,213,ARG,O,2.945,bb-bb
8ef6,active,216,SER,OG,213,ARG,O,2.608,bb-sc
8ef6,active,216,SER,N,214,GLN,O,3.328,bb-bb
8ef6,active,229,TYR,N,227,THR,O,3.387,bb-bb
8ef6,active,231,GLU,N,227,THR,O,2.937,bb-bb
8ef6,active,231,GLU,N,228,TRP,O,3.497,bb-bb
8ef6,active,232,ASN,N,228,TRP,O,2.955,bb-bb
8ef6,active,231,GLU,N,229,TYR,O,3.453,bb-bb
8ef6,active,232,ASN,N,229,TYR,O,3.412,bb-bb
8ef6,active,233,LEU,N,229,TYR,O,2.905,bb-bb
8ef6,active,233,LEU,N,230,TRP,O,3.321,bb-bb
8ef6,active,234,LEU,N,230,TRP,O,2.921,bb-bb
8ef6,active,234,LEU,N,231,GLU,O,3.402,bb-bb
8ef6,active,235,LYS,N,231,GLU,O,2.998,bb-bb
8ef6,active,235,LYS,NZ,231,GLU,OE2,3.345,sc-sc
8ef6,active,234,LEU,N,232,ASN,O,3.45,bb-bb
8ef6,active,235,LYS,N,232,ASN,O,3.316,bb-bb
8ef6,active,236,ILE,N,232,ASN,O,2.858,bb-bb
8ef6,active,237,CYS,N,233,LEU,O,2.974,bb-bb
8ef6,active,237,CYS,N,234,LEU,O,3.488,bb-bb
8ef6,active,238,VAL,N,234,LEU,O,2.94,bb-bb
8ef6,active,239,PHE,N,235,LYS,O,2.901,bb-bb
8ef6,active,239,PHE,N,236,ILE,O,3.34,bb-bb
8ef6,active,240,ILE,N,236,ILE,O,2.905,bb-bb
8ef6,active,239,PHE,N,237,CYS,O,3.484,bb-bb
8ef6,active,241,PHE,N,237,CYS,O,2.939,bb-bb
8ef6,active,242,ALA,N,238,VAL,O,2.931,bb-bb
8ef6,active,243,PHE,N,239,PHE,O,2.912,bb-bb
8ef6,active,242,ALA,N,240,ILE,O,3.326,bb-bb
8ef6,active,243,PHE,N,240,ILE,O,3.417,bb-bb
8ef6,active,244,ILE,N,240,ILE,O,2.924,bb-bb
8ef6,active,245,MET,N,240,ILE,O,3.232,bb-bb
8ef6,active,247,VAL,N,243,PHE,O,3.128,bb-bb
8ef6,active,248,LEU,N,244,ILE,O,3.294,bb-bb
8ef6,active,247,VAL,N,245,MET,O,3.496,bb-bb
8ef6,active,248,LEU,N,245,MET,O,3.378,bb-bb
8ef6,active,249,ILE,N,245,MET,O,2.958,bb-bb
8ef6,active,248,LEU,N,246,PRO,O,3.487,bb-bb
8ef6,active,249,ILE,N,246,PRO,O,3.395,bb-bb
8ef6,active,250,ILE,N,246,PRO,O,2.92,bb-bb
8ef6,active,251,THR,N,247,VAL,O,2.888,bb-bb
8ef6,active,251,THR,OG1,247,VAL,O,2.686,bb-sc
8ef6,active,252,VAL,N,248,LEU,O,2.953,bb-bb
8ef6,active,253,CYS,N,249,ILE,O,2.969,bb-bb
8ef6,active,254,TYR,N,250,ILE,O,2.96,bb-bb
8ef6,active,255,GLY,N,251,THR,O,2.904,bb-bb
8ef6,active,255,GLY,N,252,VAL,O,3.352,bb-bb
8ef6,active,256,LEU,N,252,VAL,O,2.957,bb-bb
8ef6,active,257,MET,N,253,CYS,O,2.93,bb-bb
8ef6,active,257,MET,N,254,TYR,O,3.273,bb-bb
8ef6,active,258,ILE,N,254,TYR,O,2.866,bb-bb
8ef6,active,257,MET,N,255,GLY,O,3.425,bb-bb
8ef6,active,258,ILE,N,255,GLY,O,3.252,bb-bb
8ef6,active,259,LEU,N,255,GLY,O,3.021,bb-bb
8ef6,active,259,LEU,N,256,LEU,O,3.354,bb-bb
8ef6,active,260,ARG,N,256,LEU,O,2.945,bb-bb
8ef6,active,259,LEU,N,257,MET,O,3.481,bb-bb
8ef6,active,260,ARG,N,257,MET,O,3.295,bb-bb
8ef6,active,261,LEU,N,257,MET,O,2.895,bb-bb
8ef6,active,260,ARG,N,258,ILE,O,3.461,bb-bb
8ef6,active,261,LEU,N,258,ILE,O,3.292,bb-bb
8ef6,active,262,LYS,N,258,ILE,O,2.924,bb-bb
8ef6,active,262,LYS,N,259,LEU,O,3.353,bb-bb
8ef6,active,263,SER,N,259,LEU,O,2.999,bb-bb
8ef6,active,262,LYS,N,260,ARG,O,3.451,bb-bb
8ef6,active,263,SER,N,260,ARG,O,3.058,bb-bb
8ef6,active,264,VAL,N,260,ARG,O,3.041,bb-bb
8ef6,active,263,SER,N,261,LEU,O,3.495,bb-bb
8ef6,active,264,VAL,N,261,LEU,O,3.251,bb-bb
8ef6,active,264,VAL,N,262,LYS,O,3.409,bb-bb
8ef6,active,265,ARG,N,263,SER,O,3.37,bb-bb
8ef6,active,266,MET,N,264,VAL,O,3.486,bb-bb
8ef6,active,268,SER,OG,265,ARG,O,3.392,bb-sc
8ef6,active,268,SER,N,266,MET,O,3.469,bb-bb
8ef6,active,272,GLU,N,270,SER,O,3.475,bb-bb
8ef6,active,273,LYS,N,270,SER,O,3.334,bb-bb
8ef6,active,273,LYS,N,270,SER,OG,3.481,bb-sc
8ef6,active,274,ASP,N,270,SER,O,2.801,bb-bb
8ef6,active,274,ASP,N,271,LYS,O,3.413,bb-bb
8ef6,active,275,ARG,N,271,LYS,O,2.901,bb-bb
8ef6,active,275,ARG,N,272,GLU,O,3.264,bb-bb
8ef6,active,275,ARG,NH2,272,GLU,OE1,2.616,sc-sc
8ef6,active,276,ASN,N,272,GLU,O,2.981,bb-bb
8ef6,active,276,ASN,N,273,LYS,O,3.266,bb-bb
8ef6,active,277,LEU,N,273,LYS,O,2.928,bb-bb
8ef6,active,277,LEU,N,274,ASP,O,3.352,bb-bb
8ef6,active,278,ARG,N,274,ASP,O,2.887,bb-bb
8ef6,active,278,ARG,N,275,ARG,O,3.293,bb-bb
8ef6,active,279,ARG,N,275,ARG,O,2.926,bb-bb
8ef6,active,278,ARG,N,276,ASN,O,3.483,bb-bb
8ef6,active,279,ARG,N,276,ASN,O,3.26,bb-bb
8ef6,active,279,ARG,NH2,276,ASN,OD1,2.947,sc-sc
8ef6,active,280,ILE,N,276,ASN,O,2.982,bb-bb
8ef6,active,279,ARG,N,277,LEU,O,3.464,bb-bb
8ef6,active,280,ILE,N,277,LEU,O,3.297,bb-bb
8ef6,active,281,THR,N,277,LEU,O,2.95,bb-bb
8ef6,active,281,THR,OG1,277,LEU,O,2.964,bb-sc
8ef6,active,281,THR,N,278,ARG,O,3.426,bb-bb
8ef6,active,282,ARG,N,278,ARG,O,2.882,bb-bb
8ef6,active,282,ARG,N,279,ARG,O,3.421,bb-bb
8ef6,active,283,MET,N,279,ARG,O,2.931,bb-bb
8ef6,active,282,ARG,N,280,ILE,O,3.459,bb-bb
8ef6,active,283,MET,N,280,ILE,O,3.228,bb-bb
8ef6,active,284,VAL,N,280,ILE,O,2.993,bb-bb
8ef6,active,283,MET,N,281,THR,O,3.488,bb-bb
8ef6,active,284,VAL,N,281,THR,O,3.364,bb-bb
8ef6,active,285,LEU,N,281,THR,O,2.97,bb-bb
8ef6,active,284,VAL,N,282,ARG,O,3.488,bb-bb
8ef6,active,285,LEU,N,282,ARG,O,3.373,bb-bb
8ef6,active,286,VAL,N,282,ARG,O,2.909,bb-bb
8ef6,active,286,VAL,N,283,MET,O,3.366,bb-bb
8ef6,active,287,VAL,N,283,MET,O,3.019,bb-bb
8ef6,active,286,VAL,N,284,VAL,O,3.414,bb-bb
8ef6,active,287,VAL,N,284,VAL,O,3.181,bb-bb
8ef6,active,288,VAL,N,284,VAL,O,3.024,bb-bb
8ef6,active,288,VAL,N,285,LEU,O,3.473,bb-bb
8ef6,active,289,ALA,N,285,LEU,O,2.889,bb-bb
8ef6,active,289,ALA,N,286,VAL,O,3.426,bb-bb
8ef6,active,290,VAL,N,286,VAL,O,2.9,bb-bb
8ef6,active,289,ALA,N,287,VAL,O,3.487,bb-bb
8ef6,active,290,VAL,N,287,VAL,O,3.457,bb-bb
8ef6,active,291,PHE,N,287,VAL,O,3.077,bb-bb
8ef6,active,291,PHE,N,288,VAL,O,3.353,bb-bb
8ef6,active,292,ILE,N,288,VAL,O,3.002,bb-bb
8ef6,active,291,PHE,N,289,ALA,O,3.473,bb-bb
8ef6,active,292,ILE,N,289,ALA,O,3.425,bb-bb
8ef6,active,293,VAL,N,289,ALA,O,2.899,bb-bb
8ef6,active,294,CYS,N,290,VAL,O,2.965,bb-bb
8ef6,active,295,TRP,N,291,PHE,O,3.047,bb-bb
8ef6,active,294,CYS,N,292,ILE,O,3.365,bb-bb
8ef6,active,295,TRP,N,292,ILE,O,3.472,bb-bb
8ef6,active,296,THR,N,292,ILE,O,2.959,bb-bb
8ef6,active,296,THR,OG1,292,ILE,O,2.389,bb-sc
8ef6,active,299,HIS,ND1,295,TRP,O,2.564,bb-sc
8ef6,active,298,ILE,N,296,THR,O,3.49,bb-bb
8ef6,active,300,ILE,N,296,THR,O,3.079,bb-bb
8ef6,active,299,HIS,N,297,PRO,O,3.48,bb-bb
8ef6,active,300,ILE,N,297,PRO,O,3.453,bb-bb
8ef6,active,301,TYR,N,297,PRO,O,2.84,bb-bb
8ef6,active,301,TYR,N,298,ILE,O,3.421,bb-bb
8ef6,active,302,VAL,N,298,ILE,O,2.942,bb-bb
8ef6,active,301,TYR,N,299,HIS,O,3.427,bb-bb
8ef6,active,302,VAL,N,299,HIS,O,3.325,bb-bb
8ef6,active,303,ILE,N,299,HIS,O,3.046,bb-bb
8ef6,active,302,VAL,N,300,ILE,O,3.479,bb-bb
8ef6,active,303,ILE,N,300,ILE,O,3.266,bb-bb
8ef6,active,304,ILE,N,300,ILE,O,2.895,bb-bb
8ef6,active,304,ILE,N,301,TYR,O,3.442,bb-bb
8ef6,active,305,LYS,N,301,TYR,O,2.86,bb-bb
8ef6,active,301,TYR,OH,316,GLN,NE2,2.926,sc-sc
8ef6,active,316,GLN,NE2,301,TYR,OH,2.926,sc-sc
8ef6,active,304,ILE,N,302,VAL,O,3.493,bb-bb
8ef6,active,305,LYS,N,302,VAL,O,3.347,bb-bb
8ef6,active,306,ALA,N,302,VAL,O,2.929,bb-bb
8ef6,active,306,ALA,N,303,ILE,O,3.412,bb-bb
8ef6,active,307,LEU,N,303,ILE,O,2.943,bb-bb
8ef6,active,306,ALA,N,304,ILE,O,3.466,bb-bb
8ef6,active,307,LEU,N,304,ILE,O,3.393,bb-bb
8ef6,active,308,VAL,N,304,ILE,O,2.821,bb-bb
8ef6,active,310,ILE,N,308,VAL,O,3.483,bb-bb
8ef6,active,313,THR,N,311,PRO,O,3.43,bb-bb
8ef6,active,313,THR,OG1,311,PRO,O,3.26,bb-sc
8ef6,active,316,GLN,N,313,THR,O,3.217,bb-bb
8ef6,active,317,THR,N,313,THR,O,3.034,bb-bb
8ef6,active,317,THR,OG1,313,THR,O,3.112,bb-sc
8ef6,active,316,GLN,N,314,THR,O,3.425,bb-bb
8ef6,active,317,THR,N,314,THR,O,3.262,bb-bb
8ef6,active,318,VAL,N,314,THR,O,2.976,bb-bb
8ef6,active,318,VAL,N,315,PHE,O,3.334,bb-bb
8ef6,active,319,SER,N,315,PHE,O,2.885,bb-bb
8ef6,active,319,SER,N,316,GLN,O,3.359,bb-bb
8ef6,active,320,TRP,N,316,GLN,O,2.953,bb-bb
8ef6,active,320,TRP,N,317,THR,O,3.311,bb-bb
8ef6,active,321,HIS,N,317,THR,O,3.016,bb-bb
8ef6,active,320,TRP,N,318,VAL,O,3.464,bb-bb
8ef6,active,322,PHE,N,318,VAL,O,2.83,bb-bb
8ef6,active,322,PHE,N,319,SER,O,3.386,bb-bb
8ef6,active,323,CYS,N,319,SER,O,2.928,bb-bb
8ef6,active,322,PHE,N,320,TRP,O,3.369,bb-bb
8ef6,active,323,CYS,N,320,TRP,O,3.366,bb-bb
8ef6,active,324,ILE,N,320,TRP,O,3.076,bb-bb
8ef6,active,325,ALA,N,321,HIS,O,2.889,bb-bb
8ef6,active,325,ALA,N,322,PHE,O,3.215,bb-bb
8ef6,active,326,LEU,N,322,PHE,O,2.905,bb-bb
8ef6,active,325,ALA,N,323,CYS,O,3.464,bb-bb
8ef6,active,326,LEU,N,323,CYS,O,3.336,bb-bb
8ef6,active,327,GLY,N,323,CYS,O,3.021,bb-bb
8ef6,active,326,LEU,N,324,ILE,O,3.481,bb-bb
8ef6,active,327,GLY,N,324,ILE,O,3.235,bb-bb
8ef6,active,328,TYR,N,324,ILE,O,3.031,bb-bb
8ef6,active,328,TYR,N,325,ALA,O,3.426,bb-bb
8ef6,active,329,THR,N,325,ALA,O,2.795,bb-bb
8ef6,active,329,THR,OG1,325,ALA,O,2.268,bb-sc
8ef6,active,328,TYR,N,326,LEU,O,3.468,bb-bb
8ef6,active,329,THR,N,326,LEU,O,3.082,bb-bb
8ef6,active,330,ASN,N,326,LEU,O,3.111,bb-bb
8ef6,active,330,ASN,N,328,TYR,O,3.384,bb-bb
8ef6,active,331,SER,N,328,TYR,O,3.115,bb-bb
8ef6,active,332,CYS,N,328,TYR,O,2.963,bb-bb
8ef6,active,331,SER,N,329,THR,O,3.49,bb-bb
8ef6,active,332,CYS,N,329,THR,O,3.129,bb-bb
8ef6,active,333,LEU,N,329,THR,O,2.88,bb-bb
8ef6,active,332,CYS,N,330,ASN,O,3.385,bb-bb
8ef6,active,333,LEU,N,330,ASN,O,3.232,bb-bb
8ef6,active,334,ASN,N,330,ASN,O,2.909,bb-bb
8ef6,active,334,ASN,ND2,330,ASN,O,2.988,bb-sc
8ef6,active,336,VAL,N,333,LEU,O,3.359,bb-bb
8ef6,active,337,LEU,N,333,LEU,O,3.121,bb-bb
8ef6,active,338,TYR,N,334,ASN,O,2.93,bb-bb
8ef6,active,337,LEU,N,335,PRO,O,3.49,bb-bb
8ef6,active,339,ALA,N,335,PRO,O,2.874,bb-bb
8ef6,active,340,PHE,N,335,PRO,O,2.999,bb-bb
8ef6,active,341,LEU,N,336,VAL,O,3.304,bb-bb
8ef6,active,342,ASP,N,339,ALA,O,3.236,bb-bb
8ef6,active,342,ASP,N,340,PHE,O,3.461,bb-bb
8ef6,active,343,GLU,N,341,LEU,O,3.497,bb-bb
8ef6,active,344,ASN,N,342,ASP,O,3.491,bb-bb
8ef6,active,344,ASN,N,342,ASP,OD1,3.485,bb-sc
8ef6,active,345,PHE,N,342,ASP,O,3.437,bb-bb
8ef6,active,346,LYS,N,342,ASP,O,2.855,bb-bb
8ef6,active,346,LYS,N,343,GLU,O,3.213,bb-bb
8ef6,active,347,ARG,N,343,GLU,O,2.922,bb-bb
8ef6,active,348,CYS,N,344,ASN,O,3.39,bb-bb
8ef6,active,347,ARG,N,345,PHE,O,3.389,bb-bb
8ef6,active,348,CYS,N,345,PHE,O,3.037,bb-bb
8ef6,active,349,PHE,N,345,PHE,O,2.892,bb-bb
8ef6,active,348,CYS,N,346,LYS,O,3.489,bb-bb
8ef6,active,349,PHE,N,346,LYS,O,3.352,bb-bb
8ef6,active,350,ARG,N,346,LYS,O,2.932,bb-bb
8ef6,active,350,ARG,N,347,ARG,O,3.301,bb-bb
8ef6,active,351,GLU,N,347,ARG,O,2.909,bb-bb
8ef6,active,351,GLU,N,348,CYS,O,3.467,bb-bb
8ef6,active,352,PHE,N,348,CYS,O,3.3,bb-bb
8ef6,active,351,GLU,N,349,PHE,O,3.488,bb-bb
8efb,active,71,ILE,N,69,THR,O,3.481,bb-bb
8efb,active,72,THR,N,69,THR,O,3.301,bb-bb
8efb,active,73,ILE,N,69,THR,O,3.12,bb-bb
8efb,active,72,THR,N,70,ALA,O,3.487,bb-bb
8efb,active,73,ILE,N,70,ALA,O,3.37,bb-bb
8efb,active,74,MET,N,70,ALA,O,2.928,bb-bb
8efb,active,74,MET,N,71,ILE,O,3.361,bb-bb
8efb,active,75,ALA,N,71,ILE,O,2.877,bb-bb
8efb,active,75,ALA,N,72,THR,O,3.308,bb-bb
8efb,active,76,LEU,N,72,THR,O,2.902,bb-bb
8efb,active,75,ALA,N,73,ILE,O,3.48,bb-bb
8efb,active,76,LEU,N,73,ILE,O,3.251,bb-bb
8efb,active,77,TYR,N,73,ILE,O,2.951,bb-bb
8efb,active,76,LEU,N,74,MET,O,3.476,bb-bb
8efb,active,77,TYR,N,74,MET,O,3.385,bb-bb
8efb,active,78,SER,N,74,MET,O,2.9,bb-bb
8efb,active,78,SER,OG,74,MET,O,2.814,bb-sc
8efb,active,78,SER,N,75,ALA,O,3.32,bb-bb
8efb,active,79,ILE,N,75,ALA,O,2.915,bb-bb
8efb,active,78,SER,N,76,LEU,O,3.424,bb-bb
8efb,active,80,VAL,N,76,LEU,O,2.985,bb-bb
8efb,active,81,CYS,N,77,TYR,O,2.909,bb-bb
8efb,active,77,TYR,OH,321,HIS,ND1,3.053,sc-sc
8efb,active,321,HIS,ND1,77,TYR,OH,3.053,sc-sc
8efb,active,80,VAL,N,78,SER,O,3.412,bb-bb
8efb,active,81,CYS,N,78,SER,O,3.201,bb-bb
8efb,active,82,VAL,N,78,SER,O,2.895,bb-bb
8efb,active,81,CYS,N,79,ILE,O,3.453,bb-bb
8efb,active,82,VAL,N,79,ILE,O,3.334,bb-bb
8efb,active,83,VAL,N,79,ILE,O,2.986,bb-bb
8efb,active,84,GLY,N,80,VAL,O,2.889,bb-bb
8efb,active,84,GLY,N,81,CYS,O,3.375,bb-bb
8efb,active,85,LEU,N,81,CYS,O,2.877,bb-bb
8efb,active,84,GLY,N,82,VAL,O,3.428,bb-bb
8efb,active,85,LEU,N,82,VAL,O,3.484,bb-bb
8efb,active,86,PHE,N,82,VAL,O,2.955,bb-bb
8efb,active,86,PHE,N,83,VAL,O,3.454,bb-bb
8efb,active,87,GLY,N,83,VAL,O,2.918,bb-bb
8efb,active,87,GLY,N,84,GLY,O,3.477,bb-bb
8efb,active,88,ASN,N,84,GLY,O,2.92,bb-bb
8efb,active,88,ASN,ND2,84,GLY,O,2.621,bb-sc
8efb,active,87,GLY,N,85,LEU,O,3.483,bb-bb
8efb,active,89,PHE,N,85,LEU,O,2.927,bb-bb
8efb,active,90,LEU,N,86,PHE,O,2.951,bb-bb
8efb,active,90,LEU,N,87,GLY,O,3.42,bb-bb
8efb,active,91,VAL,N,87,GLY,O,2.906,bb-bb
8efb,active,91,VAL,N,88,ASN,O,3.375,bb-bb
8efb,active,92,MET,N,88,ASN,O,2.989,bb-bb
8efb,active,88,ASN,ND2,116,ASP,O,3.291,bb-sc
8efb,active,91,VAL,N,89,PHE,O,3.483,bb-bb
8efb,active,92,MET,N,89,PHE,O,3.359,bb-bb
8efb,active,93,TYR,N,89,PHE,O,2.887,bb-bb
8efb,active,93,TYR,N,90,LEU,O,3.319,bb-bb
8efb,active,94,VAL,N,90,LEU,O,2.909,bb-bb
8efb,active,93,TYR,N,91,VAL,O,3.434,bb-bb
8efb,active,94,VAL,N,91,VAL,O,3.298,bb-bb
8efb,active,95,ILE,N,91,VAL,O,2.989,bb-bb
8efb,active,95,ILE,N,92,MET,O,3.339,bb-bb
8efb,active,96,VAL,N,92,MET,O,2.967,bb-bb
8efb,active,96,VAL,N,93,TYR,O,3.424,bb-bb
8efb,active,97,ARG,N,93,TYR,O,2.915,bb-bb
8efb,active,98,TYR,N,94,VAL,O,3.177,bb-bb
8efb,active,99,THR,N,95,ILE,O,3.169,bb-bb
8efb,active,100,LYS,N,95,ILE,O,2.858,bb-bb
8efb,active,100,LYS,N,98,TYR,O,3.395,bb-bb
8efb,active,101,MET,N,99,THR,O,3.122,bb-bb
8efb,active,102,LYS,N,99,THR,O,3.4,bb-bb
8efb,active,102,LYS,N,100,LYS,O,3.318,bb-bb
8efb,active,106,ASN,ND2,103,THR,OG1,3.442,sc-sc
8efb,active,107,ILE,N,103,THR,O,3.375,bb-bb
8efb,active,106,ASN,N,104,ALA,O,3.169,bb-bb
8efb,active,107,ILE,N,104,ALA,O,2.793,bb-bb
8efb,active,108,TYR,N,104,ALA,O,3.002,bb-bb
8efb,active,107,ILE,N,105,THR,O,3.495,bb-bb
8efb,active,108,TYR,N,105,THR,O,3.192,bb-bb
8efb,active,109,ILE,N,105,THR,O,2.909,bb-bb
8efb,active,109,ILE,N,106,ASN,O,3.326,bb-bb
8efb,active,110,PHE,N,106,ASN,O,2.913,bb-bb
8efb,active,109,ILE,N,107,ILE,O,3.442,bb-bb
8efb,active,110,PHE,N,107,ILE,O,3.29,bb-bb
8efb,active,111,ASN,N,107,ILE,O,2.887,bb-bb
8efb,active,111,ASN,N,108,TYR,O,3.311,bb-bb
8efb,active,112,LEU,N,108,TYR,O,2.949,bb-bb
8efb,active,111,ASN,N,109,ILE,O,3.436,bb-bb
8efb,active,112,LEU,N,109,ILE,O,3.265,bb-bb
8efb,active,113,ALA,N,109,ILE,O,2.877,bb-bb
8efb,active,113,ALA,N,110,PHE,O,3.386,bb-bb
8efb,active,114,LEU,N,110,PHE,O,2.885,bb-bb
8efb,active,114,LEU,N,111,ASN,O,3.328,bb-bb
8efb,active,115,ALA,N,111,ASN,O,3.039,bb-bb
8efb,active,111,ASN,ND2,190,ASN,OD1,3.003,sc-sc
8efb,active,194,TRP,NE1,111,ASN,OD1,3.253,sc-sc
8efb,active,114,LEU,N,112,LEU,O,3.453,bb-bb
8efb,active,116,ASP,N,112,LEU,O,2.976,bb-bb
8efb,active,117,ALA,N,113,ALA,O,2.841,bb-bb
8efb,active,116,ASP,N,114,LEU,O,3.396,bb-bb
8efb,active,117,ALA,N,114,LEU,O,3.138,bb-bb
8efb,active,118,LEU,N,114,LEU,O,2.978,bb-bb
8efb,active,117,ALA,N,115,ALA,O,3.48,bb-bb
8efb,active,118,LEU,N,115,ALA,O,3.35,bb-bb
8efb,active,119,ALA,N,115,ALA,O,3.002,bb-bb
8efb,active,119,ALA,N,116,ASP,O,3.327,bb-bb
8efb,active,120,THR,N,116,ASP,O,2.903,bb-bb
8efb,active,120,THR,OG1,116,ASP,O,2.999,bb-sc
8efb,active,156,SER,OG,116,ASP,OD1,2.849,sc-sc
8efb,active,120,THR,N,117,ALA,O,3.454,bb-bb
8efb,active,120,THR,OG1,117,ALA,O,2.734,bb-sc
8efb,active,121,SER,N,117,ALA,O,2.888,bb-bb
8efb,active,121,SER,OG,117,ALA,O,3.492,bb-sc
8efb,active,120,THR,N,118,LEU,O,3.493,bb-bb
8efb,active,121,SER,N,118,LEU,O,3.173,bb-bb
8efb,active,121,SER,OG,118,LEU,O,2.375,bb-sc
8efb,active,122,THR,N,118,LEU,O,2.966,bb-bb
8efb,active,122,THR,OG1,118,LEU,O,2.647,bb-sc
8efb,active,121,SER,N,119,ALA,O,3.455,bb-bb
8efb,active,122,THR,N,119,ALA,O,3.073,bb-bb
8efb,active,123,LEU,N,119,ALA,O,2.996,bb-bb
8efb,active,122,THR,N,120,THR,O,3.344,bb-bb
8efb,active,123,LEU,N,120,THR,O,3.187,bb-bb
8efb,active,125,PHE,N,123,LEU,O,3.34,bb-bb
8efb,active,126,GLN,N,123,LEU,O,3.186,bb-bb
8efb,active,127,SER,N,123,LEU,O,3.102,bb-bb
8efb,active,126,GLN,N,124,PRO,O,3.43,bb-bb
8efb,active,127,SER,N,124,PRO,O,3.172,bb-bb
8efb,active,127,SER,OG,124,PRO,O,2.522,bb-sc
8efb,active,128,VAL,N,124,PRO,O,2.865,bb-bb
8efb,active,128,VAL,N,125,PHE,O,3.378,bb-bb
8efb,active,129,ASN,N,125,PHE,O,2.937,bb-bb
8efb,active,128,VAL,N,126,GLN,O,3.496,bb-bb
8efb,active,129,ASN,N,126,GLN,O,3.271,bb-bb
8efb,active,130,TYR,N,126,GLN,O,2.966,bb-bb
8efb,active,126,GLN,NE2,149,ASP,OD2,2.426,sc-sc
8efb,active,126,GLN,NE2,328,TYR,OH,2.608,sc-sc
8efb,active,328,TYR,OH,126,GLN,OE1,2.987,sc-sc
8efb,active,328,TYR,OH,126,GLN,NE2,2.608,sc-sc
8efb,active,129,ASN,N,127,SER,O,3.451,bb-bb
8efb,active,130,TYR,N,127,SER,O,3.217,bb-bb
8efb,active,131,LEU,N,127,SER,O,2.978,bb-bb
8efb,active,130,TYR,N,128,VAL,O,3.458,bb-bb
8efb,active,131,LEU,N,128,VAL,O,3.322,bb-bb
8efb,active,132,MET,N,128,VAL,O,2.874,bb-bb
8efb,active,133,GLY,N,129,ASN,O,2.993,bb-bb
8efb,active,133,GLY,N,131,LEU,O,3.297,bb-bb
8efb,active,217,ILE,N,134,THR,OG1,3.01,bb-sc
8efb,active,135,TRP,NE1,138,GLY,O,2.933,bb-sc
8efb,active,135,TRP,N,217,ILE,O,3.21,bb-bb
8efb,active,138,GLY,N,136,PRO,O,3.495,bb-bb
8efb,active,142,CYS,N,138,GLY,O,3.016,bb-bb
8efb,active,142,CYS,N,139,THR,O,3.267,bb-bb
8efb,active,143,LYS,N,139,THR,O,2.919,bb-bb
8efb,active,139,THR,OG1,210,THR,OG1,2.897,sc-sc
8efb,active,210,THR,OG1,139,THR,OG1,2.897,sc-sc
8efb,active,142,CYS,N,140,ILE,O,3.458,bb-bb
8efb,active,143,LYS,N,140,ILE,O,3.21,bb-bb
8efb,active,144,ILE,N,140,ILE,O,3.026,bb-bb
8efb,active,143,LYS,N,141,LEU,O,3.423,bb-bb
8efb,active,144,ILE,N,141,LEU,O,3.249,bb-bb
8efb,active,145,VAL,N,141,LEU,O,2.851,bb-bb
8efb,active,145,VAL,N,142,CYS,O,3.336,bb-bb
8efb,active,146,ILE,N,142,CYS,O,2.933,bb-bb
8efb,active,145,VAL,N,143,LYS,O,3.461,bb-bb
8efb,active,146,ILE,N,143,LYS,O,3.428,bb-bb
8efb,active,147,SER,N,143,LYS,O,2.981,bb-bb
8efb,active,143,LYS,NZ,206,PHE,O,2.654,bb-sc
8efb,active,143,LYS,NZ,208,ALA,O,2.862,bb-sc
8efb,active,148,ILE,N,144,ILE,O,2.966,bb-bb
8efb,active,149,ASP,N,145,VAL,O,2.947,bb-bb
8efb,active,148,ILE,N,146,ILE,O,3.451,bb-bb
8efb,active,149,ASP,N,146,ILE,O,3.264,bb-bb
8efb,active,150,TYR,N,146,ILE,O,2.974,bb-bb
8efb,active,149,ASP,N,147,SER,O,3.474,bb-bb
8efb,active,151,TYR,N,147,SER,O,2.879,bb-bb
8efb,active,151,TYR,N,148,ILE,O,3.427,bb-bb
8efb,active,152,ASN,N,148,ILE,O,2.873,bb-bb
8efb,active,152,ASN,ND2,148,ILE,O,2.695,bb-sc
8efb,active,151,TYR,N,149,ASP,O,3.489,bb-bb
8efb,active,152,ASN,N,149,ASP,O,3.384,bb-bb
8efb,active,153,MET,N,149,ASP,O,3.028,bb-bb
8efb,active,328,TYR,OH,149,ASP,OD1,2.962,sc-sc
8efb,active,328,TYR,OH,149,ASP,OD2,2.526,sc-sc
8efb,active,152,ASN,N,150,TYR,O,3.465,bb-bb
8efb,active,153,MET,N,150,TYR,O,3.261,bb-bb
8efb,active,154,PHE,N,150,TYR,O,3.022,bb-bb
8efb,active,155,THR,N,151,TYR,O,2.876,bb-bb
8efb,active,155,THR,OG1,151,TYR,O,2.628,bb-sc
8efb,active,151,TYR,OH,194,TRP,O,3.262,bb-sc
8efb,active,155,THR,N,152,ASN,O,3.398,bb-bb
8efb,active,156,SER,N,152,ASN,O,2.854,bb-bb
8efb,active,156,SER,OG,152,ASN,O,2.964,bb-sc
8efb,active,157,ILE,N,153,MET,O,3.027,bb-bb
8efb,active,156,SER,N,154,PHE,O,3.497,bb-bb
8efb,active,157,ILE,N,154,PHE,O,3.388,bb-bb
8efb,active,158,TRP,N,154,PHE,O,2.898,bb-bb
8efb,active,158,TRP,N,155,THR,O,3.449,bb-bb
8efb,active,159,THR,N,155,THR,O,2.86,bb-bb
8efb,active,159,THR,OG1,155,THR,O,2.607,bb-sc
8efb,active,155,THR,N,197,SER,OG,3.429,bb-sc
8efb,active,155,THR,OG1,197,SER,OG,3.19,sc-sc
8efb,active,197,SER,OG,155,THR,OG1,3.19,sc-sc
8efb,active,158,TRP,N,156,SER,O,3.447,bb-bb
8efb,active,159,THR,N,156,SER,O,3.371,bb-bb
8efb,active,160,LEU,N,156,SER,O,2.989,bb-bb
8efb,active,160,LEU,N,157,ILE,O,3.319,bb-bb
8efb,active,161,CYS,N,157,ILE,O,3.038,bb-bb
8efb,active,160,LEU,N,158,TRP,O,3.421,bb-bb
8efb,active,161,CYS,N,158,TRP,O,3.131,bb-bb
8efb,active,162,THR,N,158,TRP,O,2.826,bb-bb
8efb,active,162,THR,OG1,158,TRP,O,2.892,bb-sc
8efb,active,161,CYS,N,159,THR,O,3.45,bb-bb
8efb,active,162,THR,N,159,THR,O,3.426,bb-bb
8efb,active,163,MET,N,159,THR,O,2.938,bb-bb
8efb,active,163,MET,N,160,LEU,O,3.396,bb-bb
8efb,active,164,SER,N,160,LEU,O,3.008,bb-bb
8efb,active,163,MET,N,161,CYS,O,3.376,bb-bb
8efb,active,164,SER,N,161,CYS,O,3.073,bb-bb
8efb,active,165,VAL,N,161,CYS,O,2.884,bb-bb
8efb,active,165,VAL,N,162,THR,O,3.322,bb-bb
8efb,active,166,ASP,N,162,THR,O,2.84,bb-bb
8efb,active,193,ASN,ND2,162,THR,OG1,3.148,sc-sc
8efb,active,165,VAL,N,163,MET,O,3.483,bb-bb
8efb,active,166,ASP,N,163,MET,O,3.384,bb-bb
8efb,active,167,ARG,N,163,MET,O,2.96,bb-bb
8efb,active,167,ARG,N,164,SER,O,3.442,bb-bb
8efb,active,168,TYR,N,164,SER,O,2.929,bb-bb
8efb,active,167,ARG,N,165,VAL,O,3.499,bb-bb
8efb,active,168,TYR,N,165,VAL,O,3.207,bb-bb
8efb,active,169,ILE,N,165,VAL,O,2.875,bb-bb
8efb,active,168,TYR,N,166,ASP,O,3.438,bb-bb
8efb,active,169,ILE,N,166,ASP,O,3.299,bb-bb
8efb,active,170,ALA,N,166,ASP,O,2.92,bb-bb
8efb,active,181,ARG,NE,166,ASP,OD1,3.037,sc-sc
8efb,active,170,ALA,N,167,ARG,O,3.354,bb-bb
8efb,active,171,VAL,N,167,ARG,O,2.964,bb-bb
8efb,active,167,ARG,NH1,254,TYR,OH,3.38,sc-sc
8efb,active,170,ALA,N,168,TYR,O,3.491,bb-bb
8efb,active,172,CYS,N,168,TYR,O,2.91,bb-bb
8efb,active,173,HIS,N,169,ILE,O,3.009,bb-bb
8efb,active,177,ALA,N,173,HIS,O,2.862,bb-bb
8efb,active,177,ALA,N,174,PRO,O,3.299,bb-bb
8efb,active,177,ALA,N,175,VAL,O,3.431,bb-bb
8efb,active,178,LEU,N,176,LYS,O,3.424,bb-bb
8efb,active,179,ASP,N,176,LYS,O,3.326,bb-bb
8efb,active,180,PHE,N,176,LYS,O,2.903,bb-bb
8efb,active,181,ARG,N,177,ALA,O,2.885,bb-bb
8efb,active,182,THR,N,180,PHE,O,3.478,bb-bb
8efb,active,185,ASN,ND2,180,PHE,O,3.301,bb-sc
8efb,active,184,ARG,N,182,THR,O,3.463,bb-bb
8efb,active,185,ASN,N,182,THR,O,3.475,bb-bb
8efb,active,185,ASN,N,182,THR,OG1,3.345,bb-sc
8efb,active,185,ASN,ND2,182,THR,OG1,2.538,sc-sc
8efb,active,186,ALA,N,182,THR,O,3.106,bb-bb
8efb,active,186,ALA,N,183,PRO,O,3.344,bb-bb
8efb,active,187,LYS,N,183,PRO,O,2.936,bb-bb
8efb,active,186,ALA,N,184,ARG,O,3.458,bb-bb
8efb,active,187,LYS,N,184,ARG,O,3.249,bb-bb
8efb,active,188,ILE,N,184,ARG,O,2.989,bb-bb
8efb,active,187,LYS,N,185,ASN,O,3.474,bb-bb
8efb,active,188,ILE,N,185,ASN,O,3.256,bb-bb
8efb,active,189,ILE,N,185,ASN,O,2.93,bb-bb
8efb,active,189,ILE,N,186,ALA,O,3.446,bb-bb
8efb,active,190,ASN,N,186,ALA,O,2.925,bb-bb
8efb,active,190,ASN,ND2,186,ALA,O,2.775,bb-sc
8efb,active,190,ASN,N,187,LYS,O,3.353,bb-bb
8efb,active,191,VAL,N,187,LYS,O,2.96,bb-bb
8efb,active,190,ASN,N,188,ILE,O,3.432,bb-bb
8efb,active,191,VAL,N,188,ILE,O,3.25,bb-bb
8efb,active,192,CYS,N,188,ILE,O,2.934,bb-bb
8efb,active,191,VAL,N,189,ILE,O,3.482,bb-bb
8efb,active,192,CYS,N,189,ILE,O,3.194,bb-bb
8efb,active,193,ASN,N,189,ILE,O,2.886,bb-bb
8efb,active,193,ASN,ND2,189,ILE,O,3.087,bb-sc
8efb,active,192,CYS,N,190,ASN,O,3.41,bb-bb
8efb,active,193,ASN,N,190,ASN,O,3.134,bb-bb
8efb,active,194,TRP,N,190,ASN,O,3.032,bb-bb
8efb,active,193,ASN,N,191,VAL,O,3.406,bb-bb
8efb,active,194,TRP,N,191,VAL,O,3.217,bb-bb
8efb,active,195,ILE,N,191,VAL,O,2.94,bb-bb
8efb,active,195,ILE,N,192,CYS,O,3.274,bb-bb
8efb,active,196,LEU,N,192,CYS,O,2.86,bb-bb
8efb,active,195,ILE,N,193,ASN,O,3.44,bb-bb
8efb,active,196,LEU,N,193,ASN,O,3.487,bb-bb
8efb,active,197,SER,N,193,ASN,O,2.971,bb-bb
8efb,active,197,SER,OG,193,ASN,O,2.95,bb-sc
8efb,active,197,SER,N,194,TRP,O,3.338,bb-bb
8efb,active,198,SER,N,194,TRP,O,3.006,bb-bb
8efb,active,197,SER,N,195,ILE,O,3.341,bb-bb
8efb,active,198,SER,N,195,ILE,O,3.14,bb-bb
8efb,active,198,SER,N,196,LEU,O,3.495,bb-bb
8efb,active,199,ALA,N,196,LEU,O,3.472,bb-bb
8efb,active,199,ALA,N,197,SER,O,3.387,bb-bb
8efb,active,200,ILE,N,197,SER,O,3.02,bb-bb
8efb,active,201,GLY,N,197,SER,O,2.994,bb-bb
8efb,active,200,ILE,N,198,SER,O,3.128,bb-bb
8efb,active,201,GLY,N,198,SER,O,3.228,bb-bb
8efb,active,202,LEU,N,198,SER,O,2.93,bb-bb
8efb,active,204,VAL,N,201,GLY,O,3.433,bb-bb
8efb,active,205,MET,N,201,GLY,O,2.811,bb-bb
8efb,active,204,VAL,N,202,LEU,O,3.417,bb-bb
8efb,active,205,MET,N,202,LEU,O,3.09,bb-bb
8efb,active,206,PHE,N,202,LEU,O,3.122,bb-bb
8efb,active,205,MET,N,203,PRO,O,3.372,bb-bb
8efb,active,206,PHE,N,203,PRO,O,3.334,bb-bb
8efb,active,207,MET,N,203,PRO,O,2.997,bb-bb
8efb,active,207,MET,N,204,VAL,O,3.386,bb-bb
8efb,active,208,ALA,N,204,VAL,O,2.854,bb-bb
8efb,active,209,THR,N,207,MET,O,3.238,bb-bb
8efb,active,222,THR,N,207,MET,O,3.388,bb-bb
8efb,active,222,THR,OG1,207,MET,O,2.543,bb-sc
8efb,active,209,THR,N,220,THR,O,2.916,bb-bb
8efb,active,220,THR,N,209,THR,O,2.954,bb-bb
8efb,active,209,THR,OG1,222,THR,OG1,3.446,sc-sc
8efb,active,222,THR,OG1,209,THR,OG1,3.446,sc-sc
8efb,active,213,ARG,N,211,LYS,O,3.471,bb-bb
8efb,active,211,LYS,N,218,ASP,O,2.938,bb-bb
8efb,active,218,ASP,N,211,LYS,O,2.873,bb-bb
8efb,active,215,GLY,N,213,ARG,O,3.233,bb-bb
8efb,active,213,ARG,N,216,SER,O,2.835,bb-bb
8efb,active,216,SER,N,213,ARG,O,2.948,bb-bb
8efb,active,216,SER,OG,213,ARG,O,2.848,bb-sc
8efb,active,216,SER,N,214,GLN,O,3.379,bb-bb
8efb,active,220,THR,N,218,ASP,O,3.433,bb-bb
8efb,active,227,THR,OG1,223,PHE,O,2.828,bb-sc
8efb,active,226,PRO,N,224,SER,O,3.442,bb-bb
8efb,active,227,THR,N,224,SER,O,3.324,bb-bb
8efb,active,228,TRP,N,226,PRO,O,3.47,bb-bb
8efb,active,229,TYR,N,226,PRO,O,3.442,bb-bb
8efb,active,230,TRP,N,226,PRO,O,3.292,bb-bb
8efb,active,229,TYR,N,227,THR,O,3.477,bb-bb
8efb,active,230,TRP,N,227,THR,O,3.463,bb-bb
8efb,active,231,GLU,N,227,THR,O,2.901,bb-bb
8efb,active,231,GLU,N,228,TRP,O,3.412,bb-bb
8efb,active,232,ASN,N,228,TRP,O,2.917,bb-bb
8efb,active,232,ASN,ND2,228,TRP,O,2.83,bb-sc
8efb,active,232,ASN,N,229,TYR,O,3.476,bb-bb
8efb,active,233,LEU,N,229,TYR,O,2.889,bb-bb
8efb,active,233,LEU,N,230,TRP,O,3.44,bb-bb
8efb,active,234,LEU,N,230,TRP,O,2.921,bb-bb
8efb,active,233,LEU,N,231,GLU,O,3.497,bb-bb
8efb,active,234,LEU,N,231,GLU,O,3.424,bb-bb
8efb,active,235,LYS,N,231,GLU,O,2.978,bb-bb
8efb,active,235,LYS,N,232,ASN,O,3.411,bb-bb
8efb,active,236,ILE,N,232,ASN,O,2.898,bb-bb
8efb,active,236,ILE,N,233,LEU,O,3.468,bb-bb
8efb,active,237,CYS,N,233,LEU,O,2.918,bb-bb
8efb,active,236,ILE,N,234,LEU,O,3.498,bb-bb
8efb,active,237,CYS,N,234,LEU,O,3.423,bb-bb
8efb,active,238,VAL,N,234,LEU,O,2.898,bb-bb
8efb,active,239,PHE,N,235,LYS,O,2.889,bb-bb
8efb,active,239,PHE,N,236,ILE,O,3.445,bb-bb
8efb,active,240,ILE,N,236,ILE,O,2.909,bb-bb
8efb,active,239,PHE,N,237,CYS,O,3.459,bb-bb
8efb,active,241,PHE,N,237,CYS,O,2.926,bb-bb
8efb,active,242,ALA,N,238,VAL,O,2.91,bb-bb
8efb,active,243,PHE,N,239,PHE,O,2.859,bb-bb
8efb,active,242,ALA,N,240,ILE,O,3.373,bb-bb
8efb,active,243,PHE,N,240,ILE,O,3.387,bb-bb
8efb,active,244,ILE,N,240,ILE,O,2.912,bb-bb
8efb,active,245,MET,N,240,ILE,O,3.146,bb-bb
8efb,active,247,VAL,N,243,PHE,O,3.055,bb-bb
8efb,active,248,LEU,N,244,ILE,O,3.215,bb-bb
8efb,active,248,LEU,N,245,MET,O,3.479,bb-bb
8efb,active,249,ILE,N,245,MET,O,2.958,bb-bb
8efb,active,248,LEU,N,246,PRO,O,3.48,bb-bb
8efb,active,249,ILE,N,246,PRO,O,3.367,bb-bb
8efb,active,250,ILE,N,246,PRO,O,2.88,bb-bb
8efb,active,251,THR,N,247,VAL,O,2.86,bb-bb
8efb,active,251,THR,OG1,247,VAL,O,2.603,bb-sc
8efb,active,252,VAL,N,248,LEU,O,2.933,bb-bb
8efb,active,253,CYS,N,249,ILE,O,2.938,bb-bb
8efb,active,254,TYR,N,250,ILE,O,2.926,bb-bb
8efb,active,255,GLY,N,251,THR,O,2.875,bb-bb
8efb,active,255,GLY,N,252,VAL,O,3.422,bb-bb
8efb,active,256,LEU,N,252,VAL,O,2.969,bb-bb
8efb,active,257,MET,N,253,CYS,O,2.912,bb-bb
8efb,active,257,MET,N,254,TYR,O,3.309,bb-bb
8efb,active,258,ILE,N,254,TYR,O,2.837,bb-bb
8efb,active,257,MET,N,255,GLY,O,3.435,bb-bb
8efb,active,258,ILE,N,255,GLY,O,3.31,bb-bb
8efb,active,259,LEU,N,255,GLY,O,2.997,bb-bb
8efb,active,259,LEU,N,256,LEU,O,3.343,bb-bb
8efb,active,260,ARG,N,256,LEU,O,2.92,bb-bb
8efb,active,260,ARG,N,257,MET,O,3.298,bb-bb
8efb,active,261,LEU,N,257,MET,O,2.899,bb-bb
8efb,active,260,ARG,N,258,ILE,O,3.469,bb-bb
8efb,active,261,LEU,N,258,ILE,O,3.255,bb-bb
8efb,active,262,LYS,N,258,ILE,O,2.91,bb-bb
8efb,active,262,LYS,N,259,LEU,O,3.284,bb-bb
8efb,active,263,SER,N,259,LEU,O,2.985,bb-bb
8efb,active,262,LYS,N,260,ARG,O,3.461,bb-bb
8efb,active,260,ARG,NH2,263,SER,OG,2.694,sc-sc
8efb,active,263,SER,N,260,ARG,O,3.135,bb-bb
8efb,active,263,SER,OG,260,ARG,O,2.331,bb-sc
8efb,active,264,VAL,N,260,ARG,O,3.096,bb-bb
8efb,active,263,SER,N,261,LEU,O,3.471,bb-bb
8efb,active,264,VAL,N,261,LEU,O,3.237,bb-bb
8efb,active,264,VAL,N,262,LYS,O,3.385,bb-bb
8efb,active,265,ARG,N,263,SER,O,3.388,bb-bb
8efb,active,266,MET,N,264,VAL,O,3.42,bb-bb
8efb,active,274,ASP,N,267,LEU,O,3.154,bb-bb
8efb,active,273,LYS,N,270,SER,O,3.278,bb-bb
8efb,active,274,ASP,N,270,SER,O,2.696,bb-bb
8efb,active,275,ARG,N,271,LYS,O,2.893,bb-bb
8efb,active,275,ARG,N,272,GLU,O,3.301,bb-bb
8efb,active,275,ARG,NH1,272,GLU,OE2,3.447,sc-sc
8efb,active,276,ASN,N,272,GLU,O,2.919,bb-bb
8efb,active,275,ARG,N,273,LYS,O,3.384,bb-bb
8efb,active,276,ASN,N,273,LYS,O,3.096,bb-bb
8efb,active,277,LEU,N,273,LYS,O,2.916,bb-bb
8efb,active,277,LEU,N,274,ASP,O,3.28,bb-bb
8efb,active,278,ARG,N,274,ASP,O,2.879,bb-bb
8efb,active,278,ARG,N,275,ARG,O,3.281,bb-bb
8efb,active,279,ARG,N,275,ARG,O,2.873,bb-bb
8efb,active,279,ARG,N,276,ASN,O,3.247,bb-bb
8efb,active,280,ILE,N,276,ASN,O,2.933,bb-bb
8efb,active,279,ARG,N,277,LEU,O,3.459,bb-bb
8efb,active,280,ILE,N,277,LEU,O,3.304,bb-bb
8efb,active,281,THR,N,277,LEU,O,2.921,bb-bb
8efb,active,281,THR,OG1,277,LEU,O,2.927,bb-sc
8efb,active,281,THR,N,278,ARG,O,3.475,bb-bb
8efb,active,282,ARG,N,278,ARG,O,2.853,bb-bb
8efb,active,282,ARG,N,279,ARG,O,3.366,bb-bb
8efb,active,283,MET,N,279,ARG,O,2.931,bb-bb
8efb,active,282,ARG,N,280,ILE,O,3.441,bb-bb
8efb,active,283,MET,N,280,ILE,O,3.295,bb-bb
8efb,active,284,VAL,N,280,ILE,O,2.974,bb-bb
8efb,active,283,MET,N,281,THR,O,3.495,bb-bb
8efb,active,284,VAL,N,281,THR,O,3.325,bb-bb
8efb,active,285,LEU,N,281,THR,O,2.913,bb-bb
8efb,active,284,VAL,N,282,ARG,O,3.493,bb-bb
8efb,active,285,LEU,N,282,ARG,O,3.321,bb-bb
8efb,active,286,VAL,N,282,ARG,O,2.874,bb-bb
8efb,active,285,LEU,N,283,MET,O,3.491,bb-bb
8efb,active,286,VAL,N,283,MET,O,3.263,bb-bb
8efb,active,287,VAL,N,283,MET,O,2.985,bb-bb
8efb,active,286,VAL,N,284,VAL,O,3.427,bb-bb
8efb,active,287,VAL,N,284,VAL,O,3.279,bb-bb
8efb,active,288,VAL,N,284,VAL,O,3.016,bb-bb
8efb,active,288,VAL,N,285,LEU,O,3.44,bb-bb
8efb,active,289,ALA,N,285,LEU,O,2.819,bb-bb
8efb,active,289,ALA,N,286,VAL,O,3.355,bb-bb
8efb,active,290,VAL,N,286,VAL,O,2.864,bb-bb
8efb,active,289,ALA,N,287,VAL,O,3.465,bb-bb
8efb,active,290,VAL,N,287,VAL,O,3.413,bb-bb
8efb,active,291,PHE,N,287,VAL,O,3.077,bb-bb
8efb,active,291,PHE,N,288,VAL,O,3.424,bb-bb
8efb,active,292,ILE,N,288,VAL,O,2.983,bb-bb
8efb,active,292,ILE,N,289,ALA,O,3.455,bb-bb
8efb,active,293,VAL,N,289,ALA,O,2.82,bb-bb
8efb,active,292,ILE,N,290,VAL,O,3.495,bb-bb
8efb,active,293,VAL,N,290,VAL,O,3.498,bb-bb
8efb,active,294,CYS,N,290,VAL,O,2.941,bb-bb
8efb,active,295,TRP,N,291,PHE,O,3.017,bb-bb
8efb,active,294,CYS,N,292,ILE,O,3.439,bb-bb
8efb,active,296,THR,N,292,ILE,O,2.949,bb-bb
8efb,active,296,THR,OG1,292,ILE,O,2.351,bb-sc
8efb,active,299,HIS,N,295,TRP,O,3.403,bb-bb
8efb,active,299,HIS,ND1,295,TRP,O,3.03,bb-sc
8efb,active,300,ILE,N,296,THR,O,2.979,bb-bb
8efb,active,300,ILE,N,297,PRO,O,3.456,bb-bb
8efb,active,301,TYR,N,297,PRO,O,2.815,bb-bb
8efb,active,301,TYR,N,298,ILE,O,3.368,bb-bb
8efb,active,302,VAL,N,298,ILE,O,2.932,bb-bb
8efb,active,301,TYR,N,299,HIS,O,3.455,bb-bb
8efb,active,302,VAL,N,299,HIS,O,3.331,bb-bb
8efb,active,303,ILE,N,299,HIS,O,2.994,bb-bb
8efb,active,302,VAL,N,300,ILE,O,3.447,bb-bb
8efb,active,303,ILE,N,300,ILE,O,3.229,bb-bb
8efb,active,304,ILE,N,300,ILE,O,2.875,bb-bb
8efb,active,304,ILE,N,301,TYR,O,3.388,bb-bb
8efb,active,305,LYS,N,301,TYR,O,2.914,bb-bb
8efb,active,301,TYR,OH,316,GLN,O,3.186,bb-sc
8efb,active,304,ILE,N,302,VAL,O,3.451,bb-bb
8efb,active,306,ALA,N,302,VAL,O,2.913,bb-bb
8efb,active,307,LEU,N,303,ILE,O,2.955,bb-bb
8efb,active,306,ALA,N,304,ILE,O,3.426,bb-bb
8efb,active,307,LEU,N,304,ILE,O,3.266,bb-bb
8efb,active,308,VAL,N,304,ILE,O,2.989,bb-bb
8efb,active,313,THR,N,311,PRO,O,3.453,bb-bb
8efb,active,315,PHE,N,313,THR,O,3.481,bb-bb
8efb,active,316,GLN,N,313,THR,O,3.248,bb-bb
8efb,active,316,GLN,N,313,THR,OG1,3.289,bb-sc
8efb,active,317,THR,N,313,THR,O,3.15,bb-bb
8efb,active,317,THR,OG1,313,THR,O,3.292,bb-sc
8efb,active,316,GLN,N,314,THR,O,3.401,bb-bb
8efb,active,317,THR,N,314,THR,O,3.296,bb-bb
8efb,active,318,VAL,N,314,THR,O,2.945,bb-bb
8efb,active,318,VAL,N,315,PHE,O,3.409,bb-bb
8efb,active,319,SER,N,315,PHE,O,2.905,bb-bb
8efb,active,318,VAL,N,316,GLN,O,3.484,bb-bb
8efb,active,319,SER,N,316,GLN,O,3.332,bb-bb
8efb,active,320,TRP,N,316,GLN,O,2.901,bb-bb
8efb,active,319,SER,N,317,THR,O,3.476,bb-bb
8efb,active,320,TRP,N,317,THR,O,3.333,bb-bb
8efb,active,321,HIS,N,317,THR,O,2.98,bb-bb
8efb,active,322,PHE,N,318,VAL,O,2.852,bb-bb
8efb,active,322,PHE,N,319,SER,O,3.335,bb-bb
8efb,active,323,CYS,N,319,SER,O,2.923,bb-bb
8efb,active,322,PHE,N,320,TRP,O,3.457,bb-bb
8efb,active,323,CYS,N,320,TRP,O,3.316,bb-bb
8efb,active,324,ILE,N,320,TRP,O,3.018,bb-bb
8efb,active,324,ILE,N,321,HIS,O,3.391,bb-bb
8efb,active,325,ALA,N,321,HIS,O,2.858,bb-bb
8efb,active,325,ALA,N,322,PHE,O,3.421,bb-bb
8efb,active,326,LEU,N,322,PHE,O,2.873,bb-bb
8efb,active,326,LEU,N,323,CYS,O,3.236,bb-bb
8efb,active,327,GLY,N,323,CYS,O,2.989,bb-bb
8efb,active,326,LEU,N,324,ILE,O,3.387,bb-bb
8efb,active,327,GLY,N,324,ILE,O,3.153,bb-bb
8efb,active,328,TYR,N,324,ILE,O,2.998,bb-bb
8efb,active,328,TYR,N,325,ALA,O,3.389,bb-bb
8efb,active,329,THR,N,325,ALA,O,2.817,bb-bb
8efb,active,329,THR,OG1,325,ALA,O,2.518,bb-sc
8efb,active,329,THR,N,326,LEU,O,3.254,bb-bb
8efb,active,330,ASN,N,326,LEU,O,2.923,bb-bb
8efb,active,329,THR,N,327,GLY,O,3.443,bb-bb
8efb,active,330,ASN,N,327,GLY,O,3.218,bb-bb
8efb,active,331,SER,N,327,GLY,O,3.002,bb-bb
8efb,active,331,SER,OG,327,GLY,O,3.34,bb-sc
8efb,active,331,SER,N,328,TYR,O,3.214,bb-bb
8efb,active,332,CYS,N,328,TYR,O,2.885,bb-bb
8efb,active,332,CYS,N,329,THR,O,3.188,bb-bb
8efb,active,333,LEU,N,329,THR,O,2.826,bb-bb
8efb,active,332,CYS,N,330,ASN,O,3.343,bb-bb
8efb,active,333,LEU,N,330,ASN,O,3.18,bb-bb
8efb,active,334,ASN,N,330,ASN,O,2.917,bb-bb
8efb,active,334,ASN,ND2,330,ASN,O,2.838,bb-sc
8efb,active,334,ASN,ND2,330,ASN,OD1,3.283,sc-sc
8efb,active,336,VAL,N,333,LEU,O,3.424,bb-bb
8efb,active,337,LEU,N,333,LEU,O,3.023,bb-bb
8efb,active,336,VAL,N,334,ASN,O,3.4,bb-bb
8efb,active,337,LEU,N,334,ASN,O,3.46,bb-bb
8efb,active,338,TYR,N,334,ASN,O,3.006,bb-bb
8efb,active,339,ALA,N,335,PRO,O,2.824,bb-bb
8efb,active,338,TYR,N,336,VAL,O,3.231,bb-bb
8efb,active,340,PHE,N,336,VAL,O,2.937,bb-bb
8efb,active,342,ASP,N,338,TYR,O,3.02,bb-bb
8efb,active,341,LEU,N,339,ALA,O,3.457,bb-bb
8efb,active,342,ASP,N,339,ALA,O,3.19,bb-bb
8efb,active,342,ASP,N,340,PHE,O,3.436,bb-bb
8efb,active,343,GLU,N,341,LEU,O,3.427,bb-bb
8efb,active,344,ASN,N,342,ASP,O,3.489,bb-bb
8efb,active,345,PHE,N,342,ASP,O,3.433,bb-bb
8efb,active,346,LYS,N,342,ASP,O,2.838,bb-bb
8efb,active,346,LYS,N,343,GLU,O,3.262,bb-bb
8efb,active,346,LYS,NZ,343,GLU,OE2,3.201,sc-sc
8efb,active,347,ARG,N,343,GLU,O,2.826,bb-bb
8efb,active,347,ARG,N,344,ASN,O,3.263,bb-bb
8efb,active,347,ARG,NH2,344,ASN,OD1,3.321,sc-sc
8efb,active,348,CYS,N,344,ASN,O,3.068,bb-bb
8efb,active,347,ARG,N,345,PHE,O,3.404,bb-bb
8efb,active,348,CYS,N,345,PHE,O,3.109,bb-bb
8efb,active,349,PHE,N,345,PHE,O,2.85,bb-bb
8efb,active,349,PHE,N,346,LYS,O,3.353,bb-bb
8efb,active,350,ARG,N,346,LYS,O,2.831,bb-bb
8efb,active,349,PHE,N,347,ARG,O,3.483,bb-bb
8efb,active,350,ARG,N,347,ARG,O,3.219,bb-bb
8efb,active,351,GLU,N,347,ARG,O,2.957,bb-bb
8efb,active,351,GLU,N,348,CYS,O,3.466,bb-bb
8efb,active,351,GLU,N,349,PHE,O,3.486,bb-bb
8efb,active,352,PHE,N,349,PHE,O,3.413,bb-bb
8efb,active,352,PHE,N,350,ARG,O,3.441,bb-bb
8efl,active,70,ALA,N,66,SER,O,3.122,bb-bb
8efl,active,69,THR,N,67,MET,O,3.454,bb-bb
8efl,active,70,ALA,N,67,MET,O,3.281,bb-bb
8efl,active,71,ILE,N,67,MET,O,2.928,bb-bb
8efl,active,71,ILE,N,68,ILE,O,3.411,bb-bb
8efl,active,72,THR,N,68,ILE,O,2.911,bb-bb
8efl,active,72,THR,OG1,68,ILE,O,2.735,bb-sc
8efl,active,72,THR,N,69,THR,O,3.29,bb-bb
8efl,active,73,ILE,N,69,THR,O,2.925,bb-bb
8efl,active,72,THR,N,70,ALA,O,3.483,bb-bb
8efl,active,73,ILE,N,70,ALA,O,3.397,bb-bb
8efl,active,74,MET,N,70,ALA,O,2.928,bb-bb
8efl,active,74,MET,N,71,ILE,O,3.477,bb-bb
8efl,active,75,ALA,N,71,ILE,O,2.89,bb-bb
8efl,active,75,ALA,N,72,THR,O,3.433,bb-bb
8efl,active,76,LEU,N,72,THR,O,2.903,bb-bb
8efl,active,75,ALA,N,73,ILE,O,3.489,bb-bb
8efl,active,76,LEU,N,73,ILE,O,3.297,bb-bb
8efl,active,77,TYR,N,73,ILE,O,2.993,bb-bb
8efl,active,78,SER,N,74,MET,O,2.915,bb-bb
8efl,active,78,SER,OG,74,MET,O,2.781,bb-sc
8efl,active,127,SER,OG,74,MET,SD,2.887,sc-sc
8efl,active,78,SER,N,75,ALA,O,3.409,bb-bb
8efl,active,79,ILE,N,75,ALA,O,2.898,bb-bb
8efl,active,78,SER,N,76,LEU,O,3.431,bb-bb
8efl,active,79,ILE,N,76,LEU,O,3.418,bb-bb
8efl,active,80,VAL,N,76,LEU,O,3.028,bb-bb
8efl,active,81,CYS,N,77,TYR,O,2.947,bb-bb
8efl,active,77,TYR,OH,321,HIS,ND1,2.698,sc-sc
8efl,active,321,HIS,ND1,77,TYR,OH,2.698,sc-sc
8efl,active,81,CYS,N,78,SER,O,3.445,bb-bb
8efl,active,82,VAL,N,78,SER,O,2.923,bb-bb
8efl,active,81,CYS,N,79,ILE,O,3.453,bb-bb
8efl,active,82,VAL,N,79,ILE,O,3.431,bb-bb
8efl,active,83,VAL,N,79,ILE,O,3.001,bb-bb
8efl,active,84,GLY,N,80,VAL,O,2.96,bb-bb
8efl,active,84,GLY,N,81,CYS,O,3.457,bb-bb
8efl,active,85,LEU,N,81,CYS,O,2.92,bb-bb
8efl,active,84,GLY,N,82,VAL,O,3.478,bb-bb
8efl,active,85,LEU,N,82,VAL,O,3.487,bb-bb
8efl,active,86,PHE,N,82,VAL,O,2.934,bb-bb
8efl,active,86,PHE,N,83,VAL,O,3.452,bb-bb
8efl,active,87,GLY,N,83,VAL,O,2.958,bb-bb
8efl,active,88,ASN,N,84,GLY,O,2.95,bb-bb
8efl,active,88,ASN,ND2,84,GLY,O,2.697,bb-sc
8efl,active,84,GLY,N,332,CYS,SG,3.399,bb-sc
8efl,active,88,ASN,N,85,LEU,O,3.422,bb-bb
8efl,active,89,PHE,N,85,LEU,O,2.93,bb-bb
8efl,active,90,LEU,N,86,PHE,O,2.951,bb-bb
8efl,active,90,LEU,N,87,GLY,O,3.399,bb-bb
8efl,active,91,VAL,N,87,GLY,O,2.966,bb-bb
8efl,active,90,LEU,N,88,ASN,O,3.483,bb-bb
8efl,active,91,VAL,N,88,ASN,O,3.338,bb-bb
8efl,active,92,MET,N,88,ASN,O,2.925,bb-bb
8efl,active,88,ASN,ND2,116,ASP,O,3.39,bb-sc
8efl,active,92,MET,N,89,PHE,O,3.363,bb-bb
8efl,active,93,TYR,N,89,PHE,O,2.913,bb-bb
8efl,active,92,MET,N,90,LEU,O,3.474,bb-bb
8efl,active,93,TYR,N,90,LEU,O,3.27,bb-bb
8efl,active,94,VAL,N,90,LEU,O,2.956,bb-bb
8efl,active,93,TYR,N,91,VAL,O,3.487,bb-bb
8efl,active,94,VAL,N,91,VAL,O,3.387,bb-bb
8efl,active,95,ILE,N,91,VAL,O,2.942,bb-bb
8efl,active,95,ILE,N,92,MET,O,3.442,bb-bb
8efl,active,96,VAL,N,92,MET,O,2.911,bb-bb
8efl,active,97,ARG,N,93,TYR,O,2.917,bb-bb
8efl,active,98,TYR,N,94,VAL,O,3.309,bb-bb
8efl,active,99,THR,N,95,ILE,O,3.091,bb-bb
8efl,active,100,LYS,N,95,ILE,O,2.59,bb-bb
8efl,active,100,LYS,NZ,97,ARG,O,2.744,bb-sc
8efl,active,101,MET,N,99,THR,O,3.275,bb-bb
8efl,active,106,ASN,N,103,THR,O,3.474,bb-bb
8efl,active,106,ASN,ND2,103,THR,OG1,3.47,sc-sc
8efl,active,107,ILE,N,103,THR,O,3.373,bb-bb
8efl,active,106,ASN,N,104,ALA,O,3.344,bb-bb
8efl,active,107,ILE,N,104,ALA,O,3.015,bb-bb
8efl,active,108,TYR,N,104,ALA,O,2.979,bb-bb
8efl,active,107,ILE,N,105,THR,O,3.448,bb-bb
8efl,active,108,TYR,N,105,THR,O,3.274,bb-bb
8efl,active,109,ILE,N,105,THR,O,2.936,bb-bb
8efl,active,109,ILE,N,106,ASN,O,3.455,bb-bb
8efl,active,110,PHE,N,106,ASN,O,2.908,bb-bb
8efl,active,110,PHE,N,107,ILE,O,3.352,bb-bb
8efl,active,111,ASN,N,107,ILE,O,2.941,bb-bb
8efl,active,111,ASN,ND2,107,ILE,O,2.828,bb-sc
8efl,active,110,PHE,N,108,TYR,O,3.494,bb-bb
8efl,active,111,ASN,N,108,TYR,O,3.298,bb-bb
8efl,active,112,LEU,N,108,TYR,O,2.942,bb-bb
8efl,active,112,LEU,N,109,ILE,O,3.391,bb-bb
8efl,active,113,ALA,N,109,ILE,O,2.896,bb-bb
8efl,active,113,ALA,N,110,PHE,O,3.28,bb-bb
8efl,active,114,LEU,N,110,PHE,O,2.932,bb-bb
8efl,active,114,LEU,N,111,ASN,O,3.361,bb-bb
8efl,active,115,ALA,N,111,ASN,O,2.975,bb-bb
8efl,active,114,LEU,N,112,LEU,O,3.46,bb-bb
8efl,active,115,ALA,N,112,LEU,O,3.456,bb-bb
8efl,active,116,ASP,N,112,LEU,O,2.903,bb-bb
8efl,active,117,ALA,N,113,ALA,O,2.881,bb-bb
8efl,active,117,ALA,N,114,LEU,O,3.34,bb-bb
8efl,active,118,LEU,N,114,LEU,O,2.987,bb-bb
8efl,active,117,ALA,N,115,ALA,O,3.495,bb-bb
8efl,active,118,LEU,N,115,ALA,O,3.403,bb-bb
8efl,active,119,ALA,N,115,ALA,O,2.965,bb-bb
8efl,active,119,ALA,N,116,ASP,O,3.413,bb-bb
8efl,active,120,THR,N,116,ASP,O,2.905,bb-bb
8efl,active,120,THR,OG1,116,ASP,O,2.856,bb-sc
8efl,active,156,SER,OG,116,ASP,OD1,2.955,sc-sc
8efl,active,331,SER,OG,116,ASP,OD1,3.201,sc-sc
8efl,active,334,ASN,ND2,116,ASP,OD2,3.459,sc-sc
8efl,active,120,THR,OG1,117,ALA,O,3.001,bb-sc
8efl,active,121,SER,N,117,ALA,O,2.864,bb-bb
8efl,active,121,SER,OG,117,ALA,O,3.418,bb-sc
8efl,active,121,SER,N,118,LEU,O,3.168,bb-bb
8efl,active,121,SER,OG,118,LEU,O,2.577,bb-sc
8efl,active,122,THR,N,118,LEU,O,3.042,bb-bb
8efl,active,122,THR,N,119,ALA,O,3.499,bb-bb
8efl,active,122,THR,OG1,119,ALA,O,2.766,bb-sc
8efl,active,122,THR,N,120,THR,O,3.499,bb-bb
8efl,active,123,LEU,N,120,THR,O,3.319,bb-bb
8efl,active,123,LEU,N,121,SER,O,3.339,bb-bb
8efl,active,125,PHE,N,123,LEU,O,3.319,bb-bb
8efl,active,126,GLN,N,123,LEU,O,3.08,bb-bb
8efl,active,127,SER,N,123,LEU,O,3.004,bb-bb
8efl,active,127,SER,N,124,PRO,O,3.179,bb-bb
8efl,active,128,VAL,N,124,PRO,O,2.862,bb-bb
8efl,active,128,VAL,N,125,PHE,O,3.453,bb-bb
8efl,active,129,ASN,N,125,PHE,O,2.905,bb-bb
8efl,active,129,ASN,N,126,GLN,O,3.362,bb-bb
8efl,active,130,TYR,N,126,GLN,O,2.937,bb-bb
8efl,active,126,GLN,NE2,149,ASP,OD2,3.032,sc-sc
8efl,active,126,GLN,NE2,328,TYR,OH,3.233,sc-sc
8efl,active,328,TYR,OH,126,GLN,NE2,3.233,sc-sc
8efl,active,130,TYR,N,127,SER,O,3.381,bb-bb
8efl,active,131,LEU,N,127,SER,O,2.901,bb-bb
8efl,active,131,LEU,N,128,VAL,O,3.384,bb-bb
8efl,active,132,MET,N,128,VAL,O,2.896,bb-bb
8efl,active,133,GLY,N,129,ASN,O,3.056,bb-bb
8efl,active,134,THR,OG1,217,ILE,O,3.286,bb-sc
8efl,active,217,ILE,N,134,THR,OG1,2.727,bb-sc
8efl,active,135,TRP,NE1,138,GLY,O,2.737,bb-sc
8efl,active,135,TRP,N,217,ILE,O,2.954,bb-bb
8efl,active,142,CYS,N,138,GLY,O,3.134,bb-bb
8efl,active,142,CYS,N,139,THR,O,3.243,bb-bb
8efl,active,143,LYS,N,139,THR,O,2.948,bb-bb
8efl,active,139,THR,OG1,210,THR,OG1,3.123,sc-sc
8efl,active,210,THR,OG1,139,THR,OG1,3.123,sc-sc
8efl,active,142,CYS,N,140,ILE,O,3.433,bb-bb
8efl,active,143,LYS,N,140,ILE,O,3.195,bb-bb
8efl,active,144,ILE,N,140,ILE,O,2.964,bb-bb
8efl,active,144,ILE,N,141,LEU,O,3.373,bb-bb
8efl,active,145,VAL,N,141,LEU,O,2.904,bb-bb
8efl,active,146,ILE,N,142,CYS,O,3.022,bb-bb
8efl,active,145,VAL,N,143,LYS,O,3.493,bb-bb
8efl,active,147,SER,N,143,LYS,O,2.968,bb-bb
8efl,active,143,LYS,NZ,206,PHE,O,3.466,bb-sc
8efl,active,143,LYS,NZ,208,ALA,O,2.53,bb-sc
8efl,active,147,SER,N,144,ILE,O,3.496,bb-bb
8efl,active,148,ILE,N,144,ILE,O,2.929,bb-bb
8efl,active,147,SER,N,145,VAL,O,3.495,bb-bb
8efl,active,148,ILE,N,145,VAL,O,3.432,bb-bb
8efl,active,149,ASP,N,145,VAL,O,2.902,bb-bb
8efl,active,149,ASP,N,146,ILE,O,3.249,bb-bb
8efl,active,150,TYR,N,146,ILE,O,3.041,bb-bb
8efl,active,149,ASP,N,147,SER,O,3.429,bb-bb
8efl,active,151,TYR,N,147,SER,O,2.901,bb-bb
8efl,active,147,SER,OG,201,GLY,O,2.898,bb-sc
8efl,active,151,TYR,N,148,ILE,O,3.489,bb-bb
8efl,active,152,ASN,N,148,ILE,O,2.892,bb-bb
8efl,active,151,TYR,N,149,ASP,O,3.469,bb-bb
8efl,active,153,MET,N,149,ASP,O,2.982,bb-bb
8efl,active,328,TYR,OH,149,ASP,OD1,2.746,sc-sc
8efl,active,328,TYR,OH,149,ASP,OD2,2.837,sc-sc
8efl,active,153,MET,N,150,TYR,O,3.377,bb-bb
8efl,active,154,PHE,N,150,TYR,O,3.055,bb-bb
8efl,active,155,THR,N,151,TYR,O,2.898,bb-bb
8efl,active,155,THR,OG1,151,TYR,O,2.506,bb-sc
8efl,active,155,THR,N,152,ASN,O,3.42,bb-bb
8efl,active,156,SER,N,152,ASN,O,2.9,bb-bb
8efl,active,155,THR,N,153,MET,O,3.409,bb-bb
8efl,active,156,SER,N,153,MET,O,3.348,bb-bb
8efl,active,157,ILE,N,153,MET,O,3.037,bb-bb
8efl,active,157,ILE,N,154,PHE,O,3.464,bb-bb
8efl,active,158,PHE,N,154,PHE,O,2.899,bb-bb
8efl,active,158,PHE,N,155,THR,O,3.497,bb-bb
8efl,active,159,THR,N,155,THR,O,2.904,bb-bb
8efl,active,159,THR,OG1,155,THR,O,2.52,bb-sc
8efl,active,155,THR,N,197,SER,OG,3.281,bb-sc
8efl,active,155,THR,OG1,197,SER,OG,3.033,sc-sc
8efl,active,197,SER,OG,155,THR,OG1,3.033,sc-sc
8efl,active,159,THR,N,156,SER,O,3.289,bb-bb
8efl,active,160,LEU,N,156,SER,O,2.967,bb-bb
8efl,active,159,THR,N,157,ILE,O,3.418,bb-bb
8efl,active,160,LEU,N,157,ILE,O,3.267,bb-bb
8efl,active,161,CYS,N,157,ILE,O,2.993,bb-bb
8efl,active,161,CYS,N,158,PHE,O,3.381,bb-bb
8efl,active,162,THR,N,158,PHE,O,2.884,bb-bb
8efl,active,162,THR,OG1,158,PHE,O,2.634,bb-sc
8efl,active,162,THR,N,159,THR,O,3.307,bb-bb
8efl,active,163,MET,N,159,THR,O,2.924,bb-bb
8efl,active,162,THR,N,160,LEU,O,3.469,bb-bb
8efl,active,163,MET,N,160,LEU,O,3.349,bb-bb
8efl,active,164,SER,N,160,LEU,O,2.99,bb-bb
8efl,active,164,SER,N,161,CYS,O,3.253,bb-bb
8efl,active,165,VAL,N,161,CYS,O,2.956,bb-bb
8efl,active,165,VAL,N,162,THR,O,3.364,bb-bb
8efl,active,166,ASP,N,162,THR,O,2.854,bb-bb
8efl,active,193,ASN,ND2,162,THR,OG1,3.08,sc-sc
8efl,active,166,ASP,N,163,MET,O,3.3,bb-bb
8efl,active,167,ARG,N,163,MET,O,2.943,bb-bb
8efl,active,166,ASP,N,164,SER,O,3.458,bb-bb
8efl,active,167,ARG,N,164,SER,O,3.439,bb-bb
8efl,active,168,TYR,N,164,SER,O,2.961,bb-bb
8efl,active,168,TYR,N,165,VAL,O,3.312,bb-bb
8efl,active,169,ILE,N,165,VAL,O,2.915,bb-bb
8efl,active,168,TYR,N,166,ASP,O,3.459,bb-bb
8efl,active,169,ILE,N,166,ASP,O,3.394,bb-bb
8efl,active,170,ALA,N,166,ASP,O,2.89,bb-bb
8efl,active,170,ALA,N,167,ARG,O,3.376,bb-bb
8efl,active,171,VAL,N,167,ARG,O,2.97,bb-bb
8efl,active,167,ARG,NH1,254,TYR,OH,3.366,sc-sc
8efl,active,170,ALA,N,168,TYR,O,3.479,bb-bb
8efl,active,171,VAL,N,168,TYR,O,3.46,bb-bb
8efl,active,172,CYS,N,168,TYR,O,2.907,bb-bb
8efl,active,173,HIS,N,169,ILE,O,3.197,bb-bb
8efl,active,175,VAL,N,173,HIS,O,3.494,bb-bb
8efl,active,176,LYS,N,173,HIS,O,3.453,bb-bb
8efl,active,177,ALA,N,173,HIS,O,2.769,bb-bb
8efl,active,176,LYS,N,174,PRO,O,3.489,bb-bb
8efl,active,177,ALA,N,174,PRO,O,3.074,bb-bb
8efl,active,178,LEU,N,174,PRO,O,2.973,bb-bb
8efl,active,178,LEU,N,175,VAL,O,3.424,bb-bb
8efl,active,179,ASP,N,176,LYS,O,3.478,bb-bb
8efl,active,180,PHE,N,176,LYS,O,2.889,bb-bb
8efl,active,180,PHE,N,177,ALA,O,3.381,bb-bb
8efl,active,181,ARG,N,177,ALA,O,2.786,bb-bb
8efl,active,182,THR,N,180,PHE,O,3.11,bb-bb
8efl,active,185,ASN,ND2,180,PHE,O,3.076,bb-sc
8efl,active,185,ASN,N,182,THR,OG1,3.381,bb-sc
8efl,active,186,ALA,N,182,THR,O,3.187,bb-bb
8efl,active,186,ALA,N,183,PRO,O,3.354,bb-bb
8efl,active,187,LYS,N,183,PRO,O,2.941,bb-bb
8efl,active,186,ALA,N,184,ARG,O,3.431,bb-bb
8efl,active,187,LYS,N,184,ARG,O,3.233,bb-bb
8efl,active,188,ILE,N,184,ARG,O,2.957,bb-bb
8efl,active,188,ILE,N,185,ASN,O,3.285,bb-bb
8efl,active,189,ILE,N,185,ASN,O,2.929,bb-bb
8efl,active,188,ILE,N,186,ALA,O,3.496,bb-bb
8efl,active,189,ILE,N,186,ALA,O,3.494,bb-bb
8efl,active,190,ASN,N,186,ALA,O,2.913,bb-bb
8efl,active,190,ASN,ND2,186,ALA,O,2.707,bb-sc
8efl,active,190,ASN,N,187,LYS,O,3.445,bb-bb
8efl,active,191,VAL,N,187,LYS,O,2.934,bb-bb
8efl,active,190,ASN,N,188,ILE,O,3.461,bb-bb
8efl,active,191,VAL,N,188,ILE,O,3.338,bb-bb
8efl,active,192,CYS,N,188,ILE,O,2.947,bb-bb
8efl,active,192,CYS,N,189,ILE,O,3.286,bb-bb
8efl,active,193,ASN,N,189,ILE,O,2.898,bb-bb
8efl,active,193,ASN,ND2,189,ILE,O,2.97,bb-sc
8efl,active,192,CYS,N,190,ASN,O,3.411,bb-bb
8efl,active,193,ASN,N,190,ASN,O,3.094,bb-bb
8efl,active,194,TRP,N,190,ASN,O,2.937,bb-bb
8efl,active,193,ASN,N,191,VAL,O,3.439,bb-bb
8efl,active,194,TRP,N,191,VAL,O,3.334,bb-bb
8efl,active,195,ILE,N,191,VAL,O,2.935,bb-bb
8efl,active,195,ILE,N,192,CYS,O,3.384,bb-bb
8efl,active,196,LEU,N,192,CYS,O,2.916,bb-bb
8efl,active,195,ILE,N,193,ASN,O,3.464,bb-bb
8efl,active,196,LEU,N,193,ASN,O,3.34,bb-bb
8efl,active,197,SER,N,193,ASN,O,2.933,bb-bb
8efl,active,197,SER,OG,193,ASN,O,3.106,bb-sc
8efl,active,197,SER,N,194,TRP,O,3.321,bb-bb
8efl,active,198,SER,N,194,TRP,O,2.903,bb-bb
8efl,active,197,SER,N,195,ILE,O,3.365,bb-bb
8efl,active,198,SER,N,195,ILE,O,3.012,bb-bb
8efl,active,199,ALA,N,195,ILE,O,2.969,bb-bb
8efl,active,199,ALA,N,196,LEU,O,3.494,bb-bb
8efl,active,199,ALA,N,197,SER,O,3.352,bb-bb
8efl,active,200,ILE,N,197,SER,O,3.25,bb-bb
8efl,active,201,GLY,N,197,SER,O,2.908,bb-bb
8efl,active,200,ILE,N,198,SER,O,3.234,bb-bb
8efl,active,201,GLY,N,198,SER,O,3.066,bb-bb
8efl,active,202,LEU,N,198,SER,O,2.966,bb-bb
8efl,active,202,LEU,N,200,ILE,O,3.479,bb-bb
8efl,active,204,VAL,N,200,ILE,O,3.383,bb-bb
8efl,active,205,MET,N,201,GLY,O,3.099,bb-bb
8efl,active,204,VAL,N,202,LEU,O,3.431,bb-bb
8efl,active,205,MET,N,202,LEU,O,3.184,bb-bb
8efl,active,206,PHE,N,202,LEU,O,3.006,bb-bb
8efl,active,205,MET,N,203,PRO,O,3.493,bb-bb
8efl,active,206,PHE,N,203,PRO,O,3.226,bb-bb
8efl,active,207,MET,N,203,PRO,O,2.895,bb-bb
8efl,active,207,MET,N,204,VAL,O,3.371,bb-bb
8efl,active,208,ALA,N,204,VAL,O,3.102,bb-bb
8efl,active,209,THR,N,207,MET,O,3.198,bb-bb
8efl,active,209,THR,OG1,207,MET,O,2.839,bb-sc
8efl,active,222,THR,N,207,MET,O,3.076,bb-bb
8efl,active,209,THR,N,220,THR,O,2.88,bb-bb
8efl,active,220,THR,N,209,THR,O,2.992,bb-bb
8efl,active,209,THR,OG1,222,THR,OG1,3.169,sc-sc
8efl,active,222,THR,OG1,209,THR,OG1,3.169,sc-sc
8efl,active,213,ARG,N,211,LYS,O,3.375,bb-bb
8efl,active,211,LYS,N,218,ASP,O,2.897,bb-bb
8efl,active,218,ASP,N,211,LYS,O,2.868,bb-bb
8efl,active,215,GLY,N,213,ARG,O,3.291,bb-bb
8efl,active,213,ARG,N,216,SER,O,2.901,bb-bb
8efl,active,216,SER,N,213,ARG,O,2.917,bb-bb
8efl,active,216,SER,OG,213,ARG,O,2.538,bb-sc
8efl,active,216,SER,N,214,GLN,O,3.333,bb-bb
8efl,active,220,THR,N,218,ASP,O,3.421,bb-bb
8efl,active,226,PRO,N,224,SER,O,3.498,bb-bb
8efl,active,227,THR,N,224,SER,O,3.485,bb-bb
8efl,active,229,TYR,N,227,THR,O,3.397,bb-bb
8efl,active,231,GLU,N,227,THR,O,2.938,bb-bb
8efl,active,232,ASN,N,228,TRP,O,2.942,bb-bb
8efl,active,233,LEU,N,229,TYR,O,2.894,bb-bb
8efl,active,233,LEU,N,230,TRP,O,3.453,bb-bb
8efl,active,234,LEU,N,230,TRP,O,2.922,bb-bb
8efl,active,234,LEU,N,231,GLU,O,3.293,bb-bb
8efl,active,235,LYS,N,231,GLU,O,2.976,bb-bb
8efl,active,234,LEU,N,232,ASN,O,3.498,bb-bb
8efl,active,235,LYS,N,232,ASN,O,3.353,bb-bb
8efl,active,236,ILE,N,232,ASN,O,2.883,bb-bb
8efl,active,236,ILE,N,233,LEU,O,3.447,bb-bb
8efl,active,237,CYS,N,233,LEU,O,2.935,bb-bb
8efl,active,237,CYS,N,234,LEU,O,3.439,bb-bb
8efl,active,238,VAL,N,234,LEU,O,2.929,bb-bb
8efl,active,238,VAL,N,235,LYS,O,3.493,bb-bb
8efl,active,239,PHE,N,235,LYS,O,2.925,bb-bb
8efl,active,239,PHE,N,236,ILE,O,3.345,bb-bb
8efl,active,240,ILE,N,236,ILE,O,2.896,bb-bb
8efl,active,239,PHE,N,237,CYS,O,3.49,bb-bb
8efl,active,240,ILE,N,237,CYS,O,3.458,bb-bb
8efl,active,241,PHE,N,237,CYS,O,2.959,bb-bb
8efl,active,242,ALA,N,238,VAL,O,2.907,bb-bb
8efl,active,243,PHE,N,239,PHE,O,2.915,bb-bb
8efl,active,242,ALA,N,240,ILE,O,3.244,bb-bb
8efl,active,243,PHE,N,240,ILE,O,3.299,bb-bb
8efl,active,244,ILE,N,240,ILE,O,2.907,bb-bb
8efl,active,245,MET,N,240,ILE,O,3.466,bb-bb
8efl,active,247,VAL,N,243,PHE,O,3.267,bb-bb
8efl,active,248,LEU,N,244,ILE,O,3.267,bb-bb
8efl,active,248,LEU,N,245,MET,O,3.393,bb-bb
8efl,active,249,ILE,N,245,MET,O,2.953,bb-bb
8efl,active,248,LEU,N,246,PRO,O,3.499,bb-bb
8efl,active,249,ILE,N,246,PRO,O,3.387,bb-bb
8efl,active,250,ILE,N,246,PRO,O,2.926,bb-bb
8efl,active,251,THR,N,247,VAL,O,2.885,bb-bb
8efl,active,251,THR,OG1,247,VAL,O,2.66,bb-sc
8efl,active,252,VAL,N,248,LEU,O,2.94,bb-bb
8efl,active,251,THR,N,249,ILE,O,3.496,bb-bb
8efl,active,253,CYS,N,249,ILE,O,2.961,bb-bb
8efl,active,254,TYR,N,250,ILE,O,2.936,bb-bb
8efl,active,255,GLY,N,251,THR,O,2.893,bb-bb
8efl,active,255,GLY,N,252,VAL,O,3.364,bb-bb
8efl,active,256,LEU,N,252,VAL,O,2.968,bb-bb
8efl,active,257,MET,N,253,CYS,O,2.91,bb-bb
8efl,active,257,MET,N,254,TYR,O,3.35,bb-bb
8efl,active,258,ILE,N,254,TYR,O,2.881,bb-bb
8efl,active,257,MET,N,255,GLY,O,3.423,bb-bb
8efl,active,258,ILE,N,255,GLY,O,3.272,bb-bb
8efl,active,259,LEU,N,255,GLY,O,2.99,bb-bb
8efl,active,259,LEU,N,256,LEU,O,3.404,bb-bb
8efl,active,260,ARG,N,256,LEU,O,2.92,bb-bb
8efl,active,260,ARG,N,257,MET,O,3.358,bb-bb
8efl,active,261,LEU,N,257,MET,O,2.901,bb-bb
8efl,active,260,ARG,N,258,ILE,O,3.489,bb-bb
8efl,active,261,LEU,N,258,ILE,O,3.341,bb-bb
8efl,active,262,LYS,N,258,ILE,O,2.923,bb-bb
8efl,active,262,LYS,N,259,LEU,O,3.349,bb-bb
8efl,active,263,SER,N,259,LEU,O,2.975,bb-bb
8efl,active,262,LYS,N,260,ARG,O,3.484,bb-bb
8efl,active,263,SER,N,260,ARG,O,3.119,bb-bb
8efl,active,264,VAL,N,260,ARG,O,3.074,bb-bb
8efl,active,263,SER,N,261,LEU,O,3.49,bb-bb
8efl,active,264,VAL,N,261,LEU,O,3.264,bb-bb
8efl,active,264,VAL,N,262,LYS,O,3.385,bb-bb
8efl,active,265,ARG,N,263,SER,O,3.332,bb-bb
8efl,active,266,MET,N,264,VAL,O,3.446,bb-bb
8efl,active,268,SER,N,265,ARG,O,3.388,bb-bb
8efl,active,268,SER,N,266,MET,O,3.417,bb-bb
8efl,active,274,ASP,N,267,LEU,O,3.351,bb-bb
8efl,active,272,GLU,N,270,SER,O,3.372,bb-bb
8efl,active,273,LYS,N,270,SER,O,3.362,bb-bb
8efl,active,274,ASP,N,270,SER,O,3.001,bb-bb
8efl,active,274,ASP,N,271,LYS,O,3.417,bb-bb
8efl,active,275,ARG,N,271,LYS,O,2.868,bb-bb
8efl,active,275,ARG,N,272,GLU,O,3.318,bb-bb
8efl,active,275,ARG,NH1,272,GLU,OE2,2.403,sc-sc
8efl,active,276,ASN,N,272,GLU,O,2.945,bb-bb
8efl,active,276,ASN,N,273,LYS,O,3.233,bb-bb
8efl,active,277,LEU,N,273,LYS,O,2.942,bb-bb
8efl,active,276,ASN,N,274,ASP,O,3.408,bb-bb
8efl,active,277,LEU,N,274,ASP,O,3.213,bb-bb
8efl,active,278,ARG,N,274,ASP,O,2.882,bb-bb
8efl,active,278,ARG,N,275,ARG,O,3.31,bb-bb
8efl,active,279,ARG,N,275,ARG,O,2.906,bb-bb
8efl,active,278,ARG,N,276,ASN,O,3.469,bb-bb
8efl,active,279,ARG,N,276,ASN,O,3.404,bb-bb
8efl,active,279,ARG,NE,276,ASN,OD1,3.197,sc-sc
8efl,active,279,ARG,NH2,276,ASN,OD1,2.453,sc-sc
8efl,active,280,ILE,N,276,ASN,O,2.972,bb-bb
8efl,active,280,ILE,N,277,LEU,O,3.297,bb-bb
8efl,active,281,THR,N,277,LEU,O,2.942,bb-bb
8efl,active,281,THR,OG1,277,LEU,O,2.954,bb-sc
8efl,active,280,ILE,N,278,ARG,O,3.386,bb-bb
8efl,active,281,THR,N,278,ARG,O,3.261,bb-bb
8efl,active,282,ARG,N,278,ARG,O,2.86,bb-bb
8efl,active,282,ARG,N,279,ARG,O,3.379,bb-bb
8efl,active,283,MET,N,279,ARG,O,2.93,bb-bb
8efl,active,282,ARG,N,280,ILE,O,3.437,bb-bb
8efl,active,283,MET,N,280,ILE,O,3.215,bb-bb
8efl,active,284,VAL,N,280,ILE,O,2.985,bb-bb
8efl,active,284,VAL,N,281,THR,O,3.285,bb-bb
8efl,active,285,LEU,N,281,THR,O,2.945,bb-bb
8efl,active,284,VAL,N,282,ARG,O,3.486,bb-bb
8efl,active,285,LEU,N,282,ARG,O,3.36,bb-bb
8efl,active,286,VAL,N,282,ARG,O,2.901,bb-bb
8efl,active,286,VAL,N,283,MET,O,3.316,bb-bb
8efl,active,287,VAL,N,283,MET,O,2.985,bb-bb
8efl,active,286,VAL,N,284,VAL,O,3.44,bb-bb
8efl,active,287,VAL,N,284,VAL,O,3.242,bb-bb
8efl,active,288,VAL,N,284,VAL,O,3.011,bb-bb
8efl,active,289,ALA,N,285,LEU,O,2.896,bb-bb
8efl,active,289,ALA,N,286,VAL,O,3.444,bb-bb
8efl,active,290,VAL,N,286,VAL,O,2.901,bb-bb
8efl,active,289,ALA,N,287,VAL,O,3.453,bb-bb
8efl,active,290,VAL,N,287,VAL,O,3.378,bb-bb
8efl,active,291,PHE,N,287,VAL,O,3.035,bb-bb
8efl,active,291,PHE,N,288,VAL,O,3.357,bb-bb
8efl,active,292,ILE,N,288,VAL,O,2.984,bb-bb
8efl,active,292,ILE,N,289,ALA,O,3.427,bb-bb
8efl,active,293,VAL,N,289,ALA,O,2.901,bb-bb
8efl,active,292,ILE,N,290,VAL,O,3.491,bb-bb
8efl,active,294,CYS,N,290,VAL,O,2.946,bb-bb
8efl,active,295,TRP,N,291,PHE,O,3.013,bb-bb
8efl,active,294,CYS,N,292,ILE,O,3.303,bb-bb
8efl,active,295,TRP,N,292,ILE,O,3.476,bb-bb
8efl,active,296,THR,N,292,ILE,O,2.926,bb-bb
8efl,active,296,THR,OG1,292,ILE,O,2.379,bb-sc
8efl,active,299,HIS,ND1,295,TRP,O,2.509,bb-sc
8efl,active,298,ILE,N,296,THR,O,3.428,bb-bb
8efl,active,299,HIS,N,296,THR,O,3.373,bb-bb
8efl,active,300,ILE,N,296,THR,O,3.056,bb-bb
8efl,active,299,HIS,N,297,PRO,O,3.489,bb-bb
8efl,active,300,ILE,N,297,PRO,O,3.461,bb-bb
8efl,active,301,TYR,N,297,PRO,O,2.846,bb-bb
8efl,active,301,TYR,N,298,ILE,O,3.407,bb-bb
8efl,active,302,VAL,N,298,ILE,O,2.935,bb-bb
8efl,active,301,TYR,N,299,HIS,O,3.389,bb-bb
8efl,active,302,VAL,N,299,HIS,O,3.341,bb-bb
8efl,active,303,ILE,N,299,HIS,O,3.008,bb-bb
8efl,active,303,ILE,N,300,ILE,O,3.302,bb-bb
8efl,active,304,ILE,N,300,ILE,O,2.912,bb-bb
8efl,active,304,ILE,N,301,TYR,O,3.433,bb-bb
8efl,active,305,LYS,N,301,TYR,O,2.881,bb-bb
8efl,active,305,LYS,N,302,VAL,O,3.412,bb-bb
8efl,active,306,ALA,N,302,VAL,O,2.913,bb-bb
8efl,active,306,ALA,N,303,ILE,O,3.429,bb-bb
8efl,active,307,LEU,N,303,ILE,O,2.927,bb-bb
8efl,active,306,ALA,N,304,ILE,O,3.489,bb-bb
8efl,active,307,LEU,N,304,ILE,O,3.434,bb-bb
8efl,active,308,VAL,N,304,ILE,O,2.798,bb-bb
8efl,active,310,ILE,N,308,VAL,O,3.223,bb-bb
8efl,active,313,THR,N,311,PRO,O,3.424,bb-bb
8efl,active,317,THR,OG1,312,GLU,OE2,3.197,sc-sc
8efl,active,316,GLN,N,313,THR,O,3.36,bb-bb
8efl,active,316,GLN,N,313,THR,OG1,3.207,bb-sc
8efl,active,317,THR,N,313,THR,O,3.437,bb-bb
8efl,active,316,GLN,N,314,THR,O,3.36,bb-bb
8efl,active,317,THR,N,314,THR,O,3.114,bb-bb
8efl,active,318,VAL,N,314,THR,O,2.95,bb-bb
8efl,active,318,VAL,N,315,PHE,O,3.499,bb-bb
8efl,active,319,SER,N,315,PHE,O,2.885,bb-bb
8efl,active,319,SER,N,316,GLN,O,3.426,bb-bb
8efl,active,320,TRP,N,316,GLN,O,2.866,bb-bb
8efl,active,319,SER,N,317,THR,O,3.479,bb-bb
8efl,active,320,TRP,N,317,THR,O,3.366,bb-bb
8efl,active,321,HIS,N,317,THR,O,2.998,bb-bb
8efl,active,322,PHE,N,318,VAL,O,2.889,bb-bb
8efl,active,322,PHE,N,319,SER,O,3.421,bb-bb
8efl,active,323,CYS,N,319,SER,O,2.869,bb-bb
8efl,active,322,PHE,N,320,TRP,O,3.479,bb-bb
8efl,active,323,CYS,N,320,TRP,O,3.353,bb-bb
8efl,active,324,ILE,N,320,TRP,O,2.994,bb-bb
8efl,active,324,ILE,N,321,HIS,O,3.392,bb-bb
8efl,active,325,ALA,N,321,HIS,O,2.929,bb-bb
8efl,active,325,ALA,N,322,PHE,O,3.423,bb-bb
8efl,active,326,LEU,N,322,PHE,O,2.859,bb-bb
8efl,active,326,LEU,N,323,CYS,O,3.387,bb-bb
8efl,active,327,GLY,N,323,CYS,O,2.897,bb-bb
8efl,active,326,LEU,N,324,ILE,O,3.439,bb-bb
8efl,active,327,GLY,N,324,ILE,O,3.153,bb-bb
8efl,active,328,TYR,N,324,ILE,O,2.966,bb-bb
8efl,active,327,GLY,N,325,ALA,O,3.496,bb-bb
8efl,active,328,TYR,N,325,ALA,O,3.349,bb-bb
8efl,active,329,THR,N,325,ALA,O,2.867,bb-bb
8efl,active,329,THR,OG1,325,ALA,O,2.379,bb-sc
8efl,active,329,THR,N,326,LEU,O,3.361,bb-bb
8efl,active,329,THR,N,327,GLY,O,3.428,bb-bb
8efl,active,330,ASN,N,328,TYR,O,3.392,bb-bb
8efl,active,331,SER,N,328,TYR,O,3.262,bb-bb
8efl,active,332,CYS,N,328,TYR,O,2.93,bb-bb
8efl,active,332,CYS,N,329,THR,O,3.256,bb-bb
8efl,active,333,LEU,N,329,THR,O,2.832,bb-bb
8efl,active,332,CYS,N,330,ASN,O,3.361,bb-bb
8efl,active,333,LEU,N,330,ASN,O,3.248,bb-bb
8efl,active,334,ASN,N,330,ASN,O,2.895,bb-bb
8efl,active,334,ASN,ND2,330,ASN,O,2.862,bb-sc
8efl,active,335,PRO,N,333,LEU,O,3.465,bb-bb
8efl,active,336,VAL,N,333,LEU,O,3.359,bb-bb
8efl,active,337,LEU,N,333,LEU,O,2.863,bb-bb
8efl,active,338,TYR,N,334,ASN,O,2.917,bb-bb
8efl,active,337,LEU,N,335,PRO,O,3.375,bb-bb
8efl,active,338,TYR,N,335,PRO,O,3.486,bb-bb
8efl,active,339,ALA,N,335,PRO,O,2.9,bb-bb
8efl,active,340,PHE,N,335,PRO,O,3.2,bb-bb
8efl,active,342,ASP,N,338,TYR,O,3.347,bb-bb
8efl,active,342,ASP,N,339,ALA,O,3.375,bb-bb
8efl,active,342,ASP,N,340,PHE,O,3.407,bb-bb
8efl,active,343,GLU,N,341,LEU,O,3.429,bb-bb
8efl,active,344,ASN,N,342,ASP,O,3.437,bb-bb
8efl,active,345,PHE,N,342,ASP,O,3.442,bb-bb
8efl,active,346,LYS,N,342,ASP,O,2.921,bb-bb
8efl,active,346,LYS,N,343,GLU,O,3.147,bb-bb
8efl,active,346,LYS,NZ,343,GLU,OE2,3.398,sc-sc
8efl,active,347,ARG,N,343,GLU,O,2.843,bb-bb
8efl,active,346,LYS,N,344,ASN,O,3.456,bb-bb
8efl,active,347,ARG,N,344,ASN,O,3.267,bb-bb
8efl,active,348,CYS,N,344,ASN,O,2.97,bb-bb
8efl,active,347,ARG,N,345,PHE,O,3.491,bb-bb
8efl,active,348,CYS,N,345,PHE,O,3.15,bb-bb
8efl,active,349,PHE,N,345,PHE,O,2.866,bb-bb
8efl,active,349,PHE,N,346,LYS,O,3.403,bb-bb
8efl,active,350,ARG,N,346,LYS,O,2.889,bb-bb
8efl,active,350,ARG,N,347,ARG,O,3.25,bb-bb
8efl,active,351,GLU,N,347,ARG,O,2.897,bb-bb
8efl,active,352,PHE,N,348,CYS,O,3.021,bb-bb
8efo,active,69,THR,N,67,MET,O,3.488,bb-bb
8efo,active,70,ALA,N,67,MET,O,3.253,bb-bb
8efo,active,71,ILE,N,67,MET,O,3.005,bb-bb
8efo,active,71,ILE,N,68,ILE,O,3.429,bb-bb
8efo,active,72,THR,N,68,ILE,O,3.007,bb-bb
8efo,active,72,THR,OG1,68,ILE,O,2.654,bb-sc
8efo,active,72,THR,N,69,THR,O,3.272,bb-bb
8efo,active,73,ILE,N,69,THR,O,3.093,bb-bb
8efo,active,72,THR,N,70,ALA,O,3.445,bb-bb
8efo,active,74,MET,N,70,ALA,O,3.11,bb-bb
8efo,active,75,ALA,N,71,ILE,O,3.147,bb-bb
8efo,active,76,LEU,N,72,THR,O,3.033,bb-bb
8efo,active,75,ALA,N,73,ILE,O,3.469,bb-bb
8efo,active,76,LEU,N,73,ILE,O,3.174,bb-bb
8efo,active,77,TYR,N,73,ILE,O,3.015,bb-bb
8efo,active,78,SER,N,74,MET,O,2.942,bb-bb
8efo,active,78,SER,OG,74,MET,O,2.64,bb-sc
8efo,active,77,TYR,N,75,ALA,O,3.473,bb-bb
8efo,active,78,SER,N,75,ALA,O,3.023,bb-bb
8efo,active,79,ILE,N,75,ALA,O,2.726,bb-bb
8efo,active,80,VAL,N,76,LEU,O,3.368,bb-bb
8efo,active,80,VAL,N,77,TYR,O,3.348,bb-bb
8efo,active,81,CYS,N,77,TYR,O,2.756,bb-bb
8efo,active,77,TYR,OH,321,HIS,ND1,2.467,sc-sc
8efo,active,321,HIS,ND1,77,TYR,OH,2.467,sc-sc
8efo,active,81,CYS,N,78,SER,O,3.287,bb-bb
8efo,active,82,VAL,N,78,SER,O,2.881,bb-bb
8efo,active,81,CYS,N,79,ILE,O,3.442,bb-bb
8efo,active,83,VAL,N,79,ILE,O,3.124,bb-bb
8efo,active,84,GLY,N,80,VAL,O,2.918,bb-bb
8efo,active,84,GLY,N,81,CYS,O,3.401,bb-bb
8efo,active,85,LEU,N,81,CYS,O,2.887,bb-bb
8efo,active,84,GLY,N,82,VAL,O,3.429,bb-bb
8efo,active,86,PHE,N,82,VAL,O,3.006,bb-bb
8efo,active,87,GLY,N,83,VAL,O,3.038,bb-bb
8efo,active,88,ASN,N,84,GLY,O,3.135,bb-bb
8efo,active,88,ASN,ND2,84,GLY,O,2.695,bb-sc
8efo,active,89,PHE,N,85,LEU,O,3.371,bb-bb
8efo,active,90,LEU,N,86,PHE,O,3.106,bb-bb
8efo,active,90,LEU,N,87,GLY,O,3.392,bb-bb
8efo,active,91,VAL,N,87,GLY,O,3.24,bb-bb
8efo,active,90,LEU,N,88,ASN,O,3.442,bb-bb
8efo,active,91,VAL,N,88,ASN,O,3.313,bb-bb
8efo,active,92,MET,N,88,ASN,O,3.239,bb-bb
8efo,active,88,ASN,ND2,120,THR,OG1,3.254,sc-sc
8efo,active,93,TYR,N,89,PHE,O,3.033,bb-bb
8efo,active,93,TYR,N,90,LEU,O,3.437,bb-bb
8efo,active,94,VAL,N,90,LEU,O,3.193,bb-bb
8efo,active,93,TYR,N,91,VAL,O,3.294,bb-bb
8efo,active,94,VAL,N,91,VAL,O,3.469,bb-bb
8efo,active,95,ILE,N,91,VAL,O,3.165,bb-bb
8efo,active,95,ILE,N,93,TYR,O,3.411,bb-bb
8efo,active,96,VAL,N,93,TYR,O,3.482,bb-bb
8efo,active,97,ARG,N,93,TYR,O,2.959,bb-bb
8efo,active,98,TYR,N,94,VAL,O,2.986,bb-bb
8efo,active,99,THR,N,94,VAL,O,3.449,bb-bb
8efo,active,99,THR,N,95,ILE,O,3.063,bb-bb
8efo,active,100,LYS,N,95,ILE,O,2.468,bb-bb
8efo,active,101,MET,N,99,THR,O,3.317,bb-bb
8efo,active,102,LYS,N,100,LYS,O,3.324,bb-bb
8efo,active,106,ASN,N,103,THR,O,3.455,bb-bb
8efo,active,107,ILE,N,103,THR,O,3.33,bb-bb
8efo,active,106,ASN,N,104,ALA,O,3.491,bb-bb
8efo,active,107,ILE,N,104,ALA,O,3.277,bb-bb
8efo,active,107,ILE,N,105,THR,O,3.272,bb-bb
8efo,active,108,TYR,N,105,THR,O,3.079,bb-bb
8efo,active,109,ILE,N,105,THR,O,3.243,bb-bb
8efo,active,181,ARG,NH1,105,THR,OG1,2.385,sc-sc
8efo,active,109,ILE,N,106,ASN,O,3.399,bb-bb
8efo,active,110,PHE,N,106,ASN,O,3.017,bb-bb
8efo,active,109,ILE,N,107,ILE,O,3.483,bb-bb
8efo,active,110,PHE,N,107,ILE,O,3.345,bb-bb
8efo,active,111,ASN,N,107,ILE,O,3.056,bb-bb
8efo,active,111,ASN,N,108,TYR,O,3.372,bb-bb
8efo,active,112,LEU,N,108,TYR,O,2.831,bb-bb
8efo,active,112,LEU,N,109,ILE,O,3.247,bb-bb
8efo,active,113,ALA,N,109,ILE,O,2.861,bb-bb
8efo,active,112,LEU,N,110,PHE,O,3.414,bb-bb
8efo,active,113,ALA,N,110,PHE,O,3.36,bb-bb
8efo,active,114,LEU,N,110,PHE,O,2.911,bb-bb
8efo,active,115,ALA,N,111,ASN,O,3.131,bb-bb
8efo,active,190,ASN,ND2,111,ASN,OD1,3.099,sc-sc
8efo,active,114,LEU,N,112,LEU,O,3.486,bb-bb
8efo,active,115,ALA,N,112,LEU,O,3.496,bb-bb
8efo,active,116,ASP,N,112,LEU,O,3.044,bb-bb
8efo,active,117,ALA,N,113,ALA,O,2.988,bb-bb
8efo,active,116,ASP,N,114,LEU,O,3.5,bb-bb
8efo,active,117,ALA,N,114,LEU,O,3.422,bb-bb
8efo,active,118,LEU,N,114,LEU,O,3.195,bb-bb
8efo,active,119,ALA,N,115,ALA,O,3.201,bb-bb
8efo,active,119,ALA,N,116,ASP,O,3.351,bb-bb
8efo,active,120,THR,N,116,ASP,O,2.802,bb-bb
8efo,active,120,THR,OG1,116,ASP,O,2.531,bb-sc
8efo,active,156,SER,OG,116,ASP,OD1,2.508,sc-sc
8efo,active,331,SER,OG,116,ASP,OD1,2.903,sc-sc
8efo,active,334,ASN,ND2,116,ASP,OD2,3.216,sc-sc
8efo,active,120,THR,N,117,ALA,O,3.334,bb-bb
8efo,active,121,SER,N,117,ALA,O,2.886,bb-bb
8efo,active,121,SER,N,118,LEU,O,3.231,bb-bb
8efo,active,122,THR,N,118,LEU,O,3.454,bb-bb
8efo,active,122,THR,OG1,118,LEU,O,3.341,bb-sc
8efo,active,121,SER,N,119,ALA,O,3.441,bb-bb
8efo,active,122,THR,N,119,ALA,O,3.241,bb-bb
8efo,active,122,THR,N,120,THR,O,3.288,bb-bb
8efo,active,123,LEU,N,120,THR,O,3.103,bb-bb
8efo,active,123,LEU,N,121,SER,O,3.415,bb-bb
8efo,active,124,PRO,N,122,THR,O,3.482,bb-bb
8efo,active,125,PHE,N,122,THR,O,3.165,bb-bb
8efo,active,126,GLN,N,122,THR,O,3.045,bb-bb
8efo,active,125,PHE,N,123,LEU,O,3.459,bb-bb
8efo,active,126,GLN,N,123,LEU,O,3.323,bb-bb
8efo,active,127,SER,N,123,LEU,O,2.85,bb-bb
8efo,active,127,SER,OG,123,LEU,O,2.741,bb-sc
8efo,active,127,SER,N,124,PRO,O,3.304,bb-bb
8efo,active,128,VAL,N,124,PRO,O,3.039,bb-bb
8efo,active,129,ASN,N,125,PHE,O,3.173,bb-bb
8efo,active,129,ASN,N,126,GLN,O,3.279,bb-bb
8efo,active,130,TYR,N,126,GLN,O,3.169,bb-bb
8efo,active,126,GLN,NE2,149,ASP,OD2,2.743,sc-sc
8efo,active,126,GLN,NE2,328,TYR,OH,2.994,sc-sc
8efo,active,328,TYR,OH,126,GLN,NE2,2.994,sc-sc
8efo,active,129,ASN,N,127,SER,O,3.35,bb-bb
8efo,active,130,TYR,N,127,SER,O,3.363,bb-bb
8efo,active,131,LEU,N,127,SER,O,3.043,bb-bb
8efo,active,130,TYR,N,128,VAL,O,3.483,bb-bb
8efo,active,131,LEU,N,128,VAL,O,3.445,bb-bb
8efo,active,132,MET,N,128,VAL,O,2.976,bb-bb
8efo,active,133,GLY,N,129,ASN,O,3.071,bb-bb
8efo,active,133,GLY,N,130,TYR,O,3.36,bb-bb
8efo,active,133,GLY,N,131,LEU,O,3.451,bb-bb
8efo,active,134,THR,OG1,217,ILE,O,3.04,bb-sc
8efo,active,217,ILE,N,134,THR,OG1,2.708,bb-sc
8efo,active,135,TRP,NE1,138,GLY,O,3.225,bb-sc
8efo,active,135,TRP,N,217,ILE,O,2.989,bb-bb
8efo,active,138,GLY,N,136,PRO,O,3.41,bb-bb
8efo,active,142,CYS,N,138,GLY,O,3.033,bb-bb
8efo,active,141,LEU,N,139,THR,O,3.383,bb-bb
8efo,active,142,CYS,N,139,THR,O,3.294,bb-bb
8efo,active,143,LYS,N,139,THR,O,3.054,bb-bb
8efo,active,139,THR,OG1,210,THR,OG1,2.916,sc-sc
8efo,active,210,THR,OG1,139,THR,OG1,2.916,sc-sc
8efo,active,143,LYS,N,141,LEU,O,3.342,bb-bb
8efo,active,144,ILE,N,141,LEU,O,2.921,bb-bb
8efo,active,145,VAL,N,141,LEU,O,2.719,bb-bb
8efo,active,144,ILE,N,142,CYS,O,3.491,bb-bb
8efo,active,146,ILE,N,142,CYS,O,3.271,bb-bb
8efo,active,147,SER,N,143,LYS,O,3.408,bb-bb
8efo,active,143,LYS,NZ,208,ALA,O,2.984,bb-sc
8efo,active,147,SER,N,144,ILE,O,3.224,bb-bb
8efo,active,148,ILE,N,144,ILE,O,2.906,bb-bb
8efo,active,148,ILE,N,145,VAL,O,3.498,bb-bb
8efo,active,149,ASP,N,145,VAL,O,3.088,bb-bb
8efo,active,149,ASP,N,146,ILE,O,3.183,bb-bb
8efo,active,150,TYR,N,146,ILE,O,3.086,bb-bb
8efo,active,149,ASP,N,147,SER,O,3.301,bb-bb
8efo,active,150,TYR,N,147,SER,O,3.425,bb-bb
8efo,active,151,TYR,N,147,SER,O,2.929,bb-bb
8efo,active,152,ASN,N,148,ILE,O,3.28,bb-bb
8efo,active,153,MET,N,149,ASP,O,3.268,bb-bb
8efo,active,328,TYR,OH,149,ASP,OD1,2.362,sc-sc
8efo,active,328,TYR,OH,149,ASP,OD2,3.284,sc-sc
8efo,active,153,MET,N,150,TYR,O,3.319,bb-bb
8efo,active,154,PHE,N,150,TYR,O,3.226,bb-bb
8efo,active,153,MET,N,151,TYR,O,3.431,bb-bb
8efo,active,154,PHE,N,151,TYR,O,3.373,bb-bb
8efo,active,155,THR,N,151,TYR,O,2.912,bb-bb
8efo,active,155,THR,OG1,151,TYR,O,2.7,bb-sc
8efo,active,151,TYR,OH,194,TRP,O,2.942,bb-sc
8efo,active,156,SER,N,152,ASN,O,3.047,bb-bb
8efo,active,155,THR,N,153,MET,O,3.44,bb-bb
8efo,active,156,SER,N,153,MET,O,3.442,bb-bb
8efo,active,157,ILE,N,153,MET,O,3.101,bb-bb
8efo,active,158,PHE,N,154,PHE,O,2.946,bb-bb
8efo,active,197,SER,OG,154,PHE,O,3.491,bb-sc
8efo,active,159,THR,N,155,THR,O,3.051,bb-bb
8efo,active,159,THR,OG1,155,THR,O,2.626,bb-sc
8efo,active,155,THR,N,197,SER,OG,3.155,bb-sc
8efo,active,155,THR,OG1,197,SER,OG,3.248,sc-sc
8efo,active,197,SER,OG,155,THR,OG1,3.248,sc-sc
8efo,active,159,THR,N,156,SER,O,3.189,bb-bb
8efo,active,160,LEU,N,156,SER,O,2.994,bb-bb
8efo,active,159,THR,N,157,ILE,O,3.406,bb-bb
8efo,active,160,LEU,N,157,ILE,O,3.073,bb-bb
8efo,active,161,CYS,N,157,ILE,O,2.884,bb-bb
8efo,active,161,CYS,N,158,PHE,O,3.333,bb-bb
8efo,active,162,THR,N,158,PHE,O,2.825,bb-bb
8efo,active,162,THR,OG1,158,PHE,O,2.579,bb-sc
8efo,active,162,THR,N,159,THR,O,3.312,bb-bb
8efo,active,163,MET,N,159,THR,O,2.973,bb-bb
8efo,active,164,SER,N,160,LEU,O,3.097,bb-bb
8efo,active,164,SER,N,161,CYS,O,3.195,bb-bb
8efo,active,165,VAL,N,161,CYS,O,2.846,bb-bb
8efo,active,164,SER,N,162,THR,O,3.421,bb-bb
8efo,active,165,VAL,N,162,THR,O,3.09,bb-bb
8efo,active,166,ASP,N,162,THR,O,2.602,bb-bb
8efo,active,162,THR,OG1,193,ASN,OD1,3.336,sc-sc
8efo,active,193,ASN,ND2,162,THR,OG1,3.004,sc-sc
8efo,active,166,ASP,N,163,MET,O,3.412,bb-bb
8efo,active,167,ARG,N,163,MET,O,2.893,bb-bb
8efo,active,168,TYR,N,164,SER,O,3.054,bb-bb
8efo,active,164,SER,OG,249,ILE,O,3.355,bb-sc
8efo,active,168,TYR,N,165,VAL,O,3.404,bb-bb
8efo,active,169,ILE,N,165,VAL,O,3.082,bb-bb
8efo,active,168,TYR,N,166,ASP,O,3.39,bb-bb
8efo,active,169,ILE,N,166,ASP,O,3.462,bb-bb
8efo,active,170,ALA,N,166,ASP,O,3.011,bb-bb
8efo,active,181,ARG,NH2,166,ASP,O,3.463,bb-sc
8efo,active,181,ARG,NH2,166,ASP,OD1,2.608,sc-sc
8efo,active,181,ARG,NH2,166,ASP,OD2,3.448,sc-sc
8efo,active,167,ARG,NH1,254,TYR,OH,3.452,sc-sc
8efo,active,170,ALA,N,168,TYR,O,3.43,bb-bb
8efo,active,171,VAL,N,168,TYR,O,3.42,bb-bb
8efo,active,172,CYS,N,168,TYR,O,2.902,bb-bb
8efo,active,171,VAL,N,169,ILE,O,3.36,bb-bb
8efo,active,173,HIS,N,169,ILE,O,3.258,bb-bb
8efo,active,175,VAL,N,173,HIS,O,3.394,bb-bb
8efo,active,177,ALA,N,173,HIS,O,2.922,bb-bb
8efo,active,177,ALA,N,174,PRO,O,3.369,bb-bb
8efo,active,177,ALA,N,175,VAL,O,3.397,bb-bb
8efo,active,178,LEU,N,175,VAL,O,3.278,bb-bb
8efo,active,178,LEU,N,176,LYS,O,3.396,bb-bb
8efo,active,179,ASP,N,176,LYS,O,3.2,bb-bb
8efo,active,180,PHE,N,176,LYS,O,2.964,bb-bb
8efo,active,179,ASP,N,177,ALA,O,3.467,bb-bb
8efo,active,180,PHE,N,177,ALA,O,3.042,bb-bb
8efo,active,181,ARG,N,177,ALA,O,2.511,bb-bb
8efo,active,182,THR,N,180,PHE,O,2.904,bb-bb
8efo,active,185,ASN,ND2,180,PHE,O,3.18,bb-sc
8efo,active,184,ARG,N,182,THR,O,3.263,bb-bb
8efo,active,185,ASN,N,182,THR,O,3.239,bb-bb
8efo,active,185,ASN,N,182,THR,OG1,3.197,bb-sc
8efo,active,186,ALA,N,182,THR,O,3.019,bb-bb
8efo,active,187,LYS,N,183,PRO,O,3.447,bb-bb
8efo,active,188,ILE,N,184,ARG,O,3.484,bb-bb
8efo,active,187,LYS,N,185,ASN,O,3.377,bb-bb
8efo,active,188,ILE,N,185,ASN,O,3.133,bb-bb
8efo,active,189,ILE,N,185,ASN,O,3.087,bb-bb
8efo,active,190,ASN,N,186,ALA,O,3.222,bb-bb
8efo,active,190,ASN,ND2,186,ALA,O,2.681,bb-sc
8efo,active,191,VAL,N,187,LYS,O,3.215,bb-bb
8efo,active,190,ASN,N,188,ILE,O,3.474,bb-bb
8efo,active,191,VAL,N,188,ILE,O,3.374,bb-bb
8efo,active,192,CYS,N,188,ILE,O,3.064,bb-bb
8efo,active,192,CYS,N,189,ILE,O,3.268,bb-bb
8efo,active,193,ASN,N,189,ILE,O,2.986,bb-bb
8efo,active,193,ASN,ND2,189,ILE,O,3.083,bb-sc
8efo,active,192,CYS,N,190,ASN,O,3.383,bb-bb
8efo,active,193,ASN,N,190,ASN,O,3.046,bb-bb
8efo,active,194,TRP,N,190,ASN,O,3.155,bb-bb
8efo,active,193,ASN,N,191,VAL,O,3.391,bb-bb
8efo,active,194,TRP,N,191,VAL,O,3.255,bb-bb
8efo,active,195,ILE,N,191,VAL,O,2.913,bb-bb
8efo,active,195,ILE,N,192,CYS,O,3.218,bb-bb
8efo,active,196,LEU,N,192,CYS,O,2.724,bb-bb
8efo,active,195,ILE,N,193,ASN,O,3.487,bb-bb
8efo,active,196,LEU,N,193,ASN,O,3.437,bb-bb
8efo,active,197,SER,N,193,ASN,O,3.034,bb-bb
8efo,active,197,SER,OG,193,ASN,O,3.174,bb-sc
8efo,active,198,SER,N,194,TRP,O,3.035,bb-bb
8efo,active,197,SER,N,195,ILE,O,3.465,bb-bb
8efo,active,198,SER,N,195,ILE,O,3.098,bb-bb
8efo,active,199,ALA,N,195,ILE,O,3.363,bb-bb
8efo,active,198,SER,N,196,LEU,O,3.484,bb-bb
8efo,active,199,ALA,N,196,LEU,O,3.329,bb-bb
8efo,active,199,ALA,N,197,SER,O,3.348,bb-bb
8efo,active,200,ILE,N,197,SER,O,3.191,bb-bb
8efo,active,201,GLY,N,197,SER,O,2.592,bb-bb
8efo,active,200,ILE,N,198,SER,O,3.316,bb-bb
8efo,active,201,GLY,N,198,SER,O,3.238,bb-bb
8efo,active,202,LEU,N,198,SER,O,2.945,bb-bb
8efo,active,204,VAL,N,200,ILE,O,3.346,bb-bb
8efo,active,204,VAL,N,201,GLY,O,3.448,bb-bb
8efo,active,205,MET,N,201,GLY,O,3.242,bb-bb
8efo,active,204,VAL,N,202,LEU,O,3.389,bb-bb
8efo,active,205,MET,N,202,LEU,O,3.174,bb-bb
8efo,active,206,PHE,N,202,LEU,O,3.316,bb-bb
8efo,active,205,MET,N,203,PRO,O,3.465,bb-bb
8efo,active,206,PHE,N,203,PRO,O,3.239,bb-bb
8efo,active,207,MET,N,203,PRO,O,2.913,bb-bb
8efo,active,206,PHE,N,204,VAL,O,3.449,bb-bb
8efo,active,208,ALA,N,204,VAL,O,3.192,bb-bb
8efo,active,208,ALA,N,206,PHE,O,3.245,bb-bb
8efo,active,209,THR,N,207,MET,O,3.265,bb-bb
8efo,active,222,THR,N,207,MET,O,3.11,bb-bb
8efo,active,222,THR,OG1,207,MET,O,2.973,bb-sc
8efo,active,209,THR,N,220,THR,O,3.253,bb-bb
8efo,active,220,THR,N,209,THR,O,3.421,bb-bb
8efo,active,209,THR,OG1,222,THR,OG1,2.801,sc-sc
8efo,active,222,THR,OG1,209,THR,OG1,2.801,sc-sc
8efo,active,213,ARG,N,211,LYS,O,3.375,bb-bb
8efo,active,211,LYS,N,218,ASP,O,3.053,bb-bb
8efo,active,218,ASP,N,211,LYS,O,2.976,bb-bb
8efo,active,215,GLY,N,213,ARG,O,3.354,bb-bb
8efo,active,213,ARG,N,216,SER,O,2.944,bb-bb
8efo,active,216,SER,N,213,ARG,O,2.933,bb-bb
8efo,active,216,SER,OG,213,ARG,O,2.441,bb-sc
8efo,active,213,ARG,NH1,218,ASP,OD2,2.403,sc-sc
8efo,active,216,SER,N,214,GLN,O,3.24,bb-bb
8efo,active,218,ASP,N,216,SER,O,3.475,bb-bb
8efo,active,222,THR,N,220,THR,O,3.404,bb-bb
8efo,active,229,TYR,N,226,PRO,O,3.459,bb-bb
8efo,active,230,TRP,N,226,PRO,O,3.443,bb-bb
8efo,active,229,TYR,N,227,THR,O,3.384,bb-bb
8efo,active,231,GLU,N,227,THR,O,3.137,bb-bb
8efo,active,232,ASN,N,228,TRP,O,3.47,bb-bb
8efo,active,231,GLU,N,229,TYR,O,3.488,bb-bb
8efo,active,233,LEU,N,229,TYR,O,2.992,bb-bb
8efo,active,233,LEU,N,230,TRP,O,3.428,bb-bb
8efo,active,234,LEU,N,230,TRP,O,3.093,bb-bb
8efo,active,235,LYS,N,231,GLU,O,3.304,bb-bb
8efo,active,234,LEU,N,232,ASN,O,3.467,bb-bb
8efo,active,235,LYS,N,232,ASN,O,3.163,bb-bb
8efo,active,236,ILE,N,232,ASN,O,3.004,bb-bb
8efo,active,236,ILE,N,233,LEU,O,3.46,bb-bb
8efo,active,237,CYS,N,233,LEU,O,3.211,bb-bb
8efo,active,236,ILE,N,234,LEU,O,3.419,bb-bb
8efo,active,237,CYS,N,234,LEU,O,3.277,bb-bb
8efo,active,238,VAL,N,234,LEU,O,2.964,bb-bb
8efo,active,239,PHE,N,235,LYS,O,2.993,bb-bb
8efo,active,239,PHE,N,236,ILE,O,3.13,bb-bb
8efo,active,240,ILE,N,236,ILE,O,2.662,bb-bb
8efo,active,239,PHE,N,237,CYS,O,3.498,bb-bb
8efo,active,240,ILE,N,237,CYS,O,3.413,bb-bb
8efo,active,241,PHE,N,237,CYS,O,2.712,bb-bb
8efo,active,242,ALA,N,238,VAL,O,3.163,bb-bb
8efo,active,243,PHE,N,239,PHE,O,3.238,bb-bb
8efo,active,244,ILE,N,239,PHE,O,2.877,bb-bb
8efo,active,242,ALA,N,240,ILE,O,3.455,bb-bb
8efo,active,244,ILE,N,240,ILE,O,3.047,bb-bb
8efo,active,245,MET,N,240,ILE,O,2.72,bb-bb
8efo,active,247,VAL,N,243,PHE,O,3.019,bb-bb
8efo,active,247,VAL,N,244,ILE,O,3.484,bb-bb
8efo,active,248,LEU,N,244,ILE,O,3.19,bb-bb
8efo,active,248,LEU,N,245,MET,O,3.282,bb-bb
8efo,active,249,ILE,N,245,MET,O,2.937,bb-bb
8efo,active,248,LEU,N,246,PRO,O,3.465,bb-bb
8efo,active,249,ILE,N,246,PRO,O,3.134,bb-bb
8efo,active,250,ILE,N,246,PRO,O,2.696,bb-bb
8efo,active,249,ILE,N,247,VAL,O,3.494,bb-bb
8efo,active,250,ILE,N,247,VAL,O,3.492,bb-bb
8efo,active,251,THR,N,247,VAL,O,2.928,bb-bb
8efo,active,251,THR,OG1,247,VAL,O,3.028,bb-sc
8efo,active,252,VAL,N,248,LEU,O,3.47,bb-bb
8efo,active,253,CYS,N,249,ILE,O,3.22,bb-bb
8efo,active,254,TYR,N,250,ILE,O,3.095,bb-bb
8efo,active,255,GLY,N,251,THR,O,2.779,bb-bb
8efo,active,255,GLY,N,252,VAL,O,3.222,bb-bb
8efo,active,256,LEU,N,252,VAL,O,2.787,bb-bb
8efo,active,257,MET,N,253,CYS,O,3.083,bb-bb
8efo,active,257,MET,N,254,TYR,O,3.239,bb-bb
8efo,active,258,ILE,N,254,TYR,O,3.095,bb-bb
8efo,active,257,MET,N,255,GLY,O,3.421,bb-bb
8efo,active,258,ILE,N,255,GLY,O,3.409,bb-bb
8efo,active,259,LEU,N,255,GLY,O,3.359,bb-bb
8efo,active,259,LEU,N,256,LEU,O,3.459,bb-bb
8efo,active,260,ARG,N,256,LEU,O,3.144,bb-bb
8efo,active,259,LEU,N,257,MET,O,3.463,bb-bb
8efo,active,260,ARG,N,257,MET,O,3.321,bb-bb
8efo,active,261,LEU,N,257,MET,O,3.005,bb-bb
8efo,active,260,ARG,N,258,ILE,O,3.478,bb-bb
8efo,active,261,LEU,N,258,ILE,O,3.276,bb-bb
8efo,active,262,LYS,N,258,ILE,O,3.062,bb-bb
8efo,active,263,SER,N,259,LEU,O,3.383,bb-bb
8efo,active,262,LYS,N,260,ARG,O,3.44,bb-bb
8efo,active,263,SER,N,260,ARG,O,3.072,bb-bb
8efo,active,264,VAL,N,260,ARG,O,3.002,bb-bb
8efo,active,263,SER,N,261,LEU,O,3.459,bb-bb
8efo,active,264,VAL,N,261,LEU,O,3.289,bb-bb
8efo,active,268,SER,OG,262,LYS,O,3.384,bb-sc
8efo,active,265,ARG,N,263,SER,O,3.347,bb-bb
8efo,active,266,MET,N,264,VAL,O,3.429,bb-bb
8efo,active,274,ASP,N,267,LEU,O,3.313,bb-bb
8efo,active,269,GLY,N,274,ASP,OD1,3.25,bb-sc
8efo,active,272,GLU,N,270,SER,O,3.413,bb-bb
8efo,active,273,LYS,N,270,SER,O,3.24,bb-bb
8efo,active,273,LYS,N,270,SER,OG,3.35,bb-sc
8efo,active,274,ASP,N,270,SER,O,2.699,bb-bb
8efo,active,274,ASP,N,271,LYS,O,3.35,bb-bb
8efo,active,275,ARG,N,271,LYS,O,2.794,bb-bb
8efo,active,275,ARG,N,272,GLU,O,3.442,bb-bb
8efo,active,275,ARG,NH1,272,GLU,OE2,2.531,sc-sc
8efo,active,276,ASN,N,272,GLU,O,3.358,bb-bb
8efo,active,275,ARG,N,273,LYS,O,3.487,bb-bb
8efo,active,276,ASN,N,273,LYS,O,3.307,bb-bb
8efo,active,277,LEU,N,273,LYS,O,3.324,bb-bb
8efo,active,276,ASN,N,274,ASP,O,3.39,bb-bb
8efo,active,277,LEU,N,274,ASP,O,3.114,bb-bb
8efo,active,278,ARG,N,274,ASP,O,3.149,bb-bb
8efo,active,277,LEU,N,275,ARG,O,3.472,bb-bb
8efo,active,278,ARG,N,275,ARG,O,3.127,bb-bb
8efo,active,279,ARG,N,275,ARG,O,3.086,bb-bb
8efo,active,279,ARG,NH1,276,ASN,OD1,3.43,sc-sc
8efo,active,280,ILE,N,276,ASN,O,3.208,bb-bb
8efo,active,281,THR,N,277,LEU,O,3.002,bb-bb
8efo,active,281,THR,OG1,277,LEU,O,2.728,bb-sc
8efo,active,280,ILE,N,278,ARG,O,3.461,bb-bb
8efo,active,281,THR,N,278,ARG,O,3.291,bb-bb
8efo,active,282,ARG,N,278,ARG,O,2.791,bb-bb
8efo,active,282,ARG,NE,278,ARG,O,3.326,bb-sc
8efo,active,283,MET,N,279,ARG,O,2.942,bb-bb
8efo,active,279,ARG,NH1,343,GLU,OE2,3.483,sc-sc
8efo,active,279,ARG,NH2,343,GLU,OE2,2.63,sc-sc
8efo,active,282,ARG,N,280,ILE,O,3.49,bb-bb
8efo,active,283,MET,N,280,ILE,O,3.283,bb-bb
8efo,active,284,VAL,N,280,ILE,O,2.879,bb-bb
8efo,active,284,VAL,N,281,THR,O,3.403,bb-bb
8efo,active,285,LEU,N,281,THR,O,2.944,bb-bb
8efo,active,284,VAL,N,282,ARG,O,3.456,bb-bb
8efo,active,285,LEU,N,282,ARG,O,3.29,bb-bb
8efo,active,286,VAL,N,282,ARG,O,2.939,bb-bb
8efo,active,287,VAL,N,283,MET,O,3.197,bb-bb
8efo,active,286,VAL,N,284,VAL,O,3.465,bb-bb
8efo,active,287,VAL,N,284,VAL,O,3.2,bb-bb
8efo,active,288,VAL,N,284,VAL,O,2.944,bb-bb
8efo,active,288,VAL,N,285,LEU,O,3.382,bb-bb
8efo,active,289,ALA,N,285,LEU,O,2.803,bb-bb
8efo,active,288,VAL,N,286,VAL,O,3.434,bb-bb
8efo,active,289,ALA,N,286,VAL,O,3.096,bb-bb
8efo,active,290,VAL,N,286,VAL,O,2.721,bb-bb
8efo,active,291,PHE,N,287,VAL,O,3.492,bb-bb
8efo,active,292,ILE,N,288,VAL,O,3.171,bb-bb
8efo,active,291,PHE,N,289,ALA,O,3.382,bb-bb
8efo,active,292,ILE,N,289,ALA,O,2.941,bb-bb
8efo,active,293,VAL,N,289,ALA,O,2.533,bb-bb
8efo,active,292,ILE,N,290,VAL,O,3.482,bb-bb
8efo,active,293,VAL,N,290,VAL,O,3.473,bb-bb
8efo,active,294,CYS,N,290,VAL,O,2.956,bb-bb
8efo,active,295,TRP,N,291,PHE,O,3.268,bb-bb
8efo,active,294,CYS,N,292,ILE,O,3.391,bb-bb
8efo,active,296,THR,N,292,ILE,O,3.28,bb-bb
8efo,active,296,THR,OG1,292,ILE,O,2.516,bb-sc
8efo,active,299,HIS,N,295,TRP,O,3.303,bb-bb
8efo,active,299,HIS,ND1,295,TRP,O,2.46,bb-sc
8efo,active,300,ILE,N,296,THR,O,3.304,bb-bb
8efo,active,299,HIS,N,297,PRO,O,3.467,bb-bb
8efo,active,301,TYR,N,297,PRO,O,3.116,bb-bb
8efo,active,302,VAL,N,298,ILE,O,3.381,bb-bb
8efo,active,303,ILE,N,299,HIS,O,3.333,bb-bb
8efo,active,302,VAL,N,300,ILE,O,3.374,bb-bb
8efo,active,303,ILE,N,300,ILE,O,3.049,bb-bb
8efo,active,304,ILE,N,300,ILE,O,2.81,bb-bb
8efo,active,305,LYS,N,301,TYR,O,2.901,bb-bb
8efo,active,301,TYR,OH,316,GLN,NE2,3.009,sc-sc
8efo,active,316,GLN,NE2,301,TYR,OH,3.009,sc-sc
8efo,active,305,LYS,N,302,VAL,O,3.303,bb-bb
8efo,active,306,ALA,N,302,VAL,O,2.831,bb-bb
8efo,active,305,LYS,N,303,ILE,O,3.475,bb-bb
8efo,active,306,ALA,N,303,ILE,O,3.219,bb-bb
8efo,active,307,LEU,N,303,ILE,O,2.792,bb-bb
8efo,active,306,ALA,N,304,ILE,O,3.444,bb-bb
8efo,active,307,LEU,N,304,ILE,O,3.425,bb-bb
8efo,active,308,VAL,N,304,ILE,O,2.817,bb-bb
8efo,active,310,ILE,N,308,VAL,O,3.367,bb-bb
8efo,active,313,THR,N,311,PRO,O,3.395,bb-bb
8efo,active,313,THR,OG1,311,PRO,O,3.148,bb-sc
8efo,active,316,GLN,N,313,THR,O,3.189,bb-bb
8efo,active,317,THR,N,313,THR,O,2.708,bb-bb
8efo,active,317,THR,OG1,313,THR,O,2.697,bb-sc
8efo,active,317,THR,N,314,THR,O,3.42,bb-bb
8efo,active,318,VAL,N,314,THR,O,3.187,bb-bb
8efo,active,317,THR,N,315,PHE,O,3.484,bb-bb
8efo,active,318,VAL,N,315,PHE,O,3.474,bb-bb
8efo,active,319,SER,N,315,PHE,O,2.99,bb-bb
8efo,active,320,TRP,N,316,GLN,O,3.28,bb-bb
8efo,active,320,TRP,N,318,VAL,O,3.315,bb-bb
8efo,active,321,HIS,N,318,VAL,O,3.185,bb-bb
8efo,active,322,PHE,N,318,VAL,O,2.709,bb-bb
8efo,active,323,CYS,N,319,SER,O,3.089,bb-bb
8efo,active,324,ILE,N,320,TRP,O,3.246,bb-bb
8efo,active,324,ILE,N,321,HIS,O,3.346,bb-bb
8efo,active,325,ALA,N,321,HIS,O,2.897,bb-bb
8efo,active,325,ALA,N,322,PHE,O,3.245,bb-bb
8efo,active,326,LEU,N,322,PHE,O,3.054,bb-bb
8efo,active,327,GLY,N,323,CYS,O,3.295,bb-bb
8efo,active,326,LEU,N,324,ILE,O,3.421,bb-bb
8efo,active,327,GLY,N,324,ILE,O,3.115,bb-bb
8efo,active,328,TYR,N,324,ILE,O,3.296,bb-bb
8efo,active,327,GLY,N,325,ALA,O,3.487,bb-bb
8efo,active,328,TYR,N,325,ALA,O,3.42,bb-bb
8efo,active,329,THR,N,325,ALA,O,2.892,bb-bb
8efo,active,329,THR,OG1,325,ALA,O,2.331,bb-sc
8efo,active,328,TYR,N,326,LEU,O,3.47,bb-bb
8efo,active,329,THR,N,326,LEU,O,3.126,bb-bb
8efo,active,330,ASN,N,326,LEU,O,3.46,bb-bb
8efo,active,330,ASN,N,328,TYR,O,3.391,bb-bb
8efo,active,331,SER,N,328,TYR,O,3.11,bb-bb
8efo,active,332,CYS,N,328,TYR,O,2.937,bb-bb
8efo,active,332,CYS,N,329,THR,O,3.181,bb-bb
8efo,active,333,LEU,N,329,THR,O,2.865,bb-bb
8efo,active,332,CYS,N,330,ASN,O,3.301,bb-bb
8efo,active,333,LEU,N,330,ASN,O,2.905,bb-bb
8efo,active,334,ASN,N,330,ASN,O,2.614,bb-bb
8efo,active,334,ASN,ND2,330,ASN,O,3.075,bb-sc
8efo,active,336,VAL,N,333,LEU,O,3.229,bb-bb
8efo,active,337,LEU,N,333,LEU,O,2.934,bb-bb
8efo,active,338,TYR,N,334,ASN,O,2.938,bb-bb
8efo,active,339,ALA,N,335,PRO,O,3.073,bb-bb
8efo,active,340,PHE,N,335,PRO,O,2.889,bb-bb
8efo,active,341,LEU,N,336,VAL,O,3.325,bb-bb
8efo,active,341,LEU,N,339,ALA,O,3.394,bb-bb
8efo,active,342,ASP,N,339,ALA,O,3.326,bb-bb
8efo,active,342,ASP,N,340,PHE,O,3.493,bb-bb
8efo,active,344,ASN,N,342,ASP,O,3.39,bb-bb
8efo,active,345,PHE,N,342,ASP,O,3.387,bb-bb
8efo,active,346,LYS,N,342,ASP,O,3.157,bb-bb
8efo,active,346,LYS,N,343,GLU,O,3.317,bb-bb
8efo,active,347,ARG,N,343,GLU,O,3.094,bb-bb
8efo,active,347,ARG,N,344,ASN,O,3.471,bb-bb
8efo,active,347,ARG,NH1,344,ASN,OD1,2.404,sc-sc
8efo,active,347,ARG,N,345,PHE,O,3.366,bb-bb
8efo,active,348,CYS,N,345,PHE,O,3.04,bb-bb
8efo,active,349,PHE,N,345,PHE,O,3.153,bb-bb
8efo,active,350,ARG,N,346,LYS,O,3.099,bb-bb
8efo,active,351,GLU,N,347,ARG,O,2.96,bb-bb
8efo,active,352,PHE,N,348,CYS,O,2.799,bb-bb
8efq,active,69,THR,N,67,MET,O,3.488,bb-bb
8efq,active,70,ALA,N,67,MET,O,3.402,bb-bb
8efq,active,71,ILE,N,67,MET,O,3.412,bb-bb
8efq,active,70,ALA,N,68,ILE,O,3.428,bb-bb
8efq,active,71,ILE,N,68,ILE,O,3.348,bb-bb
8efq,active,72,THR,N,68,ILE,O,2.92,bb-bb
8efq,active,72,THR,OG1,68,ILE,O,2.732,bb-sc
8efq,active,72,THR,N,69,THR,O,3.289,bb-bb
8efq,active,73,ILE,N,69,THR,O,2.905,bb-bb
8efq,active,72,THR,N,70,ALA,O,3.434,bb-bb
8efq,active,74,MET,N,70,ALA,O,2.943,bb-bb
8efq,active,74,MET,N,71,ILE,O,3.44,bb-bb
8efq,active,75,ALA,N,71,ILE,O,2.932,bb-bb
8efq,active,74,MET,N,72,THR,O,3.411,bb-bb
8efq,active,75,ALA,N,72,THR,O,3.267,bb-bb
8efq,active,76,LEU,N,72,THR,O,2.902,bb-bb
8efq,active,76,LEU,N,73,ILE,O,3.193,bb-bb
8efq,active,77,TYR,N,73,ILE,O,2.913,bb-bb
8efq,active,76,LEU,N,74,MET,O,3.424,bb-bb
8efq,active,77,TYR,N,74,MET,O,3.396,bb-bb
8efq,active,78,SER,N,74,MET,O,2.974,bb-bb
8efq,active,78,SER,N,75,ALA,O,3.332,bb-bb
8efq,active,79,ILE,N,75,ALA,O,2.913,bb-bb
8efq,active,78,SER,N,76,LEU,O,3.446,bb-bb
8efq,active,79,ILE,N,76,LEU,O,3.428,bb-bb
8efq,active,80,VAL,N,76,LEU,O,2.979,bb-bb
8efq,active,81,CYS,N,77,TYR,O,2.923,bb-bb
8efq,active,77,TYR,OH,321,HIS,ND1,3.031,sc-sc
8efq,active,321,HIS,ND1,77,TYR,OH,3.031,sc-sc
8efq,active,81,CYS,N,78,SER,O,3.456,bb-bb
8efq,active,82,VAL,N,78,SER,O,2.965,bb-bb
8efq,active,82,VAL,N,79,ILE,O,3.34,bb-bb
8efq,active,83,VAL,N,79,ILE,O,2.963,bb-bb
8efq,active,82,VAL,N,80,VAL,O,3.471,bb-bb
8efq,active,83,VAL,N,80,VAL,O,3.498,bb-bb
8efq,active,84,GLY,N,80,VAL,O,2.92,bb-bb
8efq,active,84,GLY,N,81,CYS,O,3.446,bb-bb
8efq,active,85,LEU,N,81,CYS,O,2.962,bb-bb
8efq,active,84,GLY,N,82,VAL,O,3.425,bb-bb
8efq,active,85,LEU,N,82,VAL,O,3.455,bb-bb
8efq,active,86,PHE,N,82,VAL,O,2.914,bb-bb
8efq,active,86,PHE,N,83,VAL,O,3.448,bb-bb
8efq,active,87,GLY,N,83,VAL,O,2.954,bb-bb
8efq,active,86,PHE,N,84,GLY,O,3.455,bb-bb
8efq,active,87,GLY,N,84,GLY,O,3.452,bb-bb
8efq,active,88,ASN,N,84,GLY,O,2.954,bb-bb
8efq,active,88,ASN,ND2,84,GLY,O,2.645,bb-sc
8efq,active,88,ASN,N,85,LEU,O,3.486,bb-bb
8efq,active,89,PHE,N,85,LEU,O,2.898,bb-bb
8efq,active,89,PHE,N,86,PHE,O,3.41,bb-bb
8efq,active,90,LEU,N,86,PHE,O,2.972,bb-bb
8efq,active,89,PHE,N,87,GLY,O,3.498,bb-bb
8efq,active,90,LEU,N,87,GLY,O,3.316,bb-bb
8efq,active,91,VAL,N,87,GLY,O,2.992,bb-bb
8efq,active,91,VAL,N,88,ASN,O,3.371,bb-bb
8efq,active,92,MET,N,88,ASN,O,2.923,bb-bb
8efq,active,92,MET,N,89,PHE,O,3.471,bb-bb
8efq,active,93,TYR,N,89,PHE,O,2.895,bb-bb
8efq,active,92,MET,N,90,LEU,O,3.493,bb-bb
8efq,active,93,TYR,N,90,LEU,O,3.206,bb-bb
8efq,active,94,VAL,N,90,LEU,O,2.974,bb-bb
8efq,active,93,TYR,N,91,VAL,O,3.457,bb-bb
8efq,active,94,VAL,N,91,VAL,O,3.422,bb-bb
8efq,active,95,ILE,N,91,VAL,O,2.953,bb-bb
8efq,active,95,ILE,N,92,MET,O,3.491,bb-bb
8efq,active,96,VAL,N,92,MET,O,2.934,bb-bb
8efq,active,97,ARG,N,93,TYR,O,2.986,bb-bb
8efq,active,98,TYR,N,94,VAL,O,2.911,bb-bb
8efq,active,99,THR,N,94,VAL,O,3.252,bb-bb
8efq,active,100,LYS,N,95,ILE,O,3.283,bb-bb
8efq,active,101,MET,N,99,THR,O,3.23,bb-bb
8efq,active,105,THR,N,103,THR,O,3.496,bb-bb
8efq,active,103,THR,OG1,106,ASN,OD1,2.346,sc-sc
8efq,active,106,ASN,N,104,ALA,O,3.357,bb-bb
8efq,active,107,ILE,N,104,ALA,O,3.243,bb-bb
8efq,active,107,ILE,N,105,THR,O,3.324,bb-bb
8efq,active,108,TYR,N,105,THR,O,3.055,bb-bb
8efq,active,109,ILE,N,105,THR,O,2.943,bb-bb
8efq,active,109,ILE,N,106,ASN,O,3.389,bb-bb
8efq,active,110,PHE,N,106,ASN,O,2.883,bb-bb
8efq,active,110,PHE,N,107,ILE,O,3.322,bb-bb
8efq,active,111,ASN,N,107,ILE,O,2.925,bb-bb
8efq,active,111,ASN,N,108,TYR,O,3.272,bb-bb
8efq,active,112,LEU,N,108,TYR,O,2.898,bb-bb
8efq,active,112,LEU,N,109,ILE,O,3.402,bb-bb
8efq,active,113,ALA,N,109,ILE,O,2.892,bb-bb
8efq,active,113,ALA,N,110,PHE,O,3.429,bb-bb
8efq,active,114,LEU,N,110,PHE,O,2.939,bb-bb
8efq,active,114,LEU,N,111,ASN,O,3.398,bb-bb
8efq,active,115,ALA,N,111,ASN,O,2.956,bb-bb
8efq,active,111,ASN,ND2,159,THR,OG1,3.255,sc-sc
8efq,active,111,ASN,ND2,190,ASN,OD1,2.659,sc-sc
8efq,active,194,TRP,NE1,111,ASN,OD1,3.223,sc-sc
8efq,active,115,ALA,N,112,LEU,O,3.471,bb-bb
8efq,active,116,ASP,N,112,LEU,O,2.903,bb-bb
8efq,active,116,ASP,N,113,ALA,O,3.494,bb-bb
8efq,active,117,ALA,N,113,ALA,O,2.905,bb-bb
8efq,active,116,ASP,N,114,LEU,O,3.49,bb-bb
8efq,active,117,ALA,N,114,LEU,O,3.383,bb-bb
8efq,active,118,LEU,N,114,LEU,O,2.986,bb-bb
8efq,active,119,ALA,N,115,ALA,O,2.907,bb-bb
8efq,active,119,ALA,N,116,ASP,O,3.461,bb-bb
8efq,active,120,THR,N,116,ASP,O,2.873,bb-bb
8efq,active,120,THR,OG1,116,ASP,O,2.467,bb-sc
8efq,active,156,SER,OG,116,ASP,OD1,3.237,sc-sc
8efq,active,119,ALA,N,117,ALA,O,3.465,bb-bb
8efq,active,120,THR,N,117,ALA,O,3.34,bb-bb
8efq,active,121,SER,N,117,ALA,O,2.959,bb-bb
8efq,active,121,SER,OG,118,LEU,O,2.534,bb-sc
8efq,active,122,THR,OG1,118,LEU,O,3.365,bb-sc
8efq,active,121,SER,N,119,ALA,O,3.44,bb-bb
8efq,active,122,THR,N,119,ALA,O,3.311,bb-bb
8efq,active,122,THR,OG1,119,ALA,O,3.26,bb-sc
8efq,active,122,THR,N,120,THR,O,3.241,bb-bb
8efq,active,123,LEU,N,120,THR,O,3.297,bb-bb
8efq,active,123,LEU,N,121,SER,O,3.394,bb-bb
8efq,active,125,PHE,N,122,THR,O,3.383,bb-bb
8efq,active,126,GLN,N,122,THR,O,3.1,bb-bb
8efq,active,125,PHE,N,123,LEU,O,3.478,bb-bb
8efq,active,126,GLN,N,123,LEU,O,3.299,bb-bb
8efq,active,127,SER,N,123,LEU,O,2.916,bb-bb
8efq,active,127,SER,OG,123,LEU,O,3.44,bb-sc
8efq,active,127,SER,OG,124,PRO,O,2.94,bb-sc
8efq,active,129,ASN,N,126,GLN,O,3.476,bb-bb
8efq,active,328,TYR,OH,126,GLN,OE1,3.166,sc-sc
8efq,active,129,ASN,N,127,SER,O,3.29,bb-bb
8efq,active,130,TYR,N,128,VAL,O,3.391,bb-bb
8efq,active,131,LEU,N,128,VAL,O,3.391,bb-bb
8efq,active,132,MET,N,128,VAL,O,2.924,bb-bb
8efq,active,133,GLY,N,129,ASN,O,3.066,bb-bb
8efq,active,134,THR,N,132,MET,O,3.464,bb-bb
8efq,active,137,PHE,N,135,TRP,O,3.09,bb-bb
8efq,active,135,TRP,NE1,138,GLY,O,3.2,bb-sc
8efq,active,135,TRP,N,217,ILE,O,3.48,bb-bb
8efq,active,142,CYS,N,138,GLY,O,3.321,bb-bb
8efq,active,142,CYS,N,139,THR,O,3.266,bb-bb
8efq,active,143,LYS,N,139,THR,O,2.942,bb-bb
8efq,active,142,CYS,N,140,ILE,O,3.478,bb-bb
8efq,active,143,LYS,N,140,ILE,O,3.206,bb-bb
8efq,active,144,ILE,N,140,ILE,O,2.958,bb-bb
8efq,active,144,ILE,N,141,LEU,O,3.311,bb-bb
8efq,active,145,VAL,N,141,LEU,O,2.875,bb-bb
8efq,active,145,VAL,N,142,CYS,O,3.386,bb-bb
8efq,active,146,ILE,N,142,CYS,O,3.022,bb-bb
8efq,active,145,VAL,N,143,LYS,O,3.467,bb-bb
8efq,active,147,SER,N,143,LYS,O,2.943,bb-bb
8efq,active,143,LYS,NZ,205,MET,O,2.601,bb-sc
8efq,active,143,LYS,NZ,206,PHE,O,3.143,bb-sc
8efq,active,147,SER,N,144,ILE,O,3.407,bb-bb
8efq,active,148,ILE,N,144,ILE,O,2.904,bb-bb
8efq,active,147,SER,N,145,VAL,O,3.446,bb-bb
8efq,active,148,ILE,N,145,VAL,O,3.426,bb-bb
8efq,active,149,ASP,N,145,VAL,O,2.921,bb-bb
8efq,active,149,ASP,N,146,ILE,O,3.312,bb-bb
8efq,active,150,TYR,N,146,ILE,O,3.055,bb-bb
8efq,active,149,ASP,N,147,SER,O,3.449,bb-bb
8efq,active,151,TYR,N,147,SER,O,2.864,bb-bb
8efq,active,151,TYR,N,148,ILE,O,3.33,bb-bb
8efq,active,152,ASN,N,148,ILE,O,2.965,bb-bb
8efq,active,328,TYR,OH,149,ASP,OD1,2.421,sc-sc
8efq,active,153,MET,N,150,TYR,O,3.378,bb-bb
8efq,active,154,PHE,N,150,TYR,O,3.056,bb-bb
8efq,active,153,MET,N,151,TYR,O,3.434,bb-bb
8efq,active,154,PHE,N,151,TYR,O,3.392,bb-bb
8efq,active,155,THR,N,151,TYR,O,2.921,bb-bb
8efq,active,155,THR,OG1,151,TYR,O,2.65,bb-sc
8efq,active,155,THR,N,152,ASN,O,3.4,bb-bb
8efq,active,156,SER,N,152,ASN,O,2.89,bb-bb
8efq,active,155,THR,N,153,MET,O,3.406,bb-bb
8efq,active,156,SER,N,153,MET,O,3.36,bb-bb
8efq,active,157,ILE,N,153,MET,O,3.015,bb-bb
8efq,active,157,ILE,N,154,PHE,O,3.387,bb-bb
8efq,active,158,PHE,N,154,PHE,O,2.971,bb-bb
8efq,active,159,THR,N,155,THR,O,2.899,bb-bb
8efq,active,159,THR,OG1,155,THR,O,2.362,bb-sc
8efq,active,155,THR,OG1,197,SER,OG,3.084,sc-sc
8efq,active,197,SER,OG,155,THR,OG1,3.084,sc-sc
8efq,active,159,THR,N,156,SER,O,3.308,bb-bb
8efq,active,160,LEU,N,156,SER,O,2.951,bb-bb
8efq,active,159,THR,N,157,ILE,O,3.382,bb-bb
8efq,active,160,LEU,N,157,ILE,O,3.231,bb-bb
8efq,active,161,CYS,N,157,ILE,O,2.991,bb-bb
8efq,active,161,CYS,N,158,PHE,O,3.389,bb-bb
8efq,active,162,THR,N,158,PHE,O,2.884,bb-bb
8efq,active,162,THR,OG1,158,PHE,O,2.603,bb-sc
8efq,active,161,CYS,N,159,THR,O,3.495,bb-bb
8efq,active,162,THR,N,159,THR,O,3.289,bb-bb
8efq,active,163,MET,N,159,THR,O,2.943,bb-bb
8efq,active,193,ASN,ND2,159,THR,OG1,2.792,sc-sc
8efq,active,162,THR,N,160,LEU,O,3.5,bb-bb
8efq,active,163,MET,N,160,LEU,O,3.363,bb-bb
8efq,active,164,SER,N,160,LEU,O,2.967,bb-bb
8efq,active,163,MET,N,161,CYS,O,3.482,bb-bb
8efq,active,164,SER,N,161,CYS,O,3.252,bb-bb
8efq,active,165,VAL,N,161,CYS,O,2.968,bb-bb
8efq,active,165,VAL,N,162,THR,O,3.406,bb-bb
8efq,active,166,ASP,N,162,THR,O,2.863,bb-bb
8efq,active,166,ASP,N,163,MET,O,3.23,bb-bb
8efq,active,167,ARG,N,163,MET,O,2.965,bb-bb
8efq,active,166,ASP,N,164,SER,O,3.434,bb-bb
8efq,active,167,ARG,N,164,SER,O,3.425,bb-bb
8efq,active,168,TYR,N,164,SER,O,2.968,bb-bb
8efq,active,168,TYR,N,165,VAL,O,3.273,bb-bb
8efq,active,169,ILE,N,165,VAL,O,2.908,bb-bb
8efq,active,168,TYR,N,166,ASP,O,3.437,bb-bb
8efq,active,169,ILE,N,166,ASP,O,3.431,bb-bb
8efq,active,170,ALA,N,166,ASP,O,2.912,bb-bb
8efq,active,181,ARG,NE,166,ASP,OD1,3.161,sc-sc
8efq,active,170,ALA,N,167,ARG,O,3.383,bb-bb
8efq,active,171,VAL,N,167,ARG,O,2.962,bb-bb
8efq,active,170,ALA,N,168,TYR,O,3.496,bb-bb
8efq,active,172,CYS,N,168,TYR,O,2.92,bb-bb
8efq,active,173,HIS,N,169,ILE,O,3.444,bb-bb
8efq,active,260,ARG,NH1,172,CYS,O,2.629,bb-sc
8efq,active,177,ALA,N,173,HIS,O,3.109,bb-bb
8efq,active,177,ALA,N,174,PRO,O,3.432,bb-bb
8efq,active,177,ALA,N,175,VAL,O,3.467,bb-bb
8efq,active,178,LEU,N,176,LYS,O,3.446,bb-bb
8efq,active,179,ASP,N,176,LYS,O,3.313,bb-bb
8efq,active,180,PHE,N,176,LYS,O,2.912,bb-bb
8efq,active,181,ARG,N,177,ALA,O,3.143,bb-bb
8efq,active,182,THR,N,180,PHE,O,2.783,bb-bb
8efq,active,185,ASN,ND2,180,PHE,O,2.946,bb-sc
8efq,active,184,ARG,N,182,THR,O,3.334,bb-bb
8efq,active,185,ASN,N,182,THR,O,3.435,bb-bb
8efq,active,186,ALA,N,182,THR,O,3.191,bb-bb
8efq,active,186,ALA,N,183,PRO,O,3.373,bb-bb
8efq,active,187,LYS,N,183,PRO,O,2.908,bb-bb
8efq,active,186,ALA,N,184,ARG,O,3.451,bb-bb
8efq,active,187,LYS,N,184,ARG,O,3.306,bb-bb
8efq,active,188,ILE,N,184,ARG,O,2.978,bb-bb
8efq,active,188,ILE,N,185,ASN,O,3.485,bb-bb
8efq,active,189,ILE,N,185,ASN,O,2.915,bb-bb
8efq,active,190,ASN,N,186,ALA,O,2.921,bb-bb
8efq,active,190,ASN,N,187,LYS,O,3.26,bb-bb
8efq,active,191,VAL,N,187,LYS,O,2.947,bb-bb
8efq,active,190,ASN,N,188,ILE,O,3.465,bb-bb
8efq,active,191,VAL,N,188,ILE,O,3.367,bb-bb
8efq,active,192,CYS,N,188,ILE,O,2.912,bb-bb
8efq,active,192,CYS,N,189,ILE,O,3.473,bb-bb
8efq,active,193,ASN,N,189,ILE,O,2.854,bb-bb
8efq,active,193,ASN,N,190,ASN,O,3.169,bb-bb
8efq,active,194,TRP,N,190,ASN,O,2.985,bb-bb
8efq,active,194,TRP,NE1,190,ASN,OD1,3.003,sc-sc
8efq,active,193,ASN,N,191,VAL,O,3.387,bb-bb
8efq,active,194,TRP,N,191,VAL,O,3.292,bb-bb
8efq,active,195,ILE,N,191,VAL,O,2.935,bb-bb
8efq,active,195,ILE,N,192,CYS,O,3.475,bb-bb
8efq,active,196,LEU,N,192,CYS,O,2.88,bb-bb
8efq,active,195,ILE,N,193,ASN,O,3.458,bb-bb
8efq,active,196,LEU,N,193,ASN,O,3.394,bb-bb
8efq,active,197,SER,N,193,ASN,O,2.943,bb-bb
8efq,active,197,SER,OG,193,ASN,O,3.245,bb-sc
8efq,active,197,SER,N,194,TRP,O,3.471,bb-bb
8efq,active,197,SER,OG,194,TRP,O,2.8,bb-sc
8efq,active,198,SER,N,194,TRP,O,2.878,bb-bb
8efq,active,197,SER,N,195,ILE,O,3.419,bb-bb
8efq,active,198,SER,N,195,ILE,O,3.092,bb-bb
8efq,active,199,ALA,N,195,ILE,O,2.947,bb-bb
8efq,active,199,ALA,N,197,SER,O,3.411,bb-bb
8efq,active,200,ILE,N,197,SER,O,3.22,bb-bb
8efq,active,201,GLY,N,197,SER,O,2.896,bb-bb
8efq,active,200,ILE,N,198,SER,O,3.246,bb-bb
8efq,active,201,GLY,N,198,SER,O,3.172,bb-bb
8efq,active,202,LEU,N,198,SER,O,2.912,bb-bb
8efq,active,205,MET,N,201,GLY,O,3.034,bb-bb
8efq,active,204,VAL,N,202,LEU,O,3.468,bb-bb
8efq,active,205,MET,N,202,LEU,O,3.186,bb-bb
8efq,active,206,PHE,N,202,LEU,O,2.947,bb-bb
8efq,active,206,PHE,N,203,PRO,O,3.347,bb-bb
8efq,active,207,MET,N,203,PRO,O,2.894,bb-bb
8efq,active,207,MET,N,204,VAL,O,3.365,bb-bb
8efq,active,208,ALA,N,204,VAL,O,3.011,bb-bb
8efq,active,208,ALA,N,206,PHE,O,3.453,bb-bb
8efq,active,209,THR,N,207,MET,O,3.413,bb-bb
8efq,active,222,THR,N,207,MET,O,3.315,bb-bb
8efq,active,209,THR,N,220,THR,O,2.853,bb-bb
8efq,active,220,THR,N,209,THR,O,3.013,bb-bb
8efq,active,211,LYS,N,218,ASP,O,2.891,bb-bb
8efq,active,218,ASP,N,211,LYS,O,2.892,bb-bb
8efq,active,215,GLY,N,213,ARG,O,3.395,bb-bb
8efq,active,213,ARG,N,216,SER,O,2.89,bb-bb
8efq,active,227,THR,N,224,SER,O,3.474,bb-bb
8efq,active,228,TRP,N,226,PRO,O,3.474,bb-bb
8efq,active,229,TYR,N,226,PRO,O,3.411,bb-bb
8efq,active,232,ASN,N,228,TRP,O,2.946,bb-bb
8efq,active,232,ASN,ND2,228,TRP,O,2.745,bb-sc
8efq,active,233,LEU,N,229,TYR,O,2.854,bb-bb
8efq,active,233,LEU,N,230,TRP,O,3.447,bb-bb
8efq,active,234,LEU,N,230,TRP,O,2.937,bb-bb
8efq,active,233,LEU,N,231,GLU,O,3.49,bb-bb
8efq,active,234,LEU,N,231,GLU,O,3.3,bb-bb
8efq,active,235,LYS,N,231,GLU,O,2.954,bb-bb
8efq,active,235,LYS,N,232,ASN,O,3.417,bb-bb
8efq,active,235,LYS,NZ,232,ASN,OD1,3.345,sc-sc
8efq,active,236,ILE,N,232,ASN,O,2.91,bb-bb
8efq,active,237,CYS,N,233,LEU,O,2.897,bb-bb
8efq,active,237,CYS,N,234,LEU,O,3.391,bb-bb
8efq,active,238,VAL,N,234,LEU,O,2.949,bb-bb
8efq,active,239,PHE,N,235,LYS,O,2.911,bb-bb
8efq,active,239,PHE,N,236,ILE,O,3.295,bb-bb
8efq,active,240,ILE,N,236,ILE,O,2.872,bb-bb
8efq,active,240,ILE,N,237,CYS,O,3.483,bb-bb
8efq,active,241,PHE,N,237,CYS,O,2.968,bb-bb
8efq,active,242,ALA,N,238,VAL,O,2.911,bb-bb
8efq,active,243,PHE,N,239,PHE,O,2.92,bb-bb
8efq,active,242,ALA,N,240,ILE,O,3.157,bb-bb
8efq,active,243,PHE,N,240,ILE,O,3.299,bb-bb
8efq,active,244,ILE,N,240,ILE,O,2.928,bb-bb
8efq,active,245,MET,N,240,ILE,O,3.417,bb-bb
8efq,active,248,LEU,N,244,ILE,O,3.248,bb-bb
8efq,active,248,LEU,N,245,MET,O,3.326,bb-bb
8efq,active,249,ILE,N,245,MET,O,2.954,bb-bb
8efq,active,248,LEU,N,246,PRO,O,3.456,bb-bb
8efq,active,249,ILE,N,246,PRO,O,3.372,bb-bb
8efq,active,250,ILE,N,246,PRO,O,2.951,bb-bb
8efq,active,251,THR,N,247,VAL,O,2.877,bb-bb
8efq,active,251,THR,OG1,247,VAL,O,2.649,bb-sc
8efq,active,251,THR,N,248,LEU,O,3.486,bb-bb
8efq,active,252,VAL,N,248,LEU,O,2.947,bb-bb
8efq,active,251,THR,N,249,ILE,O,3.458,bb-bb
8efq,active,252,VAL,N,249,ILE,O,3.492,bb-bb
8efq,active,253,CYS,N,249,ILE,O,2.952,bb-bb
8efq,active,254,TYR,N,250,ILE,O,2.931,bb-bb
8efq,active,255,GLY,N,251,THR,O,2.89,bb-bb
8efq,active,255,GLY,N,252,VAL,O,3.374,bb-bb
8efq,active,256,LEU,N,252,VAL,O,2.946,bb-bb
8efq,active,257,MET,N,253,CYS,O,2.924,bb-bb
8efq,active,257,MET,N,254,TYR,O,3.321,bb-bb
8efq,active,258,ILE,N,254,TYR,O,2.933,bb-bb
8efq,active,257,MET,N,255,GLY,O,3.419,bb-bb
8efq,active,258,ILE,N,255,GLY,O,3.355,bb-bb
8efq,active,259,LEU,N,255,GLY,O,2.941,bb-bb
8efq,active,259,LEU,N,256,LEU,O,3.496,bb-bb
8efq,active,260,ARG,N,256,LEU,O,2.895,bb-bb
8efq,active,260,ARG,N,257,MET,O,3.306,bb-bb
8efq,active,261,LEU,N,257,MET,O,2.912,bb-bb
8efq,active,260,ARG,N,258,ILE,O,3.423,bb-bb
8efq,active,261,LEU,N,258,ILE,O,3.333,bb-bb
8efq,active,262,LYS,N,258,ILE,O,2.923,bb-bb
8efq,active,262,LYS,N,260,ARG,O,3.4,bb-bb
8efq,active,263,SER,N,260,ARG,O,3.269,bb-bb
8efq,active,263,SER,N,261,LEU,O,3.445,bb-bb
8efq,active,264,VAL,N,261,LEU,O,3.326,bb-bb
8efq,active,265,ARG,N,263,SER,O,3.437,bb-bb
8efq,active,266,MET,N,264,VAL,O,3.377,bb-bb
8efq,active,267,LEU,N,264,VAL,O,3.385,bb-bb
8efq,active,268,SER,N,264,VAL,O,3.058,bb-bb
8efq,active,267,LEU,N,265,ARG,O,3.224,bb-bb
8efq,active,269,GLY,N,267,LEU,O,3.285,bb-bb
8efq,active,272,GLU,N,270,SER,O,3.376,bb-bb
8efq,active,273,LYS,NZ,270,SER,OG,2.486,sc-sc
8efq,active,274,ASP,N,270,SER,O,3.192,bb-bb
8efq,active,274,ASP,N,271,LYS,O,3.298,bb-bb
8efq,active,275,ARG,N,271,LYS,O,3.39,bb-bb
8efq,active,276,ASN,ND2,272,GLU,O,3.394,bb-sc
8efq,active,276,ASN,N,273,LYS,O,3.225,bb-bb
8efq,active,277,LEU,N,273,LYS,O,2.983,bb-bb
8efq,active,276,ASN,N,274,ASP,O,3.433,bb-bb
8efq,active,277,LEU,N,274,ASP,O,3.26,bb-bb
8efq,active,278,ARG,N,274,ASP,O,2.896,bb-bb
8efq,active,278,ARG,N,275,ARG,O,3.444,bb-bb
8efq,active,279,ARG,N,275,ARG,O,2.865,bb-bb
8efq,active,279,ARG,N,276,ASN,O,3.294,bb-bb
8efq,active,280,ILE,N,276,ASN,O,2.956,bb-bb
8efq,active,280,ILE,N,277,LEU,O,3.313,bb-bb
8efq,active,281,THR,N,277,LEU,O,2.96,bb-bb
8efq,active,281,THR,OG1,277,LEU,O,2.936,bb-sc
8efq,active,281,THR,N,278,ARG,O,3.412,bb-bb
8efq,active,282,ARG,N,278,ARG,O,2.838,bb-bb
8efq,active,282,ARG,N,279,ARG,O,3.357,bb-bb
8efq,active,283,MET,N,279,ARG,O,2.904,bb-bb
8efq,active,279,ARG,NH1,343,GLU,OE2,2.97,sc-sc
8efq,active,279,ARG,NH2,343,GLU,OE2,2.673,sc-sc
8efq,active,282,ARG,N,280,ILE,O,3.421,bb-bb
8efq,active,283,MET,N,280,ILE,O,3.271,bb-bb
8efq,active,284,VAL,N,280,ILE,O,2.989,bb-bb
8efq,active,284,VAL,N,281,THR,O,3.357,bb-bb
8efq,active,285,LEU,N,281,THR,O,2.949,bb-bb
8efq,active,284,VAL,N,282,ARG,O,3.461,bb-bb
8efq,active,285,LEU,N,282,ARG,O,3.316,bb-bb
8efq,active,286,VAL,N,282,ARG,O,2.873,bb-bb
8efq,active,286,VAL,N,283,MET,O,3.407,bb-bb
8efq,active,287,VAL,N,283,MET,O,2.999,bb-bb
8efq,active,286,VAL,N,284,VAL,O,3.441,bb-bb
8efq,active,287,VAL,N,284,VAL,O,3.32,bb-bb
8efq,active,288,VAL,N,284,VAL,O,2.998,bb-bb
8efq,active,289,ALA,N,285,LEU,O,2.884,bb-bb
8efq,active,289,ALA,N,286,VAL,O,3.441,bb-bb
8efq,active,290,VAL,N,286,VAL,O,2.906,bb-bb
8efq,active,289,ALA,N,287,VAL,O,3.474,bb-bb
8efq,active,290,VAL,N,287,VAL,O,3.469,bb-bb
8efq,active,291,PHE,N,287,VAL,O,3.017,bb-bb
8efq,active,291,PHE,N,288,VAL,O,3.38,bb-bb
8efq,active,292,ILE,N,288,VAL,O,2.973,bb-bb
8efq,active,292,ILE,N,289,ALA,O,3.443,bb-bb
8efq,active,293,VAL,N,289,ALA,O,2.919,bb-bb
8efq,active,292,ILE,N,290,VAL,O,3.454,bb-bb
8efq,active,294,CYS,N,290,VAL,O,2.926,bb-bb
8efq,active,295,TRP,N,291,PHE,O,3.003,bb-bb
8efq,active,294,CYS,N,292,ILE,O,3.317,bb-bb
8efq,active,295,TRP,N,292,ILE,O,3.428,bb-bb
8efq,active,296,THR,N,292,ILE,O,2.929,bb-bb
8efq,active,296,THR,OG1,292,ILE,O,2.383,bb-sc
8efq,active,296,THR,N,294,CYS,O,3.447,bb-bb
8efq,active,295,TRP,NE1,330,ASN,OD1,2.95,sc-sc
8efq,active,298,ILE,N,296,THR,O,3.364,bb-bb
8efq,active,299,HIS,N,296,THR,O,3.338,bb-bb
8efq,active,300,ILE,N,296,THR,O,2.964,bb-bb
8efq,active,300,ILE,N,297,PRO,O,3.431,bb-bb
8efq,active,301,TYR,N,297,PRO,O,2.888,bb-bb
8efq,active,301,TYR,N,298,ILE,O,3.335,bb-bb
8efq,active,302,VAL,N,298,ILE,O,2.962,bb-bb
8efq,active,301,TYR,N,299,HIS,O,3.45,bb-bb
8efq,active,302,VAL,N,299,HIS,O,3.292,bb-bb
8efq,active,303,ILE,N,299,HIS,O,2.979,bb-bb
8efq,active,302,VAL,N,300,ILE,O,3.471,bb-bb
8efq,active,303,ILE,N,300,ILE,O,3.269,bb-bb
8efq,active,304,ILE,N,300,ILE,O,2.875,bb-bb
8efq,active,304,ILE,N,301,TYR,O,3.379,bb-bb
8efq,active,305,LYS,N,301,TYR,O,2.958,bb-bb
8efq,active,301,TYR,OH,316,GLN,OE1,2.864,sc-sc
8efq,active,320,TRP,NE1,301,TYR,OH,3.335,sc-sc
8efq,active,304,ILE,N,302,VAL,O,3.468,bb-bb
8efq,active,305,LYS,N,302,VAL,O,3.38,bb-bb
8efq,active,306,ALA,N,302,VAL,O,2.904,bb-bb
8efq,active,306,ALA,N,303,ILE,O,3.272,bb-bb
8efq,active,307,LEU,N,303,ILE,O,2.934,bb-bb
8efq,active,306,ALA,N,304,ILE,O,3.486,bb-bb
8efq,active,307,LEU,N,304,ILE,O,3.418,bb-bb
8efq,active,308,VAL,N,304,ILE,O,2.947,bb-bb
8efq,active,313,THR,N,311,PRO,O,3.446,bb-bb
8efq,active,313,THR,OG1,311,PRO,O,3.173,bb-sc
8efq,active,316,GLN,NE2,312,GLU,OE1,3.084,sc-sc
8efq,active,316,GLN,NE2,312,GLU,OE2,3.155,sc-sc
8efq,active,317,THR,OG1,312,GLU,OE2,3.375,sc-sc
8efq,active,316,GLN,NE2,313,THR,O,3.496,bb-sc
8efq,active,317,THR,OG1,313,THR,O,2.934,bb-sc
8efq,active,317,THR,N,314,THR,O,3.335,bb-bb
8efq,active,318,VAL,N,314,THR,O,3.458,bb-bb
8efq,active,317,THR,N,315,PHE,O,3.399,bb-bb
8efq,active,318,VAL,N,315,PHE,O,3.228,bb-bb
8efq,active,319,SER,N,315,PHE,O,2.941,bb-bb
8efq,active,318,VAL,N,316,GLN,O,3.43,bb-bb
8efq,active,319,SER,N,316,GLN,O,3.14,bb-bb
8efq,active,320,TRP,N,316,GLN,O,2.897,bb-bb
8efq,active,320,TRP,NE1,316,GLN,OE1,2.912,sc-sc
8efq,active,320,TRP,N,318,VAL,O,3.376,bb-bb
8efq,active,321,HIS,N,318,VAL,O,3.38,bb-bb
8efq,active,322,PHE,N,318,VAL,O,2.947,bb-bb
8efq,active,322,PHE,N,319,SER,O,3.493,bb-bb
8efq,active,323,CYS,N,319,SER,O,2.923,bb-bb
8efq,active,322,PHE,N,320,TRP,O,3.435,bb-bb
8efq,active,323,CYS,N,320,TRP,O,3.318,bb-bb
8efq,active,324,ILE,N,320,TRP,O,2.985,bb-bb
8efq,active,324,ILE,N,321,HIS,O,3.49,bb-bb
8efq,active,325,ALA,N,321,HIS,O,2.875,bb-bb
8efq,active,325,ALA,N,322,PHE,O,3.404,bb-bb
8efq,active,326,LEU,N,322,PHE,O,2.925,bb-bb
8efq,active,325,ALA,N,323,CYS,O,3.483,bb-bb
8efq,active,326,LEU,N,323,CYS,O,3.273,bb-bb
8efq,active,327,GLY,N,323,CYS,O,2.943,bb-bb
8efq,active,326,LEU,N,324,ILE,O,3.453,bb-bb
8efq,active,327,GLY,N,324,ILE,O,3.217,bb-bb
8efq,active,328,TYR,N,324,ILE,O,2.993,bb-bb
8efq,active,327,GLY,N,325,ALA,O,3.499,bb-bb
8efq,active,328,TYR,N,325,ALA,O,3.48,bb-bb
8efq,active,329,THR,N,325,ALA,O,2.877,bb-bb
8efq,active,329,THR,OG1,325,ALA,O,2.304,bb-sc
8efq,active,329,THR,N,326,LEU,O,3.391,bb-bb
8efq,active,330,ASN,N,328,TYR,O,3.218,bb-bb
8efq,active,331,SER,N,328,TYR,O,2.928,bb-bb
8efq,active,332,CYS,N,328,TYR,O,2.943,bb-bb
8efq,active,332,CYS,N,329,THR,O,3.262,bb-bb
8efq,active,333,LEU,N,329,THR,O,2.852,bb-bb
8efq,active,332,CYS,N,330,ASN,O,3.376,bb-bb
8efq,active,333,LEU,N,330,ASN,O,3.13,bb-bb
8efq,active,330,ASN,ND2,334,ASN,OD1,2.806,sc-sc
8efq,active,334,ASN,N,330,ASN,O,2.887,bb-bb
8efq,active,336,VAL,N,333,LEU,O,3.169,bb-bb
8efq,active,337,LEU,N,333,LEU,O,2.813,bb-bb
8efq,active,338,TYR,N,334,ASN,O,2.929,bb-bb
8efq,active,339,ALA,N,335,PRO,O,2.897,bb-bb
8efq,active,342,ASP,N,338,TYR,O,3.381,bb-bb
8efq,active,341,LEU,N,339,ALA,O,3.482,bb-bb
8efq,active,342,ASP,N,339,ALA,O,3.426,bb-bb
8efq,active,342,ASP,N,340,PHE,O,3.338,bb-bb
8efq,active,344,ASN,N,342,ASP,O,3.441,bb-bb
8efq,active,345,PHE,N,342,ASP,O,3.424,bb-bb
8efq,active,346,LYS,N,342,ASP,O,3.3,bb-bb
8efq,active,345,PHE,N,343,GLU,O,3.493,bb-bb
8efq,active,346,LYS,N,343,GLU,O,3.205,bb-bb
8efq,active,347,ARG,N,343,GLU,O,2.871,bb-bb
8efq,active,346,LYS,N,344,ASN,O,3.467,bb-bb
8efq,active,347,ARG,N,344,ASN,O,3.1,bb-bb
8efq,active,348,CYS,N,344,ASN,O,2.947,bb-bb
8efq,active,348,CYS,N,345,PHE,O,3.257,bb-bb
8efq,active,349,PHE,N,345,PHE,O,3.468,bb-bb
8efq,active,348,CYS,N,346,LYS,O,3.422,bb-bb
8efq,active,349,PHE,N,346,LYS,O,3.237,bb-bb
8efq,active,349,PHE,N,347,ARG,O,3.463,bb-bb
8f7q,active,70,ALA,N,66,SER,O,3.163,bb-bb
8f7q,active,69,THR,N,67,MET,O,3.411,bb-bb
8f7q,active,70,ALA,N,67,MET,O,3.259,bb-bb
8f7q,active,71,ILE,N,67,MET,O,2.936,bb-bb
8f7q,active,71,ILE,N,68,ILE,O,3.409,bb-bb
8f7q,active,72,THR,N,68,ILE,O,2.917,bb-bb
8f7q,active,72,THR,OG1,68,ILE,O,2.772,bb-sc
8f7q,active,72,THR,N,69,THR,O,3.328,bb-bb
8f7q,active,73,ILE,N,69,THR,O,2.927,bb-bb
8f7q,active,73,ILE,N,70,ALA,O,3.444,bb-bb
8f7q,active,74,MET,N,70,ALA,O,2.921,bb-bb
8f7q,active,74,MET,N,71,ILE,O,3.472,bb-bb
8f7q,active,75,ALA,N,71,ILE,O,2.896,bb-bb
8f7q,active,75,ALA,N,72,THR,O,3.412,bb-bb
8f7q,active,76,LEU,N,72,THR,O,2.934,bb-bb
8f7q,active,75,ALA,N,73,ILE,O,3.475,bb-bb
8f7q,active,76,LEU,N,73,ILE,O,3.294,bb-bb
8f7q,active,77,TYR,N,73,ILE,O,2.967,bb-bb
8f7q,active,78,SER,N,74,MET,O,2.9,bb-bb
8f7q,active,78,SER,OG,74,MET,O,2.788,bb-sc
8f7q,active,127,SER,OG,74,MET,SD,2.784,sc-sc
8f7q,active,78,SER,N,75,ALA,O,3.425,bb-bb
8f7q,active,79,ILE,N,75,ALA,O,2.928,bb-bb
8f7q,active,78,SER,N,76,LEU,O,3.475,bb-bb
8f7q,active,79,ILE,N,76,LEU,O,3.436,bb-bb
8f7q,active,80,VAL,N,76,LEU,O,3.015,bb-bb
8f7q,active,80,VAL,N,77,TYR,O,3.486,bb-bb
8f7q,active,81,CYS,N,77,TYR,O,2.936,bb-bb
8f7q,active,77,TYR,OH,321,HIS,ND1,2.983,sc-sc
8f7q,active,321,HIS,ND1,77,TYR,OH,2.983,sc-sc
8f7q,active,81,CYS,N,78,SER,O,3.485,bb-bb
8f7q,active,82,VAL,N,78,SER,O,2.93,bb-bb
8f7q,active,81,CYS,N,79,ILE,O,3.476,bb-bb
8f7q,active,82,VAL,N,79,ILE,O,3.448,bb-bb
8f7q,active,83,VAL,N,79,ILE,O,3.002,bb-bb
8f7q,active,84,GLY,N,80,VAL,O,2.945,bb-bb
8f7q,active,84,GLY,N,81,CYS,O,3.489,bb-bb
8f7q,active,85,LEU,N,81,CYS,O,2.931,bb-bb
8f7q,active,84,GLY,N,82,VAL,O,3.423,bb-bb
8f7q,active,85,LEU,N,82,VAL,O,3.458,bb-bb
8f7q,active,86,PHE,N,82,VAL,O,2.933,bb-bb
8f7q,active,86,PHE,N,83,VAL,O,3.49,bb-bb
8f7q,active,87,GLY,N,83,VAL,O,2.939,bb-bb
8f7q,active,87,GLY,N,84,GLY,O,3.496,bb-bb
8f7q,active,88,ASN,N,84,GLY,O,2.954,bb-bb
8f7q,active,88,ASN,ND2,84,GLY,O,2.713,bb-sc
8f7q,active,84,GLY,N,332,CYS,SG,3.381,bb-sc
8f7q,active,88,ASN,N,85,LEU,O,3.427,bb-bb
8f7q,active,89,PHE,N,85,LEU,O,2.942,bb-bb
8f7q,active,90,LEU,N,86,PHE,O,2.936,bb-bb
8f7q,active,90,LEU,N,87,GLY,O,3.403,bb-bb
8f7q,active,91,VAL,N,87,GLY,O,2.942,bb-bb
8f7q,active,90,LEU,N,88,ASN,O,3.494,bb-bb
8f7q,active,91,VAL,N,88,ASN,O,3.314,bb-bb
8f7q,active,92,MET,N,88,ASN,O,2.93,bb-bb
8f7q,active,88,ASN,ND2,116,ASP,O,3.345,bb-sc
8f7q,active,92,MET,N,89,PHE,O,3.34,bb-bb
8f7q,active,93,TYR,N,89,PHE,O,2.924,bb-bb
8f7q,active,92,MET,N,90,LEU,O,3.492,bb-bb
8f7q,active,93,TYR,N,90,LEU,O,3.329,bb-bb
8f7q,active,94,VAL,N,90,LEU,O,2.956,bb-bb
8f7q,active,93,TYR,N,91,VAL,O,3.48,bb-bb
8f7q,active,94,VAL,N,91,VAL,O,3.404,bb-bb
8f7q,active,95,ILE,N,91,VAL,O,2.935,bb-bb
8f7q,active,95,ILE,N,92,MET,O,3.454,bb-bb
8f7q,active,96,VAL,N,92,MET,O,2.926,bb-bb
8f7q,active,97,ARG,N,93,TYR,O,2.907,bb-bb
8f7q,active,98,TYR,N,94,VAL,O,3.271,bb-bb
8f7q,active,99,THR,N,95,ILE,O,3.14,bb-bb
8f7q,active,100,LYS,N,95,ILE,O,2.773,bb-bb
8f7q,active,100,LYS,NZ,97,ARG,O,2.926,bb-sc
8f7q,active,101,MET,N,99,THR,O,3.317,bb-bb
8f7q,active,102,LYS,N,100,LYS,O,3.43,bb-bb
8f7q,active,106,ASN,ND2,103,THR,OG1,3.451,sc-sc
8f7q,active,107,ILE,N,103,THR,O,3.397,bb-bb
8f7q,active,106,ASN,N,104,ALA,O,3.355,bb-bb
8f7q,active,107,ILE,N,104,ALA,O,3.019,bb-bb
8f7q,active,108,TYR,N,104,ALA,O,2.973,bb-bb
8f7q,active,107,ILE,N,105,THR,O,3.444,bb-bb
8f7q,active,108,TYR,N,105,THR,O,3.261,bb-bb
8f7q,active,109,ILE,N,105,THR,O,2.94,bb-bb
8f7q,active,109,ILE,N,106,ASN,O,3.442,bb-bb
8f7q,active,110,PHE,N,106,ASN,O,2.903,bb-bb
8f7q,active,110,PHE,N,107,ILE,O,3.347,bb-bb
8f7q,active,111,ASN,N,107,ILE,O,2.93,bb-bb
8f7q,active,111,ASN,ND2,107,ILE,O,2.786,bb-sc
8f7q,active,110,PHE,N,108,TYR,O,3.484,bb-bb
8f7q,active,111,ASN,N,108,TYR,O,3.298,bb-bb
8f7q,active,112,LEU,N,108,TYR,O,2.95,bb-bb
8f7q,active,112,LEU,N,109,ILE,O,3.363,bb-bb
8f7q,active,113,ALA,N,109,ILE,O,2.884,bb-bb
8f7q,active,113,ALA,N,110,PHE,O,3.262,bb-bb
8f7q,active,114,LEU,N,110,PHE,O,2.923,bb-bb
8f7q,active,114,LEU,N,111,ASN,O,3.365,bb-bb
8f7q,active,115,ALA,N,111,ASN,O,2.98,bb-bb
8f7q,active,111,ASN,ND2,190,ASN,OD1,3.471,sc-sc
8f7q,active,114,LEU,N,112,LEU,O,3.481,bb-bb
8f7q,active,115,ALA,N,112,LEU,O,3.462,bb-bb
8f7q,active,116,ASP,N,112,LEU,O,2.882,bb-bb
8f7q,active,117,ALA,N,113,ALA,O,2.865,bb-bb
8f7q,active,117,ALA,N,114,LEU,O,3.384,bb-bb
8f7q,active,118,LEU,N,114,LEU,O,3.021,bb-bb
8f7q,active,118,LEU,N,115,ALA,O,3.405,bb-bb
8f7q,active,119,ALA,N,115,ALA,O,2.954,bb-bb
8f7q,active,119,ALA,N,116,ASP,O,3.402,bb-bb
8f7q,active,120,THR,N,116,ASP,O,2.897,bb-bb
8f7q,active,120,THR,OG1,116,ASP,O,2.83,bb-sc
8f7q,active,156,SER,OG,116,ASP,OD1,3.004,sc-sc
8f7q,active,331,SER,OG,116,ASP,O,3.378,bb-sc
8f7q,active,331,SER,OG,116,ASP,OD1,3.021,sc-sc
8f7q,active,334,ASN,ND2,116,ASP,OD1,3.498,sc-sc
8f7q,active,334,ASN,ND2,116,ASP,OD2,3.136,sc-sc
8f7q,active,120,THR,OG1,117,ALA,O,2.935,bb-sc
8f7q,active,121,SER,N,117,ALA,O,2.873,bb-bb
8f7q,active,121,SER,OG,117,ALA,O,3.468,bb-sc
8f7q,active,121,SER,N,118,LEU,O,3.158,bb-bb
8f7q,active,121,SER,OG,118,LEU,O,2.496,bb-sc
8f7q,active,122,THR,N,118,LEU,O,3.048,bb-bb
8f7q,active,122,THR,N,119,ALA,O,3.435,bb-bb
8f7q,active,122,THR,OG1,119,ALA,O,2.745,bb-sc
8f7q,active,122,THR,N,120,THR,O,3.423,bb-bb
8f7q,active,123,LEU,N,120,THR,O,3.283,bb-bb
8f7q,active,123,LEU,N,121,SER,O,3.373,bb-bb
8f7q,active,125,PHE,N,123,LEU,O,3.339,bb-bb
8f7q,active,126,GLN,N,123,LEU,O,3.098,bb-bb
8f7q,active,127,SER,N,123,LEU,O,3.006,bb-bb
8f7q,active,126,GLN,N,124,PRO,O,3.494,bb-bb
8f7q,active,127,SER,N,124,PRO,O,3.138,bb-bb
8f7q,active,128,VAL,N,124,PRO,O,2.868,bb-bb
8f7q,active,128,VAL,N,125,PHE,O,3.402,bb-bb
8f7q,active,129,ASN,N,125,PHE,O,2.911,bb-bb
8f7q,active,129,ASN,N,126,GLN,O,3.33,bb-bb
8f7q,active,130,TYR,N,126,GLN,O,2.922,bb-bb
8f7q,active,126,GLN,NE2,149,ASP,OD2,2.837,sc-sc
8f7q,active,126,GLN,NE2,328,TYR,OH,3.137,sc-sc
8f7q,active,328,TYR,OH,126,GLN,NE2,3.137,sc-sc
8f7q,active,130,TYR,N,127,SER,O,3.254,bb-bb
8f7q,active,131,LEU,N,127,SER,O,2.929,bb-bb
8f7q,active,130,TYR,N,128,VAL,O,3.453,bb-bb
8f7q,active,131,LEU,N,128,VAL,O,3.304,bb-bb
8f7q,active,132,MET,N,128,VAL,O,2.902,bb-bb
8f7q,active,133,GLY,N,129,ASN,O,3.096,bb-bb
8f7q,active,133,GLY,N,131,LEU,O,3.494,bb-bb
8f7q,active,134,THR,N,132,MET,O,3.282,bb-bb
8f7q,active,134,THR,OG1,217,ILE,O,3.458,bb-sc
8f7q,active,217,ILE,N,134,THR,OG1,2.788,bb-sc
8f7q,active,135,TRP,NE1,138,GLY,O,2.849,bb-sc
8f7q,active,135,TRP,N,217,ILE,O,2.85,bb-bb
8f7q,active,142,CYS,N,138,GLY,O,3.037,bb-bb
8f7q,active,142,CYS,N,139,THR,O,3.225,bb-bb
8f7q,active,143,LYS,N,139,THR,O,2.952,bb-bb
8f7q,active,139,THR,OG1,210,THR,OG1,3.037,sc-sc
8f7q,active,210,THR,OG1,139,THR,OG1,3.037,sc-sc
8f7q,active,142,CYS,N,140,ILE,O,3.437,bb-bb
8f7q,active,143,LYS,N,140,ILE,O,3.166,bb-bb
8f7q,active,144,ILE,N,140,ILE,O,2.968,bb-bb
8f7q,active,143,LYS,N,141,LEU,O,3.493,bb-bb
8f7q,active,144,ILE,N,141,LEU,O,3.338,bb-bb
8f7q,active,145,VAL,N,141,LEU,O,2.882,bb-bb
8f7q,active,145,VAL,N,142,CYS,O,3.417,bb-bb
8f7q,active,146,ILE,N,142,CYS,O,3.031,bb-bb
8f7q,active,145,VAL,N,143,LYS,O,3.478,bb-bb
8f7q,active,147,SER,N,143,LYS,O,2.986,bb-bb
8f7q,active,143,LYS,NZ,206,PHE,O,3.381,bb-sc
8f7q,active,143,LYS,NZ,208,ALA,O,2.513,bb-sc
8f7q,active,148,ILE,N,144,ILE,O,2.93,bb-bb
8f7q,active,147,SER,N,145,VAL,O,3.495,bb-bb
8f7q,active,148,ILE,N,145,VAL,O,3.478,bb-bb
8f7q,active,149,ASP,N,145,VAL,O,2.895,bb-bb
8f7q,active,149,ASP,N,146,ILE,O,3.309,bb-bb
8f7q,active,150,TYR,N,146,ILE,O,3.07,bb-bb
8f7q,active,149,ASP,N,147,SER,O,3.43,bb-bb
8f7q,active,151,TYR,N,147,SER,O,2.913,bb-bb
8f7q,active,147,SER,OG,201,GLY,O,2.895,bb-sc
8f7q,active,151,TYR,N,148,ILE,O,3.463,bb-bb
8f7q,active,152,ASN,N,148,ILE,O,2.888,bb-bb
8f7q,active,151,TYR,N,149,ASP,O,3.475,bb-bb
8f7q,active,153,MET,N,149,ASP,O,2.993,bb-bb
8f7q,active,328,TYR,OH,149,ASP,OD1,2.83,sc-sc
8f7q,active,328,TYR,OH,149,ASP,OD2,2.828,sc-sc
8f7q,active,153,MET,N,150,TYR,O,3.337,bb-bb
8f7q,active,154,PHE,N,150,TYR,O,3.042,bb-bb
8f7q,active,154,PHE,N,151,TYR,O,3.484,bb-bb
8f7q,active,155,THR,N,151,TYR,O,2.915,bb-bb
8f7q,active,155,THR,OG1,151,TYR,O,2.585,bb-sc
8f7q,active,151,TYR,OH,194,TRP,O,3.453,bb-sc
8f7q,active,155,THR,N,152,ASN,O,3.365,bb-bb
8f7q,active,156,SER,N,152,ASN,O,2.877,bb-bb
8f7q,active,155,THR,N,153,MET,O,3.452,bb-bb
8f7q,active,156,SER,N,153,MET,O,3.436,bb-bb
8f7q,active,157,ILE,N,153,MET,O,3.072,bb-bb
8f7q,active,157,ILE,N,154,PHE,O,3.417,bb-bb
8f7q,active,158,TRP,N,154,PHE,O,2.924,bb-bb
8f7q,active,159,THR,N,155,THR,O,2.896,bb-bb
8f7q,active,159,THR,OG1,155,THR,O,2.404,bb-sc
8f7q,active,155,THR,N,197,SER,OG,3.255,bb-sc
8f7q,active,155,THR,OG1,197,SER,OG,3.013,sc-sc
8f7q,active,197,SER,OG,155,THR,OG1,3.013,sc-sc
8f7q,active,159,THR,N,156,SER,O,3.348,bb-bb
8f7q,active,160,LEU,N,156,SER,O,2.981,bb-bb
8f7q,active,159,THR,N,157,ILE,O,3.452,bb-bb
8f7q,active,160,LEU,N,157,ILE,O,3.225,bb-bb
8f7q,active,161,CYS,N,157,ILE,O,2.994,bb-bb
8f7q,active,161,CYS,N,158,TRP,O,3.291,bb-bb
8f7q,active,162,THR,N,158,TRP,O,2.854,bb-bb
8f7q,active,162,THR,OG1,158,TRP,O,2.666,bb-sc
8f7q,active,162,THR,N,159,THR,O,3.254,bb-bb
8f7q,active,163,MET,N,159,THR,O,2.949,bb-bb
8f7q,active,162,THR,N,160,LEU,O,3.464,bb-bb
8f7q,active,163,MET,N,160,LEU,O,3.346,bb-bb
8f7q,active,164,SER,N,160,LEU,O,2.99,bb-bb
8f7q,active,164,SER,N,161,CYS,O,3.241,bb-bb
8f7q,active,165,VAL,N,161,CYS,O,2.91,bb-bb
8f7q,active,165,VAL,N,162,THR,O,3.314,bb-bb
8f7q,active,166,ASP,N,162,THR,O,2.861,bb-bb
8f7q,active,193,ASN,ND2,162,THR,OG1,3.13,sc-sc
8f7q,active,166,ASP,N,163,MET,O,3.303,bb-bb
8f7q,active,167,ARG,N,163,MET,O,2.953,bb-bb
8f7q,active,166,ASP,N,164,SER,O,3.477,bb-bb
8f7q,active,167,ARG,N,164,SER,O,3.421,bb-bb
8f7q,active,168,TYR,N,164,SER,O,2.939,bb-bb
8f7q,active,168,TYR,N,165,VAL,O,3.359,bb-bb
8f7q,active,169,ILE,N,165,VAL,O,2.933,bb-bb
8f7q,active,168,TYR,N,166,ASP,O,3.468,bb-bb
8f7q,active,169,ILE,N,166,ASP,O,3.409,bb-bb
8f7q,active,170,ALA,N,166,ASP,O,2.9,bb-bb
8f7q,active,181,ARG,NE,166,ASP,OD1,3.393,sc-sc
8f7q,active,170,ALA,N,167,ARG,O,3.4,bb-bb
8f7q,active,171,VAL,N,167,ARG,O,2.961,bb-bb
8f7q,active,167,ARG,NH1,254,TYR,OH,3.456,sc-sc
8f7q,active,170,ALA,N,168,TYR,O,3.48,bb-bb
8f7q,active,172,CYS,N,168,TYR,O,2.921,bb-bb
8f7q,active,173,HIS,N,169,ILE,O,3.075,bb-bb
8f7q,active,175,VAL,N,173,HIS,O,3.491,bb-bb
8f7q,active,176,LYS,N,173,HIS,O,3.477,bb-bb
8f7q,active,177,ALA,N,173,HIS,O,2.914,bb-bb
8f7q,active,177,ALA,N,174,PRO,O,3.259,bb-bb
8f7q,active,178,LEU,N,176,LYS,O,3.479,bb-bb
8f7q,active,179,ASP,N,176,LYS,O,3.469,bb-bb
8f7q,active,180,PHE,N,176,LYS,O,2.919,bb-bb
8f7q,active,180,PHE,N,177,ALA,O,3.372,bb-bb
8f7q,active,181,ARG,N,177,ALA,O,2.726,bb-bb
8f7q,active,182,THR,N,180,PHE,O,3.193,bb-bb
8f7q,active,185,ASN,ND2,180,PHE,O,3.061,bb-sc
8f7q,active,185,ASN,N,182,THR,OG1,3.417,bb-sc
8f7q,active,186,ALA,N,182,THR,O,3.268,bb-bb
8f7q,active,186,ALA,N,183,PRO,O,3.353,bb-bb
8f7q,active,187,LYS,N,183,PRO,O,2.937,bb-bb
8f7q,active,186,ALA,N,184,ARG,O,3.447,bb-bb
8f7q,active,187,LYS,N,184,ARG,O,3.235,bb-bb
8f7q,active,188,ILE,N,184,ARG,O,2.967,bb-bb
8f7q,active,187,LYS,N,185,ASN,O,3.495,bb-bb
8f7q,active,188,ILE,N,185,ASN,O,3.295,bb-bb
8f7q,active,189,ILE,N,185,ASN,O,2.936,bb-bb
8f7q,active,189,ILE,N,186,ALA,O,3.484,bb-bb
8f7q,active,190,ASN,N,186,ALA,O,2.917,bb-bb
8f7q,active,190,ASN,ND2,186,ALA,O,2.703,bb-sc
8f7q,active,190,ASN,N,187,LYS,O,3.462,bb-bb
8f7q,active,191,VAL,N,187,LYS,O,2.947,bb-bb
8f7q,active,190,ASN,N,188,ILE,O,3.493,bb-bb
8f7q,active,191,VAL,N,188,ILE,O,3.371,bb-bb
8f7q,active,192,CYS,N,188,ILE,O,2.954,bb-bb
8f7q,active,192,CYS,N,189,ILE,O,3.281,bb-bb
8f7q,active,193,ASN,N,189,ILE,O,2.899,bb-bb
8f7q,active,193,ASN,ND2,189,ILE,O,2.96,bb-sc
8f7q,active,192,CYS,N,190,ASN,O,3.401,bb-bb
8f7q,active,193,ASN,N,190,ASN,O,3.082,bb-bb
8f7q,active,194,TRP,N,190,ASN,O,2.952,bb-bb
8f7q,active,193,ASN,N,191,VAL,O,3.447,bb-bb
8f7q,active,194,TRP,N,191,VAL,O,3.344,bb-bb
8f7q,active,195,ILE,N,191,VAL,O,2.963,bb-bb
8f7q,active,195,ILE,N,192,CYS,O,3.397,bb-bb
8f7q,active,196,LEU,N,192,CYS,O,2.905,bb-bb
8f7q,active,195,ILE,N,193,ASN,O,3.493,bb-bb
8f7q,active,196,LEU,N,193,ASN,O,3.308,bb-bb
8f7q,active,197,SER,N,193,ASN,O,2.946,bb-bb
8f7q,active,197,SER,OG,193,ASN,O,3.176,bb-sc
8f7q,active,197,SER,N,194,TRP,O,3.255,bb-bb
8f7q,active,198,SER,N,194,TRP,O,2.924,bb-bb
8f7q,active,197,SER,N,195,ILE,O,3.393,bb-bb
8f7q,active,198,SER,N,195,ILE,O,3.062,bb-bb
8f7q,active,199,ALA,N,195,ILE,O,2.979,bb-bb
8f7q,active,199,ALA,N,196,LEU,O,3.373,bb-bb
8f7q,active,199,ALA,N,197,SER,O,3.295,bb-bb
8f7q,active,200,ILE,N,197,SER,O,3.263,bb-bb
8f7q,active,201,GLY,N,197,SER,O,2.969,bb-bb
8f7q,active,200,ILE,N,198,SER,O,3.228,bb-bb
8f7q,active,201,GLY,N,198,SER,O,3.048,bb-bb
8f7q,active,202,LEU,N,198,SER,O,3.009,bb-bb
8f7q,active,204,VAL,N,200,ILE,O,3.387,bb-bb
8f7q,active,205,MET,N,201,GLY,O,3.07,bb-bb
8f7q,active,204,VAL,N,202,LEU,O,3.45,bb-bb
8f7q,active,205,MET,N,202,LEU,O,3.239,bb-bb
8f7q,active,206,PHE,N,202,LEU,O,3.045,bb-bb
8f7q,active,205,MET,N,203,PRO,O,3.469,bb-bb
8f7q,active,206,PHE,N,203,PRO,O,3.36,bb-bb
8f7q,active,207,MET,N,203,PRO,O,2.899,bb-bb
8f7q,active,207,MET,N,204,VAL,O,3.45,bb-bb
8f7q,active,208,ALA,N,204,VAL,O,3.041,bb-bb
8f7q,active,209,THR,N,207,MET,O,3.217,bb-bb
8f7q,active,209,THR,OG1,207,MET,O,2.908,bb-sc
8f7q,active,222,THR,N,207,MET,O,3.136,bb-bb
8f7q,active,209,THR,N,220,THR,O,2.891,bb-bb
8f7q,active,220,THR,N,209,THR,O,2.992,bb-bb
8f7q,active,209,THR,OG1,222,THR,OG1,3.239,sc-sc
8f7q,active,222,THR,OG1,209,THR,OG1,3.239,sc-sc
8f7q,active,213,ARG,N,211,LYS,O,3.398,bb-bb
8f7q,active,211,LYS,N,218,ASP,O,2.904,bb-bb
8f7q,active,218,ASP,N,211,LYS,O,2.852,bb-bb
8f7q,active,215,GLY,N,213,ARG,O,3.268,bb-bb
8f7q,active,213,ARG,N,216,SER,O,2.905,bb-bb
8f7q,active,216,SER,N,213,ARG,O,2.929,bb-bb
8f7q,active,216,SER,OG,213,ARG,O,2.745,bb-sc
8f7q,active,216,SER,N,214,GLN,O,3.35,bb-bb
8f7q,active,220,THR,N,218,ASP,O,3.46,bb-bb
8f7q,active,226,PRO,N,224,SER,O,3.49,bb-bb
8f7q,active,229,TYR,N,227,THR,O,3.368,bb-bb
8f7q,active,231,GLU,N,227,THR,O,2.939,bb-bb
8f7q,active,232,ASN,N,228,TRP,O,2.945,bb-bb
8f7q,active,233,LEU,N,229,TYR,O,2.875,bb-bb
8f7q,active,233,LEU,N,230,TRP,O,3.459,bb-bb
8f7q,active,234,LEU,N,230,TRP,O,2.942,bb-bb
8f7q,active,234,LEU,N,231,GLU,O,3.309,bb-bb
8f7q,active,235,LYS,N,231,GLU,O,2.988,bb-bb
8f7q,active,234,LEU,N,232,ASN,O,3.416,bb-bb
8f7q,active,235,LYS,N,232,ASN,O,3.323,bb-bb
8f7q,active,236,ILE,N,232,ASN,O,2.858,bb-bb
8f7q,active,237,CYS,N,233,LEU,O,2.932,bb-bb
8f7q,active,236,ILE,N,234,LEU,O,3.486,bb-bb
8f7q,active,237,CYS,N,234,LEU,O,3.419,bb-bb
8f7q,active,238,VAL,N,234,LEU,O,2.934,bb-bb
8f7q,active,239,PHE,N,235,LYS,O,2.905,bb-bb
8f7q,active,239,PHE,N,236,ILE,O,3.336,bb-bb
8f7q,active,240,ILE,N,236,ILE,O,2.881,bb-bb
8f7q,active,239,PHE,N,237,CYS,O,3.468,bb-bb
8f7q,active,240,ILE,N,237,CYS,O,3.409,bb-bb
8f7q,active,241,PHE,N,237,CYS,O,2.968,bb-bb
8f7q,active,240,ILE,N,238,VAL,O,3.497,bb-bb
8f7q,active,242,ALA,N,238,VAL,O,2.909,bb-bb
8f7q,active,243,PHE,N,239,PHE,O,2.898,bb-bb
8f7q,active,242,ALA,N,240,ILE,O,3.298,bb-bb
8f7q,active,243,PHE,N,240,ILE,O,3.347,bb-bb
8f7q,active,244,ILE,N,240,ILE,O,2.931,bb-bb
8f7q,active,245,MET,N,240,ILE,O,3.396,bb-bb
8f7q,active,247,VAL,N,243,PHE,O,3.225,bb-bb
8f7q,active,248,LEU,N,244,ILE,O,3.328,bb-bb
8f7q,active,248,LEU,N,245,MET,O,3.447,bb-bb
8f7q,active,249,ILE,N,245,MET,O,2.953,bb-bb
8f7q,active,249,ILE,N,246,PRO,O,3.394,bb-bb
8f7q,active,250,ILE,N,246,PRO,O,2.923,bb-bb
8f7q,active,251,THR,N,247,VAL,O,2.886,bb-bb
8f7q,active,251,THR,OG1,247,VAL,O,2.651,bb-sc
8f7q,active,251,THR,N,248,LEU,O,3.495,bb-bb
8f7q,active,252,VAL,N,248,LEU,O,2.933,bb-bb
8f7q,active,253,CYS,N,249,ILE,O,2.957,bb-bb
8f7q,active,254,TYR,N,250,ILE,O,2.942,bb-bb
8f7q,active,255,GLY,N,251,THR,O,2.888,bb-bb
8f7q,active,255,GLY,N,252,VAL,O,3.4,bb-bb
8f7q,active,256,LEU,N,252,VAL,O,2.968,bb-bb
8f7q,active,257,MET,N,253,CYS,O,2.905,bb-bb
8f7q,active,257,MET,N,254,TYR,O,3.278,bb-bb
8f7q,active,258,ILE,N,254,TYR,O,2.877,bb-bb
8f7q,active,257,MET,N,255,GLY,O,3.377,bb-bb
8f7q,active,258,ILE,N,255,GLY,O,3.302,bb-bb
8f7q,active,259,LEU,N,255,GLY,O,2.989,bb-bb
8f7q,active,259,LEU,N,256,LEU,O,3.448,bb-bb
8f7q,active,260,ARG,N,256,LEU,O,2.914,bb-bb
8f7q,active,259,LEU,N,257,MET,O,3.477,bb-bb
8f7q,active,260,ARG,N,257,MET,O,3.352,bb-bb
8f7q,active,261,LEU,N,257,MET,O,2.889,bb-bb
8f7q,active,261,LEU,N,258,ILE,O,3.345,bb-bb
8f7q,active,262,LYS,N,258,ILE,O,2.909,bb-bb
8f7q,active,261,LEU,N,259,LEU,O,3.431,bb-bb
8f7q,active,262,LYS,N,259,LEU,O,3.198,bb-bb
8f7q,active,263,SER,N,259,LEU,O,2.959,bb-bb
8f7q,active,263,SER,N,260,ARG,O,3.074,bb-bb
8f7q,active,264,VAL,N,260,ARG,O,3.074,bb-bb
8f7q,active,263,SER,N,261,LEU,O,3.457,bb-bb
8f7q,active,264,VAL,N,261,LEU,O,3.305,bb-bb
8f7q,active,264,VAL,N,262,LYS,O,3.452,bb-bb
8f7q,active,265,ARG,N,263,SER,O,3.337,bb-bb
8f7q,active,268,SER,N,266,MET,O,3.454,bb-bb
8f7q,active,270,SER,N,268,SER,O,3.076,bb-bb
8f7q,active,273,LYS,N,270,SER,O,3.318,bb-bb
8f7q,active,274,ASP,N,270,SER,O,2.682,bb-bb
8f7q,active,274,ASP,N,271,LYS,O,3.355,bb-bb
8f7q,active,275,ARG,N,271,LYS,O,2.902,bb-bb
8f7q,active,275,ARG,N,272,GLU,O,3.233,bb-bb
8f7q,active,275,ARG,NE,272,GLU,OE2,3.448,sc-sc
8f7q,active,275,ARG,NH1,272,GLU,OE2,2.401,sc-sc
8f7q,active,276,ASN,N,272,GLU,O,2.927,bb-bb
8f7q,active,276,ASN,N,273,LYS,O,3.267,bb-bb
8f7q,active,277,LEU,N,273,LYS,O,2.907,bb-bb
8f7q,active,276,ASN,N,274,ASP,O,3.493,bb-bb
8f7q,active,277,LEU,N,274,ASP,O,3.295,bb-bb
8f7q,active,278,ARG,N,274,ASP,O,2.891,bb-bb
8f7q,active,278,ARG,N,275,ARG,O,3.233,bb-bb
8f7q,active,279,ARG,N,275,ARG,O,2.89,bb-bb
8f7q,active,279,ARG,N,276,ASN,O,3.253,bb-bb
8f7q,active,279,ARG,NE,276,ASN,OD1,3.349,sc-sc
8f7q,active,279,ARG,NH2,276,ASN,OD1,2.69,sc-sc
8f7q,active,280,ILE,N,276,ASN,O,2.965,bb-bb
8f7q,active,279,ARG,N,277,LEU,O,3.449,bb-bb
8f7q,active,280,ILE,N,277,LEU,O,3.342,bb-bb
8f7q,active,281,THR,N,277,LEU,O,2.92,bb-bb
8f7q,active,281,THR,OG1,277,LEU,O,2.863,bb-sc
8f7q,active,281,THR,N,278,ARG,O,3.455,bb-bb
8f7q,active,282,ARG,N,278,ARG,O,2.87,bb-bb
8f7q,active,282,ARG,N,279,ARG,O,3.36,bb-bb
8f7q,active,283,MET,N,279,ARG,O,2.929,bb-bb
8f7q,active,282,ARG,N,280,ILE,O,3.469,bb-bb
8f7q,active,283,MET,N,280,ILE,O,3.337,bb-bb
8f7q,active,284,VAL,N,280,ILE,O,2.98,bb-bb
8f7q,active,284,VAL,N,281,THR,O,3.405,bb-bb
8f7q,active,285,LEU,N,281,THR,O,2.944,bb-bb
8f7q,active,285,LEU,N,282,ARG,O,3.371,bb-bb
8f7q,active,286,VAL,N,282,ARG,O,2.889,bb-bb
8f7q,active,285,LEU,N,283,MET,O,3.491,bb-bb
8f7q,active,286,VAL,N,283,MET,O,3.242,bb-bb
8f7q,active,287,VAL,N,283,MET,O,2.951,bb-bb
8f7q,active,286,VAL,N,284,VAL,O,3.45,bb-bb
8f7q,active,287,VAL,N,284,VAL,O,3.202,bb-bb
8f7q,active,288,VAL,N,284,VAL,O,3.002,bb-bb
8f7q,active,289,ALA,N,285,LEU,O,2.883,bb-bb
8f7q,active,289,ALA,N,286,VAL,O,3.429,bb-bb
8f7q,active,290,VAL,N,286,VAL,O,2.876,bb-bb
8f7q,active,289,ALA,N,287,VAL,O,3.455,bb-bb
8f7q,active,290,VAL,N,287,VAL,O,3.386,bb-bb
8f7q,active,291,PHE,N,287,VAL,O,3.021,bb-bb
8f7q,active,291,PHE,N,288,VAL,O,3.354,bb-bb
8f7q,active,292,ILE,N,288,VAL,O,2.987,bb-bb
8f7q,active,291,PHE,N,289,ALA,O,3.491,bb-bb
8f7q,active,292,ILE,N,289,ALA,O,3.439,bb-bb
8f7q,active,293,VAL,N,289,ALA,O,2.883,bb-bb
8f7q,active,294,CYS,N,290,VAL,O,2.941,bb-bb
8f7q,active,295,TRP,N,291,PHE,O,3.004,bb-bb
8f7q,active,294,CYS,N,292,ILE,O,3.324,bb-bb
8f7q,active,295,TRP,N,292,ILE,O,3.477,bb-bb
8f7q,active,296,THR,N,292,ILE,O,2.928,bb-bb
8f7q,active,296,THR,OG1,292,ILE,O,2.462,bb-sc
8f7q,active,299,HIS,ND1,295,TRP,O,2.764,bb-sc
8f7q,active,298,ILE,N,296,THR,O,3.465,bb-bb
8f7q,active,299,HIS,N,296,THR,O,3.464,bb-bb
8f7q,active,300,ILE,N,296,THR,O,3.058,bb-bb
8f7q,active,299,HIS,N,297,PRO,O,3.494,bb-bb
8f7q,active,301,TYR,N,297,PRO,O,2.838,bb-bb
8f7q,active,301,TYR,N,298,ILE,O,3.498,bb-bb
8f7q,active,302,VAL,N,298,ILE,O,2.939,bb-bb
8f7q,active,301,TYR,N,299,HIS,O,3.436,bb-bb
8f7q,active,302,VAL,N,299,HIS,O,3.353,bb-bb
8f7q,active,303,ILE,N,299,HIS,O,3.009,bb-bb
8f7q,active,303,ILE,N,300,ILE,O,3.211,bb-bb
8f7q,active,304,ILE,N,300,ILE,O,2.872,bb-bb
8f7q,active,304,ILE,N,301,TYR,O,3.428,bb-bb
8f7q,active,305,LYS,N,301,TYR,O,2.905,bb-bb
8f7q,active,304,ILE,N,302,VAL,O,3.488,bb-bb
8f7q,active,305,LYS,N,302,VAL,O,3.354,bb-bb
8f7q,active,306,ALA,N,302,VAL,O,2.916,bb-bb
8f7q,active,306,ALA,N,303,ILE,O,3.397,bb-bb
8f7q,active,307,LEU,N,303,ILE,O,2.912,bb-bb
8f7q,active,308,VAL,N,304,ILE,O,2.91,bb-bb
8f7q,active,313,THR,N,311,PRO,O,3.43,bb-bb
8f7q,active,316,GLN,N,313,THR,O,3.353,bb-bb
8f7q,active,316,GLN,N,313,THR,OG1,3.172,bb-sc
8f7q,active,317,THR,N,313,THR,O,3.247,bb-bb
8f7q,active,317,THR,OG1,313,THR,O,3.281,bb-sc
8f7q,active,316,GLN,N,314,THR,O,3.394,bb-bb
8f7q,active,317,THR,N,314,THR,O,3.161,bb-bb
8f7q,active,318,VAL,N,314,THR,O,2.953,bb-bb
8f7q,active,318,VAL,N,315,PHE,O,3.458,bb-bb
8f7q,active,319,SER,N,315,PHE,O,2.876,bb-bb
8f7q,active,319,SER,N,316,GLN,O,3.394,bb-bb
8f7q,active,320,TRP,N,316,GLN,O,2.865,bb-bb
8f7q,active,319,SER,N,317,THR,O,3.461,bb-bb
8f7q,active,320,TRP,N,317,THR,O,3.333,bb-bb
8f7q,active,321,HIS,N,317,THR,O,2.999,bb-bb
8f7q,active,322,PHE,N,318,VAL,O,2.87,bb-bb
8f7q,active,322,PHE,N,319,SER,O,3.435,bb-bb
8f7q,active,323,CYS,N,319,SER,O,2.874,bb-bb
8f7q,active,322,PHE,N,320,TRP,O,3.482,bb-bb
8f7q,active,323,CYS,N,320,TRP,O,3.275,bb-bb
8f7q,active,324,ILE,N,320,TRP,O,2.994,bb-bb
8f7q,active,324,ILE,N,321,HIS,O,3.323,bb-bb
8f7q,active,325,ALA,N,321,HIS,O,2.916,bb-bb
8f7q,active,325,ALA,N,322,PHE,O,3.439,bb-bb
8f7q,active,326,LEU,N,322,PHE,O,2.835,bb-bb
8f7q,active,326,LEU,N,323,CYS,O,3.373,bb-bb
8f7q,active,327,GLY,N,323,CYS,O,2.881,bb-bb
8f7q,active,326,LEU,N,324,ILE,O,3.441,bb-bb
8f7q,active,327,GLY,N,324,ILE,O,3.137,bb-bb
8f7q,active,328,TYR,N,324,ILE,O,2.994,bb-bb
8f7q,active,327,GLY,N,325,ALA,O,3.494,bb-bb
8f7q,active,328,TYR,N,325,ALA,O,3.341,bb-bb
8f7q,active,329,THR,N,325,ALA,O,2.836,bb-bb
8f7q,active,329,THR,OG1,325,ALA,O,2.362,bb-sc
8f7q,active,329,THR,N,326,LEU,O,3.31,bb-bb
8f7q,active,329,THR,N,327,GLY,O,3.432,bb-bb
8f7q,active,330,ASN,N,328,TYR,O,3.454,bb-bb
8f7q,active,331,SER,N,328,TYR,O,3.222,bb-bb
8f7q,active,332,CYS,N,328,TYR,O,2.92,bb-bb
8f7q,active,332,CYS,N,329,THR,O,3.222,bb-bb
8f7q,active,333,LEU,N,329,THR,O,2.819,bb-bb
8f7q,active,332,CYS,N,330,ASN,O,3.361,bb-bb
8f7q,active,333,LEU,N,330,ASN,O,3.271,bb-bb
8f7q,active,334,ASN,N,330,ASN,O,2.903,bb-bb
8f7q,active,334,ASN,ND2,330,ASN,O,2.936,bb-sc
8f7q,active,337,LEU,N,333,LEU,O,3.118,bb-bb
8f7q,active,337,LEU,N,334,ASN,O,3.47,bb-bb
8f7q,active,338,TYR,N,334,ASN,O,2.922,bb-bb
8f7q,active,337,LEU,N,335,PRO,O,3.351,bb-bb
8f7q,active,338,TYR,N,335,PRO,O,3.39,bb-bb
8f7q,active,339,ALA,N,335,PRO,O,2.841,bb-bb
8f7q,active,340,PHE,N,335,PRO,O,3.135,bb-bb
8f7q,active,341,LEU,N,336,VAL,O,3.492,bb-bb
8f7q,active,342,ASP,N,338,TYR,O,3.176,bb-bb
8f7q,active,342,ASP,N,339,ALA,O,3.331,bb-bb
8f7q,active,342,ASP,N,340,PHE,O,3.377,bb-bb
8f7q,active,343,GLU,N,341,LEU,O,3.436,bb-bb
8f7q,active,344,ASN,N,342,ASP,O,3.489,bb-bb
8f7q,active,344,ASN,N,342,ASP,OD1,3.448,bb-sc
8f7q,active,346,LYS,N,342,ASP,O,3.023,bb-bb
8f7q,active,346,LYS,N,343,GLU,O,3.317,bb-bb
8f7q,active,346,LYS,NZ,343,GLU,OE2,3.073,sc-sc
8f7q,active,347,ARG,N,343,GLU,O,2.866,bb-bb
8f7q,active,346,LYS,N,344,ASN,O,3.462,bb-bb
8f7q,active,347,ARG,N,344,ASN,O,3.251,bb-bb
8f7q,active,348,CYS,N,344,ASN,O,2.959,bb-bb
8f7q,active,348,CYS,N,345,PHE,O,3.343,bb-bb
8f7q,active,349,PHE,N,345,PHE,O,2.864,bb-bb
8f7q,active,349,PHE,N,346,LYS,O,3.325,bb-bb
8f7q,active,350,ARG,N,346,LYS,O,2.905,bb-bb
8f7q,active,349,PHE,N,347,ARG,O,3.467,bb-bb
8f7q,active,350,ARG,N,347,ARG,O,3.245,bb-bb
8f7q,active,351,GLU,N,347,ARG,O,2.917,bb-bb
8f7q,active,352,PHE,N,348,CYS,O,3.141,bb-bb
8f7r,active,70,ALA,N,68,ILE,O,3.469,bb-bb
8f7r,active,71,ILE,N,68,ILE,O,3.421,bb-bb
8f7r,active,72,THR,N,68,ILE,O,2.915,bb-bb
8f7r,active,72,THR,OG1,68,ILE,O,2.715,bb-sc
8f7r,active,72,THR,N,69,THR,O,3.364,bb-bb
8f7r,active,73,ILE,N,69,THR,O,2.91,bb-bb
8f7r,active,72,THR,N,70,ALA,O,3.495,bb-bb
8f7r,active,73,ILE,N,70,ALA,O,3.391,bb-bb
8f7r,active,74,MET,N,70,ALA,O,2.92,bb-bb
8f7r,active,74,MET,N,71,ILE,O,3.449,bb-bb
8f7r,active,75,ALA,N,71,ILE,O,2.889,bb-bb
8f7r,active,75,ALA,N,72,THR,O,3.423,bb-bb
8f7r,active,76,LEU,N,72,THR,O,2.907,bb-bb
8f7r,active,75,ALA,N,73,ILE,O,3.487,bb-bb
8f7r,active,76,LEU,N,73,ILE,O,3.268,bb-bb
8f7r,active,77,TYR,N,73,ILE,O,2.961,bb-bb
8f7r,active,78,SER,N,74,MET,O,2.917,bb-bb
8f7r,active,78,SER,OG,74,MET,O,2.714,bb-sc
8f7r,active,78,SER,N,75,ALA,O,3.355,bb-bb
8f7r,active,79,ILE,N,75,ALA,O,2.944,bb-bb
8f7r,active,78,SER,N,76,LEU,O,3.411,bb-bb
8f7r,active,79,ILE,N,76,LEU,O,3.328,bb-bb
8f7r,active,80,VAL,N,76,LEU,O,2.94,bb-bb
8f7r,active,80,VAL,N,77,TYR,O,3.473,bb-bb
8f7r,active,81,CYS,N,77,TYR,O,2.885,bb-bb
8f7r,active,77,TYR,OH,321,HIS,O,2.968,bb-sc
8f7r,active,77,TYR,OH,321,HIS,ND1,3.227,sc-sc
8f7r,active,321,HIS,ND1,77,TYR,OH,3.227,sc-sc
8f7r,active,81,CYS,N,78,SER,O,3.371,bb-bb
8f7r,active,82,VAL,N,78,SER,O,2.948,bb-bb
8f7r,active,81,CYS,N,79,ILE,O,3.467,bb-bb
8f7r,active,82,VAL,N,79,ILE,O,3.385,bb-bb
8f7r,active,83,VAL,N,79,ILE,O,2.96,bb-bb
8f7r,active,84,GLY,N,80,VAL,O,2.931,bb-bb
8f7r,active,84,GLY,N,81,CYS,O,3.449,bb-bb
8f7r,active,85,LEU,N,81,CYS,O,2.93,bb-bb
8f7r,active,84,GLY,N,82,VAL,O,3.454,bb-bb
8f7r,active,86,PHE,N,82,VAL,O,2.929,bb-bb
8f7r,active,86,PHE,N,83,VAL,O,3.47,bb-bb
8f7r,active,87,GLY,N,83,VAL,O,2.94,bb-bb
8f7r,active,87,GLY,N,84,GLY,O,3.483,bb-bb
8f7r,active,88,ASN,N,84,GLY,O,2.939,bb-bb
8f7r,active,88,ASN,ND2,84,GLY,O,2.792,bb-sc
8f7r,active,89,PHE,N,85,LEU,O,2.943,bb-bb
8f7r,active,90,LEU,N,86,PHE,O,2.916,bb-bb
8f7r,active,90,LEU,N,87,GLY,O,3.398,bb-bb
8f7r,active,91,VAL,N,87,GLY,O,2.962,bb-bb
8f7r,active,90,LEU,N,88,ASN,O,3.438,bb-bb
8f7r,active,91,VAL,N,88,ASN,O,3.357,bb-bb
8f7r,active,92,MET,N,88,ASN,O,2.95,bb-bb
8f7r,active,88,ASN,ND2,116,ASP,O,3.386,bb-sc
8f7r,active,93,TYR,N,89,PHE,O,2.866,bb-bb
8f7r,active,93,TYR,N,90,LEU,O,3.299,bb-bb
8f7r,active,94,VAL,N,90,LEU,O,2.963,bb-bb
8f7r,active,93,TYR,N,91,VAL,O,3.403,bb-bb
8f7r,active,94,VAL,N,91,VAL,O,3.326,bb-bb
8f7r,active,95,ILE,N,91,VAL,O,2.952,bb-bb
8f7r,active,95,ILE,N,92,MET,O,3.458,bb-bb
8f7r,active,96,VAL,N,92,MET,O,2.936,bb-bb
8f7r,active,97,ARG,N,93,TYR,O,2.909,bb-bb
8f7r,active,98,TYR,N,94,VAL,O,2.931,bb-bb
8f7r,active,99,THR,N,95,ILE,O,3.113,bb-bb
8f7r,active,100,LYS,N,95,ILE,O,2.654,bb-bb
8f7r,active,98,TYR,N,96,VAL,O,3.475,bb-bb
8f7r,active,101,MET,N,99,THR,O,3.192,bb-bb
8f7r,active,106,ASN,N,103,THR,O,3.422,bb-bb
8f7r,active,107,ILE,N,103,THR,O,3.175,bb-bb
8f7r,active,106,ASN,N,104,ALA,O,3.356,bb-bb
8f7r,active,107,ILE,N,104,ALA,O,3.01,bb-bb
8f7r,active,108,TYR,N,104,ALA,O,2.994,bb-bb
8f7r,active,107,ILE,N,105,THR,O,3.441,bb-bb
8f7r,active,108,TYR,N,105,THR,O,3.211,bb-bb
8f7r,active,109,ILE,N,105,THR,O,2.908,bb-bb
8f7r,active,181,ARG,NH1,105,THR,OG1,2.707,sc-sc
8f7r,active,109,ILE,N,106,ASN,O,3.411,bb-bb
8f7r,active,110,PHE,N,106,ASN,O,2.894,bb-bb
8f7r,active,109,ILE,N,107,ILE,O,3.491,bb-bb
8f7r,active,110,PHE,N,107,ILE,O,3.33,bb-bb
8f7r,active,111,ASN,N,107,ILE,O,2.952,bb-bb
8f7r,active,111,ASN,ND2,107,ILE,O,3.035,bb-sc
8f7r,active,111,ASN,N,108,TYR,O,3.407,bb-bb
8f7r,active,112,LEU,N,108,TYR,O,2.912,bb-bb
8f7r,active,112,LEU,N,109,ILE,O,3.361,bb-bb
8f7r,active,113,ALA,N,109,ILE,O,2.898,bb-bb
8f7r,active,113,ALA,N,110,PHE,O,3.317,bb-bb
8f7r,active,114,LEU,N,110,PHE,O,2.912,bb-bb
8f7r,active,114,LEU,N,111,ASN,O,3.451,bb-bb
8f7r,active,115,ALA,N,111,ASN,O,2.937,bb-bb
8f7r,active,114,LEU,N,112,LEU,O,3.491,bb-bb
8f7r,active,115,ALA,N,112,LEU,O,3.397,bb-bb
8f7r,active,116,ASP,N,112,LEU,O,2.917,bb-bb
8f7r,active,117,ALA,N,113,ALA,O,2.889,bb-bb
8f7r,active,117,ALA,N,114,LEU,O,3.357,bb-bb
8f7r,active,118,LEU,N,114,LEU,O,2.947,bb-bb
8f7r,active,118,LEU,N,115,ALA,O,3.444,bb-bb
8f7r,active,119,ALA,N,115,ALA,O,2.916,bb-bb
8f7r,active,119,ALA,N,116,ASP,O,3.375,bb-bb
8f7r,active,120,THR,N,116,ASP,O,2.889,bb-bb
8f7r,active,120,THR,OG1,116,ASP,O,2.546,bb-sc
8f7r,active,156,SER,OG,116,ASP,OD1,2.658,sc-sc
8f7r,active,331,SER,OG,116,ASP,OD1,3.411,sc-sc
8f7r,active,119,ALA,N,117,ALA,O,3.448,bb-bb
8f7r,active,120,THR,N,117,ALA,O,3.332,bb-bb
8f7r,active,121,SER,N,117,ALA,O,2.906,bb-bb
8f7r,active,122,THR,OG1,119,ALA,O,2.841,bb-sc
8f7r,active,122,THR,N,120,THR,O,3.342,bb-bb
8f7r,active,123,LEU,N,120,THR,O,3.209,bb-bb
8f7r,active,123,LEU,N,121,SER,O,3.379,bb-bb
8f7r,active,126,GLN,N,122,THR,O,3.373,bb-bb
8f7r,active,125,PHE,N,123,LEU,O,3.411,bb-bb
8f7r,active,126,GLN,N,123,LEU,O,3.251,bb-bb
8f7r,active,127,SER,N,123,LEU,O,2.923,bb-bb
8f7r,active,127,SER,OG,123,LEU,O,3.028,bb-sc
8f7r,active,127,SER,N,124,PRO,O,3.266,bb-bb
8f7r,active,128,VAL,N,124,PRO,O,2.92,bb-bb
8f7r,active,127,SER,N,125,PHE,O,3.5,bb-bb
8f7r,active,128,VAL,N,125,PHE,O,3.45,bb-bb
8f7r,active,129,ASN,N,125,PHE,O,2.927,bb-bb
8f7r,active,129,ASN,N,126,GLN,O,3.375,bb-bb
8f7r,active,130,TYR,N,126,GLN,O,2.908,bb-bb
8f7r,active,126,GLN,NE2,149,ASP,OD2,2.666,sc-sc
8f7r,active,126,GLN,NE2,328,TYR,OH,2.814,sc-sc
8f7r,active,328,TYR,OH,126,GLN,OE1,3.434,sc-sc
8f7r,active,328,TYR,OH,126,GLN,NE2,2.814,sc-sc
8f7r,active,130,TYR,N,127,SER,O,3.312,bb-bb
8f7r,active,131,LEU,N,127,SER,O,2.919,bb-bb
8f7r,active,130,TYR,N,128,VAL,O,3.451,bb-bb
8f7r,active,131,LEU,N,128,VAL,O,3.414,bb-bb
8f7r,active,132,MET,N,128,VAL,O,2.912,bb-bb
8f7r,active,133,GLY,N,129,ASN,O,2.989,bb-bb
8f7r,active,134,THR,OG1,217,ILE,O,2.989,bb-sc
8f7r,active,217,ILE,N,134,THR,OG1,2.676,bb-sc
8f7r,active,135,TRP,NE1,138,GLY,O,2.935,bb-sc
8f7r,active,135,TRP,N,217,ILE,O,3.091,bb-bb
8f7r,active,138,GLY,N,136,PRO,O,3.39,bb-bb
8f7r,active,142,CYS,N,138,GLY,O,3.113,bb-bb
8f7r,active,142,CYS,N,139,THR,O,3.266,bb-bb
8f7r,active,143,LYS,N,139,THR,O,2.942,bb-bb
8f7r,active,139,THR,OG1,210,THR,OG1,2.862,sc-sc
8f7r,active,210,THR,OG1,139,THR,OG1,2.862,sc-sc
8f7r,active,142,CYS,N,140,ILE,O,3.44,bb-bb
8f7r,active,143,LYS,N,140,ILE,O,3.196,bb-bb
8f7r,active,144,ILE,N,140,ILE,O,2.946,bb-bb
8f7r,active,144,ILE,N,141,LEU,O,3.376,bb-bb
8f7r,active,145,VAL,N,141,LEU,O,2.903,bb-bb
8f7r,active,144,ILE,N,142,CYS,O,3.48,bb-bb
8f7r,active,146,ILE,N,142,CYS,O,3.014,bb-bb
8f7r,active,147,SER,N,143,LYS,O,2.936,bb-bb
8f7r,active,147,SER,N,144,ILE,O,3.422,bb-bb
8f7r,active,148,ILE,N,144,ILE,O,2.906,bb-bb
8f7r,active,148,ILE,N,145,VAL,O,3.385,bb-bb
8f7r,active,149,ASP,N,145,VAL,O,2.954,bb-bb
8f7r,active,148,ILE,N,146,ILE,O,3.49,bb-bb
8f7r,active,149,ASP,N,146,ILE,O,3.335,bb-bb
8f7r,active,150,TYR,N,146,ILE,O,3.01,bb-bb
8f7r,active,149,ASP,N,147,SER,O,3.494,bb-bb
8f7r,active,151,TYR,N,147,SER,O,2.869,bb-bb
8f7r,active,147,SER,OG,201,GLY,O,3.139,bb-sc
8f7r,active,151,TYR,N,148,ILE,O,3.496,bb-bb
8f7r,active,152,ASN,N,148,ILE,O,2.869,bb-bb
8f7r,active,151,TYR,N,149,ASP,O,3.342,bb-bb
8f7r,active,152,ASN,N,149,ASP,O,3.436,bb-bb
8f7r,active,153,MET,N,149,ASP,O,3.07,bb-bb
8f7r,active,328,TYR,OH,149,ASP,OD1,3.065,sc-sc
8f7r,active,328,TYR,OH,149,ASP,OD2,2.655,sc-sc
8f7r,active,154,PHE,N,151,TYR,O,3.461,bb-bb
8f7r,active,155,THR,N,151,TYR,O,2.954,bb-bb
8f7r,active,155,THR,OG1,151,TYR,O,2.718,bb-sc
8f7r,active,151,TYR,OH,194,TRP,O,3.147,bb-sc
8f7r,active,155,THR,N,152,ASN,O,3.437,bb-bb
8f7r,active,156,SER,N,152,ASN,O,2.912,bb-bb
8f7r,active,155,THR,N,153,MET,O,3.385,bb-bb
8f7r,active,156,SER,N,153,MET,O,3.282,bb-bb
8f7r,active,157,ILE,N,153,MET,O,2.966,bb-bb
8f7r,active,158,PHE,N,154,PHE,O,2.887,bb-bb
8f7r,active,158,PHE,N,155,THR,O,3.48,bb-bb
8f7r,active,159,THR,N,155,THR,O,2.918,bb-bb
8f7r,active,159,THR,OG1,155,THR,O,2.644,bb-sc
8f7r,active,155,THR,N,197,SER,OG,3.383,bb-sc
8f7r,active,155,THR,OG1,197,SER,OG,3.249,sc-sc
8f7r,active,197,SER,OG,155,THR,OG1,3.249,sc-sc
8f7r,active,159,THR,N,156,SER,O,3.254,bb-bb
8f7r,active,160,LEU,N,156,SER,O,2.932,bb-bb
8f7r,active,159,THR,N,157,ILE,O,3.45,bb-bb
8f7r,active,160,LEU,N,157,ILE,O,3.189,bb-bb
8f7r,active,161,CYS,N,157,ILE,O,2.936,bb-bb
8f7r,active,161,CYS,N,158,PHE,O,3.434,bb-bb
8f7r,active,162,THR,N,158,PHE,O,2.885,bb-bb
8f7r,active,162,THR,OG1,158,PHE,O,2.537,bb-sc
8f7r,active,162,THR,N,159,THR,O,3.315,bb-bb
8f7r,active,163,MET,N,159,THR,O,2.922,bb-bb
8f7r,active,162,THR,N,160,LEU,O,3.452,bb-bb
8f7r,active,163,MET,N,160,LEU,O,3.357,bb-bb
8f7r,active,164,SER,N,160,LEU,O,2.973,bb-bb
8f7r,active,164,SER,N,161,CYS,O,3.266,bb-bb
8f7r,active,165,VAL,N,161,CYS,O,2.938,bb-bb
8f7r,active,165,VAL,N,162,THR,O,3.342,bb-bb
8f7r,active,166,ASP,N,162,THR,O,2.864,bb-bb
8f7r,active,162,THR,OG1,193,ASN,OD1,3.441,sc-sc
8f7r,active,193,ASN,ND2,162,THR,OG1,2.912,sc-sc
8f7r,active,166,ASP,N,163,MET,O,3.319,bb-bb
8f7r,active,167,ARG,N,163,MET,O,2.955,bb-bb
8f7r,active,166,ASP,N,164,SER,O,3.464,bb-bb
8f7r,active,167,ARG,N,164,SER,O,3.375,bb-bb
8f7r,active,168,TYR,N,164,SER,O,2.945,bb-bb
8f7r,active,168,TYR,N,165,VAL,O,3.318,bb-bb
8f7r,active,169,ILE,N,165,VAL,O,2.91,bb-bb
8f7r,active,168,TYR,N,166,ASP,O,3.486,bb-bb
8f7r,active,169,ILE,N,166,ASP,O,3.437,bb-bb
8f7r,active,170,ALA,N,166,ASP,O,2.878,bb-bb
8f7r,active,181,ARG,NH2,166,ASP,OD1,2.885,sc-sc
8f7r,active,181,ARG,NH2,166,ASP,OD2,3.335,sc-sc
8f7r,active,170,ALA,N,167,ARG,O,3.348,bb-bb
8f7r,active,171,VAL,N,167,ARG,O,2.984,bb-bb
8f7r,active,167,ARG,NH1,254,TYR,OH,3.302,sc-sc
8f7r,active,171,VAL,N,168,TYR,O,3.488,bb-bb
8f7r,active,172,CYS,N,168,TYR,O,2.894,bb-bb
8f7r,active,171,VAL,N,169,ILE,O,3.393,bb-bb
8f7r,active,173,HIS,N,169,ILE,O,3.203,bb-bb
8f7r,active,176,LYS,N,173,HIS,O,3.453,bb-bb
8f7r,active,177,ALA,N,173,HIS,O,2.716,bb-bb
8f7r,active,176,LYS,N,174,PRO,O,3.461,bb-bb
8f7r,active,177,ALA,N,174,PRO,O,3.023,bb-bb
8f7r,active,178,LEU,N,174,PRO,O,2.964,bb-bb
8f7r,active,178,LEU,N,175,VAL,O,3.396,bb-bb
8f7r,active,178,LEU,N,176,LYS,O,3.395,bb-bb
8f7r,active,179,ASP,N,176,LYS,O,3.052,bb-bb
8f7r,active,180,PHE,N,176,LYS,O,2.892,bb-bb
8f7r,active,179,ASP,N,177,ALA,O,3.47,bb-bb
8f7r,active,180,PHE,N,177,ALA,O,3.298,bb-bb
8f7r,active,181,ARG,N,177,ALA,O,2.783,bb-bb
8f7r,active,182,THR,N,180,PHE,O,2.731,bb-bb
8f7r,active,185,ASN,ND2,180,PHE,O,3.124,bb-sc
8f7r,active,184,ARG,N,182,THR,O,3.399,bb-bb
8f7r,active,185,ASN,N,182,THR,O,3.346,bb-bb
8f7r,active,185,ASN,N,182,THR,OG1,3.401,bb-sc
8f7r,active,186,ALA,N,182,THR,O,3.07,bb-bb
8f7r,active,186,ALA,N,183,PRO,O,3.351,bb-bb
8f7r,active,187,LYS,N,183,PRO,O,2.936,bb-bb
8f7r,active,186,ALA,N,184,ARG,O,3.461,bb-bb
8f7r,active,187,LYS,N,184,ARG,O,3.282,bb-bb
8f7r,active,188,ILE,N,184,ARG,O,2.953,bb-bb
8f7r,active,188,ILE,N,185,ASN,O,3.318,bb-bb
8f7r,active,189,ILE,N,185,ASN,O,2.913,bb-bb
8f7r,active,190,ASN,N,186,ALA,O,2.915,bb-bb
8f7r,active,190,ASN,ND2,186,ALA,O,2.776,bb-sc
8f7r,active,190,ASN,N,187,LYS,O,3.464,bb-bb
8f7r,active,191,VAL,N,187,LYS,O,2.936,bb-bb
8f7r,active,190,ASN,N,188,ILE,O,3.472,bb-bb
8f7r,active,191,VAL,N,188,ILE,O,3.408,bb-bb
8f7r,active,192,CYS,N,188,ILE,O,2.921,bb-bb
8f7r,active,192,CYS,N,189,ILE,O,3.324,bb-bb
8f7r,active,193,ASN,N,189,ILE,O,2.851,bb-bb
8f7r,active,193,ASN,ND2,189,ILE,O,2.922,bb-sc
8f7r,active,192,CYS,N,190,ASN,O,3.42,bb-bb
8f7r,active,193,ASN,N,190,ASN,O,3.074,bb-bb
8f7r,active,194,TRP,N,190,ASN,O,2.957,bb-bb
8f7r,active,193,ASN,N,191,VAL,O,3.43,bb-bb
8f7r,active,194,TRP,N,191,VAL,O,3.368,bb-bb
8f7r,active,195,ILE,N,191,VAL,O,2.906,bb-bb
8f7r,active,195,ILE,N,192,CYS,O,3.412,bb-bb
8f7r,active,196,LEU,N,192,CYS,O,2.865,bb-bb
8f7r,active,195,ILE,N,193,ASN,O,3.48,bb-bb
8f7r,active,196,LEU,N,193,ASN,O,3.376,bb-bb
8f7r,active,197,SER,N,193,ASN,O,2.923,bb-bb
8f7r,active,197,SER,OG,193,ASN,O,3.063,bb-sc
8f7r,active,197,SER,N,194,TRP,O,3.331,bb-bb
8f7r,active,198,SER,N,194,TRP,O,2.941,bb-bb
8f7r,active,197,SER,N,195,ILE,O,3.426,bb-bb
8f7r,active,198,SER,N,195,ILE,O,3.037,bb-bb
8f7r,active,199,ALA,N,196,LEU,O,3.406,bb-bb
8f7r,active,199,ALA,N,197,SER,O,3.302,bb-bb
8f7r,active,200,ILE,N,197,SER,O,3.226,bb-bb
8f7r,active,201,GLY,N,197,SER,O,2.922,bb-bb
8f7r,active,200,ILE,N,198,SER,O,3.418,bb-bb
8f7r,active,201,GLY,N,198,SER,O,3.129,bb-bb
8f7r,active,202,LEU,N,198,SER,O,2.921,bb-bb
8f7r,active,205,MET,N,201,GLY,O,3.187,bb-bb
8f7r,active,204,VAL,N,202,LEU,O,3.362,bb-bb
8f7r,active,205,MET,N,202,LEU,O,3.007,bb-bb
8f7r,active,206,PHE,N,202,LEU,O,2.959,bb-bb
8f7r,active,205,MET,N,203,PRO,O,3.484,bb-bb
8f7r,active,206,PHE,N,203,PRO,O,3.18,bb-bb
8f7r,active,207,MET,N,203,PRO,O,2.908,bb-bb
8f7r,active,208,ALA,N,204,VAL,O,3.297,bb-bb
8f7r,active,208,ALA,N,206,PHE,O,3.494,bb-bb
8f7r,active,209,THR,N,207,MET,O,3.318,bb-bb
8f7r,active,222,THR,N,207,MET,O,3.235,bb-bb
8f7r,active,222,THR,OG1,207,MET,O,2.838,bb-sc
8f7r,active,209,THR,N,220,THR,O,3.312,bb-bb
8f7r,active,220,THR,N,209,THR,O,3.438,bb-bb
8f7r,active,209,THR,OG1,222,THR,OG1,3.319,sc-sc
8f7r,active,222,THR,OG1,209,THR,OG1,3.319,sc-sc
8f7r,active,213,ARG,N,211,LYS,O,3.367,bb-bb
8f7r,active,211,LYS,N,218,ASP,O,3.167,bb-bb
8f7r,active,218,ASP,N,211,LYS,O,2.93,bb-bb
8f7r,active,215,GLY,N,213,ARG,O,3.36,bb-bb
8f7r,active,213,ARG,N,216,SER,O,2.772,bb-bb
8f7r,active,216,SER,N,213,ARG,O,2.991,bb-bb
8f7r,active,216,SER,OG,213,ARG,O,2.595,bb-sc
8f7r,active,213,ARG,NH2,218,ASP,OD2,2.786,sc-sc
8f7r,active,216,SER,N,214,GLN,O,3.382,bb-bb
8f7r,active,226,PRO,N,224,SER,O,3.492,bb-bb
8f7r,active,229,TYR,N,227,THR,O,3.392,bb-bb
8f7r,active,231,GLU,N,227,THR,O,2.933,bb-bb
8f7r,active,231,GLU,N,228,TRP,O,3.489,bb-bb
8f7r,active,232,ASN,N,228,TRP,O,2.936,bb-bb
8f7r,active,231,GLU,N,229,TYR,O,3.467,bb-bb
8f7r,active,233,LEU,N,229,TYR,O,2.867,bb-bb
8f7r,active,233,LEU,N,230,TRP,O,3.429,bb-bb
8f7r,active,234,LEU,N,230,TRP,O,2.893,bb-bb
8f7r,active,233,LEU,N,231,GLU,O,3.442,bb-bb
8f7r,active,234,LEU,N,231,GLU,O,3.282,bb-bb
8f7r,active,235,LYS,N,231,GLU,O,2.968,bb-bb
8f7r,active,235,LYS,N,232,ASN,O,3.413,bb-bb
8f7r,active,236,ILE,N,232,ASN,O,2.891,bb-bb
8f7r,active,237,CYS,N,233,LEU,O,2.888,bb-bb
8f7r,active,236,ILE,N,234,LEU,O,3.48,bb-bb
8f7r,active,237,CYS,N,234,LEU,O,3.453,bb-bb
8f7r,active,238,VAL,N,234,LEU,O,2.928,bb-bb
8f7r,active,238,VAL,N,235,LYS,O,3.49,bb-bb
8f7r,active,239,PHE,N,235,LYS,O,2.892,bb-bb
8f7r,active,239,PHE,N,236,ILE,O,3.304,bb-bb
8f7r,active,240,ILE,N,236,ILE,O,2.856,bb-bb
8f7r,active,241,PHE,N,237,CYS,O,2.925,bb-bb
8f7r,active,242,ALA,N,238,VAL,O,2.904,bb-bb
8f7r,active,243,PHE,N,239,PHE,O,2.891,bb-bb
8f7r,active,242,ALA,N,240,ILE,O,3.213,bb-bb
8f7r,active,243,PHE,N,240,ILE,O,3.314,bb-bb
8f7r,active,244,ILE,N,240,ILE,O,2.892,bb-bb
8f7r,active,245,MET,N,240,ILE,O,3.305,bb-bb
8f7r,active,247,VAL,N,243,PHE,O,2.986,bb-bb
8f7r,active,248,LEU,N,244,ILE,O,3.335,bb-bb
8f7r,active,248,LEU,N,245,MET,O,3.474,bb-bb
8f7r,active,249,ILE,N,245,MET,O,2.938,bb-bb
8f7r,active,248,LEU,N,246,PRO,O,3.491,bb-bb
8f7r,active,249,ILE,N,246,PRO,O,3.431,bb-bb
8f7r,active,250,ILE,N,246,PRO,O,2.92,bb-bb
8f7r,active,251,THR,N,247,VAL,O,2.867,bb-bb
8f7r,active,251,THR,OG1,247,VAL,O,2.587,bb-sc
8f7r,active,252,VAL,N,248,LEU,O,2.934,bb-bb
8f7r,active,253,CYS,N,249,ILE,O,2.946,bb-bb
8f7r,active,254,TYR,N,250,ILE,O,2.935,bb-bb
8f7r,active,255,GLY,N,251,THR,O,2.885,bb-bb
8f7r,active,255,GLY,N,252,VAL,O,3.359,bb-bb
8f7r,active,256,LEU,N,252,VAL,O,2.955,bb-bb
8f7r,active,257,MET,N,253,CYS,O,2.895,bb-bb
8f7r,active,257,MET,N,254,TYR,O,3.326,bb-bb
8f7r,active,258,ILE,N,254,TYR,O,2.873,bb-bb
8f7r,active,257,MET,N,255,GLY,O,3.412,bb-bb
8f7r,active,258,ILE,N,255,GLY,O,3.221,bb-bb
8f7r,active,259,LEU,N,255,GLY,O,2.963,bb-bb
8f7r,active,259,LEU,N,256,LEU,O,3.411,bb-bb
8f7r,active,260,ARG,N,256,LEU,O,2.915,bb-bb
8f7r,active,259,LEU,N,257,MET,O,3.495,bb-bb
8f7r,active,260,ARG,N,257,MET,O,3.295,bb-bb
8f7r,active,261,LEU,N,257,MET,O,2.875,bb-bb
8f7r,active,260,ARG,N,258,ILE,O,3.48,bb-bb
8f7r,active,261,LEU,N,258,ILE,O,3.281,bb-bb
8f7r,active,262,LYS,N,258,ILE,O,2.907,bb-bb
8f7r,active,263,SER,N,259,LEU,O,2.965,bb-bb
8f7r,active,263,SER,OG,259,LEU,O,2.691,bb-sc
8f7r,active,263,SER,N,260,ARG,O,3.105,bb-bb
8f7r,active,264,VAL,N,260,ARG,O,2.968,bb-bb
8f7r,active,263,SER,N,261,LEU,O,3.484,bb-bb
8f7r,active,264,VAL,N,261,LEU,O,3.203,bb-bb
8f7r,active,264,VAL,N,262,LYS,O,3.445,bb-bb
8f7r,active,265,ARG,N,263,SER,O,3.386,bb-bb
8f7r,active,267,LEU,N,265,ARG,O,3.493,bb-bb
8f7r,active,268,SER,N,265,ARG,O,3.371,bb-bb
8f7r,active,268,SER,OG,265,ARG,O,3.183,bb-sc
8f7r,active,268,SER,N,266,MET,O,3.441,bb-bb
8f7r,active,273,LYS,N,270,SER,O,3.431,bb-bb
8f7r,active,274,ASP,N,270,SER,O,2.816,bb-bb
8f7r,active,275,ARG,N,271,LYS,O,2.89,bb-bb
8f7r,active,275,ARG,N,272,GLU,O,3.247,bb-bb
8f7r,active,275,ARG,NH1,272,GLU,OE2,2.431,sc-sc
8f7r,active,276,ASN,N,272,GLU,O,2.949,bb-bb
8f7r,active,276,ASN,N,273,LYS,O,3.349,bb-bb
8f7r,active,277,LEU,N,273,LYS,O,2.904,bb-bb
8f7r,active,277,LEU,N,274,ASP,O,3.39,bb-bb
8f7r,active,278,ARG,N,274,ASP,O,2.898,bb-bb
8f7r,active,278,ARG,N,275,ARG,O,3.317,bb-bb
8f7r,active,279,ARG,N,275,ARG,O,2.91,bb-bb
8f7r,active,279,ARG,N,276,ASN,O,3.24,bb-bb
8f7r,active,279,ARG,NE,276,ASN,OD1,3.442,sc-sc
8f7r,active,279,ARG,NH2,276,ASN,OD1,2.756,sc-sc
8f7r,active,280,ILE,N,276,ASN,O,2.92,bb-bb
8f7r,active,279,ARG,N,277,LEU,O,3.452,bb-bb
8f7r,active,280,ILE,N,277,LEU,O,3.348,bb-bb
8f7r,active,281,THR,N,277,LEU,O,2.939,bb-bb
8f7r,active,281,THR,OG1,277,LEU,O,2.902,bb-sc
8f7r,active,282,ARG,N,278,ARG,O,2.853,bb-bb
8f7r,active,282,ARG,N,279,ARG,O,3.42,bb-bb
8f7r,active,283,MET,N,279,ARG,O,2.901,bb-bb
8f7r,active,282,ARG,N,280,ILE,O,3.457,bb-bb
8f7r,active,283,MET,N,280,ILE,O,3.263,bb-bb
8f7r,active,284,VAL,N,280,ILE,O,2.96,bb-bb
8f7r,active,284,VAL,N,281,THR,O,3.399,bb-bb
8f7r,active,285,LEU,N,281,THR,O,2.925,bb-bb
8f7r,active,285,LEU,N,282,ARG,O,3.397,bb-bb
8f7r,active,286,VAL,N,282,ARG,O,2.869,bb-bb
8f7r,active,286,VAL,N,283,MET,O,3.338,bb-bb
8f7r,active,287,VAL,N,283,MET,O,2.968,bb-bb
8f7r,active,286,VAL,N,284,VAL,O,3.443,bb-bb
8f7r,active,287,VAL,N,284,VAL,O,3.196,bb-bb
8f7r,active,288,VAL,N,284,VAL,O,2.985,bb-bb
8f7r,active,289,ALA,N,285,LEU,O,2.862,bb-bb
8f7r,active,289,ALA,N,286,VAL,O,3.439,bb-bb
8f7r,active,290,VAL,N,286,VAL,O,2.871,bb-bb
8f7r,active,289,ALA,N,287,VAL,O,3.457,bb-bb
8f7r,active,290,VAL,N,287,VAL,O,3.4,bb-bb
8f7r,active,291,PHE,N,287,VAL,O,3.037,bb-bb
8f7r,active,291,PHE,N,288,VAL,O,3.379,bb-bb
8f7r,active,292,ILE,N,288,VAL,O,2.969,bb-bb
8f7r,active,292,ILE,N,289,ALA,O,3.47,bb-bb
8f7r,active,293,VAL,N,289,ALA,O,2.872,bb-bb
8f7r,active,294,CYS,N,290,VAL,O,2.932,bb-bb
8f7r,active,295,TRP,N,291,PHE,O,3.018,bb-bb
8f7r,active,294,CYS,N,292,ILE,O,3.31,bb-bb
8f7r,active,295,TRP,N,292,ILE,O,3.475,bb-bb
8f7r,active,296,THR,N,292,ILE,O,2.894,bb-bb
8f7r,active,296,THR,OG1,292,ILE,O,2.384,bb-sc
8f7r,active,299,HIS,ND1,295,TRP,O,2.545,bb-sc
8f7r,active,298,ILE,N,296,THR,O,3.447,bb-bb
8f7r,active,299,HIS,N,296,THR,O,3.411,bb-bb
8f7r,active,300,ILE,N,296,THR,O,3.031,bb-bb
8f7r,active,299,HIS,N,297,PRO,O,3.493,bb-bb
8f7r,active,301,TYR,N,297,PRO,O,2.839,bb-bb
8f7r,active,301,TYR,N,298,ILE,O,3.434,bb-bb
8f7r,active,302,VAL,N,298,ILE,O,2.902,bb-bb
8f7r,active,301,TYR,N,299,HIS,O,3.401,bb-bb
8f7r,active,302,VAL,N,299,HIS,O,3.376,bb-bb
8f7r,active,303,ILE,N,299,HIS,O,2.993,bb-bb
8f7r,active,303,ILE,N,300,ILE,O,3.316,bb-bb
8f7r,active,304,ILE,N,300,ILE,O,2.889,bb-bb
8f7r,active,304,ILE,N,301,TYR,O,3.433,bb-bb
8f7r,active,305,LYS,N,301,TYR,O,2.886,bb-bb
8f7r,active,301,TYR,OH,316,GLN,O,3.34,bb-sc
8f7r,active,301,TYR,OH,316,GLN,NE2,3.145,sc-sc
8f7r,active,316,GLN,NE2,301,TYR,OH,3.145,sc-sc
8f7r,active,305,LYS,N,302,VAL,O,3.39,bb-bb
8f7r,active,306,ALA,N,302,VAL,O,2.89,bb-bb
8f7r,active,306,ALA,N,303,ILE,O,3.333,bb-bb
8f7r,active,307,LEU,N,303,ILE,O,2.913,bb-bb
8f7r,active,306,ALA,N,304,ILE,O,3.493,bb-bb
8f7r,active,307,LEU,N,304,ILE,O,3.467,bb-bb
8f7r,active,308,VAL,N,304,ILE,O,2.919,bb-bb
8f7r,active,310,ILE,N,308,VAL,O,3.421,bb-bb
8f7r,active,313,THR,N,311,PRO,O,3.316,bb-bb
8f7r,active,313,THR,OG1,311,PRO,O,3.122,bb-sc
8f7r,active,316,GLN,N,313,THR,O,3.316,bb-bb
8f7r,active,317,THR,N,313,THR,O,2.999,bb-bb
8f7r,active,317,THR,OG1,313,THR,O,2.936,bb-sc
8f7r,active,316,GLN,N,314,THR,O,3.425,bb-bb
8f7r,active,317,THR,N,314,THR,O,3.205,bb-bb
8f7r,active,318,VAL,N,314,THR,O,2.918,bb-bb
8f7r,active,318,VAL,N,315,PHE,O,3.369,bb-bb
8f7r,active,319,SER,N,315,PHE,O,2.899,bb-bb
8f7r,active,319,SER,N,316,GLN,O,3.432,bb-bb
8f7r,active,320,TRP,N,316,GLN,O,2.949,bb-bb
8f7r,active,320,TRP,N,317,THR,O,3.283,bb-bb
8f7r,active,321,HIS,N,317,THR,O,2.947,bb-bb
8f7r,active,320,TRP,N,318,VAL,O,3.493,bb-bb
8f7r,active,321,HIS,N,318,VAL,O,3.467,bb-bb
8f7r,active,322,PHE,N,318,VAL,O,2.878,bb-bb
8f7r,active,322,PHE,N,319,SER,O,3.401,bb-bb
8f7r,active,323,CYS,N,319,SER,O,2.949,bb-bb
8f7r,active,322,PHE,N,320,TRP,O,3.469,bb-bb
8f7r,active,323,CYS,N,320,TRP,O,3.337,bb-bb
8f7r,active,324,ILE,N,320,TRP,O,3.022,bb-bb
8f7r,active,325,ALA,N,321,HIS,O,2.855,bb-bb
8f7r,active,325,ALA,N,322,PHE,O,3.294,bb-bb
8f7r,active,326,LEU,N,322,PHE,O,2.899,bb-bb
8f7r,active,325,ALA,N,323,CYS,O,3.472,bb-bb
8f7r,active,326,LEU,N,323,CYS,O,3.356,bb-bb
8f7r,active,327,GLY,N,323,CYS,O,2.981,bb-bb
8f7r,active,326,LEU,N,324,ILE,O,3.485,bb-bb
8f7r,active,327,GLY,N,324,ILE,O,3.216,bb-bb
8f7r,active,328,TYR,N,324,ILE,O,2.98,bb-bb
8f7r,active,329,THR,N,325,ALA,O,2.801,bb-bb
8f7r,active,329,THR,OG1,325,ALA,O,2.26,bb-sc
8f7r,active,328,TYR,N,326,LEU,O,3.44,bb-bb
8f7r,active,329,THR,N,326,LEU,O,3.101,bb-bb
8f7r,active,330,ASN,N,326,LEU,O,3.034,bb-bb
8f7r,active,330,ASN,N,328,TYR,O,3.368,bb-bb
8f7r,active,331,SER,N,328,TYR,O,3.151,bb-bb
8f7r,active,332,CYS,N,328,TYR,O,2.945,bb-bb
8f7r,active,332,CYS,N,329,THR,O,3.187,bb-bb
8f7r,active,333,LEU,N,329,THR,O,2.862,bb-bb
8f7r,active,332,CYS,N,330,ASN,O,3.39,bb-bb
8f7r,active,333,LEU,N,330,ASN,O,3.287,bb-bb
8f7r,active,334,ASN,N,330,ASN,O,2.909,bb-bb
8f7r,active,334,ASN,ND2,330,ASN,O,2.93,bb-sc
8f7r,active,335,PRO,N,333,LEU,O,3.496,bb-bb
8f7r,active,336,VAL,N,333,LEU,O,3.139,bb-bb
8f7r,active,337,LEU,N,333,LEU,O,2.973,bb-bb
8f7r,active,338,TYR,N,334,ASN,O,2.925,bb-bb
8f7r,active,337,LEU,N,335,PRO,O,3.461,bb-bb
8f7r,active,338,TYR,N,335,PRO,O,3.467,bb-bb
8f7r,active,339,ALA,N,335,PRO,O,2.869,bb-bb
8f7r,active,340,PHE,N,335,PRO,O,2.968,bb-bb
8f7r,active,341,LEU,N,336,VAL,O,3.479,bb-bb
8f7r,active,342,ASP,N,339,ALA,O,3.238,bb-bb
8f7r,active,343,GLU,N,341,LEU,O,3.486,bb-bb
8f7r,active,344,ASN,N,342,ASP,O,3.413,bb-bb
8f7r,active,345,PHE,N,342,ASP,O,3.273,bb-bb
8f7r,active,346,LYS,N,342,ASP,O,2.848,bb-bb
8f7r,active,346,LYS,N,343,GLU,O,3.228,bb-bb
8f7r,active,346,LYS,NZ,343,GLU,OE2,3.028,sc-sc
8f7r,active,347,ARG,N,343,GLU,O,2.901,bb-bb
8f7r,active,346,LYS,N,344,ASN,O,3.487,bb-bb
8f7r,active,347,ARG,N,344,ASN,O,3.268,bb-bb
8f7r,active,348,CYS,N,344,ASN,O,2.938,bb-bb
8f7r,active,347,ARG,N,345,PHE,O,3.499,bb-bb
8f7r,active,348,CYS,N,345,PHE,O,3.152,bb-bb
8f7r,active,349,PHE,N,345,PHE,O,2.864,bb-bb
8f7r,active,349,PHE,N,346,LYS,O,3.434,bb-bb
8f7r,active,350,ARG,N,346,LYS,O,2.896,bb-bb
8f7r,active,350,ARG,N,347,ARG,O,3.285,bb-bb
8f7r,active,351,GLU,N,347,ARG,O,2.914,bb-bb
8f7r,active,352,PHE,N,348,CYS,O,3.315,bb-bb
8f7r,active,352,PHE,N,349,PHE,O,3.44,bb-bb
8k9k,active,68,ILE,N,66,SER,O,3.077,bb-bb
8k9k,active,69,THR,N,66,SER,O,2.955,bb-bb
8k9k,active,69,THR,OG1,66,SER,O,2.508,bb-sc
8k9k,active,70,ALA,N,66,SER,O,3.015,bb-bb
8k9k,active,70,ALA,N,67,MET,O,3.454,bb-bb
8k9k,active,71,ILE,N,67,MET,O,2.881,bb-bb
8k9k,active,70,ALA,N,68,ILE,O,3.431,bb-bb
8k9k,active,71,ILE,N,68,ILE,O,3.289,bb-bb
8k9k,active,72,THR,N,68,ILE,O,2.928,bb-bb
8k9k,active,72,THR,N,69,THR,O,3.446,bb-bb
8k9k,active,73,ILE,N,69,THR,O,3.014,bb-bb
8k9k,active,72,THR,N,70,ALA,O,3.402,bb-bb
8k9k,active,73,ILE,N,70,ALA,O,3.233,bb-bb
8k9k,active,74,MET,N,70,ALA,O,2.927,bb-bb
8k9k,active,73,ILE,N,71,ILE,O,3.366,bb-bb
8k9k,active,74,MET,N,71,ILE,O,3.347,bb-bb
8k9k,active,75,ALA,N,71,ILE,O,2.893,bb-bb
8k9k,active,74,MET,N,72,THR,O,3.496,bb-bb
8k9k,active,75,ALA,N,72,THR,O,3.178,bb-bb
8k9k,active,76,LEU,N,72,THR,O,2.924,bb-bb
8k9k,active,75,ALA,N,73,ILE,O,3.373,bb-bb
8k9k,active,76,LEU,N,73,ILE,O,3.242,bb-bb
8k9k,active,77,TYR,N,73,ILE,O,2.99,bb-bb
8k9k,active,76,LEU,N,74,MET,O,3.461,bb-bb
8k9k,active,77,TYR,N,74,MET,O,3.274,bb-bb
8k9k,active,78,SER,N,74,MET,O,2.858,bb-bb
8k9k,active,78,SER,OG,74,MET,O,2.824,bb-sc
8k9k,active,77,TYR,N,75,ALA,O,3.44,bb-bb
8k9k,active,78,SER,N,75,ALA,O,3.328,bb-bb
8k9k,active,79,ILE,N,75,ALA,O,2.88,bb-bb
8k9k,active,78,SER,N,76,LEU,O,3.394,bb-bb
8k9k,active,79,ILE,N,76,LEU,O,3.222,bb-bb
8k9k,active,80,VAL,N,76,LEU,O,2.981,bb-bb
8k9k,active,79,ILE,N,77,TYR,O,3.392,bb-bb
8k9k,active,80,VAL,N,77,TYR,O,3.327,bb-bb
8k9k,active,81,CYS,N,77,TYR,O,2.899,bb-bb
8k9k,active,77,TYR,OH,321,HIS,ND1,3.135,sc-sc
8k9k,active,321,HIS,ND1,77,TYR,OH,3.135,sc-sc
8k9k,active,81,CYS,N,78,SER,O,3.326,bb-bb
8k9k,active,82,VAL,N,78,SER,O,2.888,bb-bb
8k9k,active,81,CYS,N,79,ILE,O,3.117,bb-bb
8k9k,active,83,VAL,N,79,ILE,O,2.968,bb-bb
8k9k,active,83,VAL,N,81,CYS,O,3.381,bb-bb
8k9k,active,84,GLY,N,81,CYS,O,3.224,bb-bb
8k9k,active,85,LEU,N,81,CYS,O,2.923,bb-bb
8k9k,active,84,GLY,N,82,VAL,O,3.417,bb-bb
8k9k,active,85,LEU,N,82,VAL,O,3.484,bb-bb
8k9k,active,86,PHE,N,82,VAL,O,2.912,bb-bb
8k9k,active,86,PHE,N,83,VAL,O,3.499,bb-bb
8k9k,active,87,GLY,N,83,VAL,O,2.917,bb-bb
8k9k,active,87,GLY,N,84,GLY,O,3.484,bb-bb
8k9k,active,88,ASN,N,84,GLY,O,2.956,bb-bb
8k9k,active,88,ASN,ND2,84,GLY,O,2.834,bb-sc
8k9k,active,87,GLY,N,85,LEU,O,3.385,bb-bb
8k9k,active,88,ASN,N,85,LEU,O,3.336,bb-bb
8k9k,active,89,PHE,N,85,LEU,O,2.854,bb-bb
8k9k,active,88,ASN,N,86,PHE,O,3.447,bb-bb
8k9k,active,90,LEU,N,86,PHE,O,2.925,bb-bb
8k9k,active,90,LEU,N,87,GLY,O,3.309,bb-bb
8k9k,active,91,VAL,N,87,GLY,O,2.95,bb-bb
8k9k,active,90,LEU,N,88,ASN,O,3.491,bb-bb
8k9k,active,91,VAL,N,88,ASN,O,3.246,bb-bb
8k9k,active,92,MET,N,88,ASN,O,2.868,bb-bb
8k9k,active,88,ASN,ND2,331,SER,O,3.416,bb-sc
8k9k,active,91,VAL,N,89,PHE,O,3.445,bb-bb
8k9k,active,92,MET,N,89,PHE,O,3.222,bb-bb
8k9k,active,93,TYR,N,89,PHE,O,2.904,bb-bb
8k9k,active,92,MET,N,90,LEU,O,3.462,bb-bb
8k9k,active,93,TYR,N,90,LEU,O,3.307,bb-bb
8k9k,active,94,VAL,N,90,LEU,O,2.914,bb-bb
8k9k,active,93,TYR,N,91,VAL,O,3.403,bb-bb
8k9k,active,94,VAL,N,91,VAL,O,3.277,bb-bb
8k9k,active,95,ILE,N,91,VAL,O,2.904,bb-bb
8k9k,active,94,VAL,N,92,MET,O,3.5,bb-bb
8k9k,active,95,ILE,N,92,MET,O,3.316,bb-bb
8k9k,active,96,VAL,N,92,MET,O,2.93,bb-bb
8k9k,active,95,ILE,N,93,TYR,O,3.369,bb-bb
8k9k,active,96,VAL,N,93,TYR,O,3.292,bb-bb
8k9k,active,97,ARG,N,93,TYR,O,2.923,bb-bb
8k9k,active,97,ARG,NH1,93,TYR,OH,3.436,sc-sc
8k9k,active,96,VAL,N,94,VAL,O,3.496,bb-bb
8k9k,active,97,ARG,N,94,VAL,O,3.466,bb-bb
8k9k,active,98,TYR,N,94,VAL,O,2.898,bb-bb
8k9k,active,97,ARG,N,95,ILE,O,3.434,bb-bb
8k9k,active,99,THR,OG1,95,ILE,O,2.949,bb-sc
8k9k,active,100,LYS,N,95,ILE,O,3.337,bb-bb
8k9k,active,100,LYS,NZ,96,VAL,O,2.449,bb-sc
8k9k,active,100,LYS,N,98,TYR,O,3.308,bb-bb
8k9k,active,102,LYS,N,100,LYS,O,2.931,bb-bb
8k9k,active,105,THR,N,103,THR,O,3.424,bb-bb
8k9k,active,103,THR,OG1,106,ASN,OD1,2.728,sc-sc
8k9k,active,106,ASN,N,103,THR,O,3.348,bb-bb
8k9k,active,106,ASN,N,103,THR,OG1,3.408,bb-sc
8k9k,active,106,ASN,N,104,ALA,O,3.307,bb-bb
8k9k,active,107,ILE,N,104,ALA,O,3.149,bb-bb
8k9k,active,108,TYR,N,104,ALA,O,3.243,bb-bb
8k9k,active,107,ILE,N,105,THR,O,3.302,bb-bb
8k9k,active,108,TYR,N,105,THR,O,3.139,bb-bb
8k9k,active,109,ILE,N,105,THR,O,2.858,bb-bb
8k9k,active,109,ILE,N,106,ASN,O,3.493,bb-bb
8k9k,active,110,PHE,N,106,ASN,O,2.895,bb-bb
8k9k,active,110,PHE,N,107,ILE,O,3.375,bb-bb
8k9k,active,111,ASN,N,107,ILE,O,2.94,bb-bb
8k9k,active,110,PHE,N,108,TYR,O,3.415,bb-bb
8k9k,active,111,ASN,N,108,TYR,O,3.398,bb-bb
8k9k,active,112,LEU,N,108,TYR,O,2.864,bb-bb
8k9k,active,112,LEU,N,109,ILE,O,3.403,bb-bb
8k9k,active,113,ALA,N,109,ILE,O,2.872,bb-bb
8k9k,active,112,LEU,N,110,PHE,O,3.397,bb-bb
8k9k,active,113,ALA,N,110,PHE,O,3.271,bb-bb
8k9k,active,114,LEU,N,110,PHE,O,2.902,bb-bb
8k9k,active,113,ALA,N,111,ASN,O,3.484,bb-bb
8k9k,active,114,LEU,N,111,ASN,O,3.271,bb-bb
8k9k,active,115,ALA,N,111,ASN,O,2.918,bb-bb
8k9k,active,114,LEU,N,112,LEU,O,3.434,bb-bb
8k9k,active,115,ALA,N,112,LEU,O,3.418,bb-bb
8k9k,active,116,ASP,N,112,LEU,O,2.878,bb-bb
8k9k,active,116,ASP,N,113,ALA,O,3.383,bb-bb
8k9k,active,117,ALA,N,113,ALA,O,2.89,bb-bb
8k9k,active,116,ASP,N,114,LEU,O,3.36,bb-bb
8k9k,active,117,ALA,N,114,LEU,O,3.339,bb-bb
8k9k,active,118,LEU,N,114,LEU,O,2.975,bb-bb
8k9k,active,117,ALA,N,115,ALA,O,3.492,bb-bb
8k9k,active,118,LEU,N,115,ALA,O,3.222,bb-bb
8k9k,active,119,ALA,N,115,ALA,O,2.902,bb-bb
8k9k,active,119,ALA,N,116,ASP,O,3.305,bb-bb
8k9k,active,120,THR,N,116,ASP,O,2.94,bb-bb
8k9k,active,120,THR,OG1,116,ASP,O,2.893,bb-sc
8k9k,active,331,SER,OG,116,ASP,OD1,3.135,sc-sc
8k9k,active,119,ALA,N,117,ALA,O,3.426,bb-bb
8k9k,active,120,THR,N,117,ALA,O,3.279,bb-bb
8k9k,active,121,SER,N,117,ALA,O,2.942,bb-bb
8k9k,active,120,THR,N,118,LEU,O,3.453,bb-bb
8k9k,active,121,SER,N,118,LEU,O,3.152,bb-bb
8k9k,active,121,SER,OG,118,LEU,O,2.396,bb-sc
8k9k,active,121,SER,N,119,ALA,O,3.266,bb-bb
8k9k,active,122,THR,N,119,ALA,O,3.168,bb-bb
8k9k,active,122,THR,OG1,119,ALA,O,3.133,bb-sc
8k9k,active,119,ALA,N,152,ASN,OD1,2.962,bb-sc
8k9k,active,122,THR,N,120,THR,O,3.217,bb-bb
8k9k,active,123,LEU,N,120,THR,O,3.26,bb-bb
8k9k,active,120,THR,OG1,331,SER,OG,2.528,sc-sc
8k9k,active,331,SER,OG,120,THR,OG1,2.528,sc-sc
8k9k,active,124,PRO,N,122,THR,O,3.408,bb-bb
8k9k,active,125,PHE,N,122,THR,O,3.171,bb-bb
8k9k,active,122,THR,OG1,126,GLN,OE1,2.805,sc-sc
8k9k,active,126,GLN,N,122,THR,O,3.305,bb-bb
8k9k,active,122,THR,OG1,328,TYR,OH,3.255,sc-sc
8k9k,active,328,TYR,OH,122,THR,OG1,3.255,sc-sc
8k9k,active,125,PHE,N,123,LEU,O,3.307,bb-bb
8k9k,active,126,GLN,N,123,LEU,O,3.219,bb-bb
8k9k,active,127,SER,N,123,LEU,O,2.944,bb-bb
8k9k,active,127,SER,OG,123,LEU,O,3.197,bb-sc
8k9k,active,126,GLN,N,124,PRO,O,3.493,bb-bb
8k9k,active,127,SER,N,124,PRO,O,3.254,bb-bb
8k9k,active,127,SER,OG,124,PRO,O,2.462,bb-sc
8k9k,active,128,VAL,N,124,PRO,O,2.9,bb-bb
8k9k,active,127,SER,N,125,PHE,O,3.488,bb-bb
8k9k,active,128,VAL,N,125,PHE,O,3.373,bb-bb
8k9k,active,129,ASN,N,125,PHE,O,2.895,bb-bb
8k9k,active,128,VAL,N,126,GLN,O,3.47,bb-bb
8k9k,active,129,ASN,N,126,GLN,O,3.331,bb-bb
8k9k,active,130,TYR,N,126,GLN,O,2.912,bb-bb
8k9k,active,126,GLN,NE2,328,TYR,OH,3.481,sc-sc
8k9k,active,328,TYR,OH,126,GLN,NE2,3.481,sc-sc
8k9k,active,130,TYR,N,127,SER,O,3.266,bb-bb
8k9k,active,131,LEU,N,127,SER,O,2.868,bb-bb
8k9k,active,130,TYR,N,128,VAL,O,3.359,bb-bb
8k9k,active,131,LEU,N,128,VAL,O,3.099,bb-bb
8k9k,active,132,MET,N,128,VAL,O,3.0,bb-bb
8k9k,active,133,GLY,N,129,ASN,O,2.819,bb-bb
8k9k,active,134,THR,N,129,ASN,O,3.443,bb-bb
8k9k,active,133,GLY,N,130,TYR,O,3.342,bb-bb
8k9k,active,134,THR,N,132,MET,O,3.304,bb-bb
8k9k,active,135,TRP,NE1,138,GLY,O,2.988,bb-sc
8k9k,active,138,GLY,N,136,PRO,O,3.388,bb-bb
8k9k,active,140,ILE,N,138,GLY,O,3.328,bb-bb
8k9k,active,141,LEU,N,138,GLY,O,3.457,bb-bb
8k9k,active,142,CYS,N,138,GLY,O,2.93,bb-bb
8k9k,active,142,CYS,N,139,THR,O,3.277,bb-bb
8k9k,active,143,LYS,N,139,THR,O,2.888,bb-bb
8k9k,active,139,THR,OG1,210,THR,OG1,3.376,sc-sc
8k9k,active,210,THR,OG1,139,THR,OG1,3.376,sc-sc
8k9k,active,142,CYS,N,140,ILE,O,3.359,bb-bb
8k9k,active,143,LYS,N,140,ILE,O,3.3,bb-bb
8k9k,active,144,ILE,N,140,ILE,O,3.014,bb-bb
8k9k,active,143,LYS,N,141,LEU,O,3.4,bb-bb
8k9k,active,144,ILE,N,141,LEU,O,3.255,bb-bb
8k9k,active,145,VAL,N,141,LEU,O,2.775,bb-bb
8k9k,active,144,ILE,N,142,CYS,O,3.424,bb-bb
8k9k,active,145,VAL,N,142,CYS,O,3.474,bb-bb
8k9k,active,146,ILE,N,142,CYS,O,3.017,bb-bb
8k9k,active,145,VAL,N,143,LYS,O,3.425,bb-bb
8k9k,active,146,ILE,N,143,LYS,O,3.378,bb-bb
8k9k,active,147,SER,N,143,LYS,O,3.019,bb-bb
8k9k,active,143,LYS,NZ,205,MET,O,2.591,bb-sc
8k9k,active,143,LYS,NZ,208,ALA,O,2.35,bb-sc
8k9k,active,146,ILE,N,144,ILE,O,3.452,bb-bb
8k9k,active,147,SER,N,144,ILE,O,3.299,bb-bb
8k9k,active,148,ILE,N,144,ILE,O,2.846,bb-bb
8k9k,active,147,SER,N,145,VAL,O,3.401,bb-bb
8k9k,active,148,ILE,N,145,VAL,O,3.295,bb-bb
8k9k,active,149,ASP,N,145,VAL,O,2.878,bb-bb
8k9k,active,148,ILE,N,146,ILE,O,3.432,bb-bb
8k9k,active,149,ASP,N,146,ILE,O,3.218,bb-bb
8k9k,active,150,TYR,N,146,ILE,O,3.093,bb-bb
8k9k,active,149,ASP,N,147,SER,O,3.39,bb-bb
8k9k,active,150,TYR,N,147,SER,O,3.368,bb-bb
8k9k,active,151,TYR,N,147,SER,O,2.879,bb-bb
8k9k,active,147,SER,OG,201,GLY,O,2.873,bb-sc
8k9k,active,150,TYR,N,148,ILE,O,3.475,bb-bb
8k9k,active,151,TYR,N,148,ILE,O,3.384,bb-bb
8k9k,active,152,ASN,N,148,ILE,O,2.831,bb-bb
8k9k,active,152,ASN,N,149,ASP,O,3.469,bb-bb
8k9k,active,153,MET,N,149,ASP,O,2.994,bb-bb
8k9k,active,328,TYR,OH,149,ASP,OD1,2.908,sc-sc
8k9k,active,328,TYR,OH,149,ASP,OD2,3.457,sc-sc
8k9k,active,152,ASN,N,150,TYR,O,3.419,bb-bb
8k9k,active,153,MET,N,150,TYR,O,3.268,bb-bb
8k9k,active,154,PHE,N,150,TYR,O,3.067,bb-bb
8k9k,active,154,PHE,N,151,TYR,O,3.362,bb-bb
8k9k,active,155,THR,N,151,TYR,O,2.901,bb-bb
8k9k,active,155,THR,OG1,151,TYR,O,2.835,bb-sc
8k9k,active,151,TYR,OH,194,TRP,O,2.998,bb-sc
8k9k,active,151,TYR,OH,198,SER,OG,2.935,sc-sc
8k9k,active,198,SER,OG,151,TYR,OH,2.935,sc-sc
8k9k,active,154,PHE,N,152,ASN,O,3.238,bb-bb
8k9k,active,155,THR,N,152,ASN,O,3.233,bb-bb
8k9k,active,155,THR,OG1,152,ASN,O,2.943,bb-sc
8k9k,active,156,SER,N,152,ASN,O,2.896,bb-bb
8k9k,active,156,SER,OG,152,ASN,O,3.355,bb-sc
8k9k,active,156,SER,OG,153,MET,O,3.14,bb-sc
8k9k,active,157,ILE,N,153,MET,O,3.065,bb-bb
8k9k,active,156,SER,N,154,PHE,O,3.465,bb-bb
8k9k,active,157,ILE,N,154,PHE,O,3.408,bb-bb
8k9k,active,158,TRP,N,154,PHE,O,2.908,bb-bb
8k9k,active,159,THR,N,155,THR,O,2.853,bb-bb
8k9k,active,159,THR,OG1,155,THR,O,2.421,bb-sc
8k9k,active,193,ASN,ND2,155,THR,O,3.484,bb-sc
8k9k,active,158,TRP,N,156,SER,O,3.422,bb-bb
8k9k,active,159,THR,N,156,SER,O,3.257,bb-bb
8k9k,active,160,LEU,N,156,SER,O,3.035,bb-bb
8k9k,active,159,THR,N,157,ILE,O,3.408,bb-bb
8k9k,active,160,LEU,N,157,ILE,O,3.179,bb-bb
8k9k,active,161,CYS,N,157,ILE,O,3.01,bb-bb
8k9k,active,161,CYS,N,158,TRP,O,3.408,bb-bb
8k9k,active,162,THR,N,158,TRP,O,2.869,bb-bb
8k9k,active,162,THR,OG1,158,TRP,O,3.018,bb-sc
8k9k,active,158,TRP,NE1,241,PHE,O,3.437,bb-sc
8k9k,active,161,CYS,N,159,THR,O,3.447,bb-bb
8k9k,active,162,THR,N,159,THR,O,3.321,bb-bb
8k9k,active,163,MET,N,159,THR,O,2.911,bb-bb
8k9k,active,193,ASN,ND2,159,THR,OG1,3.095,sc-sc
8k9k,active,163,MET,N,160,LEU,O,3.324,bb-bb
8k9k,active,164,SER,N,160,LEU,O,2.966,bb-bb
8k9k,active,163,MET,N,161,CYS,O,3.411,bb-bb
8k9k,active,164,SER,N,161,CYS,O,3.153,bb-bb
8k9k,active,165,VAL,N,161,CYS,O,2.956,bb-bb
8k9k,active,164,SER,N,162,THR,O,3.442,bb-bb
8k9k,active,165,VAL,N,162,THR,O,3.3,bb-bb
8k9k,active,166,ASP,N,162,THR,O,2.857,bb-bb
8k9k,active,165,VAL,N,163,MET,O,3.487,bb-bb
8k9k,active,166,ASP,N,163,MET,O,3.325,bb-bb
8k9k,active,167,ARG,N,163,MET,O,2.94,bb-bb
8k9k,active,167,ARG,N,164,SER,O,3.353,bb-bb
8k9k,active,168,TYR,N,164,SER,O,2.943,bb-bb
8k9k,active,164,SER,OG,254,TYR,OH,3.307,sc-sc
8k9k,active,254,TYR,OH,164,SER,OG,3.307,sc-sc
8k9k,active,167,ARG,N,165,VAL,O,3.42,bb-bb
8k9k,active,168,TYR,N,165,VAL,O,3.342,bb-bb
8k9k,active,169,ILE,N,165,VAL,O,2.897,bb-bb
8k9k,active,169,ILE,N,166,ASP,O,3.399,bb-bb
8k9k,active,170,ALA,N,166,ASP,O,2.888,bb-bb
8k9k,active,181,ARG,NE,166,ASP,OD1,2.455,sc-sc
8k9k,active,181,ARG,NH2,166,ASP,OD1,3.403,sc-sc
8k9k,active,169,ILE,N,167,ARG,O,3.41,bb-bb
8k9k,active,170,ALA,N,167,ARG,O,3.197,bb-bb
8k9k,active,171,VAL,N,167,ARG,O,3.013,bb-bb
8k9k,active,167,ARG,NH1,254,TYR,OH,3.334,sc-sc
8k9k,active,170,ALA,N,168,TYR,O,3.488,bb-bb
8k9k,active,171,VAL,N,168,TYR,O,3.295,bb-bb
8k9k,active,172,CYS,N,168,TYR,O,2.852,bb-bb
8k9k,active,171,VAL,N,169,ILE,O,3.195,bb-bb
8k9k,active,173,HIS,N,169,ILE,O,2.972,bb-bb
8k9k,active,175,VAL,N,173,HIS,O,3.192,bb-bb
8k9k,active,176,LYS,N,173,HIS,O,3.213,bb-bb
8k9k,active,177,ALA,N,173,HIS,O,2.641,bb-bb
8k9k,active,177,ALA,N,174,PRO,O,3.223,bb-bb
8k9k,active,178,LEU,N,174,PRO,O,2.961,bb-bb
8k9k,active,177,ALA,N,175,VAL,O,3.405,bb-bb
8k9k,active,178,LEU,N,175,VAL,O,3.158,bb-bb
8k9k,active,178,LEU,N,176,LYS,O,3.256,bb-bb
8k9k,active,179,ASP,N,176,LYS,O,3.197,bb-bb
8k9k,active,180,PHE,N,176,LYS,O,2.933,bb-bb
8k9k,active,179,ASP,N,177,ALA,O,3.424,bb-bb
8k9k,active,181,ARG,N,177,ALA,O,3.028,bb-bb
8k9k,active,185,ASN,ND2,179,ASP,O,3.099,bb-sc
8k9k,active,182,THR,N,180,PHE,O,3.028,bb-bb
8k9k,active,185,ASN,ND2,180,PHE,O,2.88,bb-sc
8k9k,active,184,ARG,N,182,THR,O,3.198,bb-bb
8k9k,active,185,ASN,N,182,THR,O,3.057,bb-bb
8k9k,active,185,ASN,N,182,THR,OG1,3.215,bb-sc
8k9k,active,185,ASN,ND2,182,THR,OG1,3.064,sc-sc
8k9k,active,186,ALA,N,182,THR,O,2.955,bb-bb
8k9k,active,185,ASN,N,183,PRO,O,3.494,bb-bb
8k9k,active,186,ALA,N,183,PRO,O,3.264,bb-bb
8k9k,active,187,LYS,N,183,PRO,O,2.938,bb-bb
8k9k,active,186,ALA,N,184,ARG,O,3.425,bb-bb
8k9k,active,187,LYS,N,184,ARG,O,3.269,bb-bb
8k9k,active,188,ILE,N,184,ARG,O,2.954,bb-bb
8k9k,active,188,ILE,N,185,ASN,O,3.276,bb-bb
8k9k,active,189,ILE,N,185,ASN,O,2.862,bb-bb
8k9k,active,188,ILE,N,186,ALA,O,3.472,bb-bb
8k9k,active,189,ILE,N,186,ALA,O,3.395,bb-bb
8k9k,active,190,ASN,N,186,ALA,O,2.941,bb-bb
8k9k,active,189,ILE,N,187,LYS,O,3.454,bb-bb
8k9k,active,190,ASN,N,187,LYS,O,3.303,bb-bb
8k9k,active,191,VAL,N,187,LYS,O,2.933,bb-bb
8k9k,active,190,ASN,N,188,ILE,O,3.444,bb-bb
8k9k,active,191,VAL,N,188,ILE,O,3.314,bb-bb
8k9k,active,192,CYS,N,188,ILE,O,2.885,bb-bb
8k9k,active,191,VAL,N,189,ILE,O,3.494,bb-bb
8k9k,active,192,CYS,N,189,ILE,O,3.233,bb-bb
8k9k,active,193,ASN,N,189,ILE,O,2.91,bb-bb
8k9k,active,192,CYS,N,190,ASN,O,3.388,bb-bb
8k9k,active,193,ASN,N,190,ASN,O,3.11,bb-bb
8k9k,active,194,TRP,N,190,ASN,O,2.984,bb-bb
8k9k,active,193,ASN,N,191,VAL,O,3.379,bb-bb
8k9k,active,194,TRP,N,191,VAL,O,3.04,bb-bb
8k9k,active,195,ILE,N,191,VAL,O,2.96,bb-bb
8k9k,active,194,TRP,N,192,CYS,O,3.325,bb-bb
8k9k,active,195,ILE,N,192,CYS,O,3.16,bb-bb
8k9k,active,196,LEU,N,192,CYS,O,2.97,bb-bb
8k9k,active,195,ILE,N,193,ASN,O,3.479,bb-bb
8k9k,active,196,LEU,N,193,ASN,O,3.436,bb-bb
8k9k,active,197,SER,N,193,ASN,O,2.937,bb-bb
8k9k,active,197,SER,OG,193,ASN,O,2.444,bb-sc
8k9k,active,197,SER,OG,193,ASN,OD1,3.021,sc-sc
8k9k,active,197,SER,N,194,TRP,O,3.397,bb-bb
8k9k,active,198,SER,N,194,TRP,O,2.902,bb-bb
8k9k,active,198,SER,OG,194,TRP,O,2.971,bb-sc
8k9k,active,197,SER,N,195,ILE,O,3.359,bb-bb
8k9k,active,198,SER,N,195,ILE,O,3.038,bb-bb
8k9k,active,199,ALA,N,195,ILE,O,2.997,bb-bb
8k9k,active,198,SER,N,196,LEU,O,3.398,bb-bb
8k9k,active,199,ALA,N,196,LEU,O,3.079,bb-bb
8k9k,active,199,ALA,N,197,SER,O,3.343,bb-bb
8k9k,active,200,ILE,N,197,SER,O,3.174,bb-bb
8k9k,active,201,GLY,N,197,SER,O,2.912,bb-bb
8k9k,active,200,ILE,N,198,SER,O,2.975,bb-bb
8k9k,active,201,GLY,N,198,SER,O,3.195,bb-bb
8k9k,active,202,LEU,N,198,SER,O,2.956,bb-bb
8k9k,active,202,LEU,N,200,ILE,O,3.299,bb-bb
8k9k,active,203,PRO,N,200,ILE,O,3.456,bb-bb
8k9k,active,204,VAL,N,200,ILE,O,3.134,bb-bb
8k9k,active,204,VAL,N,201,GLY,O,3.485,bb-bb
8k9k,active,205,MET,N,201,GLY,O,3.009,bb-bb
8k9k,active,204,VAL,N,202,LEU,O,3.283,bb-bb
8k9k,active,205,MET,N,202,LEU,O,2.993,bb-bb
8k9k,active,206,PHE,N,202,LEU,O,2.942,bb-bb
8k9k,active,205,MET,N,203,PRO,O,3.401,bb-bb
8k9k,active,206,PHE,N,203,PRO,O,3.182,bb-bb
8k9k,active,207,MET,N,203,PRO,O,2.886,bb-bb
8k9k,active,206,PHE,N,204,VAL,O,3.445,bb-bb
8k9k,active,207,MET,N,204,VAL,O,3.401,bb-bb
8k9k,active,208,ALA,N,204,VAL,O,2.886,bb-bb
8k9k,active,208,ALA,N,205,MET,O,3.473,bb-bb
8k9k,active,208,ALA,N,206,PHE,O,3.458,bb-bb
8k9k,active,209,THR,N,207,MET,O,3.425,bb-bb
8k9k,active,222,THR,OG1,207,MET,O,2.914,bb-sc
8k9k,active,209,THR,N,220,THR,O,3.384,bb-bb
8k9k,active,220,THR,N,209,THR,O,3.433,bb-bb
8k9k,active,213,ARG,N,211,LYS,O,3.249,bb-bb
8k9k,active,211,LYS,N,218,ASP,O,2.984,bb-bb
8k9k,active,218,ASP,N,211,LYS,O,2.823,bb-bb
8k9k,active,215,GLY,N,213,ARG,O,3.387,bb-bb
8k9k,active,220,THR,N,218,ASP,O,3.4,bb-bb
8k9k,active,227,THR,N,224,SER,O,3.132,bb-bb
8k9k,active,228,TRP,N,226,PRO,O,3.346,bb-bb
8k9k,active,229,TYR,N,226,PRO,O,3.126,bb-bb
8k9k,active,230,TRP,N,226,PRO,O,3.432,bb-bb
8k9k,active,229,TYR,N,227,THR,O,3.199,bb-bb
8k9k,active,230,TRP,N,227,THR,O,3.331,bb-bb
8k9k,active,231,GLU,N,227,THR,O,2.926,bb-bb
8k9k,active,231,GLU,N,228,TRP,O,3.484,bb-bb
8k9k,active,232,ASN,N,228,TRP,O,2.909,bb-bb
8k9k,active,231,GLU,N,229,TYR,O,3.423,bb-bb
8k9k,active,232,ASN,N,229,TYR,O,3.415,bb-bb
8k9k,active,233,LEU,N,229,TYR,O,2.889,bb-bb
8k9k,active,233,LEU,N,230,TRP,O,3.368,bb-bb
8k9k,active,234,LEU,N,230,TRP,O,2.905,bb-bb
8k9k,active,233,LEU,N,231,GLU,O,3.445,bb-bb
8k9k,active,234,LEU,N,231,GLU,O,3.315,bb-bb
8k9k,active,235,LYS,N,231,GLU,O,2.958,bb-bb
8k9k,active,235,LYS,N,232,ASN,O,3.391,bb-bb
8k9k,active,236,ILE,N,232,ASN,O,2.863,bb-bb
8k9k,active,235,LYS,N,233,LEU,O,3.49,bb-bb
8k9k,active,236,ILE,N,233,LEU,O,3.372,bb-bb
8k9k,active,237,CYS,N,233,LEU,O,2.88,bb-bb
8k9k,active,236,ILE,N,234,LEU,O,3.429,bb-bb
8k9k,active,237,CYS,N,234,LEU,O,3.374,bb-bb
8k9k,active,238,VAL,N,234,LEU,O,2.933,bb-bb
8k9k,active,238,VAL,N,235,LYS,O,3.381,bb-bb
8k9k,active,239,PHE,N,235,LYS,O,2.898,bb-bb
8k9k,active,238,VAL,N,236,ILE,O,3.447,bb-bb
8k9k,active,239,PHE,N,236,ILE,O,3.285,bb-bb
8k9k,active,240,ILE,N,236,ILE,O,2.887,bb-bb
8k9k,active,239,PHE,N,237,CYS,O,3.475,bb-bb
8k9k,active,240,ILE,N,237,CYS,O,3.369,bb-bb
8k9k,active,241,PHE,N,237,CYS,O,2.912,bb-bb
8k9k,active,240,ILE,N,238,VAL,O,3.385,bb-bb
8k9k,active,242,ALA,N,238,VAL,O,2.87,bb-bb
8k9k,active,243,PHE,N,239,PHE,O,3.193,bb-bb
8k9k,active,244,ILE,N,239,PHE,O,3.231,bb-bb
8k9k,active,244,ILE,N,240,ILE,O,3.273,bb-bb
8k9k,active,245,MET,N,240,ILE,O,3.005,bb-bb
8k9k,active,247,VAL,N,243,PHE,O,2.936,bb-bb
8k9k,active,246,PRO,N,244,ILE,O,3.481,bb-bb
8k9k,active,247,VAL,N,244,ILE,O,3.372,bb-bb
8k9k,active,248,LEU,N,244,ILE,O,2.936,bb-bb
8k9k,active,247,VAL,N,245,MET,O,3.496,bb-bb
8k9k,active,248,LEU,N,245,MET,O,3.365,bb-bb
8k9k,active,249,ILE,N,245,MET,O,2.925,bb-bb
8k9k,active,248,LEU,N,246,PRO,O,3.39,bb-bb
8k9k,active,249,ILE,N,246,PRO,O,3.362,bb-bb
8k9k,active,250,ILE,N,246,PRO,O,2.901,bb-bb
8k9k,active,250,ILE,N,247,VAL,O,3.488,bb-bb
8k9k,active,251,THR,N,247,VAL,O,2.922,bb-bb
8k9k,active,251,THR,OG1,247,VAL,O,2.643,bb-sc
8k9k,active,250,ILE,N,248,LEU,O,3.437,bb-bb
8k9k,active,251,THR,N,248,LEU,O,3.435,bb-bb
8k9k,active,251,THR,OG1,248,LEU,O,2.94,bb-sc
8k9k,active,252,VAL,N,248,LEU,O,2.929,bb-bb
8k9k,active,251,THR,N,249,ILE,O,3.483,bb-bb
8k9k,active,252,VAL,N,249,ILE,O,3.441,bb-bb
8k9k,active,253,CYS,N,249,ILE,O,2.91,bb-bb
8k9k,active,252,VAL,N,250,ILE,O,3.415,bb-bb
8k9k,active,253,CYS,N,250,ILE,O,3.443,bb-bb
8k9k,active,254,TYR,N,250,ILE,O,2.945,bb-bb
8k9k,active,254,TYR,N,251,THR,O,3.476,bb-bb
8k9k,active,255,GLY,N,251,THR,O,2.876,bb-bb
8k9k,active,254,TYR,N,252,VAL,O,3.334,bb-bb
8k9k,active,255,GLY,N,252,VAL,O,3.376,bb-bb
8k9k,active,256,LEU,N,252,VAL,O,2.941,bb-bb
8k9k,active,256,LEU,N,253,CYS,O,3.48,bb-bb
8k9k,active,257,MET,N,253,CYS,O,2.933,bb-bb
8k9k,active,257,MET,N,254,TYR,O,3.291,bb-bb
8k9k,active,258,ILE,N,254,TYR,O,2.914,bb-bb
8k9k,active,257,MET,N,255,GLY,O,3.402,bb-bb
8k9k,active,258,ILE,N,255,GLY,O,3.278,bb-bb
8k9k,active,259,LEU,N,255,GLY,O,2.921,bb-bb
8k9k,active,258,ILE,N,256,LEU,O,3.461,bb-bb
8k9k,active,259,LEU,N,256,LEU,O,3.315,bb-bb
8k9k,active,260,ARG,N,256,LEU,O,2.924,bb-bb
8k9k,active,260,ARG,N,257,MET,O,3.382,bb-bb
8k9k,active,261,LEU,N,257,MET,O,2.913,bb-bb
8k9k,active,260,ARG,N,258,ILE,O,3.416,bb-bb
8k9k,active,261,LEU,N,258,ILE,O,3.181,bb-bb
8k9k,active,262,LYS,N,258,ILE,O,2.927,bb-bb
8k9k,active,261,LEU,N,259,LEU,O,3.484,bb-bb
8k9k,active,262,LYS,N,259,LEU,O,3.346,bb-bb
8k9k,active,262,LYS,N,260,ARG,O,3.314,bb-bb
8k9k,active,260,ARG,NH1,263,SER,O,3.227,bb-sc
8k9k,active,260,ARG,NH1,263,SER,OG,3.196,sc-sc
8k9k,active,263,SER,N,260,ARG,O,3.082,bb-bb
8k9k,active,263,SER,OG,260,ARG,O,3.15,bb-sc
8k9k,active,263,SER,N,261,LEU,O,3.089,bb-bb
8k9k,active,264,VAL,N,261,LEU,O,3.362,bb-bb
8k9k,active,268,SER,OG,262,LYS,O,2.981,bb-sc
8k9k,active,266,MET,N,264,VAL,O,3.066,bb-bb
8k9k,active,267,LEU,N,264,VAL,O,2.995,bb-bb
8k9k,active,268,SER,N,264,VAL,O,3.423,bb-bb
8k9k,active,268,SER,OG,264,VAL,O,3.123,bb-sc
8k9k,active,267,LEU,N,265,ARG,O,3.478,bb-bb
8k9k,active,273,LYS,NZ,265,ARG,O,2.968,bb-sc
8k9k,active,272,GLU,N,270,SER,O,3.467,bb-bb
8k9k,active,273,LYS,N,270,SER,O,3.307,bb-bb
8k9k,active,274,ASP,N,270,SER,O,2.936,bb-bb
8k9k,active,274,ASP,N,271,LYS,O,3.428,bb-bb
8k9k,active,275,ARG,N,271,LYS,O,2.898,bb-bb
8k9k,active,275,ARG,N,272,GLU,O,3.235,bb-bb
8k9k,active,276,ASN,N,272,GLU,O,2.931,bb-bb
8k9k,active,275,ARG,N,273,LYS,O,3.47,bb-bb
8k9k,active,276,ASN,N,273,LYS,O,3.199,bb-bb
8k9k,active,277,LEU,N,273,LYS,O,2.954,bb-bb
8k9k,active,276,ASN,N,274,ASP,O,3.463,bb-bb
8k9k,active,277,LEU,N,274,ASP,O,3.267,bb-bb
8k9k,active,278,ARG,N,274,ASP,O,2.892,bb-bb
8k9k,active,278,ARG,N,275,ARG,O,3.254,bb-bb
8k9k,active,279,ARG,N,275,ARG,O,2.919,bb-bb
8k9k,active,278,ARG,N,276,ASN,O,3.418,bb-bb
8k9k,active,279,ARG,N,276,ASN,O,3.305,bb-bb
8k9k,active,280,ILE,N,276,ASN,O,3.004,bb-bb
8k9k,active,279,ARG,N,277,LEU,O,3.468,bb-bb
8k9k,active,280,ILE,N,277,LEU,O,3.319,bb-bb
8k9k,active,281,THR,N,277,LEU,O,2.939,bb-bb
8k9k,active,281,THR,OG1,277,LEU,O,3.357,bb-sc
8k9k,active,280,ILE,N,278,ARG,O,3.473,bb-bb
8k9k,active,281,THR,N,278,ARG,O,3.378,bb-bb
8k9k,active,282,ARG,N,278,ARG,O,2.873,bb-bb
8k9k,active,282,ARG,N,279,ARG,O,3.36,bb-bb
8k9k,active,283,MET,N,279,ARG,O,2.907,bb-bb
8k9k,active,282,ARG,N,280,ILE,O,3.366,bb-bb
8k9k,active,283,MET,N,280,ILE,O,3.157,bb-bb
8k9k,active,284,VAL,N,280,ILE,O,3.03,bb-bb
8k9k,active,283,MET,N,281,THR,O,3.468,bb-bb
8k9k,active,284,VAL,N,281,THR,O,3.27,bb-bb
8k9k,active,285,LEU,N,281,THR,O,2.937,bb-bb
8k9k,active,284,VAL,N,282,ARG,O,3.385,bb-bb
8k9k,active,285,LEU,N,282,ARG,O,3.341,bb-bb
8k9k,active,286,VAL,N,282,ARG,O,2.851,bb-bb
8k9k,active,286,VAL,N,283,MET,O,3.328,bb-bb
8k9k,active,287,VAL,N,283,MET,O,2.991,bb-bb
8k9k,active,286,VAL,N,284,VAL,O,3.296,bb-bb
8k9k,active,287,VAL,N,284,VAL,O,3.226,bb-bb
8k9k,active,288,VAL,N,284,VAL,O,3.022,bb-bb
8k9k,active,288,VAL,N,285,LEU,O,3.436,bb-bb
8k9k,active,289,ALA,N,285,LEU,O,2.883,bb-bb
8k9k,active,288,VAL,N,286,VAL,O,3.387,bb-bb
8k9k,active,289,ALA,N,286,VAL,O,3.35,bb-bb
8k9k,active,290,VAL,N,286,VAL,O,2.875,bb-bb
8k9k,active,289,ALA,N,287,VAL,O,3.489,bb-bb
8k9k,active,290,VAL,N,287,VAL,O,3.406,bb-bb
8k9k,active,291,PHE,N,287,VAL,O,3.021,bb-bb
8k9k,active,290,VAL,N,288,VAL,O,3.422,bb-bb
8k9k,active,291,PHE,N,288,VAL,O,3.259,bb-bb
8k9k,active,292,ILE,N,288,VAL,O,2.97,bb-bb
8k9k,active,291,PHE,N,289,ALA,O,3.48,bb-bb
8k9k,active,292,ILE,N,289,ALA,O,3.387,bb-bb
8k9k,active,293,VAL,N,289,ALA,O,2.871,bb-bb
8k9k,active,292,ILE,N,290,VAL,O,3.426,bb-bb
8k9k,active,293,VAL,N,290,VAL,O,3.478,bb-bb
8k9k,active,294,CYS,N,290,VAL,O,2.916,bb-bb
8k9k,active,294,CYS,N,291,PHE,O,3.397,bb-bb
8k9k,active,295,TRP,N,291,PHE,O,2.987,bb-bb
8k9k,active,294,CYS,N,292,ILE,O,3.258,bb-bb
8k9k,active,295,TRP,N,292,ILE,O,3.262,bb-bb
8k9k,active,296,THR,N,292,ILE,O,2.896,bb-bb
8k9k,active,296,THR,OG1,292,ILE,O,2.619,bb-sc
8k9k,active,330,ASN,N,294,CYS,SG,3.256,bb-sc
8k9k,active,297,PRO,N,295,TRP,O,3.421,bb-bb
8k9k,active,298,ILE,N,296,THR,O,3.371,bb-bb
8k9k,active,299,HIS,N,296,THR,O,3.258,bb-bb
8k9k,active,300,ILE,N,296,THR,O,2.939,bb-bb
8k9k,active,299,HIS,N,297,PRO,O,3.427,bb-bb
8k9k,active,300,ILE,N,297,PRO,O,3.323,bb-bb
8k9k,active,301,TYR,N,297,PRO,O,2.897,bb-bb
8k9k,active,301,TYR,N,298,ILE,O,3.352,bb-bb
8k9k,active,302,VAL,N,298,ILE,O,2.907,bb-bb
8k9k,active,301,TYR,N,299,HIS,O,3.431,bb-bb
8k9k,active,302,VAL,N,299,HIS,O,3.306,bb-bb
8k9k,active,303,ILE,N,299,HIS,O,2.957,bb-bb
8k9k,active,302,VAL,N,300,ILE,O,3.435,bb-bb
8k9k,active,303,ILE,N,300,ILE,O,3.229,bb-bb
8k9k,active,304,ILE,N,300,ILE,O,2.905,bb-bb
8k9k,active,303,ILE,N,301,TYR,O,3.423,bb-bb
8k9k,active,304,ILE,N,301,TYR,O,3.29,bb-bb
8k9k,active,305,LYS,N,301,TYR,O,2.906,bb-bb
8k9k,active,301,TYR,OH,316,GLN,OE1,3.01,sc-sc
8k9k,active,301,TYR,OH,319,SER,OG,3.02,sc-sc
8k9k,active,319,SER,OG,301,TYR,OH,3.02,sc-sc
8k9k,active,304,ILE,N,302,VAL,O,3.483,bb-bb
8k9k,active,305,LYS,N,302,VAL,O,3.45,bb-bb
8k9k,active,306,ALA,N,302,VAL,O,2.9,bb-bb
8k9k,active,305,LYS,N,303,ILE,O,3.461,bb-bb
8k9k,active,306,ALA,N,303,ILE,O,3.14,bb-bb
8k9k,active,307,LEU,N,303,ILE,O,2.903,bb-bb
8k9k,active,306,ALA,N,304,ILE,O,3.299,bb-bb
8k9k,active,307,LEU,N,304,ILE,O,3.159,bb-bb
8k9k,active,308,VAL,N,304,ILE,O,2.757,bb-bb
8k9k,active,310,ILE,N,308,VAL,O,3.232,bb-bb
8k9k,active,315,PHE,N,313,THR,O,3.246,bb-bb
8k9k,active,316,GLN,N,313,THR,O,2.947,bb-bb
8k9k,active,317,THR,N,313,THR,O,2.877,bb-bb
8k9k,active,317,THR,OG1,313,THR,O,3.496,bb-sc
8k9k,active,316,GLN,N,314,THR,O,3.436,bb-bb
8k9k,active,317,THR,N,314,THR,O,3.283,bb-bb
8k9k,active,317,THR,OG1,314,THR,O,2.481,bb-sc
8k9k,active,318,VAL,N,314,THR,O,2.945,bb-bb
8k9k,active,317,THR,N,315,PHE,O,3.498,bb-bb
8k9k,active,318,VAL,N,315,PHE,O,3.473,bb-bb
8k9k,active,319,SER,N,315,PHE,O,2.901,bb-bb
8k9k,active,319,SER,N,316,GLN,O,3.415,bb-bb
8k9k,active,319,SER,OG,316,GLN,O,3.191,bb-sc
8k9k,active,320,TRP,N,316,GLN,O,2.883,bb-bb
8k9k,active,319,SER,N,317,THR,O,3.44,bb-bb
8k9k,active,320,TRP,N,317,THR,O,3.306,bb-bb
8k9k,active,321,HIS,N,317,THR,O,2.972,bb-bb
8k9k,active,320,TRP,N,318,VAL,O,3.444,bb-bb
8k9k,active,321,HIS,N,318,VAL,O,3.403,bb-bb
8k9k,active,322,PHE,N,318,VAL,O,2.837,bb-bb
8k9k,active,322,PHE,N,319,SER,O,3.346,bb-bb
8k9k,active,323,CYS,N,319,SER,O,2.874,bb-bb
8k9k,active,322,PHE,N,320,TRP,O,3.359,bb-bb
8k9k,active,323,CYS,N,320,TRP,O,3.117,bb-bb
8k9k,active,324,ILE,N,320,TRP,O,2.996,bb-bb
8k9k,active,324,ILE,N,321,HIS,O,3.354,bb-bb
8k9k,active,325,ALA,N,321,HIS,O,2.915,bb-bb
8k9k,active,324,ILE,N,322,PHE,O,3.445,bb-bb
8k9k,active,325,ALA,N,322,PHE,O,3.323,bb-bb
8k9k,active,326,LEU,N,322,PHE,O,2.768,bb-bb
8k9k,active,326,LEU,N,323,CYS,O,3.304,bb-bb
8k9k,active,327,GLY,N,323,CYS,O,2.905,bb-bb
8k9k,active,326,LEU,N,324,ILE,O,3.295,bb-bb
8k9k,active,327,GLY,N,324,ILE,O,3.085,bb-bb
8k9k,active,328,TYR,N,324,ILE,O,3.011,bb-bb
8k9k,active,328,TYR,N,325,ALA,O,3.226,bb-bb
8k9k,active,329,THR,N,325,ALA,O,2.81,bb-bb
8k9k,active,329,THR,OG1,325,ALA,O,2.627,bb-sc
8k9k,active,329,THR,N,326,LEU,O,3.134,bb-bb
8k9k,active,329,THR,OG1,326,LEU,O,3.359,bb-sc
8k9k,active,329,THR,N,327,GLY,O,3.261,bb-bb
8k9k,active,330,ASN,N,327,GLY,O,3.127,bb-bb
8k9k,active,330,ASN,N,328,TYR,O,3.209,bb-bb
8k9k,active,331,SER,N,328,TYR,O,2.771,bb-bb
8k9k,active,332,CYS,N,328,TYR,O,2.974,bb-bb
8k9k,active,331,SER,N,329,THR,O,3.491,bb-bb
8k9k,active,332,CYS,N,329,THR,O,3.131,bb-bb
8k9k,active,333,LEU,N,329,THR,O,2.855,bb-bb
8k9k,active,332,CYS,N,330,ASN,O,3.21,bb-bb
8k9k,active,333,LEU,N,330,ASN,O,3.348,bb-bb
8k9k,active,334,ASN,N,330,ASN,O,2.901,bb-bb
8k9k,active,336,VAL,N,333,LEU,O,3.208,bb-bb
8k9k,active,337,LEU,N,333,LEU,O,2.835,bb-bb
8k9k,active,336,VAL,N,334,ASN,O,3.384,bb-bb
8k9k,active,337,LEU,N,334,ASN,O,3.41,bb-bb
8k9k,active,338,TYR,N,334,ASN,O,2.977,bb-bb
8k9k,active,339,ALA,N,335,PRO,O,2.855,bb-bb
8k9k,active,340,PHE,N,335,PRO,O,3.346,bb-bb
8k9k,active,340,PHE,N,336,VAL,O,3.12,bb-bb
8k9k,active,341,LEU,N,336,VAL,O,3.322,bb-bb
8k9k,active,344,ASN,N,342,ASP,O,3.217,bb-bb
8k9k,active,344,ASN,N,342,ASP,OD1,2.939,bb-sc
8k9k,active,345,PHE,N,342,ASP,O,3.054,bb-bb
8k9k,active,346,LYS,N,342,ASP,O,3.166,bb-bb
8k9k,active,345,PHE,N,343,GLU,O,3.44,bb-bb
8k9k,active,346,LYS,N,343,GLU,O,3.065,bb-bb
8k9k,active,346,LYS,N,344,ASN,O,3.382,bb-bb
8k9k,active,347,ARG,N,345,PHE,O,2.994,bb-bb
8k9l,active,68,ILE,N,66,SER,O,3.368,bb-bb
8k9l,active,69,THR,N,66,SER,O,3.301,bb-bb
8k9l,active,69,THR,OG1,66,SER,O,2.445,bb-sc
8k9l,active,70,ALA,N,66,SER,O,3.353,bb-bb
8k9l,active,69,THR,N,67,MET,O,3.449,bb-bb
8k9l,active,70,ALA,N,67,MET,O,3.394,bb-bb
8k9l,active,71,ILE,N,67,MET,O,2.894,bb-bb
8k9l,active,70,ALA,N,68,ILE,O,3.478,bb-bb
8k9l,active,71,ILE,N,68,ILE,O,3.206,bb-bb
8k9l,active,72,THR,N,68,ILE,O,2.898,bb-bb
8k9l,active,72,THR,OG1,68,ILE,O,3.253,bb-sc
8k9l,active,71,ILE,N,69,THR,O,3.408,bb-bb
8k9l,active,72,THR,N,69,THR,O,3.296,bb-bb
8k9l,active,72,THR,OG1,69,THR,O,2.609,bb-sc
8k9l,active,73,ILE,N,69,THR,O,2.906,bb-bb
8k9l,active,72,THR,N,70,ALA,O,3.468,bb-bb
8k9l,active,73,ILE,N,70,ALA,O,3.268,bb-bb
8k9l,active,74,MET,N,70,ALA,O,2.92,bb-bb
8k9l,active,73,ILE,N,71,ILE,O,3.416,bb-bb
8k9l,active,74,MET,N,71,ILE,O,3.403,bb-bb
8k9l,active,75,ALA,N,71,ILE,O,2.881,bb-bb
8k9l,active,74,MET,N,72,THR,O,3.474,bb-bb
8k9l,active,75,ALA,N,72,THR,O,3.22,bb-bb
8k9l,active,76,LEU,N,72,THR,O,2.918,bb-bb
8k9l,active,75,ALA,N,73,ILE,O,3.383,bb-bb
8k9l,active,76,LEU,N,73,ILE,O,3.318,bb-bb
8k9l,active,77,TYR,N,73,ILE,O,2.931,bb-bb
8k9l,active,77,TYR,N,74,MET,O,3.326,bb-bb
8k9l,active,78,SER,N,74,MET,O,2.885,bb-bb
8k9l,active,78,SER,OG,74,MET,O,2.702,bb-sc
8k9l,active,77,TYR,N,75,ALA,O,3.477,bb-bb
8k9l,active,78,SER,N,75,ALA,O,3.343,bb-bb
8k9l,active,79,ILE,N,75,ALA,O,2.915,bb-bb
8k9l,active,78,SER,N,76,LEU,O,3.405,bb-bb
8k9l,active,79,ILE,N,76,LEU,O,3.35,bb-bb
8k9l,active,80,VAL,N,76,LEU,O,2.939,bb-bb
8k9l,active,79,ILE,N,77,TYR,O,3.492,bb-bb
8k9l,active,80,VAL,N,77,TYR,O,3.399,bb-bb
8k9l,active,81,CYS,N,77,TYR,O,2.924,bb-bb
8k9l,active,80,VAL,N,78,SER,O,3.468,bb-bb
8k9l,active,81,CYS,N,78,SER,O,3.361,bb-bb
8k9l,active,82,VAL,N,78,SER,O,2.877,bb-bb
8k9l,active,81,CYS,N,79,ILE,O,3.414,bb-bb
8k9l,active,82,VAL,N,79,ILE,O,3.321,bb-bb
8k9l,active,83,VAL,N,79,ILE,O,2.971,bb-bb
8k9l,active,82,VAL,N,80,VAL,O,3.39,bb-bb
8k9l,active,83,VAL,N,80,VAL,O,3.488,bb-bb
8k9l,active,84,GLY,N,80,VAL,O,2.913,bb-bb
8k9l,active,84,GLY,N,81,CYS,O,3.39,bb-bb
8k9l,active,85,LEU,N,81,CYS,O,2.919,bb-bb
8k9l,active,84,GLY,N,82,VAL,O,3.473,bb-bb
8k9l,active,85,LEU,N,82,VAL,O,3.441,bb-bb
8k9l,active,86,PHE,N,82,VAL,O,2.934,bb-bb
8k9l,active,85,LEU,N,83,VAL,O,3.489,bb-bb
8k9l,active,86,PHE,N,83,VAL,O,3.426,bb-bb
8k9l,active,87,GLY,N,83,VAL,O,2.942,bb-bb
8k9l,active,86,PHE,N,84,GLY,O,3.445,bb-bb
8k9l,active,88,ASN,N,84,GLY,O,2.928,bb-bb
8k9l,active,88,ASN,ND2,84,GLY,O,2.68,bb-sc
8k9l,active,88,ASN,N,85,LEU,O,3.44,bb-bb
8k9l,active,89,PHE,N,85,LEU,O,2.908,bb-bb
8k9l,active,88,ASN,N,86,PHE,O,3.385,bb-bb
8k9l,active,89,PHE,N,86,PHE,O,3.291,bb-bb
8k9l,active,90,LEU,N,86,PHE,O,2.976,bb-bb
8k9l,active,89,PHE,N,87,GLY,O,3.427,bb-bb
8k9l,active,90,LEU,N,87,GLY,O,3.374,bb-bb
8k9l,active,91,VAL,N,87,GLY,O,2.926,bb-bb
8k9l,active,91,VAL,N,88,ASN,O,3.25,bb-bb
8k9l,active,92,MET,N,88,ASN,O,2.859,bb-bb
8k9l,active,88,ASN,ND2,116,ASP,OD1,2.228,sc-sc
8k9l,active,91,VAL,N,89,PHE,O,3.454,bb-bb
8k9l,active,92,MET,N,89,PHE,O,3.297,bb-bb
8k9l,active,93,TYR,N,89,PHE,O,2.936,bb-bb
8k9l,active,92,MET,N,90,LEU,O,3.447,bb-bb
8k9l,active,93,TYR,N,90,LEU,O,3.302,bb-bb
8k9l,active,94,VAL,N,90,LEU,O,2.965,bb-bb
8k9l,active,93,TYR,N,91,VAL,O,3.437,bb-bb
8k9l,active,94,VAL,N,91,VAL,O,3.39,bb-bb
8k9l,active,95,ILE,N,91,VAL,O,2.857,bb-bb
8k9l,active,94,VAL,N,92,MET,O,3.493,bb-bb
8k9l,active,95,ILE,N,92,MET,O,3.325,bb-bb
8k9l,active,96,VAL,N,92,MET,O,2.914,bb-bb
8k9l,active,95,ILE,N,93,TYR,O,3.381,bb-bb
8k9l,active,96,VAL,N,93,TYR,O,3.321,bb-bb
8k9l,active,97,ARG,N,93,TYR,O,2.944,bb-bb
8k9l,active,96,VAL,N,94,VAL,O,3.461,bb-bb
8k9l,active,97,ARG,N,94,VAL,O,3.381,bb-bb
8k9l,active,98,TYR,N,94,VAL,O,2.877,bb-bb
8k9l,active,97,ARG,N,95,ILE,O,3.471,bb-bb
8k9l,active,99,THR,OG1,95,ILE,O,2.548,bb-sc
8k9l,active,100,LYS,N,98,TYR,O,3.322,bb-bb
8k9l,active,102,LYS,N,100,LYS,O,3.237,bb-bb
8k9l,active,105,THR,N,103,THR,O,3.355,bb-bb
8k9l,active,103,THR,OG1,106,ASN,OD1,2.543,sc-sc
8k9l,active,106,ASN,N,103,THR,O,3.133,bb-bb
8k9l,active,106,ASN,N,103,THR,OG1,3.404,bb-sc
8k9l,active,106,ASN,N,104,ALA,O,3.295,bb-bb
8k9l,active,107,ILE,N,104,ALA,O,3.256,bb-bb
8k9l,active,108,TYR,N,104,ALA,O,3.341,bb-bb
8k9l,active,108,TYR,N,105,THR,O,3.426,bb-bb
8k9l,active,109,ILE,N,105,THR,O,2.986,bb-bb
8k9l,active,108,TYR,N,106,ASN,O,3.494,bb-bb
8k9l,active,109,ILE,N,106,ASN,O,3.375,bb-bb
8k9l,active,110,PHE,N,106,ASN,O,2.88,bb-bb
8k9l,active,109,ILE,N,107,ILE,O,3.495,bb-bb
8k9l,active,110,PHE,N,107,ILE,O,3.256,bb-bb
8k9l,active,111,ASN,N,107,ILE,O,2.949,bb-bb
8k9l,active,110,PHE,N,108,TYR,O,3.411,bb-bb
8k9l,active,111,ASN,N,108,TYR,O,3.377,bb-bb
8k9l,active,112,LEU,N,108,TYR,O,2.87,bb-bb
8k9l,active,112,LEU,N,109,ILE,O,3.345,bb-bb
8k9l,active,113,ALA,N,109,ILE,O,2.917,bb-bb
8k9l,active,112,LEU,N,110,PHE,O,3.389,bb-bb
8k9l,active,113,ALA,N,110,PHE,O,3.32,bb-bb
8k9l,active,114,LEU,N,110,PHE,O,2.922,bb-bb
8k9l,active,113,ALA,N,111,ASN,O,3.452,bb-bb
8k9l,active,114,LEU,N,111,ASN,O,3.277,bb-bb
8k9l,active,115,ALA,N,111,ASN,O,2.913,bb-bb
8k9l,active,111,ASN,ND2,190,ASN,OD1,2.575,sc-sc
8k9l,active,114,LEU,N,112,LEU,O,3.439,bb-bb
8k9l,active,116,ASP,N,112,LEU,O,2.882,bb-bb
8k9l,active,116,ASP,N,113,ALA,O,3.249,bb-bb
8k9l,active,117,ALA,N,113,ALA,O,2.911,bb-bb
8k9l,active,116,ASP,N,114,LEU,O,3.251,bb-bb
8k9l,active,117,ALA,N,114,LEU,O,3.328,bb-bb
8k9l,active,118,LEU,N,114,LEU,O,2.976,bb-bb
8k9l,active,118,LEU,N,115,ALA,O,3.409,bb-bb
8k9l,active,119,ALA,N,115,ALA,O,2.9,bb-bb
8k9l,active,119,ALA,N,116,ASP,O,3.226,bb-bb
8k9l,active,120,THR,N,116,ASP,O,2.898,bb-bb
8k9l,active,120,THR,OG1,116,ASP,O,2.593,bb-sc
8k9l,active,331,SER,OG,116,ASP,OD2,3.493,sc-sc
8k9l,active,119,ALA,N,117,ALA,O,3.377,bb-bb
8k9l,active,120,THR,N,117,ALA,O,3.184,bb-bb
8k9l,active,121,SER,N,117,ALA,O,2.936,bb-bb
8k9l,active,121,SER,N,118,LEU,O,3.321,bb-bb
8k9l,active,121,SER,OG,118,LEU,O,2.621,bb-sc
8k9l,active,121,SER,N,119,ALA,O,3.272,bb-bb
8k9l,active,122,THR,N,119,ALA,O,3.347,bb-bb
8k9l,active,122,THR,OG1,119,ALA,O,3.394,bb-sc
8k9l,active,119,ALA,N,152,ASN,OD1,3.144,bb-sc
8k9l,active,122,THR,N,120,THR,O,3.079,bb-bb
8k9l,active,123,LEU,N,120,THR,O,3.223,bb-bb
8k9l,active,124,PRO,N,122,THR,O,3.438,bb-bb
8k9l,active,125,PHE,N,122,THR,O,3.325,bb-bb
8k9l,active,126,GLN,N,122,THR,O,3.428,bb-bb
8k9l,active,125,PHE,N,123,LEU,O,3.223,bb-bb
8k9l,active,126,GLN,N,123,LEU,O,2.938,bb-bb
8k9l,active,127,SER,N,123,LEU,O,2.93,bb-bb
8k9l,active,126,GLN,N,124,PRO,O,3.485,bb-bb
8k9l,active,127,SER,N,124,PRO,O,3.241,bb-bb
8k9l,active,127,SER,OG,124,PRO,O,2.638,bb-sc
8k9l,active,128,VAL,N,124,PRO,O,2.91,bb-bb
8k9l,active,127,SER,N,125,PHE,O,3.438,bb-bb
8k9l,active,128,VAL,N,125,PHE,O,3.441,bb-bb
8k9l,active,129,ASN,N,125,PHE,O,2.895,bb-bb
8k9l,active,128,VAL,N,126,GLN,O,3.457,bb-bb
8k9l,active,129,ASN,N,126,GLN,O,3.227,bb-bb
8k9l,active,130,TYR,N,126,GLN,O,2.931,bb-bb
8k9l,active,129,ASN,N,127,SER,O,3.443,bb-bb
8k9l,active,130,TYR,N,127,SER,O,3.329,bb-bb
8k9l,active,131,LEU,N,127,SER,O,2.894,bb-bb
8k9l,active,130,TYR,N,128,VAL,O,3.468,bb-bb
8k9l,active,131,LEU,N,128,VAL,O,3.231,bb-bb
8k9l,active,132,MET,N,128,VAL,O,2.933,bb-bb
8k9l,active,133,GLY,N,129,ASN,O,2.851,bb-bb
8k9l,active,134,THR,N,132,MET,O,3.263,bb-bb
8k9l,active,135,TRP,NE1,138,GLY,O,2.797,bb-sc
8k9l,active,138,GLY,N,136,PRO,O,3.346,bb-bb
8k9l,active,140,ILE,N,138,GLY,O,3.461,bb-bb
8k9l,active,141,LEU,N,138,GLY,O,3.415,bb-bb
8k9l,active,142,CYS,N,138,GLY,O,2.92,bb-bb
8k9l,active,141,LEU,N,139,THR,O,3.462,bb-bb
8k9l,active,142,CYS,N,139,THR,O,3.198,bb-bb
8k9l,active,143,LYS,N,139,THR,O,2.917,bb-bb
8k9l,active,139,THR,OG1,210,THR,OG1,3.285,sc-sc
8k9l,active,210,THR,OG1,139,THR,OG1,3.285,sc-sc
8k9l,active,142,CYS,N,140,ILE,O,3.407,bb-bb
8k9l,active,143,LYS,N,140,ILE,O,3.31,bb-bb
8k9l,active,144,ILE,N,140,ILE,O,2.945,bb-bb
8k9l,active,144,ILE,N,141,LEU,O,3.383,bb-bb
8k9l,active,145,VAL,N,141,LEU,O,2.844,bb-bb
8k9l,active,144,ILE,N,142,CYS,O,3.433,bb-bb
8k9l,active,145,VAL,N,142,CYS,O,3.325,bb-bb
8k9l,active,146,ILE,N,142,CYS,O,2.978,bb-bb
8k9l,active,145,VAL,N,143,LYS,O,3.372,bb-bb
8k9l,active,146,ILE,N,143,LYS,O,3.349,bb-bb
8k9l,active,147,SER,N,143,LYS,O,2.959,bb-bb
8k9l,active,146,ILE,N,144,ILE,O,3.483,bb-bb
8k9l,active,147,SER,N,144,ILE,O,3.432,bb-bb
8k9l,active,148,ILE,N,144,ILE,O,2.883,bb-bb
8k9l,active,147,SER,N,145,VAL,O,3.449,bb-bb
8k9l,active,148,ILE,N,145,VAL,O,3.379,bb-bb
8k9l,active,149,ASP,N,145,VAL,O,2.895,bb-bb
8k9l,active,148,ILE,N,146,ILE,O,3.408,bb-bb
8k9l,active,149,ASP,N,146,ILE,O,3.297,bb-bb
8k9l,active,150,TYR,N,146,ILE,O,3.047,bb-bb
8k9l,active,149,ASP,N,147,SER,O,3.42,bb-bb
8k9l,active,150,TYR,N,147,SER,O,3.486,bb-bb
8k9l,active,151,TYR,N,147,SER,O,2.895,bb-bb
8k9l,active,151,TYR,N,148,ILE,O,3.492,bb-bb
8k9l,active,152,ASN,N,148,ILE,O,2.896,bb-bb
8k9l,active,151,TYR,N,149,ASP,O,3.422,bb-bb
8k9l,active,152,ASN,N,149,ASP,O,3.346,bb-bb
8k9l,active,153,MET,N,149,ASP,O,2.999,bb-bb
8k9l,active,328,TYR,OH,149,ASP,OD1,2.401,sc-sc
8k9l,active,152,ASN,N,150,TYR,O,3.415,bb-bb
8k9l,active,153,MET,N,150,TYR,O,3.397,bb-bb
8k9l,active,154,PHE,N,150,TYR,O,3.006,bb-bb
8k9l,active,153,MET,N,151,TYR,O,3.485,bb-bb
8k9l,active,154,PHE,N,151,TYR,O,3.337,bb-bb
8k9l,active,155,THR,N,151,TYR,O,2.91,bb-bb
8k9l,active,155,THR,OG1,151,TYR,O,2.757,bb-sc
8k9l,active,151,TYR,OH,194,TRP,O,2.724,bb-sc
8k9l,active,151,TYR,OH,198,SER,OG,2.502,sc-sc
8k9l,active,198,SER,OG,151,TYR,OH,2.502,sc-sc
8k9l,active,154,PHE,N,152,ASN,O,3.44,bb-bb
8k9l,active,155,THR,N,152,ASN,O,3.358,bb-bb
8k9l,active,155,THR,OG1,152,ASN,O,2.837,bb-sc
8k9l,active,156,SER,N,152,ASN,O,2.915,bb-bb
8k9l,active,156,SER,OG,152,ASN,O,3.474,bb-sc
8k9l,active,155,THR,N,153,MET,O,3.331,bb-bb
8k9l,active,156,SER,N,153,MET,O,3.375,bb-bb
8k9l,active,156,SER,OG,153,MET,O,3.019,bb-sc
8k9l,active,157,ILE,N,153,MET,O,3.073,bb-bb
8k9l,active,157,ILE,N,154,PHE,O,3.4,bb-bb
8k9l,active,158,TRP,N,154,PHE,O,2.935,bb-bb
8k9l,active,157,ILE,N,155,THR,O,3.425,bb-bb
8k9l,active,158,TRP,N,155,THR,O,3.389,bb-bb
8k9l,active,159,THR,N,155,THR,O,2.859,bb-bb
8k9l,active,159,THR,OG1,155,THR,O,2.809,bb-sc
8k9l,active,158,TRP,N,156,SER,O,3.427,bb-bb
8k9l,active,159,THR,N,156,SER,O,3.304,bb-bb
8k9l,active,160,LEU,N,156,SER,O,3.0,bb-bb
8k9l,active,159,THR,N,157,ILE,O,3.405,bb-bb
8k9l,active,160,LEU,N,157,ILE,O,3.188,bb-bb
8k9l,active,161,CYS,N,157,ILE,O,3.013,bb-bb
8k9l,active,161,CYS,N,158,TRP,O,3.31,bb-bb
8k9l,active,162,THR,N,158,TRP,O,2.9,bb-bb
8k9l,active,158,TRP,NE1,241,PHE,O,3.34,bb-sc
8k9l,active,161,CYS,N,159,THR,O,3.415,bb-bb
8k9l,active,162,THR,N,159,THR,O,3.311,bb-bb
8k9l,active,163,MET,N,159,THR,O,2.903,bb-bb
8k9l,active,193,ASN,ND2,159,THR,OG1,3.095,sc-sc
8k9l,active,162,THR,N,160,LEU,O,3.407,bb-bb
8k9l,active,163,MET,N,160,LEU,O,3.301,bb-bb
8k9l,active,164,SER,N,160,LEU,O,3.005,bb-bb
8k9l,active,163,MET,N,161,CYS,O,3.437,bb-bb
8k9l,active,164,SER,N,161,CYS,O,3.26,bb-bb
8k9l,active,165,VAL,N,161,CYS,O,2.964,bb-bb
8k9l,active,165,VAL,N,162,THR,O,3.397,bb-bb
8k9l,active,166,ASP,N,162,THR,O,2.906,bb-bb
8k9l,active,165,VAL,N,163,MET,O,3.466,bb-bb
8k9l,active,166,ASP,N,163,MET,O,3.253,bb-bb
8k9l,active,167,ARG,N,163,MET,O,2.977,bb-bb
8k9l,active,166,ASP,N,164,SER,O,3.41,bb-bb
8k9l,active,167,ARG,N,164,SER,O,3.253,bb-bb
8k9l,active,168,TYR,N,164,SER,O,2.946,bb-bb
8k9l,active,164,SER,OG,254,TYR,OH,3.282,sc-sc
8k9l,active,254,TYR,OH,164,SER,OG,3.282,sc-sc
8k9l,active,167,ARG,N,165,VAL,O,3.473,bb-bb
8k9l,active,168,TYR,N,165,VAL,O,3.3,bb-bb
8k9l,active,169,ILE,N,165,VAL,O,2.939,bb-bb
8k9l,active,168,TYR,N,166,ASP,O,3.444,bb-bb
8k9l,active,169,ILE,N,166,ASP,O,3.28,bb-bb
8k9l,active,170,ALA,N,166,ASP,O,2.884,bb-bb
8k9l,active,181,ARG,NE,166,ASP,OD1,2.449,sc-sc
8k9l,active,181,ARG,NH2,166,ASP,OD1,3.229,sc-sc
8k9l,active,181,ARG,NH2,166,ASP,OD2,3.217,sc-sc
8k9l,active,169,ILE,N,167,ARG,O,3.422,bb-bb
8k9l,active,170,ALA,N,167,ARG,O,3.153,bb-bb
8k9l,active,171,VAL,N,167,ARG,O,2.984,bb-bb
8k9l,active,167,ARG,NH1,254,TYR,OH,2.554,sc-sc
8k9l,active,170,ALA,N,168,TYR,O,3.419,bb-bb
8k9l,active,171,VAL,N,168,TYR,O,3.361,bb-bb
8k9l,active,172,CYS,N,168,TYR,O,2.884,bb-bb
8k9l,active,168,TYR,OH,173,HIS,NE2,3.364,sc-sc
8k9l,active,173,HIS,NE2,168,TYR,OH,3.364,sc-sc
8k9l,active,171,VAL,N,169,ILE,O,3.438,bb-bb
8k9l,active,173,HIS,N,169,ILE,O,3.027,bb-bb
8k9l,active,175,VAL,N,173,HIS,O,3.487,bb-bb
8k9l,active,176,LYS,N,173,HIS,O,3.393,bb-bb
8k9l,active,177,ALA,N,173,HIS,O,2.686,bb-bb
8k9l,active,176,LYS,N,174,PRO,O,3.396,bb-bb
8k9l,active,177,ALA,N,174,PRO,O,3.097,bb-bb
8k9l,active,178,LEU,N,174,PRO,O,2.952,bb-bb
8k9l,active,178,LEU,N,176,LYS,O,3.224,bb-bb
8k9l,active,179,ASP,N,176,LYS,O,3.084,bb-bb
8k9l,active,180,PHE,N,176,LYS,O,2.913,bb-bb
8k9l,active,179,ASP,N,177,ALA,O,3.343,bb-bb
8k9l,active,181,ARG,N,177,ALA,O,3.289,bb-bb
8k9l,active,181,ARG,N,179,ASP,O,3.465,bb-bb
8k9l,active,184,ARG,N,182,THR,O,3.237,bb-bb
8k9l,active,185,ASN,N,182,THR,O,3.117,bb-bb
8k9l,active,185,ASN,N,182,THR,OG1,3.388,bb-sc
8k9l,active,185,ASN,ND2,182,THR,OG1,3.125,sc-sc
8k9l,active,186,ALA,N,182,THR,O,3.066,bb-bb
8k9l,active,185,ASN,N,183,PRO,O,3.466,bb-bb
8k9l,active,186,ALA,N,183,PRO,O,3.182,bb-bb
8k9l,active,187,LYS,N,183,PRO,O,2.937,bb-bb
8k9l,active,186,ALA,N,184,ARG,O,3.45,bb-bb
8k9l,active,187,LYS,N,184,ARG,O,3.27,bb-bb
8k9l,active,188,ILE,N,184,ARG,O,2.917,bb-bb
8k9l,active,187,LYS,N,185,ASN,O,3.499,bb-bb
8k9l,active,188,ILE,N,185,ASN,O,3.268,bb-bb
8k9l,active,189,ILE,N,185,ASN,O,2.901,bb-bb
8k9l,active,188,ILE,N,186,ALA,O,3.445,bb-bb
8k9l,active,189,ILE,N,186,ALA,O,3.306,bb-bb
8k9l,active,190,ASN,N,186,ALA,O,2.93,bb-bb
8k9l,active,189,ILE,N,187,LYS,O,3.458,bb-bb
8k9l,active,190,ASN,N,187,LYS,O,3.254,bb-bb
8k9l,active,191,VAL,N,187,LYS,O,2.917,bb-bb
8k9l,active,190,ASN,N,188,ILE,O,3.432,bb-bb
8k9l,active,191,VAL,N,188,ILE,O,3.25,bb-bb
8k9l,active,192,CYS,N,188,ILE,O,2.928,bb-bb
8k9l,active,191,VAL,N,189,ILE,O,3.447,bb-bb
8k9l,active,192,CYS,N,189,ILE,O,3.272,bb-bb
8k9l,active,193,ASN,N,189,ILE,O,2.909,bb-bb
8k9l,active,192,CYS,N,190,ASN,O,3.448,bb-bb
8k9l,active,193,ASN,N,190,ASN,O,3.282,bb-bb
8k9l,active,194,TRP,N,190,ASN,O,2.915,bb-bb
8k9l,active,193,ASN,N,191,VAL,O,3.434,bb-bb
8k9l,active,194,TRP,N,191,VAL,O,3.232,bb-bb
8k9l,active,195,ILE,N,191,VAL,O,2.932,bb-bb
8k9l,active,194,TRP,N,192,CYS,O,3.481,bb-bb
8k9l,active,195,ILE,N,192,CYS,O,3.336,bb-bb
8k9l,active,196,LEU,N,192,CYS,O,2.914,bb-bb
8k9l,active,195,ILE,N,193,ASN,O,3.393,bb-bb
8k9l,active,196,LEU,N,193,ASN,O,3.305,bb-bb
8k9l,active,197,SER,N,193,ASN,O,2.924,bb-bb
8k9l,active,197,SER,OG,193,ASN,O,2.681,bb-sc
8k9l,active,197,SER,OG,193,ASN,OD1,2.992,sc-sc
8k9l,active,197,SER,N,194,TRP,O,3.327,bb-bb
8k9l,active,198,SER,N,194,TRP,O,2.951,bb-bb
8k9l,active,198,SER,OG,194,TRP,O,3.099,bb-sc
8k9l,active,197,SER,N,195,ILE,O,3.318,bb-bb
8k9l,active,198,SER,N,195,ILE,O,3.049,bb-bb
8k9l,active,199,ALA,N,195,ILE,O,2.931,bb-bb
8k9l,active,199,ALA,N,196,LEU,O,3.438,bb-bb
8k9l,active,199,ALA,N,197,SER,O,3.314,bb-bb
8k9l,active,200,ILE,N,197,SER,O,3.212,bb-bb
8k9l,active,201,GLY,N,197,SER,O,2.942,bb-bb
8k9l,active,200,ILE,N,198,SER,O,2.993,bb-bb
8k9l,active,201,GLY,N,198,SER,O,3.06,bb-bb
8k9l,active,202,LEU,N,198,SER,O,2.929,bb-bb
8k9l,active,204,VAL,N,201,GLY,O,3.297,bb-bb
8k9l,active,205,MET,N,201,GLY,O,2.795,bb-bb
8k9l,active,204,VAL,N,202,LEU,O,3.304,bb-bb
8k9l,active,205,MET,N,202,LEU,O,3.003,bb-bb
8k9l,active,206,PHE,N,202,LEU,O,2.917,bb-bb
8k9l,active,205,MET,N,203,PRO,O,3.483,bb-bb
8k9l,active,206,PHE,N,203,PRO,O,3.284,bb-bb
8k9l,active,207,MET,N,203,PRO,O,2.91,bb-bb
8k9l,active,206,PHE,N,204,VAL,O,3.433,bb-bb
8k9l,active,207,MET,N,204,VAL,O,3.402,bb-bb
8k9l,active,208,ALA,N,204,VAL,O,3.05,bb-bb
8k9l,active,208,ALA,N,206,PHE,O,3.247,bb-bb
8k9l,active,209,THR,N,207,MET,O,3.227,bb-bb
8k9l,active,209,THR,N,220,THR,O,3.481,bb-bb
8k9l,active,220,THR,N,209,THR,O,3.499,bb-bb
8k9l,active,213,ARG,N,211,LYS,O,3.062,bb-bb
8k9l,active,211,LYS,N,218,ASP,O,2.906,bb-bb
8k9l,active,218,ASP,N,211,LYS,O,2.875,bb-bb
8k9l,active,227,THR,OG1,223,PHE,O,3.498,bb-sc
8k9l,active,226,PRO,N,224,SER,O,3.382,bb-bb
8k9l,active,227,THR,N,224,SER,O,3.074,bb-bb
8k9l,active,228,TRP,N,226,PRO,O,3.296,bb-bb
8k9l,active,229,TYR,N,226,PRO,O,3.163,bb-bb
8k9l,active,230,TRP,N,226,PRO,O,3.265,bb-bb
8k9l,active,229,TYR,N,227,THR,O,3.427,bb-bb
8k9l,active,230,TRP,N,227,THR,O,3.378,bb-bb
8k9l,active,231,GLU,N,227,THR,O,2.909,bb-bb
8k9l,active,230,TRP,N,228,TRP,O,3.477,bb-bb
8k9l,active,231,GLU,N,228,TRP,O,3.491,bb-bb
8k9l,active,232,ASN,N,228,TRP,O,2.91,bb-bb
8k9l,active,232,ASN,N,229,TYR,O,3.435,bb-bb
8k9l,active,233,LEU,N,229,TYR,O,2.9,bb-bb
8k9l,active,232,ASN,N,230,TRP,O,3.487,bb-bb
8k9l,active,233,LEU,N,230,TRP,O,3.311,bb-bb
8k9l,active,234,LEU,N,230,TRP,O,2.914,bb-bb
8k9l,active,233,LEU,N,231,GLU,O,3.495,bb-bb
8k9l,active,234,LEU,N,231,GLU,O,3.344,bb-bb
8k9l,active,235,LYS,N,231,GLU,O,2.931,bb-bb
8k9l,active,235,LYS,NZ,231,GLU,OE1,3.441,sc-sc
8k9l,active,234,LEU,N,232,ASN,O,3.463,bb-bb
8k9l,active,235,LYS,N,232,ASN,O,3.349,bb-bb
8k9l,active,236,ILE,N,232,ASN,O,2.897,bb-bb
8k9l,active,236,ILE,N,233,LEU,O,3.407,bb-bb
8k9l,active,237,CYS,N,233,LEU,O,2.87,bb-bb
8k9l,active,236,ILE,N,234,LEU,O,3.434,bb-bb
8k9l,active,237,CYS,N,234,LEU,O,3.342,bb-bb
8k9l,active,238,VAL,N,234,LEU,O,2.917,bb-bb
8k9l,active,237,CYS,N,235,LYS,O,3.493,bb-bb
8k9l,active,238,VAL,N,235,LYS,O,3.363,bb-bb
8k9l,active,239,PHE,N,235,LYS,O,2.914,bb-bb
8k9l,active,238,VAL,N,236,ILE,O,3.45,bb-bb
8k9l,active,239,PHE,N,236,ILE,O,3.292,bb-bb
8k9l,active,240,ILE,N,236,ILE,O,2.899,bb-bb
8k9l,active,240,ILE,N,237,CYS,O,3.451,bb-bb
8k9l,active,241,PHE,N,237,CYS,O,2.893,bb-bb
8k9l,active,240,ILE,N,238,VAL,O,3.314,bb-bb
8k9l,active,242,ALA,N,238,VAL,O,2.92,bb-bb
8k9l,active,243,PHE,N,239,PHE,O,3.181,bb-bb
8k9l,active,244,ILE,N,239,PHE,O,3.329,bb-bb
8k9l,active,242,ALA,N,240,ILE,O,3.141,bb-bb
8k9l,active,244,ILE,N,240,ILE,O,3.345,bb-bb
8k9l,active,245,MET,N,240,ILE,O,3.3,bb-bb
8k9l,active,247,VAL,N,243,PHE,O,3.087,bb-bb
8k9l,active,246,PRO,N,244,ILE,O,3.492,bb-bb
8k9l,active,247,VAL,N,244,ILE,O,3.252,bb-bb
8k9l,active,248,LEU,N,244,ILE,O,2.909,bb-bb
8k9l,active,247,VAL,N,245,MET,O,3.397,bb-bb
8k9l,active,248,LEU,N,245,MET,O,3.271,bb-bb
8k9l,active,249,ILE,N,245,MET,O,2.867,bb-bb
8k9l,active,248,LEU,N,246,PRO,O,3.443,bb-bb
8k9l,active,249,ILE,N,246,PRO,O,3.315,bb-bb
8k9l,active,250,ILE,N,246,PRO,O,2.927,bb-bb
8k9l,active,249,ILE,N,247,VAL,O,3.427,bb-bb
8k9l,active,250,ILE,N,247,VAL,O,3.397,bb-bb
8k9l,active,251,THR,N,247,VAL,O,2.922,bb-bb
8k9l,active,251,THR,OG1,247,VAL,O,2.557,bb-sc
8k9l,active,250,ILE,N,248,LEU,O,3.48,bb-bb
8k9l,active,251,THR,N,248,LEU,O,3.42,bb-bb
8k9l,active,251,THR,OG1,248,LEU,O,2.831,bb-sc
8k9l,active,252,VAL,N,248,LEU,O,2.908,bb-bb
8k9l,active,251,THR,N,249,ILE,O,3.413,bb-bb
8k9l,active,252,VAL,N,249,ILE,O,3.409,bb-bb
8k9l,active,253,CYS,N,249,ILE,O,2.929,bb-bb
8k9l,active,252,VAL,N,250,ILE,O,3.45,bb-bb
8k9l,active,253,CYS,N,250,ILE,O,3.438,bb-bb
8k9l,active,254,TYR,N,250,ILE,O,2.949,bb-bb
8k9l,active,253,CYS,N,251,THR,O,3.467,bb-bb
8k9l,active,255,GLY,N,251,THR,O,2.886,bb-bb
8k9l,active,254,TYR,N,252,VAL,O,3.467,bb-bb
8k9l,active,255,GLY,N,252,VAL,O,3.338,bb-bb
8k9l,active,256,LEU,N,252,VAL,O,2.948,bb-bb
8k9l,active,255,GLY,N,253,CYS,O,3.446,bb-bb
8k9l,active,256,LEU,N,253,CYS,O,3.372,bb-bb
8k9l,active,257,MET,N,253,CYS,O,2.922,bb-bb
8k9l,active,257,MET,N,254,TYR,O,3.303,bb-bb
8k9l,active,258,ILE,N,254,TYR,O,2.916,bb-bb
8k9l,active,257,MET,N,255,GLY,O,3.407,bb-bb
8k9l,active,258,ILE,N,255,GLY,O,3.238,bb-bb
8k9l,active,259,LEU,N,255,GLY,O,2.909,bb-bb
8k9l,active,258,ILE,N,256,LEU,O,3.43,bb-bb
8k9l,active,259,LEU,N,256,LEU,O,3.296,bb-bb
8k9l,active,260,ARG,N,256,LEU,O,2.951,bb-bb
8k9l,active,260,ARG,N,257,MET,O,3.337,bb-bb
8k9l,active,261,LEU,N,257,MET,O,2.878,bb-bb
8k9l,active,260,ARG,N,258,ILE,O,3.414,bb-bb
8k9l,active,261,LEU,N,258,ILE,O,3.194,bb-bb
8k9l,active,262,LYS,N,258,ILE,O,2.925,bb-bb
8k9l,active,262,LYS,N,259,LEU,O,3.44,bb-bb
8k9l,active,262,LYS,N,260,ARG,O,3.464,bb-bb
8k9l,active,263,SER,N,260,ARG,O,3.446,bb-bb
8k9l,active,263,SER,N,261,LEU,O,3.154,bb-bb
8k9l,active,264,VAL,N,261,LEU,O,3.467,bb-bb
8k9l,active,266,MET,N,264,VAL,O,3.381,bb-bb
8k9l,active,267,LEU,N,264,VAL,O,3.466,bb-bb
8k9l,active,268,SER,N,264,VAL,O,3.266,bb-bb
8k9l,active,268,SER,OG,264,VAL,O,2.348,bb-sc
8k9l,active,274,ASP,N,267,LEU,O,3.382,bb-bb
8k9l,active,272,GLU,N,270,SER,O,3.177,bb-bb
8k9l,active,273,LYS,N,270,SER,O,2.865,bb-bb
8k9l,active,274,ASP,N,270,SER,O,2.744,bb-bb
8k9l,active,273,LYS,N,271,LYS,O,3.34,bb-bb
8k9l,active,274,ASP,N,271,LYS,O,3.252,bb-bb
8k9l,active,275,ARG,N,271,LYS,O,2.844,bb-bb
8k9l,active,275,ARG,N,272,GLU,O,3.213,bb-bb
8k9l,active,276,ASN,N,272,GLU,O,2.924,bb-bb
8k9l,active,275,ARG,N,273,LYS,O,3.321,bb-bb
8k9l,active,276,ASN,N,273,LYS,O,3.213,bb-bb
8k9l,active,277,LEU,N,273,LYS,O,2.971,bb-bb
8k9l,active,277,LEU,N,274,ASP,O,3.255,bb-bb
8k9l,active,278,ARG,N,274,ASP,O,2.84,bb-bb
8k9l,active,277,LEU,N,275,ARG,O,3.408,bb-bb
8k9l,active,278,ARG,N,275,ARG,O,3.154,bb-bb
8k9l,active,279,ARG,N,275,ARG,O,2.89,bb-bb
8k9l,active,278,ARG,N,276,ASN,O,3.438,bb-bb
8k9l,active,279,ARG,N,276,ASN,O,3.276,bb-bb
8k9l,active,280,ILE,N,276,ASN,O,2.961,bb-bb
8k9l,active,279,ARG,N,277,LEU,O,3.401,bb-bb
8k9l,active,280,ILE,N,277,LEU,O,3.278,bb-bb
8k9l,active,281,THR,N,277,LEU,O,2.973,bb-bb
8k9l,active,281,THR,OG1,277,LEU,O,3.423,bb-sc
8k9l,active,281,THR,N,278,ARG,O,3.342,bb-bb
8k9l,active,282,ARG,N,278,ARG,O,2.852,bb-bb
8k9l,active,282,ARG,N,279,ARG,O,3.298,bb-bb
8k9l,active,283,MET,N,279,ARG,O,2.924,bb-bb
8k9l,active,282,ARG,N,280,ILE,O,3.366,bb-bb
8k9l,active,283,MET,N,280,ILE,O,3.275,bb-bb
8k9l,active,284,VAL,N,280,ILE,O,3.015,bb-bb
8k9l,active,283,MET,N,281,THR,O,3.481,bb-bb
8k9l,active,284,VAL,N,281,THR,O,3.33,bb-bb
8k9l,active,285,LEU,N,281,THR,O,2.907,bb-bb
8k9l,active,285,LEU,N,282,ARG,O,3.379,bb-bb
8k9l,active,286,VAL,N,282,ARG,O,2.864,bb-bb
8k9l,active,285,LEU,N,283,MET,O,3.424,bb-bb
8k9l,active,286,VAL,N,283,MET,O,3.272,bb-bb
8k9l,active,287,VAL,N,283,MET,O,2.994,bb-bb
8k9l,active,286,VAL,N,284,VAL,O,3.4,bb-bb
8k9l,active,287,VAL,N,284,VAL,O,3.236,bb-bb
8k9l,active,288,VAL,N,284,VAL,O,3.025,bb-bb
8k9l,active,287,VAL,N,285,LEU,O,3.478,bb-bb
8k9l,active,288,VAL,N,285,LEU,O,3.36,bb-bb
8k9l,active,289,ALA,N,285,LEU,O,2.865,bb-bb
8k9l,active,288,VAL,N,286,VAL,O,3.44,bb-bb
8k9l,active,289,ALA,N,286,VAL,O,3.419,bb-bb
8k9l,active,290,VAL,N,286,VAL,O,2.913,bb-bb
8k9l,active,289,ALA,N,287,VAL,O,3.408,bb-bb
8k9l,active,290,VAL,N,287,VAL,O,3.326,bb-bb
8k9l,active,291,PHE,N,287,VAL,O,3.005,bb-bb
8k9l,active,290,VAL,N,288,VAL,O,3.456,bb-bb
8k9l,active,291,PHE,N,288,VAL,O,3.308,bb-bb
8k9l,active,292,ILE,N,288,VAL,O,2.959,bb-bb
8k9l,active,291,PHE,N,289,ALA,O,3.473,bb-bb
8k9l,active,292,ILE,N,289,ALA,O,3.359,bb-bb
8k9l,active,293,VAL,N,289,ALA,O,2.9,bb-bb
8k9l,active,292,ILE,N,290,VAL,O,3.409,bb-bb
8k9l,active,293,VAL,N,290,VAL,O,3.408,bb-bb
8k9l,active,294,CYS,N,290,VAL,O,2.92,bb-bb
8k9l,active,293,VAL,N,291,PHE,O,3.47,bb-bb
8k9l,active,294,CYS,N,291,PHE,O,3.382,bb-bb
8k9l,active,295,TRP,N,291,PHE,O,2.989,bb-bb
8k9l,active,294,CYS,N,292,ILE,O,3.306,bb-bb
8k9l,active,295,TRP,N,292,ILE,O,3.334,bb-bb
8k9l,active,296,THR,N,292,ILE,O,2.933,bb-bb
8k9l,active,296,THR,OG1,292,ILE,O,2.751,bb-sc
8k9l,active,330,ASN,N,294,CYS,SG,3.376,bb-sc
8k9l,active,298,ILE,N,296,THR,O,3.181,bb-bb
8k9l,active,299,HIS,N,296,THR,O,3.069,bb-bb
8k9l,active,300,ILE,N,296,THR,O,2.981,bb-bb
8k9l,active,299,HIS,N,297,PRO,O,3.433,bb-bb
8k9l,active,300,ILE,N,297,PRO,O,3.361,bb-bb
8k9l,active,301,TYR,N,297,PRO,O,2.887,bb-bb
8k9l,active,301,TYR,N,298,ILE,O,3.347,bb-bb
8k9l,active,302,VAL,N,298,ILE,O,2.898,bb-bb
8k9l,active,301,TYR,N,299,HIS,O,3.402,bb-bb
8k9l,active,302,VAL,N,299,HIS,O,3.26,bb-bb
8k9l,active,303,ILE,N,299,HIS,O,2.95,bb-bb
8k9l,active,303,ILE,N,300,ILE,O,3.331,bb-bb
8k9l,active,304,ILE,N,300,ILE,O,2.9,bb-bb
8k9l,active,303,ILE,N,301,TYR,O,3.415,bb-bb
8k9l,active,304,ILE,N,301,TYR,O,3.287,bb-bb
8k9l,active,305,LYS,N,301,TYR,O,2.919,bb-bb
8k9l,active,301,TYR,OH,316,GLN,OE1,2.619,sc-sc
8k9l,active,301,TYR,OH,319,SER,OG,2.523,sc-sc
8k9l,active,319,SER,OG,301,TYR,OH,2.523,sc-sc
8k9l,active,304,ILE,N,302,VAL,O,3.422,bb-bb
8k9l,active,305,LYS,N,302,VAL,O,3.376,bb-bb
8k9l,active,306,ALA,N,302,VAL,O,2.903,bb-bb
8k9l,active,306,ALA,N,303,ILE,O,3.365,bb-bb
8k9l,active,307,LEU,N,303,ILE,O,2.926,bb-bb
8k9l,active,308,VAL,N,304,ILE,O,2.876,bb-bb
8k9l,active,310,ILE,N,308,VAL,O,2.882,bb-bb
8k9l,active,315,PHE,N,313,THR,O,3.332,bb-bb
8k9l,active,316,GLN,N,313,THR,O,2.938,bb-bb
8k9l,active,317,THR,N,313,THR,O,3.042,bb-bb
8k9l,active,316,GLN,N,314,THR,O,3.348,bb-bb
8k9l,active,317,THR,N,314,THR,O,3.111,bb-bb
8k9l,active,317,THR,OG1,314,THR,O,2.412,bb-sc
8k9l,active,318,VAL,N,314,THR,O,2.954,bb-bb
8k9l,active,317,THR,N,315,PHE,O,3.437,bb-bb
8k9l,active,318,VAL,N,315,PHE,O,3.433,bb-bb
8k9l,active,319,SER,N,315,PHE,O,2.886,bb-bb
8k9l,active,319,SER,OG,315,PHE,O,3.458,bb-sc
8k9l,active,319,SER,N,316,GLN,O,3.438,bb-bb
8k9l,active,319,SER,OG,316,GLN,O,2.973,bb-sc
8k9l,active,320,TRP,N,316,GLN,O,2.89,bb-bb
8k9l,active,319,SER,N,317,THR,O,3.431,bb-bb
8k9l,active,320,TRP,N,317,THR,O,3.3,bb-bb
8k9l,active,321,HIS,N,317,THR,O,2.951,bb-bb
8k9l,active,320,TRP,N,318,VAL,O,3.44,bb-bb
8k9l,active,321,HIS,N,318,VAL,O,3.372,bb-bb
8k9l,active,322,PHE,N,318,VAL,O,2.905,bb-bb
8k9l,active,321,HIS,N,319,SER,O,3.481,bb-bb
8k9l,active,322,PHE,N,319,SER,O,3.339,bb-bb
8k9l,active,323,CYS,N,319,SER,O,2.883,bb-bb
8k9l,active,322,PHE,N,320,TRP,O,3.487,bb-bb
8k9l,active,323,CYS,N,320,TRP,O,3.209,bb-bb
8k9l,active,324,ILE,N,320,TRP,O,2.974,bb-bb
8k9l,active,323,CYS,N,321,HIS,O,3.451,bb-bb
8k9l,active,324,ILE,N,321,HIS,O,3.279,bb-bb
8k9l,active,325,ALA,N,321,HIS,O,2.927,bb-bb
8k9l,active,324,ILE,N,322,PHE,O,3.487,bb-bb
8k9l,active,325,ALA,N,322,PHE,O,3.307,bb-bb
8k9l,active,326,LEU,N,322,PHE,O,2.861,bb-bb
8k9l,active,326,LEU,N,323,CYS,O,3.225,bb-bb
8k9l,active,327,GLY,N,323,CYS,O,2.88,bb-bb
8k9l,active,326,LEU,N,324,ILE,O,3.288,bb-bb
8k9l,active,327,GLY,N,324,ILE,O,3.054,bb-bb
8k9l,active,328,TYR,N,324,ILE,O,3.021,bb-bb
8k9l,active,328,TYR,N,325,ALA,O,3.195,bb-bb
8k9l,active,329,THR,N,325,ALA,O,2.877,bb-bb
8k9l,active,329,THR,OG1,325,ALA,O,2.467,bb-sc
8k9l,active,328,TYR,N,326,LEU,O,3.226,bb-bb
8k9l,active,329,THR,N,326,LEU,O,3.031,bb-bb
8k9l,active,329,THR,OG1,326,LEU,O,3.16,bb-sc
8k9l,active,330,ASN,N,328,TYR,O,3.419,bb-bb
8k9l,active,331,SER,N,328,TYR,O,3.092,bb-bb
8k9l,active,332,CYS,N,328,TYR,O,3.052,bb-bb
8k9l,active,331,SER,N,329,THR,O,3.328,bb-bb
8k9l,active,332,CYS,N,329,THR,O,3.084,bb-bb
8k9l,active,333,LEU,N,329,THR,O,2.851,bb-bb
8k9l,active,332,CYS,N,330,ASN,O,3.37,bb-bb
8k9l,active,333,LEU,N,330,ASN,O,3.279,bb-bb
8k9l,active,334,ASN,N,330,ASN,O,2.928,bb-bb
8k9l,active,333,LEU,N,331,SER,O,3.471,bb-bb
8k9l,active,334,ASN,N,331,SER,O,3.403,bb-bb
8k9l,active,334,ASN,N,332,CYS,O,3.477,bb-bb
8k9l,active,335,PRO,N,333,LEU,O,3.43,bb-bb
8k9l,active,336,VAL,N,333,LEU,O,3.187,bb-bb
8k9l,active,337,LEU,N,333,LEU,O,2.845,bb-bb
8k9l,active,336,VAL,N,334,ASN,O,3.375,bb-bb
8k9l,active,337,LEU,N,334,ASN,O,3.104,bb-bb
8k9l,active,338,TYR,N,334,ASN,O,2.985,bb-bb
8k9l,active,337,LEU,N,335,PRO,O,3.263,bb-bb
8k9l,active,338,TYR,N,335,PRO,O,3.141,bb-bb
8k9l,active,339,ALA,N,335,PRO,O,2.781,bb-bb
8k9l,active,340,PHE,N,335,PRO,O,2.991,bb-bb
8k9l,active,338,TYR,N,336,VAL,O,3.139,bb-bb
8k9l,active,341,LEU,N,336,VAL,O,3.076,bb-bb
8k9l,active,342,ASP,N,338,TYR,O,3.079,bb-bb
8k9l,active,341,LEU,N,339,ALA,O,3.453,bb-bb
8k9l,active,342,ASP,N,339,ALA,O,3.204,bb-bb
8k9l,active,342,ASP,N,340,PHE,O,3.219,bb-bb
8k9l,active,343,GLU,N,341,LEU,O,3.205,bb-bb
8k9l,active,346,LYS,NZ,341,LEU,O,3.376,bb-sc
8k9l,active,344,ASN,N,342,ASP,O,3.439,bb-bb
8k9l,active,344,ASN,N,342,ASP,OD1,2.779,bb-sc
8k9l,active,345,PHE,N,342,ASP,O,3.13,bb-bb
8k9l,active,345,PHE,N,342,ASP,OD2,2.794,bb-sc
8k9l,active,345,PHE,N,343,GLU,O,3.258,bb-bb
8k9l,active,346,LYS,N,343,GLU,O,3.042,bb-bb
8k9l,active,346,LYS,NZ,343,GLU,OE1,3.197,sc-sc
8k9l,active,346,LYS,NZ,343,GLU,OE2,2.66,sc-sc
8k9l,active,347,ARG,NE,343,GLU,O,3.427,bb-sc
8k9l,active,346,LYS,N,344,ASN,O,3.12,bb-bb
8k9l,active,347,ARG,N,344,ASN,O,3.457,bb-bb
8k9l,active,347,ARG,N,345,PHE,O,2.949,bb-bb
9MQI,inactive,69,THR,N,67,MET,O,3.478,bb-bb
9MQI,inactive,70,ALA,N,67,MET,O,3.17,bb-bb
9MQI,inactive,71,ILE,N,67,MET,O,2.937,bb-bb
9MQI,inactive,70,ALA,N,68,ILE,O,3.435,bb-bb
9MQI,inactive,71,ILE,N,68,ILE,O,3.437,bb-bb
9MQI,inactive,72,THR,N,68,ILE,O,2.92,bb-bb
9MQI,inactive,72,THR,OG1,68,ILE,O,2.758,bb-sc
9MQI,inactive,72,THR,N,69,THR,O,3.337,bb-bb
9MQI,inactive,73,ILE,N,69,THR,O,2.899,bb-bb
9MQI,inactive,72,THR,N,70,ALA,O,3.467,bb-bb
9MQI,inactive,73,ILE,N,70,ALA,O,3.301,bb-bb
9MQI,inactive,74,MET,N,70,ALA,O,2.908,bb-bb
9MQI,inactive,73,ILE,N,71,ILE,O,3.5,bb-bb
9MQI,inactive,74,MET,N,71,ILE,O,3.312,bb-bb
9MQI,inactive,75,ALA,N,71,ILE,O,2.878,bb-bb
9MQI,inactive,74,MET,N,72,THR,O,3.471,bb-bb
9MQI,inactive,75,ALA,N,72,THR,O,3.306,bb-bb
9MQI,inactive,76,LEU,N,72,THR,O,2.923,bb-bb
9MQI,inactive,75,ALA,N,73,ILE,O,3.449,bb-bb
9MQI,inactive,76,LEU,N,73,ILE,O,3.312,bb-bb
9MQI,inactive,77,TYR,N,73,ILE,O,2.885,bb-bb
9MQI,inactive,77,TYR,N,74,MET,O,3.315,bb-bb
9MQI,inactive,78,SER,N,74,MET,O,2.897,bb-bb
9MQI,inactive,78,SER,OG,74,MET,O,2.87,bb-sc
9MQI,inactive,78,SER,OG,74,MET,SD,3.467,sc-sc
9MQI,inactive,77,TYR,N,75,ALA,O,3.46,bb-bb
9MQI,inactive,78,SER,N,75,ALA,O,3.291,bb-bb
9MQI,inactive,79,ILE,N,75,ALA,O,2.919,bb-bb
9MQI,inactive,78,SER,N,76,LEU,O,3.448,bb-bb
9MQI,inactive,79,ILE,N,76,LEU,O,3.332,bb-bb
9MQI,inactive,80,VAL,N,76,LEU,O,2.916,bb-bb
9MQI,inactive,79,ILE,N,77,TYR,O,3.492,bb-bb
9MQI,inactive,80,VAL,N,77,TYR,O,3.398,bb-bb
9MQI,inactive,81,CYS,N,77,TYR,O,2.834,bb-bb
9MQI,inactive,81,CYS,N,78,SER,O,3.251,bb-bb
9MQI,inactive,82,VAL,N,78,SER,O,2.946,bb-bb
9MQI,inactive,81,CYS,N,79,ILE,O,3.348,bb-bb
9MQI,inactive,82,VAL,N,79,ILE,O,3.434,bb-bb
9MQI,inactive,83,VAL,N,79,ILE,O,2.955,bb-bb
9MQI,inactive,84,GLY,N,80,VAL,O,2.839,bb-bb
9MQI,inactive,83,VAL,N,81,CYS,O,3.395,bb-bb
9MQI,inactive,84,GLY,N,81,CYS,O,3.098,bb-bb
9MQI,inactive,85,LEU,N,81,CYS,O,2.948,bb-bb
9MQI,inactive,84,GLY,N,82,VAL,O,3.358,bb-bb
9MQI,inactive,85,LEU,N,82,VAL,O,3.423,bb-bb
9MQI,inactive,86,PHE,N,82,VAL,O,2.954,bb-bb
9MQI,inactive,86,PHE,N,83,VAL,O,3.407,bb-bb
9MQI,inactive,87,GLY,N,83,VAL,O,2.871,bb-bb
9MQI,inactive,86,PHE,N,84,GLY,O,3.421,bb-bb
9MQI,inactive,87,GLY,N,84,GLY,O,3.49,bb-bb
9MQI,inactive,88,ASN,N,84,GLY,O,2.932,bb-bb
9MQI,inactive,88,ASN,ND2,84,GLY,O,2.418,bb-sc
9MQI,inactive,87,GLY,N,85,LEU,O,3.487,bb-bb
9MQI,inactive,89,PHE,N,85,LEU,O,2.896,bb-bb
9MQI,inactive,88,ASN,N,86,PHE,O,3.46,bb-bb
9MQI,inactive,89,PHE,N,86,PHE,O,3.464,bb-bb
9MQI,inactive,90,LEU,N,86,PHE,O,2.945,bb-bb
9MQI,inactive,90,LEU,N,87,GLY,O,3.296,bb-bb
9MQI,inactive,91,VAL,N,87,GLY,O,2.899,bb-bb
9MQI,inactive,90,LEU,N,88,ASN,O,3.483,bb-bb
9MQI,inactive,91,VAL,N,88,ASN,O,3.28,bb-bb
9MQI,inactive,92,MET,N,88,ASN,O,2.911,bb-bb
9MQI,inactive,88,ASN,ND2,331,SER,O,2.955,bb-sc
9MQI,inactive,91,VAL,N,89,PHE,O,3.469,bb-bb
9MQI,inactive,92,MET,N,89,PHE,O,3.337,bb-bb
9MQI,inactive,93,TYR,N,89,PHE,O,2.904,bb-bb
9MQI,inactive,92,MET,N,90,LEU,O,3.462,bb-bb
9MQI,inactive,93,TYR,N,90,LEU,O,3.279,bb-bb
9MQI,inactive,94,VAL,N,90,LEU,O,2.925,bb-bb
9MQI,inactive,93,TYR,N,91,VAL,O,3.4,bb-bb
9MQI,inactive,94,VAL,N,91,VAL,O,3.366,bb-bb
9MQI,inactive,95,ILE,N,91,VAL,O,2.947,bb-bb
9MQI,inactive,95,ILE,N,92,MET,O,3.301,bb-bb
9MQI,inactive,96,VAL,N,92,MET,O,2.935,bb-bb
9MQI,inactive,95,ILE,N,93,TYR,O,3.349,bb-bb
9MQI,inactive,96,VAL,N,93,TYR,O,3.251,bb-bb
9MQI,inactive,97,ARG,N,93,TYR,O,2.887,bb-bb
9MQI,inactive,97,ARG,N,95,ILE,O,3.314,bb-bb
9MQI,inactive,101,MET,N,98,TYR,O,3.171,bb-bb
9MQI,inactive,101,MET,N,99,THR,O,3.279,bb-bb
9MQI,inactive,102,LYS,N,99,THR,O,3.156,bb-bb
9MQI,inactive,102,LYS,N,100,LYS,O,3.49,bb-bb
9MQI,inactive,106,ASN,ND2,101,MET,O,3.209,bb-sc
9MQI,inactive,106,ASN,ND2,101,MET,SD,3.415,sc-sc
9MQI,inactive,105,THR,N,103,THR,O,3.329,bb-bb
9MQI,inactive,103,THR,OG1,106,ASN,OD1,2.622,sc-sc
9MQI,inactive,106,ASN,N,103,THR,O,3.093,bb-bb
9MQI,inactive,106,ASN,ND2,103,THR,OG1,3.49,sc-sc
9MQI,inactive,107,ILE,N,103,THR,O,3.203,bb-bb
9MQI,inactive,106,ASN,N,104,ALA,O,3.448,bb-bb
9MQI,inactive,107,ILE,N,104,ALA,O,3.383,bb-bb
9MQI,inactive,107,ILE,N,105,THR,O,3.321,bb-bb
9MQI,inactive,108,TYR,N,105,THR,O,3.234,bb-bb
9MQI,inactive,109,ILE,N,105,THR,O,2.942,bb-bb
9MQI,inactive,167,ARG,NH1,105,THR,OG1,2.317,sc-sc
9MQI,inactive,109,ILE,N,106,ASN,O,3.306,bb-bb
9MQI,inactive,110,PHE,N,106,ASN,O,2.838,bb-bb
9MQI,inactive,110,PHE,N,107,ILE,O,3.179,bb-bb
9MQI,inactive,111,ASN,N,107,ILE,O,2.935,bb-bb
9MQI,inactive,190,ASN,ND2,107,ILE,O,3.448,bb-sc
9MQI,inactive,110,PHE,N,108,TYR,O,3.422,bb-bb
9MQI,inactive,111,ASN,N,108,TYR,O,3.206,bb-bb
9MQI,inactive,112,LEU,N,108,TYR,O,2.91,bb-bb
9MQI,inactive,111,ASN,N,109,ILE,O,3.456,bb-bb
9MQI,inactive,112,LEU,N,109,ILE,O,3.352,bb-bb
9MQI,inactive,113,ALA,N,109,ILE,O,2.909,bb-bb
9MQI,inactive,112,LEU,N,110,PHE,O,3.495,bb-bb
9MQI,inactive,113,ALA,N,110,PHE,O,3.364,bb-bb
9MQI,inactive,114,LEU,N,110,PHE,O,2.848,bb-bb
9MQI,inactive,113,ALA,N,111,ASN,O,3.488,bb-bb
9MQI,inactive,114,LEU,N,111,ASN,O,3.234,bb-bb
9MQI,inactive,115,ALA,N,111,ASN,O,2.924,bb-bb
9MQI,inactive,111,ASN,ND2,159,THR,OG1,2.208,sc-sc
9MQI,inactive,194,TRP,NE1,111,ASN,OD1,2.703,sc-sc
9MQI,inactive,114,LEU,N,112,LEU,O,3.437,bb-bb
9MQI,inactive,115,ALA,N,112,LEU,O,3.289,bb-bb
9MQI,inactive,116,ASP,N,112,LEU,O,2.926,bb-bb
9MQI,inactive,116,ASP,N,113,ALA,O,3.323,bb-bb
9MQI,inactive,117,ALA,N,113,ALA,O,2.864,bb-bb
9MQI,inactive,116,ASP,N,114,LEU,O,3.452,bb-bb
9MQI,inactive,117,ALA,N,114,LEU,O,3.316,bb-bb
9MQI,inactive,118,LEU,N,114,LEU,O,2.936,bb-bb
9MQI,inactive,117,ALA,N,115,ALA,O,3.488,bb-bb
9MQI,inactive,118,LEU,N,115,ALA,O,3.326,bb-bb
9MQI,inactive,119,ALA,N,115,ALA,O,2.898,bb-bb
9MQI,inactive,118,LEU,N,116,ASP,O,3.461,bb-bb
9MQI,inactive,119,ALA,N,116,ASP,O,3.242,bb-bb
9MQI,inactive,120,THR,N,116,ASP,O,2.906,bb-bb
9MQI,inactive,120,THR,OG1,116,ASP,O,2.516,bb-sc
9MQI,inactive,331,SER,OG,116,ASP,OD1,3.136,sc-sc
9MQI,inactive,334,ASN,ND2,116,ASP,OD2,2.493,sc-sc
9MQI,inactive,119,ALA,N,117,ALA,O,3.471,bb-bb
9MQI,inactive,120,THR,N,117,ALA,O,3.28,bb-bb
9MQI,inactive,120,THR,OG1,117,ALA,O,2.914,bb-sc
9MQI,inactive,121,SER,N,117,ALA,O,3.041,bb-bb
9MQI,inactive,120,THR,N,118,LEU,O,3.435,bb-bb
9MQI,inactive,121,SER,OG,118,LEU,O,3.185,bb-sc
9MQI,inactive,122,THR,N,120,THR,O,3.158,bb-bb
9MQI,inactive,123,LEU,N,120,THR,O,3.064,bb-bb
9MQI,inactive,122,THR,OG1,126,GLN,OE1,3.446,sc-sc
9MQI,inactive,122,THR,OG1,126,GLN,NE2,3.494,sc-sc
9MQI,inactive,126,GLN,N,122,THR,O,3.27,bb-bb
9MQI,inactive,126,GLN,NE2,122,THR,OG1,3.494,sc-sc
9MQI,inactive,125,PHE,N,123,LEU,O,3.31,bb-bb
9MQI,inactive,126,GLN,N,123,LEU,O,3.106,bb-bb
9MQI,inactive,127,SER,N,123,LEU,O,2.895,bb-bb
9MQI,inactive,127,SER,OG,123,LEU,O,2.94,bb-sc
9MQI,inactive,127,SER,N,124,PRO,O,3.454,bb-bb
9MQI,inactive,127,SER,OG,124,PRO,O,3.046,bb-sc
9MQI,inactive,128,VAL,N,124,PRO,O,3.056,bb-bb
9MQI,inactive,127,SER,N,125,PHE,O,3.418,bb-bb
9MQI,inactive,126,GLN,NE2,149,ASP,OD1,3.235,sc-sc
9MQI,inactive,126,GLN,NE2,149,ASP,OD2,3.174,sc-sc
9MQI,inactive,126,GLN,NE2,328,TYR,OH,2.82,sc-sc
9MQI,inactive,328,TYR,OH,126,GLN,OE1,3.364,sc-sc
9MQI,inactive,328,TYR,OH,126,GLN,NE2,2.82,sc-sc
9MQI,inactive,129,ASN,N,127,SER,O,3.434,bb-bb
9MQI,inactive,130,TYR,N,127,SER,O,3.37,bb-bb
9MQI,inactive,130,TYR,N,128,VAL,O,3.023,bb-bb
9MQI,inactive,131,LEU,N,128,VAL,O,3.01,bb-bb
9MQI,inactive,131,LEU,N,129,ASN,O,3.16,bb-bb
9MQI,inactive,133,GLY,N,129,ASN,O,2.799,bb-bb
9MQI,inactive,134,THR,N,129,ASN,OD1,2.674,bb-sc
9MQI,inactive,130,TYR,OH,321,HIS,NE2,2.829,sc-sc
9MQI,inactive,321,HIS,NE2,130,TYR,OH,2.829,sc-sc
9MQI,inactive,134,THR,OG1,132,MET,O,3.391,bb-sc
9MQI,inactive,135,TRP,NE1,138,GLY,O,2.514,bb-sc
9MQI,inactive,135,TRP,N,217,ILE,O,3.076,bb-bb
9MQI,inactive,138,GLY,N,136,PRO,O,3.432,bb-bb
9MQI,inactive,140,ILE,N,138,GLY,O,3.491,bb-bb
9MQI,inactive,141,LEU,N,138,GLY,O,3.422,bb-bb
9MQI,inactive,142,CYS,N,138,GLY,O,3.082,bb-bb
9MQI,inactive,142,CYS,N,139,THR,O,3.287,bb-bb
9MQI,inactive,143,LYS,N,139,THR,O,2.892,bb-bb
9MQI,inactive,139,THR,OG1,210,THR,OG1,3.397,sc-sc
9MQI,inactive,210,THR,OG1,139,THR,OG1,3.397,sc-sc
9MQI,inactive,142,CYS,N,140,ILE,O,3.448,bb-bb
9MQI,inactive,143,LYS,N,140,ILE,O,3.186,bb-bb
9MQI,inactive,144,ILE,N,140,ILE,O,2.932,bb-bb
9MQI,inactive,143,LYS,N,141,LEU,O,3.47,bb-bb
9MQI,inactive,144,ILE,N,141,LEU,O,3.321,bb-bb
9MQI,inactive,145,VAL,N,141,LEU,O,2.876,bb-bb
9MQI,inactive,144,ILE,N,142,CYS,O,3.454,bb-bb
9MQI,inactive,145,VAL,N,142,CYS,O,3.397,bb-bb
9MQI,inactive,146,ILE,N,142,CYS,O,2.932,bb-bb
9MQI,inactive,145,VAL,N,143,LYS,O,3.452,bb-bb
9MQI,inactive,146,ILE,N,143,LYS,O,3.425,bb-bb
9MQI,inactive,147,SER,N,143,LYS,O,2.895,bb-bb
9MQI,inactive,143,LYS,NZ,208,ALA,O,2.301,bb-sc
9MQI,inactive,147,SER,N,144,ILE,O,3.375,bb-bb
9MQI,inactive,148,ILE,N,144,ILE,O,2.908,bb-bb
9MQI,inactive,147,SER,N,145,VAL,O,3.399,bb-bb
9MQI,inactive,148,ILE,N,145,VAL,O,3.282,bb-bb
9MQI,inactive,149,ASP,N,145,VAL,O,2.939,bb-bb
9MQI,inactive,149,ASP,N,146,ILE,O,3.311,bb-bb
9MQI,inactive,150,TYR,N,146,ILE,O,3.397,bb-bb
9MQI,inactive,149,ASP,N,147,SER,O,3.415,bb-bb
9MQI,inactive,150,TYR,N,147,SER,O,3.22,bb-bb
9MQI,inactive,151,TYR,N,147,SER,O,2.895,bb-bb
9MQI,inactive,150,TYR,N,148,ILE,O,3.204,bb-bb
9MQI,inactive,151,TYR,N,148,ILE,O,3.171,bb-bb
9MQI,inactive,152,ASN,N,148,ILE,O,2.942,bb-bb
9MQI,inactive,328,TYR,OH,149,ASP,OD1,2.68,sc-sc
9MQI,inactive,328,TYR,OH,149,ASP,OD2,3.1,sc-sc
9MQI,inactive,153,MET,N,151,TYR,O,3.48,bb-bb
9MQI,inactive,154,PHE,N,151,TYR,O,3.474,bb-bb
9MQI,inactive,155,THR,N,151,TYR,O,2.963,bb-bb
9MQI,inactive,155,THR,OG1,151,TYR,O,2.63,bb-sc
9MQI,inactive,151,TYR,OH,198,SER,OG,2.577,sc-sc
9MQI,inactive,198,SER,OG,151,TYR,OH,2.577,sc-sc
9MQI,inactive,154,PHE,N,152,ASN,O,3.416,bb-bb
9MQI,inactive,155,THR,N,152,ASN,O,3.424,bb-bb
9MQI,inactive,155,THR,OG1,152,ASN,O,2.754,bb-sc
9MQI,inactive,156,SER,N,152,ASN,O,2.952,bb-bb
9MQI,inactive,156,SER,OG,152,ASN,O,3.106,bb-sc
9MQI,inactive,156,SER,OG,152,ASN,OD1,3.307,sc-sc
9MQI,inactive,155,THR,N,153,MET,O,3.481,bb-bb
9MQI,inactive,156,SER,N,153,MET,O,3.427,bb-bb
9MQI,inactive,157,ILE,N,153,MET,O,2.932,bb-bb
9MQI,inactive,156,SER,N,154,PHE,O,3.402,bb-bb
9MQI,inactive,157,ILE,N,154,PHE,O,3.466,bb-bb
9MQI,inactive,158,PHE,N,154,PHE,O,2.958,bb-bb
9MQI,inactive,157,ILE,N,155,THR,O,3.467,bb-bb
9MQI,inactive,159,THR,N,155,THR,O,2.934,bb-bb
9MQI,inactive,159,THR,OG1,155,THR,O,2.611,bb-sc
9MQI,inactive,193,ASN,ND2,155,THR,O,3.009,bb-sc
9MQI,inactive,155,THR,N,197,SER,OG,3.367,bb-sc
9MQI,inactive,159,THR,N,156,SER,O,3.271,bb-bb
9MQI,inactive,160,LEU,N,156,SER,O,2.94,bb-bb
9MQI,inactive,159,THR,N,157,ILE,O,3.443,bb-bb
9MQI,inactive,160,LEU,N,157,ILE,O,3.268,bb-bb
9MQI,inactive,161,CYS,N,157,ILE,O,2.935,bb-bb
9MQI,inactive,160,LEU,N,158,PHE,O,3.478,bb-bb
9MQI,inactive,161,CYS,N,158,PHE,O,3.336,bb-bb
9MQI,inactive,162,THR,N,158,PHE,O,2.901,bb-bb
9MQI,inactive,162,THR,OG1,158,PHE,O,2.921,bb-sc
9MQI,inactive,161,CYS,N,159,THR,O,3.492,bb-bb
9MQI,inactive,162,THR,N,159,THR,O,3.332,bb-bb
9MQI,inactive,162,THR,OG1,159,THR,O,2.548,bb-sc
9MQI,inactive,163,MET,N,159,THR,O,2.896,bb-bb
9MQI,inactive,193,ASN,ND2,159,THR,OG1,2.637,sc-sc
9MQI,inactive,162,THR,N,160,LEU,O,3.44,bb-bb
9MQI,inactive,163,MET,N,160,LEU,O,3.229,bb-bb
9MQI,inactive,164,SER,N,160,LEU,O,2.899,bb-bb
9MQI,inactive,164,SER,OG,160,LEU,O,3.341,bb-sc
9MQI,inactive,163,MET,N,161,CYS,O,3.453,bb-bb
9MQI,inactive,164,SER,N,161,CYS,O,3.313,bb-bb
9MQI,inactive,165,VAL,N,161,CYS,O,2.952,bb-bb
9MQI,inactive,164,SER,N,162,THR,O,3.496,bb-bb
9MQI,inactive,165,VAL,N,162,THR,O,3.418,bb-bb
9MQI,inactive,166,ASP,N,162,THR,O,2.871,bb-bb
9MQI,inactive,165,VAL,N,163,MET,O,3.484,bb-bb
9MQI,inactive,166,ASP,N,163,MET,O,3.191,bb-bb
9MQI,inactive,167,ARG,N,163,MET,O,2.94,bb-bb
9MQI,inactive,167,ARG,N,164,SER,O,3.392,bb-bb
9MQI,inactive,168,TYR,N,164,SER,O,3.241,bb-bb
9MQI,inactive,167,ARG,N,165,VAL,O,3.453,bb-bb
9MQI,inactive,168,TYR,N,165,VAL,O,3.192,bb-bb
9MQI,inactive,169,ILE,N,165,VAL,O,2.953,bb-bb
9MQI,inactive,168,TYR,N,166,ASP,O,3.385,bb-bb
9MQI,inactive,169,ILE,N,166,ASP,O,3.213,bb-bb
9MQI,inactive,170,ALA,N,166,ASP,O,2.905,bb-bb
9MQI,inactive,181,ARG,NE,166,ASP,OD1,2.471,sc-sc
9MQI,inactive,170,ALA,N,167,ARG,O,3.24,bb-bb
9MQI,inactive,171,VAL,N,167,ARG,O,2.907,bb-bb
9MQI,inactive,170,ALA,N,168,TYR,O,3.32,bb-bb
9MQI,inactive,171,VAL,N,168,TYR,O,3.194,bb-bb
9MQI,inactive,172,CYS,N,168,TYR,O,2.912,bb-bb
9MQI,inactive,168,TYR,N,257,MET,SD,3.486,bb-sc
9MQI,inactive,173,HIS,N,171,VAL,O,3.398,bb-bb
9MQI,inactive,175,VAL,N,173,HIS,O,3.241,bb-bb
9MQI,inactive,177,ALA,N,173,HIS,O,3.055,bb-bb
9MQI,inactive,177,ALA,N,174,PRO,O,3.395,bb-bb
9MQI,inactive,179,ASP,N,176,LYS,O,3.31,bb-bb
9MQI,inactive,180,PHE,N,176,LYS,O,2.904,bb-bb
9MQI,inactive,179,ASP,N,177,ALA,O,3.249,bb-bb
9MQI,inactive,180,PHE,N,177,ALA,O,3.313,bb-bb
9MQI,inactive,181,ARG,N,177,ALA,O,2.84,bb-bb
9MQI,inactive,185,ASN,ND2,180,PHE,O,3.013,bb-sc
9MQI,inactive,183,PRO,N,181,ARG,O,3.491,bb-bb
9MQI,inactive,184,ARG,N,182,THR,O,3.079,bb-bb
9MQI,inactive,185,ASN,N,182,THR,O,2.746,bb-bb
9MQI,inactive,186,ALA,N,182,THR,O,2.977,bb-bb
9MQI,inactive,185,ASN,N,183,PRO,O,3.477,bb-bb
9MQI,inactive,186,ALA,N,183,PRO,O,3.217,bb-bb
9MQI,inactive,187,LYS,N,183,PRO,O,2.903,bb-bb
9MQI,inactive,186,ALA,N,184,ARG,O,3.445,bb-bb
9MQI,inactive,187,LYS,N,184,ARG,O,3.251,bb-bb
9MQI,inactive,188,ILE,N,184,ARG,O,2.907,bb-bb
9MQI,inactive,187,LYS,N,185,ASN,O,3.331,bb-bb
9MQI,inactive,188,ILE,N,185,ASN,O,2.919,bb-bb
9MQI,inactive,189,ILE,N,185,ASN,O,2.843,bb-bb
9MQI,inactive,188,ILE,N,186,ALA,O,3.462,bb-bb
9MQI,inactive,189,ILE,N,186,ALA,O,3.3,bb-bb
9MQI,inactive,190,ASN,N,186,ALA,O,2.884,bb-bb
9MQI,inactive,189,ILE,N,187,LYS,O,3.496,bb-bb
9MQI,inactive,190,ASN,N,187,LYS,O,3.237,bb-bb
9MQI,inactive,191,VAL,N,187,LYS,O,2.894,bb-bb
9MQI,inactive,190,ASN,N,188,ILE,O,3.467,bb-bb
9MQI,inactive,191,VAL,N,188,ILE,O,3.224,bb-bb
9MQI,inactive,192,CYS,N,188,ILE,O,2.909,bb-bb
9MQI,inactive,192,CYS,N,189,ILE,O,3.273,bb-bb
9MQI,inactive,193,ASN,N,189,ILE,O,2.859,bb-bb
9MQI,inactive,192,CYS,N,190,ASN,O,3.462,bb-bb
9MQI,inactive,193,ASN,N,190,ASN,O,3.181,bb-bb
9MQI,inactive,194,TRP,N,190,ASN,O,2.916,bb-bb
9MQI,inactive,193,ASN,N,191,VAL,O,3.411,bb-bb
9MQI,inactive,194,TRP,N,191,VAL,O,3.099,bb-bb
9MQI,inactive,195,ILE,N,191,VAL,O,2.914,bb-bb
9MQI,inactive,194,TRP,N,192,CYS,O,3.444,bb-bb
9MQI,inactive,195,ILE,N,192,CYS,O,3.305,bb-bb
9MQI,inactive,196,LEU,N,192,CYS,O,2.892,bb-bb
9MQI,inactive,195,ILE,N,193,ASN,O,3.422,bb-bb
9MQI,inactive,196,LEU,N,193,ASN,O,3.312,bb-bb
9MQI,inactive,197,SER,N,193,ASN,O,2.89,bb-bb
9MQI,inactive,197,SER,OG,193,ASN,O,2.745,bb-sc
9MQI,inactive,197,SER,OG,193,ASN,OD1,3.08,sc-sc
9MQI,inactive,197,SER,N,194,TRP,O,3.373,bb-bb
9MQI,inactive,198,SER,N,194,TRP,O,2.879,bb-bb
9MQI,inactive,198,SER,OG,194,TRP,O,2.796,bb-sc
9MQI,inactive,197,SER,N,195,ILE,O,3.42,bb-bb
9MQI,inactive,198,SER,N,195,ILE,O,3.132,bb-bb
9MQI,inactive,199,ALA,N,195,ILE,O,2.916,bb-bb
9MQI,inactive,199,ALA,N,196,LEU,O,3.241,bb-bb
9MQI,inactive,199,ALA,N,197,SER,O,3.295,bb-bb
9MQI,inactive,200,ILE,N,197,SER,O,3.238,bb-bb
9MQI,inactive,201,GLY,N,197,SER,O,2.901,bb-bb
9MQI,inactive,200,ILE,N,198,SER,O,2.963,bb-bb
9MQI,inactive,201,GLY,N,198,SER,O,3.016,bb-bb
9MQI,inactive,202,LEU,N,198,SER,O,2.888,bb-bb
9MQI,inactive,203,PRO,N,201,GLY,O,3.382,bb-bb
9MQI,inactive,204,VAL,N,201,GLY,O,3.049,bb-bb
9MQI,inactive,205,MET,N,201,GLY,O,3.117,bb-bb
9MQI,inactive,204,VAL,N,202,LEU,O,3.265,bb-bb
9MQI,inactive,205,MET,N,202,LEU,O,2.96,bb-bb
9MQI,inactive,206,PHE,N,202,LEU,O,3.028,bb-bb
9MQI,inactive,205,MET,N,203,PRO,O,3.453,bb-bb
9MQI,inactive,206,PHE,N,203,PRO,O,3.292,bb-bb
9MQI,inactive,207,MET,N,203,PRO,O,2.901,bb-bb
9MQI,inactive,206,PHE,N,204,VAL,O,3.443,bb-bb
9MQI,inactive,208,ALA,N,204,VAL,O,3.337,bb-bb
9MQI,inactive,222,THR,N,207,MET,O,3.116,bb-bb
9MQI,inactive,213,ARG,N,211,LYS,O,2.969,bb-bb
9MQI,inactive,211,LYS,N,218,ASP,O,2.845,bb-bb
9MQI,inactive,218,ASP,N,211,LYS,O,3.144,bb-bb
9MQI,inactive,215,GLY,N,213,ARG,O,3.424,bb-bb
9MQI,inactive,218,ASP,N,216,SER,O,3.437,bb-bb
9MQI,inactive,227,THR,N,224,SER,O,2.985,bb-bb
9MQI,inactive,229,TYR,N,227,THR,O,3.073,bb-bb
9MQI,inactive,231,GLU,N,227,THR,O,2.917,bb-bb
9MQI,inactive,231,GLU,N,229,TYR,O,3.456,bb-bb
9MQI,inactive,232,ASN,N,229,TYR,O,3.392,bb-bb
9MQI,inactive,233,LEU,N,229,TYR,O,2.888,bb-bb
9MQI,inactive,232,ASN,N,230,TRP,O,3.371,bb-bb
9MQI,inactive,233,LEU,N,230,TRP,O,3.187,bb-bb
9MQI,inactive,234,LEU,N,230,TRP,O,2.932,bb-bb
9MQI,inactive,234,LEU,N,232,ASN,O,3.463,bb-bb
9MQI,inactive,235,LYS,N,232,ASN,O,3.284,bb-bb
9MQI,inactive,236,ILE,N,232,ASN,O,2.916,bb-bb
9MQI,inactive,235,LYS,N,233,LEU,O,3.459,bb-bb
9MQI,inactive,236,ILE,N,233,LEU,O,3.354,bb-bb
9MQI,inactive,237,CYS,N,233,LEU,O,2.887,bb-bb
9MQI,inactive,236,ILE,N,234,LEU,O,3.482,bb-bb
9MQI,inactive,237,CYS,N,234,LEU,O,3.321,bb-bb
9MQI,inactive,238,VAL,N,234,LEU,O,2.922,bb-bb
9MQI,inactive,237,CYS,N,235,LYS,O,3.49,bb-bb
9MQI,inactive,238,VAL,N,235,LYS,O,3.34,bb-bb
9MQI,inactive,239,PHE,N,235,LYS,O,2.914,bb-bb
9MQI,inactive,238,VAL,N,236,ILE,O,3.452,bb-bb
9MQI,inactive,239,PHE,N,236,ILE,O,3.328,bb-bb
9MQI,inactive,240,ILE,N,236,ILE,O,2.913,bb-bb
9MQI,inactive,240,ILE,N,237,CYS,O,3.406,bb-bb
9MQI,inactive,241,PHE,N,237,CYS,O,2.881,bb-bb
9MQI,inactive,240,ILE,N,238,VAL,O,3.187,bb-bb
9MQI,inactive,242,ALA,N,238,VAL,O,2.902,bb-bb
9MQI,inactive,243,PHE,N,238,VAL,O,3.469,bb-bb
9MQI,inactive,244,ILE,N,239,PHE,O,3.353,bb-bb
9MQI,inactive,242,ALA,N,240,ILE,O,3.402,bb-bb
9MQI,inactive,245,MET,N,240,ILE,O,3.332,bb-bb
9MQI,inactive,247,VAL,N,243,PHE,O,2.966,bb-bb
9MQI,inactive,247,VAL,N,244,ILE,O,3.429,bb-bb
9MQI,inactive,248,LEU,N,244,ILE,O,2.881,bb-bb
9MQI,inactive,247,VAL,N,245,MET,O,3.448,bb-bb
9MQI,inactive,248,LEU,N,245,MET,O,3.326,bb-bb
9MQI,inactive,249,ILE,N,245,MET,O,2.924,bb-bb
9MQI,inactive,248,LEU,N,246,PRO,O,3.468,bb-bb
9MQI,inactive,249,ILE,N,246,PRO,O,3.295,bb-bb
9MQI,inactive,250,ILE,N,246,PRO,O,2.94,bb-bb
9MQI,inactive,249,ILE,N,247,VAL,O,3.457,bb-bb
9MQI,inactive,250,ILE,N,247,VAL,O,3.341,bb-bb
9MQI,inactive,251,THR,N,247,VAL,O,2.923,bb-bb
9MQI,inactive,251,THR,OG1,247,VAL,O,3.472,bb-sc
9MQI,inactive,250,ILE,N,248,LEU,O,3.491,bb-bb
9MQI,inactive,251,THR,N,248,LEU,O,3.355,bb-bb
9MQI,inactive,252,VAL,N,248,LEU,O,2.868,bb-bb
9MQI,inactive,251,THR,N,249,ILE,O,3.448,bb-bb
9MQI,inactive,252,VAL,N,249,ILE,O,3.323,bb-bb
9MQI,inactive,253,CYS,N,249,ILE,O,2.95,bb-bb
9MQI,inactive,252,VAL,N,250,ILE,O,3.443,bb-bb
9MQI,inactive,253,CYS,N,250,ILE,O,3.332,bb-bb
9MQI,inactive,254,TYR,N,250,ILE,O,2.934,bb-bb
9MQI,inactive,253,CYS,N,251,THR,O,3.441,bb-bb
9MQI,inactive,254,TYR,N,251,THR,O,3.325,bb-bb
9MQI,inactive,255,GLY,N,251,THR,O,2.881,bb-bb
9MQI,inactive,255,GLY,N,253,CYS,O,3.482,bb-bb
9MQI,inactive,256,LEU,N,253,CYS,O,3.276,bb-bb
9MQI,inactive,257,MET,N,253,CYS,O,2.944,bb-bb
9MQI,inactive,256,LEU,N,254,TYR,O,3.153,bb-bb
9MQI,inactive,257,MET,N,254,TYR,O,3.165,bb-bb
9MQI,inactive,258,ILE,N,254,TYR,O,2.928,bb-bb
9MQI,inactive,254,TYR,OH,281,THR,O,3.111,bb-sc
9MQI,inactive,285,LEU,N,254,TYR,OH,3.335,bb-sc
9MQI,inactive,258,ILE,N,256,LEU,O,3.443,bb-bb
9MQI,inactive,259,LEU,N,256,LEU,O,3.4,bb-bb
9MQI,inactive,260,ARG,N,256,LEU,O,2.922,bb-bb
9MQI,inactive,259,LEU,N,257,MET,O,3.478,bb-bb
9MQI,inactive,260,ARG,N,257,MET,O,3.333,bb-bb
9MQI,inactive,261,LEU,N,257,MET,O,2.882,bb-bb
9MQI,inactive,260,ARG,N,258,ILE,O,3.474,bb-bb
9MQI,inactive,261,LEU,N,258,ILE,O,3.196,bb-bb
9MQI,inactive,262,LYS,N,258,ILE,O,2.938,bb-bb
9MQI,inactive,261,LEU,N,259,LEU,O,3.379,bb-bb
9MQI,inactive,262,LYS,N,259,LEU,O,3.24,bb-bb
9MQI,inactive,263,SER,N,259,LEU,O,2.946,bb-bb
9MQI,inactive,264,VAL,N,262,LYS,O,3.435,bb-bb
9MQI,inactive,278,ARG,NH2,265,ARG,O,3.418,bb-sc
9MQI,inactive,267,LEU,N,274,ASP,OD2,3.005,bb-sc
9MQI,inactive,270,SER,N,268,SER,O,2.939,bb-bb
9MQI,inactive,271,ARG,N,269,GLY,O,3.4,bb-bb
9MQI,inactive,272,GLU,N,270,SER,O,3.481,bb-bb
9MQI,inactive,273,LYS,N,270,SER,O,3.345,bb-bb
9MQI,inactive,274,ASP,N,270,SER,O,2.851,bb-bb
9MQI,inactive,274,ASP,N,271,ARG,O,3.397,bb-bb
9MQI,inactive,275,ARG,N,271,ARG,O,2.898,bb-bb
9MQI,inactive,274,ASP,N,272,GLU,O,3.487,bb-bb
9MQI,inactive,275,ARG,N,272,GLU,O,3.322,bb-bb
9MQI,inactive,276,ASN,N,272,GLU,O,2.905,bb-bb
9MQI,inactive,275,ARG,N,273,LYS,O,3.479,bb-bb
9MQI,inactive,276,ASN,N,273,LYS,O,3.31,bb-bb
9MQI,inactive,277,LEU,N,273,LYS,O,2.897,bb-bb
9MQI,inactive,276,ASN,N,274,ASP,O,3.482,bb-bb
9MQI,inactive,277,LEU,N,274,ASP,O,3.308,bb-bb
9MQI,inactive,278,ARG,N,274,ASP,O,2.929,bb-bb
9MQI,inactive,278,ARG,NE,274,ASP,OD1,2.404,sc-sc
9MQI,inactive,278,ARG,NE,274,ASP,OD2,3.182,sc-sc
9MQI,inactive,278,ARG,NH2,274,ASP,OD1,3.424,sc-sc
9MQI,inactive,278,ARG,NH2,274,ASP,OD2,2.904,sc-sc
9MQI,inactive,277,LEU,N,275,ARG,O,3.473,bb-bb
9MQI,inactive,278,ARG,N,275,ARG,O,3.395,bb-bb
9MQI,inactive,279,ARG,N,275,ARG,O,2.89,bb-bb
9MQI,inactive,279,ARG,N,276,ASN,O,3.39,bb-bb
9MQI,inactive,280,ILE,N,276,ASN,O,2.905,bb-bb
9MQI,inactive,279,ARG,N,277,LEU,O,3.463,bb-bb
9MQI,inactive,280,ILE,N,277,LEU,O,3.434,bb-bb
9MQI,inactive,281,THR,N,277,LEU,O,2.916,bb-bb
9MQI,inactive,281,THR,OG1,277,LEU,O,2.764,bb-sc
9MQI,inactive,281,THR,N,278,ARG,O,3.4,bb-bb
9MQI,inactive,282,ARG,N,278,ARG,O,2.897,bb-bb
9MQI,inactive,281,THR,N,279,ARG,O,3.44,bb-bb
9MQI,inactive,282,ARG,N,279,ARG,O,3.22,bb-bb
9MQI,inactive,283,MET,N,279,ARG,O,2.917,bb-bb
9MQI,inactive,283,MET,N,280,ILE,O,3.314,bb-bb
9MQI,inactive,284,VAL,N,280,ILE,O,2.896,bb-bb
9MQI,inactive,283,MET,N,281,THR,O,3.487,bb-bb
9MQI,inactive,284,VAL,N,281,THR,O,3.351,bb-bb
9MQI,inactive,285,LEU,N,281,THR,O,2.899,bb-bb
9MQI,inactive,284,VAL,N,282,ARG,O,3.48,bb-bb
9MQI,inactive,285,LEU,N,282,ARG,O,3.31,bb-bb
9MQI,inactive,286,VAL,N,282,ARG,O,2.896,bb-bb
9MQI,inactive,285,LEU,N,283,MET,O,3.457,bb-bb
9MQI,inactive,286,VAL,N,283,MET,O,3.26,bb-bb
9MQI,inactive,287,VAL,N,283,MET,O,2.916,bb-bb
9MQI,inactive,286,VAL,N,284,VAL,O,3.418,bb-bb
9MQI,inactive,287,VAL,N,284,VAL,O,3.319,bb-bb
9MQI,inactive,288,VAL,N,284,VAL,O,2.907,bb-bb
9MQI,inactive,288,VAL,N,285,LEU,O,3.336,bb-bb
9MQI,inactive,289,ALA,N,285,LEU,O,2.89,bb-bb
9MQI,inactive,288,VAL,N,286,VAL,O,3.444,bb-bb
9MQI,inactive,289,ALA,N,286,VAL,O,3.313,bb-bb
9MQI,inactive,290,VAL,N,286,VAL,O,2.86,bb-bb
9MQI,inactive,289,ALA,N,287,VAL,O,3.458,bb-bb
9MQI,inactive,290,VAL,N,287,VAL,O,3.273,bb-bb
9MQI,inactive,291,PHE,N,287,VAL,O,2.929,bb-bb
9MQI,inactive,290,VAL,N,288,VAL,O,3.455,bb-bb
9MQI,inactive,291,PHE,N,288,VAL,O,3.321,bb-bb
9MQI,inactive,292,ILE,N,288,VAL,O,2.909,bb-bb
9MQI,inactive,292,ILE,N,289,ALA,O,3.309,bb-bb
9MQI,inactive,293,VAL,N,289,ALA,O,2.884,bb-bb
9MQI,inactive,292,ILE,N,290,VAL,O,3.434,bb-bb
9MQI,inactive,293,VAL,N,290,VAL,O,3.352,bb-bb
9MQI,inactive,294,CYS,N,290,VAL,O,2.894,bb-bb
9MQI,inactive,293,VAL,N,291,PHE,O,3.494,bb-bb
9MQI,inactive,294,CYS,N,291,PHE,O,3.204,bb-bb
9MQI,inactive,295,TRP,N,291,PHE,O,2.894,bb-bb
9MQI,inactive,294,CYS,N,292,ILE,O,3.294,bb-bb
9MQI,inactive,295,TRP,N,292,ILE,O,3.201,bb-bb
9MQI,inactive,296,THR,N,292,ILE,O,2.905,bb-bb
9MQI,inactive,296,THR,OG1,292,ILE,O,3.268,bb-sc
9MQI,inactive,295,TRP,N,293,VAL,O,3.465,bb-bb
9MQI,inactive,330,ASN,ND2,294,CYS,SG,3.139,sc-sc
9MQI,inactive,299,HIS,N,295,TRP,O,3.382,bb-bb
9MQI,inactive,299,HIS,ND1,295,TRP,O,3.195,bb-sc
9MQI,inactive,298,ILE,N,296,THR,O,3.306,bb-bb
9MQI,inactive,300,ILE,N,296,THR,O,3.066,bb-bb
9MQI,inactive,301,TYR,N,297,PRO,O,2.887,bb-bb
9MQI,inactive,300,ILE,N,298,ILE,O,3.469,bb-bb
9MQI,inactive,301,TYR,N,298,ILE,O,3.401,bb-bb
9MQI,inactive,302,VAL,N,298,ILE,O,2.882,bb-bb
9MQI,inactive,301,TYR,N,299,HIS,O,3.473,bb-bb
9MQI,inactive,302,VAL,N,299,HIS,O,3.318,bb-bb
9MQI,inactive,303,ILE,N,299,HIS,O,2.952,bb-bb
9MQI,inactive,302,VAL,N,300,ILE,O,3.46,bb-bb
9MQI,inactive,303,ILE,N,300,ILE,O,3.31,bb-bb
9MQI,inactive,304,ILE,N,300,ILE,O,2.87,bb-bb
9MQI,inactive,303,ILE,N,301,TYR,O,3.473,bb-bb
9MQI,inactive,304,ILE,N,301,TYR,O,3.373,bb-bb
9MQI,inactive,305,LYS,N,301,TYR,O,2.903,bb-bb
9MQI,inactive,304,ILE,N,302,VAL,O,3.481,bb-bb
9MQI,inactive,306,ALA,N,302,VAL,O,3.383,bb-bb
9MQI,inactive,306,ALA,N,303,ILE,O,3.364,bb-bb
9MQI,inactive,307,LEU,N,303,ILE,O,2.913,bb-bb
9MQI,inactive,306,ALA,N,304,ILE,O,3.17,bb-bb
9MQI,inactive,307,LEU,N,304,ILE,O,2.905,bb-bb
9MQI,inactive,308,VAL,N,304,ILE,O,2.982,bb-bb
9MQI,inactive,309,THR,N,305,LYS,O,3.182,bb-bb
9MQI,inactive,311,PRO,N,309,THR,O,3.327,bb-bb
9MQI,inactive,313,THR,N,311,PRO,O,3.489,bb-bb
9MQI,inactive,313,THR,N,316,GLN,OE1,2.709,bb-sc
9MQI,inactive,316,GLN,N,313,THR,O,3.389,bb-bb
9MQI,inactive,317,THR,N,313,THR,O,2.881,bb-bb
9MQI,inactive,316,GLN,N,314,THR,O,3.452,bb-bb
9MQI,inactive,317,THR,N,314,THR,O,3.319,bb-bb
9MQI,inactive,318,VAL,N,314,THR,O,2.915,bb-bb
9MQI,inactive,317,THR,N,315,PHE,O,3.481,bb-bb
9MQI,inactive,318,VAL,N,315,PHE,O,3.328,bb-bb
9MQI,inactive,319,SER,N,315,PHE,O,2.893,bb-bb
9MQI,inactive,319,SER,OG,315,PHE,O,3.207,bb-sc
9MQI,inactive,318,VAL,N,316,GLN,O,3.47,bb-bb
9MQI,inactive,319,SER,N,316,GLN,O,3.32,bb-bb
9MQI,inactive,319,SER,OG,316,GLN,O,2.624,bb-sc
9MQI,inactive,320,TRP,N,316,GLN,O,2.904,bb-bb
9MQI,inactive,319,SER,N,317,THR,O,3.47,bb-bb
9MQI,inactive,320,TRP,N,317,THR,O,3.32,bb-bb
9MQI,inactive,321,HIS,N,317,THR,O,2.916,bb-bb
9MQI,inactive,320,TRP,N,318,VAL,O,3.476,bb-bb
9MQI,inactive,321,HIS,N,318,VAL,O,3.354,bb-bb
9MQI,inactive,322,PHE,N,318,VAL,O,2.876,bb-bb
9MQI,inactive,322,PHE,N,319,SER,O,3.343,bb-bb
9MQI,inactive,323,CYS,N,319,SER,O,2.882,bb-bb
9MQI,inactive,322,PHE,N,320,TRP,O,3.446,bb-bb
9MQI,inactive,323,CYS,N,320,TRP,O,3.328,bb-bb
9MQI,inactive,324,ILE,N,320,TRP,O,2.995,bb-bb
9MQI,inactive,323,CYS,N,321,HIS,O,3.474,bb-bb
9MQI,inactive,324,ILE,N,321,HIS,O,3.444,bb-bb
9MQI,inactive,325,ALA,N,321,HIS,O,2.875,bb-bb
9MQI,inactive,325,ALA,N,322,PHE,O,3.358,bb-bb
9MQI,inactive,326,LEU,N,322,PHE,O,2.875,bb-bb
9MQI,inactive,325,ALA,N,323,CYS,O,3.448,bb-bb
9MQI,inactive,326,LEU,N,323,CYS,O,3.415,bb-bb
9MQI,inactive,327,GLY,N,323,CYS,O,2.931,bb-bb
9MQI,inactive,326,LEU,N,324,ILE,O,3.398,bb-bb
9MQI,inactive,327,GLY,N,324,ILE,O,3.33,bb-bb
9MQI,inactive,328,TYR,N,324,ILE,O,2.949,bb-bb
9MQI,inactive,328,TYR,N,325,ALA,O,3.392,bb-bb
9MQI,inactive,329,THR,N,325,ALA,O,2.815,bb-bb
9MQI,inactive,329,THR,OG1,325,ALA,O,2.869,bb-sc
9MQI,inactive,328,TYR,N,326,LEU,O,3.355,bb-bb
9MQI,inactive,329,THR,N,326,LEU,O,3.171,bb-bb
9MQI,inactive,330,ASN,N,326,LEU,O,2.967,bb-bb
9MQI,inactive,330,ASN,N,328,TYR,O,3.279,bb-bb
9MQI,inactive,331,SER,N,328,TYR,O,3.108,bb-bb
9MQI,inactive,331,SER,OG,328,TYR,O,2.965,bb-sc
9MQI,inactive,331,SER,N,329,THR,O,3.063,bb-bb
9MQI,inactive,332,CYS,N,329,THR,O,3.018,bb-bb
9MQI,inactive,333,LEU,N,329,THR,O,2.879,bb-bb
9MQI,inactive,332,CYS,N,330,ASN,O,3.425,bb-bb
9MQI,inactive,333,LEU,N,330,ASN,O,3.104,bb-bb
9MQI,inactive,334,ASN,N,330,ASN,O,2.975,bb-bb
9MQI,inactive,335,PRO,N,333,LEU,O,3.454,bb-bb
9MQI,inactive,336,VAL,N,333,LEU,O,3.215,bb-bb
9MQI,inactive,337,LEU,N,333,LEU,O,3.271,bb-bb
9MQI,inactive,336,VAL,N,334,ASN,O,3.194,bb-bb
9MQI,inactive,337,LEU,N,334,ASN,O,2.965,bb-bb
9MQI,inactive,338,TYR,N,334,ASN,O,2.982,bb-bb
9MQI,inactive,337,LEU,N,335,PRO,O,3.449,bb-bb
9MQI,inactive,338,TYR,N,335,PRO,O,3.326,bb-bb
9MQI,inactive,339,ALA,N,335,PRO,O,2.902,bb-bb
9MQI,inactive,338,TYR,N,336,VAL,O,3.49,bb-bb
9MQI,inactive,339,ALA,N,336,VAL,O,3.317,bb-bb
9MQI,inactive,340,PHE,N,336,VAL,O,2.907,bb-bb
9MQI,inactive,339,ALA,N,337,LEU,O,3.411,bb-bb
9MQI,inactive,340,PHE,N,337,LEU,O,3.341,bb-bb
9MQI,inactive,341,LEU,N,337,LEU,O,2.938,bb-bb
9MQI,inactive,342,ASP,N,338,TYR,O,3.379,bb-bb
9MQI,inactive,344,ASN,N,342,ASP,OD1,2.867,bb-sc
9MQI,inactive,345,PHE,N,342,ASP,O,3.439,bb-bb
9MQI,inactive,345,PHE,N,342,ASP,OD1,2.707,bb-sc
9MQI,inactive,346,LYS,N,342,ASP,O,3.005,bb-bb
9MQI,inactive,345,PHE,N,343,GLU,O,3.46,bb-bb
9MQI,inactive,346,LYS,N,343,GLU,O,3.267,bb-bb
9MQI,inactive,347,ARG,N,343,GLU,O,2.906,bb-bb
9MQI,inactive,346,LYS,N,344,ASN,O,3.466,bb-bb
9MQI,inactive,347,ARG,N,344,ASN,O,3.321,bb-bb
9MQI,inactive,348,CYS,N,344,ASN,O,2.909,bb-bb
9MQI,inactive,347,ARG,N,345,PHE,O,3.462,bb-bb
9MQI,inactive,348,CYS,N,345,PHE,O,3.313,bb-bb
9MQI,inactive,349,PHE,N,345,PHE,O,2.897,bb-bb
9MQI,inactive,349,PHE,N,346,LYS,O,3.406,bb-bb
9MQI,inactive,350,ARG,N,346,LYS,O,3.324,bb-bb
9MQI,inactive,349,PHE,N,347,ARG,O,3.482,bb-bb
9MQI,inactive,350,ARG,N,347,ARG,O,3.28,bb-bb
9MQI,inactive,351,GLU,N,347,ARG,O,2.911,bb-bb
9MQI,inactive,350,ARG,N,348,CYS,O,3.219,bb-bb
9MQI,inactive,351,GLU,N,348,CYS,O,3.381,bb-bb
9MQI,inactive,352,PHE,N,348,CYS,O,3.104,bb-bb
9MQI,inactive,354,ILE,N,350,ARG,O,3.235,bb-bb
9PXU,inactive,70,ALA,N,68,ILE,O,3.486,bb-bb
9PXU,inactive,72,THR,N,69,THR,O,3.434,bb-bb
9PXU,inactive,72,THR,OG1,69,THR,O,2.95,bb-sc
9PXU,inactive,73,ILE,N,69,THR,O,3.231,bb-bb
9PXU,inactive,75,ALA,N,71,ILE,O,3.162,bb-bb
9PXU,inactive,75,ALA,N,72,THR,O,3.395,bb-bb
9PXU,inactive,76,LEU,N,72,THR,O,2.989,bb-bb
9PXU,inactive,76,LEU,N,73,ILE,O,3.443,bb-bb
9PXU,inactive,77,TYR,N,73,ILE,O,3.152,bb-bb
9PXU,inactive,78,SER,N,74,MET,O,3.049,bb-bb
9PXU,inactive,78,SER,N,75,ALA,O,3.469,bb-bb
9PXU,inactive,78,SER,OG,75,ALA,O,3.103,bb-sc
9PXU,inactive,79,ILE,N,75,ALA,O,2.946,bb-bb
9PXU,inactive,79,ILE,N,76,LEU,O,3.423,bb-bb
9PXU,inactive,80,VAL,N,76,LEU,O,3.11,bb-bb
9PXU,inactive,79,ILE,N,77,TYR,O,3.482,bb-bb
9PXU,inactive,81,CYS,N,77,TYR,O,3.03,bb-bb
9PXU,inactive,81,CYS,N,78,SER,O,3.38,bb-bb
9PXU,inactive,82,VAL,N,78,SER,O,3.21,bb-bb
9PXU,inactive,81,CYS,N,79,ILE,O,3.398,bb-bb
9PXU,inactive,83,VAL,N,79,ILE,O,3.396,bb-bb
9PXU,inactive,84,GLY,N,80,VAL,O,2.991,bb-bb
9PXU,inactive,84,GLY,N,81,CYS,O,3.26,bb-bb
9PXU,inactive,85,LEU,N,81,CYS,O,2.947,bb-bb
9PXU,inactive,86,PHE,N,82,VAL,O,3.075,bb-bb
9PXU,inactive,86,PHE,N,83,VAL,O,3.468,bb-bb
9PXU,inactive,87,GLY,N,83,VAL,O,2.959,bb-bb
9PXU,inactive,88,ASN,ND2,84,GLY,O,3.014,bb-sc
9PXU,inactive,88,ASN,N,86,PHE,O,3.487,bb-bb
9PXU,inactive,90,LEU,N,86,PHE,O,3.048,bb-bb
9PXU,inactive,90,LEU,N,87,GLY,O,3.274,bb-bb
9PXU,inactive,91,VAL,N,87,GLY,O,3.252,bb-bb
9PXU,inactive,90,LEU,N,88,ASN,O,3.377,bb-bb
9PXU,inactive,91,VAL,N,88,ASN,O,3.319,bb-bb
9PXU,inactive,92,MET,N,88,ASN,O,3.199,bb-bb
9PXU,inactive,88,ASN,ND2,331,SER,O,2.943,bb-sc
9PXU,inactive,93,TYR,N,89,PHE,O,3.102,bb-bb
9PXU,inactive,93,TYR,N,90,LEU,O,3.417,bb-bb
9PXU,inactive,94,VAL,N,90,LEU,O,3.197,bb-bb
9PXU,inactive,93,TYR,N,91,VAL,O,3.481,bb-bb
9PXU,inactive,96,VAL,N,92,MET,O,3.354,bb-bb
9PXU,inactive,95,ILE,N,93,TYR,O,3.148,bb-bb
9PXU,inactive,96,VAL,N,93,TYR,O,3.449,bb-bb
9PXU,inactive,97,ARG,N,93,TYR,O,3.441,bb-bb
9PXU,inactive,101,MET,N,99,THR,O,3.316,bb-bb
9PXU,inactive,102,LYS,N,99,THR,O,3.416,bb-bb
9PXU,inactive,103,THR,N,101,MET,O,3.188,bb-bb
9PXU,inactive,107,ILE,N,103,THR,O,3.321,bb-bb
9PXU,inactive,109,ILE,N,105,THR,O,3.444,bb-bb
9PXU,inactive,108,TYR,N,106,ASN,O,3.431,bb-bb
9PXU,inactive,109,ILE,N,106,ASN,O,3.076,bb-bb
9PXU,inactive,110,PHE,N,106,ASN,O,2.929,bb-bb
9PXU,inactive,111,ASN,N,107,ILE,O,3.233,bb-bb
9PXU,inactive,190,ASN,ND2,107,ILE,O,3.019,bb-sc
9PXU,inactive,111,ASN,N,108,TYR,O,3.451,bb-bb
9PXU,inactive,112,LEU,N,108,TYR,O,3.073,bb-bb
9PXU,inactive,111,ASN,N,109,ILE,O,3.455,bb-bb
9PXU,inactive,112,LEU,N,109,ILE,O,3.271,bb-bb
9PXU,inactive,113,ALA,N,109,ILE,O,2.91,bb-bb
9PXU,inactive,113,ALA,N,110,PHE,O,3.426,bb-bb
9PXU,inactive,114,LEU,N,110,PHE,O,2.91,bb-bb
9PXU,inactive,114,LEU,N,111,ASN,O,3.248,bb-bb
9PXU,inactive,115,ALA,N,111,ASN,O,3.22,bb-bb
9PXU,inactive,111,ASN,ND2,159,THR,OG1,3.413,sc-sc
9PXU,inactive,111,ASN,ND2,190,ASN,OD1,2.973,sc-sc
9PXU,inactive,194,TRP,NE1,111,ASN,OD1,2.92,sc-sc
9PXU,inactive,114,LEU,N,112,LEU,O,3.475,bb-bb
9PXU,inactive,116,ASP,N,112,LEU,O,3.206,bb-bb
9PXU,inactive,117,ALA,N,113,ALA,O,3.004,bb-bb
9PXU,inactive,117,ALA,N,114,LEU,O,3.375,bb-bb
9PXU,inactive,118,LEU,N,114,LEU,O,3.106,bb-bb
9PXU,inactive,118,LEU,N,115,ALA,O,3.345,bb-bb
9PXU,inactive,119,ALA,N,115,ALA,O,3.014,bb-bb
9PXU,inactive,119,ALA,N,116,ASP,O,3.423,bb-bb
9PXU,inactive,120,THR,N,116,ASP,O,3.042,bb-bb
9PXU,inactive,120,THR,OG1,116,ASP,O,2.866,bb-sc
9PXU,inactive,331,SER,OG,116,ASP,OD1,3.205,sc-sc
9PXU,inactive,334,ASN,ND2,116,ASP,OD2,3.044,sc-sc
9PXU,inactive,120,THR,OG1,117,ALA,O,2.942,bb-sc
9PXU,inactive,121,SER,N,117,ALA,O,3.043,bb-bb
9PXU,inactive,121,SER,N,118,LEU,O,3.297,bb-bb
9PXU,inactive,121,SER,OG,118,LEU,O,2.964,bb-sc
9PXU,inactive,122,THR,N,118,LEU,O,3.363,bb-bb
9PXU,inactive,122,THR,OG1,119,ALA,O,3.469,bb-sc
9PXU,inactive,123,LEU,N,119,ALA,O,3.184,bb-bb
9PXU,inactive,123,LEU,N,120,THR,O,3.305,bb-bb
9PXU,inactive,125,PHE,N,122,THR,O,3.281,bb-bb
9PXU,inactive,126,GLN,N,122,THR,O,3.498,bb-bb
9PXU,inactive,125,PHE,N,123,LEU,O,3.252,bb-bb
9PXU,inactive,126,GLN,N,123,LEU,O,3.194,bb-bb
9PXU,inactive,127,SER,N,123,LEU,O,3.011,bb-bb
9PXU,inactive,127,SER,N,124,PRO,O,3.389,bb-bb
9PXU,inactive,128,VAL,N,124,PRO,O,3.011,bb-bb
9PXU,inactive,129,ASN,N,125,PHE,O,3.255,bb-bb
9PXU,inactive,129,ASN,N,126,GLN,O,3.192,bb-bb
9PXU,inactive,130,TYR,N,126,GLN,O,3.103,bb-bb
9PXU,inactive,328,TYR,OH,126,GLN,OE1,2.961,sc-sc
9PXU,inactive,129,ASN,N,127,SER,O,3.492,bb-bb
9PXU,inactive,130,TYR,N,127,SER,O,3.446,bb-bb
9PXU,inactive,131,LEU,N,127,SER,O,3.142,bb-bb
9PXU,inactive,131,LEU,N,128,VAL,O,3.467,bb-bb
9PXU,inactive,131,LEU,N,129,ASN,O,3.459,bb-bb
9PXU,inactive,133,GLY,N,129,ASN,O,3.052,bb-bb
9PXU,inactive,134,THR,N,129,ASN,O,3.35,bb-bb
9PXU,inactive,134,THR,OG1,132,MET,O,3.407,bb-sc
9PXU,inactive,216,SER,OG,133,GLY,O,3.445,bb-sc
9PXU,inactive,135,TRP,NE1,138,GLY,O,3.218,bb-sc
9PXU,inactive,138,GLY,N,136,PRO,O,3.372,bb-bb
9PXU,inactive,141,LEU,N,139,THR,O,3.287,bb-bb
9PXU,inactive,142,CYS,N,139,THR,O,3.012,bb-bb
9PXU,inactive,143,LYS,N,139,THR,O,3.267,bb-bb
9PXU,inactive,142,CYS,N,140,ILE,O,3.309,bb-bb
9PXU,inactive,143,LYS,N,140,ILE,O,3.425,bb-bb
9PXU,inactive,144,ILE,N,142,CYS,O,3.33,bb-bb
9PXU,inactive,146,ILE,N,142,CYS,O,3.398,bb-bb
9PXU,inactive,147,SER,OG,143,LYS,O,2.955,bb-sc
9PXU,inactive,143,LYS,NZ,205,MET,O,3.075,bb-sc
9PXU,inactive,143,LYS,NZ,208,ALA,O,3.028,bb-sc
9PXU,inactive,148,ILE,N,144,ILE,O,3.453,bb-bb
9PXU,inactive,149,ASP,N,145,VAL,O,3.189,bb-bb
9PXU,inactive,148,ILE,N,146,ILE,O,3.494,bb-bb
9PXU,inactive,149,ASP,N,146,ILE,O,3.35,bb-bb
9PXU,inactive,150,TYR,N,146,ILE,O,3.092,bb-bb
9PXU,inactive,150,TYR,N,147,SER,O,3.368,bb-bb
9PXU,inactive,151,TYR,N,147,SER,O,3.007,bb-bb
9PXU,inactive,147,SER,OG,201,GLY,O,3.461,bb-sc
9PXU,inactive,150,TYR,N,148,ILE,O,3.441,bb-bb
9PXU,inactive,151,TYR,N,148,ILE,O,3.135,bb-bb
9PXU,inactive,152,ASN,N,148,ILE,O,2.901,bb-bb
9PXU,inactive,151,TYR,N,149,ASP,O,3.444,bb-bb
9PXU,inactive,152,ASN,N,149,ASP,O,3.087,bb-bb
9PXU,inactive,153,MET,N,149,ASP,O,3.317,bb-bb
9PXU,inactive,328,TYR,OH,149,ASP,OD1,3.333,sc-sc
9PXU,inactive,328,TYR,OH,149,ASP,OD2,3.011,sc-sc
9PXU,inactive,153,MET,N,151,TYR,O,3.309,bb-bb
9PXU,inactive,154,PHE,N,151,TYR,O,3.132,bb-bb
9PXU,inactive,155,THR,N,151,TYR,O,2.986,bb-bb
9PXU,inactive,156,SER,OG,152,ASN,O,3.277,bb-sc
9PXU,inactive,156,SER,N,154,PHE,O,3.205,bb-bb
9PXU,inactive,157,ILE,N,154,PHE,O,3.363,bb-bb
9PXU,inactive,158,PHE,N,154,PHE,O,2.943,bb-bb
9PXU,inactive,159,THR,N,155,THR,O,3.256,bb-bb
9PXU,inactive,155,THR,OG1,193,ASN,OD1,3.486,sc-sc
9PXU,inactive,193,ASN,ND2,155,THR,OG1,3.009,sc-sc
9PXU,inactive,160,LEU,N,156,SER,O,3.294,bb-bb
9PXU,inactive,160,LEU,N,157,ILE,O,3.492,bb-bb
9PXU,inactive,161,CYS,N,157,ILE,O,2.913,bb-bb
9PXU,inactive,161,CYS,N,158,PHE,O,3.277,bb-bb
9PXU,inactive,162,THR,N,158,PHE,O,2.934,bb-bb
9PXU,inactive,162,THR,OG1,158,PHE,O,3.309,bb-sc
9PXU,inactive,162,THR,OG1,159,THR,O,3.098,bb-sc
9PXU,inactive,163,MET,N,159,THR,O,2.987,bb-bb
9PXU,inactive,163,MET,N,160,LEU,O,3.423,bb-bb
9PXU,inactive,164,SER,N,160,LEU,O,2.979,bb-bb
9PXU,inactive,164,SER,OG,160,LEU,O,3.136,bb-sc
9PXU,inactive,164,SER,N,161,CYS,O,3.458,bb-bb
9PXU,inactive,165,VAL,N,161,CYS,O,3.194,bb-bb
9PXU,inactive,166,ASP,N,162,THR,O,2.967,bb-bb
9PXU,inactive,166,ASP,N,163,MET,O,3.444,bb-bb
9PXU,inactive,167,ARG,N,163,MET,O,2.965,bb-bb
9PXU,inactive,168,TYR,N,164,SER,O,2.968,bb-bb
9PXU,inactive,168,TYR,N,165,VAL,O,3.446,bb-bb
9PXU,inactive,169,ILE,N,165,VAL,O,3.033,bb-bb
9PXU,inactive,168,TYR,N,166,ASP,O,3.492,bb-bb
9PXU,inactive,170,ALA,N,166,ASP,O,3.138,bb-bb
9PXU,inactive,181,ARG,NE,166,ASP,OD1,3.022,sc-sc
9PXU,inactive,181,ARG,NH2,166,ASP,OD2,3.259,sc-sc
9PXU,inactive,171,VAL,N,167,ARG,O,3.34,bb-bb
9PXU,inactive,167,ARG,NE,281,THR,OG1,3.46,sc-sc
9PXU,inactive,170,ALA,N,168,TYR,O,3.406,bb-bb
9PXU,inactive,171,VAL,N,168,TYR,O,3.344,bb-bb
9PXU,inactive,172,CYS,N,168,TYR,O,2.997,bb-bb
9PXU,inactive,260,ARG,NH2,172,CYS,O,3.283,bb-sc
9PXU,inactive,175,VAL,N,173,HIS,O,3.278,bb-bb
9PXU,inactive,176,LYS,N,173,HIS,O,3.118,bb-bb
9PXU,inactive,177,ALA,N,173,HIS,O,2.992,bb-bb
9PXU,inactive,177,ALA,N,174,PRO,O,3.193,bb-bb
9PXU,inactive,180,PHE,N,176,LYS,O,3.3,bb-bb
9PXU,inactive,179,ASP,N,177,ALA,O,3.265,bb-bb
9PXU,inactive,185,ASN,ND2,179,ASP,O,3.399,bb-sc
9PXU,inactive,182,THR,N,180,PHE,O,3.472,bb-bb
9PXU,inactive,184,ARG,N,182,THR,O,3.259,bb-bb
9PXU,inactive,185,ASN,N,182,THR,O,3.042,bb-bb
9PXU,inactive,185,ASN,N,182,THR,OG1,3.067,bb-sc
9PXU,inactive,185,ASN,ND2,182,THR,OG1,3.244,sc-sc
9PXU,inactive,186,ALA,N,182,THR,O,2.971,bb-bb
9PXU,inactive,187,LYS,N,183,PRO,O,3.137,bb-bb
9PXU,inactive,188,ILE,N,184,ARG,O,3.475,bb-bb
9PXU,inactive,189,ILE,N,185,ASN,O,3.294,bb-bb
9PXU,inactive,189,ILE,N,187,LYS,O,3.449,bb-bb
9PXU,inactive,190,ASN,N,187,LYS,O,3.257,bb-bb
9PXU,inactive,191,VAL,N,187,LYS,O,3.078,bb-bb
9PXU,inactive,191,VAL,N,188,ILE,O,3.434,bb-bb
9PXU,inactive,192,CYS,N,188,ILE,O,2.976,bb-bb
9PXU,inactive,191,VAL,N,189,ILE,O,3.5,bb-bb
9PXU,inactive,193,ASN,N,189,ILE,O,2.875,bb-bb
9PXU,inactive,193,ASN,N,190,ASN,O,3.248,bb-bb
9PXU,inactive,194,TRP,N,190,ASN,O,3.106,bb-bb
9PXU,inactive,193,ASN,N,191,VAL,O,3.319,bb-bb
9PXU,inactive,194,TRP,N,191,VAL,O,3.325,bb-bb
9PXU,inactive,195,ILE,N,191,VAL,O,3.117,bb-bb
9PXU,inactive,196,LEU,N,192,CYS,O,2.921,bb-bb
9PXU,inactive,195,ILE,N,193,ASN,O,3.481,bb-bb
9PXU,inactive,196,LEU,N,193,ASN,O,3.45,bb-bb
9PXU,inactive,197,SER,N,193,ASN,O,2.95,bb-bb
9PXU,inactive,198,SER,N,194,TRP,O,2.958,bb-bb
9PXU,inactive,198,SER,OG,194,TRP,O,3.287,bb-sc
9PXU,inactive,197,SER,N,195,ILE,O,3.433,bb-bb
9PXU,inactive,198,SER,N,195,ILE,O,3.179,bb-bb
9PXU,inactive,198,SER,OG,195,ILE,O,2.777,bb-sc
9PXU,inactive,199,ALA,N,195,ILE,O,3.358,bb-bb
9PXU,inactive,199,ALA,N,197,SER,O,3.422,bb-bb
9PXU,inactive,200,ILE,N,197,SER,O,3.444,bb-bb
9PXU,inactive,201,GLY,N,197,SER,O,3.045,bb-bb
9PXU,inactive,200,ILE,N,198,SER,O,3.357,bb-bb
9PXU,inactive,202,LEU,N,198,SER,O,3.245,bb-bb
9PXU,inactive,202,LEU,N,200,ILE,O,3.391,bb-bb
9PXU,inactive,203,PRO,N,200,ILE,O,3.492,bb-bb
9PXU,inactive,204,VAL,N,200,ILE,O,3.191,bb-bb
9PXU,inactive,204,VAL,N,202,LEU,O,3.351,bb-bb
9PXU,inactive,205,MET,N,202,LEU,O,3.131,bb-bb
9PXU,inactive,206,PHE,N,202,LEU,O,3.093,bb-bb
9PXU,inactive,205,MET,N,203,PRO,O,3.411,bb-bb
9PXU,inactive,206,PHE,N,203,PRO,O,3.143,bb-bb
9PXU,inactive,207,MET,N,203,PRO,O,3.103,bb-bb
9PXU,inactive,208,ALA,N,204,VAL,O,3.258,bb-bb
9PXU,inactive,207,MET,N,205,MET,O,3.191,bb-bb
9PXU,inactive,208,ALA,N,205,MET,O,3.441,bb-bb
9PXU,inactive,222,THR,N,207,MET,O,2.954,bb-bb
9PXU,inactive,211,LYS,N,209,THR,O,3.499,bb-bb
9PXU,inactive,213,ARG,N,211,LYS,O,3.05,bb-bb
9PXU,inactive,211,LYS,N,218,ASP,O,2.922,bb-bb
9PXU,inactive,213,ARG,N,216,SER,O,3.247,bb-bb
9PXU,inactive,220,THR,N,218,ASP,OD2,3.387,bb-sc
9PXU,inactive,220,THR,OG1,218,ASP,OD2,2.899,sc-sc
9PXU,inactive,230,TRP,N,226,PRO,O,2.99,bb-bb
9PXU,inactive,231,GLU,N,226,PRO,O,3.065,bb-bb
9PXU,inactive,229,TYR,N,227,THR,OG1,3.227,bb-sc
9PXU,inactive,233,LEU,N,230,TRP,O,3.292,bb-bb
9PXU,inactive,235,LYS,N,232,ASN,O,3.219,bb-bb
9PXU,inactive,236,ILE,N,232,ASN,O,3.008,bb-bb
9PXU,inactive,237,CYS,N,233,LEU,O,3.023,bb-bb
9PXU,inactive,237,CYS,N,234,LEU,O,3.427,bb-bb
9PXU,inactive,238,VAL,N,234,LEU,O,2.911,bb-bb
9PXU,inactive,239,PHE,N,235,LYS,O,3.149,bb-bb
9PXU,inactive,238,VAL,N,236,ILE,O,3.377,bb-bb
9PXU,inactive,239,PHE,N,236,ILE,O,3.275,bb-bb
9PXU,inactive,240,ILE,N,236,ILE,O,3.031,bb-bb
9PXU,inactive,241,PHE,N,237,CYS,O,3.282,bb-bb
9PXU,inactive,240,ILE,N,238,VAL,O,3.377,bb-bb
9PXU,inactive,241,PHE,N,238,VAL,O,3.315,bb-bb
9PXU,inactive,242,ALA,N,238,VAL,O,2.979,bb-bb
9PXU,inactive,243,PHE,N,239,PHE,O,3.345,bb-bb
9PXU,inactive,244,ILE,N,239,PHE,O,3.409,bb-bb
9PXU,inactive,242,ALA,N,240,ILE,O,3.427,bb-bb
9PXU,inactive,244,ILE,N,240,ILE,O,3.211,bb-bb
9PXU,inactive,245,MET,N,240,ILE,O,2.946,bb-bb
9PXU,inactive,247,VAL,N,243,PHE,O,3.27,bb-bb
9PXU,inactive,249,ILE,N,245,MET,O,3.091,bb-bb
9PXU,inactive,250,ILE,N,246,PRO,O,3.039,bb-bb
9PXU,inactive,250,ILE,N,247,VAL,O,3.281,bb-bb
9PXU,inactive,251,THR,N,247,VAL,O,2.961,bb-bb
9PXU,inactive,250,ILE,N,248,LEU,O,3.421,bb-bb
9PXU,inactive,251,THR,N,248,LEU,O,3.331,bb-bb
9PXU,inactive,252,VAL,N,248,LEU,O,2.981,bb-bb
9PXU,inactive,252,VAL,N,250,ILE,O,3.433,bb-bb
9PXU,inactive,253,CYS,N,250,ILE,O,3.218,bb-bb
9PXU,inactive,254,TYR,N,250,ILE,O,3.026,bb-bb
9PXU,inactive,255,GLY,N,251,THR,O,2.948,bb-bb
9PXU,inactive,254,TYR,N,252,VAL,O,3.4,bb-bb
9PXU,inactive,255,GLY,N,252,VAL,O,3.218,bb-bb
9PXU,inactive,256,LEU,N,252,VAL,O,3.118,bb-bb
9PXU,inactive,256,LEU,N,253,CYS,O,3.403,bb-bb
9PXU,inactive,257,MET,N,253,CYS,O,3.001,bb-bb
9PXU,inactive,258,ILE,N,254,TYR,O,3.346,bb-bb
9PXU,inactive,254,TYR,OH,281,THR,O,3.134,bb-sc
9PXU,inactive,285,LEU,N,254,TYR,OH,3.171,bb-sc
9PXU,inactive,260,ARG,N,256,LEU,O,3.229,bb-bb
9PXU,inactive,259,LEU,N,257,MET,O,3.462,bb-bb
9PXU,inactive,260,ARG,N,257,MET,O,3.178,bb-bb
9PXU,inactive,261,LEU,N,257,MET,O,2.904,bb-bb
9PXU,inactive,260,ARG,N,258,ILE,O,3.455,bb-bb
9PXU,inactive,262,LYS,N,258,ILE,O,3.063,bb-bb
9PXU,inactive,262,LYS,N,260,ARG,O,3.452,bb-bb
9PXU,inactive,263,SER,N,260,ARG,O,3.359,bb-bb
9PXU,inactive,264,VAL,N,260,ARG,O,3.275,bb-bb
9PXU,inactive,263,SER,N,261,LEU,O,3.407,bb-bb
9PXU,inactive,278,ARG,NH2,261,LEU,O,2.937,bb-sc
9PXU,inactive,269,GLY,N,267,LEU,O,3.079,bb-bb
9PXU,inactive,267,LEU,N,274,ASP,OD1,3.121,bb-sc
9PXU,inactive,270,SER,N,268,SER,O,2.878,bb-bb
9PXU,inactive,274,ASP,N,271,ARG,O,3.464,bb-bb
9PXU,inactive,275,ARG,N,271,ARG,O,3.155,bb-bb
9PXU,inactive,275,ARG,N,272,GLU,O,3.454,bb-bb
9PXU,inactive,276,ASN,N,272,GLU,O,3.239,bb-bb
9PXU,inactive,276,ASN,ND2,272,GLU,O,3.326,bb-sc
9PXU,inactive,275,ARG,N,273,LYS,O,3.492,bb-bb
9PXU,inactive,276,ASN,N,273,LYS,O,3.143,bb-bb
9PXU,inactive,277,LEU,N,273,LYS,O,3.069,bb-bb
9PXU,inactive,276,ASN,N,274,ASP,O,3.351,bb-bb
9PXU,inactive,277,LEU,N,274,ASP,O,3.277,bb-bb
9PXU,inactive,278,ARG,N,274,ASP,O,3.073,bb-bb
9PXU,inactive,278,ARG,NH1,274,ASP,OD1,2.945,sc-sc
9PXU,inactive,278,ARG,NH1,274,ASP,OD2,3.037,sc-sc
9PXU,inactive,279,ARG,N,275,ARG,O,3.176,bb-bb
9PXU,inactive,279,ARG,N,276,ASN,O,3.406,bb-bb
9PXU,inactive,280,ILE,N,276,ASN,O,2.96,bb-bb
9PXU,inactive,279,ARG,N,277,LEU,O,3.467,bb-bb
9PXU,inactive,281,THR,N,277,LEU,O,3.02,bb-bb
9PXU,inactive,281,THR,OG1,277,LEU,O,2.828,bb-sc
9PXU,inactive,282,ARG,N,278,ARG,O,3.185,bb-bb
9PXU,inactive,283,MET,N,279,ARG,O,3.185,bb-bb
9PXU,inactive,282,ARG,N,280,ILE,O,3.369,bb-bb
9PXU,inactive,283,MET,N,280,ILE,O,3.063,bb-bb
9PXU,inactive,284,VAL,N,280,ILE,O,2.926,bb-bb
9PXU,inactive,283,MET,N,281,THR,O,3.47,bb-bb
9PXU,inactive,284,VAL,N,281,THR,O,3.276,bb-bb
9PXU,inactive,285,LEU,N,281,THR,O,2.898,bb-bb
9PXU,inactive,285,LEU,N,282,ARG,O,3.296,bb-bb
9PXU,inactive,286,VAL,N,282,ARG,O,3.03,bb-bb
9PXU,inactive,286,VAL,N,283,MET,O,3.458,bb-bb
9PXU,inactive,287,VAL,N,283,MET,O,3.143,bb-bb
9PXU,inactive,286,VAL,N,284,VAL,O,3.458,bb-bb
9PXU,inactive,287,VAL,N,284,VAL,O,3.388,bb-bb
9PXU,inactive,288,VAL,N,284,VAL,O,2.907,bb-bb
9PXU,inactive,289,ALA,N,285,LEU,O,2.905,bb-bb
9PXU,inactive,289,ALA,N,286,VAL,O,3.465,bb-bb
9PXU,inactive,290,VAL,N,286,VAL,O,2.916,bb-bb
9PXU,inactive,291,PHE,N,287,VAL,O,3.052,bb-bb
9PXU,inactive,290,VAL,N,288,VAL,O,3.487,bb-bb
9PXU,inactive,291,PHE,N,288,VAL,O,3.23,bb-bb
9PXU,inactive,292,ILE,N,288,VAL,O,3.023,bb-bb
9PXU,inactive,291,PHE,N,289,ALA,O,3.34,bb-bb
9PXU,inactive,292,ILE,N,289,ALA,O,3.118,bb-bb
9PXU,inactive,293,VAL,N,289,ALA,O,3.052,bb-bb
9PXU,inactive,294,CYS,N,290,VAL,O,3.35,bb-bb
9PXU,inactive,295,TRP,N,291,PHE,O,3.268,bb-bb
9PXU,inactive,294,CYS,N,292,ILE,O,3.477,bb-bb
9PXU,inactive,295,TRP,N,292,ILE,O,3.42,bb-bb
9PXU,inactive,296,THR,N,292,ILE,O,2.935,bb-bb
9PXU,inactive,295,TRP,N,293,VAL,O,3.386,bb-bb
9PXU,inactive,299,HIS,ND1,295,TRP,O,3.394,bb-sc
9PXU,inactive,295,TRP,NE1,327,GLY,O,3.115,bb-sc
9PXU,inactive,298,ILE,N,296,THR,O,3.426,bb-bb
9PXU,inactive,300,ILE,N,296,THR,O,3.356,bb-bb
9PXU,inactive,301,TYR,N,297,PRO,O,3.111,bb-bb
9PXU,inactive,300,ILE,N,298,ILE,O,3.457,bb-bb
9PXU,inactive,301,TYR,N,298,ILE,O,3.383,bb-bb
9PXU,inactive,302,VAL,N,298,ILE,O,2.973,bb-bb
9PXU,inactive,303,ILE,N,299,HIS,O,3.288,bb-bb
9PXU,inactive,302,VAL,N,300,ILE,O,3.372,bb-bb
9PXU,inactive,303,ILE,N,300,ILE,O,3.05,bb-bb
9PXU,inactive,304,ILE,N,300,ILE,O,2.964,bb-bb
9PXU,inactive,305,LYS,N,301,TYR,O,3.026,bb-bb
9PXU,inactive,301,TYR,OH,319,SER,OG,3.443,sc-sc
9PXU,inactive,319,SER,OG,301,TYR,OH,3.443,sc-sc
9PXU,inactive,305,LYS,N,302,VAL,O,3.309,bb-bb
9PXU,inactive,306,ALA,N,302,VAL,O,3.424,bb-bb
9PXU,inactive,305,LYS,N,303,ILE,O,3.313,bb-bb
9PXU,inactive,306,ALA,N,303,ILE,O,3.332,bb-bb
9PXU,inactive,307,LEU,N,303,ILE,O,3.2,bb-bb
9PXU,inactive,308,VAL,N,304,ILE,O,3.022,bb-bb
9PXU,inactive,309,THR,N,305,LYS,O,3.233,bb-bb
9PXU,inactive,316,GLN,N,313,THR,O,3.463,bb-bb
9PXU,inactive,317,THR,N,313,THR,O,3.491,bb-bb
9PXU,inactive,316,GLN,N,314,THR,O,3.486,bb-bb
9PXU,inactive,317,THR,N,314,THR,O,3.468,bb-bb
9PXU,inactive,318,VAL,N,314,THR,O,3.315,bb-bb
9PXU,inactive,318,VAL,N,315,PHE,O,3.223,bb-bb
9PXU,inactive,319,SER,N,315,PHE,O,2.965,bb-bb
9PXU,inactive,319,SER,OG,315,PHE,O,3.304,bb-sc
9PXU,inactive,318,VAL,N,316,GLN,O,3.407,bb-bb
9PXU,inactive,319,SER,N,316,GLN,O,3.389,bb-bb
9PXU,inactive,319,SER,OG,316,GLN,O,3.175,bb-sc
9PXU,inactive,320,TRP,N,316,GLN,O,2.995,bb-bb
9PXU,inactive,321,HIS,N,317,THR,O,3.443,bb-bb
9PXU,inactive,320,TRP,N,318,VAL,O,3.319,bb-bb
9PXU,inactive,322,PHE,N,318,VAL,O,2.977,bb-bb
9PXU,inactive,323,CYS,N,319,SER,O,3.489,bb-bb
9PXU,inactive,322,PHE,N,320,TRP,O,3.412,bb-bb
9PXU,inactive,323,CYS,N,320,TRP,O,3.384,bb-bb
9PXU,inactive,324,ILE,N,320,TRP,O,3.268,bb-bb
9PXU,inactive,325,ALA,N,321,HIS,O,3.088,bb-bb
9PXU,inactive,326,LEU,N,322,PHE,O,2.996,bb-bb
9PXU,inactive,326,LEU,N,323,CYS,O,3.275,bb-bb
9PXU,inactive,327,GLY,N,323,CYS,O,3.11,bb-bb
9PXU,inactive,326,LEU,N,324,ILE,O,3.36,bb-bb
9PXU,inactive,327,GLY,N,324,ILE,O,3.156,bb-bb
9PXU,inactive,328,TYR,N,324,ILE,O,3.198,bb-bb
9PXU,inactive,328,TYR,N,325,ALA,O,3.342,bb-bb
9PXU,inactive,329,THR,N,325,ALA,O,2.937,bb-bb
9PXU,inactive,329,THR,OG1,325,ALA,O,2.852,bb-sc
9PXU,inactive,328,TYR,N,326,LEU,O,3.435,bb-bb
9PXU,inactive,329,THR,N,326,LEU,O,3.152,bb-bb
9PXU,inactive,330,ASN,N,328,TYR,O,3.499,bb-bb
9PXU,inactive,331,SER,N,329,THR,O,3.083,bb-bb
9PXU,inactive,332,CYS,N,329,THR,O,3.021,bb-bb
9PXU,inactive,332,CYS,N,330,ASN,O,3.29,bb-bb
9PXU,inactive,334,ASN,ND2,330,ASN,O,2.937,bb-sc
9PXU,inactive,337,LEU,N,333,LEU,O,3.201,bb-bb
9PXU,inactive,336,VAL,N,334,ASN,O,3.396,bb-bb
9PXU,inactive,337,LEU,N,334,ASN,O,3.256,bb-bb
9PXU,inactive,338,TYR,N,335,PRO,O,3.495,bb-bb
9PXU,inactive,339,ALA,N,336,VAL,O,3.418,bb-bb
9PXU,inactive,340,PHE,N,336,VAL,O,3.318,bb-bb
9PXU,inactive,339,ALA,N,337,LEU,O,3.482,bb-bb
9PXU,inactive,341,LEU,N,337,LEU,O,3.155,bb-bb
9PXU,inactive,342,ASP,N,338,TYR,O,2.962,bb-bb
9PXU,inactive,341,LEU,N,339,ALA,O,3.486,bb-bb
9PXU,inactive,344,ASN,N,342,ASP,OD2,3.206,bb-sc
9PXU,inactive,345,PHE,N,342,ASP,OD2,3.067,bb-sc
9PXU,inactive,346,LYS,N,342,ASP,O,3.309,bb-bb
9PXU,inactive,346,LYS,N,343,GLU,O,3.409,bb-bb
9PXU,inactive,347,ARG,N,343,GLU,O,3.299,bb-bb
9PXU,inactive,348,CYS,N,344,ASN,O,3.133,bb-bb
9PXU,inactive,349,PHE,N,345,PHE,O,3.063,bb-bb
9PXU,inactive,349,PHE,N,346,LYS,O,3.454,bb-bb
9PXU,inactive,350,ARG,N,346,LYS,O,3.298,bb-bb
9PXU,inactive,350,ARG,N,347,ARG,O,3.467,bb-bb
9PXU,inactive,351,GLU,N,347,ARG,O,3.083,bb-bb
9PXU,inactive,351,GLU,N,348,CYS,O,3.262,bb-bb
9PXU,inactive,352,PHE,N,348,CYS,O,3.29,bb-bb
9PXU,inactive,351,GLU,N,349,PHE,O,3.463,bb-bb
9PXU,inactive,352,PHE,N,349,PHE,O,3.397,bb-bb
9PXU,inactive,353,CYS,N,349,PHE,O,3.331,bb-bb
9PXU,inactive,353,CYS,N,350,ARG,O,3.233,bb-bb
9PXU,inactive,354,ILE,N,350,ARG,O,3.482,bb-bb
9PXU,inactive,353,CYS,N,351,GLU,O,3.426,bb-bb
9PXU,inactive,354,ILE,N,351,GLU,O,3.385,bb-bb
9PXU,inactive,354,ILE,N,352,PHE,O,3.308,bb-bb
9PY2,active,71,ILE,N,67,MET,O,3.277,bb-bb
9PY2,active,70,ALA,N,68,ILE,O,3.452,bb-bb
9PY2,active,71,ILE,N,68,ILE,O,3.428,bb-bb
9PY2,active,72,THR,N,68,ILE,O,2.938,bb-bb
9PY2,active,72,THR,OG1,68,ILE,O,2.86,bb-sc
9PY2,active,72,THR,N,69,THR,O,3.402,bb-bb
9PY2,active,72,THR,OG1,69,THR,O,2.823,bb-sc
9PY2,active,73,ILE,N,69,THR,O,2.95,bb-bb
9PY2,active,72,THR,N,70,ALA,O,3.478,bb-bb
9PY2,active,73,ILE,N,70,ALA,O,3.41,bb-bb
9PY2,active,74,MET,N,70,ALA,O,2.938,bb-bb
9PY2,active,74,MET,N,71,ILE,O,3.499,bb-bb
9PY2,active,75,ALA,N,71,ILE,O,2.872,bb-bb
9PY2,active,75,ALA,N,72,THR,O,3.336,bb-bb
9PY2,active,76,LEU,N,72,THR,O,2.938,bb-bb
9PY2,active,75,ALA,N,73,ILE,O,3.467,bb-bb
9PY2,active,76,LEU,N,73,ILE,O,3.37,bb-bb
9PY2,active,77,TYR,N,73,ILE,O,2.976,bb-bb
9PY2,active,76,LEU,N,74,MET,O,3.471,bb-bb
9PY2,active,78,SER,N,74,MET,O,2.902,bb-bb
9PY2,active,78,SER,OG,74,MET,O,2.928,bb-sc
9PY2,active,78,SER,N,75,ALA,O,3.383,bb-bb
9PY2,active,79,ILE,N,75,ALA,O,2.914,bb-bb
9PY2,active,78,SER,N,76,LEU,O,3.44,bb-bb
9PY2,active,79,ILE,N,76,LEU,O,3.406,bb-bb
9PY2,active,80,VAL,N,76,LEU,O,3.006,bb-bb
9PY2,active,79,ILE,N,77,TYR,O,3.486,bb-bb
9PY2,active,81,CYS,N,77,TYR,O,2.94,bb-bb
9PY2,active,77,TYR,OH,321,HIS,ND1,3.285,sc-sc
9PY2,active,321,HIS,ND1,77,TYR,OH,3.285,sc-sc
9PY2,active,81,CYS,N,78,SER,O,3.367,bb-bb
9PY2,active,82,VAL,N,78,SER,O,2.938,bb-bb
9PY2,active,81,CYS,N,79,ILE,O,3.406,bb-bb
9PY2,active,82,VAL,N,79,ILE,O,3.388,bb-bb
9PY2,active,83,VAL,N,79,ILE,O,2.993,bb-bb
9PY2,active,84,GLY,N,80,VAL,O,2.926,bb-bb
9PY2,active,84,GLY,N,81,CYS,O,3.437,bb-bb
9PY2,active,85,LEU,N,81,CYS,O,2.933,bb-bb
9PY2,active,85,LEU,N,82,VAL,O,3.496,bb-bb
9PY2,active,86,PHE,N,82,VAL,O,2.907,bb-bb
9PY2,active,86,PHE,N,83,VAL,O,3.454,bb-bb
9PY2,active,87,GLY,N,83,VAL,O,2.931,bb-bb
9PY2,active,86,PHE,N,84,GLY,O,3.484,bb-bb
9PY2,active,87,GLY,N,84,GLY,O,3.431,bb-bb
9PY2,active,88,ASN,N,84,GLY,O,2.938,bb-bb
9PY2,active,88,ASN,ND2,84,GLY,O,3.046,bb-sc
9PY2,active,88,ASN,N,85,LEU,O,3.472,bb-bb
9PY2,active,89,PHE,N,85,LEU,O,2.888,bb-bb
9PY2,active,89,PHE,N,86,PHE,O,3.442,bb-bb
9PY2,active,90,LEU,N,86,PHE,O,2.923,bb-bb
9PY2,active,89,PHE,N,87,GLY,O,3.441,bb-bb
9PY2,active,90,LEU,N,87,GLY,O,3.354,bb-bb
9PY2,active,91,VAL,N,87,GLY,O,2.971,bb-bb
9PY2,active,91,VAL,N,88,ASN,O,3.307,bb-bb
9PY2,active,92,MET,N,88,ASN,O,2.875,bb-bb
9PY2,active,92,MET,N,89,PHE,O,3.263,bb-bb
9PY2,active,93,TYR,N,89,PHE,O,2.918,bb-bb
9PY2,active,92,MET,N,90,LEU,O,3.442,bb-bb
9PY2,active,93,TYR,N,90,LEU,O,3.415,bb-bb
9PY2,active,94,VAL,N,90,LEU,O,2.957,bb-bb
9PY2,active,94,VAL,N,91,VAL,O,3.447,bb-bb
9PY2,active,95,ILE,N,91,VAL,O,2.887,bb-bb
9PY2,active,94,VAL,N,92,MET,O,3.43,bb-bb
9PY2,active,95,ILE,N,92,MET,O,3.267,bb-bb
9PY2,active,96,VAL,N,92,MET,O,2.961,bb-bb
9PY2,active,95,ILE,N,93,TYR,O,3.486,bb-bb
9PY2,active,96,VAL,N,93,TYR,O,3.429,bb-bb
9PY2,active,97,ARG,N,93,TYR,O,2.915,bb-bb
9PY2,active,96,VAL,N,94,VAL,O,3.342,bb-bb
9PY2,active,97,ARG,N,94,VAL,O,3.401,bb-bb
9PY2,active,98,TYR,N,94,VAL,O,2.893,bb-bb
9PY2,active,99,THR,N,94,VAL,O,3.096,bb-bb
9PY2,active,106,ASN,ND2,99,THR,OG1,3.441,sc-sc
9PY2,active,102,LYS,N,100,LYS,O,3.454,bb-bb
9PY2,active,106,ASN,ND2,100,LYS,O,2.927,bb-sc
9PY2,active,103,THR,N,101,MET,O,3.404,bb-bb
9PY2,active,106,ASN,N,103,THR,O,3.453,bb-bb
9PY2,active,106,ASN,N,103,THR,OG1,3.446,bb-sc
9PY2,active,106,ASN,ND2,103,THR,OG1,3.032,sc-sc
9PY2,active,107,ILE,N,103,THR,O,3.34,bb-bb
9PY2,active,106,ASN,N,104,ALA,O,3.319,bb-bb
9PY2,active,107,ILE,N,104,ALA,O,3.186,bb-bb
9PY2,active,108,TYR,N,104,ALA,O,2.985,bb-bb
9PY2,active,108,TYR,N,105,THR,O,3.348,bb-bb
9PY2,active,109,ILE,N,105,THR,O,2.903,bb-bb
9PY2,active,109,ILE,N,106,ASN,O,3.375,bb-bb
9PY2,active,110,PHE,N,106,ASN,O,2.898,bb-bb
9PY2,active,109,ILE,N,107,ILE,O,3.496,bb-bb
9PY2,active,110,PHE,N,107,ILE,O,3.341,bb-bb
9PY2,active,111,ASN,N,107,ILE,O,2.957,bb-bb
9PY2,active,110,PHE,N,108,TYR,O,3.481,bb-bb
9PY2,active,111,ASN,N,108,TYR,O,3.401,bb-bb
9PY2,active,112,LEU,N,108,TYR,O,2.928,bb-bb
9PY2,active,112,LEU,N,109,ILE,O,3.383,bb-bb
9PY2,active,113,ALA,N,109,ILE,O,2.874,bb-bb
9PY2,active,113,ALA,N,110,PHE,O,3.231,bb-bb
9PY2,active,114,LEU,N,110,PHE,O,2.938,bb-bb
9PY2,active,113,ALA,N,111,ASN,O,3.496,bb-bb
9PY2,active,114,LEU,N,111,ASN,O,3.284,bb-bb
9PY2,active,115,ALA,N,111,ASN,O,2.948,bb-bb
9PY2,active,114,LEU,N,112,LEU,O,3.495,bb-bb
9PY2,active,115,ALA,N,112,LEU,O,3.314,bb-bb
9PY2,active,116,ASP,N,112,LEU,O,2.904,bb-bb
9PY2,active,116,ASP,N,113,ALA,O,3.476,bb-bb
9PY2,active,117,ALA,N,113,ALA,O,2.875,bb-bb
9PY2,active,116,ASP,N,114,LEU,O,3.448,bb-bb
9PY2,active,117,ALA,N,114,LEU,O,3.395,bb-bb
9PY2,active,118,LEU,N,114,LEU,O,2.959,bb-bb
9PY2,active,119,ALA,N,115,ALA,O,2.906,bb-bb
9PY2,active,120,THR,N,116,ASP,O,3.154,bb-bb
9PY2,active,120,THR,OG1,116,ASP,O,2.914,bb-sc
9PY2,active,156,SER,OG,116,ASP,OD1,2.955,sc-sc
9PY2,active,120,THR,OG1,117,ALA,O,3.456,bb-sc
9PY2,active,121,SER,N,117,ALA,O,3.211,bb-bb
9PY2,active,121,SER,OG,118,LEU,O,2.946,bb-sc
9PY2,active,122,THR,N,120,THR,O,3.397,bb-bb
9PY2,active,123,LEU,N,120,THR,O,3.385,bb-bb
9PY2,active,125,PHE,N,122,THR,O,3.332,bb-bb
9PY2,active,122,THR,OG1,126,GLN,NE2,3.393,sc-sc
9PY2,active,126,GLN,N,122,THR,O,3.285,bb-bb
9PY2,active,126,GLN,NE2,122,THR,OG1,3.393,sc-sc
9PY2,active,122,THR,OG1,149,ASP,OD2,2.816,sc-sc
9PY2,active,125,PHE,N,123,LEU,O,3.293,bb-bb
9PY2,active,126,GLN,N,123,LEU,O,3.29,bb-bb
9PY2,active,127,SER,N,123,LEU,O,2.933,bb-bb
9PY2,active,127,SER,N,124,PRO,O,3.357,bb-bb
9PY2,active,127,SER,OG,124,PRO,O,2.816,bb-sc
9PY2,active,128,VAL,N,124,PRO,O,2.899,bb-bb
9PY2,active,127,SER,N,125,PHE,O,3.495,bb-bb
9PY2,active,128,VAL,N,125,PHE,O,3.452,bb-bb
9PY2,active,129,ASN,N,125,PHE,O,2.917,bb-bb
9PY2,active,129,ASN,N,126,GLN,O,3.283,bb-bb
9PY2,active,130,TYR,N,126,GLN,O,2.944,bb-bb
9PY2,active,126,GLN,NE2,149,ASP,OD2,3.005,sc-sc
9PY2,active,126,GLN,NE2,328,TYR,OH,3.128,sc-sc
9PY2,active,328,TYR,OH,126,GLN,NE2,3.128,sc-sc
9PY2,active,129,ASN,N,127,SER,O,3.435,bb-bb
9PY2,active,130,TYR,N,127,SER,O,3.236,bb-bb
9PY2,active,131,LEU,N,127,SER,O,2.868,bb-bb
9PY2,active,131,LEU,N,128,VAL,O,3.106,bb-bb
9PY2,active,132,MET,N,128,VAL,O,2.999,bb-bb
9PY2,active,131,LEU,N,129,ASN,O,3.495,bb-bb
9PY2,active,133,GLY,N,129,ASN,O,2.912,bb-bb
9PY2,active,134,THR,N,129,ASN,O,3.44,bb-bb
9PY2,active,134,THR,N,132,MET,O,3.269,bb-bb
9PY2,active,134,THR,OG1,216,SER,O,2.852,bb-sc
9PY2,active,137,PHE,N,135,TRP,O,3.292,bb-bb
9PY2,active,135,TRP,NE1,138,GLY,O,2.988,bb-sc
9PY2,active,142,CYS,N,138,GLY,O,3.29,bb-bb
9PY2,active,143,LYS,N,139,THR,O,2.928,bb-bb
9PY2,active,143,LYS,NZ,139,THR,OG1,3.016,sc-sc
9PY2,active,143,LYS,N,140,ILE,O,3.346,bb-bb
9PY2,active,144,ILE,N,140,ILE,O,2.991,bb-bb
9PY2,active,143,LYS,N,141,LEU,O,3.488,bb-bb
9PY2,active,144,ILE,N,141,LEU,O,3.368,bb-bb
9PY2,active,145,VAL,N,141,LEU,O,2.886,bb-bb
9PY2,active,145,VAL,N,142,CYS,O,3.395,bb-bb
9PY2,active,146,ILE,N,142,CYS,O,2.924,bb-bb
9PY2,active,210,THR,OG1,142,CYS,SG,3.218,sc-sc
9PY2,active,145,VAL,N,143,LYS,O,3.416,bb-bb
9PY2,active,146,ILE,N,143,LYS,O,3.409,bb-bb
9PY2,active,147,SER,N,143,LYS,O,2.967,bb-bb
9PY2,active,147,SER,OG,143,LYS,O,2.81,bb-sc
9PY2,active,143,LYS,NZ,208,ALA,O,3.395,bb-sc
9PY2,active,147,SER,N,144,ILE,O,3.45,bb-bb
9PY2,active,148,ILE,N,144,ILE,O,2.872,bb-bb
9PY2,active,147,SER,N,145,VAL,O,3.472,bb-bb
9PY2,active,148,ILE,N,145,VAL,O,3.414,bb-bb
9PY2,active,149,ASP,N,145,VAL,O,2.918,bb-bb
9PY2,active,148,ILE,N,146,ILE,O,3.482,bb-bb
9PY2,active,149,ASP,N,146,ILE,O,3.333,bb-bb
9PY2,active,150,TYR,N,146,ILE,O,3.013,bb-bb
9PY2,active,149,ASP,N,147,SER,O,3.444,bb-bb
9PY2,active,151,TYR,N,147,SER,O,2.902,bb-bb
9PY2,active,152,ASN,N,148,ILE,O,2.886,bb-bb
9PY2,active,151,TYR,N,149,ASP,O,3.467,bb-bb
9PY2,active,153,MET,N,149,ASP,O,2.966,bb-bb
9PY2,active,328,TYR,OH,149,ASP,OD1,3.249,sc-sc
9PY2,active,328,TYR,OH,149,ASP,OD2,2.778,sc-sc
9PY2,active,153,MET,N,150,TYR,O,3.402,bb-bb
9PY2,active,154,PHE,N,150,TYR,O,2.977,bb-bb
9PY2,active,153,MET,N,151,TYR,O,3.464,bb-bb
9PY2,active,154,PHE,N,151,TYR,O,3.435,bb-bb
9PY2,active,155,THR,N,151,TYR,O,2.933,bb-bb
9PY2,active,155,THR,OG1,151,TYR,O,2.85,bb-sc
9PY2,active,151,TYR,OH,194,TRP,O,3.266,bb-sc
9PY2,active,155,THR,N,153,MET,O,3.431,bb-bb
9PY2,active,156,SER,N,153,MET,O,3.244,bb-bb
9PY2,active,157,ILE,N,153,MET,O,2.997,bb-bb
9PY2,active,331,SER,OG,153,MET,SD,3.35,sc-sc
9PY2,active,156,SER,N,154,PHE,O,3.473,bb-bb
9PY2,active,157,ILE,N,154,PHE,O,3.367,bb-bb
9PY2,active,158,PHE,N,154,PHE,O,2.937,bb-bb
9PY2,active,158,PHE,N,155,THR,O,3.427,bb-bb
9PY2,active,159,THR,N,155,THR,O,2.881,bb-bb
9PY2,active,155,THR,N,197,SER,OG,3.45,bb-sc
9PY2,active,155,THR,OG1,197,SER,OG,3.146,sc-sc
9PY2,active,197,SER,OG,155,THR,OG1,3.146,sc-sc
9PY2,active,158,PHE,N,156,SER,O,3.48,bb-bb
9PY2,active,159,THR,N,156,SER,O,3.364,bb-bb
9PY2,active,160,LEU,N,156,SER,O,2.986,bb-bb
9PY2,active,159,THR,N,157,ILE,O,3.426,bb-bb
9PY2,active,160,LEU,N,157,ILE,O,3.223,bb-bb
9PY2,active,161,CYS,N,157,ILE,O,3.012,bb-bb
9PY2,active,161,CYS,N,158,PHE,O,3.253,bb-bb
9PY2,active,162,THR,N,158,PHE,O,2.928,bb-bb
9PY2,active,162,THR,N,159,THR,O,3.485,bb-bb
9PY2,active,163,MET,N,159,THR,O,2.909,bb-bb
9PY2,active,162,THR,N,160,LEU,O,3.472,bb-bb
9PY2,active,163,MET,N,160,LEU,O,3.307,bb-bb
9PY2,active,164,SER,N,160,LEU,O,2.988,bb-bb
9PY2,active,164,SER,OG,160,LEU,O,3.223,bb-sc
9PY2,active,163,MET,N,161,CYS,O,3.452,bb-bb
9PY2,active,164,SER,N,161,CYS,O,3.299,bb-bb
9PY2,active,165,VAL,N,161,CYS,O,2.962,bb-bb
9PY2,active,165,VAL,N,162,THR,O,3.454,bb-bb
9PY2,active,166,ASP,N,162,THR,O,2.857,bb-bb
9PY2,active,166,ASP,N,163,MET,O,3.252,bb-bb
9PY2,active,167,ARG,N,163,MET,O,2.96,bb-bb
9PY2,active,166,ASP,N,164,SER,O,3.424,bb-bb
9PY2,active,167,ARG,N,164,SER,O,3.342,bb-bb
9PY2,active,168,TYR,N,164,SER,O,2.987,bb-bb
9PY2,active,164,SER,OG,254,TYR,OH,2.91,sc-sc
9PY2,active,254,TYR,OH,164,SER,OG,2.91,sc-sc
9PY2,active,168,TYR,N,165,VAL,O,3.393,bb-bb
9PY2,active,169,ILE,N,165,VAL,O,2.89,bb-bb
9PY2,active,169,ILE,N,166,ASP,O,3.372,bb-bb
9PY2,active,170,ALA,N,166,ASP,O,2.897,bb-bb
9PY2,active,181,ARG,NE,166,ASP,OD1,2.954,sc-sc
9PY2,active,169,ILE,N,167,ARG,O,3.461,bb-bb
9PY2,active,170,ALA,N,167,ARG,O,3.221,bb-bb
9PY2,active,171,VAL,N,167,ARG,O,2.977,bb-bb
9PY2,active,171,VAL,N,168,TYR,O,3.395,bb-bb
9PY2,active,172,CYS,N,168,TYR,O,2.926,bb-bb
9PY2,active,168,TYR,OH,173,HIS,NE2,3.181,sc-sc
9PY2,active,173,HIS,NE2,168,TYR,OH,3.181,sc-sc
9PY2,active,171,VAL,N,169,ILE,O,3.426,bb-bb
9PY2,active,173,HIS,N,169,ILE,O,3.21,bb-bb
9PY2,active,173,HIS,N,171,VAL,O,3.356,bb-bb
9PY2,active,176,LYS,N,173,HIS,O,3.478,bb-bb
9PY2,active,177,ALA,N,173,HIS,O,2.862,bb-bb
9PY2,active,177,ALA,N,174,PRO,O,3.133,bb-bb
9PY2,active,178,LEU,N,174,PRO,O,2.921,bb-bb
9PY2,active,177,ALA,N,175,VAL,O,3.403,bb-bb
9PY2,active,178,LEU,N,175,VAL,O,3.056,bb-bb
9PY2,active,179,ASP,N,175,VAL,O,3.009,bb-bb
9PY2,active,180,PHE,N,176,LYS,O,2.889,bb-bb
9PY2,active,181,ARG,N,177,ALA,O,3.274,bb-bb
9PY2,active,182,THR,N,180,PHE,O,3.001,bb-bb
9PY2,active,185,ASN,ND2,180,PHE,O,2.985,bb-sc
9PY2,active,184,ARG,N,182,THR,O,3.354,bb-bb
9PY2,active,185,ASN,N,182,THR,O,3.16,bb-bb
9PY2,active,185,ASN,N,182,THR,OG1,3.427,bb-sc
9PY2,active,186,ALA,N,182,THR,O,3.136,bb-bb
9PY2,active,185,ASN,N,183,PRO,O,3.423,bb-bb
9PY2,active,186,ALA,N,183,PRO,O,3.162,bb-bb
9PY2,active,187,LYS,N,183,PRO,O,2.916,bb-bb
9PY2,active,186,ALA,N,184,ARG,O,3.479,bb-bb
9PY2,active,187,LYS,N,184,ARG,O,3.129,bb-bb
9PY2,active,188,ILE,N,184,ARG,O,2.962,bb-bb
9PY2,active,187,LYS,N,185,ASN,O,3.442,bb-bb
9PY2,active,188,ILE,N,185,ASN,O,3.327,bb-bb
9PY2,active,189,ILE,N,185,ASN,O,2.915,bb-bb
9PY2,active,189,ILE,N,186,ALA,O,3.344,bb-bb
9PY2,active,190,ASN,N,186,ALA,O,2.917,bb-bb
9PY2,active,189,ILE,N,187,LYS,O,3.442,bb-bb
9PY2,active,190,ASN,N,187,LYS,O,3.289,bb-bb
9PY2,active,191,VAL,N,187,LYS,O,2.947,bb-bb
9PY2,active,191,VAL,N,188,ILE,O,3.426,bb-bb
9PY2,active,192,CYS,N,188,ILE,O,2.922,bb-bb
9PY2,active,192,CYS,N,189,ILE,O,3.413,bb-bb
9PY2,active,193,ASN,N,189,ILE,O,2.844,bb-bb
9PY2,active,193,ASN,N,190,ASN,O,3.177,bb-bb
9PY2,active,194,TRP,N,190,ASN,O,2.967,bb-bb
9PY2,active,193,ASN,N,191,VAL,O,3.355,bb-bb
9PY2,active,194,TRP,N,191,VAL,O,3.303,bb-bb
9PY2,active,195,ILE,N,191,VAL,O,2.937,bb-bb
9PY2,active,195,ILE,N,192,CYS,O,3.41,bb-bb
9PY2,active,196,LEU,N,192,CYS,O,2.864,bb-bb
9PY2,active,195,ILE,N,193,ASN,O,3.394,bb-bb
9PY2,active,196,LEU,N,193,ASN,O,3.312,bb-bb
9PY2,active,197,SER,N,193,ASN,O,2.94,bb-bb
9PY2,active,197,SER,OG,193,ASN,O,2.943,bb-sc
9PY2,active,197,SER,N,194,TRP,O,3.387,bb-bb
9PY2,active,198,SER,N,194,TRP,O,2.911,bb-bb
9PY2,active,197,SER,N,195,ILE,O,3.425,bb-bb
9PY2,active,198,SER,N,195,ILE,O,3.177,bb-bb
9PY2,active,198,SER,OG,195,ILE,O,2.866,bb-sc
9PY2,active,199,ALA,N,195,ILE,O,2.92,bb-bb
9PY2,active,199,ALA,N,196,LEU,O,3.498,bb-bb
9PY2,active,199,ALA,N,197,SER,O,3.411,bb-bb
9PY2,active,200,ILE,N,197,SER,O,3.253,bb-bb
9PY2,active,201,GLY,N,197,SER,O,2.909,bb-bb
9PY2,active,200,ILE,N,198,SER,O,3.135,bb-bb
9PY2,active,201,GLY,N,198,SER,O,3.105,bb-bb
9PY2,active,202,LEU,N,198,SER,O,2.912,bb-bb
9PY2,active,204,VAL,N,201,GLY,O,3.462,bb-bb
9PY2,active,205,MET,N,201,GLY,O,3.051,bb-bb
9PY2,active,204,VAL,N,202,LEU,O,3.392,bb-bb
9PY2,active,205,MET,N,202,LEU,O,3.094,bb-bb
9PY2,active,206,PHE,N,202,LEU,O,2.926,bb-bb
9PY2,active,205,MET,N,203,PRO,O,3.493,bb-bb
9PY2,active,206,PHE,N,203,PRO,O,3.297,bb-bb
9PY2,active,207,MET,N,203,PRO,O,2.9,bb-bb
9PY2,active,207,MET,N,204,VAL,O,3.395,bb-bb
9PY2,active,208,ALA,N,204,VAL,O,3.014,bb-bb
9PY2,active,207,MET,N,205,MET,O,3.326,bb-bb
9PY2,active,215,GLY,N,213,ARG,O,3.04,bb-bb
9PY2,active,216,SER,N,213,ARG,O,2.892,bb-bb
9PY2,active,213,ARG,NH1,218,ASP,O,3.437,bb-sc
9PY2,active,213,ARG,NH1,220,THR,OG1,3.003,sc-sc
9PY2,active,216,SER,N,214,GLN,O,3.416,bb-bb
9PY2,active,218,ASP,N,216,SER,O,2.96,bb-bb
9PY2,active,219,CYS,N,217,ILE,O,3.45,bb-bb
9PY2,active,220,THR,OG1,218,ASP,OD2,3.495,sc-sc
9PY2,active,222,THR,N,220,THR,O,3.068,bb-bb
9PY2,active,226,PRO,N,224,SER,O,3.465,bb-bb
9PY2,active,227,THR,N,225,HIS,O,2.928,bb-bb
9PY2,active,230,TRP,N,226,PRO,O,3.185,bb-bb
9PY2,active,229,TYR,N,227,THR,O,3.439,bb-bb
9PY2,active,230,TRP,N,227,THR,O,3.38,bb-bb
9PY2,active,231,GLU,N,227,THR,O,2.921,bb-bb
9PY2,active,231,GLU,N,228,TRP,O,3.351,bb-bb
9PY2,active,232,ASN,N,228,TRP,O,2.912,bb-bb
9PY2,active,232,ASN,ND2,228,TRP,O,3.131,bb-sc
9PY2,active,232,ASN,N,229,TYR,O,3.4,bb-bb
9PY2,active,233,LEU,N,229,TYR,O,2.885,bb-bb
9PY2,active,233,LEU,N,230,TRP,O,3.347,bb-bb
9PY2,active,234,LEU,N,230,TRP,O,2.914,bb-bb
9PY2,active,233,LEU,N,231,GLU,O,3.433,bb-bb
9PY2,active,234,LEU,N,231,GLU,O,3.414,bb-bb
9PY2,active,235,LYS,N,231,GLU,O,2.953,bb-bb
9PY2,active,235,LYS,N,232,ASN,O,3.432,bb-bb
9PY2,active,236,ILE,N,232,ASN,O,2.875,bb-bb
9PY2,active,236,ILE,N,233,LEU,O,3.481,bb-bb
9PY2,active,237,CYS,N,233,LEU,O,2.897,bb-bb
9PY2,active,237,CYS,N,234,LEU,O,3.335,bb-bb
9PY2,active,238,VAL,N,234,LEU,O,2.921,bb-bb
9PY2,active,237,CYS,N,235,LYS,O,3.453,bb-bb
9PY2,active,238,VAL,N,235,LYS,O,3.386,bb-bb
9PY2,active,239,PHE,N,235,LYS,O,2.911,bb-bb
9PY2,active,239,PHE,N,236,ILE,O,3.395,bb-bb
9PY2,active,240,ILE,N,236,ILE,O,2.915,bb-bb
9PY2,active,241,PHE,N,237,CYS,O,3.472,bb-bb
9PY2,active,243,PHE,N,239,PHE,O,3.031,bb-bb
9PY2,active,244,ILE,N,239,PHE,O,3.044,bb-bb
9PY2,active,245,MET,N,240,ILE,O,3.391,bb-bb
9PY2,active,247,VAL,N,243,PHE,O,3.393,bb-bb
9PY2,active,247,VAL,N,244,ILE,O,3.451,bb-bb
9PY2,active,248,LEU,N,244,ILE,O,3.054,bb-bb
9PY2,active,249,ILE,N,245,MET,O,3.004,bb-bb
9PY2,active,248,LEU,N,246,PRO,O,3.428,bb-bb
9PY2,active,249,ILE,N,246,PRO,O,3.378,bb-bb
9PY2,active,250,ILE,N,246,PRO,O,2.932,bb-bb
9PY2,active,250,ILE,N,247,VAL,O,3.415,bb-bb
9PY2,active,251,THR,N,247,VAL,O,2.877,bb-bb
9PY2,active,251,THR,OG1,247,VAL,O,2.813,bb-sc
9PY2,active,250,ILE,N,248,LEU,O,3.478,bb-bb
9PY2,active,251,THR,N,248,LEU,O,3.384,bb-bb
9PY2,active,251,THR,OG1,248,LEU,O,2.857,bb-sc
9PY2,active,252,VAL,N,248,LEU,O,2.975,bb-bb
9PY2,active,251,THR,N,249,ILE,O,3.451,bb-bb
9PY2,active,252,VAL,N,249,ILE,O,3.465,bb-bb
9PY2,active,253,CYS,N,249,ILE,O,2.957,bb-bb
9PY2,active,253,CYS,N,250,ILE,O,3.492,bb-bb
9PY2,active,254,TYR,N,250,ILE,O,2.919,bb-bb
9PY2,active,255,GLY,N,251,THR,O,2.85,bb-bb
9PY2,active,255,GLY,N,252,VAL,O,3.432,bb-bb
9PY2,active,256,LEU,N,252,VAL,O,3.006,bb-bb
9PY2,active,255,GLY,N,253,CYS,O,3.465,bb-bb
9PY2,active,256,LEU,N,253,CYS,O,3.426,bb-bb
9PY2,active,257,MET,N,253,CYS,O,2.935,bb-bb
9PY2,active,257,MET,N,254,TYR,O,3.378,bb-bb
9PY2,active,258,ILE,N,254,TYR,O,2.875,bb-bb
9PY2,active,257,MET,N,255,GLY,O,3.447,bb-bb
9PY2,active,258,ILE,N,255,GLY,O,3.344,bb-bb
9PY2,active,259,LEU,N,255,GLY,O,2.955,bb-bb
9PY2,active,259,LEU,N,256,LEU,O,3.406,bb-bb
9PY2,active,260,ARG,N,256,LEU,O,2.941,bb-bb
9PY2,active,259,LEU,N,257,MET,O,3.497,bb-bb
9PY2,active,260,ARG,N,257,MET,O,3.373,bb-bb
9PY2,active,261,LEU,N,257,MET,O,2.904,bb-bb
9PY2,active,260,ARG,N,258,ILE,O,3.495,bb-bb
9PY2,active,261,LEU,N,258,ILE,O,3.349,bb-bb
9PY2,active,262,LYS,N,258,ILE,O,2.892,bb-bb
9PY2,active,261,LEU,N,259,LEU,O,3.491,bb-bb
9PY2,active,262,LYS,N,259,LEU,O,3.159,bb-bb
9PY2,active,263,SER,N,259,LEU,O,2.966,bb-bb
9PY2,active,262,LYS,N,260,ARG,O,3.351,bb-bb
9PY2,active,263,SER,N,260,ARG,O,3.063,bb-bb
9PY2,active,264,VAL,N,260,ARG,O,2.956,bb-bb
9PY2,active,268,SER,OG,264,VAL,O,3.478,bb-sc
9PY2,active,267,LEU,N,265,ARG,O,3.135,bb-bb
9PY2,active,268,SER,N,265,ARG,O,3.441,bb-bb
9PY2,active,273,LYS,NZ,268,SER,O,3.01,bb-sc
9PY2,active,274,ASP,N,270,SER,O,3.185,bb-bb
9PY2,active,274,ASP,N,271,LYS,O,3.446,bb-bb
9PY2,active,275,ARG,N,271,LYS,O,2.918,bb-bb
9PY2,active,275,ARG,N,272,GLU,O,3.304,bb-bb
9PY2,active,276,ASN,N,272,GLU,O,2.885,bb-bb
9PY2,active,276,ASN,N,273,LYS,O,3.341,bb-bb
9PY2,active,277,LEU,N,273,LYS,O,2.947,bb-bb
9PY2,active,276,ASN,N,274,ASP,O,3.494,bb-bb
9PY2,active,277,LEU,N,274,ASP,O,3.36,bb-bb
9PY2,active,278,ARG,N,274,ASP,O,2.878,bb-bb
9PY2,active,278,ARG,N,275,ARG,O,3.294,bb-bb
9PY2,active,279,ARG,N,275,ARG,O,2.918,bb-bb
9PY2,active,278,ARG,N,276,ASN,O,3.307,bb-bb
9PY2,active,279,ARG,N,276,ASN,O,2.93,bb-bb
9PY2,active,280,ILE,N,276,ASN,O,2.996,bb-bb
9PY2,active,279,ARG,N,277,LEU,O,3.425,bb-bb
9PY2,active,280,ILE,N,277,LEU,O,3.456,bb-bb
9PY2,active,281,THR,N,277,LEU,O,2.918,bb-bb
9PY2,active,281,THR,OG1,277,LEU,O,2.867,bb-sc
9PY2,active,281,THR,N,278,ARG,O,3.457,bb-bb
9PY2,active,282,ARG,N,278,ARG,O,2.833,bb-bb
9PY2,active,282,ARG,N,279,ARG,O,3.376,bb-bb
9PY2,active,283,MET,N,279,ARG,O,2.982,bb-bb
9PY2,active,279,ARG,NH1,343,GLU,OE1,3.486,sc-sc
9PY2,active,279,ARG,NH1,343,GLU,OE2,2.932,sc-sc
9PY2,active,282,ARG,N,280,ILE,O,3.37,bb-bb
9PY2,active,283,MET,N,280,ILE,O,3.313,bb-bb
9PY2,active,284,VAL,N,280,ILE,O,2.955,bb-bb
9PY2,active,284,VAL,N,281,THR,O,3.429,bb-bb
9PY2,active,285,LEU,N,281,THR,O,2.931,bb-bb
9PY2,active,284,VAL,N,282,ARG,O,3.485,bb-bb
9PY2,active,285,LEU,N,282,ARG,O,3.417,bb-bb
9PY2,active,286,VAL,N,282,ARG,O,2.885,bb-bb
9PY2,active,286,VAL,N,283,MET,O,3.278,bb-bb
9PY2,active,287,VAL,N,283,MET,O,2.959,bb-bb
9PY2,active,286,VAL,N,284,VAL,O,3.384,bb-bb
9PY2,active,287,VAL,N,284,VAL,O,3.161,bb-bb
9PY2,active,288,VAL,N,284,VAL,O,3.014,bb-bb
9PY2,active,288,VAL,N,285,LEU,O,3.489,bb-bb
9PY2,active,289,ALA,N,285,LEU,O,2.851,bb-bb
9PY2,active,288,VAL,N,286,VAL,O,3.499,bb-bb
9PY2,active,289,ALA,N,286,VAL,O,3.436,bb-bb
9PY2,active,290,VAL,N,286,VAL,O,2.912,bb-bb
9PY2,active,289,ALA,N,287,VAL,O,3.434,bb-bb
9PY2,active,290,VAL,N,287,VAL,O,3.41,bb-bb
9PY2,active,291,PHE,N,287,VAL,O,3.026,bb-bb
9PY2,active,291,PHE,N,288,VAL,O,3.374,bb-bb
9PY2,active,292,ILE,N,288,VAL,O,2.949,bb-bb
9PY2,active,292,ILE,N,289,ALA,O,3.381,bb-bb
9PY2,active,293,VAL,N,289,ALA,O,2.881,bb-bb
9PY2,active,292,ILE,N,290,VAL,O,3.46,bb-bb
9PY2,active,293,VAL,N,290,VAL,O,3.477,bb-bb
9PY2,active,294,CYS,N,290,VAL,O,2.963,bb-bb
9PY2,active,294,CYS,N,291,PHE,O,3.457,bb-bb
9PY2,active,295,TRP,N,291,PHE,O,2.947,bb-bb
9PY2,active,294,CYS,N,292,ILE,O,3.174,bb-bb
9PY2,active,295,TRP,N,292,ILE,O,3.237,bb-bb
9PY2,active,296,THR,N,292,ILE,O,2.928,bb-bb
9PY2,active,296,THR,OG1,292,ILE,O,2.901,bb-sc
9PY2,active,298,ILE,N,296,THR,O,3.335,bb-bb
9PY2,active,300,ILE,N,296,THR,O,3.142,bb-bb
9PY2,active,301,TYR,N,297,PRO,O,2.927,bb-bb
9PY2,active,301,TYR,N,298,ILE,O,3.395,bb-bb
9PY2,active,302,VAL,N,298,ILE,O,2.896,bb-bb
9PY2,active,302,VAL,N,299,HIS,O,3.409,bb-bb
9PY2,active,303,ILE,N,299,HIS,O,2.927,bb-bb
9PY2,active,302,VAL,N,300,ILE,O,3.471,bb-bb
9PY2,active,303,ILE,N,300,ILE,O,3.324,bb-bb
9PY2,active,304,ILE,N,300,ILE,O,2.927,bb-bb
9PY2,active,305,LYS,N,301,TYR,O,2.896,bb-bb
9PY2,active,301,TYR,OH,316,GLN,NE2,3.191,sc-sc
9PY2,active,316,GLN,NE2,301,TYR,OH,3.191,sc-sc
9PY2,active,305,LYS,N,302,VAL,O,3.297,bb-bb
9PY2,active,306,ALA,N,302,VAL,O,2.928,bb-bb
9PY2,active,305,LYS,N,303,ILE,O,3.414,bb-bb
9PY2,active,306,ALA,N,303,ILE,O,3.228,bb-bb
9PY2,active,307,LEU,N,303,ILE,O,2.902,bb-bb
9PY2,active,307,LEU,N,304,ILE,O,3.389,bb-bb
9PY2,active,308,VAL,N,304,ILE,O,3.031,bb-bb
9PY2,active,307,LEU,N,305,LYS,O,3.343,bb-bb
9PY2,active,305,LYS,NZ,316,GLN,NE2,3.139,sc-sc
9PY2,active,316,GLN,N,313,THR,O,3.46,bb-bb
9PY2,active,317,THR,N,313,THR,O,3.422,bb-bb
9PY2,active,316,GLN,N,314,THR,O,3.315,bb-bb
9PY2,active,317,THR,N,314,THR,O,3.353,bb-bb
9PY2,active,317,THR,OG1,314,THR,O,2.893,bb-sc
9PY2,active,318,VAL,N,314,THR,O,2.964,bb-bb
9PY2,active,318,VAL,N,315,PHE,O,3.467,bb-bb
9PY2,active,319,SER,N,315,PHE,O,2.866,bb-bb
9PY2,active,319,SER,OG,315,PHE,O,3.335,bb-sc
9PY2,active,319,SER,N,316,GLN,O,3.371,bb-bb
9PY2,active,319,SER,OG,316,GLN,O,2.877,bb-sc
9PY2,active,320,TRP,N,316,GLN,O,2.941,bb-bb
9PY2,active,319,SER,N,317,THR,O,3.452,bb-bb
9PY2,active,320,TRP,N,317,THR,O,3.318,bb-bb
9PY2,active,321,HIS,N,317,THR,O,2.958,bb-bb
9PY2,active,321,HIS,N,318,VAL,O,3.473,bb-bb
9PY2,active,322,PHE,N,318,VAL,O,2.865,bb-bb
9PY2,active,322,PHE,N,319,SER,O,3.295,bb-bb
9PY2,active,323,CYS,N,319,SER,O,2.92,bb-bb
9PY2,active,322,PHE,N,320,TRP,O,3.404,bb-bb
9PY2,active,323,CYS,N,320,TRP,O,3.292,bb-bb
9PY2,active,324,ILE,N,320,TRP,O,2.992,bb-bb
9PY2,active,324,ILE,N,321,HIS,O,3.388,bb-bb
9PY2,active,325,ALA,N,321,HIS,O,2.873,bb-bb
9PY2,active,325,ALA,N,322,PHE,O,3.301,bb-bb
9PY2,active,326,LEU,N,322,PHE,O,2.862,bb-bb
9PY2,active,325,ALA,N,323,CYS,O,3.463,bb-bb
9PY2,active,326,LEU,N,323,CYS,O,3.093,bb-bb
9PY2,active,327,GLY,N,323,CYS,O,3.021,bb-bb
9PY2,active,326,LEU,N,324,ILE,O,3.35,bb-bb
9PY2,active,327,GLY,N,324,ILE,O,3.204,bb-bb
9PY2,active,328,TYR,N,324,ILE,O,3.001,bb-bb
9PY2,active,328,TYR,N,325,ALA,O,3.408,bb-bb
9PY2,active,329,THR,N,325,ALA,O,2.795,bb-bb
9PY2,active,329,THR,OG1,325,ALA,O,2.786,bb-sc
9PY2,active,329,THR,N,326,LEU,O,3.256,bb-bb
9PY2,active,330,ASN,N,326,LEU,O,2.935,bb-bb
9PY2,active,329,THR,N,327,GLY,O,3.407,bb-bb
9PY2,active,330,ASN,N,327,GLY,O,3.161,bb-bb
9PY2,active,331,SER,N,327,GLY,O,3.057,bb-bb
9PY2,active,331,SER,N,328,TYR,O,3.41,bb-bb
9PY2,active,332,CYS,N,328,TYR,O,2.839,bb-bb
9PY2,active,332,CYS,N,329,THR,O,3.191,bb-bb
9PY2,active,333,LEU,N,329,THR,O,2.869,bb-bb
9PY2,active,332,CYS,N,330,ASN,O,3.304,bb-bb
9PY2,active,333,LEU,N,330,ASN,O,3.342,bb-bb
9PY2,active,334,ASN,N,330,ASN,O,2.954,bb-bb
9PY2,active,334,ASN,N,332,CYS,O,3.48,bb-bb
9PY2,active,337,LEU,N,333,LEU,O,3.115,bb-bb
9PY2,active,336,VAL,N,334,ASN,O,3.488,bb-bb
9PY2,active,337,LEU,N,334,ASN,O,3.206,bb-bb
9PY2,active,338,TYR,N,334,ASN,O,2.945,bb-bb
9PY2,active,337,LEU,N,335,PRO,O,3.339,bb-bb
9PY2,active,339,ALA,N,335,PRO,O,2.971,bb-bb
9PY2,active,341,LEU,N,339,ALA,O,3.292,bb-bb
9PY2,active,342,ASP,N,339,ALA,O,3.237,bb-bb
9PY2,active,344,ASN,N,342,ASP,O,3.468,bb-bb
9PY2,active,345,PHE,N,342,ASP,O,3.307,bb-bb
9PY2,active,346,LYS,N,342,ASP,O,3.078,bb-bb
9PY2,active,346,LYS,N,343,GLU,O,3.407,bb-bb
9PY2,active,347,ARG,N,343,GLU,O,2.887,bb-bb
9PY2,active,347,ARG,NE,343,GLU,O,3.164,bb-sc
9PY2,active,347,ARG,N,344,ASN,O,3.337,bb-bb
9PY2,active,347,ARG,NH2,344,ASN,OD1,3.276,sc-sc
9PY2,active,348,CYS,N,344,ASN,O,2.928,bb-bb
9PY2,active,347,ARG,N,345,PHE,O,3.486,bb-bb
9PY2,active,348,CYS,N,345,PHE,O,3.379,bb-bb
9PY2,active,349,PHE,N,345,PHE,O,2.866,bb-bb
9PY2,active,349,PHE,N,346,LYS,O,3.399,bb-bb
9PY2,active,350,ARG,N,346,LYS,O,2.9,bb-bb
9PY2,active,349,PHE,N,347,ARG,O,3.488,bb-bb
9PY2,active,351,GLU,N,349,PHE,O,3.312,bb-bb
9PY2,active,352,PHE,N,349,PHE,O,3.064,bb-bb
9PY3,active,71,ILE,N,67,MET,O,3.208,bb-bb
9PY3,active,70,ALA,N,68,ILE,O,3.461,bb-bb
9PY3,active,71,ILE,N,68,ILE,O,3.13,bb-bb
9PY3,active,72,THR,N,68,ILE,O,2.929,bb-bb
9PY3,active,71,ILE,N,69,THR,O,3.431,bb-bb
9PY3,active,72,THR,N,69,THR,O,3.274,bb-bb
9PY3,active,72,THR,OG1,69,THR,O,2.813,bb-sc
9PY3,active,73,ILE,N,69,THR,O,2.929,bb-bb
9PY3,active,72,THR,N,70,ALA,O,3.496,bb-bb
9PY3,active,73,ILE,N,70,ALA,O,3.385,bb-bb
9PY3,active,74,MET,N,70,ALA,O,2.942,bb-bb
9PY3,active,74,MET,N,71,ILE,O,3.457,bb-bb
9PY3,active,75,ALA,N,71,ILE,O,2.894,bb-bb
9PY3,active,75,ALA,N,72,THR,O,3.326,bb-bb
9PY3,active,76,LEU,N,72,THR,O,2.903,bb-bb
9PY3,active,75,ALA,N,73,ILE,O,3.436,bb-bb
9PY3,active,76,LEU,N,73,ILE,O,3.34,bb-bb
9PY3,active,77,TYR,N,73,ILE,O,2.984,bb-bb
9PY3,active,76,LEU,N,74,MET,O,3.476,bb-bb
9PY3,active,77,TYR,N,74,MET,O,3.488,bb-bb
9PY3,active,78,SER,N,74,MET,O,2.893,bb-bb
9PY3,active,78,SER,OG,74,MET,O,3.22,bb-sc
9PY3,active,78,SER,N,75,ALA,O,3.371,bb-bb
9PY3,active,78,SER,OG,75,ALA,O,2.836,bb-sc
9PY3,active,79,ILE,N,75,ALA,O,2.918,bb-bb
9PY3,active,78,SER,N,76,LEU,O,3.435,bb-bb
9PY3,active,79,ILE,N,76,LEU,O,3.47,bb-bb
9PY3,active,80,VAL,N,76,LEU,O,2.946,bb-bb
9PY3,active,80,VAL,N,77,TYR,O,3.496,bb-bb
9PY3,active,81,CYS,N,77,TYR,O,2.906,bb-bb
9PY3,active,80,VAL,N,78,SER,O,3.493,bb-bb
9PY3,active,81,CYS,N,78,SER,O,3.357,bb-bb
9PY3,active,82,VAL,N,78,SER,O,2.937,bb-bb
9PY3,active,82,VAL,N,79,ILE,O,3.433,bb-bb
9PY3,active,83,VAL,N,79,ILE,O,3.008,bb-bb
9PY3,active,82,VAL,N,80,VAL,O,3.498,bb-bb
9PY3,active,84,GLY,N,80,VAL,O,2.895,bb-bb
9PY3,active,84,GLY,N,81,CYS,O,3.314,bb-bb
9PY3,active,85,LEU,N,81,CYS,O,2.923,bb-bb
9PY3,active,84,GLY,N,82,VAL,O,3.446,bb-bb
9PY3,active,85,LEU,N,82,VAL,O,3.491,bb-bb
9PY3,active,86,PHE,N,82,VAL,O,2.929,bb-bb
9PY3,active,86,PHE,N,83,VAL,O,3.475,bb-bb
9PY3,active,87,GLY,N,83,VAL,O,2.917,bb-bb
9PY3,active,86,PHE,N,84,GLY,O,3.497,bb-bb
9PY3,active,87,GLY,N,84,GLY,O,3.461,bb-bb
9PY3,active,88,ASN,N,84,GLY,O,2.92,bb-bb
9PY3,active,88,ASN,ND2,84,GLY,O,3.288,bb-sc
9PY3,active,89,PHE,N,85,LEU,O,2.884,bb-bb
9PY3,active,89,PHE,N,86,PHE,O,3.467,bb-bb
9PY3,active,90,LEU,N,86,PHE,O,2.913,bb-bb
9PY3,active,89,PHE,N,87,GLY,O,3.207,bb-bb
9PY3,active,90,LEU,N,87,GLY,O,3.422,bb-bb
9PY3,active,91,VAL,N,87,GLY,O,2.974,bb-bb
9PY3,active,88,ASN,ND2,331,SER,O,3.445,bb-sc
9PY3,active,92,MET,N,89,PHE,O,3.254,bb-bb
9PY3,active,93,TYR,N,89,PHE,O,2.888,bb-bb
9PY3,active,92,MET,N,90,LEU,O,3.46,bb-bb
9PY3,active,93,TYR,N,90,LEU,O,3.327,bb-bb
9PY3,active,94,VAL,N,90,LEU,O,2.972,bb-bb
9PY3,active,94,VAL,N,91,VAL,O,3.461,bb-bb
9PY3,active,95,ILE,N,91,VAL,O,2.897,bb-bb
9PY3,active,94,VAL,N,92,MET,O,3.407,bb-bb
9PY3,active,95,ILE,N,92,MET,O,3.306,bb-bb
9PY3,active,96,VAL,N,92,MET,O,2.929,bb-bb
9PY3,active,97,ARG,N,93,TYR,O,2.919,bb-bb
9PY3,active,96,VAL,N,94,VAL,O,3.167,bb-bb
9PY3,active,97,ARG,N,94,VAL,O,3.382,bb-bb
9PY3,active,98,TYR,N,94,VAL,O,2.925,bb-bb
9PY3,active,99,THR,N,94,VAL,O,3.124,bb-bb
9PY3,active,100,LYS,NZ,96,VAL,O,3.296,bb-sc
9PY3,active,102,LYS,N,100,LYS,O,3.494,bb-bb
9PY3,active,106,ASN,ND2,100,LYS,O,3.112,bb-sc
9PY3,active,105,THR,N,103,THR,O,3.48,bb-bb
9PY3,active,106,ASN,N,103,THR,O,3.387,bb-bb
9PY3,active,106,ASN,ND2,103,THR,OG1,3.278,sc-sc
9PY3,active,107,ILE,N,103,THR,O,3.303,bb-bb
9PY3,active,106,ASN,N,104,ALA,O,3.452,bb-bb
9PY3,active,107,ILE,N,104,ALA,O,3.302,bb-bb
9PY3,active,108,TYR,N,104,ALA,O,2.966,bb-bb
9PY3,active,108,TYR,N,105,THR,O,3.373,bb-bb
9PY3,active,109,ILE,N,105,THR,O,2.879,bb-bb
9PY3,active,108,TYR,N,106,ASN,O,3.484,bb-bb
9PY3,active,109,ILE,N,106,ASN,O,3.378,bb-bb
9PY3,active,110,PHE,N,106,ASN,O,2.905,bb-bb
9PY3,active,110,PHE,N,107,ILE,O,3.351,bb-bb
9PY3,active,111,ASN,N,107,ILE,O,2.962,bb-bb
9PY3,active,111,ASN,ND2,107,ILE,O,2.951,bb-sc
9PY3,active,111,ASN,N,108,TYR,O,3.354,bb-bb
9PY3,active,112,LEU,N,108,TYR,O,2.909,bb-bb
9PY3,active,112,LEU,N,109,ILE,O,3.347,bb-bb
9PY3,active,113,ALA,N,109,ILE,O,2.853,bb-bb
9PY3,active,113,ALA,N,110,PHE,O,3.254,bb-bb
9PY3,active,114,LEU,N,110,PHE,O,2.924,bb-bb
9PY3,active,113,ALA,N,111,ASN,O,3.46,bb-bb
9PY3,active,114,LEU,N,111,ASN,O,3.253,bb-bb
9PY3,active,115,ALA,N,111,ASN,O,2.979,bb-bb
9PY3,active,194,TRP,NE1,111,ASN,OD1,2.893,sc-sc
9PY3,active,115,ALA,N,112,LEU,O,3.368,bb-bb
9PY3,active,116,ASP,N,112,LEU,O,2.893,bb-bb
9PY3,active,117,ALA,N,113,ALA,O,2.878,bb-bb
9PY3,active,116,ASP,N,114,LEU,O,3.42,bb-bb
9PY3,active,117,ALA,N,114,LEU,O,3.39,bb-bb
9PY3,active,118,LEU,N,114,LEU,O,2.975,bb-bb
9PY3,active,119,ALA,N,115,ALA,O,2.918,bb-bb
9PY3,active,120,THR,N,116,ASP,O,3.139,bb-bb
9PY3,active,120,THR,OG1,116,ASP,O,2.918,bb-sc
9PY3,active,156,SER,OG,116,ASP,OD1,2.871,sc-sc
9PY3,active,331,SER,OG,116,ASP,OD1,2.969,sc-sc
9PY3,active,121,SER,N,117,ALA,O,3.42,bb-bb
9PY3,active,121,SER,OG,118,LEU,O,2.971,bb-sc
9PY3,active,121,SER,N,119,ALA,O,3.35,bb-bb
9PY3,active,122,THR,OG1,119,ALA,O,3.336,bb-sc
9PY3,active,122,THR,N,120,THR,O,3.323,bb-bb
9PY3,active,123,LEU,N,120,THR,O,3.329,bb-bb
9PY3,active,123,LEU,N,121,SER,O,3.47,bb-bb
9PY3,active,125,PHE,N,122,THR,O,3.228,bb-bb
9PY3,active,126,GLN,N,122,THR,O,3.339,bb-bb
9PY3,active,122,THR,OG1,149,ASP,OD1,2.937,sc-sc
9PY3,active,125,PHE,N,123,LEU,O,3.319,bb-bb
9PY3,active,126,GLN,N,123,LEU,O,3.219,bb-bb
9PY3,active,127,SER,N,123,LEU,O,2.919,bb-bb
9PY3,active,127,SER,N,124,PRO,O,3.279,bb-bb
9PY3,active,127,SER,OG,124,PRO,O,2.831,bb-sc
9PY3,active,128,VAL,N,124,PRO,O,2.938,bb-bb
9PY3,active,128,VAL,N,125,PHE,O,3.473,bb-bb
9PY3,active,129,ASN,N,125,PHE,O,2.877,bb-bb
9PY3,active,135,TRP,NE1,125,PHE,O,3.149,bb-sc
9PY3,active,128,VAL,N,126,GLN,O,3.496,bb-bb
9PY3,active,129,ASN,N,126,GLN,O,3.16,bb-bb
9PY3,active,130,TYR,N,126,GLN,O,2.958,bb-bb
9PY3,active,126,GLN,NE2,328,TYR,OH,2.967,sc-sc
9PY3,active,328,TYR,OH,126,GLN,NE2,2.967,sc-sc
9PY3,active,131,LEU,N,127,SER,O,2.884,bb-bb
9PY3,active,135,TRP,NE1,129,ASN,OD1,3.431,sc-sc
9PY3,active,217,ILE,N,134,THR,OG1,3.35,bb-sc
9PY3,active,137,PHE,N,135,TRP,O,3.201,bb-bb
9PY3,active,210,THR,OG1,138,GLY,O,3.417,bb-sc
9PY3,active,141,LEU,N,139,THR,O,3.42,bb-bb
9PY3,active,142,CYS,N,139,THR,O,3.13,bb-bb
9PY3,active,143,LYS,N,139,THR,O,2.926,bb-bb
9PY3,active,143,LYS,N,140,ILE,O,3.263,bb-bb
9PY3,active,144,ILE,N,140,ILE,O,2.952,bb-bb
9PY3,active,143,LYS,N,141,LEU,O,3.468,bb-bb
9PY3,active,144,ILE,N,141,LEU,O,3.401,bb-bb
9PY3,active,145,VAL,N,141,LEU,O,2.926,bb-bb
9PY3,active,144,ILE,N,142,CYS,O,3.498,bb-bb
9PY3,active,145,VAL,N,142,CYS,O,3.312,bb-bb
9PY3,active,146,ILE,N,142,CYS,O,2.979,bb-bb
9PY3,active,145,VAL,N,143,LYS,O,3.416,bb-bb
9PY3,active,146,ILE,N,143,LYS,O,3.468,bb-bb
9PY3,active,147,SER,N,143,LYS,O,2.94,bb-bb
9PY3,active,147,SER,OG,143,LYS,O,2.844,bb-sc
9PY3,active,143,LYS,NZ,205,MET,O,3.001,bb-sc
9PY3,active,143,LYS,NZ,208,ALA,O,3.119,bb-sc
9PY3,active,147,SER,N,144,ILE,O,3.416,bb-bb
9PY3,active,148,ILE,N,144,ILE,O,2.884,bb-bb
9PY3,active,147,SER,N,145,VAL,O,3.412,bb-bb
9PY3,active,148,ILE,N,145,VAL,O,3.387,bb-bb
9PY3,active,149,ASP,N,145,VAL,O,2.966,bb-bb
9PY3,active,149,ASP,N,146,ILE,O,3.399,bb-bb
9PY3,active,150,TYR,N,146,ILE,O,2.982,bb-bb
9PY3,active,149,ASP,N,147,SER,O,3.42,bb-bb
9PY3,active,150,TYR,N,147,SER,O,3.499,bb-bb
9PY3,active,151,TYR,N,147,SER,O,2.884,bb-bb
9PY3,active,152,ASN,N,148,ILE,O,2.839,bb-bb
9PY3,active,151,TYR,N,149,ASP,O,3.155,bb-bb
9PY3,active,152,ASN,N,149,ASP,O,3.427,bb-bb
9PY3,active,153,MET,N,149,ASP,O,3.03,bb-bb
9PY3,active,328,TYR,OH,149,ASP,OD1,2.964,sc-sc
9PY3,active,328,TYR,OH,149,ASP,OD2,3.466,sc-sc
9PY3,active,154,PHE,N,151,TYR,O,3.33,bb-bb
9PY3,active,155,THR,N,151,TYR,O,2.919,bb-bb
9PY3,active,155,THR,OG1,151,TYR,O,2.798,bb-sc
9PY3,active,151,TYR,OH,194,TRP,O,3.139,bb-sc
9PY3,active,154,PHE,N,152,ASN,O,3.482,bb-bb
9PY3,active,155,THR,N,152,ASN,O,3.405,bb-bb
9PY3,active,156,SER,N,152,ASN,O,2.878,bb-bb
9PY3,active,156,SER,N,153,MET,O,3.307,bb-bb
9PY3,active,157,ILE,N,153,MET,O,2.962,bb-bb
9PY3,active,331,SER,OG,153,MET,SD,3.269,sc-sc
9PY3,active,157,ILE,N,154,PHE,O,3.346,bb-bb
9PY3,active,158,PHE,N,154,PHE,O,2.955,bb-bb
9PY3,active,157,ILE,N,155,THR,O,3.492,bb-bb
9PY3,active,158,PHE,N,155,THR,O,3.256,bb-bb
9PY3,active,159,THR,N,155,THR,O,2.866,bb-bb
9PY3,active,155,THR,N,197,SER,OG,3.429,bb-sc
9PY3,active,155,THR,OG1,197,SER,OG,3.009,sc-sc
9PY3,active,197,SER,OG,155,THR,OG1,3.009,sc-sc
9PY3,active,158,PHE,N,156,SER,O,3.479,bb-bb
9PY3,active,159,THR,N,156,SER,O,3.469,bb-bb
9PY3,active,160,LEU,N,156,SER,O,2.935,bb-bb
9PY3,active,159,THR,N,157,ILE,O,3.492,bb-bb
9PY3,active,160,LEU,N,157,ILE,O,3.238,bb-bb
9PY3,active,161,CYS,N,157,ILE,O,2.943,bb-bb
9PY3,active,160,LEU,N,158,PHE,O,3.489,bb-bb
9PY3,active,161,CYS,N,158,PHE,O,3.22,bb-bb
9PY3,active,162,THR,N,158,PHE,O,2.921,bb-bb
9PY3,active,193,ASN,ND2,158,PHE,O,3.292,bb-sc
9PY3,active,161,CYS,N,159,THR,O,3.468,bb-bb
9PY3,active,162,THR,N,159,THR,O,3.366,bb-bb
9PY3,active,163,MET,N,159,THR,O,2.964,bb-bb
9PY3,active,163,MET,N,161,CYS,O,3.402,bb-bb
9PY3,active,164,SER,N,161,CYS,O,3.107,bb-bb
9PY3,active,165,VAL,N,161,CYS,O,2.995,bb-bb
9PY3,active,165,VAL,N,162,THR,O,3.45,bb-bb
9PY3,active,166,ASP,N,162,THR,O,2.883,bb-bb
9PY3,active,166,ASP,N,163,MET,O,3.236,bb-bb
9PY3,active,167,ARG,N,163,MET,O,2.927,bb-bb
9PY3,active,166,ASP,N,164,SER,O,3.432,bb-bb
9PY3,active,167,ARG,N,164,SER,O,3.272,bb-bb
9PY3,active,168,TYR,N,164,SER,O,2.966,bb-bb
9PY3,active,167,ARG,N,165,VAL,O,3.482,bb-bb
9PY3,active,168,TYR,N,165,VAL,O,3.416,bb-bb
9PY3,active,169,ILE,N,165,VAL,O,2.915,bb-bb
9PY3,active,169,ILE,N,166,ASP,O,3.347,bb-bb
9PY3,active,170,ALA,N,166,ASP,O,2.853,bb-bb
9PY3,active,181,ARG,NE,166,ASP,OD1,2.935,sc-sc
9PY3,active,169,ILE,N,167,ARG,O,3.47,bb-bb
9PY3,active,170,ALA,N,167,ARG,O,3.224,bb-bb
9PY3,active,171,VAL,N,167,ARG,O,2.971,bb-bb
9PY3,active,167,ARG,NH1,254,TYR,OH,2.965,sc-sc
9PY3,active,172,CYS,N,168,TYR,O,2.938,bb-bb
9PY3,active,168,TYR,OH,173,HIS,NE2,3.009,sc-sc
9PY3,active,173,HIS,NE2,168,TYR,OH,3.009,sc-sc
9PY3,active,171,VAL,N,169,ILE,O,3.434,bb-bb
9PY3,active,173,HIS,N,169,ILE,O,3.272,bb-bb
9PY3,active,173,HIS,N,171,VAL,O,3.424,bb-bb
9PY3,active,177,ALA,N,173,HIS,O,2.946,bb-bb
9PY3,active,176,LYS,N,174,PRO,O,3.486,bb-bb
9PY3,active,177,ALA,N,174,PRO,O,3.123,bb-bb
9PY3,active,178,LEU,N,174,PRO,O,2.968,bb-bb
9PY3,active,178,LEU,N,175,VAL,O,3.414,bb-bb
9PY3,active,178,LEU,N,176,LYS,O,3.449,bb-bb
9PY3,active,179,ASP,N,176,LYS,O,3.47,bb-bb
9PY3,active,180,PHE,N,176,LYS,O,2.909,bb-bb
9PY3,active,182,THR,N,180,PHE,O,3.172,bb-bb
9PY3,active,184,ARG,N,182,THR,O,3.396,bb-bb
9PY3,active,185,ASN,N,182,THR,O,3.335,bb-bb
9PY3,active,185,ASN,N,182,THR,OG1,2.997,bb-sc
9PY3,active,185,ASN,ND2,182,THR,OG1,3.155,sc-sc
9PY3,active,186,ALA,N,182,THR,O,3.099,bb-bb
9PY3,active,186,ALA,N,183,PRO,O,3.425,bb-bb
9PY3,active,187,LYS,N,183,PRO,O,2.928,bb-bb
9PY3,active,187,LYS,N,184,ARG,O,3.311,bb-bb
9PY3,active,188,ILE,N,184,ARG,O,2.921,bb-bb
9PY3,active,187,LYS,N,185,ASN,O,3.474,bb-bb
9PY3,active,188,ILE,N,185,ASN,O,3.424,bb-bb
9PY3,active,189,ILE,N,185,ASN,O,2.923,bb-bb
9PY3,active,189,ILE,N,186,ALA,O,3.388,bb-bb
9PY3,active,190,ASN,N,186,ALA,O,2.977,bb-bb
9PY3,active,190,ASN,ND2,186,ALA,O,3.402,bb-sc
9PY3,active,189,ILE,N,187,LYS,O,3.425,bb-bb
9PY3,active,190,ASN,N,187,LYS,O,3.458,bb-bb
9PY3,active,191,VAL,N,187,LYS,O,2.98,bb-bb
9PY3,active,192,CYS,N,188,ILE,O,2.93,bb-bb
9PY3,active,192,CYS,N,189,ILE,O,3.228,bb-bb
9PY3,active,193,ASN,N,189,ILE,O,2.893,bb-bb
9PY3,active,193,ASN,N,190,ASN,O,3.187,bb-bb
9PY3,active,194,TRP,N,190,ASN,O,2.946,bb-bb
9PY3,active,193,ASN,N,191,VAL,O,3.46,bb-bb
9PY3,active,194,TRP,N,191,VAL,O,3.334,bb-bb
9PY3,active,195,ILE,N,191,VAL,O,2.92,bb-bb
9PY3,active,195,ILE,N,192,CYS,O,3.344,bb-bb
9PY3,active,196,LEU,N,192,CYS,O,2.874,bb-bb
9PY3,active,195,ILE,N,193,ASN,O,3.443,bb-bb
9PY3,active,196,LEU,N,193,ASN,O,3.288,bb-bb
9PY3,active,197,SER,N,193,ASN,O,2.918,bb-bb
9PY3,active,197,SER,OG,193,ASN,O,3.252,bb-sc
9PY3,active,197,SER,N,194,TRP,O,3.39,bb-bb
9PY3,active,198,SER,N,194,TRP,O,2.921,bb-bb
9PY3,active,197,SER,N,195,ILE,O,3.441,bb-bb
9PY3,active,198,SER,N,195,ILE,O,3.092,bb-bb
9PY3,active,199,ALA,N,195,ILE,O,2.912,bb-bb
9PY3,active,199,ALA,N,196,LEU,O,3.421,bb-bb
9PY3,active,199,ALA,N,197,SER,O,3.364,bb-bb
9PY3,active,200,ILE,N,197,SER,O,3.258,bb-bb
9PY3,active,201,GLY,N,197,SER,O,2.894,bb-bb
9PY3,active,200,ILE,N,198,SER,O,3.225,bb-bb
9PY3,active,201,GLY,N,198,SER,O,2.989,bb-bb
9PY3,active,202,LEU,N,198,SER,O,2.976,bb-bb
9PY3,active,204,VAL,N,200,ILE,O,3.474,bb-bb
9PY3,active,204,VAL,N,201,GLY,O,3.221,bb-bb
9PY3,active,205,MET,N,201,GLY,O,3.002,bb-bb
9PY3,active,204,VAL,N,202,LEU,O,3.341,bb-bb
9PY3,active,205,MET,N,202,LEU,O,3.245,bb-bb
9PY3,active,206,PHE,N,202,LEU,O,2.91,bb-bb
9PY3,active,206,PHE,N,203,PRO,O,3.289,bb-bb
9PY3,active,207,MET,N,203,PRO,O,2.909,bb-bb
9PY3,active,206,PHE,N,204,VAL,O,3.482,bb-bb
9PY3,active,207,MET,N,204,VAL,O,3.456,bb-bb
9PY3,active,208,ALA,N,204,VAL,O,3.031,bb-bb
9PY3,active,222,THR,N,207,MET,O,3.027,bb-bb
9PY3,active,211,LYS,N,218,ASP,O,3.017,bb-bb
9PY3,active,218,ASP,N,211,LYS,O,3.091,bb-bb
9PY3,active,215,GLY,N,213,ARG,O,3.232,bb-bb
9PY3,active,213,ARG,N,216,SER,O,3.177,bb-bb
9PY3,active,213,ARG,NH1,216,SER,OG,3.014,sc-sc
9PY3,active,216,SER,N,213,ARG,O,3.056,bb-bb
9PY3,active,216,SER,OG,213,ARG,O,3.185,bb-sc
9PY3,active,213,ARG,NE,218,ASP,OD2,3.067,sc-sc
9PY3,active,216,SER,N,214,GLN,O,3.307,bb-bb
9PY3,active,226,PRO,N,224,SER,O,3.487,bb-bb
9PY3,active,227,THR,N,225,HIS,O,3.092,bb-bb
9PY3,active,228,TRP,N,226,PRO,O,3.322,bb-bb
9PY3,active,229,TYR,N,226,PRO,O,3.463,bb-bb
9PY3,active,230,TRP,N,226,PRO,O,3.409,bb-bb
9PY3,active,231,GLU,N,227,THR,O,2.896,bb-bb
9PY3,active,232,ASN,N,228,TRP,O,2.878,bb-bb
9PY3,active,231,GLU,N,229,TYR,O,3.491,bb-bb
9PY3,active,232,ASN,N,229,TYR,O,3.263,bb-bb
9PY3,active,233,LEU,N,229,TYR,O,2.938,bb-bb
9PY3,active,232,ASN,N,230,TRP,O,3.49,bb-bb
9PY3,active,233,LEU,N,230,TRP,O,3.403,bb-bb
9PY3,active,234,LEU,N,230,TRP,O,2.911,bb-bb
9PY3,active,234,LEU,N,231,GLU,O,3.42,bb-bb
9PY3,active,235,LYS,N,231,GLU,O,2.892,bb-bb
9PY3,active,234,LEU,N,232,ASN,O,3.476,bb-bb
9PY3,active,235,LYS,N,232,ASN,O,3.384,bb-bb
9PY3,active,236,ILE,N,232,ASN,O,2.915,bb-bb
9PY3,active,236,ILE,N,233,LEU,O,3.488,bb-bb
9PY3,active,237,CYS,N,233,LEU,O,2.887,bb-bb
9PY3,active,237,CYS,N,234,LEU,O,3.327,bb-bb
9PY3,active,238,VAL,N,234,LEU,O,2.924,bb-bb
9PY3,active,238,VAL,N,235,LYS,O,3.427,bb-bb
9PY3,active,239,PHE,N,235,LYS,O,2.889,bb-bb
9PY3,active,238,VAL,N,236,ILE,O,3.421,bb-bb
9PY3,active,239,PHE,N,236,ILE,O,3.281,bb-bb
9PY3,active,240,ILE,N,236,ILE,O,2.862,bb-bb
9PY3,active,241,PHE,N,237,CYS,O,3.216,bb-bb
9PY3,active,299,HIS,NE2,238,VAL,O,3.293,bb-sc
9PY3,active,243,PHE,N,239,PHE,O,3.46,bb-bb
9PY3,active,244,ILE,N,239,PHE,O,3.482,bb-bb
9PY3,active,242,ALA,N,240,ILE,O,3.333,bb-bb
9PY3,active,244,ILE,N,240,ILE,O,3.235,bb-bb
9PY3,active,245,MET,N,240,ILE,O,2.977,bb-bb
9PY3,active,245,MET,N,243,PHE,O,3.414,bb-bb
9PY3,active,247,VAL,N,243,PHE,O,3.079,bb-bb
9PY3,active,248,LEU,N,244,ILE,O,3.346,bb-bb
9PY3,active,249,ILE,N,245,MET,O,3.223,bb-bb
9PY3,active,250,ILE,N,246,PRO,O,2.917,bb-bb
9PY3,active,250,ILE,N,247,VAL,O,3.42,bb-bb
9PY3,active,251,THR,N,247,VAL,O,2.911,bb-bb
9PY3,active,251,THR,OG1,247,VAL,O,2.816,bb-sc
9PY3,active,250,ILE,N,248,LEU,O,3.454,bb-bb
9PY3,active,251,THR,N,248,LEU,O,3.369,bb-bb
9PY3,active,251,THR,OG1,248,LEU,O,2.889,bb-sc
9PY3,active,252,VAL,N,248,LEU,O,2.978,bb-bb
9PY3,active,251,THR,N,249,ILE,O,3.46,bb-bb
9PY3,active,253,CYS,N,249,ILE,O,2.951,bb-bb
9PY3,active,254,TYR,N,250,ILE,O,2.954,bb-bb
9PY3,active,255,GLY,N,251,THR,O,2.876,bb-bb
9PY3,active,255,GLY,N,252,VAL,O,3.454,bb-bb
9PY3,active,256,LEU,N,252,VAL,O,3.019,bb-bb
9PY3,active,255,GLY,N,253,CYS,O,3.495,bb-bb
9PY3,active,256,LEU,N,253,CYS,O,3.452,bb-bb
9PY3,active,257,MET,N,253,CYS,O,2.959,bb-bb
9PY3,active,257,MET,N,254,TYR,O,3.366,bb-bb
9PY3,active,258,ILE,N,254,TYR,O,2.878,bb-bb
9PY3,active,257,MET,N,255,GLY,O,3.456,bb-bb
9PY3,active,258,ILE,N,255,GLY,O,3.269,bb-bb
9PY3,active,259,LEU,N,255,GLY,O,2.967,bb-bb
9PY3,active,258,ILE,N,256,LEU,O,3.476,bb-bb
9PY3,active,259,LEU,N,256,LEU,O,3.371,bb-bb
9PY3,active,260,ARG,N,256,LEU,O,3.008,bb-bb
9PY3,active,260,ARG,N,257,MET,O,3.325,bb-bb
9PY3,active,261,LEU,N,257,MET,O,2.88,bb-bb
9PY3,active,261,LEU,N,258,ILE,O,3.272,bb-bb
9PY3,active,262,LYS,N,258,ILE,O,2.905,bb-bb
9PY3,active,261,LEU,N,259,LEU,O,3.365,bb-bb
9PY3,active,262,LYS,N,259,LEU,O,3.268,bb-bb
9PY3,active,263,SER,N,259,LEU,O,2.989,bb-bb
9PY3,active,263,SER,N,260,ARG,O,3.438,bb-bb
9PY3,active,264,VAL,N,260,ARG,O,3.318,bb-bb
9PY3,active,264,VAL,N,262,LYS,O,3.378,bb-bb
9PY3,active,268,SER,OG,264,VAL,O,2.972,bb-sc
9PY3,active,267,LEU,N,265,ARG,O,3.183,bb-bb
9PY3,active,268,SER,N,265,ARG,O,3.206,bb-bb
9PY3,active,268,SER,OG,265,ARG,O,3.48,bb-sc
9PY3,active,270,SER,OG,272,GLU,OE2,2.951,sc-sc
9PY3,active,274,ASP,N,270,SER,O,3.168,bb-bb
9PY3,active,274,ASP,N,271,LYS,O,3.467,bb-bb
9PY3,active,275,ARG,N,271,LYS,O,2.912,bb-bb
9PY3,active,275,ARG,N,272,GLU,O,3.262,bb-bb
9PY3,active,276,ASN,N,272,GLU,O,2.904,bb-bb
9PY3,active,275,ARG,N,273,LYS,O,3.491,bb-bb
9PY3,active,276,ASN,N,273,LYS,O,3.268,bb-bb
9PY3,active,277,LEU,N,273,LYS,O,2.941,bb-bb
9PY3,active,277,LEU,N,274,ASP,O,3.373,bb-bb
9PY3,active,278,ARG,N,274,ASP,O,2.881,bb-bb
9PY3,active,278,ARG,N,275,ARG,O,3.319,bb-bb
9PY3,active,279,ARG,N,275,ARG,O,2.909,bb-bb
9PY3,active,278,ARG,N,276,ASN,O,3.466,bb-bb
9PY3,active,279,ARG,N,276,ASN,O,3.395,bb-bb
9PY3,active,280,ILE,N,276,ASN,O,2.956,bb-bb
9PY3,active,279,ARG,N,277,LEU,O,3.482,bb-bb
9PY3,active,280,ILE,N,277,LEU,O,3.316,bb-bb
9PY3,active,281,THR,N,277,LEU,O,2.948,bb-bb
9PY3,active,281,THR,OG1,277,LEU,O,2.881,bb-sc
9PY3,active,281,THR,N,278,ARG,O,3.438,bb-bb
9PY3,active,282,ARG,N,278,ARG,O,2.844,bb-bb
9PY3,active,282,ARG,N,279,ARG,O,3.313,bb-bb
9PY3,active,283,MET,N,279,ARG,O,2.923,bb-bb
9PY3,active,282,ARG,N,280,ILE,O,3.371,bb-bb
9PY3,active,283,MET,N,280,ILE,O,3.306,bb-bb
9PY3,active,284,VAL,N,280,ILE,O,3.0,bb-bb
9PY3,active,284,VAL,N,281,THR,O,3.402,bb-bb
9PY3,active,285,LEU,N,281,THR,O,2.898,bb-bb
9PY3,active,285,LEU,N,282,ARG,O,3.331,bb-bb
9PY3,active,286,VAL,N,282,ARG,O,2.855,bb-bb
9PY3,active,286,VAL,N,283,MET,O,3.294,bb-bb
9PY3,active,287,VAL,N,283,MET,O,2.982,bb-bb
9PY3,active,286,VAL,N,284,VAL,O,3.401,bb-bb
9PY3,active,287,VAL,N,284,VAL,O,3.267,bb-bb
9PY3,active,288,VAL,N,284,VAL,O,3.024,bb-bb
9PY3,active,288,VAL,N,285,LEU,O,3.499,bb-bb
9PY3,active,289,ALA,N,285,LEU,O,2.839,bb-bb
9PY3,active,289,ALA,N,286,VAL,O,3.44,bb-bb
9PY3,active,290,VAL,N,286,VAL,O,2.89,bb-bb
9PY3,active,289,ALA,N,287,VAL,O,3.436,bb-bb
9PY3,active,290,VAL,N,287,VAL,O,3.372,bb-bb
9PY3,active,291,PHE,N,287,VAL,O,3.029,bb-bb
9PY3,active,291,PHE,N,288,VAL,O,3.328,bb-bb
9PY3,active,292,ILE,N,288,VAL,O,2.942,bb-bb
9PY3,active,292,ILE,N,289,ALA,O,3.353,bb-bb
9PY3,active,293,VAL,N,289,ALA,O,2.87,bb-bb
9PY3,active,292,ILE,N,290,VAL,O,3.417,bb-bb
9PY3,active,293,VAL,N,290,VAL,O,3.44,bb-bb
9PY3,active,294,CYS,N,290,VAL,O,2.955,bb-bb
9PY3,active,294,CYS,N,291,PHE,O,3.495,bb-bb
9PY3,active,295,TRP,N,291,PHE,O,2.938,bb-bb
9PY3,active,294,CYS,N,292,ILE,O,3.251,bb-bb
9PY3,active,295,TRP,N,292,ILE,O,3.276,bb-bb
9PY3,active,296,THR,N,292,ILE,O,2.926,bb-bb
9PY3,active,296,THR,OG1,292,ILE,O,2.838,bb-sc
9PY3,active,295,TRP,NE1,330,ASN,OD1,3.009,sc-sc
9PY3,active,298,ILE,N,296,THR,O,3.203,bb-bb
9PY3,active,299,HIS,N,296,THR,O,3.257,bb-bb
9PY3,active,300,ILE,N,296,THR,O,3.206,bb-bb
9PY3,active,301,TYR,N,297,PRO,O,2.914,bb-bb
9PY3,active,301,TYR,N,298,ILE,O,3.338,bb-bb
9PY3,active,302,VAL,N,298,ILE,O,2.948,bb-bb
9PY3,active,301,TYR,N,299,HIS,O,3.468,bb-bb
9PY3,active,302,VAL,N,299,HIS,O,3.428,bb-bb
9PY3,active,303,ILE,N,299,HIS,O,2.929,bb-bb
9PY3,active,303,ILE,N,300,ILE,O,3.381,bb-bb
9PY3,active,304,ILE,N,300,ILE,O,2.947,bb-bb
9PY3,active,303,ILE,N,301,TYR,O,3.465,bb-bb
9PY3,active,304,ILE,N,301,TYR,O,3.493,bb-bb
9PY3,active,305,LYS,N,301,TYR,O,2.919,bb-bb
9PY3,active,301,TYR,OH,316,GLN,O,2.925,bb-sc
9PY3,active,320,TRP,N,301,TYR,OH,3.458,bb-sc
9PY3,active,305,LYS,N,302,VAL,O,3.451,bb-bb
9PY3,active,306,ALA,N,302,VAL,O,2.936,bb-bb
9PY3,active,305,LYS,N,303,ILE,O,3.44,bb-bb
9PY3,active,306,ALA,N,303,ILE,O,3.117,bb-bb
9PY3,active,307,LEU,N,303,ILE,O,2.926,bb-bb
9PY3,active,308,VAL,N,304,ILE,O,3.126,bb-bb
9PY3,active,310,ILE,N,308,VAL,O,3.301,bb-bb
9PY3,active,313,THR,N,311,PRO,O,3.49,bb-bb
9PY3,active,316,GLN,N,313,THR,O,3.349,bb-bb
9PY3,active,317,THR,N,313,THR,O,3.177,bb-bb
9PY3,active,317,THR,OG1,313,THR,O,3.313,bb-sc
9PY3,active,316,GLN,N,314,THR,O,3.373,bb-bb
9PY3,active,317,THR,N,314,THR,O,3.138,bb-bb
9PY3,active,318,VAL,N,314,THR,O,2.971,bb-bb
9PY3,active,317,THR,N,315,PHE,O,3.489,bb-bb
9PY3,active,318,VAL,N,315,PHE,O,3.447,bb-bb
9PY3,active,319,SER,N,315,PHE,O,2.909,bb-bb
9PY3,active,319,SER,OG,315,PHE,O,3.059,bb-sc
9PY3,active,320,TRP,N,316,GLN,O,2.869,bb-bb
9PY3,active,320,TRP,N,317,THR,O,3.345,bb-bb
9PY3,active,321,HIS,N,317,THR,O,2.96,bb-bb
9PY3,active,321,HIS,ND1,317,THR,O,3.213,bb-sc
9PY3,active,320,TRP,N,318,VAL,O,3.485,bb-bb
9PY3,active,321,HIS,N,318,VAL,O,3.385,bb-bb
9PY3,active,322,PHE,N,318,VAL,O,2.929,bb-bb
9PY3,active,322,PHE,N,319,SER,O,3.387,bb-bb
9PY3,active,323,CYS,N,319,SER,O,2.91,bb-bb
9PY3,active,323,CYS,N,320,TRP,O,3.286,bb-bb
9PY3,active,324,ILE,N,320,TRP,O,2.937,bb-bb
9PY3,active,324,ILE,N,321,HIS,O,3.461,bb-bb
9PY3,active,325,ALA,N,321,HIS,O,2.895,bb-bb
9PY3,active,324,ILE,N,322,PHE,O,3.479,bb-bb
9PY3,active,325,ALA,N,322,PHE,O,3.244,bb-bb
9PY3,active,326,LEU,N,322,PHE,O,2.924,bb-bb
9PY3,active,326,LEU,N,324,ILE,O,3.229,bb-bb
9PY3,active,327,GLY,N,324,ILE,O,3.412,bb-bb
9PY3,active,328,TYR,N,325,ALA,O,3.344,bb-bb
9PY3,active,329,THR,N,325,ALA,O,2.859,bb-bb
9PY3,active,329,THR,OG1,325,ALA,O,2.841,bb-sc
9PY3,active,328,TYR,N,326,LEU,O,3.496,bb-bb
9PY3,active,329,THR,N,326,LEU,O,3.189,bb-bb
9PY3,active,330,ASN,N,326,LEU,O,2.927,bb-bb
9PY3,active,329,THR,N,327,GLY,O,3.467,bb-bb
9PY3,active,330,ASN,N,327,GLY,O,3.213,bb-bb
9PY3,active,331,SER,N,327,GLY,O,2.938,bb-bb
9PY3,active,331,SER,N,328,TYR,O,3.259,bb-bb
9PY3,active,332,CYS,N,328,TYR,O,2.875,bb-bb
9PY3,active,332,CYS,N,329,THR,O,3.356,bb-bb
9PY3,active,333,LEU,N,329,THR,O,2.889,bb-bb
9PY3,active,332,CYS,N,330,ASN,O,3.369,bb-bb
9PY3,active,333,LEU,N,330,ASN,O,3.292,bb-bb
9PY3,active,334,ASN,N,330,ASN,O,2.947,bb-bb
9PY3,active,336,VAL,N,333,LEU,O,3.479,bb-bb
9PY3,active,337,LEU,N,333,LEU,O,3.03,bb-bb
9PY3,active,336,VAL,N,334,ASN,O,3.462,bb-bb
9PY3,active,337,LEU,N,334,ASN,O,3.339,bb-bb
9PY3,active,338,TYR,N,334,ASN,O,2.917,bb-bb
9PY3,active,337,LEU,N,335,PRO,O,3.492,bb-bb
9PY3,active,339,ALA,N,335,PRO,O,2.994,bb-bb
9PY3,active,341,LEU,N,339,ALA,O,3.313,bb-bb
9PY3,active,342,ASP,N,339,ALA,O,3.291,bb-bb
9PY3,active,346,LYS,N,342,ASP,O,3.366,bb-bb
9PY3,active,346,LYS,N,343,GLU,O,3.221,bb-bb
9PY3,active,347,ARG,N,343,GLU,O,2.888,bb-bb
9PY3,active,346,LYS,N,344,ASN,O,3.419,bb-bb
9PY3,active,347,ARG,N,344,ASN,O,3.235,bb-bb
9PY3,active,348,CYS,N,344,ASN,O,2.942,bb-bb
9PY3,active,348,CYS,N,345,PHE,O,3.242,bb-bb
9PY3,active,349,PHE,N,345,PHE,O,2.871,bb-bb
9PY3,active,348,CYS,N,346,LYS,O,3.496,bb-bb
9PY3,active,349,PHE,N,346,LYS,O,3.351,bb-bb
9PY3,active,350,ARG,N,346,LYS,O,2.892,bb-bb
9PY3,active,350,ARG,N,347,ARG,O,3.255,bb-bb
9PY3,active,351,GLU,N,347,ARG,O,3.225,bb-bb
9PY3,active,351,GLU,N,349,PHE,O,3.394,bb-bb
9PY3,active,352,PHE,N,349,PHE,O,3.278,bb-bb
9PY3,active,352,PHE,N,350,ARG,O,3.347,bb-bb
9PY4,active,69,THR,N,67,MET,O,3.423,bb-bb
9PY4,active,70,ALA,N,67,MET,O,3.499,bb-bb
9PY4,active,71,ILE,N,68,ILE,O,3.21,bb-bb
9PY4,active,72,THR,N,68,ILE,O,2.923,bb-bb
9PY4,active,72,THR,OG1,68,ILE,O,3.383,bb-sc
9PY4,active,71,ILE,N,69,THR,O,3.426,bb-bb
9PY4,active,72,THR,N,69,THR,O,3.323,bb-bb
9PY4,active,72,THR,OG1,69,THR,O,2.83,bb-sc
9PY4,active,73,ILE,N,69,THR,O,2.949,bb-bb
9PY4,active,73,ILE,N,70,ALA,O,3.409,bb-bb
9PY4,active,74,MET,N,70,ALA,O,2.908,bb-bb
9PY4,active,73,ILE,N,71,ILE,O,3.487,bb-bb
9PY4,active,74,MET,N,71,ILE,O,3.466,bb-bb
9PY4,active,75,ALA,N,71,ILE,O,2.896,bb-bb
9PY4,active,75,ALA,N,72,THR,O,3.299,bb-bb
9PY4,active,76,LEU,N,72,THR,O,2.919,bb-bb
9PY4,active,75,ALA,N,73,ILE,O,3.414,bb-bb
9PY4,active,76,LEU,N,73,ILE,O,3.371,bb-bb
9PY4,active,77,TYR,N,73,ILE,O,2.982,bb-bb
9PY4,active,77,TYR,N,74,MET,O,3.491,bb-bb
9PY4,active,78,SER,N,74,MET,O,2.894,bb-bb
9PY4,active,78,SER,OG,74,MET,O,2.927,bb-sc
9PY4,active,127,SER,OG,74,MET,SD,3.113,sc-sc
9PY4,active,78,SER,N,75,ALA,O,3.312,bb-bb
9PY4,active,79,ILE,N,75,ALA,O,2.931,bb-bb
9PY4,active,78,SER,N,76,LEU,O,3.424,bb-bb
9PY4,active,79,ILE,N,76,LEU,O,3.48,bb-bb
9PY4,active,80,VAL,N,76,LEU,O,2.976,bb-bb
9PY4,active,81,CYS,N,77,TYR,O,2.909,bb-bb
9PY4,active,77,TYR,OH,321,HIS,ND1,3.049,sc-sc
9PY4,active,321,HIS,ND1,77,TYR,OH,3.049,sc-sc
9PY4,active,80,VAL,N,78,SER,O,3.475,bb-bb
9PY4,active,81,CYS,N,78,SER,O,3.348,bb-bb
9PY4,active,82,VAL,N,78,SER,O,2.935,bb-bb
9PY4,active,82,VAL,N,79,ILE,O,3.488,bb-bb
9PY4,active,83,VAL,N,79,ILE,O,2.956,bb-bb
9PY4,active,82,VAL,N,80,VAL,O,3.475,bb-bb
9PY4,active,83,VAL,N,80,VAL,O,3.423,bb-bb
9PY4,active,84,GLY,N,80,VAL,O,2.93,bb-bb
9PY4,active,83,VAL,N,81,CYS,O,3.492,bb-bb
9PY4,active,84,GLY,N,81,CYS,O,3.457,bb-bb
9PY4,active,85,LEU,N,81,CYS,O,2.92,bb-bb
9PY4,active,86,PHE,N,82,VAL,O,2.943,bb-bb
9PY4,active,86,PHE,N,83,VAL,O,3.471,bb-bb
9PY4,active,87,GLY,N,83,VAL,O,2.928,bb-bb
9PY4,active,87,GLY,N,84,GLY,O,3.465,bb-bb
9PY4,active,88,ASN,N,84,GLY,O,2.937,bb-bb
9PY4,active,88,ASN,ND2,84,GLY,O,2.888,bb-sc
9PY4,active,84,GLY,N,332,CYS,SG,3.485,bb-sc
9PY4,active,89,PHE,N,85,LEU,O,2.915,bb-bb
9PY4,active,89,PHE,N,86,PHE,O,3.392,bb-bb
9PY4,active,90,LEU,N,86,PHE,O,2.941,bb-bb
9PY4,active,89,PHE,N,87,GLY,O,3.383,bb-bb
9PY4,active,90,LEU,N,87,GLY,O,3.366,bb-bb
9PY4,active,91,VAL,N,87,GLY,O,2.956,bb-bb
9PY4,active,91,VAL,N,89,PHE,O,3.49,bb-bb
9PY4,active,92,MET,N,89,PHE,O,3.332,bb-bb
9PY4,active,93,TYR,N,89,PHE,O,2.904,bb-bb
9PY4,active,93,TYR,N,90,LEU,O,3.332,bb-bb
9PY4,active,94,VAL,N,90,LEU,O,2.943,bb-bb
9PY4,active,93,TYR,N,91,VAL,O,3.465,bb-bb
9PY4,active,94,VAL,N,91,VAL,O,3.392,bb-bb
9PY4,active,95,ILE,N,91,VAL,O,2.905,bb-bb
9PY4,active,94,VAL,N,92,MET,O,3.454,bb-bb
9PY4,active,95,ILE,N,92,MET,O,3.304,bb-bb
9PY4,active,96,VAL,N,92,MET,O,2.883,bb-bb
9PY4,active,96,VAL,N,93,TYR,O,3.463,bb-bb
9PY4,active,97,ARG,N,93,TYR,O,2.913,bb-bb
9PY4,active,96,VAL,N,94,VAL,O,3.242,bb-bb
9PY4,active,97,ARG,N,94,VAL,O,3.451,bb-bb
9PY4,active,98,TYR,N,94,VAL,O,2.908,bb-bb
9PY4,active,99,THR,N,94,VAL,O,3.201,bb-bb
9PY4,active,106,ASN,ND2,99,THR,OG1,3.424,sc-sc
9PY4,active,106,ASN,ND2,100,LYS,O,3.108,bb-sc
9PY4,active,103,THR,N,101,MET,O,3.469,bb-bb
9PY4,active,106,ASN,N,103,THR,O,3.43,bb-bb
9PY4,active,106,ASN,ND2,103,THR,OG1,3.008,sc-sc
9PY4,active,107,ILE,N,103,THR,O,3.255,bb-bb
9PY4,active,106,ASN,N,104,ALA,O,3.375,bb-bb
9PY4,active,107,ILE,N,104,ALA,O,3.301,bb-bb
9PY4,active,108,TYR,N,104,ALA,O,2.984,bb-bb
9PY4,active,108,TYR,N,105,THR,O,3.379,bb-bb
9PY4,active,109,ILE,N,105,THR,O,2.896,bb-bb
9PY4,active,109,ILE,N,106,ASN,O,3.358,bb-bb
9PY4,active,110,PHE,N,106,ASN,O,2.912,bb-bb
9PY4,active,109,ILE,N,107,ILE,O,3.463,bb-bb
9PY4,active,110,PHE,N,107,ILE,O,3.38,bb-bb
9PY4,active,111,ASN,N,107,ILE,O,2.963,bb-bb
9PY4,active,111,ASN,ND2,107,ILE,O,2.937,bb-sc
9PY4,active,111,ASN,N,108,TYR,O,3.379,bb-bb
9PY4,active,112,LEU,N,108,TYR,O,2.912,bb-bb
9PY4,active,111,ASN,N,109,ILE,O,3.48,bb-bb
9PY4,active,112,LEU,N,109,ILE,O,3.344,bb-bb
9PY4,active,113,ALA,N,109,ILE,O,2.874,bb-bb
9PY4,active,113,ALA,N,110,PHE,O,3.212,bb-bb
9PY4,active,114,LEU,N,110,PHE,O,2.934,bb-bb
9PY4,active,113,ALA,N,111,ASN,O,3.468,bb-bb
9PY4,active,114,LEU,N,111,ASN,O,3.315,bb-bb
9PY4,active,115,ALA,N,111,ASN,O,2.95,bb-bb
9PY4,active,111,ASN,ND2,190,ASN,OD1,3.246,sc-sc
9PY4,active,194,TRP,NE1,111,ASN,OD1,2.982,sc-sc
9PY4,active,115,ALA,N,112,LEU,O,3.294,bb-bb
9PY4,active,116,ASP,N,112,LEU,O,2.881,bb-bb
9PY4,active,115,ALA,N,113,ALA,O,3.5,bb-bb
9PY4,active,116,ASP,N,113,ALA,O,3.43,bb-bb
9PY4,active,117,ALA,N,113,ALA,O,2.884,bb-bb
9PY4,active,116,ASP,N,114,LEU,O,3.477,bb-bb
9PY4,active,117,ALA,N,114,LEU,O,3.4,bb-bb
9PY4,active,118,LEU,N,114,LEU,O,2.959,bb-bb
9PY4,active,117,ALA,N,115,ALA,O,3.492,bb-bb
9PY4,active,119,ALA,N,115,ALA,O,2.926,bb-bb
9PY4,active,119,ALA,N,116,ASP,O,3.433,bb-bb
9PY4,active,120,THR,N,116,ASP,O,3.005,bb-bb
9PY4,active,120,THR,OG1,116,ASP,O,2.915,bb-sc
9PY4,active,156,SER,OG,116,ASP,OD1,2.913,sc-sc
9PY4,active,119,ALA,N,117,ALA,O,3.426,bb-bb
9PY4,active,120,THR,N,117,ALA,O,3.484,bb-bb
9PY4,active,120,THR,OG1,117,ALA,O,3.366,bb-sc
9PY4,active,121,SER,N,117,ALA,O,3.146,bb-bb
9PY4,active,121,SER,OG,118,LEU,O,2.892,bb-sc
9PY4,active,121,SER,N,119,ALA,O,3.455,bb-bb
9PY4,active,122,THR,OG1,119,ALA,O,2.992,bb-sc
9PY4,active,123,LEU,N,120,THR,O,3.493,bb-bb
9PY4,active,125,PHE,N,122,THR,O,3.21,bb-bb
9PY4,active,122,THR,OG1,126,GLN,NE2,3.142,sc-sc
9PY4,active,126,GLN,N,122,THR,O,3.28,bb-bb
9PY4,active,126,GLN,NE2,122,THR,OG1,3.142,sc-sc
9PY4,active,122,THR,OG1,149,ASP,OD1,3.442,sc-sc
9PY4,active,125,PHE,N,123,LEU,O,3.33,bb-bb
9PY4,active,126,GLN,N,123,LEU,O,3.455,bb-bb
9PY4,active,127,SER,N,123,LEU,O,2.882,bb-bb
9PY4,active,127,SER,N,124,PRO,O,3.388,bb-bb
9PY4,active,128,VAL,N,124,PRO,O,2.908,bb-bb
9PY4,active,127,SER,N,125,PHE,O,3.418,bb-bb
9PY4,active,128,VAL,N,125,PHE,O,3.453,bb-bb
9PY4,active,129,ASN,N,125,PHE,O,2.902,bb-bb
9PY4,active,129,ASN,N,126,GLN,O,3.313,bb-bb
9PY4,active,130,TYR,N,126,GLN,O,2.918,bb-bb
9PY4,active,126,GLN,NE2,149,ASP,OD2,3.067,sc-sc
9PY4,active,126,GLN,NE2,328,TYR,OH,3.044,sc-sc
9PY4,active,328,TYR,OH,126,GLN,NE2,3.044,sc-sc
9PY4,active,129,ASN,N,127,SER,O,3.445,bb-bb
9PY4,active,130,TYR,N,127,SER,O,3.322,bb-bb
9PY4,active,131,LEU,N,127,SER,O,2.925,bb-bb
9PY4,active,131,LEU,N,128,VAL,O,3.336,bb-bb
9PY4,active,132,MET,N,128,VAL,O,2.948,bb-bb
9PY4,active,133,GLY,N,129,ASN,O,2.945,bb-bb
9PY4,active,134,THR,N,132,MET,O,3.388,bb-bb
9PY4,active,135,TRP,NE1,138,GLY,O,3.003,bb-sc
9PY4,active,135,TRP,N,217,ILE,O,2.922,bb-bb
9PY4,active,138,GLY,N,136,PRO,O,3.329,bb-bb
9PY4,active,142,CYS,N,138,GLY,O,3.349,bb-bb
9PY4,active,143,LYS,N,139,THR,O,2.921,bb-bb
9PY4,active,143,LYS,N,140,ILE,O,3.325,bb-bb
9PY4,active,144,ILE,N,140,ILE,O,2.959,bb-bb
9PY4,active,144,ILE,N,141,LEU,O,3.358,bb-bb
9PY4,active,145,VAL,N,141,LEU,O,2.897,bb-bb
9PY4,active,144,ILE,N,142,CYS,O,3.455,bb-bb
9PY4,active,145,VAL,N,142,CYS,O,3.378,bb-bb
9PY4,active,146,ILE,N,142,CYS,O,2.936,bb-bb
9PY4,active,145,VAL,N,143,LYS,O,3.458,bb-bb
9PY4,active,147,SER,N,143,LYS,O,2.944,bb-bb
9PY4,active,147,SER,OG,143,LYS,O,2.861,bb-sc
9PY4,active,143,LYS,NZ,205,MET,O,3.011,bb-sc
9PY4,active,143,LYS,NZ,208,ALA,O,3.002,bb-sc
9PY4,active,147,SER,N,144,ILE,O,3.483,bb-bb
9PY4,active,148,ILE,N,144,ILE,O,2.923,bb-bb
9PY4,active,147,SER,N,145,VAL,O,3.446,bb-bb
9PY4,active,148,ILE,N,145,VAL,O,3.339,bb-bb
9PY4,active,149,ASP,N,145,VAL,O,2.914,bb-bb
9PY4,active,149,ASP,N,146,ILE,O,3.336,bb-bb
9PY4,active,150,TYR,N,146,ILE,O,3.008,bb-bb
9PY4,active,149,ASP,N,147,SER,O,3.429,bb-bb
9PY4,active,151,TYR,N,147,SER,O,2.903,bb-bb
9PY4,active,205,MET,N,147,SER,OG,3.415,bb-sc
9PY4,active,152,ASN,N,148,ILE,O,2.886,bb-bb
9PY4,active,152,ASN,ND2,148,ILE,O,2.96,bb-sc
9PY4,active,151,TYR,N,149,ASP,O,3.459,bb-bb
9PY4,active,152,ASN,N,149,ASP,O,3.496,bb-bb
9PY4,active,153,MET,N,149,ASP,O,2.977,bb-bb
9PY4,active,328,TYR,OH,149,ASP,OD1,2.962,sc-sc
9PY4,active,328,TYR,OH,149,ASP,OD2,2.859,sc-sc
9PY4,active,152,ASN,N,150,TYR,O,3.442,bb-bb
9PY4,active,153,MET,N,150,TYR,O,3.402,bb-bb
9PY4,active,154,PHE,N,150,TYR,O,2.997,bb-bb
9PY4,active,154,PHE,N,151,TYR,O,3.376,bb-bb
9PY4,active,155,THR,N,151,TYR,O,2.958,bb-bb
9PY4,active,155,THR,OG1,151,TYR,O,3.306,bb-sc
9PY4,active,151,TYR,OH,194,TRP,O,3.336,bb-sc
9PY4,active,154,PHE,N,152,ASN,O,3.496,bb-bb
9PY4,active,155,THR,N,152,ASN,O,3.43,bb-bb
9PY4,active,155,THR,OG1,152,ASN,O,2.799,bb-sc
9PY4,active,156,SER,N,152,ASN,O,2.94,bb-bb
9PY4,active,156,SER,N,153,MET,O,3.325,bb-bb
9PY4,active,157,ILE,N,153,MET,O,2.991,bb-bb
9PY4,active,156,SER,N,154,PHE,O,3.492,bb-bb
9PY4,active,157,ILE,N,154,PHE,O,3.431,bb-bb
9PY4,active,158,PHE,N,154,PHE,O,2.915,bb-bb
9PY4,active,157,ILE,N,155,THR,O,3.492,bb-bb
9PY4,active,158,PHE,N,155,THR,O,3.368,bb-bb
9PY4,active,159,THR,N,155,THR,O,2.881,bb-bb
9PY4,active,159,THR,OG1,155,THR,O,2.804,bb-sc
9PY4,active,155,THR,N,197,SER,OG,3.241,bb-sc
9PY4,active,158,PHE,N,156,SER,O,3.493,bb-bb
9PY4,active,159,THR,N,156,SER,O,3.304,bb-bb
9PY4,active,160,LEU,N,156,SER,O,2.988,bb-bb
9PY4,active,159,THR,N,157,ILE,O,3.408,bb-bb
9PY4,active,160,LEU,N,157,ILE,O,3.27,bb-bb
9PY4,active,161,CYS,N,157,ILE,O,2.974,bb-bb
9PY4,active,161,CYS,N,158,PHE,O,3.302,bb-bb
9PY4,active,162,THR,N,158,PHE,O,2.892,bb-bb
9PY4,active,161,CYS,N,159,THR,O,3.492,bb-bb
9PY4,active,162,THR,N,159,THR,O,3.399,bb-bb
9PY4,active,163,MET,N,159,THR,O,2.894,bb-bb
9PY4,active,162,THR,N,160,LEU,O,3.472,bb-bb
9PY4,active,163,MET,N,160,LEU,O,3.311,bb-bb
9PY4,active,164,SER,N,160,LEU,O,3.022,bb-bb
9PY4,active,163,MET,N,161,CYS,O,3.436,bb-bb
9PY4,active,164,SER,N,161,CYS,O,3.306,bb-bb
9PY4,active,164,SER,OG,161,CYS,O,2.907,bb-sc
9PY4,active,165,VAL,N,161,CYS,O,2.932,bb-bb
9PY4,active,165,VAL,N,162,THR,O,3.472,bb-bb
9PY4,active,166,ASP,N,162,THR,O,2.853,bb-bb
9PY4,active,165,VAL,N,163,MET,O,3.475,bb-bb
9PY4,active,166,ASP,N,163,MET,O,3.249,bb-bb
9PY4,active,167,ARG,N,163,MET,O,2.965,bb-bb
9PY4,active,166,ASP,N,164,SER,O,3.459,bb-bb
9PY4,active,167,ARG,N,164,SER,O,3.405,bb-bb
9PY4,active,168,TYR,N,164,SER,O,2.959,bb-bb
9PY4,active,167,ARG,N,165,VAL,O,3.49,bb-bb
9PY4,active,168,TYR,N,165,VAL,O,3.354,bb-bb
9PY4,active,169,ILE,N,165,VAL,O,2.903,bb-bb
9PY4,active,169,ILE,N,166,ASP,O,3.36,bb-bb
9PY4,active,170,ALA,N,166,ASP,O,2.888,bb-bb
9PY4,active,181,ARG,NE,166,ASP,OD1,3.006,sc-sc
9PY4,active,169,ILE,N,167,ARG,O,3.453,bb-bb
9PY4,active,170,ALA,N,167,ARG,O,3.249,bb-bb
9PY4,active,171,VAL,N,167,ARG,O,2.981,bb-bb
9PY4,active,167,ARG,NH1,254,TYR,OH,3.116,sc-sc
9PY4,active,171,VAL,N,168,TYR,O,3.475,bb-bb
9PY4,active,172,CYS,N,168,TYR,O,2.895,bb-bb
9PY4,active,171,VAL,N,169,ILE,O,3.404,bb-bb
9PY4,active,173,HIS,N,169,ILE,O,3.05,bb-bb
9PY4,active,173,HIS,N,171,VAL,O,3.448,bb-bb
9PY4,active,177,ALA,N,173,HIS,O,2.926,bb-bb
9PY4,active,176,LYS,N,174,PRO,O,3.495,bb-bb
9PY4,active,177,ALA,N,174,PRO,O,3.225,bb-bb
9PY4,active,178,LEU,N,174,PRO,O,2.955,bb-bb
9PY4,active,178,LEU,N,175,VAL,O,3.33,bb-bb
9PY4,active,178,LEU,N,176,LYS,O,3.292,bb-bb
9PY4,active,179,ASP,N,176,LYS,O,3.334,bb-bb
9PY4,active,180,PHE,N,176,LYS,O,2.922,bb-bb
9PY4,active,181,ARG,N,177,ALA,O,3.437,bb-bb
9PY4,active,185,ASN,ND2,179,ASP,O,3.463,bb-sc
9PY4,active,182,THR,N,180,PHE,O,3.059,bb-bb
9PY4,active,185,ASN,ND2,180,PHE,O,3.107,bb-sc
9PY4,active,184,ARG,N,182,THR,O,3.335,bb-bb
9PY4,active,185,ASN,N,182,THR,O,3.274,bb-bb
9PY4,active,185,ASN,N,182,THR,OG1,3.343,bb-sc
9PY4,active,185,ASN,ND2,182,THR,OG1,2.946,sc-sc
9PY4,active,186,ALA,N,182,THR,O,3.009,bb-bb
9PY4,active,186,ALA,N,183,PRO,O,3.295,bb-bb
9PY4,active,187,LYS,N,183,PRO,O,2.917,bb-bb
9PY4,active,186,ALA,N,184,ARG,O,3.433,bb-bb
9PY4,active,187,LYS,N,184,ARG,O,3.169,bb-bb
9PY4,active,188,ILE,N,184,ARG,O,2.973,bb-bb
9PY4,active,187,LYS,N,185,ASN,O,3.475,bb-bb
9PY4,active,188,ILE,N,185,ASN,O,3.273,bb-bb
9PY4,active,189,ILE,N,185,ASN,O,2.9,bb-bb
9PY4,active,189,ILE,N,186,ALA,O,3.348,bb-bb
9PY4,active,190,ASN,N,186,ALA,O,2.909,bb-bb
9PY4,active,189,ILE,N,187,LYS,O,3.455,bb-bb
9PY4,active,190,ASN,N,187,LYS,O,3.329,bb-bb
9PY4,active,191,VAL,N,187,LYS,O,2.946,bb-bb
9PY4,active,190,ASN,N,188,ILE,O,3.474,bb-bb
9PY4,active,191,VAL,N,188,ILE,O,3.359,bb-bb
9PY4,active,192,CYS,N,188,ILE,O,2.916,bb-bb
9PY4,active,192,CYS,N,189,ILE,O,3.278,bb-bb
9PY4,active,193,ASN,N,189,ILE,O,2.878,bb-bb
9PY4,active,193,ASN,ND2,189,ILE,O,3.431,bb-sc
9PY4,active,192,CYS,N,190,ASN,O,3.346,bb-bb
9PY4,active,193,ASN,N,190,ASN,O,3.056,bb-bb
9PY4,active,194,TRP,N,190,ASN,O,2.982,bb-bb
9PY4,active,193,ASN,N,191,VAL,O,3.458,bb-bb
9PY4,active,194,TRP,N,191,VAL,O,3.418,bb-bb
9PY4,active,195,ILE,N,191,VAL,O,2.918,bb-bb
9PY4,active,195,ILE,N,192,CYS,O,3.265,bb-bb
9PY4,active,196,LEU,N,192,CYS,O,2.913,bb-bb
9PY4,active,195,ILE,N,193,ASN,O,3.352,bb-bb
9PY4,active,196,LEU,N,193,ASN,O,3.442,bb-bb
9PY4,active,197,SER,N,193,ASN,O,2.981,bb-bb
9PY4,active,197,SER,OG,193,ASN,O,3.151,bb-sc
9PY4,active,197,SER,N,194,TRP,O,3.439,bb-bb
9PY4,active,198,SER,N,194,TRP,O,2.902,bb-bb
9PY4,active,197,SER,N,195,ILE,O,3.436,bb-bb
9PY4,active,198,SER,N,195,ILE,O,3.124,bb-bb
9PY4,active,199,ALA,N,195,ILE,O,2.919,bb-bb
9PY4,active,198,SER,N,196,LEU,O,3.456,bb-bb
9PY4,active,199,ALA,N,196,LEU,O,3.176,bb-bb
9PY4,active,200,ILE,N,196,LEU,O,2.939,bb-bb
9PY4,active,200,ILE,N,197,SER,O,3.321,bb-bb
9PY4,active,201,GLY,N,197,SER,O,2.872,bb-bb
9PY4,active,200,ILE,N,198,SER,O,3.345,bb-bb
9PY4,active,201,GLY,N,198,SER,O,3.212,bb-bb
9PY4,active,202,LEU,N,198,SER,O,2.917,bb-bb
9PY4,active,204,VAL,N,201,GLY,O,3.16,bb-bb
9PY4,active,205,MET,N,201,GLY,O,3.173,bb-bb
9PY4,active,204,VAL,N,202,LEU,O,3.372,bb-bb
9PY4,active,205,MET,N,202,LEU,O,3.065,bb-bb
9PY4,active,206,PHE,N,202,LEU,O,2.951,bb-bb
9PY4,active,206,PHE,N,203,PRO,O,3.404,bb-bb
9PY4,active,207,MET,N,203,PRO,O,2.875,bb-bb
9PY4,active,208,ALA,N,204,VAL,O,3.204,bb-bb
9PY4,active,222,THR,N,207,MET,O,2.942,bb-bb
9PY4,active,209,THR,N,220,THR,O,2.958,bb-bb
9PY4,active,220,THR,N,209,THR,O,3.089,bb-bb
9PY4,active,211,LYS,N,218,ASP,O,2.958,bb-bb
9PY4,active,218,ASP,N,211,LYS,O,3.307,bb-bb
9PY4,active,215,GLY,N,213,ARG,O,3.088,bb-bb
9PY4,active,213,ARG,N,216,SER,O,3.159,bb-bb
9PY4,active,213,ARG,NE,216,SER,OG,3.498,sc-sc
9PY4,active,216,SER,N,213,ARG,O,2.934,bb-bb
9PY4,active,216,SER,OG,213,ARG,O,2.95,bb-sc
9PY4,active,216,SER,N,214,GLN,O,3.323,bb-bb
9PY4,active,227,THR,OG1,224,SER,O,3.104,bb-sc
9PY4,active,227,THR,N,225,HIS,O,2.946,bb-bb
9PY4,active,228,TRP,N,226,PRO,O,3.424,bb-bb
9PY4,active,229,TYR,N,226,PRO,O,3.354,bb-bb
9PY4,active,230,TRP,N,226,PRO,O,3.305,bb-bb
9PY4,active,229,TYR,N,227,THR,O,3.46,bb-bb
9PY4,active,231,GLU,N,227,THR,O,2.919,bb-bb
9PY4,active,231,GLU,N,228,TRP,O,3.469,bb-bb
9PY4,active,232,ASN,N,228,TRP,O,2.907,bb-bb
9PY4,active,232,ASN,ND2,228,TRP,O,3.227,bb-sc
9PY4,active,232,ASN,N,229,TYR,O,3.494,bb-bb
9PY4,active,233,LEU,N,229,TYR,O,2.865,bb-bb
9PY4,active,233,LEU,N,230,TRP,O,3.307,bb-bb
9PY4,active,234,LEU,N,230,TRP,O,2.942,bb-bb
9PY4,active,233,LEU,N,231,GLU,O,3.368,bb-bb
9PY4,active,234,LEU,N,231,GLU,O,3.239,bb-bb
9PY4,active,235,LYS,N,231,GLU,O,2.958,bb-bb
9PY4,active,235,LYS,NZ,231,GLU,OE2,3.403,sc-sc
9PY4,active,235,LYS,N,232,ASN,O,3.374,bb-bb
9PY4,active,236,ILE,N,232,ASN,O,2.862,bb-bb
9PY4,active,236,ILE,N,233,LEU,O,3.334,bb-bb
9PY4,active,237,CYS,N,233,LEU,O,2.892,bb-bb
9PY4,active,236,ILE,N,234,LEU,O,3.424,bb-bb
9PY4,active,237,CYS,N,234,LEU,O,3.333,bb-bb
9PY4,active,238,VAL,N,234,LEU,O,2.939,bb-bb
9PY4,active,238,VAL,N,235,LYS,O,3.374,bb-bb
9PY4,active,239,PHE,N,235,LYS,O,2.889,bb-bb
9PY4,active,238,VAL,N,236,ILE,O,3.197,bb-bb
9PY4,active,239,PHE,N,236,ILE,O,3.166,bb-bb
9PY4,active,240,ILE,N,236,ILE,O,2.917,bb-bb
9PY4,active,242,ALA,N,238,VAL,O,3.154,bb-bb
9PY4,active,243,PHE,N,239,PHE,O,3.083,bb-bb
9PY4,active,244,ILE,N,239,PHE,O,3.064,bb-bb
9PY4,active,242,ALA,N,240,ILE,O,3.266,bb-bb
9PY4,active,244,ILE,N,240,ILE,O,3.299,bb-bb
9PY4,active,245,MET,N,240,ILE,O,2.863,bb-bb
9PY4,active,247,VAL,N,243,PHE,O,3.161,bb-bb
9PY4,active,247,VAL,N,244,ILE,O,3.425,bb-bb
9PY4,active,248,LEU,N,244,ILE,O,3.126,bb-bb
9PY4,active,247,VAL,N,245,MET,O,3.474,bb-bb
9PY4,active,249,ILE,N,245,MET,O,3.096,bb-bb
9PY4,active,249,ILE,N,246,PRO,O,3.457,bb-bb
9PY4,active,250,ILE,N,246,PRO,O,2.919,bb-bb
9PY4,active,249,ILE,N,247,VAL,O,3.437,bb-bb
9PY4,active,250,ILE,N,247,VAL,O,3.364,bb-bb
9PY4,active,251,THR,N,247,VAL,O,2.904,bb-bb
9PY4,active,251,THR,OG1,247,VAL,O,2.81,bb-sc
9PY4,active,251,THR,N,248,LEU,O,3.5,bb-bb
9PY4,active,251,THR,OG1,248,LEU,O,3.071,bb-sc
9PY4,active,252,VAL,N,248,LEU,O,2.95,bb-bb
9PY4,active,251,THR,N,249,ILE,O,3.428,bb-bb
9PY4,active,252,VAL,N,249,ILE,O,3.438,bb-bb
9PY4,active,253,CYS,N,249,ILE,O,2.948,bb-bb
9PY4,active,254,TYR,N,250,ILE,O,2.948,bb-bb
9PY4,active,255,GLY,N,251,THR,O,2.859,bb-bb
9PY4,active,254,TYR,N,252,VAL,O,3.481,bb-bb
9PY4,active,255,GLY,N,252,VAL,O,3.409,bb-bb
9PY4,active,256,LEU,N,252,VAL,O,2.988,bb-bb
9PY4,active,256,LEU,N,253,CYS,O,3.482,bb-bb
9PY4,active,257,MET,N,253,CYS,O,2.951,bb-bb
9PY4,active,257,MET,N,254,TYR,O,3.368,bb-bb
9PY4,active,258,ILE,N,254,TYR,O,2.871,bb-bb
9PY4,active,254,TYR,OH,338,TYR,OH,3.286,sc-sc
9PY4,active,338,TYR,OH,254,TYR,OH,3.286,sc-sc
9PY4,active,257,MET,N,255,GLY,O,3.468,bb-bb
9PY4,active,258,ILE,N,255,GLY,O,3.307,bb-bb
9PY4,active,259,LEU,N,255,GLY,O,2.984,bb-bb
9PY4,active,258,ILE,N,256,LEU,O,3.47,bb-bb
9PY4,active,259,LEU,N,256,LEU,O,3.434,bb-bb
9PY4,active,260,ARG,N,256,LEU,O,2.96,bb-bb
9PY4,active,260,ARG,N,257,MET,O,3.375,bb-bb
9PY4,active,261,LEU,N,257,MET,O,2.895,bb-bb
9PY4,active,260,ARG,N,258,ILE,O,3.48,bb-bb
9PY4,active,261,LEU,N,258,ILE,O,3.316,bb-bb
9PY4,active,262,LYS,N,258,ILE,O,2.894,bb-bb
9PY4,active,261,LEU,N,259,LEU,O,3.438,bb-bb
9PY4,active,262,LYS,N,259,LEU,O,3.131,bb-bb
9PY4,active,263,SER,N,259,LEU,O,3.02,bb-bb
9PY4,active,262,LYS,N,260,ARG,O,3.428,bb-bb
9PY4,active,263,SER,N,260,ARG,O,2.987,bb-bb
9PY4,active,264,VAL,N,260,ARG,O,3.191,bb-bb
9PY4,active,263,SER,N,261,LEU,O,3.46,bb-bb
9PY4,active,264,VAL,N,261,LEU,O,3.461,bb-bb
9PY4,active,268,SER,OG,264,VAL,O,2.938,bb-sc
9PY4,active,267,LEU,N,265,ARG,O,3.261,bb-bb
9PY4,active,268,SER,N,265,ARG,O,3.388,bb-bb
9PY4,active,274,ASP,N,270,SER,O,3.137,bb-bb
9PY4,active,274,ASP,N,271,LYS,O,3.282,bb-bb
9PY4,active,275,ARG,N,271,LYS,O,2.932,bb-bb
9PY4,active,274,ASP,N,272,GLU,O,3.448,bb-bb
9PY4,active,275,ARG,N,272,GLU,O,3.398,bb-bb
9PY4,active,275,ARG,NH1,272,GLU,OE2,3.288,sc-sc
9PY4,active,276,ASN,N,272,GLU,O,2.93,bb-bb
9PY4,active,276,ASN,N,273,LYS,O,3.337,bb-bb
9PY4,active,277,LEU,N,273,LYS,O,2.926,bb-bb
9PY4,active,276,ASN,N,274,ASP,O,3.454,bb-bb
9PY4,active,277,LEU,N,274,ASP,O,3.328,bb-bb
9PY4,active,278,ARG,N,274,ASP,O,2.896,bb-bb
9PY4,active,278,ARG,N,275,ARG,O,3.426,bb-bb
9PY4,active,279,ARG,N,275,ARG,O,2.892,bb-bb
9PY4,active,278,ARG,N,276,ASN,O,3.365,bb-bb
9PY4,active,279,ARG,N,276,ASN,O,2.957,bb-bb
9PY4,active,280,ILE,N,276,ASN,O,2.998,bb-bb
9PY4,active,279,ARG,N,277,LEU,O,3.404,bb-bb
9PY4,active,280,ILE,N,277,LEU,O,3.397,bb-bb
9PY4,active,281,THR,N,277,LEU,O,2.922,bb-bb
9PY4,active,281,THR,OG1,277,LEU,O,2.943,bb-sc
9PY4,active,281,THR,N,278,ARG,O,3.432,bb-bb
9PY4,active,282,ARG,N,278,ARG,O,2.838,bb-bb
9PY4,active,281,THR,N,279,ARG,O,3.476,bb-bb
9PY4,active,282,ARG,N,279,ARG,O,3.352,bb-bb
9PY4,active,283,MET,N,279,ARG,O,2.941,bb-bb
9PY4,active,279,ARG,NH1,343,GLU,OE2,2.84,sc-sc
9PY4,active,282,ARG,N,280,ILE,O,3.413,bb-bb
9PY4,active,283,MET,N,280,ILE,O,3.273,bb-bb
9PY4,active,284,VAL,N,280,ILE,O,2.947,bb-bb
9PY4,active,283,MET,N,281,THR,O,3.485,bb-bb
9PY4,active,284,VAL,N,281,THR,O,3.312,bb-bb
9PY4,active,285,LEU,N,281,THR,O,2.93,bb-bb
9PY4,active,285,LEU,N,282,ARG,O,3.348,bb-bb
9PY4,active,286,VAL,N,282,ARG,O,2.861,bb-bb
9PY4,active,286,VAL,N,283,MET,O,3.335,bb-bb
9PY4,active,287,VAL,N,283,MET,O,2.971,bb-bb
9PY4,active,286,VAL,N,284,VAL,O,3.405,bb-bb
9PY4,active,287,VAL,N,284,VAL,O,3.272,bb-bb
9PY4,active,288,VAL,N,284,VAL,O,3.011,bb-bb
9PY4,active,289,ALA,N,285,LEU,O,2.877,bb-bb
9PY4,active,288,VAL,N,286,VAL,O,3.488,bb-bb
9PY4,active,289,ALA,N,286,VAL,O,3.407,bb-bb
9PY4,active,290,VAL,N,286,VAL,O,2.875,bb-bb
9PY4,active,289,ALA,N,287,VAL,O,3.451,bb-bb
9PY4,active,290,VAL,N,287,VAL,O,3.394,bb-bb
9PY4,active,291,PHE,N,287,VAL,O,3.039,bb-bb
9PY4,active,290,VAL,N,288,VAL,O,3.5,bb-bb
9PY4,active,291,PHE,N,288,VAL,O,3.371,bb-bb
9PY4,active,292,ILE,N,288,VAL,O,2.952,bb-bb
9PY4,active,292,ILE,N,289,ALA,O,3.398,bb-bb
9PY4,active,293,VAL,N,289,ALA,O,2.871,bb-bb
9PY4,active,292,ILE,N,290,VAL,O,3.446,bb-bb
9PY4,active,294,CYS,N,290,VAL,O,2.924,bb-bb
9PY4,active,294,CYS,N,291,PHE,O,3.452,bb-bb
9PY4,active,295,TRP,N,291,PHE,O,2.967,bb-bb
9PY4,active,294,CYS,N,292,ILE,O,3.383,bb-bb
9PY4,active,295,TRP,N,292,ILE,O,3.382,bb-bb
9PY4,active,296,THR,N,292,ILE,O,2.908,bb-bb
9PY4,active,296,THR,OG1,292,ILE,O,2.841,bb-sc
9PY4,active,299,HIS,ND1,295,TRP,O,2.929,bb-sc
9PY4,active,298,ILE,N,296,THR,O,3.307,bb-bb
9PY4,active,299,HIS,N,296,THR,O,3.385,bb-bb
9PY4,active,300,ILE,N,296,THR,O,3.035,bb-bb
9PY4,active,301,TYR,N,297,PRO,O,2.9,bb-bb
9PY4,active,301,TYR,N,298,ILE,O,3.381,bb-bb
9PY4,active,302,VAL,N,298,ILE,O,2.893,bb-bb
9PY4,active,302,VAL,N,299,HIS,O,3.351,bb-bb
9PY4,active,303,ILE,N,299,HIS,O,2.927,bb-bb
9PY4,active,302,VAL,N,300,ILE,O,3.462,bb-bb
9PY4,active,303,ILE,N,300,ILE,O,3.317,bb-bb
9PY4,active,304,ILE,N,300,ILE,O,2.941,bb-bb
9PY4,active,303,ILE,N,301,TYR,O,3.496,bb-bb
9PY4,active,305,LYS,N,301,TYR,O,2.891,bb-bb
9PY4,active,301,TYR,OH,316,GLN,O,3.027,bb-sc
9PY4,active,301,TYR,OH,316,GLN,OE1,3.148,sc-sc
9PY4,active,305,LYS,N,302,VAL,O,3.342,bb-bb
9PY4,active,306,ALA,N,302,VAL,O,2.928,bb-bb
9PY4,active,305,LYS,N,303,ILE,O,3.337,bb-bb
9PY4,active,306,ALA,N,303,ILE,O,3.073,bb-bb
9PY4,active,307,LEU,N,303,ILE,O,2.939,bb-bb
9PY4,active,308,VAL,N,304,ILE,O,3.118,bb-bb
9PY4,active,310,ILE,N,308,VAL,O,3.419,bb-bb
9PY4,active,311,PRO,N,309,THR,O,3.477,bb-bb
9PY4,active,313,THR,N,311,PRO,O,3.28,bb-bb
9PY4,active,316,GLN,NE2,312,GLU,OE1,3.276,sc-sc
9PY4,active,316,GLN,NE2,312,GLU,OE2,3.395,sc-sc
9PY4,active,317,THR,N,313,THR,O,3.151,bb-bb
9PY4,active,317,THR,OG1,313,THR,O,2.929,bb-sc
9PY4,active,316,GLN,N,314,THR,O,3.452,bb-bb
9PY4,active,317,THR,N,314,THR,O,3.276,bb-bb
9PY4,active,318,VAL,N,314,THR,O,2.962,bb-bb
9PY4,active,317,THR,N,315,PHE,O,3.446,bb-bb
9PY4,active,318,VAL,N,315,PHE,O,3.446,bb-bb
9PY4,active,319,SER,N,315,PHE,O,2.902,bb-bb
9PY4,active,319,SER,OG,315,PHE,O,2.934,bb-sc
9PY4,active,319,SER,N,316,GLN,O,3.492,bb-bb
9PY4,active,320,TRP,N,316,GLN,O,2.86,bb-bb
9PY4,active,319,SER,N,317,THR,O,3.456,bb-bb
9PY4,active,320,TRP,N,317,THR,O,3.318,bb-bb
9PY4,active,321,HIS,N,317,THR,O,2.973,bb-bb
9PY4,active,320,TRP,N,318,VAL,O,3.495,bb-bb
9PY4,active,321,HIS,N,318,VAL,O,3.414,bb-bb
9PY4,active,322,PHE,N,318,VAL,O,2.904,bb-bb
9PY4,active,322,PHE,N,319,SER,O,3.345,bb-bb
9PY4,active,323,CYS,N,319,SER,O,2.888,bb-bb
9PY4,active,323,CYS,N,320,TRP,O,3.362,bb-bb
9PY4,active,324,ILE,N,320,TRP,O,2.935,bb-bb
9PY4,active,324,ILE,N,321,HIS,O,3.342,bb-bb
9PY4,active,325,ALA,N,321,HIS,O,2.899,bb-bb
9PY4,active,324,ILE,N,322,PHE,O,3.476,bb-bb
9PY4,active,325,ALA,N,322,PHE,O,3.18,bb-bb
9PY4,active,326,LEU,N,322,PHE,O,2.943,bb-bb
9PY4,active,326,LEU,N,323,CYS,O,3.449,bb-bb
9PY4,active,326,LEU,N,324,ILE,O,3.216,bb-bb
9PY4,active,327,GLY,N,324,ILE,O,3.301,bb-bb
9PY4,active,328,TYR,N,325,ALA,O,3.435,bb-bb
9PY4,active,329,THR,N,325,ALA,O,2.834,bb-bb
9PY4,active,329,THR,OG1,325,ALA,O,2.861,bb-sc
9PY4,active,329,THR,N,326,LEU,O,3.134,bb-bb
9PY4,active,330,ASN,N,326,LEU,O,2.941,bb-bb
9PY4,active,329,THR,N,327,GLY,O,3.38,bb-bb
9PY4,active,330,ASN,N,327,GLY,O,3.095,bb-bb
9PY4,active,331,SER,N,327,GLY,O,2.997,bb-bb
9PY4,active,331,SER,N,328,TYR,O,3.163,bb-bb
9PY4,active,332,CYS,N,328,TYR,O,2.851,bb-bb
9PY4,active,332,CYS,N,329,THR,O,3.12,bb-bb
9PY4,active,333,LEU,N,329,THR,O,2.85,bb-bb
9PY4,active,332,CYS,N,330,ASN,O,3.341,bb-bb
9PY4,active,333,LEU,N,330,ASN,O,3.242,bb-bb
9PY4,active,334,ASN,N,330,ASN,O,2.927,bb-bb
9PY4,active,336,VAL,N,333,LEU,O,3.301,bb-bb
9PY4,active,337,LEU,N,333,LEU,O,2.957,bb-bb
9PY4,active,336,VAL,N,334,ASN,O,3.364,bb-bb
9PY4,active,337,LEU,N,334,ASN,O,3.404,bb-bb
9PY4,active,338,TYR,N,334,ASN,O,2.92,bb-bb
9PY4,active,339,ALA,N,335,PRO,O,3.069,bb-bb
9PY4,active,340,PHE,N,335,PRO,O,3.003,bb-bb
9PY4,active,341,LEU,N,336,VAL,O,3.417,bb-bb
9PY4,active,341,LEU,N,339,ALA,O,3.155,bb-bb
9PY4,active,342,ASP,N,339,ALA,O,3.085,bb-bb
9PY4,active,345,PHE,N,342,ASP,O,3.322,bb-bb
9PY4,active,346,LYS,N,342,ASP,O,2.911,bb-bb
9PY4,active,346,LYS,N,343,GLU,O,3.385,bb-bb
9PY4,active,347,ARG,N,343,GLU,O,2.884,bb-bb
9PY4,active,347,ARG,NH1,343,GLU,O,3.186,bb-sc
9PY4,active,346,LYS,N,344,ASN,O,3.483,bb-bb
9PY4,active,347,ARG,N,344,ASN,O,3.285,bb-bb
9PY4,active,347,ARG,NH1,344,ASN,OD1,3.492,sc-sc
9PY4,active,348,CYS,N,344,ASN,O,2.946,bb-bb
9PY4,active,348,CYS,N,345,PHE,O,3.237,bb-bb
9PY4,active,349,PHE,N,345,PHE,O,2.86,bb-bb
9PY4,active,349,PHE,N,346,LYS,O,3.358,bb-bb
9PY4,active,350,ARG,N,346,LYS,O,2.878,bb-bb
9PY4,active,349,PHE,N,347,ARG,O,3.453,bb-bb
9PY4,active,350,ARG,N,347,ARG,O,3.192,bb-bb
9PY4,active,352,PHE,N,349,PHE,O,3.371,bb-bb
9PY4,active,352,PHE,N,350,ARG,O,3.341,bb-bb
9WST,active,69,THR,N,67,MET,O,3.425,bb-bb
9WST,active,70,ALA,N,67,MET,O,3.409,bb-bb
9WST,active,71,ILE,N,67,MET,O,3.225,bb-bb
9WST,active,70,ALA,N,68,VAL,O,3.495,bb-bb
9WST,active,72,THR,N,68,VAL,O,2.904,bb-bb
9WST,active,72,THR,OG1,68,VAL,O,2.603,bb-sc
9WST,active,72,THR,N,69,THR,O,3.306,bb-bb
9WST,active,73,ILE,N,69,THR,O,2.939,bb-bb
9WST,active,72,THR,N,70,ALA,O,3.402,bb-bb
9WST,active,73,ILE,N,70,ALA,O,3.308,bb-bb
9WST,active,74,MET,N,70,ALA,O,2.929,bb-bb
9WST,active,74,MET,N,71,ILE,O,3.432,bb-bb
9WST,active,75,ALA,N,71,ILE,O,2.898,bb-bb
9WST,active,74,MET,N,72,THR,O,3.478,bb-bb
9WST,active,75,ALA,N,72,THR,O,3.392,bb-bb
9WST,active,76,LEU,N,72,THR,O,2.915,bb-bb
9WST,active,75,ALA,N,73,ILE,O,3.447,bb-bb
9WST,active,76,LEU,N,73,ILE,O,3.254,bb-bb
9WST,active,77,TYR,N,73,ILE,O,2.972,bb-bb
9WST,active,76,LEU,N,74,MET,O,3.494,bb-bb
9WST,active,77,TYR,N,74,MET,O,3.435,bb-bb
9WST,active,78,SER,N,74,MET,O,2.858,bb-bb
9WST,active,78,SER,OG,74,MET,O,3.281,bb-sc
9WST,active,77,TYR,N,75,ALA,O,3.39,bb-bb
9WST,active,78,SER,N,75,ALA,O,3.1,bb-bb
9WST,active,78,SER,OG,75,ALA,O,2.631,bb-sc
9WST,active,79,ILE,N,75,ALA,O,2.955,bb-bb
9WST,active,78,SER,N,76,LEU,O,3.342,bb-bb
9WST,active,80,VAL,N,76,LEU,O,3.004,bb-bb
9WST,active,80,VAL,N,77,TYR,O,3.419,bb-bb
9WST,active,81,CYS,N,77,TYR,O,2.875,bb-bb
9WST,active,77,TYR,OH,321,HIS,ND1,2.319,sc-sc
9WST,active,321,HIS,ND1,77,TYR,OH,2.319,sc-sc
9WST,active,80,VAL,N,78,SER,O,3.47,bb-bb
9WST,active,81,CYS,N,78,SER,O,3.395,bb-bb
9WST,active,82,VAL,N,78,SER,O,2.924,bb-bb
9WST,active,81,CYS,N,79,ILE,O,3.353,bb-bb
9WST,active,82,VAL,N,79,ILE,O,3.294,bb-bb
9WST,active,83,VAL,N,79,ILE,O,2.961,bb-bb
9WST,active,82,VAL,N,80,VAL,O,3.481,bb-bb
9WST,active,84,GLY,N,80,VAL,O,2.921,bb-bb
9WST,active,83,VAL,N,81,CYS,O,3.455,bb-bb
9WST,active,84,GLY,N,81,CYS,O,3.276,bb-bb
9WST,active,85,LEU,N,81,CYS,O,2.958,bb-bb
9WST,active,84,GLY,N,82,VAL,O,3.383,bb-bb
9WST,active,85,LEU,N,82,VAL,O,3.461,bb-bb
9WST,active,86,PHE,N,82,VAL,O,2.972,bb-bb
9WST,active,86,PHE,N,83,VAL,O,3.392,bb-bb
9WST,active,87,GLY,N,83,VAL,O,2.905,bb-bb
9WST,active,86,PHE,N,84,GLY,O,3.461,bb-bb
9WST,active,87,GLY,N,84,GLY,O,3.378,bb-bb
9WST,active,88,ASN,N,84,GLY,O,2.948,bb-bb
9WST,active,88,ASN,ND2,84,GLY,O,2.833,bb-sc
9WST,active,87,GLY,N,85,LEU,O,3.443,bb-bb
9WST,active,88,ASN,N,85,LEU,O,3.407,bb-bb
9WST,active,89,PHE,N,85,LEU,O,2.898,bb-bb
9WST,active,88,ASN,N,86,PHE,O,3.483,bb-bb
9WST,active,89,PHE,N,86,PHE,O,3.427,bb-bb
9WST,active,90,LEU,N,86,PHE,O,2.93,bb-bb
9WST,active,89,PHE,N,87,GLY,O,3.425,bb-bb
9WST,active,90,LEU,N,87,GLY,O,3.37,bb-bb
9WST,active,91,VAL,N,87,GLY,O,2.955,bb-bb
9WST,active,91,VAL,N,88,ASN,O,3.221,bb-bb
9WST,active,92,MET,N,88,ASN,O,2.91,bb-bb
9WST,active,91,VAL,N,89,PHE,O,3.467,bb-bb
9WST,active,92,MET,N,89,PHE,O,3.231,bb-bb
9WST,active,93,TYR,N,89,PHE,O,2.916,bb-bb
9WST,active,92,MET,N,90,LEU,O,3.443,bb-bb
9WST,active,93,TYR,N,90,LEU,O,3.246,bb-bb
9WST,active,94,VAL,N,90,LEU,O,2.927,bb-bb
9WST,active,93,TYR,N,91,VAL,O,3.444,bb-bb
9WST,active,94,VAL,N,91,VAL,O,3.381,bb-bb
9WST,active,95,ILE,N,91,VAL,O,2.922,bb-bb
9WST,active,94,VAL,N,92,MET,O,3.426,bb-bb
9WST,active,95,ILE,N,92,MET,O,3.273,bb-bb
9WST,active,96,VAL,N,92,MET,O,2.915,bb-bb
9WST,active,95,ILE,N,93,TYR,O,3.445,bb-bb
9WST,active,96,VAL,N,93,TYR,O,3.434,bb-bb
9WST,active,97,ARG,N,93,TYR,O,2.919,bb-bb
9WST,active,97,ARG,NH1,93,TYR,OH,3.332,sc-sc
9WST,active,97,ARG,N,94,VAL,O,3.394,bb-bb
9WST,active,98,TYR,N,94,VAL,O,2.896,bb-bb
9WST,active,97,ARG,N,95,ILE,O,3.372,bb-bb
9WST,active,99,THR,N,95,ILE,O,3.343,bb-bb
9WST,active,99,THR,OG1,95,ILE,O,3.091,bb-sc
9WST,active,100,LYS,N,95,ILE,O,2.873,bb-bb
9WST,active,100,LYS,NZ,96,VAL,O,3.069,bb-sc
9WST,active,100,LYS,NZ,97,ARG,O,3.388,bb-sc
9WST,active,101,MET,N,99,THR,O,2.931,bb-bb
9WST,active,102,LYS,N,99,THR,O,3.292,bb-bb
9WST,active,106,ASN,ND2,99,THR,OG1,3.484,sc-sc
9WST,active,102,LYS,N,100,LYS,O,3.248,bb-bb
9WST,active,105,THR,N,103,THR,O,3.34,bb-bb
9WST,active,106,ASN,N,103,THR,O,3.157,bb-bb
9WST,active,107,ILE,N,103,THR,O,3.036,bb-bb
9WST,active,106,ASN,N,104,ALA,O,3.381,bb-bb
9WST,active,107,ILE,N,104,ALA,O,3.126,bb-bb
9WST,active,108,TYR,N,104,ALA,O,2.945,bb-bb
9WST,active,107,ILE,N,105,THR,O,3.466,bb-bb
9WST,active,108,TYR,N,105,THR,O,3.313,bb-bb
9WST,active,109,ILE,N,105,THR,O,2.901,bb-bb
9WST,active,109,ILE,N,106,ASN,O,3.318,bb-bb
9WST,active,110,PHE,N,106,ASN,O,2.901,bb-bb
9WST,active,109,ILE,N,107,ILE,O,3.437,bb-bb
9WST,active,110,PHE,N,107,ILE,O,3.282,bb-bb
9WST,active,111,ASN,N,107,ILE,O,2.956,bb-bb
9WST,active,190,ASN,ND2,107,ILE,O,3.19,bb-sc
9WST,active,110,PHE,N,108,TYR,O,3.474,bb-bb
9WST,active,111,ASN,N,108,TYR,O,3.268,bb-bb
9WST,active,112,LEU,N,108,TYR,O,2.915,bb-bb
9WST,active,111,ASN,N,109,ILE,O,3.476,bb-bb
9WST,active,112,LEU,N,109,ILE,O,3.267,bb-bb
9WST,active,113,ALA,N,109,ILE,O,2.885,bb-bb
9WST,active,112,LEU,N,110,PHE,O,3.44,bb-bb
9WST,active,113,ALA,N,110,PHE,O,3.284,bb-bb
9WST,active,114,LEU,N,110,PHE,O,2.926,bb-bb
9WST,active,113,ALA,N,111,ASN,O,3.433,bb-bb
9WST,active,114,LEU,N,111,ASN,O,3.244,bb-bb
9WST,active,115,ALA,N,111,ASN,O,2.951,bb-bb
9WST,active,159,THR,OG1,111,ASN,OD1,2.425,sc-sc
9WST,active,111,ASN,ND2,190,ASN,OD1,3.204,sc-sc
9WST,active,114,LEU,N,112,LEU,O,3.438,bb-bb
9WST,active,115,ALA,N,112,LEU,O,3.385,bb-bb
9WST,active,116,ASP,N,112,LEU,O,2.9,bb-bb
9WST,active,116,ASP,N,113,ALA,O,3.419,bb-bb
9WST,active,117,ALA,N,113,ALA,O,2.885,bb-bb
9WST,active,116,ASP,N,114,LEU,O,3.415,bb-bb
9WST,active,117,ALA,N,114,LEU,O,3.342,bb-bb
9WST,active,118,LEU,N,114,LEU,O,3.211,bb-bb
9WST,active,117,ALA,N,115,ALA,O,3.464,bb-bb
9WST,active,119,ALA,N,115,ALA,O,3.153,bb-bb
9WST,active,118,LEU,N,116,ASP,O,3.488,bb-bb
9WST,active,119,ALA,N,116,ASP,O,3.257,bb-bb
9WST,active,120,THR,N,116,ASP,O,2.859,bb-bb
9WST,active,120,THR,OG1,116,ASP,O,3.088,bb-sc
9WST,active,156,SER,OG,116,ASP,OD1,2.54,sc-sc
9WST,active,119,ALA,N,117,ALA,O,3.375,bb-bb
9WST,active,120,THR,N,117,ALA,O,3.184,bb-bb
9WST,active,120,THR,OG1,117,ALA,O,2.671,bb-sc
9WST,active,121,SER,N,117,ALA,O,2.919,bb-bb
9WST,active,120,THR,N,118,LEU,O,3.448,bb-bb
9WST,active,121,SER,N,118,LEU,O,3.181,bb-bb
9WST,active,121,SER,OG,118,LEU,O,2.706,bb-sc
9WST,active,122,THR,N,118,LEU,O,3.434,bb-bb
9WST,active,121,SER,N,119,ALA,O,3.42,bb-bb
9WST,active,122,THR,N,119,ALA,O,3.223,bb-bb
9WST,active,122,THR,OG1,119,ALA,O,2.54,bb-sc
9WST,active,122,THR,N,120,THR,O,2.982,bb-bb
9WST,active,123,LEU,N,120,THR,O,2.985,bb-bb
9WST,active,123,LEU,N,121,SER,O,3.334,bb-bb
9WST,active,122,THR,OG1,149,ASP,OD1,3.251,sc-sc
9WST,active,122,THR,OG1,328,TYR,OH,3.475,sc-sc
9WST,active,328,TYR,OH,122,THR,OG1,3.475,sc-sc
9WST,active,125,PHE,N,123,LEU,O,3.277,bb-bb
9WST,active,126,GLN,N,123,LEU,O,3.232,bb-bb
9WST,active,127,SER,N,123,LEU,O,2.919,bb-bb
9WST,active,127,SER,OG,123,LEU,O,3.352,bb-sc
9WST,active,127,SER,N,124,PRO,O,3.338,bb-bb
9WST,active,127,SER,OG,124,PRO,O,2.613,bb-sc
9WST,active,128,VAL,N,124,PRO,O,2.901,bb-bb
9WST,active,127,SER,N,125,PHE,O,3.475,bb-bb
9WST,active,128,VAL,N,125,PHE,O,3.379,bb-bb
9WST,active,129,ASN,N,125,PHE,O,2.885,bb-bb
9WST,active,128,VAL,N,126,GLN,O,3.476,bb-bb
9WST,active,129,ASN,N,126,GLN,O,3.245,bb-bb
9WST,active,130,TYR,N,126,GLN,O,2.947,bb-bb
9WST,active,126,GLN,NE2,328,TYR,OH,2.867,sc-sc
9WST,active,328,TYR,OH,126,GLN,NE2,2.867,sc-sc
9WST,active,129,ASN,N,127,SER,O,3.468,bb-bb
9WST,active,130,TYR,N,127,SER,O,3.351,bb-bb
9WST,active,131,LEU,N,127,SER,O,2.886,bb-bb
9WST,active,130,TYR,N,128,VAL,O,3.38,bb-bb
9WST,active,131,LEU,N,128,VAL,O,3.29,bb-bb
9WST,active,132,MET,N,128,VAL,O,2.912,bb-bb
9WST,active,133,GLY,N,129,ASN,O,2.923,bb-bb
9WST,active,132,MET,N,130,TYR,O,3.457,bb-bb
9WST,active,133,GLY,N,130,TYR,O,3.389,bb-bb
9WST,active,134,THR,N,132,MET,O,3.151,bb-bb
9WST,active,134,THR,OG1,217,ILE,O,3.441,bb-sc
9WST,active,217,ILE,N,134,THR,OG1,3.014,bb-sc
9WST,active,135,TRP,NE1,138,GLY,O,2.896,bb-sc
9WST,active,135,TRP,N,217,ILE,O,2.781,bb-bb
9WST,active,138,GLY,N,136,PRO,O,3.288,bb-bb
9WST,active,140,ILE,N,138,GLY,O,3.426,bb-bb
9WST,active,142,CYS,N,138,GLY,O,3.073,bb-bb
9WST,active,141,LEU,N,139,ASN,O,3.353,bb-bb
9WST,active,142,CYS,N,139,ASN,O,3.132,bb-bb
9WST,active,143,LYS,N,139,ASN,O,2.985,bb-bb
9WST,active,210,THR,OG1,139,ASN,OD1,2.833,sc-sc
9WST,active,145,VAL,N,141,LEU,O,2.975,bb-bb
9WST,active,144,ILE,N,142,CYS,O,3.491,bb-bb
9WST,active,145,VAL,N,142,CYS,O,3.306,bb-bb
9WST,active,146,ILE,N,142,CYS,O,2.957,bb-bb
9WST,active,145,VAL,N,143,LYS,O,3.347,bb-bb
9WST,active,146,ILE,N,143,LYS,O,3.339,bb-bb
9WST,active,147,SER,N,143,LYS,O,2.961,bb-bb
9WST,active,143,LYS,NZ,205,MET,O,2.778,bb-sc
9WST,active,143,LYS,NZ,206,PHE,O,3.161,bb-sc
9WST,active,143,LYS,NZ,208,ALA,O,2.866,bb-sc
9WST,active,147,SER,N,144,ILE,O,3.412,bb-bb
9WST,active,148,ILE,N,144,ILE,O,2.85,bb-bb
9WST,active,147,SER,N,145,VAL,O,3.426,bb-bb
9WST,active,148,ILE,N,145,VAL,O,3.324,bb-bb
9WST,active,149,ASP,N,145,VAL,O,2.888,bb-bb
9WST,active,148,ILE,N,146,ILE,O,3.455,bb-bb
9WST,active,149,ASP,N,146,ILE,O,3.291,bb-bb
9WST,active,150,TYR,N,146,ILE,O,3.048,bb-bb
9WST,active,149,ASP,N,147,SER,O,3.423,bb-bb
9WST,active,151,TYR,N,147,SER,O,2.864,bb-bb
9WST,active,147,SER,OG,201,GLY,O,3.066,bb-sc
9WST,active,151,TYR,N,148,ILE,O,3.49,bb-bb
9WST,active,152,ASN,N,148,ILE,O,2.881,bb-bb
9WST,active,152,ASN,ND2,148,ILE,O,2.885,bb-sc
9WST,active,151,TYR,N,149,ASP,O,3.409,bb-bb
9WST,active,153,MET,N,149,ASP,O,2.949,bb-bb
9WST,active,328,TYR,OH,149,ASP,OD1,2.32,sc-sc
9WST,active,152,ASN,N,150,TYR,O,3.44,bb-bb
9WST,active,153,MET,N,150,TYR,O,3.398,bb-bb
9WST,active,154,PHE,N,150,TYR,O,3.035,bb-bb
9WST,active,154,PHE,N,151,TYR,O,3.411,bb-bb
9WST,active,155,THR,N,151,TYR,O,2.88,bb-bb
9WST,active,155,THR,OG1,151,TYR,O,2.626,bb-sc
9WST,active,151,TYR,OH,194,TRP,O,2.689,bb-sc
9WST,active,151,TYR,OH,198,SER,OG,3.379,sc-sc
9WST,active,198,SER,OG,151,TYR,OH,3.379,sc-sc
9WST,active,155,THR,N,152,ASN,O,3.321,bb-bb
9WST,active,156,SER,N,152,ASN,O,2.873,bb-bb
9WST,active,155,THR,N,153,MET,O,3.401,bb-bb
9WST,active,156,SER,N,153,MET,O,3.345,bb-bb
9WST,active,157,ILE,N,153,MET,O,3.035,bb-bb
9WST,active,156,SER,N,154,PHE,O,3.474,bb-bb
9WST,active,157,ILE,N,154,PHE,O,3.388,bb-bb
9WST,active,158,PHE,N,154,PHE,O,2.917,bb-bb
9WST,active,158,PHE,N,155,THR,O,3.387,bb-bb
9WST,active,159,THR,N,155,THR,O,2.87,bb-bb
9WST,active,159,THR,OG1,155,THR,O,2.706,bb-sc
9WST,active,155,THR,N,197,SER,OG,3.442,bb-sc
9WST,active,155,THR,OG1,197,SER,OG,3.116,sc-sc
9WST,active,197,SER,OG,155,THR,OG1,3.116,sc-sc
9WST,active,158,PHE,N,156,SER,O,3.456,bb-bb
9WST,active,159,THR,N,156,SER,O,3.25,bb-bb
9WST,active,160,LEU,N,156,SER,O,2.959,bb-bb
9WST,active,159,THR,N,157,ILE,O,3.371,bb-bb
9WST,active,160,LEU,N,157,ILE,O,3.218,bb-bb
9WST,active,161,CYS,N,157,ILE,O,2.996,bb-bb
9WST,active,161,CYS,N,158,PHE,O,3.316,bb-bb
9WST,active,162,THR,N,158,PHE,O,2.855,bb-bb
9WST,active,162,THR,OG1,158,PHE,O,2.786,bb-sc
9WST,active,161,CYS,N,159,THR,O,3.464,bb-bb
9WST,active,162,THR,N,159,THR,O,3.211,bb-bb
9WST,active,163,MET,N,159,THR,O,2.913,bb-bb
9WST,active,162,THR,N,160,LEU,O,3.38,bb-bb
9WST,active,163,MET,N,160,LEU,O,3.332,bb-bb
9WST,active,164,SER,N,160,LEU,O,2.973,bb-bb
9WST,active,164,SER,OG,160,LEU,O,3.036,bb-sc
9WST,active,163,MET,N,161,CYS,O,3.495,bb-bb
9WST,active,164,SER,N,161,CYS,O,3.311,bb-bb
9WST,active,165,VAL,N,161,CYS,O,2.941,bb-bb
9WST,active,164,SER,N,162,THR,O,3.472,bb-bb
9WST,active,165,VAL,N,162,THR,O,3.355,bb-bb
9WST,active,166,ASP,N,162,THR,O,2.843,bb-bb
9WST,active,193,ASN,ND2,162,THR,OG1,2.713,sc-sc
9WST,active,165,VAL,N,163,MET,O,3.484,bb-bb
9WST,active,166,ASP,N,163,MET,O,3.258,bb-bb
9WST,active,167,ARG,N,163,MET,O,2.934,bb-bb
9WST,active,166,ASP,N,164,SER,O,3.408,bb-bb
9WST,active,167,ARG,N,164,SER,O,3.313,bb-bb
9WST,active,168,TYR,N,164,SER,O,2.954,bb-bb
9WST,active,164,SER,OG,254,TYR,OH,3.35,sc-sc
9WST,active,254,TYR,OH,164,SER,OG,3.35,sc-sc
9WST,active,167,ARG,N,165,VAL,O,3.496,bb-bb
9WST,active,168,TYR,N,165,VAL,O,3.289,bb-bb
9WST,active,169,ILE,N,165,VAL,O,2.888,bb-bb
9WST,active,168,TYR,N,166,ASP,O,3.471,bb-bb
9WST,active,169,ILE,N,166,ASP,O,3.285,bb-bb
9WST,active,170,ALA,N,166,ASP,O,2.877,bb-bb
9WST,active,181,ARG,NE,166,ASP,OD1,3.182,sc-sc
9WST,active,181,ARG,NE,166,ASP,OD2,3.117,sc-sc
9WST,active,169,ILE,N,167,ARG,O,3.395,bb-bb
9WST,active,170,ALA,N,167,ARG,O,3.205,bb-bb
9WST,active,171,VAL,N,167,ARG,O,2.969,bb-bb
9WST,active,167,ARG,NH1,254,TYR,OH,3.476,sc-sc
9WST,active,172,CYS,N,168,TYR,O,2.863,bb-bb
9WST,active,168,TYR,OH,173,HIS,NE2,3.417,sc-sc
9WST,active,173,HIS,NE2,168,TYR,OH,3.417,sc-sc
9WST,active,171,VAL,N,169,ILE,O,3.344,bb-bb
9WST,active,173,HIS,N,169,ILE,O,3.016,bb-bb
9WST,active,175,VAL,N,173,HIS,O,3.486,bb-bb
9WST,active,177,ALA,N,173,HIS,O,3.045,bb-bb
9WST,active,177,ALA,N,174,PRO,O,3.386,bb-bb
9WST,active,177,ALA,N,175,VAL,O,3.44,bb-bb
9WST,active,178,LEU,N,175,VAL,O,3.446,bb-bb
9WST,active,178,LEU,N,176,LYS,O,3.222,bb-bb
9WST,active,179,ASP,N,176,LYS,O,2.903,bb-bb
9WST,active,180,PHE,N,176,LYS,O,3.042,bb-bb
9WST,active,181,ARG,N,177,ALA,O,2.968,bb-bb
9WST,active,182,THR,N,180,PHE,O,2.656,bb-bb
9WST,active,182,THR,OG1,180,PHE,O,3.336,bb-sc
9WST,active,185,ASN,ND2,180,PHE,O,2.647,bb-sc
9WST,active,184,ARG,N,182,THR,O,3.238,bb-bb
9WST,active,185,ASN,N,182,THR,O,3.12,bb-bb
9WST,active,185,ASN,N,182,THR,OG1,3.364,bb-sc
9WST,active,185,ASN,ND2,182,THR,OG1,3.384,sc-sc
9WST,active,186,ALA,N,182,THR,O,2.972,bb-bb
9WST,active,185,ASN,N,183,PRO,O,3.487,bb-bb
9WST,active,186,ALA,N,183,PRO,O,3.211,bb-bb
9WST,active,187,LYS,N,183,PRO,O,2.926,bb-bb
9WST,active,186,ALA,N,184,ARG,O,3.443,bb-bb
9WST,active,187,LYS,N,184,ARG,O,3.282,bb-bb
9WST,active,188,ILE,N,184,ARG,O,2.923,bb-bb
9WST,active,187,LYS,N,185,ASN,O,3.487,bb-bb
9WST,active,188,ILE,N,185,ASN,O,3.276,bb-bb
9WST,active,189,VAL,N,185,ASN,O,2.901,bb-bb
9WST,active,188,ILE,N,186,ALA,O,3.467,bb-bb
9WST,active,189,VAL,N,186,ALA,O,3.33,bb-bb
9WST,active,190,ASN,N,186,ALA,O,2.922,bb-bb
9WST,active,189,VAL,N,187,LYS,O,3.42,bb-bb
9WST,active,190,ASN,N,187,LYS,O,3.296,bb-bb
9WST,active,191,VAL,N,187,LYS,O,2.95,bb-bb
9WST,active,190,ASN,N,188,ILE,O,3.472,bb-bb
9WST,active,191,VAL,N,188,ILE,O,3.309,bb-bb
9WST,active,192,CYS,N,188,ILE,O,2.888,bb-bb
9WST,active,191,VAL,N,189,VAL,O,3.477,bb-bb
9WST,active,192,CYS,N,189,VAL,O,3.286,bb-bb
9WST,active,193,ASN,N,189,VAL,O,2.895,bb-bb
9WST,active,192,CYS,N,190,ASN,O,3.432,bb-bb
9WST,active,193,ASN,N,190,ASN,O,3.29,bb-bb
9WST,active,194,TRP,N,190,ASN,O,2.942,bb-bb
9WST,active,193,ASN,N,191,VAL,O,3.425,bb-bb
9WST,active,194,TRP,N,191,VAL,O,3.265,bb-bb
9WST,active,195,ILE,N,191,VAL,O,2.915,bb-bb
9WST,active,195,ILE,N,192,CYS,O,3.381,bb-bb
9WST,active,196,LEU,N,192,CYS,O,2.876,bb-bb
9WST,active,195,ILE,N,193,ASN,O,3.388,bb-bb
9WST,active,196,LEU,N,193,ASN,O,3.289,bb-bb
9WST,active,197,SER,N,193,ASN,O,2.932,bb-bb
9WST,active,197,SER,OG,193,ASN,O,3.036,bb-sc
9WST,active,198,SER,N,194,TRP,O,3.471,bb-bb
9WST,active,198,SER,OG,194,TRP,O,3.338,bb-sc
9WST,active,197,SER,N,195,ILE,O,3.342,bb-bb
9WST,active,198,SER,N,195,ILE,O,2.952,bb-bb
9WST,active,198,SER,N,196,LEU,O,3.317,bb-bb
9WST,active,199,ALA,N,196,LEU,O,3.203,bb-bb
9WST,active,199,ALA,N,197,SER,O,3.331,bb-bb
9WST,active,200,ILE,N,197,SER,O,3.238,bb-bb
9WST,active,201,GLY,N,197,SER,O,2.934,bb-bb
9WST,active,200,ILE,N,198,SER,O,2.944,bb-bb
9WST,active,201,GLY,N,198,SER,O,3.146,bb-bb
9WST,active,202,LEU,N,198,SER,O,2.882,bb-bb
9WST,active,202,LEU,N,200,ILE,O,3.357,bb-bb
9WST,active,204,VAL,N,200,ILE,O,3.284,bb-bb
9WST,active,205,MET,N,201,GLY,O,3.023,bb-bb
9WST,active,204,VAL,N,202,LEU,O,3.324,bb-bb
9WST,active,205,MET,N,202,LEU,O,2.968,bb-bb
9WST,active,206,PHE,N,202,LEU,O,2.941,bb-bb
9WST,active,205,MET,N,203,PRO,O,3.484,bb-bb
9WST,active,206,PHE,N,203,PRO,O,3.397,bb-bb
9WST,active,207,MET,N,203,PRO,O,2.876,bb-bb
9WST,active,208,ALA,N,204,VAL,O,3.148,bb-bb
9WST,active,208,ALA,N,206,PHE,O,3.335,bb-bb
9WST,active,209,THR,N,207,MET,O,3.373,bb-bb
9WST,active,222,THR,N,207,MET,O,2.705,bb-bb
9WST,active,209,THR,N,220,THR,O,2.867,bb-bb
9WST,active,220,THR,N,209,THR,O,2.952,bb-bb
9WST,active,211,LYS,N,218,ASP,O,2.9,bb-bb
9WST,active,218,ASP,N,211,LYS,O,2.905,bb-bb
9WST,active,215,GLY,N,213,ARG,O,2.7,bb-bb
9WST,active,213,ARG,N,216,SER,O,2.881,bb-bb
9WST,active,216,SER,N,213,ARG,O,2.939,bb-bb
9WST,active,225,HIS,N,223,PHE,O,3.497,bb-bb
9WST,active,228,TRP,N,226,PRO,O,3.355,bb-bb
9WST,active,229,TYR,N,226,PRO,O,3.175,bb-bb
9WST,active,230,TRP,N,226,PRO,O,2.838,bb-bb
9WST,active,229,TYR,N,227,THR,O,3.403,bb-bb
9WST,active,230,TRP,N,227,THR,O,3.189,bb-bb
9WST,active,231,GLU,N,227,THR,O,2.873,bb-bb
9WST,active,230,TRP,N,228,TRP,O,3.435,bb-bb
9WST,active,231,GLU,N,228,TRP,O,3.433,bb-bb
9WST,active,232,ASN,N,228,TRP,O,2.941,bb-bb
9WST,active,232,ASN,N,229,TYR,O,3.401,bb-bb
9WST,active,233,LEU,N,229,TYR,O,2.884,bb-bb
9WST,active,233,LEU,N,230,TRP,O,3.359,bb-bb
9WST,active,234,LEU,N,230,TRP,O,2.944,bb-bb
9WST,active,233,LEU,N,231,GLU,O,3.402,bb-bb
9WST,active,234,LEU,N,231,GLU,O,3.403,bb-bb
9WST,active,235,LYS,N,231,GLU,O,2.928,bb-bb
9WST,active,236,ILE,N,232,ASN,O,2.896,bb-bb
9WST,active,235,LYS,N,233,LEU,O,3.472,bb-bb
9WST,active,236,ILE,N,233,LEU,O,3.473,bb-bb
9WST,active,237,CYS,N,233,LEU,O,2.901,bb-bb
9WST,active,236,ILE,N,234,LEU,O,3.492,bb-bb
9WST,active,237,CYS,N,234,LEU,O,3.352,bb-bb
9WST,active,238,VAL,N,234,LEU,O,2.93,bb-bb
9WST,active,237,CYS,N,235,LYS,O,3.484,bb-bb
9WST,active,238,VAL,N,235,LYS,O,3.386,bb-bb
9WST,active,239,PHE,N,235,LYS,O,2.899,bb-bb
9WST,active,238,VAL,N,236,ILE,O,3.485,bb-bb
9WST,active,239,PHE,N,236,ILE,O,3.35,bb-bb
9WST,active,240,ILE,N,236,ILE,O,2.894,bb-bb
9WST,active,239,PHE,N,237,CYS,O,3.468,bb-bb
9WST,active,240,ILE,N,237,CYS,O,3.392,bb-bb
9WST,active,241,PHE,N,237,CYS,O,2.903,bb-bb
9WST,active,240,ILE,N,238,VAL,O,3.448,bb-bb
9WST,active,242,ALA,N,238,VAL,O,2.891,bb-bb
9WST,active,243,PHE,N,239,PHE,O,2.881,bb-bb
9WST,active,244,ILE,N,239,PHE,O,3.404,bb-bb
9WST,active,242,ALA,N,240,ILE,O,3.33,bb-bb
9WST,active,244,ILE,N,240,ILE,O,3.363,bb-bb
9WST,active,245,MET,N,240,ILE,O,3.121,bb-bb
9WST,active,247,VAL,N,243,PHE,O,3.073,bb-bb
9WST,active,247,VAL,N,244,ILE,O,3.42,bb-bb
9WST,active,248,LEU,N,244,ILE,O,2.922,bb-bb
9WST,active,247,VAL,N,245,MET,O,3.4,bb-bb
9WST,active,248,LEU,N,245,MET,O,3.375,bb-bb
9WST,active,249,ILE,N,245,MET,O,2.912,bb-bb
9WST,active,249,ILE,N,246,PRO,O,3.33,bb-bb
9WST,active,250,ILE,N,246,PRO,O,2.912,bb-bb
9WST,active,249,ILE,N,247,VAL,O,3.404,bb-bb
9WST,active,250,ILE,N,247,VAL,O,3.493,bb-bb
9WST,active,251,THR,N,247,VAL,O,2.91,bb-bb
9WST,active,251,THR,OG1,247,VAL,O,2.807,bb-sc
9WST,active,251,THR,N,248,LEU,O,3.429,bb-bb
9WST,active,252,VAL,N,248,LEU,O,2.941,bb-bb
9WST,active,251,THR,N,249,ILE,O,3.41,bb-bb
9WST,active,252,VAL,N,249,ILE,O,3.464,bb-bb
9WST,active,253,CYS,N,249,ILE,O,2.92,bb-bb
9WST,active,254,TYR,N,250,ILE,O,2.904,bb-bb
9WST,active,253,CYS,N,251,THR,O,3.473,bb-bb
9WST,active,255,GLY,N,251,THR,O,2.902,bb-bb
9WST,active,254,TYR,N,252,VAL,O,3.421,bb-bb
9WST,active,255,GLY,N,252,VAL,O,3.386,bb-bb
9WST,active,256,LEU,N,252,VAL,O,2.98,bb-bb
9WST,active,256,LEU,N,253,CYS,O,3.443,bb-bb
9WST,active,257,MET,N,253,CYS,O,2.889,bb-bb
9WST,active,257,MET,N,254,TYR,O,3.329,bb-bb
9WST,active,258,ILE,N,254,TYR,O,2.897,bb-bb
9WST,active,257,MET,N,255,GLY,O,3.408,bb-bb
9WST,active,258,ILE,N,255,GLY,O,3.323,bb-bb
9WST,active,259,LEU,N,255,GLY,O,2.95,bb-bb
9WST,active,258,ILE,N,256,LEU,O,3.463,bb-bb
9WST,active,259,LEU,N,256,LEU,O,3.312,bb-bb
9WST,active,260,ARG,N,256,LEU,O,2.942,bb-bb
9WST,active,260,ARG,N,257,MET,O,3.337,bb-bb
9WST,active,261,LEU,N,257,MET,O,2.867,bb-bb
9WST,active,260,ARG,N,258,ILE,O,3.28,bb-bb
9WST,active,261,LEU,N,258,ILE,O,3.174,bb-bb
9WST,active,262,LYS,N,258,ILE,O,2.974,bb-bb
9WST,active,262,LYS,N,260,ARG,O,3.206,bb-bb
9WST,active,263,SER,N,260,ARG,O,3.06,bb-bb
9WST,active,263,SER,N,261,LEU,O,3.158,bb-bb
9WST,active,264,VAL,N,261,LEU,O,3.372,bb-bb
9WST,active,266,MET,N,264,VAL,O,3.306,bb-bb
9WST,active,267,LEU,N,264,VAL,O,3.053,bb-bb
9WST,active,268,SER,N,264,VAL,O,2.785,bb-bb
9WST,active,268,SER,OG,264,VAL,O,3.406,bb-sc
9WST,active,267,LEU,N,265,ARG,O,3.283,bb-bb
9WST,active,269,GLY,N,267,LEU,O,3.064,bb-bb
9WST,active,274,ASP,N,267,LEU,O,3.425,bb-bb
9WST,active,272,GLU,N,270,SER,O,3.384,bb-bb
9WST,active,273,LYS,N,270,SER,O,3.214,bb-bb
9WST,active,274,ASP,N,270,SER,O,2.882,bb-bb
9WST,active,273,LYS,N,271,LYS,O,3.474,bb-bb
9WST,active,274,ASP,N,271,LYS,O,3.308,bb-bb
9WST,active,275,ARG,N,271,LYS,O,2.889,bb-bb
9WST,active,274,ASP,N,272,GLU,O,3.495,bb-bb
9WST,active,275,ARG,N,272,GLU,O,3.229,bb-bb
9WST,active,275,ARG,NH2,272,GLU,OE2,2.751,sc-sc
9WST,active,276,ASN,N,272,GLU,O,2.923,bb-bb
9WST,active,275,ARG,N,273,LYS,O,3.446,bb-bb
9WST,active,276,ASN,N,273,LYS,O,3.236,bb-bb
9WST,active,277,LEU,N,273,LYS,O,2.94,bb-bb
9WST,active,276,ASN,N,274,ASP,O,3.437,bb-bb
9WST,active,277,LEU,N,274,ASP,O,3.278,bb-bb
9WST,active,278,ARG,N,274,ASP,O,2.895,bb-bb
9WST,active,278,ARG,NE,274,ASP,OD1,2.926,sc-sc
9WST,active,278,ARG,N,275,ARG,O,3.322,bb-bb
9WST,active,279,ARG,N,275,ARG,O,2.884,bb-bb
9WST,active,278,ARG,N,276,ASN,O,3.448,bb-bb
9WST,active,279,ARG,N,276,ASN,O,3.239,bb-bb
9WST,active,280,ILE,N,276,ASN,O,2.947,bb-bb
9WST,active,279,ARG,N,277,LEU,O,3.444,bb-bb
9WST,active,280,ILE,N,277,LEU,O,3.254,bb-bb
9WST,active,281,THR,N,277,LEU,O,2.948,bb-bb
9WST,active,281,THR,OG1,277,LEU,O,3.051,bb-sc
9WST,active,280,ILE,N,278,ARG,O,3.478,bb-bb
9WST,active,281,THR,N,278,ARG,O,3.358,bb-bb
9WST,active,282,ARG,N,278,ARG,O,2.879,bb-bb
9WST,active,281,THR,N,279,ARG,O,3.485,bb-bb
9WST,active,282,ARG,N,279,ARG,O,3.316,bb-bb
9WST,active,283,MET,N,279,ARG,O,2.918,bb-bb
9WST,active,279,ARG,NH1,343,GLU,OE2,3.136,sc-sc
9WST,active,282,ARG,N,280,ILE,O,3.395,bb-bb
9WST,active,283,MET,N,280,ILE,O,3.225,bb-bb
9WST,active,284,VAL,N,280,ILE,O,2.974,bb-bb
9WST,active,283,MET,N,281,THR,O,3.449,bb-bb
9WST,active,284,VAL,N,281,THR,O,3.344,bb-bb
9WST,active,285,LEU,N,281,THR,O,2.931,bb-bb
9WST,active,285,LEU,N,282,ARG,O,3.397,bb-bb
9WST,active,286,VAL,N,282,ARG,O,2.866,bb-bb
9WST,active,285,LEU,N,283,MET,O,3.439,bb-bb
9WST,active,286,VAL,N,283,MET,O,3.371,bb-bb
9WST,active,287,VAL,N,283,MET,O,2.97,bb-bb
9WST,active,286,VAL,N,284,VAL,O,3.422,bb-bb
9WST,active,287,VAL,N,284,VAL,O,3.328,bb-bb
9WST,active,288,VAL,N,284,VAL,O,3.022,bb-bb
9WST,active,287,VAL,N,285,LEU,O,3.463,bb-bb
9WST,active,288,VAL,N,285,LEU,O,3.401,bb-bb
9WST,active,289,ALA,N,285,LEU,O,2.873,bb-bb
9WST,active,289,ALA,N,286,VAL,O,3.458,bb-bb
9WST,active,290,VAL,N,286,VAL,O,2.852,bb-bb
9WST,active,289,ALA,N,287,VAL,O,3.402,bb-bb
9WST,active,290,VAL,N,287,VAL,O,3.3,bb-bb
9WST,active,291,PHE,N,287,VAL,O,3.022,bb-bb
9WST,active,290,VAL,N,288,VAL,O,3.461,bb-bb
9WST,active,291,PHE,N,288,VAL,O,3.329,bb-bb
9WST,active,292,ILE,N,288,VAL,O,2.969,bb-bb
9WST,active,291,PHE,N,289,ALA,O,3.466,bb-bb
9WST,active,292,ILE,N,289,ALA,O,3.336,bb-bb
9WST,active,293,VAL,N,289,ALA,O,2.858,bb-bb
9WST,active,292,ILE,N,290,VAL,O,3.42,bb-bb
9WST,active,293,VAL,N,290,VAL,O,3.48,bb-bb
9WST,active,294,CYS,N,290,VAL,O,2.921,bb-bb
9WST,active,293,VAL,N,291,PHE,O,3.475,bb-bb
9WST,active,294,CYS,N,291,PHE,O,3.315,bb-bb
9WST,active,295,TRP,N,291,PHE,O,2.982,bb-bb
9WST,active,294,CYS,N,292,ILE,O,3.342,bb-bb
9WST,active,295,TRP,N,292,ILE,O,3.343,bb-bb
9WST,active,296,THR,N,292,ILE,O,2.887,bb-bb
9WST,active,296,THR,OG1,292,ILE,O,2.622,bb-sc
9WST,active,295,TRP,NE1,330,ASN,OD1,2.876,sc-sc
9WST,active,298,ILE,N,296,THR,O,3.315,bb-bb
9WST,active,299,HIS,N,296,THR,O,3.316,bb-bb
9WST,active,300,ILE,N,296,THR,O,2.935,bb-bb
9WST,active,300,ILE,N,297,PRO,O,3.44,bb-bb
9WST,active,301,TYR,N,297,PRO,O,2.879,bb-bb
9WST,active,300,ILE,N,298,ILE,O,3.481,bb-bb
9WST,active,301,TYR,N,298,ILE,O,3.402,bb-bb
9WST,active,302,VAL,N,298,ILE,O,2.907,bb-bb
9WST,active,301,TYR,N,299,HIS,O,3.429,bb-bb
9WST,active,302,VAL,N,299,HIS,O,3.394,bb-bb
9WST,active,303,ILE,N,299,HIS,O,2.935,bb-bb
9WST,active,302,VAL,N,300,ILE,O,3.458,bb-bb
9WST,active,303,ILE,N,300,ILE,O,3.216,bb-bb
9WST,active,304,ILE,N,300,ILE,O,2.916,bb-bb
9WST,active,304,ILE,N,301,TYR,O,3.427,bb-bb
9WST,active,305,LYS,N,301,TYR,O,2.891,bb-bb
9WST,active,301,TYR,OH,316,GLN,NE2,3.428,sc-sc
9WST,active,316,GLN,NE2,301,TYR,OH,3.428,sc-sc
9WST,active,304,ILE,N,302,VAL,O,3.476,bb-bb
9WST,active,305,LYS,N,302,VAL,O,3.33,bb-bb
9WST,active,306,ALA,N,302,VAL,O,2.985,bb-bb
9WST,active,305,LYS,N,303,ILE,O,3.473,bb-bb
9WST,active,306,ALA,N,303,ILE,O,3.271,bb-bb
9WST,active,307,LEU,N,303,ILE,O,3.312,bb-bb
9WST,active,306,ALA,N,304,ILE,O,3.297,bb-bb
9WST,active,307,LEU,N,304,ILE,O,3.032,bb-bb
9WST,active,308,ILE,N,304,ILE,O,2.974,bb-bb
9WST,active,307,LEU,N,305,LYS,O,3.341,bb-bb
9WST,active,305,LYS,NZ,316,GLN,NE2,3.113,sc-sc
9WST,active,313,THR,N,311,PRO,O,3.244,bb-bb
9WST,active,315,PHE,N,313,THR,OG1,3.46,bb-sc
9WST,active,316,GLN,N,313,THR,O,3.428,bb-bb
9WST,active,316,GLN,N,313,THR,OG1,3.254,bb-sc
9WST,active,317,THR,N,313,THR,O,3.164,bb-bb
9WST,active,317,THR,OG1,313,THR,O,3.333,bb-sc
9WST,active,316,GLN,N,314,THR,O,3.369,bb-bb
9WST,active,317,THR,N,314,THR,O,3.298,bb-bb
9WST,active,317,THR,OG1,314,THR,O,2.745,bb-sc
9WST,active,318,VAL,N,314,THR,O,2.933,bb-bb
9WST,active,317,THR,N,315,PHE,O,3.499,bb-bb
9WST,active,318,VAL,N,315,PHE,O,3.416,bb-bb
9WST,active,319,SER,N,315,PHE,O,2.892,bb-bb
9WST,active,318,VAL,N,316,GLN,O,3.477,bb-bb
9WST,active,319,SER,N,316,GLN,O,3.354,bb-bb
9WST,active,320,TRP,N,316,GLN,O,2.926,bb-bb
9WST,active,319,SER,N,317,THR,O,3.456,bb-bb
9WST,active,320,TRP,N,317,THR,O,3.306,bb-bb
9WST,active,321,HIS,N,317,THR,O,2.958,bb-bb
9WST,active,320,TRP,N,318,VAL,O,3.467,bb-bb
9WST,active,321,HIS,N,318,VAL,O,3.454,bb-bb
9WST,active,322,PHE,N,318,VAL,O,2.86,bb-bb
9WST,active,321,HIS,N,319,SER,O,3.486,bb-bb
9WST,active,322,PHE,N,319,SER,O,3.373,bb-bb
9WST,active,323,CYS,N,319,SER,O,2.921,bb-bb
9WST,active,322,PHE,N,320,TRP,O,3.422,bb-bb
9WST,active,323,CYS,N,320,TRP,O,3.248,bb-bb
9WST,active,324,ILE,N,320,TRP,O,3.028,bb-bb
9WST,active,324,ILE,N,321,HIS,O,3.37,bb-bb
9WST,active,325,ALA,N,321,HIS,O,2.897,bb-bb
9WST,active,324,ILE,N,322,PHE,O,3.491,bb-bb
9WST,active,325,ALA,N,322,PHE,O,3.375,bb-bb
9WST,active,326,LEU,N,322,PHE,O,2.867,bb-bb
9WST,active,325,ALA,N,323,CYS,O,3.494,bb-bb
9WST,active,326,LEU,N,323,CYS,O,3.258,bb-bb
9WST,active,327,GLY,N,323,CYS,O,2.946,bb-bb
9WST,active,326,LEU,N,324,ILE,O,3.301,bb-bb
9WST,active,327,GLY,N,324,ILE,O,3.129,bb-bb
9WST,active,328,TYR,N,324,ILE,O,3.025,bb-bb
9WST,active,328,TYR,N,325,ALA,O,3.38,bb-bb
9WST,active,329,THR,N,325,ALA,O,2.78,bb-bb
9WST,active,329,THR,OG1,325,ALA,O,2.591,bb-sc
9WST,active,328,TYR,N,326,LEU,O,3.32,bb-bb
9WST,active,329,THR,N,326,LEU,O,3.058,bb-bb
9WST,active,330,ASN,N,326,LEU,O,3.153,bb-bb
9WST,active,330,ASN,N,327,GLY,O,3.455,bb-bb
9WST,active,330,ASN,N,328,TYR,O,3.067,bb-bb
9WST,active,331,SER,N,328,TYR,O,2.861,bb-bb
9WST,active,332,CYS,N,328,TYR,O,3.059,bb-bb
9WST,active,331,SER,N,329,THR,O,3.441,bb-bb
9WST,active,332,CYS,N,329,THR,O,3.156,bb-bb
9WST,active,333,LEU,N,329,THR,O,2.777,bb-bb
9WST,active,332,CYS,N,330,ASN,O,3.362,bb-bb
9WST,active,333,LEU,N,330,ASN,O,3.184,bb-bb
9WST,active,334,ASN,N,330,ASN,O,2.902,bb-bb
9WST,active,335,PRO,N,333,LEU,O,3.261,bb-bb
9WST,active,336,VAL,N,333,LEU,O,3.038,bb-bb
9WST,active,337,LEU,N,333,LEU,O,3.137,bb-bb
9WST,active,336,VAL,N,334,ASN,O,3.315,bb-bb
9WST,active,337,LEU,N,334,ASN,O,3.212,bb-bb
9WST,active,338,TYR,N,334,ASN,O,2.933,bb-bb
9WST,active,338,TYR,N,335,PRO,O,3.445,bb-bb
9WST,active,339,ALA,N,335,PRO,O,2.693,bb-bb
9WST,active,340,PHE,N,335,PRO,O,3.073,bb-bb
9WST,active,338,TYR,N,336,VAL,O,3.386,bb-bb
9WST,active,341,LEU,N,336,VAL,O,3.047,bb-bb
9WST,active,341,LEU,N,339,ALA,O,3.443,bb-bb
9WST,active,342,ASP,N,339,ALA,O,3.069,bb-bb
9WST,active,342,ASP,N,340,PHE,O,3.459,bb-bb
9WST,active,346,LYS,NZ,341,LEU,O,3.36,bb-sc
9WST,active,344,ASN,N,342,ASP,O,3.354,bb-bb
9WST,active,345,PHE,N,342,ASP,O,3.365,bb-bb
9WST,active,346,LYS,N,342,ASP,O,3.37,bb-bb
9WST,active,345,PHE,N,343,GLU,O,3.367,bb-bb
9WST,active,346,LYS,N,343,GLU,O,3.138,bb-bb
9WST,active,346,LYS,NZ,343,GLU,OE2,3.331,sc-sc
9WST,active,347,ARG,N,343,GLU,O,3.233,bb-bb
9WST,active,346,LYS,N,344,ASN,O,3.426,bb-bb
9WST,active,347,ARG,N,344,ASN,O,3.279,bb-bb
9WST,active,347,ARG,NH1,344,ASN,OD1,3.111,sc-sc
9WST,active,347,ARG,N,345,PHE,O,3.384,bb-bb
9WST,active,348,CYS,N,345,PHE,O,3.163,bb-bb
9WST,active,348,CYS,N,346,LYS,O,3.223,bb-bb
9WST,active,349,PHE,N,347,ARG,O,2.975,bb-bb
9WSW,active,70,ALA,N,67,MET,O,3.38,bb-bb
9WSW,active,71,ILE,N,67,MET,O,3.055,bb-bb
9WSW,active,70,ALA,N,68,VAL,O,3.489,bb-bb
9WSW,active,71,ILE,N,68,VAL,O,3.479,bb-bb
9WSW,active,72,THR,N,68,VAL,O,2.94,bb-bb
9WSW,active,72,THR,OG1,68,VAL,O,2.884,bb-sc
9WSW,active,71,ILE,N,69,THR,O,3.489,bb-bb
9WSW,active,72,THR,N,69,THR,O,3.283,bb-bb
9WSW,active,73,ILE,N,69,THR,O,2.928,bb-bb
9WSW,active,72,THR,N,70,ALA,O,3.434,bb-bb
9WSW,active,73,ILE,N,70,ALA,O,3.239,bb-bb
9WSW,active,74,MET,N,70,ALA,O,2.9,bb-bb
9WSW,active,73,ILE,N,71,ILE,O,3.467,bb-bb
9WSW,active,74,MET,N,71,ILE,O,3.259,bb-bb
9WSW,active,75,ALA,N,71,ILE,O,2.874,bb-bb
9WSW,active,74,MET,N,72,THR,O,3.401,bb-bb
9WSW,active,75,ALA,N,72,THR,O,3.391,bb-bb
9WSW,active,76,LEU,N,72,THR,O,2.998,bb-bb
9WSW,active,75,ALA,N,73,ILE,O,3.361,bb-bb
9WSW,active,76,LEU,N,73,ILE,O,3.364,bb-bb
9WSW,active,77,TYR,N,73,ILE,O,2.836,bb-bb
9WSW,active,77,TYR,N,74,MET,O,3.303,bb-bb
9WSW,active,78,SER,N,74,MET,O,2.764,bb-bb
9WSW,active,78,SER,OG,74,MET,O,3.467,bb-sc
9WSW,active,77,TYR,N,75,ALA,O,3.356,bb-bb
9WSW,active,78,SER,N,75,ALA,O,3.183,bb-bb
9WSW,active,78,SER,OG,75,ALA,O,2.738,bb-sc
9WSW,active,79,ILE,N,75,ALA,O,2.92,bb-bb
9WSW,active,78,SER,N,76,LEU,O,3.317,bb-bb
9WSW,active,79,ILE,N,76,LEU,O,3.187,bb-bb
9WSW,active,80,VAL,N,76,LEU,O,2.924,bb-bb
9WSW,active,79,ILE,N,77,TYR,O,3.422,bb-bb
9WSW,active,80,VAL,N,77,TYR,O,3.183,bb-bb
9WSW,active,81,CYS,N,77,TYR,O,2.91,bb-bb
9WSW,active,77,TYR,OH,321,HIS,O,3.119,bb-sc
9WSW,active,77,TYR,OH,321,HIS,ND1,2.796,sc-sc
9WSW,active,321,HIS,ND1,77,TYR,OH,2.796,sc-sc
9WSW,active,80,VAL,N,78,SER,O,3.412,bb-bb
9WSW,active,81,CYS,N,78,SER,O,3.182,bb-bb
9WSW,active,82,VAL,N,78,SER,O,2.922,bb-bb
9WSW,active,81,CYS,N,79,ILE,O,3.375,bb-bb
9WSW,active,82,VAL,N,79,ILE,O,3.18,bb-bb
9WSW,active,83,VAL,N,79,ILE,O,2.924,bb-bb
9WSW,active,82,VAL,N,80,VAL,O,3.31,bb-bb
9WSW,active,83,VAL,N,80,VAL,O,3.183,bb-bb
9WSW,active,84,GLY,N,80,VAL,O,2.923,bb-bb
9WSW,active,83,VAL,N,81,CYS,O,3.35,bb-bb
9WSW,active,84,GLY,N,81,CYS,O,3.189,bb-bb
9WSW,active,85,LEU,N,81,CYS,O,2.907,bb-bb
9WSW,active,84,GLY,N,82,VAL,O,3.262,bb-bb
9WSW,active,85,LEU,N,82,VAL,O,3.186,bb-bb
9WSW,active,86,PHE,N,82,VAL,O,2.962,bb-bb
9WSW,active,85,LEU,N,83,VAL,O,3.495,bb-bb
9WSW,active,87,GLY,N,83,VAL,O,3.063,bb-bb
9WSW,active,88,ASN,N,84,GLY,O,3.22,bb-bb
9WSW,active,89,PHE,N,85,LEU,O,2.998,bb-bb
9WSW,active,88,ASN,N,86,PHE,O,3.44,bb-bb
9WSW,active,89,PHE,N,86,PHE,O,3.39,bb-bb
9WSW,active,90,LEU,N,86,PHE,O,2.9,bb-bb
9WSW,active,89,PHE,N,87,GLY,O,3.452,bb-bb
9WSW,active,90,LEU,N,87,GLY,O,3.353,bb-bb
9WSW,active,91,VAL,N,87,GLY,O,2.985,bb-bb
9WSW,active,91,VAL,N,88,ASN,O,3.263,bb-bb
9WSW,active,92,MET,N,88,ASN,O,2.888,bb-bb
9WSW,active,88,ASN,ND2,113,ALA,O,3.379,bb-sc
9WSW,active,117,ALA,N,88,ASN,OD1,3.104,bb-sc
9WSW,active,91,VAL,N,89,PHE,O,3.488,bb-bb
9WSW,active,92,MET,N,89,PHE,O,3.253,bb-bb
9WSW,active,93,TYR,N,89,PHE,O,2.905,bb-bb
9WSW,active,92,MET,N,90,LEU,O,3.43,bb-bb
9WSW,active,93,TYR,N,90,LEU,O,3.261,bb-bb
9WSW,active,94,VAL,N,90,LEU,O,2.94,bb-bb
9WSW,active,93,TYR,N,91,VAL,O,3.447,bb-bb
9WSW,active,94,VAL,N,91,VAL,O,3.358,bb-bb
9WSW,active,95,ILE,N,91,VAL,O,2.906,bb-bb
9WSW,active,94,VAL,N,92,MET,O,3.436,bb-bb
9WSW,active,95,ILE,N,92,MET,O,3.257,bb-bb
9WSW,active,96,VAL,N,92,MET,O,2.903,bb-bb
9WSW,active,95,ILE,N,93,TYR,O,3.426,bb-bb
9WSW,active,96,VAL,N,93,TYR,O,3.319,bb-bb
9WSW,active,97,ARG,N,93,TYR,O,2.947,bb-bb
9WSW,active,97,ARG,NH1,93,TYR,OH,2.955,sc-sc
9WSW,active,96,VAL,N,94,VAL,O,3.463,bb-bb
9WSW,active,97,ARG,N,94,VAL,O,3.435,bb-bb
9WSW,active,98,TYR,N,94,VAL,O,2.902,bb-bb
9WSW,active,99,THR,N,94,VAL,O,3.409,bb-bb
9WSW,active,97,ARG,N,95,ILE,O,3.436,bb-bb
9WSW,active,100,LYS,N,95,ILE,O,3.219,bb-bb
9WSW,active,100,LYS,NZ,97,ARG,O,2.948,bb-sc
9WSW,active,100,LYS,N,98,TYR,O,3.342,bb-bb
9WSW,active,101,MET,N,99,THR,O,3.22,bb-bb
9WSW,active,106,ASN,ND2,99,THR,OG1,3.388,sc-sc
9WSW,active,102,LYS,N,100,LYS,O,3.052,bb-bb
9WSW,active,105,THR,N,103,THR,O,3.408,bb-bb
9WSW,active,103,THR,OG1,106,ASN,OD1,3.371,sc-sc
9WSW,active,106,ASN,N,103,THR,O,3.137,bb-bb
9WSW,active,107,ILE,N,103,THR,O,2.904,bb-bb
9WSW,active,106,ASN,N,104,ALA,O,3.377,bb-bb
9WSW,active,107,ILE,N,104,ALA,O,3.094,bb-bb
9WSW,active,108,TYR,N,104,ALA,O,2.925,bb-bb
9WSW,active,107,ILE,N,105,THR,O,3.464,bb-bb
9WSW,active,108,TYR,N,105,THR,O,3.284,bb-bb
9WSW,active,109,ILE,N,105,THR,O,2.906,bb-bb
9WSW,active,108,TYR,N,106,ASN,O,3.492,bb-bb
9WSW,active,109,ILE,N,106,ASN,O,3.346,bb-bb
9WSW,active,110,PHE,N,106,ASN,O,2.888,bb-bb
9WSW,active,109,ILE,N,107,ILE,O,3.451,bb-bb
9WSW,active,110,PHE,N,107,ILE,O,3.239,bb-bb
9WSW,active,111,ASN,N,107,ILE,O,2.956,bb-bb
9WSW,active,190,ASN,ND2,107,ILE,O,3.467,bb-sc
9WSW,active,110,PHE,N,108,TYR,O,3.456,bb-bb
9WSW,active,111,ASN,N,108,TYR,O,3.286,bb-bb
9WSW,active,112,LEU,N,108,TYR,O,2.92,bb-bb
9WSW,active,111,ASN,N,109,ILE,O,3.491,bb-bb
9WSW,active,112,LEU,N,109,ILE,O,3.323,bb-bb
9WSW,active,113,ALA,N,109,ILE,O,2.871,bb-bb
9WSW,active,112,LEU,N,110,PHE,O,3.46,bb-bb
9WSW,active,113,ALA,N,110,PHE,O,3.308,bb-bb
9WSW,active,114,LEU,N,110,PHE,O,2.931,bb-bb
9WSW,active,113,ALA,N,111,ASN,O,3.429,bb-bb
9WSW,active,114,LEU,N,111,ASN,O,3.258,bb-bb
9WSW,active,115,ALA,N,111,ASN,O,2.971,bb-bb
9WSW,active,111,ASN,ND2,159,THR,OG1,3.294,sc-sc
9WSW,active,111,ASN,ND2,190,ASN,OD1,2.783,sc-sc
9WSW,active,194,TRP,NE1,111,ASN,OD1,3.054,sc-sc
9WSW,active,114,LEU,N,112,LEU,O,3.437,bb-bb
9WSW,active,115,ALA,N,112,LEU,O,3.389,bb-bb
9WSW,active,116,ASP,N,112,LEU,O,2.915,bb-bb
9WSW,active,116,ASP,N,113,ALA,O,3.428,bb-bb
9WSW,active,117,ALA,N,113,ALA,O,2.853,bb-bb
9WSW,active,116,ASP,N,114,LEU,O,3.415,bb-bb
9WSW,active,117,ALA,N,114,LEU,O,3.27,bb-bb
9WSW,active,118,LEU,N,114,LEU,O,3.008,bb-bb
9WSW,active,117,ALA,N,115,ALA,O,3.454,bb-bb
9WSW,active,118,LEU,N,115,ALA,O,3.404,bb-bb
9WSW,active,119,ALA,N,115,ALA,O,2.934,bb-bb
9WSW,active,118,LEU,N,116,ASP,O,3.485,bb-bb
9WSW,active,119,ALA,N,116,ASP,O,3.35,bb-bb
9WSW,active,120,THR,N,116,ASP,O,2.895,bb-bb
9WSW,active,120,THR,OG1,116,ASP,O,2.799,bb-sc
9WSW,active,156,SER,OG,116,ASP,OD1,2.764,sc-sc
9WSW,active,331,SER,OG,116,ASP,OD1,3.316,sc-sc
9WSW,active,120,THR,N,117,ALA,O,3.377,bb-bb
9WSW,active,120,THR,OG1,117,ALA,O,2.758,bb-sc
9WSW,active,121,SER,N,117,ALA,O,2.876,bb-bb
9WSW,active,120,THR,N,118,LEU,O,3.42,bb-bb
9WSW,active,121,SER,N,118,LEU,O,3.198,bb-bb
9WSW,active,121,SER,OG,118,LEU,O,2.741,bb-sc
9WSW,active,122,THR,N,118,LEU,O,2.99,bb-bb
9WSW,active,122,THR,OG1,118,LEU,O,3.067,bb-sc
9WSW,active,122,THR,N,119,ALA,O,3.216,bb-bb
9WSW,active,122,THR,N,120,THR,O,3.316,bb-bb
9WSW,active,123,LEU,N,120,THR,O,3.052,bb-bb
9WSW,active,123,LEU,N,121,SER,O,3.34,bb-bb
9WSW,active,125,PHE,N,123,LEU,O,3.099,bb-bb
9WSW,active,126,GLN,N,123,LEU,O,2.883,bb-bb
9WSW,active,127,SER,N,123,LEU,O,2.934,bb-bb
9WSW,active,126,GLN,N,124,PRO,O,3.472,bb-bb
9WSW,active,127,SER,N,124,PRO,O,3.317,bb-bb
9WSW,active,127,SER,OG,124,PRO,O,2.659,bb-sc
9WSW,active,128,VAL,N,124,PRO,O,2.91,bb-bb
9WSW,active,127,SER,N,125,PHE,O,3.495,bb-bb
9WSW,active,128,VAL,N,125,PHE,O,3.378,bb-bb
9WSW,active,129,ASN,N,125,PHE,O,2.908,bb-bb
9WSW,active,128,VAL,N,126,GLN,O,3.446,bb-bb
9WSW,active,129,ASN,N,126,GLN,O,3.239,bb-bb
9WSW,active,130,TYR,N,126,GLN,O,2.939,bb-bb
9WSW,active,126,GLN,NE2,328,TYR,OH,3.219,sc-sc
9WSW,active,328,TYR,OH,126,GLN,OE1,3.442,sc-sc
9WSW,active,328,TYR,OH,126,GLN,NE2,3.219,sc-sc
9WSW,active,129,ASN,N,127,SER,O,3.479,bb-bb
9WSW,active,130,TYR,N,127,SER,O,3.366,bb-bb
9WSW,active,131,LEU,N,127,SER,O,2.886,bb-bb
9WSW,active,130,TYR,N,128,VAL,O,3.397,bb-bb
9WSW,active,131,LEU,N,128,VAL,O,2.991,bb-bb
9WSW,active,132,MET,N,128,VAL,O,2.981,bb-bb
9WSW,active,131,LEU,N,129,ASN,O,3.351,bb-bb
9WSW,active,133,GLY,N,129,ASN,O,2.689,bb-bb
9WSW,active,134,THR,N,129,ASN,O,3.317,bb-bb
9WSW,active,134,THR,N,132,MET,O,3.258,bb-bb
9WSW,active,135,TRP,NE1,138,GLY,O,3.313,bb-sc
9WSW,active,135,TRP,N,217,ILE,O,2.61,bb-bb
9WSW,active,135,TRP,NE1,219,CYS,SG,3.207,sc-sc
9WSW,active,140,ILE,N,138,GLY,O,3.483,bb-bb
9WSW,active,142,CYS,N,138,GLY,O,2.978,bb-bb
9WSW,active,141,LEU,N,139,ASN,O,3.441,bb-bb
9WSW,active,142,CYS,N,139,ASN,O,3.187,bb-bb
9WSW,active,143,LYS,N,139,ASN,O,2.987,bb-bb
9WSW,active,143,LYS,NZ,139,ASN,O,3.453,bb-sc
9WSW,active,142,CYS,N,140,ILE,O,3.405,bb-bb
9WSW,active,143,LYS,N,140,ILE,O,3.254,bb-bb
9WSW,active,144,ILE,N,140,ILE,O,3.111,bb-bb
9WSW,active,143,LYS,N,141,LEU,O,3.328,bb-bb
9WSW,active,144,ILE,N,141,LEU,O,3.34,bb-bb
9WSW,active,145,VAL,N,141,LEU,O,2.917,bb-bb
9WSW,active,146,ILE,N,142,CYS,O,3.069,bb-bb
9WSW,active,145,VAL,N,143,LYS,O,3.442,bb-bb
9WSW,active,146,ILE,N,143,LYS,O,3.432,bb-bb
9WSW,active,147,SER,N,143,LYS,O,2.966,bb-bb
9WSW,active,147,SER,N,144,ILE,O,3.496,bb-bb
9WSW,active,148,ILE,N,144,ILE,O,2.853,bb-bb
9WSW,active,147,SER,N,145,VAL,O,3.468,bb-bb
9WSW,active,148,ILE,N,145,VAL,O,3.314,bb-bb
9WSW,active,149,ASP,N,145,VAL,O,2.892,bb-bb
9WSW,active,148,ILE,N,146,ILE,O,3.424,bb-bb
9WSW,active,149,ASP,N,146,ILE,O,3.267,bb-bb
9WSW,active,150,TYR,N,146,ILE,O,3.034,bb-bb
9WSW,active,149,ASP,N,147,SER,O,3.453,bb-bb
9WSW,active,151,TYR,N,147,SER,O,2.841,bb-bb
9WSW,active,147,SER,OG,201,GLY,O,3.012,bb-sc
9WSW,active,152,ASN,N,148,ILE,O,2.853,bb-bb
9WSW,active,152,ASN,ND2,148,ILE,O,2.8,bb-sc
9WSW,active,151,TYR,N,149,ASP,O,3.484,bb-bb
9WSW,active,152,ASN,N,149,ASP,O,3.448,bb-bb
9WSW,active,153,MET,N,149,ASP,O,2.971,bb-bb
9WSW,active,328,TYR,OH,149,ASP,OD1,2.731,sc-sc
9WSW,active,152,ASN,N,150,TYR,O,3.369,bb-bb
9WSW,active,153,MET,N,150,TYR,O,3.372,bb-bb
9WSW,active,154,PHE,N,150,TYR,O,3.022,bb-bb
9WSW,active,154,PHE,N,151,TYR,O,3.354,bb-bb
9WSW,active,155,THR,N,151,TYR,O,2.876,bb-bb
9WSW,active,155,THR,OG1,151,TYR,O,3.137,bb-sc
9WSW,active,151,TYR,OH,194,TRP,O,2.885,bb-sc
9WSW,active,151,TYR,OH,198,SER,OG,2.915,sc-sc
9WSW,active,198,SER,OG,151,TYR,OH,2.915,sc-sc
9WSW,active,154,PHE,N,152,ASN,O,3.472,bb-bb
9WSW,active,155,THR,N,152,ASN,O,3.405,bb-bb
9WSW,active,155,THR,OG1,152,ASN,O,2.892,bb-sc
9WSW,active,156,SER,N,152,ASN,O,2.887,bb-bb
9WSW,active,155,THR,N,153,MET,O,3.462,bb-bb
9WSW,active,156,SER,N,153,MET,O,3.389,bb-bb
9WSW,active,157,ILE,N,153,MET,O,3.009,bb-bb
9WSW,active,156,SER,N,154,PHE,O,3.484,bb-bb
9WSW,active,157,ILE,N,154,PHE,O,3.381,bb-bb
9WSW,active,158,PHE,N,154,PHE,O,2.9,bb-bb
9WSW,active,157,ILE,N,155,THR,O,3.499,bb-bb
9WSW,active,158,PHE,N,155,THR,O,3.404,bb-bb
9WSW,active,159,THR,N,155,THR,O,2.847,bb-bb
9WSW,active,159,THR,OG1,155,THR,O,2.682,bb-sc
9WSW,active,155,THR,N,197,SER,OG,3.463,bb-sc
9WSW,active,158,PHE,N,156,SER,O,3.463,bb-bb
9WSW,active,159,THR,N,156,SER,O,3.286,bb-bb
9WSW,active,160,LEU,N,156,SER,O,2.966,bb-bb
9WSW,active,159,THR,N,157,ILE,O,3.387,bb-bb
9WSW,active,160,LEU,N,157,ILE,O,3.22,bb-bb
9WSW,active,161,CYS,N,157,ILE,O,2.973,bb-bb
9WSW,active,161,CYS,N,158,PHE,O,3.316,bb-bb
9WSW,active,162,THR,N,158,PHE,O,2.847,bb-bb
9WSW,active,162,THR,OG1,158,PHE,O,2.745,bb-sc
9WSW,active,193,ASN,ND2,158,PHE,O,3.461,bb-sc
9WSW,active,161,CYS,N,159,THR,O,3.472,bb-bb
9WSW,active,162,THR,N,159,THR,O,3.273,bb-bb
9WSW,active,163,MET,N,159,THR,O,2.904,bb-bb
9WSW,active,162,THR,N,160,LEU,O,3.384,bb-bb
9WSW,active,163,MET,N,160,LEU,O,3.34,bb-bb
9WSW,active,164,SER,N,160,LEU,O,2.974,bb-bb
9WSW,active,164,SER,N,161,CYS,O,3.258,bb-bb
9WSW,active,165,VAL,N,161,CYS,O,2.916,bb-bb
9WSW,active,164,SER,N,162,THR,O,3.482,bb-bb
9WSW,active,165,VAL,N,162,THR,O,3.333,bb-bb
9WSW,active,166,ASP,N,162,THR,O,2.841,bb-bb
9WSW,active,193,ASN,ND2,162,THR,OG1,2.537,sc-sc
9WSW,active,165,VAL,N,163,MET,O,3.449,bb-bb
9WSW,active,166,ASP,N,163,MET,O,3.286,bb-bb
9WSW,active,167,ARG,N,163,MET,O,2.946,bb-bb
9WSW,active,166,ASP,N,164,SER,O,3.432,bb-bb
9WSW,active,167,ARG,N,164,SER,O,3.314,bb-bb
9WSW,active,168,TYR,N,164,SER,O,2.923,bb-bb
9WSW,active,168,TYR,N,165,VAL,O,3.276,bb-bb
9WSW,active,169,ILE,N,165,VAL,O,2.883,bb-bb
9WSW,active,168,TYR,N,166,ASP,O,3.469,bb-bb
9WSW,active,169,ILE,N,166,ASP,O,3.32,bb-bb
9WSW,active,170,ALA,N,166,ASP,O,2.89,bb-bb
9WSW,active,181,ARG,NE,166,ASP,OD1,2.898,sc-sc
9WSW,active,181,ARG,NE,166,ASP,OD2,3.13,sc-sc
9WSW,active,169,ILE,N,167,ARG,O,3.409,bb-bb
9WSW,active,170,ALA,N,167,ARG,O,3.246,bb-bb
9WSW,active,171,VAL,N,167,ARG,O,2.966,bb-bb
9WSW,active,167,ARG,NH1,254,TYR,OH,3.462,sc-sc
9WSW,active,171,VAL,N,168,TYR,O,3.427,bb-bb
9WSW,active,172,CYS,N,168,TYR,O,2.862,bb-bb
9WSW,active,168,TYR,OH,173,HIS,NE2,3.183,sc-sc
9WSW,active,173,HIS,NE2,168,TYR,OH,3.183,sc-sc
9WSW,active,171,VAL,N,169,ILE,O,3.229,bb-bb
9WSW,active,173,HIS,N,169,ILE,O,3.098,bb-bb
9WSW,active,175,VAL,N,173,HIS,O,3.499,bb-bb
9WSW,active,177,ALA,N,173,HIS,O,3.168,bb-bb
9WSW,active,177,ALA,N,174,PRO,O,3.331,bb-bb
9WSW,active,177,ALA,N,175,VAL,O,3.444,bb-bb
9WSW,active,178,LEU,N,175,VAL,O,3.216,bb-bb
9WSW,active,178,LEU,N,176,LYS,O,3.219,bb-bb
9WSW,active,179,ASP,N,176,LYS,O,2.942,bb-bb
9WSW,active,180,PHE,N,176,LYS,O,2.928,bb-bb
9WSW,active,181,ARG,N,177,ALA,O,2.843,bb-bb
9WSW,active,182,THR,N,180,PHE,O,2.634,bb-bb
9WSW,active,182,THR,OG1,180,PHE,O,3.278,bb-sc
9WSW,active,185,ASN,ND2,180,PHE,O,2.577,bb-sc
9WSW,active,184,ARG,N,182,THR,O,3.209,bb-bb
9WSW,active,185,ASN,N,182,THR,O,3.132,bb-bb
9WSW,active,185,ASN,ND2,182,THR,OG1,2.791,sc-sc
9WSW,active,186,ALA,N,182,THR,O,3.02,bb-bb
9WSW,active,186,ALA,N,183,PRO,O,3.206,bb-bb
9WSW,active,187,LYS,N,183,PRO,O,2.925,bb-bb
9WSW,active,186,ALA,N,184,ARG,O,3.432,bb-bb
9WSW,active,187,LYS,N,184,ARG,O,3.247,bb-bb
9WSW,active,188,ILE,N,184,ARG,O,2.899,bb-bb
9WSW,active,188,ILE,N,185,ASN,O,3.287,bb-bb
9WSW,active,189,VAL,N,185,ASN,O,2.903,bb-bb
9WSW,active,188,ILE,N,186,ALA,O,3.475,bb-bb
9WSW,active,189,VAL,N,186,ALA,O,3.418,bb-bb
9WSW,active,190,ASN,N,186,ALA,O,2.905,bb-bb
9WSW,active,189,VAL,N,187,LYS,O,3.471,bb-bb
9WSW,active,190,ASN,N,187,LYS,O,3.298,bb-bb
9WSW,active,191,VAL,N,187,LYS,O,2.925,bb-bb
9WSW,active,190,ASN,N,188,ILE,O,3.452,bb-bb
9WSW,active,191,VAL,N,188,ILE,O,3.301,bb-bb
9WSW,active,192,CYS,N,188,ILE,O,2.901,bb-bb
9WSW,active,192,CYS,N,189,VAL,O,3.345,bb-bb
9WSW,active,193,ASN,N,189,VAL,O,2.895,bb-bb
9WSW,active,192,CYS,N,190,ASN,O,3.398,bb-bb
9WSW,active,193,ASN,N,190,ASN,O,3.222,bb-bb
9WSW,active,194,TRP,N,190,ASN,O,2.922,bb-bb
9WSW,active,193,ASN,N,191,VAL,O,3.43,bb-bb
9WSW,active,194,TRP,N,191,VAL,O,3.243,bb-bb
9WSW,active,195,ILE,N,191,VAL,O,2.921,bb-bb
9WSW,active,195,ILE,N,192,CYS,O,3.343,bb-bb
9WSW,active,196,LEU,N,192,CYS,O,2.88,bb-bb
9WSW,active,195,ILE,N,193,ASN,O,3.416,bb-bb
9WSW,active,196,LEU,N,193,ASN,O,3.296,bb-bb
9WSW,active,197,SER,N,193,ASN,O,2.922,bb-bb
9WSW,active,197,SER,OG,193,ASN,O,3.262,bb-sc
9WSW,active,197,SER,N,194,TRP,O,3.421,bb-bb
9WSW,active,198,SER,N,194,TRP,O,2.864,bb-bb
9WSW,active,198,SER,OG,194,TRP,O,2.826,bb-sc
9WSW,active,197,SER,N,195,ILE,O,3.321,bb-bb
9WSW,active,198,SER,N,195,ILE,O,2.98,bb-bb
9WSW,active,199,ALA,N,195,ILE,O,2.974,bb-bb
9WSW,active,199,ALA,N,196,LEU,O,3.295,bb-bb
9WSW,active,199,ALA,N,197,SER,O,3.331,bb-bb
9WSW,active,200,ILE,N,197,SER,O,3.165,bb-bb
9WSW,active,201,GLY,N,197,SER,O,2.894,bb-bb
9WSW,active,200,ILE,N,198,SER,O,2.986,bb-bb
9WSW,active,201,GLY,N,198,SER,O,3.072,bb-bb
9WSW,active,202,LEU,N,198,SER,O,2.904,bb-bb
9WSW,active,205,MET,N,201,GLY,O,2.951,bb-bb
9WSW,active,204,VAL,N,202,LEU,O,3.311,bb-bb
9WSW,active,205,MET,N,202,LEU,O,3.031,bb-bb
9WSW,active,206,PHE,N,202,LEU,O,2.928,bb-bb
9WSW,active,207,MET,N,203,PRO,O,2.893,bb-bb
9WSW,active,207,MET,N,204,VAL,O,3.446,bb-bb
9WSW,active,208,ALA,N,204,VAL,O,2.843,bb-bb
9WSW,active,222,THR,N,207,MET,O,3.244,bb-bb
9WSW,active,209,THR,N,220,THR,O,2.981,bb-bb
9WSW,active,220,THR,N,209,THR,O,3.179,bb-bb
9WSW,active,211,LYS,N,218,ASP,O,3.415,bb-bb
9WSW,active,215,GLY,N,213,ARG,O,3.363,bb-bb
9WSW,active,213,ARG,N,216,SER,O,3.114,bb-bb
9WSW,active,213,ARG,NE,218,ASP,OD2,2.97,sc-sc
9WSW,active,225,HIS,N,223,PHE,O,3.493,bb-bb
9WSW,active,226,PRO,N,224,SER,O,3.442,bb-bb
9WSW,active,230,TRP,N,227,THR,O,3.368,bb-bb
9WSW,active,231,GLU,N,227,THR,O,2.901,bb-bb
9WSW,active,230,TRP,N,228,TRP,O,3.446,bb-bb
9WSW,active,231,GLU,N,228,TRP,O,3.377,bb-bb
9WSW,active,232,ASN,N,228,TRP,O,2.944,bb-bb
9WSW,active,231,GLU,N,229,TYR,O,3.489,bb-bb
9WSW,active,232,ASN,N,229,TYR,O,3.426,bb-bb
9WSW,active,233,LEU,N,229,TYR,O,2.898,bb-bb
9WSW,active,232,ASN,N,230,TRP,O,3.481,bb-bb
9WSW,active,233,LEU,N,230,TRP,O,3.27,bb-bb
9WSW,active,234,LEU,N,230,TRP,O,2.917,bb-bb
9WSW,active,233,LEU,N,231,GLU,O,3.417,bb-bb
9WSW,active,234,LEU,N,231,GLU,O,3.37,bb-bb
9WSW,active,235,LYS,N,231,GLU,O,2.955,bb-bb
9WSW,active,234,LEU,N,232,ASN,O,3.466,bb-bb
9WSW,active,235,LYS,N,232,ASN,O,3.412,bb-bb
9WSW,active,236,ILE,N,232,ASN,O,2.87,bb-bb
9WSW,active,236,ILE,N,233,LEU,O,3.459,bb-bb
9WSW,active,237,CYS,N,233,LEU,O,2.902,bb-bb
9WSW,active,236,ILE,N,234,LEU,O,3.459,bb-bb
9WSW,active,237,CYS,N,234,LEU,O,3.337,bb-bb
9WSW,active,238,VAL,N,234,LEU,O,2.943,bb-bb
9WSW,active,237,CYS,N,235,LYS,O,3.49,bb-bb
9WSW,active,238,VAL,N,235,LYS,O,3.396,bb-bb
9WSW,active,239,PHE,N,235,LYS,O,2.894,bb-bb
9WSW,active,238,VAL,N,236,ILE,O,3.477,bb-bb
9WSW,active,239,PHE,N,236,ILE,O,3.336,bb-bb
9WSW,active,240,ILE,N,236,ILE,O,2.883,bb-bb
9WSW,active,239,PHE,N,237,CYS,O,3.462,bb-bb
9WSW,active,240,ILE,N,237,CYS,O,3.382,bb-bb
9WSW,active,241,PHE,N,237,CYS,O,2.914,bb-bb
9WSW,active,240,ILE,N,238,VAL,O,3.439,bb-bb
9WSW,active,242,ALA,N,238,VAL,O,2.89,bb-bb
9WSW,active,243,PHE,N,239,PHE,O,3.045,bb-bb
9WSW,active,244,ILE,N,239,PHE,O,3.214,bb-bb
9WSW,active,242,ALA,N,240,ILE,O,3.433,bb-bb
9WSW,active,244,ILE,N,240,ILE,O,3.429,bb-bb
9WSW,active,245,MET,N,240,ILE,O,2.954,bb-bb
9WSW,active,247,VAL,N,243,PHE,O,3.148,bb-bb
9WSW,active,247,VAL,N,244,ILE,O,3.364,bb-bb
9WSW,active,248,LEU,N,244,ILE,O,2.933,bb-bb
9WSW,active,247,VAL,N,245,MET,O,3.382,bb-bb
9WSW,active,248,LEU,N,245,MET,O,3.373,bb-bb
9WSW,active,249,ILE,N,245,MET,O,2.923,bb-bb
9WSW,active,249,ILE,N,246,PRO,O,3.348,bb-bb
9WSW,active,250,ILE,N,246,PRO,O,2.917,bb-bb
9WSW,active,249,ILE,N,247,VAL,O,3.399,bb-bb
9WSW,active,250,ILE,N,247,VAL,O,3.474,bb-bb
9WSW,active,251,THR,N,247,VAL,O,2.909,bb-bb
9WSW,active,251,THR,OG1,247,VAL,O,2.459,bb-sc
9WSW,active,250,ILE,N,248,LEU,O,3.497,bb-bb
9WSW,active,251,THR,N,248,LEU,O,3.446,bb-bb
9WSW,active,251,THR,OG1,248,LEU,O,2.787,bb-sc
9WSW,active,252,VAL,N,248,LEU,O,2.949,bb-bb
9WSW,active,251,THR,N,249,ILE,O,3.444,bb-bb
9WSW,active,252,VAL,N,249,ILE,O,3.446,bb-bb
9WSW,active,253,CYS,N,249,ILE,O,2.926,bb-bb
9WSW,active,253,CYS,N,250,ILE,O,3.484,bb-bb
9WSW,active,254,TYR,N,250,ILE,O,2.892,bb-bb
9WSW,active,253,CYS,N,251,THR,O,3.486,bb-bb
9WSW,active,255,GLY,N,251,THR,O,2.893,bb-bb
9WSW,active,254,TYR,N,252,VAL,O,3.43,bb-bb
9WSW,active,255,GLY,N,252,VAL,O,3.364,bb-bb
9WSW,active,256,LEU,N,252,VAL,O,2.971,bb-bb
9WSW,active,256,LEU,N,253,CYS,O,3.465,bb-bb
9WSW,active,257,MET,N,253,CYS,O,2.889,bb-bb
9WSW,active,257,MET,N,254,TYR,O,3.351,bb-bb
9WSW,active,258,ILE,N,254,TYR,O,2.882,bb-bb
9WSW,active,257,MET,N,255,GLY,O,3.433,bb-bb
9WSW,active,258,ILE,N,255,GLY,O,3.348,bb-bb
9WSW,active,259,LEU,N,255,GLY,O,2.939,bb-bb
9WSW,active,258,ILE,N,256,LEU,O,3.47,bb-bb
9WSW,active,259,LEU,N,256,LEU,O,3.312,bb-bb
9WSW,active,260,ARG,N,256,LEU,O,2.924,bb-bb
9WSW,active,260,ARG,N,257,MET,O,3.332,bb-bb
9WSW,active,261,LEU,N,257,MET,O,2.86,bb-bb
9WSW,active,260,ARG,N,258,ILE,O,3.266,bb-bb
9WSW,active,261,LEU,N,258,ILE,O,3.156,bb-bb
9WSW,active,262,LYS,N,258,ILE,O,2.968,bb-bb
9WSW,active,262,LYS,N,260,ARG,O,3.208,bb-bb
9WSW,active,263,SER,N,260,ARG,O,3.022,bb-bb
9WSW,active,263,SER,N,261,LEU,O,3.164,bb-bb
9WSW,active,264,VAL,N,261,LEU,O,3.34,bb-bb
9WSW,active,266,MET,N,264,VAL,O,3.313,bb-bb
9WSW,active,267,LEU,N,264,VAL,O,3.041,bb-bb
9WSW,active,268,SER,N,264,VAL,O,2.947,bb-bb
9WSW,active,267,LEU,N,265,ARG,O,3.43,bb-bb
9WSW,active,273,LYS,NZ,266,MET,SD,3.357,sc-sc
9WSW,active,269,GLY,N,267,LEU,O,3.018,bb-bb
9WSW,active,274,ASP,N,267,LEU,O,3.414,bb-bb
9WSW,active,272,GLU,N,270,SER,O,3.405,bb-bb
9WSW,active,273,LYS,N,270,SER,O,3.196,bb-bb
9WSW,active,274,ASP,N,270,SER,O,2.913,bb-bb
9WSW,active,273,LYS,N,271,LYS,O,3.479,bb-bb
9WSW,active,274,ASP,N,271,LYS,O,3.371,bb-bb
9WSW,active,275,ARG,N,271,LYS,O,2.888,bb-bb
9WSW,active,275,ARG,N,272,GLU,O,3.214,bb-bb
9WSW,active,275,ARG,NH2,272,GLU,OE2,2.435,sc-sc
9WSW,active,276,ASN,N,272,GLU,O,2.904,bb-bb
9WSW,active,276,ASN,ND2,272,GLU,O,3.096,bb-sc
9WSW,active,275,ARG,N,273,LYS,O,3.45,bb-bb
9WSW,active,276,ASN,N,273,LYS,O,3.188,bb-bb
9WSW,active,277,LEU,N,273,LYS,O,2.93,bb-bb
9WSW,active,276,ASN,N,274,ASP,O,3.476,bb-bb
9WSW,active,277,LEU,N,274,ASP,O,3.297,bb-bb
9WSW,active,278,ARG,N,274,ASP,O,2.913,bb-bb
9WSW,active,277,LEU,N,275,ARG,O,3.486,bb-bb
9WSW,active,278,ARG,N,275,ARG,O,3.373,bb-bb
9WSW,active,279,ARG,N,275,ARG,O,2.881,bb-bb
9WSW,active,279,ARG,N,276,ASN,O,3.249,bb-bb
9WSW,active,280,ILE,N,276,ASN,O,2.944,bb-bb
9WSW,active,279,ARG,N,277,LEU,O,3.393,bb-bb
9WSW,active,280,ILE,N,277,LEU,O,3.297,bb-bb
9WSW,active,281,THR,N,277,LEU,O,2.953,bb-bb
9WSW,active,281,THR,OG1,277,LEU,O,2.964,bb-sc
9WSW,active,281,THR,N,278,ARG,O,3.428,bb-bb
9WSW,active,282,ARG,N,278,ARG,O,2.847,bb-bb
9WSW,active,281,THR,N,279,ARG,O,3.462,bb-bb
9WSW,active,282,ARG,N,279,ARG,O,3.084,bb-bb
9WSW,active,283,MET,N,279,ARG,O,2.968,bb-bb
9WSW,active,279,ARG,NH1,343,GLU,OE2,2.275,sc-sc
9WSW,active,282,ARG,N,280,ILE,O,3.282,bb-bb
9WSW,active,283,MET,N,280,ILE,O,3.238,bb-bb
9WSW,active,284,VAL,N,280,ILE,O,2.983,bb-bb
9WSW,active,284,VAL,N,281,THR,O,3.347,bb-bb
9WSW,active,285,LEU,N,281,THR,O,2.905,bb-bb
9WSW,active,284,VAL,N,282,ARG,O,3.437,bb-bb
9WSW,active,285,LEU,N,282,ARG,O,3.472,bb-bb
9WSW,active,286,VAL,N,282,ARG,O,2.882,bb-bb
9WSW,active,285,LEU,N,283,MET,O,3.451,bb-bb
9WSW,active,286,VAL,N,283,MET,O,3.365,bb-bb
9WSW,active,287,VAL,N,283,MET,O,2.927,bb-bb
9WSW,active,286,VAL,N,284,VAL,O,3.417,bb-bb
9WSW,active,287,VAL,N,284,VAL,O,3.298,bb-bb
9WSW,active,288,VAL,N,284,VAL,O,3.048,bb-bb
9WSW,active,287,VAL,N,285,LEU,O,3.465,bb-bb
9WSW,active,288,VAL,N,285,LEU,O,3.382,bb-bb
9WSW,active,289,ALA,N,285,LEU,O,2.881,bb-bb
9WSW,active,289,ALA,N,286,VAL,O,3.416,bb-bb
9WSW,active,290,VAL,N,286,VAL,O,2.852,bb-bb
9WSW,active,289,ALA,N,287,VAL,O,3.4,bb-bb
9WSW,active,290,VAL,N,287,VAL,O,3.3,bb-bb
9WSW,active,291,PHE,N,287,VAL,O,3.012,bb-bb
9WSW,active,290,VAL,N,288,VAL,O,3.448,bb-bb
9WSW,active,291,PHE,N,288,VAL,O,3.323,bb-bb
9WSW,active,292,ILE,N,288,VAL,O,2.975,bb-bb
9WSW,active,291,PHE,N,289,ALA,O,3.486,bb-bb
9WSW,active,292,ILE,N,289,ALA,O,3.352,bb-bb
9WSW,active,293,VAL,N,289,ALA,O,2.866,bb-bb
9WSW,active,292,ILE,N,290,VAL,O,3.4,bb-bb
9WSW,active,293,VAL,N,290,VAL,O,3.464,bb-bb
9WSW,active,294,CYS,N,290,VAL,O,2.902,bb-bb
9WSW,active,294,CYS,N,291,PHE,O,3.287,bb-bb
9WSW,active,295,TRP,N,291,PHE,O,2.983,bb-bb
9WSW,active,294,CYS,N,292,ILE,O,3.289,bb-bb
9WSW,active,295,TRP,N,292,ILE,O,3.372,bb-bb
9WSW,active,296,THR,N,292,ILE,O,2.893,bb-bb
9WSW,active,296,THR,OG1,292,ILE,O,2.721,bb-sc
9WSW,active,299,HIS,ND1,295,TRP,O,2.938,bb-sc
9WSW,active,295,TRP,NE1,330,ASN,OD1,2.459,sc-sc
9WSW,active,298,ILE,N,296,THR,O,3.296,bb-bb
9WSW,active,299,HIS,N,296,THR,O,3.375,bb-bb
9WSW,active,300,ILE,N,296,THR,O,2.949,bb-bb
9WSW,active,300,ILE,N,297,PRO,O,3.413,bb-bb
9WSW,active,301,TYR,N,297,PRO,O,2.881,bb-bb
9WSW,active,301,TYR,N,298,ILE,O,3.279,bb-bb
9WSW,active,302,VAL,N,298,ILE,O,2.912,bb-bb
9WSW,active,301,TYR,N,299,HIS,O,3.347,bb-bb
9WSW,active,302,VAL,N,299,HIS,O,3.388,bb-bb
9WSW,active,303,ILE,N,299,HIS,O,2.96,bb-bb
9WSW,active,303,ILE,N,300,ILE,O,3.341,bb-bb
9WSW,active,304,ILE,N,300,ILE,O,2.9,bb-bb
9WSW,active,303,ILE,N,301,TYR,O,3.455,bb-bb
9WSW,active,304,ILE,N,301,TYR,O,3.263,bb-bb
9WSW,active,305,LYS,N,301,TYR,O,2.904,bb-bb
9WSW,active,301,TYR,OH,319,SER,OG,3.34,sc-sc
9WSW,active,319,SER,OG,301,TYR,OH,3.34,sc-sc
9WSW,active,306,ALA,N,302,VAL,O,3.1,bb-bb
9WSW,active,305,LYS,N,303,ILE,O,3.408,bb-bb
9WSW,active,306,ALA,N,303,ILE,O,3.145,bb-bb
9WSW,active,307,LEU,N,303,ILE,O,3.145,bb-bb
9WSW,active,306,ALA,N,304,ILE,O,3.337,bb-bb
9WSW,active,307,LEU,N,304,ILE,O,3.269,bb-bb
9WSW,active,308,ILE,N,304,ILE,O,3.018,bb-bb
9WSW,active,307,LEU,N,305,LYS,O,3.461,bb-bb
9WSW,active,305,LYS,NZ,316,GLN,NE2,2.997,sc-sc
9WSW,active,310,ILE,N,308,ILE,O,3.451,bb-bb
9WSW,active,312,GLU,N,310,ILE,O,3.448,bb-bb
9WSW,active,313,THR,N,311,PRO,O,3.36,bb-bb
9WSW,active,317,THR,N,313,THR,O,3.008,bb-bb
9WSW,active,317,THR,OG1,313,THR,O,2.806,bb-sc
9WSW,active,316,GLN,N,314,THR,O,3.469,bb-bb
9WSW,active,317,THR,N,314,THR,O,3.31,bb-bb
9WSW,active,318,VAL,N,314,THR,O,2.92,bb-bb
9WSW,active,317,THR,N,315,PHE,O,3.438,bb-bb
9WSW,active,318,VAL,N,315,PHE,O,3.41,bb-bb
9WSW,active,319,SER,N,315,PHE,O,2.926,bb-bb
9WSW,active,319,SER,OG,315,PHE,O,3.123,bb-sc
9WSW,active,319,SER,N,316,GLN,O,3.418,bb-bb
9WSW,active,319,SER,OG,316,GLN,O,2.743,bb-sc
9WSW,active,320,TRP,N,316,GLN,O,2.915,bb-bb
9WSW,active,319,SER,N,317,THR,O,3.439,bb-bb
9WSW,active,320,TRP,N,317,THR,O,3.299,bb-bb
9WSW,active,321,HIS,N,317,THR,O,2.951,bb-bb
9WSW,active,321,HIS,N,318,VAL,O,3.434,bb-bb
9WSW,active,322,PHE,N,318,VAL,O,2.865,bb-bb
9WSW,active,321,HIS,N,319,SER,O,3.46,bb-bb
9WSW,active,322,PHE,N,319,SER,O,3.324,bb-bb
9WSW,active,323,CYS,N,319,SER,O,2.918,bb-bb
9WSW,active,322,PHE,N,320,TRP,O,3.447,bb-bb
9WSW,active,323,CYS,N,320,TRP,O,3.236,bb-bb
9WSW,active,324,ILE,N,320,TRP,O,2.998,bb-bb
9WSW,active,324,ILE,N,321,HIS,O,3.364,bb-bb
9WSW,active,325,ALA,N,321,HIS,O,2.892,bb-bb
9WSW,active,325,ALA,N,322,PHE,O,3.283,bb-bb
9WSW,active,326,LEU,N,322,PHE,O,2.847,bb-bb
9WSW,active,325,ALA,N,323,CYS,O,3.454,bb-bb
9WSW,active,326,LEU,N,323,CYS,O,3.247,bb-bb
9WSW,active,327,GLY,N,323,CYS,O,2.957,bb-bb
9WSW,active,326,LEU,N,324,ILE,O,3.329,bb-bb
9WSW,active,327,GLY,N,324,ILE,O,3.16,bb-bb
9WSW,active,328,TYR,N,324,ILE,O,3.02,bb-bb
9WSW,active,328,TYR,N,325,ALA,O,3.27,bb-bb
9WSW,active,329,THR,N,325,ALA,O,2.796,bb-bb
9WSW,active,329,THR,OG1,325,ALA,O,3.305,bb-sc
9WSW,active,328,TYR,N,326,LEU,O,3.29,bb-bb
9WSW,active,329,THR,N,326,LEU,O,3.129,bb-bb
9WSW,active,329,THR,OG1,326,LEU,O,2.565,bb-sc
9WSW,active,330,ASN,N,326,LEU,O,3.018,bb-bb
9WSW,active,330,ASN,N,327,GLY,O,3.439,bb-bb
9WSW,active,330,ASN,N,328,TYR,O,3.229,bb-bb
9WSW,active,331,SER,N,328,TYR,O,3.044,bb-bb
9WSW,active,332,CYS,N,328,TYR,O,2.976,bb-bb
9WSW,active,332,CYS,N,329,THR,O,3.241,bb-bb
9WSW,active,333,LEU,N,329,THR,O,2.822,bb-bb
9WSW,active,332,CYS,N,330,ASN,O,3.401,bb-bb
9WSW,active,333,LEU,N,330,ASN,O,3.23,bb-bb
9WSW,active,334,ASN,N,330,ASN,O,2.979,bb-bb
9WSW,active,335,PRO,N,333,LEU,O,3.294,bb-bb
9WSW,active,336,VAL,N,333,LEU,O,2.929,bb-bb
9WSW,active,337,LEU,N,333,LEU,O,3.046,bb-bb
9WSW,active,336,VAL,N,334,ASN,O,3.318,bb-bb
9WSW,active,337,LEU,N,334,ASN,O,3.26,bb-bb
9WSW,active,338,TYR,N,334,ASN,O,2.921,bb-bb
9WSW,active,339,ALA,N,335,PRO,O,2.981,bb-bb
9WSW,active,340,PHE,N,335,PRO,O,3.18,bb-bb
9WSW,active,341,LEU,N,336,VAL,O,3.28,bb-bb
9WSW,active,341,LEU,N,339,ALA,O,3.487,bb-bb
9WSW,active,342,ASP,N,339,ALA,O,3.176,bb-bb
9WSW,active,346,LYS,NZ,340,PHE,O,2.907,bb-sc
9WSW,active,343,GLU,N,341,LEU,O,3.453,bb-bb
9WSW,active,344,ASN,N,342,ASP,O,3.155,bb-bb
9WSW,active,344,ASN,N,342,ASP,OD1,3.123,bb-sc
9WSW,active,344,ASN,ND2,342,ASP,OD1,3.386,sc-sc
9WSW,active,345,PHE,N,342,ASP,O,2.969,bb-bb
9WSW,active,346,LYS,N,342,ASP,O,3.297,bb-bb
9WSW,active,345,PHE,N,343,GLU,O,3.479,bb-bb
9WSW,active,346,LYS,N,343,GLU,O,3.347,bb-bb
9WSW,active,347,ARG,NH1,343,GLU,O,3.233,bb-sc
9WSW,active,347,ARG,N,344,ASN,O,3.488,bb-bb
9WSW,active,347,ARG,NH1,344,ASN,OD1,3.456,sc-sc
9WSW,active,347,ARG,N,345,PHE,O,3.228,bb-bb
9WSW,active,348,CYS,N,345,PHE,O,2.891,bb-bb
9WSW,active,348,CYS,N,346,LYS,O,3.361,bb-bb
9WSW,active,349,PHE,N,347,ARG,O,3.321,bb-bb
9bjk,inactive,71,ILE,N,67,MET,O,3.244,bb-bb
9bjk,inactive,70,ALA,N,68,VAL,O,3.336,bb-bb
9bjk,inactive,72,THR,N,68,VAL,O,2.925,bb-bb
9bjk,inactive,72,THR,OG1,68,VAL,O,2.462,bb-sc
9bjk,inactive,72,THR,N,69,THR,O,3.404,bb-bb
9bjk,inactive,73,ILE,N,69,THR,O,2.934,bb-bb
9bjk,inactive,72,THR,N,70,ALA,O,3.172,bb-bb
9bjk,inactive,73,ILE,N,70,ALA,O,2.884,bb-bb
9bjk,inactive,74,MET,N,70,ALA,O,2.976,bb-bb
9bjk,inactive,74,MET,N,71,ILE,O,3.484,bb-bb
9bjk,inactive,75,ALA,N,71,ILE,O,2.832,bb-bb
9bjk,inactive,75,ALA,N,72,THR,O,3.139,bb-bb
9bjk,inactive,76,LEU,N,72,THR,O,2.988,bb-bb
9bjk,inactive,75,ALA,N,73,ILE,O,3.417,bb-bb
9bjk,inactive,76,LEU,N,73,ILE,O,3.139,bb-bb
9bjk,inactive,77,TYR,N,73,ILE,O,2.983,bb-bb
9bjk,inactive,77,TYR,N,74,MET,O,3.352,bb-bb
9bjk,inactive,78,SER,N,74,MET,O,2.948,bb-bb
9bjk,inactive,78,SER,N,75,ALA,O,3.383,bb-bb
9bjk,inactive,79,ILE,N,75,ALA,O,2.893,bb-bb
9bjk,inactive,79,ILE,N,76,LEU,O,3.48,bb-bb
9bjk,inactive,80,VAL,N,76,LEU,O,2.956,bb-bb
9bjk,inactive,79,ILE,N,77,TYR,O,3.469,bb-bb
9bjk,inactive,80,VAL,N,77,TYR,O,3.487,bb-bb
9bjk,inactive,81,CYS,N,77,TYR,O,2.964,bb-bb
9bjk,inactive,82,VAL,N,78,SER,O,2.969,bb-bb
9bjk,inactive,83,VAL,N,79,ILE,O,2.983,bb-bb
9bjk,inactive,84,GLY,N,80,VAL,O,2.954,bb-bb
9bjk,inactive,85,LEU,N,81,CYS,O,2.978,bb-bb
9bjk,inactive,85,LEU,N,82,VAL,O,3.499,bb-bb
9bjk,inactive,86,PHE,N,82,VAL,O,2.949,bb-bb
9bjk,inactive,87,GLY,N,83,VAL,O,2.945,bb-bb
9bjk,inactive,88,ASN,N,84,GLY,O,2.997,bb-bb
9bjk,inactive,88,ASN,ND2,84,GLY,O,2.299,bb-sc
9bjk,inactive,89,PHE,N,85,LEU,O,2.934,bb-bb
9bjk,inactive,89,PHE,N,86,PHE,O,3.463,bb-bb
9bjk,inactive,90,LEU,N,86,PHE,O,2.962,bb-bb
9bjk,inactive,90,LEU,N,87,GLY,O,3.37,bb-bb
9bjk,inactive,91,VAL,N,87,GLY,O,2.961,bb-bb
9bjk,inactive,91,VAL,N,88,ASN,O,3.287,bb-bb
9bjk,inactive,92,MET,N,88,ASN,O,3.008,bb-bb
9bjk,inactive,91,VAL,N,89,PHE,O,3.465,bb-bb
9bjk,inactive,92,MET,N,89,PHE,O,3.415,bb-bb
9bjk,inactive,93,TYR,N,89,PHE,O,2.927,bb-bb
9bjk,inactive,93,TYR,N,90,LEU,O,3.383,bb-bb
9bjk,inactive,94,VAL,N,90,LEU,O,2.931,bb-bb
9bjk,inactive,93,TYR,N,91,VAL,O,3.493,bb-bb
9bjk,inactive,94,VAL,N,91,VAL,O,3.472,bb-bb
9bjk,inactive,95,ILE,N,91,VAL,O,2.97,bb-bb
9bjk,inactive,95,ILE,N,92,MET,O,3.389,bb-bb
9bjk,inactive,96,VAL,N,92,MET,O,2.962,bb-bb
9bjk,inactive,95,ILE,N,93,TYR,O,3.472,bb-bb
9bjk,inactive,97,ARG,N,93,TYR,O,2.944,bb-bb
9bjk,inactive,98,TYR,N,96,VAL,O,3.394,bb-bb
9bjk,inactive,101,MET,N,99,THR,O,3.306,bb-bb
9bjk,inactive,102,LYS,N,99,THR,O,3.435,bb-bb
9bjk,inactive,103,THR,N,101,MET,O,3.025,bb-bb
9bjk,inactive,103,THR,OG1,101,MET,O,3.473,bb-sc
9bjk,inactive,105,THR,N,103,THR,O,3.272,bb-bb
9bjk,inactive,103,THR,OG1,106,ASN,OD1,3.022,sc-sc
9bjk,inactive,106,ASN,N,103,THR,O,3.302,bb-bb
9bjk,inactive,110,PHE,N,106,ASN,O,3.245,bb-bb
9bjk,inactive,109,ILE,N,107,ILE,O,3.48,bb-bb
9bjk,inactive,110,PHE,N,107,ILE,O,3.247,bb-bb
9bjk,inactive,111,ASN,N,107,ILE,O,2.994,bb-bb
9bjk,inactive,190,ASN,ND2,107,ILE,O,3.361,bb-sc
9bjk,inactive,110,PHE,N,108,TYR,O,3.442,bb-bb
9bjk,inactive,111,ASN,N,108,TYR,O,3.265,bb-bb
9bjk,inactive,112,LEU,N,108,TYR,O,2.92,bb-bb
9bjk,inactive,112,LEU,N,109,ILE,O,3.243,bb-bb
9bjk,inactive,113,ALA,N,109,ILE,O,2.911,bb-bb
9bjk,inactive,112,LEU,N,110,PHE,O,3.454,bb-bb
9bjk,inactive,113,ALA,N,110,PHE,O,3.422,bb-bb
9bjk,inactive,114,LEU,N,110,PHE,O,2.902,bb-bb
9bjk,inactive,114,LEU,N,111,ASN,O,3.168,bb-bb
9bjk,inactive,115,ALA,N,111,ASN,O,2.99,bb-bb
9bjk,inactive,159,THR,OG1,111,ASN,OD1,3.439,sc-sc
9bjk,inactive,114,LEU,N,112,LEU,O,3.331,bb-bb
9bjk,inactive,115,ALA,N,112,LEU,O,3.324,bb-bb
9bjk,inactive,116,ASP,N,112,LEU,O,2.98,bb-bb
9bjk,inactive,116,ASP,N,114,LEU,O,3.437,bb-bb
9bjk,inactive,117,ALA,N,114,LEU,O,3.355,bb-bb
9bjk,inactive,118,LEU,N,114,LEU,O,2.965,bb-bb
9bjk,inactive,118,LEU,N,115,ALA,O,3.27,bb-bb
9bjk,inactive,119,ALA,N,115,ALA,O,2.946,bb-bb
9bjk,inactive,118,LEU,N,116,ASP,O,3.491,bb-bb
9bjk,inactive,119,ALA,N,116,ASP,O,3.307,bb-bb
9bjk,inactive,120,THR,N,116,ASP,O,2.929,bb-bb
9bjk,inactive,120,THR,OG1,116,ASP,O,2.756,bb-sc
9bjk,inactive,331,SER,OG,116,ASP,O,2.903,bb-sc
9bjk,inactive,334,ASN,ND2,116,ASP,OD2,3.341,sc-sc
9bjk,inactive,119,ALA,N,117,ALA,O,3.483,bb-bb
9bjk,inactive,120,THR,N,117,ALA,O,3.291,bb-bb
9bjk,inactive,121,SER,N,117,ALA,O,2.96,bb-bb
9bjk,inactive,121,SER,OG,118,LEU,O,3.095,bb-sc
9bjk,inactive,121,SER,N,119,ALA,O,3.286,bb-bb
9bjk,inactive,122,THR,N,119,ALA,O,3.348,bb-bb
9bjk,inactive,122,THR,OG1,119,ALA,O,3.102,bb-sc
9bjk,inactive,122,THR,N,120,THR,O,3.218,bb-bb
9bjk,inactive,123,LEU,N,120,THR,O,3.282,bb-bb
9bjk,inactive,120,THR,OG1,331,SER,OG,2.991,sc-sc
9bjk,inactive,331,SER,OG,120,THR,OG1,2.991,sc-sc
9bjk,inactive,125,PHE,N,122,THR,O,3.316,bb-bb
9bjk,inactive,126,GLN,N,122,THR,O,3.426,bb-bb
9bjk,inactive,125,PHE,N,123,LEU,O,3.308,bb-bb
9bjk,inactive,126,GLN,N,123,LEU,O,3.247,bb-bb
9bjk,inactive,127,SER,N,123,LEU,O,2.91,bb-bb
9bjk,inactive,127,SER,N,124,PRO,O,3.144,bb-bb
9bjk,inactive,128,VAL,N,124,PRO,O,2.915,bb-bb
9bjk,inactive,127,SER,N,125,PHE,O,3.405,bb-bb
9bjk,inactive,128,VAL,N,125,PHE,O,3.283,bb-bb
9bjk,inactive,129,ASN,N,125,PHE,O,2.905,bb-bb
9bjk,inactive,128,VAL,N,126,GLN,O,3.493,bb-bb
9bjk,inactive,129,ASN,N,126,GLN,O,3.258,bb-bb
9bjk,inactive,130,TYR,N,126,GLN,O,2.92,bb-bb
9bjk,inactive,126,GLN,NE2,328,TYR,OH,3.375,sc-sc
9bjk,inactive,328,TYR,OH,126,GLN,NE2,3.375,sc-sc
9bjk,inactive,130,TYR,N,128,VAL,O,3.382,bb-bb
9bjk,inactive,133,GLY,N,129,ASN,O,3.187,bb-bb
9bjk,inactive,135,TRP,N,129,ASN,OD1,3.35,bb-sc
9bjk,inactive,133,GLY,N,131,LEU,O,3.397,bb-bb
9bjk,inactive,134,THR,N,132,MET,O,3.464,bb-bb
9bjk,inactive,136,PRO,N,134,THR,O,3.277,bb-bb
9bjk,inactive,135,TRP,NE1,138,GLY,O,3.09,bb-sc
9bjk,inactive,135,TRP,N,217,ILE,O,3.239,bb-bb
9bjk,inactive,141,LEU,N,139,ASN,O,3.495,bb-bb
9bjk,inactive,142,CYS,N,139,ASN,O,3.302,bb-bb
9bjk,inactive,143,LYS,N,139,ASN,O,2.984,bb-bb
9bjk,inactive,142,CYS,N,140,ILE,O,3.423,bb-bb
9bjk,inactive,143,LYS,N,140,ILE,O,3.242,bb-bb
9bjk,inactive,144,ILE,N,140,ILE,O,2.924,bb-bb
9bjk,inactive,144,ILE,N,141,LEU,O,3.272,bb-bb
9bjk,inactive,145,VAL,N,141,LEU,O,2.915,bb-bb
9bjk,inactive,144,ILE,N,142,CYS,O,3.44,bb-bb
9bjk,inactive,145,VAL,N,142,CYS,O,3.347,bb-bb
9bjk,inactive,146,ILE,N,142,CYS,O,3.046,bb-bb
9bjk,inactive,145,VAL,N,143,LYS,O,3.481,bb-bb
9bjk,inactive,146,ILE,N,143,LYS,O,3.447,bb-bb
9bjk,inactive,147,SER,N,143,LYS,O,2.995,bb-bb
9bjk,inactive,143,LYS,NZ,205,MET,O,2.451,bb-sc
9bjk,inactive,147,SER,N,144,ILE,O,3.383,bb-bb
9bjk,inactive,148,ILE,N,144,ILE,O,2.891,bb-bb
9bjk,inactive,147,SER,N,145,VAL,O,3.387,bb-bb
9bjk,inactive,148,ILE,N,145,VAL,O,3.16,bb-bb
9bjk,inactive,149,ASP,N,145,VAL,O,3.093,bb-bb
9bjk,inactive,149,ASP,N,147,SER,O,3.325,bb-bb
9bjk,inactive,150,TYR,N,147,SER,O,3.192,bb-bb
9bjk,inactive,151,TYR,N,147,SER,O,3.041,bb-bb
9bjk,inactive,150,TYR,N,148,ILE,O,3.492,bb-bb
9bjk,inactive,152,ASN,N,148,ILE,O,2.908,bb-bb
9bjk,inactive,152,ASN,N,149,ASP,O,3.3,bb-bb
9bjk,inactive,153,MET,N,149,ASP,O,3.043,bb-bb
9bjk,inactive,328,TYR,OH,149,ASP,OD1,3.335,sc-sc
9bjk,inactive,328,TYR,OH,149,ASP,OD2,3.015,sc-sc
9bjk,inactive,152,ASN,N,150,TYR,O,3.488,bb-bb
9bjk,inactive,153,MET,N,150,TYR,O,3.458,bb-bb
9bjk,inactive,154,PHE,N,150,TYR,O,2.988,bb-bb
9bjk,inactive,155,THR,N,151,TYR,O,2.951,bb-bb
9bjk,inactive,155,THR,OG1,151,TYR,O,2.542,bb-sc
9bjk,inactive,156,SER,N,152,ASN,O,2.978,bb-bb
9bjk,inactive,156,SER,OG,152,ASN,O,3.083,bb-sc
9bjk,inactive,156,SER,OG,152,ASN,OD1,3.49,sc-sc
9bjk,inactive,157,ILE,N,153,MET,O,3.077,bb-bb
9bjk,inactive,157,ILE,N,154,PHE,O,3.28,bb-bb
9bjk,inactive,158,PHE,N,154,PHE,O,2.939,bb-bb
9bjk,inactive,157,ILE,N,155,THR,O,3.39,bb-bb
9bjk,inactive,158,PHE,N,155,THR,O,3.286,bb-bb
9bjk,inactive,159,THR,N,155,THR,O,2.948,bb-bb
9bjk,inactive,159,THR,OG1,155,THR,O,3.181,bb-sc
9bjk,inactive,160,LEU,N,158,PHE,O,3.45,bb-bb
9bjk,inactive,161,CYS,N,158,PHE,O,3.274,bb-bb
9bjk,inactive,162,THR,N,158,PHE,O,2.991,bb-bb
9bjk,inactive,162,THR,N,159,THR,O,3.428,bb-bb
9bjk,inactive,163,MET,N,159,THR,O,2.877,bb-bb
9bjk,inactive,163,MET,N,160,LEU,O,3.357,bb-bb
9bjk,inactive,164,SER,N,160,LEU,O,2.941,bb-bb
9bjk,inactive,164,SER,OG,160,LEU,O,3.155,bb-sc
9bjk,inactive,163,MET,N,161,CYS,O,3.434,bb-bb
9bjk,inactive,164,SER,N,161,CYS,O,3.298,bb-bb
9bjk,inactive,165,VAL,N,161,CYS,O,3.018,bb-bb
9bjk,inactive,165,VAL,N,162,THR,O,3.434,bb-bb
9bjk,inactive,166,ASP,N,162,THR,O,2.949,bb-bb
9bjk,inactive,166,ASP,N,163,MET,O,3.291,bb-bb
9bjk,inactive,167,ARG,N,163,MET,O,2.946,bb-bb
9bjk,inactive,166,ASP,N,164,SER,O,3.472,bb-bb
9bjk,inactive,167,ARG,N,164,SER,O,3.247,bb-bb
9bjk,inactive,168,TYR,N,164,SER,O,2.918,bb-bb
9bjk,inactive,168,TYR,N,165,VAL,O,3.309,bb-bb
9bjk,inactive,169,ILE,N,165,VAL,O,2.984,bb-bb
9bjk,inactive,168,TYR,N,166,ASP,O,3.396,bb-bb
9bjk,inactive,169,ILE,N,166,ASP,O,3.206,bb-bb
9bjk,inactive,170,ALA,N,166,ASP,O,2.934,bb-bb
9bjk,inactive,170,ALA,N,167,ARG,O,3.361,bb-bb
9bjk,inactive,171,VAL,N,167,ARG,O,2.946,bb-bb
9bjk,inactive,170,ALA,N,168,TYR,O,3.41,bb-bb
9bjk,inactive,171,VAL,N,168,TYR,O,3.351,bb-bb
9bjk,inactive,172,CYS,N,168,TYR,O,2.99,bb-bb
9bjk,inactive,173,HIS,N,169,ILE,O,3.319,bb-bb
9bjk,inactive,177,ALA,N,173,HIS,O,2.861,bb-bb
9bjk,inactive,177,ALA,N,174,PRO,O,3.393,bb-bb
9bjk,inactive,178,LEU,N,174,PRO,O,2.928,bb-bb
9bjk,inactive,178,LEU,N,176,LYS,O,3.307,bb-bb
9bjk,inactive,179,ASP,N,176,LYS,O,2.862,bb-bb
9bjk,inactive,180,PHE,N,176,LYS,O,3.337,bb-bb
9bjk,inactive,179,ASP,N,177,ALA,O,3.4,bb-bb
9bjk,inactive,184,ARG,N,182,THR,O,3.276,bb-bb
9bjk,inactive,185,ASN,N,182,THR,O,3.165,bb-bb
9bjk,inactive,187,LYS,N,185,ASN,O,3.375,bb-bb
9bjk,inactive,188,ILE,N,185,ASN,O,3.206,bb-bb
9bjk,inactive,189,VAL,N,185,ASN,O,2.968,bb-bb
9bjk,inactive,189,VAL,N,186,ALA,O,3.367,bb-bb
9bjk,inactive,190,ASN,N,186,ALA,O,2.859,bb-bb
9bjk,inactive,190,ASN,N,187,LYS,O,3.293,bb-bb
9bjk,inactive,191,VAL,N,187,LYS,O,2.944,bb-bb
9bjk,inactive,190,ASN,N,188,ILE,O,3.497,bb-bb
9bjk,inactive,191,VAL,N,188,ILE,O,3.438,bb-bb
9bjk,inactive,192,CYS,N,188,ILE,O,2.96,bb-bb
9bjk,inactive,192,CYS,N,189,VAL,O,3.399,bb-bb
9bjk,inactive,193,ASN,N,189,VAL,O,2.895,bb-bb
9bjk,inactive,192,CYS,N,190,ASN,O,3.498,bb-bb
9bjk,inactive,193,ASN,N,190,ASN,O,3.396,bb-bb
9bjk,inactive,194,TRP,N,190,ASN,O,2.911,bb-bb
9bjk,inactive,194,TRP,N,191,VAL,O,3.318,bb-bb
9bjk,inactive,195,ILE,N,191,VAL,O,2.931,bb-bb
9bjk,inactive,194,TRP,N,192,CYS,O,3.464,bb-bb
9bjk,inactive,195,ILE,N,192,CYS,O,3.42,bb-bb
9bjk,inactive,196,LEU,N,192,CYS,O,2.983,bb-bb
9bjk,inactive,195,ILE,N,193,ASN,O,3.475,bb-bb
9bjk,inactive,196,LEU,N,193,ASN,O,3.353,bb-bb
9bjk,inactive,197,SER,N,193,ASN,O,2.974,bb-bb
9bjk,inactive,197,SER,N,194,TRP,O,3.48,bb-bb
9bjk,inactive,198,SER,N,194,TRP,O,2.9,bb-bb
9bjk,inactive,198,SER,OG,194,TRP,O,2.745,bb-sc
9bjk,inactive,197,SER,N,195,ILE,O,3.447,bb-bb
9bjk,inactive,198,SER,N,195,ILE,O,3.176,bb-bb
9bjk,inactive,199,ALA,N,195,ILE,O,3.014,bb-bb
9bjk,inactive,199,ALA,N,197,SER,O,3.315,bb-bb
9bjk,inactive,200,ILE,N,197,SER,O,3.192,bb-bb
9bjk,inactive,201,GLY,N,197,SER,O,2.958,bb-bb
9bjk,inactive,200,ILE,N,198,SER,O,3.265,bb-bb
9bjk,inactive,201,GLY,N,198,SER,O,3.232,bb-bb
9bjk,inactive,202,LEU,N,198,SER,O,2.952,bb-bb
9bjk,inactive,202,LEU,N,200,ILE,O,3.412,bb-bb
9bjk,inactive,204,VAL,N,202,LEU,O,3.233,bb-bb
9bjk,inactive,205,MET,N,202,LEU,O,2.995,bb-bb
9bjk,inactive,206,PHE,N,202,LEU,O,2.965,bb-bb
9bjk,inactive,206,PHE,N,203,PRO,O,3.081,bb-bb
9bjk,inactive,207,MET,N,203,PRO,O,3.354,bb-bb
9bjk,inactive,206,PHE,N,204,VAL,O,3.492,bb-bb
9bjk,inactive,207,MET,N,204,VAL,O,3.479,bb-bb
9bjk,inactive,208,ALA,N,204,VAL,O,3.4,bb-bb
9bjk,inactive,207,MET,N,205,MET,O,3.454,bb-bb
9bjk,inactive,222,THR,N,207,MET,O,3.093,bb-bb
9bjk,inactive,209,THR,N,220,THR,O,2.954,bb-bb
9bjk,inactive,220,THR,N,209,THR,O,2.938,bb-bb
9bjk,inactive,211,LYS,N,218,ASP,O,2.886,bb-bb
9bjk,inactive,224,SER,N,222,THR,O,3.386,bb-bb
9bjk,inactive,228,TRP,N,226,PRO,O,3.047,bb-bb
9bjk,inactive,232,ASN,ND2,228,TRP,O,3.163,bb-sc
9bjk,inactive,231,GLU,N,229,TYR,O,3.336,bb-bb
9bjk,inactive,232,ASN,N,229,TYR,O,3.434,bb-bb
9bjk,inactive,233,LEU,N,229,TYR,O,2.967,bb-bb
9bjk,inactive,233,LEU,N,230,TRP,O,3.314,bb-bb
9bjk,inactive,234,LEU,N,230,TRP,O,2.915,bb-bb
9bjk,inactive,233,LEU,N,231,GLU,O,3.367,bb-bb
9bjk,inactive,234,LEU,N,231,GLU,O,3.285,bb-bb
9bjk,inactive,235,LYS,N,231,GLU,O,3.031,bb-bb
9bjk,inactive,235,LYS,N,232,ASN,O,3.385,bb-bb
9bjk,inactive,236,ILE,N,232,ASN,O,2.948,bb-bb
9bjk,inactive,235,LYS,N,233,LEU,O,3.492,bb-bb
9bjk,inactive,237,CYS,N,233,LEU,O,2.914,bb-bb
9bjk,inactive,237,CYS,N,234,LEU,O,3.418,bb-bb
9bjk,inactive,238,VAL,N,234,LEU,O,2.948,bb-bb
9bjk,inactive,237,CYS,N,235,LYS,O,3.451,bb-bb
9bjk,inactive,238,VAL,N,235,LYS,O,3.452,bb-bb
9bjk,inactive,239,PHE,N,235,LYS,O,3.052,bb-bb
9bjk,inactive,239,PHE,N,236,ILE,O,3.485,bb-bb
9bjk,inactive,240,ILE,N,236,ILE,O,2.927,bb-bb
9bjk,inactive,239,PHE,N,237,CYS,O,3.486,bb-bb
9bjk,inactive,241,PHE,N,237,CYS,O,2.965,bb-bb
9bjk,inactive,242,ALA,N,238,VAL,O,2.911,bb-bb
9bjk,inactive,241,PHE,N,239,PHE,O,3.493,bb-bb
9bjk,inactive,243,PHE,N,239,PHE,O,3.061,bb-bb
9bjk,inactive,244,ILE,N,240,ILE,O,2.912,bb-bb
9bjk,inactive,243,PHE,N,241,PHE,O,2.967,bb-bb
9bjk,inactive,244,ILE,N,241,PHE,O,3.222,bb-bb
9bjk,inactive,245,MET,N,241,PHE,O,3.072,bb-bb
9bjk,inactive,245,MET,N,243,PHE,O,3.028,bb-bb
9bjk,inactive,246,PRO,N,243,PHE,O,3.027,bb-bb
9bjk,inactive,247,VAL,N,243,PHE,O,2.672,bb-bb
9bjk,inactive,247,VAL,N,245,MET,O,3.474,bb-bb
9bjk,inactive,248,LEU,N,245,MET,O,3.48,bb-bb
9bjk,inactive,249,ILE,N,245,MET,O,3.018,bb-bb
9bjk,inactive,249,ILE,N,246,PRO,O,3.383,bb-bb
9bjk,inactive,250,ILE,N,246,PRO,O,2.873,bb-bb
9bjk,inactive,250,ILE,N,247,VAL,O,3.402,bb-bb
9bjk,inactive,251,THR,N,247,VAL,O,2.93,bb-bb
9bjk,inactive,251,THR,OG1,247,VAL,O,3.249,bb-sc
9bjk,inactive,250,ILE,N,248,LEU,O,3.473,bb-bb
9bjk,inactive,251,THR,N,248,LEU,O,3.442,bb-bb
9bjk,inactive,252,VAL,N,248,LEU,O,3.02,bb-bb
9bjk,inactive,252,VAL,N,249,ILE,O,3.385,bb-bb
9bjk,inactive,253,CYS,N,249,ILE,O,2.929,bb-bb
9bjk,inactive,253,CYS,N,250,ILE,O,3.429,bb-bb
9bjk,inactive,254,TYR,N,250,ILE,O,2.97,bb-bb
9bjk,inactive,255,GLY,N,251,THR,O,2.916,bb-bb
9bjk,inactive,255,GLY,N,252,VAL,O,3.316,bb-bb
9bjk,inactive,256,LEU,N,252,VAL,O,3.024,bb-bb
9bjk,inactive,255,GLY,N,253,CYS,O,3.464,bb-bb
9bjk,inactive,256,LEU,N,253,CYS,O,3.288,bb-bb
9bjk,inactive,257,MET,N,253,CYS,O,2.949,bb-bb
9bjk,inactive,256,LEU,N,254,TYR,O,3.445,bb-bb
9bjk,inactive,257,MET,N,254,TYR,O,3.276,bb-bb
9bjk,inactive,258,ILE,N,254,TYR,O,2.953,bb-bb
9bjk,inactive,254,TYR,OH,281,THR,O,3.226,bb-sc
9bjk,inactive,285,LEU,N,254,TYR,OH,3.123,bb-sc
9bjk,inactive,259,LEU,N,255,GLY,O,3.473,bb-bb
9bjk,inactive,258,ILE,N,256,LEU,O,3.46,bb-bb
9bjk,inactive,259,LEU,N,256,LEU,O,3.318,bb-bb
9bjk,inactive,260,ARG,N,256,LEU,O,3.029,bb-bb
9bjk,inactive,259,LEU,N,257,MET,O,3.466,bb-bb
9bjk,inactive,260,ARG,N,257,MET,O,3.256,bb-bb
9bjk,inactive,261,LEU,N,257,MET,O,2.849,bb-bb
9bjk,inactive,260,ARG,N,258,ILE,O,3.395,bb-bb
9bjk,inactive,261,LEU,N,258,ILE,O,3.279,bb-bb
9bjk,inactive,262,LYS,N,258,ILE,O,2.944,bb-bb
9bjk,inactive,262,LYS,N,260,ARG,O,3.255,bb-bb
9bjk,inactive,263,SER,N,260,ARG,O,3.473,bb-bb
9bjk,inactive,264,VAL,N,260,ARG,O,3.467,bb-bb
9bjk,inactive,278,ARG,NH2,261,LEU,O,2.823,bb-sc
9bjk,inactive,272,GLU,N,270,SER,O,3.46,bb-bb
9bjk,inactive,273,LYS,N,270,SER,O,3.275,bb-bb
9bjk,inactive,274,ASP,N,270,SER,O,2.923,bb-bb
9bjk,inactive,273,LYS,N,271,ARG,O,3.479,bb-bb
9bjk,inactive,274,ASP,N,271,ARG,O,3.132,bb-bb
9bjk,inactive,275,ARG,N,271,ARG,O,2.968,bb-bb
9bjk,inactive,274,ASP,N,272,GLU,O,3.405,bb-bb
9bjk,inactive,275,ARG,N,272,GLU,O,3.33,bb-bb
9bjk,inactive,276,ASN,N,272,GLU,O,2.94,bb-bb
9bjk,inactive,277,LEU,N,273,LYS,O,2.888,bb-bb
9bjk,inactive,276,ASN,N,274,ASP,O,3.495,bb-bb
9bjk,inactive,277,LEU,N,274,ASP,O,3.227,bb-bb
9bjk,inactive,278,ARG,N,274,ASP,O,2.979,bb-bb
9bjk,inactive,278,ARG,NH1,274,ASP,OD1,2.445,sc-sc
9bjk,inactive,278,ARG,NH1,274,ASP,OD2,3.236,sc-sc
9bjk,inactive,277,LEU,N,275,ARG,O,3.326,bb-bb
9bjk,inactive,278,ARG,N,275,ARG,O,3.291,bb-bb
9bjk,inactive,279,ARG,N,275,ARG,O,3.002,bb-bb
9bjk,inactive,281,THR,OG1,277,LEU,O,3.129,bb-sc
9bjk,inactive,280,ILE,N,278,ARG,O,3.464,bb-bb
9bjk,inactive,281,THR,N,278,ARG,O,3.401,bb-bb
9bjk,inactive,282,ARG,N,278,ARG,O,3.045,bb-bb
9bjk,inactive,282,ARG,N,279,ARG,O,3.308,bb-bb
9bjk,inactive,283,MET,N,279,ARG,O,2.974,bb-bb
9bjk,inactive,283,MET,N,280,ILE,O,3.297,bb-bb
9bjk,inactive,284,VAL,N,280,ILE,O,2.946,bb-bb
9bjk,inactive,283,MET,N,281,THR,O,3.496,bb-bb
9bjk,inactive,284,VAL,N,281,THR,O,3.397,bb-bb
9bjk,inactive,285,LEU,N,281,THR,O,2.995,bb-bb
9bjk,inactive,284,VAL,N,282,ARG,O,3.494,bb-bb
9bjk,inactive,285,LEU,N,282,ARG,O,3.35,bb-bb
9bjk,inactive,286,VAL,N,282,ARG,O,3.006,bb-bb
9bjk,inactive,285,LEU,N,283,MET,O,3.472,bb-bb
9bjk,inactive,286,VAL,N,283,MET,O,3.305,bb-bb
9bjk,inactive,287,VAL,N,283,MET,O,3.021,bb-bb
9bjk,inactive,286,VAL,N,284,VAL,O,3.477,bb-bb
9bjk,inactive,287,VAL,N,284,VAL,O,3.334,bb-bb
9bjk,inactive,288,VAL,N,284,VAL,O,2.977,bb-bb
9bjk,inactive,287,VAL,N,285,LEU,O,3.49,bb-bb
9bjk,inactive,288,VAL,N,285,LEU,O,3.375,bb-bb
9bjk,inactive,289,ALA,N,285,LEU,O,2.961,bb-bb
9bjk,inactive,289,ALA,N,286,VAL,O,3.408,bb-bb
9bjk,inactive,290,VAL,N,286,VAL,O,2.976,bb-bb
9bjk,inactive,289,ALA,N,287,VAL,O,3.499,bb-bb
9bjk,inactive,290,VAL,N,287,VAL,O,3.361,bb-bb
9bjk,inactive,291,PHE,N,287,VAL,O,3.012,bb-bb
9bjk,inactive,290,VAL,N,288,VAL,O,3.479,bb-bb
9bjk,inactive,291,PHE,N,288,VAL,O,3.346,bb-bb
9bjk,inactive,292,ILE,N,288,VAL,O,2.999,bb-bb
9bjk,inactive,292,ILE,N,289,ALA,O,3.41,bb-bb
9bjk,inactive,293,VAL,N,289,ALA,O,2.984,bb-bb
9bjk,inactive,292,ILE,N,290,VAL,O,3.492,bb-bb
9bjk,inactive,293,VAL,N,290,VAL,O,3.453,bb-bb
9bjk,inactive,294,CYS,N,290,VAL,O,2.972,bb-bb
9bjk,inactive,293,VAL,N,291,PHE,O,3.492,bb-bb
9bjk,inactive,294,CYS,N,291,PHE,O,3.325,bb-bb
9bjk,inactive,295,TRP,N,291,PHE,O,2.984,bb-bb
9bjk,inactive,294,CYS,N,292,ILE,O,3.426,bb-bb
9bjk,inactive,295,TRP,N,292,ILE,O,3.343,bb-bb
9bjk,inactive,296,THR,N,292,ILE,O,2.965,bb-bb
9bjk,inactive,296,THR,OG1,292,ILE,O,2.644,bb-sc
9bjk,inactive,299,HIS,ND1,295,TRP,O,3.089,bb-sc
9bjk,inactive,295,TRP,NE1,327,GLY,O,3.329,bb-sc
9bjk,inactive,298,ILE,N,296,THR,O,3.364,bb-bb
9bjk,inactive,299,HIS,N,296,THR,O,3.247,bb-bb
9bjk,inactive,300,ILE,N,296,THR,O,3.068,bb-bb
9bjk,inactive,299,HIS,N,297,PRO,O,3.485,bb-bb
9bjk,inactive,301,TYR,N,297,PRO,O,2.907,bb-bb
9bjk,inactive,301,TYR,N,298,ILE,O,3.4,bb-bb
9bjk,inactive,302,VAL,N,298,ILE,O,2.885,bb-bb
9bjk,inactive,301,TYR,N,299,HIS,O,3.358,bb-bb
9bjk,inactive,302,VAL,N,299,HIS,O,3.341,bb-bb
9bjk,inactive,303,ILE,N,299,HIS,O,3.113,bb-bb
9bjk,inactive,303,ILE,N,300,ILE,O,3.28,bb-bb
9bjk,inactive,304,ILE,N,300,ILE,O,2.924,bb-bb
9bjk,inactive,304,ILE,N,301,TYR,O,3.42,bb-bb
9bjk,inactive,305,LYS,N,301,TYR,O,2.905,bb-bb
9bjk,inactive,301,TYR,OH,316,GLN,O,3.08,bb-sc
9bjk,inactive,301,TYR,OH,316,GLN,OE1,2.695,sc-sc
9bjk,inactive,301,TYR,OH,319,SER,OG,3.072,sc-sc
9bjk,inactive,319,SER,OG,301,TYR,OH,3.072,sc-sc
9bjk,inactive,305,LYS,N,302,VAL,O,3.432,bb-bb
9bjk,inactive,306,ALA,N,302,VAL,O,2.902,bb-bb
9bjk,inactive,305,LYS,N,303,ILE,O,3.439,bb-bb
9bjk,inactive,306,ALA,N,303,ILE,O,2.918,bb-bb
9bjk,inactive,307,LEU,N,303,ILE,O,3.025,bb-bb
9bjk,inactive,306,ALA,N,304,ILE,O,3.401,bb-bb
9bjk,inactive,308,ILE,N,304,ILE,O,2.875,bb-bb
9bjk,inactive,305,LYS,NZ,316,GLN,OE1,3.013,sc-sc
9bjk,inactive,309,THR,N,307,LEU,O,3.317,bb-bb
9bjk,inactive,315,PHE,N,313,THR,O,3.43,bb-bb
9bjk,inactive,316,GLN,N,313,THR,O,3.326,bb-bb
9bjk,inactive,318,VAL,N,315,PHE,O,3.408,bb-bb
9bjk,inactive,319,SER,N,315,PHE,O,2.943,bb-bb
9bjk,inactive,319,SER,OG,315,PHE,O,3.391,bb-sc
9bjk,inactive,318,VAL,N,316,GLN,O,3.477,bb-bb
9bjk,inactive,319,SER,N,316,GLN,O,3.3,bb-bb
9bjk,inactive,319,SER,OG,316,GLN,O,2.53,bb-sc
9bjk,inactive,320,TRP,N,316,GLN,O,2.944,bb-bb
9bjk,inactive,319,SER,N,317,THR,O,3.479,bb-bb
9bjk,inactive,320,TRP,N,317,THR,O,3.266,bb-bb
9bjk,inactive,321,HIS,N,317,THR,O,2.995,bb-bb
9bjk,inactive,320,TRP,N,318,VAL,O,3.496,bb-bb
9bjk,inactive,321,HIS,N,318,VAL,O,3.44,bb-bb
9bjk,inactive,322,PHE,N,318,VAL,O,2.961,bb-bb
9bjk,inactive,322,PHE,N,319,SER,O,3.207,bb-bb
9bjk,inactive,323,CYS,N,319,SER,O,2.94,bb-bb
9bjk,inactive,322,PHE,N,320,TRP,O,3.337,bb-bb
9bjk,inactive,323,CYS,N,320,TRP,O,3.221,bb-bb
9bjk,inactive,324,ILE,N,320,TRP,O,3.043,bb-bb
9bjk,inactive,325,ALA,N,321,HIS,O,3.38,bb-bb
9bjk,inactive,324,ILE,N,322,PHE,O,3.116,bb-bb
9bjk,inactive,325,ALA,N,322,PHE,O,2.698,bb-bb
9bjk,inactive,326,LEU,N,322,PHE,O,2.847,bb-bb
9bjk,inactive,325,ALA,N,323,CYS,O,3.447,bb-bb
9bjk,inactive,326,LEU,N,323,CYS,O,3.26,bb-bb
9bjk,inactive,327,GLY,N,323,CYS,O,3.021,bb-bb
9bjk,inactive,326,LEU,N,324,ILE,O,3.468,bb-bb
9bjk,inactive,327,GLY,N,324,ILE,O,3.22,bb-bb
9bjk,inactive,328,TYR,N,324,ILE,O,3.029,bb-bb
9bjk,inactive,328,TYR,N,325,ALA,O,3.371,bb-bb
9bjk,inactive,329,THR,N,325,ALA,O,2.837,bb-bb
9bjk,inactive,329,THR,OG1,325,ALA,O,2.223,bb-sc
9bjk,inactive,328,TYR,N,326,LEU,O,3.397,bb-bb
9bjk,inactive,329,THR,N,326,LEU,O,3.116,bb-bb
9bjk,inactive,330,ASN,N,326,LEU,O,3.05,bb-bb
9bjk,inactive,330,ASN,N,328,TYR,O,3.289,bb-bb
9bjk,inactive,331,SER,N,328,TYR,O,3.404,bb-bb
9bjk,inactive,331,SER,N,329,THR,O,3.242,bb-bb
9bjk,inactive,332,CYS,N,329,THR,O,3.147,bb-bb
9bjk,inactive,332,CYS,N,330,ASN,O,3.298,bb-bb
9bjk,inactive,333,LEU,N,330,ASN,O,3.403,bb-bb
9bjk,inactive,335,PRO,N,333,LEU,O,3.451,bb-bb
9bjk,inactive,336,VAL,N,333,LEU,O,3.023,bb-bb
9bjk,inactive,337,LEU,N,333,LEU,O,3.054,bb-bb
9bjk,inactive,336,VAL,N,334,ASN,O,3.371,bb-bb
9bjk,inactive,337,LEU,N,334,ASN,O,3.185,bb-bb
9bjk,inactive,338,TYR,N,334,ASN,O,2.927,bb-bb
9bjk,inactive,338,TYR,N,335,PRO,O,3.336,bb-bb
9bjk,inactive,339,ALA,N,335,PRO,O,2.951,bb-bb
9bjk,inactive,339,ALA,N,336,VAL,O,3.242,bb-bb
9bjk,inactive,339,ALA,N,337,LEU,O,3.29,bb-bb
9bjk,inactive,340,PHE,N,337,LEU,O,3.414,bb-bb
9bjk,inactive,341,LEU,N,337,LEU,O,2.914,bb-bb
9bjk,inactive,344,ASN,N,342,ASP,OD1,3.04,bb-sc
9bjk,inactive,345,PHE,N,342,ASP,O,3.485,bb-bb
9bjk,inactive,346,LYS,N,342,ASP,O,3.215,bb-bb
9bjk,inactive,345,PHE,N,343,GLU,O,3.46,bb-bb
9bjk,inactive,346,LYS,N,343,GLU,O,3.226,bb-bb
9bjk,inactive,347,ARG,N,343,GLU,O,2.931,bb-bb
9bjk,inactive,346,LYS,N,344,ASN,O,3.496,bb-bb
9bjk,inactive,347,ARG,N,344,ASN,O,3.394,bb-bb
9bjk,inactive,348,CYS,N,344,ASN,O,2.927,bb-bb
9bjk,inactive,348,CYS,N,345,PHE,O,3.388,bb-bb
9bjk,inactive,349,PHE,N,345,PHE,O,2.881,bb-bb
9bjk,inactive,348,CYS,N,346,LYS,O,3.487,bb-bb
9bjk,inactive,349,PHE,N,346,LYS,O,3.37,bb-bb
9bjk,inactive,350,ARG,N,346,LYS,O,2.941,bb-bb
9bjk,inactive,350,ARG,N,347,ARG,O,3.324,bb-bb
9bjk,inactive,351,GLU,N,347,ARG,O,2.896,bb-bb
9bjk,inactive,352,PHE,N,348,CYS,O,3.119,bb-bb
9bjk,inactive,352,PHE,N,350,ARG,O,3.493,bb-bb
9bqj,active,70,ALA,N,67,MET,O,3.491,bb-bb
9bqj,active,71,ILE,N,67,MET,O,2.906,bb-bb
9bqj,active,70,ALA,N,68,VAL,O,3.498,bb-bb
9bqj,active,71,ILE,N,68,VAL,O,3.342,bb-bb
9bqj,active,72,THR,N,68,VAL,O,2.9,bb-bb
9bqj,active,71,ILE,N,69,THR,O,3.468,bb-bb
9bqj,active,72,THR,N,69,THR,O,3.335,bb-bb
9bqj,active,73,ILE,N,69,THR,O,2.908,bb-bb
9bqj,active,72,THR,N,70,ALA,O,3.481,bb-bb
9bqj,active,73,ILE,N,70,ALA,O,3.342,bb-bb
9bqj,active,74,MET,N,70,ALA,O,2.897,bb-bb
9bqj,active,73,ILE,N,71,ILE,O,3.476,bb-bb
9bqj,active,74,MET,N,71,ILE,O,3.339,bb-bb
9bqj,active,75,ALA,N,71,ILE,O,2.894,bb-bb
9bqj,active,74,MET,N,72,THR,O,3.47,bb-bb
9bqj,active,75,ALA,N,72,THR,O,3.32,bb-bb
9bqj,active,76,LEU,N,72,THR,O,2.918,bb-bb
9bqj,active,75,ALA,N,73,ILE,O,3.453,bb-bb
9bqj,active,76,LEU,N,73,ILE,O,3.331,bb-bb
9bqj,active,77,TYR,N,73,ILE,O,2.901,bb-bb
9bqj,active,76,LEU,N,74,MET,O,3.478,bb-bb
9bqj,active,77,TYR,N,74,MET,O,3.353,bb-bb
9bqj,active,78,SER,N,74,MET,O,2.9,bb-bb
9bqj,active,78,SER,OG,74,MET,O,3.018,bb-sc
9bqj,active,77,TYR,N,75,ALA,O,3.496,bb-bb
9bqj,active,78,SER,N,75,ALA,O,3.356,bb-bb
9bqj,active,78,SER,OG,75,ALA,O,2.663,bb-sc
9bqj,active,79,ILE,N,75,ALA,O,2.903,bb-bb
9bqj,active,78,SER,N,76,LEU,O,3.447,bb-bb
9bqj,active,79,ILE,N,76,LEU,O,3.332,bb-bb
9bqj,active,80,VAL,N,76,LEU,O,2.926,bb-bb
9bqj,active,79,ILE,N,77,TYR,O,3.455,bb-bb
9bqj,active,80,VAL,N,77,TYR,O,3.349,bb-bb
9bqj,active,81,CYS,N,77,TYR,O,2.921,bb-bb
9bqj,active,80,VAL,N,78,SER,O,3.485,bb-bb
9bqj,active,81,CYS,N,78,SER,O,3.379,bb-bb
9bqj,active,82,VAL,N,78,SER,O,2.891,bb-bb
9bqj,active,81,CYS,N,79,ILE,O,3.439,bb-bb
9bqj,active,82,VAL,N,79,ILE,O,3.33,bb-bb
9bqj,active,83,VAL,N,79,ILE,O,2.937,bb-bb
9bqj,active,82,VAL,N,80,VAL,O,3.436,bb-bb
9bqj,active,83,VAL,N,80,VAL,O,3.444,bb-bb
9bqj,active,84,GLY,N,80,VAL,O,2.925,bb-bb
9bqj,active,84,GLY,N,81,CYS,O,3.437,bb-bb
9bqj,active,85,LEU,N,81,CYS,O,2.902,bb-bb
9bqj,active,84,GLY,N,82,VAL,O,3.466,bb-bb
9bqj,active,85,LEU,N,82,VAL,O,3.428,bb-bb
9bqj,active,86,PHE,N,82,VAL,O,2.917,bb-bb
9bqj,active,85,LEU,N,83,VAL,O,3.482,bb-bb
9bqj,active,86,PHE,N,83,VAL,O,3.406,bb-bb
9bqj,active,87,GLY,N,83,VAL,O,2.944,bb-bb
9bqj,active,86,PHE,N,84,GLY,O,3.462,bb-bb
9bqj,active,87,GLY,N,84,GLY,O,3.427,bb-bb
9bqj,active,88,ASN,N,84,GLY,O,2.912,bb-bb
9bqj,active,87,GLY,N,85,LEU,O,3.486,bb-bb
9bqj,active,88,ASN,N,85,LEU,O,3.443,bb-bb
9bqj,active,89,PHE,N,85,LEU,O,2.905,bb-bb
9bqj,active,88,ASN,N,86,PHE,O,3.462,bb-bb
9bqj,active,89,PHE,N,86,PHE,O,3.435,bb-bb
9bqj,active,90,LEU,N,86,PHE,O,2.933,bb-bb
9bqj,active,89,PHE,N,87,GLY,O,3.492,bb-bb
9bqj,active,90,LEU,N,87,GLY,O,3.347,bb-bb
9bqj,active,91,VAL,N,87,GLY,O,2.942,bb-bb
9bqj,active,90,LEU,N,88,ASN,O,3.436,bb-bb
9bqj,active,91,VAL,N,88,ASN,O,3.236,bb-bb
9bqj,active,92,MET,N,88,ASN,O,2.891,bb-bb
9bqj,active,91,VAL,N,89,PHE,O,3.45,bb-bb
9bqj,active,92,MET,N,89,PHE,O,3.335,bb-bb
9bqj,active,93,TYR,N,89,PHE,O,2.915,bb-bb
9bqj,active,92,MET,N,90,LEU,O,3.482,bb-bb
9bqj,active,93,TYR,N,90,LEU,O,3.334,bb-bb
9bqj,active,94,VAL,N,90,LEU,O,2.925,bb-bb
9bqj,active,93,TYR,N,91,VAL,O,3.43,bb-bb
9bqj,active,94,VAL,N,91,VAL,O,3.291,bb-bb
9bqj,active,95,ILE,N,91,VAL,O,2.929,bb-bb
9bqj,active,94,VAL,N,92,MET,O,3.466,bb-bb
9bqj,active,95,ILE,N,92,MET,O,3.359,bb-bb
9bqj,active,96,VAL,N,92,MET,O,2.926,bb-bb
9bqj,active,95,ILE,N,93,TYR,O,3.436,bb-bb
9bqj,active,96,VAL,N,93,TYR,O,3.415,bb-bb
9bqj,active,97,ARG,N,93,TYR,O,2.915,bb-bb
9bqj,active,98,TYR,N,94,VAL,O,3.208,bb-bb
9bqj,active,99,THR,N,95,ILE,O,3.414,bb-bb
9bqj,active,100,LYS,N,95,ILE,O,3.104,bb-bb
9bqj,active,101,MET,N,99,THR,O,3.466,bb-bb
9bqj,active,102,LYS,N,106,ASN,OD1,3.398,bb-sc
9bqj,active,105,THR,N,103,THR,O,3.328,bb-bb
9bqj,active,103,THR,N,106,ASN,OD1,3.232,bb-sc
9bqj,active,103,THR,OG1,106,ASN,OD1,3.268,sc-sc
9bqj,active,106,ASN,N,103,THR,O,3.132,bb-bb
9bqj,active,107,ILE,N,103,THR,O,3.304,bb-bb
9bqj,active,106,ASN,N,104,ALA,O,3.417,bb-bb
9bqj,active,107,ILE,N,104,ALA,O,3.157,bb-bb
9bqj,active,108,TYR,N,104,ALA,O,2.917,bb-bb
9bqj,active,107,ILE,N,105,THR,O,3.436,bb-bb
9bqj,active,108,TYR,N,105,THR,O,3.27,bb-bb
9bqj,active,109,ILE,N,105,THR,O,2.922,bb-bb
9bqj,active,108,TYR,N,106,ASN,O,3.485,bb-bb
9bqj,active,109,ILE,N,106,ASN,O,3.383,bb-bb
9bqj,active,110,PHE,N,106,ASN,O,2.872,bb-bb
9bqj,active,109,ILE,N,107,ILE,O,3.467,bb-bb
9bqj,active,110,PHE,N,107,ILE,O,3.28,bb-bb
9bqj,active,111,ASN,N,107,ILE,O,2.918,bb-bb
9bqj,active,110,PHE,N,108,TYR,O,3.454,bb-bb
9bqj,active,111,ASN,N,108,TYR,O,3.321,bb-bb
9bqj,active,112,LEU,N,108,TYR,O,2.919,bb-bb
9bqj,active,112,LEU,N,109,ILE,O,3.347,bb-bb
9bqj,active,113,ALA,N,109,ILE,O,2.88,bb-bb
9bqj,active,112,LEU,N,110,PHE,O,3.451,bb-bb
9bqj,active,113,ALA,N,110,PHE,O,3.339,bb-bb
9bqj,active,114,LEU,N,110,PHE,O,3.0,bb-bb
9bqj,active,113,ALA,N,111,ASN,O,3.434,bb-bb
9bqj,active,114,LEU,N,111,ASN,O,3.2,bb-bb
9bqj,active,115,ALA,N,111,ASN,O,3.168,bb-bb
9bqj,active,111,ASN,ND2,159,THR,OG1,3.211,sc-sc
9bqj,active,111,ASN,ND2,190,ASN,OD1,2.354,sc-sc
9bqj,active,194,TRP,NE1,111,ASN,OD1,3.071,sc-sc
9bqj,active,114,LEU,N,112,LEU,O,3.381,bb-bb
9bqj,active,115,ALA,N,112,LEU,O,3.49,bb-bb
9bqj,active,116,ASP,N,112,LEU,O,3.067,bb-bb
9bqj,active,117,ALA,N,113,ALA,O,3.394,bb-bb
9bqj,active,116,ASP,N,114,LEU,O,3.32,bb-bb
9bqj,active,117,ALA,N,114,LEU,O,3.175,bb-bb
9bqj,active,118,LEU,N,114,LEU,O,2.924,bb-bb
9bqj,active,117,ALA,N,115,ALA,O,3.237,bb-bb
9bqj,active,118,LEU,N,115,ALA,O,3.183,bb-bb
9bqj,active,119,ALA,N,115,ALA,O,2.925,bb-bb
9bqj,active,119,ALA,N,116,ASP,O,3.182,bb-bb
9bqj,active,120,THR,N,116,ASP,O,2.921,bb-bb
9bqj,active,331,SER,OG,116,ASP,OD2,3.492,sc-sc
9bqj,active,119,ALA,N,117,ALA,O,3.137,bb-bb
9bqj,active,120,THR,N,117,ALA,O,3.184,bb-bb
9bqj,active,121,SER,N,117,ALA,O,2.634,bb-bb
9bqj,active,121,SER,OG,118,LEU,O,3.296,bb-sc
9bqj,active,122,THR,OG1,118,LEU,O,3.476,bb-sc
9bqj,active,122,THR,N,119,ALA,O,3.23,bb-bb
9bqj,active,122,THR,OG1,119,ALA,O,3.154,bb-sc
9bqj,active,119,ALA,N,152,ASN,OD1,2.846,bb-sc
9bqj,active,328,TYR,OH,119,ALA,O,3.406,bb-sc
9bqj,active,122,THR,N,120,THR,O,2.815,bb-bb
9bqj,active,123,LEU,N,120,THR,O,2.966,bb-bb
9bqj,active,123,LEU,N,121,SER,O,3.471,bb-bb
9bqj,active,124,PRO,N,122,THR,O,3.355,bb-bb
9bqj,active,125,PHE,N,122,THR,O,3.241,bb-bb
9bqj,active,125,PHE,N,123,LEU,O,3.134,bb-bb
9bqj,active,126,GLN,N,123,LEU,O,3.032,bb-bb
9bqj,active,127,SER,N,123,LEU,O,2.945,bb-bb
9bqj,active,127,SER,N,124,PRO,O,3.272,bb-bb
9bqj,active,128,VAL,N,124,PRO,O,2.894,bb-bb
9bqj,active,127,SER,N,125,PHE,O,3.43,bb-bb
9bqj,active,128,VAL,N,125,PHE,O,3.396,bb-bb
9bqj,active,129,ASN,N,125,PHE,O,2.914,bb-bb
9bqj,active,129,ASN,N,126,GLN,O,3.272,bb-bb
9bqj,active,130,TYR,N,126,GLN,O,2.917,bb-bb
9bqj,active,129,ASN,N,127,SER,O,3.414,bb-bb
9bqj,active,130,TYR,N,127,SER,O,3.217,bb-bb
9bqj,active,131,LEU,N,127,SER,O,2.941,bb-bb
9bqj,active,130,TYR,N,128,VAL,O,3.489,bb-bb
9bqj,active,132,MET,N,128,VAL,O,2.898,bb-bb
9bqj,active,133,GLY,N,129,ASN,O,2.988,bb-bb
9bqj,active,133,GLY,N,130,TYR,O,3.466,bb-bb
9bqj,active,133,GLY,N,131,LEU,O,3.412,bb-bb
9bqj,active,134,THR,N,132,MET,O,3.411,bb-bb
9bqj,active,135,TRP,NE1,138,GLY,O,3.343,bb-sc
9bqj,active,135,TRP,N,217,ILE,O,2.74,bb-bb
9bqj,active,138,GLY,N,136,PRO,O,3.403,bb-bb
9bqj,active,141,LEU,N,139,ASN,O,3.467,bb-bb
9bqj,active,142,CYS,N,139,ASN,O,3.331,bb-bb
9bqj,active,143,LYS,N,139,ASN,O,2.898,bb-bb
9bqj,active,143,LYS,NZ,139,ASN,OD1,3.276,sc-sc
9bqj,active,142,CYS,N,140,ILE,O,3.471,bb-bb
9bqj,active,143,LYS,N,140,ILE,O,3.199,bb-bb
9bqj,active,144,ILE,N,140,ILE,O,2.94,bb-bb
9bqj,active,143,LYS,N,141,LEU,O,3.464,bb-bb
9bqj,active,144,ILE,N,141,LEU,O,3.292,bb-bb
9bqj,active,145,VAL,N,141,LEU,O,2.88,bb-bb
9bqj,active,144,ILE,N,142,CYS,O,3.439,bb-bb
9bqj,active,145,VAL,N,142,CYS,O,3.301,bb-bb
9bqj,active,146,ILE,N,142,CYS,O,2.96,bb-bb
9bqj,active,145,VAL,N,143,LYS,O,3.418,bb-bb
9bqj,active,146,ILE,N,143,LYS,O,3.31,bb-bb
9bqj,active,147,SER,N,143,LYS,O,2.913,bb-bb
9bqj,active,143,LYS,NZ,208,ALA,O,2.372,bb-sc
9bqj,active,147,SER,N,144,ILE,O,3.353,bb-bb
9bqj,active,148,ILE,N,144,ILE,O,2.908,bb-bb
9bqj,active,147,SER,N,145,VAL,O,3.36,bb-bb
9bqj,active,148,ILE,N,145,VAL,O,3.383,bb-bb
9bqj,active,149,ASP,N,145,VAL,O,2.913,bb-bb
9bqj,active,149,ASP,N,146,ILE,O,3.262,bb-bb
9bqj,active,150,TYR,N,146,ILE,O,2.95,bb-bb
9bqj,active,149,ASP,N,147,SER,O,3.237,bb-bb
9bqj,active,150,TYR,N,147,SER,O,3.241,bb-bb
9bqj,active,151,TYR,N,147,SER,O,2.898,bb-bb
9bqj,active,328,TYR,OH,149,ASP,OD1,3.31,sc-sc
9bqj,active,153,MET,N,151,TYR,O,3.406,bb-bb
9bqj,active,154,PHE,N,151,TYR,O,3.159,bb-bb
9bqj,active,155,THR,N,151,TYR,O,2.995,bb-bb
9bqj,active,151,TYR,OH,194,TRP,O,3.181,bb-sc
9bqj,active,154,PHE,N,152,ASN,O,3.193,bb-bb
9bqj,active,155,THR,N,152,ASN,O,3.184,bb-bb
9bqj,active,155,THR,OG1,152,ASN,O,2.866,bb-sc
9bqj,active,156,SER,N,152,ASN,O,2.933,bb-bb
9bqj,active,156,SER,OG,152,ASN,O,3.204,bb-sc
9bqj,active,156,SER,N,154,PHE,O,3.398,bb-bb
9bqj,active,157,ILE,N,154,PHE,O,3.346,bb-bb
9bqj,active,158,PHE,N,154,PHE,O,2.958,bb-bb
9bqj,active,157,ILE,N,155,THR,O,3.484,bb-bb
9bqj,active,158,PHE,N,155,THR,O,3.397,bb-bb
9bqj,active,159,THR,N,155,THR,O,2.913,bb-bb
9bqj,active,159,THR,OG1,155,THR,O,3.134,bb-sc
9bqj,active,158,PHE,N,156,SER,O,3.498,bb-bb
9bqj,active,159,THR,N,156,SER,O,3.277,bb-bb
9bqj,active,160,LEU,N,156,SER,O,2.931,bb-bb
9bqj,active,159,THR,N,157,ILE,O,3.46,bb-bb
9bqj,active,160,LEU,N,157,ILE,O,3.284,bb-bb
9bqj,active,161,CYS,N,157,ILE,O,2.938,bb-bb
9bqj,active,161,CYS,N,158,PHE,O,3.373,bb-bb
9bqj,active,162,THR,N,158,PHE,O,2.9,bb-bb
9bqj,active,162,THR,OG1,158,PHE,O,2.856,bb-sc
9bqj,active,161,CYS,N,159,THR,O,3.489,bb-bb
9bqj,active,162,THR,N,159,THR,O,3.283,bb-bb
9bqj,active,163,MET,N,159,THR,O,2.915,bb-bb
9bqj,active,162,THR,N,160,LEU,O,3.446,bb-bb
9bqj,active,163,MET,N,160,LEU,O,3.275,bb-bb
9bqj,active,164,SER,N,160,LEU,O,2.959,bb-bb
9bqj,active,164,SER,OG,160,LEU,O,3.481,bb-sc
9bqj,active,163,MET,N,161,CYS,O,3.463,bb-bb
9bqj,active,164,SER,N,161,CYS,O,3.293,bb-bb
9bqj,active,165,VAL,N,161,CYS,O,2.933,bb-bb
9bqj,active,164,SER,N,162,THR,O,3.471,bb-bb
9bqj,active,165,VAL,N,162,THR,O,3.353,bb-bb
9bqj,active,166,ASP,N,162,THR,O,2.871,bb-bb
9bqj,active,193,ASN,ND2,162,THR,OG1,3.082,sc-sc
9bqj,active,165,VAL,N,163,MET,O,3.466,bb-bb
9bqj,active,166,ASP,N,163,MET,O,3.279,bb-bb
9bqj,active,167,ARG,N,163,MET,O,2.924,bb-bb
9bqj,active,166,ASP,N,164,SER,O,3.433,bb-bb
9bqj,active,167,ARG,N,164,SER,O,3.307,bb-bb
9bqj,active,168,TYR,N,164,SER,O,2.951,bb-bb
9bqj,active,164,SER,OG,254,TYR,OH,3.173,sc-sc
9bqj,active,254,TYR,OH,164,SER,OG,3.173,sc-sc
9bqj,active,167,ARG,N,165,VAL,O,3.484,bb-bb
9bqj,active,168,TYR,N,165,VAL,O,3.314,bb-bb
9bqj,active,169,ILE,N,165,VAL,O,2.904,bb-bb
9bqj,active,168,TYR,N,166,ASP,O,3.449,bb-bb
9bqj,active,169,ILE,N,166,ASP,O,3.376,bb-bb
9bqj,active,170,ALA,N,166,ASP,O,2.886,bb-bb
9bqj,active,181,ARG,NH1,166,ASP,OD1,2.518,sc-sc
9bqj,active,181,ARG,NH1,166,ASP,OD2,3.414,sc-sc
9bqj,active,169,ILE,N,167,ARG,O,3.463,bb-bb
9bqj,active,170,ALA,N,167,ARG,O,3.242,bb-bb
9bqj,active,171,VAL,N,167,ARG,O,2.961,bb-bb
9bqj,active,167,ARG,NH1,254,TYR,OH,3.374,sc-sc
9bqj,active,170,ALA,N,168,TYR,O,3.375,bb-bb
9bqj,active,171,VAL,N,168,TYR,O,3.358,bb-bb
9bqj,active,172,CYS,N,168,TYR,O,2.909,bb-bb
9bqj,active,173,HIS,N,169,ILE,O,3.383,bb-bb
9bqj,active,177,ALA,N,173,HIS,O,2.969,bb-bb
9bqj,active,176,LYS,N,174,PRO,O,3.455,bb-bb
9bqj,active,177,ALA,N,174,PRO,O,3.216,bb-bb
9bqj,active,178,LEU,N,174,PRO,O,2.921,bb-bb
9bqj,active,178,LEU,N,175,VAL,O,3.371,bb-bb
9bqj,active,178,LEU,N,176,LYS,O,3.268,bb-bb
9bqj,active,179,ASP,N,176,LYS,O,3.072,bb-bb
9bqj,active,180,PHE,N,176,LYS,O,2.91,bb-bb
9bqj,active,179,ASP,N,177,ALA,O,3.367,bb-bb
9bqj,active,181,ARG,N,177,ALA,O,3.244,bb-bb
9bqj,active,182,THR,N,180,PHE,O,2.965,bb-bb
9bqj,active,182,THR,OG1,180,PHE,O,3.493,bb-sc
9bqj,active,184,ARG,N,182,THR,O,3.276,bb-bb
9bqj,active,185,ASN,N,182,THR,O,3.083,bb-bb
9bqj,active,185,ASN,N,182,THR,OG1,3.428,bb-sc
9bqj,active,185,ASN,ND2,182,THR,OG1,2.325,sc-sc
9bqj,active,186,ALA,N,182,THR,O,2.954,bb-bb
9bqj,active,185,ASN,N,183,PRO,O,3.47,bb-bb
9bqj,active,186,ALA,N,183,PRO,O,3.184,bb-bb
9bqj,active,187,LYS,N,183,PRO,O,2.92,bb-bb
9bqj,active,186,ALA,N,184,ARG,O,3.448,bb-bb
9bqj,active,187,LYS,N,184,ARG,O,3.291,bb-bb
9bqj,active,188,ILE,N,184,ARG,O,2.92,bb-bb
9bqj,active,187,LYS,N,185,ASN,O,3.489,bb-bb
9bqj,active,188,ILE,N,185,ASN,O,3.32,bb-bb
9bqj,active,189,VAL,N,185,ASN,O,2.887,bb-bb
9bqj,active,188,ILE,N,186,ALA,O,3.475,bb-bb
9bqj,active,189,VAL,N,186,ALA,O,3.356,bb-bb
9bqj,active,190,ASN,N,186,ALA,O,2.905,bb-bb
9bqj,active,189,VAL,N,187,LYS,O,3.449,bb-bb
9bqj,active,190,ASN,N,187,LYS,O,3.289,bb-bb
9bqj,active,191,VAL,N,187,LYS,O,2.927,bb-bb
9bqj,active,190,ASN,N,188,ILE,O,3.454,bb-bb
9bqj,active,191,VAL,N,188,ILE,O,3.304,bb-bb
9bqj,active,192,CYS,N,188,ILE,O,2.902,bb-bb
9bqj,active,191,VAL,N,189,VAL,O,3.47,bb-bb
9bqj,active,192,CYS,N,189,VAL,O,3.292,bb-bb
9bqj,active,193,ASN,N,189,VAL,O,2.882,bb-bb
9bqj,active,193,ASN,ND2,189,VAL,O,3.031,bb-sc
9bqj,active,192,CYS,N,190,ASN,O,3.451,bb-bb
9bqj,active,193,ASN,N,190,ASN,O,3.274,bb-bb
9bqj,active,194,TRP,N,190,ASN,O,2.954,bb-bb
9bqj,active,194,TRP,NE1,190,ASN,OD1,2.945,sc-sc
9bqj,active,193,ASN,N,191,VAL,O,3.416,bb-bb
9bqj,active,194,TRP,N,191,VAL,O,3.239,bb-bb
9bqj,active,195,ILE,N,191,VAL,O,2.923,bb-bb
9bqj,active,195,ILE,N,192,CYS,O,3.336,bb-bb
9bqj,active,196,LEU,N,192,CYS,O,2.879,bb-bb
9bqj,active,195,ILE,N,193,ASN,O,3.434,bb-bb
9bqj,active,196,LEU,N,193,ASN,O,3.298,bb-bb
9bqj,active,197,SER,N,193,ASN,O,2.931,bb-bb
9bqj,active,197,SER,OG,193,ASN,O,3.156,bb-sc
9bqj,active,197,SER,N,194,TRP,O,3.36,bb-bb
9bqj,active,198,SER,N,194,TRP,O,2.895,bb-bb
9bqj,active,197,SER,N,195,ILE,O,3.419,bb-bb
9bqj,active,198,SER,N,195,ILE,O,3.147,bb-bb
9bqj,active,199,ALA,N,195,ILE,O,2.911,bb-bb
9bqj,active,199,ALA,N,196,LEU,O,3.279,bb-bb
9bqj,active,199,ALA,N,197,SER,O,3.319,bb-bb
9bqj,active,200,ILE,N,197,SER,O,3.208,bb-bb
9bqj,active,201,GLY,N,197,SER,O,2.92,bb-bb
9bqj,active,200,ILE,N,198,SER,O,3.042,bb-bb
9bqj,active,201,GLY,N,198,SER,O,3.103,bb-bb
9bqj,active,202,LEU,N,198,SER,O,2.9,bb-bb
9bqj,active,204,VAL,N,201,GLY,O,3.187,bb-bb
9bqj,active,205,MET,N,201,GLY,O,3.08,bb-bb
9bqj,active,204,VAL,N,202,LEU,O,3.261,bb-bb
9bqj,active,205,MET,N,202,LEU,O,2.993,bb-bb
9bqj,active,206,PHE,N,202,LEU,O,2.922,bb-bb
9bqj,active,206,PHE,N,203,PRO,O,3.303,bb-bb
9bqj,active,207,MET,N,203,PRO,O,2.89,bb-bb
9bqj,active,206,PHE,N,204,VAL,O,3.468,bb-bb
9bqj,active,207,MET,N,204,VAL,O,3.32,bb-bb
9bqj,active,208,ALA,N,204,VAL,O,2.879,bb-bb
9bqj,active,207,MET,N,205,MET,O,3.439,bb-bb
9bqj,active,209,THR,N,207,MET,O,3.477,bb-bb
9bqj,active,220,THR,N,209,THR,O,3.463,bb-bb
9bqj,active,209,THR,OG1,222,THR,OG1,3.384,sc-sc
9bqj,active,222,THR,OG1,209,THR,OG1,3.384,sc-sc
9bqj,active,211,LYS,N,218,ASP,O,2.987,bb-bb
9bqj,active,218,ASP,N,211,LYS,O,3.245,bb-bb
9bqj,active,215,GLY,N,213,ARG,O,3.42,bb-bb
9bqj,active,213,ARG,N,216,SER,O,2.816,bb-bb
9bqj,active,225,HIS,N,223,PHE,O,2.886,bb-bb
9bqj,active,227,THR,N,225,HIS,O,2.747,bb-bb
9bqj,active,228,TRP,N,226,PRO,O,3.482,bb-bb
9bqj,active,229,TYR,N,226,PRO,O,3.481,bb-bb
9bqj,active,230,TRP,N,226,PRO,O,2.924,bb-bb
9bqj,active,231,GLU,N,227,THR,O,2.898,bb-bb
9bqj,active,231,GLU,N,228,TRP,O,3.457,bb-bb
9bqj,active,232,ASN,N,228,TRP,O,2.909,bb-bb
9bqj,active,232,ASN,ND2,228,TRP,O,3.219,bb-sc
9bqj,active,231,GLU,N,229,TYR,O,3.489,bb-bb
9bqj,active,232,ASN,N,229,TYR,O,3.392,bb-bb
9bqj,active,233,LEU,N,229,TYR,O,2.905,bb-bb
9bqj,active,233,LEU,N,230,TRP,O,3.259,bb-bb
9bqj,active,234,LEU,N,230,TRP,O,2.898,bb-bb
9bqj,active,233,LEU,N,231,GLU,O,3.453,bb-bb
9bqj,active,234,LEU,N,231,GLU,O,3.297,bb-bb
9bqj,active,235,LYS,N,231,GLU,O,2.937,bb-bb
9bqj,active,234,LEU,N,232,ASN,O,3.484,bb-bb
9bqj,active,235,LYS,N,232,ASN,O,3.358,bb-bb
9bqj,active,236,ILE,N,232,ASN,O,2.881,bb-bb
9bqj,active,235,LYS,N,233,LEU,O,3.494,bb-bb
9bqj,active,236,ILE,N,233,LEU,O,3.428,bb-bb
9bqj,active,237,CYS,N,233,LEU,O,2.892,bb-bb
9bqj,active,236,ILE,N,234,LEU,O,3.478,bb-bb
9bqj,active,237,CYS,N,234,LEU,O,3.322,bb-bb
9bqj,active,238,VAL,N,234,LEU,O,2.935,bb-bb
9bqj,active,237,CYS,N,235,LYS,O,3.465,bb-bb
9bqj,active,238,VAL,N,235,LYS,O,3.424,bb-bb
9bqj,active,239,PHE,N,235,LYS,O,2.927,bb-bb
9bqj,active,238,VAL,N,236,ILE,O,3.473,bb-bb
9bqj,active,239,PHE,N,236,ILE,O,3.354,bb-bb
9bqj,active,240,ILE,N,236,ILE,O,2.892,bb-bb
9bqj,active,239,PHE,N,237,CYS,O,3.47,bb-bb
9bqj,active,240,ILE,N,237,CYS,O,3.328,bb-bb
9bqj,active,241,PHE,N,237,CYS,O,2.923,bb-bb
9bqj,active,240,ILE,N,238,VAL,O,3.465,bb-bb
9bqj,active,242,ALA,N,238,VAL,O,2.906,bb-bb
9bqj,active,243,PHE,N,239,PHE,O,3.225,bb-bb
9bqj,active,245,MET,N,240,ILE,O,3.434,bb-bb
9bqj,active,247,VAL,N,244,ILE,O,3.376,bb-bb
9bqj,active,248,LEU,N,244,ILE,O,2.917,bb-bb
9bqj,active,247,VAL,N,245,MET,O,3.44,bb-bb
9bqj,active,248,LEU,N,245,MET,O,3.348,bb-bb
9bqj,active,249,ILE,N,245,MET,O,2.917,bb-bb
9bqj,active,248,LEU,N,246,PRO,O,3.437,bb-bb
9bqj,active,249,ILE,N,246,PRO,O,3.357,bb-bb
9bqj,active,250,ILE,N,246,PRO,O,2.946,bb-bb
9bqj,active,249,ILE,N,247,VAL,O,3.445,bb-bb
9bqj,active,250,ILE,N,247,VAL,O,3.459,bb-bb
9bqj,active,251,THR,N,247,VAL,O,2.933,bb-bb
9bqj,active,250,ILE,N,248,LEU,O,3.461,bb-bb
9bqj,active,251,THR,N,248,LEU,O,3.409,bb-bb
9bqj,active,252,VAL,N,248,LEU,O,2.938,bb-bb
9bqj,active,251,THR,N,249,ILE,O,3.485,bb-bb
9bqj,active,252,VAL,N,249,ILE,O,3.467,bb-bb
9bqj,active,253,CYS,N,249,ILE,O,2.933,bb-bb
9bqj,active,252,VAL,N,250,ILE,O,3.492,bb-bb
9bqj,active,253,CYS,N,250,ILE,O,3.416,bb-bb
9bqj,active,254,TYR,N,250,ILE,O,2.929,bb-bb
9bqj,active,255,GLY,N,251,THR,O,2.896,bb-bb
9bqj,active,254,TYR,N,252,VAL,O,3.444,bb-bb
9bqj,active,255,GLY,N,252,VAL,O,3.381,bb-bb
9bqj,active,256,LEU,N,252,VAL,O,2.939,bb-bb
9bqj,active,255,GLY,N,253,CYS,O,3.498,bb-bb
9bqj,active,256,LEU,N,253,CYS,O,3.427,bb-bb
9bqj,active,257,MET,N,253,CYS,O,2.912,bb-bb
9bqj,active,257,MET,N,254,TYR,O,3.352,bb-bb
9bqj,active,258,ILE,N,254,TYR,O,2.91,bb-bb
9bqj,active,254,TYR,OH,338,TYR,OH,3.358,sc-sc
9bqj,active,338,TYR,OH,254,TYR,OH,3.358,sc-sc
9bqj,active,257,MET,N,255,GLY,O,3.46,bb-bb
9bqj,active,258,ILE,N,255,GLY,O,3.376,bb-bb
9bqj,active,259,LEU,N,255,GLY,O,2.909,bb-bb
9bqj,active,258,ILE,N,256,LEU,O,3.463,bb-bb
9bqj,active,259,LEU,N,256,LEU,O,3.342,bb-bb
9bqj,active,260,ARG,N,256,LEU,O,2.936,bb-bb
9bqj,active,260,ARG,N,257,MET,O,3.397,bb-bb
9bqj,active,261,LEU,N,257,MET,O,2.882,bb-bb
9bqj,active,260,ARG,N,258,ILE,O,3.392,bb-bb
9bqj,active,261,LEU,N,258,ILE,O,3.241,bb-bb
9bqj,active,262,LYS,N,258,ILE,O,2.925,bb-bb
9bqj,active,262,LYS,N,260,ARG,O,3.382,bb-bb
9bqj,active,263,SER,N,260,ARG,O,3.425,bb-bb
9bqj,active,263,SER,N,261,LEU,O,3.105,bb-bb
9bqj,active,264,VAL,N,261,LEU,O,3.317,bb-bb
9bqj,active,266,MET,N,264,VAL,O,3.225,bb-bb
9bqj,active,267,LEU,N,264,VAL,O,3.098,bb-bb
9bqj,active,268,SER,N,264,VAL,O,3.475,bb-bb
9bqj,active,268,SER,OG,264,VAL,O,3.209,bb-sc
9bqj,active,267,LEU,N,265,ARG,O,3.281,bb-bb
9bqj,active,273,LYS,NZ,268,SER,O,3.226,bb-sc
9bqj,active,273,LYS,N,271,LYS,O,3.458,bb-bb
9bqj,active,274,ASP,N,271,LYS,O,3.348,bb-bb
9bqj,active,275,ARG,N,271,LYS,O,2.893,bb-bb
9bqj,active,274,ASP,N,272,GLU,O,3.498,bb-bb
9bqj,active,275,ARG,N,272,GLU,O,3.255,bb-bb
9bqj,active,276,ASN,N,272,GLU,O,2.903,bb-bb
9bqj,active,275,ARG,N,273,LYS,O,3.438,bb-bb
9bqj,active,276,ASN,N,273,LYS,O,3.239,bb-bb
9bqj,active,277,LEU,N,273,LYS,O,2.952,bb-bb
9bqj,active,276,ASN,N,274,ASP,O,3.48,bb-bb
9bqj,active,277,LEU,N,274,ASP,O,3.343,bb-bb
9bqj,active,278,ARG,N,274,ASP,O,2.871,bb-bb
9bqj,active,278,ARG,N,275,ARG,O,3.297,bb-bb
9bqj,active,279,ARG,N,275,ARG,O,2.903,bb-bb
9bqj,active,278,ARG,N,276,ASN,O,3.411,bb-bb
9bqj,active,279,ARG,N,276,ASN,O,3.24,bb-bb
9bqj,active,279,ARG,NH1,276,ASN,OD1,2.566,sc-sc
9bqj,active,280,ILE,N,276,ASN,O,2.951,bb-bb
9bqj,active,279,ARG,N,277,LEU,O,3.472,bb-bb
9bqj,active,280,ILE,N,277,LEU,O,3.267,bb-bb
9bqj,active,281,THR,N,277,LEU,O,2.951,bb-bb
9bqj,active,280,ILE,N,278,ARG,O,3.466,bb-bb
9bqj,active,281,THR,N,278,ARG,O,3.453,bb-bb
9bqj,active,282,ARG,N,278,ARG,O,2.87,bb-bb
9bqj,active,282,ARG,N,279,ARG,O,3.337,bb-bb
9bqj,active,283,MET,N,279,ARG,O,2.931,bb-bb
9bqj,active,282,ARG,N,280,ILE,O,3.403,bb-bb
9bqj,active,283,MET,N,280,ILE,O,3.229,bb-bb
9bqj,active,284,VAL,N,280,ILE,O,2.989,bb-bb
9bqj,active,284,VAL,N,281,THR,O,3.369,bb-bb
9bqj,active,285,LEU,N,281,THR,O,2.901,bb-bb
9bqj,active,284,VAL,N,282,ARG,O,3.5,bb-bb
9bqj,active,285,LEU,N,282,ARG,O,3.367,bb-bb
9bqj,active,286,VAL,N,282,ARG,O,2.887,bb-bb
9bqj,active,285,LEU,N,283,MET,O,3.446,bb-bb
9bqj,active,286,VAL,N,283,MET,O,3.365,bb-bb
9bqj,active,287,VAL,N,283,MET,O,2.963,bb-bb
9bqj,active,286,VAL,N,284,VAL,O,3.421,bb-bb
9bqj,active,287,VAL,N,284,VAL,O,3.293,bb-bb
9bqj,active,288,VAL,N,284,VAL,O,3.009,bb-bb
9bqj,active,287,VAL,N,285,LEU,O,3.464,bb-bb
9bqj,active,288,VAL,N,285,LEU,O,3.376,bb-bb
9bqj,active,289,ALA,N,285,LEU,O,2.877,bb-bb
9bqj,active,289,ALA,N,286,VAL,O,3.41,bb-bb
9bqj,active,290,VAL,N,286,VAL,O,2.89,bb-bb
9bqj,active,289,ALA,N,287,VAL,O,3.404,bb-bb
9bqj,active,290,VAL,N,287,VAL,O,3.315,bb-bb
9bqj,active,291,PHE,N,287,VAL,O,3.011,bb-bb
9bqj,active,290,VAL,N,288,VAL,O,3.462,bb-bb
9bqj,active,291,PHE,N,288,VAL,O,3.297,bb-bb
9bqj,active,292,ILE,N,288,VAL,O,2.956,bb-bb
9bqj,active,291,PHE,N,289,ALA,O,3.454,bb-bb
9bqj,active,292,ILE,N,289,ALA,O,3.365,bb-bb
9bqj,active,293,VAL,N,289,ALA,O,2.897,bb-bb
9bqj,active,292,ILE,N,290,VAL,O,3.415,bb-bb
9bqj,active,293,VAL,N,290,VAL,O,3.466,bb-bb
9bqj,active,294,CYS,N,290,VAL,O,2.921,bb-bb
9bqj,active,293,VAL,N,291,PHE,O,3.5,bb-bb
9bqj,active,294,CYS,N,291,PHE,O,3.389,bb-bb
9bqj,active,295,TRP,N,291,PHE,O,2.98,bb-bb
9bqj,active,294,CYS,N,292,ILE,O,3.31,bb-bb
9bqj,active,295,TRP,N,292,ILE,O,3.312,bb-bb
9bqj,active,296,THR,N,292,ILE,O,2.965,bb-bb
9bqj,active,296,THR,OG1,292,ILE,O,2.418,bb-sc
9bqj,active,295,TRP,NE1,330,ASN,OD1,3.079,sc-sc
9bqj,active,298,ILE,N,296,THR,O,3.297,bb-bb
9bqj,active,299,HIS,N,296,THR,O,3.274,bb-bb
9bqj,active,300,ILE,N,296,THR,O,2.982,bb-bb
9bqj,active,299,HIS,N,297,PRO,O,3.472,bb-bb
9bqj,active,300,ILE,N,297,PRO,O,3.417,bb-bb
9bqj,active,301,TYR,N,297,PRO,O,2.893,bb-bb
9bqj,active,301,TYR,N,298,ILE,O,3.387,bb-bb
9bqj,active,302,VAL,N,298,ILE,O,2.925,bb-bb
9bqj,active,301,TYR,N,299,HIS,O,3.428,bb-bb
9bqj,active,302,VAL,N,299,HIS,O,3.306,bb-bb
9bqj,active,303,ILE,N,299,HIS,O,2.945,bb-bb
9bqj,active,302,VAL,N,300,ILE,O,3.492,bb-bb
9bqj,active,303,ILE,N,300,ILE,O,3.292,bb-bb
9bqj,active,304,ILE,N,300,ILE,O,2.923,bb-bb
9bqj,active,303,ILE,N,301,TYR,O,3.457,bb-bb
9bqj,active,304,ILE,N,301,TYR,O,3.342,bb-bb
9bqj,active,305,LYS,N,301,TYR,O,2.904,bb-bb
9bqj,active,301,TYR,OH,316,GLN,O,2.984,bb-sc
9bqj,active,304,ILE,N,302,VAL,O,3.461,bb-bb
9bqj,active,305,LYS,N,302,VAL,O,3.31,bb-bb
9bqj,active,306,ALA,N,302,VAL,O,2.912,bb-bb
9bqj,active,305,LYS,N,303,ILE,O,3.441,bb-bb
9bqj,active,306,ALA,N,303,ILE,O,3.304,bb-bb
9bqj,active,307,LEU,N,303,ILE,O,2.915,bb-bb
9bqj,active,306,ALA,N,304,ILE,O,3.42,bb-bb
9bqj,active,307,LEU,N,304,ILE,O,3.171,bb-bb
9bqj,active,308,ILE,N,304,ILE,O,2.807,bb-bb
9bqj,active,307,LEU,N,305,LYS,O,3.432,bb-bb
9bqj,active,310,ILE,N,308,ILE,O,3.333,bb-bb
9bqj,active,311,PRO,N,309,THR,O,3.482,bb-bb
9bqj,active,313,THR,N,311,PRO,O,3.438,bb-bb
9bqj,active,313,THR,OG1,311,PRO,O,3.3,bb-sc
9bqj,active,315,PHE,N,313,THR,O,3.124,bb-bb
9bqj,active,316,GLN,N,313,THR,O,2.985,bb-bb
9bqj,active,317,THR,N,313,THR,O,3.491,bb-bb
9bqj,active,317,THR,OG1,314,THR,O,3.185,bb-sc
9bqj,active,318,VAL,N,315,PHE,O,3.379,bb-bb
9bqj,active,319,SER,N,315,PHE,O,2.903,bb-bb
9bqj,active,319,SER,OG,315,PHE,O,2.902,bb-sc
9bqj,active,318,VAL,N,316,GLN,O,3.465,bb-bb
9bqj,active,319,SER,N,316,GLN,O,3.302,bb-bb
9bqj,active,320,TRP,N,316,GLN,O,2.918,bb-bb
9bqj,active,319,SER,N,317,THR,O,3.458,bb-bb
9bqj,active,320,TRP,N,317,THR,O,3.342,bb-bb
9bqj,active,321,HIS,N,317,THR,O,2.917,bb-bb
9bqj,active,321,HIS,ND1,317,THR,O,3.259,bb-sc
9bqj,active,320,TRP,N,318,VAL,O,3.478,bb-bb
9bqj,active,321,HIS,N,318,VAL,O,3.382,bb-bb
9bqj,active,322,PHE,N,318,VAL,O,2.875,bb-bb
9bqj,active,321,HIS,N,319,SER,O,3.493,bb-bb
9bqj,active,322,PHE,N,319,SER,O,3.294,bb-bb
9bqj,active,323,CYS,N,319,SER,O,2.909,bb-bb
9bqj,active,322,PHE,N,320,TRP,O,3.433,bb-bb
9bqj,active,323,CYS,N,320,TRP,O,3.226,bb-bb
9bqj,active,324,ILE,N,320,TRP,O,2.965,bb-bb
9bqj,active,323,CYS,N,321,HIS,O,3.494,bb-bb
9bqj,active,324,ILE,N,321,HIS,O,3.341,bb-bb
9bqj,active,325,ALA,N,321,HIS,O,2.843,bb-bb
9bqj,active,325,ALA,N,322,PHE,O,3.227,bb-bb
9bqj,active,326,LEU,N,322,PHE,O,2.904,bb-bb
9bqj,active,325,ALA,N,323,CYS,O,3.402,bb-bb
9bqj,active,326,LEU,N,323,CYS,O,3.068,bb-bb
9bqj,active,327,GLY,N,323,CYS,O,3.187,bb-bb
9bqj,active,326,LEU,N,324,ILE,O,3.309,bb-bb
9bqj,active,327,GLY,N,324,ILE,O,3.233,bb-bb
9bqj,active,328,TYR,N,324,ILE,O,3.16,bb-bb
9bqj,active,327,GLY,N,325,ALA,O,3.475,bb-bb
9bqj,active,328,TYR,N,325,ALA,O,3.243,bb-bb
9bqj,active,329,THR,N,325,ALA,O,2.721,bb-bb
9bqj,active,329,THR,OG1,325,ALA,O,2.777,bb-sc
9bqj,active,329,THR,N,326,LEU,O,3.216,bb-bb
9bqj,active,330,ASN,N,326,LEU,O,2.818,bb-bb
9bqj,active,330,ASN,N,327,GLY,O,3.213,bb-bb
9bqj,active,331,SER,N,327,GLY,O,3.129,bb-bb
9bqj,active,330,ASN,N,328,TYR,O,3.435,bb-bb
9bqj,active,331,SER,N,328,TYR,O,3.088,bb-bb
9bqj,active,331,SER,OG,328,TYR,O,2.704,bb-sc
9bqj,active,332,CYS,N,328,TYR,O,3.089,bb-bb
9bqj,active,331,SER,N,329,THR,O,3.347,bb-bb
9bqj,active,332,CYS,N,329,THR,O,3.208,bb-bb
9bqj,active,333,LEU,N,329,THR,O,2.914,bb-bb
9bqj,active,332,CYS,N,330,ASN,O,3.409,bb-bb
9bqj,active,333,LEU,N,330,ASN,O,3.266,bb-bb
9bqj,active,334,ASN,N,330,ASN,O,3.047,bb-bb
9bqj,active,333,LEU,N,331,SER,O,3.495,bb-bb
9bqj,active,334,ASN,N,331,SER,O,3.494,bb-bb
9bqj,active,336,VAL,N,333,LEU,O,3.376,bb-bb
9bqj,active,337,LEU,N,334,ASN,O,3.344,bb-bb
9bqj,active,338,TYR,N,334,ASN,O,3.205,bb-bb
9bqj,active,337,LEU,N,335,PRO,O,2.902,bb-bb
9bqj,active,338,TYR,N,335,PRO,O,3.194,bb-bb
9bqj,active,339,ALA,N,335,PRO,O,2.87,bb-bb
9bqj,active,340,PHE,N,335,PRO,O,3.445,bb-bb
9bqj,active,341,LEU,N,339,ALA,O,2.995,bb-bb
9bqj,active,342,ASP,N,339,ALA,O,2.846,bb-bb
9bqj,active,346,LYS,NZ,340,PHE,O,3.247,bb-sc
9bqj,active,343,GLU,N,341,LEU,O,3.47,bb-bb
9bqj,active,344,ASN,N,342,ASP,O,3.337,bb-bb
9bqj,active,345,PHE,N,342,ASP,O,3.087,bb-bb
9bqj,active,346,LYS,N,342,ASP,O,2.938,bb-bb
9bqj,active,345,PHE,N,343,GLU,O,3.479,bb-bb
9bqj,active,346,LYS,N,343,GLU,O,3.31,bb-bb
9bqj,active,347,ARG,N,343,GLU,O,2.904,bb-bb
9bqj,active,346,LYS,N,344,ASN,O,3.493,bb-bb
9bqj,active,347,ARG,N,344,ASN,O,3.319,bb-bb
9bqj,active,348,CYS,N,344,ASN,O,2.898,bb-bb
9bqj,active,347,ARG,N,345,PHE,O,3.488,bb-bb
9bqj,active,348,CYS,N,345,PHE,O,3.26,bb-bb
9bqj,active,349,PHE,N,345,PHE,O,2.797,bb-bb
9bqj,active,348,CYS,N,346,LYS,O,3.469,bb-bb
9bqj,active,349,PHE,N,346,LYS,O,3.286,bb-bb
9bqj,active,350,ARG,N,346,LYS,O,2.896,bb-bb
9bqj,active,350,ARG,N,347,ARG,O,3.449,bb-bb
9bqj,active,350,ARG,N,348,CYS,O,3.469,bb-bb
