pdb_id,state,res1_num,res1_name,res1_atom,res2_num,res2_name,res2_atom,distance
4dkl,inactive,67,MET,CB,70,ALA,CB,4.305
4dkl,inactive,68,VAL,CG1,71,ILE,CD1,4.41
4dkl,inactive,70,ALA,CB,131,LEU,CD2,4.448
4dkl,inactive,71,ILE,CG2,131,LEU,CD2,4.366
4dkl,inactive,74,MET,CG,131,LEU,CD1,4.433
4dkl,inactive,76,LEU,CD2,80,VAL,CG2,3.811
4dkl,inactive,76,LEU,CD2,325,ALA,CB,4.263
4dkl,inactive,80,VAL,CG1,123,LEU,CD1,3.999
4dkl,inactive,85,LEU,CD2,89,PHE,CE2,3.502
4dkl,inactive,86,PHE,CZ,352,PHE,CE2,4.39
4dkl,inactive,90,LEU,CD1,94,VAL,CG2,4.292
4dkl,inactive,90,LEU,CD2,349,PHE,CD1,4.132
4dkl,inactive,90,LEU,CD1,352,PHE,CG,4.08
4dkl,inactive,91,VAL,CG1,95,ILE,CG1,4.297
4dkl,inactive,91,VAL,CG1,109,ILE,CG2,4.04
4dkl,inactive,91,VAL,CG1,113,ALA,CB,3.824
4dkl,inactive,91,VAL,CG2,335,PRO,CB,3.991
4dkl,inactive,91,VAL,CG1,345,PHE,CE1,4.283
4dkl,inactive,92,MET,CB,110,PHE,CE1,3.615
4dkl,inactive,92,MET,CG,113,ALA,CB,3.675
4dkl,inactive,92,MET,CE,114,LEU,CD1,3.737
4dkl,inactive,94,VAL,CG1,101,MET,CG,3.908
4dkl,inactive,95,ILE,CD1,101,MET,CE,3.787
4dkl,inactive,95,ILE,CB,110,PHE,CD1,4.086
4dkl,inactive,95,ILE,CD1,345,PHE,CZ,3.523
4dkl,inactive,96,VAL,CG2,110,PHE,CE1,3.637
4dkl,inactive,101,MET,CE,345,PHE,CE1,3.674
4dkl,inactive,104,ALA,CB,186,ALA,CB,4.264
4dkl,inactive,107,ILE,CG1,183,PRO,CB,3.982
4dkl,inactive,107,ILE,CG2,186,ALA,CB,3.686
4dkl,inactive,109,ILE,CD1,283,MET,CE,3.814
4dkl,inactive,109,ILE,CD1,345,PHE,CE2,3.71
4dkl,inactive,112,LEU,CD2,160,LEU,CD2,4.06
4dkl,inactive,112,LEU,CD2,287,VAL,CG1,4.316
4dkl,inactive,114,LEU,CD2,194,TRP,CZ2,3.82
4dkl,inactive,118,LEU,CB,148,ILE,CG2,3.629
4dkl,inactive,118,LEU,CD1,194,TRP,CH2,4.192
4dkl,inactive,125,PHE,CB,135,TRP,CH2,4.129
4dkl,inactive,125,PHE,CB,137,PHE,CE2,3.944
4dkl,inactive,125,PHE,CE1,141,LEU,CD2,3.662
4dkl,inactive,128,VAL,CG2,137,PHE,CZ,3.369
4dkl,inactive,135,TRP,CZ2,141,LEU,CG,4.341
4dkl,inactive,135,TRP,CH2,145,VAL,CG2,3.905
4dkl,inactive,135,TRP,CB,217,ILE,CG2,4.096
4dkl,inactive,137,PHE,CB,141,LEU,CD2,3.542
4dkl,inactive,140,ILE,CG2,144,ILE,CD1,4.013
4dkl,inactive,141,LEU,CD1,144,ILE,CD1,4.194
4dkl,inactive,144,ILE,CG2,148,ILE,CD1,3.695
4dkl,inactive,146,ILE,CG2,204,VAL,CG1,3.714
4dkl,inactive,146,ILE,CD1,208,ALA,CB,4.023
4dkl,inactive,153,MET,CE,238,VAL,CG2,3.48
4dkl,inactive,153,MET,CG,242,ALA,CB,4.353
4dkl,inactive,153,MET,CG,295,TRP,CZ3,3.516
4dkl,inactive,154,PHE,CD2,158,PHE,CZ,3.722
4dkl,inactive,154,PHE,CZ,200,ILE,CD1,3.402
4dkl,inactive,154,PHE,CE1,238,VAL,CG2,3.825
4dkl,inactive,154,PHE,CE2,241,PHE,CB,3.962
4dkl,inactive,154,PHE,CE1,242,ALA,CB,3.548
4dkl,inactive,157,ILE,CD1,246,PRO,CG,3.591
4dkl,inactive,157,ILE,CD1,247,VAL,CG2,4.433
4dkl,inactive,157,ILE,CD1,291,PHE,CE2,4.022
4dkl,inactive,158,PHE,CE2,196,LEU,CB,4.23
4dkl,inactive,160,LEU,CD2,163,MET,CE,4.392
4dkl,inactive,160,LEU,CD2,287,VAL,CG1,3.894
4dkl,inactive,160,LEU,CD2,288,VAL,CG2,3.963
4dkl,inactive,160,LEU,CD1,291,PHE,CG,3.397
4dkl,inactive,163,MET,CE,284,VAL,CG1,3.659
4dkl,inactive,165,VAL,CG1,169,ILE,CD1,3.904
4dkl,inactive,169,ILE,CG2,177,ALA,CB,4.074
4dkl,inactive,169,ILE,CD1,180,PHE,CE1,3.5
4dkl,inactive,171,VAL,CG1,261,LEU,CD1,3.444
4dkl,inactive,171,VAL,CG2,277,LEU,CD2,4.279
4dkl,inactive,191,VAL,CG1,195,ILE,CD1,3.967
4dkl,inactive,200,ILE,CD1,234,LEU,CD1,4.02
4dkl,inactive,202,LEU,CD2,205,MET,CE,4.313
4dkl,inactive,203,PRO,CB,207,MET,CE,4.208
4dkl,inactive,204,VAL,CG2,221,LEU,CD2,4.104
4dkl,inactive,204,VAL,CG2,234,LEU,CD1,4.359
4dkl,inactive,207,MET,CB,221,LEU,CD1,4.056
4dkl,inactive,208,ALA,CB,221,LEU,CD1,3.759
4dkl,inactive,221,LEU,CD2,234,LEU,CD2,3.619
4dkl,inactive,223,PHE,CD1,230,TRP,CB,3.628
4dkl,inactive,223,PHE,CZ,234,LEU,CD2,4.404
4dkl,inactive,230,TRP,CE3,233,LEU,CD2,4.081
4dkl,inactive,236,ILE,CG2,240,ILE,CG1,4.141
4dkl,inactive,238,VAL,CG2,242,ALA,CB,3.75
4dkl,inactive,239,PHE,CE1,243,PHE,CD2,3.577
4dkl,inactive,239,PHE,CE2,244,ILE,CG1,3.661
4dkl,inactive,239,PHE,CD1,303,ILE,CG1,3.472
4dkl,inactive,240,ILE,CD1,244,ILE,CG1,4.38
4dkl,inactive,241,PHE,CE1,245,MET,CE,4.074
4dkl,inactive,243,PHE,CE1,247,VAL,CG2,4.345
4dkl,inactive,244,ILE,CG2,248,LEU,CD1,3.899
4dkl,inactive,245,MET,CG,249,ILE,CD1,4.005
4dkl,inactive,250,ILE,CD1,288,VAL,CG1,4.226
4dkl,inactive,252,VAL,CG1,256,LEU,CD2,4.398
4dkl,inactive,256,LEU,CD1,259,LEU,CD2,4.34
4dkl,inactive,264,VAL,CG2,1008,MET,CB,4.175
4dkl,inactive,264,VAL,CG2,1160,TRP,CE3,4.332
4dkl,inactive,1005,ILE,CD1,1008,MET,CB,4.412
4dkl,inactive,1005,ILE,CD1,1009,LEU,CD1,3.974
4dkl,inactive,1005,ILE,CB,1099,ALA,CB,3.866
4dkl,inactive,1005,ILE,CD1,1102,ILE,CB,4.489
4dkl,inactive,1006,PHE,CD1,1069,PHE,CE2,3.701
4dkl,inactive,1006,PHE,CE1,1073,VAL,CG1,3.86
4dkl,inactive,1008,MET,CB,1160,TRP,CZ3,3.787
4dkl,inactive,1009,LEU,CB,1069,PHE,CZ,3.78
4dkl,inactive,1009,LEU,CD1,1106,PHE,CD1,3.552
4dkl,inactive,1015,LEU,CD2,1031,ILE,CG1,3.777
4dkl,inactive,1015,LEU,CD2,1065,ALA,CB,3.964
4dkl,inactive,1017,LEU,CD2,1060,ILE,CG1,3.723
4dkl,inactive,1017,LEU,CD2,1065,ALA,CB,4.313
4dkl,inactive,1019,ILE,CG1,1029,ILE,CD1,3.876
4dkl,inactive,1019,ILE,CG2,1035,LEU,CD1,4.426
4dkl,inactive,1019,ILE,CD1,1041,LEU,CD1,3.945
4dkl,inactive,1019,ILE,CD1,1044,ALA,CB,4.464
4dkl,inactive,1019,ILE,CD1,1048,LEU,CD2,3.852
4dkl,inactive,1029,ILE,CG2,1035,LEU,CD1,4.057
4dkl,inactive,1029,ILE,CD1,1048,LEU,CD2,3.614
4dkl,inactive,1029,ILE,CD1,1060,ILE,CG1,4.192
4dkl,inactive,1031,ILE,CG2,1069,PHE,CE1,3.566
4dkl,inactive,1035,LEU,CD1,1044,ALA,CB,4.051
4dkl,inactive,1048,LEU,CD1,1052,ILE,CG1,4.089
4dkl,inactive,1048,LEU,CD1,1060,ILE,CG2,3.771
4dkl,inactive,1052,ILE,CG1,1060,ILE,CG2,4.26
4dkl,inactive,1052,ILE,CD1,1068,LEU,CD1,4.493
4dkl,inactive,1060,ILE,CD1,1065,ALA,CB,3.792
4dkl,inactive,1060,ILE,CD1,1068,LEU,CD1,4.419
4dkl,inactive,1069,PHE,CE1,1073,VAL,CG2,3.998
4dkl,inactive,1069,PHE,CE1,1106,PHE,CE1,4.001
4dkl,inactive,1073,VAL,CG1,1102,ILE,CG2,4.378
4dkl,inactive,1073,VAL,CG2,1106,PHE,CE1,4.464
4dkl,inactive,1076,ALA,CB,1102,ILE,CG2,4.013
4dkl,inactive,1076,ALA,CB,1105,VAL,CG1,3.82
4dkl,inactive,1077,VAL,CG1,1081,LEU,CD1,4.369
4dkl,inactive,1077,VAL,CG2,1102,ILE,CD1,3.772
4dkl,inactive,1080,ILE,CG2,1086,LEU,CB,3.827
4dkl,inactive,1080,ILE,CD1,1102,ILE,CG1,4.267
4dkl,inactive,1080,ILE,CG1,1105,VAL,CG2,3.636
4dkl,inactive,1086,LEU,CD2,1113,VAL,CG1,3.935
4dkl,inactive,1086,LEU,CD2,1120,LEU,CD1,4.109
4dkl,inactive,1089,VAL,CG1,1093,LEU,CD1,4.456
4dkl,inactive,1089,VAL,CG2,1120,LEU,CB,3.964
4dkl,inactive,1089,VAL,CG1,1123,LEU,CB,4.05
4dkl,inactive,1093,LEU,CD1,1101,LEU,CD2,4.15
4dkl,inactive,1093,LEU,CD2,1128,TRP,CH2,3.903
4dkl,inactive,1093,LEU,CD1,1155,PHE,CE1,4.316
4dkl,inactive,1096,VAL,CG2,1160,TRP,CE2,4.008
4dkl,inactive,1099,ALA,CB,1160,TRP,CH2,3.84
4dkl,inactive,1100,ALA,CB,1151,VAL,CG1,3.774
4dkl,inactive,1100,ALA,CB,1155,PHE,CE1,3.749
4dkl,inactive,1101,LEU,CD1,1113,VAL,CG1,4.285
4dkl,inactive,1101,LEU,CD1,1120,LEU,CD2,4.493
4dkl,inactive,1101,LEU,CD1,1155,PHE,CZ,3.936
4dkl,inactive,1104,MET,CB,1113,VAL,CG2,4.071
4dkl,inactive,1104,MET,CE,1116,PHE,CE1,3.428
4dkl,inactive,1104,MET,CE,1135,LEU,CD2,4.359
4dkl,inactive,1104,MET,CE,1140,TRP,CZ3,3.495
4dkl,inactive,1104,MET,CG,1151,VAL,CG1,4.009
4dkl,inactive,1104,MET,CG,1155,PHE,CE2,4.441
4dkl,inactive,1105,VAL,CG2,1113,VAL,CG2,4.218
4dkl,inactive,1108,MET,CG,1113,VAL,CG2,3.683
4dkl,inactive,1108,MET,CE,1140,TRP,CD1,3.39
4dkl,inactive,1113,VAL,CG1,1116,PHE,CD1,3.866
4dkl,inactive,1116,PHE,CB,1120,LEU,CG,3.919
4dkl,inactive,1122,MET,CB,1131,ALA,CB,3.653
4dkl,inactive,1123,LEU,CD2,1128,TRP,CZ3,3.56
4dkl,inactive,1123,LEU,CD2,1131,ALA,CB,3.895
4dkl,inactive,1123,LEU,CD1,1155,PHE,CE1,3.779
4dkl,inactive,1132,ALA,CB,1152,ILE,CG2,3.681
4dkl,inactive,1135,LEU,CD2,1140,TRP,CZ3,4.324
4dkl,inactive,1135,LEU,CB,1152,ILE,CD1,3.681
4dkl,inactive,1135,LEU,CD1,1155,PHE,CD2,3.77
4dkl,inactive,1136,ALA,CB,1152,ILE,CD1,4.22
4dkl,inactive,1140,TRP,CZ2,1148,ALA,CB,3.614
4dkl,inactive,1140,TRP,CH2,1151,VAL,CB,3.828
4dkl,inactive,1140,TRP,CZ3,1152,ILE,CG1,4.106
4dkl,inactive,1151,VAL,CG1,1155,PHE,CE2,4.227
4dkl,inactive,280,ILE,CG2,284,VAL,CG2,4.312
4dkl,inactive,283,MET,CG,341,LEU,CB,3.594
4dkl,inactive,283,MET,CE,345,PHE,CD2,4.049
4dkl,inactive,284,VAL,CG1,288,VAL,CG2,4.294
4dkl,inactive,286,VAL,CB,341,LEU,CD1,3.621
4dkl,inactive,288,VAL,CG1,292,ILE,CD1,4.229
4dkl,inactive,290,VAL,CG1,333,LEU,CD2,4.112
4dkl,inactive,290,VAL,CG2,337,LEU,CD1,3.841
4dkl,inactive,291,PHE,CE1,295,TRP,CD1,3.417
4dkl,inactive,295,TRP,CE3,298,ILE,CG2,4.474
4dkl,inactive,297,PRO,CG,326,LEU,CD1,4.372
4dkl,inactive,298,ILE,CD1,302,VAL,CG2,3.842
4dkl,inactive,298,ILE,CD1,320,TRP,CH2,4.345
4dkl,inactive,298,ILE,CD1,324,ILE,CD1,3.522
4dkl,inactive,300,ILE,CG2,304,ILE,CD1,3.681
4dkl,inactive,302,VAL,CG2,320,TRP,CH2,4.134
4dkl,inactive,303,ILE,CG2,307,LEU,CD2,4.256
4dkl,inactive,304,ILE,CG2,308,ILE,CG1,4.038
4dkl,inactive,304,ILE,CG2,310,ILE,CD1,4.46
4dkl,inactive,320,TRP,CD1,324,ILE,CG1,4.305
4dkl,inactive,322,PHE,CE2,326,LEU,CD2,3.347
4dkl,inactive,336,VAL,CG1,340,PHE,CE2,4.315
4dkl,inactive,337,LEU,CB,341,LEU,CD1,4.392
5c1m,active,65,PRO,CB,70,ALA,CB,4.489
5c1m,active,67,MET,CG,71,ILE,CD1,4.05
5c1m,active,73,ILE,CD1,318,VAL,CG2,4.402
5c1m,active,74,MET,CE,131,LEU,CD1,3.736
5c1m,active,75,ALA,CB,79,ILE,CD1,4.388
5c1m,active,76,LEU,CD1,322,PHE,CD1,3.662
5c1m,active,76,LEU,CD2,325,ALA,CB,3.948
5c1m,active,79,ILE,CG2,83,VAL,CG2,4.133
5c1m,active,80,VAL,CG1,123,LEU,CD1,3.652
5c1m,active,80,VAL,CG2,325,ALA,CB,4.364
5c1m,active,85,LEU,CD2,89,PHE,CE1,4.182
5c1m,active,85,LEU,CD2,117,ALA,CB,4.44
5c1m,active,86,PHE,CZ,90,LEU,CD2,4.265
5c1m,active,89,PHE,CG,92,MET,CE,4.051
5c1m,active,89,PHE,CE1,117,ALA,CB,3.976
5c1m,active,90,LEU,CD1,94,VAL,CG2,4.2
5c1m,active,90,LEU,CD2,340,PHE,CZ,3.552
5c1m,active,91,VAL,CG1,95,ILE,CD1,4.005
5c1m,active,91,VAL,CG1,109,ILE,CG2,3.666
5c1m,active,91,VAL,CG1,113,ALA,CB,3.789
5c1m,active,91,VAL,CG2,335,PRO,CB,3.727
5c1m,active,91,VAL,CG2,339,ALA,CB,3.732
5c1m,active,91,VAL,CG2,340,PHE,CZ,3.894
5c1m,active,91,VAL,CG1,345,PHE,CZ,4.194
5c1m,active,92,MET,CG,110,PHE,CE2,3.61
5c1m,active,92,MET,CG,113,ALA,CB,3.771
5c1m,active,92,MET,CE,117,ALA,CB,3.82
5c1m,active,94,VAL,CG1,345,PHE,CZ,3.598
5c1m,active,95,ILE,CG2,101,MET,CG,3.645
5c1m,active,95,ILE,CD1,109,ILE,CG2,3.659
5c1m,active,95,ILE,CD1,110,PHE,CB,3.744
5c1m,active,95,ILE,CG1,345,PHE,CE2,3.663
5c1m,active,96,VAL,CG2,110,PHE,CE2,3.881
5c1m,active,101,MET,CG,107,ILE,CG1,4.163
5c1m,active,101,MET,CE,110,PHE,CG,4.035
5c1m,active,104,ALA,CB,186,ALA,CB,3.725
5c1m,active,107,ILE,CD1,183,PRO,CB,3.641
5c1m,active,107,ILE,CG2,186,ALA,CB,3.822
5c1m,active,109,ILE,CG1,163,MET,CE,4.047
5c1m,active,109,ILE,CG2,339,ALA,CB,3.737
5c1m,active,110,PHE,CE1,114,LEU,CD2,4.349
5c1m,active,114,LEU,CD1,118,LEU,CD1,4.213
5c1m,active,118,LEU,CB,148,ILE,CG2,4.311
5c1m,active,125,PHE,CB,135,TRP,CH2,3.926
5c1m,active,125,PHE,CD1,137,PHE,CE2,3.771
5c1m,active,125,PHE,CE1,141,LEU,CD2,4.177
5c1m,active,125,PHE,CG,145,VAL,CG2,3.908
5c1m,active,128,VAL,CG1,132,MET,CG,4.134
5c1m,active,128,VAL,CG1,136,PRO,CG,3.974
5c1m,active,128,VAL,CG1,137,PHE,CZ,3.78
5c1m,active,135,TRP,CZ2,141,LEU,CB,4.401
5c1m,active,135,TRP,CH2,145,VAL,CB,4.072
5c1m,active,135,TRP,CB,217,ILE,CG2,4.207
5c1m,active,137,PHE,CB,141,LEU,CD2,3.618
5c1m,active,140,ILE,CG2,144,ILE,CD1,3.911
5c1m,active,144,ILE,CG2,148,ILE,CD1,3.776
5c1m,active,146,ILE,CG2,204,VAL,CB,4.035
5c1m,active,146,ILE,CD1,208,ALA,CB,3.9
5c1m,active,146,ILE,CG2,221,LEU,CD2,4.103
5c1m,active,153,MET,CG,157,ILE,CD1,3.939
5c1m,active,153,MET,CE,238,VAL,CG1,4.378
5c1m,active,153,MET,CE,242,ALA,CB,3.486
5c1m,active,153,MET,CE,295,TRP,CZ3,3.385
5c1m,active,154,PHE,CD1,158,PHE,CZ,3.53
5c1m,active,154,PHE,CZ,200,ILE,CD1,3.563
5c1m,active,154,PHE,CZ,238,VAL,CG2,4.206
5c1m,active,154,PHE,CE1,241,PHE,CB,3.859
5c1m,active,154,PHE,CE1,242,ALA,CB,3.665
5c1m,active,157,ILE,CD1,242,ALA,CB,3.87
5c1m,active,157,ILE,CG2,246,PRO,CG,3.375
5c1m,active,157,ILE,CG1,291,PHE,CE2,4.001
5c1m,active,157,ILE,CD1,295,TRP,CE2,3.988
5c1m,active,158,PHE,CE2,196,LEU,CD2,3.586
5c1m,active,158,PHE,CE1,245,MET,CE,3.604
5c1m,active,160,LEU,CD1,250,ILE,CG2,4.265
5c1m,active,160,LEU,CD1,291,PHE,CD2,3.925
5c1m,active,165,VAL,CG1,169,ILE,CD1,3.887
5c1m,active,165,VAL,CG2,249,ILE,CG2,3.761
5c1m,active,169,ILE,CG2,177,ALA,CB,3.896
5c1m,active,169,ILE,CD1,180,PHE,CD2,3.766
5c1m,active,171,VAL,CG2,257,MET,CG,3.622
5c1m,active,171,VAL,CG1,261,LEU,CG,3.908
5c1m,active,180,PHE,CE1,189,VAL,CG2,4.201
5c1m,active,191,VAL,CG1,195,ILE,CD1,4.118
5c1m,active,200,ILE,CG2,204,VAL,CG1,4.009
5c1m,active,200,ILE,CG2,234,LEU,CD1,4.194
5c1m,active,200,ILE,CD1,238,VAL,CG2,4.171
5c1m,active,204,VAL,CG1,207,MET,CE,4.25
5c1m,active,204,VAL,CB,221,LEU,CD2,4.157
5c1m,active,207,MET,CE,221,LEU,CD1,3.972
5c1m,active,207,MET,CE,223,PHE,CE1,3.439
5c1m,active,207,MET,CE,234,LEU,CD2,3.937
5c1m,active,208,ALA,CB,221,LEU,CD2,3.916
5c1m,active,221,LEU,CD1,234,LEU,CD2,3.624
5c1m,active,223,PHE,CB,230,TRP,CB,4.174
5c1m,active,223,PHE,CE1,234,LEU,CD2,3.646
5c1m,active,226,PRO,CD,230,TRP,CD1,4.239
5c1m,active,230,TRP,CZ3,233,LEU,CD2,3.53
5c1m,active,234,LEU,CD1,238,VAL,CG2,3.971
5c1m,active,236,ILE,CG2,240,ILE,CD1,4.363
5c1m,active,236,ILE,CD1,303,ILE,CD1,4.258
5c1m,active,238,VAL,CG1,242,ALA,CB,4.387
5c1m,active,239,PHE,CE1,243,PHE,CD2,3.685
5c1m,active,239,PHE,CZ,244,ILE,CD1,3.604
5c1m,active,239,PHE,CE1,300,ILE,CD1,4.148
5c1m,active,239,PHE,CB,303,ILE,CD1,4.355
5c1m,active,240,ILE,CG2,244,ILE,CG1,4.344
5c1m,active,241,PHE,CD1,245,MET,CE,4.14
5c1m,active,243,PHE,CE1,247,VAL,CG2,4.028
5c1m,active,243,PHE,CD1,291,PHE,CE1,4.164
5c1m,active,243,PHE,CD1,295,TRP,CB,4.0
5c1m,active,244,ILE,CG2,248,LEU,CD1,4.147
5c1m,active,245,MET,CG,249,ILE,CD1,3.675
5c1m,active,246,PRO,CB,291,PHE,CZ,3.798
5c1m,active,247,VAL,CG2,291,PHE,CE1,3.819
5c1m,active,247,VAL,CG2,292,ILE,CG1,4.43
5c1m,active,250,ILE,CD1,288,VAL,CG2,3.948
5c1m,active,250,ILE,CD1,291,PHE,CB,4.415
5c1m,active,252,VAL,CG1,256,LEU,CD1,3.95
5c1m,active,256,LEU,CD2,259,LEU,CD1,4.109
5c1m,active,257,MET,CG,261,LEU,CD1,4.369
5c1m,active,257,MET,CE,280,ILE,CG2,3.754
5c1m,active,257,MET,CE,284,VAL,CG2,3.847
5c1m,active,258,ILE,CD1,284,VAL,CG2,3.781
5c1m,active,261,LEU,CB,277,LEU,CD2,3.635
5c1m,active,261,LEU,CD1,280,ILE,CD1,3.852
5c1m,active,280,ILE,CG2,284,VAL,CG2,4.401
5c1m,active,283,MET,CE,287,VAL,CG1,3.698
5c1m,active,284,VAL,CG1,288,VAL,CG2,4.426
5c1m,active,286,VAL,CG1,290,VAL,CG2,4.189
5c1m,active,286,VAL,CG1,337,LEU,CD2,3.745
5c1m,active,287,VAL,CG1,337,LEU,CB,4.143
5c1m,active,288,VAL,CG1,292,ILE,CD1,3.876
5c1m,active,290,VAL,CG1,333,LEU,CD1,3.678
5c1m,active,290,VAL,CG1,337,LEU,CD1,3.767
5c1m,active,291,PHE,CE2,295,TRP,CD1,3.545
5c1m,active,295,TRP,CE3,298,ILE,CG2,3.695
5c1m,active,297,PRO,CG,326,LEU,CD1,3.899
5c1m,active,298,ILE,CD1,302,VAL,CG2,4.093
5c1m,active,298,ILE,CD1,320,TRP,CZ3,3.726
5c1m,active,298,ILE,CD1,324,ILE,CG1,3.798
5c1m,active,300,ILE,CG2,304,ILE,CD1,3.764
5c1m,active,302,VAL,CG2,320,TRP,CH2,3.947
5c1m,active,303,ILE,CG2,307,LEU,CD1,4.038
5c1m,active,304,ILE,CG2,308,ILE,CD1,3.811
5c1m,active,320,TRP,CE2,324,ILE,CD1,3.617
5c1m,active,322,PHE,CE2,326,LEU,CD1,3.593
5c1m,active,335,PRO,CB,340,PHE,CE2,3.94
5c1m,active,336,VAL,CG2,340,PHE,CD2,4.465
5c1m,active,336,VAL,CG1,341,LEU,CD1,4.332
5c1m,active,339,ALA,CB,345,PHE,CE1,4.213
5c1m,active,340,PHE,CD1,345,PHE,CE1,3.779
6dde,active,73,ILE,CB,318,VAL,CG2,3.792
6dde,active,79,ILE,CD1,82,VAL,CB,4.479
6dde,active,80,VAL,CG1,123,LEU,CD2,4.278
6dde,active,85,LEU,CB,89,PHE,CE2,4.445
6dde,active,86,PHE,CE2,90,LEU,CD1,3.618
6dde,active,91,VAL,CG1,109,ILE,CG2,4.278
6dde,active,91,VAL,CG1,113,ALA,CB,3.773
6dde,active,91,VAL,CG2,335,PRO,CB,3.692
6dde,active,91,VAL,CG2,339,ALA,CB,3.84
6dde,active,92,MET,CB,110,PHE,CE1,3.863
6dde,active,92,MET,CB,113,ALA,CB,4.392
6dde,active,95,ILE,CB,110,PHE,CD1,4.14
6dde,active,101,MET,CB,107,ILE,CG1,4.436
6dde,active,104,ALA,CB,183,PRO,CG,3.924
6dde,active,104,ALA,CB,186,ALA,CB,3.791
6dde,active,107,ILE,CD1,183,PRO,CB,4.195
6dde,active,107,ILE,CD1,186,ALA,CB,4.393
6dde,active,109,ILE,CG1,163,MET,CE,4.316
6dde,active,112,LEU,CD2,160,LEU,CD2,4.059
6dde,active,114,LEU,CG,118,LEU,CD1,4.302
6dde,active,114,LEU,CD2,194,TRP,CZ2,3.998
6dde,active,125,PHE,CB,135,TRP,CH2,3.877
6dde,active,125,PHE,CD1,137,PHE,CE2,3.508
6dde,active,125,PHE,CE1,145,VAL,CG2,3.602
6dde,active,128,VAL,CB,132,MET,CB,4.442
6dde,active,128,VAL,CG2,136,PRO,CD,3.777
6dde,active,128,VAL,CG2,137,PHE,CE2,4.402
6dde,active,135,TRP,CH2,145,VAL,CG1,3.836
6dde,active,137,PHE,CB,141,LEU,CD1,3.724
6dde,active,146,ILE,CD1,208,ALA,CB,4.072
6dde,active,146,ILE,CD1,221,LEU,CD1,3.743
6dde,active,153,MET,CG,157,ILE,CD1,4.083
6dde,active,153,MET,CE,238,VAL,CG1,4.468
6dde,active,154,PHE,CD1,158,PHE,CZ,4.083
6dde,active,154,PHE,CD2,200,ILE,CG2,3.695
6dde,active,154,PHE,CZ,238,VAL,CG2,3.93
6dde,active,154,PHE,CE1,241,PHE,CD2,3.678
6dde,active,154,PHE,CE1,242,ALA,CB,3.584
6dde,active,157,ILE,CD1,242,ALA,CB,3.713
6dde,active,157,ILE,CG2,246,PRO,CB,3.697
6dde,active,157,ILE,CG1,295,TRP,CZ3,3.512
6dde,active,158,PHE,CE2,196,LEU,CD1,3.614
6dde,active,158,PHE,CZ,241,PHE,CE2,3.501
6dde,active,160,LEU,CD1,291,PHE,CE1,3.598
6dde,active,165,VAL,CG1,169,ILE,CD1,3.858
6dde,active,165,VAL,CG2,249,ILE,CD1,4.273
6dde,active,169,ILE,CG2,177,ALA,CB,3.765
6dde,active,169,ILE,CD1,180,PHE,CD2,4.293
6dde,active,171,VAL,CG2,257,MET,CG,3.729
6dde,active,171,VAL,CG1,261,LEU,CD2,3.848
6dde,active,191,VAL,CG1,195,ILE,CD1,3.883
6dde,active,196,LEU,CD2,199,ALA,CB,4.42
6dde,active,196,LEU,CD1,241,PHE,CZ,4.341
6dde,active,208,ALA,CB,221,LEU,CG,4.263
6dde,active,221,LEU,CD2,234,LEU,CD2,4.018
6dde,active,223,PHE,CB,230,TRP,CB,3.749
6dde,active,230,TRP,CZ3,233,LEU,CD2,4.362
6dde,active,234,LEU,CD1,238,VAL,CG2,4.264
6dde,active,238,VAL,CG1,242,ALA,CB,4.022
6dde,active,239,PHE,CE1,243,PHE,CD2,3.899
6dde,active,239,PHE,CE2,244,ILE,CG1,3.744
6dde,active,239,PHE,CE1,300,ILE,CD1,4.423
6dde,active,239,PHE,CD1,303,ILE,CG1,4.043
6dde,active,243,PHE,CE1,247,VAL,CG2,3.945
6dde,active,243,PHE,CD1,295,TRP,CB,4.269
6dde,active,246,PRO,CB,291,PHE,CZ,4.219
6dde,active,247,VAL,CG2,291,PHE,CE2,3.579
6dde,active,247,VAL,CG2,292,ILE,CG1,4.498
6dde,active,250,ILE,CD1,291,PHE,CD2,4.094
6dde,active,257,MET,CG,261,LEU,CD1,4.25
6dde,active,257,MET,CE,284,VAL,CG2,3.764
6dde,active,258,ILE,CD1,284,VAL,CG1,3.722
6dde,active,261,LEU,CD2,264,VAL,CG2,3.985
6dde,active,261,LEU,CB,277,LEU,CD1,3.793
6dde,active,261,LEU,CD1,280,ILE,CG2,3.896
6dde,active,267,LEU,CB,277,LEU,CB,3.806
6dde,active,286,VAL,CG1,337,LEU,CD1,3.775
6dde,active,287,VAL,CB,337,LEU,CD2,3.762
6dde,active,288,VAL,CG1,292,ILE,CD1,3.99
6dde,active,290,VAL,CG1,337,LEU,CD2,3.772
6dde,active,291,PHE,CE1,295,TRP,CE3,3.454
6dde,active,295,TRP,CD1,298,ILE,CG2,3.61
6dde,active,297,PRO,CD,326,LEU,CD1,3.677
6dde,active,298,ILE,CD1,324,ILE,CG1,3.695
6dde,active,300,ILE,CG2,304,ILE,CD1,3.684
6dde,active,304,ILE,CG2,308,ILE,CD1,3.825
6dde,active,320,TRP,CE2,324,ILE,CD1,4.414
6dde,active,322,PHE,CD1,325,ALA,CB,4.488
6dde,active,322,PHE,CE2,326,LEU,CD2,3.736
6dde,active,336,VAL,CG1,340,PHE,CD2,4.275
6dde,active,337,LEU,CD1,341,LEU,CD1,3.726
6ddf,active,73,ILE,CD1,318,VAL,CG2,3.788
6ddf,active,80,VAL,CG1,123,LEU,CD2,3.748
6ddf,active,80,VAL,CG2,325,ALA,CB,4.367
6ddf,active,82,VAL,CB,86,PHE,CE2,4.475
6ddf,active,85,LEU,CD1,89,PHE,CE2,3.597
6ddf,active,89,PHE,CD1,92,MET,CG,4.136
6ddf,active,89,PHE,CE1,117,ALA,CB,4.159
6ddf,active,90,LEU,CD2,340,PHE,CZ,3.772
6ddf,active,91,VAL,CG1,95,ILE,CG1,4.436
6ddf,active,91,VAL,CG1,109,ILE,CG2,3.952
6ddf,active,91,VAL,CG1,113,ALA,CB,3.766
6ddf,active,91,VAL,CG2,335,PRO,CB,3.609
6ddf,active,91,VAL,CG2,339,ALA,CB,3.69
6ddf,active,92,MET,CB,110,PHE,CE1,3.599
6ddf,active,92,MET,CB,113,ALA,CB,4.46
6ddf,active,95,ILE,CG2,101,MET,CG,4.111
6ddf,active,95,ILE,CG1,109,ILE,CG2,4.336
6ddf,active,95,ILE,CG2,110,PHE,CB,3.905
6ddf,active,101,MET,CE,107,ILE,CG1,4.24
6ddf,active,101,MET,CE,110,PHE,CD2,4.36
6ddf,active,104,ALA,CB,186,ALA,CB,3.892
6ddf,active,107,ILE,CD1,186,ALA,CB,4.33
6ddf,active,109,ILE,CG1,163,MET,CE,4.101
6ddf,active,112,LEU,CD2,160,LEU,CD2,3.743
6ddf,active,114,LEU,CD2,194,TRP,CZ2,4.322
6ddf,active,115,ALA,CB,194,TRP,CH2,4.173
6ddf,active,118,LEU,CD2,148,ILE,CD1,3.764
6ddf,active,125,PHE,CB,135,TRP,CH2,4.085
6ddf,active,125,PHE,CD1,137,PHE,CE2,3.48
6ddf,active,125,PHE,CD2,145,VAL,CG2,3.574
6ddf,active,128,VAL,CB,132,MET,CG,4.097
6ddf,active,128,VAL,CG2,136,PRO,CD,3.759
6ddf,active,128,VAL,CG2,137,PHE,CZ,3.68
6ddf,active,132,MET,CB,136,PRO,CG,4.322
6ddf,active,135,TRP,CZ2,141,LEU,CB,4.199
6ddf,active,135,TRP,CH2,145,VAL,CG1,3.735
6ddf,active,137,PHE,CB,141,LEU,CD1,3.733
6ddf,active,141,LEU,CB,145,VAL,CG2,4.47
6ddf,active,146,ILE,CG2,204,VAL,CG1,3.778
6ddf,active,146,ILE,CD1,208,ALA,CB,3.741
6ddf,active,146,ILE,CD1,221,LEU,CD1,3.688
6ddf,active,153,MET,CG,157,ILE,CD1,4.054
6ddf,active,153,MET,CE,238,VAL,CG1,4.441
6ddf,active,154,PHE,CD1,158,PHE,CZ,3.776
6ddf,active,154,PHE,CG,200,ILE,CG2,4.214
6ddf,active,154,PHE,CZ,238,VAL,CG2,3.75
6ddf,active,154,PHE,CE1,241,PHE,CD2,3.706
6ddf,active,154,PHE,CE1,242,ALA,CB,3.576
6ddf,active,157,ILE,CD1,242,ALA,CB,3.709
6ddf,active,157,ILE,CG2,246,PRO,CB,3.692
6ddf,active,157,ILE,CG1,295,TRP,CZ3,3.508
6ddf,active,158,PHE,CE2,196,LEU,CD1,3.653
6ddf,active,158,PHE,CZ,241,PHE,CE2,3.628
6ddf,active,160,LEU,CD1,291,PHE,CE1,3.626
6ddf,active,165,VAL,CG1,169,ILE,CD1,3.941
6ddf,active,165,VAL,CG2,249,ILE,CD1,3.973
6ddf,active,169,ILE,CG2,177,ALA,CB,3.799
6ddf,active,169,ILE,CD1,180,PHE,CD2,4.108
6ddf,active,171,VAL,CB,257,MET,CG,3.734
6ddf,active,171,VAL,CG1,261,LEU,CD2,3.767
6ddf,active,196,LEU,CD2,199,ALA,CB,4.407
6ddf,active,196,LEU,CD1,241,PHE,CZ,4.124
6ddf,active,202,LEU,CD2,206,PHE,CZ,4.41
6ddf,active,204,VAL,CG1,221,LEU,CD2,3.721
6ddf,active,204,VAL,CG2,234,LEU,CD1,3.77
6ddf,active,207,MET,CE,230,TRP,CD1,4.141
6ddf,active,208,ALA,CB,221,LEU,CG,4.275
6ddf,active,221,LEU,CD2,234,LEU,CD2,3.801
6ddf,active,223,PHE,CB,230,TRP,CB,3.967
6ddf,active,226,PRO,CD,230,TRP,CB,4.313
6ddf,active,230,TRP,CZ3,233,LEU,CD2,3.695
6ddf,active,234,LEU,CD1,238,VAL,CG2,4.18
6ddf,active,238,VAL,CG1,242,ALA,CB,3.965
6ddf,active,239,PHE,CE1,243,PHE,CD2,3.854
6ddf,active,239,PHE,CE2,244,ILE,CG1,3.659
6ddf,active,239,PHE,CD1,303,ILE,CG1,3.817
6ddf,active,240,ILE,CG1,244,ILE,CB,4.333
6ddf,active,243,PHE,CE1,247,VAL,CG2,3.639
6ddf,active,243,PHE,CD1,295,TRP,CB,4.151
6ddf,active,246,PRO,CB,291,PHE,CZ,3.916
6ddf,active,247,VAL,CG2,291,PHE,CE2,3.591
6ddf,active,247,VAL,CG2,292,ILE,CG1,4.329
6ddf,active,250,ILE,CD1,291,PHE,CG,3.961
6ddf,active,257,MET,CG,261,LEU,CD1,4.4
6ddf,active,257,MET,CE,284,VAL,CG2,3.774
6ddf,active,258,ILE,CD1,284,VAL,CG1,3.714
6ddf,active,261,LEU,CD2,264,VAL,CG2,4.016
6ddf,active,261,LEU,CB,277,LEU,CD1,3.841
6ddf,active,261,LEU,CD1,280,ILE,CG2,3.891
6ddf,active,264,VAL,CG1,267,LEU,CD2,4.423
6ddf,active,267,LEU,CD1,277,LEU,CB,3.835
6ddf,active,286,VAL,CG1,337,LEU,CD1,3.716
6ddf,active,287,VAL,CG2,337,LEU,CD2,3.648
6ddf,active,288,VAL,CG1,292,ILE,CD1,3.982
6ddf,active,290,VAL,CG1,337,LEU,CD2,3.765
6ddf,active,291,PHE,CE1,295,TRP,CZ3,3.475
6ddf,active,295,TRP,CD1,298,ILE,CG2,3.489
6ddf,active,297,PRO,CG,326,LEU,CD2,3.757
6ddf,active,298,ILE,CD1,324,ILE,CG1,3.905
6ddf,active,300,ILE,CG2,304,ILE,CD1,3.736
6ddf,active,304,ILE,CG2,308,ILE,CD1,4.084
6ddf,active,322,PHE,CE2,326,LEU,CD2,4.064
6ddf,active,336,VAL,CG2,340,PHE,CD2,4.363
7sbf,active,69,LEU,CD1,73,ILE,CD1,3.9
7sbf,active,73,ILE,CD1,318,VAL,CG2,3.983
7sbf,active,76,LEU,CD1,79,ILE,CD1,3.955
7sbf,active,76,LEU,CD1,80,VAL,CG2,4.207
7sbf,active,76,LEU,CD2,322,PHE,CD1,4.404
7sbf,active,76,LEU,CD2,325,ALA,CB,3.792
7sbf,active,80,VAL,CG1,123,LEU,CD1,3.872
7sbf,active,85,LEU,CD2,89,PHE,CZ,3.84
7sbf,active,89,PHE,CD1,92,MET,CE,3.411
7sbf,active,89,PHE,CE1,117,ALA,CB,3.71
7sbf,active,90,LEU,CD2,94,VAL,CG2,3.82
7sbf,active,90,LEU,CD2,340,PHE,CZ,3.599
7sbf,active,91,VAL,CG1,95,ILE,CD1,3.652
7sbf,active,91,VAL,CG1,109,ILE,CG2,4.168
7sbf,active,91,VAL,CG1,113,ALA,CB,3.692
7sbf,active,91,VAL,CG2,335,PRO,CB,3.624
7sbf,active,91,VAL,CG2,339,ALA,CB,3.705
7sbf,active,91,VAL,CG2,340,PHE,CZ,3.773
7sbf,active,92,MET,CG,110,PHE,CD1,3.763
7sbf,active,92,MET,CG,113,ALA,CB,3.677
7sbf,active,92,MET,CE,117,ALA,CB,4.328
7sbf,active,94,VAL,CG1,345,PHE,CD2,3.976
7sbf,active,95,ILE,CG2,101,MET,CG,3.502
7sbf,active,95,ILE,CD1,109,ILE,CG2,3.631
7sbf,active,95,ILE,CD1,110,PHE,CB,4.104
7sbf,active,95,ILE,CG1,345,PHE,CZ,3.46
7sbf,active,101,MET,CE,107,ILE,CG1,4.203
7sbf,active,104,ALA,CB,183,PRO,CD,4.056
7sbf,active,107,ILE,CB,186,ALA,CB,4.359
7sbf,active,109,ILE,CG2,339,ALA,CB,4.267
7sbf,active,109,ILE,CG2,345,PHE,CZ,4.256
7sbf,active,112,LEU,CD2,160,LEU,CD2,3.659
7sbf,active,112,LEU,CD2,163,MET,CE,3.624
7sbf,active,114,LEU,CD1,118,LEU,CD1,3.675
7sbf,active,114,LEU,CD2,194,TRP,CZ2,3.699
7sbf,active,115,ALA,CB,194,TRP,CH2,4.395
7sbf,active,125,PHE,CB,135,TRP,CH2,3.691
7sbf,active,125,PHE,CD1,137,PHE,CE2,4.055
7sbf,active,125,PHE,CE1,141,LEU,CD1,3.835
7sbf,active,125,PHE,CD2,145,VAL,CG2,3.513
7sbf,active,128,VAL,CG1,132,MET,CE,3.482
7sbf,active,128,VAL,CG1,136,PRO,CG,4.259
7sbf,active,128,VAL,CG1,137,PHE,CE2,3.739
7sbf,active,135,TRP,CZ2,145,VAL,CG1,4.035
7sbf,active,137,PHE,CD1,141,LEU,CD1,3.868
7sbf,active,141,LEU,CD2,144,ILE,CG2,4.48
7sbf,active,141,LEU,CD2,145,VAL,CB,3.855
7sbf,active,144,ILE,CD1,205,MET,CB,4.219
7sbf,active,146,ILE,CG2,204,VAL,CG2,4.165
7sbf,active,146,ILE,CD1,208,ALA,CB,4.326
7sbf,active,146,ILE,CG2,221,LEU,CD2,4.156
7sbf,active,153,MET,CG,157,ILE,CD1,4.088
7sbf,active,153,MET,CE,238,VAL,CG2,4.417
7sbf,active,153,MET,CE,242,ALA,CB,3.84
7sbf,active,153,MET,CE,295,TRP,CZ3,3.839
7sbf,active,154,PHE,CD2,158,PHE,CZ,3.983
7sbf,active,154,PHE,CZ,200,ILE,CD1,3.692
7sbf,active,154,PHE,CE1,238,VAL,CG2,3.518
7sbf,active,154,PHE,CE2,241,PHE,CB,4.365
7sbf,active,154,PHE,CE1,242,ALA,CB,4.146
7sbf,active,157,ILE,CD1,242,ALA,CB,3.906
7sbf,active,157,ILE,CG2,246,PRO,CG,3.505
7sbf,active,157,ILE,CG1,291,PHE,CE1,4.152
7sbf,active,157,ILE,CD1,295,TRP,CE2,4.207
7sbf,active,158,PHE,CE2,196,LEU,CD2,3.429
7sbf,active,158,PHE,CE1,245,MET,CE,3.93
7sbf,active,160,LEU,CD2,163,MET,CE,3.779
7sbf,active,160,LEU,CD1,291,PHE,CD1,3.832
7sbf,active,165,VAL,CG1,169,ILE,CD1,3.972
7sbf,active,165,VAL,CG2,249,ILE,CG2,3.798
7sbf,active,169,ILE,CG2,177,ALA,CB,3.797
7sbf,active,171,VAL,CB,257,MET,CG,3.792
7sbf,active,171,VAL,CG1,261,LEU,CD2,3.775
7sbf,active,200,ILE,CD1,234,LEU,CD1,4.429
7sbf,active,204,VAL,CG2,221,LEU,CD2,3.629
7sbf,active,207,MET,CE,221,LEU,CB,3.836
7sbf,active,207,MET,CE,223,PHE,CB,3.808
7sbf,active,207,MET,CE,230,TRP,CD1,3.735
7sbf,active,208,ALA,CB,221,LEU,CD2,3.684
7sbf,active,221,LEU,CD1,234,LEU,CD2,3.768
7sbf,active,223,PHE,CB,230,TRP,CD1,3.319
7sbf,active,238,VAL,CG2,242,ALA,CB,4.209
7sbf,active,239,PHE,CE1,243,PHE,CD2,3.872
7sbf,active,239,PHE,CE2,244,ILE,CG1,3.606
7sbf,active,239,PHE,CG,303,ILE,CD1,4.399
7sbf,active,241,PHE,CD1,245,MET,CE,4.486
7sbf,active,243,PHE,CE1,247,VAL,CG2,4.385
7sbf,active,243,PHE,CE1,295,TRP,CB,3.757
7sbf,active,245,MET,CG,249,ILE,CD1,3.742
7sbf,active,246,PRO,CB,291,PHE,CZ,4.064
7sbf,active,247,VAL,CG2,291,PHE,CE2,3.636
7sbf,active,247,VAL,CG2,292,ILE,CD1,3.464
7sbf,active,250,ILE,CD1,288,VAL,CG2,4.461
7sbf,active,250,ILE,CD1,291,PHE,CD2,4.097
7sbf,active,252,VAL,CG1,256,LEU,CD1,4.263
7sbf,active,257,MET,CE,284,VAL,CG2,3.639
7sbf,active,258,ILE,CD1,284,VAL,CG2,4.495
7sbf,active,261,LEU,CD2,264,VAL,CG2,4.132
7sbf,active,261,LEU,CB,277,LEU,CD1,4.314
7sbf,active,261,LEU,CD1,280,ILE,CG2,3.983
7sbf,active,264,VAL,CG1,267,LEU,CD1,4.255
7sbf,active,267,LEU,CD2,277,LEU,CB,3.617
7sbf,active,267,LEU,CD2,280,ILE,CD1,4.119
7sbf,active,283,MET,CG,341,LEU,CD1,3.684
7sbf,active,286,VAL,CG2,290,VAL,CG2,4.385
7sbf,active,286,VAL,CG1,337,LEU,CD2,3.905
7sbf,active,287,VAL,CG2,337,LEU,CB,3.819
7sbf,active,288,VAL,CG1,292,ILE,CG1,4.278
7sbf,active,290,VAL,CG1,333,LEU,CD2,3.792
7sbf,active,290,VAL,CB,337,LEU,CD1,3.699
7sbf,active,291,PHE,CE1,295,TRP,CD1,3.384
7sbf,active,295,TRP,CE3,298,ILE,CG2,3.628
7sbf,active,298,ILE,CD1,302,VAL,CG2,4.071
7sbf,active,298,ILE,CD1,320,TRP,CZ3,3.675
7sbf,active,298,ILE,CD1,324,ILE,CD1,3.609
7sbf,active,302,VAL,CG2,320,TRP,CZ3,3.797
7sbf,active,303,ILE,CG2,307,LEU,CD2,3.972
7sbf,active,304,ILE,CB,308,ILE,CG2,4.363
7sbf,active,315,PHE,CD1,318,VAL,CG1,4.448
7sbf,active,320,TRP,CZ2,324,ILE,CD1,3.771
7sbf,active,322,PHE,CE2,326,LEU,CD2,3.561
7sbf,active,333,LEU,CD1,336,VAL,CB,4.034
7sbf,active,336,VAL,CG2,340,PHE,CD2,4.177
7sbf,active,337,LEU,CD2,341,LEU,CD1,4.289
7sbf,active,339,ALA,CB,345,PHE,CE2,4.343
7scg,active,70,ALA,CB,131,LEU,CD2,4.255
7scg,active,74,MET,CB,131,LEU,CD1,4.226
7scg,active,76,LEU,CD1,322,PHE,CD2,4.219
7scg,active,76,LEU,CD2,325,ALA,CB,3.176
7scg,active,80,VAL,CG1,123,LEU,CD1,3.603
7scg,active,85,LEU,CD2,89,PHE,CE2,3.404
7scg,active,90,LEU,CD1,94,VAL,CG2,3.338
7scg,active,90,LEU,CD2,340,PHE,CZ,4.168
7scg,active,91,VAL,CG1,95,ILE,CG1,4.3
7scg,active,91,VAL,CG1,109,ILE,CG2,4.324
7scg,active,91,VAL,CG1,113,ALA,CB,4.122
7scg,active,91,VAL,CG2,335,PRO,CB,3.693
7scg,active,91,VAL,CG1,339,ALA,CB,4.174
7scg,active,91,VAL,CG2,340,PHE,CZ,4.035
7scg,active,92,MET,CE,110,PHE,CE1,3.644
7scg,active,92,MET,CB,113,ALA,CB,4.254
7scg,active,92,MET,CE,114,LEU,CB,4.434
7scg,active,94,VAL,CG1,345,PHE,CE2,4.32
7scg,active,94,VAL,CG1,349,PHE,CZ,3.355
7scg,active,95,ILE,CG2,101,MET,CG,3.768
7scg,active,95,ILE,CD1,109,ILE,CG2,4.182
7scg,active,95,ILE,CG2,110,PHE,CB,4.367
7scg,active,95,ILE,CD1,345,PHE,CZ,3.322
7scg,active,101,MET,CE,107,ILE,CG1,4.335
7scg,active,101,MET,CE,110,PHE,CD2,3.842
7scg,active,104,ALA,CB,186,ALA,CB,3.577
7scg,active,107,ILE,CD1,183,PRO,CB,4.307
7scg,active,107,ILE,CD1,186,ALA,CB,4.248
7scg,active,109,ILE,CG2,339,ALA,CB,4.272
7scg,active,112,LEU,CD2,160,LEU,CD2,3.732
7scg,active,112,LEU,CD2,163,MET,CE,3.395
7scg,active,114,LEU,CG,118,LEU,CD1,4.091
7scg,active,114,LEU,CD2,194,TRP,CH2,3.367
7scg,active,115,ALA,CB,194,TRP,CH2,4.179
7scg,active,125,PHE,CD1,135,TRP,CH2,3.686
7scg,active,125,PHE,CE1,137,PHE,CD1,3.596
7scg,active,125,PHE,CE1,141,LEU,CD1,4.007
7scg,active,125,PHE,CD1,145,VAL,CG2,4.019
7scg,active,128,VAL,CG2,137,PHE,CE2,3.329
7scg,active,135,TRP,CZ2,141,LEU,CB,4.33
7scg,active,135,TRP,CZ2,145,VAL,CG2,4.486
7scg,active,135,TRP,CB,217,ILE,CG2,3.606
7scg,active,137,PHE,CB,141,LEU,CD1,3.289
7scg,active,141,LEU,CD2,144,ILE,CG2,4.052
7scg,active,141,LEU,CB,145,VAL,CG2,4.181
7scg,active,144,ILE,CG1,148,ILE,CG1,4.498
7scg,active,146,ILE,CG2,204,VAL,CG1,3.559
7scg,active,146,ILE,CG2,221,LEU,CD1,3.557
7scg,active,153,MET,CE,238,VAL,CG1,4.375
7scg,active,153,MET,CE,242,ALA,CB,4.284
7scg,active,153,MET,CE,295,TRP,CH2,3.937
7scg,active,154,PHE,CD2,158,PHE,CZ,4.005
7scg,active,154,PHE,CD1,200,ILE,CG2,3.88
7scg,active,154,PHE,CZ,238,VAL,CG2,4.079
7scg,active,154,PHE,CE2,241,PHE,CB,4.28
7scg,active,154,PHE,CE2,242,ALA,CB,3.985
7scg,active,157,ILE,CG2,246,PRO,CG,3.368
7scg,active,157,ILE,CD1,291,PHE,CE2,3.86
7scg,active,157,ILE,CD1,295,TRP,CD1,4.41
7scg,active,160,LEU,CD2,163,MET,CE,4.311
7scg,active,160,LEU,CD1,291,PHE,CD2,3.922
7scg,active,165,VAL,CG1,169,ILE,CD1,3.948
7scg,active,165,VAL,CG2,249,ILE,CG2,4.131
7scg,active,169,ILE,CG2,177,ALA,CB,3.793
7scg,active,171,VAL,CG1,257,MET,CG,3.935
7scg,active,171,VAL,CG1,261,LEU,CD2,4.027
7scg,active,191,VAL,CG1,195,ILE,CG1,3.886
7scg,active,200,ILE,CD1,234,LEU,CD1,4.282
7scg,active,204,VAL,CG1,221,LEU,CD2,3.842
7scg,active,223,PHE,CB,230,TRP,CB,3.513
7scg,active,223,PHE,CZ,234,LEU,CD2,3.766
7scg,active,226,PRO,CB,230,TRP,CD1,3.971
7scg,active,234,LEU,CD1,238,VAL,CG2,4.212
7scg,active,236,ILE,CG2,240,ILE,CG1,4.222
7scg,active,239,PHE,CE1,243,PHE,CD2,3.93
7scg,active,239,PHE,CE2,244,ILE,CG1,4.103
7scg,active,243,PHE,CE1,247,VAL,CG2,4.249
7scg,active,243,PHE,CE1,295,TRP,CB,4.356
7scg,active,245,MET,CG,249,ILE,CD1,4.171
7scg,active,246,PRO,CB,291,PHE,CZ,4.105
7scg,active,247,VAL,CG2,291,PHE,CE1,3.643
7scg,active,247,VAL,CG2,292,ILE,CD1,3.377
7scg,active,250,ILE,CD1,288,VAL,CG1,4.469
7scg,active,250,ILE,CD1,291,PHE,CD1,4.285
7scg,active,252,VAL,CG1,256,LEU,CD1,3.732
7scg,active,257,MET,CE,284,VAL,CG2,3.899
7scg,active,258,ILE,CD1,261,LEU,CD1,4.383
7scg,active,258,ILE,CD1,280,ILE,CG2,4.323
7scg,active,258,ILE,CD1,284,VAL,CG2,4.396
7scg,active,261,LEU,CD2,264,VAL,CG2,4.125
7scg,active,261,LEU,CD2,267,LEU,CD1,4.056
7scg,active,261,LEU,CB,277,LEU,CD1,4.488
7scg,active,261,LEU,CD1,280,ILE,CG2,4.152
7scg,active,267,LEU,CB,277,LEU,CB,4.413
7scg,active,286,VAL,CG1,290,VAL,CG2,4.197
7scg,active,286,VAL,CG1,337,LEU,CD2,3.671
7scg,active,288,VAL,CG1,292,ILE,CG1,4.345
7scg,active,290,VAL,CG1,337,LEU,CD1,3.619
7scg,active,291,PHE,CE2,295,TRP,CD1,3.693
7scg,active,295,TRP,CE3,298,ILE,CG2,3.516
7scg,active,297,PRO,CG,326,LEU,CD2,4.049
7scg,active,298,ILE,CD1,302,VAL,CG2,4.126
7scg,active,298,ILE,CD1,324,ILE,CG1,4.366
7scg,active,300,ILE,CG2,304,ILE,CG1,4.255
7scg,active,302,VAL,CG2,320,TRP,CH2,3.936
7scg,active,320,TRP,CD1,324,ILE,CD1,3.603
7scg,active,322,PHE,CE1,326,LEU,CD2,4.117
7scg,active,336,VAL,CG2,340,PHE,CD2,3.858
7scg,active,339,ALA,CB,345,PHE,CE2,3.823
7scg,active,340,PHE,CD1,345,PHE,CD2,4.261
7t2g,active,69,LEU,CG,73,ILE,CD1,3.886
7t2g,active,69,LEU,CD1,318,VAL,CG2,3.221
7t2g,active,70,ALA,CB,131,LEU,CD1,3.907
7t2g,active,71,ILE,CG1,131,LEU,CD1,4.176
7t2g,active,73,ILE,CD1,318,VAL,CG2,4.471
7t2g,active,76,LEU,CD1,79,ILE,CG2,4.327
7t2g,active,76,LEU,CD1,80,VAL,CG2,4.386
7t2g,active,76,LEU,CD2,322,PHE,CD1,4.17
7t2g,active,76,LEU,CD2,325,ALA,CB,3.698
7t2g,active,79,ILE,CD1,83,VAL,CG2,3.869
7t2g,active,80,VAL,CG1,123,LEU,CD1,3.857
7t2g,active,80,VAL,CG2,325,ALA,CB,4.458
7t2g,active,85,LEU,CD2,89,PHE,CE2,3.753
7t2g,active,85,LEU,CD2,117,ALA,CB,4.443
7t2g,active,89,PHE,CD1,92,MET,CE,3.472
7t2g,active,89,PHE,CE1,117,ALA,CB,4.474
7t2g,active,90,LEU,CD2,340,PHE,CZ,3.708
7t2g,active,90,LEU,CD2,349,PHE,CE1,3.717
7t2g,active,90,LEU,CD1,352,PHE,CZ,3.595
7t2g,active,91,VAL,CG1,95,ILE,CD1,3.607
7t2g,active,91,VAL,CG1,109,ILE,CG2,3.532
7t2g,active,91,VAL,CG1,113,ALA,CB,3.904
7t2g,active,91,VAL,CG2,335,PRO,CB,3.643
7t2g,active,91,VAL,CG1,339,ALA,CB,3.661
7t2g,active,91,VAL,CG2,340,PHE,CE1,3.412
7t2g,active,91,VAL,CG1,345,PHE,CE2,4.066
7t2g,active,92,MET,CB,110,PHE,CE1,3.51
7t2g,active,92,MET,CG,113,ALA,CB,3.562
7t2g,active,92,MET,CE,114,LEU,CD1,4.448
7t2g,active,92,MET,CE,117,ALA,CB,3.611
7t2g,active,94,VAL,CG1,345,PHE,CD2,4.492
7t2g,active,94,VAL,CG2,349,PHE,CD1,4.003
7t2g,active,94,VAL,CG2,352,PHE,CD1,4.471
7t2g,active,95,ILE,CG2,101,MET,CG,3.58
7t2g,active,95,ILE,CD1,109,ILE,CG2,3.505
7t2g,active,95,ILE,CD1,110,PHE,CB,3.88
7t2g,active,95,ILE,CG1,345,PHE,CZ,3.237
7t2g,active,96,VAL,CG2,101,MET,CE,4.306
7t2g,active,96,VAL,CG2,110,PHE,CE1,3.906
7t2g,active,101,MET,CB,107,ILE,CG1,4.005
7t2g,active,101,MET,CE,110,PHE,CD1,3.911
7t2g,active,104,ALA,CB,186,ALA,CB,3.667
7t2g,active,107,ILE,CD1,183,PRO,CB,4.125
7t2g,active,107,ILE,CG2,186,ALA,CB,3.979
7t2g,active,109,ILE,CD1,163,MET,CE,3.176
7t2g,active,109,ILE,CG2,339,ALA,CB,3.901
7t2g,active,109,ILE,CG2,345,PHE,CZ,3.728
7t2g,active,110,PHE,CE2,114,LEU,CD2,4.437
7t2g,active,112,LEU,CD2,160,LEU,CD2,3.439
7t2g,active,114,LEU,CG,118,LEU,CD1,4.1
7t2g,active,114,LEU,CD2,194,TRP,CZ2,3.922
7t2g,active,115,ALA,CB,194,TRP,CH2,3.857
7t2g,active,118,LEU,CB,148,ILE,CG2,4.277
7t2g,active,118,LEU,CD1,194,TRP,CH2,3.739
7t2g,active,125,PHE,CB,135,TRP,CH2,3.66
7t2g,active,125,PHE,CD1,137,PHE,CD2,3.683
7t2g,active,125,PHE,CE1,141,LEU,CD1,4.31
7t2g,active,125,PHE,CG,145,VAL,CG2,3.725
7t2g,active,128,VAL,CG1,132,MET,CE,4.095
7t2g,active,128,VAL,CG1,136,PRO,CG,4.169
7t2g,active,128,VAL,CB,137,PHE,CZ,3.55
7t2g,active,135,TRP,CZ2,141,LEU,CB,4.488
7t2g,active,135,TRP,CH2,145,VAL,CB,3.663
7t2g,active,135,TRP,CB,217,ILE,CG2,3.836
7t2g,active,137,PHE,CB,141,LEU,CD1,3.618
7t2g,active,140,ILE,CG2,144,ILE,CD1,4.227
7t2g,active,141,LEU,CD2,144,ILE,CD1,4.223
7t2g,active,144,ILE,CG2,148,ILE,CG1,3.838
7t2g,active,146,ILE,CG2,204,VAL,CG1,3.479
7t2g,active,146,ILE,CB,208,ALA,CB,3.837
7t2g,active,146,ILE,CG2,221,LEU,CD2,4.15
7t2g,active,153,MET,CG,157,ILE,CG1,4.389
7t2g,active,153,MET,CE,238,VAL,CG1,3.451
7t2g,active,153,MET,CE,242,ALA,CB,3.927
7t2g,active,153,MET,CG,295,TRP,CH2,3.583
7t2g,active,154,PHE,CD2,158,PHE,CZ,3.387
7t2g,active,154,PHE,CE1,200,ILE,CD1,3.22
7t2g,active,154,PHE,CE1,238,VAL,CG2,3.991
7t2g,active,154,PHE,CE2,241,PHE,CB,3.785
7t2g,active,154,PHE,CZ,242,ALA,CB,3.768
7t2g,active,157,ILE,CG2,246,PRO,CG,3.092
7t2g,active,157,ILE,CD1,291,PHE,CE2,3.327
7t2g,active,157,ILE,CD1,295,TRP,CE2,3.673
7t2g,active,158,PHE,CE2,196,LEU,CD1,3.261
7t2g,active,158,PHE,CE1,245,MET,CE,3.581
7t2g,active,160,LEU,CB,250,ILE,CD1,4.201
7t2g,active,160,LEU,CD1,291,PHE,CD2,3.73
7t2g,active,165,VAL,CG1,169,ILE,CD1,3.802
7t2g,active,165,VAL,CG2,249,ILE,CG2,3.67
7t2g,active,169,ILE,CG2,177,ALA,CB,3.996
7t2g,active,171,VAL,CB,257,MET,CG,3.552
7t2g,active,171,VAL,CG1,261,LEU,CD2,3.537
7t2g,active,191,VAL,CG1,195,ILE,CG1,4.074
7t2g,active,196,LEU,CD2,199,ALA,CB,4.213
7t2g,active,200,ILE,CG1,204,VAL,CG2,4.053
7t2g,active,200,ILE,CD1,234,LEU,CD1,3.706
7t2g,active,200,ILE,CD1,238,VAL,CG2,3.826
7t2g,active,202,LEU,CD2,205,MET,CE,3.88
7t2g,active,204,VAL,CG1,208,ALA,CB,4.466
7t2g,active,204,VAL,CG1,221,LEU,CD2,3.768
7t2g,active,204,VAL,CG2,234,LEU,CD2,4.441
7t2g,active,207,MET,CB,221,LEU,CD2,3.998
7t2g,active,207,MET,CE,223,PHE,CD2,3.18
7t2g,active,208,ALA,CB,221,LEU,CD2,3.796
7t2g,active,221,LEU,CD1,234,LEU,CD2,3.197
7t2g,active,223,PHE,CD2,230,TRP,CB,3.949
7t2g,active,223,PHE,CE2,234,LEU,CD2,3.884
7t2g,active,230,TRP,CE3,233,LEU,CD2,3.716
7t2g,active,234,LEU,CD1,238,VAL,CG2,4.209
7t2g,active,236,ILE,CG2,240,ILE,CD1,4.012
7t2g,active,238,VAL,CG1,242,ALA,CB,4.267
7t2g,active,239,PHE,CE1,243,PHE,CD2,4.028
7t2g,active,239,PHE,CE2,244,ILE,CG1,3.556
7t2g,active,239,PHE,CD1,303,ILE,CG1,3.698
7t2g,active,243,PHE,CE1,247,VAL,CG2,4.03
7t2g,active,243,PHE,CD1,295,TRP,CB,3.978
7t2g,active,244,ILE,CG2,248,LEU,CD1,4.442
7t2g,active,245,MET,CG,249,ILE,CD1,3.721
7t2g,active,246,PRO,CB,291,PHE,CZ,3.616
7t2g,active,247,VAL,CG2,291,PHE,CE1,3.483
7t2g,active,247,VAL,CG2,292,ILE,CD1,3.192
7t2g,active,250,ILE,CG2,288,VAL,CG2,3.639
7t2g,active,252,VAL,CG1,256,LEU,CD1,3.823
7t2g,active,256,LEU,CD2,259,LEU,CD1,4.384
7t2g,active,257,MET,CE,261,LEU,CD1,4.03
7t2g,active,257,MET,CE,284,VAL,CG2,3.215
7t2g,active,258,ILE,CD1,284,VAL,CG1,3.217
7t2g,active,258,ILE,CD1,285,LEU,CD2,4.294
7t2g,active,261,LEU,CD2,264,VAL,CG1,4.428
7t2g,active,261,LEU,CD2,267,LEU,CD1,3.67
7t2g,active,261,LEU,CB,277,LEU,CD1,3.523
7t2g,active,261,LEU,CD1,280,ILE,CG2,3.536
7t2g,active,264,VAL,CG1,267,LEU,CD1,3.284
7t2g,active,267,LEU,CD1,277,LEU,CD1,3.569
7t2g,active,267,LEU,CD2,280,ILE,CD1,3.797
7t2g,active,283,MET,CE,341,LEU,CB,3.222
7t2g,active,286,VAL,CG1,290,VAL,CG2,3.913
7t2g,active,286,VAL,CG1,337,LEU,CD2,3.808
7t2g,active,287,VAL,CG1,337,LEU,CB,4.003
7t2g,active,288,VAL,CG1,292,ILE,CG1,4.208
7t2g,active,290,VAL,CG1,333,LEU,CD1,3.348
7t2g,active,290,VAL,CB,337,LEU,CD1,3.62
7t2g,active,291,PHE,CE2,295,TRP,CD1,3.439
7t2g,active,295,TRP,CE3,298,ILE,CG2,3.711
7t2g,active,297,PRO,CG,326,LEU,CD1,4.073
7t2g,active,298,ILE,CD1,302,VAL,CG2,4.004
7t2g,active,298,ILE,CD1,320,TRP,CH2,4.021
7t2g,active,298,ILE,CD1,324,ILE,CG1,3.462
7t2g,active,300,ILE,CG2,304,ILE,CD1,3.663
7t2g,active,302,VAL,CG2,320,TRP,CH2,3.481
7t2g,active,303,ILE,CG2,307,LEU,CD1,4.151
7t2g,active,304,ILE,CG2,308,ILE,CG1,3.957
7t2g,active,304,ILE,CG2,310,ILE,CD1,4.084
7t2g,active,320,TRP,CD1,324,ILE,CD1,3.501
7t2g,active,322,PHE,CE2,326,LEU,CD1,3.413
7t2g,active,333,LEU,CD2,336,VAL,CG2,4.097
7t2g,active,333,LEU,CB,337,LEU,CG,4.407
7t2g,active,335,PRO,CB,340,PHE,CE2,3.936
7t2g,active,336,VAL,CG1,340,PHE,CD2,3.405
7t2g,active,339,ALA,CB,345,PHE,CD2,3.541
7t2g,active,340,PHE,CE1,349,PHE,CE1,4.285
7t2h,active,68,VAL,CB,71,ILE,CD1,4.322
7t2h,active,70,ALA,CB,131,LEU,CD1,3.96
7t2h,active,71,ILE,CG2,131,LEU,CD1,4.214
7t2h,active,73,ILE,CD1,318,VAL,CB,4.406
7t2h,active,74,MET,CB,131,LEU,CD1,4.422
7t2h,active,76,LEU,CD2,322,PHE,CD1,4.194
7t2h,active,76,LEU,CD2,325,ALA,CB,3.715
7t2h,active,80,VAL,CG1,123,LEU,CD2,3.599
7t2h,active,85,LEU,CD2,89,PHE,CE2,3.582
7t2h,active,85,LEU,CD2,117,ALA,CB,4.416
7t2h,active,86,PHE,CE2,90,LEU,CD1,4.06
7t2h,active,90,LEU,CD2,94,VAL,CG2,3.621
7t2h,active,90,LEU,CD2,340,PHE,CE1,3.647
7t2h,active,91,VAL,CG1,95,ILE,CD1,3.527
7t2h,active,91,VAL,CG1,109,ILE,CG2,4.013
7t2h,active,91,VAL,CG1,113,ALA,CB,4.297
7t2h,active,91,VAL,CG2,335,PRO,CB,3.565
7t2h,active,91,VAL,CG1,339,ALA,CB,3.557
7t2h,active,91,VAL,CG2,340,PHE,CZ,3.97
7t2h,active,91,VAL,CG1,345,PHE,CZ,4.083
7t2h,active,92,MET,CE,110,PHE,CE1,3.525
7t2h,active,92,MET,CG,113,ALA,CB,3.875
7t2h,active,92,MET,CE,114,LEU,CB,3.94
7t2h,active,94,VAL,CB,345,PHE,CZ,3.586
7t2h,active,95,ILE,CG2,101,MET,CE,3.739
7t2h,active,95,ILE,CD1,109,ILE,CG2,4.1
7t2h,active,95,ILE,CD1,110,PHE,CB,3.873
7t2h,active,95,ILE,CG1,345,PHE,CE1,3.831
7t2h,active,96,VAL,CG2,110,PHE,CE1,3.722
7t2h,active,101,MET,CG,107,ILE,CG1,3.652
7t2h,active,101,MET,CE,110,PHE,CG,3.462
7t2h,active,104,ALA,CB,186,ALA,CB,3.706
7t2h,active,107,ILE,CD1,183,PRO,CB,4.008
7t2h,active,107,ILE,CD1,186,ALA,CB,3.727
7t2h,active,109,ILE,CG2,339,ALA,CB,4.19
7t2h,active,112,LEU,CD2,160,LEU,CD2,3.702
7t2h,active,112,LEU,CD2,163,MET,CE,3.634
7t2h,active,114,LEU,CD1,118,LEU,CD1,3.73
7t2h,active,114,LEU,CD2,194,TRP,CZ2,4.071
7t2h,active,115,ALA,CB,194,TRP,CH2,4.014
7t2h,active,125,PHE,CB,135,TRP,CH2,3.587
7t2h,active,125,PHE,CD1,137,PHE,CE2,3.419
7t2h,active,125,PHE,CE1,141,LEU,CD1,4.437
7t2h,active,125,PHE,CD2,145,VAL,CG2,3.932
7t2h,active,128,VAL,CG2,137,PHE,CE2,3.58
7t2h,active,132,MET,CE,136,PRO,CG,3.685
7t2h,active,135,TRP,CH2,145,VAL,CG1,4.133
7t2h,active,137,PHE,CB,141,LEU,CD1,3.636
7t2h,active,140,ILE,CG2,144,ILE,CD1,4.069
7t2h,active,144,ILE,CG2,148,ILE,CG1,4.408
7t2h,active,144,ILE,CG1,205,MET,CE,4.207
7t2h,active,146,ILE,CG2,204,VAL,CG2,3.546
7t2h,active,146,ILE,CG2,221,LEU,CD1,3.744
7t2h,active,153,MET,CG,157,ILE,CD1,3.798
7t2h,active,153,MET,CE,238,VAL,CG2,4.144
7t2h,active,153,MET,CG,295,TRP,CH2,4.078
7t2h,active,154,PHE,CD2,158,PHE,CE2,3.455
7t2h,active,154,PHE,CE2,200,ILE,CG1,4.284
7t2h,active,154,PHE,CE1,238,VAL,CG2,3.876
7t2h,active,154,PHE,CE2,241,PHE,CB,3.931
7t2h,active,154,PHE,CE1,242,ALA,CB,4.119
7t2h,active,157,ILE,CD1,242,ALA,CB,3.78
7t2h,active,157,ILE,CG2,246,PRO,CG,3.443
7t2h,active,157,ILE,CG2,291,PHE,CZ,4.19
7t2h,active,157,ILE,CD1,295,TRP,CZ2,4.054
7t2h,active,158,PHE,CE2,196,LEU,CD2,3.876
7t2h,active,160,LEU,CD2,163,MET,CE,4.379
7t2h,active,160,LEU,CD1,291,PHE,CD2,3.655
7t2h,active,165,VAL,CG1,169,ILE,CD1,3.805
7t2h,active,165,VAL,CG2,249,ILE,CD1,3.803
7t2h,active,169,ILE,CG2,177,ALA,CB,3.628
7t2h,active,171,VAL,CB,257,MET,CG,3.564
7t2h,active,171,VAL,CG1,261,LEU,CD2,3.65
7t2h,active,203,PRO,CB,207,MET,CE,4.054
7t2h,active,204,VAL,CG2,221,LEU,CD2,3.649
7t2h,active,207,MET,CE,221,LEU,CD2,4.302
7t2h,active,207,MET,CE,223,PHE,CE1,4.175
7t2h,active,221,LEU,CD2,234,LEU,CD2,3.726
7t2h,active,223,PHE,CD1,230,TRP,CD1,3.842
7t2h,active,223,PHE,CZ,234,LEU,CD2,4.072
7t2h,active,230,TRP,CE3,233,LEU,CD2,4.361
7t2h,active,236,ILE,CG2,240,ILE,CG1,4.44
7t2h,active,239,PHE,CE1,243,PHE,CD2,3.593
7t2h,active,239,PHE,CE2,244,ILE,CG1,3.597
7t2h,active,239,PHE,CD1,303,ILE,CG1,4.106
7t2h,active,240,ILE,CD1,244,ILE,CB,4.278
7t2h,active,241,PHE,CD1,245,MET,CE,3.9
7t2h,active,243,PHE,CE1,247,VAL,CG2,3.922
7t2h,active,243,PHE,CD1,295,TRP,CB,4.266
7t2h,active,246,PRO,CB,291,PHE,CZ,3.983
7t2h,active,247,VAL,CG2,291,PHE,CE1,3.473
7t2h,active,247,VAL,CG2,292,ILE,CG1,4.114
7t2h,active,250,ILE,CD1,288,VAL,CG1,4.472
7t2h,active,250,ILE,CD1,291,PHE,CG,4.004
7t2h,active,252,VAL,CG1,256,LEU,CD1,4.435
7t2h,active,257,MET,CE,261,LEU,CD1,4.471
7t2h,active,257,MET,CE,284,VAL,CG2,3.558
7t2h,active,258,ILE,CD1,284,VAL,CG1,3.653
7t2h,active,261,LEU,CD2,264,VAL,CG2,4.101
7t2h,active,261,LEU,CD2,267,LEU,CD1,4.12
7t2h,active,261,LEU,CB,277,LEU,CD1,4.052
7t2h,active,261,LEU,CD1,280,ILE,CG2,3.699
7t2h,active,264,VAL,CG2,267,LEU,CD1,3.754
7t2h,active,267,LEU,CB,277,LEU,CB,3.719
7t2h,active,267,LEU,CD1,280,ILE,CD1,4.383
7t2h,active,283,MET,CE,341,LEU,CB,3.489
7t2h,active,284,VAL,CG1,288,VAL,CG2,4.382
7t2h,active,286,VAL,CG1,290,VAL,CG2,4.308
7t2h,active,286,VAL,CG1,337,LEU,CD2,3.916
7t2h,active,287,VAL,CG2,337,LEU,CD1,4.141
7t2h,active,288,VAL,CG1,292,ILE,CD1,4.15
7t2h,active,290,VAL,CG1,333,LEU,CD2,4.071
7t2h,active,290,VAL,CG1,337,LEU,CD1,3.553
7t2h,active,291,PHE,CE2,295,TRP,CD1,3.515
7t2h,active,295,TRP,CE3,298,ILE,CG2,4.191
7t2h,active,297,PRO,CG,326,LEU,CD2,3.711
7t2h,active,298,ILE,CD1,320,TRP,CH2,4.157
7t2h,active,298,ILE,CD1,324,ILE,CG1,3.738
7t2h,active,300,ILE,CG2,304,ILE,CD1,3.676
7t2h,active,302,VAL,CB,320,TRP,CH2,3.922
7t2h,active,304,ILE,CG2,308,ILE,CB,4.415
7t2h,active,315,PHE,CD1,318,VAL,CG1,4.363
7t2h,active,320,TRP,CE2,324,ILE,CD1,3.889
7t2h,active,333,LEU,CD1,336,VAL,CB,3.716
7t2h,active,335,PRO,CB,340,PHE,CE2,4.425
7t2h,active,336,VAL,CG2,340,PHE,CD2,4.153
7t2h,active,336,VAL,CG1,341,LEU,CD1,4.304
7t2h,active,339,ALA,CB,345,PHE,CE2,4.17
7t2h,active,340,PHE,CD1,345,PHE,CE2,4.413
7u2k,active,67,MET,CB,70,ALA,CB,3.645
7u2k,active,80,VAL,CG1,123,LEU,CD1,3.982
7u2k,active,80,VAL,CG2,325,ALA,CB,4.265
7u2k,active,85,LEU,CD1,89,PHE,CE2,3.558
7u2k,active,89,PHE,CD1,92,MET,CE,3.671
7u2k,active,89,PHE,CE2,117,ALA,CB,4.36
7u2k,active,90,LEU,CD2,94,VAL,CG2,4.297
7u2k,active,91,VAL,CG1,109,ILE,CG2,4.381
7u2k,active,91,VAL,CG1,113,ALA,CB,3.766
7u2k,active,91,VAL,CG2,335,PRO,CB,3.783
7u2k,active,91,VAL,CG2,339,ALA,CB,4.414
7u2k,active,92,MET,CG,110,PHE,CE1,3.403
7u2k,active,92,MET,CG,113,ALA,CB,4.023
7u2k,active,92,MET,CE,117,ALA,CB,4.181
7u2k,active,94,VAL,CG1,345,PHE,CE1,4.366
7u2k,active,94,VAL,CG1,349,PHE,CZ,3.55
7u2k,active,95,ILE,CG2,110,PHE,CD1,3.684
7u2k,active,95,ILE,CD1,345,PHE,CZ,3.657
7u2k,active,101,MET,CE,110,PHE,CG,3.263
7u2k,active,104,ALA,CB,186,ALA,CB,3.992
7u2k,active,107,ILE,CD1,186,ALA,CB,3.847
7u2k,active,109,ILE,CG2,339,ALA,CB,4.411
7u2k,active,109,ILE,CD1,345,PHE,CE2,3.973
7u2k,active,110,PHE,CE2,114,LEU,CD1,3.824
7u2k,active,112,LEU,CD2,163,MET,CE,3.992
7u2k,active,114,LEU,CD2,118,LEU,CD1,4.26
7u2k,active,114,LEU,CD2,194,TRP,CH2,3.577
7u2k,active,115,ALA,CB,194,TRP,CH2,4.333
7u2k,active,125,PHE,CB,135,TRP,CH2,3.891
7u2k,active,125,PHE,CD2,137,PHE,CZ,4.217
7u2k,active,125,PHE,CD1,145,VAL,CG2,3.393
7u2k,active,128,VAL,CG1,137,PHE,CE1,3.652
7u2k,active,137,PHE,CD2,141,LEU,CD1,3.516
7u2k,active,141,LEU,CD2,144,ILE,CG2,3.589
7u2k,active,144,ILE,CG1,205,MET,CE,4.189
7u2k,active,146,ILE,CG2,204,VAL,CG2,4.128
7u2k,active,146,ILE,CG2,221,LEU,CD2,4.085
7u2k,active,153,MET,CG,157,ILE,CD1,4.287
7u2k,active,153,MET,CG,295,TRP,CH2,3.947
7u2k,active,154,PHE,CD2,200,ILE,CG2,4.15
7u2k,active,154,PHE,CE1,238,VAL,CG2,3.811
7u2k,active,154,PHE,CE1,242,ALA,CB,4.03
7u2k,active,157,ILE,CD1,242,ALA,CB,4.049
7u2k,active,157,ILE,CG2,246,PRO,CG,3.506
7u2k,active,157,ILE,CG1,291,PHE,CE2,4.48
7u2k,active,157,ILE,CD1,295,TRP,CZ2,4.222
7u2k,active,158,PHE,CE2,196,LEU,CD2,3.756
7u2k,active,160,LEU,CD1,291,PHE,CD2,4.003
7u2k,active,169,ILE,CG2,177,ALA,CB,3.755
7u2k,active,171,VAL,CG1,257,MET,CG,4.209
7u2k,active,171,VAL,CG1,261,LEU,CD2,4.139
7u2k,active,200,ILE,CD1,234,LEU,CD1,4.113
7u2k,active,204,VAL,CG2,221,LEU,CD1,3.588
7u2k,active,208,ALA,CB,221,LEU,CD2,3.973
7u2k,active,238,VAL,CG2,242,ALA,CB,4.261
7u2k,active,239,PHE,CE1,243,PHE,CD2,4.306
7u2k,active,239,PHE,CE2,244,ILE,CG1,4.211
7u2k,active,240,ILE,CD1,244,ILE,CG1,4.155
7u2k,active,243,PHE,CE1,247,VAL,CG2,4.167
7u2k,active,243,PHE,CE1,295,TRP,CB,4.355
7u2k,active,245,MET,CE,248,LEU,CD2,4.347
7u2k,active,246,PRO,CB,291,PHE,CZ,3.672
7u2k,active,247,VAL,CG2,291,PHE,CE1,3.524
7u2k,active,247,VAL,CG2,292,ILE,CD1,3.533
7u2k,active,250,ILE,CD1,288,VAL,CG2,4.371
7u2k,active,250,ILE,CD1,291,PHE,CG,4.115
7u2k,active,252,VAL,CG1,256,LEU,CG,4.457
7u2k,active,256,LEU,CD2,259,LEU,CD1,4.245
7u2k,active,257,MET,CG,261,LEU,CD1,4.487
7u2k,active,261,LEU,CD2,264,VAL,CG2,4.292
7u2k,active,261,LEU,CD2,267,LEU,CD1,4.038
7u2k,active,261,LEU,CB,277,LEU,CD1,4.472
7u2k,active,261,LEU,CD1,280,ILE,CG2,3.874
7u2k,active,267,LEU,CD1,280,ILE,CD1,4.49
7u2k,active,286,VAL,CG1,290,VAL,CG2,4.16
7u2k,active,286,VAL,CG1,337,LEU,CD2,3.657
7u2k,active,288,VAL,CG1,292,ILE,CG1,4.088
7u2k,active,290,VAL,CG1,333,LEU,CD1,4.08
7u2k,active,290,VAL,CG2,337,LEU,CD1,3.985
7u2k,active,291,PHE,CD2,295,TRP,CD1,3.866
7u2k,active,295,TRP,CE3,298,ILE,CG2,4.391
7u2k,active,297,PRO,CG,326,LEU,CD2,3.688
7u2k,active,298,ILE,CD1,302,VAL,CG2,4.352
7u2k,active,298,ILE,CD1,320,TRP,CZ3,4.279
7u2k,active,298,ILE,CD1,324,ILE,CD1,3.541
7u2k,active,302,VAL,CG2,320,TRP,CZ3,4.294
7u2k,active,303,ILE,CG2,307,LEU,CD2,4.403
7u2k,active,320,TRP,CE2,324,ILE,CG1,3.966
7u2k,active,333,LEU,CB,337,LEU,CD1,4.407
7u2k,active,336,VAL,CG1,340,PHE,CD2,4.31
7u2k,active,339,ALA,CB,345,PHE,CE2,3.943
7u2l,active,67,MET,CB,70,ALA,CB,3.801
7u2l,active,71,ILE,CD1,131,LEU,CD2,4.031
7u2l,active,73,ILE,CD1,318,VAL,CG2,4.451
7u2l,active,74,MET,CB,131,LEU,CG,3.727
7u2l,active,76,LEU,CD1,79,ILE,CG2,4.429
7u2l,active,76,LEU,CD2,325,ALA,CB,3.711
7u2l,active,79,ILE,CG1,83,VAL,CG2,4.493
7u2l,active,80,VAL,CG1,123,LEU,CD2,3.57
7u2l,active,85,LEU,CD2,89,PHE,CE2,4.096
7u2l,active,85,LEU,CD2,117,ALA,CB,4.461
7u2l,active,90,LEU,CD2,94,VAL,CG2,4.088
7u2l,active,90,LEU,CD2,340,PHE,CZ,3.494
7u2l,active,91,VAL,CG1,95,ILE,CD1,3.746
7u2l,active,91,VAL,CG1,109,ILE,CG2,4.061
7u2l,active,91,VAL,CG1,113,ALA,CB,3.947
7u2l,active,91,VAL,CG2,335,PRO,CB,3.549
7u2l,active,91,VAL,CG1,339,ALA,CB,3.767
7u2l,active,91,VAL,CG2,340,PHE,CE1,3.506
7u2l,active,92,MET,CE,110,PHE,CE1,3.5
7u2l,active,92,MET,CG,113,ALA,CB,4.13
7u2l,active,92,MET,CE,114,LEU,CD1,3.732
7u2l,active,94,VAL,CG1,345,PHE,CE2,3.805
7u2l,active,94,VAL,CG2,349,PHE,CZ,3.839
7u2l,active,95,ILE,CG2,101,MET,CG,3.561
7u2l,active,95,ILE,CD1,109,ILE,CG2,3.593
7u2l,active,95,ILE,CG2,110,PHE,CD1,3.622
7u2l,active,95,ILE,CG1,345,PHE,CZ,3.477
7u2l,active,101,MET,CE,107,ILE,CG1,3.839
7u2l,active,101,MET,CE,110,PHE,CD2,4.158
7u2l,active,104,ALA,CB,186,ALA,CB,3.672
7u2l,active,107,ILE,CD1,183,PRO,CB,4.307
7u2l,active,107,ILE,CD1,186,ALA,CB,4.078
7u2l,active,109,ILE,CG2,339,ALA,CB,3.808
7u2l,active,110,PHE,CE2,114,LEU,CD1,3.984
7u2l,active,112,LEU,CD1,160,LEU,CD2,3.823
7u2l,active,112,LEU,CD2,163,MET,CE,3.761
7u2l,active,114,LEU,CD2,118,LEU,CD1,4.051
7u2l,active,114,LEU,CD2,194,TRP,CH2,3.588
7u2l,active,115,ALA,CB,194,TRP,CH2,4.495
7u2l,active,125,PHE,CB,135,TRP,CH2,3.677
7u2l,active,125,PHE,CD2,137,PHE,CE2,3.442
7u2l,active,125,PHE,CE2,141,LEU,CD2,4.393
7u2l,active,125,PHE,CD2,145,VAL,CG2,3.634
7u2l,active,128,VAL,CG1,137,PHE,CZ,3.965
7u2l,active,135,TRP,CZ2,145,VAL,CG2,4.109
7u2l,active,135,TRP,CB,217,ILE,CG2,4.437
7u2l,active,137,PHE,CB,141,LEU,CD1,3.526
7u2l,active,141,LEU,CD2,144,ILE,CG2,3.766
7u2l,active,144,ILE,CG1,148,ILE,CG2,3.98
7u2l,active,146,ILE,CG2,204,VAL,CG1,3.612
7u2l,active,146,ILE,CG2,221,LEU,CD1,3.647
7u2l,active,153,MET,CE,238,VAL,CG2,3.486
7u2l,active,153,MET,CG,295,TRP,CH2,3.933
7u2l,active,154,PHE,CD2,158,PHE,CZ,3.439
7u2l,active,154,PHE,CZ,200,ILE,CD1,3.592
7u2l,active,154,PHE,CE1,238,VAL,CG2,4.141
7u2l,active,154,PHE,CE2,241,PHE,CB,4.496
7u2l,active,157,ILE,CG2,246,PRO,CG,3.433
7u2l,active,157,ILE,CD1,291,PHE,CE2,3.573
7u2l,active,157,ILE,CD1,295,TRP,CE2,3.679
7u2l,active,158,PHE,CE2,196,LEU,CB,4.253
7u2l,active,160,LEU,CD2,163,MET,CE,4.276
7u2l,active,160,LEU,CD1,291,PHE,CD2,3.556
7u2l,active,165,VAL,CG1,169,ILE,CD1,3.786
7u2l,active,165,VAL,CG2,249,ILE,CD1,3.661
7u2l,active,169,ILE,CG2,177,ALA,CB,3.893
7u2l,active,169,ILE,CG2,180,PHE,CD2,4.2
7u2l,active,171,VAL,CB,257,MET,CG,3.659
7u2l,active,171,VAL,CG1,261,LEU,CD2,3.591
7u2l,active,191,VAL,CG1,195,ILE,CG1,4.452
7u2l,active,200,ILE,CD1,234,LEU,CD1,4.276
7u2l,active,202,LEU,CD1,205,MET,CB,4.458
7u2l,active,204,VAL,CG1,208,ALA,CB,3.787
7u2l,active,204,VAL,CG2,221,LEU,CD2,4.068
7u2l,active,221,LEU,CD2,234,LEU,CD2,4.425
7u2l,active,226,PRO,CB,230,TRP,CD1,3.709
7u2l,active,236,ILE,CG2,240,ILE,CG1,4.114
7u2l,active,238,VAL,CG2,242,ALA,CB,4.055
7u2l,active,239,PHE,CE1,243,PHE,CD2,3.818
7u2l,active,239,PHE,CE2,244,ILE,CG1,3.637
7u2l,active,239,PHE,CD1,303,ILE,CG1,4.082
7u2l,active,240,ILE,CD1,244,ILE,CG1,4.172
7u2l,active,243,PHE,CE1,247,VAL,CG2,3.593
7u2l,active,243,PHE,CD1,295,TRP,CB,4.395
7u2l,active,244,ILE,CG2,248,LEU,CD1,3.855
7u2l,active,246,PRO,CB,291,PHE,CZ,4.13
7u2l,active,247,VAL,CG2,291,PHE,CE1,3.533
7u2l,active,247,VAL,CG2,292,ILE,CD1,3.509
7u2l,active,250,ILE,CD1,288,VAL,CG2,4.409
7u2l,active,250,ILE,CD1,291,PHE,CD1,3.955
7u2l,active,252,VAL,CG1,256,LEU,CD2,4.239
7u2l,active,257,MET,CE,261,LEU,CD1,3.637
7u2l,active,257,MET,CE,280,ILE,CG2,4.395
7u2l,active,257,MET,CE,284,VAL,CG2,3.61
7u2l,active,258,ILE,CD1,261,LEU,CD1,4.238
7u2l,active,258,ILE,CD1,280,ILE,CG2,4.395
7u2l,active,258,ILE,CG1,284,VAL,CG1,4.22
7u2l,active,261,LEU,CD2,264,VAL,CG2,4.219
7u2l,active,261,LEU,CD2,267,LEU,CD1,4.16
7u2l,active,261,LEU,CB,277,LEU,CD1,4.085
7u2l,active,261,LEU,CD1,280,ILE,CG2,3.978
7u2l,active,267,LEU,CB,277,LEU,CB,3.946
7u2l,active,267,LEU,CD1,280,ILE,CD1,3.884
7u2l,active,283,MET,CE,341,LEU,CG,3.878
7u2l,active,286,VAL,CG1,290,VAL,CG2,4.241
7u2l,active,286,VAL,CG1,337,LEU,CD2,4.01
7u2l,active,287,VAL,CG2,337,LEU,CD2,3.904
7u2l,active,288,VAL,CG1,292,ILE,CG1,4.313
7u2l,active,290,VAL,CG1,333,LEU,CD1,4.226
7u2l,active,290,VAL,CG2,337,LEU,CD2,3.856
7u2l,active,291,PHE,CE2,295,TRP,CD1,3.448
7u2l,active,295,TRP,CE3,298,ILE,CG2,3.691
7u2l,active,297,PRO,CG,326,LEU,CD2,3.713
7u2l,active,298,ILE,CD1,302,VAL,CG2,4.293
7u2l,active,298,ILE,CD1,324,ILE,CD1,3.706
7u2l,active,300,ILE,CG2,304,ILE,CD1,3.798
7u2l,active,302,VAL,CG2,320,TRP,CH2,3.766
7u2l,active,303,ILE,CG2,307,LEU,CD1,3.884
7u2l,active,304,ILE,CG2,308,ILE,CG1,4.167
7u2l,active,320,TRP,CD1,324,ILE,CG1,3.763
7u2l,active,333,LEU,CB,337,LEU,CD1,4.478
7u2l,active,336,VAL,CG2,340,PHE,CD2,4.037
7u2l,active,336,VAL,CG1,341,LEU,CD2,4.388
7u2l,active,339,ALA,CB,345,PHE,CE2,3.649
7ul4,inactive,76,LEU,CD2,80,VAL,CG2,3.682
7ul4,inactive,80,VAL,CG1,123,LEU,CD1,3.945
7ul4,inactive,85,LEU,CD1,117,ALA,CB,4.397
7ul4,inactive,90,LEU,CD2,349,PHE,CD1,3.496
7ul4,inactive,90,LEU,CD1,352,PHE,CB,4.375
7ul4,inactive,91,VAL,CG1,95,ILE,CD1,3.963
7ul4,inactive,91,VAL,CG1,109,ILE,CG2,4.351
7ul4,inactive,91,VAL,CG1,113,ALA,CB,4.411
7ul4,inactive,91,VAL,CG2,335,PRO,CB,4.17
7ul4,inactive,91,VAL,CG1,345,PHE,CE1,4.094
7ul4,inactive,91,VAL,CG2,349,PHE,CZ,3.799
7ul4,inactive,92,MET,CB,110,PHE,CE1,3.394
7ul4,inactive,94,VAL,CG1,101,MET,CE,4.215
7ul4,inactive,94,VAL,CG1,345,PHE,CD1,4.462
7ul4,inactive,94,VAL,CG2,349,PHE,CE1,3.922
7ul4,inactive,95,ILE,CD1,109,ILE,CG2,4.416
7ul4,inactive,95,ILE,CD1,110,PHE,CB,3.909
7ul4,inactive,95,ILE,CG1,345,PHE,CE1,4.036
7ul4,inactive,101,MET,CE,345,PHE,CE1,3.587
7ul4,inactive,107,ILE,CG1,183,PRO,CB,4.4
7ul4,inactive,107,ILE,CB,186,ALA,CB,3.799
7ul4,inactive,109,ILE,CG1,163,MET,CE,3.772
7ul4,inactive,109,ILE,CD1,283,MET,CE,3.917
7ul4,inactive,109,ILE,CG2,345,PHE,CZ,4.306
7ul4,inactive,110,PHE,CE2,114,LEU,CD1,4.481
7ul4,inactive,112,LEU,CD2,287,VAL,CG1,4.178
7ul4,inactive,114,LEU,CD2,118,LEU,CD1,3.773
7ul4,inactive,114,LEU,CD2,194,TRP,CZ2,3.821
7ul4,inactive,125,PHE,CB,135,TRP,CH2,3.837
7ul4,inactive,125,PHE,CD2,137,PHE,CD1,3.495
7ul4,inactive,125,PHE,CE2,141,LEU,CD1,4.354
7ul4,inactive,128,VAL,CB,137,PHE,CZ,3.96
7ul4,inactive,132,MET,CE,136,PRO,CG,3.646
7ul4,inactive,135,TRP,CH2,145,VAL,CG2,4.339
7ul4,inactive,135,TRP,CB,217,ILE,CG2,4.101
7ul4,inactive,137,PHE,CB,141,LEU,CD1,3.985
7ul4,inactive,140,ILE,CG2,144,ILE,CD1,4.083
7ul4,inactive,144,ILE,CG2,148,ILE,CD1,3.516
7ul4,inactive,146,ILE,CG2,204,VAL,CG1,3.585
7ul4,inactive,146,ILE,CD1,208,ALA,CB,3.928
7ul4,inactive,146,ILE,CG2,221,LEU,CD2,3.758
7ul4,inactive,153,MET,CE,238,VAL,CG1,4.273
7ul4,inactive,153,MET,CG,295,TRP,CH2,3.97
7ul4,inactive,154,PHE,CD2,158,PHE,CZ,3.956
7ul4,inactive,154,PHE,CZ,200,ILE,CB,4.007
7ul4,inactive,154,PHE,CE1,238,VAL,CG2,4.31
7ul4,inactive,154,PHE,CE2,242,ALA,CB,3.47
7ul4,inactive,157,ILE,CG2,242,ALA,CB,4.43
7ul4,inactive,157,ILE,CG1,246,PRO,CG,3.513
7ul4,inactive,157,ILE,CD1,291,PHE,CE1,3.91
7ul4,inactive,158,PHE,CE2,196,LEU,CD2,3.277
7ul4,inactive,160,LEU,CD2,287,VAL,CG1,3.873
7ul4,inactive,160,LEU,CD2,288,VAL,CG2,3.865
7ul4,inactive,160,LEU,CD1,291,PHE,CG,3.702
7ul4,inactive,163,MET,CG,284,VAL,CG1,3.54
7ul4,inactive,165,VAL,CG1,169,ILE,CD1,4.307
7ul4,inactive,165,VAL,CG2,249,ILE,CG2,4.401
7ul4,inactive,169,ILE,CG2,177,ALA,CB,3.768
7ul4,inactive,170,ALA,CB,277,LEU,CD1,4.497
7ul4,inactive,171,VAL,CB,257,MET,CG,3.823
7ul4,inactive,171,VAL,CG1,261,LEU,CD1,3.284
7ul4,inactive,171,VAL,CG1,267,LEU,CD2,4.392
7ul4,inactive,191,VAL,CG1,195,ILE,CD1,3.718
7ul4,inactive,204,VAL,CG1,221,LEU,CD2,3.778
7ul4,inactive,204,VAL,CG2,234,LEU,CD1,4.498
7ul4,inactive,207,MET,CE,223,PHE,CD2,3.474
7ul4,inactive,208,ALA,CB,221,LEU,CD2,3.994
7ul4,inactive,221,LEU,CD1,234,LEU,CD2,4.381
7ul4,inactive,223,PHE,CB,230,TRP,CB,4.217
7ul4,inactive,223,PHE,CE2,234,LEU,CD2,3.864
7ul4,inactive,230,TRP,CZ3,233,LEU,CD1,4.46
7ul4,inactive,234,LEU,CD1,238,VAL,CG2,4.36
7ul4,inactive,236,ILE,CG1,240,ILE,CG1,4.168
7ul4,inactive,239,PHE,CE1,243,PHE,CD2,4.214
7ul4,inactive,239,PHE,CZ,244,ILE,CD1,4.219
7ul4,inactive,239,PHE,CE1,300,ILE,CD1,4.256
7ul4,inactive,239,PHE,CG,303,ILE,CD1,4.103
7ul4,inactive,244,ILE,CG2,248,LEU,CD2,3.698
7ul4,inactive,250,ILE,CG2,288,VAL,CG1,3.99
7ul4,inactive,252,VAL,CG1,256,LEU,CD1,4.239
7ul4,inactive,256,LEU,CD2,259,LEU,CD1,4.152
7ul4,inactive,261,LEU,CG,267,LEU,CD1,4.066
7ul4,inactive,264,VAL,CG1,267,LEU,CD2,4.365
7ul4,inactive,267,LEU,CB,277,LEU,CD2,3.82
7ul4,inactive,280,ILE,CG2,284,VAL,CG2,4.476
7ul4,inactive,283,MET,CG,341,LEU,CB,4.027
7ul4,inactive,286,VAL,CG1,290,VAL,CG2,4.413
7ul4,inactive,286,VAL,CG1,341,LEU,CD1,4.327
7ul4,inactive,288,VAL,CG1,292,ILE,CD1,3.875
7ul4,inactive,290,VAL,CG1,333,LEU,CD1,4.19
7ul4,inactive,291,PHE,CZ,295,TRP,CD1,3.412
7ul4,inactive,295,TRP,CE3,298,ILE,CG2,3.62
7ul4,inactive,298,ILE,CD1,320,TRP,CZ3,4.407
7ul4,inactive,298,ILE,CD1,324,ILE,CG1,3.743
7ul4,inactive,300,ILE,CG2,304,ILE,CG1,3.959
7ul4,inactive,302,VAL,CG2,320,TRP,CH2,4.3
7ul4,inactive,320,TRP,CD1,324,ILE,CD1,3.721
7ul4,inactive,337,LEU,CB,341,LEU,CD1,4.31
7ul4,inactive,339,ALA,CB,349,PHE,CD2,3.606
7ul4,inactive,345,PHE,CD1,349,PHE,CZ,3.946
8Y72,active,67,MET,CG,71,ILE,CD1,3.818
8Y72,active,70,ALA,CB,131,LEU,CD1,3.796
8Y72,active,73,ILE,CD1,318,VAL,CG2,4.308
8Y72,active,74,MET,CE,131,LEU,CD2,3.682
8Y72,active,76,LEU,CD2,322,PHE,CD1,4.469
8Y72,active,76,LEU,CD1,325,ALA,CB,3.371
8Y72,active,79,ILE,CG2,83,VAL,CG2,4.177
8Y72,active,80,VAL,CG1,123,LEU,CD1,3.766
8Y72,active,80,VAL,CG2,325,ALA,CB,4.012
8Y72,active,85,LEU,CD2,89,PHE,CE2,3.598
8Y72,active,85,LEU,CD2,117,ALA,CB,4.183
8Y72,active,86,PHE,CZ,90,LEU,CD2,3.8
8Y72,active,89,PHE,CD1,92,MET,CE,3.394
8Y72,active,89,PHE,CE1,117,ALA,CB,3.791
8Y72,active,90,LEU,CD1,94,VAL,CG2,3.392
8Y72,active,90,LEU,CD2,340,PHE,CZ,4.449
8Y72,active,91,VAL,CG1,95,ILE,CD1,4.031
8Y72,active,91,VAL,CG1,109,ILE,CG2,3.78
8Y72,active,91,VAL,CG1,113,ALA,CB,4.253
8Y72,active,91,VAL,CG2,335,PRO,CB,4.145
8Y72,active,91,VAL,CG1,339,ALA,CB,3.835
8Y72,active,91,VAL,CG2,340,PHE,CE1,3.429
8Y72,active,91,VAL,CG1,345,PHE,CZ,4.048
8Y72,active,92,MET,CG,110,PHE,CE1,3.528
8Y72,active,92,MET,CG,113,ALA,CB,3.549
8Y72,active,92,MET,CE,117,ALA,CB,3.551
8Y72,active,94,VAL,CG1,345,PHE,CE1,3.724
8Y72,active,94,VAL,CG1,349,PHE,CE1,4.402
8Y72,active,95,ILE,CG2,101,MET,CG,3.409
8Y72,active,95,ILE,CD1,109,ILE,CG2,3.649
8Y72,active,95,ILE,CD1,110,PHE,CB,3.411
8Y72,active,95,ILE,CG1,345,PHE,CZ,3.939
8Y72,active,96,VAL,CG1,101,MET,CE,3.952
8Y72,active,96,VAL,CG1,110,PHE,CE1,3.761
8Y72,active,101,MET,CB,107,ILE,CG1,3.797
8Y72,active,101,MET,CE,110,PHE,CG,3.504
8Y72,active,104,ALA,CB,186,ALA,CB,3.383
8Y72,active,107,ILE,CD1,183,PRO,CB,4.431
8Y72,active,107,ILE,CD1,186,ALA,CB,4.296
8Y72,active,109,ILE,CG1,163,MET,CE,4.174
8Y72,active,109,ILE,CG2,339,ALA,CB,4.114
8Y72,active,109,ILE,CD1,345,PHE,CE2,4.138
8Y72,active,112,LEU,CD2,160,LEU,CD2,3.438
8Y72,active,114,LEU,CD1,118,LEU,CD1,3.516
8Y72,active,114,LEU,CD2,194,TRP,CZ2,3.505
8Y72,active,115,ALA,CB,194,TRP,CH2,4.421
8Y72,active,118,LEU,CD1,194,TRP,CH2,4.33
8Y72,active,125,PHE,CB,135,TRP,CH2,3.651
8Y72,active,125,PHE,CD1,137,PHE,CE2,3.594
8Y72,active,125,PHE,CE1,141,LEU,CD2,3.221
8Y72,active,125,PHE,CG,145,VAL,CG2,3.966
8Y72,active,128,VAL,CG1,132,MET,CG,3.494
8Y72,active,128,VAL,CG1,137,PHE,CZ,4.174
8Y72,active,132,MET,CE,136,PRO,CG,3.762
8Y72,active,135,TRP,CH2,145,VAL,CG2,3.727
8Y72,active,135,TRP,CB,217,ILE,CG1,3.688
8Y72,active,137,PHE,CB,141,LEU,CD2,3.447
8Y72,active,140,ILE,CG2,144,ILE,CD1,4.153
8Y72,active,141,LEU,CD1,144,ILE,CD1,4.396
8Y72,active,141,LEU,CG,145,VAL,CG2,4.295
8Y72,active,144,ILE,CG2,148,ILE,CD1,3.561
8Y72,active,146,ILE,CG2,204,VAL,CG1,3.284
8Y72,active,146,ILE,CD1,208,ALA,CB,4.028
8Y72,active,146,ILE,CG2,221,LEU,CD1,3.518
8Y72,active,153,MET,CG,157,ILE,CD1,4.078
8Y72,active,153,MET,CE,238,VAL,CG1,3.926
8Y72,active,153,MET,CE,295,TRP,CZ3,3.548
8Y72,active,154,PHE,CD2,158,PHE,CZ,3.697
8Y72,active,154,PHE,CD1,200,ILE,CG2,3.699
8Y72,active,154,PHE,CZ,238,VAL,CG2,3.996
8Y72,active,154,PHE,CE2,241,PHE,CB,4.081
8Y72,active,154,PHE,CZ,242,ALA,CB,4.15
8Y72,active,157,ILE,CD1,242,ALA,CB,3.714
8Y72,active,157,ILE,CG2,246,PRO,CG,3.23
8Y72,active,157,ILE,CG1,291,PHE,CE1,4.191
8Y72,active,157,ILE,CD1,295,TRP,CZ2,4.412
8Y72,active,158,PHE,CE2,196,LEU,CB,3.851
8Y72,active,158,PHE,CE1,245,MET,CE,4.014
8Y72,active,160,LEU,CD1,291,PHE,CD1,3.866
8Y72,active,165,VAL,CG1,169,ILE,CD1,3.568
8Y72,active,165,VAL,CG2,249,ILE,CG2,3.4
8Y72,active,169,ILE,CG2,177,ALA,CB,3.929
8Y72,active,171,VAL,CG2,257,MET,CG,3.557
8Y72,active,171,VAL,CG1,261,LEU,CD2,3.838
8Y72,active,191,VAL,CG1,195,ILE,CD1,3.327
8Y72,active,200,ILE,CG1,204,VAL,CG2,4.369
8Y72,active,200,ILE,CD1,234,LEU,CD1,3.299
8Y72,active,200,ILE,CD1,238,VAL,CG2,4.321
8Y72,active,203,PRO,CB,207,MET,CE,4.323
8Y72,active,204,VAL,CG1,221,LEU,CD2,4.059
8Y72,active,207,MET,CE,223,PHE,CE2,3.473
8Y72,active,221,LEU,CD2,234,LEU,CD2,4.221
8Y72,active,223,PHE,CD2,230,TRP,CB,3.409
8Y72,active,223,PHE,CZ,234,LEU,CD2,3.421
8Y72,active,226,PRO,CD,230,TRP,CD1,4.083
8Y72,active,230,TRP,CZ3,233,LEU,CD2,3.959
8Y72,active,234,LEU,CD1,238,VAL,CG2,4.162
8Y72,active,236,ILE,CG2,240,ILE,CD1,3.297
8Y72,active,238,VAL,CG1,242,ALA,CB,4.381
8Y72,active,239,PHE,CE1,243,PHE,CD2,3.853
8Y72,active,239,PHE,CZ,244,ILE,CD1,3.611
8Y72,active,243,PHE,CE1,247,VAL,CG2,4.379
8Y72,active,243,PHE,CD1,295,TRP,CB,3.843
8Y72,active,244,ILE,CG2,248,LEU,CD1,4.438
8Y72,active,245,MET,CG,249,ILE,CD1,3.48
8Y72,active,246,PRO,CB,291,PHE,CZ,3.992
8Y72,active,247,VAL,CG2,291,PHE,CE2,3.591
8Y72,active,247,VAL,CG2,292,ILE,CG1,4.269
8Y72,active,250,ILE,CG2,288,VAL,CG2,3.641
8Y72,active,252,VAL,CG1,256,LEU,CD1,3.972
8Y72,active,257,MET,CG,261,LEU,CD1,3.923
8Y72,active,257,MET,CE,284,VAL,CG2,3.514
8Y72,active,258,ILE,CD1,261,LEU,CD1,4.244
8Y72,active,258,ILE,CD1,280,ILE,CG2,4.319
8Y72,active,258,ILE,CD1,284,VAL,CG2,4.121
8Y72,active,261,LEU,CD2,264,VAL,CG2,4.411
8Y72,active,261,LEU,CD2,267,LEU,CD1,3.588
8Y72,active,261,LEU,CB,277,LEU,CD1,4.174
8Y72,active,261,LEU,CD1,280,ILE,CG2,3.993
8Y72,active,264,VAL,CG1,267,LEU,CG,4.417
8Y72,active,267,LEU,CB,277,LEU,CB,4.185
8Y72,active,267,LEU,CD2,280,ILE,CD1,4.185
8Y72,active,280,ILE,CG2,284,VAL,CG2,4.498
8Y72,active,284,VAL,CG1,288,VAL,CG2,4.458
8Y72,active,286,VAL,CG1,290,VAL,CG2,4.009
8Y72,active,286,VAL,CG1,337,LEU,CD2,3.871
8Y72,active,287,VAL,CG2,337,LEU,CD1,4.482
8Y72,active,288,VAL,CG1,292,ILE,CD1,3.731
8Y72,active,290,VAL,CG1,333,LEU,CB,3.982
8Y72,active,290,VAL,CB,337,LEU,CD1,3.778
8Y72,active,291,PHE,CE1,295,TRP,CD1,3.449
8Y72,active,295,TRP,CE3,298,ILE,CG2,3.972
8Y72,active,297,PRO,CG,326,LEU,CD2,3.593
8Y72,active,298,ILE,CG1,302,VAL,CG2,4.137
8Y72,active,298,ILE,CD1,320,TRP,CZ3,4.147
8Y72,active,298,ILE,CD1,324,ILE,CG1,3.727
8Y72,active,300,ILE,CG2,304,ILE,CD1,3.968
8Y72,active,302,VAL,CG2,320,TRP,CH2,4.106
8Y72,active,303,ILE,CG2,307,LEU,CD1,4.098
8Y72,active,304,ILE,CG2,308,VAL,CG1,4.207
8Y72,active,320,TRP,CE2,324,ILE,CD1,3.365
8Y72,active,322,PHE,CE2,326,LEU,CD2,4.422
8Y72,active,333,LEU,CD1,336,VAL,CG2,4.035
8Y72,active,336,VAL,CG1,340,PHE,CD2,3.567
8Y72,active,337,LEU,CD2,341,LEU,CD1,4.069
8Y72,active,339,ALA,CB,345,PHE,CE2,3.574
8Y72,active,340,PHE,CD1,349,PHE,CE2,4.245
8Y72,active,345,PHE,CD1,349,PHE,CZ,3.419
8Y73,active,67,MET,CG,71,ILE,CG1,4.087
8Y73,active,70,ALA,CB,131,LEU,CD1,4.469
8Y73,active,74,MET,CE,131,LEU,CD2,3.8
8Y73,active,76,LEU,CD1,79,ILE,CG2,4.428
8Y73,active,76,LEU,CD1,80,VAL,CG2,4.442
8Y73,active,76,LEU,CD2,322,PHE,CD1,3.655
8Y73,active,76,LEU,CG,325,ALA,CB,3.867
8Y73,active,79,ILE,CG1,83,VAL,CG2,4.148
8Y73,active,80,VAL,CG1,123,LEU,CD1,3.596
8Y73,active,80,VAL,CG2,325,ALA,CB,4.383
8Y73,active,85,LEU,CD2,89,PHE,CE2,3.783
8Y73,active,86,PHE,CZ,90,LEU,CD2,4.1
8Y73,active,89,PHE,CD1,92,MET,CE,4.366
8Y73,active,90,LEU,CD1,94,VAL,CG2,3.727
8Y73,active,90,LEU,CD2,340,PHE,CZ,3.603
8Y73,active,91,VAL,CG1,95,ILE,CD1,3.731
8Y73,active,91,VAL,CG1,109,ILE,CG2,4.047
8Y73,active,91,VAL,CG1,113,ALA,CB,3.706
8Y73,active,91,VAL,CG2,335,PRO,CB,3.663
8Y73,active,91,VAL,CG2,339,ALA,CB,3.712
8Y73,active,91,VAL,CG2,340,PHE,CZ,3.703
8Y73,active,92,MET,CG,110,PHE,CE1,3.727
8Y73,active,92,MET,CG,113,ALA,CB,3.836
8Y73,active,92,MET,CE,114,LEU,CD1,4.192
8Y73,active,92,MET,CE,117,ALA,CB,4.008
8Y73,active,94,VAL,CG1,345,PHE,CE2,4.133
8Y73,active,94,VAL,CG1,349,PHE,CE1,3.678
8Y73,active,95,ILE,CG2,101,MET,CG,3.545
8Y73,active,95,ILE,CD1,109,ILE,CG2,3.604
8Y73,active,95,ILE,CD1,110,PHE,CB,3.896
8Y73,active,95,ILE,CG1,345,PHE,CZ,3.536
8Y73,active,96,VAL,CG2,110,PHE,CE1,4.243
8Y73,active,101,MET,CE,107,ILE,CG1,3.783
8Y73,active,101,MET,CE,110,PHE,CD2,3.746
8Y73,active,104,ALA,CB,186,ALA,CB,3.636
8Y73,active,107,ILE,CD1,183,PRO,CB,4.191
8Y73,active,107,ILE,CD1,186,ALA,CB,4.212
8Y73,active,109,ILE,CG2,339,ALA,CB,3.868
8Y73,active,109,ILE,CD1,345,PHE,CE1,3.923
8Y73,active,112,LEU,CD1,160,LEU,CD2,3.694
8Y73,active,112,LEU,CD2,163,MET,CE,3.62
8Y73,active,114,LEU,CD1,118,LEU,CD1,3.759
8Y73,active,114,LEU,CD2,194,TRP,CZ2,4.109
8Y73,active,115,ALA,CB,194,TRP,CH2,4.386
8Y73,active,125,PHE,CB,135,TRP,CH2,3.877
8Y73,active,125,PHE,CD2,137,PHE,CZ,4.024
8Y73,active,125,PHE,CE2,141,LEU,CD2,4.18
8Y73,active,125,PHE,CG,145,VAL,CG2,4.111
8Y73,active,128,VAL,CG1,132,MET,CG,4.255
8Y73,active,128,VAL,CG1,136,PRO,CG,4.292
8Y73,active,128,VAL,CG1,137,PHE,CE2,4.086
8Y73,active,132,MET,CE,136,PRO,CG,3.727
8Y73,active,135,TRP,CH2,145,VAL,CG2,4.355
8Y73,active,135,TRP,CB,217,ILE,CG2,3.853
8Y73,active,137,PHE,CD1,141,LEU,CD2,3.602
8Y73,active,140,ILE,CG1,144,ILE,CD1,3.971
8Y73,active,141,LEU,CD1,144,ILE,CB,4.494
8Y73,active,141,LEU,CG,145,VAL,CG2,4.379
8Y73,active,144,ILE,CG2,148,ILE,CD1,3.963
8Y73,active,146,ILE,CG2,204,VAL,CG1,3.515
8Y73,active,146,ILE,CD1,208,ALA,CB,3.975
8Y73,active,146,ILE,CG2,221,LEU,CD1,3.772
8Y73,active,153,MET,CG,157,ILE,CD1,3.881
8Y73,active,153,MET,CE,295,TRP,CH2,4.425
8Y73,active,154,PHE,CD2,158,PHE,CZ,3.811
8Y73,active,154,PHE,CD1,200,ILE,CG2,3.745
8Y73,active,154,PHE,CZ,238,VAL,CG2,4.154
8Y73,active,154,PHE,CE2,241,PHE,CB,4.211
8Y73,active,154,PHE,CZ,242,ALA,CB,4.207
8Y73,active,157,ILE,CD1,242,ALA,CB,3.81
8Y73,active,157,ILE,CG2,246,PRO,CG,3.466
8Y73,active,157,ILE,CG1,291,PHE,CE2,4.291
8Y73,active,157,ILE,CD1,295,TRP,CE2,4.36
8Y73,active,158,PHE,CE2,196,LEU,CD2,4.268
8Y73,active,158,PHE,CE1,245,MET,CE,3.669
8Y73,active,160,LEU,CD1,291,PHE,CD2,3.868
8Y73,active,165,VAL,CG1,169,ILE,CD1,3.947
8Y73,active,165,VAL,CG2,249,ILE,CG2,3.72
8Y73,active,169,ILE,CG2,177,ALA,CB,3.929
8Y73,active,171,VAL,CB,257,MET,CG,3.6
8Y73,active,171,VAL,CG1,261,LEU,CD2,3.713
8Y73,active,191,VAL,CG1,195,ILE,CD1,3.734
8Y73,active,200,ILE,CD1,204,VAL,CG2,4.151
8Y73,active,204,VAL,CG1,221,LEU,CD2,4.455
8Y73,active,207,MET,CE,223,PHE,CE1,3.504
8Y73,active,207,MET,CE,234,LEU,CD1,4.202
8Y73,active,223,PHE,CB,228,TRP,CE3,3.522
8Y73,active,223,PHE,CD1,230,TRP,CB,3.493
8Y73,active,223,PHE,CE1,234,LEU,CD1,4.286
8Y73,active,226,PRO,CD,230,TRP,CD1,3.883
8Y73,active,230,TRP,CE3,233,LEU,CD2,3.561
8Y73,active,234,LEU,CD2,238,VAL,CG2,3.887
8Y73,active,236,ILE,CG2,240,ILE,CD1,3.666
8Y73,active,238,VAL,CG1,242,ALA,CB,4.225
8Y73,active,239,PHE,CE1,243,PHE,CD2,3.629
8Y73,active,239,PHE,CE2,244,ILE,CG1,3.722
8Y73,active,239,PHE,CE1,303,ILE,CD1,3.646
8Y73,active,243,PHE,CE1,247,VAL,CG2,4.099
8Y73,active,243,PHE,CD1,295,TRP,CB,4.168
8Y73,active,244,ILE,CG2,248,LEU,CD1,3.977
8Y73,active,245,MET,CG,249,ILE,CD1,3.643
8Y73,active,246,PRO,CB,291,PHE,CZ,3.994
8Y73,active,247,VAL,CG2,291,PHE,CE1,3.561
8Y73,active,250,ILE,CG2,288,VAL,CG2,3.664
8Y73,active,252,VAL,CG1,256,LEU,CD1,4.007
8Y73,active,257,MET,CE,261,LEU,CD1,4.45
8Y73,active,257,MET,CE,284,VAL,CG2,3.607
8Y73,active,258,ILE,CD1,280,ILE,CG2,4.231
8Y73,active,258,ILE,CD1,284,VAL,CG2,4.252
8Y73,active,261,LEU,CD2,264,VAL,CG2,3.871
8Y73,active,261,LEU,CD2,267,LEU,CD1,3.719
8Y73,active,261,LEU,CB,277,LEU,CD1,4.353
8Y73,active,261,LEU,CD1,280,ILE,CG2,3.864
8Y73,active,264,VAL,CG1,267,LEU,CD1,4.206
8Y73,active,267,LEU,CB,277,LEU,CB,4.24
8Y73,active,267,LEU,CD2,280,ILE,CD1,4.11
8Y73,active,283,MET,CE,287,VAL,CG2,4.141
8Y73,active,283,MET,CE,337,LEU,CD2,3.84
8Y73,active,283,MET,CE,341,LEU,CD2,3.885
8Y73,active,284,VAL,CG1,288,VAL,CG2,4.438
8Y73,active,286,VAL,CG1,290,VAL,CG2,4.173
8Y73,active,286,VAL,CG1,337,LEU,CD2,3.78
8Y73,active,287,VAL,CG2,337,LEU,CB,4.391
8Y73,active,288,VAL,CG1,292,ILE,CD1,3.849
8Y73,active,290,VAL,CG1,333,LEU,CD1,3.702
8Y73,active,290,VAL,CG1,337,LEU,CD1,3.676
8Y73,active,291,PHE,CE2,295,TRP,CD1,3.357
8Y73,active,295,TRP,CE3,298,ILE,CG2,3.794
8Y73,active,297,PRO,CG,326,LEU,CD2,3.669
8Y73,active,298,ILE,CD1,302,VAL,CG2,3.958
8Y73,active,298,ILE,CD1,320,TRP,CZ3,4.417
8Y73,active,298,ILE,CD1,324,ILE,CG1,3.91
8Y73,active,300,ILE,CG2,304,ILE,CD1,4.053
8Y73,active,302,VAL,CG2,320,TRP,CH2,3.656
8Y73,active,303,ILE,CG2,307,LEU,CD1,3.528
8Y73,active,304,ILE,CG2,308,VAL,CG2,4.175
8Y73,active,315,PHE,CD1,318,VAL,CG2,4.081
8Y73,active,320,TRP,CD1,324,ILE,CD1,3.824
8Y73,active,322,PHE,CE2,326,LEU,CD2,4.265
8Y73,active,335,PRO,CB,340,PHE,CE2,4.442
8Y73,active,336,VAL,CG1,341,LEU,CD1,4.014
8Y73,active,340,PHE,CD1,349,PHE,CE2,3.502
8e0g,active,65,PRO,CG,70,ALA,CB,4.354
8e0g,active,67,MET,CG,71,ILE,CD1,3.789
8e0g,active,73,ILE,CD1,318,VAL,CG2,4.304
8e0g,active,74,MET,CG,131,LEU,CD2,3.303
8e0g,active,76,LEU,CD1,322,PHE,CD1,3.775
8e0g,active,76,LEU,CD2,325,ALA,CB,3.899
8e0g,active,79,ILE,CG2,83,VAL,CG2,4.179
8e0g,active,80,VAL,CG1,123,LEU,CD1,3.432
8e0g,active,80,VAL,CG2,325,ALA,CB,4.363
8e0g,active,85,LEU,CD2,89,PHE,CE1,4.259
8e0g,active,85,LEU,CD2,117,ALA,CB,4.492
8e0g,active,86,PHE,CZ,90,LEU,CD2,4.356
8e0g,active,89,PHE,CD1,92,MET,CE,3.993
8e0g,active,89,PHE,CE1,117,ALA,CB,4.205
8e0g,active,90,LEU,CD1,94,VAL,CG2,4.153
8e0g,active,90,LEU,CD2,340,PHE,CZ,3.352
8e0g,active,91,VAL,CG1,95,ILE,CG1,4.337
8e0g,active,91,VAL,CG1,109,ILE,CG2,3.503
8e0g,active,91,VAL,CG1,113,ALA,CB,3.794
8e0g,active,91,VAL,CG2,335,PRO,CB,3.878
8e0g,active,91,VAL,CG2,339,ALA,CB,3.739
8e0g,active,91,VAL,CG2,340,PHE,CE2,3.911
8e0g,active,91,VAL,CG1,345,PHE,CE2,4.152
8e0g,active,92,MET,CG,110,PHE,CE2,3.729
8e0g,active,92,MET,CG,113,ALA,CB,3.858
8e0g,active,92,MET,CE,117,ALA,CB,3.709
8e0g,active,94,VAL,CG1,345,PHE,CZ,3.498
8e0g,active,95,ILE,CG2,101,MET,CG,3.655
8e0g,active,95,ILE,CD1,109,ILE,CG2,4.246
8e0g,active,95,ILE,CG2,110,PHE,CD2,4.122
8e0g,active,95,ILE,CD1,345,PHE,CE2,3.476
8e0g,active,96,VAL,CG2,110,PHE,CE2,4.002
8e0g,active,101,MET,CG,107,ILE,CG1,4.152
8e0g,active,101,MET,CE,110,PHE,CD2,3.834
8e0g,active,104,ALA,CB,186,ALA,CB,3.742
8e0g,active,107,ILE,CD1,183,PRO,CB,3.684
8e0g,active,107,ILE,CG2,186,ALA,CB,3.977
8e0g,active,109,ILE,CG1,163,MET,CE,3.678
8e0g,active,109,ILE,CG2,339,ALA,CB,3.786
8e0g,active,110,PHE,CE1,114,LEU,CB,4.37
8e0g,active,112,LEU,CD1,160,LEU,CB,4.399
8e0g,active,112,LEU,CD2,163,MET,CE,4.167
8e0g,active,114,LEU,CG,118,LEU,CD1,4.118
8e0g,active,118,LEU,CB,148,ILE,CG2,4.181
8e0g,active,125,PHE,CB,135,TRP,CH2,3.931
8e0g,active,125,PHE,CD1,137,PHE,CE2,3.658
8e0g,active,125,PHE,CD2,145,VAL,CG2,3.898
8e0g,active,128,VAL,CG1,132,MET,CG,3.873
8e0g,active,128,VAL,CG1,136,PRO,CG,3.725
8e0g,active,128,VAL,CG1,137,PHE,CZ,3.784
8e0g,active,135,TRP,CZ2,141,LEU,CB,4.416
8e0g,active,135,TRP,CH2,145,VAL,CB,4.184
8e0g,active,135,TRP,CB,217,ILE,CG2,4.11
8e0g,active,137,PHE,CB,141,LEU,CD1,3.87
8e0g,active,140,ILE,CG2,144,ILE,CD1,3.936
8e0g,active,144,ILE,CG2,148,ILE,CD1,3.76
8e0g,active,144,ILE,CG1,205,MET,CE,4.23
8e0g,active,146,ILE,CG2,204,VAL,CG2,3.849
8e0g,active,146,ILE,CG2,208,ALA,CB,4.03
8e0g,active,146,ILE,CG2,221,LEU,CD2,4.144
8e0g,active,153,MET,CG,157,ILE,CD1,3.888
8e0g,active,153,MET,CE,238,VAL,CG1,3.839
8e0g,active,153,MET,CE,242,ALA,CB,4.467
8e0g,active,153,MET,CG,295,TRP,CH2,3.77
8e0g,active,154,PHE,CD1,158,PHE,CZ,3.511
8e0g,active,154,PHE,CZ,200,ILE,CD1,3.716
8e0g,active,154,PHE,CZ,238,VAL,CG2,4.265
8e0g,active,154,PHE,CE1,241,PHE,CB,3.806
8e0g,active,154,PHE,CE1,242,ALA,CB,3.752
8e0g,active,157,ILE,CD1,242,ALA,CB,3.862
8e0g,active,157,ILE,CG2,246,PRO,CG,3.389
8e0g,active,157,ILE,CG1,291,PHE,CE2,4.083
8e0g,active,157,ILE,CD1,295,TRP,CE2,3.956
8e0g,active,158,PHE,CE2,196,LEU,CD2,3.548
8e0g,active,158,PHE,CE1,245,MET,CE,3.609
8e0g,active,160,LEU,CD1,250,ILE,CG2,4.331
8e0g,active,160,LEU,CD1,291,PHE,CD2,4.048
8e0g,active,165,VAL,CG1,169,ILE,CD1,3.645
8e0g,active,165,VAL,CG2,249,ILE,CG2,3.907
8e0g,active,169,ILE,CG2,177,ALA,CB,3.748
8e0g,active,169,ILE,CD1,180,PHE,CD2,3.646
8e0g,active,171,VAL,CG2,257,MET,CG,3.559
8e0g,active,171,VAL,CG1,261,LEU,CG,4.037
8e0g,active,180,PHE,CE1,189,VAL,CG2,4.235
8e0g,active,191,VAL,CG1,195,ILE,CD1,3.956
8e0g,active,200,ILE,CG2,204,VAL,CG1,4.166
8e0g,active,200,ILE,CG2,234,LEU,CD1,4.38
8e0g,active,200,ILE,CD1,238,VAL,CG2,4.377
8e0g,active,204,VAL,CB,221,LEU,CD2,4.187
8e0g,active,207,MET,CB,221,LEU,CD2,4.193
8e0g,active,207,MET,CE,223,PHE,CD1,3.011
8e0g,active,208,ALA,CB,221,LEU,CD2,4.144
8e0g,active,221,LEU,CD1,234,LEU,CD2,3.337
8e0g,active,223,PHE,CD1,230,TRP,CB,4.129
8e0g,active,223,PHE,CZ,234,LEU,CD2,3.815
8e0g,active,226,PRO,CD,230,TRP,CD1,4.203
8e0g,active,230,TRP,CZ3,233,LEU,CD2,3.646
8e0g,active,234,LEU,CD1,238,VAL,CG2,4.001
8e0g,active,236,ILE,CG2,240,ILE,CD1,3.97
8e0g,active,238,VAL,CG1,242,ALA,CB,4.326
8e0g,active,239,PHE,CE1,243,PHE,CD2,3.676
8e0g,active,239,PHE,CZ,244,ILE,CD1,3.74
8e0g,active,239,PHE,CE1,300,ILE,CD1,4.322
8e0g,active,239,PHE,CB,303,ILE,CD1,4.326
8e0g,active,240,ILE,CG2,244,ILE,CG1,4.233
8e0g,active,241,PHE,CD1,245,MET,CE,4.116
8e0g,active,243,PHE,CE1,247,VAL,CG2,3.923
8e0g,active,243,PHE,CD1,291,PHE,CE1,4.091
8e0g,active,243,PHE,CD1,295,TRP,CB,4.049
8e0g,active,244,ILE,CG2,248,LEU,CD1,3.911
8e0g,active,245,MET,CG,249,ILE,CD1,3.528
8e0g,active,246,PRO,CB,291,PHE,CZ,3.892
8e0g,active,247,VAL,CG2,291,PHE,CE1,3.995
8e0g,active,247,VAL,CG2,292,ILE,CG1,4.337
8e0g,active,250,ILE,CD1,288,VAL,CG2,3.786
8e0g,active,250,ILE,CD1,291,PHE,CB,4.353
8e0g,active,252,VAL,CG1,256,LEU,CD1,4.006
8e0g,active,256,LEU,CD2,259,LEU,CD2,4.447
8e0g,active,257,MET,CG,261,LEU,CD1,4.384
8e0g,active,257,MET,CE,280,ILE,CG2,3.698
8e0g,active,257,MET,CE,284,VAL,CG2,3.911
8e0g,active,258,ILE,CD1,284,VAL,CG2,3.927
8e0g,active,261,LEU,CB,277,LEU,CD1,3.459
8e0g,active,261,LEU,CD1,280,ILE,CD1,4.176
8e0g,active,280,ILE,CG2,284,VAL,CG2,4.452
8e0g,active,283,MET,CG,287,VAL,CG1,4.354
8e0g,active,284,VAL,CG1,288,VAL,CG2,4.362
8e0g,active,286,VAL,CG1,290,VAL,CG2,4.21
8e0g,active,286,VAL,CG1,337,LEU,CD2,3.728
8e0g,active,287,VAL,CG1,337,LEU,CD1,4.214
8e0g,active,288,VAL,CG1,292,ILE,CD1,3.766
8e0g,active,290,VAL,CG1,333,LEU,CD1,3.835
8e0g,active,290,VAL,CG1,337,LEU,CD1,3.819
8e0g,active,291,PHE,CE2,295,TRP,CD1,3.654
8e0g,active,295,TRP,CE3,298,ILE,CG2,3.706
8e0g,active,297,PRO,CG,326,LEU,CD1,4.024
8e0g,active,298,ILE,CD1,302,VAL,CG2,4.006
8e0g,active,298,ILE,CD1,320,TRP,CZ3,3.686
8e0g,active,298,ILE,CD1,324,ILE,CG1,3.856
8e0g,active,300,ILE,CG2,304,ILE,CD1,3.626
8e0g,active,302,VAL,CG2,320,TRP,CH2,3.882
8e0g,active,303,ILE,CG2,307,LEU,CD1,3.834
8e0g,active,304,ILE,CG2,308,ILE,CD1,3.614
8e0g,active,304,ILE,CG2,310,ILE,CG2,4.433
8e0g,active,320,TRP,CE2,324,ILE,CD1,3.774
8e0g,active,322,PHE,CE2,326,LEU,CD1,3.71
8e0g,active,335,PRO,CB,340,PHE,CE2,4.214
8e0g,active,336,VAL,CG1,341,LEU,CD1,4.212
8e0g,active,339,ALA,CB,345,PHE,CZ,4.138
8e0g,active,340,PHE,CD1,345,PHE,CE1,3.593
8ef5,active,67,MET,CG,71,ILE,CD1,3.85
8ef5,active,73,ILE,CD1,318,VAL,CG2,4.441
8ef5,active,74,MET,CE,131,LEU,CD2,3.909
8ef5,active,76,LEU,CD2,322,PHE,CD1,3.655
8ef5,active,76,LEU,CD2,325,ALA,CB,3.73
8ef5,active,80,VAL,CG1,123,LEU,CD2,4.036
8ef5,active,85,LEU,CD2,89,PHE,CE2,3.715
8ef5,active,89,PHE,CE2,117,ALA,CB,4.035
8ef5,active,90,LEU,CD2,340,PHE,CZ,3.753
8ef5,active,91,VAL,CG1,95,ILE,CD1,3.807
8ef5,active,91,VAL,CG1,109,ILE,CG2,4.162
8ef5,active,91,VAL,CG1,113,ALA,CB,4.05
8ef5,active,91,VAL,CG2,335,PRO,CB,3.644
8ef5,active,91,VAL,CG2,339,ALA,CB,3.894
8ef5,active,91,VAL,CG2,340,PHE,CE1,3.983
8ef5,active,92,MET,CG,110,PHE,CE1,3.857
8ef5,active,92,MET,CG,113,ALA,CB,3.747
8ef5,active,92,MET,CE,114,LEU,CD1,3.988
8ef5,active,94,VAL,CG1,345,PHE,CD1,4.294
8ef5,active,94,VAL,CG2,349,PHE,CE1,3.788
8ef5,active,95,ILE,CG2,101,MET,CG,3.724
8ef5,active,95,ILE,CD1,109,ILE,CG2,4.467
8ef5,active,95,ILE,CD1,110,PHE,CB,3.77
8ef5,active,95,ILE,CG1,345,PHE,CE1,3.587
8ef5,active,96,VAL,CG2,110,PHE,CE1,3.999
8ef5,active,101,MET,CB,107,ILE,CG1,4.338
8ef5,active,104,ALA,CB,186,ALA,CB,3.773
8ef5,active,107,ILE,CD1,186,ALA,CB,4.167
8ef5,active,109,ILE,CG1,163,MET,CE,4.051
8ef5,active,109,ILE,CG2,339,ALA,CB,3.723
8ef5,active,109,ILE,CD1,345,PHE,CE2,3.596
8ef5,active,112,LEU,CD2,160,LEU,CD2,3.747
8ef5,active,114,LEU,CG,118,LEU,CD1,4.299
8ef5,active,114,LEU,CD2,194,TRP,CZ2,4.261
8ef5,active,115,ALA,CB,194,TRP,CH2,4.118
8ef5,active,118,LEU,CB,148,ILE,CG2,4.456
8ef5,active,125,PHE,CB,135,TRP,CH2,3.977
8ef5,active,125,PHE,CD1,137,PHE,CZ,4.056
8ef5,active,125,PHE,CD2,145,VAL,CG2,3.613
8ef5,active,128,VAL,CG1,132,MET,CG,3.785
8ef5,active,128,VAL,CG1,137,PHE,CE2,3.768
8ef5,active,135,TRP,CH2,145,VAL,CG1,3.965
8ef5,active,137,PHE,CB,141,LEU,CD2,3.668
8ef5,active,140,ILE,CG2,144,ILE,CD1,4.196
8ef5,active,141,LEU,CG,145,VAL,CG2,3.903
8ef5,active,144,ILE,CG2,148,ILE,CD1,3.732
8ef5,active,146,ILE,CG2,204,VAL,CG1,3.758
8ef5,active,146,ILE,CD1,208,ALA,CB,3.897
8ef5,active,146,ILE,CG2,221,LEU,CD2,3.865
8ef5,active,153,MET,CG,157,ILE,CD1,4.112
8ef5,active,153,MET,CE,238,VAL,CG1,3.948
8ef5,active,153,MET,CG,295,TRP,CH2,3.647
8ef5,active,154,PHE,CD1,158,PHE,CZ,3.756
8ef5,active,154,PHE,CD2,200,ILE,CG2,3.643
8ef5,active,154,PHE,CZ,238,VAL,CG2,4.136
8ef5,active,154,PHE,CE1,241,PHE,CB,4.025
8ef5,active,154,PHE,CE1,242,ALA,CB,4.075
8ef5,active,157,ILE,CD1,242,ALA,CB,4.026
8ef5,active,157,ILE,CG2,246,PRO,CG,3.653
8ef5,active,157,ILE,CG2,291,PHE,CZ,3.756
8ef5,active,157,ILE,CD1,295,TRP,CZ2,4.119
8ef5,active,160,LEU,CD1,291,PHE,CD1,3.833
8ef5,active,165,VAL,CG1,169,ILE,CD1,3.753
8ef5,active,165,VAL,CG2,249,ILE,CG2,4.136
8ef5,active,169,ILE,CG2,177,ALA,CB,3.98
8ef5,active,169,ILE,CD1,180,PHE,CE2,3.875
8ef5,active,171,VAL,CG2,257,MET,CE,3.725
8ef5,active,171,VAL,CG1,261,LEU,CD2,3.757
8ef5,active,180,PHE,CE1,189,ILE,CD1,3.612
8ef5,active,191,VAL,CG1,195,ILE,CD1,3.798
8ef5,active,200,ILE,CG1,204,VAL,CG2,4.391
8ef5,active,200,ILE,CD1,234,LEU,CD1,3.826
8ef5,active,202,LEU,CD2,205,MET,CE,4.448
8ef5,active,203,PRO,CB,207,MET,CE,4.327
8ef5,active,204,VAL,CG2,207,MET,CE,4.109
8ef5,active,204,VAL,CG1,221,LEU,CD2,3.838
8ef5,active,207,MET,CB,221,LEU,CD2,4.148
8ef5,active,207,MET,CE,223,PHE,CE1,4.329
8ef5,active,208,ALA,CB,221,LEU,CD2,3.935
8ef5,active,221,LEU,CD1,234,LEU,CD2,3.79
8ef5,active,223,PHE,CD1,230,TRP,CB,3.851
8ef5,active,223,PHE,CZ,234,LEU,CD2,3.729
8ef5,active,226,PRO,CD,230,TRP,CD1,4.28
8ef5,active,236,ILE,CG2,240,ILE,CD1,3.752
8ef5,active,239,PHE,CE1,243,PHE,CD2,3.998
8ef5,active,239,PHE,CE2,244,ILE,CG1,3.613
8ef5,active,239,PHE,CD1,303,ILE,CG1,3.996
8ef5,active,243,PHE,CE1,247,VAL,CG2,4.307
8ef5,active,243,PHE,CD1,295,TRP,CB,4.334
8ef5,active,244,ILE,CG2,248,LEU,CD1,4.391
8ef5,active,245,MET,CG,249,ILE,CD1,4.062
8ef5,active,246,PRO,CB,291,PHE,CZ,4.02
8ef5,active,247,VAL,CG2,291,PHE,CE2,3.681
8ef5,active,250,ILE,CG2,288,VAL,CG2,4.0
8ef5,active,250,ILE,CD1,291,PHE,CD2,3.843
8ef5,active,252,VAL,CG1,256,LEU,CD1,3.973
8ef5,active,257,MET,CE,261,LEU,CD1,3.809
8ef5,active,258,ILE,CD1,284,VAL,CG1,3.777
8ef5,active,258,ILE,CD1,285,LEU,CD2,4.248
8ef5,active,261,LEU,CD2,267,LEU,CD1,3.762
8ef5,active,261,LEU,CB,277,LEU,CD1,4.172
8ef5,active,261,LEU,CD1,280,ILE,CG2,3.797
8ef5,active,267,LEU,CD1,277,LEU,CD1,3.726
8ef5,active,267,LEU,CD2,280,ILE,CD1,4.309
8ef5,active,283,MET,CE,341,LEU,CD1,3.746
8ef5,active,286,VAL,CG1,290,VAL,CG2,4.137
8ef5,active,286,VAL,CG1,337,LEU,CD1,3.725
8ef5,active,287,VAL,CG2,337,LEU,CG,3.807
8ef5,active,288,VAL,CG1,292,ILE,CD1,3.783
8ef5,active,290,VAL,CG1,333,LEU,CD2,3.732
8ef5,active,290,VAL,CB,337,LEU,CD2,3.823
8ef5,active,291,PHE,CD1,295,TRP,CD1,3.585
8ef5,active,295,TRP,CE3,298,ILE,CG2,3.986
8ef5,active,297,PRO,CG,326,LEU,CD2,3.78
8ef5,active,298,ILE,CD1,324,ILE,CG1,3.757
8ef5,active,300,ILE,CG2,304,ILE,CD1,3.728
8ef5,active,302,VAL,CG2,320,TRP,CH2,4.136
8ef5,active,303,ILE,CG2,307,LEU,CD1,3.945
8ef5,active,320,TRP,CE2,324,ILE,CD1,3.699
8ef5,active,333,LEU,CD1,336,VAL,CB,4.229
8ef5,active,336,VAL,CG2,340,PHE,CD2,3.702
8ef5,active,340,PHE,CE1,349,PHE,CZ,3.584
8ef5,active,345,PHE,CB,349,PHE,CE2,4.345
8ef6,active,67,MET,CG,71,ILE,CD1,3.757
8ef6,active,73,ILE,CD1,318,VAL,CG2,4.222
8ef6,active,74,MET,CE,131,LEU,CD1,3.711
8ef6,active,76,LEU,CD2,322,PHE,CD1,4.006
8ef6,active,76,LEU,CD2,325,ALA,CB,3.751
8ef6,active,79,ILE,CG2,83,VAL,CG2,4.42
8ef6,active,80,VAL,CG1,123,LEU,CD2,3.782
8ef6,active,85,LEU,CD2,89,PHE,CE2,3.696
8ef6,active,86,PHE,CE2,90,LEU,CD2,4.222
8ef6,active,89,PHE,CE2,117,ALA,CB,4.416
8ef6,active,90,LEU,CD2,340,PHE,CZ,3.721
8ef6,active,91,VAL,CG1,95,ILE,CD1,3.747
8ef6,active,91,VAL,CG1,109,ILE,CG2,4.179
8ef6,active,91,VAL,CG1,113,ALA,CB,4.045
8ef6,active,91,VAL,CG2,335,PRO,CB,3.66
8ef6,active,91,VAL,CG1,339,ALA,CB,3.773
8ef6,active,91,VAL,CG2,340,PHE,CE1,3.825
8ef6,active,92,MET,CE,110,PHE,CE1,3.672
8ef6,active,92,MET,CG,113,ALA,CB,3.728
8ef6,active,92,MET,CE,114,LEU,CD1,3.763
8ef6,active,94,VAL,CG1,345,PHE,CD1,4.095
8ef6,active,94,VAL,CG2,349,PHE,CE1,3.894
8ef6,active,95,ILE,CG2,101,MET,CG,3.711
8ef6,active,95,ILE,CD1,109,ILE,CG2,3.981
8ef6,active,95,ILE,CG2,110,PHE,CD1,3.737
8ef6,active,95,ILE,CG1,345,PHE,CE1,3.6
8ef6,active,96,VAL,CG2,110,PHE,CE1,3.898
8ef6,active,101,MET,CB,107,ILE,CG1,4.097
8ef6,active,104,ALA,CB,186,ALA,CB,3.682
8ef6,active,107,ILE,CD1,183,PRO,CB,4.361
8ef6,active,109,ILE,CG1,163,MET,CE,3.895
8ef6,active,109,ILE,CG2,339,ALA,CB,3.884
8ef6,active,109,ILE,CD1,345,PHE,CE2,3.641
8ef6,active,112,LEU,CD1,160,LEU,CD2,3.692
8ef6,active,114,LEU,CG,118,LEU,CD1,4.237
8ef6,active,114,LEU,CD2,194,TRP,CZ2,4.31
8ef6,active,115,ALA,CB,194,TRP,CH2,4.19
8ef6,active,118,LEU,CD1,194,TRP,CH2,4.439
8ef6,active,125,PHE,CB,135,TRP,CH2,3.736
8ef6,active,125,PHE,CD1,137,PHE,CE1,3.687
8ef6,active,125,PHE,CE1,141,LEU,CD2,3.712
8ef6,active,125,PHE,CD2,145,VAL,CG2,3.972
8ef6,active,128,VAL,CG1,132,MET,CG,4.219
8ef6,active,128,VAL,CG1,137,PHE,CZ,3.724
8ef6,active,132,MET,CE,136,PRO,CG,3.917
8ef6,active,135,TRP,CH2,145,VAL,CG1,4.323
8ef6,active,135,TRP,CB,217,ILE,CG2,4.03
8ef6,active,137,PHE,CB,141,LEU,CD2,3.665
8ef6,active,140,ILE,CG2,144,ILE,CD1,4.043
8ef6,active,141,LEU,CD1,144,ILE,CB,4.375
8ef6,active,141,LEU,CG,145,VAL,CG2,4.248
8ef6,active,144,ILE,CG2,148,ILE,CD1,3.695
8ef6,active,146,ILE,CG2,204,VAL,CG1,3.685
8ef6,active,146,ILE,CD1,208,ALA,CB,3.893
8ef6,active,146,ILE,CG2,221,LEU,CD2,3.905
8ef6,active,153,MET,CG,157,ILE,CD1,3.877
8ef6,active,153,MET,CE,238,VAL,CG1,3.75
8ef6,active,153,MET,CE,242,ALA,CB,4.463
8ef6,active,153,MET,CG,295,TRP,CH2,3.645
8ef6,active,154,PHE,CD1,158,PHE,CZ,3.852
8ef6,active,154,PHE,CD2,200,ILE,CG2,3.557
8ef6,active,154,PHE,CZ,238,VAL,CG2,3.676
8ef6,active,154,PHE,CE1,241,PHE,CB,3.964
8ef6,active,154,PHE,CE1,242,ALA,CB,3.719
8ef6,active,157,ILE,CD1,242,ALA,CB,3.992
8ef6,active,157,ILE,CG2,246,PRO,CG,3.647
8ef6,active,157,ILE,CG2,291,PHE,CZ,4.091
8ef6,active,157,ILE,CD1,295,TRP,CE2,4.131
8ef6,active,160,LEU,CB,250,ILE,CD1,4.462
8ef6,active,160,LEU,CD1,291,PHE,CD1,3.615
8ef6,active,165,VAL,CG1,169,ILE,CD1,3.768
8ef6,active,165,VAL,CG2,249,ILE,CG2,4.136
8ef6,active,169,ILE,CG2,177,ALA,CB,4.082
8ef6,active,169,ILE,CD1,180,PHE,CE1,3.761
8ef6,active,171,VAL,CG2,257,MET,CE,3.671
8ef6,active,171,VAL,CG1,261,LEU,CD2,3.781
8ef6,active,180,PHE,CE1,189,ILE,CD1,3.608
8ef6,active,191,VAL,CG1,195,ILE,CD1,3.757
8ef6,active,200,ILE,CD1,204,VAL,CG2,4.403
8ef6,active,200,ILE,CD1,234,LEU,CD1,3.832
8ef6,active,200,ILE,CD1,238,VAL,CG2,4.162
8ef6,active,202,LEU,CB,206,PHE,CE2,4.497
8ef6,active,203,PRO,CB,207,MET,CE,4.44
8ef6,active,204,VAL,CG2,207,MET,CE,4.16
8ef6,active,204,VAL,CG1,221,LEU,CD2,3.759
8ef6,active,207,MET,CB,221,LEU,CD2,4.248
8ef6,active,207,MET,CE,223,PHE,CE1,4.111
8ef6,active,208,ALA,CB,221,LEU,CD2,3.74
8ef6,active,221,LEU,CD1,234,LEU,CD2,3.788
8ef6,active,223,PHE,CD1,230,TRP,CB,3.817
8ef6,active,223,PHE,CZ,234,LEU,CD2,3.591
8ef6,active,226,PRO,CD,230,TRP,CD1,4.482
8ef6,active,230,TRP,CE3,233,LEU,CD2,3.665
8ef6,active,234,LEU,CD1,238,VAL,CG2,3.955
8ef6,active,236,ILE,CG2,240,ILE,CD1,3.723
8ef6,active,239,PHE,CE1,243,PHE,CD2,3.926
8ef6,active,239,PHE,CE2,244,ILE,CD1,3.869
8ef6,active,239,PHE,CD1,303,ILE,CG1,3.962
8ef6,active,240,ILE,CG2,244,ILE,CB,4.404
8ef6,active,243,PHE,CE1,247,VAL,CG2,4.104
8ef6,active,244,ILE,CG2,248,LEU,CD1,4.277
8ef6,active,246,PRO,CB,291,PHE,CZ,4.079
8ef6,active,247,VAL,CG2,291,PHE,CE2,3.671
8ef6,active,247,VAL,CG1,292,ILE,CD1,4.366
8ef6,active,250,ILE,CG2,288,VAL,CG2,3.955
8ef6,active,250,ILE,CD1,291,PHE,CE2,3.774
8ef6,active,252,VAL,CG1,256,LEU,CD1,3.923
8ef6,active,256,LEU,CD2,259,LEU,CD1,4.168
8ef6,active,257,MET,CG,261,LEU,CD1,4.339
8ef6,active,258,ILE,CD1,284,VAL,CG1,3.696
8ef6,active,258,ILE,CD1,285,LEU,CD2,4.484
8ef6,active,261,LEU,CD2,267,LEU,CD1,3.725
8ef6,active,261,LEU,CB,277,LEU,CD1,4.149
8ef6,active,261,LEU,CD1,280,ILE,CG2,3.793
8ef6,active,264,VAL,CG1,267,LEU,CG,4.104
8ef6,active,267,LEU,CD1,277,LEU,CD1,3.711
8ef6,active,283,MET,CE,287,VAL,CG2,3.725
8ef6,active,283,MET,CE,337,LEU,CB,4.261
8ef6,active,283,MET,CE,341,LEU,CD1,3.727
8ef6,active,286,VAL,CG1,290,VAL,CG2,4.282
8ef6,active,286,VAL,CG1,337,LEU,CD2,4.269
8ef6,active,287,VAL,CG2,337,LEU,CD2,3.867
8ef6,active,288,VAL,CG1,292,ILE,CD1,3.75
8ef6,active,290,VAL,CB,337,LEU,CD2,4.021
8ef6,active,291,PHE,CE1,295,TRP,CD1,3.396
8ef6,active,295,TRP,CE3,298,ILE,CG2,4.038
8ef6,active,297,PRO,CG,326,LEU,CD1,4.13
8ef6,active,298,ILE,CD1,302,VAL,CG2,4.406
8ef6,active,298,ILE,CD1,324,ILE,CG1,3.827
8ef6,active,300,ILE,CG2,304,ILE,CD1,3.721
8ef6,active,302,VAL,CG2,320,TRP,CZ3,4.335
8ef6,active,303,ILE,CG2,307,LEU,CD1,3.903
8ef6,active,320,TRP,CE2,324,ILE,CD1,3.548
8ef6,active,322,PHE,CE2,326,LEU,CD1,3.672
8ef6,active,333,LEU,CB,337,LEU,CD1,4.26
8ef6,active,336,VAL,CG2,340,PHE,CD2,3.903
8ef6,active,340,PHE,CE1,349,PHE,CZ,3.894
8ef6,active,345,PHE,CB,349,PHE,CE2,4.229
8efb,active,70,ALA,CB,131,LEU,CD1,4.223
8efb,active,74,MET,CE,131,LEU,CB,3.688
8efb,active,76,LEU,CD1,80,VAL,CG2,4.383
8efb,active,76,LEU,CD2,325,ALA,CB,3.737
8efb,active,79,ILE,CG2,83,VAL,CG2,4.411
8efb,active,80,VAL,CG1,123,LEU,CD2,3.763
8efb,active,85,LEU,CD2,89,PHE,CE2,3.644
8efb,active,86,PHE,CE2,90,LEU,CD2,4.156
8efb,active,90,LEU,CD1,94,VAL,CG2,4.397
8efb,active,90,LEU,CD2,340,PHE,CZ,4.117
8efb,active,91,VAL,CG1,95,ILE,CD1,3.915
8efb,active,91,VAL,CG1,109,ILE,CG2,3.988
8efb,active,91,VAL,CG1,113,ALA,CB,3.953
8efb,active,91,VAL,CG1,339,ALA,CB,3.876
8efb,active,91,VAL,CG2,340,PHE,CE2,3.944
8efb,active,92,MET,CE,110,PHE,CE1,3.604
8efb,active,92,MET,CG,113,ALA,CB,3.713
8efb,active,92,MET,CE,114,LEU,CD1,3.774
8efb,active,94,VAL,CG1,345,PHE,CD1,3.755
8efb,active,94,VAL,CG2,349,PHE,CZ,4.133
8efb,active,95,ILE,CG2,101,MET,CG,3.731
8efb,active,95,ILE,CD1,109,ILE,CG2,3.725
8efb,active,95,ILE,CD1,110,PHE,CB,3.868
8efb,active,95,ILE,CG1,345,PHE,CE1,3.552
8efb,active,96,VAL,CG2,110,PHE,CE1,4.137
8efb,active,101,MET,CB,107,ILE,CG1,4.053
8efb,active,104,ALA,CB,186,ALA,CB,3.652
8efb,active,107,ILE,CD1,183,PRO,CB,4.459
8efb,active,109,ILE,CG1,163,MET,CE,3.995
8efb,active,109,ILE,CG2,339,ALA,CB,3.751
8efb,active,109,ILE,CD1,345,PHE,CE2,3.622
8efb,active,112,LEU,CD2,160,LEU,CD2,3.73
8efb,active,114,LEU,CD2,194,TRP,CZ2,3.714
8efb,active,115,ALA,CB,194,TRP,CH2,4.381
8efb,active,118,LEU,CB,148,ILE,CG2,4.364
8efb,active,125,PHE,CB,135,TRP,CH2,3.631
8efb,active,125,PHE,CD1,137,PHE,CZ,3.66
8efb,active,125,PHE,CE1,141,LEU,CD2,4.057
8efb,active,125,PHE,CG,145,VAL,CG2,4.017
8efb,active,128,VAL,CG1,132,MET,CG,3.881
8efb,active,128,VAL,CG1,137,PHE,CZ,3.902
8efb,active,135,TRP,CH2,145,VAL,CG2,4.146
8efb,active,135,TRP,CB,217,ILE,CG2,4.188
8efb,active,137,PHE,CD1,141,LEU,CD2,3.598
8efb,active,140,ILE,CG1,144,ILE,CD1,4.149
8efb,active,141,LEU,CD1,144,ILE,CD1,4.264
8efb,active,141,LEU,CG,145,VAL,CG2,4.473
8efb,active,144,ILE,CG2,148,ILE,CD1,3.68
8efb,active,144,ILE,CG1,205,MET,CE,3.993
8efb,active,146,ILE,CG2,204,VAL,CG1,3.63
8efb,active,146,ILE,CG1,208,ALA,CB,3.666
8efb,active,146,ILE,CG2,221,LEU,CD2,4.222
8efb,active,153,MET,CG,157,ILE,CD1,3.835
8efb,active,153,MET,CE,238,VAL,CG1,3.999
8efb,active,153,MET,CG,295,TRP,CH2,3.63
8efb,active,154,PHE,CD1,158,TRP,CD1,4.227
8efb,active,154,PHE,CE2,200,ILE,CG2,3.527
8efb,active,154,PHE,CZ,238,VAL,CG2,3.908
8efb,active,154,PHE,CE1,241,PHE,CB,4.236
8efb,active,154,PHE,CZ,242,ALA,CB,4.299
8efb,active,157,ILE,CD1,242,ALA,CB,3.753
8efb,active,157,ILE,CG2,246,PRO,CG,3.565
8efb,active,157,ILE,CG1,291,PHE,CE1,4.25
8efb,active,157,ILE,CD1,295,TRP,CZ2,3.957
8efb,active,158,TRP,CZ2,241,PHE,CD1,4.389
8efb,active,158,TRP,CH2,245,MET,CG,4.423
8efb,active,160,LEU,CD1,291,PHE,CD1,3.619
8efb,active,165,VAL,CG1,169,ILE,CD1,3.875
8efb,active,165,VAL,CG2,249,ILE,CG2,3.84
8efb,active,169,ILE,CG2,180,PHE,CB,4.259
8efb,active,171,VAL,CG2,257,MET,CE,3.702
8efb,active,171,VAL,CG1,261,LEU,CD2,3.914
8efb,active,191,VAL,CG1,195,ILE,CD1,3.877
8efb,active,203,PRO,CB,206,PHE,CE1,3.978
8efb,active,204,VAL,CG1,221,LEU,CD2,3.678
8efb,active,204,VAL,CG2,234,LEU,CD2,4.084
8efb,active,208,ALA,CB,221,LEU,CD2,3.718
8efb,active,221,LEU,CD1,234,LEU,CD2,3.749
8efb,active,223,PHE,CD1,230,TRP,CB,3.554
8efb,active,223,PHE,CZ,234,LEU,CD2,3.551
8efb,active,226,PRO,CD,230,TRP,CD1,4.397
8efb,active,234,LEU,CD1,238,VAL,CG2,4.037
8efb,active,236,ILE,CG2,240,ILE,CD1,3.731
8efb,active,239,PHE,CZ,243,PHE,CD2,4.235
8efb,active,239,PHE,CE2,244,ILE,CG1,4.103
8efb,active,239,PHE,CD1,303,ILE,CG1,3.756
8efb,active,240,ILE,CG2,244,ILE,CB,4.125
8efb,active,243,PHE,CE1,247,VAL,CG2,4.0
8efb,active,243,PHE,CD1,295,TRP,CB,4.268
8efb,active,244,ILE,CG2,248,LEU,CD1,4.038
8efb,active,245,MET,CE,249,ILE,CD1,3.709
8efb,active,246,PRO,CB,291,PHE,CZ,4.066
8efb,active,247,VAL,CG2,291,PHE,CE2,3.905
8efb,active,247,VAL,CG1,292,ILE,CD1,3.963
8efb,active,250,ILE,CG2,288,VAL,CG2,3.712
8efb,active,250,ILE,CD1,291,PHE,CE2,4.065
8efb,active,252,VAL,CG1,256,LEU,CD1,3.878
8efb,active,256,LEU,CD2,259,LEU,CD1,4.399
8efb,active,258,ILE,CD1,284,VAL,CG1,3.77
8efb,active,261,LEU,CB,267,LEU,CD1,4.16
8efb,active,261,LEU,CB,277,LEU,CD1,3.868
8efb,active,261,LEU,CD1,280,ILE,CG2,3.774
8efb,active,267,LEU,CD1,277,LEU,CD1,3.667
8efb,active,283,MET,CG,341,LEU,CD1,3.978
8efb,active,286,VAL,CG1,290,VAL,CG2,4.372
8efb,active,286,VAL,CG1,337,LEU,CD2,4.302
8efb,active,287,VAL,CG2,337,LEU,CB,4.418
8efb,active,288,VAL,CG1,292,ILE,CD1,3.716
8efb,active,290,VAL,CG1,333,LEU,CD2,3.956
8efb,active,290,VAL,CG1,337,LEU,CD1,3.722
8efb,active,291,PHE,CE1,295,TRP,CD1,3.359
8efb,active,295,TRP,CE3,298,ILE,CG2,4.126
8efb,active,297,PRO,CG,326,LEU,CD2,4.048
8efb,active,298,ILE,CD1,302,VAL,CG2,4.296
8efb,active,298,ILE,CD1,320,TRP,CZ3,4.396
8efb,active,298,ILE,CD1,324,ILE,CG1,3.842
8efb,active,300,ILE,CG2,304,ILE,CD1,3.726
8efb,active,302,VAL,CG2,320,TRP,CZ3,3.644
8efb,active,303,ILE,CG2,307,LEU,CD1,3.832
8efb,active,320,TRP,CE2,324,ILE,CD1,3.651
8efb,active,333,LEU,CD1,336,VAL,CB,4.34
8efb,active,333,LEU,CG,337,LEU,CD1,4.031
8efb,active,336,VAL,CG1,340,PHE,CD2,4.083
8efb,active,337,LEU,CD2,341,LEU,CD1,4.238
8efb,active,340,PHE,CE1,349,PHE,CZ,3.645
8efb,active,345,PHE,CB,349,PHE,CE2,4.259
8efl,active,67,MET,CG,71,ILE,CD1,3.92
8efl,active,74,MET,CE,131,LEU,CD2,3.771
8efl,active,76,LEU,CD2,322,PHE,CD1,4.282
8efl,active,76,LEU,CD2,325,ALA,CB,3.743
8efl,active,79,ILE,CG2,83,VAL,CG2,4.383
8efl,active,80,VAL,CG1,123,LEU,CD2,4.103
8efl,active,80,VAL,CG2,325,ALA,CB,4.413
8efl,active,85,LEU,CD2,89,PHE,CE2,3.882
8efl,active,86,PHE,CE2,90,LEU,CD2,4.39
8efl,active,90,LEU,CD2,340,PHE,CZ,3.628
8efl,active,91,VAL,CG1,95,ILE,CD1,3.744
8efl,active,91,VAL,CG1,109,ILE,CG2,3.896
8efl,active,91,VAL,CG1,113,ALA,CB,4.045
8efl,active,91,VAL,CG2,335,PRO,CB,3.671
8efl,active,91,VAL,CG2,339,ALA,CB,3.775
8efl,active,91,VAL,CG2,340,PHE,CE1,3.894
8efl,active,92,MET,CG,110,PHE,CE1,4.168
8efl,active,92,MET,CG,113,ALA,CB,4.13
8efl,active,92,MET,CE,114,LEU,CD1,3.811
8efl,active,92,MET,CE,117,ALA,CB,3.743
8efl,active,94,VAL,CG1,345,PHE,CD1,3.905
8efl,active,94,VAL,CG2,349,PHE,CZ,3.636
8efl,active,95,ILE,CG2,101,MET,CG,3.72
8efl,active,95,ILE,CD1,109,ILE,CG2,3.768
8efl,active,95,ILE,CD1,110,PHE,CB,3.964
8efl,active,95,ILE,CG1,345,PHE,CE1,3.694
8efl,active,96,VAL,CG2,110,PHE,CE1,3.678
8efl,active,101,MET,CB,107,ILE,CG1,4.17
8efl,active,104,ALA,CB,186,ALA,CB,3.674
8efl,active,107,ILE,CD1,183,PRO,CB,4.387
8efl,active,109,ILE,CG1,163,MET,CE,4.237
8efl,active,109,ILE,CG2,339,ALA,CB,3.794
8efl,active,109,ILE,CD1,345,PHE,CE2,3.635
8efl,active,112,LEU,CD2,160,LEU,CD2,3.756
8efl,active,114,LEU,CG,118,LEU,CD1,4.403
8efl,active,114,LEU,CD2,194,TRP,CH2,4.015
8efl,active,115,ALA,CB,194,TRP,CH2,4.483
8efl,active,118,LEU,CB,148,ILE,CG2,4.176
8efl,active,125,PHE,CB,135,TRP,CH2,4.18
8efl,active,125,PHE,CD1,137,PHE,CZ,3.862
8efl,active,125,PHE,CE2,141,LEU,CD2,4.441
8efl,active,125,PHE,CD2,145,VAL,CG2,3.568
8efl,active,128,VAL,CG1,132,MET,CG,4.054
8efl,active,128,VAL,CG1,137,PHE,CZ,3.726
8efl,active,135,TRP,CB,217,ILE,CG2,3.832
8efl,active,137,PHE,CB,141,LEU,CD2,3.706
8efl,active,140,ILE,CG2,144,ILE,CD1,3.994
8efl,active,141,LEU,CD1,145,VAL,CG2,4.053
8efl,active,144,ILE,CG2,148,ILE,CD1,3.714
8efl,active,146,ILE,CG2,204,VAL,CG1,3.696
8efl,active,146,ILE,CD1,208,ALA,CB,3.888
8efl,active,146,ILE,CG2,221,LEU,CD2,4.17
8efl,active,153,MET,CG,157,ILE,CD1,3.959
8efl,active,153,MET,CE,238,VAL,CG1,4.308
8efl,active,153,MET,CG,295,TRP,CH2,3.639
8efl,active,154,PHE,CD1,157,ILE,CD1,4.404
8efl,active,154,PHE,CB,158,PHE,CE2,4.317
8efl,active,154,PHE,CD2,200,ILE,CG2,3.562
8efl,active,154,PHE,CZ,238,VAL,CG2,4.054
8efl,active,154,PHE,CE1,242,ALA,CB,3.599
8efl,active,157,ILE,CD1,242,ALA,CB,4.127
8efl,active,157,ILE,CG2,246,PRO,CG,3.69
8efl,active,157,ILE,CG2,291,PHE,CZ,4.498
8efl,active,157,ILE,CD1,295,TRP,CZ2,4.152
8efl,active,158,PHE,CE2,196,LEU,CB,4.481
8efl,active,160,LEU,CD1,291,PHE,CD1,3.846
8efl,active,165,VAL,CG1,169,ILE,CD1,3.783
8efl,active,165,VAL,CG2,249,ILE,CG2,4.049
8efl,active,169,ILE,CG2,177,ALA,CB,4.08
8efl,active,169,ILE,CD1,180,PHE,CE2,3.656
8efl,active,171,VAL,CG2,257,MET,CG,3.745
8efl,active,171,VAL,CG1,261,LEU,CD2,3.795
8efl,active,180,PHE,CE1,189,ILE,CD1,3.643
8efl,active,191,VAL,CG1,195,ILE,CD1,3.846
8efl,active,200,ILE,CG1,204,VAL,CG2,4.14
8efl,active,200,ILE,CD1,234,LEU,CD1,4.2
8efl,active,200,ILE,CD1,238,VAL,CG2,4.254
8efl,active,204,VAL,CG2,207,MET,CE,3.986
8efl,active,204,VAL,CG1,221,LEU,CD2,3.805
8efl,active,207,MET,CB,221,LEU,CD2,4.112
8efl,active,207,MET,CE,223,PHE,CE1,4.163
8efl,active,207,MET,CE,234,LEU,CD2,3.904
8efl,active,208,ALA,CB,221,LEU,CD2,4.065
8efl,active,221,LEU,CD1,234,LEU,CD2,3.848
8efl,active,223,PHE,CD1,230,TRP,CB,3.952
8efl,active,223,PHE,CE1,234,LEU,CD2,3.682
8efl,active,226,PRO,CD,230,TRP,CD1,4.454
8efl,active,234,LEU,CD1,238,VAL,CG2,4.152
8efl,active,236,ILE,CG2,240,ILE,CD1,3.733
8efl,active,239,PHE,CE1,243,PHE,CD2,4.141
8efl,active,239,PHE,CE2,244,ILE,CD1,4.241
8efl,active,239,PHE,CD1,303,ILE,CG1,3.932
8efl,active,240,ILE,CG2,244,ILE,CB,4.468
8efl,active,241,PHE,CE1,245,MET,CE,3.728
8efl,active,243,PHE,CE1,247,VAL,CG2,4.272
8efl,active,244,ILE,CG2,248,LEU,CD1,4.269
8efl,active,246,PRO,CB,291,PHE,CZ,3.829
8efl,active,247,VAL,CG2,291,PHE,CE2,3.764
8efl,active,250,ILE,CG2,288,VAL,CG2,3.8
8efl,active,250,ILE,CD1,291,PHE,CE2,3.922
8efl,active,252,VAL,CG1,256,LEU,CD1,4.01
8efl,active,256,LEU,CD2,259,LEU,CD1,4.463
8efl,active,257,MET,CG,261,LEU,CD1,4.258
8efl,active,258,ILE,CD1,284,VAL,CG1,3.703
8efl,active,261,LEU,CD2,267,LEU,CD1,3.726
8efl,active,261,LEU,CB,277,LEU,CD1,3.847
8efl,active,261,LEU,CD1,280,ILE,CG2,3.773
8efl,active,264,VAL,CG1,267,LEU,CG,4.213
8efl,active,267,LEU,CD1,277,LEU,CD1,3.718
8efl,active,283,MET,CE,341,LEU,CD1,3.712
8efl,active,286,VAL,CG1,290,VAL,CG2,4.357
8efl,active,286,VAL,CG1,337,LEU,CD1,3.77
8efl,active,287,VAL,CG2,337,LEU,CG,3.769
8efl,active,288,VAL,CG1,292,ILE,CD1,3.758
8efl,active,290,VAL,CG1,333,LEU,CD2,3.859
8efl,active,290,VAL,CG1,337,LEU,CD2,4.284
8efl,active,291,PHE,CE1,295,TRP,CD1,3.454
8efl,active,295,TRP,CE3,298,ILE,CG2,4.226
8efl,active,297,PRO,CG,326,LEU,CD2,3.779
8efl,active,298,ILE,CD1,302,VAL,CG2,4.414
8efl,active,298,ILE,CD1,320,TRP,CZ3,4.401
8efl,active,298,ILE,CD1,324,ILE,CG1,3.967
8efl,active,300,ILE,CG2,304,ILE,CD1,3.752
8efl,active,302,VAL,CG2,320,TRP,CZ3,3.882
8efl,active,303,ILE,CG2,307,LEU,CD1,3.801
8efl,active,320,TRP,CE2,324,ILE,CD1,3.595
8efl,active,333,LEU,CD1,336,VAL,CB,4.201
8efl,active,336,VAL,CG2,340,PHE,CD2,3.914
8efl,active,337,LEU,CD1,341,LEU,CD1,4.371
8efl,active,340,PHE,CE1,349,PHE,CZ,3.614
8efo,active,67,MET,CE,71,ILE,CD1,3.789
8efo,active,73,ILE,CD1,318,VAL,CG2,3.775
8efo,active,74,MET,CE,131,LEU,CD2,3.781
8efo,active,76,LEU,CD2,322,PHE,CD1,3.667
8efo,active,76,LEU,CG,325,ALA,CB,3.781
8efo,active,80,VAL,CG1,123,LEU,CD1,3.703
8efo,active,80,VAL,CG2,325,ALA,CB,4.369
8efo,active,85,LEU,CD2,89,PHE,CE2,3.707
8efo,active,86,PHE,CE2,90,LEU,CD2,4.188
8efo,active,89,PHE,CD1,92,MET,CE,3.659
8efo,active,89,PHE,CE2,117,ALA,CB,3.944
8efo,active,90,LEU,CD2,340,PHE,CZ,3.797
8efo,active,91,VAL,CG1,95,ILE,CD1,3.772
8efo,active,91,VAL,CG1,109,ILE,CG2,3.906
8efo,active,91,VAL,CG1,113,ALA,CB,4.054
8efo,active,91,VAL,CG2,335,PRO,CB,3.673
8efo,active,91,VAL,CG1,339,ALA,CB,3.859
8efo,active,91,VAL,CG2,340,PHE,CE2,4.242
8efo,active,92,MET,CG,110,PHE,CE1,3.691
8efo,active,92,MET,CG,113,ALA,CB,3.777
8efo,active,92,MET,CE,117,ALA,CB,3.782
8efo,active,94,VAL,CG1,345,PHE,CD1,4.255
8efo,active,94,VAL,CG2,349,PHE,CZ,4.038
8efo,active,95,ILE,CG2,101,MET,CG,3.72
8efo,active,95,ILE,CD1,109,ILE,CG2,4.07
8efo,active,95,ILE,CD1,110,PHE,CB,4.104
8efo,active,95,ILE,CG1,345,PHE,CE1,3.681
8efo,active,96,VAL,CG2,110,PHE,CE1,3.687
8efo,active,101,MET,CB,107,ILE,CG1,4.15
8efo,active,104,ALA,CB,183,PRO,CD,4.339
8efo,active,104,ALA,CB,186,ALA,CB,4.094
8efo,active,107,ILE,CD1,183,PRO,CB,4.137
8efo,active,107,ILE,CD1,186,ALA,CB,4.217
8efo,active,109,ILE,CG1,163,MET,CE,3.761
8efo,active,109,ILE,CG2,339,ALA,CB,3.829
8efo,active,109,ILE,CD1,345,PHE,CE2,3.641
8efo,active,112,LEU,CD1,160,LEU,CD2,3.727
8efo,active,114,LEU,CD2,194,TRP,CZ2,3.974
8efo,active,115,ALA,CB,194,TRP,CH2,4.307
8efo,active,118,LEU,CB,148,ILE,CG2,4.137
8efo,active,118,LEU,CD1,194,TRP,CH2,4.422
8efo,active,125,PHE,CB,135,TRP,CH2,3.636
8efo,active,125,PHE,CD1,137,PHE,CZ,3.544
8efo,active,125,PHE,CE1,141,LEU,CD2,3.733
8efo,active,125,PHE,CB,145,VAL,CG1,3.731
8efo,active,128,VAL,CG1,132,MET,CE,3.897
8efo,active,128,VAL,CG1,136,PRO,CG,4.004
8efo,active,128,VAL,CG1,137,PHE,CE2,3.712
8efo,active,135,TRP,CH2,145,VAL,CG1,3.708
8efo,active,135,TRP,CB,217,ILE,CG2,3.803
8efo,active,137,PHE,CB,141,LEU,CD2,3.689
8efo,active,141,LEU,CD1,144,ILE,CB,4.218
8efo,active,141,LEU,CG,145,VAL,CG2,3.807
8efo,active,144,ILE,CG2,148,ILE,CD1,3.708
8efo,active,146,ILE,CG2,204,VAL,CG1,3.701
8efo,active,146,ILE,CD1,208,ALA,CB,3.731
8efo,active,146,ILE,CG2,221,LEU,CD2,3.779
8efo,active,153,MET,CG,157,ILE,CD1,3.849
8efo,active,153,MET,CE,238,VAL,CG1,3.753
8efo,active,153,MET,CE,242,ALA,CB,4.418
8efo,active,153,MET,CG,295,TRP,CH2,3.63
8efo,active,154,PHE,CD1,158,PHE,CZ,3.889
8efo,active,154,PHE,CE2,200,ILE,CD1,3.623
8efo,active,154,PHE,CZ,238,VAL,CG2,3.815
8efo,active,154,PHE,CE1,241,PHE,CB,3.836
8efo,active,154,PHE,CE1,242,ALA,CB,3.628
8efo,active,157,ILE,CD1,242,ALA,CB,3.886
8efo,active,157,ILE,CG2,246,PRO,CG,3.654
8efo,active,157,ILE,CG2,291,PHE,CE1,3.686
8efo,active,157,ILE,CD1,295,TRP,CZ2,3.857
8efo,active,158,PHE,CE2,196,LEU,CB,4.263
8efo,active,160,LEU,CB,250,ILE,CD1,4.378
8efo,active,160,LEU,CD1,291,PHE,CD1,3.629
8efo,active,165,VAL,CG1,169,ILE,CD1,3.76
8efo,active,165,VAL,CG1,180,PHE,CZ,4.061
8efo,active,165,VAL,CG2,249,ILE,CG2,4.239
8efo,active,169,ILE,CG2,177,ALA,CB,3.915
8efo,active,169,ILE,CD1,180,PHE,CE1,3.647
8efo,active,171,VAL,CG2,257,MET,CE,3.713
8efo,active,171,VAL,CG1,261,LEU,CD2,3.785
8efo,active,180,PHE,CE1,189,ILE,CD1,3.587
8efo,active,191,VAL,CG1,195,ILE,CD1,3.785
8efo,active,200,ILE,CG1,204,VAL,CG2,4.399
8efo,active,200,ILE,CD1,234,LEU,CD1,3.735
8efo,active,200,ILE,CD1,238,VAL,CG2,4.405
8efo,active,203,PRO,CB,207,MET,CE,3.909
8efo,active,204,VAL,CG1,221,LEU,CD2,3.848
8efo,active,207,MET,CB,221,LEU,CD2,4.152
8efo,active,207,MET,CE,223,PHE,CE1,4.152
8efo,active,208,ALA,CB,221,LEU,CD2,3.753
8efo,active,221,LEU,CD1,234,LEU,CD2,3.744
8efo,active,223,PHE,CD1,230,TRP,CB,3.909
8efo,active,223,PHE,CZ,234,LEU,CD2,3.616
8efo,active,226,PRO,CD,230,TRP,CD1,4.16
8efo,active,230,TRP,CE3,233,LEU,CD2,4.358
8efo,active,236,ILE,CG2,240,ILE,CD1,3.692
8efo,active,239,PHE,CE1,243,PHE,CD2,4.062
8efo,active,239,PHE,CE2,244,ILE,CG1,3.567
8efo,active,239,PHE,CD1,303,ILE,CG1,4.248
8efo,active,240,ILE,CG2,245,MET,CG,3.711
8efo,active,243,PHE,CE1,247,VAL,CG2,4.046
8efo,active,243,PHE,CD1,295,TRP,CB,3.933
8efo,active,245,MET,CE,248,LEU,CD1,3.745
8efo,active,246,PRO,CB,291,PHE,CZ,3.605
8efo,active,247,VAL,CG2,291,PHE,CE2,3.665
8efo,active,250,ILE,CG2,288,VAL,CG2,3.763
8efo,active,250,ILE,CD1,291,PHE,CD2,3.627
8efo,active,252,VAL,CG1,256,LEU,CD1,3.926
8efo,active,256,LEU,CD2,259,LEU,CD1,3.863
8efo,active,257,MET,CG,261,LEU,CD1,4.293
8efo,active,258,ILE,CD1,261,LEU,CD1,4.216
8efo,active,258,ILE,CD1,284,VAL,CG1,3.878
8efo,active,261,LEU,CD2,267,LEU,CD1,3.803
8efo,active,261,LEU,CB,277,LEU,CD1,4.055
8efo,active,261,LEU,CD1,280,ILE,CG2,3.872
8efo,active,267,LEU,CD1,277,LEU,CD1,3.705
8efo,active,267,LEU,CD1,280,ILE,CD1,4.339
8efo,active,283,MET,CE,341,LEU,CB,3.729
8efo,active,286,VAL,CG1,290,VAL,CG2,3.911
8efo,active,286,VAL,CG1,337,LEU,CD2,3.785
8efo,active,287,VAL,CG2,337,LEU,CB,4.032
8efo,active,288,VAL,CG1,292,ILE,CD1,3.844
8efo,active,290,VAL,CG1,333,LEU,CD2,3.698
8efo,active,290,VAL,CB,337,LEU,CD1,3.746
8efo,active,291,PHE,CD1,295,TRP,CD1,3.457
8efo,active,295,TRP,CE3,298,ILE,CG2,3.694
8efo,active,297,PRO,CG,326,LEU,CD2,3.895
8efo,active,298,ILE,CD1,324,ILE,CG1,3.735
8efo,active,300,ILE,CG2,304,ILE,CD1,3.707
8efo,active,302,VAL,CG2,320,TRP,CZ3,3.757
8efo,active,303,ILE,CG2,307,LEU,CD1,3.842
8efo,active,320,TRP,CE2,324,ILE,CD1,3.78
8efo,active,322,PHE,CE2,326,LEU,CD1,3.622
8efo,active,333,LEU,CD1,336,VAL,CB,3.773
8efo,active,333,LEU,CG,337,LEU,CG,4.164
8efo,active,335,PRO,CB,340,PHE,CE2,4.106
8efo,active,337,LEU,CD2,341,LEU,CD1,3.899
8efo,active,340,PHE,CE1,349,PHE,CZ,3.537
8efq,active,70,ALA,CB,131,LEU,CD2,3.752
8efq,active,74,MET,CG,131,LEU,CD1,3.78
8efq,active,76,LEU,CD1,80,VAL,CG2,4.406
8efq,active,76,LEU,CD2,325,ALA,CB,3.748
8efq,active,79,ILE,CG2,83,VAL,CG1,4.481
8efq,active,80,VAL,CG1,123,LEU,CD1,4.204
8efq,active,85,LEU,CB,89,PHE,CE2,4.48
8efq,active,86,PHE,CE2,90,LEU,CD1,3.599
8efq,active,90,LEU,CB,340,PHE,CZ,4.108
8efq,active,91,VAL,CG1,95,ILE,CD1,3.723
8efq,active,91,VAL,CG1,109,ILE,CG2,4.106
8efq,active,91,VAL,CG1,113,ALA,CB,3.812
8efq,active,91,VAL,CG2,335,PRO,CB,3.7
8efq,active,91,VAL,CG2,339,ALA,CB,3.914
8efq,active,91,VAL,CG2,340,PHE,CE2,3.799
8efq,active,92,MET,CE,110,PHE,CE1,3.685
8efq,active,92,MET,CE,113,ALA,CB,3.801
8efq,active,92,MET,CE,114,LEU,CB,3.824
8efq,active,94,VAL,CG1,345,PHE,CE1,3.638
8efq,active,95,ILE,CG2,101,MET,CE,3.944
8efq,active,95,ILE,CD1,109,ILE,CG2,3.781
8efq,active,95,ILE,CD1,110,PHE,CB,4.226
8efq,active,101,MET,CB,107,ILE,CD1,3.987
8efq,active,101,MET,CE,110,PHE,CD1,3.709
8efq,active,104,ALA,CB,186,ALA,CB,4.183
8efq,active,109,ILE,CG1,163,MET,CE,4.242
8efq,active,109,ILE,CG2,339,ALA,CB,3.999
8efq,active,109,ILE,CD1,345,PHE,CE2,3.955
8efq,active,112,LEU,CD1,160,LEU,CD2,3.822
8efq,active,114,LEU,CG,118,LEU,CD1,4.132
8efq,active,114,LEU,CD2,194,TRP,CZ2,3.68
8efq,active,125,PHE,CB,135,TRP,CH2,3.72
8efq,active,125,PHE,CD1,137,PHE,CE2,3.666
8efq,active,125,PHE,CE1,141,LEU,CD2,3.853
8efq,active,125,PHE,CG,145,VAL,CG2,4.096
8efq,active,132,MET,CE,136,PRO,CG,3.769
8efq,active,135,TRP,CZ2,141,LEU,CG,4.288
8efq,active,135,TRP,CH2,145,VAL,CG2,4.022
8efq,active,135,TRP,CB,217,ILE,CG2,3.844
8efq,active,137,PHE,CB,141,LEU,CD2,3.71
8efq,active,140,ILE,CG1,144,ILE,CD1,4.288
8efq,active,141,LEU,CD1,144,ILE,CB,4.424
8efq,active,141,LEU,CG,145,VAL,CG2,4.405
8efq,active,144,ILE,CG2,148,ILE,CD1,3.856
8efq,active,144,ILE,CG1,205,MET,CE,4.386
8efq,active,146,ILE,CG2,204,VAL,CG1,3.771
8efq,active,146,ILE,CD1,208,ALA,CB,3.763
8efq,active,146,ILE,CG2,221,LEU,CD2,4.097
8efq,active,153,MET,CG,157,ILE,CD1,3.917
8efq,active,153,MET,CE,238,VAL,CG1,4.305
8efq,active,153,MET,CE,242,ALA,CB,3.988
8efq,active,153,MET,CE,295,TRP,CZ3,3.666
8efq,active,154,PHE,CD1,158,PHE,CE2,3.742
8efq,active,154,PHE,CE2,200,ILE,CG2,3.786
8efq,active,154,PHE,CZ,238,VAL,CG2,3.675
8efq,active,157,ILE,CD1,242,ALA,CB,3.755
8efq,active,157,ILE,CG2,246,PRO,CG,3.718
8efq,active,158,PHE,CE1,196,LEU,CD2,4.161
8efq,active,160,LEU,CB,250,ILE,CD1,4.446
8efq,active,160,LEU,CD1,291,PHE,CE1,3.669
8efq,active,165,VAL,CG1,169,ILE,CG1,4.313
8efq,active,165,VAL,CG2,249,ILE,CG2,4.154
8efq,active,169,ILE,CG2,177,ALA,CB,4.419
8efq,active,169,ILE,CG2,180,PHE,CD2,4.153
8efq,active,171,VAL,CG2,257,MET,CG,3.699
8efq,active,171,VAL,CG1,261,LEU,CD2,3.773
8efq,active,191,VAL,CG1,195,ILE,CG1,4.411
8efq,active,204,VAL,CG1,221,LEU,CD2,4.006
8efq,active,207,MET,CE,221,LEU,CD1,3.775
8efq,active,207,MET,CE,234,LEU,CD2,3.984
8efq,active,208,ALA,CB,221,LEU,CD2,4.408
8efq,active,221,LEU,CD1,234,LEU,CD2,3.924
8efq,active,226,PRO,CD,230,TRP,CD1,4.367
8efq,active,234,LEU,CD1,238,VAL,CG2,4.381
8efq,active,236,ILE,CG2,240,ILE,CD1,3.78
8efq,active,239,PHE,CZ,243,PHE,CD2,4.202
8efq,active,239,PHE,CE1,303,ILE,CG1,3.715
8efq,active,240,ILE,CG2,244,ILE,CB,4.384
8efq,active,241,PHE,CE1,245,MET,CE,4.411
8efq,active,243,PHE,CD1,247,VAL,CG2,4.474
8efq,active,245,MET,CG,249,ILE,CD1,3.692
8efq,active,246,PRO,CB,291,PHE,CZ,4.349
8efq,active,247,VAL,CG2,291,PHE,CE2,3.626
8efq,active,247,VAL,CG1,292,ILE,CG1,4.18
8efq,active,248,LEU,CD1,252,VAL,CG2,3.997
8efq,active,250,ILE,CG2,288,VAL,CG2,3.982
8efq,active,250,ILE,CD1,291,PHE,CE2,4.32
8efq,active,252,VAL,CG1,256,LEU,CD1,4.052
8efq,active,257,MET,CG,261,LEU,CD1,4.194
8efq,active,257,MET,CE,284,VAL,CG2,3.735
8efq,active,258,ILE,CD1,280,ILE,CG2,4.279
8efq,active,258,ILE,CD1,284,VAL,CG2,3.868
8efq,active,261,LEU,CD2,264,VAL,CG2,4.211
8efq,active,261,LEU,CD2,267,LEU,CD1,4.398
8efq,active,261,LEU,CB,277,LEU,CD1,4.277
8efq,active,261,LEU,CD1,280,ILE,CG2,4.092
8efq,active,267,LEU,CD1,277,LEU,CD1,3.841
8efq,active,267,LEU,CD1,280,ILE,CD1,4.137
8efq,active,283,MET,CE,341,LEU,CD1,3.755
8efq,active,284,VAL,CG1,288,VAL,CG2,4.478
8efq,active,286,VAL,CG1,290,VAL,CG2,4.327
8efq,active,286,VAL,CG1,337,LEU,CD2,4.08
8efq,active,288,VAL,CG1,292,ILE,CD1,3.746
8efq,active,290,VAL,CG1,333,LEU,CD2,3.774
8efq,active,290,VAL,CG1,337,LEU,CD1,3.774
8efq,active,291,PHE,CE1,295,TRP,CD1,3.426
8efq,active,297,PRO,CG,326,LEU,CD1,4.309
8efq,active,298,ILE,CD1,324,ILE,CG1,4.161
8efq,active,300,ILE,CG2,304,ILE,CD1,3.823
8efq,active,303,ILE,CG2,307,LEU,CD1,4.063
8efq,active,304,ILE,CG2,308,VAL,CG1,4.279
8efq,active,320,TRP,CE3,324,ILE,CD1,4.495
8efq,active,322,PHE,CE2,326,LEU,CD1,3.617
8efq,active,333,LEU,CD1,336,VAL,CB,4.09
8efq,active,333,LEU,CG,337,LEU,CG,3.928
8efq,active,337,LEU,CD2,341,LEU,CD1,4.092
8f7q,active,67,MET,CG,71,ILE,CD1,3.881
8f7q,active,74,MET,CG,131,LEU,CD2,3.705
8f7q,active,76,LEU,CD1,80,VAL,CG2,4.497
8f7q,active,76,LEU,CD2,322,PHE,CD1,3.966
8f7q,active,76,LEU,CD2,325,ALA,CB,3.729
8f7q,active,79,ILE,CG2,83,VAL,CG2,4.357
8f7q,active,80,VAL,CG1,123,LEU,CD2,4.139
8f7q,active,85,LEU,CD2,89,PHE,CE2,3.883
8f7q,active,86,PHE,CE2,90,LEU,CD2,4.367
8f7q,active,90,LEU,CD1,94,VAL,CG2,4.476
8f7q,active,90,LEU,CD2,340,PHE,CZ,3.673
8f7q,active,91,VAL,CG1,95,ILE,CD1,3.712
8f7q,active,91,VAL,CG1,109,ILE,CG2,3.983
8f7q,active,91,VAL,CG1,113,ALA,CB,3.921
8f7q,active,91,VAL,CG2,335,PRO,CB,3.676
8f7q,active,91,VAL,CG2,339,ALA,CB,3.786
8f7q,active,91,VAL,CG2,340,PHE,CE1,4.261
8f7q,active,92,MET,CG,110,PHE,CE1,4.223
8f7q,active,92,MET,CG,113,ALA,CB,4.039
8f7q,active,92,MET,CE,114,LEU,CD1,3.832
8f7q,active,92,MET,CE,117,ALA,CB,3.721
8f7q,active,95,ILE,CG2,101,MET,CG,3.649
8f7q,active,95,ILE,CD1,109,ILE,CG2,3.755
8f7q,active,95,ILE,CD1,110,PHE,CB,3.953
8f7q,active,95,ILE,CG1,345,PHE,CZ,3.583
8f7q,active,96,VAL,CG2,110,PHE,CE1,3.717
8f7q,active,101,MET,CB,107,ILE,CG1,4.176
8f7q,active,101,MET,CE,110,PHE,CE2,4.49
8f7q,active,104,ALA,CB,186,ALA,CB,3.692
8f7q,active,109,ILE,CG1,163,MET,CE,4.255
8f7q,active,109,ILE,CG2,339,ALA,CB,3.856
8f7q,active,109,ILE,CD1,345,PHE,CE2,3.652
8f7q,active,112,LEU,CD2,160,LEU,CD2,3.743
8f7q,active,114,LEU,CG,118,LEU,CD1,4.491
8f7q,active,114,LEU,CD2,194,TRP,CH2,3.83
8f7q,active,115,ALA,CB,194,TRP,CH2,4.354
8f7q,active,118,LEU,CB,148,ILE,CG2,4.406
8f7q,active,125,PHE,CB,135,TRP,CH2,4.053
8f7q,active,125,PHE,CD1,137,PHE,CZ,3.635
8f7q,active,125,PHE,CD2,145,VAL,CG2,3.57
8f7q,active,128,VAL,CG1,132,MET,CG,4.227
8f7q,active,128,VAL,CG1,137,PHE,CE2,3.834
8f7q,active,135,TRP,CB,217,ILE,CG2,4.006
8f7q,active,137,PHE,CB,141,LEU,CD2,3.681
8f7q,active,140,ILE,CG2,144,ILE,CD1,4.043
8f7q,active,141,LEU,CD1,144,ILE,CB,4.43
8f7q,active,141,LEU,CG,145,VAL,CG2,4.315
8f7q,active,144,ILE,CG2,148,ILE,CD1,3.691
8f7q,active,146,ILE,CG2,204,VAL,CG1,3.665
8f7q,active,146,ILE,CD1,208,ALA,CB,3.713
8f7q,active,146,ILE,CG2,221,LEU,CD2,4.141
8f7q,active,153,MET,CG,157,ILE,CD1,4.015
8f7q,active,153,MET,CE,238,VAL,CG1,3.913
8f7q,active,153,MET,CG,295,TRP,CH2,3.638
8f7q,active,154,PHE,CB,158,TRP,CD1,4.164
8f7q,active,154,PHE,CD2,200,ILE,CG2,3.538
8f7q,active,154,PHE,CZ,238,VAL,CG2,3.896
8f7q,active,154,PHE,CE1,242,ALA,CB,3.598
8f7q,active,157,ILE,CD1,242,ALA,CB,4.004
8f7q,active,157,ILE,CG2,246,PRO,CG,3.677
8f7q,active,157,ILE,CG2,291,PHE,CZ,4.023
8f7q,active,157,ILE,CD1,295,TRP,CZ2,3.901
8f7q,active,158,TRP,CZ2,241,PHE,CD1,4.221
8f7q,active,158,TRP,CH2,245,MET,CE,4.116
8f7q,active,158,TRP,CZ3,249,ILE,CD1,4.279
8f7q,active,160,LEU,CD1,291,PHE,CD1,3.684
8f7q,active,165,VAL,CG1,169,ILE,CD1,3.801
8f7q,active,165,VAL,CG1,180,PHE,CZ,4.409
8f7q,active,165,VAL,CG2,249,ILE,CG2,4.11
8f7q,active,169,ILE,CD1,180,PHE,CE2,3.639
8f7q,active,171,VAL,CG2,257,MET,CE,3.727
8f7q,active,171,VAL,CG1,261,LEU,CD2,3.995
8f7q,active,180,PHE,CE1,189,ILE,CD1,3.76
8f7q,active,191,VAL,CG1,195,ILE,CD1,3.846
8f7q,active,200,ILE,CG1,204,VAL,CG2,4.217
8f7q,active,200,ILE,CD1,234,LEU,CD1,3.887
8f7q,active,200,ILE,CD1,238,VAL,CG2,3.819
8f7q,active,203,PRO,CB,207,MET,CE,4.275
8f7q,active,204,VAL,CG2,207,MET,CE,4.221
8f7q,active,204,VAL,CG1,221,LEU,CD2,3.787
8f7q,active,207,MET,CB,221,LEU,CD2,4.254
8f7q,active,207,MET,CE,223,PHE,CE1,4.206
8f7q,active,207,MET,CE,234,LEU,CD2,4.304
8f7q,active,208,ALA,CB,221,LEU,CD2,3.884
8f7q,active,221,LEU,CD1,234,LEU,CD2,3.845
8f7q,active,223,PHE,CD1,230,TRP,CB,3.903
8f7q,active,223,PHE,CZ,234,LEU,CD2,3.653
8f7q,active,226,PRO,CD,230,TRP,CD1,4.489
8f7q,active,234,LEU,CD1,238,VAL,CG2,3.997
8f7q,active,236,ILE,CG2,240,ILE,CD1,3.741
8f7q,active,239,PHE,CZ,243,PHE,CD2,3.883
8f7q,active,239,PHE,CE2,244,ILE,CD1,4.084
8f7q,active,239,PHE,CD1,303,ILE,CG1,4.016
8f7q,active,243,PHE,CE1,247,VAL,CG2,4.186
8f7q,active,244,ILE,CG2,248,LEU,CD1,4.265
8f7q,active,246,PRO,CB,291,PHE,CZ,3.924
8f7q,active,247,VAL,CG2,291,PHE,CE2,3.813
8f7q,active,247,VAL,CG1,292,ILE,CD1,4.489
8f7q,active,250,ILE,CG2,288,VAL,CG2,3.987
8f7q,active,250,ILE,CD1,291,PHE,CE2,3.791
8f7q,active,252,VAL,CG1,256,LEU,CD1,4.0
8f7q,active,256,LEU,CD2,259,LEU,CD1,4.202
8f7q,active,257,MET,CG,261,LEU,CD1,4.344
8f7q,active,258,ILE,CD1,284,VAL,CG1,3.727
8f7q,active,261,LEU,CD2,267,LEU,CD1,3.922
8f7q,active,261,LEU,CD1,280,ILE,CG2,3.784
8f7q,active,264,VAL,CG1,267,LEU,CG,4.13
8f7q,active,267,LEU,CB,277,LEU,CD1,3.686
8f7q,active,283,MET,CE,341,LEU,CB,3.871
8f7q,active,286,VAL,CG1,290,VAL,CG2,4.318
8f7q,active,286,VAL,CG1,337,LEU,CD1,3.771
8f7q,active,287,VAL,CG2,337,LEU,CG,3.765
8f7q,active,288,VAL,CG1,292,ILE,CD1,3.753
8f7q,active,290,VAL,CG1,333,LEU,CD2,3.81
8f7q,active,290,VAL,CG1,337,LEU,CD2,4.381
8f7q,active,291,PHE,CE1,295,TRP,CD1,3.44
8f7q,active,295,TRP,CE3,298,ILE,CG2,4.385
8f7q,active,297,PRO,CG,326,LEU,CD2,3.743
8f7q,active,298,ILE,CD1,302,VAL,CG2,4.327
8f7q,active,298,ILE,CD1,324,ILE,CG1,4.042
8f7q,active,300,ILE,CG2,304,ILE,CD1,3.761
8f7q,active,302,VAL,CG2,320,TRP,CH2,3.645
8f7q,active,303,ILE,CG2,307,LEU,CD1,3.803
8f7q,active,320,TRP,CD1,324,ILE,CD1,3.584
8f7q,active,336,VAL,CG2,340,PHE,CD2,3.783
8f7q,active,337,LEU,CD1,341,LEU,CD1,4.123
8f7q,active,339,ALA,CB,345,PHE,CD2,3.656
8f7r,active,74,MET,CE,131,LEU,CD1,3.712
8f7r,active,76,LEU,CD2,322,PHE,CE1,3.629
8f7r,active,76,LEU,CD2,325,ALA,CB,3.76
8f7r,active,79,ILE,CG2,83,VAL,CG2,4.36
8f7r,active,80,VAL,CG1,123,LEU,CD2,3.838
8f7r,active,85,LEU,CD2,89,PHE,CE2,3.724
8f7r,active,86,PHE,CE2,90,LEU,CD2,4.151
8f7r,active,90,LEU,CD2,340,PHE,CZ,3.666
8f7r,active,91,VAL,CG1,95,ILE,CD1,3.771
8f7r,active,91,VAL,CG1,109,ILE,CG2,4.007
8f7r,active,91,VAL,CG1,113,ALA,CB,3.988
8f7r,active,91,VAL,CG2,335,PRO,CB,3.691
8f7r,active,91,VAL,CG2,339,ALA,CB,3.78
8f7r,active,91,VAL,CG2,340,PHE,CE1,3.713
8f7r,active,92,MET,CE,110,PHE,CE1,3.661
8f7r,active,92,MET,CG,113,ALA,CB,3.755
8f7r,active,92,MET,CE,114,LEU,CD1,3.801
8f7r,active,94,VAL,CG1,345,PHE,CD1,3.816
8f7r,active,94,VAL,CG2,349,PHE,CZ,3.835
8f7r,active,95,ILE,CG2,101,MET,CG,3.735
8f7r,active,95,ILE,CD1,109,ILE,CG2,3.836
8f7r,active,95,ILE,CG2,110,PHE,CD1,3.819
8f7r,active,95,ILE,CG1,345,PHE,CZ,3.664
8f7r,active,96,VAL,CG2,110,PHE,CE1,4.135
8f7r,active,101,MET,CB,107,ILE,CG1,3.884
8f7r,active,101,MET,CE,110,PHE,CE2,4.434
8f7r,active,104,ALA,CB,186,ALA,CB,3.706
8f7r,active,107,ILE,CD1,183,PRO,CB,4.309
8f7r,active,109,ILE,CG1,163,MET,CE,4.0
8f7r,active,109,ILE,CG2,339,ALA,CB,3.774
8f7r,active,109,ILE,CD1,345,PHE,CE2,3.705
8f7r,active,112,LEU,CD1,160,LEU,CD2,3.701
8f7r,active,114,LEU,CG,118,LEU,CD1,4.262
8f7r,active,114,LEU,CD2,194,TRP,CZ2,4.084
8f7r,active,115,ALA,CB,194,TRP,CH2,4.309
8f7r,active,118,LEU,CB,148,ILE,CG2,4.253
8f7r,active,118,LEU,CD1,194,TRP,CH2,4.398
8f7r,active,125,PHE,CB,135,TRP,CH2,3.773
8f7r,active,125,PHE,CD1,137,PHE,CZ,3.765
8f7r,active,125,PHE,CE1,141,LEU,CD2,3.759
8f7r,active,125,PHE,CD2,145,VAL,CG2,3.885
8f7r,active,128,VAL,CG1,132,MET,CG,4.266
8f7r,active,128,VAL,CG1,137,PHE,CZ,3.735
8f7r,active,132,MET,CE,136,PRO,CG,3.796
8f7r,active,135,TRP,CB,217,ILE,CG2,4.149
8f7r,active,137,PHE,CB,141,LEU,CD2,3.704
8f7r,active,140,ILE,CG2,144,ILE,CD1,3.975
8f7r,active,141,LEU,CD1,145,VAL,CG2,4.008
8f7r,active,144,ILE,CG2,148,ILE,CD1,3.751
8f7r,active,146,ILE,CG2,204,VAL,CG1,3.695
8f7r,active,146,ILE,CD1,208,ALA,CB,4.136
8f7r,active,146,ILE,CG2,221,LEU,CD2,3.968
8f7r,active,153,MET,CG,157,ILE,CD1,3.749
8f7r,active,153,MET,CE,238,VAL,CG1,3.802
8f7r,active,153,MET,CE,242,ALA,CB,3.874
8f7r,active,153,MET,CG,295,TRP,CH2,3.737
8f7r,active,154,PHE,CD1,158,PHE,CZ,3.828
8f7r,active,154,PHE,CD2,200,ILE,CG2,3.595
8f7r,active,154,PHE,CE2,238,VAL,CG2,3.679
8f7r,active,154,PHE,CE1,241,PHE,CB,3.784
8f7r,active,154,PHE,CE1,242,ALA,CB,3.897
8f7r,active,157,ILE,CD1,242,ALA,CB,3.805
8f7r,active,157,ILE,CG2,246,PRO,CG,3.676
8f7r,active,157,ILE,CG2,291,PHE,CZ,4.311
8f7r,active,157,ILE,CD1,295,TRP,CE2,4.243
8f7r,active,160,LEU,CB,250,ILE,CD1,4.418
8f7r,active,160,LEU,CD1,291,PHE,CE1,3.607
8f7r,active,165,VAL,CG1,169,ILE,CD1,3.767
8f7r,active,165,VAL,CG2,249,ILE,CG2,4.403
8f7r,active,169,ILE,CG2,177,ALA,CB,3.877
8f7r,active,169,ILE,CD1,180,PHE,CE1,3.647
8f7r,active,171,VAL,CG2,257,MET,CE,3.696
8f7r,active,171,VAL,CG1,261,LEU,CD2,3.756
8f7r,active,180,PHE,CE1,189,ILE,CD1,3.567
8f7r,active,191,VAL,CG1,195,ILE,CD1,3.783
8f7r,active,200,ILE,CD1,204,VAL,CG2,4.424
8f7r,active,200,ILE,CD1,234,LEU,CD1,3.815
8f7r,active,202,LEU,CB,206,PHE,CE2,4.377
8f7r,active,203,PRO,CB,207,MET,CE,4.364
8f7r,active,204,VAL,CG2,207,MET,CE,4.408
8f7r,active,204,VAL,CG1,221,LEU,CD2,3.784
8f7r,active,207,MET,CB,221,LEU,CD2,4.434
8f7r,active,207,MET,CE,223,PHE,CE1,4.007
8f7r,active,208,ALA,CB,221,LEU,CD2,3.731
8f7r,active,221,LEU,CD1,234,LEU,CD2,3.751
8f7r,active,223,PHE,CD1,230,TRP,CB,3.676
8f7r,active,223,PHE,CZ,234,LEU,CD2,3.61
8f7r,active,230,TRP,CE3,233,LEU,CD2,3.656
8f7r,active,234,LEU,CD1,238,VAL,CG2,4.097
8f7r,active,236,ILE,CG2,240,ILE,CD1,3.774
8f7r,active,239,PHE,CE1,243,PHE,CD2,3.834
8f7r,active,239,PHE,CE2,244,ILE,CG1,3.857
8f7r,active,239,PHE,CD1,303,ILE,CG1,3.835
8f7r,active,240,ILE,CG2,244,ILE,CB,4.375
8f7r,active,243,PHE,CE1,247,VAL,CG2,3.7
8f7r,active,243,PHE,CD1,295,TRP,CB,4.337
8f7r,active,244,ILE,CG2,248,LEU,CD1,4.321
8f7r,active,246,PRO,CB,291,PHE,CZ,3.916
8f7r,active,247,VAL,CG2,291,PHE,CE2,3.602
8f7r,active,247,VAL,CG1,292,ILE,CG1,4.011
8f7r,active,250,ILE,CG2,288,VAL,CG2,3.922
8f7r,active,250,ILE,CD1,291,PHE,CE2,3.674
8f7r,active,252,VAL,CG1,256,LEU,CD1,3.95
8f7r,active,256,LEU,CD2,259,LEU,CD1,3.787
8f7r,active,257,MET,CG,261,LEU,CD1,4.27
8f7r,active,258,ILE,CD1,284,VAL,CG1,3.73
8f7r,active,258,ILE,CD1,285,LEU,CD2,4.279
8f7r,active,261,LEU,CD2,267,LEU,CD1,3.715
8f7r,active,261,LEU,CB,277,LEU,CD1,4.194
8f7r,active,261,LEU,CD1,280,ILE,CG2,3.815
8f7r,active,264,VAL,CG1,267,LEU,CG,4.15
8f7r,active,267,LEU,CD1,277,LEU,CD1,3.727
8f7r,active,283,MET,CE,341,LEU,CD1,3.771
8f7r,active,286,VAL,CG1,290,VAL,CG2,4.335
8f7r,active,286,VAL,CG1,337,LEU,CD2,4.445
8f7r,active,287,VAL,CG2,337,LEU,CD2,3.932
8f7r,active,288,VAL,CG1,292,ILE,CD1,3.739
8f7r,active,290,VAL,CB,337,LEU,CD2,3.786
8f7r,active,291,PHE,CE1,295,TRP,CD1,3.408
8f7r,active,295,TRP,CE3,298,ILE,CG2,4.184
8f7r,active,298,ILE,CD1,302,VAL,CG2,4.064
8f7r,active,298,ILE,CD1,324,ILE,CG1,3.69
8f7r,active,300,ILE,CG2,304,ILE,CD1,3.757
8f7r,active,302,VAL,CG2,320,TRP,CZ3,3.953
8f7r,active,303,ILE,CG2,307,LEU,CD1,3.918
8f7r,active,318,VAL,CG1,322,PHE,CE2,3.587
8f7r,active,320,TRP,CE2,324,ILE,CD1,3.584
8f7r,active,333,LEU,CB,337,LEU,CD1,4.202
8f7r,active,336,VAL,CG2,340,PHE,CD2,3.917
8f7r,active,340,PHE,CD1,349,PHE,CE2,4.276
8k9k,active,67,MET,CG,71,ILE,CD1,3.704
8k9k,active,73,ILE,CD1,318,VAL,CG1,3.699
8k9k,active,74,MET,CE,131,LEU,CG,3.88
8k9k,active,76,LEU,CD1,322,PHE,CD1,4.325
8k9k,active,76,LEU,CB,325,ALA,CB,4.469
8k9k,active,80,VAL,CG2,123,LEU,CD1,3.713
8k9k,active,80,VAL,CG2,325,ALA,CB,4.279
8k9k,active,85,LEU,CD2,89,PHE,CE2,3.618
8k9k,active,86,PHE,CZ,90,LEU,CD1,3.989
8k9k,active,89,PHE,CE2,117,ALA,CB,4.466
8k9k,active,90,LEU,CD2,94,VAL,CG2,3.945
8k9k,active,90,LEU,CD2,340,PHE,CZ,3.442
8k9k,active,91,VAL,CG1,95,ILE,CG1,4.203
8k9k,active,91,VAL,CG1,109,ILE,CG2,4.359
8k9k,active,91,VAL,CG1,113,ALA,CB,3.795
8k9k,active,91,VAL,CG2,335,PRO,CB,3.632
8k9k,active,91,VAL,CG2,339,ALA,CB,3.541
8k9k,active,91,VAL,CG2,340,PHE,CE1,3.816
8k9k,active,92,MET,CE,110,PHE,CE1,3.263
8k9k,active,92,MET,CG,113,ALA,CB,4.304
8k9k,active,92,MET,CE,114,LEU,CB,3.687
8k9k,active,95,ILE,CG2,101,MET,CE,3.525
8k9k,active,95,ILE,CG2,110,PHE,CD1,3.707
8k9k,active,95,ILE,CD1,345,PHE,CZ,3.386
8k9k,active,96,VAL,CG2,110,PHE,CE1,3.749
8k9k,active,101,MET,CB,107,ILE,CG1,4.011
8k9k,active,101,MET,CE,110,PHE,CG,3.344
8k9k,active,104,ALA,CB,186,ALA,CB,3.921
8k9k,active,107,ILE,CD1,183,PRO,CB,3.759
8k9k,active,107,ILE,CG2,186,ALA,CB,4.34
8k9k,active,109,ILE,CD1,345,PHE,CE1,3.749
8k9k,active,112,LEU,CD1,160,LEU,CD2,3.658
8k9k,active,112,LEU,CD2,163,MET,CE,3.599
8k9k,active,114,LEU,CD1,118,LEU,CG,4.467
8k9k,active,114,LEU,CD2,194,TRP,CZ2,3.862
8k9k,active,115,ALA,CB,194,TRP,CH2,4.063
8k9k,active,125,PHE,CB,135,TRP,CZ3,4.315
8k9k,active,125,PHE,CE2,137,PHE,CE2,3.525
8k9k,active,125,PHE,CD1,145,VAL,CG2,4.015
8k9k,active,128,VAL,CG1,132,MET,CE,3.372
8k9k,active,128,VAL,CG1,137,PHE,CE1,3.626
8k9k,active,132,MET,CE,136,PRO,CG,3.858
8k9k,active,135,TRP,CZ2,141,LEU,CB,3.799
8k9k,active,135,TRP,CH2,145,VAL,CG2,3.781
8k9k,active,137,PHE,CB,141,LEU,CD1,3.445
8k9k,active,140,ILE,CG2,144,ILE,CD1,3.872
8k9k,active,144,ILE,CG2,148,ILE,CD1,3.664
8k9k,active,146,ILE,CG2,204,VAL,CG1,3.501
8k9k,active,146,ILE,CB,208,ALA,CB,4.078
8k9k,active,146,ILE,CG2,221,LEU,CD2,4.098
8k9k,active,153,MET,CG,157,ILE,CD1,3.817
8k9k,active,153,MET,CG,242,ALA,CB,4.455
8k9k,active,153,MET,CE,295,TRP,CZ3,3.424
8k9k,active,154,PHE,CD2,158,TRP,CD1,3.839
8k9k,active,154,PHE,CE2,200,ILE,CD1,3.434
8k9k,active,154,PHE,CE2,241,PHE,CB,4.1
8k9k,active,154,PHE,CE1,242,ALA,CB,4.031
8k9k,active,157,ILE,CD1,242,ALA,CB,3.862
8k9k,active,157,ILE,CG2,246,PRO,CG,3.467
8k9k,active,157,ILE,CG2,291,PHE,CZ,4.048
8k9k,active,157,ILE,CD1,295,TRP,CE2,3.902
8k9k,active,158,TRP,CH2,245,MET,CG,3.711
8k9k,active,158,TRP,CZ2,246,PRO,CG,4.366
8k9k,active,158,TRP,CZ3,249,ILE,CD1,4.063
8k9k,active,160,LEU,CD2,163,MET,CE,3.593
8k9k,active,160,LEU,CB,250,ILE,CD1,4.218
8k9k,active,160,LEU,CD1,291,PHE,CD2,3.535
8k9k,active,165,VAL,CG1,169,ILE,CD1,4.075
8k9k,active,165,VAL,CG2,249,ILE,CG2,3.922
8k9k,active,169,ILE,CG2,177,ALA,CB,3.91
8k9k,active,169,ILE,CD1,180,PHE,CD2,4.473
8k9k,active,171,VAL,CB,257,MET,CG,3.579
8k9k,active,171,VAL,CG1,261,LEU,CD2,3.69
8k9k,active,191,VAL,CG1,195,ILE,CG2,4.338
8k9k,active,200,ILE,CG2,204,VAL,CG2,4.112
8k9k,active,202,LEU,CD2,205,MET,CE,3.689
8k9k,active,204,VAL,CG1,221,LEU,CD2,4.078
8k9k,active,207,MET,CB,221,LEU,CD2,4.28
8k9k,active,207,MET,CE,223,PHE,CE1,3.454
8k9k,active,208,ALA,CB,221,LEU,CD2,3.885
8k9k,active,221,LEU,CD1,234,LEU,CD2,3.704
8k9k,active,223,PHE,CD1,230,TRP,CB,3.596
8k9k,active,223,PHE,CE1,234,LEU,CD2,4.006
8k9k,active,226,PRO,CD,230,TRP,CD1,4.452
8k9k,active,230,TRP,CE3,233,LEU,CD2,4.065
8k9k,active,234,LEU,CD1,238,VAL,CG2,4.142
8k9k,active,236,ILE,CG2,240,ILE,CD1,3.682
8k9k,active,238,VAL,CG1,242,ALA,CB,4.386
8k9k,active,239,PHE,CE1,243,PHE,CD2,3.785
8k9k,active,239,PHE,CE2,244,ILE,CG1,3.698
8k9k,active,239,PHE,CD1,303,ILE,CG1,4.073
8k9k,active,243,PHE,CE1,247,VAL,CG2,3.976
8k9k,active,243,PHE,CD1,295,TRP,CB,4.086
8k9k,active,244,ILE,CG2,248,LEU,CD1,3.815
8k9k,active,245,MET,CG,249,ILE,CD1,3.94
8k9k,active,246,PRO,CB,291,PHE,CZ,4.114
8k9k,active,247,VAL,CG2,291,PHE,CE1,3.608
8k9k,active,247,VAL,CG2,292,ILE,CG1,4.251
8k9k,active,250,ILE,CG2,288,VAL,CG2,3.768
8k9k,active,250,ILE,CD1,291,PHE,CD2,4.407
8k9k,active,252,VAL,CG1,256,LEU,CD1,4.284
8k9k,active,256,LEU,CD2,259,LEU,CD1,4.27
8k9k,active,257,MET,CE,261,LEU,CD1,4.12
8k9k,active,257,MET,CE,280,ILE,CG2,4.456
8k9k,active,257,MET,CE,284,VAL,CG2,3.622
8k9k,active,258,ILE,CD1,280,ILE,CG2,4.114
8k9k,active,258,ILE,CG1,284,VAL,CG1,4.111
8k9k,active,261,LEU,CB,277,LEU,CD1,4.032
8k9k,active,261,LEU,CD1,280,ILE,CG2,3.712
8k9k,active,264,VAL,CG1,267,LEU,CD1,3.621
8k9k,active,267,LEU,CD1,277,LEU,CD1,3.791
8k9k,active,267,LEU,CD1,280,ILE,CD1,4.259
8k9k,active,283,MET,CE,341,LEU,CB,3.335
8k9k,active,286,VAL,CG1,290,VAL,CG2,4.222
8k9k,active,286,VAL,CG1,337,LEU,CD2,4.393
8k9k,active,288,VAL,CG1,292,ILE,CD1,3.899
8k9k,active,290,VAL,CG1,333,LEU,CD2,3.955
8k9k,active,290,VAL,CG1,337,LEU,CD1,3.707
8k9k,active,291,PHE,CE2,295,TRP,CD1,3.557
8k9k,active,295,TRP,CE3,298,ILE,CG2,3.804
8k9k,active,297,PRO,CG,326,LEU,CD2,3.592
8k9k,active,298,ILE,CD1,302,VAL,CG2,4.251
8k9k,active,298,ILE,CD1,324,ILE,CG1,3.961
8k9k,active,300,ILE,CG2,304,ILE,CD1,3.77
8k9k,active,302,VAL,CG2,320,TRP,CH2,3.968
8k9k,active,303,ILE,CG2,307,LEU,CD1,4.318
8k9k,active,315,PHE,CD1,318,VAL,CG2,4.185
8k9k,active,320,TRP,CD1,324,ILE,CD1,3.88
8k9k,active,322,PHE,CE2,326,LEU,CD2,4.411
8k9k,active,333,LEU,CB,337,LEU,CD1,4.127
8k9k,active,336,VAL,CG2,340,PHE,CD2,4.036
8k9k,active,339,ALA,CB,345,PHE,CE2,3.755
8k9l,active,71,ILE,CG1,74,MET,CE,3.559
8k9l,active,73,ILE,CD1,318,VAL,CG1,3.666
8k9l,active,76,LEU,CD1,322,PHE,CD2,3.846
8k9l,active,79,ILE,CG2,83,VAL,CG1,4.102
8k9l,active,80,VAL,CG1,123,LEU,CD1,3.556
8k9l,active,80,VAL,CG2,325,ALA,CB,4.401
8k9l,active,85,LEU,CD2,89,PHE,CE2,3.883
8k9l,active,86,PHE,CE1,90,LEU,CD1,3.374
8k9l,active,91,VAL,CG1,95,ILE,CG1,4.245
8k9l,active,91,VAL,CG1,109,ILE,CG2,4.28
8k9l,active,91,VAL,CG1,113,ALA,CB,4.01
8k9l,active,91,VAL,CG2,335,PRO,CB,3.295
8k9l,active,91,VAL,CG1,339,ALA,CB,3.712
8k9l,active,92,MET,CE,110,PHE,CE1,3.212
8k9l,active,92,MET,CG,113,ALA,CB,4.013
8k9l,active,92,MET,CE,114,LEU,CB,3.819
8k9l,active,94,VAL,CG1,345,PHE,CE1,3.609
8k9l,active,95,ILE,CG2,101,MET,CE,3.231
8k9l,active,95,ILE,CD1,109,ILE,CG2,3.793
8k9l,active,95,ILE,CG2,110,PHE,CB,3.783
8k9l,active,104,ALA,CB,186,ALA,CB,4.039
8k9l,active,107,ILE,CD1,183,PRO,CB,3.897
8k9l,active,107,ILE,CD1,186,ALA,CB,4.013
8k9l,active,110,PHE,CZ,114,LEU,CD1,4.189
8k9l,active,112,LEU,CD2,160,LEU,CD2,3.722
8k9l,active,112,LEU,CD2,163,MET,CE,3.954
8k9l,active,114,LEU,CD2,118,LEU,CD1,4.352
8k9l,active,114,LEU,CD2,194,TRP,CZ2,3.385
8k9l,active,115,ALA,CB,194,TRP,CH2,4.08
8k9l,active,125,PHE,CD2,145,VAL,CG2,3.265
8k9l,active,128,VAL,CG2,132,MET,CE,3.906
8k9l,active,128,VAL,CG1,137,PHE,CZ,3.616
8k9l,active,132,MET,CE,136,PRO,CD,3.672
8k9l,active,135,TRP,CZ2,141,LEU,CB,3.64
8k9l,active,135,TRP,CH2,145,VAL,CG2,4.066
8k9l,active,135,TRP,CB,217,ILE,CG2,3.859
8k9l,active,137,PHE,CB,141,LEU,CD1,3.369
8k9l,active,140,ILE,CG2,144,ILE,CD1,4.047
8k9l,active,141,LEU,CD2,144,ILE,CD1,4.342
8k9l,active,144,ILE,CG1,205,MET,CE,3.858
8k9l,active,146,ILE,CG2,204,VAL,CG1,3.366
8k9l,active,146,ILE,CB,208,ALA,CB,4.392
8k9l,active,146,ILE,CG2,221,LEU,CD1,3.571
8k9l,active,153,MET,CG,157,ILE,CD1,4.228
8k9l,active,153,MET,CE,238,VAL,CG1,4.118
8k9l,active,153,MET,CG,295,TRP,CH2,4.079
8k9l,active,154,PHE,CE2,158,TRP,CZ2,3.688
8k9l,active,154,PHE,CD2,200,ILE,CG2,3.908
8k9l,active,154,PHE,CE1,238,VAL,CG2,4.406
8k9l,active,154,PHE,CZ,241,PHE,CB,4.438
8k9l,active,154,PHE,CE1,242,ALA,CB,3.5
8k9l,active,157,ILE,CD1,242,ALA,CB,4.242
8k9l,active,157,ILE,CG2,246,PRO,CG,3.766
8k9l,active,157,ILE,CG1,291,PHE,CE1,4.004
8k9l,active,157,ILE,CD1,295,TRP,CE2,3.853
8k9l,active,158,TRP,CZ3,196,LEU,CB,3.452
8k9l,active,160,LEU,CD2,163,MET,CE,4.399
8k9l,active,160,LEU,CB,250,ILE,CD1,4.382
8k9l,active,160,LEU,CD1,291,PHE,CD1,3.68
8k9l,active,165,VAL,CG1,169,ILE,CD1,4.154
8k9l,active,165,VAL,CG2,249,ILE,CG2,3.992
8k9l,active,169,ILE,CG2,177,ALA,CB,4.351
8k9l,active,169,ILE,CD1,180,PHE,CD2,4.373
8k9l,active,171,VAL,CB,257,MET,CG,3.658
8k9l,active,171,VAL,CG1,261,LEU,CD2,3.709
8k9l,active,191,VAL,CG1,195,ILE,CD1,3.784
8k9l,active,204,VAL,CG1,221,LEU,CD2,3.708
8k9l,active,207,MET,CE,230,TRP,CZ3,3.617
8k9l,active,208,ALA,CB,221,LEU,CD1,4.428
8k9l,active,221,LEU,CD2,234,LEU,CD2,4.192
8k9l,active,223,PHE,CB,230,TRP,CB,3.754
8k9l,active,223,PHE,CE1,234,LEU,CD2,3.979
8k9l,active,236,ILE,CG2,240,ILE,CD1,3.975
8k9l,active,239,PHE,CE1,243,PHE,CD2,4.096
8k9l,active,239,PHE,CE2,244,ILE,CG1,3.751
8k9l,active,243,PHE,CE1,247,VAL,CG2,4.272
8k9l,active,243,PHE,CZ,292,ILE,CD1,4.386
8k9l,active,243,PHE,CE1,295,TRP,CB,3.708
8k9l,active,245,MET,CG,249,ILE,CD1,4.299
8k9l,active,246,PRO,CB,291,PHE,CZ,4.326
8k9l,active,247,VAL,CG2,291,PHE,CE2,3.373
8k9l,active,247,VAL,CG2,292,ILE,CD1,3.502
8k9l,active,250,ILE,CG2,288,VAL,CG2,3.562
8k9l,active,252,VAL,CG1,256,LEU,CG,4.415
8k9l,active,257,MET,CE,261,LEU,CD1,4.447
8k9l,active,257,MET,CE,280,ILE,CG2,4.391
8k9l,active,257,MET,CE,284,VAL,CG2,3.739
8k9l,active,258,ILE,CD1,280,ILE,CG2,4.147
8k9l,active,261,LEU,CB,277,LEU,CD1,3.77
8k9l,active,261,LEU,CD1,280,ILE,CG2,3.617
8k9l,active,264,VAL,CG1,267,LEU,CB,3.585
8k9l,active,267,LEU,CD1,277,LEU,CD1,3.732
8k9l,active,283,MET,CE,341,LEU,CB,3.626
8k9l,active,286,VAL,CG1,337,LEU,CD2,3.99
8k9l,active,287,VAL,CG2,337,LEU,CD2,3.881
8k9l,active,290,VAL,CG1,333,LEU,CD1,4.063
8k9l,active,290,VAL,CG1,337,LEU,CD1,3.465
8k9l,active,291,PHE,CE1,295,TRP,CD1,3.36
8k9l,active,295,TRP,CE3,298,ILE,CG2,3.673
8k9l,active,297,PRO,CG,326,LEU,CD2,3.61
8k9l,active,298,ILE,CD1,302,VAL,CG2,4.327
8k9l,active,298,ILE,CD1,324,ILE,CG1,4.17
8k9l,active,302,VAL,CG2,320,TRP,CH2,4.152
8k9l,active,315,PHE,CB,318,VAL,CG2,4.358
8k9l,active,320,TRP,CD1,324,ILE,CD1,4.331
8k9l,active,322,PHE,CE1,326,LEU,CD1,4.329
8k9l,active,336,VAL,CG1,340,PHE,CD2,4.157
9MQI,inactive,68,ILE,CD1,71,ILE,CD1,4.417
9MQI,inactive,76,LEU,CD1,80,VAL,CG2,3.793
9MQI,inactive,89,PHE,CD1,117,ALA,CB,4.46
9MQI,inactive,90,LEU,CD1,94,VAL,CG1,3.627
9MQI,inactive,90,LEU,CD2,349,PHE,CD1,3.592
9MQI,inactive,90,LEU,CD1,352,PHE,CD2,3.634
9MQI,inactive,91,VAL,CG1,95,ILE,CD1,3.609
9MQI,inactive,91,VAL,CG1,109,ILE,CG2,4.222
9MQI,inactive,91,VAL,CG1,113,ALA,CB,3.818
9MQI,inactive,91,VAL,CG2,335,PRO,CB,4.159
9MQI,inactive,91,VAL,CG2,349,PHE,CZ,3.75
9MQI,inactive,92,MET,CB,110,PHE,CE1,3.486
9MQI,inactive,94,VAL,CG2,345,PHE,CE1,4.042
9MQI,inactive,94,VAL,CG2,349,PHE,CE1,3.778
9MQI,inactive,95,ILE,CD1,109,ILE,CG2,3.618
9MQI,inactive,95,ILE,CG2,110,PHE,CD1,3.589
9MQI,inactive,95,ILE,CG1,345,PHE,CE1,4.195
9MQI,inactive,96,VAL,CB,110,PHE,CE1,4.375
9MQI,inactive,107,ILE,CD1,183,PRO,CB,3.742
9MQI,inactive,107,ILE,CD1,186,ALA,CB,3.576
9MQI,inactive,109,ILE,CD1,283,MET,CE,3.802
9MQI,inactive,109,ILE,CD1,345,PHE,CE2,4.124
9MQI,inactive,110,PHE,CE2,114,LEU,CD1,4.461
9MQI,inactive,112,LEU,CD2,160,LEU,CD2,3.753
9MQI,inactive,112,LEU,CD2,287,VAL,CG1,3.937
9MQI,inactive,114,LEU,CD2,118,LEU,CD1,3.545
9MQI,inactive,114,LEU,CD1,194,TRP,CZ2,4.296
9MQI,inactive,118,LEU,CD2,148,ILE,CD1,3.659
9MQI,inactive,118,LEU,CD2,194,TRP,CH2,4.349
9MQI,inactive,125,PHE,CB,135,TRP,CH2,3.825
9MQI,inactive,125,PHE,CD2,137,PHE,CD1,3.737
9MQI,inactive,125,PHE,CE2,141,LEU,CD1,4.139
9MQI,inactive,128,VAL,CB,137,PHE,CZ,4.099
9MQI,inactive,135,TRP,CZ2,141,LEU,CB,4.121
9MQI,inactive,135,TRP,CH2,145,VAL,CG2,4.3
9MQI,inactive,137,PHE,CB,141,LEU,CD1,3.603
9MQI,inactive,141,LEU,CD2,144,ILE,CD1,4.204
9MQI,inactive,146,ILE,CG2,204,VAL,CG1,3.595
9MQI,inactive,146,ILE,CG2,208,ALA,CB,3.831
9MQI,inactive,146,ILE,CG2,221,LEU,CD2,3.959
9MQI,inactive,153,MET,CG,295,TRP,CZ3,3.281
9MQI,inactive,154,PHE,CD2,158,PHE,CE2,3.45
9MQI,inactive,154,PHE,CE2,200,ILE,CB,3.529
9MQI,inactive,154,PHE,CE1,238,VAL,CG2,3.459
9MQI,inactive,154,PHE,CE1,242,ALA,CB,3.605
9MQI,inactive,157,ILE,CG2,242,ALA,CB,4.191
9MQI,inactive,157,ILE,CG1,246,PRO,CG,3.525
9MQI,inactive,157,ILE,CD1,291,PHE,CE1,3.528
9MQI,inactive,158,PHE,CE2,196,LEU,CD2,3.539
9MQI,inactive,158,PHE,CZ,242,ALA,CB,4.303
9MQI,inactive,160,LEU,CD2,163,MET,CE,4.044
9MQI,inactive,160,LEU,CB,250,ILE,CD1,4.269
9MQI,inactive,160,LEU,CD2,287,VAL,CG1,4.025
9MQI,inactive,160,LEU,CD2,288,VAL,CG2,3.982
9MQI,inactive,160,LEU,CD1,291,PHE,CG,3.332
9MQI,inactive,163,MET,CE,284,VAL,CG1,3.646
9MQI,inactive,170,ALA,CB,277,LEU,CD1,4.413
9MQI,inactive,171,VAL,CB,257,MET,CG,3.722
9MQI,inactive,171,VAL,CG1,261,LEU,CD1,3.691
9MQI,inactive,171,VAL,CG1,267,LEU,CD2,3.93
9MQI,inactive,171,VAL,CG2,277,LEU,CD1,4.188
9MQI,inactive,191,VAL,CG1,195,ILE,CD1,4.01
9MQI,inactive,202,LEU,CB,205,MET,CE,3.968
9MQI,inactive,204,VAL,CG1,221,LEU,CD2,3.623
9MQI,inactive,204,VAL,CG2,234,LEU,CD2,4.015
9MQI,inactive,207,MET,CB,223,PHE,CE1,4.307
9MQI,inactive,208,ALA,CB,221,LEU,CD2,3.673
9MQI,inactive,223,PHE,CD1,230,TRP,CB,3.776
9MQI,inactive,223,PHE,CZ,234,LEU,CD2,3.981
9MQI,inactive,234,LEU,CD1,238,VAL,CG2,3.898
9MQI,inactive,236,ILE,CG2,240,ILE,CG1,4.378
9MQI,inactive,236,ILE,CD1,303,ILE,CD1,4.452
9MQI,inactive,238,VAL,CG1,242,ALA,CB,4.203
9MQI,inactive,239,PHE,CE2,243,PHE,CD2,4.173
9MQI,inactive,239,PHE,CE1,244,ILE,CG1,3.641
9MQI,inactive,239,PHE,CE2,300,ILE,CD1,3.79
9MQI,inactive,239,PHE,CD2,303,ILE,CG1,3.614
9MQI,inactive,243,PHE,CE1,247,VAL,CG2,3.495
9MQI,inactive,243,PHE,CE2,300,ILE,CD1,4.122
9MQI,inactive,244,ILE,CG2,248,LEU,CD2,4.434
9MQI,inactive,247,VAL,CG2,292,ILE,CD1,4.288
9MQI,inactive,250,ILE,CG2,288,VAL,CG1,3.862
9MQI,inactive,261,LEU,CD1,267,LEU,CD1,3.521
9MQI,inactive,264,VAL,CG1,267,LEU,CD2,4.476
9MQI,inactive,267,LEU,CD1,277,LEU,CD2,3.637
9MQI,inactive,280,ILE,CD1,283,MET,CE,3.681
9MQI,inactive,283,MET,CG,341,LEU,CB,3.709
9MQI,inactive,283,MET,CE,345,PHE,CE2,4.41
9MQI,inactive,284,VAL,CG1,288,VAL,CG2,4.491
9MQI,inactive,286,VAL,CG1,290,VAL,CG2,4.351
9MQI,inactive,286,VAL,CG1,341,LEU,CD1,3.465
9MQI,inactive,288,VAL,CG1,292,ILE,CD1,3.84
9MQI,inactive,291,PHE,CE2,295,TRP,CD1,3.257
9MQI,inactive,295,TRP,CE3,298,ILE,CG2,3.356
9MQI,inactive,297,PRO,CG,326,LEU,CD2,4.29
9MQI,inactive,298,ILE,CD1,302,VAL,CG2,3.853
9MQI,inactive,298,ILE,CD1,320,TRP,CZ3,4.458
9MQI,inactive,298,ILE,CD1,324,ILE,CG1,4.28
9MQI,inactive,300,ILE,CG2,304,ILE,CG1,4.099
9MQI,inactive,302,VAL,CG2,320,TRP,CH2,3.519
9MQI,inactive,303,ILE,CG2,307,LEU,CD1,3.95
9MQI,inactive,304,ILE,CG2,308,VAL,CG2,3.772
9MQI,inactive,304,ILE,CG2,310,ILE,CD1,3.879
9MQI,inactive,320,TRP,CD1,324,ILE,CD1,3.639
9MQI,inactive,322,PHE,CZ,326,LEU,CD1,3.825
9MQI,inactive,336,VAL,CG1,340,PHE,CE2,3.671
9MQI,inactive,337,LEU,CB,341,LEU,CD1,4.444
9MQI,inactive,339,ALA,CB,349,PHE,CD2,3.466
9MQI,inactive,345,PHE,CD1,349,PHE,CZ,4.042
9PXU,inactive,71,ILE,CB,74,MET,CE,4.302
9PXU,inactive,80,VAL,CG1,123,LEU,CD2,3.703
9PXU,inactive,85,LEU,CD1,89,PHE,CE2,3.627
9PXU,inactive,86,PHE,CE1,90,LEU,CD1,4.284
9PXU,inactive,90,LEU,CD2,349,PHE,CD1,3.64
9PXU,inactive,90,LEU,CD1,352,PHE,CD2,3.765
9PXU,inactive,91,VAL,CG1,109,ILE,CG2,3.802
9PXU,inactive,91,VAL,CB,113,ALA,CB,4.332
9PXU,inactive,91,VAL,CG2,335,PRO,CB,3.674
9PXU,inactive,91,VAL,CG1,345,PHE,CE1,3.922
9PXU,inactive,91,VAL,CG2,349,PHE,CZ,4.017
9PXU,inactive,92,MET,CG,110,PHE,CE1,3.562
9PXU,inactive,94,VAL,CG2,345,PHE,CE1,3.894
9PXU,inactive,94,VAL,CG2,349,PHE,CE1,4.325
9PXU,inactive,95,ILE,CD1,107,ILE,CG2,4.379
9PXU,inactive,95,ILE,CG2,110,PHE,CD1,3.861
9PXU,inactive,107,ILE,CD1,186,ALA,CB,3.648
9PXU,inactive,109,ILE,CG1,163,MET,CE,4.389
9PXU,inactive,109,ILE,CD1,283,MET,CE,3.757
9PXU,inactive,109,ILE,CG2,345,PHE,CZ,3.966
9PXU,inactive,112,LEU,CD1,160,LEU,CD2,3.723
9PXU,inactive,114,LEU,CD1,118,LEU,CD1,3.723
9PXU,inactive,115,ALA,CB,194,TRP,CZ2,4.462
9PXU,inactive,118,LEU,CB,148,ILE,CG2,3.74
9PXU,inactive,118,LEU,CD2,194,TRP,CH2,3.858
9PXU,inactive,125,PHE,CB,135,TRP,CH2,4.094
9PXU,inactive,125,PHE,CE1,137,PHE,CD2,3.488
9PXU,inactive,125,PHE,CZ,141,LEU,CD1,3.623
9PXU,inactive,128,VAL,CG2,132,MET,CE,3.996
9PXU,inactive,128,VAL,CG1,137,PHE,CE2,3.569
9PXU,inactive,135,TRP,CZ2,141,LEU,CB,4.271
9PXU,inactive,135,TRP,CH2,145,VAL,CG1,3.72
9PXU,inactive,137,PHE,CB,141,LEU,CB,4.066
9PXU,inactive,144,ILE,CG1,148,ILE,CD1,3.815
9PXU,inactive,146,ILE,CG2,204,VAL,CG2,3.709
9PXU,inactive,146,ILE,CG2,208,ALA,CB,4.313
9PXU,inactive,153,MET,CE,238,VAL,CG1,4.433
9PXU,inactive,153,MET,CG,295,TRP,CZ3,3.532
9PXU,inactive,154,PHE,CE2,200,ILE,CD1,3.538
9PXU,inactive,154,PHE,CZ,238,VAL,CG2,3.572
9PXU,inactive,157,ILE,CG2,242,ALA,CB,4.458
9PXU,inactive,157,ILE,CG1,246,PRO,CB,3.764
9PXU,inactive,157,ILE,CD1,250,ILE,CD1,4.283
9PXU,inactive,157,ILE,CD1,291,PHE,CE2,3.567
9PXU,inactive,157,ILE,CD1,292,ILE,CD1,4.296
9PXU,inactive,158,PHE,CE2,196,LEU,CD2,4.214
9PXU,inactive,158,PHE,CE1,246,PRO,CG,3.697
9PXU,inactive,160,LEU,CD2,163,MET,CE,4.171
9PXU,inactive,160,LEU,CB,250,ILE,CD1,4.387
9PXU,inactive,160,LEU,CD2,287,VAL,CG1,3.764
9PXU,inactive,160,LEU,CD2,288,VAL,CG2,3.704
9PXU,inactive,160,LEU,CD1,291,PHE,CB,3.672
9PXU,inactive,163,MET,CG,284,VAL,CG1,3.712
9PXU,inactive,169,ILE,CG1,180,PHE,CD2,4.25
9PXU,inactive,171,VAL,CG1,261,LEU,CD1,3.929
9PXU,inactive,171,VAL,CG1,267,LEU,CD1,4.443
9PXU,inactive,171,VAL,CG2,277,LEU,CD2,4.298
9PXU,inactive,188,ILE,CG1,191,VAL,CB,4.449
9PXU,inactive,202,LEU,CD1,205,MET,CE,3.897
9PXU,inactive,204,VAL,CG2,221,LEU,CD2,3.73
9PXU,inactive,207,MET,CB,221,LEU,CD2,3.678
9PXU,inactive,207,MET,CG,223,PHE,CD1,4.367
9PXU,inactive,207,MET,CE,230,TRP,CZ2,4.087
9PXU,inactive,208,ALA,CB,221,LEU,CD2,3.795
9PXU,inactive,223,PHE,CB,226,PRO,CB,3.963
9PXU,inactive,223,PHE,CB,230,TRP,CD1,4.194
9PXU,inactive,230,TRP,CE3,233,LEU,CD1,3.924
9PXU,inactive,234,LEU,CD2,238,VAL,CG2,3.924
9PXU,inactive,236,ILE,CG2,240,ILE,CD1,3.743
9PXU,inactive,239,PHE,CE1,243,PHE,CD2,4.43
9PXU,inactive,239,PHE,CE2,244,ILE,CD1,3.641
9PXU,inactive,239,PHE,CD1,303,ILE,CG1,3.75
9PXU,inactive,240,ILE,CG2,244,ILE,CB,4.216
9PXU,inactive,241,PHE,CE1,245,MET,CE,3.898
9PXU,inactive,243,PHE,CD1,247,VAL,CG2,3.596
9PXU,inactive,243,PHE,CZ,295,TRP,CB,4.334
9PXU,inactive,247,VAL,CG2,292,ILE,CD1,3.666
9PXU,inactive,250,ILE,CG2,288,VAL,CG1,3.78
9PXU,inactive,261,LEU,CD1,267,LEU,CD1,3.914
9PXU,inactive,264,VAL,CG1,267,LEU,CD2,3.716
9PXU,inactive,283,MET,CG,341,LEU,CB,3.764
9PXU,inactive,284,VAL,CG1,288,VAL,CG2,4.322
9PXU,inactive,286,VAL,CG1,337,LEU,CD2,3.858
9PXU,inactive,286,VAL,CG1,341,LEU,CD1,3.734
9PXU,inactive,287,VAL,CG2,337,LEU,CD1,4.07
9PXU,inactive,290,VAL,CG2,333,LEU,CD1,4.106
9PXU,inactive,290,VAL,CG1,337,LEU,CD1,3.709
9PXU,inactive,291,PHE,CE1,295,TRP,CD1,3.385
9PXU,inactive,295,TRP,CE3,298,ILE,CG2,3.633
9PXU,inactive,297,PRO,CG,326,LEU,CD2,3.739
9PXU,inactive,298,ILE,CD1,302,VAL,CG2,4.101
9PXU,inactive,298,ILE,CD1,320,TRP,CZ3,4.083
9PXU,inactive,298,ILE,CD1,324,ILE,CG1,3.718
9PXU,inactive,300,ILE,CG2,304,ILE,CG2,4.365
9PXU,inactive,302,VAL,CG2,320,TRP,CZ3,4.079
9PXU,inactive,303,ILE,CG2,307,LEU,CD1,4.006
9PXU,inactive,320,TRP,CE2,324,ILE,CD1,3.678
9PXU,inactive,322,PHE,CZ,326,LEU,CD2,4.258
9PXU,inactive,333,LEU,CB,336,VAL,CG2,4.065
9PXU,inactive,337,LEU,CD2,341,LEU,CD1,4.435
9PXU,inactive,339,ALA,CB,349,PHE,CD2,3.77
9PXU,inactive,345,PHE,CD1,349,PHE,CZ,4.122
9PY2,active,73,ILE,CD1,76,LEU,CD2,3.711
9PY2,active,74,MET,CG,131,LEU,CD1,4.009
9PY2,active,76,LEU,CD1,325,ALA,CB,3.609
9PY2,active,80,VAL,CG2,123,LEU,CD1,3.971
9PY2,active,85,LEU,CB,89,PHE,CD2,4.429
9PY2,active,86,PHE,CZ,90,LEU,CD1,3.925
9PY2,active,89,PHE,CD1,92,MET,CG,4.367
9PY2,active,90,LEU,CB,340,PHE,CZ,4.362
9PY2,active,91,VAL,CG1,109,ILE,CG2,4.13
9PY2,active,91,VAL,CG1,113,ALA,CB,3.749
9PY2,active,91,VAL,CG2,335,PRO,CB,3.735
9PY2,active,91,VAL,CG2,339,ALA,CB,3.927
9PY2,active,91,VAL,CG2,340,PHE,CE2,4.22
9PY2,active,92,MET,CE,110,PHE,CE1,4.29
9PY2,active,92,MET,CE,113,ALA,CB,3.952
9PY2,active,92,MET,CE,114,LEU,CG,3.667
9PY2,active,94,VAL,CG1,345,PHE,CE2,3.639
9PY2,active,95,ILE,CD1,109,ILE,CG2,4.027
9PY2,active,95,ILE,CG2,110,PHE,CD1,3.619
9PY2,active,95,ILE,CD1,345,PHE,CZ,4.346
9PY2,active,101,MET,CB,107,ILE,CG1,3.838
9PY2,active,101,MET,CE,110,PHE,CD2,4.088
9PY2,active,104,ALA,CB,186,ALA,CB,3.667
9PY2,active,107,ILE,CD1,186,ALA,CB,4.381
9PY2,active,109,ILE,CG2,339,ALA,CB,3.889
9PY2,active,109,ILE,CD1,345,PHE,CE1,3.931
9PY2,active,110,PHE,CE2,114,LEU,CD1,3.613
9PY2,active,112,LEU,CD1,160,LEU,CD2,3.72
9PY2,active,112,LEU,CD2,163,MET,CE,4.049
9PY2,active,114,LEU,CB,194,TRP,CZ2,4.134
9PY2,active,115,ALA,CB,194,TRP,CH2,4.355
9PY2,active,119,ALA,CB,153,MET,CE,3.739
9PY2,active,125,PHE,CB,135,TRP,CH2,3.821
9PY2,active,125,PHE,CD1,137,PHE,CE2,3.593
9PY2,active,125,PHE,CD2,141,LEU,CD2,3.992
9PY2,active,125,PHE,CD2,145,VAL,CG2,3.538
9PY2,active,128,VAL,CG2,131,LEU,CD2,4.477
9PY2,active,128,VAL,CG2,132,MET,CE,3.577
9PY2,active,128,VAL,CG1,137,PHE,CZ,3.716
9PY2,active,132,MET,CE,136,PRO,CG,4.352
9PY2,active,135,TRP,CZ2,141,LEU,CD2,3.518
9PY2,active,135,TRP,CH2,145,VAL,CG1,4.492
9PY2,active,137,PHE,CD2,141,LEU,CD2,3.628
9PY2,active,141,LEU,CD2,145,VAL,CG2,3.749
9PY2,active,146,ILE,CG2,204,VAL,CG1,3.622
9PY2,active,146,ILE,CG2,208,ALA,CB,3.892
9PY2,active,146,ILE,CD1,221,LEU,CD1,3.918
9PY2,active,154,PHE,CD1,158,PHE,CZ,3.572
9PY2,active,154,PHE,CD2,200,ILE,CG2,3.866
9PY2,active,154,PHE,CZ,238,VAL,CG2,4.202
9PY2,active,154,PHE,CE1,242,ALA,CB,3.693
9PY2,active,157,ILE,CG2,246,PRO,CG,3.654
9PY2,active,157,ILE,CD1,291,PHE,CE1,3.758
9PY2,active,157,ILE,CD1,295,TRP,CZ2,3.66
9PY2,active,160,LEU,CD2,163,MET,CE,4.254
9PY2,active,160,LEU,CD1,291,PHE,CE1,3.907
9PY2,active,165,VAL,CG1,169,ILE,CG1,4.301
9PY2,active,165,VAL,CG2,249,ILE,CG2,4.096
9PY2,active,169,ILE,CG2,177,ALA,CB,4.438
9PY2,active,171,VAL,CG2,257,MET,CG,3.715
9PY2,active,171,VAL,CG1,261,LEU,CD2,3.742
9PY2,active,191,VAL,CG1,195,ILE,CD1,3.83
9PY2,active,202,LEU,CD1,205,MET,CE,3.727
9PY2,active,204,VAL,CG1,221,LEU,CD2,3.808
9PY2,active,207,MET,CG,223,PHE,CD1,3.693
9PY2,active,207,MET,CE,230,TRP,CH2,3.648
9PY2,active,208,ALA,CB,221,LEU,CG,3.945
9PY2,active,221,LEU,CD2,234,LEU,CD1,4.206
9PY2,active,223,PHE,CB,230,TRP,CB,3.758
9PY2,active,223,PHE,CZ,234,LEU,CD1,3.934
9PY2,active,233,LEU,CD1,236,ILE,CG2,4.344
9PY2,active,238,VAL,CG2,242,ALA,CB,4.346
9PY2,active,239,PHE,CE1,243,PHE,CD2,3.5
9PY2,active,239,PHE,CE2,244,ILE,CG1,3.678
9PY2,active,240,ILE,CG1,244,ILE,CB,4.18
9PY2,active,241,PHE,CD1,245,MET,CG,4.262
9PY2,active,243,PHE,CE1,295,TRP,CB,3.539
9PY2,active,247,VAL,CB,291,PHE,CE2,4.454
9PY2,active,247,VAL,CG2,292,ILE,CD1,3.673
9PY2,active,250,ILE,CG2,288,VAL,CG2,3.872
9PY2,active,252,VAL,CG2,256,LEU,CD1,4.293
9PY2,active,257,MET,CE,261,LEU,CD1,4.024
9PY2,active,257,MET,CE,280,ILE,CG2,4.029
9PY2,active,258,ILE,CD1,280,ILE,CG2,4.071
9PY2,active,258,ILE,CD1,284,VAL,CG2,4.363
9PY2,active,261,LEU,CD2,264,VAL,CG1,4.397
9PY2,active,261,LEU,CD2,267,LEU,CD1,3.724
9PY2,active,261,LEU,CB,277,LEU,CD1,3.778
9PY2,active,261,LEU,CD1,280,ILE,CG2,3.826
9PY2,active,264,VAL,CG1,267,LEU,CB,3.743
9PY2,active,267,LEU,CD1,277,LEU,CD1,4.014
9PY2,active,280,ILE,CG2,284,VAL,CG2,4.144
9PY2,active,283,MET,CB,341,LEU,CD2,4.314
9PY2,active,286,VAL,CG1,337,LEU,CD1,3.831
9PY2,active,287,VAL,CG2,337,LEU,CD2,3.582
9PY2,active,290,VAL,CG2,293,VAL,CG1,4.48
9PY2,active,290,VAL,CG2,333,LEU,CD1,3.666
9PY2,active,290,VAL,CG1,337,LEU,CD1,3.722
9PY2,active,291,PHE,CE1,295,TRP,CD1,3.398
9PY2,active,297,PRO,CG,326,LEU,CD1,4.171
9PY2,active,298,ILE,CD1,324,ILE,CD1,3.939
9PY2,active,300,ILE,CG2,304,ILE,CG2,4.345
9PY2,active,302,VAL,CG2,320,TRP,CZ3,4.123
9PY2,active,303,ILE,CG2,307,LEU,CD1,3.839
9PY2,active,320,TRP,CE2,324,ILE,CG1,4.246
9PY2,active,322,PHE,CE2,326,LEU,CG,4.295
9PY2,active,333,LEU,CB,336,VAL,CG1,3.924
9PY2,active,333,LEU,CD1,337,LEU,CD1,3.925
9PY2,active,336,VAL,CG2,340,PHE,CD2,3.547
9PY2,active,339,ALA,CB,345,PHE,CE2,3.672
9PY3,active,73,ILE,CD1,76,LEU,CD2,3.658
9PY3,active,74,MET,CE,131,LEU,CD2,3.705
9PY3,active,76,LEU,CD2,322,PHE,CE1,3.526
9PY3,active,76,LEU,CD1,325,ALA,CB,3.668
9PY3,active,79,ILE,CD1,82,VAL,CG2,3.878
9PY3,active,79,ILE,CG1,83,VAL,CG1,4.448
9PY3,active,80,VAL,CG1,123,LEU,CD1,3.725
9PY3,active,82,VAL,CG1,85,LEU,CD2,4.472
9PY3,active,85,LEU,CD1,89,PHE,CD2,4.374
9PY3,active,86,PHE,CZ,90,LEU,CD1,3.75
9PY3,active,89,PHE,CE1,117,ALA,CB,4.267
9PY3,active,90,LEU,CD2,94,VAL,CG2,4.255
9PY3,active,91,VAL,CG1,109,ILE,CG2,4.114
9PY3,active,91,VAL,CG1,113,ALA,CB,3.934
9PY3,active,91,VAL,CG2,335,PRO,CB,3.722
9PY3,active,91,VAL,CG2,339,ALA,CB,3.816
9PY3,active,92,MET,CE,110,PHE,CE1,4.232
9PY3,active,92,MET,CE,113,ALA,CB,3.731
9PY3,active,92,MET,CE,114,LEU,CD2,3.65
9PY3,active,94,VAL,CG1,345,PHE,CD2,3.892
9PY3,active,94,VAL,CG2,349,PHE,CE1,3.549
9PY3,active,95,ILE,CD1,109,ILE,CG2,3.878
9PY3,active,95,ILE,CD1,110,PHE,CB,3.83
9PY3,active,95,ILE,CD1,345,PHE,CZ,4.36
9PY3,active,101,MET,CB,107,ILE,CG1,3.972
9PY3,active,101,MET,CG,110,PHE,CB,4.301
9PY3,active,104,ALA,CB,186,ALA,CB,3.741
9PY3,active,107,ILE,CD1,183,PRO,CB,4.107
9PY3,active,107,ILE,CD1,186,ALA,CB,4.439
9PY3,active,109,ILE,CD1,345,PHE,CE1,3.65
9PY3,active,110,PHE,CE2,114,LEU,CD1,3.626
9PY3,active,112,LEU,CD2,163,MET,CE,3.819
9PY3,active,114,LEU,CB,194,TRP,CZ2,3.961
9PY3,active,115,ALA,CB,194,TRP,CZ2,4.401
9PY3,active,119,ALA,CB,153,MET,CG,3.71
9PY3,active,125,PHE,CD1,135,TRP,CZ2,3.69
9PY3,active,125,PHE,CE1,137,PHE,CD2,3.547
9PY3,active,125,PHE,CE1,141,LEU,CD2,4.296
9PY3,active,125,PHE,CE2,145,VAL,CG2,3.559
9PY3,active,128,VAL,CG2,135,TRP,CD1,3.523
9PY3,active,128,VAL,CG2,137,PHE,CE1,3.596
9PY3,active,135,TRP,CB,217,ILE,CB,4.477
9PY3,active,137,PHE,CD2,141,LEU,CD2,3.592
9PY3,active,141,LEU,CD1,144,ILE,CD1,3.753
9PY3,active,141,LEU,CD1,145,VAL,CG2,4.469
9PY3,active,144,ILE,CG2,205,MET,CE,4.378
9PY3,active,146,ILE,CG2,204,VAL,CG1,3.683
9PY3,active,146,ILE,CG2,208,ALA,CB,4.339
9PY3,active,153,MET,CE,295,TRP,CZ2,3.605
9PY3,active,154,PHE,CE2,158,PHE,CZ,3.405
9PY3,active,154,PHE,CE2,200,ILE,CG2,3.707
9PY3,active,154,PHE,CE1,242,ALA,CB,4.065
9PY3,active,157,ILE,CD1,160,LEU,CD2,4.444
9PY3,active,157,ILE,CG2,246,PRO,CG,3.594
9PY3,active,157,ILE,CD1,291,PHE,CE1,3.571
9PY3,active,157,ILE,CD1,295,TRP,CZ2,3.569
9PY3,active,158,PHE,CE2,196,LEU,CD2,3.555
9PY3,active,160,LEU,CD1,163,MET,CE,4.418
9PY3,active,160,LEU,CD2,291,PHE,CD1,3.676
9PY3,active,165,VAL,CG1,169,ILE,CG1,4.471
9PY3,active,165,VAL,CG2,249,ILE,CG1,4.359
9PY3,active,169,ILE,CG2,177,ALA,CB,4.138
9PY3,active,171,VAL,CG2,257,MET,CG,3.666
9PY3,active,171,VAL,CG1,261,LEU,CD2,4.163
9PY3,active,207,MET,CB,221,LEU,CD2,3.754
9PY3,active,221,LEU,CD2,234,LEU,CD2,3.873
9PY3,active,223,PHE,CD1,230,TRP,CB,3.584
9PY3,active,223,PHE,CE1,234,LEU,CD2,3.971
9PY3,active,236,ILE,CG2,240,ILE,CG1,3.984
9PY3,active,239,PHE,CE1,243,PHE,CD2,4.262
9PY3,active,239,PHE,CD1,303,ILE,CG1,4.319
9PY3,active,240,ILE,CD1,244,ILE,CG2,3.702
9PY3,active,240,ILE,CG2,245,MET,CG,4.279
9PY3,active,243,PHE,CE1,247,VAL,CG2,4.066
9PY3,active,243,PHE,CE1,295,TRP,CB,3.687
9PY3,active,246,PRO,CB,291,PHE,CZ,4.035
9PY3,active,247,VAL,CG2,291,PHE,CE2,3.569
9PY3,active,247,VAL,CG2,292,ILE,CD1,3.686
9PY3,active,252,VAL,CG1,256,LEU,CD1,3.73
9PY3,active,257,MET,CE,261,LEU,CD1,3.792
9PY3,active,257,MET,CE,284,VAL,CG2,3.907
9PY3,active,258,ILE,CG1,284,VAL,CG1,4.315
9PY3,active,261,LEU,CD2,267,LEU,CD1,3.743
9PY3,active,261,LEU,CB,277,LEU,CD1,3.941
9PY3,active,261,LEU,CD1,280,ILE,CG2,3.653
9PY3,active,264,VAL,CG1,267,LEU,CD1,3.897
9PY3,active,267,LEU,CB,277,LEU,CB,3.793
9PY3,active,283,MET,CB,341,LEU,CD2,3.72
9PY3,active,286,VAL,CG1,290,VAL,CG2,4.444
9PY3,active,286,VAL,CG1,337,LEU,CD2,3.765
9PY3,active,287,VAL,CG2,337,LEU,CD2,3.991
9PY3,active,288,VAL,CG1,292,ILE,CG1,4.468
9PY3,active,290,VAL,CG1,333,LEU,CD1,4.286
9PY3,active,290,VAL,CG2,337,LEU,CD2,3.767
9PY3,active,291,PHE,CE1,295,TRP,CD1,3.454
9PY3,active,297,PRO,CG,326,LEU,CD1,3.7
9PY3,active,298,ILE,CD1,302,VAL,CG1,4.007
9PY3,active,298,ILE,CD1,320,TRP,CZ3,4.315
9PY3,active,298,ILE,CD1,324,ILE,CG1,4.331
9PY3,active,300,ILE,CG2,304,ILE,CG2,4.302
9PY3,active,302,VAL,CG1,320,TRP,CZ3,3.543
9PY3,active,303,ILE,CG2,307,LEU,CD1,4.061
9PY3,active,318,VAL,CG1,322,PHE,CE2,3.641
9PY3,active,320,TRP,CE2,324,ILE,CD1,3.51
9PY3,active,333,LEU,CD2,336,VAL,CG1,3.735
9PY3,active,336,VAL,CG2,340,PHE,CB,4.391
9PY3,active,339,ALA,CB,345,PHE,CG,4.314
9PY3,active,340,PHE,CD1,349,PHE,CE2,3.519
9PY3,active,345,PHE,CB,349,PHE,CZ,4.156
9PY4,active,68,ILE,CD1,71,ILE,CB,4.026
9PY4,active,73,ILE,CD1,318,VAL,CG2,4.23
9PY4,active,74,MET,CE,131,LEU,CD2,3.774
9PY4,active,76,LEU,CD1,325,ALA,CB,3.663
9PY4,active,80,VAL,CG1,123,LEU,CD1,3.756
9PY4,active,85,LEU,CD2,89,PHE,CZ,3.957
9PY4,active,86,PHE,CZ,90,LEU,CD1,3.681
9PY4,active,89,PHE,CD1,92,MET,CE,4.285
9PY4,active,89,PHE,CE1,117,ALA,CB,3.946
9PY4,active,90,LEU,CD2,94,VAL,CG2,4.086
9PY4,active,90,LEU,CD2,340,PHE,CZ,3.608
9PY4,active,91,VAL,CG1,109,ILE,CG2,3.971
9PY4,active,91,VAL,CG1,113,ALA,CB,4.069
9PY4,active,91,VAL,CG2,335,PRO,CB,3.624
9PY4,active,91,VAL,CG2,339,ALA,CB,3.86
9PY4,active,91,VAL,CG2,340,PHE,CE1,3.604
9PY4,active,92,MET,CG,110,PHE,CE1,3.82
9PY4,active,92,MET,CG,113,ALA,CB,3.845
9PY4,active,92,MET,CE,114,LEU,CD2,3.776
9PY4,active,92,MET,CE,117,ALA,CB,3.65
9PY4,active,94,VAL,CG1,345,PHE,CE2,3.87
9PY4,active,94,VAL,CG2,349,PHE,CE1,3.84
9PY4,active,95,ILE,CD1,109,ILE,CG2,3.726
9PY4,active,95,ILE,CG2,110,PHE,CD1,3.592
9PY4,active,95,ILE,CD1,345,PHE,CZ,3.639
9PY4,active,96,VAL,CG2,101,MET,CE,4.167
9PY4,active,96,VAL,CG2,110,PHE,CE1,3.905
9PY4,active,101,MET,CG,107,ILE,CG1,3.722
9PY4,active,101,MET,CE,110,PHE,CD2,4.044
9PY4,active,104,ALA,CB,186,ALA,CB,3.727
9PY4,active,107,ILE,CD1,183,PRO,CB,3.957
9PY4,active,107,ILE,CD1,186,ALA,CB,4.119
9PY4,active,109,ILE,CG2,339,ALA,CB,3.793
9PY4,active,109,ILE,CD1,345,PHE,CE1,4.34
9PY4,active,110,PHE,CE2,114,LEU,CD1,3.613
9PY4,active,112,LEU,CD1,160,LEU,CD2,3.699
9PY4,active,112,LEU,CD2,163,MET,CE,3.704
9PY4,active,114,LEU,CB,194,TRP,CZ2,4.038
9PY4,active,118,LEU,CB,148,ILE,CG2,4.359
9PY4,active,125,PHE,CB,135,TRP,CH2,3.618
9PY4,active,125,PHE,CD1,137,PHE,CE2,3.865
9PY4,active,125,PHE,CE1,141,LEU,CD2,3.792
9PY4,active,125,PHE,CG,145,VAL,CG2,3.676
9PY4,active,128,VAL,CG2,132,MET,CE,3.707
9PY4,active,128,VAL,CG1,137,PHE,CE2,3.684
9PY4,active,132,MET,CE,136,PRO,CG,3.666
9PY4,active,137,PHE,CB,141,LEU,CD2,3.65
9PY4,active,140,ILE,CG1,144,ILE,CD1,4.085
9PY4,active,141,LEU,CD1,144,ILE,CD1,4.395
9PY4,active,144,ILE,CG2,148,ILE,CD1,3.747
9PY4,active,146,ILE,CG2,204,VAL,CG1,3.822
9PY4,active,146,ILE,CG2,208,ALA,CB,3.724
9PY4,active,146,ILE,CD1,221,LEU,CD1,3.638
9PY4,active,153,MET,CE,295,TRP,CZ2,3.506
9PY4,active,154,PHE,CD1,158,PHE,CZ,3.898
9PY4,active,154,PHE,CD2,200,ILE,CG2,3.68
9PY4,active,154,PHE,CZ,238,VAL,CG2,4.461
9PY4,active,154,PHE,CE1,242,ALA,CB,4.034
9PY4,active,157,ILE,CD1,242,ALA,CB,3.759
9PY4,active,157,ILE,CG2,246,PRO,CG,3.594
9PY4,active,157,ILE,CD1,295,TRP,CZ2,4.199
9PY4,active,158,PHE,CE2,196,LEU,CB,4.183
9PY4,active,160,LEU,CD2,163,MET,CE,4.167
9PY4,active,160,LEU,CD1,291,PHE,CD1,3.731
9PY4,active,165,VAL,CG1,169,ILE,CD1,3.753
9PY4,active,165,VAL,CG2,249,ILE,CG2,4.117
9PY4,active,169,ILE,CG2,177,ALA,CB,3.822
9PY4,active,169,ILE,CD1,180,PHE,CE2,3.614
9PY4,active,171,VAL,CG2,257,MET,CG,3.634
9PY4,active,171,VAL,CG1,261,LEU,CD2,3.785
9PY4,active,180,PHE,CZ,189,ILE,CD1,3.81
9PY4,active,191,VAL,CG1,195,ILE,CD1,3.814
9PY4,active,202,LEU,CD2,205,MET,CG,4.111
9PY4,active,203,PRO,CB,207,MET,CE,3.928
9PY4,active,204,VAL,CG1,221,LEU,CD2,4.359
9PY4,active,207,MET,CE,221,LEU,CD2,3.762
9PY4,active,207,MET,CE,223,PHE,CE1,3.928
9PY4,active,207,MET,CE,234,LEU,CD1,4.071
9PY4,active,221,LEU,CD2,234,LEU,CD1,3.701
9PY4,active,223,PHE,CD1,230,TRP,CB,3.576
9PY4,active,223,PHE,CE1,234,LEU,CD1,4.357
9PY4,active,226,PRO,CG,230,TRP,CD1,3.841
9PY4,active,230,TRP,CE3,233,LEU,CD2,3.669
9PY4,active,234,LEU,CD2,238,VAL,CG2,4.071
9PY4,active,236,ILE,CG2,240,ILE,CD1,3.66
9PY4,active,239,PHE,CE1,243,PHE,CD2,3.684
9PY4,active,239,PHE,CZ,244,ILE,CD1,3.683
9PY4,active,240,ILE,CG2,244,ILE,CB,4.407
9PY4,active,243,PHE,CE1,247,VAL,CG2,4.136
9PY4,active,243,PHE,CD1,295,TRP,CB,3.666
9PY4,active,244,ILE,CG2,248,LEU,CD1,4.305
9PY4,active,245,MET,CG,249,ILE,CD1,3.997
9PY4,active,246,PRO,CB,291,PHE,CZ,4.098
9PY4,active,247,VAL,CG2,291,PHE,CE2,3.796
9PY4,active,247,VAL,CG2,292,ILE,CG1,4.276
9PY4,active,250,ILE,CD1,287,VAL,CG1,4.137
9PY4,active,252,VAL,CG1,256,LEU,CD1,3.971
9PY4,active,257,MET,CE,261,LEU,CD1,3.697
9PY4,active,257,MET,CE,280,ILE,CG2,3.718
9PY4,active,257,MET,CE,284,VAL,CG2,4.486
9PY4,active,258,ILE,CD1,280,ILE,CG2,4.043
9PY4,active,258,ILE,CD1,284,VAL,CG2,3.805
9PY4,active,261,LEU,CD2,264,VAL,CG1,4.349
9PY4,active,261,LEU,CD2,267,LEU,CD1,3.791
9PY4,active,261,LEU,CB,277,LEU,CD1,3.929
9PY4,active,261,LEU,CD1,280,ILE,CG2,3.706
9PY4,active,264,VAL,CG1,267,LEU,CB,3.675
9PY4,active,267,LEU,CB,277,LEU,CB,4.037
9PY4,active,280,ILE,CG2,284,VAL,CG2,4.402
9PY4,active,283,MET,CE,341,LEU,CB,4.369
9PY4,active,286,VAL,CG1,290,VAL,CG2,4.259
9PY4,active,286,VAL,CG1,337,LEU,CD2,3.797
9PY4,active,287,VAL,CG2,337,LEU,CD2,3.875
9PY4,active,288,VAL,CG1,292,ILE,CD1,3.837
9PY4,active,290,VAL,CG1,333,LEU,CD1,4.09
9PY4,active,290,VAL,CG2,337,LEU,CD2,3.748
9PY4,active,291,PHE,CZ,295,TRP,CD1,3.409
9PY4,active,295,TRP,CE3,298,ILE,CG2,3.604
9PY4,active,297,PRO,CG,326,LEU,CD1,3.732
9PY4,active,298,ILE,CD1,302,VAL,CG2,4.272
9PY4,active,298,ILE,CD1,320,TRP,CZ3,3.967
9PY4,active,298,ILE,CD1,324,ILE,CG1,3.898
9PY4,active,300,ILE,CG2,304,ILE,CG2,4.42
9PY4,active,302,VAL,CG2,320,TRP,CZ3,3.712
9PY4,active,303,ILE,CG2,307,LEU,CD1,4.051
9PY4,active,320,TRP,CE2,324,ILE,CD1,3.472
9PY4,active,322,PHE,CE2,326,LEU,CD1,4.11
9PY4,active,333,LEU,CB,337,LEU,CD1,4.157
9PY4,active,336,VAL,CG2,340,PHE,CD2,4.222
9PY4,active,339,ALA,CB,345,PHE,CE2,3.858
9PY4,active,340,PHE,CD1,349,PHE,CE2,3.77
9PY4,active,345,PHE,CD2,349,PHE,CZ,4.244
9PY4,active,349,PHE,CD1,352,PHE,CD2,4.396
9WST,active,67,MET,CE,71,ILE,CB,4.175
9WST,active,75,ALA,CB,79,ILE,CD1,4.178
9WST,active,76,LEU,CD1,80,VAL,CG2,4.392
9WST,active,76,LEU,CD2,322,PHE,CD1,4.273
9WST,active,76,LEU,CD2,325,ALA,CB,3.558
9WST,active,79,ILE,CG2,83,VAL,CG1,4.113
9WST,active,80,VAL,CG1,123,LEU,CD1,3.695
9WST,active,82,VAL,CG1,86,PHE,CZ,3.491
9WST,active,85,LEU,CD2,89,PHE,CE1,4.184
9WST,active,89,PHE,CE1,117,ALA,CB,4.026
9WST,active,90,LEU,CB,340,PHE,CZ,4.387
9WST,active,91,VAL,CG1,95,ILE,CD1,3.637
9WST,active,91,VAL,CG1,109,ILE,CG2,4.265
9WST,active,91,VAL,CG1,113,ALA,CB,3.738
9WST,active,91,VAL,CG2,335,PRO,CB,3.712
9WST,active,91,VAL,CG2,339,ALA,CB,3.78
9WST,active,91,VAL,CG2,340,PHE,CE2,3.683
9WST,active,92,MET,CE,113,ALA,CB,3.882
9WST,active,92,MET,CE,114,LEU,CB,4.051
9WST,active,92,MET,CE,117,ALA,CB,4.25
9WST,active,94,VAL,CG1,345,PHE,CD2,3.56
9WST,active,95,ILE,CG2,101,MET,CG,3.594
9WST,active,95,ILE,CD1,109,ILE,CG2,3.691
9WST,active,95,ILE,CG2,110,PHE,CD1,3.668
9WST,active,95,ILE,CG1,345,PHE,CE2,3.659
9WST,active,96,VAL,CG1,110,PHE,CE1,4.097
9WST,active,101,MET,CB,107,ILE,CG1,3.975
9WST,active,101,MET,CG,110,PHE,CB,4.281
9WST,active,104,ALA,CB,186,ALA,CB,3.736
9WST,active,107,ILE,CD1,183,PRO,CB,3.938
9WST,active,107,ILE,CD1,186,ALA,CB,3.824
9WST,active,109,ILE,CG1,163,MET,CE,4.08
9WST,active,109,ILE,CG2,339,ALA,CB,4.292
9WST,active,109,ILE,CD1,345,PHE,CE1,3.534
9WST,active,112,LEU,CD1,160,LEU,CD2,3.613
9WST,active,114,LEU,CD1,118,LEU,CD1,4.328
9WST,active,114,LEU,CD2,194,TRP,CZ2,3.524
9WST,active,118,LEU,CB,148,ILE,CG2,4.352
9WST,active,125,PHE,CB,135,TRP,CH2,3.575
9WST,active,125,PHE,CD1,137,PHE,CZ,3.69
9WST,active,125,PHE,CE1,141,LEU,CD2,4.078
9WST,active,125,PHE,CD2,145,VAL,CG2,3.807
9WST,active,128,VAL,CG1,132,MET,CE,4.092
9WST,active,128,VAL,CG1,136,PRO,CG,4.106
9WST,active,128,VAL,CG1,137,PHE,CE2,3.753
9WST,active,135,TRP,CH2,145,VAL,CG1,4.211
9WST,active,135,TRP,CB,217,ILE,CG2,4.445
9WST,active,137,PHE,CB,141,LEU,CB,3.613
9WST,active,141,LEU,CD2,144,ILE,CD1,3.789
9WST,active,144,ILE,CG2,205,MET,CE,4.041
9WST,active,146,ILE,CG2,204,VAL,CB,4.28
9WST,active,146,ILE,CB,208,ALA,CB,4.207
9WST,active,146,ILE,CG2,221,LEU,CD2,4.265
9WST,active,153,MET,CG,157,ILE,CD1,4.157
9WST,active,153,MET,CE,238,VAL,CG1,3.913
9WST,active,153,MET,CE,242,ALA,CB,3.588
9WST,active,153,MET,CG,295,TRP,CH2,4.274
9WST,active,154,PHE,CD1,158,PHE,CE2,3.745
9WST,active,154,PHE,CZ,200,ILE,CD1,3.504
9WST,active,154,PHE,CZ,238,VAL,CG2,4.178
9WST,active,154,PHE,CE1,241,PHE,CB,3.613
9WST,active,154,PHE,CZ,242,ALA,CB,4.381
9WST,active,157,ILE,CD1,242,ALA,CB,3.627
9WST,active,157,ILE,CG2,246,PRO,CB,3.65
9WST,active,157,ILE,CG1,291,PHE,CE1,4.449
9WST,active,158,PHE,CZ,196,LEU,CD2,4.456
9WST,active,160,LEU,CD1,291,PHE,CD1,3.734
9WST,active,165,VAL,CG1,169,ILE,CG1,4.287
9WST,active,165,VAL,CG2,249,ILE,CG2,3.724
9WST,active,169,ILE,CG2,177,ALA,CB,4.416
9WST,active,171,VAL,CG2,257,MET,CE,3.607
9WST,active,171,VAL,CG1,261,LEU,CD2,3.807
9WST,active,191,VAL,CG1,195,ILE,CG1,4.194
9WST,active,200,ILE,CG2,204,VAL,CG1,4.38
9WST,active,202,LEU,CD1,205,MET,CB,4.375
9WST,active,202,LEU,CD1,206,PHE,CE2,3.582
9WST,active,207,MET,CG,230,TRP,CZ2,3.98
9WST,active,208,ALA,CB,221,LEU,CD2,4.401
9WST,active,221,LEU,CD1,230,TRP,CZ3,3.77
9WST,active,221,LEU,CD1,234,LEU,CD2,3.628
9WST,active,230,TRP,CZ3,234,LEU,CD2,3.572
9WST,active,234,LEU,CD1,238,VAL,CG2,4.073
9WST,active,236,ILE,CG2,240,ILE,CD1,3.617
9WST,active,238,VAL,CG1,242,ALA,CB,4.37
9WST,active,239,PHE,CE1,243,PHE,CD2,3.634
9WST,active,239,PHE,CE2,244,ILE,CD1,3.563
9WST,active,239,PHE,CE1,303,ILE,CD1,3.608
9WST,active,240,ILE,CG1,244,ILE,CD1,4.388
9WST,active,240,ILE,CG2,245,MET,CG,4.272
9WST,active,243,PHE,CE1,247,VAL,CG2,4.294
9WST,active,243,PHE,CD1,295,TRP,CB,4.476
9WST,active,244,ILE,CG2,248,LEU,CD1,4.259
9WST,active,246,PRO,CB,291,PHE,CZ,3.873
9WST,active,247,VAL,CG2,291,PHE,CE2,3.582
9WST,active,247,VAL,CG2,292,ILE,CG1,4.171
9WST,active,250,ILE,CD1,288,VAL,CG1,4.045
9WST,active,250,ILE,CD1,291,PHE,CD2,3.629
9WST,active,252,VAL,CG1,256,LEU,CD1,3.869
9WST,active,256,LEU,CD2,259,LEU,CD1,4.412
9WST,active,257,MET,CE,261,LEU,CD1,4.107
9WST,active,258,ILE,CD1,280,ILE,CG2,4.428
9WST,active,258,ILE,CD1,284,VAL,CG2,4.153
9WST,active,261,LEU,CD2,264,VAL,CG2,4.048
9WST,active,261,LEU,CD2,267,LEU,CD1,3.742
9WST,active,261,LEU,CB,277,LEU,CD1,4.308
9WST,active,261,LEU,CD1,280,ILE,CG2,3.643
9WST,active,264,VAL,CB,267,LEU,CD1,4.128
9WST,active,267,LEU,CD1,277,LEU,CD1,3.979
9WST,active,267,LEU,CD2,280,ILE,CD1,3.955
9WST,active,283,MET,CE,341,LEU,CD1,3.678
9WST,active,286,VAL,CG2,290,VAL,CG2,4.256
9WST,active,286,VAL,CG1,337,LEU,CD2,4.418
9WST,active,287,VAL,CG2,337,LEU,CB,3.884
9WST,active,288,VAL,CG1,292,ILE,CD1,3.763
9WST,active,290,VAL,CG1,333,LEU,CD1,4.101
9WST,active,290,VAL,CG1,337,LEU,CD1,3.682
9WST,active,291,PHE,CE1,295,TRP,CD1,3.328
9WST,active,295,TRP,CE3,298,ILE,CG2,3.721
9WST,active,297,PRO,CG,326,LEU,CD2,3.704
9WST,active,298,ILE,CD1,302,VAL,CG2,4.335
9WST,active,298,ILE,CD1,324,ILE,CG1,3.657
9WST,active,300,ILE,CG2,304,ILE,CG1,4.319
9WST,active,302,VAL,CG2,320,TRP,CZ3,3.888
9WST,active,320,TRP,CE2,324,ILE,CD1,3.576
9WST,active,335,PRO,CB,340,PHE,CE2,3.84
9WST,active,336,VAL,CG2,340,PHE,CD2,3.955
9WST,active,336,VAL,CG1,341,LEU,CD1,4.15
9WST,active,337,LEU,CD2,341,LEU,CD1,4.469
9WSW,active,71,ILE,CD1,74,MET,CB,4.445
9WSW,active,76,LEU,CD1,79,ILE,CG2,4.375
9WSW,active,76,LEU,CD1,80,VAL,CG2,4.377
9WSW,active,76,LEU,CD2,322,PHE,CD2,4.29
9WSW,active,76,LEU,CD2,325,ALA,CB,3.823
9WSW,active,79,ILE,CD1,82,VAL,CB,4.455
9WSW,active,80,VAL,CG1,123,LEU,CD1,3.809
9WSW,active,80,VAL,CG2,325,ALA,CB,4.389
9WSW,active,82,VAL,CG1,86,PHE,CD2,3.563
9WSW,active,89,PHE,CE1,117,ALA,CB,4.457
9WSW,active,91,VAL,CG1,95,ILE,CD1,3.47
9WSW,active,91,VAL,CG1,109,ILE,CG2,3.963
9WSW,active,91,VAL,CG1,113,ALA,CB,3.66
9WSW,active,91,VAL,CG2,335,PRO,CB,3.721
9WSW,active,91,VAL,CG2,339,ALA,CB,3.892
9WSW,active,91,VAL,CG2,340,PHE,CE1,4.116
9WSW,active,92,MET,CE,110,PHE,CE1,4.203
9WSW,active,92,MET,CE,113,ALA,CB,3.66
9WSW,active,92,MET,CE,114,LEU,CB,3.738
9WSW,active,94,VAL,CG1,345,PHE,CE2,3.574
9WSW,active,95,ILE,CG2,101,MET,CE,3.992
9WSW,active,95,ILE,CD1,109,ILE,CG2,4.126
9WSW,active,95,ILE,CD1,110,PHE,CB,3.774
9WSW,active,95,ILE,CG1,345,PHE,CZ,4.241
9WSW,active,101,MET,CG,107,ILE,CG1,4.276
9WSW,active,101,MET,CE,110,PHE,CD1,3.846
9WSW,active,104,ALA,CB,186,ALA,CB,3.771
9WSW,active,107,ILE,CD1,183,PRO,CB,3.754
9WSW,active,107,ILE,CD1,186,ALA,CB,3.676
9WSW,active,109,ILE,CG2,339,ALA,CB,4.059
9WSW,active,109,ILE,CD1,345,PHE,CE1,3.573
9WSW,active,112,LEU,CD1,160,LEU,CD2,3.685
9WSW,active,112,LEU,CD2,163,MET,CE,3.59
9WSW,active,114,LEU,CG,118,LEU,CD1,4.453
9WSW,active,114,LEU,CD2,194,TRP,CZ2,3.619
9WSW,active,118,LEU,CB,148,ILE,CG2,4.411
9WSW,active,125,PHE,CB,135,TRP,CH2,3.42
9WSW,active,125,PHE,CD1,137,PHE,CZ,3.831
9WSW,active,125,PHE,CD2,145,VAL,CG2,3.71
9WSW,active,128,VAL,CG1,132,MET,CE,3.567
9WSW,active,128,VAL,CG1,136,PRO,CG,4.408
9WSW,active,128,VAL,CG1,137,PHE,CE2,4.074
9WSW,active,132,MET,CE,136,PRO,CG,3.571
9WSW,active,135,TRP,CB,217,ILE,CG2,3.593
9WSW,active,137,PHE,CB,141,LEU,CB,3.637
9WSW,active,141,LEU,CG,144,ILE,CD1,4.333
9WSW,active,144,ILE,CG2,205,MET,CE,3.73
9WSW,active,146,ILE,CG2,204,VAL,CG2,3.49
9WSW,active,146,ILE,CG2,208,ALA,CB,4.138
9WSW,active,153,MET,CG,157,ILE,CD1,3.828
9WSW,active,153,MET,CE,238,VAL,CG1,3.925
9WSW,active,153,MET,CE,242,ALA,CB,4.413
9WSW,active,153,MET,CG,295,TRP,CH2,4.172
9WSW,active,154,PHE,CD2,158,PHE,CZ,3.502
9WSW,active,154,PHE,CE1,200,ILE,CD1,3.692
9WSW,active,154,PHE,CE2,241,PHE,CB,3.878
9WSW,active,157,ILE,CD1,242,ALA,CB,3.717
9WSW,active,157,ILE,CG2,246,PRO,CB,3.584
9WSW,active,157,ILE,CG1,291,PHE,CE1,4.388
9WSW,active,158,PHE,CE2,196,LEU,CD2,3.914
9WSW,active,158,PHE,CE1,245,MET,CE,3.932
9WSW,active,160,LEU,CD2,163,MET,CE,3.759
9WSW,active,160,LEU,CD1,291,PHE,CD1,3.552
9WSW,active,165,VAL,CG1,169,ILE,CD1,3.98
9WSW,active,165,VAL,CG2,249,ILE,CG2,3.853
9WSW,active,169,ILE,CG2,177,ALA,CB,4.121
9WSW,active,171,VAL,CG2,257,MET,CG,3.904
9WSW,active,171,VAL,CG1,261,LEU,CD2,3.848
9WSW,active,191,VAL,CG1,195,ILE,CG1,4.319
9WSW,active,204,VAL,CB,207,MET,CE,4.277
9WSW,active,204,VAL,CG2,221,LEU,CD2,3.755
9WSW,active,207,MET,CE,221,LEU,CD2,3.556
9WSW,active,207,MET,CE,230,TRP,CZ2,3.347
9WSW,active,221,LEU,CD2,230,TRP,CH2,3.581
9WSW,active,221,LEU,CD2,234,LEU,CD2,4.444
9WSW,active,223,PHE,CE1,230,TRP,CZ3,3.35
9WSW,active,230,TRP,CH2,234,LEU,CD2,3.655
9WSW,active,234,LEU,CD1,238,VAL,CG2,3.952
9WSW,active,236,ILE,CG2,240,ILE,CD1,3.943
9WSW,active,238,VAL,CG1,242,ALA,CB,4.248
9WSW,active,239,PHE,CE1,243,PHE,CD2,3.35
9WSW,active,239,PHE,CE2,244,ILE,CD1,3.542
9WSW,active,239,PHE,CE1,303,ILE,CD1,3.523
9WSW,active,240,ILE,CG1,244,ILE,CD1,4.293
9WSW,active,243,PHE,CE1,247,VAL,CG2,3.999
9WSW,active,243,PHE,CD1,295,TRP,CB,4.186
9WSW,active,244,ILE,CG2,248,LEU,CD1,3.957
9WSW,active,245,MET,CG,249,ILE,CD1,3.809
9WSW,active,246,PRO,CB,291,PHE,CZ,3.835
9WSW,active,247,VAL,CG2,291,PHE,CE2,3.491
9WSW,active,247,VAL,CG2,292,ILE,CG1,4.281
9WSW,active,250,ILE,CD1,291,PHE,CD2,3.741
9WSW,active,252,VAL,CG1,256,LEU,CD1,4.027
9WSW,active,257,MET,CG,261,LEU,CD1,4.076
9WSW,active,257,MET,CE,284,VAL,CG2,3.693
9WSW,active,258,ILE,CG1,284,VAL,CG1,4.197
9WSW,active,261,LEU,CD2,264,VAL,CG2,3.796
9WSW,active,261,LEU,CD2,267,LEU,CD1,4.078
9WSW,active,261,LEU,CB,277,LEU,CD1,4.475
9WSW,active,261,LEU,CD1,280,ILE,CG2,3.798
9WSW,active,264,VAL,CB,267,LEU,CD1,4.137
9WSW,active,267,LEU,CD1,277,LEU,CD1,3.922
9WSW,active,267,LEU,CD2,280,ILE,CD1,4.153
9WSW,active,280,ILE,CG2,284,VAL,CG2,4.38
9WSW,active,283,MET,CG,341,LEU,CD2,4.093
9WSW,active,286,VAL,CG2,290,VAL,CG2,4.329
9WSW,active,286,VAL,CG1,337,LEU,CD2,4.407
9WSW,active,287,VAL,CG2,337,LEU,CB,4.005
9WSW,active,288,VAL,CG1,292,ILE,CD1,3.851
9WSW,active,290,VAL,CG1,333,LEU,CD1,3.86
9WSW,active,290,VAL,CG1,337,LEU,CD1,3.75
9WSW,active,291,PHE,CE1,295,TRP,CD1,3.409
9WSW,active,295,TRP,CE3,298,ILE,CG2,3.747
9WSW,active,297,PRO,CG,326,LEU,CD2,3.908
9WSW,active,298,ILE,CD1,302,VAL,CG1,3.66
9WSW,active,298,ILE,CD1,324,ILE,CD1,3.527
9WSW,active,300,ILE,CG2,304,ILE,CG1,4.382
9WSW,active,302,VAL,CG1,320,TRP,CZ3,3.527
9WSW,active,303,ILE,CG2,307,LEU,CD2,4.167
9WSW,active,304,ILE,CG2,308,ILE,CG2,4.27
9WSW,active,304,ILE,CG2,310,ILE,CD1,4.261
9WSW,active,315,PHE,CD1,318,VAL,CG1,4.403
9WSW,active,320,TRP,CE2,324,ILE,CG1,4.332
9WSW,active,336,VAL,CG2,340,PHE,CD2,3.917
9WSW,active,339,ALA,CB,345,PHE,CZ,4.123
9bjk,inactive,70,ALA,CB,74,MET,CE,4.052
9bjk,inactive,71,ILE,CG1,74,MET,CE,3.942
9bjk,inactive,74,MET,CG,131,LEU,CD1,3.521
9bjk,inactive,80,VAL,CG1,123,LEU,CD1,3.744
9bjk,inactive,90,LEU,CB,349,PHE,CE1,4.368
9bjk,inactive,91,VAL,CG1,95,ILE,CD1,3.615
9bjk,inactive,91,VAL,CG1,109,ILE,CG2,4.357
9bjk,inactive,91,VAL,CG1,113,ALA,CB,3.966
9bjk,inactive,91,VAL,CG2,335,PRO,CB,4.114
9bjk,inactive,91,VAL,CG2,349,PHE,CZ,4.013
9bjk,inactive,92,MET,CB,110,PHE,CE1,3.656
9bjk,inactive,92,MET,CE,114,LEU,CD1,3.538
9bjk,inactive,94,VAL,CG2,345,PHE,CE1,3.903
9bjk,inactive,94,VAL,CG2,349,PHE,CE1,3.68
9bjk,inactive,95,ILE,CD1,109,ILE,CG2,4.13
9bjk,inactive,95,ILE,CD1,110,PHE,CB,4.18
9bjk,inactive,95,ILE,CG1,345,PHE,CE1,3.89
9bjk,inactive,96,VAL,CG2,110,PHE,CE1,3.71
9bjk,inactive,107,ILE,CB,186,ALA,CB,3.676
9bjk,inactive,109,ILE,CD1,283,MET,CE,3.719
9bjk,inactive,109,ILE,CD1,345,PHE,CE2,4.296
9bjk,inactive,112,LEU,CD1,160,LEU,CD2,3.999
9bjk,inactive,112,LEU,CD2,287,VAL,CG1,4.245
9bjk,inactive,114,LEU,CD1,118,LEU,CD1,4.119
9bjk,inactive,118,LEU,CD2,194,TRP,CH2,3.836
9bjk,inactive,125,PHE,CB,135,TRP,CH2,3.688
9bjk,inactive,125,PHE,CD1,137,PHE,CZ,3.669
9bjk,inactive,125,PHE,CE1,141,LEU,CD2,3.632
9bjk,inactive,125,PHE,CD2,145,VAL,CG2,4.406
9bjk,inactive,128,VAL,CG1,136,PRO,CG,4.184
9bjk,inactive,128,VAL,CB,137,PHE,CZ,3.964
9bjk,inactive,135,TRP,CZ2,141,LEU,CG,3.92
9bjk,inactive,135,TRP,CH2,145,VAL,CG2,4.041
9bjk,inactive,137,PHE,CB,141,LEU,CD2,3.379
9bjk,inactive,140,ILE,CG2,144,ILE,CG1,4.447
9bjk,inactive,141,LEU,CG,145,VAL,CG2,4.446
9bjk,inactive,144,ILE,CG2,148,ILE,CD1,3.436
9bjk,inactive,146,ILE,CG2,204,VAL,CG1,3.506
9bjk,inactive,146,ILE,CG2,208,ALA,CB,3.824
9bjk,inactive,146,ILE,CG2,221,LEU,CD2,3.402
9bjk,inactive,153,MET,CE,238,VAL,CG1,4.342
9bjk,inactive,153,MET,CG,295,TRP,CZ3,4.113
9bjk,inactive,154,PHE,CD2,158,PHE,CZ,4.048
9bjk,inactive,154,PHE,CZ,200,ILE,CG2,4.222
9bjk,inactive,154,PHE,CZ,238,VAL,CG2,3.734
9bjk,inactive,157,ILE,CG2,242,ALA,CB,4.17
9bjk,inactive,157,ILE,CG1,246,PRO,CG,3.415
9bjk,inactive,157,ILE,CD1,291,PHE,CE2,3.385
9bjk,inactive,158,PHE,CE2,196,LEU,CD2,4.239
9bjk,inactive,158,PHE,CE1,246,PRO,CG,4.172
9bjk,inactive,160,LEU,CD2,163,MET,CE,3.987
9bjk,inactive,160,LEU,CB,250,ILE,CD1,4.481
9bjk,inactive,160,LEU,CD2,287,VAL,CG1,3.89
9bjk,inactive,160,LEU,CD2,288,VAL,CG2,4.142
9bjk,inactive,160,LEU,CD1,291,PHE,CG,3.6
9bjk,inactive,163,MET,CE,284,VAL,CG2,3.992
9bjk,inactive,165,VAL,CG1,169,ILE,CD1,4.345
9bjk,inactive,165,VAL,CG2,249,ILE,CG2,3.841
9bjk,inactive,169,ILE,CG2,177,ALA,CB,3.511
9bjk,inactive,169,ILE,CD1,180,PHE,CE2,4.436
9bjk,inactive,171,VAL,CG1,261,LEU,CD1,3.323
9bjk,inactive,171,VAL,CG1,267,LEU,CD1,4.344
9bjk,inactive,171,VAL,CG2,277,LEU,CG,4.263
9bjk,inactive,191,VAL,CG2,195,ILE,CD1,3.864
9bjk,inactive,204,VAL,CG1,221,LEU,CD2,4.351
9bjk,inactive,207,MET,CE,223,PHE,CE1,3.369
9bjk,inactive,207,MET,CE,234,LEU,CD1,3.983
9bjk,inactive,208,ALA,CB,221,LEU,CD2,3.352
9bjk,inactive,223,PHE,CD1,230,TRP,CB,3.694
9bjk,inactive,223,PHE,CZ,234,LEU,CD1,4.001
9bjk,inactive,226,PRO,CD,230,TRP,CD1,3.37
9bjk,inactive,230,TRP,CE3,233,LEU,CD2,4.237
9bjk,inactive,234,LEU,CD2,238,VAL,CG2,3.628
9bjk,inactive,236,ILE,CG2,240,ILE,CG1,4.027
9bjk,inactive,239,PHE,CE1,243,PHE,CD2,3.622
9bjk,inactive,239,PHE,CG,303,ILE,CG1,3.906
9bjk,inactive,243,PHE,CD1,247,VAL,CG2,3.609
9bjk,inactive,244,ILE,CG2,248,LEU,CD1,3.82
9bjk,inactive,247,VAL,CG2,292,ILE,CD1,3.452
9bjk,inactive,250,ILE,CG2,288,VAL,CG1,3.841
9bjk,inactive,252,VAL,CG1,256,LEU,CD2,3.992
9bjk,inactive,264,VAL,CB,267,LEU,CD2,3.465
9bjk,inactive,267,LEU,CD1,277,LEU,CD2,3.321
9bjk,inactive,283,MET,CG,341,LEU,CB,3.788
9bjk,inactive,284,VAL,CG1,288,VAL,CG2,4.307
9bjk,inactive,286,VAL,CG1,337,LEU,CD1,4.361
9bjk,inactive,286,VAL,CG1,341,LEU,CD1,3.843
9bjk,inactive,287,VAL,CG2,337,LEU,CD1,4.495
9bjk,inactive,288,VAL,CG1,292,ILE,CG1,4.478
9bjk,inactive,290,VAL,CG1,333,LEU,CD1,4.353
9bjk,inactive,290,VAL,CG2,337,LEU,CD1,3.66
9bjk,inactive,291,PHE,CE1,295,TRP,CD1,3.598
9bjk,inactive,295,TRP,CE3,298,ILE,CG2,3.8
9bjk,inactive,297,PRO,CG,326,LEU,CD2,4.357
9bjk,inactive,298,ILE,CD1,302,VAL,CG2,4.178
9bjk,inactive,298,ILE,CD1,324,ILE,CG1,3.332
9bjk,inactive,300,ILE,CG2,304,ILE,CG1,4.066
9bjk,inactive,302,VAL,CG2,320,TRP,CH2,3.815
9bjk,inactive,303,ILE,CG2,307,LEU,CD2,3.572
9bjk,inactive,304,ILE,CG2,308,ILE,CB,3.68
9bjk,inactive,320,TRP,CE2,324,ILE,CD1,3.778
9bjk,inactive,322,PHE,CZ,326,LEU,CD2,4.066
9bjk,inactive,336,VAL,CG1,340,PHE,CE1,4.081
9bjk,inactive,337,LEU,CB,341,LEU,CD1,3.944
9bjk,inactive,339,ALA,CB,349,PHE,CD2,4.067
9bjk,inactive,345,PHE,CD1,349,PHE,CZ,4.17
9bqj,active,70,ALA,CB,131,LEU,CD1,4.34
9bqj,active,74,MET,CB,131,LEU,CD2,3.588
9bqj,active,76,LEU,CD2,80,VAL,CG2,4.03
9bqj,active,76,LEU,CD2,325,ALA,CB,3.589
9bqj,active,80,VAL,CG1,123,LEU,CD2,4.059
9bqj,active,85,LEU,CD2,89,PHE,CE2,3.617
9bqj,active,85,LEU,CD2,117,ALA,CB,4.248
9bqj,active,90,LEU,CD2,94,VAL,CG2,3.653
9bqj,active,91,VAL,CG1,95,ILE,CD1,3.6
9bqj,active,91,VAL,CG1,109,ILE,CG2,4.466
9bqj,active,91,VAL,CG1,113,ALA,CB,3.957
9bqj,active,91,VAL,CG1,339,ALA,CB,4.288
9bqj,active,92,MET,CE,110,PHE,CE1,3.377
9bqj,active,92,MET,CG,113,ALA,CB,3.945
9bqj,active,92,MET,CE,114,LEU,CB,4.205
9bqj,active,94,VAL,CG1,345,PHE,CE2,3.992
9bqj,active,95,ILE,CG2,101,MET,CE,4.096
9bqj,active,95,ILE,CD1,109,ILE,CG2,3.642
9bqj,active,95,ILE,CG2,110,PHE,CB,4.187
9bqj,active,95,ILE,CG1,345,PHE,CZ,3.584
9bqj,active,96,VAL,CG2,110,PHE,CE1,3.548
9bqj,active,101,MET,CB,107,ILE,CG1,4.406
9bqj,active,101,MET,CE,110,PHE,CG,3.531
9bqj,active,104,ALA,CB,186,ALA,CB,3.693
9bqj,active,109,ILE,CG2,339,ALA,CB,3.86
9bqj,active,112,LEU,CD2,160,LEU,CD2,3.825
9bqj,active,112,LEU,CD2,163,MET,CE,3.617
9bqj,active,114,LEU,CD2,194,TRP,CZ2,4.21
9bqj,active,115,ALA,CB,194,TRP,CH2,4.404
9bqj,active,125,PHE,CB,135,TRP,CH2,4.055
9bqj,active,125,PHE,CE1,141,LEU,CD2,4.177
9bqj,active,125,PHE,CG,145,VAL,CG2,4.44
9bqj,active,135,TRP,CH2,145,VAL,CG2,4.361
9bqj,active,135,TRP,CB,217,ILE,CG2,4.028
9bqj,active,137,PHE,CB,141,LEU,CD2,3.508
9bqj,active,141,LEU,CD1,144,ILE,CG2,3.795
9bqj,active,141,LEU,CG,145,VAL,CG2,4.322
9bqj,active,144,ILE,CG1,148,ILE,CG2,4.117
9bqj,active,144,ILE,CB,205,MET,CE,4.395
9bqj,active,146,ILE,CG2,204,VAL,CG1,3.573
9bqj,active,146,ILE,CD1,208,ALA,CB,4.275
9bqj,active,153,MET,CE,238,VAL,CG2,3.678
9bqj,active,153,MET,CG,295,TRP,CH2,4.058
9bqj,active,154,PHE,CD1,158,PHE,CE2,3.708
9bqj,active,154,PHE,CE2,200,ILE,CD1,4.206
9bqj,active,154,PHE,CZ,238,VAL,CG2,3.938
9bqj,active,154,PHE,CE1,241,PHE,CB,4.403
9bqj,active,154,PHE,CE1,242,ALA,CB,4.394
9bqj,active,157,ILE,CD1,160,LEU,CD1,4.315
9bqj,active,157,ILE,CG2,246,PRO,CG,3.591
9bqj,active,157,ILE,CD1,291,PHE,CE2,3.712
9bqj,active,157,ILE,CD1,295,TRP,CE2,3.89
9bqj,active,160,LEU,CD2,163,MET,CE,4.255
9bqj,active,160,LEU,CD1,291,PHE,CE2,3.905
9bqj,active,165,VAL,CG2,249,ILE,CD1,3.805
9bqj,active,169,ILE,CD1,180,PHE,CD2,3.705
9bqj,active,171,VAL,CG1,257,MET,CG,3.612
9bqj,active,171,VAL,CG1,261,LEU,CD1,4.387
9bqj,active,191,VAL,CG1,195,ILE,CG1,4.244
9bqj,active,204,VAL,CG1,208,ALA,CB,4.433
9bqj,active,207,MET,CE,221,LEU,CD2,3.691
9bqj,active,207,MET,CE,223,PHE,CE1,3.587
9bqj,active,223,PHE,CD2,230,TRP,CB,3.316
9bqj,active,223,PHE,CZ,234,LEU,CD2,4.186
9bqj,active,226,PRO,CG,230,TRP,CD1,4.032
9bqj,active,236,ILE,CG2,240,ILE,CG1,4.2
9bqj,active,238,VAL,CG2,242,ALA,CB,4.244
9bqj,active,239,PHE,CE1,243,PHE,CD2,3.966
9bqj,active,239,PHE,CZ,244,ILE,CG1,4.165
9bqj,active,243,PHE,CD1,247,VAL,CG2,4.493
9bqj,active,243,PHE,CE1,295,TRP,CB,3.672
9bqj,active,246,PRO,CB,291,PHE,CZ,4.487
9bqj,active,247,VAL,CG2,291,PHE,CE1,3.502
9bqj,active,247,VAL,CG2,292,ILE,CD1,3.612
9bqj,active,250,ILE,CD1,291,PHE,CD1,4.187
9bqj,active,257,MET,CE,284,VAL,CG2,3.877
9bqj,active,258,ILE,CD1,280,ILE,CG2,4.247
9bqj,active,261,LEU,CD1,264,VAL,CG2,3.814
9bqj,active,261,LEU,CG,267,LEU,CD1,3.649
9bqj,active,261,LEU,CD2,277,LEU,CD1,4.374
9bqj,active,261,LEU,CD2,280,ILE,CD1,4.128
9bqj,active,264,VAL,CG1,267,LEU,CD1,4.473
9bqj,active,283,MET,CE,341,LEU,CB,3.596
9bqj,active,284,VAL,CG1,288,VAL,CG2,4.445
9bqj,active,286,VAL,CG2,290,VAL,CG2,4.323
9bqj,active,287,VAL,CG2,337,LEU,CD1,4.335
9bqj,active,288,VAL,CG1,292,ILE,CG1,4.293
9bqj,active,290,VAL,CG1,333,LEU,CB,4.08
9bqj,active,290,VAL,CG2,337,LEU,CD1,4.14
9bqj,active,291,PHE,CZ,295,TRP,CD1,3.312
9bqj,active,295,TRP,CE3,298,ILE,CG2,3.829
9bqj,active,297,PRO,CG,326,LEU,CD2,3.961
9bqj,active,298,ILE,CD1,302,VAL,CG2,4.189
9bqj,active,298,ILE,CD1,320,TRP,CZ3,4.453
9bqj,active,298,ILE,CD1,324,ILE,CD1,3.685
9bqj,active,300,ILE,CG1,304,ILE,CG1,4.359
9bqj,active,302,VAL,CG2,320,TRP,CZ3,3.611
9bqj,active,304,ILE,CG2,308,ILE,CD1,3.766
9bqj,active,320,TRP,CE2,324,ILE,CG1,4.09
9bqj,active,322,PHE,CE2,326,LEU,CD1,3.945
9bqj,active,339,ALA,CB,345,PHE,CE2,3.799
