pdb_id,state,residue_number_human,hbond_total,hbond_bb_bb,hbond_bb_sc,hbond_sc_sc,salt_bridge,hydrophobic
4dkl,inactive,67,3,3,0,0,0,1
4dkl,inactive,68,4,3,1,0,0,1
4dkl,inactive,69,5,4,1,0,0,0
4dkl,inactive,70,4,4,0,0,0,2
4dkl,inactive,71,6,6,0,0,0,2
4dkl,inactive,72,7,5,2,0,0,0
4dkl,inactive,73,5,5,0,0,0,0
4dkl,inactive,74,5,4,1,0,0,1
4dkl,inactive,75,6,6,0,0,0,0
4dkl,inactive,76,4,4,0,0,0,2
4dkl,inactive,77,3,3,0,0,0,0
4dkl,inactive,78,6,5,1,0,0,0
4dkl,inactive,79,5,5,0,0,0,0
4dkl,inactive,80,2,2,0,0,0,2
4dkl,inactive,81,4,4,0,0,0,0
4dkl,inactive,82,4,4,0,0,0,0
4dkl,inactive,83,2,2,0,0,0,0
4dkl,inactive,84,5,4,1,0,0,0
4dkl,inactive,85,4,4,0,0,0,1
4dkl,inactive,86,2,2,0,0,0,1
4dkl,inactive,87,5,5,0,0,0,0
4dkl,inactive,88,7,5,2,0,0,0
4dkl,inactive,89,3,3,0,0,0,1
4dkl,inactive,90,5,5,0,0,0,3
4dkl,inactive,91,6,6,0,0,0,5
4dkl,inactive,92,4,4,0,0,0,3
4dkl,inactive,93,6,6,0,0,0,0
4dkl,inactive,94,6,6,0,0,0,2
4dkl,inactive,95,3,3,0,0,0,4
4dkl,inactive,96,4,3,1,0,0,1
4dkl,inactive,97,2,2,0,0,0,0
4dkl,inactive,98,2,1,1,0,0,0
4dkl,inactive,99,2,2,0,0,0,0
4dkl,inactive,100,1,1,0,0,0,0
4dkl,inactive,101,3,2,1,0,0,3
4dkl,inactive,102,4,2,2,0,0,0
4dkl,inactive,103,5,4,1,0,0,0
4dkl,inactive,104,3,3,0,0,0,1
4dkl,inactive,105,4,4,0,0,0,0
4dkl,inactive,106,5,3,2,0,0,0
4dkl,inactive,107,7,6,1,0,0,2
4dkl,inactive,108,5,5,0,0,0,0
4dkl,inactive,109,5,5,0,0,0,3
4dkl,inactive,110,6,6,0,0,0,3
4dkl,inactive,111,8,6,0,2,0,0
4dkl,inactive,112,6,6,0,0,0,2
4dkl,inactive,113,4,4,0,0,0,2
4dkl,inactive,114,6,6,0,0,0,2
4dkl,inactive,115,6,5,1,0,0,0
4dkl,inactive,116,6,5,1,0,0,0
4dkl,inactive,117,6,4,2,0,0,0
4dkl,inactive,118,6,6,0,0,0,2
4dkl,inactive,119,6,5,1,0,0,0
4dkl,inactive,120,6,4,2,0,0,0
4dkl,inactive,121,4,3,1,0,0,0
4dkl,inactive,122,5,4,1,0,0,0
4dkl,inactive,123,5,5,0,0,0,1
4dkl,inactive,124,3,2,1,0,0,0
4dkl,inactive,125,2,2,0,0,0,3
4dkl,inactive,126,7,5,0,2,0,0
4dkl,inactive,127,5,4,1,0,0,0
4dkl,inactive,128,3,3,0,0,0,1
4dkl,inactive,129,5,5,0,0,0,0
4dkl,inactive,130,4,2,0,2,0,0
4dkl,inactive,131,3,3,0,0,0,3
4dkl,inactive,132,1,1,0,0,0,0
4dkl,inactive,133,1,1,0,0,0,0
4dkl,inactive,135,1,0,1,0,0,4
4dkl,inactive,136,1,1,0,0,0,0
4dkl,inactive,137,0,0,0,0,0,3
4dkl,inactive,138,3,1,2,0,0,0
4dkl,inactive,139,5,2,1,2,0,0
4dkl,inactive,140,3,3,0,0,0,1
4dkl,inactive,141,2,2,0,0,0,4
4dkl,inactive,142,5,5,0,0,0,0
4dkl,inactive,143,6,4,2,0,0,0
4dkl,inactive,144,5,5,0,0,0,3
4dkl,inactive,145,6,6,0,0,0,1
4dkl,inactive,146,4,4,0,0,0,2
4dkl,inactive,147,7,6,1,0,0,0
4dkl,inactive,148,5,5,0,0,0,2
4dkl,inactive,149,7,6,0,1,0,0
4dkl,inactive,150,5,5,0,0,0,0
4dkl,inactive,151,8,5,1,2,0,0
4dkl,inactive,152,8,5,2,1,0,0
4dkl,inactive,153,2,2,0,0,0,3
4dkl,inactive,154,6,6,0,0,0,5
4dkl,inactive,155,5,2,3,0,0,0
4dkl,inactive,156,7,5,1,1,0,0
4dkl,inactive,157,4,4,0,0,0,3
4dkl,inactive,158,6,5,1,0,0,2
4dkl,inactive,159,10,6,2,2,0,0
4dkl,inactive,160,6,5,1,0,0,5
4dkl,inactive,161,6,6,0,0,0,0
4dkl,inactive,162,5,3,2,0,0,0
4dkl,inactive,163,5,5,0,0,0,2
4dkl,inactive,164,5,4,1,0,0,0
4dkl,inactive,165,4,4,0,0,0,1
4dkl,inactive,166,7,4,0,3,2,0
4dkl,inactive,167,7,6,0,1,1,0
4dkl,inactive,168,4,3,0,1,0,0
4dkl,inactive,169,6,6,0,0,0,3
4dkl,inactive,170,2,2,0,0,0,0
4dkl,inactive,171,2,2,0,0,0,2
4dkl,inactive,172,2,2,0,0,0,0
4dkl,inactive,173,4,4,0,0,0,0
4dkl,inactive,174,3,3,0,0,0,0
4dkl,inactive,175,1,1,0,0,0,0
4dkl,inactive,176,5,4,1,0,0,0
4dkl,inactive,177,4,4,0,0,0,1
4dkl,inactive,178,2,2,0,0,0,0
4dkl,inactive,179,2,2,0,0,0,0
4dkl,inactive,180,2,1,1,0,0,1
4dkl,inactive,181,4,1,0,3,1,0
4dkl,inactive,182,3,3,0,0,0,0
4dkl,inactive,183,3,3,0,0,0,1
4dkl,inactive,184,4,4,0,0,0,0
4dkl,inactive,185,6,5,1,0,0,0
4dkl,inactive,186,4,4,0,0,0,2
4dkl,inactive,187,5,5,0,0,0,0
4dkl,inactive,188,5,5,0,0,0,0
4dkl,inactive,189,4,4,0,0,0,0
4dkl,inactive,190,7,6,1,0,0,0
4dkl,inactive,191,5,5,0,0,0,1
4dkl,inactive,192,6,6,0,0,0,0
4dkl,inactive,193,10,6,2,2,0,0
4dkl,inactive,194,6,4,1,1,0,2
4dkl,inactive,195,6,6,0,0,0,1
4dkl,inactive,196,4,4,0,0,0,1
4dkl,inactive,197,7,5,1,1,0,0
4dkl,inactive,198,9,6,1,2,0,0
4dkl,inactive,199,3,3,0,0,0,0
4dkl,inactive,200,3,3,0,0,0,2
4dkl,inactive,201,5,4,1,0,0,0
4dkl,inactive,202,4,4,0,0,0,1
4dkl,inactive,203,3,3,0,0,0,1
4dkl,inactive,204,5,5,0,0,0,3
4dkl,inactive,205,3,3,0,0,0,1
4dkl,inactive,206,5,4,1,0,0,0
4dkl,inactive,207,1,1,0,0,0,2
4dkl,inactive,208,3,2,1,0,0,2
4dkl,inactive,209,1,0,0,1,0,0
4dkl,inactive,210,3,0,2,1,0,0
4dkl,inactive,211,2,2,0,0,0,0
4dkl,inactive,213,2,2,0,0,0,0
4dkl,inactive,215,1,1,0,0,0,0
4dkl,inactive,216,1,1,0,0,0,0
4dkl,inactive,217,0,0,0,0,0,1
4dkl,inactive,218,2,2,0,0,0,0
4dkl,inactive,221,0,0,0,0,0,4
4dkl,inactive,223,1,0,1,0,0,2
4dkl,inactive,224,1,1,0,0,0,0
4dkl,inactive,226,1,1,0,0,0,0
4dkl,inactive,227,5,4,1,0,0,0
4dkl,inactive,228,1,1,0,0,0,0
4dkl,inactive,229,5,5,0,0,0,0
4dkl,inactive,230,3,3,0,0,0,2
4dkl,inactive,231,6,5,0,1,1,0
4dkl,inactive,232,4,4,0,0,0,0
4dkl,inactive,233,6,6,0,0,0,1
4dkl,inactive,234,5,5,0,0,0,4
4dkl,inactive,235,5,4,0,1,1,0
4dkl,inactive,236,6,6,0,0,0,1
4dkl,inactive,237,5,5,0,0,0,0
4dkl,inactive,238,4,4,0,0,0,3
4dkl,inactive,239,4,4,0,0,0,3
4dkl,inactive,240,4,4,0,0,0,2
4dkl,inactive,241,1,1,0,0,0,2
4dkl,inactive,242,1,1,0,0,0,3
4dkl,inactive,243,1,1,0,0,0,2
4dkl,inactive,244,4,4,0,0,0,3
4dkl,inactive,245,4,4,0,0,0,2
4dkl,inactive,246,4,4,0,0,0,1
4dkl,inactive,247,7,6,1,0,0,2
4dkl,inactive,248,6,6,0,0,0,1
4dkl,inactive,249,6,6,0,0,0,1
4dkl,inactive,250,6,6,0,0,0,1
4dkl,inactive,251,7,6,1,0,0,0
4dkl,inactive,252,6,6,0,0,0,1
4dkl,inactive,253,4,4,0,0,0,0
4dkl,inactive,254,6,6,0,0,0,0
4dkl,inactive,255,5,5,0,0,0,0
4dkl,inactive,256,4,4,0,0,0,2
4dkl,inactive,257,6,6,0,0,0,0
4dkl,inactive,258,2,2,0,0,0,0
4dkl,inactive,259,3,3,0,0,0,1
4dkl,inactive,260,3,2,0,1,0,0
4dkl,inactive,261,1,1,0,0,0,1
4dkl,inactive,264,0,0,0,0,0,2
4dkl,inactive,265,3,1,2,0,0,0
4dkl,inactive,272,2,2,0,0,0,0
4dkl,inactive,273,1,1,0,0,0,0
4dkl,inactive,274,1,1,0,0,0,0
4dkl,inactive,275,3,3,0,0,0,0
4dkl,inactive,276,4,4,0,0,0,0
4dkl,inactive,277,5,4,1,0,0,1
4dkl,inactive,278,3,3,0,0,0,0
4dkl,inactive,279,6,6,0,0,0,0
4dkl,inactive,280,5,5,0,0,0,1
4dkl,inactive,281,7,5,1,1,0,0
4dkl,inactive,282,5,5,0,0,0,0
4dkl,inactive,283,6,6,0,0,0,3
4dkl,inactive,284,5,5,0,0,0,3
4dkl,inactive,285,6,6,0,0,0,0
4dkl,inactive,286,6,6,0,0,0,1
4dkl,inactive,287,6,6,0,0,0,2
4dkl,inactive,288,6,6,0,0,0,4
4dkl,inactive,289,6,6,0,0,0,0
4dkl,inactive,290,6,6,0,0,0,2
4dkl,inactive,291,6,6,0,0,0,3
4dkl,inactive,292,7,6,1,0,0,1
4dkl,inactive,293,3,3,0,0,0,0
4dkl,inactive,294,3,3,0,0,0,0
4dkl,inactive,295,3,3,0,0,0,3
4dkl,inactive,296,5,4,1,0,0,0
4dkl,inactive,297,1,1,0,0,0,1
4dkl,inactive,298,4,4,0,0,0,4
4dkl,inactive,299,2,2,0,0,0,0
4dkl,inactive,300,5,5,0,0,0,1
4dkl,inactive,301,7,4,1,2,0,0
4dkl,inactive,302,5,5,0,0,0,2
4dkl,inactive,303,3,3,0,0,0,2
4dkl,inactive,304,6,6,0,0,0,3
4dkl,inactive,305,3,3,0,0,0,0
4dkl,inactive,306,3,3,0,0,0,0
4dkl,inactive,307,3,3,0,0,0,1
4dkl,inactive,308,1,1,0,0,0,1
4dkl,inactive,310,1,1,0,0,0,1
4dkl,inactive,311,1,1,0,0,0,0
4dkl,inactive,312,1,1,0,0,0,0
4dkl,inactive,313,4,3,1,0,0,0
4dkl,inactive,314,4,3,1,0,0,0
4dkl,inactive,315,4,3,1,0,0,0
4dkl,inactive,316,7,4,3,0,0,0
4dkl,inactive,317,4,3,1,0,0,0
4dkl,inactive,318,4,4,0,0,0,0
4dkl,inactive,319,8,4,2,2,0,0
4dkl,inactive,320,6,6,0,0,0,3
4dkl,inactive,321,4,2,0,2,0,0
4dkl,inactive,322,5,5,0,0,0,1
4dkl,inactive,323,5,5,0,0,0,0
4dkl,inactive,324,3,3,0,0,0,2
4dkl,inactive,325,7,6,1,0,0,1
4dkl,inactive,326,5,5,0,0,0,2
4dkl,inactive,327,3,3,0,0,0,0
4dkl,inactive,328,8,5,0,3,0,0
4dkl,inactive,329,6,5,1,0,0,0
4dkl,inactive,330,5,5,0,0,0,0
4dkl,inactive,331,3,2,1,0,0,0
4dkl,inactive,332,2,2,0,0,0,0
4dkl,inactive,333,4,4,0,0,0,1
4dkl,inactive,334,5,4,0,1,0,0
4dkl,inactive,335,3,3,0,0,0,1
4dkl,inactive,336,4,4,0,0,0,1
4dkl,inactive,337,6,6,0,0,0,2
4dkl,inactive,338,4,3,0,1,0,0
4dkl,inactive,339,3,3,0,0,0,0
4dkl,inactive,340,3,3,0,0,0,1
4dkl,inactive,341,1,1,0,0,0,3
4dkl,inactive,342,5,3,2,0,0,0
4dkl,inactive,343,4,2,0,2,1,0
4dkl,inactive,344,3,2,1,0,0,0
4dkl,inactive,345,5,4,1,0,0,5
4dkl,inactive,346,5,3,0,2,1,0
4dkl,inactive,347,6,6,0,0,0,0
4dkl,inactive,348,5,5,0,0,0,0
4dkl,inactive,349,5,5,0,0,0,1
4dkl,inactive,350,6,6,0,0,0,0
4dkl,inactive,351,2,2,0,0,0,0
4dkl,inactive,352,3,3,0,0,0,2
4dkl,inactive,353,2,2,0,0,0,0
4dkl,inactive,354,1,1,0,0,0,0
4dkl,inactive,1004,5,2,3,0,0,0
4dkl,inactive,1005,3,3,0,0,0,4
4dkl,inactive,1006,2,1,1,0,0,2
4dkl,inactive,1007,7,4,3,0,0,0
4dkl,inactive,1008,5,5,0,0,0,3
4dkl,inactive,1009,5,5,0,0,0,3
4dkl,inactive,1010,6,6,0,0,0,0
4dkl,inactive,1011,3,3,0,0,0,0
4dkl,inactive,1012,8,3,0,5,1,0
4dkl,inactive,1013,4,2,0,2,1,0
4dkl,inactive,1014,1,1,0,0,0,0
4dkl,inactive,1015,1,0,1,0,0,2
4dkl,inactive,1016,3,3,0,0,0,0
4dkl,inactive,1017,0,0,0,0,0,2
4dkl,inactive,1018,2,2,0,0,0,0
4dkl,inactive,1019,0,0,0,0,0,5
4dkl,inactive,1020,4,4,0,0,0,0
4dkl,inactive,1022,7,4,3,0,0,0
4dkl,inactive,1023,1,1,0,0,0,0
4dkl,inactive,1024,2,1,1,0,0,0
4dkl,inactive,1025,3,2,1,0,0,0
4dkl,inactive,1026,4,2,2,0,0,0
4dkl,inactive,1027,1,0,1,0,0,0
4dkl,inactive,1028,4,3,1,0,0,0
4dkl,inactive,1029,2,2,0,0,0,4
4dkl,inactive,1030,2,2,0,0,0,0
4dkl,inactive,1031,1,1,0,0,0,2
4dkl,inactive,1032,1,1,0,0,0,0
4dkl,inactive,1033,5,3,0,2,1,0
4dkl,inactive,1034,1,1,0,0,0,0
4dkl,inactive,1035,0,0,0,0,0,3
4dkl,inactive,1036,1,0,1,0,0,0
4dkl,inactive,1038,2,0,2,0,0,0
4dkl,inactive,1039,1,0,1,0,0,0
4dkl,inactive,1040,1,0,1,0,0,0
4dkl,inactive,1041,3,3,0,0,0,1
4dkl,inactive,1042,5,3,1,1,0,0
4dkl,inactive,1043,1,1,0,0,0,0
4dkl,inactive,1044,4,4,0,0,0,2
4dkl,inactive,1045,4,4,0,0,0,0
4dkl,inactive,1046,5,3,1,1,0,0
4dkl,inactive,1047,3,3,0,0,0,0
4dkl,inactive,1048,5,5,0,0,0,4
4dkl,inactive,1049,8,4,1,3,0,0
4dkl,inactive,1050,4,4,0,0,0,0
4dkl,inactive,1051,2,2,0,0,0,0
4dkl,inactive,1052,3,3,0,0,0,3
4dkl,inactive,1053,1,1,0,0,0,0
4dkl,inactive,1054,4,1,0,3,1,0
4dkl,inactive,1055,2,0,0,2,0,0
4dkl,inactive,1056,5,3,1,1,0,0
4dkl,inactive,1058,1,1,0,0,0,0
4dkl,inactive,1059,1,1,0,0,0,0
4dkl,inactive,1060,0,0,0,0,0,6
4dkl,inactive,1061,4,3,1,0,0,0
4dkl,inactive,1062,3,3,0,0,1,0
4dkl,inactive,1063,3,3,0,0,0,0
4dkl,inactive,1064,7,3,1,3,1,0
4dkl,inactive,1065,5,5,0,0,0,3
4dkl,inactive,1066,5,4,1,0,1,0
4dkl,inactive,1067,3,3,0,0,0,0
4dkl,inactive,1068,2,2,0,0,0,2
4dkl,inactive,1069,6,6,0,0,0,5
4dkl,inactive,1070,4,3,1,0,0,0
4dkl,inactive,1071,2,2,0,0,0,0
4dkl,inactive,1072,5,3,0,2,1,0
4dkl,inactive,1073,4,4,0,0,0,4
4dkl,inactive,1074,5,4,0,1,1,0
4dkl,inactive,1075,3,3,0,0,0,0
4dkl,inactive,1076,6,6,0,0,0,2
4dkl,inactive,1077,4,4,0,0,0,2
4dkl,inactive,1078,6,5,0,1,1,0
4dkl,inactive,1079,5,5,0,0,0,0
4dkl,inactive,1080,5,5,0,0,0,3
4dkl,inactive,1081,3,3,0,0,0,1
4dkl,inactive,1082,3,3,0,0,0,0
4dkl,inactive,1083,7,5,2,0,0,0
4dkl,inactive,1085,2,1,1,0,0,0
4dkl,inactive,1086,5,4,1,0,0,3
4dkl,inactive,1087,2,2,0,0,0,0
4dkl,inactive,1088,2,2,0,0,0,0
4dkl,inactive,1089,3,2,1,0,0,3
4dkl,inactive,1090,5,5,0,0,0,0
4dkl,inactive,1091,1,1,0,0,1,0
4dkl,inactive,1092,3,2,1,0,0,0
4dkl,inactive,1093,2,2,0,0,0,4
4dkl,inactive,1094,5,3,0,2,1,0
4dkl,inactive,1095,2,2,0,0,0,0
4dkl,inactive,1096,3,3,0,0,0,1
4dkl,inactive,1097,8,4,2,2,1,0
4dkl,inactive,1098,5,5,0,0,1,0
4dkl,inactive,1099,6,6,0,0,0,2
4dkl,inactive,1100,5,5,0,0,0,2
4dkl,inactive,1101,6,6,0,0,0,4
4dkl,inactive,1102,5,5,0,0,0,5
4dkl,inactive,1103,9,5,1,3,0,0
4dkl,inactive,1104,6,6,0,0,0,6
4dkl,inactive,1105,4,4,0,0,0,3
4dkl,inactive,1106,3,3,0,0,0,3
4dkl,inactive,1107,7,3,0,4,0,0
4dkl,inactive,1108,1,1,0,0,0,2
4dkl,inactive,1109,4,4,0,0,0,0
4dkl,inactive,1110,1,1,0,0,0,0
4dkl,inactive,1111,2,2,0,0,0,0
4dkl,inactive,1112,3,3,0,0,0,0
4dkl,inactive,1113,1,1,0,0,0,6
4dkl,inactive,1114,4,4,0,0,0,0
4dkl,inactive,1115,1,1,0,0,0,0
4dkl,inactive,1116,4,4,0,0,0,3
4dkl,inactive,1117,2,2,0,0,0,0
4dkl,inactive,1118,4,3,0,1,0,0
4dkl,inactive,1119,5,4,0,1,0,0
4dkl,inactive,1120,4,4,0,0,0,4
4dkl,inactive,1121,7,6,0,1,0,0
4dkl,inactive,1122,4,4,0,0,0,1
4dkl,inactive,1123,5,5,0,0,0,4
4dkl,inactive,1124,3,3,0,0,0,0
4dkl,inactive,1125,2,2,0,0,0,0
4dkl,inactive,1126,4,4,0,0,0,0
4dkl,inactive,1127,4,2,0,2,1,0
4dkl,inactive,1128,4,4,0,0,0,2
4dkl,inactive,1129,2,2,0,0,0,0
4dkl,inactive,1130,6,4,0,2,1,0
4dkl,inactive,1131,5,5,0,0,0,2
4dkl,inactive,1132,5,5,0,0,0,1
4dkl,inactive,1133,5,5,0,0,0,0
4dkl,inactive,1134,5,4,0,1,0,0
4dkl,inactive,1135,6,5,1,0,0,4
4dkl,inactive,1136,3,3,0,0,0,1
4dkl,inactive,1137,2,2,0,0,0,0
4dkl,inactive,1138,6,4,2,0,0,0
4dkl,inactive,1139,2,2,0,0,0,0
4dkl,inactive,1140,5,4,0,1,0,6
4dkl,inactive,1141,4,3,1,0,0,0
4dkl,inactive,1142,3,3,0,0,0,0
4dkl,inactive,1143,3,3,0,0,0,0
4dkl,inactive,1144,4,2,0,2,0,0
4dkl,inactive,1145,3,3,0,0,0,0
4dkl,inactive,1146,2,2,0,0,0,0
4dkl,inactive,1147,9,3,1,5,1,0
4dkl,inactive,1148,5,5,0,0,0,1
4dkl,inactive,1149,5,4,1,0,0,0
4dkl,inactive,1150,8,5,1,2,1,0
4dkl,inactive,1151,5,5,0,0,0,4
4dkl,inactive,1152,4,4,0,0,0,4
4dkl,inactive,1153,7,5,2,0,0,0
4dkl,inactive,1154,5,4,1,0,0,0
4dkl,inactive,1155,3,2,1,0,0,7
4dkl,inactive,1156,3,2,1,0,0,0
4dkl,inactive,1157,7,2,3,2,0,0
4dkl,inactive,1158,1,1,0,0,0,0
4dkl,inactive,1159,6,2,2,2,0,0
4dkl,inactive,1160,4,3,1,0,0,4
4dkl,inactive,1161,2,2,0,0,0,0
4dkl,inactive,1162,1,1,0,0,0,0
4dkl,inactive,1163,6,4,0,2,0,0
5c1m,active,54,1,0,1,0,0,0
5c1m,active,55,1,0,1,0,0,0
5c1m,active,56,1,0,1,0,0,0
5c1m,active,57,5,0,4,1,0,0
5c1m,active,58,2,0,2,0,0,0
5c1m,active,61,4,1,0,3,0,0
5c1m,active,63,1,1,0,0,0,0
5c1m,active,65,0,0,0,0,0,1
5c1m,active,66,5,1,2,2,0,0
5c1m,active,67,3,3,0,0,0,1
5c1m,active,68,2,1,1,0,0,0
5c1m,active,69,8,4,2,2,0,0
5c1m,active,70,3,3,0,0,0,1
5c1m,active,71,4,4,0,0,0,1
5c1m,active,72,6,5,1,0,0,0
5c1m,active,73,3,3,0,0,0,1
5c1m,active,74,7,6,1,0,0,1
5c1m,active,75,4,4,0,0,0,1
5c1m,active,76,6,6,0,0,0,2
5c1m,active,77,5,3,0,2,0,0
5c1m,active,78,6,5,1,0,0,0
5c1m,active,79,5,5,0,0,0,2
5c1m,active,80,2,2,0,0,0,2
5c1m,active,81,5,5,0,0,0,0
5c1m,active,82,5,5,0,0,0,0
5c1m,active,83,2,2,0,0,0,1
5c1m,active,84,6,4,2,0,0,0
5c1m,active,85,3,3,0,0,0,2
5c1m,active,86,3,3,0,0,0,1
5c1m,active,87,2,2,0,0,0,0
5c1m,active,88,7,5,2,0,0,0
5c1m,active,89,3,3,0,0,0,3
5c1m,active,90,4,4,0,0,0,3
5c1m,active,91,5,5,0,0,0,7
5c1m,active,92,4,4,0,0,0,4
5c1m,active,93,6,6,0,0,0,0
5c1m,active,94,4,4,0,0,0,2
5c1m,active,95,7,6,1,0,0,5
5c1m,active,96,2,2,0,0,0,1
5c1m,active,97,3,2,1,0,0,0
5c1m,active,98,2,2,0,0,0,0
5c1m,active,99,5,3,1,1,0,0
5c1m,active,100,4,3,1,0,0,0
5c1m,active,101,1,1,0,0,0,3
5c1m,active,102,1,1,0,0,0,0
5c1m,active,103,5,3,1,1,0,0
5c1m,active,104,3,3,0,0,0,1
5c1m,active,105,4,4,0,0,0,0
5c1m,active,106,7,4,1,2,0,0
5c1m,active,107,4,4,0,0,0,3
5c1m,active,108,5,5,0,0,0,0
5c1m,active,109,5,5,0,0,0,4
5c1m,active,110,5,5,0,0,0,5
5c1m,active,111,5,4,0,1,0,0
5c1m,active,112,6,6,0,0,0,0
5c1m,active,113,4,4,0,0,0,2
5c1m,active,114,5,5,0,0,0,2
5c1m,active,115,5,5,0,0,0,0
5c1m,active,116,9,5,1,3,0,0
5c1m,active,117,7,6,1,0,0,3
5c1m,active,118,4,3,1,0,0,2
5c1m,active,119,6,5,1,0,0,0
5c1m,active,120,6,4,2,0,0,0
5c1m,active,121,4,3,1,0,0,0
5c1m,active,122,9,5,1,3,0,0
5c1m,active,123,5,4,1,0,0,1
5c1m,active,124,3,2,1,0,0,0
5c1m,active,125,4,4,0,0,0,4
5c1m,active,126,8,4,0,4,0,0
5c1m,active,127,7,5,2,0,0,0
5c1m,active,128,4,4,0,0,0,3
5c1m,active,129,7,5,2,0,0,0
5c1m,active,130,4,4,0,0,0,0
5c1m,active,131,3,3,0,0,0,1
5c1m,active,132,2,2,0,0,0,1
5c1m,active,133,3,3,0,0,0,0
5c1m,active,134,2,2,0,0,0,0
5c1m,active,135,3,1,2,0,0,4
5c1m,active,136,0,0,0,0,0,1
5c1m,active,137,0,0,0,0,0,3
5c1m,active,138,2,1,1,0,0,0
5c1m,active,139,4,2,1,1,0,0
5c1m,active,140,3,3,0,0,0,1
5c1m,active,141,2,2,0,0,0,3
5c1m,active,142,5,5,0,0,0,0
5c1m,active,143,6,3,3,0,0,0
5c1m,active,144,5,5,0,0,0,2
5c1m,active,145,4,4,0,0,0,2
5c1m,active,146,3,3,0,0,0,3
5c1m,active,147,7,6,1,0,0,0
5c1m,active,148,5,4,1,0,0,2
5c1m,active,149,7,4,0,3,0,0
5c1m,active,150,5,5,0,0,0,0
5c1m,active,151,7,4,1,2,0,0
5c1m,active,152,4,3,1,0,0,0
5c1m,active,153,3,3,0,0,0,4
5c1m,active,154,5,5,0,0,0,5
5c1m,active,155,4,2,2,0,0,0
5c1m,active,156,5,4,0,1,0,0
5c1m,active,157,5,5,0,0,0,5
5c1m,active,158,4,3,1,0,0,3
5c1m,active,159,8,6,1,1,0,0
5c1m,active,160,4,4,0,0,0,2
5c1m,active,161,6,6,0,0,0,0
5c1m,active,162,7,5,1,1,0,0
5c1m,active,163,4,4,0,0,0,1
5c1m,active,164,6,6,0,0,0,0
5c1m,active,165,5,5,0,0,0,2
5c1m,active,166,7,4,0,3,1,0
5c1m,active,167,7,6,0,1,0,0
5c1m,active,168,7,5,0,2,0,0
5c1m,active,169,5,5,0,0,0,3
5c1m,active,170,3,3,0,0,0,0
5c1m,active,171,3,3,0,0,0,2
5c1m,active,172,2,1,1,0,0,0
5c1m,active,173,6,4,0,2,0,0
5c1m,active,174,1,1,0,0,0,0
5c1m,active,175,3,3,0,0,0,0
5c1m,active,176,4,4,0,0,0,0
5c1m,active,177,6,6,0,0,0,1
5c1m,active,178,2,2,0,0,0,0
5c1m,active,179,3,2,1,0,0,0
5c1m,active,180,3,3,0,0,0,2
5c1m,active,181,4,1,0,3,1,0
5c1m,active,182,6,4,1,1,0,0
5c1m,active,183,3,3,0,0,0,1
5c1m,active,184,4,4,0,0,0,0
5c1m,active,185,8,5,2,1,0,0
5c1m,active,186,6,5,1,0,0,2
5c1m,active,187,6,6,0,0,0,0
5c1m,active,188,5,5,0,0,0,0
5c1m,active,189,6,6,0,0,0,1
5c1m,active,190,5,4,1,0,0,0
5c1m,active,191,6,6,0,0,0,1
5c1m,active,192,5,5,0,0,0,0
5c1m,active,193,6,4,1,1,0,0
5c1m,active,194,7,6,1,0,0,0
5c1m,active,195,3,3,0,0,0,1
5c1m,active,196,5,5,0,0,0,1
5c1m,active,197,6,5,1,0,0,0
5c1m,active,198,9,6,1,2,0,0
5c1m,active,199,2,2,0,0,0,0
5c1m,active,200,4,4,0,0,0,4
5c1m,active,201,3,2,1,0,0,0
5c1m,active,202,4,4,0,0,0,0
5c1m,active,203,3,3,0,0,0,0
5c1m,active,204,5,5,0,0,0,4
5c1m,active,205,3,2,1,0,0,0
5c1m,active,206,3,2,1,0,0,0
5c1m,active,207,5,4,1,0,0,4
5c1m,active,208,2,1,1,0,0,2
5c1m,active,209,4,3,0,1,0,0
5c1m,active,210,1,0,1,0,0,0
5c1m,active,211,2,2,0,0,0,0
5c1m,active,213,4,3,1,0,0,0
5c1m,active,214,1,1,0,0,0,0
5c1m,active,215,1,1,0,0,0,0
5c1m,active,216,4,3,1,0,0,0
5c1m,active,217,1,1,0,0,0,1
5c1m,active,218,7,3,3,1,0,0
5c1m,active,219,2,0,2,0,0,0
5c1m,active,220,4,3,1,0,0,0
5c1m,active,221,0,0,0,0,0,5
5c1m,active,222,2,1,1,0,0,0
5c1m,active,223,0,0,0,0,0,3
5c1m,active,224,1,1,0,0,0,0
5c1m,active,225,1,0,1,0,0,0
5c1m,active,226,3,3,0,0,0,1
5c1m,active,227,4,4,0,0,0,0
5c1m,active,228,2,1,1,0,0,0
5c1m,active,229,5,5,0,0,0,0
5c1m,active,230,5,4,1,0,0,3
5c1m,active,231,4,4,0,0,1,0
5c1m,active,232,5,4,1,0,0,0
5c1m,active,233,5,5,0,0,0,1
5c1m,active,234,6,6,0,0,0,5
5c1m,active,235,5,5,0,0,1,0
5c1m,active,236,6,6,0,0,0,2
5c1m,active,237,4,4,0,0,0,0
5c1m,active,238,5,5,0,0,0,5
5c1m,active,239,4,4,0,0,0,4
5c1m,active,240,4,4,0,0,0,2
5c1m,active,241,1,1,0,0,0,2
5c1m,active,242,1,1,0,0,0,4
5c1m,active,243,3,3,0,0,0,4
5c1m,active,244,4,4,0,0,0,3
5c1m,active,245,4,4,0,0,0,3
5c1m,active,246,5,5,0,0,0,2
5c1m,active,247,5,4,1,0,0,3
5c1m,active,248,5,4,1,0,0,1
5c1m,active,249,3,3,0,0,0,2
5c1m,active,250,2,2,0,0,0,3
5c1m,active,251,4,2,2,0,0,0
5c1m,active,252,3,3,0,0,0,1
5c1m,active,253,4,4,0,0,0,0
5c1m,active,254,4,3,0,1,0,0
5c1m,active,255,6,6,0,0,0,0
5c1m,active,256,4,4,0,0,0,2
5c1m,active,257,5,5,0,0,0,4
5c1m,active,258,5,5,0,0,0,1
5c1m,active,259,4,4,0,0,0,1
5c1m,active,260,7,5,2,0,0,0
5c1m,active,261,3,3,0,0,0,4
5c1m,active,262,5,3,2,0,0,0
5c1m,active,263,4,3,1,0,0,0
5c1m,active,264,1,0,1,0,0,0
5c1m,active,265,1,0,1,0,0,0
5c1m,active,266,1,1,0,0,0,0
5c1m,active,268,2,2,0,0,0,0
5c1m,active,269,3,3,0,0,0,0
5c1m,active,270,3,3,0,0,0,0
5c1m,active,271,4,4,0,0,0,0
5c1m,active,272,2,2,0,0,0,0
5c1m,active,273,8,6,2,0,0,0
5c1m,active,274,4,4,0,0,0,0
5c1m,active,275,5,5,0,0,0,0
5c1m,active,276,5,5,0,0,0,0
5c1m,active,277,7,6,1,0,0,1
5c1m,active,278,4,4,0,0,0,0
5c1m,active,279,5,5,0,0,0,0
5c1m,active,280,5,5,0,0,0,3
5c1m,active,281,5,4,1,0,0,0
5c1m,active,282,6,6,0,0,0,0
5c1m,active,283,6,6,0,0,0,1
5c1m,active,284,6,6,0,0,0,4
5c1m,active,285,4,4,0,0,0,0
5c1m,active,286,6,6,0,0,0,2
5c1m,active,287,3,3,0,0,0,2
5c1m,active,288,5,5,0,0,0,3
5c1m,active,289,5,5,0,0,0,0
5c1m,active,290,5,5,0,0,0,3
5c1m,active,291,4,4,0,0,0,7
5c1m,active,292,6,5,1,0,0,2
5c1m,active,293,2,2,0,0,0,0
5c1m,active,294,3,3,0,0,0,0
5c1m,active,295,3,2,0,1,0,5
5c1m,active,296,5,4,1,0,0,0
5c1m,active,297,3,3,0,0,0,1
5c1m,active,298,4,4,0,0,0,4
5c1m,active,299,4,4,0,0,0,0
5c1m,active,300,6,6,0,0,0,2
5c1m,active,301,8,5,1,2,0,0
5c1m,active,302,4,4,0,0,0,2
5c1m,active,303,6,6,0,0,0,3
5c1m,active,304,5,5,0,0,0,2
5c1m,active,305,3,3,0,0,0,0
5c1m,active,306,3,3,0,0,0,0
5c1m,active,307,2,2,0,0,0,1
5c1m,active,308,1,1,0,0,0,1
5c1m,active,310,1,1,0,0,0,0
5c1m,active,311,1,1,0,0,0,0
5c1m,active,312,2,1,1,0,0,0
5c1m,active,313,5,3,2,0,0,0
5c1m,active,314,3,3,0,0,0,0
5c1m,active,315,2,1,1,0,0,0
5c1m,active,316,8,4,4,0,0,0
5c1m,active,317,9,5,1,3,0,0
5c1m,active,318,4,4,0,0,0,1
5c1m,active,319,9,5,2,2,0,0
5c1m,active,320,6,6,0,0,0,3
5c1m,active,321,6,4,0,2,0,0
5c1m,active,322,5,5,0,0,0,2
5c1m,active,323,5,5,0,0,0,0
5c1m,active,324,5,5,0,0,0,2
5c1m,active,325,7,6,1,0,0,2
5c1m,active,326,6,6,0,0,0,2
5c1m,active,327,5,5,0,0,0,0
5c1m,active,328,10,6,0,4,0,0
5c1m,active,329,6,5,1,0,0,0
5c1m,active,330,9,6,1,2,0,0
5c1m,active,331,4,2,1,1,0,0
5c1m,active,332,4,3,1,0,0,0
5c1m,active,333,5,5,0,0,0,1
5c1m,active,334,7,4,1,2,0,0
5c1m,active,335,3,3,0,0,0,2
5c1m,active,336,4,4,0,0,0,2
5c1m,active,337,2,2,0,0,0,3
5c1m,active,338,2,2,0,0,0,0
5c1m,active,339,3,3,0,0,0,3
5c1m,active,340,1,1,0,0,0,5
5c1m,active,341,2,2,0,0,0,1
5c1m,active,342,5,3,2,0,0,0
5c1m,active,343,0,0,0,0,1,0
5c1m,active,344,5,3,1,1,0,0
5c1m,active,345,3,2,1,0,0,5
5c1m,active,346,4,4,0,0,1,0
5c1m,active,347,4,3,0,1,0,0
5c1m,active,348,2,2,0,0,0,0
5c1m,active,349,2,2,0,0,0,0
6dde,active,69,2,2,0,0,0,0
6dde,active,70,3,3,0,0,0,0
6dde,active,72,5,5,0,0,0,0
6dde,active,73,5,5,0,0,0,1
6dde,active,74,5,4,1,0,0,0
6dde,active,75,5,5,0,0,0,0
6dde,active,76,2,2,0,0,0,0
6dde,active,77,3,3,0,0,0,0
6dde,active,78,6,5,1,0,0,0
6dde,active,79,3,3,0,0,0,1
6dde,active,80,3,3,0,0,0,1
6dde,active,81,3,3,0,0,0,0
6dde,active,82,5,5,0,0,0,1
6dde,active,83,2,2,0,0,0,0
6dde,active,84,6,6,0,0,0,0
6dde,active,85,2,2,0,0,0,1
6dde,active,86,5,5,0,0,0,1
6dde,active,87,5,5,0,0,0,0
6dde,active,88,5,4,1,0,0,0
6dde,active,89,5,5,0,0,0,1
6dde,active,90,4,4,0,0,0,1
6dde,active,91,6,6,0,0,0,4
6dde,active,92,3,3,0,0,0,2
6dde,active,93,6,6,0,0,0,0
6dde,active,94,3,3,0,0,0,0
6dde,active,95,6,5,1,0,0,1
6dde,active,96,2,2,0,0,0,0
6dde,active,97,2,2,0,0,0,0
6dde,active,98,1,1,0,0,0,0
6dde,active,99,2,1,1,0,0,0
6dde,active,100,2,2,0,0,0,0
6dde,active,101,1,1,0,0,0,1
6dde,active,102,1,1,0,0,0,0
6dde,active,104,1,1,0,0,0,2
6dde,active,105,4,3,0,1,0,0
6dde,active,106,2,2,0,0,0,0
6dde,active,107,5,5,0,0,0,3
6dde,active,108,3,3,0,0,0,0
6dde,active,109,6,6,0,0,0,2
6dde,active,110,4,4,0,0,0,2
6dde,active,111,10,6,0,4,0,0
6dde,active,112,3,3,0,0,0,1
6dde,active,113,5,4,1,0,0,2
6dde,active,114,4,4,0,0,0,2
6dde,active,115,3,3,0,0,0,0
6dde,active,116,6,3,1,2,0,0
6dde,active,117,6,5,1,0,0,0
6dde,active,118,5,3,2,0,0,1
6dde,active,119,4,4,0,0,0,0
6dde,active,120,4,4,0,0,0,0
6dde,active,121,4,2,2,0,0,0
6dde,active,122,6,5,1,0,0,0
6dde,active,123,3,3,0,0,0,1
6dde,active,124,1,1,0,0,0,0
6dde,active,125,3,3,0,0,0,3
6dde,active,126,2,2,0,0,0,0
6dde,active,127,4,4,0,0,0,0
6dde,active,128,4,4,0,0,0,3
6dde,active,129,3,2,1,0,0,0
6dde,active,130,2,2,0,0,0,0
6dde,active,131,1,1,0,0,0,0
6dde,active,132,2,2,0,0,0,1
6dde,active,133,2,1,1,0,0,0
6dde,active,134,2,1,1,0,0,0
6dde,active,135,4,3,1,0,0,2
6dde,active,136,0,0,0,0,0,1
6dde,active,137,1,1,0,0,0,3
6dde,active,138,4,3,1,0,0,0
6dde,active,139,3,2,0,1,0,0
6dde,active,140,1,1,0,0,0,0
6dde,active,141,3,3,0,0,0,1
6dde,active,142,5,5,0,0,0,0
6dde,active,143,2,1,0,1,0,0
6dde,active,144,4,4,0,0,0,0
6dde,active,145,5,5,0,0,0,2
6dde,active,146,3,3,0,0,0,2
6dde,active,147,5,5,0,0,0,0
6dde,active,148,5,4,1,0,0,0
6dde,active,149,8,6,0,2,0,0
6dde,active,150,1,1,0,0,0,0
6dde,active,151,7,6,1,0,0,0
6dde,active,152,5,4,1,0,0,0
6dde,active,153,5,5,0,0,0,2
6dde,active,154,4,3,1,0,0,5
6dde,active,155,10,5,3,2,0,0
6dde,active,156,5,4,0,1,0,0
6dde,active,157,5,5,0,0,0,4
6dde,active,158,6,4,2,0,0,3
6dde,active,159,9,6,1,2,0,0
6dde,active,160,5,5,0,0,0,2
6dde,active,161,5,5,0,0,0,0
6dde,active,162,8,6,1,1,0,0
6dde,active,163,4,4,0,0,0,1
6dde,active,164,7,6,0,1,0,0
6dde,active,165,5,5,0,0,0,2
6dde,active,166,8,5,0,3,1,0
6dde,active,167,7,6,0,1,0,0
6dde,active,168,4,4,0,0,0,0
6dde,active,169,5,5,0,0,0,3
6dde,active,170,2,2,0,0,0,0
6dde,active,171,3,3,0,0,0,2
6dde,active,172,1,1,0,0,0,0
6dde,active,173,3,3,0,0,0,0
6dde,active,174,3,3,0,0,0,0
6dde,active,175,2,2,0,0,0,0
6dde,active,176,5,5,0,0,0,0
6dde,active,177,5,5,0,0,0,1
6dde,active,178,3,3,0,0,0,0
6dde,active,179,2,2,0,0,0,0
6dde,active,180,3,2,1,0,0,1
6dde,active,181,5,1,0,4,1,0
6dde,active,182,4,4,0,0,0,0
6dde,active,183,1,1,0,0,0,2
6dde,active,184,4,4,0,0,0,0
6dde,active,185,4,3,1,0,0,0
6dde,active,186,4,4,0,0,0,2
6dde,active,187,4,4,0,0,0,0
6dde,active,188,5,5,0,0,0,0
6dde,active,189,4,4,0,0,0,0
6dde,active,190,8,6,0,2,0,0
6dde,active,191,4,4,0,0,0,1
6dde,active,192,5,5,0,0,0,0
6dde,active,193,7,4,2,1,0,0
6dde,active,194,7,5,0,2,0,1
6dde,active,195,5,5,0,0,0,1
6dde,active,196,4,4,0,0,0,3
6dde,active,197,11,6,3,2,0,0
6dde,active,198,5,5,0,0,0,0
6dde,active,199,3,3,0,0,0,1
6dde,active,200,2,2,0,0,0,1
6dde,active,201,4,4,0,0,0,0
6dde,active,202,4,4,0,0,0,0
6dde,active,203,3,3,0,0,0,0
6dde,active,204,3,3,0,0,0,0
6dde,active,205,4,4,0,0,0,0
6dde,active,206,2,2,0,0,0,0
6dde,active,207,4,4,0,0,0,0
6dde,active,208,1,1,0,0,0,2
6dde,active,209,1,1,0,0,0,0
6dde,active,213,4,0,1,3,1,0
6dde,active,217,1,1,0,0,0,0
6dde,active,218,3,0,0,3,1,0
6dde,active,221,0,0,0,0,0,3
6dde,active,222,1,1,0,0,0,0
6dde,active,223,0,0,0,0,0,1
6dde,active,224,1,1,0,0,0,0
6dde,active,226,1,1,0,0,0,0
6dde,active,227,1,1,0,0,0,0
6dde,active,229,2,2,0,0,0,0
6dde,active,230,3,3,0,0,0,2
6dde,active,231,3,3,0,0,0,0
6dde,active,232,2,2,0,0,0,0
6dde,active,233,3,3,0,0,0,1
6dde,active,234,3,3,0,0,0,2
6dde,active,235,3,3,0,0,0,0
6dde,active,236,2,2,0,0,0,0
6dde,active,237,6,6,0,0,0,0
6dde,active,238,3,3,0,0,0,4
6dde,active,239,5,5,0,0,0,4
6dde,active,240,3,3,0,0,0,0
6dde,active,241,1,1,0,0,0,3
6dde,active,242,1,1,0,0,0,3
6dde,active,243,2,2,0,0,0,3
6dde,active,244,2,2,0,0,0,1
6dde,active,245,3,3,0,0,0,0
6dde,active,246,2,2,0,0,0,2
6dde,active,247,4,4,0,0,0,3
6dde,active,248,2,2,0,0,0,0
6dde,active,249,4,4,0,0,0,1
6dde,active,250,2,2,0,0,0,1
6dde,active,251,2,2,0,0,0,0
6dde,active,252,3,3,0,0,0,0
6dde,active,253,2,1,0,1,0,0
6dde,active,254,4,3,0,1,0,0
6dde,active,255,5,5,0,0,0,0
6dde,active,256,3,3,0,0,0,0
6dde,active,257,4,4,0,0,0,3
6dde,active,258,5,5,0,0,0,1
6dde,active,259,2,2,0,0,0,0
6dde,active,260,5,5,0,0,0,0
6dde,active,261,4,4,0,0,0,5
6dde,active,262,2,2,0,0,0,0
6dde,active,263,2,2,0,0,0,0
6dde,active,264,4,4,0,0,0,1
6dde,active,265,1,1,0,0,0,0
6dde,active,266,1,1,0,0,0,0
6dde,active,267,2,2,0,0,0,1
6dde,active,268,1,1,0,0,0,0
6dde,active,270,2,2,0,0,0,0
6dde,active,271,2,2,0,0,0,0
6dde,active,272,6,3,1,2,0,0
6dde,active,273,4,4,0,0,0,0
6dde,active,274,3,3,0,0,0,0
6dde,active,275,5,5,0,0,0,0
6dde,active,276,8,5,1,2,0,0
6dde,active,277,6,5,1,0,0,2
6dde,active,278,6,5,1,0,0,0
6dde,active,279,5,5,0,0,0,0
6dde,active,280,5,5,0,0,0,1
6dde,active,281,6,4,2,0,0,0
6dde,active,282,6,6,0,0,0,0
6dde,active,283,4,4,0,0,0,0
6dde,active,284,6,6,0,0,0,2
6dde,active,285,3,3,0,0,0,0
6dde,active,286,5,5,0,0,0,1
6dde,active,287,4,4,0,0,0,1
6dde,active,288,4,4,0,0,0,1
6dde,active,289,4,4,0,0,0,0
6dde,active,290,4,4,0,0,0,1
6dde,active,291,4,4,0,0,0,5
6dde,active,292,4,4,0,0,0,2
6dde,active,293,1,1,0,0,0,0
6dde,active,294,3,3,0,0,0,0
6dde,active,295,2,1,1,0,0,4
6dde,active,296,4,4,0,0,0,0
6dde,active,297,3,3,0,0,0,1
6dde,active,298,1,1,0,0,0,2
6dde,active,299,2,2,0,0,0,0
6dde,active,300,5,5,0,0,0,2
6dde,active,301,6,4,0,2,0,0
6dde,active,302,1,1,0,0,0,0
6dde,active,303,5,5,0,0,0,1
6dde,active,304,5,5,0,0,0,2
6dde,active,305,2,2,0,0,0,0
6dde,active,306,2,2,0,0,0,0
6dde,active,307,2,2,0,0,0,0
6dde,active,308,2,2,0,0,0,1
6dde,active,310,1,1,0,0,0,0
6dde,active,311,1,1,0,0,0,0
6dde,active,313,4,3,1,0,0,0
6dde,active,315,1,1,0,0,0,0
6dde,active,316,7,4,1,2,0,0
6dde,active,317,2,2,0,0,0,0
6dde,active,318,4,4,0,0,0,1
6dde,active,319,3,3,0,0,0,0
6dde,active,320,5,5,0,0,0,1
6dde,active,321,5,5,0,0,0,0
6dde,active,322,4,4,0,0,0,2
6dde,active,323,6,6,0,0,0,0
6dde,active,324,4,4,0,0,0,2
6dde,active,325,6,6,0,0,0,1
6dde,active,326,2,2,0,0,0,2
6dde,active,327,5,4,1,0,0,0
6dde,active,328,7,5,0,2,0,0
6dde,active,329,4,4,0,0,0,0
6dde,active,330,4,4,0,0,0,0
6dde,active,331,3,1,1,1,0,0
6dde,active,332,4,4,0,0,0,0
6dde,active,333,3,3,0,0,0,0
6dde,active,334,5,5,0,0,0,0
6dde,active,335,1,1,0,0,0,1
6dde,active,336,1,1,0,0,0,1
6dde,active,337,2,2,0,0,0,4
6dde,active,338,3,3,0,0,0,0
6dde,active,339,1,1,0,0,0,1
6dde,active,340,2,2,0,0,0,1
6dde,active,341,1,1,0,0,0,1
6dde,active,342,1,1,0,0,0,0
6dde,active,343,2,2,0,0,0,0
6dde,active,344,1,1,0,0,0,0
6dde,active,345,2,2,0,0,0,0
6dde,active,346,1,1,0,0,0,0
6dde,active,347,2,2,0,0,0,0
6ddf,active,67,1,1,0,0,0,0
6ddf,active,68,1,0,1,0,0,0
6ddf,active,69,4,4,0,0,0,0
6ddf,active,71,1,1,0,0,0,0
6ddf,active,72,4,3,1,0,0,0
6ddf,active,73,4,4,0,0,0,1
6ddf,active,74,3,3,0,0,0,0
6ddf,active,75,4,4,0,0,0,0
6ddf,active,76,1,1,0,0,0,0
6ddf,active,77,3,3,0,0,0,0
6ddf,active,78,4,4,0,0,0,0
6ddf,active,79,3,3,0,0,0,0
6ddf,active,80,2,2,0,0,0,2
6ddf,active,81,2,2,0,0,0,0
6ddf,active,82,4,4,0,0,0,1
6ddf,active,83,3,3,0,0,0,0
6ddf,active,84,3,3,0,0,0,0
6ddf,active,85,3,3,0,0,0,1
6ddf,active,86,3,3,0,0,0,1
6ddf,active,87,4,4,0,0,0,0
6ddf,active,88,4,3,1,0,0,0
6ddf,active,89,3,3,0,0,0,3
6ddf,active,90,4,4,0,0,0,1
6ddf,active,91,6,6,0,0,0,5
6ddf,active,92,2,2,0,0,0,3
6ddf,active,93,6,6,0,0,0,0
6ddf,active,94,3,3,0,0,0,0
6ddf,active,95,6,5,1,0,0,4
6ddf,active,96,2,2,0,0,0,0
6ddf,active,97,3,2,1,0,0,0
6ddf,active,98,1,1,0,0,0,0
6ddf,active,99,3,2,1,0,0,0
6ddf,active,100,3,2,1,0,0,0
6ddf,active,101,1,1,0,0,0,3
6ddf,active,102,1,1,0,0,0,0
6ddf,active,104,1,1,0,0,0,1
6ddf,active,105,4,3,0,1,0,0
6ddf,active,106,2,2,0,0,0,0
6ddf,active,107,5,5,0,0,0,2
6ddf,active,108,3,3,0,0,0,0
6ddf,active,109,6,6,0,0,0,3
6ddf,active,110,4,4,0,0,0,3
6ddf,active,111,10,6,0,4,0,0
6ddf,active,112,3,3,0,0,0,1
6ddf,active,113,6,5,1,0,0,2
6ddf,active,114,5,5,0,0,0,1
6ddf,active,115,1,1,0,0,0,1
6ddf,active,116,6,4,2,0,0,0
6ddf,active,117,4,4,0,0,0,1
6ddf,active,118,5,4,1,0,0,1
6ddf,active,119,2,2,0,0,0,0
6ddf,active,120,8,5,1,2,0,0
6ddf,active,121,2,2,0,0,0,0
6ddf,active,122,6,5,1,0,0,0
6ddf,active,123,3,3,0,0,0,1
6ddf,active,124,3,3,0,0,0,0
6ddf,active,125,2,2,0,0,0,3
6ddf,active,126,2,2,0,0,0,0
6ddf,active,127,3,3,0,0,0,0
6ddf,active,128,3,3,0,0,0,3
6ddf,active,129,3,2,1,0,0,0
6ddf,active,130,2,2,0,0,0,0
6ddf,active,131,1,1,0,0,0,0
6ddf,active,132,2,2,0,0,0,2
6ddf,active,133,3,2,1,0,0,0
6ddf,active,134,2,1,1,0,0,0
6ddf,active,135,3,2,1,0,0,3
6ddf,active,136,0,0,0,0,0,2
6ddf,active,137,1,1,0,0,0,3
6ddf,active,138,2,1,1,0,0,0
6ddf,active,139,1,1,0,0,0,0
6ddf,active,140,1,1,0,0,0,0
6ddf,active,141,3,3,0,0,0,3
6ddf,active,142,4,3,0,1,0,0
6ddf,active,143,1,1,0,0,0,0
6ddf,active,144,4,4,0,0,0,0
6ddf,active,145,5,5,0,0,0,3
6ddf,active,146,3,3,0,0,0,3
6ddf,active,147,5,5,0,0,0,0
6ddf,active,148,4,3,1,0,0,1
6ddf,active,149,7,6,0,1,0,0
6ddf,active,150,1,1,0,0,0,0
6ddf,active,151,6,5,1,0,0,0
6ddf,active,152,5,4,1,0,0,0
6ddf,active,153,5,5,0,0,0,2
6ddf,active,154,4,3,1,0,0,5
6ddf,active,155,8,6,2,0,0,0
6ddf,active,156,2,2,0,0,0,0
6ddf,active,157,6,6,0,0,0,4
6ddf,active,158,6,4,2,0,0,3
6ddf,active,159,7,4,1,2,0,0
6ddf,active,160,3,3,0,0,0,2
6ddf,active,161,5,5,0,0,0,0
6ddf,active,162,6,4,1,1,0,0
6ddf,active,163,5,5,0,0,0,1
6ddf,active,164,6,5,0,1,0,0
6ddf,active,165,4,4,0,0,0,2
6ddf,active,166,9,6,0,3,1,0
6ddf,active,167,4,4,0,0,0,0
6ddf,active,168,6,4,0,2,0,0
6ddf,active,169,4,4,0,0,0,3
6ddf,active,170,2,2,0,0,0,0
6ddf,active,171,2,2,0,0,0,2
6ddf,active,172,1,1,0,0,0,0
6ddf,active,173,5,3,0,2,0,0
6ddf,active,175,3,3,0,0,0,0
6ddf,active,176,3,3,0,0,0,0
6ddf,active,177,4,4,0,0,0,1
6ddf,active,178,2,2,0,0,0,0
6ddf,active,179,2,2,0,0,0,0
6ddf,active,180,3,2,1,0,0,1
6ddf,active,181,5,1,0,4,1,0
6ddf,active,182,4,4,0,0,0,0
6ddf,active,184,2,2,0,0,0,0
6ddf,active,185,4,3,1,0,0,0
6ddf,active,186,3,3,0,0,0,2
6ddf,active,187,2,2,0,0,0,0
6ddf,active,188,6,6,0,0,0,0
6ddf,active,189,3,3,0,0,0,0
6ddf,active,190,8,6,0,2,0,0
6ddf,active,191,3,3,0,0,0,0
6ddf,active,192,5,5,0,0,0,0
6ddf,active,193,7,4,2,1,0,0
6ddf,active,194,5,3,0,2,0,2
6ddf,active,195,6,5,1,0,0,0
6ddf,active,196,3,3,0,0,0,3
6ddf,active,197,7,5,2,0,0,0
6ddf,active,198,6,5,1,0,0,0
6ddf,active,199,2,2,0,0,0,1
6ddf,active,200,2,2,0,0,0,1
6ddf,active,201,4,4,0,0,0,0
6ddf,active,202,4,4,0,0,0,1
6ddf,active,204,4,4,0,0,0,3
6ddf,active,205,4,4,0,0,0,0
6ddf,active,206,1,1,0,0,0,1
6ddf,active,207,3,3,0,0,0,1
6ddf,active,208,2,2,0,0,0,2
6ddf,active,209,3,2,1,0,0,0
6ddf,active,210,1,0,0,1,0,0
6ddf,active,213,3,0,1,2,1,0
6ddf,active,217,1,1,0,0,0,0
6ddf,active,218,2,0,0,2,1,0
6ddf,active,220,2,1,1,0,0,0
6ddf,active,221,0,0,0,0,0,4
6ddf,active,223,0,0,0,0,0,1
6ddf,active,226,0,0,0,0,0,1
6ddf,active,229,3,3,0,0,0,0
6ddf,active,230,0,0,0,0,0,4
6ddf,active,231,3,3,0,0,0,0
6ddf,active,232,2,2,0,0,0,0
6ddf,active,233,4,4,0,0,0,1
6ddf,active,234,4,4,0,0,0,3
6ddf,active,235,3,3,0,0,0,0
6ddf,active,236,3,3,0,0,0,0
6ddf,active,237,5,5,0,0,0,0
6ddf,active,238,3,3,0,0,0,4
6ddf,active,239,6,6,0,0,0,3
6ddf,active,240,1,1,0,0,0,1
6ddf,active,241,2,2,0,0,0,3
6ddf,active,242,1,1,0,0,0,3
6ddf,active,243,2,2,0,0,0,3
6ddf,active,244,2,2,0,0,0,2
6ddf,active,245,2,2,0,0,0,0
6ddf,active,246,2,2,0,0,0,2
6ddf,active,247,4,4,0,0,0,3
6ddf,active,248,2,2,0,0,0,0
6ddf,active,249,5,5,0,0,0,1
6ddf,active,250,2,2,0,0,0,1
6ddf,active,251,3,3,0,0,0,0
6ddf,active,252,3,3,0,0,0,0
6ddf,active,253,2,1,0,1,0,0
6ddf,active,254,3,3,0,0,0,0
6ddf,active,255,5,5,0,0,0,0
6ddf,active,256,2,2,0,0,0,0
6ddf,active,257,4,4,0,0,0,3
6ddf,active,258,5,5,0,0,0,1
6ddf,active,259,1,1,0,0,0,0
6ddf,active,260,6,5,1,0,0,0
6ddf,active,261,4,4,0,0,0,5
6ddf,active,262,2,2,0,0,0,0
6ddf,active,263,3,2,1,0,0,0
6ddf,active,264,4,4,0,0,0,2
6ddf,active,265,1,1,0,0,0,0
6ddf,active,266,1,1,0,0,0,0
6ddf,active,267,2,2,0,0,0,2
6ddf,active,268,1,1,0,0,0,0
6ddf,active,269,1,1,0,0,0,0
6ddf,active,270,3,3,0,0,0,0
6ddf,active,271,2,2,0,0,0,0
6ddf,active,272,7,4,1,2,0,0
6ddf,active,273,3,3,0,0,0,0
6ddf,active,274,7,7,0,0,0,0
6ddf,active,275,4,4,0,0,0,0
6ddf,active,276,9,6,1,2,0,0
6ddf,active,277,6,5,1,0,0,2
6ddf,active,278,6,5,1,0,0,0
6ddf,active,279,7,5,0,2,1,0
6ddf,active,280,5,5,0,0,0,1
6ddf,active,281,6,4,2,0,0,0
6ddf,active,282,6,6,0,0,0,0
6ddf,active,283,4,4,0,0,0,0
6ddf,active,284,6,6,0,0,0,2
6ddf,active,285,3,3,0,0,0,0
6ddf,active,286,4,4,0,0,0,1
6ddf,active,287,4,4,0,0,0,1
6ddf,active,288,4,4,0,0,0,1
6ddf,active,289,3,3,0,0,0,0
6ddf,active,290,4,4,0,0,0,1
6ddf,active,291,4,4,0,0,0,5
6ddf,active,292,4,4,0,0,0,2
6ddf,active,293,1,1,0,0,0,0
6ddf,active,294,4,3,1,0,0,0
6ddf,active,295,2,1,1,0,0,4
6ddf,active,296,4,4,0,0,0,0
6ddf,active,297,3,3,0,0,0,1
6ddf,active,298,1,1,0,0,0,2
6ddf,active,299,5,5,0,0,0,0
6ddf,active,300,5,5,0,0,0,1
6ddf,active,301,7,5,0,2,0,0
6ddf,active,302,2,2,0,0,0,0
6ddf,active,303,5,5,0,0,0,1
6ddf,active,304,5,5,0,0,0,2
6ddf,active,305,2,2,0,0,0,0
6ddf,active,306,2,2,0,0,0,0
6ddf,active,307,1,1,0,0,0,0
6ddf,active,308,2,2,0,0,0,1
6ddf,active,310,2,2,0,0,0,0
6ddf,active,311,1,1,0,0,0,0
6ddf,active,312,1,1,0,0,0,0
6ddf,active,313,3,3,0,0,0,0
6ddf,active,315,1,1,0,0,0,0
6ddf,active,316,6,4,0,2,0,0
6ddf,active,317,2,2,0,0,0,0
6ddf,active,318,4,4,0,0,0,1
6ddf,active,319,2,2,0,0,0,0
6ddf,active,320,5,5,0,0,0,0
6ddf,active,321,5,5,0,0,0,0
6ddf,active,322,3,3,0,0,0,1
6ddf,active,323,6,6,0,0,0,0
6ddf,active,324,4,4,0,0,0,1
6ddf,active,325,7,6,1,0,0,1
6ddf,active,326,2,2,0,0,0,2
6ddf,active,327,4,3,1,0,0,0
6ddf,active,328,6,5,0,1,0,0
6ddf,active,329,4,3,1,0,0,0
6ddf,active,330,7,4,2,1,0,0
6ddf,active,331,4,1,1,2,0,0
6ddf,active,332,3,3,0,0,0,0
6ddf,active,333,5,5,0,0,0,0
6ddf,active,334,5,3,1,1,0,0
6ddf,active,335,4,4,0,0,0,1
6ddf,active,336,1,1,0,0,0,1
6ddf,active,337,3,3,0,0,0,3
6ddf,active,338,3,3,0,0,0,0
6ddf,active,339,1,1,0,0,0,1
6ddf,active,340,3,3,0,0,0,2
6ddf,active,341,1,1,0,0,0,0
6ddf,active,342,1,1,0,0,0,0
6ddf,active,343,4,2,0,2,1,0
6ddf,active,344,1,1,0,0,0,0
6ddf,active,345,2,2,0,0,0,0
6ddf,active,346,2,2,0,0,0,0
6ddf,active,347,1,1,0,0,0,0
7sbf,active,67,2,2,0,0,0,0
7sbf,active,68,3,3,0,0,0,0
7sbf,active,69,4,4,0,0,0,1
7sbf,active,70,2,2,0,0,0,0
7sbf,active,71,4,4,0,0,0,0
7sbf,active,72,4,4,0,0,0,0
7sbf,active,73,5,5,0,0,0,2
7sbf,active,74,4,2,2,0,0,0
7sbf,active,75,6,6,0,0,0,0
7sbf,active,76,5,5,0,0,0,4
7sbf,active,77,8,6,0,2,0,0
7sbf,active,78,7,6,1,0,0,0
7sbf,active,79,6,6,0,0,0,1
7sbf,active,80,6,6,0,0,0,2
7sbf,active,81,6,6,0,0,0,0
7sbf,active,82,6,6,0,0,0,0
7sbf,active,83,5,5,0,0,0,0
7sbf,active,84,6,5,1,0,0,0
7sbf,active,85,6,6,0,0,0,1
7sbf,active,86,3,3,0,0,0,0
7sbf,active,87,5,5,0,0,0,0
7sbf,active,88,7,6,1,0,0,0
7sbf,active,89,4,4,0,0,0,3
7sbf,active,90,5,5,0,0,0,2
7sbf,active,91,6,6,0,0,0,6
7sbf,active,92,5,5,0,0,0,4
7sbf,active,93,6,6,0,0,0,0
7sbf,active,94,6,6,0,0,0,2
7sbf,active,95,7,6,1,0,0,5
7sbf,active,96,3,3,0,0,0,0
7sbf,active,97,4,3,1,0,0,0
7sbf,active,98,2,1,1,0,0,0
7sbf,active,99,4,3,1,0,0,0
7sbf,active,100,3,1,2,0,0,0
7sbf,active,101,1,1,0,0,0,2
7sbf,active,102,1,1,0,0,0,0
7sbf,active,103,3,1,1,1,0,0
7sbf,active,104,0,0,0,0,0,1
7sbf,active,105,3,2,1,0,0,0
7sbf,active,106,1,0,0,1,0,0
7sbf,active,107,4,4,0,0,0,2
7sbf,active,108,2,2,0,0,0,0
7sbf,active,109,4,4,0,0,0,4
7sbf,active,110,4,4,0,0,0,2
7sbf,active,111,9,6,0,3,0,0
7sbf,active,112,6,6,0,0,0,2
7sbf,active,113,6,6,0,0,0,2
7sbf,active,114,6,6,0,0,0,2
7sbf,active,115,5,5,0,0,0,1
7sbf,active,116,7,6,0,1,0,0
7sbf,active,117,5,5,0,0,0,2
7sbf,active,118,5,4,1,0,0,1
7sbf,active,119,6,5,1,0,0,0
7sbf,active,120,4,4,0,0,0,0
7sbf,active,121,5,4,1,0,0,0
7sbf,active,122,7,4,1,2,0,0
7sbf,active,123,5,5,0,0,0,1
7sbf,active,124,3,3,0,0,0,0
7sbf,active,125,5,5,0,0,0,4
7sbf,active,126,6,2,0,4,0,0
7sbf,active,127,7,6,1,0,0,0
7sbf,active,128,5,5,0,0,0,3
7sbf,active,129,4,4,0,0,0,0
7sbf,active,130,5,5,0,0,0,0
7sbf,active,131,2,2,0,0,0,0
7sbf,active,132,3,3,0,0,0,1
7sbf,active,133,2,2,0,0,0,0
7sbf,active,134,2,2,0,0,0,0
7sbf,active,135,3,1,1,1,0,2
7sbf,active,136,1,1,0,0,0,1
7sbf,active,137,1,1,0,0,0,3
7sbf,active,138,3,2,1,0,0,0
7sbf,active,139,3,1,1,1,0,0
7sbf,active,140,1,1,0,0,0,0
7sbf,active,141,4,4,0,0,0,4
7sbf,active,142,2,0,0,2,0,0
7sbf,active,143,2,1,1,0,0,0
7sbf,active,144,3,3,0,0,0,2
7sbf,active,145,4,4,0,0,0,3
7sbf,active,146,3,3,0,0,0,3
7sbf,active,147,7,5,2,0,0,0
7sbf,active,148,6,5,1,0,0,0
7sbf,active,149,8,6,0,2,0,0
7sbf,active,150,2,2,0,0,0,0
7sbf,active,151,7,6,1,0,0,0
7sbf,active,152,8,5,3,0,0,0
7sbf,active,153,4,3,1,0,0,4
7sbf,active,154,5,5,0,0,0,5
7sbf,active,155,5,4,1,0,0,0
7sbf,active,156,7,5,2,0,0,0
7sbf,active,157,5,5,0,0,0,5
7sbf,active,158,6,5,1,0,0,3
7sbf,active,159,6,5,0,1,0,0
7sbf,active,160,5,5,0,0,0,3
7sbf,active,161,5,4,1,0,0,0
7sbf,active,162,8,6,1,1,0,0
7sbf,active,163,5,5,0,0,0,2
7sbf,active,164,7,6,1,0,0,0
7sbf,active,165,6,6,0,0,0,2
7sbf,active,166,7,6,0,1,1,0
7sbf,active,167,7,6,0,1,0,0
7sbf,active,168,6,6,0,0,0,0
7sbf,active,169,5,5,0,0,0,2
7sbf,active,170,3,3,0,0,0,0
7sbf,active,171,3,3,0,0,0,2
7sbf,active,172,1,1,0,0,0,0
7sbf,active,173,2,2,0,0,0,0
7sbf,active,174,3,3,0,0,0,0
7sbf,active,175,1,1,0,0,0,0
7sbf,active,176,4,4,0,0,0,0
7sbf,active,177,5,5,0,0,0,1
7sbf,active,178,3,3,0,0,0,0
7sbf,active,179,2,2,0,0,0,0
7sbf,active,180,4,3,1,0,0,0
7sbf,active,181,2,1,0,1,1,0
7sbf,active,182,6,4,1,1,0,0
7sbf,active,183,2,2,0,0,0,1
7sbf,active,184,4,4,0,0,0,0
7sbf,active,185,7,4,2,1,0,0
7sbf,active,186,6,6,0,0,0,1
7sbf,active,187,6,6,0,0,0,0
7sbf,active,188,6,6,0,0,0,0
7sbf,active,189,6,5,1,0,0,0
7sbf,active,190,8,6,0,2,0,0
7sbf,active,191,5,5,0,0,0,0
7sbf,active,192,6,6,0,0,0,0
7sbf,active,193,9,6,2,1,0,0
7sbf,active,194,10,6,2,2,0,2
7sbf,active,195,5,5,0,0,0,0
7sbf,active,196,5,5,0,0,0,1
7sbf,active,197,8,6,2,0,0,0
7sbf,active,198,6,6,0,0,0,0
7sbf,active,199,2,2,0,0,0,0
7sbf,active,200,3,3,0,0,0,2
7sbf,active,201,3,3,0,0,0,0
7sbf,active,202,5,5,0,0,0,0
7sbf,active,203,3,3,0,0,0,0
7sbf,active,204,2,2,0,0,0,2
7sbf,active,205,5,4,1,0,0,1
7sbf,active,206,2,2,0,0,0,0
7sbf,active,207,3,3,0,0,0,3
7sbf,active,208,1,1,0,0,0,2
7sbf,active,209,1,1,0,0,0,0
7sbf,active,210,3,0,1,2,0,0
7sbf,active,211,1,1,0,0,0,0
7sbf,active,213,1,0,1,0,0,0
7sbf,active,218,2,1,1,0,0,0
7sbf,active,221,0,0,0,0,0,5
7sbf,active,223,0,0,0,0,0,2
7sbf,active,224,2,2,0,0,0,0
7sbf,active,226,4,4,0,0,0,0
7sbf,active,227,3,3,0,0,0,0
7sbf,active,228,2,1,1,0,0,0
7sbf,active,229,2,2,0,0,0,0
7sbf,active,230,3,3,0,0,0,2
7sbf,active,231,4,4,0,0,0,0
7sbf,active,232,4,3,1,0,0,0
7sbf,active,233,5,5,0,0,0,0
7sbf,active,234,6,6,0,0,0,2
7sbf,active,235,6,6,0,0,0,0
7sbf,active,236,5,5,0,0,0,0
7sbf,active,237,6,6,0,0,0,0
7sbf,active,238,3,3,0,0,0,3
7sbf,active,239,5,5,0,0,0,3
7sbf,active,240,3,3,0,0,0,0
7sbf,active,241,1,1,0,0,0,2
7sbf,active,242,1,1,0,0,0,4
7sbf,active,243,2,2,0,0,0,3
7sbf,active,244,3,3,0,0,0,1
7sbf,active,245,4,4,0,0,0,3
7sbf,active,246,2,2,0,0,0,2
7sbf,active,247,7,6,1,0,0,3
7sbf,active,248,2,2,0,0,0,0
7sbf,active,249,6,6,0,0,0,2
7sbf,active,250,5,5,0,0,0,2
7sbf,active,251,5,4,1,0,0,0
7sbf,active,252,4,4,0,0,0,1
7sbf,active,253,6,6,0,0,0,0
7sbf,active,254,5,2,0,3,0,0
7sbf,active,255,6,6,0,0,0,0
7sbf,active,256,5,5,0,0,0,1
7sbf,active,257,4,4,0,0,0,2
7sbf,active,258,6,6,0,0,0,1
7sbf,active,259,2,2,0,0,0,0
7sbf,active,260,8,5,2,1,0,0
7sbf,active,261,3,3,0,0,0,4
7sbf,active,262,2,2,0,0,0,0
7sbf,active,263,5,2,2,1,0,0
7sbf,active,264,2,2,0,0,0,2
7sbf,active,265,1,0,1,0,0,0
7sbf,active,266,1,1,0,0,0,0
7sbf,active,267,1,1,0,0,0,3
7sbf,active,270,2,2,0,0,0,0
7sbf,active,271,3,3,0,0,0,0
7sbf,active,272,4,4,0,0,0,0
7sbf,active,273,6,5,1,0,0,0
7sbf,active,274,6,5,1,0,0,0
7sbf,active,275,6,6,0,0,0,0
7sbf,active,276,6,6,0,0,0,0
7sbf,active,277,6,6,0,0,0,2
7sbf,active,278,6,5,1,0,0,0
7sbf,active,279,6,5,0,1,1,0
7sbf,active,280,6,6,0,0,0,2
7sbf,active,281,3,3,0,0,0,0
7sbf,active,282,6,6,0,0,0,0
7sbf,active,283,5,5,0,0,0,1
7sbf,active,284,6,6,0,0,0,2
7sbf,active,285,6,6,0,0,0,0
7sbf,active,286,5,5,0,0,0,2
7sbf,active,287,6,6,0,0,0,1
7sbf,active,288,5,5,0,0,0,2
7sbf,active,289,6,6,0,0,0,0
7sbf,active,290,6,6,0,0,0,3
7sbf,active,291,5,5,0,0,0,6
7sbf,active,292,6,6,0,0,0,2
7sbf,active,293,2,2,0,0,0,0
7sbf,active,294,3,3,0,0,0,0
7sbf,active,295,3,3,0,0,0,5
7sbf,active,296,4,4,0,0,0,0
7sbf,active,297,3,3,0,0,0,0
7sbf,active,298,3,3,0,0,0,4
7sbf,active,299,6,6,0,0,0,0
7sbf,active,300,5,5,0,0,0,0
7sbf,active,301,7,6,1,0,0,0
7sbf,active,302,6,6,0,0,0,2
7sbf,active,303,6,6,0,0,0,2
7sbf,active,304,6,6,0,0,0,1
7sbf,active,305,4,4,0,0,0,0
7sbf,active,306,3,3,0,0,0,0
7sbf,active,307,3,3,0,0,0,1
7sbf,active,308,1,1,0,0,0,1
7sbf,active,313,1,1,0,0,0,0
7sbf,active,315,2,2,0,0,0,1
7sbf,active,316,3,2,1,0,0,0
7sbf,active,317,3,3,0,0,0,0
7sbf,active,318,2,2,0,0,0,2
7sbf,active,319,6,6,0,0,0,0
7sbf,active,320,5,5,0,0,0,3
7sbf,active,321,7,5,0,2,0,0
7sbf,active,322,6,6,0,0,0,2
7sbf,active,323,5,5,0,0,0,0
7sbf,active,324,6,6,0,0,0,2
7sbf,active,325,5,5,0,0,0,1
7sbf,active,326,6,6,0,0,0,1
7sbf,active,327,2,2,0,0,0,0
7sbf,active,328,10,6,0,4,0,0
7sbf,active,329,5,5,0,0,0,0
7sbf,active,330,5,5,0,0,0,0
7sbf,active,331,4,3,0,1,0,0
7sbf,active,332,3,3,0,0,0,0
7sbf,active,333,5,5,0,0,0,2
7sbf,active,334,5,5,0,0,0,0
7sbf,active,335,3,3,0,0,0,1
7sbf,active,336,3,3,0,0,0,2
7sbf,active,337,2,2,0,0,0,4
7sbf,active,338,3,1,0,2,0,0
7sbf,active,339,3,3,0,0,0,3
7sbf,active,340,2,1,1,0,0,3
7sbf,active,341,2,2,0,0,0,2
7sbf,active,342,6,4,1,1,0,0
7sbf,active,343,1,0,0,1,1,0
7sbf,active,344,4,2,1,1,0,0
7sbf,active,345,2,2,0,0,0,4
7sbf,active,346,3,2,1,0,0,0
7sbf,active,347,1,1,0,0,0,0
7scg,active,68,3,3,0,0,0,0
7scg,active,69,3,3,0,0,0,0
7scg,active,70,4,4,0,0,0,1
7scg,active,71,5,5,0,0,0,0
7scg,active,72,6,6,0,0,0,0
7scg,active,73,6,6,0,0,0,0
7scg,active,74,6,6,0,0,0,1
7scg,active,75,5,5,0,0,0,0
7scg,active,76,6,6,0,0,0,2
7scg,active,77,5,5,0,0,0,0
7scg,active,78,6,6,0,0,0,0
7scg,active,79,6,6,0,0,0,0
7scg,active,80,6,6,0,0,0,1
7scg,active,81,6,6,0,0,0,0
7scg,active,82,6,6,0,0,0,0
7scg,active,83,6,6,0,0,0,0
7scg,active,84,6,6,0,0,0,0
7scg,active,85,6,6,0,0,0,1
7scg,active,86,6,6,0,0,0,0
7scg,active,87,6,6,0,0,0,0
7scg,active,88,7,6,1,0,0,0
7scg,active,89,6,6,0,0,0,1
7scg,active,90,5,5,0,0,0,2
7scg,active,91,6,6,0,0,0,6
7scg,active,92,2,2,0,0,0,3
7scg,active,93,6,6,0,0,0,0
7scg,active,94,4,4,0,0,0,3
7scg,active,95,6,5,1,0,0,5
7scg,active,96,1,1,0,0,0,0
7scg,active,97,3,3,0,0,0,0
7scg,active,98,1,1,0,0,0,0
7scg,active,99,3,2,1,0,0,0
7scg,active,100,1,1,0,0,0,0
7scg,active,101,1,1,0,0,0,3
7scg,active,103,4,3,0,1,0,0
7scg,active,104,3,3,0,0,0,1
7scg,active,105,4,4,0,0,0,0
7scg,active,106,6,5,0,1,0,0
7scg,active,107,6,6,0,0,0,3
7scg,active,108,6,6,0,0,0,0
7scg,active,109,6,6,0,0,0,3
7scg,active,110,6,6,0,0,0,3
7scg,active,111,8,6,0,2,0,0
7scg,active,112,6,6,0,0,0,2
7scg,active,113,5,5,0,0,0,2
7scg,active,114,6,6,0,0,0,3
7scg,active,115,5,5,0,0,0,1
7scg,active,116,8,5,0,3,0,0
7scg,active,117,7,6,1,0,0,0
7scg,active,118,3,2,1,0,0,1
7scg,active,119,4,4,0,0,0,0
7scg,active,120,4,4,0,0,0,0
7scg,active,121,4,3,1,0,0,0
7scg,active,122,3,3,0,0,0,0
7scg,active,123,5,5,0,0,0,1
7scg,active,124,4,4,0,0,0,0
7scg,active,125,5,5,0,0,0,4
7scg,active,126,7,5,0,2,0,0
7scg,active,127,6,6,0,0,0,0
7scg,active,128,6,6,0,0,0,1
7scg,active,129,4,4,0,0,0,0
7scg,active,130,4,4,0,0,0,0
7scg,active,131,2,2,0,0,0,2
7scg,active,132,2,2,0,0,0,0
7scg,active,133,1,1,0,0,0,0
7scg,active,135,3,1,1,1,0,4
7scg,active,137,1,1,0,0,0,3
7scg,active,138,3,2,1,0,0,0
7scg,active,139,1,1,0,0,0,0
7scg,active,140,1,1,0,0,0,0
7scg,active,141,4,4,0,0,0,5
7scg,active,142,3,3,0,0,0,0
7scg,active,143,3,0,3,0,0,0
7scg,active,144,4,4,0,0,0,2
7scg,active,145,5,5,0,0,0,3
7scg,active,146,4,4,0,0,0,2
7scg,active,147,6,5,1,0,0,0
7scg,active,148,6,6,0,0,0,1
7scg,active,149,5,4,0,1,0,0
7scg,active,150,3,3,0,0,0,0
7scg,active,151,6,4,2,0,0,0
7scg,active,152,1,1,0,0,0,0
7scg,active,153,4,4,0,0,0,3
7scg,active,154,3,3,0,0,0,5
7scg,active,155,5,1,2,2,0,0
7scg,active,156,2,2,0,0,0,0
7scg,active,157,5,5,0,0,0,3
7scg,active,158,4,3,1,0,0,1
7scg,active,159,5,4,1,0,0,0
7scg,active,160,4,4,0,0,0,3
7scg,active,161,7,6,1,0,0,0
7scg,active,162,7,6,1,0,0,0
7scg,active,163,6,6,0,0,0,2
7scg,active,164,7,6,1,0,0,0
7scg,active,165,5,5,0,0,0,2
7scg,active,166,9,6,0,3,1,0
7scg,active,167,6,5,0,1,0,0
7scg,active,168,6,6,0,0,0,0
7scg,active,169,5,5,0,0,0,2
7scg,active,170,3,3,0,0,0,0
7scg,active,171,3,3,0,0,0,2
7scg,active,172,1,1,0,0,0,0
7scg,active,173,3,3,0,0,0,0
7scg,active,175,3,3,0,0,0,0
7scg,active,176,2,2,0,0,0,0
7scg,active,177,3,3,0,0,0,1
7scg,active,178,2,2,0,0,0,0
7scg,active,179,1,1,0,0,0,0
7scg,active,180,3,1,2,0,0,0
7scg,active,181,4,1,0,3,1,0
7scg,active,182,6,4,1,1,0,0
7scg,active,183,2,2,0,0,0,1
7scg,active,184,4,4,0,0,0,0
7scg,active,185,6,4,1,1,0,0
7scg,active,186,7,6,1,0,0,2
7scg,active,187,6,6,0,0,0,0
7scg,active,188,6,6,0,0,0,0
7scg,active,189,6,6,0,0,0,0
7scg,active,190,6,4,1,1,0,0
7scg,active,191,6,6,0,0,0,1
7scg,active,192,4,4,0,0,0,0
7scg,active,193,6,5,1,0,0,0
7scg,active,194,7,4,2,1,0,2
7scg,active,195,2,2,0,0,0,1
7scg,active,196,4,4,0,0,0,0
7scg,active,197,8,5,1,2,0,0
7scg,active,198,5,4,1,0,0,0
7scg,active,199,2,2,0,0,0,0
7scg,active,200,3,3,0,0,0,2
7scg,active,201,4,3,1,0,0,0
7scg,active,202,5,5,0,0,0,0
7scg,active,203,2,2,0,0,0,0
7scg,active,204,3,3,0,0,0,2
7scg,active,205,3,2,1,0,0,0
7scg,active,206,4,3,1,0,0,0
7scg,active,207,2,2,0,0,0,0
7scg,active,208,2,1,1,0,0,0
7scg,active,209,2,2,0,0,0,0
7scg,active,211,1,1,0,0,0,0
7scg,active,213,3,3,0,0,0,0
7scg,active,215,1,1,0,0,0,0
7scg,active,216,1,1,0,0,0,0
7scg,active,217,0,0,0,0,0,1
7scg,active,219,1,0,0,1,0,0
7scg,active,220,1,1,0,0,0,0
7scg,active,221,0,0,0,0,0,2
7scg,active,223,0,0,0,0,0,2
7scg,active,225,1,1,0,0,0,0
7scg,active,226,3,3,0,0,0,1
7scg,active,227,4,4,0,0,0,0
7scg,active,228,3,3,0,0,0,0
7scg,active,229,5,5,0,0,0,0
7scg,active,230,4,4,0,0,0,2
7scg,active,231,6,6,0,0,1,0
7scg,active,232,4,4,0,0,0,0
7scg,active,233,6,6,0,0,0,0
7scg,active,234,5,5,0,0,0,3
7scg,active,235,6,6,0,0,1,0
7scg,active,236,6,6,0,0,0,1
7scg,active,237,6,6,0,0,0,0
7scg,active,238,5,5,0,0,0,3
7scg,active,239,6,6,0,0,0,2
7scg,active,240,4,4,0,0,0,1
7scg,active,241,2,2,0,0,0,1
7scg,active,242,2,2,0,0,0,2
7scg,active,243,1,1,0,0,0,3
7scg,active,244,1,1,0,0,0,1
7scg,active,245,4,4,0,0,0,1
7scg,active,246,3,3,0,0,0,2
7scg,active,247,4,3,1,0,0,3
7scg,active,248,5,5,0,0,0,0
7scg,active,249,6,6,0,0,0,2
7scg,active,250,4,4,0,0,0,2
7scg,active,251,6,5,1,0,0,0
7scg,active,252,6,6,0,0,0,1
7scg,active,253,6,6,0,0,0,0
7scg,active,254,5,4,0,1,0,0
7scg,active,255,6,6,0,0,0,0
7scg,active,256,5,5,0,0,0,1
7scg,active,257,6,6,0,0,0,2
7scg,active,258,4,4,0,0,0,3
7scg,active,259,4,4,0,0,0,0
7scg,active,260,4,4,0,0,0,0
7scg,active,261,3,3,0,0,0,6
7scg,active,262,2,1,1,0,0,0
7scg,active,263,2,2,0,0,0,0
7scg,active,264,3,2,1,0,0,1
7scg,active,265,3,2,1,0,0,0
7scg,active,266,1,1,0,0,0,0
7scg,active,267,2,2,0,0,0,2
7scg,active,268,4,1,3,0,0,0
7scg,active,270,1,1,0,0,0,0
7scg,active,271,3,3,0,0,0,0
7scg,active,272,3,2,1,0,0,0
7scg,active,273,6,4,2,0,0,0
7scg,active,274,4,4,0,0,0,0
7scg,active,275,6,6,0,0,0,0
7scg,active,276,8,6,1,1,0,0
7scg,active,277,6,6,0,0,0,2
7scg,active,278,6,6,0,0,0,0
7scg,active,279,8,5,0,3,1,0
7scg,active,280,6,6,0,0,0,2
7scg,active,281,5,5,0,0,0,0
7scg,active,282,6,6,0,0,0,0
7scg,active,283,6,6,0,0,0,0
7scg,active,284,6,6,0,0,0,2
7scg,active,285,6,6,0,0,0,0
7scg,active,286,6,6,0,0,0,2
7scg,active,287,6,6,0,0,0,0
7scg,active,288,6,6,0,0,0,2
7scg,active,289,6,6,0,0,0,0
7scg,active,290,6,6,0,0,0,2
7scg,active,291,6,6,0,0,0,6
7scg,active,292,7,6,1,0,0,2
7scg,active,293,3,3,0,0,0,0
7scg,active,294,3,3,0,0,0,0
7scg,active,295,2,2,0,0,0,5
7scg,active,296,5,4,1,0,0,0
7scg,active,297,3,3,0,0,0,1
7scg,active,298,4,4,0,0,0,3
7scg,active,299,5,5,0,0,0,0
7scg,active,300,6,6,0,0,0,1
7scg,active,301,6,6,0,0,0,0
7scg,active,302,6,6,0,0,0,2
7scg,active,303,5,5,0,0,0,0
7scg,active,304,5,5,0,0,0,1
7scg,active,305,5,4,0,1,0,0
7scg,active,306,3,3,0,0,0,0
7scg,active,307,2,2,0,0,0,0
7scg,active,308,1,1,0,0,0,0
7scg,active,310,2,1,1,0,0,0
7scg,active,312,1,0,1,0,0,0
7scg,active,313,2,0,2,0,0,0
7scg,active,314,3,3,0,0,0,0
7scg,active,315,5,3,2,0,0,0
7scg,active,316,7,4,2,1,0,0
7scg,active,317,7,5,2,0,0,0
7scg,active,318,6,6,0,0,0,0
7scg,active,319,6,5,1,0,0,0
7scg,active,320,6,6,0,0,0,2
7scg,active,321,3,2,1,0,0,0
7scg,active,322,6,6,0,0,0,2
7scg,active,323,5,5,0,0,0,0
7scg,active,324,5,5,0,0,0,2
7scg,active,325,6,5,1,0,0,1
7scg,active,326,5,5,0,0,0,2
7scg,active,327,4,4,0,0,0,0
7scg,active,328,9,6,0,3,0,0
7scg,active,329,6,5,1,0,0,0
7scg,active,330,4,4,0,0,0,0
7scg,active,331,2,1,0,1,0,0
7scg,active,332,3,3,0,0,0,0
7scg,active,333,5,5,0,0,0,0
7scg,active,334,6,4,0,2,0,0
7scg,active,335,5,5,0,0,0,1
7scg,active,336,2,2,0,0,0,1
7scg,active,337,3,3,0,0,0,2
7scg,active,338,2,2,0,0,0,0
7scg,active,339,3,3,0,0,0,3
7scg,active,340,2,2,0,0,0,4
7scg,active,341,2,2,0,0,0,0
7scg,active,342,6,5,1,0,0,0
7scg,active,343,5,3,0,2,2,0
7scg,active,344,4,3,1,0,0,0
7scg,active,345,4,4,0,0,0,4
7scg,active,346,2,2,0,0,1,0
7scg,active,347,3,3,0,0,0,0
7scg,active,348,2,2,0,0,0,0
7scg,active,349,1,1,0,0,0,1
7t2g,active,67,3,3,0,0,0,0
7t2g,active,68,3,3,0,0,0,0
7t2g,active,69,4,4,0,0,0,2
7t2g,active,70,6,5,1,0,0,1
7t2g,active,71,6,6,0,0,0,1
7t2g,active,72,5,5,0,0,0,0
7t2g,active,73,6,6,0,0,0,2
7t2g,active,74,8,5,3,0,0,0
7t2g,active,75,6,6,0,0,0,0
7t2g,active,76,4,4,0,0,0,4
7t2g,active,77,8,5,1,2,0,0
7t2g,active,78,6,5,1,0,0,0
7t2g,active,79,4,4,0,0,0,2
7t2g,active,80,4,4,0,0,0,3
7t2g,active,81,7,6,1,0,0,0
7t2g,active,82,4,4,0,0,0,0
7t2g,active,83,4,4,0,0,0,1
7t2g,active,84,5,4,1,0,0,0
7t2g,active,85,5,5,0,0,0,2
7t2g,active,86,2,2,0,0,0,0
7t2g,active,87,4,4,0,0,0,0
7t2g,active,88,7,5,2,0,0,0
7t2g,active,89,4,4,0,0,0,3
7t2g,active,90,6,6,0,0,0,3
7t2g,active,91,6,6,0,0,0,7
7t2g,active,92,5,5,0,0,0,5
7t2g,active,93,7,6,0,1,0,0
7t2g,active,94,6,6,0,0,0,3
7t2g,active,95,5,5,0,0,0,5
7t2g,active,96,3,3,0,0,0,2
7t2g,active,97,5,3,1,1,0,0
7t2g,active,98,2,2,0,0,0,0
7t2g,active,99,2,1,1,0,0,0
7t2g,active,100,5,3,2,0,0,0
7t2g,active,101,0,0,0,0,0,4
7t2g,active,102,1,1,0,0,0,0
7t2g,active,103,6,3,2,1,0,0
7t2g,active,104,3,3,0,0,0,1
7t2g,active,105,5,4,1,0,0,0
7t2g,active,106,9,5,3,1,0,0
7t2g,active,107,6,5,1,0,0,3
7t2g,active,108,6,6,0,0,0,0
7t2g,active,109,5,5,0,0,0,5
7t2g,active,110,5,5,0,0,0,5
7t2g,active,111,9,6,0,3,0,0
7t2g,active,112,5,5,0,0,0,1
7t2g,active,113,5,5,0,0,0,2
7t2g,active,114,6,6,0,0,0,4
7t2g,active,115,6,5,1,0,0,1
7t2g,active,116,10,5,1,4,0,0
7t2g,active,117,6,6,0,0,0,3
7t2g,active,118,5,4,1,0,0,3
7t2g,active,119,6,5,1,0,0,0
7t2g,active,120,6,5,1,0,0,0
7t2g,active,121,5,4,1,0,0,0
7t2g,active,122,6,4,1,1,0,0
7t2g,active,123,5,5,0,0,0,1
7t2g,active,124,2,2,0,0,0,0
7t2g,active,125,5,5,0,0,0,4
7t2g,active,126,4,4,0,0,0,0
7t2g,active,127,6,5,1,0,0,0
7t2g,active,128,5,5,0,0,0,3
7t2g,active,129,3,2,1,0,0,0
7t2g,active,130,5,5,0,0,0,0
7t2g,active,131,2,2,0,0,0,2
7t2g,active,132,3,3,0,0,0,1
7t2g,active,133,1,1,0,0,0,0
7t2g,active,134,3,1,2,0,0,0
7t2g,active,135,4,2,2,0,0,4
7t2g,active,136,0,0,0,0,0,1
7t2g,active,137,1,1,0,0,0,3
7t2g,active,138,2,1,1,0,0,0
7t2g,active,139,4,3,1,0,0,0
7t2g,active,140,3,3,0,0,0,1
7t2g,active,141,4,4,0,0,0,4
7t2g,active,142,7,6,0,1,0,0
7t2g,active,143,7,4,3,0,0,0
7t2g,active,144,6,6,0,0,0,3
7t2g,active,145,3,3,0,0,0,2
7t2g,active,146,3,3,0,0,0,3
7t2g,active,147,5,4,1,0,0,0
7t2g,active,148,4,3,1,0,0,2
7t2g,active,149,7,4,0,3,0,0
7t2g,active,150,3,3,0,0,0,0
7t2g,active,151,7,5,2,0,0,0
7t2g,active,152,5,3,2,0,0,0
7t2g,active,153,4,4,0,0,0,4
7t2g,active,154,3,3,0,0,0,5
7t2g,active,155,11,5,4,2,0,0
7t2g,active,156,8,4,3,1,0,0
7t2g,active,157,5,5,0,0,0,4
7t2g,active,158,4,4,0,0,0,3
7t2g,active,159,9,6,1,2,0,0
7t2g,active,160,5,5,0,0,0,3
7t2g,active,161,4,4,0,0,0,0
7t2g,active,162,6,6,0,0,0,0
7t2g,active,163,3,3,0,0,0,1
7t2g,active,164,5,5,0,0,0,0
7t2g,active,165,4,4,0,0,0,2
7t2g,active,166,8,4,1,3,1,0
7t2g,active,167,4,3,0,1,0,0
7t2g,active,168,8,6,0,2,0,0
7t2g,active,169,4,4,0,0,0,2
7t2g,active,170,2,2,0,0,0,0
7t2g,active,171,3,3,0,0,0,2
7t2g,active,172,1,1,0,0,0,0
7t2g,active,173,6,4,0,2,0,0
7t2g,active,174,3,3,0,0,0,0
7t2g,active,175,3,3,0,0,0,0
7t2g,active,176,4,4,0,0,0,0
7t2g,active,177,6,6,0,0,0,1
7t2g,active,178,3,3,0,0,0,0
7t2g,active,179,2,2,0,0,0,0
7t2g,active,180,3,3,0,0,0,0
7t2g,active,181,5,1,1,3,1,0
7t2g,active,182,6,4,1,1,0,0
7t2g,active,183,4,3,1,0,0,1
7t2g,active,184,4,4,0,0,0,0
7t2g,active,185,7,5,1,1,0,0
7t2g,active,186,4,4,0,0,0,2
7t2g,active,187,6,5,1,0,0,0
7t2g,active,188,5,5,0,0,0,0
7t2g,active,189,3,3,0,0,0,0
7t2g,active,190,8,6,1,1,0,0
7t2g,active,191,5,5,0,0,0,1
7t2g,active,192,5,5,0,0,0,0
7t2g,active,193,10,6,2,2,0,0
7t2g,active,194,6,4,1,1,0,3
7t2g,active,195,6,5,1,0,0,1
7t2g,active,196,4,4,0,0,0,2
7t2g,active,197,9,4,2,3,0,0
7t2g,active,198,6,5,1,0,0,0
7t2g,active,199,1,1,0,0,0,1
7t2g,active,200,3,3,0,0,0,4
7t2g,active,201,4,3,1,0,0,0
7t2g,active,202,5,5,0,0,0,1
7t2g,active,203,3,3,0,0,0,0
7t2g,active,204,6,6,0,0,0,5
7t2g,active,205,5,4,1,0,0,1
7t2g,active,206,4,3,1,0,0,0
7t2g,active,207,5,5,0,0,0,2
7t2g,active,208,2,1,1,0,0,3
7t2g,active,209,4,2,0,2,0,0
7t2g,active,210,2,0,1,1,0,0
7t2g,active,211,2,2,0,0,0,0
7t2g,active,213,3,3,0,0,0,0
7t2g,active,214,1,1,0,0,0,0
7t2g,active,215,1,1,0,0,0,0
7t2g,active,216,3,3,0,0,0,0
7t2g,active,217,3,1,2,0,0,1
7t2g,active,218,2,2,0,0,0,0
7t2g,active,220,1,1,0,0,0,0
7t2g,active,221,0,0,0,0,0,5
7t2g,active,222,3,1,0,2,0,0
7t2g,active,223,0,0,0,0,0,3
7t2g,active,224,2,2,0,0,0,0
7t2g,active,226,3,3,0,0,0,0
7t2g,active,227,3,3,0,0,0,0
7t2g,active,228,3,2,1,0,0,0
7t2g,active,229,3,3,0,0,0,0
7t2g,active,230,3,3,0,0,0,2
7t2g,active,231,2,2,0,0,0,0
7t2g,active,232,6,5,1,0,0,0
7t2g,active,233,4,4,0,0,0,1
7t2g,active,234,5,5,0,0,0,5
7t2g,active,235,4,4,0,0,0,0
7t2g,active,236,6,6,0,0,0,1
7t2g,active,237,5,5,0,0,0,0
7t2g,active,238,5,4,1,0,0,5
7t2g,active,239,5,5,0,0,0,3
7t2g,active,240,4,4,0,0,0,1
7t2g,active,241,1,1,0,0,0,1
7t2g,active,242,1,1,0,0,0,3
7t2g,active,243,2,2,0,0,0,3
7t2g,active,244,5,5,0,0,0,2
7t2g,active,245,3,3,0,0,0,2
7t2g,active,246,4,4,0,0,0,2
7t2g,active,247,6,5,1,0,0,3
7t2g,active,248,4,4,0,0,0,1
7t2g,active,249,6,6,0,0,0,2
7t2g,active,250,3,3,0,0,0,2
7t2g,active,251,4,3,1,0,0,0
7t2g,active,252,4,4,0,0,0,1
7t2g,active,253,2,2,0,0,0,0
7t2g,active,254,4,3,0,1,0,0
7t2g,active,255,5,5,0,0,0,0
7t2g,active,256,3,3,0,0,0,2
7t2g,active,257,6,6,0,0,0,3
7t2g,active,258,5,5,0,0,0,2
7t2g,active,259,4,4,0,0,0,1
7t2g,active,260,7,6,1,0,0,0
7t2g,active,261,4,4,0,0,0,6
7t2g,active,262,3,3,0,0,0,0
7t2g,active,263,3,2,1,0,0,0
7t2g,active,264,5,5,0,0,0,2
7t2g,active,265,2,1,1,0,0,0
7t2g,active,266,1,1,0,0,0,0
7t2g,active,267,2,2,0,0,0,4
7t2g,active,268,2,1,1,0,0,0
7t2g,active,270,2,1,1,0,0,0
7t2g,active,271,3,3,0,0,0,0
7t2g,active,272,4,3,1,0,1,0
7t2g,active,273,6,4,2,0,0,0
7t2g,active,274,6,6,0,0,0,0
7t2g,active,275,4,4,0,0,1,0
7t2g,active,276,7,6,0,1,0,0
7t2g,active,277,6,5,1,0,0,2
7t2g,active,278,4,4,0,0,0,0
7t2g,active,279,8,6,0,2,1,0
7t2g,active,280,5,5,0,0,0,2
7t2g,active,281,7,6,1,0,0,0
7t2g,active,282,6,6,0,0,0,0
7t2g,active,283,6,6,0,0,0,1
7t2g,active,284,6,6,0,0,0,2
7t2g,active,285,5,5,0,0,0,1
7t2g,active,286,5,5,0,0,0,2
7t2g,active,287,5,5,0,0,0,1
7t2g,active,288,5,5,0,0,0,2
7t2g,active,289,6,6,0,0,0,0
7t2g,active,290,6,6,0,0,0,3
7t2g,active,291,5,5,0,0,0,5
7t2g,active,292,6,5,1,0,0,2
7t2g,active,293,2,2,0,0,0,0
7t2g,active,294,4,4,0,0,0,0
7t2g,active,295,5,4,1,0,0,5
7t2g,active,296,5,4,1,0,0,0
7t2g,active,297,2,2,0,0,0,1
7t2g,active,298,5,5,0,0,0,4
7t2g,active,299,5,3,2,0,0,0
7t2g,active,300,5,5,0,0,0,1
7t2g,active,301,10,5,1,4,0,0
7t2g,active,302,3,3,0,0,0,2
7t2g,active,303,5,5,0,0,0,2
7t2g,active,304,5,5,0,0,0,3
7t2g,active,305,3,2,0,1,0,0
7t2g,active,306,3,3,0,0,0,0
7t2g,active,307,3,3,0,0,0,1
7t2g,active,308,2,2,0,0,0,1
7t2g,active,310,2,2,0,0,0,1
7t2g,active,311,1,1,0,0,0,0
7t2g,active,312,1,1,0,0,0,0
7t2g,active,313,6,4,2,0,0,0
7t2g,active,315,5,4,1,0,0,0
7t2g,active,316,8,2,3,3,0,0
7t2g,active,317,6,5,1,0,0,0
7t2g,active,318,4,4,0,0,0,2
7t2g,active,319,8,4,2,2,0,0
7t2g,active,320,6,6,0,0,0,3
7t2g,active,321,8,5,1,2,0,0
7t2g,active,322,6,6,0,0,0,2
7t2g,active,323,4,4,0,0,0,0
7t2g,active,324,6,6,0,0,0,2
7t2g,active,325,5,4,1,0,0,2
7t2g,active,326,4,4,0,0,0,2
7t2g,active,327,3,3,0,0,0,0
7t2g,active,328,8,6,0,2,0,0
7t2g,active,329,6,5,1,0,0,0
7t2g,active,330,4,2,1,1,0,0
7t2g,active,331,4,2,1,1,0,0
7t2g,active,332,2,2,0,0,0,0
7t2g,active,333,4,4,0,0,0,3
7t2g,active,334,8,4,1,3,0,0
7t2g,active,335,3,3,0,0,0,2
7t2g,active,336,3,3,0,0,0,2
7t2g,active,337,2,2,0,0,0,4
7t2g,active,338,1,1,0,0,0,0
7t2g,active,339,3,3,0,0,0,3
7t2g,active,340,1,1,0,0,0,5
7t2g,active,341,3,2,1,0,0,1
7t2g,active,342,4,2,2,0,0,0
7t2g,active,343,4,2,1,1,2,0
7t2g,active,344,5,2,1,2,0,0
7t2g,active,345,5,4,1,0,0,5
7t2g,active,346,6,4,2,0,1,0
7t2g,active,347,6,3,1,2,0,0
7t2g,active,348,3,3,0,0,0,0
7t2g,active,349,3,3,0,0,0,3
7t2g,active,350,4,3,1,0,0,0
7t2g,active,351,3,3,0,0,0,0
7t2g,active,352,1,1,0,0,0,2
7t2g,active,353,1,1,0,0,0,0
7t2h,active,68,1,1,0,0,0,1
7t2h,active,69,4,3,1,0,0,0
7t2h,active,70,4,4,0,0,0,1
7t2h,active,71,3,3,0,0,0,2
7t2h,active,72,5,4,1,0,0,0
7t2h,active,73,5,5,0,0,0,1
7t2h,active,74,5,4,1,0,0,1
7t2h,active,75,7,6,1,0,0,0
7t2h,active,76,5,5,0,0,0,2
7t2h,active,77,7,5,0,2,0,0
7t2h,active,78,7,5,2,0,0,0
7t2h,active,79,5,5,0,0,0,0
7t2h,active,80,5,5,0,0,0,1
7t2h,active,81,5,5,0,0,0,0
7t2h,active,82,6,6,0,0,0,0
7t2h,active,83,4,4,0,0,0,0
7t2h,active,84,6,6,0,0,0,0
7t2h,active,85,5,5,0,0,0,2
7t2h,active,86,5,5,0,0,0,1
7t2h,active,87,6,6,0,0,0,0
7t2h,active,88,6,5,1,0,0,0
7t2h,active,89,5,5,0,0,0,1
7t2h,active,90,6,6,0,0,0,3
7t2h,active,91,5,5,0,0,0,7
7t2h,active,92,6,6,0,0,0,3
7t2h,active,93,6,6,0,0,0,0
7t2h,active,94,6,6,0,0,0,2
7t2h,active,95,6,5,1,0,0,5
7t2h,active,96,2,2,0,0,0,1
7t2h,active,97,3,3,0,0,0,0
7t2h,active,98,2,2,0,0,0,0
7t2h,active,99,4,2,2,0,0,0
7t2h,active,100,2,2,0,0,0,0
7t2h,active,101,2,1,1,0,0,3
7t2h,active,103,5,3,1,1,0,0
7t2h,active,104,3,3,0,0,0,1
7t2h,active,105,4,3,0,1,0,0
7t2h,active,106,7,5,1,1,0,0
7t2h,active,107,5,5,0,0,0,3
7t2h,active,108,5,5,0,0,0,0
7t2h,active,109,6,6,0,0,0,3
7t2h,active,110,5,5,0,0,0,4
7t2h,active,111,8,6,0,2,0,0
7t2h,active,112,5,5,0,0,0,2
7t2h,active,113,5,5,0,0,0,2
7t2h,active,114,5,5,0,0,0,3
7t2h,active,115,5,5,0,0,0,1
7t2h,active,116,6,5,0,1,0,0
7t2h,active,117,7,6,1,0,0,1
7t2h,active,118,3,2,1,0,0,1
7t2h,active,119,7,5,2,0,0,0
7t2h,active,120,4,4,0,0,0,0
7t2h,active,121,3,2,1,0,0,0
7t2h,active,122,8,4,2,2,0,0
7t2h,active,123,5,4,1,0,0,1
7t2h,active,124,3,2,1,0,0,0
7t2h,active,125,5,5,0,0,0,4
7t2h,active,126,9,4,1,4,0,0
7t2h,active,127,8,6,2,0,0,0
7t2h,active,128,4,4,0,0,0,1
7t2h,active,129,5,5,0,0,0,0
7t2h,active,130,2,2,0,0,0,0
7t2h,active,131,2,2,0,0,0,3
7t2h,active,132,2,2,0,0,0,1
7t2h,active,133,1,1,0,0,0,0
7t2h,active,134,2,2,0,0,0,0
7t2h,active,135,2,1,1,0,0,2
7t2h,active,136,1,1,0,0,0,1
7t2h,active,137,1,1,0,0,0,3
7t2h,active,138,3,1,2,0,0,0
7t2h,active,139,3,1,1,1,0,0
7t2h,active,140,3,3,0,0,0,1
7t2h,active,141,2,2,0,0,0,2
7t2h,active,142,4,4,0,0,0,0
7t2h,active,143,6,5,1,0,0,0
7t2h,active,144,4,4,0,0,0,3
7t2h,active,145,5,5,0,0,0,2
7t2h,active,146,5,5,0,0,0,2
7t2h,active,147,5,4,1,0,0,0
7t2h,active,148,5,4,1,0,0,1
7t2h,active,149,7,5,0,2,0,0
7t2h,active,150,5,5,0,0,0,0
7t2h,active,151,4,3,1,0,0,0
7t2h,active,152,8,6,2,0,0,0
7t2h,active,153,5,5,0,0,0,3
7t2h,active,154,6,6,0,0,0,5
7t2h,active,155,5,5,0,0,0,0
7t2h,active,156,7,6,0,1,0,0
7t2h,active,157,5,5,0,0,0,5
7t2h,active,158,6,5,1,0,0,2
7t2h,active,159,5,5,0,0,0,0
7t2h,active,160,5,5,0,0,0,3
7t2h,active,161,4,4,0,0,0,0
7t2h,active,162,8,6,1,1,0,0
7t2h,active,163,4,4,0,0,0,2
7t2h,active,164,6,6,0,0,0,0
7t2h,active,165,4,4,0,0,0,2
7t2h,active,166,9,6,0,3,1,0
7t2h,active,167,6,5,0,1,0,0
7t2h,active,168,8,6,0,2,0,0
7t2h,active,169,5,5,0,0,0,2
7t2h,active,170,3,3,0,0,0,0
7t2h,active,171,3,3,0,0,0,2
7t2h,active,172,1,1,0,0,0,0
7t2h,active,173,5,3,0,2,0,0
7t2h,active,174,3,3,0,0,0,0
7t2h,active,176,2,2,0,0,0,0
7t2h,active,177,4,4,0,0,0,1
7t2h,active,178,1,1,0,0,0,0
7t2h,active,179,2,1,1,0,0,0
7t2h,active,180,1,1,0,0,0,0
7t2h,active,181,5,1,0,4,1,0
7t2h,active,182,6,4,1,1,0,0
7t2h,active,183,2,2,0,0,0,1
7t2h,active,184,4,4,0,0,0,0
7t2h,active,185,6,3,2,1,0,0
7t2h,active,186,6,6,0,0,0,2
7t2h,active,187,4,4,0,0,0,0
7t2h,active,188,6,6,0,0,0,0
7t2h,active,189,4,4,0,0,0,0
7t2h,active,190,7,6,0,1,0,0
7t2h,active,191,4,4,0,0,0,0
7t2h,active,192,6,6,0,0,0,0
7t2h,active,193,7,5,1,1,0,0
7t2h,active,194,8,5,2,1,0,2
7t2h,active,195,7,6,1,0,0,0
7t2h,active,196,3,3,0,0,0,1
7t2h,active,197,8,6,2,0,0,0
7t2h,active,198,6,5,1,0,0,0
7t2h,active,199,3,3,0,0,0,0
7t2h,active,200,3,3,0,0,0,1
7t2h,active,201,4,3,1,0,0,0
7t2h,active,202,5,5,0,0,0,0
7t2h,active,203,3,3,0,0,0,1
7t2h,active,204,2,2,0,0,0,2
7t2h,active,205,3,3,0,0,0,1
7t2h,active,206,2,2,0,0,0,0
7t2h,active,207,2,2,0,0,0,3
7t2h,active,208,1,1,0,0,0,0
7t2h,active,209,2,2,0,0,0,0
7t2h,active,210,2,0,1,1,0,0
7t2h,active,211,2,2,0,0,0,0
7t2h,active,213,1,1,0,0,0,0
7t2h,active,216,1,1,0,0,0,0
7t2h,active,218,3,2,1,0,0,0
7t2h,active,220,3,2,1,0,0,0
7t2h,active,221,0,0,0,0,0,4
7t2h,active,222,1,1,0,0,0,0
7t2h,active,223,0,0,0,0,0,3
7t2h,active,224,1,1,0,0,0,0
7t2h,active,227,4,4,0,0,0,0
7t2h,active,229,1,1,0,0,0,0
7t2h,active,230,2,2,0,0,0,2
7t2h,active,231,4,3,0,1,1,0
7t2h,active,232,3,3,0,0,0,0
7t2h,active,233,5,5,0,0,0,1
7t2h,active,234,5,5,0,0,0,2
7t2h,active,235,5,4,0,1,1,0
7t2h,active,236,6,6,0,0,0,1
7t2h,active,237,4,4,0,0,0,0
7t2h,active,238,5,5,0,0,0,2
7t2h,active,239,4,4,0,0,0,3
7t2h,active,240,4,4,0,0,0,2
7t2h,active,241,1,1,0,0,0,2
7t2h,active,242,1,1,0,0,0,2
7t2h,active,243,2,2,0,0,0,3
7t2h,active,244,4,4,0,0,0,2
7t2h,active,245,3,3,0,0,0,1
7t2h,active,246,4,4,0,0,0,2
7t2h,active,247,5,5,0,0,0,3
7t2h,active,248,6,6,0,0,0,0
7t2h,active,249,6,6,0,0,0,1
7t2h,active,250,5,5,0,0,0,2
7t2h,active,251,4,4,0,0,0,0
7t2h,active,252,6,6,0,0,0,1
7t2h,active,253,3,3,0,0,0,0
7t2h,active,254,5,4,0,1,0,0
7t2h,active,255,5,5,0,0,0,0
7t2h,active,256,5,5,0,0,0,1
7t2h,active,257,5,5,0,0,0,3
7t2h,active,258,6,6,0,0,0,1
7t2h,active,259,2,2,0,0,0,0
7t2h,active,260,6,5,1,0,0,0
7t2h,active,261,3,3,0,0,0,6
7t2h,active,262,2,2,0,0,0,0
7t2h,active,263,3,2,1,0,0,0
7t2h,active,264,2,2,0,0,0,2
7t2h,active,265,2,1,1,0,0,0
7t2h,active,266,1,1,0,0,0,0
7t2h,active,267,2,2,0,0,0,4
7t2h,active,270,1,1,0,0,0,0
7t2h,active,271,3,3,0,0,0,0
7t2h,active,272,2,2,0,0,1,0
7t2h,active,273,5,4,1,0,0,0
7t2h,active,274,4,4,0,0,0,0
7t2h,active,275,5,5,0,0,1,0
7t2h,active,276,5,5,0,0,0,0
7t2h,active,277,6,5,1,0,0,2
7t2h,active,278,6,6,0,0,0,0
7t2h,active,279,6,5,0,1,1,0
7t2h,active,280,6,6,0,0,0,2
7t2h,active,281,6,5,1,0,0,0
7t2h,active,282,6,6,0,0,0,0
7t2h,active,283,6,6,0,0,0,1
7t2h,active,284,6,6,0,0,0,3
7t2h,active,285,5,5,0,0,0,0
7t2h,active,286,6,6,0,0,0,2
7t2h,active,287,5,5,0,0,0,1
7t2h,active,288,6,6,0,0,0,3
7t2h,active,289,5,5,0,0,0,0
7t2h,active,290,6,6,0,0,0,3
7t2h,active,291,5,5,0,0,0,6
7t2h,active,292,6,5,1,0,0,2
7t2h,active,293,3,3,0,0,0,0
7t2h,active,294,3,3,0,0,0,0
7t2h,active,295,2,1,1,0,0,5
7t2h,active,296,5,4,1,0,0,0
7t2h,active,297,2,2,0,0,0,1
7t2h,active,298,3,3,0,0,0,3
7t2h,active,299,6,5,1,0,0,0
7t2h,active,300,3,3,0,0,0,1
7t2h,active,301,9,6,1,2,0,0
7t2h,active,302,4,4,0,0,0,1
7t2h,active,303,6,6,0,0,0,1
7t2h,active,304,5,5,0,0,0,2
7t2h,active,305,3,3,0,0,0,0
7t2h,active,306,3,3,0,0,0,0
7t2h,active,307,2,2,0,0,0,0
7t2h,active,308,2,2,0,0,0,1
7t2h,active,309,1,1,0,0,0,0
7t2h,active,310,2,2,0,0,0,0
7t2h,active,311,2,2,0,0,0,0
7t2h,active,312,2,1,1,0,0,0
7t2h,active,313,3,3,0,0,0,0
7t2h,active,315,5,4,1,0,0,1
7t2h,active,316,6,3,3,0,0,0
7t2h,active,317,4,4,0,0,0,0
7t2h,active,318,3,3,0,0,0,2
7t2h,active,319,10,6,2,2,0,0
7t2h,active,320,4,4,0,0,0,3
7t2h,active,321,8,6,0,2,0,0
7t2h,active,322,4,4,0,0,0,1
7t2h,active,323,5,5,0,0,0,0
7t2h,active,324,5,5,0,0,0,2
7t2h,active,325,5,5,0,0,0,1
7t2h,active,326,3,3,0,0,0,1
7t2h,active,327,3,3,0,0,0,0
7t2h,active,328,10,5,1,4,0,0
7t2h,active,329,3,3,0,0,0,0
7t2h,active,330,6,4,1,1,0,0
7t2h,active,331,2,1,1,0,0,0
7t2h,active,332,3,3,0,0,0,0
7t2h,active,333,5,5,0,0,0,2
7t2h,active,334,6,4,1,1,0,0
7t2h,active,335,4,4,0,0,0,2
7t2h,active,336,3,3,0,0,0,3
7t2h,active,337,3,3,0,0,0,3
7t2h,active,338,1,1,0,0,0,0
7t2h,active,339,3,3,0,0,0,3
7t2h,active,340,1,1,0,0,0,5
7t2h,active,341,2,2,0,0,0,2
7t2h,active,342,5,4,1,0,0,0
7t2h,active,343,3,1,1,1,1,0
7t2h,active,344,2,1,1,0,0,0
7t2h,active,345,3,3,0,0,0,5
7t2h,active,346,1,1,0,0,0,0
7t2h,active,347,2,1,1,0,0,0
7u2k,active,67,3,3,0,0,0,1
7u2k,active,68,3,3,0,0,0,0
7u2k,active,69,4,4,0,0,0,0
7u2k,active,70,3,3,0,0,0,1
7u2k,active,71,4,4,0,0,0,0
7u2k,active,72,5,5,0,0,0,0
7u2k,active,73,3,3,0,0,0,0
7u2k,active,74,4,3,1,0,0,0
7u2k,active,75,7,6,1,0,0,0
7u2k,active,76,4,4,0,0,0,0
7u2k,active,77,8,5,1,2,0,0
7u2k,active,78,8,6,2,0,0,0
7u2k,active,79,5,5,0,0,0,0
7u2k,active,80,5,5,0,0,0,2
7u2k,active,81,5,5,0,0,0,0
7u2k,active,82,4,4,0,0,0,0
7u2k,active,83,3,3,0,0,0,0
7u2k,active,84,6,5,1,0,0,0
7u2k,active,85,2,2,0,0,0,1
7u2k,active,86,4,4,0,0,0,0
7u2k,active,87,3,3,0,0,0,0
7u2k,active,88,5,4,1,0,0,0
7u2k,active,89,2,2,0,0,0,3
7u2k,active,90,6,6,0,0,0,1
7u2k,active,91,5,5,0,0,0,4
7u2k,active,92,3,3,0,0,0,4
7u2k,active,93,6,6,0,0,0,0
7u2k,active,94,4,4,0,0,0,3
7u2k,active,95,3,3,0,0,0,2
7u2k,active,96,3,3,0,0,0,0
7u2k,active,97,1,1,0,0,0,0
7u2k,active,98,1,1,0,0,0,0
7u2k,active,99,1,1,0,0,0,0
7u2k,active,100,1,1,0,0,0,0
7u2k,active,101,1,1,0,0,0,1
7u2k,active,103,2,2,0,0,0,0
7u2k,active,104,3,3,0,0,0,1
7u2k,active,105,4,4,0,0,0,0
7u2k,active,106,3,3,0,0,0,0
7u2k,active,107,5,5,0,0,0,1
7u2k,active,108,5,5,0,0,0,0
7u2k,active,109,5,5,0,0,0,3
7u2k,active,110,6,6,0,0,0,4
7u2k,active,111,6,5,0,1,0,0
7u2k,active,112,5,5,0,0,0,1
7u2k,active,113,4,4,0,0,0,2
7u2k,active,114,6,6,0,0,0,3
7u2k,active,115,2,2,0,0,0,1
7u2k,active,116,8,5,1,2,0,0
7u2k,active,117,4,4,0,0,0,2
7u2k,active,118,6,5,1,0,0,1
7u2k,active,119,2,1,1,0,0,0
7u2k,active,120,6,5,1,0,0,0
7u2k,active,121,4,3,1,0,0,0
7u2k,active,122,4,4,0,0,0,0
7u2k,active,123,5,5,0,0,0,1
7u2k,active,124,5,4,1,0,0,0
7u2k,active,125,3,3,0,0,0,3
7u2k,active,126,3,3,0,0,0,0
7u2k,active,127,6,5,1,0,0,0
7u2k,active,128,4,4,0,0,0,1
7u2k,active,129,3,3,0,0,0,0
7u2k,active,130,3,3,0,0,0,0
7u2k,active,131,2,2,0,0,0,0
7u2k,active,132,3,2,1,0,0,0
7u2k,active,133,1,1,0,0,0,0
7u2k,active,134,2,1,1,0,0,0
7u2k,active,135,3,2,0,1,0,1
7u2k,active,136,1,1,0,0,0,0
7u2k,active,137,1,1,0,0,0,3
7u2k,active,138,4,4,0,0,0,0
7u2k,active,139,3,1,1,1,0,0
7u2k,active,140,1,1,0,0,0,0
7u2k,active,141,5,5,0,0,0,2
7u2k,active,142,4,4,0,0,0,0
7u2k,active,143,4,2,1,1,0,0
7u2k,active,144,2,2,0,0,0,2
7u2k,active,145,5,5,0,0,0,1
7u2k,active,146,4,4,0,0,0,2
7u2k,active,147,5,4,1,0,0,0
7u2k,active,148,2,2,0,0,0,0
7u2k,active,149,5,4,0,1,0,0
7u2k,active,150,1,1,0,0,0,0
7u2k,active,151,7,4,1,2,0,0
7u2k,active,152,2,1,1,0,0,0
7u2k,active,153,3,3,0,0,0,2
7u2k,active,154,4,4,0,0,0,3
7u2k,active,155,2,1,1,0,0,0
7u2k,active,156,2,2,0,0,0,0
7u2k,active,157,5,5,0,0,0,5
7u2k,active,158,5,4,1,0,0,1
7u2k,active,159,5,4,1,0,0,0
7u2k,active,160,6,5,1,0,0,1
7u2k,active,161,4,4,0,0,0,0
7u2k,active,162,7,6,1,0,0,0
7u2k,active,163,4,4,0,0,0,1
7u2k,active,164,8,5,1,2,0,0
7u2k,active,165,3,3,0,0,0,0
7u2k,active,166,7,6,0,1,1,0
7u2k,active,167,6,5,0,1,0,0
7u2k,active,168,7,5,0,2,0,0
7u2k,active,169,5,5,0,0,0,1
7u2k,active,170,3,3,0,0,0,0
7u2k,active,171,3,3,0,0,0,2
7u2k,active,172,1,1,0,0,0,0
7u2k,active,173,5,3,0,2,0,0
7u2k,active,175,3,3,0,0,0,0
7u2k,active,176,2,2,0,0,0,0
7u2k,active,177,4,4,0,0,0,1
7u2k,active,178,2,2,0,0,0,0
7u2k,active,179,3,3,0,0,0,0
7u2k,active,180,1,1,0,0,0,0
7u2k,active,181,3,2,0,1,1,0
7u2k,active,182,6,4,1,1,0,0
7u2k,active,184,4,4,0,0,0,0
7u2k,active,185,6,4,1,1,0,0
7u2k,active,186,3,3,0,0,0,2
7u2k,active,187,3,3,0,0,0,0
7u2k,active,188,5,5,0,0,0,0
7u2k,active,189,4,4,0,0,0,0
7u2k,active,190,5,4,0,1,0,0
7u2k,active,191,6,6,0,0,0,0
7u2k,active,192,3,3,0,0,0,0
7u2k,active,193,7,6,1,0,0,0
7u2k,active,194,6,4,2,0,0,2
7u2k,active,195,4,4,0,0,0,0
7u2k,active,196,4,4,0,0,0,1
7u2k,active,197,7,6,1,0,0,0
7u2k,active,198,9,6,1,2,0,0
7u2k,active,199,2,2,0,0,0,0
7u2k,active,200,2,2,0,0,0,2
7u2k,active,201,4,3,1,0,0,0
7u2k,active,202,4,4,0,0,0,0
7u2k,active,203,1,1,0,0,0,0
7u2k,active,204,2,2,0,0,0,2
7u2k,active,205,2,2,0,0,0,1
7u2k,active,206,1,1,0,0,0,0
7u2k,active,207,2,2,0,0,0,0
7u2k,active,208,1,1,0,0,0,1
7u2k,active,209,3,3,0,0,0,0
7u2k,active,211,1,1,0,0,0,0
7u2k,active,213,2,2,0,0,0,0
7u2k,active,215,1,1,0,0,0,0
7u2k,active,216,1,1,0,0,0,0
7u2k,active,217,1,1,0,0,0,0
7u2k,active,218,1,1,0,0,0,0
7u2k,active,219,1,0,0,1,0,0
7u2k,active,220,2,2,0,0,0,0
7u2k,active,221,1,1,0,0,0,3
7u2k,active,223,1,1,0,0,0,0
7u2k,active,224,1,0,1,0,0,0
7u2k,active,226,1,0,1,0,0,0
7u2k,active,227,3,3,0,0,0,0
7u2k,active,229,1,1,0,0,0,0
7u2k,active,230,3,3,0,0,0,0
7u2k,active,231,1,1,0,0,0,0
7u2k,active,232,4,4,0,0,0,0
7u2k,active,233,4,4,0,0,0,0
7u2k,active,234,4,4,0,0,0,1
7u2k,active,235,3,3,0,0,0,0
7u2k,active,236,6,6,0,0,0,0
7u2k,active,237,5,5,0,0,0,0
7u2k,active,238,3,3,0,0,0,2
7u2k,active,239,4,4,0,0,0,2
7u2k,active,240,5,5,0,0,0,1
7u2k,active,241,1,1,0,0,0,0
7u2k,active,242,2,2,0,0,0,3
7u2k,active,243,2,2,0,0,0,3
7u2k,active,244,4,4,0,0,0,2
7u2k,active,245,4,4,0,0,0,1
7u2k,active,246,4,4,0,0,0,2
7u2k,active,247,5,4,1,0,0,3
7u2k,active,248,5,5,0,0,0,1
7u2k,active,249,4,4,0,0,0,0
7u2k,active,250,1,1,0,0,0,2
7u2k,active,251,7,6,1,0,0,0
7u2k,active,252,4,4,0,0,0,1
7u2k,active,253,4,4,0,0,0,0
7u2k,active,254,5,2,0,3,0,0
7u2k,active,255,5,5,0,0,0,0
7u2k,active,256,3,3,0,0,0,2
7u2k,active,257,5,5,0,0,0,2
7u2k,active,258,4,4,0,0,0,0
7u2k,active,259,4,4,0,0,0,1
7u2k,active,260,5,5,0,0,0,0
7u2k,active,261,3,3,0,0,0,6
7u2k,active,262,4,4,0,0,0,0
7u2k,active,263,1,1,0,0,0,0
7u2k,active,264,4,3,1,0,0,1
7u2k,active,266,1,1,0,0,0,0
7u2k,active,267,1,1,0,0,0,2
7u2k,active,268,1,0,1,0,0,0
7u2k,active,270,4,3,1,0,0,0
7u2k,active,272,3,2,1,0,0,0
7u2k,active,273,4,4,0,0,0,0
7u2k,active,274,4,4,0,0,0,0
7u2k,active,275,3,3,0,0,0,0
7u2k,active,276,5,5,0,0,0,0
7u2k,active,277,5,5,0,0,0,1
7u2k,active,278,4,4,0,0,0,0
7u2k,active,279,5,5,0,0,0,0
7u2k,active,280,6,6,0,0,0,2
7u2k,active,281,2,2,0,0,0,0
7u2k,active,282,6,6,0,0,0,0
7u2k,active,283,3,3,0,0,0,0
7u2k,active,284,5,5,0,0,0,0
7u2k,active,285,5,5,0,0,0,0
7u2k,active,286,5,5,0,0,0,2
7u2k,active,287,5,5,0,0,0,0
7u2k,active,288,6,6,0,0,0,2
7u2k,active,289,6,6,0,0,0,0
7u2k,active,290,5,5,0,0,0,3
7u2k,active,291,4,4,0,0,0,6
7u2k,active,292,6,5,1,0,0,2
7u2k,active,293,3,3,0,0,0,0
7u2k,active,294,1,1,0,0,0,0
7u2k,active,295,5,3,1,1,0,5
7u2k,active,296,5,4,1,0,0,0
7u2k,active,297,3,3,0,0,0,1
7u2k,active,298,4,3,1,0,0,4
7u2k,active,299,6,5,1,0,0,0
7u2k,active,300,3,3,0,0,0,0
7u2k,active,301,6,4,0,2,0,0
7u2k,active,302,5,5,0,0,0,2
7u2k,active,303,4,4,0,0,0,1
7u2k,active,304,5,5,0,0,0,0
7u2k,active,305,3,3,0,0,0,0
7u2k,active,306,3,3,0,0,0,0
7u2k,active,307,2,2,0,0,0,1
7u2k,active,308,1,1,0,0,0,0
7u2k,active,310,1,1,0,0,0,0
7u2k,active,311,2,1,1,0,0,0
7u2k,active,312,1,1,0,0,0,0
7u2k,active,313,5,4,1,0,0,0
7u2k,active,314,3,2,1,0,0,0
7u2k,active,315,5,4,1,0,0,0
7u2k,active,316,5,4,1,0,0,0
7u2k,active,317,5,4,1,0,0,0
7u2k,active,318,5,5,0,0,0,0
7u2k,active,319,8,4,2,2,0,0
7u2k,active,320,5,5,0,0,0,3
7u2k,active,321,7,4,1,2,0,0
7u2k,active,322,6,6,0,0,0,0
7u2k,active,323,7,6,1,0,0,0
7u2k,active,324,6,6,0,0,0,2
7u2k,active,325,7,6,1,0,0,1
7u2k,active,326,5,4,1,0,0,1
7u2k,active,327,5,5,0,0,0,0
7u2k,active,328,6,5,0,1,0,0
7u2k,active,329,8,6,2,0,0,0
7u2k,active,330,7,4,1,2,0,0
7u2k,active,331,3,2,0,1,0,0
7u2k,active,332,4,4,0,0,0,0
7u2k,active,333,4,4,0,0,0,2
7u2k,active,334,8,5,1,2,0,0
7u2k,active,335,3,3,0,0,0,1
7u2k,active,336,3,3,0,0,0,1
7u2k,active,337,2,2,0,0,0,3
7u2k,active,338,1,1,0,0,0,0
7u2k,active,339,3,3,0,0,0,3
7u2k,active,340,2,1,1,0,0,1
7u2k,active,341,2,2,0,0,0,0
7u2k,active,342,6,4,2,0,0,0
7u2k,active,343,3,3,0,0,0,0
7u2k,active,344,5,4,1,0,0,0
7u2k,active,345,4,3,1,0,0,4
7u2k,active,346,6,5,1,0,0,0
7u2k,active,347,3,3,0,0,0,0
7u2k,active,348,2,2,0,0,0,0
7u2k,active,349,1,1,0,0,0,1
7u2l,active,67,3,3,0,0,0,1
7u2l,active,68,3,3,0,0,0,0
7u2l,active,69,4,4,0,0,0,0
7u2l,active,70,5,5,0,0,0,1
7u2l,active,71,6,6,0,0,0,1
7u2l,active,72,6,6,0,0,0,0
7u2l,active,73,6,6,0,0,0,1
7u2l,active,74,7,6,1,0,0,1
7u2l,active,75,6,5,1,0,0,0
7u2l,active,76,6,6,0,0,0,2
7u2l,active,77,7,5,0,2,0,0
7u2l,active,78,8,6,2,0,0,0
7u2l,active,79,6,6,0,0,0,2
7u2l,active,80,6,6,0,0,0,1
7u2l,active,81,5,5,0,0,0,0
7u2l,active,82,6,6,0,0,0,0
7u2l,active,83,5,5,0,0,0,1
7u2l,active,84,7,6,1,0,0,0
7u2l,active,85,4,4,0,0,0,2
7u2l,active,86,6,6,0,0,0,0
7u2l,active,87,5,5,0,0,0,0
7u2l,active,88,6,5,1,0,0,0
7u2l,active,89,6,6,0,0,0,1
7u2l,active,90,5,5,0,0,0,2
7u2l,active,91,6,6,0,0,0,6
7u2l,active,92,4,4,0,0,0,3
7u2l,active,93,6,6,0,0,0,0
7u2l,active,94,4,4,0,0,0,3
7u2l,active,95,4,4,0,0,0,5
7u2l,active,96,3,3,0,0,0,0
7u2l,active,97,1,1,0,0,0,0
7u2l,active,98,1,1,0,0,0,0
7u2l,active,100,2,2,0,0,0,0
7u2l,active,101,0,0,0,0,0,3
7u2l,active,102,1,1,0,0,0,0
7u2l,active,103,3,3,0,0,0,0
7u2l,active,104,3,3,0,0,0,1
7u2l,active,105,4,4,0,0,0,0
7u2l,active,106,5,5,0,0,0,0
7u2l,active,107,7,6,1,0,0,3
7u2l,active,108,6,6,0,0,0,0
7u2l,active,109,6,6,0,0,0,3
7u2l,active,110,6,6,0,0,0,4
7u2l,active,111,9,6,1,2,0,0
7u2l,active,112,6,6,0,0,0,2
7u2l,active,113,5,5,0,0,0,2
7u2l,active,114,6,6,0,0,0,4
7u2l,active,115,4,4,0,0,0,1
7u2l,active,116,8,5,0,3,0,0
7u2l,active,117,5,5,0,0,0,1
7u2l,active,118,4,3,1,0,0,1
7u2l,active,119,6,5,1,0,0,0
7u2l,active,120,4,4,0,0,0,0
7u2l,active,121,5,4,1,0,0,0
7u2l,active,122,5,5,0,0,0,0
7u2l,active,123,5,5,0,0,0,1
7u2l,active,124,3,3,0,0,0,0
7u2l,active,125,5,5,0,0,0,4
7u2l,active,126,7,4,0,3,0,0
7u2l,active,127,6,6,0,0,0,0
7u2l,active,128,5,5,0,0,0,1
7u2l,active,129,6,6,0,0,0,0
7u2l,active,130,5,5,0,0,0,0
7u2l,active,131,3,3,0,0,0,2
7u2l,active,132,3,3,0,0,0,0
7u2l,active,133,2,2,0,0,0,0
7u2l,active,134,2,2,0,0,0,0
7u2l,active,135,2,1,1,0,0,3
7u2l,active,136,1,1,0,0,0,0
7u2l,active,137,0,0,0,0,0,3
7u2l,active,138,4,3,1,0,0,0
7u2l,active,139,4,3,0,1,0,0
7u2l,active,140,3,3,0,0,0,0
7u2l,active,141,5,5,0,0,0,3
7u2l,active,142,7,6,0,1,0,0
7u2l,active,143,8,6,1,1,0,0
7u2l,active,144,5,5,0,0,0,2
7u2l,active,145,6,6,0,0,0,2
7u2l,active,146,5,5,0,0,0,2
7u2l,active,147,7,6,1,0,0,0
7u2l,active,148,5,5,0,0,0,1
7u2l,active,149,9,6,0,3,0,0
7u2l,active,150,5,5,0,0,0,0
7u2l,active,151,7,5,2,0,0,0
7u2l,active,152,8,6,2,0,0,0
7u2l,active,153,5,5,0,0,0,2
7u2l,active,154,6,6,0,0,0,4
7u2l,active,155,10,6,4,0,0,0
7u2l,active,156,7,6,0,1,0,0
7u2l,active,157,6,6,0,0,0,3
7u2l,active,158,6,5,1,0,0,2
7u2l,active,159,7,6,1,0,0,0
7u2l,active,160,5,5,0,0,0,3
7u2l,active,161,7,6,1,0,0,0
7u2l,active,162,8,6,1,1,0,0
7u2l,active,163,6,6,0,0,0,2
7u2l,active,164,7,6,1,0,0,0
7u2l,active,165,6,6,0,0,0,2
7u2l,active,166,8,6,0,2,1,0
7u2l,active,167,7,6,0,1,0,0
7u2l,active,168,8,6,0,2,0,0
7u2l,active,169,5,5,0,0,0,3
7u2l,active,170,3,3,0,0,0,0
7u2l,active,171,3,3,0,0,0,2
7u2l,active,172,1,1,0,0,0,0
7u2l,active,173,5,3,0,2,0,0
7u2l,active,174,3,3,0,0,0,0
7u2l,active,176,5,5,0,0,0,0
7u2l,active,177,3,3,0,0,0,1
7u2l,active,178,2,2,0,0,0,0
7u2l,active,179,1,1,0,0,0,0
7u2l,active,180,2,2,0,0,0,1
7u2l,active,181,3,1,0,2,1,0
7u2l,active,182,6,4,1,1,0,0
7u2l,active,183,2,2,0,0,0,1
7u2l,active,184,4,4,0,0,0,0
7u2l,active,185,5,3,1,1,0,0
7u2l,active,186,6,6,0,0,0,2
7u2l,active,187,5,5,0,0,0,0
7u2l,active,188,6,6,0,0,0,0
7u2l,active,189,5,5,0,0,0,0
7u2l,active,190,9,6,0,3,0,0
7u2l,active,191,5,5,0,0,0,1
7u2l,active,192,6,6,0,0,0,0
7u2l,active,193,8,6,1,1,0,0
7u2l,active,194,7,5,1,1,0,2
7u2l,active,195,6,6,0,0,0,1
7u2l,active,196,3,3,0,0,0,1
7u2l,active,197,8,6,2,0,0,0
7u2l,active,198,5,5,0,0,0,0
7u2l,active,199,3,3,0,0,0,0
7u2l,active,200,3,3,0,0,0,2
7u2l,active,201,3,2,1,0,0,0
7u2l,active,202,5,5,0,0,0,1
7u2l,active,203,2,2,0,0,0,0
7u2l,active,204,4,4,0,0,0,3
7u2l,active,205,2,2,0,0,0,1
7u2l,active,206,3,3,0,0,0,0
7u2l,active,207,3,3,0,0,0,0
7u2l,active,208,2,1,1,0,0,1
7u2l,active,209,3,3,0,0,0,0
7u2l,active,210,1,0,0,1,0,0
7u2l,active,211,5,3,1,1,0,0
7u2l,active,213,2,2,0,0,0,0
7u2l,active,215,1,1,0,0,0,0
7u2l,active,216,1,1,0,0,0,0
7u2l,active,217,1,1,0,0,0,1
7u2l,active,218,2,2,0,0,0,0
7u2l,active,220,3,2,0,1,0,0
7u2l,active,221,0,0,0,0,0,3
7u2l,active,222,1,0,1,0,0,0
7u2l,active,224,1,1,0,0,0,0
7u2l,active,225,1,1,0,0,0,0
7u2l,active,226,4,4,0,0,0,1
7u2l,active,227,4,4,0,0,0,0
7u2l,active,228,2,1,1,0,0,0
7u2l,active,229,3,3,0,0,0,0
7u2l,active,230,5,5,0,0,0,1
7u2l,active,231,4,4,0,0,1,0
7u2l,active,232,4,3,1,0,0,0
7u2l,active,233,6,6,0,0,0,0
7u2l,active,234,5,5,0,0,0,2
7u2l,active,235,6,6,0,0,1,0
7u2l,active,236,6,6,0,0,0,1
7u2l,active,237,6,6,0,0,0,0
7u2l,active,238,5,5,0,0,0,3
7u2l,active,239,5,5,0,0,0,3
7u2l,active,240,4,4,0,0,0,2
7u2l,active,241,1,1,0,0,0,1
7u2l,active,242,1,1,0,0,0,1
7u2l,active,243,2,2,0,0,0,3
7u2l,active,244,4,4,0,0,0,3
7u2l,active,245,4,4,0,0,0,0
7u2l,active,246,4,4,0,0,0,2
7u2l,active,247,6,5,1,0,0,3
7u2l,active,248,5,5,0,0,0,1
7u2l,active,249,6,6,0,0,0,1
7u2l,active,250,3,3,0,0,0,2
7u2l,active,251,6,5,1,0,0,0
7u2l,active,252,5,5,0,0,0,1
7u2l,active,253,5,5,0,0,0,0
7u2l,active,254,5,4,0,1,0,0
7u2l,active,255,5,5,0,0,0,0
7u2l,active,256,5,5,0,0,0,1
7u2l,active,257,5,5,0,0,0,4
7u2l,active,258,6,6,0,0,0,3
7u2l,active,259,3,3,0,0,0,0
7u2l,active,260,5,5,0,0,0,0
7u2l,active,261,3,3,0,0,0,7
7u2l,active,262,3,3,0,0,0,0
7u2l,active,263,3,3,0,0,0,0
7u2l,active,264,4,3,1,0,0,1
7u2l,active,265,4,3,1,0,0,0
7u2l,active,266,1,1,0,0,0,0
7u2l,active,267,2,2,0,0,0,3
7u2l,active,268,3,2,1,0,0,0
7u2l,active,270,1,1,0,0,0,0
7u2l,active,271,1,1,0,0,0,0
7u2l,active,272,3,2,1,0,0,0
7u2l,active,273,4,3,1,0,0,0
7u2l,active,274,4,4,0,0,0,0
7u2l,active,275,5,5,0,0,0,0
7u2l,active,276,8,6,1,1,0,0
7u2l,active,277,5,5,0,0,0,2
7u2l,active,278,6,6,0,0,0,0
7u2l,active,279,7,5,0,2,1,0
7u2l,active,280,6,6,0,0,0,4
7u2l,active,281,4,4,0,0,0,0
7u2l,active,282,6,6,0,0,0,0
7u2l,active,283,4,4,0,0,0,1
7u2l,active,284,6,6,0,0,0,2
7u2l,active,285,5,5,0,0,0,0
7u2l,active,286,6,6,0,0,0,2
7u2l,active,287,6,6,0,0,0,1
7u2l,active,288,6,6,0,0,0,2
7u2l,active,289,6,6,0,0,0,0
7u2l,active,290,6,6,0,0,0,3
7u2l,active,291,6,6,0,0,0,6
7u2l,active,292,7,6,1,0,0,2
7u2l,active,293,3,3,0,0,0,0
7u2l,active,294,3,3,0,0,0,0
7u2l,active,295,3,2,1,0,0,5
7u2l,active,296,5,4,1,0,0,0
7u2l,active,297,2,2,0,0,0,1
7u2l,active,298,3,3,0,0,0,3
7u2l,active,299,5,4,1,0,0,0
7u2l,active,300,5,5,0,0,0,1
7u2l,active,301,7,6,1,0,0,0
7u2l,active,302,6,6,0,0,0,2
7u2l,active,303,6,6,0,0,0,2
7u2l,active,304,6,6,0,0,0,2
7u2l,active,305,4,4,0,0,0,0
7u2l,active,306,3,3,0,0,0,0
7u2l,active,307,3,3,0,0,0,1
7u2l,active,308,2,2,0,0,0,1
7u2l,active,310,2,2,0,0,0,0
7u2l,active,311,1,1,0,0,0,0
7u2l,active,312,2,1,1,0,0,0
7u2l,active,313,5,4,1,0,0,0
7u2l,active,314,3,3,0,0,0,0
7u2l,active,315,5,4,1,0,0,0
7u2l,active,316,6,4,2,0,0,0
7u2l,active,317,7,6,1,0,0,0
7u2l,active,318,5,5,0,0,0,1
7u2l,active,319,7,6,1,0,0,0
7u2l,active,320,5,5,0,0,0,2
7u2l,active,321,8,6,0,2,0,0
7u2l,active,322,5,5,0,0,0,0
7u2l,active,323,5,5,0,0,0,0
7u2l,active,324,6,6,0,0,0,2
7u2l,active,325,6,5,1,0,0,1
7u2l,active,326,5,5,0,0,0,1
7u2l,active,327,5,5,0,0,0,0
7u2l,active,328,10,6,0,4,0,0
7u2l,active,329,7,6,1,0,0,0
7u2l,active,330,6,5,1,0,0,0
7u2l,active,331,3,2,0,1,0,0
7u2l,active,332,3,3,0,0,0,0
7u2l,active,333,5,5,0,0,0,2
7u2l,active,334,6,4,1,1,0,0
7u2l,active,335,3,3,0,0,0,1
7u2l,active,336,4,4,0,0,0,2
7u2l,active,337,2,2,0,0,0,4
7u2l,active,338,1,1,0,0,0,0
7u2l,active,339,3,3,0,0,0,3
7u2l,active,340,2,2,0,0,0,3
7u2l,active,341,3,3,0,0,0,2
7u2l,active,342,5,4,1,0,0,0
7u2l,active,343,5,4,0,1,1,0
7u2l,active,344,6,4,1,1,0,0
7u2l,active,345,4,4,0,0,0,3
7u2l,active,346,6,6,0,0,0,0
7u2l,active,347,5,4,0,1,0,0
7u2l,active,348,3,3,0,0,0,0
7u2l,active,349,3,3,0,0,0,1
7u2l,active,350,2,2,0,0,0,0
7ul4,inactive,67,3,3,0,0,0,0
7ul4,inactive,68,4,3,1,0,0,0
7ul4,inactive,69,4,4,0,0,0,0
7ul4,inactive,70,4,4,0,0,0,0
7ul4,inactive,71,6,6,0,0,0,0
7ul4,inactive,72,6,5,1,0,0,0
7ul4,inactive,73,6,6,0,0,0,0
7ul4,inactive,74,6,5,1,0,0,0
7ul4,inactive,75,6,6,0,0,0,0
7ul4,inactive,76,5,5,0,0,0,1
7ul4,inactive,77,5,5,0,0,0,0
7ul4,inactive,78,6,5,1,0,0,0
7ul4,inactive,79,3,3,0,0,0,0
7ul4,inactive,80,3,3,0,0,0,2
7ul4,inactive,81,3,3,0,0,0,0
7ul4,inactive,82,4,4,0,0,0,0
7ul4,inactive,83,4,4,0,0,0,0
7ul4,inactive,84,6,5,1,0,0,0
7ul4,inactive,85,4,4,0,0,0,1
7ul4,inactive,86,6,6,0,0,0,0
7ul4,inactive,87,5,5,0,0,0,0
7ul4,inactive,88,3,2,1,0,0,0
7ul4,inactive,89,6,6,0,0,0,0
7ul4,inactive,90,5,5,0,0,0,2
7ul4,inactive,91,5,5,0,0,0,6
7ul4,inactive,92,5,5,0,0,0,1
7ul4,inactive,93,6,6,0,0,0,0
7ul4,inactive,94,6,6,0,0,0,3
7ul4,inactive,95,3,3,0,0,0,4
7ul4,inactive,96,3,3,0,0,0,0
7ul4,inactive,97,2,2,0,0,0,0
7ul4,inactive,98,3,3,0,0,0,0
7ul4,inactive,99,2,2,0,0,0,0
7ul4,inactive,100,2,2,0,0,0,0
7ul4,inactive,101,4,3,1,0,0,2
7ul4,inactive,102,2,2,0,0,0,0
7ul4,inactive,103,5,3,1,1,0,0
7ul4,inactive,104,3,3,0,0,0,0
7ul4,inactive,105,2,2,0,0,0,0
7ul4,inactive,106,7,4,2,1,0,0
7ul4,inactive,107,5,4,1,0,0,2
7ul4,inactive,108,4,4,0,0,0,0
7ul4,inactive,109,4,4,0,0,0,5
7ul4,inactive,110,4,4,0,0,0,3
7ul4,inactive,111,8,5,0,3,0,0
7ul4,inactive,112,4,4,0,0,0,1
7ul4,inactive,113,5,5,0,0,0,1
7ul4,inactive,114,5,5,0,0,0,3
7ul4,inactive,115,3,3,0,0,0,0
7ul4,inactive,116,6,5,1,0,0,0
7ul4,inactive,117,6,5,1,0,0,1
7ul4,inactive,118,3,2,1,0,0,1
7ul4,inactive,119,4,3,1,0,0,0
7ul4,inactive,120,7,5,2,0,0,0
7ul4,inactive,121,2,1,1,0,0,0
7ul4,inactive,122,4,3,1,0,0,0
7ul4,inactive,123,4,3,1,0,0,1
7ul4,inactive,124,5,4,1,0,0,0
7ul4,inactive,125,4,4,0,0,0,3
7ul4,inactive,126,5,5,0,0,0,0
7ul4,inactive,127,8,6,2,0,0,0
7ul4,inactive,128,6,6,0,0,0,1
7ul4,inactive,129,5,4,1,0,0,0
7ul4,inactive,130,3,3,0,0,0,0
7ul4,inactive,131,2,2,0,0,0,0
7ul4,inactive,132,2,2,0,0,0,1
7ul4,inactive,133,1,1,0,0,0,0
7ul4,inactive,134,1,1,0,0,0,0
7ul4,inactive,135,3,1,2,0,0,3
7ul4,inactive,136,0,0,0,0,0,1
7ul4,inactive,137,0,0,0,0,0,3
7ul4,inactive,138,2,1,1,0,0,0
7ul4,inactive,139,3,3,0,0,0,0
7ul4,inactive,140,3,3,0,0,0,1
7ul4,inactive,141,2,2,0,0,0,2
7ul4,inactive,142,4,4,0,0,0,0
7ul4,inactive,143,4,3,1,0,0,0
7ul4,inactive,144,4,4,0,0,0,2
7ul4,inactive,145,3,3,0,0,0,1
7ul4,inactive,146,5,5,0,0,0,3
7ul4,inactive,147,5,5,0,0,0,0
7ul4,inactive,148,6,6,0,0,0,1
7ul4,inactive,149,4,3,0,1,0,0
7ul4,inactive,150,6,6,0,0,0,0
7ul4,inactive,151,8,5,1,2,0,0
7ul4,inactive,152,6,4,2,0,0,0
7ul4,inactive,153,3,3,0,0,0,2
7ul4,inactive,154,6,6,0,0,0,4
7ul4,inactive,155,7,4,3,0,0,0
7ul4,inactive,156,6,5,1,0,0,0
7ul4,inactive,157,5,5,0,0,0,3
7ul4,inactive,158,7,6,1,0,0,2
7ul4,inactive,159,9,5,2,2,0,0
7ul4,inactive,160,7,6,1,0,0,3
7ul4,inactive,161,6,6,0,0,0,0
7ul4,inactive,162,8,6,2,0,0,0
7ul4,inactive,163,6,6,0,0,0,2
7ul4,inactive,164,7,6,1,0,0,0
7ul4,inactive,165,6,6,0,0,0,2
7ul4,inactive,166,8,6,0,2,1,0
7ul4,inactive,167,6,5,1,0,0,0
7ul4,inactive,168,6,6,0,0,0,0
7ul4,inactive,169,4,4,0,0,0,2
7ul4,inactive,170,3,3,0,0,0,1
7ul4,inactive,171,3,3,0,0,0,3
7ul4,inactive,172,1,1,0,0,0,0
7ul4,inactive,173,4,4,0,0,0,0
7ul4,inactive,174,3,3,0,0,0,0
7ul4,inactive,175,1,1,0,0,0,0
7ul4,inactive,176,3,3,0,0,0,0
7ul4,inactive,177,5,5,0,0,0,1
7ul4,inactive,178,2,2,0,0,0,0
7ul4,inactive,179,1,1,0,0,0,0
7ul4,inactive,180,2,1,1,0,0,0
7ul4,inactive,181,3,1,0,2,1,0
7ul4,inactive,182,2,2,0,0,0,0
7ul4,inactive,183,3,3,0,0,0,1
7ul4,inactive,184,4,4,0,0,0,0
7ul4,inactive,185,6,5,1,0,0,0
7ul4,inactive,186,4,4,0,0,0,1
7ul4,inactive,187,6,6,0,0,0,0
7ul4,inactive,188,5,5,0,0,0,0
7ul4,inactive,189,6,6,0,0,0,0
7ul4,inactive,190,8,6,1,1,0,0
7ul4,inactive,191,6,6,0,0,0,1
7ul4,inactive,192,6,6,0,0,0,0
7ul4,inactive,193,8,5,1,2,0,0
7ul4,inactive,194,8,6,1,1,0,1
7ul4,inactive,195,3,3,0,0,0,1
7ul4,inactive,196,5,5,0,0,0,1
7ul4,inactive,197,7,5,1,1,0,0
7ul4,inactive,198,9,6,1,2,0,0
7ul4,inactive,199,2,2,0,0,0,0
7ul4,inactive,200,2,2,0,0,0,1
7ul4,inactive,201,4,4,0,0,0,0
7ul4,inactive,202,4,4,0,0,0,0
7ul4,inactive,203,3,3,0,0,0,0
7ul4,inactive,204,5,5,0,0,0,3
7ul4,inactive,205,4,4,0,0,0,0
7ul4,inactive,206,3,3,0,0,0,0
7ul4,inactive,207,4,4,0,0,0,1
7ul4,inactive,208,2,1,1,0,0,2
7ul4,inactive,209,3,3,0,0,0,0
7ul4,inactive,211,3,3,0,0,0,0
7ul4,inactive,213,4,4,0,0,0,0
7ul4,inactive,215,1,1,0,0,0,0
7ul4,inactive,216,2,2,0,0,0,0
7ul4,inactive,217,1,1,0,0,0,1
7ul4,inactive,218,2,2,0,0,0,0
7ul4,inactive,220,2,2,0,0,0,0
7ul4,inactive,221,0,0,0,0,0,4
7ul4,inactive,223,0,0,0,0,0,3
7ul4,inactive,224,1,1,0,0,0,0
7ul4,inactive,227,4,4,0,0,0,0
7ul4,inactive,228,4,3,1,0,0,0
7ul4,inactive,229,2,2,0,0,0,0
7ul4,inactive,230,2,2,0,0,0,2
7ul4,inactive,231,5,5,0,0,0,0
7ul4,inactive,232,4,3,1,0,0,0
7ul4,inactive,233,5,5,0,0,0,1
7ul4,inactive,234,4,4,0,0,0,4
7ul4,inactive,235,5,5,0,0,0,0
7ul4,inactive,236,6,6,0,0,0,1
7ul4,inactive,237,5,5,0,0,0,0
7ul4,inactive,238,5,5,0,0,0,3
7ul4,inactive,239,4,4,0,0,0,4
7ul4,inactive,240,5,5,0,0,0,1
7ul4,inactive,241,1,1,0,0,0,0
7ul4,inactive,242,1,1,0,0,0,2
7ul4,inactive,243,1,1,0,0,0,1
7ul4,inactive,244,4,4,0,0,0,2
7ul4,inactive,245,4,4,0,0,0,0
7ul4,inactive,246,3,3,0,0,0,1
7ul4,inactive,247,6,5,1,0,0,0
7ul4,inactive,248,6,6,0,0,0,1
7ul4,inactive,249,5,5,0,0,0,1
7ul4,inactive,250,6,6,0,0,0,1
7ul4,inactive,251,5,4,1,0,0,0
7ul4,inactive,252,6,6,0,0,0,1
7ul4,inactive,253,4,4,0,0,0,0
7ul4,inactive,254,6,5,1,0,0,0
7ul4,inactive,255,4,4,0,0,0,0
7ul4,inactive,256,6,6,0,0,0,2
7ul4,inactive,257,5,5,0,0,0,1
7ul4,inactive,258,6,6,0,0,0,0
7ul4,inactive,259,4,4,0,0,0,1
7ul4,inactive,260,5,5,0,0,0,0
7ul4,inactive,261,4,4,0,0,0,2
7ul4,inactive,262,2,2,0,0,0,0
7ul4,inactive,263,2,2,0,0,0,0
7ul4,inactive,264,0,0,0,0,0,1
7ul4,inactive,267,1,0,1,0,0,4
7ul4,inactive,268,1,1,0,0,0,0
7ul4,inactive,270,4,4,0,0,0,0
7ul4,inactive,271,3,3,0,0,0,0
7ul4,inactive,272,5,4,1,0,0,0
7ul4,inactive,273,5,5,0,0,0,0
7ul4,inactive,274,9,6,1,2,1,0
7ul4,inactive,275,6,6,0,0,0,0
7ul4,inactive,276,7,6,1,0,0,0
7ul4,inactive,277,8,6,2,0,0,2
7ul4,inactive,278,7,5,0,2,1,0
7ul4,inactive,279,6,6,0,0,0,0
7ul4,inactive,280,5,5,0,0,0,1
7ul4,inactive,281,8,6,2,0,0,0
7ul4,inactive,282,6,6,0,0,0,0
7ul4,inactive,283,6,6,0,0,0,2
7ul4,inactive,284,6,6,0,0,0,2
7ul4,inactive,285,6,6,0,0,0,0
7ul4,inactive,286,6,6,0,0,0,2
7ul4,inactive,287,6,6,0,0,0,2
7ul4,inactive,288,6,6,0,0,0,3
7ul4,inactive,289,6,6,0,0,0,0
7ul4,inactive,290,6,6,0,0,0,2
7ul4,inactive,291,6,6,0,0,0,3
7ul4,inactive,292,7,6,1,0,0,1
7ul4,inactive,293,3,3,0,0,0,0
7ul4,inactive,294,3,3,0,0,0,0
7ul4,inactive,295,4,3,1,0,0,3
7ul4,inactive,296,5,4,1,0,0,0
7ul4,inactive,297,4,4,0,0,0,0
7ul4,inactive,298,4,4,0,0,0,3
7ul4,inactive,299,3,2,1,0,0,0
7ul4,inactive,300,6,6,0,0,0,2
7ul4,inactive,301,5,5,0,0,0,0
7ul4,inactive,302,3,3,0,0,0,1
7ul4,inactive,303,5,5,0,0,0,1
7ul4,inactive,304,2,2,0,0,0,1
7ul4,inactive,305,3,3,0,0,0,0
7ul4,inactive,306,2,2,0,0,0,0
7ul4,inactive,307,2,2,0,0,0,0
7ul4,inactive,313,3,3,0,0,0,0
7ul4,inactive,314,3,3,0,0,0,0
7ul4,inactive,315,5,4,1,0,0,0
7ul4,inactive,316,5,4,1,0,0,0
7ul4,inactive,317,6,5,1,0,0,0
7ul4,inactive,318,6,6,0,0,0,0
7ul4,inactive,319,6,4,2,0,0,0
7ul4,inactive,320,6,6,0,0,0,3
7ul4,inactive,321,7,6,1,0,0,0
7ul4,inactive,322,5,5,0,0,0,0
7ul4,inactive,323,6,6,0,0,0,0
7ul4,inactive,324,5,5,0,0,0,2
7ul4,inactive,325,7,6,1,0,0,0
7ul4,inactive,326,6,6,0,0,0,0
7ul4,inactive,327,3,3,0,0,0,0
7ul4,inactive,328,7,5,1,1,0,0
7ul4,inactive,329,5,4,1,0,0,0
7ul4,inactive,330,4,4,0,0,0,0
7ul4,inactive,331,3,2,1,0,0,0
7ul4,inactive,332,2,2,0,0,0,0
7ul4,inactive,333,3,3,0,0,0,1
7ul4,inactive,334,3,3,0,0,0,0
7ul4,inactive,335,1,1,0,0,0,1
7ul4,inactive,336,4,4,0,0,0,0
7ul4,inactive,337,4,4,0,0,0,1
7ul4,inactive,338,2,2,0,0,0,0
7ul4,inactive,339,3,3,0,0,0,1
7ul4,inactive,340,2,2,0,0,0,0
7ul4,inactive,341,2,2,0,0,0,3
7ul4,inactive,342,3,3,0,0,0,0
7ul4,inactive,343,2,2,0,0,0,0
7ul4,inactive,344,4,4,0,0,0,0
7ul4,inactive,345,3,3,0,0,0,6
7ul4,inactive,346,6,6,0,0,0,0
7ul4,inactive,347,6,6,0,0,0,0
7ul4,inactive,348,6,6,0,0,0,0
7ul4,inactive,349,6,6,0,0,0,5
7ul4,inactive,350,6,6,0,0,0,0
7ul4,inactive,351,3,3,0,0,0,0
7ul4,inactive,352,4,4,0,0,0,1
7ul4,inactive,353,2,2,0,0,0,0
7ul4,inactive,354,2,2,0,0,0,0
8Y72,active,66,1,1,0,0,0,0
8Y72,active,67,2,2,0,0,0,1
8Y72,active,68,4,3,1,0,0,0
8Y72,active,69,5,3,2,0,0,0
8Y72,active,70,7,6,1,0,0,1
8Y72,active,71,5,5,0,0,0,1
8Y72,active,72,8,6,2,0,0,0
8Y72,active,73,2,2,0,0,0,1
8Y72,active,74,5,4,1,0,0,1
8Y72,active,75,5,4,1,0,0,0
8Y72,active,76,4,4,0,0,0,2
8Y72,active,77,5,3,0,2,0,0
8Y72,active,78,8,6,2,0,0,0
8Y72,active,79,6,6,0,0,0,1
8Y72,active,80,6,6,0,0,0,2
8Y72,active,81,5,5,0,0,0,0
8Y72,active,82,6,6,0,0,0,0
8Y72,active,83,4,4,0,0,0,1
8Y72,active,84,8,6,2,0,0,0
8Y72,active,85,3,3,0,0,0,2
8Y72,active,86,5,5,0,0,0,1
8Y72,active,87,5,5,0,0,0,0
8Y72,active,88,5,4,1,0,0,0
8Y72,active,89,5,5,0,0,0,3
8Y72,active,90,6,6,0,0,0,3
8Y72,active,91,5,5,0,0,0,7
8Y72,active,92,5,5,0,0,0,4
8Y72,active,93,6,6,0,0,0,0
8Y72,active,94,6,6,0,0,0,3
8Y72,active,95,4,4,0,0,0,5
8Y72,active,96,3,3,0,0,0,2
8Y72,active,97,2,2,0,0,0,0
8Y72,active,98,1,1,0,0,0,0
8Y72,active,99,1,1,0,0,0,0
8Y72,active,100,3,2,1,0,0,0
8Y72,active,101,0,0,0,0,0,4
8Y72,active,102,1,1,0,0,0,0
8Y72,active,103,5,2,1,2,0,0
8Y72,active,104,2,2,0,0,0,1
8Y72,active,105,4,4,0,0,0,0
8Y72,active,106,7,3,2,2,0,0
8Y72,active,107,5,4,1,0,0,3
8Y72,active,108,6,6,0,0,0,0
8Y72,active,109,3,3,0,0,0,5
8Y72,active,110,5,5,0,0,0,4
8Y72,active,111,6,3,1,2,0,0
8Y72,active,112,5,5,0,0,0,1
8Y72,active,113,4,4,0,0,0,2
8Y72,active,114,5,5,0,0,0,2
8Y72,active,115,3,3,0,0,0,1
8Y72,active,116,8,5,1,2,0,0
8Y72,active,117,6,5,1,0,0,3
8Y72,active,118,2,2,0,0,0,2
8Y72,active,119,6,5,1,0,0,0
8Y72,active,120,6,4,2,0,0,0
8Y72,active,121,3,3,0,0,0,0
8Y72,active,122,8,2,2,4,0,0
8Y72,active,123,5,4,1,0,0,1
8Y72,active,124,4,3,1,0,0,0
8Y72,active,125,4,4,0,0,0,4
8Y72,active,126,9,4,1,4,0,0
8Y72,active,127,7,5,2,0,0,0
8Y72,active,128,5,5,0,0,0,2
8Y72,active,129,4,4,0,0,0,0
8Y72,active,130,6,4,2,0,0,0
8Y72,active,131,3,3,0,0,0,2
8Y72,active,132,3,2,1,0,0,2
8Y72,active,133,4,3,1,0,0,0
8Y72,active,134,5,2,1,2,0,0
8Y72,active,135,2,1,1,0,0,3
8Y72,active,136,0,0,0,0,0,1
8Y72,active,137,0,0,0,0,0,3
8Y72,active,138,1,0,1,0,0,0
8Y72,active,140,3,3,0,0,0,1
8Y72,active,141,3,3,0,0,0,4
8Y72,active,142,4,4,0,0,0,0
8Y72,active,143,6,3,3,0,0,0
8Y72,active,144,3,3,0,0,0,3
8Y72,active,145,5,5,0,0,0,3
8Y72,active,146,4,4,0,0,0,3
8Y72,active,147,7,5,2,0,0,0
8Y72,active,148,5,4,1,0,0,1
8Y72,active,149,7,5,0,2,0,0
8Y72,active,150,2,2,0,0,0,0
8Y72,active,151,7,5,2,0,0,0
8Y72,active,152,4,2,2,0,0,0
8Y72,active,153,4,3,1,0,0,3
8Y72,active,154,1,1,0,0,0,5
8Y72,active,155,7,2,3,2,0,0
8Y72,active,156,6,4,2,0,0,0
8Y72,active,157,4,4,0,0,0,5
8Y72,active,158,6,5,1,0,0,3
8Y72,active,159,7,6,1,0,0,0
8Y72,active,160,6,6,0,0,0,2
8Y72,active,161,6,6,0,0,0,0
8Y72,active,162,9,6,1,2,0,0
8Y72,active,163,6,6,0,0,0,1
8Y72,active,164,6,6,0,0,0,0
8Y72,active,165,6,6,0,0,0,2
8Y72,active,166,10,6,1,3,1,0
8Y72,active,167,7,6,0,1,1,0
8Y72,active,168,7,5,0,2,0,0
8Y72,active,169,5,5,0,0,0,2
8Y72,active,170,2,2,0,0,0,0
8Y72,active,171,3,3,0,0,0,2
8Y72,active,172,1,1,0,0,0,0
8Y72,active,173,6,4,0,2,0,0
8Y72,active,174,2,2,0,0,0,0
8Y72,active,175,3,3,0,0,0,0
8Y72,active,176,4,4,0,0,0,0
8Y72,active,177,6,6,0,0,0,1
8Y72,active,178,3,3,0,0,0,0
8Y72,active,179,2,2,0,0,0,0
8Y72,active,180,3,3,0,0,0,0
8Y72,active,181,5,1,1,3,1,0
8Y72,active,182,5,4,1,0,0,0
8Y72,active,183,1,1,0,0,0,1
8Y72,active,184,1,1,0,0,0,0
8Y72,active,185,5,4,1,0,0,0
8Y72,active,186,4,4,0,0,0,2
8Y72,active,187,5,5,0,0,0,0
8Y72,active,188,5,5,0,0,0,0
8Y72,active,189,7,6,1,0,0,0
8Y72,active,190,7,6,0,1,0,0
8Y72,active,191,6,6,0,0,0,1
8Y72,active,192,5,5,0,0,0,0
8Y72,active,193,10,6,2,2,0,0
8Y72,active,194,5,2,2,1,0,3
8Y72,active,195,5,5,0,0,0,1
8Y72,active,196,4,4,0,0,0,1
8Y72,active,197,9,5,2,2,0,0
8Y72,active,198,6,5,1,0,0,0
8Y72,active,199,2,2,0,0,0,0
8Y72,active,200,3,3,0,0,0,4
8Y72,active,201,4,4,0,0,0,0
8Y72,active,202,4,4,0,0,0,0
8Y72,active,203,2,2,0,0,0,1
8Y72,active,204,6,6,0,0,0,3
8Y72,active,205,4,2,2,0,0,0
8Y72,active,206,3,3,0,0,0,0
8Y72,active,207,3,3,0,0,0,2
8Y72,active,208,2,1,1,0,0,1
8Y72,active,209,4,1,1,2,0,0
8Y72,active,211,2,2,0,0,0,0
8Y72,active,213,3,3,0,0,1,0
8Y72,active,214,1,1,0,0,0,0
8Y72,active,215,1,1,0,0,0,0
8Y72,active,216,6,3,1,2,0,0
8Y72,active,217,1,1,0,0,0,1
8Y72,active,218,3,3,0,0,1,0
8Y72,active,220,3,2,1,0,0,0
8Y72,active,221,0,0,0,0,0,3
8Y72,active,222,3,1,0,2,0,0
8Y72,active,223,1,0,1,0,0,3
8Y72,active,224,3,2,0,1,0,0
8Y72,active,225,2,1,1,0,0,0
8Y72,active,226,2,2,0,0,0,1
8Y72,active,227,6,4,2,0,0,0
8Y72,active,228,4,4,0,0,0,0
8Y72,active,229,4,4,0,0,0,0
8Y72,active,230,5,4,0,1,0,3
8Y72,active,231,7,6,0,1,1,0
8Y72,active,232,6,6,0,0,0,0
8Y72,active,233,6,6,0,0,0,1
8Y72,active,234,6,6,0,0,0,4
8Y72,active,235,7,6,0,1,1,0
8Y72,active,236,6,6,0,0,0,1
8Y72,active,237,5,5,0,0,0,0
8Y72,active,238,4,4,0,0,0,5
8Y72,active,239,5,5,0,0,0,2
8Y72,active,240,2,2,0,0,0,1
8Y72,active,241,1,1,0,0,0,1
8Y72,active,242,1,1,0,0,0,3
8Y72,active,243,2,2,0,0,0,3
8Y72,active,244,4,4,0,0,0,2
8Y72,active,245,4,4,0,0,0,2
8Y72,active,246,4,4,0,0,0,2
8Y72,active,247,6,5,1,0,0,3
8Y72,active,248,6,6,0,0,0,1
8Y72,active,249,5,5,0,0,0,2
8Y72,active,250,5,5,0,0,0,1
8Y72,active,251,6,5,1,0,0,0
8Y72,active,252,6,6,0,0,0,1
8Y72,active,253,4,4,0,0,0,0
8Y72,active,254,6,5,0,1,0,0
8Y72,active,255,6,6,0,0,0,0
8Y72,active,256,5,5,0,0,0,1
8Y72,active,257,6,6,0,0,0,3
8Y72,active,258,6,6,0,0,0,3
8Y72,active,259,4,4,0,0,0,0
8Y72,active,260,5,5,0,0,0,0
8Y72,active,261,4,4,0,0,0,7
8Y72,active,262,3,3,0,0,0,0
8Y72,active,263,3,3,0,0,0,0
8Y72,active,264,4,3,1,0,0,2
8Y72,active,265,4,3,1,0,0,0
8Y72,active,267,3,3,0,0,0,4
8Y72,active,268,5,2,3,0,0,0
8Y72,active,270,3,3,0,0,0,0
8Y72,active,271,2,2,0,0,0,0
8Y72,active,272,4,3,0,1,1,0
8Y72,active,273,5,4,1,0,0,0
8Y72,active,274,7,6,1,0,0,0
8Y72,active,275,7,6,0,1,1,0
8Y72,active,276,6,6,0,0,0,0
8Y72,active,277,7,6,1,0,0,2
8Y72,active,278,8,6,2,0,0,0
8Y72,active,279,7,6,0,1,1,0
8Y72,active,280,6,6,0,0,0,4
8Y72,active,281,7,6,1,0,0,0
8Y72,active,282,7,6,1,0,0,0
8Y72,active,283,6,6,0,0,0,0
8Y72,active,284,6,6,0,0,0,4
8Y72,active,285,6,6,0,0,0,0
8Y72,active,286,6,6,0,0,0,2
8Y72,active,287,6,6,0,0,0,1
8Y72,active,288,5,5,0,0,0,3
8Y72,active,289,6,6,0,0,0,0
8Y72,active,290,3,3,0,0,0,3
8Y72,active,291,6,6,0,0,0,5
8Y72,active,292,6,5,1,0,0,2
8Y72,active,293,2,2,0,0,0,0
8Y72,active,294,3,3,0,0,0,0
8Y72,active,295,4,3,1,0,0,5
8Y72,active,296,5,4,1,0,0,0
8Y72,active,297,4,4,0,0,0,1
8Y72,active,298,4,4,0,0,0,4
8Y72,active,299,6,5,1,0,0,0
8Y72,active,300,6,6,0,0,0,1
8Y72,active,301,5,5,0,0,0,0
8Y72,active,302,6,6,0,0,0,2
8Y72,active,303,5,5,0,0,0,1
8Y72,active,304,6,6,0,0,0,2
8Y72,active,305,4,4,0,0,0,0
8Y72,active,306,3,3,0,0,0,0
8Y72,active,307,3,3,0,0,0,1
8Y72,active,308,1,1,0,0,0,1
8Y72,active,311,1,1,0,0,0,0
8Y72,active,313,4,4,0,0,0,0
8Y72,active,314,3,3,0,0,0,0
8Y72,active,315,5,4,1,0,0,0
8Y72,active,316,4,4,0,0,0,0
8Y72,active,317,6,6,0,0,0,0
8Y72,active,318,4,4,0,0,0,1
8Y72,active,319,7,6,1,0,0,0
8Y72,active,320,5,5,0,0,0,3
8Y72,active,321,8,6,0,2,0,0
8Y72,active,322,6,6,0,0,0,2
8Y72,active,323,6,6,0,0,0,0
8Y72,active,324,6,6,0,0,0,2
8Y72,active,325,6,5,1,0,0,2
8Y72,active,326,6,5,1,0,0,2
8Y72,active,327,3,3,0,0,0,0
8Y72,active,328,11,5,0,6,0,0
8Y72,active,329,8,6,2,0,0,0
8Y72,active,330,5,4,1,0,0,0
8Y72,active,331,3,2,0,1,0,0
8Y72,active,332,3,2,1,0,0,0
8Y72,active,333,5,5,0,0,0,2
8Y72,active,334,6,4,1,1,0,0
8Y72,active,335,3,3,0,0,0,1
8Y72,active,336,4,4,0,0,0,2
8Y72,active,337,2,2,0,0,0,4
8Y72,active,338,2,2,0,0,0,0
8Y72,active,339,3,3,0,0,0,3
8Y72,active,340,1,1,0,0,0,4
8Y72,active,341,3,2,1,0,0,1
8Y72,active,342,4,4,0,0,1,0
8Y72,active,343,5,2,1,2,2,0
8Y72,active,344,4,4,0,0,0,0
8Y72,active,345,3,3,0,0,0,6
8Y72,active,346,8,6,1,1,1,0
8Y72,active,347,3,2,1,0,0,0
8Y72,active,348,4,4,0,0,0,0
8Y72,active,349,3,3,0,0,0,3
8Y72,active,350,2,2,0,0,0,0
8Y72,active,351,1,1,0,0,0,0
8Y73,active,66,2,2,0,0,0,0
8Y73,active,67,3,3,0,0,0,1
8Y73,active,68,5,4,1,0,0,0
8Y73,active,69,5,4,1,0,0,0
8Y73,active,70,6,6,0,0,0,1
8Y73,active,71,5,5,0,0,0,1
8Y73,active,72,7,5,2,0,0,0
8Y73,active,73,6,6,0,0,0,0
8Y73,active,74,5,4,1,0,0,1
8Y73,active,75,6,5,1,0,0,0
8Y73,active,76,6,6,0,0,0,4
8Y73,active,77,7,5,0,2,0,0
8Y73,active,78,7,5,2,0,0,0
8Y73,active,79,6,6,0,0,0,2
8Y73,active,80,5,5,0,0,0,3
8Y73,active,81,5,5,0,0,0,0
8Y73,active,82,6,6,0,0,0,0
8Y73,active,83,5,5,0,0,0,1
8Y73,active,84,7,6,1,0,0,0
8Y73,active,85,5,5,0,0,0,1
8Y73,active,86,6,6,0,0,0,1
8Y73,active,87,6,6,0,0,0,0
8Y73,active,88,7,5,2,0,0,0
8Y73,active,89,6,6,0,0,0,2
8Y73,active,90,6,6,0,0,0,3
8Y73,active,91,6,6,0,0,0,6
8Y73,active,92,6,6,0,0,0,5
8Y73,active,93,7,6,0,1,0,0
8Y73,active,94,5,5,0,0,0,3
8Y73,active,95,5,5,0,0,0,5
8Y73,active,96,3,2,1,0,0,1
8Y73,active,97,3,2,0,1,0,0
8Y73,active,98,2,2,0,0,0,0
8Y73,active,99,1,1,0,0,0,0
8Y73,active,100,5,3,2,0,0,0
8Y73,active,101,0,0,0,0,0,3
8Y73,active,102,1,1,0,0,0,0
8Y73,active,103,5,3,1,1,0,0
8Y73,active,104,3,3,0,0,0,1
8Y73,active,105,4,4,0,0,0,0
8Y73,active,106,7,4,2,1,0,0
8Y73,active,107,6,6,0,0,0,3
8Y73,active,108,5,5,0,0,0,0
8Y73,active,109,6,6,0,0,0,4
8Y73,active,110,6,6,0,0,0,4
8Y73,active,111,8,6,0,2,0,0
8Y73,active,112,6,6,0,0,0,2
8Y73,active,113,5,5,0,0,0,2
8Y73,active,114,6,6,0,0,0,3
8Y73,active,115,4,4,0,0,0,1
8Y73,active,116,9,6,0,3,0,0
8Y73,active,117,5,5,0,0,0,1
8Y73,active,118,5,5,0,0,0,1
8Y73,active,119,5,4,1,0,0,0
8Y73,active,120,5,5,0,0,0,0
8Y73,active,121,3,3,0,0,0,0
8Y73,active,122,7,3,2,2,0,0
8Y73,active,123,4,4,0,0,0,1
8Y73,active,124,3,2,1,0,0,0
8Y73,active,125,5,5,0,0,0,4
8Y73,active,126,9,4,1,4,0,0
8Y73,active,127,7,6,1,0,0,0
8Y73,active,128,5,5,0,0,0,3
8Y73,active,129,5,5,0,0,0,0
8Y73,active,130,4,4,0,0,0,0
8Y73,active,131,3,3,0,0,0,2
8Y73,active,132,2,2,0,0,0,2
8Y73,active,133,4,3,1,0,0,0
8Y73,active,134,4,2,2,0,0,0
8Y73,active,135,2,2,0,0,0,3
8Y73,active,136,0,0,0,0,0,2
8Y73,active,137,1,1,0,0,0,3
8Y73,active,138,1,0,1,0,0,0
8Y73,active,139,4,2,0,2,0,0
8Y73,active,140,3,3,0,0,0,1
8Y73,active,141,2,2,0,0,0,4
8Y73,active,142,5,5,0,0,0,0
8Y73,active,143,9,5,4,0,0,0
8Y73,active,144,5,4,1,0,0,3
8Y73,active,145,6,6,0,0,0,3
8Y73,active,146,5,5,0,0,0,3
8Y73,active,147,7,5,2,0,0,0
8Y73,active,148,6,5,1,0,0,1
8Y73,active,149,8,6,0,2,0,0
8Y73,active,150,2,2,0,0,0,0
8Y73,active,151,8,6,2,0,0,0
8Y73,active,152,5,4,1,0,0,0
8Y73,active,153,5,5,0,0,0,2
8Y73,active,154,3,3,0,0,0,5
8Y73,active,155,11,6,3,2,0,0
8Y73,active,156,6,5,0,1,0,0
8Y73,active,157,6,6,0,0,0,5
8Y73,active,158,7,6,1,0,0,3
8Y73,active,159,6,5,1,0,0,0
8Y73,active,160,6,6,0,0,0,2
8Y73,active,161,4,4,0,0,0,0
8Y73,active,162,8,6,1,1,0,0
8Y73,active,163,5,5,0,0,0,1
8Y73,active,164,6,6,0,0,0,0
8Y73,active,165,6,6,0,0,0,2
8Y73,active,166,8,6,0,2,1,0
8Y73,active,167,7,6,0,1,0,0
8Y73,active,168,7,5,0,2,0,0
8Y73,active,169,5,5,0,0,0,2
8Y73,active,170,2,2,0,0,0,0
8Y73,active,171,3,3,0,0,0,2
8Y73,active,172,1,1,0,0,0,0
8Y73,active,173,6,4,0,2,0,0
8Y73,active,174,2,2,0,0,0,0
8Y73,active,175,3,3,0,0,0,0
8Y73,active,176,4,4,0,0,0,0
8Y73,active,177,6,6,0,0,0,1
8Y73,active,178,3,3,0,0,0,0
8Y73,active,179,2,2,0,0,0,0
8Y73,active,180,5,3,2,0,0,0
8Y73,active,181,3,1,0,2,1,0
8Y73,active,182,7,4,2,1,0,0
8Y73,active,183,3,3,0,0,0,1
8Y73,active,184,4,4,0,0,0,0
8Y73,active,185,8,5,2,1,0,0
8Y73,active,186,6,6,0,0,0,2
8Y73,active,187,6,6,0,0,0,0
8Y73,active,188,6,6,0,0,0,0
8Y73,active,189,7,6,1,0,0,0
8Y73,active,190,7,6,0,1,0,0
8Y73,active,191,6,6,0,0,0,1
8Y73,active,192,5,5,0,0,0,0
8Y73,active,193,9,6,2,1,0,0
8Y73,active,194,5,2,2,1,0,2
8Y73,active,195,5,5,0,0,0,1
8Y73,active,196,4,4,0,0,0,1
8Y73,active,197,9,5,2,2,0,0
8Y73,active,198,6,5,1,0,0,0
8Y73,active,199,2,2,0,0,0,0
8Y73,active,200,3,3,0,0,0,2
8Y73,active,201,3,3,0,0,0,0
8Y73,active,202,4,4,0,0,0,0
8Y73,active,203,2,2,0,0,0,0
8Y73,active,204,5,5,0,0,0,3
8Y73,active,205,3,2,1,0,0,0
8Y73,active,206,4,3,1,0,0,0
8Y73,active,207,3,3,0,0,0,2
8Y73,active,208,2,1,1,0,0,1
8Y73,active,209,1,1,0,0,0,0
8Y73,active,210,3,0,1,2,0,0
8Y73,active,211,2,2,0,0,0,0
8Y73,active,213,5,3,0,2,1,0
8Y73,active,214,1,1,0,0,0,0
8Y73,active,215,1,1,0,0,0,0
8Y73,active,216,4,3,1,0,0,0
8Y73,active,217,3,1,2,0,0,1
8Y73,active,218,4,2,0,2,1,0
8Y73,active,220,1,1,0,0,0,0
8Y73,active,221,0,0,0,0,0,2
8Y73,active,222,1,1,0,0,0,0
8Y73,active,223,0,0,0,0,0,4
8Y73,active,225,1,1,0,0,0,0
8Y73,active,226,2,2,0,0,0,1
8Y73,active,227,1,1,0,0,0,0
8Y73,active,228,2,2,0,0,0,1
8Y73,active,229,1,1,0,0,0,0
8Y73,active,230,3,3,0,0,0,3
8Y73,active,231,4,3,0,1,1,0
8Y73,active,232,3,3,0,0,0,0
8Y73,active,233,5,5,0,0,0,1
8Y73,active,234,6,6,0,0,0,3
8Y73,active,235,7,6,0,1,1,0
8Y73,active,236,6,6,0,0,0,1
8Y73,active,237,6,6,0,0,0,0
8Y73,active,238,5,5,0,0,0,3
8Y73,active,239,5,5,0,0,0,3
8Y73,active,240,5,5,0,0,0,1
8Y73,active,241,1,1,0,0,0,1
8Y73,active,242,1,1,0,0,0,3
8Y73,active,243,2,2,0,0,0,3
8Y73,active,244,5,5,0,0,0,2
8Y73,active,245,4,4,0,0,0,2
8Y73,active,246,3,3,0,0,0,2
8Y73,active,247,7,6,1,0,0,2
8Y73,active,248,6,5,1,0,0,1
8Y73,active,249,6,6,0,0,0,2
8Y73,active,250,4,4,0,0,0,1
8Y73,active,251,7,5,2,0,0,0
8Y73,active,252,5,5,0,0,0,1
8Y73,active,253,3,3,0,0,0,0
8Y73,active,254,6,5,0,1,0,0
8Y73,active,255,5,5,0,0,0,0
8Y73,active,256,5,5,0,0,0,1
8Y73,active,257,5,5,0,0,0,3
8Y73,active,258,6,6,0,0,0,2
8Y73,active,259,3,3,0,0,0,0
8Y73,active,260,6,6,0,0,0,0
8Y73,active,261,4,4,0,0,0,6
8Y73,active,262,5,4,1,0,0,0
8Y73,active,263,2,2,0,0,0,0
8Y73,active,264,4,3,1,0,0,2
8Y73,active,265,2,2,0,0,0,0
8Y73,active,267,1,1,0,0,0,4
8Y73,active,268,4,1,3,0,0,0
8Y73,active,270,2,1,1,0,0,0
8Y73,active,271,3,3,0,0,1,0
8Y73,active,272,2,2,0,0,1,0
8Y73,active,273,6,4,2,0,0,0
8Y73,active,274,5,5,0,0,0,0
8Y73,active,275,6,6,0,0,0,0
8Y73,active,276,6,6,0,0,0,0
8Y73,active,277,7,6,1,0,0,2
8Y73,active,278,6,6,0,0,0,0
8Y73,active,279,7,5,0,2,1,0
8Y73,active,280,6,6,0,0,0,3
8Y73,active,281,6,5,1,0,0,0
8Y73,active,282,6,6,0,0,0,0
8Y73,active,283,6,6,0,0,0,3
8Y73,active,284,6,6,0,0,0,3
8Y73,active,285,6,6,0,0,0,0
8Y73,active,286,6,6,0,0,0,2
8Y73,active,287,6,6,0,0,0,2
8Y73,active,288,6,6,0,0,0,3
8Y73,active,289,6,6,0,0,0,0
8Y73,active,290,6,6,0,0,0,3
8Y73,active,291,6,6,0,0,0,5
8Y73,active,292,7,6,1,0,0,1
8Y73,active,293,3,3,0,0,0,0
8Y73,active,294,3,3,0,0,0,0
8Y73,active,295,4,2,1,1,0,5
8Y73,active,296,5,4,1,0,0,0
8Y73,active,297,2,2,0,0,0,1
8Y73,active,298,4,4,0,0,0,4
8Y73,active,299,5,4,1,0,0,0
8Y73,active,300,6,6,0,0,0,1
8Y73,active,301,7,5,0,2,0,0
8Y73,active,302,6,6,0,0,0,2
8Y73,active,303,5,5,0,0,0,2
8Y73,active,304,6,6,0,0,0,2
8Y73,active,305,3,3,0,0,0,0
8Y73,active,306,3,3,0,0,0,0
8Y73,active,307,2,2,0,0,0,1
8Y73,active,308,1,1,0,0,0,1
8Y73,active,311,1,1,0,0,0,0
8Y73,active,312,1,0,0,1,0,0
8Y73,active,313,7,4,3,0,0,0
8Y73,active,314,3,3,0,0,0,0
8Y73,active,315,6,4,2,0,0,1
8Y73,active,316,7,4,1,2,0,0
8Y73,active,317,8,6,1,1,0,0
8Y73,active,318,4,4,0,0,0,1
8Y73,active,319,7,6,1,0,0,0
8Y73,active,320,5,5,0,0,0,3
8Y73,active,321,7,5,0,2,0,0
8Y73,active,322,6,6,0,0,0,2
8Y73,active,323,4,4,0,0,0,0
8Y73,active,324,6,6,0,0,0,2
8Y73,active,325,5,4,1,0,0,2
8Y73,active,326,6,5,1,0,0,2
8Y73,active,327,3,3,0,0,0,0
8Y73,active,328,9,5,0,4,0,0
8Y73,active,329,8,6,2,0,0,0
8Y73,active,330,6,4,1,1,0,0
8Y73,active,331,4,2,1,1,0,0
8Y73,active,332,2,2,0,0,0,0
8Y73,active,333,5,5,0,0,0,1
8Y73,active,334,6,4,1,1,0,0
8Y73,active,335,3,3,0,0,0,2
8Y73,active,336,3,3,0,0,0,1
8Y73,active,337,2,2,0,0,0,4
8Y73,active,338,1,1,0,0,0,0
8Y73,active,339,1,1,0,0,0,2
8Y73,active,340,1,1,0,0,0,4
8Y73,active,341,1,1,0,0,0,2
8Y73,active,342,4,3,1,0,0,0
8Y73,active,343,3,1,0,2,1,0
8Y73,active,344,3,3,0,0,0,0
8Y73,active,345,5,4,1,0,0,3
8Y73,active,346,3,3,0,0,0,0
8Y73,active,347,6,6,0,0,0,0
8Y73,active,348,3,3,0,0,0,0
8Y73,active,349,5,5,0,0,0,2
8Y73,active,350,2,2,0,0,0,0
8Y73,active,351,2,2,0,0,0,0
8Y73,active,352,2,2,0,0,0,0
8e0g,active,54,1,0,1,0,0,0
8e0g,active,55,1,0,1,0,0,0
8e0g,active,57,4,0,3,1,0,0
8e0g,active,58,2,0,2,0,0,0
8e0g,active,65,0,0,0,0,0,1
8e0g,active,66,8,3,3,2,0,0
8e0g,active,67,3,3,0,0,0,1
8e0g,active,68,3,2,1,0,0,0
8e0g,active,69,10,5,3,2,0,0
8e0g,active,70,5,5,0,0,0,1
8e0g,active,71,5,5,0,0,0,1
8e0g,active,72,7,6,1,0,0,0
8e0g,active,73,6,6,0,0,0,1
8e0g,active,74,7,6,1,0,0,1
8e0g,active,75,6,6,0,0,0,0
8e0g,active,76,6,6,0,0,0,2
8e0g,active,77,4,4,0,0,0,0
8e0g,active,78,7,6,1,0,0,0
8e0g,active,79,5,5,0,0,0,1
8e0g,active,80,3,3,0,0,0,2
8e0g,active,81,5,5,0,0,0,0
8e0g,active,82,5,5,0,0,0,0
8e0g,active,83,3,3,0,0,0,1
8e0g,active,84,6,5,1,0,0,0
8e0g,active,85,3,3,0,0,0,2
8e0g,active,86,6,6,0,0,0,1
8e0g,active,87,3,3,0,0,0,0
8e0g,active,88,7,5,2,0,0,0
8e0g,active,89,4,4,0,0,0,3
8e0g,active,90,6,6,0,0,0,3
8e0g,active,91,5,5,0,0,0,7
8e0g,active,92,5,5,0,0,0,4
8e0g,active,93,6,6,0,0,0,0
8e0g,active,94,4,4,0,0,0,2
8e0g,active,95,6,6,0,0,0,5
8e0g,active,96,2,2,0,0,0,1
8e0g,active,97,3,2,1,0,0,0
8e0g,active,98,2,2,0,0,0,0
8e0g,active,99,3,2,0,1,0,0
8e0g,active,100,3,2,1,0,0,0
8e0g,active,101,0,0,0,0,0,3
8e0g,active,103,5,3,1,1,0,0
8e0g,active,104,3,3,0,0,0,1
8e0g,active,105,4,4,0,0,0,0
8e0g,active,106,7,4,1,2,0,0
8e0g,active,107,4,4,0,0,0,3
8e0g,active,108,5,5,0,0,0,0
8e0g,active,109,5,5,0,0,0,4
8e0g,active,110,5,5,0,0,0,5
8e0g,active,111,6,4,0,2,0,0
8e0g,active,112,6,6,0,0,0,2
8e0g,active,113,5,5,0,0,0,2
8e0g,active,114,5,5,0,0,0,2
8e0g,active,115,6,6,0,0,0,0
8e0g,active,116,8,4,1,3,0,0
8e0g,active,117,6,5,1,0,0,3
8e0g,active,118,5,4,1,0,0,2
8e0g,active,119,4,3,1,0,0,0
8e0g,active,120,7,5,2,0,0,0
8e0g,active,121,4,3,1,0,0,0
8e0g,active,122,8,4,1,3,0,0
8e0g,active,123,5,4,1,0,0,1
8e0g,active,124,4,3,1,0,0,0
8e0g,active,125,3,3,0,0,0,3
8e0g,active,126,9,5,0,4,0,0
8e0g,active,127,7,5,2,0,0,0
8e0g,active,128,4,4,0,0,0,3
8e0g,active,129,6,5,1,0,0,0
8e0g,active,130,5,5,0,0,0,0
8e0g,active,131,2,2,0,0,0,1
8e0g,active,132,3,3,0,0,0,1
8e0g,active,133,3,2,1,0,0,0
8e0g,active,134,6,2,2,2,0,0
8e0g,active,135,2,1,1,0,0,4
8e0g,active,136,0,0,0,0,0,1
8e0g,active,137,0,0,0,0,0,3
8e0g,active,138,2,1,1,0,0,0
8e0g,active,139,4,2,1,1,0,0
8e0g,active,140,3,3,0,0,0,1
8e0g,active,141,2,2,0,0,0,2
8e0g,active,142,6,6,0,0,0,0
8e0g,active,143,6,3,3,0,0,0
8e0g,active,144,5,5,0,0,0,3
8e0g,active,145,5,5,0,0,0,2
8e0g,active,146,4,4,0,0,0,3
8e0g,active,147,7,6,1,0,0,0
8e0g,active,148,6,5,1,0,0,2
8e0g,active,149,7,4,0,3,0,0
8e0g,active,150,5,5,0,0,0,0
8e0g,active,151,7,4,1,2,0,0
8e0g,active,152,5,4,1,0,0,0
8e0g,active,153,3,3,0,0,0,4
8e0g,active,154,6,6,0,0,0,5
8e0g,active,155,4,2,2,0,0,0
8e0g,active,156,5,4,0,1,0,0
8e0g,active,157,5,5,0,0,0,5
8e0g,active,158,5,4,1,0,0,3
8e0g,active,159,7,5,1,1,0,0
8e0g,active,160,5,5,0,0,0,3
8e0g,active,161,5,5,0,0,0,0
8e0g,active,162,7,5,1,1,0,0
8e0g,active,163,4,4,0,0,0,2
8e0g,active,164,6,6,0,0,0,0
8e0g,active,165,5,5,0,0,0,2
8e0g,active,166,7,4,0,3,1,0
8e0g,active,167,7,6,0,1,0,0
8e0g,active,168,5,5,0,0,0,0
8e0g,active,169,5,5,0,0,0,3
8e0g,active,170,3,3,0,0,0,0
8e0g,active,171,3,3,0,0,0,2
8e0g,active,172,3,1,2,0,0,0
8e0g,active,173,4,4,0,0,0,0
8e0g,active,174,1,1,0,0,0,0
8e0g,active,175,3,3,0,0,0,0
8e0g,active,176,4,4,0,0,0,0
8e0g,active,177,6,6,0,0,0,1
8e0g,active,178,2,2,0,0,0,0
8e0g,active,179,3,2,1,0,0,0
8e0g,active,180,3,3,0,0,0,2
8e0g,active,181,4,1,0,3,1,0
8e0g,active,182,6,4,1,1,0,0
8e0g,active,183,3,3,0,0,0,1
8e0g,active,184,4,4,0,0,0,0
8e0g,active,185,8,5,2,1,0,0
8e0g,active,186,5,5,0,0,0,2
8e0g,active,187,6,6,0,0,0,0
8e0g,active,188,5,5,0,0,0,0
8e0g,active,189,7,6,1,0,0,1
8e0g,active,190,5,4,0,1,0,0
8e0g,active,191,6,6,0,0,0,1
8e0g,active,192,5,5,0,0,0,0
8e0g,active,193,8,5,2,1,0,0
8e0g,active,194,7,6,1,0,0,0
8e0g,active,195,6,6,0,0,0,1
8e0g,active,196,5,5,0,0,0,1
8e0g,active,197,7,6,1,0,0,0
8e0g,active,198,9,6,1,2,0,0
8e0g,active,199,3,3,0,0,0,0
8e0g,active,200,4,4,0,0,0,4
8e0g,active,201,3,2,1,0,0,0
8e0g,active,202,5,5,0,0,0,0
8e0g,active,203,3,3,0,0,0,0
8e0g,active,204,5,5,0,0,0,3
8e0g,active,205,3,2,1,0,0,1
8e0g,active,206,4,3,1,0,0,0
8e0g,active,207,5,4,1,0,0,2
8e0g,active,208,2,1,1,0,0,2
8e0g,active,209,4,3,0,1,0,0
8e0g,active,210,1,0,1,0,0,0
8e0g,active,211,2,2,0,0,0,0
8e0g,active,213,2,1,1,0,0,0
8e0g,active,214,1,1,0,0,0,0
8e0g,active,216,6,2,2,2,0,0
8e0g,active,217,2,1,1,0,0,1
8e0g,active,218,6,2,2,2,0,0
8e0g,active,219,2,0,2,0,0,0
8e0g,active,220,4,2,1,1,0,0
8e0g,active,221,0,0,0,0,0,5
8e0g,active,222,2,1,1,0,0,0
8e0g,active,223,0,0,0,0,0,3
8e0g,active,224,1,1,0,0,0,0
8e0g,active,225,1,0,1,0,0,0
8e0g,active,226,3,3,0,0,0,1
8e0g,active,227,4,4,0,0,0,0
8e0g,active,228,2,1,1,0,0,0
8e0g,active,229,5,5,0,0,0,0
8e0g,active,230,5,4,1,0,0,3
8e0g,active,231,4,4,0,0,0,0
8e0g,active,232,5,4,1,0,0,0
8e0g,active,233,5,5,0,0,0,1
8e0g,active,234,6,6,0,0,0,4
8e0g,active,235,6,6,0,0,0,0
8e0g,active,236,6,6,0,0,0,1
8e0g,active,237,6,6,0,0,0,0
8e0g,active,238,5,5,0,0,0,5
8e0g,active,239,5,5,0,0,0,4
8e0g,active,240,5,5,0,0,0,2
8e0g,active,241,1,1,0,0,0,2
8e0g,active,242,1,1,0,0,0,4
8e0g,active,243,4,4,0,0,0,4
8e0g,active,244,4,4,0,0,0,3
8e0g,active,245,5,5,0,0,0,3
8e0g,active,246,4,4,0,0,0,2
8e0g,active,247,5,4,1,0,0,3
8e0g,active,248,6,5,1,0,0,1
8e0g,active,249,4,4,0,0,0,2
8e0g,active,250,4,4,0,0,0,3
8e0g,active,251,4,2,2,0,0,0
8e0g,active,252,6,6,0,0,0,1
8e0g,active,253,2,2,0,0,0,0
8e0g,active,254,5,4,0,1,0,0
8e0g,active,255,5,5,0,0,0,0
8e0g,active,256,3,3,0,0,0,2
8e0g,active,257,6,6,0,0,0,4
8e0g,active,258,5,5,0,0,0,1
8e0g,active,259,6,6,0,0,0,1
8e0g,active,260,8,5,3,0,0,0
8e0g,active,261,5,5,0,0,0,4
8e0g,active,262,6,4,2,0,0,0
8e0g,active,263,5,4,1,0,0,0
8e0g,active,264,3,2,1,0,0,0
8e0g,active,265,2,1,1,0,0,0
8e0g,active,266,2,2,0,0,0,0
8e0g,active,268,1,1,0,0,0,0
8e0g,active,269,1,1,0,0,0,0
8e0g,active,270,4,3,1,0,0,0
8e0g,active,271,1,1,0,0,0,0
8e0g,active,272,5,3,2,0,0,0
8e0g,active,273,6,4,2,0,0,0
8e0g,active,274,3,3,0,0,0,0
8e0g,active,275,5,5,0,0,0,0
8e0g,active,276,6,5,1,0,0,0
8e0g,active,277,5,4,1,0,0,1
8e0g,active,278,4,4,0,0,0,0
8e0g,active,279,4,4,0,0,0,0
8e0g,active,280,5,5,0,0,0,3
8e0g,active,281,5,4,1,0,0,0
8e0g,active,282,5,5,0,0,0,0
8e0g,active,283,6,6,0,0,0,1
8e0g,active,284,5,5,0,0,0,4
8e0g,active,285,4,4,0,0,0,0
8e0g,active,286,6,6,0,0,0,2
8e0g,active,287,3,3,0,0,0,2
8e0g,active,288,5,5,0,0,0,3
8e0g,active,289,5,5,0,0,0,0
8e0g,active,290,5,5,0,0,0,3
8e0g,active,291,4,4,0,0,0,7
8e0g,active,292,6,5,1,0,0,2
8e0g,active,293,2,2,0,0,0,0
8e0g,active,294,3,3,0,0,0,0
8e0g,active,295,4,3,0,1,0,5
8e0g,active,296,5,4,1,0,0,0
8e0g,active,297,4,4,0,0,0,1
8e0g,active,298,4,4,0,0,0,4
8e0g,active,299,4,4,0,0,0,0
8e0g,active,300,6,6,0,0,0,2
8e0g,active,301,8,5,1,2,0,0
8e0g,active,302,5,5,0,0,0,2
8e0g,active,303,6,6,0,0,0,2
8e0g,active,304,6,6,0,0,0,3
8e0g,active,305,4,4,0,0,0,0
8e0g,active,306,3,3,0,0,0,0
8e0g,active,307,3,3,0,0,0,1
8e0g,active,308,1,1,0,0,0,1
8e0g,active,310,1,1,0,0,0,1
8e0g,active,311,1,1,0,0,0,0
8e0g,active,312,1,1,0,0,0,0
8e0g,active,313,6,4,2,0,0,0
8e0g,active,314,3,3,0,0,0,0
8e0g,active,315,3,2,1,0,0,0
8e0g,active,316,6,3,3,0,0,0
8e0g,active,317,7,5,2,0,0,0
8e0g,active,318,4,4,0,0,0,1
8e0g,active,319,8,4,2,2,0,0
8e0g,active,320,6,6,0,0,0,3
8e0g,active,321,6,5,1,0,0,0
8e0g,active,322,6,6,0,0,0,2
8e0g,active,323,6,6,0,0,0,0
8e0g,active,324,6,6,0,0,0,2
8e0g,active,325,7,6,1,0,0,2
8e0g,active,326,6,6,0,0,0,2
8e0g,active,327,6,6,0,0,0,0
8e0g,active,328,10,6,0,4,0,0
8e0g,active,329,7,6,1,0,0,0
8e0g,active,330,9,6,1,2,0,0
8e0g,active,331,4,2,1,1,0,0
8e0g,active,332,3,3,0,0,0,0
8e0g,active,333,5,5,0,0,0,1
8e0g,active,334,7,4,1,2,0,0
8e0g,active,335,3,3,0,0,0,2
8e0g,active,336,3,3,0,0,0,1
8e0g,active,337,2,2,0,0,0,3
8e0g,active,338,1,1,0,0,0,0
8e0g,active,339,3,3,0,0,0,3
8e0g,active,340,1,1,0,0,0,4
8e0g,active,341,4,3,1,0,0,1
8e0g,active,342,5,3,2,0,0,0
8e0g,active,343,1,1,0,0,1,0
8e0g,active,344,4,3,1,0,0,0
8e0g,active,345,3,2,1,0,0,5
8e0g,active,346,4,3,1,0,1,0
8e0g,active,347,2,2,0,0,0,0
8e0g,active,348,2,2,0,0,0,0
8ef5,active,66,2,2,0,0,0,0
8ef5,active,67,3,3,0,0,0,1
8ef5,active,68,4,3,1,0,0,0
8ef5,active,69,4,4,0,0,0,0
8ef5,active,70,4,4,0,0,0,0
8ef5,active,71,5,5,0,0,0,1
8ef5,active,72,5,4,1,0,0,0
8ef5,active,73,5,5,0,0,0,1
8ef5,active,74,6,5,1,0,0,1
8ef5,active,75,5,5,0,0,0,0
8ef5,active,76,4,4,0,0,0,2
8ef5,active,77,6,4,0,2,0,0
8ef5,active,78,5,4,1,0,0,0
8ef5,active,79,2,2,0,0,0,0
8ef5,active,80,6,6,0,0,0,1
8ef5,active,81,3,3,0,0,0,0
8ef5,active,82,3,3,0,0,0,0
8ef5,active,83,4,4,0,0,0,0
8ef5,active,84,4,3,1,0,0,0
8ef5,active,85,2,2,0,0,0,1
8ef5,active,86,3,3,0,0,0,0
8ef5,active,87,2,2,0,0,0,0
8ef5,active,88,5,4,1,0,0,0
8ef5,active,89,3,3,0,0,0,2
8ef5,active,90,5,5,0,0,0,1
8ef5,active,91,5,5,0,0,0,6
8ef5,active,92,4,4,0,0,0,3
8ef5,active,93,5,4,0,1,0,0
8ef5,active,94,3,3,0,0,0,2
8ef5,active,95,3,3,0,0,0,5
8ef5,active,96,2,2,0,0,0,1
8ef5,active,97,3,1,1,1,0,0
8ef5,active,98,2,2,0,0,0,0
8ef5,active,99,2,2,0,0,0,0
8ef5,active,100,2,1,1,0,0,0
8ef5,active,101,1,1,0,0,0,2
8ef5,active,104,2,2,0,0,0,1
8ef5,active,105,4,3,0,1,0,0
8ef5,active,106,2,2,0,0,0,0
8ef5,active,107,5,4,1,0,0,2
8ef5,active,108,4,4,0,0,0,0
8ef5,active,109,3,3,0,0,0,5
8ef5,active,110,5,5,0,0,0,3
8ef5,active,111,4,3,1,0,0,0
8ef5,active,112,4,4,0,0,0,1
8ef5,active,113,3,3,0,0,0,2
8ef5,active,114,4,4,0,0,0,3
8ef5,active,115,3,2,1,0,0,1
8ef5,active,116,7,3,1,3,0,0
8ef5,active,117,4,4,0,0,0,1
8ef5,active,118,3,2,1,0,0,2
8ef5,active,119,4,3,1,0,0,0
8ef5,active,120,5,4,1,0,0,0
8ef5,active,121,5,4,1,0,0,0
8ef5,active,122,4,3,1,0,0,0
8ef5,active,123,6,5,1,0,0,1
8ef5,active,124,3,3,0,0,0,0
8ef5,active,125,2,2,0,0,0,3
8ef5,active,126,9,5,0,4,0,0
8ef5,active,127,6,5,1,0,0,0
8ef5,active,128,4,4,0,0,0,2
8ef5,active,129,3,3,0,0,0,0
8ef5,active,130,3,3,0,0,0,0
8ef5,active,131,2,2,0,0,0,1
8ef5,active,132,1,1,0,0,0,1
8ef5,active,133,1,1,0,0,0,0
8ef5,active,134,2,0,2,0,0,0
8ef5,active,135,1,1,0,0,0,2
8ef5,active,136,1,1,0,0,0,0
8ef5,active,137,0,0,0,0,0,3
8ef5,active,138,2,2,0,0,0,0
8ef5,active,139,4,2,0,2,0,0
8ef5,active,140,3,3,0,0,0,1
8ef5,active,141,3,3,0,0,0,2
8ef5,active,142,4,4,0,0,0,0
8ef5,active,143,5,4,1,0,0,0
8ef5,active,144,3,3,0,0,0,2
8ef5,active,145,4,4,0,0,0,3
8ef5,active,146,4,4,0,0,0,3
8ef5,active,147,6,5,1,0,0,0
8ef5,active,148,5,5,0,0,0,2
8ef5,active,149,7,4,0,3,0,0
8ef5,active,150,4,4,0,0,0,0
8ef5,active,151,7,5,2,0,0,0
8ef5,active,152,4,3,1,0,0,0
8ef5,active,153,4,4,0,0,0,3
8ef5,active,154,4,4,0,0,0,5
8ef5,active,155,9,4,3,2,0,0
8ef5,active,156,3,2,0,1,0,0
8ef5,active,157,6,6,0,0,0,5
8ef5,active,158,4,3,1,0,0,1
8ef5,active,159,6,5,1,0,0,0
8ef5,active,160,4,4,0,0,0,2
8ef5,active,161,5,5,0,0,0,0
8ef5,active,162,8,5,1,2,0,0
8ef5,active,163,4,4,0,0,0,1
8ef5,active,164,4,4,0,0,0,0
8ef5,active,165,4,4,0,0,0,2
8ef5,active,166,9,5,1,3,1,0
8ef5,active,167,3,2,0,1,0,0
8ef5,active,168,6,6,0,0,0,0
8ef5,active,169,4,4,0,0,0,3
8ef5,active,170,2,2,0,0,0,0
8ef5,active,171,3,3,0,0,0,2
8ef5,active,172,1,1,0,0,0,0
8ef5,active,173,3,3,0,0,0,0
8ef5,active,174,1,1,0,0,0,0
8ef5,active,175,1,1,0,0,0,0
8ef5,active,176,3,3,0,0,0,0
8ef5,active,177,4,4,0,0,0,1
8ef5,active,178,1,1,0,0,0,0
8ef5,active,179,1,1,0,0,0,0
8ef5,active,180,4,3,1,0,0,2
8ef5,active,181,6,1,1,4,1,0
8ef5,active,182,4,3,1,0,0,0
8ef5,active,183,1,1,0,0,0,0
8ef5,active,184,4,4,0,0,0,0
8ef5,active,185,5,3,2,0,0,0
8ef5,active,186,4,3,1,0,0,2
8ef5,active,187,4,4,0,0,0,0
8ef5,active,188,5,5,0,0,0,0
8ef5,active,189,4,3,1,0,0,1
8ef5,active,190,6,5,1,0,0,0
8ef5,active,191,5,5,0,0,0,1
8ef5,active,192,5,5,0,0,0,0
8ef5,active,193,8,4,2,2,0,0
8ef5,active,194,4,3,1,0,0,2
8ef5,active,195,5,5,0,0,0,1
8ef5,active,196,2,2,0,0,0,0
8ef5,active,197,9,5,2,2,0,0
8ef5,active,198,5,5,0,0,0,0
8ef5,active,199,3,3,0,0,0,0
8ef5,active,200,3,3,0,0,0,3
8ef5,active,201,3,2,1,0,0,0
8ef5,active,202,3,3,0,0,0,1
8ef5,active,203,3,3,0,0,0,1
8ef5,active,204,3,3,0,0,0,4
8ef5,active,205,3,2,1,0,0,1
8ef5,active,206,1,1,0,0,0,0
8ef5,active,207,4,3,1,0,0,4
8ef5,active,208,1,1,0,0,0,2
8ef5,active,209,6,3,1,2,0,0
8ef5,active,210,2,0,0,2,0,0
8ef5,active,211,3,3,0,0,0,0
8ef5,active,213,5,4,1,0,0,0
8ef5,active,214,1,1,0,0,0,0
8ef5,active,215,1,1,0,0,0,0
8ef5,active,216,4,3,1,0,0,0
8ef5,active,217,3,1,2,0,0,0
8ef5,active,218,3,3,0,0,0,0
8ef5,active,220,3,3,0,0,0,0
8ef5,active,221,0,0,0,0,0,5
8ef5,active,222,3,1,0,2,0,0
8ef5,active,223,0,0,0,0,0,3
8ef5,active,226,0,0,0,0,0,1
8ef5,active,227,2,2,0,0,0,0
8ef5,active,229,2,2,0,0,0,0
8ef5,active,230,1,1,0,0,0,2
8ef5,active,231,3,3,0,0,0,0
8ef5,active,232,3,3,0,0,0,0
8ef5,active,233,2,2,0,0,0,0
8ef5,active,234,6,6,0,0,0,3
8ef5,active,235,4,4,0,0,0,0
8ef5,active,236,4,4,0,0,0,1
8ef5,active,237,3,3,0,0,0,0
8ef5,active,238,3,3,0,0,0,2
8ef5,active,239,4,4,0,0,0,3
8ef5,active,240,4,4,0,0,0,1
8ef5,active,241,1,1,0,0,0,1
8ef5,active,242,2,2,0,0,0,2
8ef5,active,243,2,2,0,0,0,3
8ef5,active,244,3,3,0,0,0,2
8ef5,active,245,4,4,0,0,0,1
8ef5,active,246,3,3,0,0,0,2
8ef5,active,247,4,3,1,0,0,2
8ef5,active,248,4,4,0,0,0,1
8ef5,active,249,3,3,0,0,0,2
8ef5,active,250,2,2,0,0,0,2
8ef5,active,251,3,2,1,0,0,0
8ef5,active,252,3,3,0,0,0,1
8ef5,active,253,2,2,0,0,0,0
8ef5,active,254,4,3,0,1,0,0
8ef5,active,255,4,4,0,0,0,0
8ef5,active,256,3,3,0,0,0,1
8ef5,active,257,6,6,0,0,0,2
8ef5,active,258,5,5,0,0,0,2
8ef5,active,259,3,3,0,0,0,0
8ef5,active,260,5,5,0,0,0,0
8ef5,active,261,4,4,0,0,0,5
8ef5,active,262,2,2,0,0,0,0
8ef5,active,263,4,4,0,0,0,0
8ef5,active,264,4,4,0,0,0,0
8ef5,active,265,1,1,0,0,0,0
8ef5,active,266,2,2,0,0,0,0
8ef5,active,267,1,1,0,0,0,3
8ef5,active,268,1,1,0,0,0,0
8ef5,active,269,1,0,1,0,0,0
8ef5,active,270,4,3,1,0,0,0
8ef5,active,271,2,2,0,0,0,0
8ef5,active,272,4,3,0,1,1,0
8ef5,active,273,4,3,1,0,0,0
8ef5,active,274,7,6,1,0,0,0
8ef5,active,275,5,4,0,1,1,0
8ef5,active,276,8,6,0,2,0,0
8ef5,active,277,5,4,1,0,0,2
8ef5,active,278,6,6,0,0,0,0
8ef5,active,279,7,4,0,3,1,0
8ef5,active,280,6,6,0,0,0,2
8ef5,active,281,4,3,1,0,0,0
8ef5,active,282,6,6,0,0,0,0
8ef5,active,283,3,3,0,0,0,1
8ef5,active,284,5,5,0,0,0,1
8ef5,active,285,3,3,0,0,0,1
8ef5,active,286,5,5,0,0,0,2
8ef5,active,287,3,3,0,0,0,1
8ef5,active,288,4,4,0,0,0,2
8ef5,active,289,5,5,0,0,0,0
8ef5,active,290,2,2,0,0,0,3
8ef5,active,291,4,4,0,0,0,6
8ef5,active,292,6,5,1,0,0,1
8ef5,active,293,1,1,0,0,0,0
8ef5,active,294,2,2,0,0,0,0
8ef5,active,295,4,3,1,0,0,5
8ef5,active,296,5,4,1,0,0,0
8ef5,active,297,1,1,0,0,0,1
8ef5,active,298,2,2,0,0,0,2
8ef5,active,299,4,3,1,0,0,0
8ef5,active,300,4,4,0,0,0,1
8ef5,active,301,2,2,0,0,0,0
8ef5,active,302,5,5,0,0,0,1
8ef5,active,303,5,5,0,0,0,2
8ef5,active,304,5,5,0,0,0,1
8ef5,active,305,3,3,0,0,0,0
8ef5,active,306,3,3,0,0,0,0
8ef5,active,307,2,2,0,0,0,1
8ef5,active,308,1,1,0,0,0,0
8ef5,active,310,1,1,0,0,0,0
8ef5,active,312,1,1,0,0,0,0
8ef5,active,313,4,3,1,0,0,0
8ef5,active,314,3,3,0,0,0,0
8ef5,active,315,3,3,0,0,0,0
8ef5,active,316,5,5,0,0,0,0
8ef5,active,317,3,2,1,0,0,0
8ef5,active,318,4,4,0,0,0,1
8ef5,active,319,4,4,0,0,0,0
8ef5,active,320,2,2,0,0,0,2
8ef5,active,321,4,2,0,2,0,0
8ef5,active,322,4,4,0,0,0,1
8ef5,active,323,3,3,0,0,0,0
8ef5,active,324,5,5,0,0,0,2
8ef5,active,325,6,5,1,0,0,1
8ef5,active,326,4,4,0,0,0,1
8ef5,active,327,3,3,0,0,0,0
8ef5,active,328,9,4,0,5,0,0
8ef5,active,329,6,5,1,0,0,0
8ef5,active,330,4,3,1,0,0,0
8ef5,active,331,3,2,0,1,0,0
8ef5,active,332,3,3,0,0,0,0
8ef5,active,333,4,4,0,0,0,2
8ef5,active,334,4,2,1,1,0,0
8ef5,active,335,2,2,0,0,0,1
8ef5,active,336,1,1,0,0,0,2
8ef5,active,337,1,1,0,0,0,3
8ef5,active,338,2,2,0,0,0,0
8ef5,active,339,3,3,0,0,0,2
8ef5,active,340,1,1,0,0,0,4
8ef5,active,341,1,1,0,0,0,1
8ef5,active,342,5,5,0,0,0,0
8ef5,active,343,3,2,0,1,2,0
8ef5,active,344,1,1,0,0,0,0
8ef5,active,345,4,4,0,0,0,4
8ef5,active,346,5,5,0,0,1,0
8ef5,active,347,4,4,0,0,0,0
8ef5,active,348,3,3,0,0,0,0
8ef5,active,349,2,2,0,0,0,3
8ef5,active,350,2,2,0,0,0,0
8ef5,active,351,1,1,0,0,0,0
8ef5,active,352,1,1,0,0,0,0
8ef6,active,66,1,1,0,0,0,0
8ef6,active,67,3,3,0,0,0,1
8ef6,active,68,3,2,1,0,0,0
8ef6,active,69,3,3,0,0,0,0
8ef6,active,70,5,5,0,0,0,0
8ef6,active,71,4,4,0,0,0,1
8ef6,active,72,6,5,1,0,0,0
8ef6,active,73,5,5,0,0,0,1
8ef6,active,74,6,5,1,0,0,1
8ef6,active,75,5,5,0,0,0,0
8ef6,active,76,6,6,0,0,0,2
8ef6,active,77,6,4,0,2,0,0
8ef6,active,78,7,6,1,0,0,0
8ef6,active,79,5,5,0,0,0,1
8ef6,active,80,5,5,0,0,0,1
8ef6,active,81,5,5,0,0,0,0
8ef6,active,82,6,6,0,0,0,0
8ef6,active,83,3,3,0,0,0,1
8ef6,active,84,6,5,1,0,0,0
8ef6,active,85,4,4,0,0,0,1
8ef6,active,86,3,3,0,0,0,1
8ef6,active,87,4,4,0,0,0,0
8ef6,active,88,7,5,2,0,0,0
8ef6,active,89,3,3,0,0,0,2
8ef6,active,90,5,5,0,0,0,2
8ef6,active,91,5,5,0,0,0,6
8ef6,active,92,3,3,0,0,0,3
8ef6,active,93,6,5,0,1,0,0
8ef6,active,94,4,4,0,0,0,2
8ef6,active,95,4,4,0,0,0,5
8ef6,active,96,1,1,0,0,0,1
8ef6,active,97,2,1,0,1,0,0
8ef6,active,98,1,1,0,0,0,0
8ef6,active,99,3,3,0,0,0,0
8ef6,active,100,1,1,0,0,0,0
8ef6,active,101,1,1,0,0,0,2
8ef6,active,103,2,2,0,0,0,0
8ef6,active,104,3,3,0,0,0,1
8ef6,active,105,4,3,0,1,0,0
8ef6,active,106,4,4,0,0,0,0
8ef6,active,107,6,5,1,0,0,2
8ef6,active,108,5,5,0,0,0,0
8ef6,active,109,4,4,0,0,0,5
8ef6,active,110,5,5,0,0,0,3
8ef6,active,111,5,4,1,0,0,0
8ef6,active,112,5,5,0,0,0,1
8ef6,active,113,4,4,0,0,0,2
8ef6,active,114,5,5,0,0,0,3
8ef6,active,115,4,4,0,0,0,1
8ef6,active,116,9,4,2,3,0,0
8ef6,active,117,5,5,0,0,0,1
8ef6,active,118,2,2,0,0,0,2
8ef6,active,119,5,4,1,0,0,0
8ef6,active,120,5,4,1,0,0,0
8ef6,active,121,3,3,0,0,0,0
8ef6,active,122,4,3,1,0,0,0
8ef6,active,123,6,5,1,0,0,1
8ef6,active,124,2,2,0,0,0,0
8ef6,active,125,4,4,0,0,0,4
8ef6,active,126,7,4,0,3,0,0
8ef6,active,127,6,5,1,0,0,0
8ef6,active,128,5,5,0,0,0,2
8ef6,active,129,4,4,0,0,0,0
8ef6,active,130,3,3,0,0,0,0
8ef6,active,131,2,2,0,0,0,1
8ef6,active,132,1,1,0,0,0,2
8ef6,active,133,1,1,0,0,0,0
8ef6,active,134,2,0,2,0,0,0
8ef6,active,135,2,1,1,0,0,3
8ef6,active,136,1,1,0,0,0,1
8ef6,active,137,0,0,0,0,0,3
8ef6,active,138,3,2,1,0,0,0
8ef6,active,139,4,2,0,2,0,0
8ef6,active,140,3,3,0,0,0,1
8ef6,active,141,3,3,0,0,0,4
8ef6,active,142,6,6,0,0,0,0
8ef6,active,143,5,5,0,0,0,0
8ef6,active,144,4,4,0,0,0,3
8ef6,active,145,6,6,0,0,0,3
8ef6,active,146,3,3,0,0,0,3
8ef6,active,147,5,4,1,0,0,0
8ef6,active,148,4,4,0,0,0,1
8ef6,active,149,8,5,0,3,0,0
8ef6,active,150,1,1,0,0,0,0
8ef6,active,151,8,6,2,0,0,0
8ef6,active,152,3,3,0,0,0,0
8ef6,active,153,5,5,0,0,0,4
8ef6,active,154,3,3,0,0,0,5
8ef6,active,155,9,4,3,2,0,0
8ef6,active,156,5,4,0,1,0,0
8ef6,active,157,5,5,0,0,0,5
8ef6,active,158,4,3,1,0,0,1
8ef6,active,159,6,5,1,0,0,0
8ef6,active,160,5,5,0,0,0,3
8ef6,active,161,4,4,0,0,0,0
8ef6,active,162,8,6,1,1,0,0
8ef6,active,163,4,4,0,0,0,1
8ef6,active,164,6,6,0,0,0,0
8ef6,active,165,4,4,0,0,0,2
8ef6,active,166,10,6,1,3,1,0
8ef6,active,167,4,4,0,0,0,0
8ef6,active,168,6,6,0,0,0,0
8ef6,active,169,4,4,0,0,0,3
8ef6,active,170,3,3,0,0,0,0
8ef6,active,171,3,3,0,0,0,2
8ef6,active,172,1,1,0,0,0,0
8ef6,active,173,4,4,0,0,0,0
8ef6,active,174,2,2,0,0,0,0
8ef6,active,175,2,2,0,0,0,0
8ef6,active,176,4,4,0,0,0,0
8ef6,active,177,5,5,0,0,0,1
8ef6,active,178,3,3,0,0,0,0
8ef6,active,179,2,2,0,0,0,0
8ef6,active,180,4,3,1,0,0,2
8ef6,active,181,6,1,1,4,1,0
8ef6,active,182,5,4,1,0,0,0
8ef6,active,183,2,2,0,0,0,1
8ef6,active,184,4,4,0,0,0,0
8ef6,active,185,6,4,2,0,0,0
8ef6,active,186,6,5,1,0,0,1
8ef6,active,187,4,4,0,0,0,0
8ef6,active,188,6,6,0,0,0,0
8ef6,active,189,4,3,1,0,0,1
8ef6,active,190,6,5,1,0,0,0
8ef6,active,191,5,5,0,0,0,1
8ef6,active,192,5,5,0,0,0,0
8ef6,active,193,9,6,2,1,0,0
8ef6,active,194,5,4,1,0,0,3
8ef6,active,195,5,5,0,0,0,1
8ef6,active,196,4,4,0,0,0,0
8ef6,active,197,10,6,2,2,0,0
8ef6,active,198,6,6,0,0,0,0
8ef6,active,199,2,2,0,0,0,0
8ef6,active,200,2,2,0,0,0,4
8ef6,active,201,4,3,1,0,0,0
8ef6,active,202,4,4,0,0,0,1
8ef6,active,203,3,3,0,0,0,1
8ef6,active,204,3,3,0,0,0,4
8ef6,active,205,3,3,0,0,0,0
8ef6,active,206,2,2,0,0,0,1
8ef6,active,207,5,4,1,0,0,4
8ef6,active,208,1,1,0,0,0,2
8ef6,active,209,4,2,0,2,0,0
8ef6,active,210,2,0,0,2,0,0
8ef6,active,211,3,3,0,0,0,0
8ef6,active,213,5,4,1,0,0,0
8ef6,active,214,1,1,0,0,0,0
8ef6,active,215,1,1,0,0,0,0
8ef6,active,216,4,3,1,0,0,0
8ef6,active,217,3,1,2,0,0,1
8ef6,active,218,2,2,0,0,0,0
8ef6,active,220,1,1,0,0,0,0
8ef6,active,221,0,0,0,0,0,5
8ef6,active,222,4,1,1,2,0,0
8ef6,active,223,0,0,0,0,0,3
8ef6,active,226,0,0,0,0,0,1
8ef6,active,227,2,2,0,0,0,0
8ef6,active,228,2,2,0,0,0,0
8ef6,active,229,4,4,0,0,0,0
8ef6,active,230,2,2,0,0,0,3
8ef6,active,231,6,5,0,1,1,0
8ef6,active,232,5,5,0,0,0,0
8ef6,active,233,3,3,0,0,0,1
8ef6,active,234,5,5,0,0,0,4
8ef6,active,235,4,3,0,1,1,0
8ef6,active,236,3,3,0,0,0,1
8ef6,active,237,4,4,0,0,0,0
8ef6,active,238,2,2,0,0,0,4
8ef6,active,239,4,4,0,0,0,3
8ef6,active,240,5,5,0,0,0,2
8ef6,active,241,1,1,0,0,0,1
8ef6,active,242,2,2,0,0,0,3
8ef6,active,243,3,3,0,0,0,2
8ef6,active,244,2,2,0,0,0,3
8ef6,active,245,4,4,0,0,0,0
8ef6,active,246,3,3,0,0,0,2
8ef6,active,247,4,3,1,0,0,3
8ef6,active,248,4,4,0,0,0,1
8ef6,active,249,3,3,0,0,0,1
8ef6,active,250,2,2,0,0,0,3
8ef6,active,251,3,2,1,0,0,0
8ef6,active,252,3,3,0,0,0,1
8ef6,active,253,2,2,0,0,0,0
8ef6,active,254,3,3,0,0,0,0
8ef6,active,255,5,5,0,0,0,0
8ef6,active,256,3,3,0,0,0,2
8ef6,active,257,6,6,0,0,0,2
8ef6,active,258,5,5,0,0,0,2
8ef6,active,259,5,5,0,0,0,1
8ef6,active,260,6,6,0,0,0,0
8ef6,active,261,4,4,0,0,0,5
8ef6,active,262,4,4,0,0,0,0
8ef6,active,263,4,4,0,0,0,0
8ef6,active,264,4,4,0,0,0,1
8ef6,active,265,2,1,1,0,0,0
8ef6,active,266,2,2,0,0,0,0
8ef6,active,267,0,0,0,0,0,3
8ef6,active,268,2,1,1,0,0,0
8ef6,active,270,4,3,1,0,0,0
8ef6,active,271,2,2,0,0,0,0
8ef6,active,272,4,3,0,1,1,0
8ef6,active,273,4,3,1,0,0,0
8ef6,active,274,4,4,0,0,0,0
8ef6,active,275,5,4,0,1,1,0
8ef6,active,276,6,5,0,1,0,0
8ef6,active,277,6,5,1,0,0,2
8ef6,active,278,5,5,0,0,0,0
8ef6,active,279,6,5,0,1,1,0
8ef6,active,280,5,5,0,0,0,1
8ef6,active,281,6,5,1,0,0,0
8ef6,active,282,6,6,0,0,0,0
8ef6,active,283,5,5,0,0,0,3
8ef6,active,284,6,6,0,0,0,1
8ef6,active,285,4,4,0,0,0,1
8ef6,active,286,5,5,0,0,0,2
8ef6,active,287,5,5,0,0,0,2
8ef6,active,288,4,4,0,0,0,2
8ef6,active,289,6,6,0,0,0,0
8ef6,active,290,3,3,0,0,0,2
8ef6,active,291,4,4,0,0,0,6
8ef6,active,292,6,5,1,0,0,2
8ef6,active,293,1,1,0,0,0,0
8ef6,active,294,2,2,0,0,0,0
8ef6,active,295,3,2,1,0,0,4
8ef6,active,296,4,3,1,0,0,0
8ef6,active,297,3,3,0,0,0,1
8ef6,active,298,3,3,0,0,0,3
8ef6,active,299,5,4,1,0,0,0
8ef6,active,300,5,5,0,0,0,1
8ef6,active,301,7,5,0,2,0,0
8ef6,active,302,6,6,0,0,0,2
8ef6,active,303,4,4,0,0,0,2
8ef6,active,304,6,6,0,0,0,1
8ef6,active,305,2,2,0,0,0,0
8ef6,active,306,3,3,0,0,0,0
8ef6,active,307,2,2,0,0,0,1
8ef6,active,308,2,2,0,0,0,0
8ef6,active,310,1,1,0,0,0,0
8ef6,active,311,2,1,1,0,0,0
8ef6,active,313,5,3,2,0,0,0
8ef6,active,314,3,3,0,0,0,0
8ef6,active,315,2,2,0,0,0,0
8ef6,active,316,6,4,0,2,0,0
8ef6,active,317,5,4,1,0,0,0
8ef6,active,318,4,4,0,0,0,1
8ef6,active,319,4,4,0,0,0,0
8ef6,active,320,6,6,0,0,0,2
8ef6,active,321,4,2,0,2,0,0
8ef6,active,322,5,5,0,0,0,2
8ef6,active,323,5,5,0,0,0,0
8ef6,active,324,4,4,0,0,0,2
8ef6,active,325,6,5,1,0,0,1
8ef6,active,326,6,6,0,0,0,2
8ef6,active,327,2,2,0,0,0,0
8ef6,active,328,10,6,0,4,0,0
8ef6,active,329,6,5,1,0,0,0
8ef6,active,330,6,5,1,0,0,0
8ef6,active,331,3,2,0,1,0,0
8ef6,active,332,3,3,0,0,0,0
8ef6,active,333,4,4,0,0,0,1
8ef6,active,334,4,2,1,1,0,0
8ef6,active,335,3,3,0,0,0,1
8ef6,active,336,2,2,0,0,0,1
8ef6,active,337,2,2,0,0,0,5
8ef6,active,338,1,1,0,0,0,0
8ef6,active,339,2,2,0,0,0,2
8ef6,active,340,2,2,0,0,0,4
8ef6,active,341,2,2,0,0,0,1
8ef6,active,342,6,5,1,0,0,0
8ef6,active,343,3,3,0,0,2,0
8ef6,active,344,3,2,1,0,0,0
8ef6,active,345,4,4,0,0,0,4
8ef6,active,346,5,5,0,0,1,0
8ef6,active,347,4,4,0,0,0,0
8ef6,active,348,5,5,0,0,0,0
8ef6,active,349,3,3,0,0,0,3
8ef6,active,350,2,2,0,0,0,0
8ef6,active,351,3,3,0,0,0,0
8ef6,active,352,1,1,0,0,0,0
8efb,active,69,3,3,0,0,0,0
8efb,active,70,3,3,0,0,0,1
8efb,active,71,3,3,0,0,0,0
8efb,active,72,4,4,0,0,0,0
8efb,active,73,5,5,0,0,0,0
8efb,active,74,6,5,1,0,0,1
8efb,active,75,5,5,0,0,0,0
8efb,active,76,5,5,0,0,0,2
8efb,active,77,5,3,0,2,0,0
8efb,active,78,7,6,1,0,0,0
8efb,active,79,4,4,0,0,0,1
8efb,active,80,3,3,0,0,0,2
8efb,active,81,5,5,0,0,0,0
8efb,active,82,5,5,0,0,0,0
8efb,active,83,3,3,0,0,0,1
8efb,active,84,6,5,1,0,0,0
8efb,active,85,4,4,0,0,0,1
8efb,active,86,3,3,0,0,0,1
8efb,active,87,5,5,0,0,0,0
8efb,active,88,5,3,2,0,0,0
8efb,active,89,4,4,0,0,0,1
8efb,active,90,4,4,0,0,0,3
8efb,active,91,6,6,0,0,0,5
8efb,active,92,4,4,0,0,0,3
8efb,active,93,5,5,0,0,0,0
8efb,active,94,3,3,0,0,0,3
8efb,active,95,4,4,0,0,0,5
8efb,active,96,2,2,0,0,0,1
8efb,active,97,1,1,0,0,0,0
8efb,active,98,2,2,0,0,0,0
8efb,active,99,3,3,0,0,0,0
8efb,active,100,3,3,0,0,0,0
8efb,active,101,1,1,0,0,0,2
8efb,active,102,2,2,0,0,0,0
8efb,active,103,2,1,0,1,0,0
8efb,active,104,3,3,0,0,0,1
8efb,active,105,3,3,0,0,0,0
8efb,active,106,4,3,0,1,0,0
8efb,active,107,6,6,0,0,0,2
8efb,active,108,4,4,0,0,0,0
8efb,active,109,6,6,0,0,0,5
8efb,active,110,4,4,0,0,0,3
8efb,active,111,7,5,0,2,0,0
8efb,active,112,4,4,0,0,0,1
8efb,active,113,3,3,0,0,0,2
8efb,active,114,6,6,0,0,0,2
8efb,active,115,4,4,0,0,0,1
8efb,active,116,7,4,2,1,0,0
8efb,active,117,7,5,2,0,0,0
8efb,active,118,7,5,2,0,0,1
8efb,active,119,5,5,0,0,0,0
8efb,active,120,7,5,2,0,0,0
8efb,active,121,5,3,2,0,0,0
8efb,active,122,4,3,1,0,0,0
8efb,active,123,5,5,0,0,0,1
8efb,active,124,4,3,1,0,0,0
8efb,active,125,3,3,0,0,0,4
8efb,active,126,9,5,0,4,0,0
8efb,active,127,6,5,1,0,0,0
8efb,active,128,6,6,0,0,0,2
8efb,active,129,4,4,0,0,0,0
8efb,active,130,3,3,0,0,0,0
8efb,active,131,3,3,0,0,0,2
8efb,active,132,1,1,0,0,0,1
8efb,active,133,2,2,0,0,0,0
8efb,active,134,1,0,1,0,0,0
8efb,active,135,2,1,1,0,0,3
8efb,active,136,1,1,0,0,0,0
8efb,active,137,0,0,0,0,0,3
8efb,active,138,3,2,1,0,0,0
8efb,active,139,4,2,0,2,0,0
8efb,active,140,3,3,0,0,0,1
8efb,active,141,3,3,0,0,0,4
8efb,active,142,5,5,0,0,0,0
8efb,active,143,8,6,2,0,0,0
8efb,active,144,3,3,0,0,0,4
8efb,active,145,4,4,0,0,0,3
8efb,active,146,5,5,0,0,0,3
8efb,active,147,3,3,0,0,0,0
8efb,active,148,5,4,1,0,0,2
8efb,active,149,9,6,0,3,0,0
8efb,active,150,4,4,0,0,0,0
8efb,active,151,6,4,2,0,0,0
8efb,active,152,7,5,2,0,0,0
8efb,active,153,3,3,0,0,0,3
8efb,active,154,4,4,0,0,0,5
8efb,active,155,9,4,3,2,0,0
8efb,active,156,7,5,1,1,0,0
8efb,active,157,4,4,0,0,0,5
8efb,active,158,7,6,1,0,0,3
8efb,active,159,6,5,1,0,0,0
8efb,active,160,5,5,0,0,0,2
8efb,active,161,6,6,0,0,0,0
8efb,active,162,6,4,1,1,0,0
8efb,active,163,6,6,0,0,0,1
8efb,active,164,4,4,0,0,0,0
8efb,active,165,6,6,0,0,0,2
8efb,active,166,6,5,0,1,1,0
8efb,active,167,6,5,0,1,0,0
8efb,active,168,5,5,0,0,0,0
8efb,active,169,3,3,0,0,0,2
8efb,active,170,3,3,0,0,0,0
8efb,active,171,1,1,0,0,0,2
8efb,active,172,1,1,0,0,0,0
8efb,active,173,2,2,0,0,0,0
8efb,active,174,1,1,0,0,0,0
8efb,active,175,1,1,0,0,0,0
8efb,active,176,3,3,0,0,0,0
8efb,active,177,4,4,0,0,0,0
8efb,active,178,1,1,0,0,0,0
8efb,active,179,1,1,0,0,0,0
8efb,active,180,3,2,1,0,0,1
8efb,active,181,2,1,0,1,1,0
8efb,active,182,6,4,1,1,0,0
8efb,active,183,2,2,0,0,0,1
8efb,active,184,4,4,0,0,0,0
8efb,active,185,7,4,2,1,0,0
8efb,active,186,6,5,1,0,0,1
8efb,active,187,5,5,0,0,0,0
8efb,active,188,5,5,0,0,0,0
8efb,active,189,6,5,1,0,0,0
8efb,active,190,8,6,1,1,0,0
8efb,active,191,6,6,0,0,0,1
8efb,active,192,5,5,0,0,0,0
8efb,active,193,9,6,2,1,0,0
8efb,active,194,6,4,1,1,0,2
8efb,active,195,5,5,0,0,0,1
8efb,active,196,4,4,0,0,0,0
8efb,active,197,10,6,2,2,0,0
8efb,active,198,6,6,0,0,0,0
8efb,active,199,2,2,0,0,0,0
8efb,active,200,2,2,0,0,0,1
8efb,active,201,4,4,0,0,0,0
8efb,active,202,4,4,0,0,0,0
8efb,active,203,3,3,0,0,0,1
8efb,active,204,4,4,0,0,0,3
8efb,active,205,3,3,0,0,0,1
8efb,active,206,3,2,1,0,0,1
8efb,active,207,5,4,1,0,0,0
8efb,active,208,2,1,1,0,0,2
8efb,active,209,5,3,0,2,0,0
8efb,active,210,2,0,0,2,0,0
8efb,active,211,3,3,0,0,0,0
8efb,active,213,5,4,1,0,0,0
8efb,active,214,1,1,0,0,0,0
8efb,active,215,1,1,0,0,0,0
8efb,active,216,4,3,1,0,0,0
8efb,active,217,2,1,1,0,0,1
8efb,active,218,3,3,0,0,0,0
8efb,active,220,3,3,0,0,0,0
8efb,active,221,0,0,0,0,0,4
8efb,active,222,4,1,1,2,0,0
8efb,active,223,1,0,1,0,0,2
8efb,active,224,2,2,0,0,0,0
8efb,active,226,4,4,0,0,0,1
8efb,active,227,5,4,1,0,0,0
8efb,active,228,4,3,1,0,0,0
8efb,active,229,4,4,0,0,0,0
8efb,active,230,4,4,0,0,0,2
8efb,active,231,5,5,0,0,1,0
8efb,active,232,5,4,1,0,0,0
8efb,active,233,5,5,0,0,0,0
8efb,active,234,5,5,0,0,0,4
8efb,active,235,3,3,0,0,1,0
8efb,active,236,5,5,0,0,0,1
8efb,active,237,4,4,0,0,0,0
8efb,active,238,2,2,0,0,0,3
8efb,active,239,4,4,0,0,0,3
8efb,active,240,5,5,0,0,0,2
8efb,active,241,1,1,0,0,0,2
8efb,active,242,2,2,0,0,0,2
8efb,active,243,3,3,0,0,0,3
8efb,active,244,2,2,0,0,0,3
8efb,active,245,3,3,0,0,0,2
8efb,active,246,3,3,0,0,0,2
8efb,active,247,3,2,1,0,0,3
8efb,active,248,4,4,0,0,0,1
8efb,active,249,3,3,0,0,0,2
8efb,active,250,2,2,0,0,0,2
8efb,active,251,3,2,1,0,0,0
8efb,active,252,3,3,0,0,0,1
8efb,active,253,2,2,0,0,0,0
8efb,active,254,4,3,0,1,0,0
8efb,active,255,5,5,0,0,0,0
8efb,active,256,3,3,0,0,0,2
8efb,active,257,5,5,0,0,0,1
8efb,active,258,5,5,0,0,0,1
8efb,active,259,4,4,0,0,0,1
8efb,active,260,8,6,1,1,0,0
8efb,active,261,4,4,0,0,0,4
8efb,active,262,4,4,0,0,0,0
8efb,active,263,6,4,1,1,0,0
8efb,active,264,4,4,0,0,0,0
8efb,active,265,1,1,0,0,0,0
8efb,active,266,1,1,0,0,0,0
8efb,active,267,1,1,0,0,0,2
8efb,active,270,2,2,0,0,0,0
8efb,active,271,1,1,0,0,0,0
8efb,active,272,3,2,0,1,1,0
8efb,active,273,4,4,0,0,0,0
8efb,active,274,4,4,0,0,0,0
8efb,active,275,6,5,0,1,1,0
8efb,active,276,4,4,0,0,0,0
8efb,active,277,6,5,1,0,0,2
8efb,active,278,4,4,0,0,0,0
8efb,active,279,5,5,0,0,1,0
8efb,active,280,5,5,0,0,0,1
8efb,active,281,6,5,1,0,0,0
8efb,active,282,6,6,0,0,0,0
8efb,active,283,6,6,0,0,0,1
8efb,active,284,6,6,0,0,0,1
8efb,active,285,5,5,0,0,0,0
8efb,active,286,5,5,0,0,0,2
8efb,active,287,5,5,0,0,0,1
8efb,active,288,4,4,0,0,0,2
8efb,active,289,5,5,0,0,0,0
8efb,active,290,5,5,0,0,0,3
8efb,active,291,3,3,0,0,0,6
8efb,active,292,6,5,1,0,0,2
8efb,active,293,2,2,0,0,0,0
8efb,active,294,2,2,0,0,0,0
8efb,active,295,3,2,1,0,0,5
8efb,active,296,3,2,1,0,0,0
8efb,active,297,2,2,0,0,0,1
8efb,active,298,2,2,0,0,0,4
8efb,active,299,5,4,1,0,0,0
8efb,active,300,5,5,0,0,0,1
8efb,active,301,6,5,1,0,0,0
8efb,active,302,5,5,0,0,0,2
8efb,active,303,3,3,0,0,0,2
8efb,active,304,6,6,0,0,0,1
8efb,active,305,1,1,0,0,0,0
8efb,active,306,2,2,0,0,0,0
8efb,active,307,2,2,0,0,0,1
8efb,active,308,1,1,0,0,0,0
8efb,active,311,1,1,0,0,0,0
8efb,active,313,6,4,2,0,0,0
8efb,active,314,3,3,0,0,0,0
8efb,active,315,3,3,0,0,0,0
8efb,active,316,7,5,2,0,0,0
8efb,active,317,6,5,1,0,0,0
8efb,active,318,4,4,0,0,0,0
8efb,active,319,5,5,0,0,0,0
8efb,active,320,5,5,0,0,0,3
8efb,active,321,5,3,0,2,0,0
8efb,active,322,5,5,0,0,0,0
8efb,active,323,4,4,0,0,0,0
8efb,active,324,5,5,0,0,0,2
8efb,active,325,5,4,1,0,0,1
8efb,active,326,5,5,0,0,0,1
8efb,active,327,6,5,1,0,0,0
8efb,active,328,9,4,0,5,0,0
8efb,active,329,6,5,1,0,0,0
8efb,active,330,7,5,1,1,0,0
8efb,active,331,3,2,1,0,0,0
8efb,active,332,3,3,0,0,0,0
8efb,active,333,4,4,0,0,0,3
8efb,active,334,6,4,1,1,0,0
8efb,active,335,1,1,0,0,0,0
8efb,active,336,4,4,0,0,0,2
8efb,active,337,2,2,0,0,0,5
8efb,active,338,3,3,0,0,0,0
8efb,active,339,3,3,0,0,0,2
8efb,active,340,2,2,0,0,0,4
8efb,active,341,2,2,0,0,0,2
8efb,active,342,6,6,0,0,0,0
8efb,active,343,4,3,0,1,2,0
8efb,active,344,4,3,0,1,0,0
8efb,active,345,4,4,0,0,0,4
8efb,active,346,5,4,0,1,1,0
8efb,active,347,7,6,0,1,0,0
8efb,active,348,3,3,0,0,0,0
8efb,active,349,5,5,0,0,0,3
8efb,active,350,3,3,0,0,0,0
8efb,active,351,3,3,0,0,0,0
8efb,active,352,2,2,0,0,0,0
8efl,active,66,1,1,0,0,0,0
8efl,active,67,3,3,0,0,0,1
8efl,active,68,3,2,1,0,0,0
8efl,active,69,3,3,0,0,0,0
8efl,active,70,5,5,0,0,0,0
8efl,active,71,4,4,0,0,0,1
8efl,active,72,6,5,1,0,0,0
8efl,active,73,5,5,0,0,0,0
8efl,active,74,5,3,1,1,0,1
8efl,active,75,5,5,0,0,0,0
8efl,active,76,5,5,0,0,0,2
8efl,active,77,4,2,0,2,0,0
8efl,active,78,6,5,1,0,0,0
8efl,active,79,5,5,0,0,0,1
8efl,active,80,2,2,0,0,0,2
8efl,active,81,5,5,0,0,0,0
8efl,active,82,5,5,0,0,0,0
8efl,active,83,3,3,0,0,0,1
8efl,active,84,6,4,2,0,0,0
8efl,active,85,4,4,0,0,0,1
8efl,active,86,3,3,0,0,0,1
8efl,active,87,3,3,0,0,0,0
8efl,active,88,7,5,2,0,0,0
8efl,active,89,3,3,0,0,0,1
8efl,active,90,6,6,0,0,0,2
8efl,active,91,5,5,0,0,0,6
8efl,active,92,5,5,0,0,0,4
8efl,active,93,4,4,0,0,0,0
8efl,active,94,3,3,0,0,0,2
8efl,active,95,4,4,0,0,0,5
8efl,active,96,1,1,0,0,0,1
8efl,active,97,2,1,1,0,0,0
8efl,active,98,1,1,0,0,0,0
8efl,active,99,2,2,0,0,0,0
8efl,active,100,2,1,1,0,0,0
8efl,active,101,1,1,0,0,0,2
8efl,active,103,3,2,0,1,0,0
8efl,active,104,3,3,0,0,0,1
8efl,active,105,3,3,0,0,0,0
8efl,active,106,5,4,0,1,0,0
8efl,active,107,6,5,1,0,0,2
8efl,active,108,5,5,0,0,0,0
8efl,active,109,4,4,0,0,0,5
8efl,active,110,5,5,0,0,0,3
8efl,active,111,5,4,1,0,0,0
8efl,active,112,5,5,0,0,0,1
8efl,active,113,3,3,0,0,0,2
8efl,active,114,5,5,0,0,0,3
8efl,active,115,5,5,0,0,0,1
8efl,active,116,8,3,2,3,0,0
8efl,active,117,6,4,2,0,0,1
8efl,active,118,5,4,1,0,0,2
8efl,active,119,4,3,1,0,0,0
8efl,active,120,5,3,2,0,0,0
8efl,active,121,5,3,2,0,0,0
8efl,active,122,4,3,1,0,0,0
8efl,active,123,5,5,0,0,0,1
8efl,active,124,2,2,0,0,0,0
8efl,active,125,3,3,0,0,0,4
8efl,active,126,6,3,0,3,0,0
8efl,active,127,5,4,0,1,0,0
8efl,active,128,4,4,0,0,0,2
8efl,active,129,3,3,0,0,0,0
8efl,active,130,2,2,0,0,0,0
8efl,active,131,2,2,0,0,0,1
8efl,active,132,1,1,0,0,0,1
8efl,active,133,1,1,0,0,0,0
8efl,active,134,2,0,2,0,0,0
8efl,active,135,2,1,1,0,0,2
8efl,active,137,0,0,0,0,0,3
8efl,active,138,2,1,1,0,0,0
8efl,active,139,4,2,0,2,0,0
8efl,active,140,3,3,0,0,0,1
8efl,active,141,2,2,0,0,0,3
8efl,active,142,4,4,0,0,0,0
8efl,active,143,6,4,2,0,0,0
8efl,active,144,4,4,0,0,0,2
8efl,active,145,5,5,0,0,0,2
8efl,active,146,3,3,0,0,0,3
8efl,active,147,6,5,1,0,0,0
8efl,active,148,4,4,0,0,0,2
8efl,active,149,8,5,0,3,0,0
8efl,active,150,3,3,0,0,0,0
8efl,active,151,5,4,1,0,0,0
8efl,active,152,3,3,0,0,0,0
8efl,active,153,5,5,0,0,0,3
8efl,active,154,3,3,0,0,0,5
8efl,active,155,10,5,3,2,0,0
8efl,active,156,5,4,0,1,0,0
8efl,active,157,5,5,0,0,0,6
8efl,active,158,5,4,1,0,0,2
8efl,active,159,6,5,1,0,0,0
8efl,active,160,5,5,0,0,0,2
8efl,active,161,4,4,0,0,0,0
8efl,active,162,7,5,1,1,0,0
8efl,active,163,4,4,0,0,0,1
8efl,active,164,5,5,0,0,0,0
8efl,active,165,4,4,0,0,0,2
8efl,active,166,6,6,0,0,1,0
8efl,active,167,5,4,0,1,0,0
8efl,active,168,6,6,0,0,0,0
8efl,active,169,3,3,0,0,0,3
8efl,active,170,3,3,0,0,0,0
8efl,active,171,2,2,0,0,0,2
8efl,active,172,1,1,0,0,0,0
8efl,active,173,4,4,0,0,0,0
8efl,active,174,3,3,0,0,0,0
8efl,active,175,2,2,0,0,0,0
8efl,active,176,4,4,0,0,0,0
8efl,active,177,4,4,0,0,0,1
8efl,active,178,2,2,0,0,0,0
8efl,active,179,1,1,0,0,0,0
8efl,active,180,4,3,1,0,0,2
8efl,active,181,1,1,0,0,1,0
8efl,active,182,3,2,1,0,0,0
8efl,active,183,2,2,0,0,0,1
8efl,active,184,3,3,0,0,0,0
8efl,active,185,4,2,2,0,0,0
8efl,active,186,7,6,1,0,0,1
8efl,active,187,4,4,0,0,0,0
8efl,active,188,6,6,0,0,0,0
8efl,active,189,5,4,1,0,0,1
8efl,active,190,7,6,1,0,0,0
8efl,active,191,5,5,0,0,0,1
8efl,active,192,5,5,0,0,0,0
8efl,active,193,9,6,2,1,0,0
8efl,active,194,4,4,0,0,0,2
8efl,active,195,6,6,0,0,0,1
8efl,active,196,3,3,0,0,0,1
8efl,active,197,10,6,2,2,0,0
8efl,active,198,5,5,0,0,0,0
8efl,active,199,3,3,0,0,0,0
8efl,active,200,4,4,0,0,0,4
8efl,active,201,4,3,1,0,0,0
8efl,active,202,5,5,0,0,0,0
8efl,active,203,3,3,0,0,0,0
8efl,active,204,4,4,0,0,0,4
8efl,active,205,3,3,0,0,0,0
8efl,active,206,3,2,1,0,0,0
8efl,active,207,5,4,1,0,0,4
8efl,active,208,2,1,1,0,0,2
8efl,active,209,6,3,1,2,0,0
8efl,active,210,2,0,0,2,0,0
8efl,active,211,3,3,0,0,0,0
8efl,active,213,5,4,1,0,0,0
8efl,active,214,1,1,0,0,0,0
8efl,active,215,1,1,0,0,0,0
8efl,active,216,4,3,1,0,0,0
8efl,active,217,3,1,2,0,0,1
8efl,active,218,3,3,0,0,0,0
8efl,active,220,3,3,0,0,0,0
8efl,active,221,0,0,0,0,0,5
8efl,active,222,3,1,0,2,0,0
8efl,active,223,0,0,0,0,0,3
8efl,active,224,2,2,0,0,0,0
8efl,active,226,1,1,0,0,0,1
8efl,active,227,3,3,0,0,0,0
8efl,active,228,1,1,0,0,0,0
8efl,active,229,2,2,0,0,0,0
8efl,active,230,2,2,0,0,0,2
8efl,active,231,3,3,0,0,1,0
8efl,active,232,4,4,0,0,0,0
8efl,active,233,4,4,0,0,0,0
8efl,active,234,5,5,0,0,0,5
8efl,active,235,4,4,0,0,1,0
8efl,active,236,4,4,0,0,0,1
8efl,active,237,5,5,0,0,0,0
8efl,active,238,3,3,0,0,0,4
8efl,active,239,4,4,0,0,0,3
8efl,active,240,6,6,0,0,0,2
8efl,active,241,1,1,0,0,0,1
8efl,active,242,2,2,0,0,0,2
8efl,active,243,3,3,0,0,0,2
8efl,active,244,2,2,0,0,0,3
8efl,active,245,3,3,0,0,0,1
8efl,active,246,3,3,0,0,0,2
8efl,active,247,3,2,1,0,0,2
8efl,active,248,4,4,0,0,0,1
8efl,active,249,4,4,0,0,0,1
8efl,active,250,2,2,0,0,0,2
8efl,active,251,4,3,1,0,0,0
8efl,active,252,3,3,0,0,0,1
8efl,active,253,2,2,0,0,0,0
8efl,active,254,4,3,0,1,0,0
8efl,active,255,5,5,0,0,0,0
8efl,active,256,3,3,0,0,0,2
8efl,active,257,5,5,0,0,0,2
8efl,active,258,5,5,0,0,0,1
8efl,active,259,4,4,0,0,0,1
8efl,active,260,6,6,0,0,0,0
8efl,active,261,4,4,0,0,0,5
8efl,active,262,4,4,0,0,0,0
8efl,active,263,4,4,0,0,0,0
8efl,active,264,4,4,0,0,0,1
8efl,active,265,2,2,0,0,0,0
8efl,active,266,2,2,0,0,0,0
8efl,active,267,1,1,0,0,0,3
8efl,active,268,2,2,0,0,0,0
8efl,active,270,3,3,0,0,0,0
8efl,active,271,2,2,0,0,0,0
8efl,active,272,4,3,0,1,1,0
8efl,active,273,3,3,0,0,0,0
8efl,active,274,6,6,0,0,0,0
8efl,active,275,5,4,0,1,1,0
8efl,active,276,8,6,0,2,0,0
8efl,active,277,5,4,1,0,0,2
8efl,active,278,6,6,0,0,0,0
8efl,active,279,6,4,0,2,1,0
8efl,active,280,6,6,0,0,0,1
8efl,active,281,5,4,1,0,0,0
8efl,active,282,6,6,0,0,0,0
8efl,active,283,4,4,0,0,0,1
8efl,active,284,6,6,0,0,0,1
8efl,active,285,3,3,0,0,0,0
8efl,active,286,5,5,0,0,0,2
8efl,active,287,5,5,0,0,0,1
8efl,active,288,3,3,0,0,0,2
8efl,active,289,5,5,0,0,0,0
8efl,active,290,4,4,0,0,0,3
8efl,active,291,3,3,0,0,0,6
8efl,active,292,7,6,1,0,0,1
8efl,active,293,1,1,0,0,0,0
8efl,active,294,2,2,0,0,0,0
8efl,active,295,3,2,1,0,0,4
8efl,active,296,5,4,1,0,0,0
8efl,active,297,3,3,0,0,0,1
8efl,active,298,3,3,0,0,0,4
8efl,active,299,6,5,1,0,0,0
8efl,active,300,4,4,0,0,0,1
8efl,active,301,5,5,0,0,0,0
8efl,active,302,4,4,0,0,0,2
8efl,active,303,4,4,0,0,0,2
8efl,active,304,5,5,0,0,0,1
8efl,active,305,2,2,0,0,0,0
8efl,active,306,3,3,0,0,0,0
8efl,active,307,2,2,0,0,0,1
8efl,active,308,2,2,0,0,0,0
8efl,active,310,1,1,0,0,0,0
8efl,active,311,1,1,0,0,0,0
8efl,active,312,1,0,0,1,0,0
8efl,active,313,4,3,1,0,0,0
8efl,active,314,3,3,0,0,0,0
8efl,active,315,2,2,0,0,0,0
8efl,active,316,5,4,1,0,0,0
8efl,active,317,6,5,0,1,0,0
8efl,active,318,3,3,0,0,0,0
8efl,active,319,5,5,0,0,0,0
8efl,active,320,5,5,0,0,0,3
8efl,active,321,5,3,0,2,0,0
8efl,active,322,5,5,0,0,0,1
8efl,active,323,4,4,0,0,0,0
8efl,active,324,5,5,0,0,0,2
8efl,active,325,6,5,1,0,0,2
8efl,active,326,4,4,0,0,0,1
8efl,active,327,4,4,0,0,0,0
8efl,active,328,9,5,0,4,0,0
8efl,active,329,6,5,1,0,0,0
8efl,active,330,5,4,1,0,0,0
8efl,active,331,2,1,0,1,0,0
8efl,active,332,4,3,1,0,0,0
8efl,active,333,5,5,0,0,0,2
8efl,active,334,4,2,1,1,0,0
8efl,active,335,5,5,0,0,0,1
8efl,active,336,1,1,0,0,0,2
8efl,active,337,2,2,0,0,0,4
8efl,active,338,3,3,0,0,0,0
8efl,active,339,2,2,0,0,0,2
8efl,active,340,2,2,0,0,0,4
8efl,active,341,1,1,0,0,0,2
8efl,active,342,6,6,0,0,0,0
8efl,active,343,4,3,0,1,2,0
8efl,active,344,4,4,0,0,0,0
8efl,active,345,4,4,0,0,0,3
8efl,active,346,6,5,0,1,1,0
8efl,active,347,5,5,0,0,0,0
8efl,active,348,3,3,0,0,0,0
8efl,active,349,2,2,0,0,0,2
8efl,active,350,2,2,0,0,1,0
8efl,active,351,1,1,0,0,1,0
8efl,active,352,1,1,0,0,0,0
8efo,active,67,3,3,0,0,0,1
8efo,active,68,3,2,1,0,0,0
8efo,active,69,3,3,0,0,0,0
8efo,active,70,3,3,0,0,0,0
8efo,active,71,3,3,0,0,0,1
8efo,active,72,5,4,1,0,0,0
8efo,active,73,4,4,0,0,0,1
8efo,active,74,3,2,1,0,0,1
8efo,active,75,5,5,0,0,0,0
8efo,active,76,3,3,0,0,0,2
8efo,active,77,6,4,0,2,0,0
8efo,active,78,5,4,1,0,0,0
8efo,active,79,3,3,0,0,0,0
8efo,active,80,3,3,0,0,0,2
8efo,active,81,5,5,0,0,0,0
8efo,active,82,3,3,0,0,0,0
8efo,active,83,2,2,0,0,0,0
8efo,active,84,5,4,1,0,0,0
8efo,active,85,2,2,0,0,0,1
8efo,active,86,2,2,0,0,0,1
8efo,active,87,3,3,0,0,0,0
8efo,active,88,6,4,1,1,0,0
8efo,active,89,2,2,0,0,0,3
8efo,active,90,5,5,0,0,0,2
8efo,active,91,5,5,0,0,0,6
8efo,active,92,1,1,0,0,0,4
8efo,active,93,6,6,0,0,0,0
8efo,active,94,4,4,0,0,0,2
8efo,active,95,4,4,0,0,0,5
8efo,active,96,1,1,0,0,0,1
8efo,active,97,1,1,0,0,0,0
8efo,active,98,1,1,0,0,0,0
8efo,active,99,3,3,0,0,0,0
8efo,active,100,2,2,0,0,0,0
8efo,active,101,1,1,0,0,0,2
8efo,active,102,1,1,0,0,0,0
8efo,active,103,2,2,0,0,0,0
8efo,active,104,2,2,0,0,0,2
8efo,active,105,4,3,0,1,0,0
8efo,active,106,4,4,0,0,0,0
8efo,active,107,6,6,0,0,0,3
8efo,active,108,3,3,0,0,0,0
8efo,active,109,5,5,0,0,0,5
8efo,active,110,5,5,0,0,0,3
8efo,active,111,4,3,0,1,0,0
8efo,active,112,6,6,0,0,0,1
8efo,active,113,3,3,0,0,0,2
8efo,active,114,5,5,0,0,0,1
8efo,active,115,3,3,0,0,0,1
8efo,active,116,8,4,1,3,0,0
8efo,active,117,4,4,0,0,0,2
8efo,active,118,4,3,1,0,0,2
8efo,active,119,4,4,0,0,0,0
8efo,active,120,6,4,1,1,0,0
8efo,active,121,4,4,0,0,0,0
8efo,active,122,7,6,1,0,0,0
8efo,active,123,6,5,1,0,0,1
8efo,active,124,3,3,0,0,0,0
8efo,active,125,3,3,0,0,0,4
8efo,active,126,7,4,0,3,0,0
8efo,active,127,6,5,1,0,0,0
8efo,active,128,4,4,0,0,0,3
8efo,active,129,4,4,0,0,0,0
8efo,active,130,4,4,0,0,0,0
8efo,active,131,3,3,0,0,0,1
8efo,active,132,1,1,0,0,0,1
8efo,active,133,3,3,0,0,0,0
8efo,active,134,2,0,2,0,0,0
8efo,active,135,2,1,1,0,0,3
8efo,active,136,1,1,0,0,0,1
8efo,active,137,0,0,0,0,0,3
8efo,active,138,3,2,1,0,0,0
8efo,active,139,5,3,0,2,0,0
8efo,active,141,4,4,0,0,0,4
8efo,active,142,4,4,0,0,0,0
8efo,active,143,4,3,1,0,0,0
8efo,active,144,4,4,0,0,0,2
8efo,active,145,3,3,0,0,0,3
8efo,active,146,3,3,0,0,0,3
8efo,active,147,5,5,0,0,0,0
8efo,active,148,3,3,0,0,0,2
8efo,active,149,7,4,0,3,0,0
8efo,active,150,4,4,0,0,0,0
8efo,active,151,6,4,2,0,0,0
8efo,active,152,2,2,0,0,0,0
8efo,active,153,6,6,0,0,0,4
8efo,active,154,4,3,1,0,0,5
8efo,active,155,8,3,3,2,0,0
8efo,active,156,5,4,0,1,0,0
8efo,active,157,4,4,0,0,0,5
8efo,active,158,4,3,1,0,0,2
8efo,active,159,6,5,1,0,0,0
8efo,active,160,3,3,0,0,0,3
8efo,active,161,4,4,0,0,0,0
8efo,active,162,8,5,1,2,0,0
8efo,active,163,3,3,0,0,0,1
8efo,active,164,5,4,1,0,0,0
8efo,active,165,4,4,0,0,0,3
8efo,active,166,8,5,1,2,1,0
8efo,active,167,2,1,0,1,1,0
8efo,active,168,6,6,0,0,0,0
8efo,active,169,4,4,0,0,0,3
8efo,active,170,2,2,0,0,0,0
8efo,active,171,2,2,0,0,0,2
8efo,active,172,1,1,0,0,0,0
8efo,active,173,3,3,0,0,0,0
8efo,active,174,1,1,0,0,0,0
8efo,active,175,3,3,0,0,0,0
8efo,active,176,3,3,0,0,0,0
8efo,active,177,6,6,0,0,0,1
8efo,active,178,2,2,0,0,0,0
8efo,active,179,2,2,0,0,0,0
8efo,active,180,4,3,1,0,0,3
8efo,active,181,5,1,1,3,1,0
8efo,active,182,5,4,1,0,0,0
8efo,active,183,1,1,0,0,0,2
8efo,active,184,2,2,0,0,0,0
8efo,active,185,6,4,2,0,0,0
8efo,active,186,3,2,1,0,0,2
8efo,active,187,3,3,0,0,0,0
8efo,active,188,5,5,0,0,0,0
8efo,active,189,4,3,1,0,0,1
8efo,active,190,7,5,1,1,0,0
8efo,active,191,5,5,0,0,0,1
8efo,active,192,5,5,0,0,0,0
8efo,active,193,10,6,2,2,0,0
8efo,active,194,4,3,1,0,0,3
8efo,active,195,6,6,0,0,0,1
8efo,active,196,4,4,0,0,0,1
8efo,active,197,10,5,3,2,0,0
8efo,active,198,6,6,0,0,0,0
8efo,active,199,3,3,0,0,0,0
8efo,active,200,3,3,0,0,0,4
8efo,active,201,4,4,0,0,0,0
8efo,active,202,4,4,0,0,0,0
8efo,active,203,3,3,0,0,0,1
8efo,active,204,5,5,0,0,0,3
8efo,active,205,3,3,0,0,0,0
8efo,active,206,4,4,0,0,0,0
8efo,active,207,4,3,1,0,0,3
8efo,active,208,3,2,1,0,0,2
8efo,active,209,5,3,0,2,0,0
8efo,active,210,2,0,0,2,0,0
8efo,active,211,3,3,0,0,0,0
8efo,active,213,6,4,1,1,1,0
8efo,active,214,1,1,0,0,0,0
8efo,active,215,1,1,0,0,0,0
8efo,active,216,5,4,1,0,0,0
8efo,active,217,3,1,2,0,0,1
8efo,active,218,4,3,0,1,1,0
8efo,active,220,3,3,0,0,0,0
8efo,active,221,0,0,0,0,0,5
8efo,active,222,5,2,1,2,0,0
8efo,active,223,0,0,0,0,0,3
8efo,active,226,2,2,0,0,0,1
8efo,active,227,2,2,0,0,0,0
8efo,active,228,1,1,0,0,0,0
8efo,active,229,4,4,0,0,0,0
8efo,active,230,3,3,0,0,0,3
8efo,active,231,3,3,0,0,0,0
8efo,active,232,4,4,0,0,0,0
8efo,active,233,4,4,0,0,0,1
8efo,active,234,5,5,0,0,0,3
8efo,active,235,3,3,0,0,0,0
8efo,active,236,5,5,0,0,0,1
8efo,active,237,5,5,0,0,0,0
8efo,active,238,2,2,0,0,0,3
8efo,active,239,5,5,0,0,0,3
8efo,active,240,5,5,0,0,0,2
8efo,active,241,1,1,0,0,0,1
8efo,active,242,2,2,0,0,0,3
8efo,active,243,2,2,0,0,0,3
8efo,active,244,4,4,0,0,0,1
8efo,active,245,3,3,0,0,0,2
8efo,active,246,3,3,0,0,0,2
8efo,active,247,6,5,1,0,0,2
8efo,active,248,4,4,0,0,0,1
8efo,active,249,5,4,1,0,0,1
8efo,active,250,3,3,0,0,0,3
8efo,active,251,3,2,1,0,0,0
8efo,active,252,3,3,0,0,0,1
8efo,active,253,2,2,0,0,0,0
8efo,active,254,4,3,0,1,0,0
8efo,active,255,5,5,0,0,0,0
8efo,active,256,3,3,0,0,0,2
8efo,active,257,6,6,0,0,0,2
8efo,active,258,5,5,0,0,0,2
8efo,active,259,4,4,0,0,0,1
8efo,active,260,6,6,0,0,0,0
8efo,active,261,4,4,0,0,0,6
8efo,active,262,3,2,1,0,0,0
8efo,active,263,4,4,0,0,0,0
8efo,active,264,3,3,0,0,0,0
8efo,active,265,1,1,0,0,0,0
8efo,active,266,1,1,0,0,0,0
8efo,active,267,1,1,0,0,0,3
8efo,active,268,1,0,1,0,0,0
8efo,active,269,1,0,1,0,0,0
8efo,active,270,4,3,1,0,0,0
8efo,active,271,2,2,0,0,0,0
8efo,active,272,4,3,0,1,1,0
8efo,active,273,5,4,1,0,0,0
8efo,active,274,7,6,1,0,0,0
8efo,active,275,7,6,0,1,1,0
8efo,active,276,5,4,0,1,0,0
8efo,active,277,5,4,1,0,0,2
8efo,active,278,6,5,1,0,0,0
8efo,active,279,5,2,0,3,1,0
8efo,active,280,5,5,0,0,0,2
8efo,active,281,5,4,1,0,0,0
8efo,active,282,6,5,1,0,0,0
8efo,active,283,3,3,0,0,0,1
8efo,active,284,6,6,0,0,0,1
8efo,active,285,4,4,0,0,0,0
8efo,active,286,5,5,0,0,0,2
8efo,active,287,3,3,0,0,0,1
8efo,active,288,4,4,0,0,0,2
8efo,active,289,5,5,0,0,0,0
8efo,active,290,4,4,0,0,0,3
8efo,active,291,3,3,0,0,0,6
8efo,active,292,6,5,1,0,0,1
8efo,active,293,2,2,0,0,0,0
8efo,active,294,2,2,0,0,0,0
8efo,active,295,3,2,1,0,0,5
8efo,active,296,3,2,1,0,0,0
8efo,active,297,2,2,0,0,0,1
8efo,active,298,1,1,0,0,0,2
8efo,active,299,4,3,1,0,0,0
8efo,active,300,4,4,0,0,0,1
8efo,active,301,4,2,0,2,0,0
8efo,active,302,4,4,0,0,0,1
8efo,active,303,5,5,0,0,0,2
8efo,active,304,4,4,0,0,0,1
8efo,active,305,3,3,0,0,0,0
8efo,active,306,3,3,0,0,0,0
8efo,active,307,2,2,0,0,0,1
8efo,active,308,2,2,0,0,0,0
8efo,active,310,1,1,0,0,0,0
8efo,active,311,2,1,1,0,0,0
8efo,active,313,5,3,2,0,0,0
8efo,active,314,2,2,0,0,0,0
8efo,active,315,3,3,0,0,0,0
8efo,active,316,4,2,0,2,0,0
8efo,active,317,4,3,1,0,0,0
8efo,active,318,5,5,0,0,0,1
8efo,active,319,2,2,0,0,0,0
8efo,active,320,3,3,0,0,0,2
8efo,active,321,5,3,0,2,0,0
8efo,active,322,3,3,0,0,0,2
8efo,active,323,2,2,0,0,0,0
8efo,active,324,5,5,0,0,0,2
8efo,active,325,6,5,1,0,0,2
8efo,active,326,5,5,0,0,0,2
8efo,active,327,3,3,0,0,0,0
8efo,active,328,10,6,0,4,0,0
8efo,active,329,5,4,1,0,0,0
8efo,active,330,6,5,1,0,0,0
8efo,active,331,2,1,0,1,0,0
8efo,active,332,3,3,0,0,0,0
8efo,active,333,4,4,0,0,0,3
8efo,active,334,4,2,1,1,0,0
8efo,active,335,2,2,0,0,0,2
8efo,active,336,2,2,0,0,0,1
8efo,active,337,1,1,0,0,0,5
8efo,active,338,1,1,0,0,0,0
8efo,active,339,3,3,0,0,0,2
8efo,active,340,2,2,0,0,0,4
8efo,active,341,2,2,0,0,0,2
8efo,active,342,5,5,0,0,1,0
8efo,active,343,4,2,0,2,2,0
8efo,active,344,3,2,0,1,0,0
8efo,active,345,4,4,0,0,0,3
8efo,active,346,3,3,0,0,1,0
8efo,active,347,5,4,0,1,0,0
8efo,active,348,2,2,0,0,0,0
8efo,active,349,1,1,0,0,0,2
8efo,active,350,1,1,0,0,0,0
8efo,active,351,1,1,0,0,0,0
8efo,active,352,1,1,0,0,0,0
8efq,active,67,3,3,0,0,0,0
8efq,active,68,4,3,1,0,0,0
8efq,active,69,3,3,0,0,0,0
8efq,active,70,4,4,0,0,0,1
8efq,active,71,4,4,0,0,0,0
8efq,active,72,7,6,1,0,0,0
8efq,active,73,3,3,0,0,0,0
8efq,active,74,6,6,0,0,0,1
8efq,active,75,4,4,0,0,0,0
8efq,active,76,6,6,0,0,0,2
8efq,active,77,5,3,0,2,0,0
8efq,active,78,5,5,0,0,0,0
8efq,active,79,4,4,0,0,0,1
8efq,active,80,4,4,0,0,0,2
8efq,active,81,4,4,0,0,0,0
8efq,active,82,6,6,0,0,0,0
8efq,active,83,4,4,0,0,0,1
8efq,active,84,7,6,1,0,0,0
8efq,active,85,4,4,0,0,0,1
8efq,active,86,5,5,0,0,0,1
8efq,active,87,5,5,0,0,0,0
8efq,active,88,5,4,1,0,0,0
8efq,active,89,5,5,0,0,0,1
8efq,active,90,5,5,0,0,0,2
8efq,active,91,5,5,0,0,0,6
8efq,active,92,5,5,0,0,0,3
8efq,active,93,4,4,0,0,0,0
8efq,active,94,4,4,0,0,0,1
8efq,active,95,3,3,0,0,0,4
8efq,active,96,1,1,0,0,0,0
8efq,active,97,1,1,0,0,0,0
8efq,active,98,1,1,0,0,0,0
8efq,active,99,2,2,0,0,0,0
8efq,active,100,1,1,0,0,0,0
8efq,active,101,1,1,0,0,0,3
8efq,active,103,2,1,0,1,0,0
8efq,active,104,2,2,0,0,0,1
8efq,active,105,4,4,0,0,0,0
8efq,active,106,4,3,0,1,0,0
8efq,active,107,4,4,0,0,0,1
8efq,active,108,3,3,0,0,0,0
8efq,active,109,4,4,0,0,0,5
8efq,active,110,4,4,0,0,0,3
8efq,active,111,7,4,0,3,0,0
8efq,active,112,4,4,0,0,0,1
8efq,active,113,4,4,0,0,0,2
8efq,active,114,5,5,0,0,0,3
8efq,active,115,3,3,0,0,0,0
8efq,active,116,7,5,1,1,0,0
8efq,active,117,5,5,0,0,0,0
8efq,active,118,3,1,2,0,0,1
8efq,active,119,6,5,1,0,0,0
8efq,active,120,5,4,1,0,0,0
8efq,active,121,4,3,1,0,0,0
8efq,active,122,6,4,2,0,0,0
8efq,active,123,6,5,1,0,0,1
8efq,active,124,1,0,1,0,0,0
8efq,active,125,2,2,0,0,0,4
8efq,active,126,4,3,0,1,0,0
8efq,active,127,4,2,2,0,0,0
8efq,active,128,3,3,0,0,0,0
8efq,active,129,3,3,0,0,0,0
8efq,active,130,1,1,0,0,0,0
8efq,active,131,1,1,0,0,0,2
8efq,active,132,2,2,0,0,0,1
8efq,active,133,1,1,0,0,0,0
8efq,active,134,1,1,0,0,0,0
8efq,active,135,3,2,1,0,0,4
8efq,active,136,0,0,0,0,0,1
8efq,active,137,1,1,0,0,0,2
8efq,active,138,2,1,1,0,0,0
8efq,active,139,2,2,0,0,0,0
8efq,active,140,3,3,0,0,0,1
8efq,active,141,2,2,0,0,0,5
8efq,active,142,5,5,0,0,0,0
8efq,active,143,6,4,2,0,0,0
8efq,active,144,4,4,0,0,0,4
8efq,active,145,6,6,0,0,0,3
8efq,active,146,3,3,0,0,0,3
8efq,active,147,5,5,0,0,0,0
8efq,active,148,4,4,0,0,0,1
8efq,active,149,4,3,0,1,0,0
8efq,active,150,3,3,0,0,0,0
8efq,active,151,6,5,1,0,0,0
8efq,active,152,3,3,0,0,0,0
8efq,active,153,5,5,0,0,0,4
8efq,active,154,4,4,0,0,0,3
8efq,active,155,8,4,2,2,0,0
8efq,active,156,5,4,0,1,0,0
8efq,active,157,5,5,0,0,0,3
8efq,active,158,4,3,1,0,0,2
8efq,active,159,9,6,1,2,0,0
8efq,active,160,5,5,0,0,0,3
8efq,active,161,6,6,0,0,0,0
8efq,active,162,6,5,1,0,0,0
8efq,active,163,5,5,0,0,0,1
8efq,active,164,5,5,0,0,0,0
8efq,active,165,4,4,0,0,0,2
8efq,active,166,7,6,0,1,1,0
8efq,active,167,4,4,0,0,1,0
8efq,active,168,5,5,0,0,0,0
8efq,active,169,3,3,0,0,0,3
8efq,active,170,3,3,0,0,0,0
8efq,active,171,1,1,0,0,0,2
8efq,active,172,2,1,1,0,0,0
8efq,active,173,2,2,0,0,0,0
8efq,active,174,1,1,0,0,0,0
8efq,active,175,1,1,0,0,0,0
8efq,active,176,3,3,0,0,0,0
8efq,active,177,4,4,0,0,0,1
8efq,active,178,1,1,0,0,0,0
8efq,active,179,1,1,0,0,0,0
8efq,active,180,3,2,1,0,0,1
8efq,active,181,2,1,0,1,1,0
8efq,active,182,4,4,0,0,0,0
8efq,active,183,2,2,0,0,0,0
8efq,active,184,4,4,0,0,0,0
8efq,active,185,4,3,1,0,0,0
8efq,active,186,4,4,0,0,0,1
8efq,active,187,4,4,0,0,0,0
8efq,active,188,5,5,0,0,0,0
8efq,active,189,3,3,0,0,0,0
8efq,active,190,7,5,0,2,0,0
8efq,active,191,5,5,0,0,0,1
8efq,active,192,4,4,0,0,0,0
8efq,active,193,8,6,1,1,0,0
8efq,active,194,7,4,1,2,0,1
8efq,active,195,6,6,0,0,0,1
8efq,active,196,2,2,0,0,0,1
8efq,active,197,10,6,2,2,0,0
8efq,active,198,5,5,0,0,0,0
8efq,active,199,2,2,0,0,0,0
8efq,active,200,2,2,0,0,0,1
8efq,active,201,3,3,0,0,0,0
8efq,active,202,4,4,0,0,0,0
8efq,active,203,2,2,0,0,0,0
8efq,active,204,3,3,0,0,0,2
8efq,active,205,3,2,1,0,0,1
8efq,active,206,4,3,1,0,0,0
8efq,active,207,4,4,0,0,0,2
8efq,active,208,2,2,0,0,0,2
8efq,active,209,3,3,0,0,0,0
8efq,active,211,2,2,0,0,0,0
8efq,active,213,2,2,0,0,1,0
8efq,active,215,1,1,0,0,0,0
8efq,active,216,1,1,0,0,0,0
8efq,active,217,1,1,0,0,0,1
8efq,active,218,2,2,0,0,1,0
8efq,active,220,2,2,0,0,0,0
8efq,active,221,0,0,0,0,0,5
8efq,active,222,1,1,0,0,0,0
8efq,active,224,1,1,0,0,0,0
8efq,active,226,2,2,0,0,0,1
8efq,active,227,1,1,0,0,0,0
8efq,active,228,3,2,1,0,0,0
8efq,active,229,2,2,0,0,0,0
8efq,active,230,2,2,0,0,0,1
8efq,active,231,3,3,0,0,0,0
8efq,active,232,5,3,1,1,0,0
8efq,active,233,4,4,0,0,0,0
8efq,active,234,4,4,0,0,0,3
8efq,active,235,4,3,0,1,0,0
8efq,active,236,3,3,0,0,0,1
8efq,active,237,4,4,0,0,0,0
8efq,active,238,2,2,0,0,0,3
8efq,active,239,3,3,0,0,0,2
8efq,active,240,6,6,0,0,0,2
8efq,active,241,1,1,0,0,0,1
8efq,active,242,2,2,0,0,0,2
8efq,active,243,2,2,0,0,0,2
8efq,active,244,2,2,0,0,0,1
8efq,active,245,3,3,0,0,0,2
8efq,active,246,3,3,0,0,0,2
8efq,active,247,2,1,1,0,0,3
8efq,active,248,5,5,0,0,0,1
8efq,active,249,5,5,0,0,0,2
8efq,active,250,2,2,0,0,0,3
8efq,active,251,5,4,1,0,0,0
8efq,active,252,4,4,0,0,0,2
8efq,active,253,2,2,0,0,0,0
8efq,active,254,3,3,0,0,0,0
8efq,active,255,5,5,0,0,0,0
8efq,active,256,3,3,0,0,0,1
8efq,active,257,5,5,0,0,0,3
8efq,active,258,5,5,0,0,0,2
8efq,active,259,2,2,0,0,0,0
8efq,active,260,6,5,1,0,0,0
8efq,active,261,4,4,0,0,0,6
8efq,active,262,2,2,0,0,0,0
8efq,active,263,3,3,0,0,0,0
8efq,active,264,4,4,0,0,0,1
8efq,active,265,2,2,0,0,0,0
8efq,active,266,1,1,0,0,0,0
8efq,active,267,3,3,0,0,0,3
8efq,active,268,1,1,0,0,0,0
8efq,active,269,1,1,0,0,0,0
8efq,active,270,3,2,0,1,0,0
8efq,active,271,2,2,0,0,0,0
8efq,active,272,2,1,1,0,0,0
8efq,active,273,3,2,0,1,0,0
8efq,active,274,5,5,0,0,0,0
8efq,active,275,3,3,0,0,0,0
8efq,active,276,5,4,1,0,0,0
8efq,active,277,5,4,1,0,0,2
8efq,active,278,4,4,0,0,0,0
8efq,active,279,6,4,0,2,1,0
8efq,active,280,5,5,0,0,0,3
8efq,active,281,5,4,1,0,0,0
8efq,active,282,6,6,0,0,0,0
8efq,active,283,4,4,0,0,0,1
8efq,active,284,6,6,0,0,0,3
8efq,active,285,3,3,0,0,0,0
8efq,active,286,5,5,0,0,0,2
8efq,active,287,5,5,0,0,0,0
8efq,active,288,3,3,0,0,0,3
8efq,active,289,5,5,0,0,0,0
8efq,active,290,4,4,0,0,0,3
8efq,active,291,3,3,0,0,0,5
8efq,active,292,7,6,1,0,0,2
8efq,active,293,1,1,0,0,0,0
8efq,active,294,3,3,0,0,0,0
8efq,active,295,3,2,0,1,0,2
8efq,active,296,6,5,1,0,0,0
8efq,active,297,2,2,0,0,0,1
8efq,active,298,3,3,0,0,0,1
8efq,active,299,4,4,0,0,0,0
8efq,active,300,5,5,0,0,0,1
8efq,active,301,7,5,0,2,0,0
8efq,active,302,6,6,0,0,0,0
8efq,active,303,4,4,0,0,0,2
8efq,active,304,6,6,0,0,0,2
8efq,active,305,2,2,0,0,0,0
8efq,active,306,3,3,0,0,0,0
8efq,active,307,2,2,0,0,0,1
8efq,active,308,1,1,0,0,0,1
8efq,active,311,2,1,1,0,0,0
8efq,active,312,3,0,0,3,0,0
8efq,active,313,4,1,3,0,0,0
8efq,active,314,2,2,0,0,0,0
8efq,active,315,3,3,0,0,0,0
8efq,active,316,8,3,1,4,0,0
8efq,active,317,4,2,1,1,0,0
8efq,active,318,6,6,0,0,0,0
8efq,active,319,4,4,0,0,0,0
8efq,active,320,7,5,0,2,0,1
8efq,active,321,5,3,0,2,0,0
8efq,active,322,5,5,0,0,0,1
8efq,active,323,5,5,0,0,0,0
8efq,active,324,5,5,0,0,0,2
8efq,active,325,7,6,1,0,0,1
8efq,active,326,4,4,0,0,0,2
8efq,active,327,3,3,0,0,0,0
8efq,active,328,7,5,0,2,0,0
8efq,active,329,5,4,1,0,0,0
8efq,active,330,6,4,0,2,0,0
8efq,active,331,1,1,0,0,0,0
8efq,active,332,3,3,0,0,0,0
8efq,active,333,4,4,0,0,0,3
8efq,active,334,3,2,0,1,0,0
8efq,active,335,1,1,0,0,0,1
8efq,active,336,1,1,0,0,0,1
8efq,active,337,1,1,0,0,0,4
8efq,active,338,2,2,0,0,0,0
8efq,active,339,3,3,0,0,0,2
8efq,active,340,1,1,0,0,0,2
8efq,active,341,1,1,0,0,0,2
8efq,active,342,6,6,0,0,1,0
8efq,active,343,5,3,0,2,1,0
8efq,active,344,4,4,0,0,0,0
8efq,active,345,4,4,0,0,0,2
8efq,active,346,5,5,0,0,0,0
8efq,active,347,3,3,0,0,0,0
8efq,active,348,3,3,0,0,0,0
8efq,active,349,3,3,0,0,0,0
8f7q,active,66,1,1,0,0,0,0
8f7q,active,67,3,3,0,0,0,1
8f7q,active,68,3,2,1,0,0,0
8f7q,active,69,3,3,0,0,0,0
8f7q,active,70,4,4,0,0,0,0
8f7q,active,71,4,4,0,0,0,1
8f7q,active,72,5,4,1,0,0,0
8f7q,active,73,5,5,0,0,0,0
8f7q,active,74,5,3,1,1,0,1
8f7q,active,75,5,5,0,0,0,0
8f7q,active,76,5,5,0,0,0,3
8f7q,active,77,5,3,0,2,0,0
8f7q,active,78,6,5,1,0,0,0
8f7q,active,79,5,5,0,0,0,1
8f7q,active,80,3,3,0,0,0,2
8f7q,active,81,5,5,0,0,0,0
8f7q,active,82,5,5,0,0,0,0
8f7q,active,83,3,3,0,0,0,1
8f7q,active,84,7,5,2,0,0,0
8f7q,active,85,4,4,0,0,0,1
8f7q,active,86,3,3,0,0,0,1
8f7q,active,87,4,4,0,0,0,0
8f7q,active,88,7,5,2,0,0,0
8f7q,active,89,3,3,0,0,0,1
8f7q,active,90,6,6,0,0,0,3
8f7q,active,91,5,5,0,0,0,6
8f7q,active,92,5,5,0,0,0,4
8f7q,active,93,4,4,0,0,0,0
8f7q,active,94,3,3,0,0,0,1
8f7q,active,95,4,4,0,0,0,5
8f7q,active,96,1,1,0,0,0,1
8f7q,active,97,2,1,1,0,0,0
8f7q,active,98,1,1,0,0,0,0
8f7q,active,99,2,2,0,0,0,0
8f7q,active,100,3,2,1,0,0,0
8f7q,active,101,1,1,0,0,0,3
8f7q,active,102,1,1,0,0,0,0
8f7q,active,103,2,1,0,1,0,0
8f7q,active,104,3,3,0,0,0,1
8f7q,active,105,3,3,0,0,0,0
8f7q,active,106,4,3,0,1,0,0
8f7q,active,107,6,5,1,0,0,1
8f7q,active,108,5,5,0,0,0,0
8f7q,active,109,4,4,0,0,0,5
8f7q,active,110,5,5,0,0,0,4
8f7q,active,111,6,4,1,1,0,0
8f7q,active,112,5,5,0,0,0,1
8f7q,active,113,3,3,0,0,0,2
8f7q,active,114,5,5,0,0,0,3
8f7q,active,115,4,4,0,0,0,1
8f7q,active,116,10,3,3,4,0,0
8f7q,active,117,5,3,2,0,0,1
8f7q,active,118,5,4,1,0,0,2
8f7q,active,119,4,3,1,0,0,0
8f7q,active,120,5,3,2,0,0,0
8f7q,active,121,5,3,2,0,0,0
8f7q,active,122,4,3,1,0,0,0
8f7q,active,123,5,5,0,0,0,1
8f7q,active,124,3,3,0,0,0,0
8f7q,active,125,3,3,0,0,0,3
8f7q,active,126,7,4,0,3,0,0
8f7q,active,127,5,4,0,1,0,0
8f7q,active,128,5,5,0,0,0,2
8f7q,active,129,3,3,0,0,0,0
8f7q,active,130,3,3,0,0,0,0
8f7q,active,131,3,3,0,0,0,1
8f7q,active,132,2,2,0,0,0,1
8f7q,active,133,2,2,0,0,0,0
8f7q,active,134,3,1,2,0,0,0
8f7q,active,135,2,1,1,0,0,2
8f7q,active,137,0,0,0,0,0,3
8f7q,active,138,2,1,1,0,0,0
8f7q,active,139,4,2,0,2,0,0
8f7q,active,140,3,3,0,0,0,1
8f7q,active,141,3,3,0,0,0,3
8f7q,active,142,5,5,0,0,0,0
8f7q,active,143,7,5,2,0,0,0
8f7q,active,144,3,3,0,0,0,3
8f7q,active,145,6,6,0,0,0,2
8f7q,active,146,3,3,0,0,0,3
8f7q,active,147,5,4,1,0,0,0
8f7q,active,148,4,4,0,0,0,2
8f7q,active,149,8,5,0,3,0,0
8f7q,active,150,3,3,0,0,0,0
8f7q,active,151,7,5,2,0,0,0
8f7q,active,152,3,3,0,0,0,0
8f7q,active,153,5,5,0,0,0,3
8f7q,active,154,4,4,0,0,0,4
8f7q,active,155,9,4,3,2,0,0
8f7q,active,156,5,4,0,1,0,0
8f7q,active,157,5,5,0,0,0,5
8f7q,active,158,4,3,1,0,0,4
8f7q,active,159,6,5,1,0,0,0
8f7q,active,160,5,5,0,0,0,2
8f7q,active,161,4,4,0,0,0,0
8f7q,active,162,7,5,1,1,0,0
8f7q,active,163,4,4,0,0,0,1
8f7q,active,164,5,5,0,0,0,0
8f7q,active,165,4,4,0,0,0,3
8f7q,active,166,7,6,0,1,1,0
8f7q,active,167,5,4,0,1,0,0
8f7q,active,168,5,5,0,0,0,0
8f7q,active,169,3,3,0,0,0,2
8f7q,active,170,3,3,0,0,0,0
8f7q,active,171,1,1,0,0,0,2
8f7q,active,172,1,1,0,0,0,0
8f7q,active,173,4,4,0,0,0,0
8f7q,active,174,1,1,0,0,0,0
8f7q,active,175,1,1,0,0,0,0
8f7q,active,176,4,4,0,0,0,0
8f7q,active,177,4,4,0,0,0,0
8f7q,active,178,1,1,0,0,0,0
8f7q,active,179,1,1,0,0,0,0
8f7q,active,180,4,3,1,0,0,3
8f7q,active,181,2,1,0,1,1,0
8f7q,active,182,3,2,1,0,0,0
8f7q,active,183,2,2,0,0,0,0
8f7q,active,184,3,3,0,0,0,0
8f7q,active,185,5,3,2,0,0,0
8f7q,active,186,6,5,1,0,0,1
8f7q,active,187,5,5,0,0,0,0
8f7q,active,188,5,5,0,0,0,0
8f7q,active,189,5,4,1,0,0,1
8f7q,active,190,8,6,1,1,0,0
8f7q,active,191,5,5,0,0,0,1
8f7q,active,192,5,5,0,0,0,0
8f7q,active,193,9,6,2,1,0,0
8f7q,active,194,5,4,1,0,0,2
8f7q,active,195,6,6,0,0,0,1
8f7q,active,196,3,3,0,0,0,0
8f7q,active,197,10,6,2,2,0,0
8f7q,active,198,5,5,0,0,0,0
8f7q,active,199,3,3,0,0,0,0
8f7q,active,200,3,3,0,0,0,4
8f7q,active,201,4,3,1,0,0,0
8f7q,active,202,4,4,0,0,0,0
8f7q,active,203,3,3,0,0,0,1
8f7q,active,204,4,4,0,0,0,4
8f7q,active,205,3,3,0,0,0,0
8f7q,active,206,3,2,1,0,0,0
8f7q,active,207,5,4,1,0,0,5
8f7q,active,208,2,1,1,0,0,2
8f7q,active,209,6,3,1,2,0,0
8f7q,active,210,2,0,0,2,0,0
8f7q,active,211,3,3,0,0,0,0
8f7q,active,213,5,4,1,0,0,0
8f7q,active,214,1,1,0,0,0,0
8f7q,active,215,1,1,0,0,0,0
8f7q,active,216,4,3,1,0,0,0
8f7q,active,217,3,1,2,0,0,1
8f7q,active,218,3,3,0,0,0,0
8f7q,active,220,3,3,0,0,0,0
8f7q,active,221,0,0,0,0,0,5
8f7q,active,222,3,1,0,2,0,0
8f7q,active,223,0,0,0,0,0,3
8f7q,active,224,1,1,0,0,0,0
8f7q,active,226,1,1,0,0,0,1
8f7q,active,227,2,2,0,0,0,0
8f7q,active,228,1,1,0,0,0,0
8f7q,active,229,2,2,0,0,0,0
8f7q,active,230,2,2,0,0,0,2
8f7q,active,231,3,3,0,0,1,0
8f7q,active,232,4,4,0,0,0,0
8f7q,active,233,3,3,0,0,0,0
8f7q,active,234,6,6,0,0,0,5
8f7q,active,235,3,3,0,0,1,0
8f7q,active,236,4,4,0,0,0,1
8f7q,active,237,5,5,0,0,0,0
8f7q,active,238,3,3,0,0,0,4
8f7q,active,239,4,4,0,0,0,3
8f7q,active,240,7,7,0,0,0,1
8f7q,active,241,1,1,0,0,0,1
8f7q,active,242,2,2,0,0,0,2
8f7q,active,243,3,3,0,0,0,2
8f7q,active,244,2,2,0,0,0,2
8f7q,active,245,3,3,0,0,0,1
8f7q,active,246,2,2,0,0,0,2
8f7q,active,247,3,2,1,0,0,3
8f7q,active,248,4,4,0,0,0,1
8f7q,active,249,3,3,0,0,0,2
8f7q,active,250,2,2,0,0,0,2
8f7q,active,251,4,3,1,0,0,0
8f7q,active,252,3,3,0,0,0,1
8f7q,active,253,2,2,0,0,0,0
8f7q,active,254,4,3,0,1,0,0
8f7q,active,255,5,5,0,0,0,0
8f7q,active,256,3,3,0,0,0,2
8f7q,active,257,6,6,0,0,0,2
8f7q,active,258,4,4,0,0,0,1
8f7q,active,259,6,6,0,0,0,1
8f7q,active,260,4,4,0,0,0,0
8f7q,active,261,5,5,0,0,0,4
8f7q,active,262,3,3,0,0,0,0
8f7q,active,263,4,4,0,0,0,0
8f7q,active,264,3,3,0,0,0,1
8f7q,active,265,1,1,0,0,0,0
8f7q,active,266,1,1,0,0,0,0
8f7q,active,267,0,0,0,0,0,3
8f7q,active,268,2,2,0,0,0,0
8f7q,active,270,3,3,0,0,0,0
8f7q,active,271,2,2,0,0,0,0
8f7q,active,272,4,2,0,2,1,0
8f7q,active,273,3,3,0,0,0,0
8f7q,active,274,5,5,0,0,0,0
8f7q,active,275,6,4,0,2,1,0
8f7q,active,276,7,5,0,2,0,0
8f7q,active,277,6,5,1,0,0,1
8f7q,active,278,4,4,0,0,0,0
8f7q,active,279,7,5,0,2,0,0
8f7q,active,280,5,5,0,0,0,1
8f7q,active,281,5,4,1,0,0,0
8f7q,active,282,5,5,0,0,0,0
8f7q,active,283,5,5,0,0,0,1
8f7q,active,284,5,5,0,0,0,1
8f7q,active,285,4,4,0,0,0,0
8f7q,active,286,5,5,0,0,0,2
8f7q,active,287,5,5,0,0,0,1
8f7q,active,288,3,3,0,0,0,2
8f7q,active,289,6,6,0,0,0,0
8f7q,active,290,3,3,0,0,0,3
8f7q,active,291,4,4,0,0,0,6
8f7q,active,292,6,5,1,0,0,2
8f7q,active,293,1,1,0,0,0,0
8f7q,active,294,2,2,0,0,0,0
8f7q,active,295,3,2,1,0,0,4
8f7q,active,296,5,4,1,0,0,0
8f7q,active,297,2,2,0,0,0,1
8f7q,active,298,3,3,0,0,0,3
8f7q,active,299,6,5,1,0,0,0
8f7q,active,300,3,3,0,0,0,1
8f7q,active,301,5,5,0,0,0,0
8f7q,active,302,5,5,0,0,0,2
8f7q,active,303,4,4,0,0,0,2
8f7q,active,304,4,4,0,0,0,1
8f7q,active,305,2,2,0,0,0,0
8f7q,active,306,2,2,0,0,0,0
8f7q,active,307,1,1,0,0,0,1
8f7q,active,308,1,1,0,0,0,0
8f7q,active,311,1,1,0,0,0,0
8f7q,active,313,5,3,2,0,0,0
8f7q,active,314,3,3,0,0,0,0
8f7q,active,315,2,2,0,0,0,0
8f7q,active,316,5,4,1,0,0,0
8f7q,active,317,6,5,1,0,0,0
8f7q,active,318,3,3,0,0,0,0
8f7q,active,319,5,5,0,0,0,0
8f7q,active,320,5,5,0,0,0,2
8f7q,active,321,5,3,0,2,0,0
8f7q,active,322,5,5,0,0,0,1
8f7q,active,323,4,4,0,0,0,0
8f7q,active,324,5,5,0,0,0,2
8f7q,active,325,6,5,1,0,0,1
8f7q,active,326,4,4,0,0,0,1
8f7q,active,327,4,4,0,0,0,0
8f7q,active,328,9,5,0,4,0,0
8f7q,active,329,6,5,1,0,0,0
8f7q,active,330,5,4,1,0,0,0
8f7q,active,331,3,1,1,1,0,0
8f7q,active,332,4,3,1,0,0,0
8f7q,active,333,3,3,0,0,0,1
8f7q,active,334,6,3,1,2,0,0
8f7q,active,335,4,4,0,0,0,1
8f7q,active,336,1,1,0,0,0,1
8f7q,active,337,3,3,0,0,0,4
8f7q,active,338,3,3,0,0,0,0
8f7q,active,339,2,2,0,0,0,3
8f7q,active,340,2,2,0,0,0,3
8f7q,active,341,2,2,0,0,0,2
8f7q,active,342,6,5,1,0,0,0
8f7q,active,343,4,3,0,1,1,0
8f7q,active,344,5,4,1,0,0,0
8f7q,active,345,2,2,0,0,0,3
8f7q,active,346,6,5,0,1,1,0
8f7q,active,347,5,5,0,0,0,0
8f7q,active,348,3,3,0,0,0,0
8f7q,active,349,3,3,0,0,0,0
8f7q,active,350,2,2,0,0,0,0
8f7q,active,351,1,1,0,0,0,0
8f7q,active,352,1,1,0,0,0,0
8f7r,active,68,4,3,1,0,0,0
8f7r,active,69,2,2,0,0,0,0
8f7r,active,70,4,4,0,0,0,0
8f7r,active,71,3,3,0,0,0,0
8f7r,active,72,6,5,1,0,0,0
8f7r,active,73,5,5,0,0,0,0
8f7r,active,74,4,3,1,0,0,1
8f7r,active,75,5,5,0,0,0,0
8f7r,active,76,5,5,0,0,0,2
8f7r,active,77,6,3,1,2,0,0
8f7r,active,78,6,5,1,0,0,0
8f7r,active,79,5,5,0,0,0,1
8f7r,active,80,3,3,0,0,0,1
8f7r,active,81,5,5,0,0,0,0
8f7r,active,82,4,4,0,0,0,0
8f7r,active,83,3,3,0,0,0,1
8f7r,active,84,6,5,1,0,0,0
8f7r,active,85,2,2,0,0,0,1
8f7r,active,86,3,3,0,0,0,1
8f7r,active,87,4,4,0,0,0,0
8f7r,active,88,6,4,2,0,0,0
8f7r,active,89,2,2,0,0,0,1
8f7r,active,90,5,5,0,0,0,2
8f7r,active,91,5,5,0,0,0,6
8f7r,active,92,3,3,0,0,0,3
8f7r,active,93,4,4,0,0,0,0
8f7r,active,94,3,3,0,0,0,2
8f7r,active,95,4,4,0,0,0,5
8f7r,active,96,2,2,0,0,0,1
8f7r,active,97,1,1,0,0,0,0
8f7r,active,98,2,2,0,0,0,0
8f7r,active,99,2,2,0,0,0,0
8f7r,active,100,1,1,0,0,0,0
8f7r,active,101,1,1,0,0,0,3
8f7r,active,103,2,2,0,0,0,0
8f7r,active,104,3,3,0,0,0,1
8f7r,active,105,4,3,0,1,0,0
8f7r,active,106,4,4,0,0,0,0
8f7r,active,107,7,6,1,0,0,2
8f7r,active,108,4,4,0,0,0,0
8f7r,active,109,5,5,0,0,0,5
8f7r,active,110,4,4,0,0,0,4
8f7r,active,111,5,4,1,0,0,0
8f7r,active,112,5,5,0,0,0,1
8f7r,active,113,3,3,0,0,0,2
8f7r,active,114,5,5,0,0,0,3
8f7r,active,115,4,4,0,0,0,1
8f7r,active,116,7,3,2,2,0,0
8f7r,active,117,5,5,0,0,0,0
8f7r,active,118,2,2,0,0,0,3
8f7r,active,119,4,3,1,0,0,0
8f7r,active,120,5,4,1,0,0,0
8f7r,active,121,2,2,0,0,0,0
8f7r,active,122,3,2,1,0,0,0
8f7r,active,123,6,5,1,0,0,1
8f7r,active,124,2,2,0,0,0,0
8f7r,active,125,4,4,0,0,0,4
8f7r,active,126,8,4,0,4,0,0
8f7r,active,127,6,5,1,0,0,0
8f7r,active,128,5,5,0,0,0,2
8f7r,active,129,3,3,0,0,0,0
8f7r,active,130,3,3,0,0,0,0
8f7r,active,131,2,2,0,0,0,1
8f7r,active,132,1,1,0,0,0,2
8f7r,active,133,1,1,0,0,0,0
8f7r,active,134,2,0,2,0,0,0
8f7r,active,135,2,1,1,0,0,2
8f7r,active,136,1,1,0,0,0,1
8f7r,active,137,0,0,0,0,0,3
8f7r,active,138,3,2,1,0,0,0
8f7r,active,139,4,2,0,2,0,0
8f7r,active,140,3,3,0,0,0,1
8f7r,active,141,2,2,0,0,0,3
8f7r,active,142,5,5,0,0,0,0
8f7r,active,143,3,3,0,0,0,0
8f7r,active,144,5,5,0,0,0,2
8f7r,active,145,3,3,0,0,0,2
8f7r,active,146,4,4,0,0,0,3
8f7r,active,147,5,4,1,0,0,0
8f7r,active,148,5,5,0,0,0,2
8f7r,active,149,9,6,0,3,0,0
8f7r,active,150,1,1,0,0,0,0
8f7r,active,151,7,5,2,0,0,0
8f7r,active,152,4,4,0,0,0,0
8f7r,active,153,4,4,0,0,0,4
8f7r,active,154,2,2,0,0,0,5
8f7r,active,155,10,5,3,2,0,0
8f7r,active,156,5,4,0,1,0,0
8f7r,active,157,4,4,0,0,0,5
8f7r,active,158,5,4,1,0,0,1
8f7r,active,159,6,5,1,0,0,0
8f7r,active,160,5,5,0,0,0,3
8f7r,active,161,4,4,0,0,0,0
8f7r,active,162,8,5,1,2,0,0
8f7r,active,163,4,4,0,0,0,1
8f7r,active,164,5,5,0,0,0,0
8f7r,active,165,4,4,0,0,0,2
8f7r,active,166,8,6,0,2,1,0
8f7r,active,167,5,4,0,1,0,0
8f7r,active,168,5,5,0,0,0,0
8f7r,active,169,4,4,0,0,0,3
8f7r,active,170,2,2,0,0,0,0
8f7r,active,171,3,3,0,0,0,2
8f7r,active,172,1,1,0,0,0,0
8f7r,active,173,3,3,0,0,0,0
8f7r,active,174,3,3,0,0,0,0
8f7r,active,175,1,1,0,0,0,0
8f7r,active,176,5,5,0,0,0,0
8f7r,active,177,5,5,0,0,0,1
8f7r,active,178,3,3,0,0,0,0
8f7r,active,179,2,2,0,0,0,0
8f7r,active,180,4,3,1,0,0,2
8f7r,active,181,4,1,0,3,1,0
8f7r,active,182,5,4,1,0,0,0
8f7r,active,183,2,2,0,0,0,1
8f7r,active,184,4,4,0,0,0,0
8f7r,active,185,5,3,2,0,0,0
8f7r,active,186,5,4,1,0,0,1
8f7r,active,187,4,4,0,0,0,0
8f7r,active,188,5,5,0,0,0,0
8f7r,active,189,4,3,1,0,0,1
8f7r,active,190,7,6,1,0,0,0
8f7r,active,191,5,5,0,0,0,1
8f7r,active,192,5,5,0,0,0,0
8f7r,active,193,10,6,2,2,0,0
8f7r,active,194,5,4,1,0,0,3
8f7r,active,195,5,5,0,0,0,1
8f7r,active,196,3,3,0,0,0,0
8f7r,active,197,10,6,2,2,0,0
8f7r,active,198,5,5,0,0,0,0
8f7r,active,199,2,2,0,0,0,0
8f7r,active,200,2,2,0,0,0,3
8f7r,active,201,4,3,1,0,0,0
8f7r,active,202,4,4,0,0,0,1
8f7r,active,203,3,3,0,0,0,1
8f7r,active,204,2,2,0,0,0,4
8f7r,active,205,3,3,0,0,0,0
8f7r,active,206,3,3,0,0,0,1
8f7r,active,207,4,3,1,0,0,4
8f7r,active,208,2,2,0,0,0,2
8f7r,active,209,5,3,0,2,0,0
8f7r,active,210,2,0,0,2,0,0
8f7r,active,211,3,3,0,0,0,0
8f7r,active,213,6,4,1,1,1,0
8f7r,active,214,1,1,0,0,0,0
8f7r,active,215,1,1,0,0,0,0
8f7r,active,216,4,3,1,0,0,0
8f7r,active,217,3,1,2,0,0,1
8f7r,active,218,3,2,0,1,1,0
8f7r,active,220,2,2,0,0,0,0
8f7r,active,221,0,0,0,0,0,5
8f7r,active,222,4,1,1,2,0,0
8f7r,active,223,0,0,0,0,0,3
8f7r,active,224,1,1,0,0,0,0
8f7r,active,226,1,1,0,0,0,0
8f7r,active,227,2,2,0,0,0,0
8f7r,active,228,2,2,0,0,0,0
8f7r,active,229,3,3,0,0,0,0
8f7r,active,230,2,2,0,0,0,2
8f7r,active,231,6,6,0,0,1,0
8f7r,active,232,3,3,0,0,0,0
8f7r,active,233,4,4,0,0,0,1
8f7r,active,234,5,5,0,0,0,4
8f7r,active,235,4,4,0,0,1,0
8f7r,active,236,4,4,0,0,0,1
8f7r,active,237,3,3,0,0,0,0
8f7r,active,238,3,3,0,0,0,3
8f7r,active,239,3,3,0,0,0,3
8f7r,active,240,5,5,0,0,0,2
8f7r,active,241,1,1,0,0,0,1
8f7r,active,242,2,2,0,0,0,3
8f7r,active,243,3,3,0,0,0,3
8f7r,active,244,2,2,0,0,0,3
8f7r,active,245,3,3,0,0,0,0
8f7r,active,246,3,3,0,0,0,2
8f7r,active,247,3,2,1,0,0,3
8f7r,active,248,4,4,0,0,0,1
8f7r,active,249,3,3,0,0,0,1
8f7r,active,250,2,2,0,0,0,3
8f7r,active,251,3,2,1,0,0,0
8f7r,active,252,3,3,0,0,0,1
8f7r,active,253,2,2,0,0,0,0
8f7r,active,254,4,3,0,1,0,0
8f7r,active,255,5,5,0,0,0,0
8f7r,active,256,3,3,0,0,0,2
8f7r,active,257,6,6,0,0,0,2
8f7r,active,258,5,5,0,0,0,2
8f7r,active,259,5,4,1,0,0,1
8f7r,active,260,5,5,0,0,0,0
8f7r,active,261,4,4,0,0,0,5
8f7r,active,262,2,2,0,0,0,0
8f7r,active,263,5,4,1,0,0,0
8f7r,active,264,3,3,0,0,0,1
8f7r,active,265,4,3,1,0,0,0
8f7r,active,266,1,1,0,0,0,0
8f7r,active,267,1,1,0,0,0,3
8f7r,active,268,3,2,1,0,0,0
8f7r,active,270,2,2,0,0,0,0
8f7r,active,271,1,1,0,0,0,0
8f7r,active,272,3,2,0,1,1,0
8f7r,active,273,3,3,0,0,0,0
8f7r,active,274,3,3,0,0,0,0
8f7r,active,275,5,4,0,1,1,0
8f7r,active,276,6,4,0,2,0,0
8f7r,active,277,6,5,1,0,0,2
8f7r,active,278,3,3,0,0,0,0
8f7r,active,279,7,5,0,2,0,0
8f7r,active,280,5,5,0,0,0,1
8f7r,active,281,4,3,1,0,0,0
8f7r,active,282,5,5,0,0,0,0
8f7r,active,283,4,4,0,0,0,1
8f7r,active,284,5,5,0,0,0,1
8f7r,active,285,3,3,0,0,0,1
8f7r,active,286,5,5,0,0,0,2
8f7r,active,287,5,5,0,0,0,1
8f7r,active,288,3,3,0,0,0,2
8f7r,active,289,5,5,0,0,0,0
8f7r,active,290,3,3,0,0,0,2
8f7r,active,291,3,3,0,0,0,6
8f7r,active,292,6,5,1,0,0,2
8f7r,active,293,1,1,0,0,0,0
8f7r,active,294,2,2,0,0,0,0
8f7r,active,295,3,2,1,0,0,5
8f7r,active,296,5,4,1,0,0,0
8f7r,active,297,2,2,0,0,0,0
8f7r,active,298,3,3,0,0,0,3
8f7r,active,299,6,5,1,0,0,0
8f7r,active,300,3,3,0,0,0,1
8f7r,active,301,8,5,1,2,0,0
8f7r,active,302,4,4,0,0,0,2
8f7r,active,303,4,4,0,0,0,2
8f7r,active,304,5,5,0,0,0,1
8f7r,active,305,2,2,0,0,0,0
8f7r,active,306,3,3,0,0,0,0
8f7r,active,307,2,2,0,0,0,1
8f7r,active,308,2,2,0,0,0,0
8f7r,active,310,1,1,0,0,0,0
8f7r,active,311,2,1,1,0,0,0
8f7r,active,313,5,3,2,0,0,0
8f7r,active,314,3,3,0,0,0,0
8f7r,active,315,2,2,0,0,0,0
8f7r,active,316,7,4,1,2,0,0
8f7r,active,317,5,4,1,0,0,0
8f7r,active,318,5,5,0,0,0,1
8f7r,active,319,4,4,0,0,0,0
8f7r,active,320,6,6,0,0,0,2
8f7r,active,321,6,3,1,2,0,0
8f7r,active,322,5,5,0,0,0,2
8f7r,active,323,5,5,0,0,0,0
8f7r,active,324,4,4,0,0,0,2
8f7r,active,325,5,4,1,0,0,1
8f7r,active,326,6,6,0,0,0,0
8f7r,active,327,2,2,0,0,0,0
8f7r,active,328,10,5,0,5,0,0
8f7r,active,329,5,4,1,0,0,0
8f7r,active,330,6,5,1,0,0,0
8f7r,active,331,2,1,0,1,0,0
8f7r,active,332,3,3,0,0,0,0
8f7r,active,333,5,5,0,0,0,1
8f7r,active,334,3,2,1,0,0,0
8f7r,active,335,5,5,0,0,0,1
8f7r,active,336,2,2,0,0,0,1
8f7r,active,337,2,2,0,0,0,4
8f7r,active,338,2,2,0,0,0,0
8f7r,active,339,2,2,0,0,0,2
8f7r,active,340,1,1,0,0,0,4
8f7r,active,341,2,2,0,0,0,1
8f7r,active,342,4,4,0,0,0,0
8f7r,active,343,4,3,0,1,1,0
8f7r,active,344,4,4,0,0,0,0
8f7r,active,345,4,4,0,0,0,3
8f7r,active,346,6,5,0,1,1,0
8f7r,active,347,5,5,0,0,0,0
8f7r,active,348,3,3,0,0,0,0
8f7r,active,349,3,3,0,0,0,2
8f7r,active,350,2,2,0,0,0,0
8f7r,active,351,1,1,0,0,0,0
8f7r,active,352,2,2,0,0,0,0
8k9k,active,66,4,3,1,0,0,0
8k9k,active,67,2,2,0,0,0,1
8k9k,active,68,4,4,0,0,0,0
8k9k,active,69,4,3,1,0,0,0
8k9k,active,70,6,6,0,0,0,0
8k9k,active,71,5,5,0,0,0,1
8k9k,active,72,6,6,0,0,0,0
8k9k,active,73,6,6,0,0,0,1
8k9k,active,74,7,6,1,0,0,1
8k9k,active,75,6,6,0,0,0,0
8k9k,active,76,6,6,0,0,0,2
8k9k,active,77,8,6,0,2,0,0
8k9k,active,78,6,5,1,0,0,0
8k9k,active,79,5,5,0,0,0,0
8k9k,active,80,2,2,0,0,0,2
8k9k,active,81,6,6,0,0,0,0
8k9k,active,82,4,4,0,0,0,0
8k9k,active,83,4,4,0,0,0,0
8k9k,active,84,5,4,1,0,0,0
8k9k,active,85,5,5,0,0,0,1
8k9k,active,86,4,4,0,0,0,1
8k9k,active,87,5,5,0,0,0,0
8k9k,active,88,8,6,2,0,0,0
8k9k,active,89,4,4,0,0,0,2
8k9k,active,90,6,6,0,0,0,3
8k9k,active,91,6,6,0,0,0,6
8k9k,active,92,6,6,0,0,0,3
8k9k,active,93,7,6,0,1,0,0
8k9k,active,94,6,6,0,0,0,1
8k9k,active,95,6,5,1,0,0,4
8k9k,active,96,4,3,1,0,0,1
8k9k,active,97,4,3,0,1,0,0
8k9k,active,98,2,2,0,0,0,0
8k9k,active,99,1,0,1,0,0,0
8k9k,active,100,4,3,1,0,0,0
8k9k,active,101,0,0,0,0,0,3
8k9k,active,102,1,1,0,0,0,0
8k9k,active,103,4,2,1,1,0,0
8k9k,active,104,3,3,0,0,0,1
8k9k,active,105,4,4,0,0,0,0
8k9k,active,106,6,4,1,1,0,0
8k9k,active,107,4,4,0,0,0,3
8k9k,active,108,5,5,0,0,0,0
8k9k,active,109,4,4,0,0,0,2
8k9k,active,110,6,6,0,0,0,4
8k9k,active,111,5,5,0,0,0,0
8k9k,active,112,6,6,0,0,0,2
8k9k,active,113,5,5,0,0,0,2
8k9k,active,114,6,6,0,0,0,3
8k9k,active,115,5,5,0,0,0,1
8k9k,active,116,7,5,1,1,0,0
8k9k,active,117,6,6,0,0,0,1
8k9k,active,118,5,4,1,0,0,1
8k9k,active,119,7,5,2,0,0,0
8k9k,active,120,8,5,1,2,0,0
8k9k,active,121,4,3,1,0,0,0
8k9k,active,122,9,5,1,3,0,0
8k9k,active,123,5,4,1,0,0,1
8k9k,active,124,5,4,1,0,0,0
8k9k,active,125,5,5,0,0,0,3
8k9k,active,126,9,6,0,3,0,0
8k9k,active,127,7,5,2,0,0,0
8k9k,active,128,6,6,0,0,0,2
8k9k,active,129,4,4,0,0,0,0
8k9k,active,130,4,4,0,0,0,0
8k9k,active,131,2,2,0,0,0,1
8k9k,active,132,2,2,0,0,0,2
8k9k,active,133,2,2,0,0,0,0
8k9k,active,134,2,2,0,0,0,0
8k9k,active,135,1,0,1,0,0,3
8k9k,active,136,1,1,0,0,0,1
8k9k,active,137,0,0,0,0,0,3
8k9k,active,138,5,4,1,0,0,0
8k9k,active,139,4,2,0,2,0,0
8k9k,active,140,4,4,0,0,0,1
8k9k,active,141,4,4,0,0,0,2
8k9k,active,142,6,6,0,0,0,0
8k9k,active,143,8,6,2,0,0,0
8k9k,active,144,6,6,0,0,0,2
8k9k,active,145,6,6,0,0,0,2
8k9k,active,146,6,6,0,0,0,3
8k9k,active,147,7,6,1,0,0,0
8k9k,active,148,6,6,0,0,0,1
8k9k,active,149,7,5,0,2,0,0
8k9k,active,150,6,6,0,0,0,0
8k9k,active,151,8,4,2,2,0,0
8k9k,active,152,9,6,3,0,0,0
8k9k,active,153,4,3,1,0,0,3
8k9k,active,154,6,6,0,0,0,4
8k9k,active,155,7,3,4,0,0,0
8k9k,active,156,7,5,2,0,0,0
8k9k,active,157,5,5,0,0,0,5
8k9k,active,158,6,4,2,0,0,4
8k9k,active,159,8,6,1,1,0,0
8k9k,active,160,4,4,0,0,0,4
8k9k,active,161,6,6,0,0,0,0
8k9k,active,162,6,5,1,0,0,0
8k9k,active,163,6,6,0,0,0,2
8k9k,active,164,7,5,0,2,0,0
8k9k,active,165,6,6,0,0,0,2
8k9k,active,166,6,4,0,2,1,0
8k9k,active,167,7,6,0,1,0,0
8k9k,active,168,5,5,0,0,0,0
8k9k,active,169,5,5,0,0,0,3
8k9k,active,170,3,3,0,0,0,0
8k9k,active,171,3,3,0,0,0,2
8k9k,active,172,1,1,0,0,0,0
8k9k,active,173,4,4,0,0,0,0
8k9k,active,174,2,2,0,0,0,0
8k9k,active,175,3,3,0,0,0,0
8k9k,active,176,4,4,0,0,1,0
8k9k,active,177,5,5,0,0,0,1
8k9k,active,178,3,3,0,0,0,0
8k9k,active,179,3,2,1,0,1,0
8k9k,active,180,3,2,1,0,0,1
8k9k,active,181,3,1,0,2,1,0
8k9k,active,182,6,4,1,1,0,0
8k9k,active,183,3,3,0,0,0,1
8k9k,active,184,4,4,0,0,0,0
8k9k,active,185,8,4,3,1,0,0
8k9k,active,186,6,6,0,0,0,2
8k9k,active,187,5,5,0,0,0,0
8k9k,active,188,6,6,0,0,0,0
8k9k,active,189,6,6,0,0,0,0
8k9k,active,190,6,6,0,0,0,0
8k9k,active,191,6,6,0,0,0,1
8k9k,active,192,6,6,0,0,0,0
8k9k,active,193,10,6,2,2,0,0
8k9k,active,194,7,5,2,0,0,2
8k9k,active,195,6,6,0,0,0,1
8k9k,active,196,4,4,0,0,0,0
8k9k,active,197,8,6,1,1,0,0
8k9k,active,198,9,6,1,2,0,0
8k9k,active,199,3,3,0,0,0,0
8k9k,active,200,5,5,0,0,0,2
8k9k,active,201,5,4,1,0,0,0
8k9k,active,202,5,5,0,0,0,1
8k9k,active,203,4,4,0,0,0,0
8k9k,active,204,6,6,0,0,0,3
8k9k,active,205,5,4,1,0,0,1
8k9k,active,206,4,4,0,0,0,0
8k9k,active,207,4,3,1,0,0,2
8k9k,active,208,4,3,1,0,0,2
8k9k,active,209,3,3,0,0,0,0
8k9k,active,210,2,0,0,2,0,0
8k9k,active,211,3,3,0,0,0,0
8k9k,active,213,2,2,0,0,1,0
8k9k,active,215,1,1,0,0,0,0
8k9k,active,218,3,3,0,0,1,0
8k9k,active,220,3,3,0,0,0,0
8k9k,active,221,0,0,0,0,0,5
8k9k,active,222,1,0,1,0,0,0
8k9k,active,223,0,0,0,0,0,3
8k9k,active,224,1,1,0,0,0,0
8k9k,active,226,3,3,0,0,0,1
8k9k,active,227,4,4,0,0,0,0
8k9k,active,228,3,3,0,0,0,0
8k9k,active,229,5,5,0,0,0,0
8k9k,active,230,4,4,0,0,0,3
8k9k,active,231,6,6,0,0,1,0
8k9k,active,232,4,4,0,0,0,0
8k9k,active,233,6,6,0,0,0,1
8k9k,active,234,5,5,0,0,0,3
8k9k,active,235,5,5,0,0,1,0
8k9k,active,236,6,6,0,0,0,1
8k9k,active,237,5,5,0,0,0,0
8k9k,active,238,5,5,0,0,0,2
8k9k,active,239,5,5,0,0,0,3
8k9k,active,240,5,5,0,0,0,1
8k9k,active,241,2,1,1,0,0,1
8k9k,active,242,1,1,0,0,0,4
8k9k,active,243,2,2,0,0,0,3
8k9k,active,244,5,5,0,0,0,2
8k9k,active,245,4,4,0,0,0,2
8k9k,active,246,4,4,0,0,0,3
8k9k,active,247,6,5,1,0,0,3
8k9k,active,248,7,6,1,0,0,1
8k9k,active,249,5,5,0,0,0,3
8k9k,active,250,6,6,0,0,0,3
8k9k,active,251,7,5,2,0,0,0
8k9k,active,252,6,6,0,0,0,1
8k9k,active,253,4,4,0,0,0,0
8k9k,active,254,8,5,0,3,0,0
8k9k,active,255,5,5,0,0,0,0
8k9k,active,256,5,5,0,0,0,2
8k9k,active,257,5,5,0,0,0,4
8k9k,active,258,6,6,0,0,0,2
8k9k,active,259,4,4,0,0,0,1
8k9k,active,260,8,5,2,1,0,0
8k9k,active,261,5,5,0,0,0,4
8k9k,active,262,4,3,1,0,0,0
8k9k,active,263,5,2,2,1,0,0
8k9k,active,264,5,4,1,0,0,1
8k9k,active,265,2,1,1,0,0,0
8k9k,active,266,1,1,0,0,0,0
8k9k,active,267,2,2,0,0,0,3
8k9k,active,268,3,1,2,0,0,0
8k9k,active,270,3,3,0,0,0,0
8k9k,active,271,2,2,0,0,0,0
8k9k,active,272,3,3,0,0,0,0
8k9k,active,273,5,4,1,0,0,0
8k9k,active,274,5,5,0,0,0,0
8k9k,active,275,5,5,0,0,0,0
8k9k,active,276,6,6,0,0,0,0
8k9k,active,277,6,5,1,0,0,2
8k9k,active,278,6,6,0,0,0,0
8k9k,active,279,5,5,0,0,1,0
8k9k,active,280,6,6,0,0,0,4
8k9k,active,281,6,5,1,0,0,0
8k9k,active,282,6,6,0,0,0,0
8k9k,active,283,5,5,0,0,0,1
8k9k,active,284,6,6,0,0,0,2
8k9k,active,285,4,4,0,0,0,0
8k9k,active,286,6,6,0,0,0,2
8k9k,active,287,5,5,0,0,0,0
8k9k,active,288,6,6,0,0,0,2
8k9k,active,289,6,6,0,0,0,0
8k9k,active,290,6,6,0,0,0,3
8k9k,active,291,5,5,0,0,0,6
8k9k,active,292,7,6,1,0,0,2
8k9k,active,293,2,2,0,0,0,0
8k9k,active,294,4,3,1,0,0,0
8k9k,active,295,3,3,0,0,0,5
8k9k,active,296,5,4,1,0,0,0
8k9k,active,297,4,4,0,0,0,1
8k9k,active,298,3,3,0,0,0,3
8k9k,active,299,5,5,0,0,0,0
8k9k,active,300,5,5,0,0,0,1
8k9k,active,301,9,6,0,3,0,0
8k9k,active,302,6,6,0,0,0,2
8k9k,active,303,6,6,0,0,0,2
8k9k,active,304,6,6,0,0,0,1
8k9k,active,305,3,3,0,0,0,0
8k9k,active,306,3,3,0,0,0,0
8k9k,active,307,2,2,0,0,0,1
8k9k,active,308,2,2,0,0,0,0
8k9k,active,310,1,1,0,0,0,0
8k9k,active,313,4,3,1,0,0,0
8k9k,active,314,4,3,1,0,0,0
8k9k,active,315,4,4,0,0,0,1
8k9k,active,316,6,4,1,1,0,0
8k9k,active,317,8,6,2,0,0,0
8k9k,active,318,5,5,0,0,0,2
8k9k,active,319,8,5,1,2,0,0
8k9k,active,320,6,6,0,0,0,2
8k9k,active,321,6,4,0,2,0,0
8k9k,active,322,6,6,0,0,0,2
8k9k,active,323,4,4,0,0,0,0
8k9k,active,324,6,6,0,0,0,2
8k9k,active,325,5,4,1,0,0,2
8k9k,active,326,5,4,1,0,0,2
8k9k,active,327,4,4,0,0,0,0
8k9k,active,328,11,5,0,6,0,0
8k9k,active,329,8,6,2,0,0,0
8k9k,active,330,6,5,1,0,0,0
8k9k,active,331,6,2,1,3,0,0
8k9k,active,332,3,3,0,0,0,0
8k9k,active,333,4,4,0,0,0,2
8k9k,active,334,4,4,0,0,0,0
8k9k,active,335,2,2,0,0,0,1
8k9k,active,336,4,4,0,0,0,1
8k9k,active,337,2,2,0,0,0,3
8k9k,active,338,1,1,0,0,0,0
8k9k,active,339,1,1,0,0,0,2
8k9k,active,340,2,2,0,0,0,3
8k9k,active,341,1,1,0,0,0,1
8k9k,active,342,4,3,1,0,0,0
8k9k,active,343,2,2,0,0,1,0
8k9k,active,344,3,2,1,0,0,0
8k9k,active,345,3,3,0,0,0,3
8k9k,active,346,3,3,0,0,0,0
8k9k,active,347,1,1,0,0,0,0
8k9l,active,66,4,3,1,0,0,0
8k9l,active,67,3,3,0,0,0,0
8k9l,active,68,5,4,1,0,0,0
8k9l,active,69,7,5,2,0,0,0
8k9l,active,70,6,6,0,0,0,0
8k9l,active,71,6,6,0,0,0,1
8k9l,active,72,8,6,2,0,0,0
8k9l,active,73,6,6,0,0,0,1
8k9l,active,74,6,5,1,0,0,1
8k9l,active,75,6,6,0,0,0,0
8k9l,active,76,5,5,0,0,0,1
8k9l,active,77,6,6,0,0,0,0
8k9l,active,78,7,6,1,0,0,0
8k9l,active,79,6,6,0,0,0,1
8k9l,active,80,6,6,0,0,0,2
8k9l,active,81,5,5,0,0,0,0
8k9l,active,82,6,6,0,0,0,0
8k9l,active,83,5,5,0,0,0,1
8k9l,active,84,6,5,1,0,0,0
8k9l,active,85,5,5,0,0,0,1
8k9l,active,86,6,6,0,0,0,1
8k9l,active,87,4,4,0,0,0,0
8k9l,active,88,7,5,1,1,0,0
8k9l,active,89,6,6,0,0,0,1
8k9l,active,90,5,5,0,0,0,1
8k9l,active,91,6,6,0,0,0,5
8k9l,active,92,6,6,0,0,0,3
8k9l,active,93,6,6,0,0,0,0
8k9l,active,94,6,6,0,0,0,1
8k9l,active,95,5,4,1,0,0,4
8k9l,active,96,3,3,0,0,0,0
8k9l,active,97,3,3,0,0,0,0
8k9l,active,98,2,2,0,0,0,0
8k9l,active,99,1,0,1,0,0,0
8k9l,active,100,2,2,0,0,0,0
8k9l,active,101,0,0,0,0,0,1
8k9l,active,102,1,1,0,0,0,0
8k9l,active,103,4,2,1,1,0,0
8k9l,active,104,3,3,0,0,0,1
8k9l,active,105,3,3,0,0,0,0
8k9l,active,106,7,5,1,1,0,0
8k9l,active,107,4,4,0,0,0,2
8k9l,active,108,6,6,0,0,0,0
8k9l,active,109,5,5,0,0,0,2
8k9l,active,110,6,6,0,0,0,3
8k9l,active,111,6,5,0,1,0,0
8k9l,active,112,5,5,0,0,0,2
8k9l,active,113,5,5,0,0,0,2
8k9l,active,114,6,6,0,0,0,4
8k9l,active,115,3,3,0,0,0,1
8k9l,active,116,8,5,1,2,0,0
8k9l,active,117,5,5,0,0,0,0
8k9l,active,118,4,3,1,0,0,1
8k9l,active,119,7,5,2,0,0,0
8k9l,active,120,5,4,1,0,0,0
8k9l,active,121,4,3,1,0,0,0
8k9l,active,122,6,5,1,0,0,0
8k9l,active,123,4,4,0,0,0,1
8k9l,active,124,5,4,1,0,0,0
8k9l,active,125,5,5,0,0,0,1
8k9l,active,126,6,6,0,0,0,0
8k9l,active,127,7,6,1,0,0,0
8k9l,active,128,6,6,0,0,0,2
8k9l,active,129,4,4,0,0,0,0
8k9l,active,130,3,3,0,0,0,0
8k9l,active,131,2,2,0,0,0,0
8k9l,active,132,2,2,0,0,0,2
8k9l,active,133,1,1,0,0,0,0
8k9l,active,134,1,1,0,0,0,0
8k9l,active,135,1,0,1,0,0,3
8k9l,active,136,1,1,0,0,0,1
8k9l,active,137,0,0,0,0,0,2
8k9l,active,138,5,4,1,0,0,0
8k9l,active,139,5,3,0,2,0,0
8k9l,active,140,4,4,0,0,0,1
8k9l,active,141,4,4,0,0,0,3
8k9l,active,142,6,6,0,0,0,0
8k9l,active,143,5,5,0,0,0,0
8k9l,active,144,6,6,0,0,0,3
8k9l,active,145,6,6,0,0,0,2
8k9l,active,146,6,6,0,0,0,3
8k9l,active,147,6,6,0,0,0,0
8k9l,active,148,5,5,0,0,0,0
8k9l,active,149,7,6,0,1,0,0
8k9l,active,150,5,5,0,0,0,0
8k9l,active,151,10,6,2,2,0,0
8k9l,active,152,9,6,3,0,0,0
8k9l,active,153,7,6,1,0,0,3
8k9l,active,154,5,5,0,0,0,5
8k9l,active,155,9,6,3,0,0,0
8k9l,active,156,7,5,2,0,0,0
8k9l,active,157,6,6,0,0,0,5
8k9l,active,158,6,5,1,0,0,2
8k9l,active,159,8,6,1,1,0,0
8k9l,active,160,5,5,0,0,0,4
8k9l,active,161,6,6,0,0,0,0
8k9l,active,162,5,5,0,0,0,0
8k9l,active,163,6,6,0,0,0,2
8k9l,active,164,7,5,0,2,0,0
8k9l,active,165,6,6,0,0,0,2
8k9l,active,166,9,6,0,3,1,0
8k9l,active,167,7,6,0,1,0,0
8k9l,active,168,8,6,0,2,0,0
8k9l,active,169,5,5,0,0,0,3
8k9l,active,170,3,3,0,0,0,0
8k9l,active,171,3,3,0,0,0,2
8k9l,active,172,1,1,0,0,0,0
8k9l,active,173,6,4,0,2,0,0
8k9l,active,174,3,3,0,0,0,0
8k9l,active,175,1,1,0,0,0,0
8k9l,active,176,5,5,0,0,0,0
8k9l,active,177,4,4,0,0,0,1
8k9l,active,178,2,2,0,0,0,0
8k9l,active,179,3,3,0,0,0,0
8k9l,active,180,1,1,0,0,0,1
8k9l,active,181,5,2,0,3,1,0
8k9l,active,182,5,3,1,1,0,0
8k9l,active,183,3,3,0,0,0,1
8k9l,active,184,4,4,0,0,0,0
8k9l,active,185,7,5,1,1,0,0
8k9l,active,186,6,6,0,0,0,2
8k9l,active,187,6,6,0,0,0,0
8k9l,active,188,6,6,0,0,0,0
8k9l,active,189,6,6,0,0,0,0
8k9l,active,190,7,6,0,1,0,0
8k9l,active,191,6,6,0,0,0,1
8k9l,active,192,6,6,0,0,0,0
8k9l,active,193,9,6,1,2,0,0
8k9l,active,194,7,5,2,0,0,2
8k9l,active,195,6,6,0,0,0,1
8k9l,active,196,3,3,0,0,0,1
8k9l,active,197,8,6,1,1,0,0
8k9l,active,198,8,5,1,2,0,0
8k9l,active,199,3,3,0,0,0,0
8k9l,active,200,2,2,0,0,0,1
8k9l,active,201,4,4,0,0,0,0
8k9l,active,202,4,4,0,0,0,0
8k9l,active,203,3,3,0,0,0,0
8k9l,active,204,5,5,0,0,0,2
8k9l,active,205,3,3,0,0,0,1
8k9l,active,206,4,4,0,0,0,0
8k9l,active,207,3,3,0,0,0,1
8k9l,active,208,2,2,0,0,0,2
8k9l,active,209,3,3,0,0,0,0
8k9l,active,210,2,0,0,2,0,0
8k9l,active,211,3,3,0,0,0,0
8k9l,active,213,1,1,0,0,1,0
8k9l,active,217,0,0,0,0,0,1
8k9l,active,218,2,2,0,0,1,0
8k9l,active,220,2,2,0,0,0,0
8k9l,active,221,0,0,0,0,0,4
8k9l,active,223,1,0,1,0,0,2
8k9l,active,224,2,2,0,0,0,0
8k9l,active,226,4,4,0,0,0,0
8k9l,active,227,5,4,1,0,0,0
8k9l,active,228,4,4,0,0,0,0
8k9l,active,229,4,4,0,0,0,0
8k9l,active,230,6,6,0,0,0,2
8k9l,active,231,6,5,0,1,1,0
8k9l,active,232,6,6,0,0,0,0
8k9l,active,233,5,5,0,0,0,0
8k9l,active,234,6,6,0,0,0,2
8k9l,active,235,6,5,0,1,1,0
8k9l,active,236,6,6,0,0,0,1
8k9l,active,237,5,5,0,0,0,0
8k9l,active,238,5,5,0,0,0,2
8k9l,active,239,4,4,0,0,0,2
8k9l,active,240,6,6,0,0,0,1
8k9l,active,241,2,1,1,0,0,1
8k9l,active,242,2,2,0,0,0,2
8k9l,active,243,2,2,0,0,0,4
8k9l,active,244,5,5,0,0,0,1
8k9l,active,245,4,4,0,0,0,1
8k9l,active,246,4,4,0,0,0,2
8k9l,active,247,7,6,1,0,0,3
8k9l,active,248,7,6,1,0,0,0
8k9l,active,249,6,6,0,0,0,2
8k9l,active,250,6,6,0,0,0,2
8k9l,active,251,7,5,2,0,0,0
8k9l,active,252,6,6,0,0,0,1
8k9l,active,253,6,6,0,0,0,0
8k9l,active,254,7,4,0,3,0,0
8k9l,active,255,6,6,0,0,0,0
8k9l,active,256,5,5,0,0,0,1
8k9l,active,257,5,5,0,0,0,4
8k9l,active,258,6,6,0,0,0,1
8k9l,active,259,3,3,0,0,0,0
8k9l,active,260,5,5,0,0,0,0
8k9l,active,261,4,4,0,0,0,4
8k9l,active,262,3,3,0,0,0,0
8k9l,active,263,2,2,0,0,0,0
8k9l,active,264,5,4,1,0,0,1
8k9l,active,266,1,1,0,0,0,0
8k9l,active,267,2,2,0,0,0,2
8k9l,active,268,2,1,1,0,0,0
8k9l,active,270,3,3,0,0,0,0
8k9l,active,271,3,3,0,0,0,0
8k9l,active,272,3,3,0,0,1,0
8k9l,active,273,5,5,0,0,0,0
8k9l,active,274,5,5,0,0,0,0
8k9l,active,275,6,6,0,0,1,0
8k9l,active,276,5,5,0,0,0,0
8k9l,active,277,7,6,1,0,0,2
8k9l,active,278,5,5,0,0,0,0
8k9l,active,279,5,5,0,0,1,0
8k9l,active,280,5,5,0,0,0,3
8k9l,active,281,6,5,1,0,0,0
8k9l,active,282,5,5,0,0,0,0
8k9l,active,283,6,6,0,0,0,1
8k9l,active,284,5,5,0,0,0,1
8k9l,active,285,6,6,0,0,0,0
8k9l,active,286,6,6,0,0,0,1
8k9l,active,287,6,6,0,0,0,1
8k9l,active,288,6,6,0,0,0,1
8k9l,active,289,6,6,0,0,0,0
8k9l,active,290,6,6,0,0,0,2
8k9l,active,291,6,6,0,0,0,5
8k9l,active,292,7,6,1,0,0,2
8k9l,active,293,3,3,0,0,0,0
8k9l,active,294,4,3,1,0,0,0
8k9l,active,295,2,2,0,0,0,5
8k9l,active,296,5,4,1,0,0,0
8k9l,active,297,3,3,0,0,0,1
8k9l,active,298,3,3,0,0,0,3
8k9l,active,299,5,5,0,0,0,0
8k9l,active,300,4,4,0,0,0,0
8k9l,active,301,9,6,0,3,0,0
8k9l,active,302,5,5,0,0,0,2
8k9l,active,303,5,5,0,0,0,0
8k9l,active,304,4,4,0,0,0,0
8k9l,active,305,2,2,0,0,0,0
8k9l,active,306,2,2,0,0,0,0
8k9l,active,307,1,1,0,0,0,0
8k9l,active,308,2,2,0,0,0,0
8k9l,active,310,1,1,0,0,0,0
8k9l,active,313,3,3,0,0,0,0
8k9l,active,314,4,3,1,0,0,0
8k9l,active,315,5,4,1,0,0,1
8k9l,active,316,6,4,1,1,0,0
8k9l,active,317,7,6,1,0,0,0
8k9l,active,318,5,5,0,0,0,2
8k9l,active,319,10,6,2,2,0,0
8k9l,active,320,6,6,0,0,0,2
8k9l,active,321,6,6,0,0,0,0
8k9l,active,322,6,6,0,0,0,2
8k9l,active,323,5,5,0,0,0,0
8k9l,active,324,6,6,0,0,0,2
8k9l,active,325,5,4,1,0,0,1
8k9l,active,326,6,5,1,0,0,2
8k9l,active,327,2,2,0,0,0,0
8k9l,active,328,7,6,0,1,0,0
8k9l,active,329,7,5,2,0,0,0
8k9l,active,330,5,4,1,0,0,0
8k9l,active,331,5,4,0,1,0,0
8k9l,active,332,4,4,0,0,0,0
8k9l,active,333,6,6,0,0,0,1
8k9l,active,334,6,6,0,0,0,0
8k9l,active,335,5,5,0,0,0,1
8k9l,active,336,4,4,0,0,0,1
8k9l,active,337,3,3,0,0,0,3
8k9l,active,338,4,4,0,0,0,0
8k9l,active,339,3,3,0,0,0,1
8k9l,active,340,2,2,0,0,0,1
8k9l,active,341,4,3,1,0,0,1
8k9l,active,342,7,5,2,0,0,0
8k9l,active,343,6,3,1,2,2,0
8k9l,active,344,4,3,1,0,0,0
8k9l,active,345,4,3,1,0,0,1
8k9l,active,346,5,2,1,2,1,0
8k9l,active,347,3,2,1,0,0,0
9MQI,inactive,67,3,3,0,0,0,0
9MQI,inactive,68,4,3,1,0,0,1
9MQI,inactive,69,3,3,0,0,0,0
9MQI,inactive,70,5,5,0,0,0,0
9MQI,inactive,71,5,5,0,0,0,1
9MQI,inactive,72,7,6,1,0,0,0
9MQI,inactive,73,6,6,0,0,0,0
9MQI,inactive,74,7,5,1,1,0,0
9MQI,inactive,75,6,6,0,0,0,0
9MQI,inactive,76,5,5,0,0,0,1
9MQI,inactive,77,6,6,0,0,0,0
9MQI,inactive,78,7,5,1,1,0,0
9MQI,inactive,79,6,6,0,0,0,0
9MQI,inactive,80,3,3,0,0,0,1
9MQI,inactive,81,6,6,0,0,0,0
9MQI,inactive,82,5,5,0,0,0,0
9MQI,inactive,83,4,4,0,0,0,0
9MQI,inactive,84,7,6,1,0,0,0
9MQI,inactive,85,4,4,0,0,0,0
9MQI,inactive,86,6,6,0,0,0,0
9MQI,inactive,87,5,5,0,0,0,0
9MQI,inactive,88,7,5,2,0,0,0
9MQI,inactive,89,5,5,0,0,0,1
9MQI,inactive,90,6,6,0,0,0,3
9MQI,inactive,91,6,6,0,0,0,5
9MQI,inactive,92,5,5,0,0,0,1
9MQI,inactive,93,6,6,0,0,0,0
9MQI,inactive,94,2,2,0,0,0,3
9MQI,inactive,95,4,4,0,0,0,4
9MQI,inactive,96,2,2,0,0,0,1
9MQI,inactive,97,2,2,0,0,0,0
9MQI,inactive,98,1,1,0,0,0,0
9MQI,inactive,99,2,2,0,0,0,0
9MQI,inactive,100,1,1,0,0,0,0
9MQI,inactive,101,4,2,1,1,0,0
9MQI,inactive,102,2,2,0,0,0,0
9MQI,inactive,103,5,3,0,2,0,0
9MQI,inactive,104,2,2,0,0,0,0
9MQI,inactive,105,5,4,0,1,0,0
9MQI,inactive,106,8,4,1,3,0,0
9MQI,inactive,107,6,5,1,0,0,2
9MQI,inactive,108,4,4,0,0,0,0
9MQI,inactive,109,5,5,0,0,0,4
9MQI,inactive,110,6,6,0,0,0,4
9MQI,inactive,111,8,6,0,2,0,0
9MQI,inactive,112,6,6,0,0,0,2
9MQI,inactive,113,5,5,0,0,0,1
9MQI,inactive,114,6,6,0,0,0,3
9MQI,inactive,115,5,5,0,0,0,0
9MQI,inactive,116,9,6,1,2,0,0
9MQI,inactive,117,7,6,1,0,0,1
9MQI,inactive,118,5,4,1,0,0,3
9MQI,inactive,119,3,3,0,0,0,0
9MQI,inactive,120,7,5,2,0,0,0
9MQI,inactive,121,2,1,1,0,0,0
9MQI,inactive,122,5,2,0,3,0,0
9MQI,inactive,123,5,4,1,0,0,0
9MQI,inactive,124,3,2,1,0,0,0
9MQI,inactive,125,2,2,0,0,0,3
9MQI,inactive,126,10,2,0,8,0,0
9MQI,inactive,127,7,5,2,0,0,0
9MQI,inactive,128,3,3,0,0,0,1
9MQI,inactive,129,4,3,1,0,0,0
9MQI,inactive,130,4,2,0,2,0,0
9MQI,inactive,131,2,2,0,0,0,0
9MQI,inactive,132,1,0,1,0,0,0
9MQI,inactive,133,1,1,0,0,0,0
9MQI,inactive,134,2,0,2,0,0,0
9MQI,inactive,135,2,1,1,0,0,3
9MQI,inactive,136,1,1,0,0,0,0
9MQI,inactive,137,0,0,0,0,0,3
9MQI,inactive,138,5,4,1,0,0,0
9MQI,inactive,139,4,2,0,2,0,0
9MQI,inactive,140,4,4,0,0,0,0
9MQI,inactive,141,4,4,0,0,0,4
9MQI,inactive,142,6,6,0,0,0,0
9MQI,inactive,143,7,6,1,0,0,0
9MQI,inactive,144,5,5,0,0,0,1
9MQI,inactive,145,6,6,0,0,0,1
9MQI,inactive,146,4,4,0,0,0,3
9MQI,inactive,147,6,6,0,0,0,0
9MQI,inactive,148,5,5,0,0,0,1
9MQI,inactive,149,7,3,0,4,0,0
9MQI,inactive,150,3,3,0,0,0,0
9MQI,inactive,151,8,5,1,2,0,0
9MQI,inactive,152,7,4,2,1,0,0
9MQI,inactive,153,4,4,0,0,0,1
9MQI,inactive,154,5,5,0,0,0,4
9MQI,inactive,155,10,5,5,0,0,0
9MQI,inactive,156,7,5,1,1,0,0
9MQI,inactive,157,6,6,0,0,0,3
9MQI,inactive,158,5,4,1,0,0,3
9MQI,inactive,159,10,6,2,2,0,0
9MQI,inactive,160,7,6,1,0,0,6
9MQI,inactive,161,6,6,0,0,0,0
9MQI,inactive,162,8,6,2,0,0,0
9MQI,inactive,163,6,6,0,0,0,2
9MQI,inactive,164,6,5,1,0,0,0
9MQI,inactive,165,6,6,0,0,0,0
9MQI,inactive,166,6,5,0,1,2,0
9MQI,inactive,167,6,5,0,1,1,0
9MQI,inactive,168,7,6,1,0,0,0
9MQI,inactive,169,2,2,0,0,0,0
9MQI,inactive,170,3,3,0,0,0,1
9MQI,inactive,171,3,3,0,0,0,4
9MQI,inactive,172,1,1,0,0,0,0
9MQI,inactive,173,3,3,0,0,0,0
9MQI,inactive,174,1,1,0,0,0,0
9MQI,inactive,175,1,1,0,0,0,0
9MQI,inactive,176,2,2,0,0,0,0
9MQI,inactive,177,5,5,0,0,0,0
9MQI,inactive,179,2,2,0,0,0,0
9MQI,inactive,180,3,2,1,0,0,0
9MQI,inactive,181,3,2,0,1,1,0
9MQI,inactive,182,3,3,0,0,0,0
9MQI,inactive,183,4,4,0,0,0,1
9MQI,inactive,184,4,4,0,0,0,0
9MQI,inactive,185,6,5,1,0,0,0
9MQI,inactive,186,6,6,0,0,0,1
9MQI,inactive,187,6,6,0,0,0,0
9MQI,inactive,188,6,6,0,0,0,0
9MQI,inactive,189,5,5,0,0,0,0
9MQI,inactive,190,7,6,1,0,0,0
9MQI,inactive,191,5,5,0,0,0,1
9MQI,inactive,192,6,6,0,0,0,0
9MQI,inactive,193,10,6,2,2,0,0
9MQI,inactive,194,7,5,1,1,0,2
9MQI,inactive,195,6,6,0,0,0,1
9MQI,inactive,196,3,3,0,0,0,1
9MQI,inactive,197,9,6,2,1,0,0
9MQI,inactive,198,8,5,1,2,0,0
9MQI,inactive,199,3,3,0,0,0,0
9MQI,inactive,200,2,2,0,0,0,1
9MQI,inactive,201,5,5,0,0,0,0
9MQI,inactive,202,4,4,0,0,0,1
9MQI,inactive,203,4,4,0,0,0,0
9MQI,inactive,204,4,4,0,0,0,3
9MQI,inactive,205,3,3,0,0,0,1
9MQI,inactive,206,3,3,0,0,0,0
9MQI,inactive,207,2,2,0,0,0,1
9MQI,inactive,208,2,1,1,0,0,2
9MQI,inactive,210,2,0,0,2,0,0
9MQI,inactive,211,3,3,0,0,0,0
9MQI,inactive,213,2,2,0,0,0,0
9MQI,inactive,215,1,1,0,0,0,0
9MQI,inactive,216,1,1,0,0,0,0
9MQI,inactive,217,1,1,0,0,0,0
9MQI,inactive,218,3,3,0,0,0,0
9MQI,inactive,221,0,0,0,0,0,3
9MQI,inactive,222,1,1,0,0,0,0
9MQI,inactive,223,0,0,0,0,0,3
9MQI,inactive,224,1,1,0,0,0,0
9MQI,inactive,227,3,3,0,0,0,0
9MQI,inactive,229,4,4,0,0,0,0
9MQI,inactive,230,3,3,0,0,0,1
9MQI,inactive,231,2,2,0,0,0,0
9MQI,inactive,232,5,5,0,0,0,0
9MQI,inactive,233,5,5,0,0,0,0
9MQI,inactive,234,5,5,0,0,0,3
9MQI,inactive,235,5,5,0,0,0,0
9MQI,inactive,236,6,6,0,0,0,2
9MQI,inactive,237,5,5,0,0,0,0
9MQI,inactive,238,6,6,0,0,0,3
9MQI,inactive,239,3,3,0,0,0,4
9MQI,inactive,240,5,5,0,0,0,1
9MQI,inactive,241,1,1,0,0,0,0
9MQI,inactive,242,2,2,0,0,0,4
9MQI,inactive,243,2,2,0,0,0,3
9MQI,inactive,244,3,3,0,0,0,2
9MQI,inactive,245,4,4,0,0,0,0
9MQI,inactive,246,3,3,0,0,0,1
9MQI,inactive,247,7,6,1,0,0,2
9MQI,inactive,248,6,6,0,0,0,1
9MQI,inactive,249,6,6,0,0,0,0
9MQI,inactive,250,6,6,0,0,0,2
9MQI,inactive,251,7,6,1,0,0,0
9MQI,inactive,252,3,3,0,0,0,0
9MQI,inactive,253,6,6,0,0,0,0
9MQI,inactive,254,7,5,2,0,0,0
9MQI,inactive,255,2,2,0,0,0,0
9MQI,inactive,256,5,5,0,0,0,0
9MQI,inactive,257,6,5,1,0,0,1
9MQI,inactive,258,5,5,0,0,0,0
9MQI,inactive,259,5,5,0,0,0,0
9MQI,inactive,260,3,3,0,0,0,0
9MQI,inactive,261,3,3,0,0,0,2
9MQI,inactive,262,3,3,0,0,0,0
9MQI,inactive,263,1,1,0,0,0,0
9MQI,inactive,264,1,1,0,0,0,1
9MQI,inactive,265,1,0,1,0,0,0
9MQI,inactive,267,1,0,1,0,0,4
9MQI,inactive,268,1,1,0,0,0,0
9MQI,inactive,269,1,1,0,0,0,0
9MQI,inactive,270,4,4,0,0,0,0
9MQI,inactive,271,3,3,0,0,0,0
9MQI,inactive,272,4,4,0,0,0,0
9MQI,inactive,273,4,4,0,0,0,0
9MQI,inactive,274,11,6,1,4,1,0
9MQI,inactive,275,6,6,0,0,0,0
9MQI,inactive,276,5,5,0,0,0,0
9MQI,inactive,277,7,6,1,0,0,3
9MQI,inactive,278,9,4,1,4,1,0
9MQI,inactive,279,6,6,0,0,0,0
9MQI,inactive,280,4,4,0,0,0,1
9MQI,inactive,281,8,6,2,0,0,0
9MQI,inactive,282,5,5,0,0,0,0
9MQI,inactive,283,6,6,0,0,0,4
9MQI,inactive,284,6,6,0,0,0,2
9MQI,inactive,285,6,5,1,0,0,0
9MQI,inactive,286,6,6,0,0,0,2
9MQI,inactive,287,5,5,0,0,0,2
9MQI,inactive,288,6,6,0,0,0,4
9MQI,inactive,289,5,5,0,0,0,0
9MQI,inactive,290,6,6,0,0,0,1
9MQI,inactive,291,5,5,0,0,0,3
9MQI,inactive,292,7,6,1,0,0,2
9MQI,inactive,293,4,4,0,0,0,0
9MQI,inactive,294,4,3,0,1,0,0
9MQI,inactive,295,5,4,1,0,0,3
9MQI,inactive,296,4,3,1,0,0,0
9MQI,inactive,297,1,1,0,0,0,1
9MQI,inactive,298,4,4,0,0,0,4
9MQI,inactive,299,5,4,1,0,0,0
9MQI,inactive,300,5,5,0,0,0,3
9MQI,inactive,301,6,6,0,0,0,0
9MQI,inactive,302,5,5,0,0,0,2
9MQI,inactive,303,5,5,0,0,0,3
9MQI,inactive,304,6,6,0,0,0,3
9MQI,inactive,305,2,2,0,0,0,0
9MQI,inactive,306,3,3,0,0,0,0
9MQI,inactive,307,2,2,0,0,0,1
9MQI,inactive,308,1,1,0,0,0,1
9MQI,inactive,309,2,2,0,0,0,0
9MQI,inactive,310,0,0,0,0,0,1
9MQI,inactive,311,2,2,0,0,0,0
9MQI,inactive,313,4,3,1,0,0,0
9MQI,inactive,314,3,3,0,0,0,0
9MQI,inactive,315,4,3,1,0,0,0
9MQI,inactive,316,7,5,2,0,0,0
9MQI,inactive,317,6,6,0,0,0,0
9MQI,inactive,318,6,6,0,0,0,0
9MQI,inactive,319,7,5,2,0,0,0
9MQI,inactive,320,6,6,0,0,0,3
9MQI,inactive,321,7,5,0,2,0,0
9MQI,inactive,322,5,5,0,0,0,1
9MQI,inactive,323,6,6,0,0,0,0
9MQI,inactive,324,5,5,0,0,0,2
9MQI,inactive,325,6,5,1,0,0,0
9MQI,inactive,326,6,6,0,0,0,2
9MQI,inactive,327,2,2,0,0,0,0
9MQI,inactive,328,11,5,1,5,0,0
9MQI,inactive,329,6,5,1,0,0,0
9MQI,inactive,330,6,5,0,1,0,0
9MQI,inactive,331,5,2,2,1,0,0
9MQI,inactive,332,2,2,0,0,0,0
9MQI,inactive,333,5,5,0,0,0,0
9MQI,inactive,334,5,4,0,1,0,0
9MQI,inactive,335,4,4,0,0,0,1
9MQI,inactive,336,5,5,0,0,0,1
9MQI,inactive,337,6,6,0,0,0,1
9MQI,inactive,338,4,4,0,0,0,0
9MQI,inactive,339,3,3,0,0,0,1
9MQI,inactive,340,2,2,0,0,0,1
9MQI,inactive,341,1,1,0,0,0,3
9MQI,inactive,342,5,3,2,0,0,0
9MQI,inactive,343,3,3,0,0,0,0
9MQI,inactive,344,4,3,1,0,0,0
9MQI,inactive,345,6,5,1,0,0,5
9MQI,inactive,346,5,5,0,0,0,0
9MQI,inactive,347,6,6,0,0,0,0
9MQI,inactive,348,5,5,0,0,0,0
9MQI,inactive,349,3,3,0,0,0,5
9MQI,inactive,350,4,4,0,0,0,0
9MQI,inactive,351,2,2,0,0,0,0
9MQI,inactive,352,1,1,0,0,0,1
9MQI,inactive,354,1,1,0,0,0,0
9PXU,inactive,68,1,1,0,0,0,0
9PXU,inactive,69,3,2,1,0,0,0
9PXU,inactive,70,1,1,0,0,0,0
9PXU,inactive,71,1,1,0,0,0,1
9PXU,inactive,72,4,3,1,0,0,0
9PXU,inactive,73,3,3,0,0,0,0
9PXU,inactive,74,1,1,0,0,0,1
9PXU,inactive,75,5,4,1,0,0,0
9PXU,inactive,76,4,4,0,0,0,0
9PXU,inactive,77,3,3,0,0,0,0
9PXU,inactive,78,5,4,1,0,0,0
9PXU,inactive,79,5,5,0,0,0,0
9PXU,inactive,80,2,2,0,0,0,1
9PXU,inactive,81,5,5,0,0,0,0
9PXU,inactive,82,2,2,0,0,0,0
9PXU,inactive,83,3,3,0,0,0,0
9PXU,inactive,84,3,2,1,0,0,0
9PXU,inactive,85,1,1,0,0,0,1
9PXU,inactive,86,4,4,0,0,0,1
9PXU,inactive,87,3,3,0,0,0,0
9PXU,inactive,88,6,4,2,0,0,0
9PXU,inactive,89,1,1,0,0,0,1
9PXU,inactive,90,5,5,0,0,0,3
9PXU,inactive,91,3,3,0,0,0,5
9PXU,inactive,92,2,2,0,0,0,1
9PXU,inactive,93,6,6,0,0,0,0
9PXU,inactive,94,1,1,0,0,0,2
9PXU,inactive,95,1,1,0,0,0,2
9PXU,inactive,96,2,2,0,0,0,0
9PXU,inactive,97,1,1,0,0,0,0
9PXU,inactive,99,2,2,0,0,0,0
9PXU,inactive,101,2,2,0,0,0,0
9PXU,inactive,102,1,1,0,0,0,0
9PXU,inactive,103,2,2,0,0,0,0
9PXU,inactive,105,1,1,0,0,0,0
9PXU,inactive,106,3,3,0,0,0,0
9PXU,inactive,107,3,2,1,0,0,2
9PXU,inactive,108,3,3,0,0,0,0
9PXU,inactive,109,5,5,0,0,0,4
9PXU,inactive,110,3,3,0,0,0,2
9PXU,inactive,111,8,5,0,3,0,0
9PXU,inactive,112,4,4,0,0,0,1
9PXU,inactive,113,3,3,0,0,0,1
9PXU,inactive,114,5,5,0,0,0,1
9PXU,inactive,115,3,3,0,0,0,1
9PXU,inactive,116,6,3,1,2,0,0
9PXU,inactive,117,4,3,1,0,0,0
9PXU,inactive,118,5,4,1,0,0,3
9PXU,inactive,119,4,3,1,0,0,0
9PXU,inactive,120,4,2,2,0,0,0
9PXU,inactive,121,3,2,1,0,0,0
9PXU,inactive,122,4,3,1,0,0,0
9PXU,inactive,123,5,5,0,0,0,1
9PXU,inactive,124,2,2,0,0,0,0
9PXU,inactive,125,3,3,0,0,0,3
9PXU,inactive,126,5,4,0,1,0,0
9PXU,inactive,127,5,5,0,0,0,0
9PXU,inactive,128,2,2,0,0,0,2
9PXU,inactive,129,6,6,0,0,0,0
9PXU,inactive,130,2,2,0,0,0,0
9PXU,inactive,131,3,3,0,0,0,0
9PXU,inactive,132,1,0,1,0,0,1
9PXU,inactive,133,2,1,1,0,0,0
9PXU,inactive,134,2,1,1,0,0,0
9PXU,inactive,135,1,0,1,0,0,3
9PXU,inactive,136,1,1,0,0,0,0
9PXU,inactive,137,0,0,0,0,0,3
9PXU,inactive,138,2,1,1,0,0,0
9PXU,inactive,139,3,3,0,0,0,0
9PXU,inactive,140,2,2,0,0,0,0
9PXU,inactive,141,1,1,0,0,0,3
9PXU,inactive,142,4,4,0,0,0,0
9PXU,inactive,143,5,2,3,0,0,0
9PXU,inactive,144,2,2,0,0,0,1
9PXU,inactive,145,1,1,0,0,0,1
9PXU,inactive,146,4,4,0,0,0,2
9PXU,inactive,147,4,2,2,0,0,0
9PXU,inactive,148,5,5,0,0,0,2
9PXU,inactive,149,7,5,0,2,0,0
9PXU,inactive,150,3,3,0,0,0,0
9PXU,inactive,151,6,6,0,0,0,0
9PXU,inactive,152,3,2,1,0,0,0
9PXU,inactive,153,2,2,0,0,0,2
9PXU,inactive,154,4,4,0,0,0,2
9PXU,inactive,155,4,2,0,2,0,0
9PXU,inactive,156,3,2,1,0,0,0
9PXU,inactive,157,3,3,0,0,0,5
9PXU,inactive,158,4,3,1,0,0,2
9PXU,inactive,159,4,2,1,1,0,0
9PXU,inactive,160,5,4,1,0,0,6
9PXU,inactive,161,4,4,0,0,0,0
9PXU,inactive,162,4,2,2,0,0,0
9PXU,inactive,163,4,4,0,0,0,3
9PXU,inactive,164,4,3,1,0,0,0
9PXU,inactive,165,3,3,0,0,0,0
9PXU,inactive,166,6,4,0,2,1,0
9PXU,inactive,167,3,2,0,1,0,0
9PXU,inactive,168,6,6,0,0,0,0
9PXU,inactive,169,1,1,0,0,0,1
9PXU,inactive,170,2,2,0,0,0,0
9PXU,inactive,171,2,2,0,0,0,3
9PXU,inactive,172,2,1,1,0,0,0
9PXU,inactive,173,3,3,0,0,0,0
9PXU,inactive,174,1,1,0,0,0,0
9PXU,inactive,175,1,1,0,0,0,0
9PXU,inactive,176,2,2,0,0,0,0
9PXU,inactive,177,3,3,0,0,0,0
9PXU,inactive,179,2,1,1,0,0,0
9PXU,inactive,180,2,2,0,0,0,1
9PXU,inactive,181,2,0,0,2,1,0
9PXU,inactive,182,6,4,1,1,0,0
9PXU,inactive,183,1,1,0,0,0,0
9PXU,inactive,184,2,2,0,0,0,0
9PXU,inactive,185,5,2,2,1,0,0
9PXU,inactive,186,1,1,0,0,0,1
9PXU,inactive,187,4,4,0,0,0,0
9PXU,inactive,188,3,3,0,0,0,1
9PXU,inactive,189,4,4,0,0,0,0
9PXU,inactive,190,5,3,1,1,0,0
9PXU,inactive,191,6,6,0,0,0,1
9PXU,inactive,192,2,2,0,0,0,0
9PXU,inactive,193,8,6,0,2,0,0
9PXU,inactive,194,5,3,1,1,0,2
9PXU,inactive,195,6,5,1,0,0,0
9PXU,inactive,196,2,2,0,0,0,1
9PXU,inactive,197,5,5,0,0,0,0
9PXU,inactive,198,6,4,2,0,0,0
9PXU,inactive,199,2,2,0,0,0,0
9PXU,inactive,200,5,5,0,0,0,1
9PXU,inactive,201,2,1,1,0,0,0
9PXU,inactive,202,5,5,0,0,0,1
9PXU,inactive,203,4,4,0,0,0,0
9PXU,inactive,204,3,3,0,0,0,2
9PXU,inactive,205,5,4,1,0,0,1
9PXU,inactive,206,2,2,0,0,0,0
9PXU,inactive,207,3,3,0,0,0,3
9PXU,inactive,208,3,2,1,0,0,2
9PXU,inactive,209,1,1,0,0,0,0
9PXU,inactive,211,3,3,0,0,0,0
9PXU,inactive,213,2,2,0,0,0,0
9PXU,inactive,216,2,1,1,0,0,0
9PXU,inactive,218,3,1,1,1,0,0
9PXU,inactive,220,2,0,1,1,0,0
9PXU,inactive,221,0,0,0,0,0,3
9PXU,inactive,222,1,1,0,0,0,0
9PXU,inactive,223,0,0,0,0,0,3
9PXU,inactive,226,2,2,0,0,0,1
9PXU,inactive,227,1,0,1,0,0,0
9PXU,inactive,229,1,0,1,0,0,0
9PXU,inactive,230,2,2,0,0,0,3
9PXU,inactive,231,1,1,0,0,0,0
9PXU,inactive,232,2,2,0,0,0,0
9PXU,inactive,233,2,2,0,0,0,1
9PXU,inactive,234,2,2,0,0,0,1
9PXU,inactive,235,2,2,0,0,0,0
9PXU,inactive,236,4,4,0,0,0,1
9PXU,inactive,237,3,3,0,0,0,0
9PXU,inactive,238,5,5,0,0,0,3
9PXU,inactive,239,4,4,0,0,0,3
9PXU,inactive,240,5,5,0,0,0,2
9PXU,inactive,241,2,2,0,0,0,1
9PXU,inactive,242,2,2,0,0,0,1
9PXU,inactive,243,2,2,0,0,0,3
9PXU,inactive,244,2,2,0,0,0,2
9PXU,inactive,245,2,2,0,0,0,1
9PXU,inactive,246,1,1,0,0,0,2
9PXU,inactive,247,3,3,0,0,0,2
9PXU,inactive,248,3,3,0,0,0,0
9PXU,inactive,249,1,1,0,0,0,0
9PXU,inactive,250,6,6,0,0,0,3
9PXU,inactive,251,3,3,0,0,0,0
9PXU,inactive,252,5,5,0,0,0,0
9PXU,inactive,253,3,3,0,0,0,0
9PXU,inactive,254,5,3,2,0,0,0
9PXU,inactive,255,2,2,0,0,0,0
9PXU,inactive,256,3,3,0,0,0,0
9PXU,inactive,257,4,4,0,0,0,0
9PXU,inactive,258,3,3,0,0,0,0
9PXU,inactive,259,1,1,0,0,0,0
9PXU,inactive,260,7,6,1,0,0,0
9PXU,inactive,261,3,2,1,0,0,2
9PXU,inactive,262,2,2,0,0,0,0
9PXU,inactive,263,2,2,0,0,0,0
9PXU,inactive,264,1,1,0,0,0,1
9PXU,inactive,267,2,1,1,0,0,3
9PXU,inactive,268,1,1,0,0,0,0
9PXU,inactive,269,1,1,0,0,0,0
9PXU,inactive,270,1,1,0,0,0,0
9PXU,inactive,271,2,2,0,0,0,0
9PXU,inactive,272,3,2,1,0,0,0
9PXU,inactive,273,3,3,0,0,0,0
9PXU,inactive,274,7,4,1,2,1,0
9PXU,inactive,275,4,4,0,0,0,0
9PXU,inactive,276,6,5,1,0,0,0
9PXU,inactive,277,5,4,1,0,0,1
9PXU,inactive,278,5,2,1,2,1,0
9PXU,inactive,279,4,4,0,0,0,0
9PXU,inactive,280,4,4,0,0,0,0
9PXU,inactive,281,7,4,2,1,0,0
9PXU,inactive,282,4,4,0,0,0,0
9PXU,inactive,283,5,5,0,0,0,2
9PXU,inactive,284,5,5,0,0,0,2
9PXU,inactive,285,4,3,1,0,0,0
9PXU,inactive,286,5,5,0,0,0,2
9PXU,inactive,287,3,3,0,0,0,2
9PXU,inactive,288,4,4,0,0,0,3
9PXU,inactive,289,5,5,0,0,0,0
9PXU,inactive,290,3,3,0,0,0,2
9PXU,inactive,291,4,4,0,0,0,3
9PXU,inactive,292,5,5,0,0,0,2
9PXU,inactive,293,2,2,0,0,0,0
9PXU,inactive,294,2,2,0,0,0,0
9PXU,inactive,295,5,3,2,0,0,4
9PXU,inactive,296,3,3,0,0,0,0
9PXU,inactive,297,1,1,0,0,0,1
9PXU,inactive,298,4,4,0,0,0,4
9PXU,inactive,299,2,1,1,0,0,0
9PXU,inactive,300,5,5,0,0,0,1
9PXU,inactive,301,5,3,0,2,0,0
9PXU,inactive,302,4,4,0,0,0,2
9PXU,inactive,303,5,5,0,0,0,2
9PXU,inactive,304,2,2,0,0,0,1
9PXU,inactive,305,4,4,0,0,0,0
9PXU,inactive,306,2,2,0,0,0,0
9PXU,inactive,307,1,1,0,0,0,1
9PXU,inactive,308,1,1,0,0,0,0
9PXU,inactive,309,1,1,0,0,0,0
9PXU,inactive,313,2,2,0,0,0,0
9PXU,inactive,314,3,3,0,0,0,0
9PXU,inactive,315,3,2,1,0,0,0
9PXU,inactive,316,6,5,1,0,0,0
9PXU,inactive,317,3,3,0,0,0,0
9PXU,inactive,318,5,5,0,0,0,0
9PXU,inactive,319,7,3,2,2,0,0
9PXU,inactive,320,5,5,0,0,0,3
9PXU,inactive,321,2,2,0,0,0,0
9PXU,inactive,322,3,3,0,0,0,1
9PXU,inactive,323,4,4,0,0,0,0
9PXU,inactive,324,4,4,0,0,0,2
9PXU,inactive,325,4,3,1,0,0,0
9PXU,inactive,326,5,5,0,0,0,2
9PXU,inactive,327,3,2,1,0,0,0
9PXU,inactive,328,7,4,0,3,0,0
9PXU,inactive,329,5,4,1,0,0,0
9PXU,inactive,330,3,2,1,0,0,0
9PXU,inactive,331,3,1,1,1,0,0
9PXU,inactive,332,2,2,0,0,0,0
9PXU,inactive,333,1,1,0,0,0,2
9PXU,inactive,334,4,2,1,1,0,0
9PXU,inactive,335,1,1,0,0,0,1
9PXU,inactive,336,3,3,0,0,0,1
9PXU,inactive,337,4,4,0,0,0,4
9PXU,inactive,338,2,2,0,0,0,0
9PXU,inactive,339,3,3,0,0,0,1
9PXU,inactive,340,1,1,0,0,0,0
9PXU,inactive,341,2,2,0,0,0,3
9PXU,inactive,342,4,2,2,0,0,0
9PXU,inactive,343,2,2,0,0,0,0
9PXU,inactive,344,2,1,1,0,0,0
9PXU,inactive,345,2,1,1,0,0,4
9PXU,inactive,346,4,4,0,0,0,0
9PXU,inactive,347,3,3,0,0,0,0
9PXU,inactive,348,3,3,0,0,0,0
9PXU,inactive,349,5,5,0,0,0,5
9PXU,inactive,350,4,4,0,0,0,0
9PXU,inactive,351,5,5,0,0,0,0
9PXU,inactive,352,3,3,0,0,0,1
9PXU,inactive,353,3,3,0,0,0,0
9PXU,inactive,354,3,3,0,0,0,0
9PY2,active,67,1,1,0,0,0,0
9PY2,active,68,4,3,1,0,0,0
9PY2,active,69,3,2,1,0,0,0
9PY2,active,70,4,4,0,0,0,0
9PY2,active,71,4,4,0,0,0,0
9PY2,active,72,7,5,2,0,0,0
9PY2,active,73,5,5,0,0,0,1
9PY2,active,74,5,4,1,0,0,1
9PY2,active,75,5,5,0,0,0,0
9PY2,active,76,6,6,0,0,0,2
9PY2,active,77,5,3,0,2,0,0
9PY2,active,78,6,5,1,0,0,0
9PY2,active,79,6,6,0,0,0,0
9PY2,active,80,2,2,0,0,0,1
9PY2,active,81,5,5,0,0,0,0
9PY2,active,82,4,4,0,0,0,0
9PY2,active,83,3,3,0,0,0,0
9PY2,active,84,6,5,1,0,0,0
9PY2,active,85,4,4,0,0,0,1
9PY2,active,86,5,5,0,0,0,1
9PY2,active,87,5,5,0,0,0,0
9PY2,active,88,5,4,1,0,0,0
9PY2,active,89,5,5,0,0,0,2
9PY2,active,90,5,5,0,0,0,2
9PY2,active,91,4,4,0,0,0,5
9PY2,active,92,6,6,0,0,0,4
9PY2,active,93,5,5,0,0,0,0
9PY2,active,94,7,7,0,0,0,1
9PY2,active,95,3,3,0,0,0,3
9PY2,active,96,3,3,0,0,0,0
9PY2,active,97,2,2,0,0,0,0
9PY2,active,98,1,1,0,0,0,0
9PY2,active,99,2,1,0,1,0,0
9PY2,active,100,2,1,1,0,0,0
9PY2,active,101,1,1,0,0,0,2
9PY2,active,102,1,1,0,0,0,0
9PY2,active,103,5,3,1,1,0,0
9PY2,active,104,3,3,0,0,0,1
9PY2,active,105,2,2,0,0,0,0
9PY2,active,106,8,4,2,2,0,0
9PY2,active,107,5,5,0,0,0,2
9PY2,active,108,5,5,0,0,0,0
9PY2,active,109,5,5,0,0,0,4
9PY2,active,110,5,5,0,0,0,4
9PY2,active,111,5,5,0,0,0,0
9PY2,active,112,5,5,0,0,0,2
9PY2,active,113,5,5,0,0,0,2
9PY2,active,114,6,6,0,0,0,3
9PY2,active,115,3,3,0,0,0,1
9PY2,active,116,6,4,1,1,0,0
9PY2,active,117,4,3,1,0,0,0
9PY2,active,118,2,1,1,0,0,0
9PY2,active,119,1,1,0,0,0,1
9PY2,active,120,5,3,2,0,0,0
9PY2,active,121,2,1,1,0,0,0
9PY2,active,122,6,3,0,3,0,0
9PY2,active,123,4,4,0,0,0,1
9PY2,active,124,3,2,1,0,0,0
9PY2,active,125,5,5,0,0,0,4
9PY2,active,126,9,4,0,5,0,0
9PY2,active,127,7,6,1,0,0,0
9PY2,active,128,4,4,0,0,0,3
9PY2,active,129,6,6,0,0,0,0
9PY2,active,130,2,2,0,0,0,0
9PY2,active,131,3,3,0,0,0,2
9PY2,active,132,2,2,0,0,0,2
9PY2,active,133,1,1,0,0,0,0
9PY2,active,134,3,2,1,0,0,0
9PY2,active,135,2,1,1,0,0,3
9PY2,active,136,0,0,0,0,0,1
9PY2,active,137,1,1,0,0,0,3
9PY2,active,138,2,1,1,0,0,0
9PY2,active,139,2,1,0,1,0,0
9PY2,active,140,2,2,0,0,0,0
9PY2,active,141,3,3,0,0,0,4
9PY2,active,142,4,3,0,1,0,0
9PY2,active,143,9,6,2,1,0,0
9PY2,active,144,4,4,0,0,0,0
9PY2,active,145,6,6,0,0,0,3
9PY2,active,146,5,5,0,0,0,3
9PY2,active,147,6,5,1,0,0,0
9PY2,active,148,4,4,0,0,0,0
9PY2,active,149,9,5,0,4,0,0
9PY2,active,150,3,3,0,0,0,0
9PY2,active,151,7,5,2,0,0,0
9PY2,active,152,1,1,0,0,0,0
9PY2,active,153,7,6,0,1,0,1
9PY2,active,154,5,5,0,0,0,4
9PY2,active,155,8,4,2,2,0,0
9PY2,active,156,6,5,0,1,0,0
9PY2,active,157,5,5,0,0,0,3
9PY2,active,158,5,5,0,0,0,1
9PY2,active,159,5,5,0,0,0,0
9PY2,active,160,6,5,1,0,0,3
9PY2,active,161,5,5,0,0,0,0
9PY2,active,162,5,5,0,0,0,0
9PY2,active,163,5,5,0,0,0,2
9PY2,active,164,8,5,1,2,0,0
9PY2,active,165,4,4,0,0,0,2
9PY2,active,166,6,5,0,1,1,0
9PY2,active,167,5,5,0,0,1,0
9PY2,active,168,6,4,0,2,0,0
9PY2,active,169,5,5,0,0,0,2
9PY2,active,170,2,2,0,0,0,0
9PY2,active,171,4,4,0,0,0,2
9PY2,active,172,1,1,0,0,0,0
9PY2,active,173,6,4,0,2,0,0
9PY2,active,174,2,2,0,0,0,0
9PY2,active,175,3,3,0,0,0,0
9PY2,active,176,2,2,0,0,0,0
9PY2,active,177,4,4,0,0,0,1
9PY2,active,178,2,2,0,0,0,0
9PY2,active,179,1,1,0,0,0,0
9PY2,active,180,3,2,1,0,0,0
9PY2,active,181,2,1,0,1,1,0
9PY2,active,182,5,4,1,0,0,0
9PY2,active,183,3,3,0,0,0,0
9PY2,active,184,4,4,0,0,0,0
9PY2,active,185,7,5,2,0,0,0
9PY2,active,186,5,5,0,0,0,2
9PY2,active,187,6,6,0,0,0,0
9PY2,active,188,4,4,0,0,0,0
9PY2,active,189,5,5,0,0,0,0
9PY2,active,190,4,4,0,0,0,0
9PY2,active,191,5,5,0,0,0,1
9PY2,active,192,4,4,0,0,0,0
9PY2,active,193,7,6,1,0,0,0
9PY2,active,194,5,4,1,0,0,2
9PY2,active,195,7,6,1,0,0,1
9PY2,active,196,3,3,0,0,0,0
9PY2,active,197,10,6,2,2,0,0
9PY2,active,198,6,5,1,0,0,0
9PY2,active,199,3,3,0,0,0,0
9PY2,active,200,2,2,0,0,0,1
9PY2,active,201,4,4,0,0,0,0
9PY2,active,202,4,4,0,0,0,1
9PY2,active,203,3,3,0,0,0,0
9PY2,active,204,4,4,0,0,0,2
9PY2,active,205,4,4,0,0,0,1
9PY2,active,206,2,2,0,0,0,0
9PY2,active,207,3,3,0,0,0,2
9PY2,active,208,2,1,1,0,0,2
9PY2,active,210,1,0,0,1,0,0
9PY2,active,213,4,2,1,1,0,0
9PY2,active,214,1,1,0,0,0,0
9PY2,active,215,1,1,0,0,0,0
9PY2,active,216,4,3,1,0,0,0
9PY2,active,217,1,1,0,0,0,0
9PY2,active,218,3,1,1,1,0,0
9PY2,active,219,1,1,0,0,0,0
9PY2,active,220,3,1,0,2,0,0
9PY2,active,221,0,0,0,0,0,4
9PY2,active,222,1,1,0,0,0,0
9PY2,active,223,0,0,0,0,0,3
9PY2,active,224,1,1,0,0,0,0
9PY2,active,225,1,1,0,0,0,0
9PY2,active,226,2,2,0,0,0,0
9PY2,active,227,4,4,0,0,0,0
9PY2,active,228,3,2,1,0,0,0
9PY2,active,229,3,3,0,0,0,0
9PY2,active,230,4,4,0,0,0,2
9PY2,active,231,5,5,0,0,0,0
9PY2,active,232,5,4,1,0,0,0
9PY2,active,233,5,5,0,0,0,1
9PY2,active,234,4,4,0,0,0,2
9PY2,active,235,5,5,0,0,0,0
9PY2,active,236,4,4,0,0,0,1
9PY2,active,237,4,4,0,0,0,0
9PY2,active,238,2,2,0,0,0,2
9PY2,active,239,4,4,0,0,0,2
9PY2,active,240,2,2,0,0,0,1
9PY2,active,241,1,1,0,0,0,1
9PY2,active,242,0,0,0,0,0,2
9PY2,active,243,2,2,0,0,0,2
9PY2,active,244,3,3,0,0,0,2
9PY2,active,245,2,2,0,0,0,1
9PY2,active,246,3,3,0,0,0,1
9PY2,active,247,5,4,1,0,0,2
9PY2,active,248,6,5,1,0,0,0
9PY2,active,249,5,5,0,0,0,1
9PY2,active,250,5,5,0,0,0,1
9PY2,active,251,6,4,2,0,0,0
9PY2,active,252,4,4,0,0,0,1
9PY2,active,253,5,5,0,0,0,0
9PY2,active,254,5,3,0,2,0,0
9PY2,active,255,6,6,0,0,0,0
9PY2,active,256,4,4,0,0,0,1
9PY2,active,257,6,6,0,0,0,3
9PY2,active,258,5,5,0,0,0,2
9PY2,active,259,6,6,0,0,0,0
9PY2,active,260,6,6,0,0,0,0
9PY2,active,261,3,3,0,0,0,6
9PY2,active,262,3,3,0,0,0,0
9PY2,active,263,2,2,0,0,0,0
9PY2,active,264,2,1,1,0,0,2
9PY2,active,265,2,2,0,0,0,0
9PY2,active,267,1,1,0,0,0,3
9PY2,active,268,3,1,2,0,0,0
9PY2,active,270,1,1,0,0,0,0
9PY2,active,271,2,2,0,0,1,0
9PY2,active,272,2,2,0,0,1,0
9PY2,active,273,3,2,1,0,0,0
9PY2,active,274,5,5,0,0,0,0
9PY2,active,275,4,4,0,0,0,0
9PY2,active,276,6,6,0,0,0,0
9PY2,active,277,6,5,1,0,0,2
9PY2,active,278,5,5,0,0,0,0
9PY2,active,279,7,5,0,2,1,0
9PY2,active,280,5,5,0,0,0,4
9PY2,active,281,5,4,1,0,0,0
9PY2,active,282,6,6,0,0,0,0
9PY2,active,283,4,4,0,0,0,1
9PY2,active,284,6,6,0,0,0,2
9PY2,active,285,4,4,0,0,0,0
9PY2,active,286,6,6,0,0,0,1
9PY2,active,287,5,5,0,0,0,1
9PY2,active,288,5,5,0,0,0,1
9PY2,active,289,5,5,0,0,0,0
9PY2,active,290,5,5,0,0,0,3
9PY2,active,291,4,4,0,0,0,4
9PY2,active,292,7,6,1,0,0,1
9PY2,active,293,2,2,0,0,0,1
9PY2,active,294,3,3,0,0,0,0
9PY2,active,295,2,2,0,0,0,3
9PY2,active,296,4,3,1,0,0,0
9PY2,active,297,1,1,0,0,0,1
9PY2,active,298,3,3,0,0,0,1
9PY2,active,299,2,2,0,0,0,0
9PY2,active,300,4,4,0,0,0,1
9PY2,active,301,5,3,0,2,0,0
9PY2,active,302,5,5,0,0,0,1
9PY2,active,303,5,5,0,0,0,1
9PY2,active,304,3,3,0,0,0,1
9PY2,active,305,5,4,0,1,0,0
9PY2,active,306,2,2,0,0,0,0
9PY2,active,307,3,3,0,0,0,1
9PY2,active,308,1,1,0,0,0,0
9PY2,active,313,2,2,0,0,0,0
9PY2,active,314,4,3,1,0,0,0
9PY2,active,315,3,2,1,0,0,0
9PY2,active,316,8,4,1,3,0,0
9PY2,active,317,6,5,1,0,0,0
9PY2,active,318,4,4,0,0,0,0
9PY2,active,319,7,5,2,0,0,0
9PY2,active,320,5,5,0,0,0,2
9PY2,active,321,6,4,0,2,0,0
9PY2,active,322,5,5,0,0,0,1
9PY2,active,323,5,5,0,0,0,0
9PY2,active,324,5,5,0,0,0,2
9PY2,active,325,6,5,1,0,0,1
9PY2,active,326,5,5,0,0,0,2
9PY2,active,327,5,5,0,0,0,0
9PY2,active,328,8,4,0,4,0,0
9PY2,active,329,6,5,1,0,0,0
9PY2,active,330,5,5,0,0,0,0
9PY2,active,331,3,2,0,1,0,0
9PY2,active,332,4,4,0,0,0,0
9PY2,active,333,3,3,0,0,0,3
9PY2,active,334,5,5,0,0,0,0
9PY2,active,335,2,2,0,0,0,1
9PY2,active,336,1,1,0,0,0,2
9PY2,active,337,3,3,0,0,0,4
9PY2,active,338,1,1,0,0,0,0
9PY2,active,339,3,3,0,0,0,3
9PY2,active,340,0,0,0,0,0,3
9PY2,active,341,1,1,0,0,0,1
9PY2,active,342,4,4,0,0,1,0
9PY2,active,343,5,2,1,2,1,0
9PY2,active,344,4,3,0,1,0,0
9PY2,active,345,4,4,0,0,0,4
9PY2,active,346,4,4,0,0,0,0
9PY2,active,347,6,4,1,1,0,0
9PY2,active,348,2,2,0,0,0,0
9PY2,active,349,5,5,0,0,0,0
9PY2,active,350,1,1,0,0,0,0
9PY2,active,351,1,1,0,0,0,0
9PY2,active,352,1,1,0,0,0,0
9PY3,active,67,1,1,0,0,0,0
9PY3,active,68,3,3,0,0,0,0
9PY3,active,69,4,3,1,0,0,0
9PY3,active,70,4,4,0,0,0,0
9PY3,active,71,5,5,0,0,0,0
9PY3,active,72,6,5,1,0,0,0
9PY3,active,73,5,5,0,0,0,1
9PY3,active,74,6,5,1,0,0,1
9PY3,active,75,6,5,1,0,0,0
9PY3,active,76,6,6,0,0,0,3
9PY3,active,77,4,4,0,0,0,0
9PY3,active,78,8,6,2,0,0,0
9PY3,active,79,4,4,0,0,0,2
9PY3,active,80,5,5,0,0,0,1
9PY3,active,81,4,4,0,0,0,0
9PY3,active,82,6,6,0,0,0,2
9PY3,active,83,3,3,0,0,0,1
9PY3,active,84,7,6,1,0,0,0
9PY3,active,85,3,3,0,0,0,2
9PY3,active,86,5,5,0,0,0,1
9PY3,active,87,5,5,0,0,0,0
9PY3,active,88,3,1,2,0,0,0
9PY3,active,89,5,5,0,0,0,2
9PY3,active,90,5,5,0,0,0,2
9PY3,active,91,3,3,0,0,0,4
9PY3,active,92,5,5,0,0,0,3
9PY3,active,93,3,3,0,0,0,0
9PY3,active,94,7,7,0,0,0,3
9PY3,active,95,2,2,0,0,0,3
9PY3,active,96,3,2,1,0,0,0
9PY3,active,97,2,2,0,0,0,0
9PY3,active,98,1,1,0,0,0,0
9PY3,active,99,1,1,0,0,0,0
9PY3,active,100,3,1,2,0,0,0
9PY3,active,101,0,0,0,0,0,2
9PY3,active,102,1,1,0,0,0,0
9PY3,active,103,4,3,0,1,0,0
9PY3,active,104,3,3,0,0,0,1
9PY3,active,105,3,3,0,0,0,0
9PY3,active,106,7,5,1,1,0,0
9PY3,active,107,5,4,1,0,0,3
9PY3,active,108,5,5,0,0,0,0
9PY3,active,109,4,4,0,0,0,3
9PY3,active,110,4,4,0,0,0,4
9PY3,active,111,7,5,1,1,0,0
9PY3,active,112,4,4,0,0,0,1
9PY3,active,113,4,4,0,0,0,2
9PY3,active,114,5,5,0,0,0,3
9PY3,active,115,3,3,0,0,0,1
9PY3,active,116,6,3,1,2,0,0
9PY3,active,117,3,3,0,0,0,1
9PY3,active,118,2,1,1,0,0,0
9PY3,active,119,3,2,1,0,0,1
9PY3,active,120,4,3,1,0,0,0
9PY3,active,121,4,3,1,0,0,0
9PY3,active,122,5,3,1,1,0,0
9PY3,active,123,5,5,0,0,0,1
9PY3,active,124,3,2,1,0,0,0
9PY3,active,125,5,4,1,0,0,4
9PY3,active,126,7,5,0,2,0,0
9PY3,active,127,4,3,1,0,0,0
9PY3,active,128,3,3,0,0,0,2
9PY3,active,129,3,2,0,1,0,0
9PY3,active,130,1,1,0,0,0,0
9PY3,active,131,1,1,0,0,0,1
9PY3,active,134,1,0,1,0,0,0
9PY3,active,135,3,1,1,1,0,3
9PY3,active,137,1,1,0,0,0,3
9PY3,active,138,1,0,1,0,0,0
9PY3,active,139,3,3,0,0,0,0
9PY3,active,140,2,2,0,0,0,0
9PY3,active,141,4,4,0,0,0,4
9PY3,active,142,4,4,0,0,0,0
9PY3,active,143,9,6,3,0,0,0
9PY3,active,144,5,5,0,0,0,2
9PY3,active,145,6,6,0,0,0,2
9PY3,active,146,4,4,0,0,0,2
9PY3,active,147,7,6,1,0,0,0
9PY3,active,148,3,3,0,0,0,0
9PY3,active,149,9,6,0,3,0,0
9PY3,active,150,2,2,0,0,0,0
9PY3,active,151,6,4,2,0,0,0
9PY3,active,152,5,5,0,0,0,0
9PY3,active,153,4,3,0,1,0,2
9PY3,active,154,4,4,0,0,0,3
9PY3,active,155,9,5,2,2,0,0
9PY3,active,156,6,5,0,1,0,0
9PY3,active,157,6,6,0,0,0,4
9PY3,active,158,7,6,1,0,0,2
9PY3,active,159,6,6,0,0,0,0
9PY3,active,160,3,3,0,0,0,3
9PY3,active,161,6,6,0,0,0,0
9PY3,active,162,4,4,0,0,0,0
9PY3,active,163,4,4,0,0,0,2
9PY3,active,164,4,4,0,0,0,0
9PY3,active,165,5,5,0,0,0,2
9PY3,active,166,6,5,0,1,1,0
9PY3,active,167,7,6,0,1,0,0
9PY3,active,168,5,3,0,2,0,0
9PY3,active,169,5,5,0,0,0,2
9PY3,active,170,2,2,0,0,0,0
9PY3,active,171,3,3,0,0,0,2
9PY3,active,172,1,1,0,0,0,0
9PY3,active,173,5,3,0,2,0,0
9PY3,active,174,3,3,0,0,0,0
9PY3,active,175,1,1,0,0,0,0
9PY3,active,176,4,4,0,0,0,0
9PY3,active,177,2,2,0,0,0,1
9PY3,active,178,3,3,0,0,0,0
9PY3,active,179,1,1,0,0,0,0
9PY3,active,180,2,2,0,0,0,0
9PY3,active,181,1,0,0,1,1,0
9PY3,active,182,6,4,1,1,0,0
9PY3,active,183,2,2,0,0,0,1
9PY3,active,184,3,3,0,0,0,0
9PY3,active,185,6,4,1,1,0,0
9PY3,active,186,5,4,1,0,0,2
9PY3,active,187,6,6,0,0,0,0
9PY3,active,188,3,3,0,0,0,0
9PY3,active,189,5,5,0,0,0,0
9PY3,active,190,5,4,1,0,0,0
9PY3,active,191,4,4,0,0,0,0
9PY3,active,192,4,4,0,0,0,0
9PY3,active,193,8,6,2,0,0,0
9PY3,active,194,6,4,1,1,0,2
9PY3,active,195,6,6,0,0,0,0
9PY3,active,196,3,3,0,0,0,1
9PY3,active,197,10,6,2,2,0,0
9PY3,active,198,5,5,0,0,0,0
9PY3,active,199,3,3,0,0,0,0
9PY3,active,200,3,3,0,0,0,1
9PY3,active,201,4,4,0,0,0,0
9PY3,active,202,4,4,0,0,0,0
9PY3,active,203,2,2,0,0,0,0
9PY3,active,204,6,6,0,0,0,1
9PY3,active,205,3,2,1,0,0,1
9PY3,active,206,3,3,0,0,0,0
9PY3,active,207,3,3,0,0,0,1
9PY3,active,208,2,1,1,0,0,1
9PY3,active,210,1,0,1,0,0,0
9PY3,active,211,2,2,0,0,0,0
9PY3,active,213,6,3,1,2,1,0
9PY3,active,214,1,1,0,0,0,0
9PY3,active,215,1,1,0,0,0,0
9PY3,active,216,5,3,1,1,0,0
9PY3,active,217,1,0,1,0,0,1
9PY3,active,218,3,2,0,1,1,0
9PY3,active,221,0,0,0,0,0,2
9PY3,active,222,1,1,0,0,0,0
9PY3,active,223,0,0,0,0,0,2
9PY3,active,224,1,1,0,0,0,0
9PY3,active,225,1,1,0,0,0,0
9PY3,active,226,4,4,0,0,0,0
9PY3,active,227,2,2,0,0,0,0
9PY3,active,228,2,2,0,0,0,0
9PY3,active,229,4,4,0,0,0,0
9PY3,active,230,4,4,0,0,0,1
9PY3,active,231,4,4,0,0,0,0
9PY3,active,232,6,6,0,0,0,0
9PY3,active,233,4,4,0,0,0,0
9PY3,active,234,5,5,0,0,0,2
9PY3,active,235,4,4,0,0,0,0
9PY3,active,236,5,5,0,0,0,1
9PY3,active,237,3,3,0,0,0,0
9PY3,active,238,4,3,1,0,0,0
9PY3,active,239,4,4,0,0,0,2
9PY3,active,240,4,4,0,0,0,3
9PY3,active,241,1,1,0,0,0,0
9PY3,active,242,1,1,0,0,0,1
9PY3,active,243,3,3,0,0,0,3
9PY3,active,244,3,3,0,0,0,1
9PY3,active,245,3,3,0,0,0,1
9PY3,active,246,1,1,0,0,0,2
9PY3,active,247,4,3,1,0,0,3
9PY3,active,248,5,4,1,0,0,0
9PY3,active,249,3,3,0,0,0,1
9PY3,active,250,4,4,0,0,0,0
9PY3,active,251,6,4,2,0,0,0
9PY3,active,252,3,3,0,0,0,1
9PY3,active,253,4,4,0,0,0,0
9PY3,active,254,4,3,0,1,0,0
9PY3,active,255,6,6,0,0,0,0
9PY3,active,256,5,5,0,0,0,1
9PY3,active,257,5,5,0,0,0,3
9PY3,active,258,5,5,0,0,0,1
9PY3,active,259,5,5,0,0,0,0
9PY3,active,260,4,4,0,0,0,0
9PY3,active,261,3,3,0,0,0,5
9PY3,active,262,3,3,0,0,0,0
9PY3,active,263,2,2,0,0,0,0
9PY3,active,264,3,2,1,0,0,1
9PY3,active,265,3,2,1,0,0,0
9PY3,active,267,1,1,0,0,0,3
9PY3,active,268,3,1,2,0,0,0
9PY3,active,270,2,1,0,1,0,0
9PY3,active,271,2,2,0,0,0,0
9PY3,active,272,3,2,0,1,0,0
9PY3,active,273,3,3,0,0,0,0
9PY3,active,274,4,4,0,0,0,0
9PY3,active,275,5,5,0,0,0,0
9PY3,active,276,5,5,0,0,0,0
9PY3,active,277,6,5,1,0,0,2
9PY3,active,278,5,5,0,0,0,0
9PY3,active,279,5,5,0,0,0,0
9PY3,active,280,5,5,0,0,0,1
9PY3,active,281,5,4,1,0,0,0
9PY3,active,282,5,5,0,0,0,0
9PY3,active,283,4,4,0,0,0,1
9PY3,active,284,5,5,0,0,0,2
9PY3,active,285,4,4,0,0,0,0
9PY3,active,286,5,5,0,0,0,2
9PY3,active,287,5,5,0,0,0,1
9PY3,active,288,4,4,0,0,0,1
9PY3,active,289,5,5,0,0,0,0
9PY3,active,290,5,5,0,0,0,3
9PY3,active,291,4,4,0,0,0,5
9PY3,active,292,7,6,1,0,0,2
9PY3,active,293,2,2,0,0,0,0
9PY3,active,294,3,3,0,0,0,0
9PY3,active,295,3,2,0,1,0,4
9PY3,active,296,5,4,1,0,0,0
9PY3,active,297,1,1,0,0,0,1
9PY3,active,298,3,3,0,0,0,3
9PY3,active,299,5,4,1,0,0,0
9PY3,active,300,3,3,0,0,0,1
9PY3,active,301,8,6,2,0,0,0
9PY3,active,302,4,4,0,0,0,2
9PY3,active,303,6,6,0,0,0,2
9PY3,active,304,3,3,0,0,0,1
9PY3,active,305,3,3,0,0,0,0
9PY3,active,306,2,2,0,0,0,0
9PY3,active,307,1,1,0,0,0,1
9PY3,active,308,2,2,0,0,0,0
9PY3,active,310,1,1,0,0,0,0
9PY3,active,311,1,1,0,0,0,0
9PY3,active,313,4,3,1,0,0,0
9PY3,active,314,3,3,0,0,0,0
9PY3,active,315,4,3,1,0,0,0
9PY3,active,316,4,3,1,0,0,0
9PY3,active,317,7,5,2,0,0,0
9PY3,active,318,5,5,0,0,0,1
9PY3,active,319,4,3,1,0,0,0
9PY3,active,320,6,5,1,0,0,3
9PY3,active,321,5,4,1,0,0,0
9PY3,active,322,5,5,0,0,0,2
9PY3,active,323,2,2,0,0,0,0
9PY3,active,324,5,5,0,0,0,2
9PY3,active,325,5,4,1,0,0,1
9PY3,active,326,5,5,0,0,0,1
9PY3,active,327,4,4,0,0,0,0
9PY3,active,328,8,4,0,4,0,0
9PY3,active,329,6,5,1,0,0,0
9PY3,active,330,6,5,0,1,0,0
9PY3,active,331,5,2,1,2,0,0
9PY3,active,332,3,3,0,0,0,0
9PY3,active,333,4,4,0,0,0,2
9PY3,active,334,4,4,0,0,0,0
9PY3,active,335,2,2,0,0,0,1
9PY3,active,336,2,2,0,0,0,2
9PY3,active,337,3,3,0,0,0,3
9PY3,active,338,1,1,0,0,0,0
9PY3,active,339,3,3,0,0,0,2
9PY3,active,340,0,0,0,0,0,2
9PY3,active,341,1,1,0,0,0,1
9PY3,active,342,2,2,0,0,0,0
9PY3,active,343,2,2,0,0,0,0
9PY3,active,344,3,3,0,0,0,0
9PY3,active,345,2,2,0,0,0,5
9PY3,active,346,6,6,0,0,0,0
9PY3,active,347,4,4,0,0,0,0
9PY3,active,348,3,3,0,0,0,0
9PY3,active,349,4,4,0,0,0,3
9PY3,active,350,3,3,0,0,0,0
9PY3,active,351,2,2,0,0,0,0
9PY3,active,352,2,2,0,0,0,0
9PY4,active,67,2,2,0,0,0,0
9PY4,active,68,3,2,1,0,0,1
9PY4,active,69,5,4,1,0,0,0
9PY4,active,70,3,3,0,0,0,0
9PY4,active,71,5,5,0,0,0,1
9PY4,active,72,6,4,2,0,0,0
9PY4,active,73,6,6,0,0,0,1
9PY4,active,74,6,4,1,1,0,1
9PY4,active,75,5,5,0,0,0,0
9PY4,active,76,5,5,0,0,0,1
9PY4,active,77,5,3,0,2,0,0
9PY4,active,78,7,6,1,0,0,0
9PY4,active,79,4,4,0,0,0,0
9PY4,active,80,5,5,0,0,0,1
9PY4,active,81,5,5,0,0,0,0
9PY4,active,82,4,4,0,0,0,0
9PY4,active,83,5,5,0,0,0,0
9PY4,active,84,6,4,2,0,0,0
9PY4,active,85,2,2,0,0,0,1
9PY4,active,86,4,4,0,0,0,1
9PY4,active,87,5,5,0,0,0,0
9PY4,active,88,2,1,1,0,0,0
9PY4,active,89,6,6,0,0,0,3
9PY4,active,90,4,4,0,0,0,3
9PY4,active,91,5,5,0,0,0,5
9PY4,active,92,4,4,0,0,0,5
9PY4,active,93,5,5,0,0,0,0
9PY4,active,94,7,7,0,0,0,3
9PY4,active,95,2,2,0,0,0,3
9PY4,active,96,3,3,0,0,0,2
9PY4,active,97,2,2,0,0,0,0
9PY4,active,98,1,1,0,0,0,0
9PY4,active,99,2,1,0,1,0,0
9PY4,active,100,1,0,1,0,0,0
9PY4,active,101,1,1,0,0,0,3
9PY4,active,103,4,3,0,1,0,0
9PY4,active,104,3,3,0,0,0,1
9PY4,active,105,2,2,0,0,0,0
9PY4,active,106,7,4,1,2,0,0
9PY4,active,107,6,5,1,0,0,3
9PY4,active,108,4,4,0,0,0,0
9PY4,active,109,6,6,0,0,0,4
9PY4,active,110,4,4,0,0,0,5
9PY4,active,111,9,6,1,2,0,0
9PY4,active,112,4,4,0,0,0,2
9PY4,active,113,6,6,0,0,0,2
9PY4,active,114,5,5,0,0,0,3
9PY4,active,115,5,5,0,0,0,0
9PY4,active,116,7,5,1,1,0,0
9PY4,active,117,7,6,1,0,0,2
9PY4,active,118,2,1,1,0,0,1
9PY4,active,119,5,4,1,0,0,0
9PY4,active,120,5,3,2,0,0,0
9PY4,active,121,3,2,1,0,0,0
9PY4,active,122,6,2,1,3,0,0
9PY4,active,123,4,4,0,0,0,1
9PY4,active,124,2,2,0,0,0,0
9PY4,active,125,5,5,0,0,0,4
9PY4,active,126,9,4,0,5,0,0
9PY4,active,127,7,6,0,1,0,0
9PY4,active,128,4,4,0,0,0,2
9PY4,active,129,4,4,0,0,0,0
9PY4,active,130,2,2,0,0,0,0
9PY4,active,131,2,2,0,0,0,1
9PY4,active,132,2,2,0,0,0,2
9PY4,active,133,1,1,0,0,0,0
9PY4,active,134,1,1,0,0,0,0
9PY4,active,135,2,1,1,0,0,1
9PY4,active,136,1,1,0,0,0,1
9PY4,active,137,0,0,0,0,0,3
9PY4,active,138,3,2,1,0,0,0
9PY4,active,139,1,1,0,0,0,0
9PY4,active,140,2,2,0,0,0,1
9PY4,active,141,2,2,0,0,0,3
9PY4,active,142,4,4,0,0,0,0
9PY4,active,143,7,4,3,0,0,0
9PY4,active,144,5,5,0,0,0,3
9PY4,active,145,6,6,0,0,0,1
9PY4,active,146,3,3,0,0,0,3
9PY4,active,147,7,5,2,0,0,0
9PY4,active,148,4,3,1,0,0,2
9PY4,active,149,10,6,0,4,0,0
9PY4,active,150,4,4,0,0,0,0
9PY4,active,151,6,4,2,0,0,0
9PY4,active,152,8,6,2,0,0,0
9PY4,active,153,4,4,0,0,0,1
9PY4,active,154,6,6,0,0,0,4
9PY4,active,155,9,5,4,0,0,0
9PY4,active,156,7,6,0,1,0,0
9PY4,active,157,6,6,0,0,0,3
9PY4,active,158,5,5,0,0,0,2
9PY4,active,159,7,6,1,0,0,0
9PY4,active,160,5,5,0,0,0,3
9PY4,active,161,7,6,1,0,0,0
9PY4,active,162,5,5,0,0,0,0
9PY4,active,163,6,6,0,0,0,2
9PY4,active,164,6,5,1,0,0,0
9PY4,active,165,6,6,0,0,0,2
9PY4,active,166,6,5,0,1,1,0
9PY4,active,167,7,6,0,1,1,0
9PY4,active,168,4,4,0,0,0,0
9PY4,active,169,5,5,0,0,0,3
9PY4,active,170,2,2,0,0,0,0
9PY4,active,171,4,4,0,0,0,2
9PY4,active,172,1,1,0,0,0,0
9PY4,active,173,3,3,0,0,0,0
9PY4,active,174,3,3,0,0,0,0
9PY4,active,175,1,1,0,0,0,0
9PY4,active,176,4,4,0,0,0,0
9PY4,active,177,3,3,0,0,0,1
9PY4,active,178,3,3,0,0,0,0
9PY4,active,179,2,1,1,0,0,0
9PY4,active,180,3,2,1,0,0,2
9PY4,active,181,2,1,0,1,1,0
9PY4,active,182,6,4,1,1,0,0
9PY4,active,183,2,2,0,0,0,1
9PY4,active,184,4,4,0,0,0,0
9PY4,active,185,8,4,3,1,0,0
9PY4,active,186,5,5,0,0,0,2
9PY4,active,187,6,6,0,0,0,0
9PY4,active,188,5,5,0,0,0,0
9PY4,active,189,6,5,1,0,0,1
9PY4,active,190,7,6,0,1,0,0
9PY4,active,191,5,5,0,0,0,1
9PY4,active,192,5,5,0,0,0,0
9PY4,active,193,8,6,2,0,0,0
9PY4,active,194,6,4,1,1,0,1
9PY4,active,195,6,6,0,0,0,1
9PY4,active,196,5,5,0,0,0,1
9PY4,active,197,7,5,2,0,0,0
9PY4,active,198,6,6,0,0,0,0
9PY4,active,199,2,2,0,0,0,0
9PY4,active,200,3,3,0,0,0,1
9PY4,active,201,4,4,0,0,0,0
9PY4,active,202,4,4,0,0,0,1
9PY4,active,203,2,2,0,0,0,1
9PY4,active,204,3,3,0,0,0,2
9PY4,active,205,4,2,2,0,0,1
9PY4,active,206,2,2,0,0,0,0
9PY4,active,207,2,2,0,0,0,4
9PY4,active,208,2,1,1,0,0,1
9PY4,active,209,2,2,0,0,0,0
9PY4,active,211,2,2,0,0,0,0
9PY4,active,213,5,3,1,1,1,0
9PY4,active,214,1,1,0,0,0,0
9PY4,active,215,1,1,0,0,0,0
9PY4,active,216,5,3,1,1,0,0
9PY4,active,217,1,1,0,0,0,0
9PY4,active,218,2,2,0,0,1,0
9PY4,active,220,2,2,0,0,0,0
9PY4,active,221,0,0,0,0,0,4
9PY4,active,222,1,1,0,0,0,0
9PY4,active,223,0,0,0,0,0,3
9PY4,active,224,1,0,1,0,0,0
9PY4,active,225,1,1,0,0,0,0
9PY4,active,226,3,3,0,0,0,1
9PY4,active,227,4,3,1,0,0,0
9PY4,active,228,4,3,1,0,0,0
9PY4,active,229,4,4,0,0,0,0
9PY4,active,230,3,3,0,0,0,3
9PY4,active,231,6,5,0,1,1,0
9PY4,active,232,5,4,1,0,0,0
9PY4,active,233,5,5,0,0,0,1
9PY4,active,234,5,5,0,0,0,4
9PY4,active,235,5,4,0,1,1,0
9PY4,active,236,6,6,0,0,0,1
9PY4,active,237,2,2,0,0,0,0
9PY4,active,238,4,4,0,0,0,2
9PY4,active,239,4,4,0,0,0,2
9PY4,active,240,4,4,0,0,0,2
9PY4,active,242,2,2,0,0,0,2
9PY4,active,243,2,2,0,0,0,3
9PY4,active,244,4,4,0,0,0,3
9PY4,active,245,3,3,0,0,0,1
9PY4,active,246,2,2,0,0,0,2
9PY4,active,247,7,6,1,0,0,3
9PY4,active,248,4,3,1,0,0,1
9PY4,active,249,6,6,0,0,0,2
9PY4,active,250,3,3,0,0,0,1
9PY4,active,251,6,4,2,0,0,0
9PY4,active,252,5,5,0,0,0,1
9PY4,active,253,3,3,0,0,0,0
9PY4,active,254,7,4,0,3,0,0
9PY4,active,255,5,5,0,0,0,0
9PY4,active,256,5,5,0,0,0,1
9PY4,active,257,5,5,0,0,0,4
9PY4,active,258,6,6,0,0,0,2
9PY4,active,259,5,5,0,0,0,0
9PY4,active,260,6,6,0,0,0,0
9PY4,active,261,5,5,0,0,0,6
9PY4,active,262,3,3,0,0,0,0
9PY4,active,263,3,3,0,0,0,0
9PY4,active,264,3,2,1,0,0,2
9PY4,active,265,2,2,0,0,0,0
9PY4,active,267,1,1,0,0,0,3
9PY4,active,268,2,1,1,0,0,0
9PY4,active,270,1,1,0,0,0,0
9PY4,active,271,2,2,0,0,0,0
9PY4,active,272,4,3,0,1,1,0
9PY4,active,273,2,2,0,0,0,0
9PY4,active,274,6,6,0,0,0,0
9PY4,active,275,5,4,0,1,1,0
9PY4,active,276,6,6,0,0,0,0
9PY4,active,277,6,5,1,0,0,2
9PY4,active,278,5,5,0,0,0,0
9PY4,active,279,7,6,0,1,1,0
9PY4,active,280,5,5,0,0,0,4
9PY4,active,281,7,6,1,0,0,0
9PY4,active,282,5,5,0,0,0,0
9PY4,active,283,5,5,0,0,0,1
9PY4,active,284,5,5,0,0,0,3
9PY4,active,285,3,3,0,0,0,0
9PY4,active,286,6,6,0,0,0,2
9PY4,active,287,5,5,0,0,0,2
9PY4,active,288,5,5,0,0,0,1
9PY4,active,289,5,5,0,0,0,0
9PY4,active,290,5,5,0,0,0,3
9PY4,active,291,4,4,0,0,0,4
9PY4,active,292,7,6,1,0,0,2
9PY4,active,293,1,1,0,0,0,0
9PY4,active,294,3,3,0,0,0,0
9PY4,active,295,3,2,1,0,0,5
9PY4,active,296,5,4,1,0,0,0
9PY4,active,297,1,1,0,0,0,1
9PY4,active,298,3,3,0,0,0,4
9PY4,active,299,4,3,1,0,0,0
9PY4,active,300,4,4,0,0,0,1
9PY4,active,301,6,4,1,1,0,0
9PY4,active,302,5,5,0,0,0,2
9PY4,active,303,6,6,0,0,0,1
9PY4,active,304,2,2,0,0,0,1
9PY4,active,305,3,3,0,0,0,0
9PY4,active,306,2,2,0,0,0,0
9PY4,active,307,1,1,0,0,0,1
9PY4,active,308,2,2,0,0,0,0
9PY4,active,309,1,1,0,0,0,0
9PY4,active,310,1,1,0,0,0,0
9PY4,active,311,2,2,0,0,0,0
9PY4,active,312,2,0,0,2,0,0
9PY4,active,313,3,2,1,0,0,0
9PY4,active,314,3,3,0,0,0,0
9PY4,active,315,4,3,1,0,0,0
9PY4,active,316,7,3,1,3,0,0
9PY4,active,317,7,6,1,0,0,0
9PY4,active,318,5,5,0,0,0,1
9PY4,active,319,6,5,1,0,0,0
9PY4,active,320,5,5,0,0,0,3
9PY4,active,321,6,4,0,2,0,0
9PY4,active,322,5,5,0,0,0,1
9PY4,active,323,3,3,0,0,0,0
9PY4,active,324,5,5,0,0,0,2
9PY4,active,325,5,4,1,0,0,1
9PY4,active,326,5,5,0,0,0,2
9PY4,active,327,4,4,0,0,0,0
9PY4,active,328,7,3,0,4,0,0
9PY4,active,329,6,5,1,0,0,0
9PY4,active,330,5,5,0,0,0,0
9PY4,active,331,2,2,0,0,0,0
9PY4,active,332,4,3,1,0,0,0
9PY4,active,333,4,4,0,0,0,2
9PY4,active,334,4,4,0,0,0,0
9PY4,active,335,2,2,0,0,0,1
9PY4,active,336,3,3,0,0,0,1
9PY4,active,337,2,2,0,0,0,4
9PY4,active,338,3,1,0,2,0,0
9PY4,active,339,3,3,0,0,0,3
9PY4,active,340,1,1,0,0,0,4
9PY4,active,341,2,2,0,0,0,1
9PY4,active,342,3,3,0,0,1,0
9PY4,active,343,4,2,1,1,1,0
9PY4,active,344,4,3,0,1,0,0
9PY4,active,345,3,3,0,0,0,5
9PY4,active,346,5,5,0,0,0,0
9PY4,active,347,6,4,1,1,0,0
9PY4,active,348,2,2,0,0,0,0
9PY4,active,349,4,4,0,0,0,4
9PY4,active,350,3,3,0,0,0,0
9PY4,active,352,2,2,0,0,0,1
9WST,active,67,3,3,0,0,0,1
9WST,active,68,3,2,1,0,0,0
9WST,active,69,3,3,0,0,0,0
9WST,active,70,5,5,0,0,0,0
9WST,active,71,3,3,0,0,0,1
9WST,active,72,7,6,1,0,0,0
9WST,active,73,5,5,0,0,0,0
9WST,active,74,7,6,1,0,0,0
9WST,active,75,7,6,1,0,0,1
9WST,active,76,5,5,0,0,0,3
9WST,active,77,7,5,0,2,0,0
9WST,active,78,8,6,2,0,0,0
9WST,active,79,4,4,0,0,0,2
9WST,active,80,5,5,0,0,0,2
9WST,active,81,6,6,0,0,0,0
9WST,active,82,6,6,0,0,0,1
9WST,active,83,4,4,0,0,0,1
9WST,active,84,7,6,1,0,0,0
9WST,active,85,5,5,0,0,0,1
9WST,active,86,6,6,0,0,0,1
9WST,active,87,6,6,0,0,0,0
9WST,active,88,6,5,1,0,0,0
9WST,active,89,6,6,0,0,0,2
9WST,active,90,5,5,0,0,0,1
9WST,active,91,6,6,0,0,0,6
9WST,active,92,6,6,0,0,0,3
9WST,active,93,7,6,0,1,0,0
9WST,active,94,5,5,0,0,0,1
9WST,active,95,7,6,1,0,0,5
9WST,active,96,3,2,1,0,0,1
9WST,active,97,5,3,1,1,0,0
9WST,active,98,1,1,0,0,0,0
9WST,active,99,5,3,1,1,0,0
9WST,active,100,4,2,2,0,0,0
9WST,active,101,1,1,0,0,0,3
9WST,active,102,2,2,0,0,0,0
9WST,active,103,3,3,0,0,0,0
9WST,active,104,3,3,0,0,0,1
9WST,active,105,4,4,0,0,0,0
9WST,active,106,5,4,0,1,0,0
9WST,active,107,7,6,1,0,0,3
9WST,active,108,5,5,0,0,0,0
9WST,active,109,6,6,0,0,0,5
9WST,active,110,6,6,0,0,0,3
9WST,active,111,8,6,0,2,0,0
9WST,active,112,6,6,0,0,0,1
9WST,active,113,5,5,0,0,0,2
9WST,active,114,6,6,0,0,0,3
9WST,active,115,4,4,0,0,0,0
9WST,active,116,8,6,1,1,0,0
9WST,active,117,7,6,1,0,0,2
9WST,active,118,6,5,1,0,0,2
9WST,active,119,6,5,1,0,0,0
9WST,active,120,7,5,2,0,0,0
9WST,active,121,5,4,1,0,0,0
9WST,active,122,7,3,1,3,0,0
9WST,active,123,6,5,1,0,0,1
9WST,active,124,3,2,1,0,0,0
9WST,active,125,4,4,0,0,0,4
9WST,active,126,6,4,0,2,0,0
9WST,active,127,8,6,2,0,0,0
9WST,active,128,6,6,0,0,0,3
9WST,active,129,4,4,0,0,0,0
9WST,active,130,5,5,0,0,0,0
9WST,active,131,2,2,0,0,0,0
9WST,active,132,3,3,0,0,0,1
9WST,active,133,2,2,0,0,0,0
9WST,active,134,3,1,2,0,0,0
9WST,active,135,2,1,1,0,0,3
9WST,active,136,1,1,0,0,0,1
9WST,active,137,0,0,0,0,0,3
9WST,active,138,4,3,1,0,0,0
9WST,active,139,4,3,0,1,0,0
9WST,active,140,1,1,0,0,0,0
9WST,active,141,2,2,0,0,0,3
9WST,active,142,5,5,0,0,0,0
9WST,active,143,7,4,3,0,0,0
9WST,active,144,3,3,0,0,0,2
9WST,active,145,6,6,0,0,0,2
9WST,active,146,5,5,0,0,0,3
9WST,active,147,6,5,1,0,0,0
9WST,active,148,6,5,1,0,0,1
9WST,active,149,7,5,0,2,0,0
9WST,active,150,4,4,0,0,0,0
9WST,active,151,9,5,2,2,0,0
9WST,active,152,5,4,1,0,0,0
9WST,active,153,5,5,0,0,0,4
9WST,active,154,5,5,0,0,0,5
9WST,active,155,10,5,3,2,0,0
9WST,active,156,7,6,0,1,0,0
9WST,active,157,5,5,0,0,0,4
9WST,active,158,6,5,1,0,0,2
9WST,active,159,8,6,1,1,0,0
9WST,active,160,6,5,1,0,0,2
9WST,active,161,6,6,0,0,0,0
9WST,active,162,8,6,1,1,0,0
9WST,active,163,6,6,0,0,0,1
9WST,active,164,9,6,1,2,0,0
9WST,active,165,6,6,0,0,0,2
9WST,active,166,8,6,0,2,1,0
9WST,active,167,7,6,0,1,0,0
9WST,active,168,6,4,0,2,0,0
9WST,active,169,5,5,0,0,0,2
9WST,active,170,2,2,0,0,0,0
9WST,active,171,2,2,0,0,0,2
9WST,active,172,1,1,0,0,0,0
9WST,active,173,5,3,0,2,0,0
9WST,active,174,1,1,0,0,0,0
9WST,active,175,3,3,0,0,0,0
9WST,active,176,3,3,0,0,0,0
9WST,active,177,4,4,0,0,0,1
9WST,active,178,2,2,0,0,0,0
9WST,active,179,1,1,0,0,0,0
9WST,active,180,4,2,2,0,0,0
9WST,active,181,3,1,0,2,1,0
9WST,active,182,7,4,2,1,0,0
9WST,active,183,3,3,0,0,0,1
9WST,active,184,4,4,0,0,0,0
9WST,active,185,8,5,2,1,0,0
9WST,active,186,6,6,0,0,0,2
9WST,active,187,6,6,0,0,0,0
9WST,active,188,6,6,0,0,0,0
9WST,active,189,6,6,0,0,0,0
9WST,active,190,8,6,1,1,0,0
9WST,active,191,6,6,0,0,0,1
9WST,active,192,5,5,0,0,0,0
9WST,active,193,8,6,1,1,0,0
9WST,active,194,5,3,2,0,0,1
9WST,active,195,5,5,0,0,0,1
9WST,active,196,4,4,0,0,0,1
9WST,active,197,9,5,2,2,0,0
9WST,active,198,9,6,1,2,0,0
9WST,active,199,2,2,0,0,0,0
9WST,active,200,4,4,0,0,0,2
9WST,active,201,4,3,1,0,0,0
9WST,active,202,5,5,0,0,0,2
9WST,active,203,3,3,0,0,0,0
9WST,active,204,3,3,0,0,0,2
9WST,active,205,4,3,1,0,0,2
9WST,active,206,4,3,1,0,0,1
9WST,active,207,3,3,0,0,0,1
9WST,active,208,3,2,1,0,0,2
9WST,active,209,3,3,0,0,0,0
9WST,active,210,1,0,0,1,0,0
9WST,active,211,2,2,0,0,0,0
9WST,active,213,3,3,0,0,1,0
9WST,active,215,1,1,0,0,0,0
9WST,active,216,2,2,0,0,0,0
9WST,active,217,3,1,2,0,0,1
9WST,active,218,2,2,0,0,1,0
9WST,active,220,2,2,0,0,0,0
9WST,active,221,0,0,0,0,0,4
9WST,active,222,1,1,0,0,0,0
9WST,active,223,1,1,0,0,0,0
9WST,active,225,1,1,0,0,0,0
9WST,active,226,3,3,0,0,0,0
9WST,active,227,3,3,0,0,0,0
9WST,active,228,4,4,0,0,0,0
9WST,active,229,4,4,0,0,0,0
9WST,active,230,5,5,0,0,0,3
9WST,active,231,5,5,0,0,0,0
9WST,active,232,3,3,0,0,0,0
9WST,active,233,6,6,0,0,0,0
9WST,active,234,5,5,0,0,0,3
9WST,active,235,5,5,0,0,0,0
9WST,active,236,6,6,0,0,0,1
9WST,active,237,6,6,0,0,0,0
9WST,active,238,5,5,0,0,0,4
9WST,active,239,5,5,0,0,0,3
9WST,active,240,6,6,0,0,0,3
9WST,active,241,1,1,0,0,0,1
9WST,active,242,2,2,0,0,0,4
9WST,active,243,2,2,0,0,0,3
9WST,active,244,4,4,0,0,0,3
9WST,active,245,4,4,0,0,0,1
9WST,active,246,2,2,0,0,0,2
9WST,active,247,7,6,1,0,0,3
9WST,active,248,4,4,0,0,0,1
9WST,active,249,6,6,0,0,0,1
9WST,active,250,3,3,0,0,0,2
9WST,active,251,6,5,1,0,0,0
9WST,active,252,5,5,0,0,0,1
9WST,active,253,4,4,0,0,0,0
9WST,active,254,7,4,0,3,0,0
9WST,active,255,5,5,0,0,0,0
9WST,active,256,5,5,0,0,0,2
9WST,active,257,5,5,0,0,0,2
9WST,active,258,6,6,0,0,0,2
9WST,active,259,2,2,0,0,0,1
9WST,active,260,5,5,0,0,0,0
9WST,active,261,4,4,0,0,0,6
9WST,active,262,2,2,0,0,0,0
9WST,active,263,2,2,0,0,0,0
9WST,active,264,5,4,1,0,0,2
9WST,active,265,1,1,0,0,0,0
9WST,active,266,1,1,0,0,0,0
9WST,active,267,4,4,0,0,0,4
9WST,active,268,2,1,1,0,0,0
9WST,active,269,1,1,0,0,0,0
9WST,active,270,3,3,0,0,0,0
9WST,active,271,3,3,0,0,0,0
9WST,active,272,5,4,0,1,1,0
9WST,active,273,5,5,0,0,0,0
9WST,active,274,8,7,0,1,1,0
9WST,active,275,6,5,0,1,1,0
9WST,active,276,6,6,0,0,0,0
9WST,active,277,6,5,1,0,0,2
9WST,active,278,7,6,0,1,1,0
9WST,active,279,7,6,0,1,1,0
9WST,active,280,6,6,0,0,0,3
9WST,active,281,7,6,1,0,0,0
9WST,active,282,5,5,0,0,0,0
9WST,active,283,6,6,0,0,0,1
9WST,active,284,5,5,0,0,0,1
9WST,active,285,6,6,0,0,0,0
9WST,active,286,5,5,0,0,0,2
9WST,active,287,6,6,0,0,0,1
9WST,active,288,5,5,0,0,0,2
9WST,active,289,6,6,0,0,0,0
9WST,active,290,6,6,0,0,0,3
9WST,active,291,6,6,0,0,0,6
9WST,active,292,7,6,1,0,0,2
9WST,active,293,3,3,0,0,0,0
9WST,active,294,3,3,0,0,0,0
9WST,active,295,3,2,0,1,0,4
9WST,active,296,5,4,1,0,0,0
9WST,active,297,2,2,0,0,0,1
9WST,active,298,4,4,0,0,0,3
9WST,active,299,4,4,0,0,0,0
9WST,active,300,6,6,0,0,0,1
9WST,active,301,7,5,0,2,0,0
9WST,active,302,6,6,0,0,0,2
9WST,active,303,5,5,0,0,0,1
9WST,active,304,6,6,0,0,0,1
9WST,active,305,5,4,0,1,0,0
9WST,active,306,3,3,0,0,0,0
9WST,active,307,3,3,0,0,0,0
9WST,active,308,1,1,0,0,0,0
9WST,active,311,1,1,0,0,0,0
9WST,active,313,6,3,3,0,0,0
9WST,active,314,4,3,1,0,0,0
9WST,active,315,4,3,1,0,0,0
9WST,active,316,9,5,1,3,0,0
9WST,active,317,8,6,2,0,0,0
9WST,active,318,6,6,0,0,0,0
9WST,active,319,6,6,0,0,0,0
9WST,active,320,6,6,0,0,0,2
9WST,active,321,7,5,0,2,0,0
9WST,active,322,6,6,0,0,0,1
9WST,active,323,5,5,0,0,0,0
9WST,active,324,6,6,0,0,0,2
9WST,active,325,6,5,1,0,0,1
9WST,active,326,6,6,0,0,0,1
9WST,active,327,3,3,0,0,0,0
9WST,active,328,11,6,0,5,0,0
9WST,active,329,6,5,1,0,0,0
9WST,active,330,7,6,0,1,0,0
9WST,active,331,2,2,0,0,0,0
9WST,active,332,3,3,0,0,0,0
9WST,active,333,5,5,0,0,0,1
9WST,active,334,4,4,0,0,0,0
9WST,active,335,4,4,0,0,0,2
9WST,active,336,4,4,0,0,0,2
9WST,active,337,2,2,0,0,0,4
9WST,active,338,3,3,0,0,0,0
9WST,active,339,3,3,0,0,0,2
9WST,active,340,2,2,0,0,0,4
9WST,active,341,3,2,1,0,0,3
9WST,active,342,5,5,0,0,0,0
9WST,active,343,5,3,0,2,2,0
9WST,active,344,4,3,0,1,0,0
9WST,active,345,4,4,0,0,0,3
9WST,active,346,6,4,1,1,1,0
9WST,active,347,5,4,0,1,0,0
9WST,active,348,2,2,0,0,0,0
9WST,active,349,1,1,0,0,0,0
9WSW,active,67,2,2,0,0,0,0
9WSW,active,68,4,3,1,0,0,0
9WSW,active,69,3,3,0,0,0,0
9WSW,active,70,5,5,0,0,0,0
9WSW,active,71,6,6,0,0,0,1
9WSW,active,72,7,6,1,0,0,0
9WSW,active,73,6,6,0,0,0,0
9WSW,active,74,6,5,1,0,0,1
9WSW,active,75,7,6,1,0,0,0
9WSW,active,76,5,5,0,0,0,4
9WSW,active,77,9,6,1,2,0,0
9WSW,active,78,8,6,2,0,0,0
9WSW,active,79,6,6,0,0,0,2
9WSW,active,80,6,6,0,0,0,3
9WSW,active,81,6,6,0,0,0,0
9WSW,active,82,6,6,0,0,0,2
9WSW,active,83,5,5,0,0,0,0
9WSW,active,84,4,4,0,0,0,0
9WSW,active,85,4,4,0,0,0,0
9WSW,active,86,4,4,0,0,0,1
9WSW,active,87,4,4,0,0,0,0
9WSW,active,88,6,4,2,0,0,0
9WSW,active,89,6,6,0,0,0,1
9WSW,active,90,5,5,0,0,0,0
9WSW,active,91,6,6,0,0,0,6
9WSW,active,92,6,6,0,0,0,3
9WSW,active,93,7,6,0,1,0,0
9WSW,active,94,7,7,0,0,0,1
9WSW,active,95,5,5,0,0,0,5
9WSW,active,96,3,3,0,0,0,0
9WSW,active,97,5,3,1,1,0,0
9WSW,active,98,2,2,0,0,0,0
9WSW,active,99,3,2,0,1,0,0
9WSW,active,100,4,3,1,0,0,0
9WSW,active,101,1,1,0,0,0,3
9WSW,active,102,1,1,0,0,0,0
9WSW,active,103,4,3,0,1,0,0
9WSW,active,104,3,3,0,0,0,1
9WSW,active,105,4,4,0,0,0,0
9WSW,active,106,7,5,0,2,0,0
9WSW,active,107,7,6,1,0,0,3
9WSW,active,108,6,6,0,0,0,0
9WSW,active,109,6,6,0,0,0,4
9WSW,active,110,6,6,0,0,0,3
9WSW,active,111,9,6,0,3,0,0
9WSW,active,112,6,6,0,0,0,2
9WSW,active,113,6,5,1,0,0,2
9WSW,active,114,6,6,0,0,0,3
9WSW,active,115,5,5,0,0,0,0
9WSW,active,116,9,6,1,2,0,0
9WSW,active,117,7,5,2,0,0,1
9WSW,active,118,8,6,2,0,0,2
9WSW,active,119,3,3,0,0,0,0
9WSW,active,120,7,5,2,0,0,0
9WSW,active,121,4,3,1,0,0,0
9WSW,active,122,4,3,1,0,0,0
9WSW,active,123,5,5,0,0,0,1
9WSW,active,124,4,3,1,0,0,0
9WSW,active,125,4,4,0,0,0,3
9WSW,active,126,8,5,0,3,0,0
9WSW,active,127,7,6,1,0,0,0
9WSW,active,128,6,6,0,0,0,3
9WSW,active,129,6,6,0,0,0,0
9WSW,active,130,3,3,0,0,0,0
9WSW,active,131,3,3,0,0,0,0
9WSW,active,132,2,2,0,0,0,2
9WSW,active,133,1,1,0,0,0,0
9WSW,active,134,2,2,0,0,0,0
9WSW,active,135,3,1,1,1,0,2
9WSW,active,136,0,0,0,0,0,2
9WSW,active,137,0,0,0,0,0,3
9WSW,active,138,3,2,1,0,0,0
9WSW,active,139,4,3,1,0,0,0
9WSW,active,140,4,4,0,0,0,0
9WSW,active,141,4,4,0,0,0,2
9WSW,active,142,4,4,0,0,0,0
9WSW,active,143,7,6,1,0,0,0
9WSW,active,144,4,4,0,0,0,2
9WSW,active,145,5,5,0,0,0,1
9WSW,active,146,5,5,0,0,0,2
9WSW,active,147,6,5,1,0,0,0
9WSW,active,148,5,4,1,0,0,1
9WSW,active,149,7,6,0,1,0,0
9WSW,active,150,4,4,0,0,0,0
9WSW,active,151,8,4,2,2,0,0
9WSW,active,152,8,6,2,0,0,0
9WSW,active,153,5,5,0,0,0,4
9WSW,active,154,6,6,0,0,0,3
9WSW,active,155,10,6,4,0,0,0
9WSW,active,156,7,6,0,1,0,0
9WSW,active,157,6,6,0,0,0,4
9WSW,active,158,7,5,2,0,0,3
9WSW,active,159,8,6,1,1,0,0
9WSW,active,160,5,5,0,0,0,3
9WSW,active,161,5,5,0,0,0,0
9WSW,active,162,8,6,1,1,0,0
9WSW,active,163,5,5,0,0,0,2
9WSW,active,164,6,6,0,0,0,0
9WSW,active,165,5,5,0,0,0,2
9WSW,active,166,8,6,0,2,1,0
9WSW,active,167,6,5,0,1,0,0
9WSW,active,168,7,5,0,2,0,0
9WSW,active,169,5,5,0,0,0,2
9WSW,active,170,2,2,0,0,0,0
9WSW,active,171,3,3,0,0,0,2
9WSW,active,172,1,1,0,0,0,0
9WSW,active,173,5,3,0,2,0,0
9WSW,active,174,1,1,0,0,0,0
9WSW,active,175,3,3,0,0,0,0
9WSW,active,176,3,3,0,0,0,0
9WSW,active,177,4,4,0,0,0,1
9WSW,active,178,2,2,0,0,0,0
9WSW,active,179,1,1,0,0,0,0
9WSW,active,180,4,2,2,0,0,0
9WSW,active,181,3,1,0,2,1,0
9WSW,active,182,6,4,1,1,0,0
9WSW,active,183,2,2,0,0,0,1
9WSW,active,184,4,4,0,0,0,0
9WSW,active,185,5,3,1,1,0,0
9WSW,active,186,6,6,0,0,0,2
9WSW,active,187,5,5,0,0,0,0
9WSW,active,188,6,6,0,0,0,0
9WSW,active,189,5,5,0,0,0,0
9WSW,active,190,8,6,1,1,0,0
9WSW,active,191,5,5,0,0,0,1
9WSW,active,192,5,5,0,0,0,0
9WSW,active,193,9,6,2,1,0,0
9WSW,active,194,7,4,2,1,0,1
9WSW,active,195,6,6,0,0,0,1
9WSW,active,196,3,3,0,0,0,1
9WSW,active,197,8,6,2,0,0,0
9WSW,active,198,8,5,1,2,0,0
9WSW,active,199,3,3,0,0,0,0
9WSW,active,200,2,2,0,0,0,1
9WSW,active,201,4,3,1,0,0,0
9WSW,active,202,4,4,0,0,0,0
9WSW,active,203,1,1,0,0,0,0
9WSW,active,204,3,3,0,0,0,3
9WSW,active,205,2,2,0,0,0,1
9WSW,active,206,1,1,0,0,0,0
9WSW,active,207,3,3,0,0,0,3
9WSW,active,208,1,1,0,0,0,1
9WSW,active,209,2,2,0,0,0,0
9WSW,active,211,1,1,0,0,0,0
9WSW,active,213,3,2,0,1,1,0
9WSW,active,215,1,1,0,0,0,0
9WSW,active,216,1,1,0,0,0,0
9WSW,active,217,1,1,0,0,0,1
9WSW,active,218,2,1,0,1,1,0
9WSW,active,219,1,0,0,1,0,0
9WSW,active,220,2,2,0,0,0,0
9WSW,active,221,0,0,0,0,0,4
9WSW,active,222,1,1,0,0,0,0
9WSW,active,223,1,1,0,0,0,1
9WSW,active,224,1,1,0,0,0,0
9WSW,active,225,1,1,0,0,0,0
9WSW,active,226,1,1,0,0,0,0
9WSW,active,227,2,2,0,0,0,0
9WSW,active,228,3,3,0,0,0,0
9WSW,active,229,3,3,0,0,0,0
9WSW,active,230,5,5,0,0,0,4
9WSW,active,231,6,6,0,0,1,0
9WSW,active,232,6,6,0,0,0,0
9WSW,active,233,5,5,0,0,0,0
9WSW,active,234,6,6,0,0,0,3
9WSW,active,235,5,5,0,0,1,0
9WSW,active,236,6,6,0,0,0,1
9WSW,active,237,6,6,0,0,0,0
9WSW,active,238,5,5,0,0,0,3
9WSW,active,239,5,5,0,0,0,3
9WSW,active,240,6,6,0,0,0,2
9WSW,active,241,1,1,0,0,0,1
9WSW,active,242,2,2,0,0,0,3
9WSW,active,243,2,2,0,0,0,3
9WSW,active,244,4,4,0,0,0,3
9WSW,active,245,4,4,0,0,0,2
9WSW,active,246,2,2,0,0,0,2
9WSW,active,247,7,6,1,0,0,3
9WSW,active,248,6,5,1,0,0,1
9WSW,active,249,6,6,0,0,0,2
9WSW,active,250,5,5,0,0,0,1
9WSW,active,251,7,5,2,0,0,0
9WSW,active,252,5,5,0,0,0,1
9WSW,active,253,5,5,0,0,0,0
9WSW,active,254,5,4,0,1,0,0
9WSW,active,255,5,5,0,0,0,0
9WSW,active,256,5,5,0,0,0,1
9WSW,active,257,5,5,0,0,0,3
9WSW,active,258,6,6,0,0,0,1
9WSW,active,259,2,2,0,0,0,0
9WSW,active,260,5,5,0,0,0,0
9WSW,active,261,4,4,0,0,0,6
9WSW,active,262,2,2,0,0,0,0
9WSW,active,263,2,2,0,0,0,0
9WSW,active,264,4,4,0,0,0,2
9WSW,active,265,1,1,0,0,0,0
9WSW,active,266,2,1,0,1,0,0
9WSW,active,267,4,4,0,0,0,4
9WSW,active,268,1,1,0,0,0,0
9WSW,active,269,1,1,0,0,0,0
9WSW,active,270,3,3,0,0,0,0
9WSW,active,271,3,3,0,0,0,0
9WSW,active,272,5,3,1,1,1,0
9WSW,active,273,6,5,0,1,0,0
9WSW,active,274,6,6,0,0,0,0
9WSW,active,275,7,6,0,1,1,0
9WSW,active,276,6,5,1,0,0,0
9WSW,active,277,7,6,1,0,0,2
9WSW,active,278,4,4,0,0,0,0
9WSW,active,279,7,6,0,1,1,0
9WSW,active,280,5,5,0,0,0,3
9WSW,active,281,6,5,1,0,0,0
9WSW,active,282,6,6,0,0,0,0
9WSW,active,283,5,5,0,0,0,1
9WSW,active,284,6,6,0,0,0,3
9WSW,active,285,6,6,0,0,0,0
9WSW,active,286,5,5,0,0,0,2
9WSW,active,287,6,6,0,0,0,1
9WSW,active,288,5,5,0,0,0,1
9WSW,active,289,6,6,0,0,0,0
9WSW,active,290,6,6,0,0,0,3
9WSW,active,291,5,5,0,0,0,6
9WSW,active,292,7,6,1,0,0,2
9WSW,active,293,2,2,0,0,0,0
9WSW,active,294,3,3,0,0,0,0
9WSW,active,295,4,2,1,1,0,4
9WSW,active,296,5,4,1,0,0,0
9WSW,active,297,2,2,0,0,0,1
9WSW,active,298,3,3,0,0,0,3
9WSW,active,299,5,4,1,0,0,0
9WSW,active,300,4,4,0,0,0,1
9WSW,active,301,8,6,0,2,0,0
9WSW,active,302,3,3,0,0,0,2
9WSW,active,303,6,6,0,0,0,2
9WSW,active,304,5,5,0,0,0,3
9WSW,active,305,4,3,0,1,0,0
9WSW,active,306,3,3,0,0,0,0
9WSW,active,307,3,3,0,0,0,1
9WSW,active,308,2,2,0,0,0,1
9WSW,active,310,2,2,0,0,0,1
9WSW,active,311,1,1,0,0,0,0
9WSW,active,312,1,1,0,0,0,0
9WSW,active,313,3,2,1,0,0,0
9WSW,active,314,3,3,0,0,0,0
9WSW,active,315,4,3,1,0,0,1
9WSW,active,316,5,3,1,1,0,0
9WSW,active,317,7,6,1,0,0,0
9WSW,active,318,4,4,0,0,0,1
9WSW,active,319,10,6,2,2,0,0
9WSW,active,320,5,5,0,0,0,2
9WSW,active,321,8,5,1,2,0,0
9WSW,active,322,5,5,0,0,0,1
9WSW,active,323,5,5,0,0,0,0
9WSW,active,324,5,5,0,0,0,2
9WSW,active,325,6,5,1,0,0,2
9WSW,active,326,7,6,1,0,0,1
9WSW,active,327,3,3,0,0,0,0
9WSW,active,328,10,6,0,4,0,0
9WSW,active,329,6,4,2,0,0,0
9WSW,active,330,7,6,0,1,0,0
9WSW,active,331,2,1,0,1,0,0
9WSW,active,332,3,3,0,0,0,0
9WSW,active,333,5,5,0,0,0,1
9WSW,active,334,4,4,0,0,0,0
9WSW,active,335,3,3,0,0,0,1
9WSW,active,336,3,3,0,0,0,1
9WSW,active,337,2,2,0,0,0,3
9WSW,active,338,1,1,0,0,0,0
9WSW,active,339,3,3,0,0,0,3
9WSW,active,340,2,1,1,0,0,2
9WSW,active,341,3,3,0,0,0,1
9WSW,active,342,6,4,1,1,0,0
9WSW,active,343,5,3,1,1,1,0
9WSW,active,344,5,2,1,2,0,0
9WSW,active,345,4,4,0,0,0,4
9WSW,active,346,4,3,1,0,0,0
9WSW,active,347,5,3,1,1,0,0
9WSW,active,348,2,2,0,0,0,0
9WSW,active,349,1,1,0,0,0,0
9bjk,inactive,67,1,1,0,0,0,0
9bjk,inactive,68,3,2,1,0,0,0
9bjk,inactive,69,2,2,0,0,0,0
9bjk,inactive,70,4,4,0,0,0,1
9bjk,inactive,71,3,3,0,0,0,1
9bjk,inactive,72,6,5,1,0,0,0
9bjk,inactive,73,5,5,0,0,0,0
9bjk,inactive,74,4,4,0,0,0,3
9bjk,inactive,75,5,5,0,0,0,0
9bjk,inactive,76,4,4,0,0,0,0
9bjk,inactive,77,5,5,0,0,0,0
9bjk,inactive,78,3,3,0,0,0,0
9bjk,inactive,79,4,4,0,0,0,0
9bjk,inactive,80,3,3,0,0,0,1
9bjk,inactive,81,2,2,0,0,0,0
9bjk,inactive,82,3,3,0,0,0,0
9bjk,inactive,83,2,2,0,0,0,0
9bjk,inactive,84,3,2,1,0,0,0
9bjk,inactive,85,3,3,0,0,0,0
9bjk,inactive,86,3,3,0,0,0,0
9bjk,inactive,87,3,3,0,0,0,0
9bjk,inactive,88,4,3,1,0,0,0
9bjk,inactive,89,5,5,0,0,0,0
9bjk,inactive,90,4,4,0,0,0,1
9bjk,inactive,91,6,6,0,0,0,5
9bjk,inactive,92,4,4,0,0,0,2
9bjk,inactive,93,5,5,0,0,0,0
9bjk,inactive,94,2,2,0,0,0,2
9bjk,inactive,95,3,3,0,0,0,4
9bjk,inactive,96,2,2,0,0,0,1
9bjk,inactive,97,1,1,0,0,0,0
9bjk,inactive,98,1,1,0,0,0,0
9bjk,inactive,99,2,2,0,0,0,0
9bjk,inactive,101,3,2,1,0,0,0
9bjk,inactive,102,1,1,0,0,0,0
9bjk,inactive,103,5,3,1,1,0,0
9bjk,inactive,105,1,1,0,0,0,0
9bjk,inactive,106,3,2,0,1,0,0
9bjk,inactive,107,4,3,1,0,0,1
9bjk,inactive,108,3,3,0,0,0,0
9bjk,inactive,109,3,3,0,0,0,4
9bjk,inactive,110,6,6,0,0,0,3
9bjk,inactive,111,5,4,0,1,0,0
9bjk,inactive,112,6,6,0,0,0,2
9bjk,inactive,113,2,2,0,0,0,1
9bjk,inactive,114,6,6,0,0,0,2
9bjk,inactive,115,4,4,0,0,0,0
9bjk,inactive,116,8,5,2,1,0,0
9bjk,inactive,117,4,4,0,0,0,0
9bjk,inactive,118,4,3,1,0,0,2
9bjk,inactive,119,6,5,1,0,0,0
9bjk,inactive,120,7,4,1,2,0,0
9bjk,inactive,121,3,2,1,0,0,0
9bjk,inactive,122,5,4,1,0,0,0
9bjk,inactive,123,4,4,0,0,0,1
9bjk,inactive,124,2,2,0,0,0,0
9bjk,inactive,125,5,5,0,0,0,4
9bjk,inactive,126,7,5,0,2,0,0
9bjk,inactive,127,3,3,0,0,0,0
9bjk,inactive,128,4,4,0,0,0,2
9bjk,inactive,129,4,3,1,0,0,0
9bjk,inactive,130,2,2,0,0,0,0
9bjk,inactive,131,1,1,0,0,0,1
9bjk,inactive,132,1,1,0,0,0,0
9bjk,inactive,133,2,2,0,0,0,0
9bjk,inactive,134,2,2,0,0,0,0
9bjk,inactive,135,3,1,2,0,0,3
9bjk,inactive,136,1,1,0,0,0,1
9bjk,inactive,137,0,0,0,0,0,3
9bjk,inactive,138,1,0,1,0,0,0
9bjk,inactive,139,3,3,0,0,0,0
9bjk,inactive,140,3,3,0,0,0,1
9bjk,inactive,141,3,3,0,0,0,4
9bjk,inactive,142,5,5,0,0,0,0
9bjk,inactive,143,6,5,1,0,0,0
9bjk,inactive,144,5,5,0,0,0,2
9bjk,inactive,145,6,6,0,0,0,3
9bjk,inactive,146,2,2,0,0,0,3
9bjk,inactive,147,6,6,0,0,0,0
9bjk,inactive,148,4,4,0,0,0,1
9bjk,inactive,149,6,4,0,2,0,0
9bjk,inactive,150,5,5,0,0,0,0
9bjk,inactive,151,3,2,1,0,0,0
9bjk,inactive,152,6,4,1,1,0,0
9bjk,inactive,153,3,3,0,0,0,2
9bjk,inactive,154,3,3,0,0,0,3
9bjk,inactive,155,6,4,2,0,0,0
9bjk,inactive,156,3,1,1,1,0,0
9bjk,inactive,157,3,3,0,0,0,3
9bjk,inactive,158,5,5,0,0,0,3
9bjk,inactive,159,5,3,1,1,0,0
9bjk,inactive,160,4,3,1,0,0,6
9bjk,inactive,161,4,4,0,0,0,0
9bjk,inactive,162,4,4,0,0,0,0
9bjk,inactive,163,5,5,0,0,0,2
9bjk,inactive,164,6,5,1,0,0,0
9bjk,inactive,165,4,4,0,0,0,2
9bjk,inactive,166,6,6,0,0,1,0
9bjk,inactive,167,4,4,0,0,0,0
9bjk,inactive,168,6,6,0,0,0,0
9bjk,inactive,169,3,3,0,0,0,3
9bjk,inactive,170,3,3,0,0,0,0
9bjk,inactive,171,2,2,0,0,0,3
9bjk,inactive,172,1,1,0,0,0,0
9bjk,inactive,173,2,2,0,0,0,0
9bjk,inactive,174,2,2,0,0,0,0
9bjk,inactive,176,3,3,0,0,0,0
9bjk,inactive,177,3,3,0,0,0,1
9bjk,inactive,178,2,2,0,0,0,0
9bjk,inactive,179,2,2,0,0,0,0
9bjk,inactive,180,1,1,0,0,0,1
9bjk,inactive,181,0,0,0,0,1,0
9bjk,inactive,182,2,2,0,0,0,0
9bjk,inactive,184,1,1,0,0,0,0
9bjk,inactive,185,4,4,0,0,0,0
9bjk,inactive,186,2,2,0,0,0,1
9bjk,inactive,187,3,3,0,0,0,0
9bjk,inactive,188,4,4,0,0,0,0
9bjk,inactive,189,4,4,0,0,0,0
9bjk,inactive,190,7,6,1,0,0,0
9bjk,inactive,191,4,4,0,0,0,1
9bjk,inactive,192,6,6,0,0,0,0
9bjk,inactive,193,5,5,0,0,0,0
9bjk,inactive,194,6,5,1,0,0,1
9bjk,inactive,195,6,6,0,0,0,1
9bjk,inactive,196,2,2,0,0,0,1
9bjk,inactive,197,6,6,0,0,0,0
9bjk,inactive,198,6,5,1,0,0,0
9bjk,inactive,199,2,2,0,0,0,0
9bjk,inactive,200,3,3,0,0,0,1
9bjk,inactive,201,2,2,0,0,0,0
9bjk,inactive,202,5,5,0,0,0,0
9bjk,inactive,203,2,2,0,0,0,0
9bjk,inactive,204,4,4,0,0,0,2
9bjk,inactive,205,3,2,1,0,0,0
9bjk,inactive,206,3,3,0,0,0,0
9bjk,inactive,207,4,4,0,0,0,2
9bjk,inactive,208,1,1,0,0,0,2
9bjk,inactive,209,2,2,0,0,0,0
9bjk,inactive,211,1,1,0,0,0,0
9bjk,inactive,217,1,1,0,0,0,0
9bjk,inactive,218,1,1,0,0,0,0
9bjk,inactive,220,2,2,0,0,0,0
9bjk,inactive,221,0,0,0,0,0,3
9bjk,inactive,222,2,2,0,0,0,0
9bjk,inactive,223,0,0,0,0,0,3
9bjk,inactive,224,1,1,0,0,0,0
9bjk,inactive,226,1,1,0,0,0,1
9bjk,inactive,228,2,1,1,0,0,0
9bjk,inactive,229,3,3,0,0,0,0
9bjk,inactive,230,2,2,0,0,0,3
9bjk,inactive,231,4,4,0,0,0,0
9bjk,inactive,232,4,3,1,0,0,0
9bjk,inactive,233,5,5,0,0,0,1
9bjk,inactive,234,4,4,0,0,0,3
9bjk,inactive,235,6,6,0,0,0,0
9bjk,inactive,236,3,3,0,0,0,1
9bjk,inactive,237,5,5,0,0,0,0
9bjk,inactive,238,3,3,0,0,0,3
9bjk,inactive,239,5,5,0,0,0,2
9bjk,inactive,240,2,2,0,0,0,1
9bjk,inactive,241,5,5,0,0,0,0
9bjk,inactive,242,1,1,0,0,0,1
9bjk,inactive,243,5,5,0,0,0,2
9bjk,inactive,244,2,2,0,0,0,1
9bjk,inactive,245,5,5,0,0,0,0
9bjk,inactive,246,3,3,0,0,0,2
9bjk,inactive,247,5,4,1,0,0,2
9bjk,inactive,248,4,4,0,0,0,1
9bjk,inactive,249,4,4,0,0,0,1
9bjk,inactive,250,5,5,0,0,0,2
9bjk,inactive,251,4,3,1,0,0,0
9bjk,inactive,252,4,4,0,0,0,1
9bjk,inactive,253,5,5,0,0,0,0
9bjk,inactive,254,6,4,2,0,0,0
9bjk,inactive,255,4,4,0,0,0,0
9bjk,inactive,256,6,6,0,0,0,1
9bjk,inactive,257,5,5,0,0,0,0
9bjk,inactive,258,5,5,0,0,0,0
9bjk,inactive,259,3,3,0,0,0,0
9bjk,inactive,260,6,6,0,0,0,0
9bjk,inactive,261,3,2,1,0,0,1
9bjk,inactive,262,2,2,0,0,0,0
9bjk,inactive,263,1,1,0,0,0,0
9bjk,inactive,264,1,1,0,0,0,1
9bjk,inactive,267,0,0,0,0,0,3
9bjk,inactive,270,3,3,0,0,0,0
9bjk,inactive,271,3,3,0,0,0,0
9bjk,inactive,272,4,4,0,0,0,0
9bjk,inactive,273,3,3,0,0,0,0
9bjk,inactive,274,8,6,0,2,1,0
9bjk,inactive,275,5,5,0,0,0,0
9bjk,inactive,276,2,2,0,0,0,0
9bjk,inactive,277,4,3,1,0,0,2
9bjk,inactive,278,8,5,1,2,1,0
9bjk,inactive,279,3,3,0,0,0,0
9bjk,inactive,280,3,3,0,0,0,0
9bjk,inactive,281,6,4,2,0,0,0
9bjk,inactive,282,5,5,0,0,0,0
9bjk,inactive,283,6,6,0,0,0,2
9bjk,inactive,284,6,6,0,0,0,2
9bjk,inactive,285,7,6,1,0,0,0
9bjk,inactive,286,5,5,0,0,0,2
9bjk,inactive,287,6,6,0,0,0,3
9bjk,inactive,288,5,5,0,0,0,4
9bjk,inactive,289,5,5,0,0,0,0
9bjk,inactive,290,6,6,0,0,0,2
9bjk,inactive,291,5,5,0,0,0,3
9bjk,inactive,292,7,6,1,0,0,2
9bjk,inactive,293,3,3,0,0,0,0
9bjk,inactive,294,3,3,0,0,0,0
9bjk,inactive,295,4,2,2,0,0,3
9bjk,inactive,296,5,4,1,0,0,0
9bjk,inactive,297,2,2,0,0,0,1
9bjk,inactive,298,3,3,0,0,0,3
9bjk,inactive,299,6,5,1,0,0,0
9bjk,inactive,300,3,3,0,0,0,1
9bjk,inactive,301,9,5,1,3,0,0
9bjk,inactive,302,4,4,0,0,0,2
9bjk,inactive,303,5,5,0,0,0,2
9bjk,inactive,304,4,4,0,0,0,2
9bjk,inactive,305,4,3,0,1,0,0
9bjk,inactive,306,3,3,0,0,0,0
9bjk,inactive,307,2,2,0,0,0,1
9bjk,inactive,308,1,1,0,0,0,1
9bjk,inactive,309,1,1,0,0,0,0
9bjk,inactive,313,2,2,0,0,0,0
9bjk,inactive,315,4,3,1,0,0,0
9bjk,inactive,316,8,4,2,2,0,0
9bjk,inactive,317,3,3,0,0,0,0
9bjk,inactive,318,5,5,0,0,0,0
9bjk,inactive,319,9,5,2,2,0,0
9bjk,inactive,320,6,6,0,0,0,2
9bjk,inactive,321,3,3,0,0,0,0
9bjk,inactive,322,6,6,0,0,0,1
9bjk,inactive,323,5,5,0,0,0,0
9bjk,inactive,324,5,5,0,0,0,2
9bjk,inactive,325,6,5,1,0,0,0
9bjk,inactive,326,6,6,0,0,0,2
9bjk,inactive,327,3,2,1,0,0,0
9bjk,inactive,328,9,5,0,4,0,0
9bjk,inactive,329,5,4,1,0,0,0
9bjk,inactive,330,4,4,0,0,0,0
9bjk,inactive,331,5,2,1,2,0,0
9bjk,inactive,332,2,2,0,0,0,0
9bjk,inactive,333,4,4,0,0,0,1
9bjk,inactive,334,4,3,0,1,0,0
9bjk,inactive,335,3,3,0,0,0,1
9bjk,inactive,336,3,3,0,0,0,1
9bjk,inactive,337,5,5,0,0,0,4
9bjk,inactive,338,2,2,0,0,0,0
9bjk,inactive,339,3,3,0,0,0,1
9bjk,inactive,340,1,1,0,0,0,1
9bjk,inactive,341,1,1,0,0,0,3
9bjk,inactive,342,3,2,1,0,0,0
9bjk,inactive,343,3,3,0,0,0,0
9bjk,inactive,344,4,3,1,0,0,0
9bjk,inactive,345,4,4,0,0,0,4
9bjk,inactive,346,6,6,0,0,0,0
9bjk,inactive,347,4,4,0,0,0,0
9bjk,inactive,348,4,4,0,0,0,0
9bjk,inactive,349,2,2,0,0,0,5
9bjk,inactive,350,3,3,0,0,0,0
9bjk,inactive,351,1,1,0,0,0,0
9bjk,inactive,352,2,2,0,0,0,0
9bqj,active,67,2,2,0,0,0,0
9bqj,active,68,3,3,0,0,0,0
9bqj,active,69,3,3,0,0,0,0
9bqj,active,70,5,5,0,0,0,1
9bqj,active,71,6,6,0,0,0,0
9bqj,active,72,6,6,0,0,0,0
9bqj,active,73,6,6,0,0,0,0
9bqj,active,74,7,6,1,0,0,1
9bqj,active,75,7,6,1,0,0,0
9bqj,active,76,6,6,0,0,0,2
9bqj,active,77,6,6,0,0,0,0
9bqj,active,78,8,6,2,0,0,0
9bqj,active,79,6,6,0,0,0,0
9bqj,active,80,6,6,0,0,0,2
9bqj,active,81,5,5,0,0,0,0
9bqj,active,82,6,6,0,0,0,0
9bqj,active,83,5,5,0,0,0,0
9bqj,active,84,6,6,0,0,0,0
9bqj,active,85,6,6,0,0,0,2
9bqj,active,86,6,6,0,0,0,0
9bqj,active,87,6,6,0,0,0,0
9bqj,active,88,6,6,0,0,0,0
9bqj,active,89,6,6,0,0,0,1
9bqj,active,90,6,6,0,0,0,1
9bqj,active,91,6,6,0,0,0,4
9bqj,active,92,6,6,0,0,0,3
9bqj,active,93,6,6,0,0,0,0
9bqj,active,94,4,4,0,0,0,2
9bqj,active,95,5,5,0,0,0,5
9bqj,active,96,2,2,0,0,0,1
9bqj,active,97,1,1,0,0,0,0
9bqj,active,98,1,1,0,0,0,0
9bqj,active,99,2,2,0,0,0,0
9bqj,active,100,1,1,0,0,0,0
9bqj,active,101,1,1,0,0,0,3
9bqj,active,102,1,0,1,0,0,0
9bqj,active,103,5,3,1,1,0,0
9bqj,active,104,3,3,0,0,0,1
9bqj,active,105,4,4,0,0,0,0
9bqj,active,106,8,5,2,1,0,0
9bqj,active,107,6,6,0,0,0,1
9bqj,active,108,6,6,0,0,0,0
9bqj,active,109,5,5,0,0,0,3
9bqj,active,110,6,6,0,0,0,4
9bqj,active,111,8,5,0,3,0,0
9bqj,active,112,6,6,0,0,0,2
9bqj,active,113,4,4,0,0,0,2
9bqj,active,114,6,6,0,0,0,2
9bqj,active,115,5,5,0,0,0,1
9bqj,active,116,5,4,0,1,0,0
9bqj,active,117,6,6,0,0,0,1
9bqj,active,118,4,2,2,0,0,0
9bqj,active,119,7,4,3,0,0,0
9bqj,active,120,4,4,0,0,0,0
9bqj,active,121,3,2,1,0,0,0
9bqj,active,122,6,4,2,0,0,0
9bqj,active,123,5,5,0,0,0,1
9bqj,active,124,3,3,0,0,0,0
9bqj,active,125,5,5,0,0,0,3
9bqj,active,126,3,3,0,0,0,0
9bqj,active,127,6,6,0,0,0,0
9bqj,active,128,4,4,0,0,0,0
9bqj,active,129,4,4,0,0,0,0
9bqj,active,130,4,4,0,0,0,0
9bqj,active,131,2,2,0,0,0,2
9bqj,active,132,2,2,0,0,0,0
9bqj,active,133,3,3,0,0,0,0
9bqj,active,134,1,1,0,0,0,0
9bqj,active,135,2,1,1,0,0,3
9bqj,active,136,1,1,0,0,0,0
9bqj,active,137,0,0,0,0,0,1
9bqj,active,138,2,1,1,0,0,0
9bqj,active,139,4,3,0,1,0,0
9bqj,active,140,3,3,0,0,0,0
9bqj,active,141,4,4,0,0,0,4
9bqj,active,142,5,5,0,0,0,0
9bqj,active,143,8,6,1,1,0,0
9bqj,active,144,5,5,0,0,0,3
9bqj,active,145,6,6,0,0,0,3
9bqj,active,146,4,4,0,0,0,2
9bqj,active,147,6,6,0,0,0,0
9bqj,active,148,2,2,0,0,0,1
9bqj,active,149,4,3,0,1,0,0
9bqj,active,150,2,2,0,0,0,0
9bqj,active,151,5,4,1,0,0,0
9bqj,active,152,6,3,3,0,0,0
9bqj,active,153,1,1,0,0,0,2
9bqj,active,154,5,5,0,0,0,5
9bqj,active,155,7,5,2,0,0,0
9bqj,active,156,6,5,1,0,0,0
9bqj,active,157,5,5,0,0,0,4
9bqj,active,158,6,5,1,0,0,1
9bqj,active,159,8,6,1,1,0,0
9bqj,active,160,6,5,1,0,0,4
9bqj,active,161,6,6,0,0,0,0
9bqj,active,162,8,6,1,1,0,0
9bqj,active,163,6,6,0,0,0,2
9bqj,active,164,9,6,1,2,0,0
9bqj,active,165,6,6,0,0,0,1
9bqj,active,166,8,6,0,2,1,0
9bqj,active,167,7,6,0,1,0,0
9bqj,active,168,6,6,0,0,0,0
9bqj,active,169,4,4,0,0,0,1
9bqj,active,170,3,3,0,0,0,0
9bqj,active,171,2,2,0,0,0,2
9bqj,active,172,1,1,0,0,0,0
9bqj,active,173,2,2,0,0,0,0
9bqj,active,174,3,3,0,0,0,0
9bqj,active,175,1,1,0,0,0,0
9bqj,active,176,4,4,0,0,0,0
9bqj,active,177,4,4,0,0,0,0
9bqj,active,178,3,3,0,0,0,0
9bqj,active,179,2,2,0,0,0,0
9bqj,active,180,3,2,1,0,0,1
9bqj,active,181,3,1,0,2,1,0
9bqj,active,182,7,4,2,1,0,0
9bqj,active,183,3,3,0,0,0,0
9bqj,active,184,4,4,0,0,0,0
9bqj,active,185,7,5,1,1,0,0
9bqj,active,186,6,6,0,0,0,1
9bqj,active,187,6,6,0,0,0,0
9bqj,active,188,6,6,0,0,0,0
9bqj,active,189,7,6,1,0,0,0
9bqj,active,190,8,6,0,2,0,0
9bqj,active,191,6,6,0,0,0,1
9bqj,active,192,5,5,0,0,0,0
9bqj,active,193,9,6,2,1,0,0
9bqj,active,194,7,4,1,2,0,2
9bqj,active,195,6,6,0,0,0,1
9bqj,active,196,3,3,0,0,0,0
9bqj,active,197,7,6,1,0,0,0
9bqj,active,198,5,5,0,0,0,0
9bqj,active,199,3,3,0,0,0,0
9bqj,active,200,2,2,0,0,0,1
9bqj,active,201,4,4,0,0,0,0
9bqj,active,202,4,4,0,0,0,0
9bqj,active,203,2,2,0,0,0,0
9bqj,active,204,5,5,0,0,0,2
9bqj,active,205,3,3,0,0,0,1
9bqj,active,206,3,3,0,0,0,0
9bqj,active,207,4,4,0,0,0,2
9bqj,active,208,2,1,1,0,0,2
9bqj,active,209,4,2,0,2,0,0
9bqj,active,211,2,2,0,0,0,0
9bqj,active,213,2,2,0,0,0,0
9bqj,active,215,1,1,0,0,0,0
9bqj,active,216,1,1,0,0,0,0
9bqj,active,217,1,1,0,0,0,1
9bqj,active,218,2,2,0,0,0,0
9bqj,active,220,1,1,0,0,0,0
9bqj,active,221,0,0,0,0,0,1
9bqj,active,222,2,0,0,2,0,0
9bqj,active,223,1,1,0,0,0,3
9bqj,active,225,2,2,0,0,0,0
9bqj,active,226,3,3,0,0,0,1
9bqj,active,227,2,2,0,0,0,0
9bqj,active,228,4,3,1,0,0,0
9bqj,active,229,4,4,0,0,0,0
9bqj,active,230,3,3,0,0,0,2
9bqj,active,231,6,6,0,0,0,0
9bqj,active,232,6,5,1,0,0,0
9bqj,active,233,6,6,0,0,0,0
9bqj,active,234,6,6,0,0,0,1
9bqj,active,235,6,6,0,0,0,0
9bqj,active,236,6,6,0,0,0,1
9bqj,active,237,6,6,0,0,0,0
9bqj,active,238,5,5,0,0,0,3
9bqj,active,239,4,4,0,0,0,2
9bqj,active,240,4,4,0,0,0,1
9bqj,active,241,1,1,0,0,0,1
9bqj,active,242,1,1,0,0,0,2
9bqj,active,243,1,1,0,0,0,3
9bqj,active,244,2,2,0,0,0,1
9bqj,active,245,4,4,0,0,0,0
9bqj,active,246,3,3,0,0,0,2
9bqj,active,247,5,5,0,0,0,3
9bqj,active,248,6,6,0,0,0,0
9bqj,active,249,6,6,0,0,0,1
9bqj,active,250,6,6,0,0,0,1
9bqj,active,251,4,4,0,0,0,0
9bqj,active,252,6,6,0,0,0,0
9bqj,active,253,5,5,0,0,0,0
9bqj,active,254,9,4,0,5,0,0
9bqj,active,255,6,6,0,0,0,0
9bqj,active,256,5,5,0,0,0,0
9bqj,active,257,5,5,0,0,0,2
9bqj,active,258,6,6,0,0,0,1
9bqj,active,259,2,2,0,0,0,0
9bqj,active,260,5,5,0,0,0,0
9bqj,active,261,4,4,0,0,0,5
9bqj,active,262,2,2,0,0,0,0
9bqj,active,263,2,2,0,0,0,0
9bqj,active,264,5,4,1,0,0,2
9bqj,active,265,1,1,0,0,0,0
9bqj,active,266,1,1,0,0,0,0
9bqj,active,267,2,2,0,0,0,2
9bqj,active,268,3,1,2,0,0,0
9bqj,active,271,3,3,0,0,0,0
9bqj,active,272,3,3,0,0,0,0
9bqj,active,273,5,4,1,0,0,0
9bqj,active,274,5,5,0,0,0,0
9bqj,active,275,5,5,0,0,0,0
9bqj,active,276,7,6,0,1,0,0
9bqj,active,277,5,5,0,0,0,1
9bqj,active,278,6,6,0,0,0,0
9bqj,active,279,6,5,0,1,0,0
9bqj,active,280,6,6,0,0,0,2
9bqj,active,281,4,4,0,0,0,0
9bqj,active,282,6,6,0,0,0,0
9bqj,active,283,5,5,0,0,0,1
9bqj,active,284,6,6,0,0,0,2
9bqj,active,285,6,6,0,0,0,0
9bqj,active,286,5,5,0,0,0,1
9bqj,active,287,6,6,0,0,0,1
9bqj,active,288,5,5,0,0,0,2
9bqj,active,289,6,6,0,0,0,0
9bqj,active,290,6,6,0,0,0,3
9bqj,active,291,6,6,0,0,0,6
9bqj,active,292,7,6,1,0,0,2
9bqj,active,293,3,3,0,0,0,0
9bqj,active,294,3,3,0,0,0,0
9bqj,active,295,3,2,0,1,0,5
9bqj,active,296,5,4,1,0,0,0
9bqj,active,297,3,3,0,0,0,1
9bqj,active,298,3,3,0,0,0,4
9bqj,active,299,5,5,0,0,0,0
9bqj,active,300,5,5,0,0,0,1
9bqj,active,301,7,6,1,0,0,0
9bqj,active,302,6,6,0,0,0,2
9bqj,active,303,6,6,0,0,0,0
9bqj,active,304,6,6,0,0,0,2
9bqj,active,305,4,4,0,0,0,0
9bqj,active,306,3,3,0,0,0,0
9bqj,active,307,3,3,0,0,0,0
9bqj,active,308,2,2,0,0,0,1
9bqj,active,309,1,1,0,0,0,0
9bqj,active,310,1,1,0,0,0,0
9bqj,active,311,3,2,1,0,0,0
9bqj,active,313,5,4,1,0,0,0
9bqj,active,314,1,0,1,0,0,0
9bqj,active,315,4,3,1,0,0,0
9bqj,active,316,5,4,1,0,0,0
9bqj,active,317,6,4,2,0,0,0
9bqj,active,318,5,5,0,0,0,0
9bqj,active,319,7,6,1,0,0,0
9bqj,active,320,6,6,0,0,0,3
9bqj,active,321,7,6,1,0,0,0
9bqj,active,322,5,5,0,0,0,1
9bqj,active,323,6,6,0,0,0,0
9bqj,active,324,5,5,0,0,0,2
9bqj,active,325,7,6,1,0,0,1
9bqj,active,326,5,5,0,0,0,2
9bqj,active,327,5,5,0,0,0,0
9bqj,active,328,8,5,2,1,0,0
9bqj,active,329,6,5,1,0,0,0
9bqj,active,330,7,6,0,1,0,0
9bqj,active,331,7,5,1,1,0,0
9bqj,active,332,3,3,0,0,0,0
9bqj,active,333,4,4,0,0,0,1
9bqj,active,334,4,4,0,0,0,0
9bqj,active,335,4,4,0,0,0,0
9bqj,active,336,1,1,0,0,0,0
9bqj,active,337,2,2,0,0,0,2
9bqj,active,338,4,2,0,2,0,0
9bqj,active,339,3,3,0,0,0,3
9bqj,active,340,2,1,1,0,0,0
9bqj,active,341,2,2,0,0,0,1
9bqj,active,342,4,4,0,0,0,0
9bqj,active,343,4,4,0,0,0,0
9bqj,active,344,4,4,0,0,0,0
9bqj,active,345,5,5,0,0,0,3
9bqj,active,346,7,6,1,0,0,0
9bqj,active,347,4,4,0,0,0,0
9bqj,active,348,4,4,0,0,0,0
9bqj,active,349,2,2,0,0,0,0
9bqj,active,350,3,3,0,0,0,0
