position,wildtype,GPCRdb,SSE,pos_mouse,n_missense,Naltrexone_mean_missense_effect,Naloxone_mean_missense_effect,Nalbuphine_mean_missense_effect,Buprenorphine_mean_missense_effect,Butorphanol_mean_missense_effect,MP_mean_missense_effect,TRV130_mean_missense_effect,PZM21_mean_missense_effect,Methadone_mean_missense_effect,C6guano_mean_missense_effect,Morphine_mean_missense_effect,SR17018_mean_missense_effect,Fentanyl_mean_missense_effect,Carfentanil_mean_missense_effect,DAMGO_mean_missense_effect,NoLigand_mean_missense_effect,surface_mean_missense_effect,Morphine_mean_logEC50_M,Morphine_mean_emax,Fentanyl_mean_logEC50_M,Fentanyl_mean_emax,DAMGO_mean_logEC50_M,DAMGO_mean_emax,PCA_position_PC1,PCA_position_PC2,PCA_position_PC3,PCA_variantmean_PC1,PCA_variantmean_PC2,PCA_variantmean_PC3,EC50bias_diff_MorMinusFen_logM,EC50bias_q,EC50bias_sig,Emaxbias_diff_MorMinusFen%,Emaxbias_q,Emaxbias_sig,gprotein_contact_class
2.0,D,,N-tail,2.0,19,0.05905697621748245,-0.04161340944103091,-0.02583527113629279,0.0021685228450904993,0.02074089960575199,0.023685502744937567,0.029917211099550634,0.04072748693477181,0.08796342857207341,0.031073507215291965,0.0823119492786395,0.05450332559493116,0.1251704210710977,-0.0031104221215813104,0.011661673243279524,0.01597298083302203,0.03903003284210526,-8.13091634920464,-0.5615387374471448,-8.04628165255761,-0.49727902317102585,-9.138129243238373,-0.6082027633041098,,,,,,,-0.1257852930465919,1.0,False,-0.9708035990100504,1.0,False,
3.0,S,,N-tail,3.0,18,0.06333477928812829,0.008587650866170669,0.002490449238426366,-0.008562636033823878,0.0024878885292991225,0.0023916553038199327,0.04143376531929506,0.0909924393044486,0.033143733187877195,0.0318155989106114,0.12865119413226891,0.06259778356285713,0.17252883158980525,0.019652946396858828,0.030500538927131796,-0.01907026706413822,0.03033684738888889,-8.169791896477532,-0.5978849347590157,-8.191343074728843,-0.5182576135102243,-9.144129896689556,-0.65640380813069,,,,,,,-0.015644924912781,1.0,False,-3.8498081085604374,1.0,False,
4.0,S,,N-tail,4.0,19,0.02321309033532216,-0.02055898537066328,0.010281273797701922,0.024851925672791438,-0.014053973225739105,0.04301579117558957,0.039239059995940594,0.07775716281803054,0.04153240040878837,0.06382027444005403,0.09876695418004137,0.08030630498813088,0.12912790860133685,0.03101461960685108,0.021132252417741925,0.0038726965893376066,0.03609244931578947,-8.216561889999278,-0.6056279782455701,-8.475859901713395,-0.4975890409805057,-9.101028548324654,-0.6436421364980385,,,,,,,0.207161622921733,1.0,False,-9.921314502912892,1.0,False,
5.0,A,,N-tail,5.0,19,0.03387558561463903,-0.02383125191011344,-0.014432869238665188,-9.179762381518901e-05,-0.029947260973587547,0.007334267981875953,0.015609313595594058,0.048148213905078216,0.08889744565103226,0.07572552288424665,0.09575621272312564,0.09987130983719361,0.15570131566774514,0.026293821374408295,0.04211294656801273,-0.028286034632329406,0.038975209315789475,-8.093066052402667,-0.5708593815083439,-8.224057437297951,-0.4977325139132706,-9.201752225513555,-0.6444376128441753,,,,,,,0.0903543683383443,1.0,False,-3.9188650995028103,1.0,False,
6.0,A,,N-tail,6.0,19,0.044275297537767024,-0.08496748954283967,-0.0582141673662751,0.02039062705944991,0.008699101414831647,0.014544440664508974,0.03334836835061547,0.04627713489256067,0.07190523839174641,0.07108543403741324,0.08382413675614704,0.041210292435259935,0.11765303957389828,0.02736743982148446,0.04246458656377499,0.021441250440120463,0.050245176999999995,-8.07288599707634,-0.5777119670197385,-8.354343834754278,-0.5224291422043742,-9.101190021010028,-0.6336394879907853,,,,,,,0.2303963206095982,1.0,False,0.9284810853032344,1.0,False,
7.0,P,,N-tail,7.0,19,0.03235872365592811,0.02889650648271702,0.02716594288308663,0.06415808631498357,0.035918900947112094,0.06105199508225193,0.05676418683597656,0.07727804494364396,0.07675322386178825,0.08526548280037738,0.11361484099101277,0.0893179965302253,0.14909822410741141,0.039342836566960415,0.0646477287525346,0.0069479937078085795,0.07040377268421052,-8.03530575303133,-0.6138362268049473,-8.260960639413064,-0.5160518166854432,-9.087961980067464,-0.6703808819346172,,,,,,,0.1745933693133885,1.0,False,-7.171823554796641,1.0,False,
8.0,T,,N-tail,8.0,19,0.07069914812926913,-0.015213102501455314,-0.022457080890283882,0.023633132240894483,0.009905935880933464,0.0880406409019644,0.04486655117533506,0.07460987942297952,0.05659574646778302,0.06645446766207486,0.13689625046941942,0.09479681113468462,0.14496339990724771,0.033821870383988935,0.055639905500386874,0.000851441571119784,0.06432568326315789,-8.127408624243277,-0.6030568193929243,-8.405887696751497,-0.5096211921751058,-9.09971043324354,-0.6520128080386952,,,,,,,0.1595861507755369,1.0,False,-5.567283405958778,1.0,False,
9.0,N,,N-tail,9.0,19,0.03769234286289817,-0.04149939548011289,-0.024242659697540553,0.011288076528538488,0.0016950622894664842,0.021001989921533574,0.09016549495355608,0.12326982788886846,0.08702485087607613,0.06873974564152295,0.10741970725028734,0.09932947452996892,0.18130933870427393,0.055099596350789884,0.06834798647742589,0.005872975123812636,0.1255964877894737,-8.10941139903195,-0.5968713508306233,-8.103403811669384,-0.5427764850085272,-9.048570024339698,-0.6335035787766343,,,,,,,-0.0493996447219764,1.0,False,1.139510705450709,1.0,False,
10.0,A,,N-tail,10.0,19,0.07131449647705285,-0.011915853553968904,-0.010371290646141394,0.010825455616637274,0.008025884336314668,0.013105213300242289,0.03374449129787196,0.08315769950807647,0.05669216661051141,0.0717182029035296,0.11337905962254602,0.11196207893348062,0.13676389282098,0.016549323682375414,0.04974505453061617,-0.0024916084713752056,0.05444566326315789,-8.114485500088218,-0.5891216208314752,-8.298767597410096,-0.505183695092796,-9.112960751887295,-0.655181774282096,,,,,,,0.1449194596258873,1.0,False,-6.034949947382896,1.0,False,
11.0,S,,N-tail,11.0,19,0.041907274438866916,-0.03382987290419296,-0.022925724851227458,-0.033412526432503274,-0.046979494185068076,-0.024641682601300174,0.036482469612554094,0.06615579895800519,0.04600574109624048,0.0471461856478114,0.09897005858665016,0.0671525067463229,0.11781401376901242,-0.022479567593797253,0.024705828038589804,-0.007122405397042316,0.073076765,-8.140964017679963,-0.5742272376434832,-8.280570468612177,-0.4940482778265359,-9.06755864476267,-0.6377695358065566,,,,,,,0.1021434938621812,1.0,False,-4.376909851030164,1.0,False,
12.0,N,,N-tail,12.0,19,0.04728547093296326,-0.009225331640222243,-0.02655188927753309,0.01810668863044586,-0.013100617652069732,0.03889161136695227,0.0139536817134877,0.06604059893531171,0.05396443961834778,0.015431559178157826,0.09662246187214496,0.07375832564561606,0.16800776152629143,-0.005782747083624605,0.015013884583861273,-0.007581496058714716,0.11875823294736841,-8.084687325669417,-0.6034755620347628,-8.165712481039058,-0.5378936243681135,-9.108540504957968,-0.6247755228152726,,,,,,,0.0128298201410839,1.0,False,-0.6525337920957117,1.0,False,
13.0,C,,N-tail,13.0,19,0.03946434054311846,-0.013104899912759042,-0.0037693151494278894,0.051644780611158604,-0.0029017193354812505,0.04187498082266011,0.01292394260017002,0.06450609039546248,0.051405369300019293,0.03951642136111935,0.0860051214255857,0.06079111099384509,0.13550784891252685,0.02791779658653801,0.046172783869432237,-0.027468568975258914,0.10402207010526317,-8.315671970379503,-0.6071999877892327,-8.324480795150208,-0.5328369438306935,-9.170034967740735,-0.6200081141705835,,,,,,,-0.0408582452448982,1.0,False,-2.7007658606660776,1.0,False,
14.0,T,,N-tail,14.0,18,0.046068657198229,-0.008189650273003467,-0.04811973030946948,-0.015731330123499008,-0.024587610667807857,0.05297436987597026,0.0328940416204407,0.05426834759724649,0.04355380265101966,0.04759783293403324,0.08662589900159601,0.043059687314983885,0.13434356046125626,0.032992353687293675,0.017109730625418106,-0.01651047415214292,0.07021569011111112,-8.167811429370529,-0.595675592743512,-8.568586338180477,-0.495158254923182,-9.162359278446477,-0.6348712499126268,,,,,,,0.3730619412574345,1.0,False,-8.282073506264664,1.0,False,
15.0,D,,N-tail,15.0,19,0.021645015839008967,-0.023687201988582065,-0.023598790624983774,-0.014571578181170807,-0.029908407144437942,0.030593872109859244,0.034589265067805484,0.10050740375251416,0.04903820466987976,0.031767390265294626,0.08550919106566673,0.06503779809687871,0.11291336105081563,0.018455891782583802,0.019880908001627454,-0.025824138898008553,0.02551407763157895,-8.108617201343492,-0.6005337248972742,-8.364070873020632,-0.49198639929533144,-9.127648242049066,-0.6497763131709501,,,,,,,0.2533990983131069,1.0,False,-10.498846530232608,1.0,False,
16.0,A,,N-tail,16.0,19,0.02716010851126885,-0.003973267597589415,-0.05856750500013269,0.020582116645898936,-0.02273098407957015,0.04840796504854482,0.07101858747260642,0.08820127532431882,0.08129087179207897,0.04628634055399669,0.08618930518105046,0.04558733461918424,0.1511969989601978,0.036232711958867944,0.02167667801393738,-0.0060087992233068994,0.06821994115789473,-8.256039504294463,-0.5855951285672543,-8.268352629888977,-0.5146470857495227,-9.179449757948328,-0.6202051412420979,,,,,,,-0.0303149356465812,1.0,False,-2.2929514031539755,1.0,False,
17.0,L,,N-tail,17.0,19,0.03649422459871382,-0.015395836641862328,-0.03309242929381303,-0.01673076246414248,-0.013124548364634751,0.04130267181468392,0.04658855580952347,0.08747264711545831,0.06744696328818715,0.058819308470491716,0.08508341459811324,0.056627856977229746,0.1485164520621236,0.023962776033804298,0.013946969169831385,-0.008456812454358274,0.1216216052631579,-8.008755876481905,-0.5986003448340123,-8.16934823510053,-0.5319737276800303,-9.133700242895362,-0.6493130101527459,,,,,,,0.1227205866342533,1.0,False,-1.044969626062242,1.0,False,
18.0,A,,N-tail,18.0,19,0.024194201261977948,-0.030421793255736164,-0.02663241101380545,-0.002927481271363764,0.002223176831253111,0.02499563957566582,0.04789623176875298,0.08163986568483801,0.024764728186477583,0.07663033426288365,0.09836232028634458,0.08815336527041458,0.18649224095978334,0.04734038858047578,0.022392997050456727,-0.028284007318817854,0.08680278936842105,-8.014451657523905,-0.6102523424760371,-8.308632948876964,-0.5082984270889883,-9.183815313219592,-0.6167545517179406,,,,,,,0.2551429679787507,1.0,False,-8.349847051137305,1.0,False,
19.0,Y,,N-tail,19.0,19,0.02346700339010368,-0.031578445280361266,-0.003299097569242737,0.007903630136280773,-0.03289032699999638,0.02925218988490823,0.05134932703605251,0.04536379577040726,0.053273284158159705,0.020227081559652877,0.11571212275636818,0.08793555691048832,0.1588125323434031,0.01935215914394327,0.013018625375192702,0.010595318486435142,0.07842860489473684,-8.159103192131987,-0.597516773719604,-8.299024540089,-0.5194276487989672,-9.119376012805112,-0.6428451197323032,,,,,,,0.1076469542737807,1.0,False,-4.197106906427028,1.0,False,
20.0,S,,N-tail,20.0,19,0.06910350973997705,-0.03187692184818816,-0.002936712259150563,0.020514744140382846,-0.01618365444509905,0.040133441837115265,0.0735052060289207,0.0682725036195407,0.05776717377024454,0.061243989738811976,0.11351306297877042,0.04981918379662327,0.15198224124600512,0.040241033158293096,0.04155634508276641,-0.032700054621091774,0.09894354415789473,-8.093351878132212,-0.6020122987886145,-8.237773712150132,-0.525627155540137,-9.079582305508586,-0.6555388485098053,,,,,,,0.0854954694393868,1.0,False,-3.1741318522742876,1.0,False,
21.0,S,,N-tail,21.0,19,0.06936137016626027,0.0028001220523304793,-0.055832702523319726,0.008045737917469863,-0.00437074151788253,0.03249736771168541,0.03363895151508517,0.08439706993808026,0.050289679122860476,0.10996476249027595,0.07782468846099282,0.08351656302483479,0.20102993990127055,0.05308189807040934,0.030318828354283005,0.001591359508911202,0.10917778157894736,-8.142758255109298,-0.5968425762094317,-8.284969624140384,-0.5164387839239112,-9.167477046728267,-0.6205957805982161,,,,,,,0.09114985196274,1.0,False,-3.907258987813056,1.0,False,
22.0,C,,N-tail,22.0,18,0.04505006691944606,-0.02813900256236974,0.007679593111805612,0.02707566561433476,0.009257154205357901,0.03917283539078251,0.06004449380942996,0.07655485515136631,0.028961581457363002,0.03461718032909851,0.09376937825686729,0.06619734987059436,0.160651737288229,0.06199064417596807,0.02677795917847325,0.023021560728940075,0.06699377270588236,-7.936395704546667,-0.6086595117093242,-8.079386521828688,-0.5213642870341189,-9.137474039122495,-0.6636204738233278,,,,,,,0.1210101103506318,1.0,False,-5.46742346910829,1.0,False,
23.0,S,,N-tail,23.0,19,0.07024515516126864,-0.03576064774508748,-0.0018105594608454271,-0.006272324285541495,-0.011303050790409419,0.03420131043985236,0.03210652097045355,0.062139298236028366,0.07096733649042121,0.06641206222828167,0.10730014839172358,0.05137083695895086,0.17599310745385635,0.05454739500661006,0.04508573697720477,0.03278841529332871,0.056096043473684215,-8.044369512089553,-0.5899667916571596,-8.38111645302394,-0.509470067368321,-9.125802147384704,-0.6355981422116261,,,,,,,0.2743680042845575,1.0,False,-3.761344736353056,1.0,False,
24.0,P,,N-tail,24.0,19,0.04737391214645711,-0.051390818032339636,0.012560957471777821,0.014736842216723453,0.004637482453861264,0.016866962208446627,0.05041275790691718,0.07688028688873688,0.08764162396784093,0.06740172456048138,0.06694953509401746,0.050227507585282424,0.16745931671822153,0.039672020339148746,0.04707988376669495,0.010081036413579412,0.07036272484210526,-8.09765510680301,-0.6039720520316393,-8.190627552859192,-0.5197719413139087,-9.08030970788772,-0.6115570703066264,,,,,,,0.0419109289878427,1.0,False,-4.546484483626113,1.0,False,
25.0,A,,N-tail,,19,0.012558844558725362,-0.03081568685546532,0.0063484659370829895,0.04020777991378396,-0.008787019428665072,0.03752450274426257,0.0205805520559795,0.034605822050796486,0.0025610404251312107,0.060362522594948946,0.05411990206090617,0.06024053937545541,0.14956256092341746,0.03595104456529122,0.022564905330216815,-0.01227372788434931,0.09587083226315789,-8.225519176826246,-0.5961996645860378,-8.404259042834434,-0.5095382860304378,-9.068128368374417,-0.654447346470837,,,,,,,0.1623866077094771,1.0,False,-5.244657303439616,1.0,False,
26.0,P,,N-tail,,19,0.04294143221878229,-0.0294970234286342,-0.02646150519060365,0.028235367151626545,-0.010608942006418641,0.004859540980881248,0.012146730931704456,0.05733093445949305,0.02554458560258204,0.052691271150793605,0.07722207858726027,0.07260358564917256,0.14801305719646257,0.014218829106188307,0.03482108178444704,-0.027001557536499406,0.08178294494736842,-8.246837496406565,-0.5730836146522372,-8.060055252238826,-0.5324667000024993,-9.030564523129387,-0.6380620967954944,,,,,,,-0.2378437612360802,1.0,False,3.8929262064380863,1.0,False,
27.0,S,,N-tail,25.0,19,0.04671680905311332,-0.012058374291481568,0.0067033188114058425,0.03995028838665285,0.010745786871749452,0.025795946610597205,0.086199331799479,0.062119774086666406,0.04883739327671797,0.03553873350346035,0.11187154186706438,0.04844230727226797,0.16030244410390906,0.04365209979956531,0.02940873519763232,-0.0013393423031086383,0.054051563421052634,-8.060453393439229,-0.5823833671525126,-8.497604099518844,-0.5212547426449047,-9.06991784665361,-0.6260946271207024,,,,,,,0.3860891890112707,1.0,False,-0.1920809565212131,1.0,False,
28.0,P,,N-tail,26.0,19,0.020788412295207732,-0.03710428334132605,0.004697640939547269,0.013811342620929845,0.017606857834601853,0.04656100496311992,0.08792588556647059,0.07223049107909937,0.05572381049432803,0.06489201328717187,0.14319492988586766,0.0902206088797669,0.17290028751541936,0.07277338297930713,0.03897919623244889,-0.025067506816792984,0.11238495005263158,-8.145580413910206,-0.6188744271153217,-8.389710696674815,-0.5222656317853107,-9.1376467080106,-0.6259824050138121,,,,,,,0.2065306244828555,1.0,False,-6.563506427649912,1.0,False,
29.0,G,,N-tail,27.0,19,0.052732234588941586,-0.025210466711664447,-0.008713092319990347,0.0019767674439986897,0.01190042184998349,0.05053942240948397,0.049545802792712264,0.11764708858000876,0.07727490926227955,0.11372765840097683,0.06741811911965885,0.1057318384974379,0.16044489340411947,0.05599986771583215,0.05494757790571861,-0.03999901451023353,0.06314381321052631,-8.029840802413867,-0.5885878577417593,-8.10543124034563,-0.5245854085268303,-9.140502929978279,-0.6359275734726436,,,,,,,0.0153280837309175,1.0,False,-0.0201858164158732,1.0,False,
30.0,S,,N-tail,28.0,19,0.07177969026461857,0.0103896643485218,0.024679008179402568,0.008412861665075716,0.035381162086331415,0.07231180695013387,0.07940669443618004,0.10824518330212922,0.10467133526375688,0.06299080318561934,0.09548032214313773,0.12815008407495004,0.16094770912126818,0.03907196875507395,0.04985467524029801,0.017182727640536043,0.03553290052631579,-8.066353019391437,-0.6151776718396684,-8.31210209953332,-0.5354833765748072,-9.000822348074092,-0.6444743037884113,,,,,,,0.194687563073538,1.0,False,-3.3629343779219667,1.0,False,
31.0,W,,N-tail,29.0,19,0.08181550500400335,-0.008319771390964053,0.01825161677220905,0.0414619953961447,0.03252006134700371,0.07924290958039115,-0.018906440442603083,0.11133319520747302,0.05782255707963363,0.042858817930093086,0.07014747762901435,0.06535111677608876,0.14875505785611684,0.01995159718208582,0.046594809083117104,0.013778098251290847,0.032376046894736846,-8.075446122671792,-0.5892016760705939,-7.991218170195658,-0.5248555953490827,-9.121206362864742,-0.6658518771290253,,,,,,,-0.1268925326898813,1.0,False,0.0578163642870332,1.0,False,
32.0,V,,N-tail,30.0,19,0.06577089821220779,-0.02731991320877176,0.004034333242679616,0.052435666768789975,0.030629145042671703,0.023720614219962657,0.04181698564315653,0.05841835016113868,0.05689818558772846,0.04202320560535598,0.11226334071298467,0.0811673703126557,0.18753032448659446,0.009061305971248957,0.044529129010551144,-0.029461331049596667,0.07570004621052631,-8.12852809045468,-0.6012189472772446,-8.157289991951707,-0.5356175504247557,-9.170731201852753,-0.6324857678357004,,,,,,,-0.0222996155713151,1.0,False,-0.7197747883060046,1.0,False,
33.0,N,,N-tail,31.0,19,0.04546301059040823,-0.02835218095490397,0.014947063035810238,0.03816437061442444,-0.012931101938945798,0.04791073796122454,0.05987291954837373,0.07642420221251257,0.0800686342958873,0.11110638516846003,0.12327669292736274,0.08614686533235723,0.1663164602905788,0.07689687442201694,0.049036456292730436,0.03215159851915774,0.032630992473684214,-8.121767605836423,-0.6109288273775006,-8.14437402912679,-0.5125032219488891,-9.063590736508035,-0.6347061569913415,,,,,,,-0.0368380985590892,1.0,False,-7.205536194972351,1.0,False,
34.0,L,,N-tail,32.0,19,0.009738253200030179,-0.002037019601846452,-0.04879233337323599,0.01704396712445741,0.006779997028985563,0.04500809089871473,0.013636511409485108,0.06930826191064365,0.044314612207389456,0.04443866309184248,0.07234197368794358,0.05737321089923027,0.1578359679673333,0.036578313862476036,0.03080151785224683,-0.002941047351539915,0.01582763426315789,-8.092106406621413,-0.5915922968854767,-8.37032445682433,-0.49672775093415583,-9.153207518327239,-0.6415046028974528,,,,,,,0.2271565331345737,1.0,False,-7.04223570859699,1.0,False,
35.0,S,,N-tail,33.0,19,0.03409001038680484,0.021579757592243898,0.02099910678135806,0.05289498570389315,0.00865744854544205,0.008008212746086126,0.0824927229591323,0.053756123355653336,0.05557359064676636,0.08034026961053638,0.11010717929835244,0.050748139317342185,0.14420512099088062,0.059093669588858505,0.054532348683106836,0.026928702283043088,0.00339006963157895,-8.080340170137251,-0.6086073107074531,-8.189181935588843,-0.5232930500145718,-9.085900403965548,-0.6295534817881617,,,,,,,0.0593595890179692,1.0,False,-4.501866658379193,1.0,False,
36.0,H,,N-tail,34.0,19,0.032926840274311676,0.008346143739798384,0.03525530538226971,-0.0003840828893367956,0.0027919160502197734,0.07606539845548684,0.056787276054645335,0.08968183327861136,0.06772958364901834,0.06720253728201941,0.10805288193994533,0.05144010057180343,0.12921218988581365,0.04260548260614829,0.04249384555474029,0.004939177105730795,0.04069268194736842,-8.03405379569294,-0.6010931110630355,-8.090801741312088,-0.5143556661505114,-9.130715610642977,-0.6376595472382419,,,,,,,0.0056864285508098,1.0,False,-5.138848965781783,1.0,False,
37.0,L,,N-tail,35.0,17,0.014882717275791484,-0.016238300256125132,-0.029205051812998283,0.005738201754478223,0.02059113414239986,0.056631338549728974,0.013530816673821241,0.0966288105359413,0.06676360240981075,0.015715561681770077,0.05751791887455565,0.0605527059646707,0.09452621799036243,0.03690334215293278,0.0062824330565341355,0.001864084578636452,0.06482787158823529,-8.074978056393494,-0.5735200945903787,-8.127298794998211,-0.5240271590292208,-9.100101140988263,-0.6280859502328633,,,,,,,-0.0001768708867722,1.0,False,1.8023852327377456,1.0,False,
38.0,D,,N-tail,36.0,19,0.02523189396351694,-0.06475371166521153,-0.034061497949926835,0.053482886942736875,-0.02635340406713034,0.043666553614103064,0.04432217484798382,0.08308115963684219,0.04538912226787026,0.06344301849390584,0.1280159886828341,0.02092673723795998,0.130285443346682,0.01530348603769391,0.014529872065468352,-0.01777479992288956,0.008669419578947369,-7.952271310605631,-0.5792676548747965,-8.279325599805187,-0.5099248008017476,-9.03803232063616,-0.6338589572798645,,,,,,,0.2759927721312172,1.0,False,-1.9757417313281067,1.0,False,
39.0,G,,N-tail,37.0,19,0.03014537536716802,-0.03411415270961231,0.018076230367732125,0.01306626361976531,0.007164822791676417,-0.050842682278206305,0.04401265081243622,0.08478568898149205,0.06698699908094445,0.039633720227843214,0.08156862333774968,0.08041328802723402,0.16517707030464682,0.026916105229332767,0.04293794867997392,-0.010945165282879346,0.062435109210526314,-8.081145794938399,-0.5977342582522492,-8.097611533055668,-0.508216627678502,-9.081617805633243,-0.6516224339329438,,,,,,,-0.0338045952659804,1.0,False,-5.912618195989761,1.0,False,
40.0,N,,N-tail,38.0,19,-0.0012615376131008425,-0.024668274718136676,-0.02800453905555312,-0.05272281767887195,-0.010664528805414254,0.024744223277810295,0.0521011387155351,0.07490141472822648,0.03910264594228903,0.04179428565779335,0.027262480370161733,0.04720915331648415,0.08715969786852418,0.03235349924041333,0.0003700250698324517,-0.011615138583416612,-0.03654053594736842,-8.094482068163025,-0.571429774495384,-8.145592868916221,-0.4979230444936828,-9.016606364064046,-0.637764682832672,,,,,,,-0.003298364638324,1.0,False,-3.1571909126318687,1.0,False,
41.0,L,,N-tail,39.0,19,0.062150513985411084,-0.011065005259254178,0.004659970138411652,-0.000536135325105147,0.014292229449437694,0.06534213681798073,0.03871773250951728,0.09109514535095757,0.026081395675471648,0.11393652362037239,0.10419167756536055,0.0863366188621921,0.14973871954270354,0.010722801684264462,0.05553075345221979,0.00031252708794347845,0.01714107089473684,-8.205460507137476,-0.5910551894782522,-8.361950507815685,-0.5204081035677972,-9.152338729108067,-0.6419436831502972,,,,,,,0.0898175112937114,1.0,False,-1.5530189812970487,1.0,False,
42.0,S,,N-tail,40.0,19,0.016540429292664895,-0.021564661306105893,-0.05073510509187304,0.029618925130007755,-0.0073259740001975744,0.004036523279979101,-0.0012826150167223784,0.06888285960528334,0.03522494303012762,0.04129121870484492,0.1011137199012462,0.037060673658242546,0.12659849607601004,0.03278174969065858,0.029503977959105632,-0.03326480643527638,0.005209947421052632,-7.994733229647681,-0.5909087172671653,-8.135143958868122,-0.5190415125738087,-9.094981812463338,-0.6259320418288659,,,,,,,0.0893492121520962,1.0,False,-2.251731254109801,1.0,False,
43.0,D,,N-tail,41.0,19,0.02185867259701004,-0.040632968029030735,-0.018304010146280615,0.023504851341800036,-0.011882662686105083,0.02479696839661946,0.021364918932393454,0.07401713832167311,0.00295742987272009,0.059864508767462195,0.10021504091089635,0.0577339144867719,0.16488692610805503,0.047661336274369706,0.038382205318107813,0.0013632159761259204,0.036499895368421055,-8.014729561231661,-0.6052945629282087,-8.417038866878423,-0.48837473742429216,-9.022278290368883,-0.6144543607407293,,,,,,,0.3512477885784228,1.0,False,-11.354666814224547,1.0,False,
44.0,P,,N-tail,42.0,19,0.016863787674050227,-0.03109177405493465,-0.05225873955675026,0.015093618750785593,0.006313958938076168,0.03212210856032821,0.060639214693731534,0.07097346664220189,0.06110220917296798,0.06935459577976295,0.09106181240520497,0.05030947486050884,0.1251263891377076,0.034123470804829165,0.020829699705018516,-0.013092408657308995,0.004252343473684211,-8.133200512275462,-0.5744582574258893,-8.226086425554668,-0.5015647537670408,-8.987523489013249,-0.6157522879025406,,,,,,,0.0418243962108615,1.0,False,-2.821539285231034,1.0,False,
45.0,C,,N-tail,43.0,19,-0.02006445431905458,-0.04196120619976825,-0.0672631033334748,-0.0007720866435020893,-0.03390279434796897,-0.021056077516959325,-0.003311559415196743,0.06060510984667453,-0.022313965871216025,0.04040391976548887,0.05956058407259218,0.0502058240021039,0.1163330032342161,0.021123871733460874,-0.0018666865343840893,-0.02956800608637795,-0.16020854568421053,-7.944562808149023,-0.5620429115821443,-8.012429977454275,-0.4649323189562491,-8.932716023353356,-0.5896368057490765,,,,,,,0.0168056522369104,1.0,False,-8.149872626971089,1.0,False,
46.0,G,,N-tail,44.0,19,0.026767283459642067,0.002924029685971489,-0.00463698673516669,0.021309474963684988,0.025374582213233184,0.01713551637396836,0.07293656527452305,0.07428490216543446,0.04692559887717183,0.09963995947684329,0.09229607279150177,0.09652437271210103,0.11273940790733256,0.04565775239381024,0.03191564279327277,-0.023486084524325136,0.010710439578947368,-8.135530562597648,-0.6083907254455571,-8.045344753815979,-0.5400139921040396,-9.115418966075039,-0.6356451524466998,,,,,,,-0.1010187503793069,1.0,False,-2.037307241085772,1.0,False,
47.0,P,,N-tail,45.0,19,0.04619246807143186,-0.04052324984451303,0.01100091113002093,0.026666470423576324,0.01619794709242425,0.05883385374017522,0.029747447514525422,0.09599932480589904,0.05242422530167832,0.08780932961800612,0.11259381008286817,0.04297547470311492,0.08725893290776379,0.06739421397834933,0.02962666856348746,-0.024615308069435096,0.038355586947368424,-8.119160441889449,-0.5773675742278236,-8.274792321483181,-0.5089434219946936,-9.160158890464844,-0.6169858052552074,,,,,,,0.1045703625253882,1.0,False,-1.8248255768832164,1.0,False,
48.0,N,,N-tail,46.0,19,0.008425961630946568,-0.06846594838571916,-0.020553166424148728,-0.013767571285808505,-0.02830607122001149,0.0165638075015351,-0.010256703185178085,0.0501349687482772,0.03964946618115506,0.03906699504715858,0.04126642716759628,0.0174434595176585,0.09601009795093814,0.009489766900788413,0.015489583359017144,-0.008143567539758999,-0.023570489263157895,-8.062687870844846,-0.5706708468128279,-8.304021234930277,-0.49078758427769825,-9.04838174760939,-0.6236137751049319,,,,,,,0.157841464297384,1.0,False,-3.7249401236738144,1.0,False,
49.0,R,,N-tail,47.0,19,-0.0005797265864484159,-0.00424545106032541,-0.0037152049468528884,-0.023717857600734516,0.013678023637444373,-0.004226793353966911,0.019442851373709002,0.05811660420233055,-0.005375505330962327,0.055914941702833086,0.04255855923969074,0.029753116576841286,0.06639985376711226,0.06930932179785314,0.03148866433785697,-0.00785580230462878,0.01672073736842105,-8.123582759943103,-0.5897939120466178,-8.239988898246942,-0.4890629917542847,-9.072724187032316,-0.6144139328026459,,,,,,,0.0494046233306626,1.0,False,-7.774436307046596,1.0,False,
50.0,T,,N-tail,48.0,19,0.06112998866822833,-0.03452790810139317,-0.03622390389682742,0.05976822452209395,-0.022791511382435563,-0.011504155880703372,0.03475202741241942,0.05046722164510511,0.0704892634312335,0.037786532275321805,0.06721065385825398,0.04886565929290086,0.10492888063646685,-0.0031689770731843946,0.014066968870721931,0.01101429849244132,-0.069707386,-8.018923032706729,-0.5553508200442095,-7.833128553941591,-0.5100279352139818,-9.043606323620688,-0.5787170126712121,,,,,,,-0.2246294185737758,1.0,False,1.7296412790638982,1.0,False,
51.0,D,,N-tail,49.0,19,0.07293208683232497,-0.00980742481132322,-0.01423627887355697,-0.01227543465949058,0.012113659132676612,0.06789189604447783,0.08713411706250278,0.025532959747918575,0.05838797201057712,0.0841463127389812,0.10081833083897447,0.009123288170951746,0.11095327157364586,0.015228833121090643,0.02721491479977266,0.010452604087324778,-0.03268568889473684,-8.151130892385757,-0.566446035600975,-8.180047522524257,-0.49804852321625737,-9.24301762817881,-0.5724247320190486,,,,,,,0.0385935747426735,1.0,False,-1.8332401613863292,1.0,False,
52.0,L,,N-tail,50.0,19,0.022816406443975132,0.005737736907587602,-0.021393245898850815,0.037487903979011784,0.027486419065178652,-0.002180920696622748,0.02374849806460317,0.07678098659221201,0.06115376185187473,0.03676377464639482,0.11433224898067426,0.05395129697106573,0.10375553860604049,0.046969985819201185,0.032576796935936535,0.016237661659096913,0.0033747577894736834,-8.013222779421403,-0.5669016001912441,-8.137442734941136,-0.4941858755916632,-9.067686724098303,-0.5941793611512094,,,,,,,0.0858979995342359,1.0,False,-3.283098727220879,1.0,False,
53.0,G,,N-tail,51.0,19,0.033707504869891734,-0.03741875629273644,-0.03427742559737045,-0.005160299092296032,0.03606038296783686,0.04060913263806528,0.03636097743262348,0.04300383252073738,0.025116347341281858,-0.0011028556870876245,0.04020750986478405,0.014410806792050227,0.11626986993782372,0.03615253172682576,0.01016790885959037,-0.00994031659479108,0.0032438256842105273,-8.049322002188056,-0.5827390290469566,-7.975258419999451,-0.49835238143294286,-9.101603529573866,-0.607596075884735,,,,,,,-0.0878751197652469,1.0,False,-6.133184077294729,1.0,False,
54.0,G,,N-tail,52.0,19,0.03229331974946765,-0.0237103974668721,-0.058830303723916434,-0.006033542331146205,-0.00510734383355342,0.007561920389174139,-0.030824955137055878,0.04497814850952234,0.044783269566522,0.07178028918725206,0.05684209198473673,-0.0015873620192370472,0.09650486444925471,0.009698340613106616,0.034189820683572965,-0.011287891373032495,-0.052229475736842106,-7.998858324431473,-0.5787600729102748,-8.407837293430129,-0.4745711553585736,-8.983356596195312,-0.609797348223354,,,,,,,0.331370448886819,1.0,False,-8.843501561898147,1.0,False,
55.0,R,,N-tail,53.0,19,0.03465882221220642,-0.0028575788582189897,0.008346610138621669,-0.025278082860185392,0.05859391949036781,0.08641862142077705,-0.0013632374565479468,0.004471154726512473,0.0001255703711558359,0.0553551337523805,0.09008315771652009,0.08872237616336427,0.13536409907578043,0.05805679308865095,0.033911212683292,0.005012004658616888,0.0831997607368421,-7.8787530272702435,-0.5991124204297273,-8.335399376004549,-0.4969617577884543,-9.133944283229399,-0.6046847099457668,,,,,,,0.357629063508309,1.0,False,-8.870931293237216,1.0,False,
56.0,D,,N-tail,54.0,19,0.03836295543144726,0.009268670565477038,-0.05487029768700834,-0.026882487367600513,0.003287730903531489,0.01106372857134818,0.059807530141870194,0.026174220567491937,0.016002939531264124,0.05266568073645032,0.07208952973037715,0.023280064000875907,0.06271216116805593,0.020731424948317437,-0.008213005416118982,0.015968871609622622,0.009092754368421056,-8.128044360126015,-0.5723786554200668,-8.263153798360683,-0.4819825811194603,-9.136683457407027,-0.6147089872474029,,,,,,,0.0700504638685579,1.0,False,-6.044338799240911,1.0,False,
57.0,S,,N-tail,55.0,19,0.06734447034058419,-0.02281322670595762,0.032358684084747756,0.016631059806068375,-0.002648282815065831,0.07188302497738572,0.05611007608264183,0.05482220917942385,0.06622404962457212,0.051689517837687785,0.06011448739863875,0.08163614748502995,0.13559056846954487,0.04180977310718797,0.017456287509720822,0.0046238906833134625,0.03126758089473684,-8.027793649149151,-0.574121444430706,-8.277529053066335,-0.5072627538332677,-9.09313134988788,-0.569870826764037,,,,,,,0.2167665502109201,1.0,False,-0.7444810338071317,1.0,False,
58.0,L,,N-tail,56.0,19,0.05628614245684347,-0.008829783975825563,0.009288643341263258,0.007240830651374227,0.0058842348318527225,-0.005614524309704105,0.0715839187688477,0.03474365014359813,0.055828775453184355,0.09363777612655479,0.09162845500144756,0.0431141628951517,0.13225117190736912,0.06433159020543779,0.05196248264959363,-0.014117995152886437,0.02030872342105263,-8.10240987973932,-0.5772847464460626,-7.973805351093561,-0.5193604620742093,-9.23321904094205,-0.5912022740471261,,,,,,,-0.184546043022407,1.0,False,0.4435760756277958,1.0,False,
59.0,C,,N-tail,57.0,19,0.06616074071716643,-0.03683309930342436,-0.04065558624025979,-0.002616485736355269,-0.012405047340274712,0.07042869468699867,0.024711137463458637,0.031135246800146257,0.0811887601309515,-0.006462478122322007,0.07464254425427208,0.012335590963792652,0.12911519599875204,0.013213131659667443,0.012565135053329821,-0.0211199382465232,0.044015874578947366,-7.964910676340316,-0.5804670683270986,-8.067950625168724,-0.5144990969487442,-9.014235235254816,-0.6013033233138007,,,,,,,0.0519784317600633,1.0,False,-1.2446535999707686,1.0,False,
60.0,P,,N-tail,58.0,19,0.04339756056709548,-0.02875615547213237,3.931035286059053e-05,-0.016782879369378355,0.02713721553602281,0.0005714941021211162,0.021974832866616726,0.05352229008104606,0.04351527976721316,0.054750787469297894,0.1024252231396225,0.037447478391948404,0.08955418308092522,-0.005400046046783874,0.016297154020515504,-0.0017766458410993359,-0.01185545047368421,-8.142573157871078,-0.579277399548379,-8.315645609343495,-0.4989975947868485,-9.152287473485524,-0.6301734001944157,,,,,,,0.1284224957827895,1.0,False,-4.636910470310006,1.0,False,
61.0,P,,N-tail,59.0,19,0.045364273008041,-0.022545775960472164,-0.01764394008600126,0.022922130444678012,0.00118756861212219,0.059144777104007555,0.004086854460404173,0.010507519722626448,0.02508616384607653,0.0540072554652427,0.05683739072404957,0.04774322019997925,0.10296585314392966,0.026986405392894236,0.028824831789201092,0.016467723007352757,0.03947607810526316,-8.207200654766993,-0.577466815487648,-8.081557348443821,-0.4958490921260328,-9.112479139848928,-0.6242663907842366,,,,,,,-0.2200407301335847,1.0,False,-3.8256246180354383,1.0,False,
62.0,T,,N-tail,60.0,19,0.050241895347562,-0.0014543205928305093,-0.02752601637895516,-0.032913282857415106,0.014435421222598332,0.02801577128287989,0.060069875057098814,0.00832892206659352,0.03058340634367025,0.04960048247156177,0.09967178419355616,0.02864756104505975,0.09148774037471552,0.028468849444117938,0.035461603196058296,0.022088206860349173,0.07691720252631579,-8.048519164035513,-0.574727245076587,-8.389224957239776,-0.47668490747897413,-9.058806123299371,-0.6277281645381078,,,,,,,0.200282348897236,1.0,False,-5.412783770311003,1.0,False,
63.0,G,,N-tail,61.0,19,0.0033921004025866223,0.01584588204418438,-0.02729888391091117,0.028395648711149652,-0.00975727991720031,0.05762185243209413,0.044380981366360366,-0.011847539262914554,-0.015506106805882061,0.04933471928013872,0.06094832749598536,0.06231375591737933,0.07511252981980958,0.019973562812612016,0.0379898874553855,-0.009655011139188784,0.10708098005263157,-8.131760057750487,-0.6104107227177372,-8.28937401364407,-0.48947677680434154,-9.11683941514605,-0.6196268713078257,,,,,,,0.0219049505143171,1.0,False,-12.245671962899142,1.0,False,
64.0,S,,N-tail,62.0,19,0.02991756890068145,-0.0015682965394833313,-0.029485652878161933,-0.016149190083701137,0.01451225291041156,0.06750489006223699,0.04002723273175091,0.07227007356364404,0.01454632099742382,0.004044350678938735,0.05987896639104534,-0.0020753278894997847,0.09293991373316388,0.03343603076772374,0.020644090130844665,-0.042988526652347515,0.0853428245263158,-8.099202612853533,-0.5665864367781461,-8.23293146903033,-0.48058450012147047,-9.017951768028844,-0.6054227293773629,,,,,,,0.0628360618039636,1.0,False,-6.171239006416651,1.0,False,
65.0,P,,N-tail,63.0,19,0.057822787048213586,-0.017195074654002485,0.03200118108110548,0.0906088604872925,0.050419646222992644,0.089570686358649,0.06650319089152115,0.04971505642186585,0.04218545996758133,0.05194081306039725,0.04172967122816036,0.07891082717634579,0.09447028141978146,0.03872387962787194,0.05685154984426912,-0.03159924378361586,0.10430687452631578,-8.110491323290429,-0.5907798768370205,-8.390167048959663,-0.5272834915195002,-9.091696622637572,-0.6042434879155482,-5.852390367699778,-0.1456578065424002,-0.5549880673248051,-3.5769,-0.1858,-0.516,0.2326841910880901,1.0,False,-0.6443143632105741,1.0,False,
66.0,S,,N-tail,64.0,19,0.05001288244270072,-0.06318061392819074,0.02298196316760034,-0.01688762626244055,0.05729847737810278,-0.012465853955442311,0.02386259244524225,0.048376560958895545,0.003986436562873038,0.025866321692405957,0.005189332987228773,0.05359996499953992,0.09824262921719573,-0.006778681775432259,0.03286023527816199,0.0023650278928505526,0.022568548684210526,-7.960155439018639,-0.5876560210837274,-8.252246166363328,-0.5035450900932029,-8.881976796384828,-0.6266180422089377,-4.248388525009929,-0.9598644033306584,-0.401166521010201,-2.6505,-0.6086,-0.4299,0.2148996407062062,1.0,False,-4.037170445241611,1.0,False,
67.0,M,1x29,TM1,65.0,19,0.04981242576465725,0.017208572206576466,0.014992927126793842,0.05471384506546307,0.03340083476797493,0.05685542000418618,0.04118172331786379,0.029809443099134685,0.04920847933843889,0.05933072686560726,0.10757302244339605,0.08749470207315851,0.08806055140182649,0.06975157814800619,0.047294350109653535,-0.0003058688527409007,0.13792626368421054,-7.9966835367046025,-0.5953152738556863,-7.788090678098644,-0.5388211296622745,-9.1129590002608,-0.6218199120278439,-5.7251501283802435,-0.3422233825959985,0.2999154947386419,-3.5266,-0.329,0.0113,-0.2535289892502552,1.0,False,1.2712393290584174,1.0,False,
68.0,I,1x30,TM1,66.0,19,0.04265855567468625,-0.015859213701539022,0.02661151882789707,-0.005768450288066842,0.03549398252724997,0.0029151433036681933,0.05854158463872071,0.02287755671515048,0.10000718894502747,0.014369464746527602,0.04189334845130245,0.056171684814040466,0.09005938925950893,0.05156069916770863,0.07709870307827085,0.029171469537136837,0.10536499868421054,-8.00688510381873,-0.6210455255798898,-8.18957588575391,-0.5314833772899568,-8.859393532920201,-0.6417686027449113,-5.069177461327106,-0.8853952636159538,0.1392640257545749,-3.1537,-0.6007,-0.15,0.1316292648668398,1.0,False,-5.298054525433262,1.0,False,
69.0,T,1x31,TM1,67.0,19,-0.03627045264872928,0.004331112322342827,-0.024946063884149373,-0.01120099520778347,0.028407045761985716,-0.0038030690853719158,-0.009806978740425815,-0.01070726178263048,-0.03555712543846259,-0.002458716411489785,-0.003094891025347958,0.02625420199206932,0.07357035095795555,0.02065143172320803,0.010711160563065073,-0.00482266921252328,0.15653411463157896,-7.98848493275538,-0.5841901756475053,-7.956982537258429,-0.5075823077237311,-8.991047314977218,-0.6100584388100112,-3.2963424883662418,-0.967985654391514,-0.0912123945410205,-2.0642,-0.636,0.019,-0.0565853653630492,1.0,False,-3.3670798664000134,1.0,False,
70.0,A,1x32,TM1,68.0,19,0.10730526209207947,0.06489420803717565,0.03160721179659518,0.023609553658158346,0.046094744492179936,0.04217090931185621,0.0418080319053655,-0.008841153850556898,0.01206495751029959,0.005453449328417311,0.020971605428285644,0.017225192691327298,0.07820904111717429,0.024384470456584383,0.036656529342686456,0.03304438223393441,0.068666021,-8.295984292149457,-0.5815980382138022,-8.264780081105112,-0.5266663966036738,-9.023683944785674,-0.6373309475808807,-4.833097083943973,1.1698188791095276,0.8070851082231574,-2.9573,0.5379,0.0662,-0.1280043967617778,1.0,False,1.557503986681953,1.0,False,
71.0,I,1x33,TM1,69.0,19,0.04451214855234759,0.0462505194030794,-0.04430931686579545,0.003695703102332209,-0.01685342147219086,-0.07825745186469492,0.015691211510488003,-0.010778208412745101,-0.03862926873887356,0.032336787161192614,-0.024402133009901846,-0.03971679200923968,0.05616820433278896,0.025564764946750425,-0.0014795912889989302,0.011819047189378033,-0.04767107821052632,-7.938592533931554,-0.5417625892818446,-8.200581341471494,-0.47479396378474226,-8.874503583956393,-0.615961555132524,-3.017810151140322,-0.0766476038644227,1.3169726131025157,-1.8923,-0.1373,0.7766,0.1964359887778535,1.0,False,-2.3806698534962867,1.0,False,
72.0,T,1x34,TM1,70.0,19,0.039420355121710736,-0.00462213726918119,0.060375401072432,0.001804487457879537,-0.021687800286593003,0.052999509218774186,0.011620892442642063,0.006654897243923885,-0.01761716112843269,0.009872582269444737,0.007514574121070268,0.007953225915402146,0.09135715907133948,0.03909655442539602,0.0020196859301506095,0.0014026672836102054,-0.028093879947368422,-8.085161725238601,-0.5688077653077016,-8.188480278365907,-0.49044443305464636,-9.015008371485163,-0.5647161211807027,-4.137858372864002,-0.1113201444971481,-0.1827736941547081,-2.5339,-0.1454,-0.3908,-0.0368292372549188,1.0,False,-4.361563766152998,1.0,False,
73.0,I,1x35,TM1,71.0,19,-0.01752367974059704,-0.05142686446576284,-0.1791506720362983,-0.1330000714247503,-0.09225359866827024,-0.13464296568503314,-0.09777050619294977,-0.12816455840537264,-0.24165578891251913,-0.04620687521006957,-0.09235560400611988,-0.11505951507774345,-0.03843332595894608,-0.026606146190549417,-0.03892134977046359,-0.014564447919863359,-0.16985842384210526,-7.226138859531477,-0.4803403227829347,-7.273689167984025,-0.42000336029318236,-7.285316500464485,-0.6580728480363277,1.1913677174596586,-1.8747084087935997,1.2739013728364037,0.6735,-1.0737,0.6656,0.1769177805666144,0.6891882352941175,False,-7.280413490191883,0.5665898305084744,False,
74.0,M,1x36,TM1,72.0,19,-0.0266903430545783,-0.05113435580281951,-0.010765442842326951,-0.06645298941959815,0.04054277874639359,0.005122547835700752,-0.009027817424218548,-0.028826326068620796,-0.10495767539315246,-0.0005863164332229068,-0.003739849953519459,0.03070293347387823,0.001712000951554673,-0.06308938979275158,-0.005832179814036893,-0.023880264249749875,-0.07826020642105264,-7.737553773705426,-0.5489058253080165,-8.181228601773396,-0.4307526528068211,-8.836220919512712,-0.5611933468107009,-2.390426631317951,-1.058684285343137,-0.8107883700128808,-1.5004,-0.6422,-0.4791,0.3865049981981796,0.0187833333333333,True,-12.3042784977359,1.0,False,
75.0,A,1x37,TM1,73.0,18,-0.039019036883501695,-0.016666493070542836,-0.04273071970174809,-0.09586928665829829,-0.03599950932973333,-0.022920538997174188,-0.09458270067921633,-0.03337672158301039,-0.14047407621138439,-0.06571091094543553,-0.0697402292394464,-0.09483765135731143,-0.08571616310234159,-0.007266116050826396,-0.06869959692676642,-0.009649849757426844,-0.1347033355,-7.759753379802946,-0.4919417742344826,-8.239486168247616,-0.4177667752360919,-8.7580535818994,-0.5389493056668827,-0.4508139394915236,-0.6132010158677955,-0.163233973385023,-0.2955,-0.3548,-0.1044,0.1933112293932506,1.0,False,-0.2091758237963024,1.0,False,
76.0,L,1x38,TM1,74.0,19,-0.04280503842113859,-0.07947074981083002,-0.1102902543402243,-0.05963303966964759,-0.10585529212000522,-0.06453192035327203,-0.1790543620024261,-0.18231642475899906,-0.15028657072841253,-0.07746125726669918,-0.0717703564672417,-0.06994289979203813,-0.055209880065719065,-0.02355324488996614,-0.043222305369036575,-0.027513798777189378,-0.08032586410526314,-7.413384247109754,-0.4599926696210003,-7.9263262357724455,-0.4156260285571586,-8.500975901791206,-0.5219306287737817,0.7165204459469919,-1.7387642405816086,-0.0247455219098791,0.4246,-0.9803,-0.1209,0.3816665401508583,0.1788888888888889,False,12.781167109042844,0.1696761904761904,False,
77.0,Y,1x39,TM1,75.0,19,-0.06430651331127729,-0.037311133449429545,-0.13558095353949193,-0.2006722994202657,-0.16245897697330558,-0.1380067221953189,-0.19270671879527276,-0.2299947972266531,-0.3217765661147009,-0.12642083770262444,-0.13236673622581732,-0.21548212466152145,-0.19333655065482383,-0.03742704144941817,-0.10880345917887829,0.008447781848340467,0.11265270036842105,-7.103754973913683,-0.36256953969171507,-7.300171551121598,-0.26610508496438817,-6.222692084742639,-0.6861707233684529,3.783519772575182,-1.2184746074592028,0.8376309534356058,2.2979,-0.6465,0.4513,-0.4396236672213955,0.2139741935483871,False,2.555244444772505,0.7754472727272728,False,
78.0,S,1x40,TM1,76.0,19,0.0034593473254777795,-0.0065876444224761905,0.01815387265523606,0.0030100865100948695,-0.010527581890817657,-0.019321188036519412,-0.011606251590297495,-0.027298764807796406,-0.0745098745193164,-0.003207906345718662,0.021415640909374332,0.043687275848201514,0.003539199927464176,-0.004770948031665889,-0.0005656760898441161,0.0025548384657031165,0.007279893736842104,-7.943477090734794,-0.5803455873793142,-8.47131842272632,-0.4880871321204119,-8.803335915012616,-0.581661415707482,-3.061927162834691,-0.4351781933872888,-0.0980038995900373,-1.9005,-0.3202,-0.0311,0.468919032284564,1.0,False,0.3538282596666313,1.0,False,
79.0,I,1x41,TM1,77.0,19,-0.010618714059307305,-0.016721710927974854,-0.013367310917269693,0.0075338996422499626,0.007054205877381423,-0.06854270322793243,0.004184891096517279,-0.10123432484432397,-0.1506935161798204,-0.0766877291023939,-0.06516321843418887,-0.06218473101345418,-0.12023033396387184,-0.051299300859729835,-0.10547369182985682,-0.014203037727814899,-0.23539073378947367,-7.812753185443074,-0.48922049447308413,-8.129698340451165,-0.4254825518401157,-8.698872388823272,-0.49326458585494803,-0.7827843886894938,0.4218968121118729,-0.8588768126746547,-0.4704,0.2393,-0.1911,0.4056537454674265,0.2139741935483871,False,-5.885620861883167,1.0,False,
80.0,V,1x42,TM1,78.0,19,0.0021374604733835007,-0.015197399835438885,-0.04755731206667987,-0.05874169100715799,-0.031046396799004117,-0.0720558780281986,-0.1319132179437066,-0.18616056246865686,-0.2042268349976842,-0.06274591786490186,-0.08542325042120039,-0.07026322415332775,-0.13391325652731356,-0.0828055584415028,-0.07065860677769517,-0.010512842011626717,-0.07726662463157895,-7.747215498068843,-0.42920232393140295,-7.493846018512483,-0.39000535943178166,-7.978638679718526,-0.5260536197903594,0.5592393357132207,0.2207423297368212,-0.0318419371742903,0.3506,0.1195,-0.0381,-0.2768791119258775,0.3187254237288136,False,10.000052000677252,0.4739744680851064,False,
81.0,C,1x43,TM1,79.0,19,-0.008954547500573307,0.021837351647942458,-0.016898649955046915,-0.003225463507933105,0.0084767079318076,0.05006898293858415,-0.03594485232396263,-0.09303343519896728,-0.14978150791620853,-0.0776347616555861,-0.09989433786508861,-0.11307299492133893,-0.1386647258561332,-0.02552233857939222,-0.08476077161409229,0.027385155903569637,-0.10853954,-7.986803666917635,-0.4885189363734408,-8.04334066664214,-0.4167094064340178,-8.358279889199144,-0.5227855888315143,-0.9836477446232564,1.1399115219139413,-0.8764719227343493,-0.545,0.6381,-0.4866,0.0676029470153105,1.0,False,-10.200886863711856,0.4364363636363636,False,
82.0,V,1x44,TM1,80.0,19,-0.03658498228429007,0.018544491660746704,-0.06485920758986952,-0.09175917507755721,-0.07849849296321873,0.022255089483208746,-0.06939379991504223,-0.127336883537635,-0.17177642587937578,-0.1303600630192229,-0.12815419695554797,-0.16603233126907568,-0.15748327051186753,-0.051478151594208904,-0.12612917444018543,-0.018588321868489,-0.23801283784210528,-7.840630220379103,-0.45316596217411775,-7.992414825281624,-0.4123229121166523,-8.55634268919592,-0.4721428620294409,0.9168640394878224,0.4984710101354523,-0.3157731956834083,0.6013,0.306,-0.2855,-0.1365745593704579,1.0,False,-1.885756108789371,1.0,False,
83.0,V,1x45,TM1,81.0,19,-0.0011588438303319413,0.0134336831831057,-0.0249992650208358,0.005020941708236931,0.007944994768278122,0.034948892732382345,-0.04248635222263932,-0.07108053943496401,-0.11971859109561685,-0.09430715818741285,-0.08586145501409936,-0.10935899136384129,-0.102472696709553,-0.0639462260768166,-0.04656903914946413,0.014062360603307952,-0.19097490610526316,-7.620505368208888,-0.47955301880321666,-8.383007558508345,-0.39356700342063045,-9.267960031944645,-0.45860109514800335,-1.1478425497583835,0.907608090787206,-0.7608649741951632,-0.6662,0.5078,-0.4523,0.6955938107934276,0.0279066666666666,True,-1.8262887727567687,1.0,False,
84.0,G,1x46,TM1,82.0,19,-0.024855045165807655,0.01269235346220462,-0.05113594962773467,-0.08464376440385776,-0.15094040833456465,-0.1195000137870276,-0.25612208632395417,-0.30627301199856855,-0.2692693783924318,-0.2991855862256941,-0.23566276274884201,-0.3455369319179801,-0.3418417293653172,-0.24244396673936647,-0.23292009033900835,-0.03750331006337194,-0.34613210794736843,-7.653053702743141,-0.25256626127822146,-8.471640520007053,-0.2783332948925401,-8.741637141984997,-0.3521864766810039,5.834467428440713,2.2598416980845104,-0.7820110850547539,3.6458,1.4323,-0.3634,,,,,,,
85.0,L,1x47,TM1,83.0,19,-0.05021628997337348,0.00425825825519921,-0.07702647522706305,-0.027466260592803354,-0.043981124670879015,-0.06958946809975926,-0.07934420111848889,-0.15606651980078906,-0.18162913623992208,-0.11275972132864442,-0.0931250070289657,-0.19479411414618428,-0.1839047188248574,-0.07719381133840782,-0.11350783739248643,0.009626235237272459,-0.2101833864736842,-7.8122173233987375,-0.4612815268997131,-8.013772192512446,-0.4073778370549779,-8.484850916055532,-0.5191688896807891,1.1858058096116095,0.4118496194742505,-0.5376068875790894,0.7434,0.2668,0.0336,0.0112590123696261,1.0,False,2.3382894792648763,1.0,False,
86.0,F,1x48,TM1,84.0,19,-0.013948416407490852,-0.05456629160583835,-0.050114806616311285,-0.054290322953253214,-0.053101655385811464,-0.0883435220749777,-0.0014646810117078589,-0.048891412131543154,-0.06860234495019064,-0.030916444626514668,-0.05086216006826737,-0.016925016130978705,-0.10906530928133164,-0.03471586012352104,-0.05302369205685349,0.04521820517934082,-0.209923075,-7.566929413931838,-0.5173971737910389,-7.936222845597079,-0.44830325164734425,-8.477114997500683,-0.4944412193210898,-1.0289435823993336,-1.1682974555931316,-0.1364628116679684,-0.6674,-0.6612,0.0335,0.2270354586553606,0.6347999999999999,False,3.3048996741211862,1.0,False,
87.0,G,1x49,TM1,85.0,19,0.07520423780765186,0.0666891452294958,0.04742725081960471,0.015955054461073995,0.07530288941066514,0.05159642646869026,-0.12690510923436152,-0.17354023891589468,-0.2271022299641896,-0.20348996170762312,-0.23203065848055898,-0.1772393683928223,-0.07433760645561932,-0.06136866715440979,-0.13182525411312618,0.03574330370612405,-0.3883492390526316,-8.162580761885081,-0.46252542062661123,-8.912909568872104,-0.4236164379181368,-7.693463331879349,-0.5144433582217524,0.0166502942142588,3.661327351916291,-1.0140879936959943,0.1232,2.0748,-0.9332,0.5127038818009932,1.0,False,-12.480608871263954,0.04896,True,
88.0,N,1x50,TM1,86.0,19,-0.0017565148469700146,0.027910131966719192,-0.1347949189045774,-0.09518551155569754,-0.10580539384221314,-0.11140961702045782,-0.22770027945493576,-0.2598053476591976,-0.2781286874516553,-0.23753700092319643,-0.25514291642243486,-0.2902256599363022,-0.36125540832939934,-0.18367203670260399,-0.223677500357764,0.027994170532843178,-0.4611870433157894,-8.378227749567282,-0.20034916889737317,-8.661873404797696,-0.08770496012073567,-8.962833074148605,-0.085776152834055,5.2081145899714665,1.9946326912924224,0.0665442497046048,3.2547,1.2484,0.0509,0.1791730285560602,1.0,False,17.525036113690128,0.0717090909090909,False,
89.0,F,1x51,TM1,87.0,19,-0.0004942465489229744,0.019461794051521236,-0.054327812691089536,0.05075261002760939,-0.0406568047306184,-0.0042459714370795786,-0.04559311192512272,-0.03794162874451619,-0.04274443029059957,-0.09411695418448267,-0.04769422508299666,-0.019929487664417555,-0.08278193661282864,-0.046606412139464835,-0.08184273177465592,0.0392883421519034,-0.1794096767368421,-7.494244214574261,-0.5376195294048275,-8.303176867650352,-0.39605053582660293,-8.326514354617753,-0.3051665517240188,-1.5872498379197468,0.378222675437557,-0.1829605520568948,-0.961,0.1909,-0.0381,0.2418684119804801,1.0,False,-10.576136409253843,1.0,False,
90.0,L,1x52,TM1,88.0,19,-0.06646772329001356,-0.013538010081103847,-0.04588217367531039,-0.010738628769447423,-0.02465131929174222,-0.04500753824789521,-0.09966798076592633,-0.13532242983437479,-0.1288584164316134,-0.13795248353637754,-0.11667379556559616,-0.13995082256704466,-0.12232173284012565,-0.16679958611641385,-0.1279883183319893,-0.00997757402888969,-0.25813300489473684,-8.22271858032722,-0.41958772062222083,-8.143814620617704,-0.3947582893472587,-8.516477450819627,-0.42864981815327513,1.0118066478993746,0.3871612211162276,-1.3414256626856726,0.6298,0.27,-0.463,0.1143737675202807,1.0,False,6.398001281711974,0.7682019417475727,False,
91.0,V,1x53,TM1,89.0,19,-0.06776658180598626,0.022219160718278307,-0.05302948715494391,-0.10872348221167281,-0.06561036342661956,-0.09626041977669873,-0.15028310027317393,-0.294698957186847,-0.24994954930068702,-0.22672289039181734,-0.21098400478063492,-0.27004048654163193,-0.28993543357516754,-0.23504844057849722,-0.21629539646146662,0.06369882095772468,-0.3854813195789474,-7.92381006775761,-0.2992805156793032,-8.692550066364578,-0.23603393126160355,-7.904253236835698,-0.3270716652647435,4.507877904271016,1.7109001534392216,-1.1308431825878655,2.808,1.0804,-0.3849,0.3332013181412439,1.0,False,-0.6404716008119138,1.0,False,
92.0,M,1x54,TM1,90.0,18,-0.0030651977291289226,-0.026315844857462217,-0.0801071117025216,-0.07257299595522575,-0.034928048147809726,-0.14146408455527065,-0.10925100586725485,-0.22912231984485962,-0.23049176326647153,-0.16831893475914686,-0.23746150796249724,-0.2627669814846446,-0.27609131203258613,-0.08231937533635464,-0.15095124725314338,-0.006030630150955418,-0.4789656615,-8.18049034119803,-0.34323070879256984,-8.292980739049021,-0.2626210933721864,-7.95174613112001,-0.19424980794014782,3.133553858375143,1.0651888479475378,-0.5767501706829008,1.9604,0.6979,-0.1469,-0.2716678634996734,1.0,False,9.010464497039006,0.6548148148148148,False,
93.0,Y,1x55,TM1,91.0,19,-0.01949767575635718,-0.015867868506102806,-0.05834161266390148,-0.08803678304980421,-0.100227555780142,-0.004999586764705859,-0.14240652104176074,-0.12355083153301322,-0.08277496190219412,-0.096017307696519,-0.04969145780479727,-0.055525016332567345,-0.08636377077358792,-0.005320188655723268,-0.039513407818777525,-0.000633806991942478,-0.050132474210526315,-7.714745260896817,-0.4595636175088364,-7.961556938185219,-0.4217666944953393,-8.106503336500742,-0.5013645266325742,-0.2789745146645239,-0.7800208424693935,0.3238101369889908,-0.1751,-0.4613,-0.1186,0.1361451558647584,0.6640543859649123,False,4.507955260116438,0.7294808510638299,False,
94.0,V,1x56,TM1,92.0,19,0.01078048614048247,-0.08687995453345929,-0.021122290483095288,-0.06854002170125405,-0.026224827753416887,-0.01921870211836403,-0.04782832621320337,-0.186009522782403,-0.1313562257720724,-0.0420616006740492,-0.12249972220500951,-0.056504654853803564,-0.13253922840441337,-0.07276577400908912,-0.06367955302914302,0.017271661491553486,-0.05367138557894737,-8.174435779718948,-0.46310389817864694,-8.357351676966418,-0.40090925466297705,-8.993977214083378,-0.43340763814800737,-0.1246266130596959,-0.361016759903914,-1.0949810499992885,-0.0438,-0.1733,-0.8236,0.4135699040024718,1.0,False,-2.832588551876036,0.8439221238938054,False,
95.0,I,1x57,TM1,93.0,19,0.033371942190093616,0.05185252198002929,-0.0002104271302120771,-0.022170015810689142,-0.033476774238633766,0.03435945124593421,-0.07066530336864554,-0.10550098164406724,-0.16247482675421537,-0.09774676745973745,-0.12405470753980408,-0.11014798863364987,-0.19128903215545712,-0.1092968590621416,-0.10316302457469234,0.015220395409555032,-0.4270542361578948,-7.963150447824476,-0.4288372652988956,-8.41790121523511,-0.3686394020065467,-8.95820015474854,-0.29777605204412366,-0.1398848911151391,2.0480146028429096,-0.3323445752505912,-0.0196,1.1667,-0.3488,0.3922366192308812,1.0,False,4.348012703247829,0.6548148148148148,False,
96.0,V,1x58,TM1,94.0,19,-0.014709587217759338,-0.043651428674314346,0.010386990415456038,0.009465431864988562,0.04534130881078533,0.018332554550923075,0.013248918826773698,-0.09393022602046075,-0.09629925194440032,-0.025712121477064767,-0.045077863277021006,-0.03968156430855568,-0.03350472289362437,0.00798630445538182,0.00783255910928003,0.04059445908882707,0.02622557968421053,-7.729552816738474,-0.5647443399278465,-7.903470672119262,-0.5091409913879135,-8.559203569798038,-0.5905092492630186,-2.558379958413006,-0.2675785205356878,-1.2501500104496206,-1.5504,-0.1859,-0.6568,0.1659540824137471,0.5339538461538462,False,-0.9954285679765418,1.0,False,
97.0,R,1x59,TM1,95.0,18,-0.06561855565969327,-0.05292980626440997,0.014430230550544423,-0.05037213614996569,-0.014344888357756738,-0.02296774728669547,-0.07670664519805587,-0.07830475742431275,-0.10461970138280424,-0.0345479970598874,-0.04786686970302628,-0.03668894731877015,-0.09386405989883188,-0.004731571533914493,-0.04693036668153394,-0.028734473660584667,-0.18525681466666666,-7.799882272125746,-0.5205549711920016,-8.027116590276957,-0.45894353674320754,-8.622491649557672,-0.5722329773426691,-1.1694256806256504,-0.9369557148261468,-1.16614676807565,-0.7283,-0.5366,-0.4988,0.1184584128041077,0.6418934579439252,False,-3.871990196207486,1.0,False,
98.0,Y,1x60,TM1,96.0,19,-0.050725707271623635,0.02965154174795255,-0.038783539993268244,-0.05118435850733608,0.006559538387609769,-0.0092309849699044,-0.022405757239069242,-0.14522002971755532,-0.08366548977168003,-0.054547742668830675,-0.03798351985001234,-0.05328292229929463,-0.07532023422359937,-0.025364881122543575,-0.03448541981408513,-0.013730594420171426,-0.05951083200000001,-8.02123161880024,-0.5155918165809864,-8.024354542586579,-0.4600344022491893,-8.668209950884963,-0.5675946656479814,-1.2655049899454458,-0.0938442100553347,-0.2344681482553444,-0.7814,-0.1019,-0.029,0.0252887601062052,1.0,False,1.7480998468948572,1.0,False,
99.0,T,12x48,ICL1,97.0,19,-0.026281529990421455,0.045109296106824084,-0.026976399874507735,-0.03144649970087342,0.014811197959929932,0.057920882020752094,-0.0590594580158946,-0.03889826157605204,-0.049697211175044956,-0.013043969123303295,-0.05386891300136941,-0.04287342624123205,-0.03679346730113219,-0.03283982677073334,-0.016925103649781535,0.042947215609688845,0.05712661778947368,-7.879569930296756,-0.5323871868736356,-7.982352357846757,-0.4809258490971682,-8.478693443612615,-0.5979583832768057,-2.2489955176655547,0.244682327560561,-0.1295906407933976,-1.3749,0.0798,-0.1518,0.1600389265575117,1.0,False,4.033292269481503,1.0,False,
100.0,K,12x49,ICL1,98.0,19,-0.09120088987514861,-0.04450317570647684,-0.1259190215820816,-0.1759036521548266,-0.17846613225248967,-0.1429315829952929,-0.23254783476305269,-0.30666910077488846,-0.2518204588974692,-0.19259903219241611,-0.12926093951367051,-0.07916429642682478,-0.10917301840066979,-0.02173664233262087,-0.012646626996877,-0.020617119734474342,0.11693825378947369,-7.588540552686673,-0.4147211300332094,-7.522165452673995,-0.4085543465239684,-7.417232395214619,-0.5953333037830651,3.1581334380046444,-2.086639172721048,0.9422832912598216,1.8939,-1.1807,0.3322,-0.0022078926526676,0.9982,False,7.282534311133292,0.6240231884057971,False,
101.0,M,12x50,ICL1,99.0,19,0.0403827443845979,0.050675908382712256,0.08468363319642523,-0.03400109368927866,0.060592753637937334,0.05914657662130459,-0.042258161461636363,-0.08565628899152401,-0.12611183233707807,-0.08117982833712067,-0.06964200641090464,-0.0951121931355703,-0.10079787481250177,-0.05540448445992692,-0.12388692644480767,0.04354806979898705,-0.26157979926315794,-8.117927171283236,-0.49289143335458535,-8.37677979912136,-0.40574594212000253,-9.313676997642588,-0.49678827941752657,-1.6697705733793424,2.3614391500555616,-1.0207910121392738,-0.9639,1.314,-0.7346,0.2063280816716783,1.0,False,-6.2952448337181615,1.0,False,
102.0,K,12x51,ICL1,100.0,19,-0.03523417756958008,-0.014886696250578655,0.026864177817954336,-0.047313646348807754,-0.013321643353374374,-0.049518845669722554,-0.036574493430908434,-0.09037428759490845,-0.06362326082730022,-0.07223936212303121,-0.045960331667269705,-0.006291475493476589,-0.04301564292494286,0.02614856464995364,-0.017845640496473445,-0.035095319498786595,0.007689651578947371,-7.973294294856859,-0.5244170083079184,-8.124845251792301,-0.4515991964691737,-8.868785051910033,-0.586200301212855,-1.8109555049062152,-0.5968064352242597,-0.4424226856011473,-1.1339,-0.3801,-0.2055,0.1570875232072452,1.0,False,-3.0507367226984994,1.0,False,
103.0,T,2x37,TM2,101.0,19,0.04687713327438683,0.05311469115407225,0.009561460977149194,0.01142845535618256,0.0309469522763355,-0.02672575056932674,-0.05284417124589107,-0.0992980333131523,-0.0794490655160544,-0.16001328178362675,-0.10679257930564567,-0.08127599238522083,-0.15276987617254528,-0.0713694280640943,-0.10146345351577968,0.03979448425895066,-0.29808846342105266,-7.753783122722083,-0.4736208699953166,-8.012433014170599,-0.3976700637409558,-9.039267708688673,-0.437225433688829,-0.8173150864034489,2.126408982808513,-0.3815480299892962,-0.4631,1.1987,-0.2654,0.2329504927311871,0.2513388888888889,False,-4.278146369276113,0.61285,False,Active
104.0,A,2x38,TM2,102.0,19,-0.03330886290768199,-0.002468525124759342,-0.05019877305520034,-0.07066630918377749,-0.0754476196813233,-0.07195938783033422,-0.08510548756936356,-0.1602717469029967,-0.16168253281791203,-0.1272166039478569,-0.11041000149296953,-0.10328387782287729,-0.12731431713271738,-0.06703492954588931,-0.08709667809618052,0.006403089276486482,-0.0991208922631579,-8.020289348600093,-0.4336621232662374,-7.9837779188158695,-0.4175304968701535,-8.161444530306897,-0.5164971732226141,0.8536950826114544,-0.0216806223863381,-0.0942161971516531,0.5237,-0.0013,-0.0196,-0.313857014694662,1.0,False,7.193364991001262,0.5053759999999999,False,Active
105.0,T,2x39,TM2,103.0,19,0.0006181522365660145,0.07403841333729566,0.010186679649602676,-0.005800183321199911,-0.028609155099952457,-0.013227164316093118,-0.09989661476950178,-0.10821971500979992,-0.1342112910862533,-0.05462538532301666,-0.1472241025315347,-0.12358431417471501,-0.18059115878203708,-0.04822824176587716,-0.06608251007345613,0.05666456744472438,-0.24230870826315792,-7.75140957157665,-0.44091417327993976,-7.909168629428092,-0.39988768295668636,-8.69075570106529,-0.43607765467204357,-0.3938784758215252,1.7502921010297707,-0.0174376359527546,-0.1963,0.9765,0.0516,-0.2141042492907869,1.0,False,-3.491719645564462,0.7294808510638299,False,Active
106.0,N,2x40,TM2,104.0,19,0.08613044016242193,0.04395048065683504,0.04030463798356391,-0.022280492509193953,0.003399435610683541,-0.015890960254543198,0.021919155977686698,-0.09473991577958406,-0.16460545712667018,-0.09453914129870128,-0.11523680183506682,-0.1553228656971507,-0.14354646059154497,-0.1123769384854986,-0.10738839417993216,0.0022019177585671477,-0.3099473287894737,-8.190814828997837,-0.4223869815102514,-8.324430239002753,-0.3899083700646864,-9.317243639349769,-0.4959711090638499,-0.6789838452871655,2.5606114407887706,-0.3380883978211788,-0.3587,1.4594,-0.3189,0.0842393006898891,1.0,False,2.122548747837069,0.7388408163265305,False,
107.0,I,2x41,TM2,105.0,19,0.03473193223360233,0.022066852458617493,0.05839699669144084,0.026484215250605247,0.056610574634599474,0.022279128539188463,-0.07839574327424886,-0.109670047948795,-0.07623393591266697,-0.06227918909587806,-0.03731646173219104,-0.05910692100658134,-0.11193418913213535,-0.07136902163641383,-0.05896380456968361,0.08112127082262637,-0.23037380042105263,-7.583897892068019,-0.6014348009439651,-7.931081886121357,-0.49080610750194376,-8.991458816314735,-0.4897749827299788,-1.938932250715784,1.7146324759813911,-1.029208977664902,-1.1448,0.9461,-0.6103,-0.0169654650368702,1.0,False,-19.507471067848027,0.0717090909090909,False,
108.0,Y,2x42,TM2,106.0,19,-0.012007141510641311,0.04872283250072675,0.03892359746866374,-0.05595386203005936,-0.038533009623134606,-0.05782632830129217,-0.18728911374334622,-0.19693280258897894,-0.20719259936173964,-0.12141832497011133,-0.17043934307727435,-0.14929327297047817,-0.22940062755264048,-0.10168448237112501,-0.16267184905569665,-0.0063449595201732385,-0.36831804321052636,-8.131009913285533,-0.37194357597881184,-8.931652149813123,-0.2750315395230581,-8.194482528536957,-0.5578779024043845,1.6821603208399096,2.0750294224989765,-0.5781156908471715,1.0825,1.2067,-0.2518,0.590252685005801,1.0,False,3.144153449654361,0.7754472727272728,False,
109.0,I,2x43,TM2,107.0,19,0.08166654474281948,0.05318659316672424,-0.003539858866641242,-0.02922357611467529,-0.060413140826154135,0.030243926385668342,-0.11061813645746903,-0.1165152534660356,-0.1734469269659828,-0.13800153539054047,-0.16604230372822945,-0.18546085387043795,-0.19706796570814666,-0.08260935354741836,-0.08602516215443726,0.10525732491789842,-0.4247155936842106,-7.932545554287744,-0.4262417704974465,-8.372528183026539,-0.3574988201578337,-8.64614799146161,-0.4004649867787404,0.38269721304574,2.5461444346905986,0.1208897574941538,0.3205,1.4632,-0.3402,0.2578819981666775,1.0,False,-5.927275160472831,0.727304347826087,False,
110.0,F,2x44,TM2,108.0,19,-0.023543136499684307,-0.04045652934345987,-0.06670855813775582,-0.04407093978922898,-0.10184069080540424,-0.16449798334230553,-0.14977792887077648,-0.16237542493169693,-0.2823672800975145,-0.18485393121824756,-0.16632536849831947,-0.18895231240582924,-0.13901808171461022,-0.10535264512293831,-0.19203084142770566,-0.0070497049425787064,-0.49606408152631576,-7.382322167421552,-0.3991954352672954,-8.25081974987106,-0.3021471067531286,-8.567188887509056,-0.23180183663601345,2.9378917169270844,0.2938782824968285,-0.3951938368219508,1.8036,0.2392,0.0392,0.3581053831452694,0.2589702127659574,False,14.137304622268775,0.2214857142857142,False,
111.0,N,2x45,TM2,109.0,19,0.06381502549860454,0.07756863619756223,-0.04077392389631274,0.028499650463838518,-0.05020767432753671,0.0033032249895208602,-0.1067716882876123,-0.15261156689040642,-0.1841500339566886,-0.1309447945352332,-0.14373509950388727,-0.1724151066130099,-0.21559724477423958,-0.08534562709885576,-0.15470340075603514,0.02420014397323419,-0.4440908279473684,-7.598187120079134,-0.38810688886290173,-7.768282591732762,-0.32780523826378344,-9.067906358519405,-0.3795441088894251,0.6575334166159054,2.844213362117897,0.1339692749095469,0.4944,1.6241,-0.0318,0.1872739269620922,0.7664091603053436,False,-1.7157772956679196,0.8868983606557377,False,
112.0,L,2x46,TM2,110.0,19,-0.07266508775663834,-0.04655856510168093,-0.10937492185359926,-0.12014758132936593,-0.09847682110665641,-0.06405562949731364,-0.12606683406286912,-0.17279906407344367,-0.2569629076684887,-0.15730913666661514,-0.1898595418914908,-0.2389679075503336,-0.23361415970577865,-0.1894168354128257,-0.18935578393702157,-0.03342935502549567,-0.46994875321052626,-7.683949066242187,-0.36118321562722244,-7.934849957568798,-0.338175941500194,-8.282097676114361,-0.2967645939255673,3.6953236773971345,0.0292315139124168,-1.047604353784982,2.2881,0.1309,-0.4289,0.2257321362854432,0.6347999999999999,False,0.6041043397342136,0.9959875,False,
113.0,A,2x47,TM2,111.0,19,-0.0002313942604764999,-0.02541465925059327,-0.13293070916619554,-0.12433373473612519,-0.11350409165663977,-0.1245224285205158,-0.19332325366853365,-0.28628428890983504,-0.26984738314495443,-0.2676207057738164,-0.3150525732177961,-0.24859748786061833,-0.28494993476464653,-0.21330822800145097,-0.23730364879518176,-0.022594130264369395,-0.5232047484210526,-7.4849113032041545,-0.2609929585679237,-7.7678345581146795,-0.24923757767691185,-8.003075771842056,-0.3253085835216513,5.514794232593026,1.315014758439487,-0.3673261600297731,3.4342,0.8852,-0.3667,0.44667010159292,0.5339538461538462,False,5.99585598858588,0.7361,False,
114.0,L,2x48,TM2,112.0,19,-0.06483732209682626,-0.057412963933983895,-0.101001076651832,-0.15675321238258078,-0.11177083013255357,-0.060373344930030305,-0.11557365660358869,-0.13162099534851218,-0.17346480029621747,-0.13943728583347995,-0.11194075534493587,-0.16506510154112458,-0.19808238752731588,-0.12204196735706715,-0.14544852396034746,-0.008242447402105911,-0.4643352009473684,-7.731128314193131,-0.3950449352641617,-8.11821455680921,-0.31162360131344624,-7.716855654175805,0.025456733793928085,2.4509068370195117,-0.9236088512579592,-0.4984406023880259,1.4903,-0.4453,-0.2886,0.3577054539709641,0.5556212765957447,False,0.0300154428861887,1.0,False,
115.0,A,2x49,TM2,113.0,19,-0.05155313529996446,-0.019579076363970927,-0.08430982610824174,-0.10546117149773297,-0.11992968040829051,-0.14353301592557507,-0.16843635719575828,-0.22851108960311856,-0.2149347655741293,-0.042401592309600146,-0.20113338408210124,-0.18053690363943167,-0.15538076323625127,-0.041716379019104084,-0.07360259347111454,0.0008336151771122887,-0.16390013636842105,-7.345455992034459,-0.3863700133919289,-7.585768920301197,-0.4183105839455589,-7.3004615705289835,-0.6103776558971713,2.3627928064113264,-0.635541208140012,0.4645340742128957,1.4418,-0.3302,0.3828,0.0916629313790382,0.8467489655172413,False,6.46037714892992,0.6271542857142857,False,
116.0,D,2x50,TM2,114.0,19,-0.01860268644307216,0.011000308024968626,-0.12254813292912829,-0.09921232473532053,-0.11564775812928979,-0.17242567812676668,-0.10901655323365055,-0.28383010116630164,-0.33446327120171954,-0.24541420320589988,-0.19877788630156887,-0.22705667371096613,-0.18885869023607138,-0.0941691990032902,-0.19492226872884336,-0.025406644518102064,-0.12566250163157894,-7.69026157661699,-0.2602297204119301,-6.875048837742793,-0.47979160342550814,-8.061702011566114,-0.19893900850184093,4.14112296674082,0.8255757485924548,0.4362560444055707,2.5585,0.526,0.374,-0.4095950585167571,0.5264506024096386,False,20.395522466911984,0.0272,True,
117.0,A,2x51,TM2,115.0,19,-0.07842450164161313,-0.04540209871048863,-0.07976581494760879,-0.060056762741043046,-0.06744655649300983,-0.04296392826398538,-0.11132116469223245,-0.0982214402871735,-0.13435890040332998,-0.13968759453444718,-0.12556546298141558,-0.12953647515451258,-0.17549740053563304,-0.11534832647839673,-0.09739684831788713,0.01437690049192208,-0.28803247157894735,-7.721500479832367,-0.4495539354902052,-8.437012861922804,-0.37901595519864467,-8.244572249688481,-0.43073492925045026,1.3227592554693552,-0.6081772842246691,-1.0290178216383348,0.8086,-0.2818,-0.4084,0.522577856927807,1.0,False,-19.60808515094715,0.1692444444444444,False,
118.0,L,2x52,TM2,116.0,19,-0.023728943235534806,-0.007637077614659504,-0.09586372504357406,-0.03648064105219887,-0.1076687809921333,-0.04625751342615183,-0.11239662097450488,-0.13338139232221213,-0.2244627753879913,-0.20433489301638486,-0.1720597565052154,-0.18166437805344218,-0.24643372862813492,-0.13194787555186244,-0.1666094453314991,-0.010936438242128057,-0.4986162586842105,-8.18657963552562,-0.3542450830637591,-8.858313021874443,-0.2712460327269927,-8.115643450400944,-0.1505642765166119,2.5380857002350257,0.8823624705408173,-0.5670882190903155,1.6026,0.5815,-0.2536,0.7449212643138949,1.0,False,-4.6484554882911375,0.7754472727272728,False,
119.0,A,2x53,TM2,117.0,19,0.09242458833954745,0.15907297995997868,-0.0037288946222643923,0.005949566153332165,0.00014233472996178235,0.08678230481216331,-0.01535968217874198,-0.13325862634330474,-0.09002807836402225,-0.16925017378253548,-0.09028197656605769,-0.06241974560439286,-0.14634109124779934,-0.017791381649001025,-0.04140841555721225,0.03669481781633429,-0.011622011000000005,-7.480157170500269,-0.3933261536270645,-7.833311756627893,-0.4216537851419652,-8.71151923671775,-0.5342853325981111,-1.857088340061948,3.36039503260536,0.9550072229563698,-1.0516,1.8211,0.0443,-0.0732622613646221,0.8518761904761906,False,-5.3577869434723535,1.0,False,
120.0,T,2x54,TM2,118.0,19,0.004151907351634288,0.014933730601334402,-0.036352808083166405,-0.046609268405231045,-0.03483759725685086,-0.02259801029682104,-0.03134376213838843,-0.13561560991636804,-0.12191787111759758,-0.1206276208282076,-0.10208776196792178,-0.05434253290106569,-0.14370596686521483,-0.03698040346974665,-0.048667541669683644,0.03438347881725918,-0.12888789726315789,-8.185867932612291,-0.45306462766906574,-8.23849253547933,-0.4087362495262092,-8.282217177341195,-0.491052055513344,-0.4620897355146712,0.5121399850783563,-0.0553871556615547,-0.2618,0.2759,-0.1547,0.1512862257309173,1.0,False,-0.787009212149969,1.0,False,
121.0,S,2x55,TM2,119.0,19,-0.07992246933982347,-0.05056327423139134,-0.08758118752714532,-0.09930951682608295,-0.13152306226963342,-0.11619115593472629,-0.19463555914128539,-0.24310844981459104,-0.19500242821300703,-0.13923950053100168,-0.08242926712836393,-0.09841999615827667,-0.12678553720748809,-0.10330511915145894,-0.08931054848857563,-0.00975423790038033,-0.2989303357894737,-7.657263896920337,-0.40655475909349015,-7.745613820246342,-0.34687710466860705,-8.478238055222043,-0.4619402643782067,2.3833821983446652,-1.253595984398925,-0.1330068306096763,1.4363,-0.6789,0.0091,-0.5302827767768044,0.0658636363636363,False,-0.2640946858454942,1.0,False,
122.0,T,2x56,TM2,120.0,19,0.04568974199351873,0.04338135499761625,0.007426972836146511,-0.08538355694947168,-0.02627650152076281,-0.07546701299452728,-0.20440311829754446,-0.2244663810427784,-0.22434498579942308,-0.1414714421047431,-0.09553813598885039,-0.13711363128062226,-0.18321982119430005,-0.04142159379248332,-0.08465553944464152,-0.003481285922235752,-0.2988776962105263,-7.3516141498321375,-0.47418035012930587,-7.289319963665509,-0.4365733711595842,-7.541532150131837,-0.4751971605017225,1.1273597689440649,1.7545418808536688,0.4766566959698385,0.7236,0.9801,0.0456,-0.1133336793485657,0.7664091603053436,False,-4.272025864372221,0.7754472727272728,False,
123.0,L,2x57,TM2,121.0,19,0.03147154008151678,0.06561018079816955,-0.07575347409938368,-0.02550520402924076,-0.049607401959612496,-0.19031884210387276,-0.15644730829934891,-0.23870235180074073,-0.3049595502961898,-0.20921414064026891,-0.18014750821342068,-0.2790661062940861,-0.28666943541296086,-0.14647778607738973,-0.1773152602614276,-0.006676064918911411,-0.38874657131578944,-7.539159810330534,-0.34919526011779156,-7.990750410868103,-0.27236747147166657,-7.051668829023417,-0.5868610082086154,3.6451105181314127,2.646952420923463,0.4761421463742307,2.2702,1.5603,0.5997,0.6614152945874698,0.363759375,False,-7.2050759327046805,0.7754472727272728,False,
124.0,P,2x58,TM2,122.0,19,0.0001941849368998428,0.005817190432074415,-0.022544528192620674,-0.010555302760056515,-0.041691893687960196,-0.08991221562242367,-0.11019417315139428,-0.14868623682707488,-0.10479314004664715,-0.13352027731755886,-0.13710436130182488,-0.11817440353379238,-0.1397082243161277,-0.09547433468568932,-0.0955409821673694,0.04697629610840946,-0.3352372271578947,-7.965275616778371,-0.4438492801851243,-8.442709836737535,-0.3635193367629231,-8.661425432710239,-0.5112186690779904,0.592803577639906,0.8467646421574312,-0.3513092070945918,0.3757,0.5053,-0.1122,0.1353262118703,1.0,False,-7.533118471922673,0.6412493150684931,False,
125.0,F,2x59,TM2,123.0,19,-0.09218905254227695,-0.0734992625932529,-0.16836282774180422,-0.11727008217481431,-0.14968374280447272,-0.20027034054749826,-0.20510082770230006,-0.21396093025244597,-0.27653436853229074,-0.13601521169767286,-0.15139470280405218,-0.17968221559166198,-0.2446541114085275,-0.14456222674295555,-0.16290421563142876,-0.0010750010343693686,-0.4252193873684211,-7.395233260536095,-0.3718069797386319,-7.974519095951111,-0.27011766672801624,-8.12278274203012,-0.33547499915378226,4.48038891103155,-1.4212046304255392,0.0063719319029729,2.7102,-0.709,0.3904,0.5075416948580616,0.2589702127659574,False,-11.133837918311242,0.6178865671641791,False,
126.0,Q,2x60,TM2,124.0,19,0.017003480140161637,0.005465382451152811,0.05467572688640576,-0.030991240863536242,0.0632376244989892,-0.03125586088141227,-0.15132929481337606,-0.3079899967426232,-0.31074381766028497,-0.05205493152382512,-0.059504209723939515,-0.21959338272911463,-0.14062086263299403,0.0009179891284847367,-0.14376934843393477,0.005164492563514063,-0.032616884421052636,-7.63341242793333,-0.5456420204164933,-6.688259346183099,-0.3377186915267037,-6.972460179500246,-0.49240446209107513,0.5571217460099667,2.1092066059439523,-1.216489164354941,0.4241,1.1844,-0.5535,-1.0699714806295626,0.004025,True,-31.18465620467189,0.0136,True,
127.0,S,2x61,TM2,125.0,19,0.07266791161061381,0.05583040485421121,-0.01530793874494529,-0.00035583127150891786,0.06587834980005529,-0.11088776731224007,0.03906232432142052,0.015969569053041276,-0.04537547536881043,0.004848216295157621,-0.02065687087413126,-0.045336699634096964,-0.051071236504978,-0.02088769343728234,-0.020037905576782464,0.01404747948986888,-0.15278682121052634,-7.7406417638342875,-0.5409851409581958,-8.159343366573154,-0.4365315123702528,-8.348462897773858,-0.5353961347674399,-2.8875449867038414,0.9498171848224548,0.9307517284892872,-1.8135,0.4667,0.6966,0.5382471459658777,0.0778166666666666,False,-6.741800167327827,1.0,False,
128.0,V,2x62,TM2,126.0,19,-0.05417732031552042,-0.011658734820316654,-0.046583988613759744,-0.029061017936734518,-0.06031569940351937,-0.14918365551382762,-0.08592532168791178,-0.12521462990824686,-0.16444837420446703,-0.12744387900011228,-0.1403776968364884,-0.12171297217239836,-0.09595893466556252,-0.05753600644864162,-0.0968955498446959,0.004006881769566768,-0.30037695963157895,-7.496100143395727,-0.4695495561246205,-7.654698891773594,-0.42701751740932564,-7.849288073653783,-0.32869150959226967,0.9734787114909852,-0.2529766847320292,-0.2474217151201601,0.5701,-0.1221,0.22,0.1348421854449899,0.6964548387096774,False,3.6354633249194066,1.0,False,
129.0,N,2x63,TM2,127.0,19,0.008476900369299371,0.004889063045490247,-0.004916075668796901,0.0736200393249219,-0.013539791336281812,-0.021183563703890074,0.016527387846672077,0.001464634147741793,-0.03507637006511422,0.017851454428849545,0.025529902086870532,0.024869169990075306,-0.018614668256891953,0.040199797757274724,0.02749209793063405,0.017666929579338863,-0.038830946263157896,-7.82391273509031,-0.5698739416013087,-7.659905272703504,-0.4999609766369994,-8.600712545698823,-0.6108505853471359,-3.751085954172403,-0.3559340227308152,0.0491556271993455,-2.3128,-0.2824,0.2055,-0.2136598994729732,0.2513388888888889,False,-2.5840656266739703,1.0,False,
130.0,Y,2x64,TM2,128.0,19,0.021047023811568543,0.04654146200006182,-0.02354953281193792,0.013972360038295129,0.007818455467334447,0.021036969214257576,0.03165880298749046,0.015897607888048587,-0.04196046896284869,0.051848897003201735,0.04531802989882495,0.04793022808931982,0.008303027393261742,0.030367123703482574,0.02270521864393102,0.025886089696592885,-0.121919812,-8.039351197979371,-0.5686969270760912,-7.421751978393799,-0.521538867122324,-8.237257444270513,-0.6287726890113962,-4.1222048336080706,-0.1362149302256722,0.7030479026075941,-2.5475,-0.1932,0.3846,-0.6966524290609701,0.0053666666666666,True,2.4111586777097127,1.0,False,
131.0,L,2x65,TM2,129.0,19,-0.03337897468292577,0.015389792263826932,-0.0688852712148087,-0.04317485595700311,0.023979365339943503,-0.04885191374805696,-0.03996485492168708,-0.06696165468797502,-0.08887989315340383,-0.07594322424288952,-0.09264051761126249,-0.09951059875689972,-0.0514845666498125,-0.0517087846755269,-0.05873098787990911,0.01588143616704596,-0.25121874899999996,-7.867717356532269,-0.5048215466251904,-8.059252661113291,-0.41133237334637096,-8.636370496341408,-0.5300880431042023,-0.7912882378739741,-0.0445638076297825,-0.1745751144293992,-0.5084,-0.0436,0.0538,0.2457338950734273,1.0,False,-5.8867125780435074,1.0,False,
132.0,M,2x66,TM2,130.0,19,-0.014891775510937033,-0.012095117462381158,-0.05598435135678218,-0.057511293787471295,-0.03546524226617323,-0.03719935771210155,-0.041926677081893675,-0.05434491942925359,-0.06614657874534713,-0.005984829776712964,-0.04334499165087211,-0.06674641716264935,-0.0928660363523494,-0.037232776647473764,-0.05524046654541718,0.01750665501710256,-0.2653626705263158,-7.722652652128427,-0.523338854751473,-7.949250889078492,-0.45122219330296004,-8.56941350162343,-0.5722007957560029,-1.146444006501006,-0.5718126199115487,0.058308745831755,-0.7235,-0.3407,0.0822,0.1697344843059074,0.3136724137931034,False,-4.009904005196774,1.0,False,
133.0,G,2x67,TM2,131.0,19,-0.07589571891800861,-0.03900258317171743,-0.023207998028956,-0.012952691250215472,0.007919470841653885,-0.09131172139290877,-0.06669588498033885,-0.13563698939584873,-0.13520741364610278,-0.09651223930361164,-0.04678449489002989,-0.047352257084796096,-0.026812477586162318,-0.055452591504848804,-0.054537733043087566,0.00048480428910723693,-0.2765310549473684,-8.010121191394704,-0.5293292696451888,-7.992697221799766,-0.4585023474533642,-8.354970502173092,-0.5483601761795467,-0.5348868570352603,-0.8179905198037846,-1.0312153915017004,-0.3614,-0.4761,-0.2155,-0.098463933658329,1.0,False,1.0939060878397466,1.0,False,
134.0,T,23x49,ECL1,132.0,19,-0.015354964744432825,-0.015096439609401414,-0.027786278796774762,-0.011783430734531405,0.015442941245024907,-0.01817320161269497,0.02435301845308845,0.01977337757182512,-0.039892025790003616,-0.0022196271234781848,-0.0089759353028035,0.007136336433684831,-0.022088377001688274,-0.003977706981768683,0.0006128601449646574,0.026592350090758436,-0.15094615684210524,-8.056597354761324,-0.554062765474963,-8.088336414714597,-0.4793711961178543,-8.73868565551227,-0.5828980545338883,-2.954586829294118,-0.7949646129651828,-0.2295805811965575,-1.8463,-0.5027,-0.0176,-0.011594348058292,1.0,False,-4.474874703976683,1.0,False,
135.0,W,23x50,ECL1,133.0,19,-0.05593697030422357,-0.005946256320372908,-0.06108388449454266,-0.047865400732622264,0.02493163773938405,-0.04674275902536021,-0.1449185140833041,-0.1511191531245274,-0.2715313417460813,-0.2680768955648749,-0.2062013367307595,-0.18860131469243643,-0.25583113322717854,-0.10348659648254567,-0.18030275648878888,0.02753401345794192,-0.3909160197368421,-6.7087712030883155,-0.43598498718625905,-8.278289288531905,-0.2274332895647073,-7.449130306266019,-0.4790083998753974,2.682654069960543,1.441263365502655,-1.5896581738475604,1.6936,0.8994,-0.6814,,,,,,,
136.0,P,23x51,ECL1,134.0,19,0.038500270027374606,0.0371324360532598,-0.011491066316083542,0.05820979626403104,0.06312335776756987,0.11574279331549024,-0.017324327189279926,-0.06375843362365788,-0.037667941769784045,-0.037026709910570194,-0.027531288261652707,0.000532729567826457,0.01318415546477945,0.004045400386977141,-0.005388535484759646,0.04415417176216491,-0.30796962652631577,-7.804833220900141,-0.5677424485361948,-8.025691824912593,-0.5066547413728809,-8.56948367511824,-0.6399897811768649,-3.695681540172635,1.069147266177313,-0.5102379378710079,-2.2136,0.5216,-0.5599,0.1853477129965988,0.22841875,False,-1.4922491663434734,1.0,False,
137.0,F,23x52,ECL1,135.0,19,-0.021042834678756915,0.0019479666558970526,-0.054741335405462,-0.023214903728134166,0.01575074548122103,-0.0678960971590892,-0.03782022442232518,-0.05713780136735869,-0.09597905332917818,-0.11343927678152443,-0.1462292974068062,-0.09943141767526409,-0.14006474986837616,-0.10008482049570772,-0.07125314752742426,0.03371164433481026,-0.4167329847368421,-7.405219223247497,-0.47844457297227655,-7.677104593312708,-0.39890566052223414,-8.223192190528975,-0.465547077548224,-0.1160944026386877,0.4401720781715467,-0.5773107440531394,-0.0785,0.2732,-0.1349,0.136056272406317,0.6891882352941175,False,-5.876592245462776,0.4629913043478261,False,
138.0,G,3x21,TM3,136.0,19,-0.050449621314206675,-0.011128887738597201,-0.07617344701880306,0.059403375337908015,-0.06527853655262382,-0.08679191546357452,-0.14246172057084447,-0.18727842064575642,-0.180472074246299,-0.12375798176187258,-0.1164014460133268,-0.1033730666128279,-0.12010533777071492,-0.05009751720098056,-0.09526370263110395,0.011721186455742452,-0.3795232151578947,-7.720970991646935,-0.48831447580321136,-7.738921304405518,-0.42455858080250614,-7.944990303732975,-0.5318835292513502,0.8268210601120289,0.1300171627216625,-0.5587920500203197,0.5303,0.0854,0.0236,0.0628759373761429,0.8467489655172413,False,-7.210449660253669,0.6412493150684931,False,
139.0,T,3x22,TM3,137.0,19,0.00029293908299855186,0.035355350863982976,0.018712426416713616,0.11295769444794966,0.11250781336921793,0.0816559841396909,0.04937418265628298,0.0028411754060400744,0.006358885214344243,0.00305641391432911,0.03454002625596235,0.02709817950489657,0.007151938133012164,0.012871300798622176,0.012544958491034435,-0.0036081881584152944,-0.009384625263157894,-8.165778888888799,-0.632019561217828,-8.301696025456803,-0.5323467960150723,-9.061343875842942,-0.634608645873006,-4.910202691780707,0.7598821172559879,-1.0798021408452116,-2.988,0.3363,-0.4185,0.0594797617512465,1.0,False,-7.148739839673389,1.0,False,
140.0,I,3x23,TM3,138.0,19,0.046738294233235625,0.05262773416539766,0.028451727270943798,0.03085146686564655,0.05484535554802442,0.04166621368410807,0.05191332531489111,0.02053451795559251,0.04012631859457416,-0.004039037379581095,-0.04115557079611457,-0.02794945477173044,-0.014040043857396036,0.011735531070217594,0.029977049281866064,0.011664897176337079,-0.024869510315789475,-7.9588527275850565,-0.5805711994322769,-8.349407365277983,-0.48752561321041626,-8.934544503039458,-0.6220609889953991,-4.209305297028567,0.96440237164204,-0.0447453995692333,-2.5713,0.4694,-0.1372,0.364847176132713,1.0,False,-5.737228503174018,1.0,False,
141.0,L,3x24,TM3,139.0,19,0.05365848637796182,0.010792490406141574,0.005956676591986765,0.0226027340443988,-0.014964394945572442,0.01017164358816948,-0.013031751918838699,-0.08113623680345357,-0.13034701355278852,-0.11221069808213703,-0.08821382995452731,-0.10201379605804832,-0.07450215062504588,-0.07621798396230794,-0.10313687234277065,0.04902756727376537,-0.32158240936842103,-8.271390140056264,-0.46198755953510684,-8.358695203537124,-0.39610273645895316,-8.592975887797556,-0.48042351206511374,-1.1357815839290235,1.552227905714921,-0.6255810439524425,-0.6453,0.8789,-0.4756,-0.2918086442708922,1.0,False,-1.9647090660225288,1.0,False,
142.0,C,3x25,TM3,140.0,19,-0.08762602042748978,0.003407753222683291,-0.168922581127213,-0.10837330777848038,-0.2248310478081698,-0.2063254742498231,-0.22556895290385734,-0.42090049207964375,-0.26923578713788143,-0.3972793941724394,-0.41132981685743614,-0.3964484852358779,-0.5040010246405005,-0.36335257981977687,-0.3184374695660641,-0.00489457760369989,-0.5621064039473684,-8.169895419423266,0.020382211106731114,-8.185429496060651,-0.028178179639424664,-7.216908036192085,0.06590365219601396,9.43307516842806,2.0078707224467203,-0.9563295091077496,5.8577,1.3892,-0.2154,,,,,,,
143.0,K,3x26,TM3,141.0,19,-0.043216143746569145,-0.051718923205408884,-0.09536271476630778,-0.07216826353155782,-0.0724521867119204,-0.04042612914472186,-0.15841230690101749,-0.19422160140053638,-0.22851600139347542,-0.21251745200835545,-0.16302177920229619,-0.23822891911275437,-0.19035830546167445,-0.1126313412488973,-0.165920170429562,0.012954362816124438,-0.4718473764736842,-7.45328888090045,-0.35676241024451333,-7.903106233734659,-0.2898506601174258,-8.242988831726805,-0.2971474982812173,2.9295139733481377,0.3193644344637478,-1.157506213418525,1.8389,0.2751,-0.6424,0.3245489973968043,0.3288622950819672,False,0.9152931595573222,0.9351619047619047,False,
144.0,I,3x27,TM3,142.0,19,-0.019643802351083834,0.028949083574877233,-0.02193340866738288,0.03770811222288362,-0.02066158956044307,-0.02084950796479746,-0.08714433473037947,-0.17214156803946387,-0.11359385715534176,-0.08989757648941255,-0.03522083166859055,-0.10249326908572419,-0.20117901409468783,-0.07633186400782697,-0.07094971132042294,0.015152262891744548,-0.161373448,-8.132147869687941,-0.4394019810480022,-8.3556461157395,-0.39081355460009,-8.150953787969472,-0.42547489949595196,-0.3545438512869893,1.1259650641621215,-0.6676588412575686,-0.1764,0.6337,-0.1342,0.3063052392640912,1.0,False,-3.7621028191916257,1.0,False,
145.0,V,3x28,TM3,143.0,19,-0.06384991088267629,0.003295627979052469,0.021166008124229554,-0.034189710097393286,0.0780585429824937,-0.02287348843808998,-0.05540211412714386,-0.18373675428416372,-0.20211602844297327,-0.09393019626982045,-0.08569230806039214,-0.08375170414254056,-0.1259738834937197,-0.05683734613817061,-0.061273519759313104,0.03524028965277779,-0.07572074036842105,-8.019774618094226,-0.5083041658526352,-7.8352289122710115,-0.43326855022650773,-8.082031950067137,-0.639250334127,-0.409829667231369,0.7253150554891392,-1.533914268705265,-0.2291,0.3972,-0.5731,-0.1171801782698986,1.0,False,0.3819024416406469,1.0,False,
146.0,I,3x29,TM3,144.0,19,0.05191682739492433,0.028985821769328075,0.0037723980158836804,0.06256845393277986,0.09310233980043192,0.08729072316475761,-0.009490838178695395,-0.13455433914589196,-0.1751560159752038,-0.09322332229200987,-0.04670714694032388,-0.04192953330546209,-0.1011240485157212,-0.04190683121357296,-0.03786258797386115,0.025476681448236282,-0.00492163805263158,-8.235301111557472,-0.5397976353054951,-8.669978045998056,-0.45288189555769803,-7.966776101508294,-0.584543316024256,-2.3139195716124417,2.0931285869029903,-1.0953925763468555,-1.3329,1.1367,-0.7535,0.1367549188286378,1.0,False,-0.684738918874106,1.0,False,
147.0,S,3x30,TM3,145.0,19,-0.010621162245653584,0.05318428549987121,-0.005939402630472191,-0.009447535321394047,-0.0010834041358428865,0.005754264383574999,-0.1355296510291571,-0.15340909478110382,-0.136751220555768,-0.1664987086808838,-0.08850052483467714,-0.09415174626937212,-0.1497477073481548,-0.030429026079355537,-0.07798670090586189,0.04870025646003637,-0.26457429331578947,-8.076133122201965,-0.4587634868757622,-8.195675171475866,-0.3982252942290753,-8.319089987414879,-0.48451657900231654,-0.202721231467603,1.4978317257469458,-0.4143004821168596,-0.0811,0.8285,-0.2836,0.0954709207065516,1.0,False,-1.7509997273517648,0.9223870967741936,False,
148.0,I,3x31,TM3,146.0,19,0.15894507799758933,0.18253635127481954,0.1208264130674396,0.08055496522802681,0.11745606016600392,0.05526253475995074,-0.016818237332447767,-0.13577161534666743,-0.07954254127932953,-0.18216123413239851,-0.06364099329833076,-0.13368928187868598,-0.12713785951689432,-0.05701685403608878,-0.08447016252206038,0.08420534632440572,-0.2727800403684211,-8.509929750796932,-0.4719547438211429,-8.441192644776198,-0.4040973592329009,-8.021126595189294,-0.49753137496566097,-2.661235180303898,5.570874996767569,0.0320606254110472,-1.5211,3.0806,-0.285,-0.3914006907081617,1.0,False,-1.0980909998037038,1.0,False,
149.0,D,3x32,TM3,147.0,19,0.1104998299969312,0.13868498394537668,0.03952788840415516,-0.05302213567105359,0.04013631535459365,-0.050789141945273356,-0.17345614378803237,-0.39013199843874746,-0.34972350308438555,-0.2836061698576473,-0.27815903370678113,-0.3397789409857394,-0.17848511884632245,-0.1604164138455287,-0.2775438204552532,0.020081579768670716,-0.034576618105263156,-7.747365108666387,-0.28128996632642805,-7.728622500259814,-0.32618020205391957,-7.143026066679745,-0.41508832438810933,3.6244366683236744,5.7646663076747675,-0.2648358760503798,2.3641,3.306,-0.4492,0.3582007870866821,0.5339538461538462,False,14.921207744794238,0.3166358974358974,False,
150.0,Y,3x33,TM3,148.0,19,0.04850836676471195,0.08090212638979591,-0.032000607287879214,0.09219722125145861,-0.02307284382587703,-0.09960581762071154,-0.03114390313980308,-0.14947876043593739,-0.3158999402839124,-0.20535512762921165,-0.13924394962640924,-0.15186597607219818,-0.1430152822361998,-0.013041229095719774,-0.04265196707732171,0.009166865403666615,-0.27101699763157894,-7.333952055299503,-0.3904379567906058,-7.562130750986789,-0.3506776952411618,-7.27202282462595,-0.5494885168388137,0.1406803018973661,2.519159756336866,0.420967161680021,0.1446,1.3955,0.4676,,,,,,,
151.0,Y,3x34,TM3,149.0,19,0.08657110746916842,0.19250270935534738,0.03483819901887132,0.09669957889668597,0.0066101155934259895,-0.04026423074157458,-0.09093169183435554,-0.057251393346260254,-0.17819236501554525,-0.16884489193525964,-0.1607927148396385,-0.12442346405373117,-0.18710914117207814,-0.13468188860381614,-0.08358304272152056,0.1530049431606211,-0.23960882389473684,-8.273079492625984,-0.4552364167515935,-8.794566926130756,-0.3662249931566193,-7.998228444588403,-0.5554808353016011,-0.575924905546308,4.606655532313768,0.8301259561393899,-0.2867,2.5673,0.559,,,,,,,
152.0,N,3x35,TM3,150.0,19,0.11298338578720674,0.11329333214806074,0.03417622800021933,-0.011874983795464368,-0.03173780583399069,-0.07290606383177275,-0.07368211691707556,-0.15398964079873628,-0.21145372265146847,-0.15338031397486293,-0.17520021822867707,-0.092627624820186,-0.1462608812067973,-0.0852739308239464,-0.09422585550949951,0.139150312149456,-0.11771023536842105,-8.437038115955795,-0.41324593305568763,-8.686210214013874,-0.3331162125620666,-7.015413494424344,-0.688351965248368,0.0724518590849232,3.350265744407632,1.0276955499167169,0.101,1.8638,0.3014,-0.0453295604559915,1.0,False,-9.65948973840466,0.4111627906976744,False,
153.0,M,3x36,TM3,151.0,19,0.02285750804280779,0.10728277620792548,-0.04743063978973227,-0.038166910705560796,-0.06916739415675237,0.09546704507656863,-0.09399346499004115,-0.22620664469122764,-0.27885931472252595,-0.27404952352939366,-0.18756856177250505,-0.14762027962955257,-0.1486018979266282,-0.06908252844367715,-0.09229447766919464,0.03815378000996215,-0.07429718299999999,-7.983145969407146,-0.36381814803584506,-7.6187594963988,-0.4013019181876971,-6.994540312134241,-0.5635109070945132,1.1885659245796865,2.803809024431536,0.1280699139403965,0.8426,1.5709,-0.4392,0.0879384230711499,0.8865733333333332,False,5.902413272822258,0.727304347826087,False,
154.0,F,3x37,TM3,152.0,19,-0.024591212972181187,0.007894189066041174,-0.13588336487468616,-0.13932369304402778,-0.09812420391886369,-0.094189371283963,-0.1709998464977139,-0.3161696306276572,-0.2774833458854225,-0.21368725753808274,-0.19113470212008649,-0.149438517974187,-0.12328754628045523,-0.10003309860007267,-0.06660111481648678,0.06490130711150063,-0.2738600595263158,-7.506801396676255,-0.36026748080912574,-7.356360759964876,-0.3646518269663073,-7.106823393063,-0.5947877473098434,3.210877273535115,0.0622226542053846,0.7400253001583637,1.9799,0.0493,0.1252,-0.2900822782035561,0.5339538461538462,False,12.999690128362271,0.2214857142857142,False,
155.0,T,3x38,TM3,153.0,19,-0.04655306354796099,-0.024533002731268003,-0.09816181039458705,-0.06577538163954044,-0.06989918346748655,-0.029336690278697335,-0.05967731508255737,-0.10755427457932012,-0.18552128000029344,-0.07208525831155248,-0.15623031228080006,-0.1174890171720628,-0.14094455127696112,-0.1128213246937177,-0.10632140985437627,0.04328807616869704,-0.22212119315789472,-7.884674936002,-0.4617539900206573,-8.232334044624295,-0.40967944702158565,-8.111352513962395,-0.6166316691642373,1.0234566647352776,-0.2927635502554824,-0.4726887086178616,0.64,-0.1278,-0.1927,0.3733800030126843,1.0,False,-7.189713432730261,0.61285,False,
156.0,S,3x39,TM3,154.0,19,0.05660784632765511,0.08591928166934962,-0.10608550494211189,-0.05081226439250766,-0.012343524046092179,-0.08176860295749255,-0.12974601726698234,-0.28793089300540975,-0.2442438027891453,-0.27376672585538064,-0.21294659792559453,-0.203705681507109,-0.24112258620026394,-0.15600483599036394,-0.16362086352017494,0.02177566683441663,-0.24407994299999997,-7.518022791348452,-0.23516546341854472,-7.834893432745642,-0.3436374639148283,-7.38351891801324,-0.4566874812455737,3.054317994769253,3.0295411755794572,0.4724490546716569,1.9403,1.7523,0.0862,0.1329344218869153,0.7112111111111111,False,2.427447446025752,0.8720701754385964,False,
157.0,I,3x40,TM3,155.0,19,-0.08941469697646305,-0.02478900371407389,-0.06479397667370264,-0.11138007801705022,-0.09319236060786516,-0.07918046338561469,-0.22872001908490872,-0.23031787675494475,-0.2496610854492331,-0.2207460537530267,-0.20307346127063464,-0.21672456776474236,-0.1943231578025807,-0.0810252250102003,-0.10776704627639384,0.04095838920532357,-0.32868738684210524,-8.100479904108505,-0.33091181488740545,-8.69795900107537,-0.2726521209778696,-7.720022225703115,-0.42147012647643,3.423301232230146,-0.0248594198029276,-0.747195389201236,2.1176,0.0575,-0.3741,0.2202516616992742,1.0,False,0.0236026827711981,1.0,False,
158.0,F,3x41,TM3,156.0,19,-0.016233373515469173,-0.014252975865159377,0.04672844593897065,0.016246193433627855,-0.0021050226244127054,-0.006816879310122103,-0.09937728884774179,-0.13335687978443045,-0.11061172542971986,-0.14281748336909872,-0.14347936299169067,-0.13408423344284331,-0.11111117233731709,-0.06375978609762835,-0.04392614800162703,0.02180606495889928,-0.28798868815789475,-8.05536491223478,-0.4596865519302823,-8.425879692162667,-0.3718743654497124,-8.811776764169656,-0.3996277569429908,-0.4189143791520901,1.0548369695900326,-1.505271391027025,-0.2107,0.6237,-0.8283,0.2521187891522434,1.0,False,1.2709453454667008,1.0,False,
159.0,T,3x42,TM3,157.0,19,0.07871515908090138,0.09695675377018788,-0.008571474090971684,0.05978574093173599,0.006242459945434256,-0.06168052500319298,-0.11408071712555073,-0.19497798480289252,-0.23791977365918865,-0.17644808477973237,-0.18559532165546236,-0.22520153391126413,-0.21567897279927095,-0.0712106213260967,-0.2007465433600791,0.04512755338991111,-0.42962821552631575,-7.772523788241566,-0.5182787471017548,-8.36413458747599,-0.35745853672280425,-7.928444532322251,-0.1333309755493925,1.2243043294854326,3.9122002205257544,-0.1128516122830557,0.8511,2.236,0.0375,0.298323353996075,1.0,False,-13.08598595195021,0.6412493150684931,False,
160.0,L,3x43,TM3,158.0,19,0.04875212812158087,0.023871544748648898,-0.10042888854182352,-0.017050682014007657,-0.05045913314110354,-0.08930111774407476,-0.12867991136747356,-0.22307732135966268,-0.15985065068697873,-0.19870643601143598,-0.21505154650575098,-0.238883383961313,-0.240097166998439,-0.18240665753115604,-0.17011853183823894,0.07087450276101229,-0.3997722105263158,-8.037535332999699,-0.2206783266829105,-8.293798604442719,-0.1759015614135284,-8.462493117462843,-0.35722220461886617,2.7795626471755295,2.195130772349344,-0.1377008895554817,1.7639,1.3268,-0.1257,0.7423643761789425,1.0,False,-17.525162014528682,0.2742666666666666,False,
161.0,C,3x44,TM3,159.0,19,-0.08330459522365458,0.00026349548085939433,-0.15091394396660227,-0.10817506609833866,-0.056134111782206356,-0.10532482779840044,-0.1981247367512581,-0.21965761128032207,-0.16949385782867601,-0.2462756546391318,-0.1792917633688078,-0.18291569227607254,-0.16427326036489598,-0.1106920577341262,-0.15422827140986867,0.013020757375181881,-0.3414428614736842,-7.9558114836101765,-0.3627313412717303,-8.212493106965349,-0.2991899527354919,-8.055291518559612,-0.2566873236577032,3.3674467198112716,-0.1504621718265369,-0.1776590588025235,2.052,-0.0264,-0.0015,0.3348270288095518,0.6347999999999999,False,-6.722592070230686,0.7494811881188118,False,
162.0,T,3x45,TM3,160.0,19,0.03299491703987238,-0.005327269420439696,-0.015225785927330949,-0.004087238528430747,0.05722271763199103,-0.014488847369425087,-0.060807508520928664,-0.08973135165121791,-0.08875701072042878,-0.031773346468658786,-0.09646337459885293,-0.026133748284609272,-0.016514278145921563,-0.005852967779532223,-0.05347418935105163,0.047102876323236745,-0.25889024415789474,-7.970864128389943,-0.4729691161189806,-8.171593807309204,-0.44465654442059915,-7.909894144266118,-0.5664547463069572,-1.9854229764564444,0.4989395556749806,-0.357928984326626,-1.2043,0.2393,-0.319,0.4290164415458752,1.0,False,-4.438557271567844,1.0,False,
163.0,M,3x46,TM3,161.0,19,-0.026383821623361538,-0.012460285656701542,-0.06362501424838381,-0.10021460861319247,-0.13412918226319132,-0.07287452467402229,-0.1596687628440116,-0.2375935316597331,-0.2559391221764415,-0.2721126191829059,-0.20645591967279933,-0.17974183376007982,-0.17451969480049564,-0.20494762883276363,-0.23904758386547573,0.027956648488550107,-0.34619470542105263,-7.794515608943146,-0.3508652565036924,-8.73913216076591,-0.2956157723691408,-8.574190828040415,-0.29098672205650067,4.01214506191577,1.0900192690151391,-0.7110910976432065,2.5017,0.7154,-0.5259,0.4506855305135318,0.2589702127659574,False,7.145873915265621,0.6178865671641791,False,
164.0,S,3x47,TM3,162.0,19,-0.08590533526147977,-0.03744380849157106,-0.11693645679844786,-0.14417898895534348,-0.1778691674801782,-0.07292453160295072,-0.1888759183709024,-0.30475042992087276,-0.2876614818940999,-0.39163848617035507,-0.3390362580516986,-0.2647352781432008,-0.3055353873158592,-0.1763239714342628,-0.23554187252239653,0.0020711449787765525,-0.25687703584210525,-8.060679101071926,-0.22211811586358865,-8.816893416179992,-0.18872295418505078,-8.284299106195597,-0.14757133042650372,6.321037601446296,0.6947439945394381,-1.204381759143094,3.9443,0.5599,-0.8333,0.5385862343043843,1.0,False,-19.363917582938804,0.5624754716981132,False,
165.0,V,3x48,TM3,163.0,19,-0.13543393796349754,-0.058049345092871206,-0.18189469861715063,-0.13002224369578866,-0.14803915497021433,-0.1241318286765185,-0.15822239513644304,-0.24490688448859363,-0.17468079531925285,-0.1731905506149542,-0.1938661252084019,-0.18332546141007744,-0.18976026872948112,-0.14273888860500408,-0.18068814754327941,-0.059614112153146964,-0.35662841852631577,-7.662720559268923,-0.37171253550927474,-8.580211948996785,-0.2762258077655731,-8.08756648242993,-0.3601999610217237,4.220285356045443,-1.6004400733072155,-0.5012792225931673,2.5663,-0.8081,-0.0198,0.5726682049684477,0.2970905660377358,False,-9.017624803286818,0.6545662337662337,False,
166.0,D,3x49,TM3,164.0,19,-0.028721461565422546,0.029479317433510774,-0.11005561364055434,-0.051030662743172236,-0.12427435998839549,-0.20212690122701393,-0.22123644613312457,-0.2222651538816886,-0.35835277649221753,-0.16207153844280003,-0.27230318820715066,-0.2550645347425304,-0.2215653549347094,-0.26565522607498676,-0.278928335337436,-0.007344626215161412,-0.4719120075263158,-7.35051870693016,-0.33681648985109147,-8.034725327407198,-0.2879173885407125,-8.172548715419328,-0.3992427411613919,5.362020130997797,1.7230331569175417,0.0920086613507234,3.3062,1.0834,0.4775,1.057278679443816,0.2513388888888889,False,-6.399208950197938,0.7754472727272728,False,Active
167.0,R,3x50,TM3,165.0,19,-0.08487802954035523,-0.08189274965515979,-0.2579019638168589,-0.26594285503435017,-0.2640432324678727,-0.14110591008554926,-0.2945357821654118,-0.43756845341100375,-0.3578997002302586,-0.3789660359421801,-0.41736785829189277,-0.42141255530638794,-0.3979544938606853,-0.3720054330251231,-0.30807426388625536,0.008713381014004729,0.07954778531578947,-8.91687030235372,-0.13168954388662976,-8.80806651369183,-0.10845900201979818,-7.915914937526664,-0.024542968971919123,10.594096039167331,0.1539795827841321,-0.5962513152182871,6.5525,0.353,-0.6235,,,,,,,Active
168.0,Y,3x51,TM3,166.0,19,-0.06300709650161501,0.03835140551750507,-0.14628530849042168,-0.11063660490467758,-0.21738585672183489,-0.1335628580591265,-0.21720348077393759,-0.3245454330025772,-0.2436230166274168,-0.292048917427907,-0.22167768678487104,-0.30674463871934643,-0.26136832981189806,-0.19183942529160658,-0.29495350279235794,0.01860709470727636,-0.4909448173157895,-6.7106392497364,-0.15464626406763946,-8.55255665023769,-0.06449834357629919,-8.629539647088095,-0.3022816070324534,6.0860651594327715,1.16758329927309,0.2525496264745365,3.7718,0.7799,0.2463,1.793247739195241,0.0143111111111111,True,-18.444495084200987,0.1696761904761904,False,
169.0,I,3x52,TM3,167.0,19,-0.11277918861069801,-0.10423163505575213,-0.12776476224065714,-0.08874816381912556,-0.16618686323308585,-0.12102312907338221,-0.16552134738339427,-0.19729784912089637,-0.18244907757645268,-0.15727206592545942,-0.15438296181538846,-0.17222255121600885,-0.13927175792887633,-0.10204006864226453,-0.14017748987238313,-0.02226237970813817,-0.31605801184210525,-7.627129551364213,-0.36808005050882037,-7.623835195416492,-0.3530915146347546,-8.227843320031104,-0.3943493857596074,3.2417721455512924,-1.960744666481753,-0.8560903109629888,1.9686,-1.0144,-0.2599,-0.305676567083835,0.5008888888888889,False,1.9885134963422288,0.9102048780487804,False,
170.0,A,3x53,TM3,168.0,19,-0.08443008563198547,-0.04676078844869941,-0.13428674763248225,-0.26561469099811724,-0.20356771595726542,-0.0791194152177123,-0.24051529888400655,-0.3348124144082591,-0.3362326103433647,-0.3489953752769961,-0.3212826662160504,-0.3358935801162091,-0.3248084102544175,-0.29232543886001877,-0.28209620644290934,-0.018762035561480796,-0.216568484,-8.103370224832075,-0.12169410699452307,-8.400133338259526,-0.1692742183850048,-8.193756646282312,-0.3178306973480928,7.965683406738521,0.5523732426102803,-0.91663054818341,4.9322,0.5117,-0.8121,,,,,,,Active
171.0,V,3x54,TM3,169.0,19,-0.09306882858389613,-0.029288014791137604,-0.19015750511392482,-0.23613725087403314,-0.2557178014789104,-0.17280179410388738,-0.2217542246177989,-0.2867624161290984,-0.2237518465075564,-0.22698810060190355,-0.24443952490160403,-0.2414269498284569,-0.34082094382769423,-0.177004178412138,-0.19043410159275723,0.04318994878019507,-0.3124959423157895,-7.93392102876475,-0.10609638824867872,-8.20375750983487,-0.09658728634296948,-8.363521665940839,-0.3578733776253734,6.479054634528588,-1.032733821594728,0.7973286097356782,3.955,-0.4514,0.3971,0.367500568405525,0.5339538461538462,False,-15.377058489490585,0.252,False,Active
172.0,C,3x55,TM3,170.0,19,-0.01688882806371946,0.05770979495366655,-0.05544599965375587,-0.09593767924631746,-0.10976289289787965,-0.08208380077812595,-0.15202245208343196,-0.16660159392627236,-0.21686993335212199,-0.10059720991405237,-0.12217269092241144,-0.13813663519650582,-0.09074094614673496,-0.11030614934644566,-0.12483475735301107,0.025457567097760495,-0.24761238557894738,-7.734826819684153,-0.43358698938782075,-7.854919572101769,-0.36577824539961606,-8.452141480775389,-0.48703688023307135,1.5936976561499538,0.7198739938320091,0.8680380270954479,0.9738,0.3987,0.4544,0.0584171628385554,0.8467489655172413,False,-3.7680662858440286,0.727304347826087,False,
173.0,H,3x56,TM3,171.0,19,-0.09113157510293074,-0.05711178107273751,-0.06493635135429461,-0.08280419162452815,-0.11039733310792883,-0.06344263605610585,-0.06954468417153527,-0.07076165247066027,-0.12997282302398125,-0.13046646585031543,-0.11845580623340946,-0.10156429530970201,-0.06425790500132052,-0.09033855799383532,-0.07222741240444547,-0.05333967721695044,-0.28582990184210527,-7.463543608014819,-0.4555034274930354,-7.782867338318865,-0.3518707468338788,-8.705175439880671,-0.49329905379638245,0.8052130930069669,-1.4936366850753378,-0.6981368897386323,0.4597,-0.8049,-0.2679,0.3377211604533725,0.44436,False,-13.356770403648854,0.252,False,
174.0,P,34x50,ICL2,172.0,19,-0.07674382826919744,-0.0870093680248035,-0.15084223176662293,-0.22455777299775287,-0.19104643264118637,-0.15721959199630314,-0.19104643747842087,-0.16533373383151528,-0.2048416981261853,-0.2401423966475692,-0.17281820957162528,-0.25162360271355216,-0.16804825634537263,-0.09724582552086913,-0.15101053833229808,-0.03752431169086315,-0.394799821368421,-7.369493235769784,-0.3381843096099179,-7.612435842826996,-0.31235243490270426,-8.392883517908594,-0.34176887665926076,4.576685891816649,-1.8549119188402976,0.2350008462129874,2.7564,-0.9366,0.0226,0.1318281042578428,0.7672315789473685,False,5.718064996983241,0.5665898305084744,False,Both
175.0,V,34x51,ICL2,173.0,19,-0.13075658862754092,-0.08304835225922606,-0.15319134875018664,-0.13002135256260006,-0.14273985245739568,-0.12726537246408065,-0.1777568868732832,-0.16227378542672027,-0.1094137023624616,-0.1376794155558779,-0.06470441878687169,-0.04848786559033435,-0.06901329108129242,-0.014620974642660194,-0.0008911507196726692,-0.0037225202846679468,0.13988646005263158,-7.532816254553478,-0.4961202742909914,-7.707000057392863,-0.421953995507394,-8.229359266289563,-0.5920785968100235,1.5039162487582316,-3.3430377524005084,0.3221061291609737,0.8377,-1.8849,0.2615,0.0157888350250319,0.935622641509434,False,-2.703385587276374,1.0,False,Both
176.0,K,34x52,ICL2,174.0,19,-0.04511492772485273,-0.08679323730424708,-0.09207614376520537,-0.07981628580244485,-0.05868018681301017,-0.06522301489418625,0.03499760445798214,-0.06241629868528674,-0.0514401868776696,-0.04246891537666852,-0.03169445206057022,-0.048300082202586456,-0.01142184383095841,-0.021432548723567677,-0.02001309445840168,-0.06561363688021578,-0.011586206842105262,-7.814712211973083,-0.5737674689516225,-7.810576128037465,-0.460794343161835,-8.987392684973182,-0.5810801031995313,-1.1870861876723109,-2.2788761099620087,-0.2983132881884574,-0.7816,-1.2932,-0.1196,-0.1745373158520013,1.0,False,-7.827542757316963,1.0,False,Both
177.0,A,34x53,ICL2,175.0,19,-0.06513311073044073,0.058087113401191055,-0.1822674799853612,-0.13070396809140758,-0.21209242391254565,-0.1524840255859953,-0.23479844400481878,-0.24022593084649477,-0.1442423524178771,-0.07827714351610739,-0.19220280743296936,-0.08707337986865468,-0.1323401179334756,-0.022616274000361522,-0.03601590631461436,-0.0023591596638241254,-0.11432695184210526,-7.690202799438186,-0.4138447196521506,-6.927202336108547,-0.5141876628278951,-7.677573103511347,-0.5875842800775255,2.6343876874362966,-1.2524675791488724,2.522708982893187,1.5715,-0.7392,1.3065,-0.3890516251338258,0.2589702127659574,False,21.769960685169,0.0272,True,Active
178.0,L,34x54,ICL2,176.0,19,-0.1174097228615813,-0.035489624062346646,-0.12295001499122804,-0.14660791290094585,-0.13136608807872524,-0.12247837420985687,-0.029109814684754966,-0.05462804811768508,-0.11891813548293788,-0.07130012188949444,-0.04220816238068551,-0.022375460591367028,-0.051901915522249896,-0.03361929997456291,-0.03553345252144558,-0.010447221507416046,0.057975517157894736,-7.4105250358445725,-0.48262519236118967,-7.73263879475548,-0.41368979017157015,-8.468027096930118,-0.5771864984410429,0.3332958168868199,-2.846031634353003,0.672243502602493,0.1048,-1.6283,0.6078,0.3298217830652774,0.3334258064516128,False,-10.030467609915316,0.31892,False,Active
179.0,D,34x55,ICL2,177.0,19,0.07122692401777873,0.05918312901268555,0.03996886532506498,0.022186375670389752,0.029243270903398687,0.012384456275176967,0.09409234880813544,-0.016044479407321368,0.010191913028035399,0.032533848196815214,-0.0008215399739664588,0.018129986550927808,0.06956267237362397,-0.014931213323248836,0.04152650544854665,0.03914017503910111,0.11366620984210526,-7.93899168151018,-0.6200256532703101,-8.508678066405341,-0.5273695853942736,-9.117574661148108,-0.6323573889138782,-4.594047534067085,0.8096999090891909,0.5404302718703499,-2.8243,0.3472,0.1335,0.6611452230086989,1.0,False,-7.602110804158247,1.0,False,Both
180.0,F,34x56,ICL2,178.0,19,-0.04212254633236329,-0.0448395363038774,-0.07328170508676413,-0.10132134907351666,-0.10510998475646571,-0.11427598317185489,-0.08207649746154955,-0.11572135440917324,-0.12336658770439961,-0.09675008113357178,-0.1179587941788942,0.03818827908445789,-0.013214344287895544,-0.025820509710550166,-0.010131928132654074,0.02224535533748091,-0.14142434484210525,-7.767212817672469,-0.44109669337942137,-7.839588997081608,-0.4414145097028275,-8.486082315183259,-0.519025532635861,-0.0441283024583409,-1.8840509840744288,0.6098920031747179,-0.0866,-1.0944,0.2084,0.2276991942404613,0.5369,False,-0.8268512796596674,1.0,False,
181.0,R,34x57,ICL2,179.0,19,-0.06882022421706696,-0.030396364098002684,-0.20458268215662134,-0.23717172656109672,-0.23009621862752686,-0.22226227063959136,-0.36478847931254127,-0.384675879129756,-0.30298935904912705,-0.2710136094384267,-0.3721111757633107,-0.2198446011966845,-0.23583972291589742,-0.16389959529844997,-0.15723297310133547,0.019365764131259285,-0.03367066989473684,-8.920241788558515,-0.17355770064050904,-7.119371541155289,-0.3378797665936462,-6.798816442333833,-0.4962538263305852,7.533340311695973,-0.8326113665167383,1.3095852076088594,4.6028,-0.3579,0.4141,,,,,,,Active
182.0,T,4x38,TM4,180.0,19,0.04612456680494282,0.02146725520406592,-0.1237671227081008,-0.03832404464102925,-0.13859453329929095,-0.09432440501496656,-0.05984872109539277,-0.08006824082779977,-0.05724812588923268,-0.009875960146319685,0.010436679556905951,-0.05350930748148284,-0.036817214650773235,0.019202485766141874,-0.0053768690630267586,-0.0038208887274900787,-0.07905669463157894,-7.4147765614135634,-0.5266828296862027,-8.062920386901416,-0.4393013914318244,-8.536190546929461,-0.557787811954359,-1.2785757912255449,-0.907006914476014,2.157099059204425,-0.825,-0.5823,1.0484,0.8161526567653956,0.0053666666666666,True,-8.307383003662672,1.0,False,Active
183.0,P,4x39,TM4,181.0,19,-0.009179432660950834,-0.08269985462110661,-0.10007145639077959,-0.07486331111104036,-0.09473666311953086,-0.07684636249896394,-0.10552926707176231,-0.14474171590838497,-0.043843615053475504,-0.04784187212944554,-0.03627409739218588,-0.07101689082095441,-0.030647172771004406,-0.012614993882112303,-0.014493788343041632,0.0024792976441597105,0.002846405000000005,-7.710251177147192,-0.4888312018662012,-7.748348043295803,-0.45386608384079696,-8.221157492204654,-0.6010057704420568,-0.3723996470059487,-1.9405237149643744,0.2884637550300424,-0.2649,-1.1027,-0.0218,0.0181944194576484,0.9307235668789808,False,3.265971838364523,1.0,False,
184.0,R,4x40,TM4,182.0,19,-0.06750052827862515,-0.0076456500185337894,-0.021835146246696326,-0.088506345980134,0.00156020564653793,0.0031032753280516258,0.016164827883512586,-0.06506200049934537,-0.01408588238410384,-0.023780215891009662,0.023348416293669527,0.014187804886557912,0.0032733005307499946,-0.038425736403738794,-0.004017892920106153,0.013554621377981853,-0.18429200142105265,-7.919853937776603,-0.5161028901079946,-7.879574759314548,-0.48096940733509147,-8.940760922096423,-0.5774326688785643,-2.384067735318201,-1.3282807565096533,-0.3804914673280478,-1.5127,-0.8115,-0.1752,-0.0772036090483503,1.0,False,4.662832291159802,1.0,False,Active
185.0,N,4x41,TM4,183.0,19,-0.028780538762818192,-0.1235715951001796,-0.1391200764134083,-0.12841449166473562,-0.17954144194716276,-0.059360354988600796,-0.09283575137913712,-0.07232826751901959,-0.08530873879756312,-0.10026750962703014,-0.18324970071689464,-0.04166584927697169,-0.008438694817647066,-0.03261454471805913,-0.004478462144519308,-0.0028527642320825843,-0.08822283636842106,-7.693915811135849,-0.4652609059491648,-7.960033733442859,-0.4414140433289823,-8.433543089124678,-0.5287129049342882,0.6728135142701438,-2.930822127162947,0.3589445289434018,0.3723,-1.6217,-0.2707,0.2723100598937993,0.4742181818181818,False,4.022193051422663,0.727304347826087,False,
186.0,A,4x42,TM4,184.0,19,-0.09587318763658563,-0.04200457578876639,-0.06977027772532834,-0.15791334602767504,-0.14475738226990786,-0.17475904112317464,-0.19636745837161637,-0.15599838482629189,-0.23979269266029438,-0.14982295937784884,-0.24805780493423893,-0.1480295922745696,-0.2664794744801339,-0.16140362573899372,-0.19649901685396762,0.06976416450181731,-0.44988401077777773,-7.817215103155197,-0.32214873854981174,-8.171969598520967,-0.236703585784216,-8.285523598965153,-0.1010335452383948,4.331916405266693,-0.5696208915329245,-0.4021470017185958,2.6297,-0.2122,0.0398,0.2690909435377113,0.6347999999999999,False,-1.6785450390374592,0.8868983606557377,False,
187.0,K,4x43,TM4,185.0,19,-0.06477539308566667,-0.03132276538012632,-0.1374478084978199,-0.12815828860563172,-0.12462724346062388,-0.092167955165916,-0.13697354788573846,-0.14047864734521223,-0.053739686974150984,-0.0632924376127316,-0.07809270502347561,-0.025919450067255104,-0.02834384520010522,-0.016311336841360085,-0.025531913901811244,-0.014347919443244322,-0.029623269473684218,-7.431336432945461,-0.4811238879733738,-7.720320024846827,-0.4125318795167966,-8.676783661445208,-0.480575777580612,0.3757506445449616,-2.333865589761592,1.0390770098064115,0.1631,-1.348,0.441,0.0763600472896834,0.8467489655172413,False,-0.038241373258252,1.0,False,
188.0,I,4x44,TM4,186.0,19,-0.01295102478125183,-0.042014748907866314,-0.06565970509792651,-0.0374932882317188,-0.09135714239333191,-0.0535624449227328,-0.03424725220915693,-0.03742240912098501,-0.12653588645763467,-0.038882400624451606,-0.07062643336486718,-0.01902897917284523,-0.013542287319570032,-0.021239613958212597,-0.035234115537752804,-0.01912835487026046,-0.27809836078947364,-7.85362425675142,-0.5134105472965104,-7.9260499340906065,-0.43486449419948836,-8.846840370682447,-0.4931585341123203,-1.0937503904015011,-1.242081499153132,0.2383411893785143,-0.6975,-0.7263,0.0913,-0.0350430669907337,0.92575,False,9.57645211435899,1.0,False,
189.0,I,4x45,TM4,187.0,19,-0.06396419430260127,-0.07838936346691745,-0.14951539423356813,-0.07862466590548393,-0.10538680017277519,-0.0952272577341049,-0.13063690490755323,-0.20344016090763906,-0.1720283300357576,-0.11669099756510888,-0.1437463680535249,-0.11363238028570706,-0.11647559102405652,-0.06176708777991184,-0.10106842020870485,-0.06597589084249748,-0.3167462697368421,-7.488010458639327,-0.3996441563684326,-7.442784743756623,-0.4081949054379315,-8.505499758461456,-0.4711264436135057,2.0136253106599167,-1.5674886302522937,-0.260831631788117,1.2243,-0.8416,-0.1035,0.2080187581038881,0.5640084210526315,False,1.7629498013508105,0.8743862068965517,False,
190.0,N,4x46,TM4,188.0,19,0.06672701699096627,0.09971208427665874,-0.051225892116639735,-0.06523889471011264,-0.0624574662775065,-0.0774468713291574,-0.10154640821440862,-0.16722989301624672,-0.1992393572138207,-0.1541878081786403,-0.1403158470445964,-0.19376183415324177,-0.18426609485164694,-0.05049283561850939,-0.1678378646394809,0.022601201626585653,-0.4065199015263158,-7.1541302357211665,-0.4226412114706365,-8.33144909685798,-0.32313276060955615,-9.548881161930662,-0.19320118010725176,1.337360133722676,2.489303420385973,1.1778296144960232,0.863,1.4052,0.5173,1.0101114124795156,0.2589702127659574,False,-5.88505214195958,0.7127047619047618,False,
191.0,V,4x47,TM4,189.0,19,0.01384528691373548,0.03964380512637073,-0.01312195136996959,-0.04077947199110463,-0.018445398562966953,-0.025640982444943203,-0.025502676407677515,-0.006482735262321457,-0.06492285892642712,-0.026612663606655075,-0.08505346802148109,-0.07546379466387593,-0.10044654517777889,-0.08264375335180292,-0.10155596872054463,0.013431214866417846,-0.27399642057894735,-8.098379803394224,-0.5044084308575867,-8.458705181328176,-0.38928511870550464,-8.94823687507143,-0.5465064935626135,-1.2466940507360746,0.8147277443702083,0.0798719956457435,-0.7687,0.4481,0.0832,0.0429928594769855,1.0,False,-13.314642411836996,0.23392,False,
192.0,C,4x48,TM4,190.0,19,-0.06009602993554969,-0.044183681308745365,-0.10352389609300418,-0.033273933112911595,-0.08846992938076384,-0.06683784184023138,-0.08037122686790657,-0.0572038209206583,-0.11393617668675066,-0.09478653786663849,-0.10738225604913366,-0.10847901756395681,-0.097344468032542,-0.06907981275649676,-0.123843476000061,0.018129202367837362,-0.2461154992105263,-7.670391928090574,-0.41940165005748503,-8.11578232803036,-0.3621092060095835,-8.908407297904322,-0.2704125100327965,0.6068405119401654,-0.9941939638708576,-0.4535601400851663,0.3541,-0.5246,-0.0436,0.1111149669668369,0.7797686567164179,False,-3.085762163610527,0.7754472727272728,False,
193.0,N,4x49,TM4,191.0,19,-0.02694517475136744,-0.07999190480345687,-0.0637536143496762,-0.06904496092530525,-0.09295446387426184,-0.08694843395631884,-0.08449879596960551,-0.03520788557200718,-0.10616026262848638,-0.0762301270922277,-0.13952230480689537,-0.15880539013497522,-0.05429395318640177,-0.042842247342856674,-0.08918265595717084,-0.02437138101666336,-0.2658866686842105,-7.253831509425209,-0.4575615527039842,-8.501404284376667,-0.3530058948053996,-8.67238399959091,-0.4259286133645454,0.4485589670115393,-1.2215968152955925,-0.4406720611180286,0.2496,-0.6389,-0.214,0.7002889417157512,0.2589702127659574,False,-12.13477487695105,0.5665898305084744,False,
194.0,W,4x50,TM4,192.0,19,-0.06475987614575211,-0.010495011946490565,-0.09010109399828455,-0.1238849738930315,-0.1575537540292731,-0.1762475710847929,-0.1711520881273331,-0.14760475727580694,-0.17209370072460042,-0.16064660756610855,-0.14241252130538193,-0.10269973080189604,-0.16809150942124299,-0.08702141063219035,-0.13968842137818072,-0.020558343665751794,-0.49396378936842106,-7.679954968306818,-0.4231167571846358,-8.593751899219802,-0.29637850056160026,-9.155744350807833,-0.4171290434795033,2.75290046754624,-0.8676307403959455,0.6613956004647844,1.6386,-0.4498,0.5235,0.9060280659299343,0.0643999999999999,False,-19.537589952090208,0.0717090909090909,False,
195.0,I,4x51,TM4,193.0,19,-0.04929312475247522,-0.005882211502473817,-0.14466467956976936,-0.0846560345066177,-0.1498562381690095,-0.10008457973740546,-0.09593101249332865,-0.14217659000808663,-0.12922274556912408,-0.12124074217263993,-0.1600417122477332,-0.13089152173576454,-0.13805332475830806,-0.1548429444037498,-0.1509462142014078,0.0254523630419426,-0.41171888763157893,-7.811593481775819,-0.37602556374161683,-7.973804978208466,-0.3122910524242045,-8.996663319115223,-0.3209804734225122,2.301722842892888,-0.5708380511994463,0.4097839164318463,1.3933,-0.2707,0.306,0.4927047908738391,0.408013698630137,False,-15.474814674254937,0.2214857142857142,False,
196.0,L,4x52,TM4,194.0,19,-0.060818747964673486,-0.03844846393028645,-0.1310781330336537,-0.05393492909378311,-0.17633448976472482,-0.09371181603414439,-0.08673024843268133,-0.10582392005652634,-0.14912904260240153,-0.13571533117602438,-0.17166086548825468,-0.15048744540240575,-0.12017980932847619,-0.08479789073591606,-0.17359768812084758,-0.03375937401662602,-0.3471563012105263,-7.85068397175789,-0.468107721092468,-8.702821435039496,-0.29783148286756156,-8.845429365909167,-0.4610459864427486,2.137073695896577,-0.9351777276000754,-0.0334017605574607,1.3056,-0.4626,0.1218,0.9693069769132654,1.0,False,-2.5234159398286877,0.8868983606557377,False,
197.0,S,4x53,TM4,195.0,19,0.11546864693620358,0.05839789896382698,-0.07927390660212474,-0.03138274158428154,-0.06577706982457326,-0.035237714554412616,-0.06732068974053303,-0.09835568311145057,-0.17509151006492052,-0.11753336317390847,-0.11615300779211574,-0.14414024481650425,-0.08149165956621669,-0.10465083143821356,-0.17648438162969668,-0.019200812551617607,-0.4422615996842105,-8.057817695872592,-0.3468574943281142,-7.7086743759326755,-0.3720589314239019,-9.309160608031512,-0.28134021585166785,0.3635162148666141,2.1437833910366906,1.1066423015790097,0.2663,1.2098,0.2642,0.2571924956556293,0.6964548387096774,False,6.409283940530685,0.6545662337662337,False,
198.0,S,4x54,TM4,196.0,19,0.06192096907985461,0.10438443167214405,0.0069122190132826205,-0.02482325661526265,-0.05196310541256394,-0.009853566939149983,-0.08384645798956192,-0.12437182906165442,-0.14393974797409395,-0.13221019279782775,-0.19809547216976214,-0.09775133903344918,-0.14616217979076182,-0.1296545380595051,-0.12515490237448312,0.03897194429700855,-0.5024609625789473,-7.5333821722820655,-0.3733272267059567,-8.516802789187926,-0.34759771428023256,-8.847577385652155,-0.3004887411064162,0.2695330057554485,2.811548445838276,0.4846484846627016,0.2248,1.585,-0.0003,1.0201251268226086,0.0137999999999999,True,-5.518983403382148,0.56848,False,
199.0,A,4x55,TM4,197.0,19,-0.005596907757339989,-0.035943638043076175,-0.1005183107449247,-0.06227221578666158,-0.06229125628041408,-0.035126197869381044,-0.11546522309842852,-0.06840447209857087,-0.0907746160161504,-0.1061775793429508,-0.0658942247490697,-0.05668516551397917,-0.022818743771505022,-0.04703303248096743,-0.07986815846908484,0.03358343273769013,-0.31147657889473684,-7.099871576470351,-0.4921670885635734,-7.832002440007436,-0.42519440666893926,-8.974088177567308,-0.3992433368679447,-0.2581129661202795,-0.8861603865467425,0.1947565278728916,-0.1815,-0.5073,-0.0888,0.1802627583126952,0.7112111111111111,False,1.1317229077343227,1.0,False,
200.0,I,4x56,TM4,198.0,19,-0.07671003879761805,-0.08956692433238332,-0.12604664090155893,-0.10346810926230474,-0.16729146333443035,-0.15922442228203773,-0.12781862642158076,-0.18523963789667333,-0.1666508497901995,-0.09801952692849907,-0.13248067557693197,-0.11153349301450721,-0.10380823128841248,-0.11951464407543615,-0.14917988826487727,-0.032038049754870734,-0.38345923542105265,-7.562150722775834,-0.4531313399145042,-7.882281541946885,-0.3424370891465947,-9.359854323575455,-0.36499170521780205,2.679553481930133,-1.9677460408188516,-0.1175817485614758,1.5999,-1.0467,0.1195,-0.2929281254386833,0.6891882352941175,False,8.127959826399902,0.6240231884057971,False,
201.0,G,4x57,TM4,199.0,19,0.0018598101081840521,0.04452931608070503,0.009287641168805436,-0.061631220097211115,-0.0983402942141645,-0.05495135384623972,-0.15166543772828947,-0.11504941797300666,-0.17892185989722895,-0.05842306677838526,-0.15194912645131395,-0.13791414444409694,-0.1267113292426465,-0.10900065049937732,-0.10532397495306955,-0.01376030196794452,-0.28039901473684214,-7.613357329781676,-0.4185311087466211,-6.7846636838661825,-0.5207689271891338,-8.343981842818481,-0.560125858577784,0.8222720236968636,1.170113370590802,0.2799868739098058,0.5234,0.6709,0.1121,-0.5333805363446258,0.0568235294117647,False,1.735786899771517,0.8868983606557377,False,
202.0,L,4x58,TM4,200.0,19,-0.025470185865283913,-0.08414315432600268,-0.12281726922996831,-0.06174301225706244,-0.152323785745034,-0.020447471580955463,-0.07369728285817405,-0.10387901610344001,-0.08188946967224678,-0.17911663244736994,-0.12187321698213782,-0.11702132232818539,-0.0375392139059176,-0.11865161360844875,-0.10779047580945404,-0.0279225782960882,-0.41236029184210526,-7.435303162285491,-0.3950328464779973,-7.806135598770531,-0.42823614742060445,-8.003576056846546,-0.25428060567793875,1.104706794545309,-1.303767467872987,-0.4915646012000006,0.6767,-0.6738,-0.5464,0.0458010376564708,0.9298272727272728,False,12.445634862905152,0.2673371428571428,False,
203.0,P,4x59,TM4,201.0,19,-0.04684262751352358,-0.009163549889679858,-0.12996225887821783,-0.14092970845616948,-0.12432272316018506,-0.12206013568784285,-0.23034888035724688,-0.14465897748527387,-0.22956004406944272,-0.18891146826735217,-0.1554854013324062,-0.20184045102047618,-0.1575726255687312,-0.2076859955205971,-0.20160216836773462,0.03133437412571398,-0.4345117848421053,-6.978613386671568,-0.48169939585533394,-8.217139738995636,-0.3897804416686319,-9.047069598220373,-0.328138159927007,3.9700222484353422,0.0016836958819527,0.2447439171726713,2.4078,0.0832,0.1675,,,,,,,
204.0,V,4x60,TM4,202.0,19,0.021022919159626684,-0.06288636031190509,-0.06392964650596829,-0.029096999777198457,-0.04015685196281114,-0.07254755592486646,-0.06195468910404138,-0.05233096633514824,-0.1628617729431696,-0.08438698546364011,-0.010333865614781118,-0.08054937266507185,-0.10231186481660161,-0.11105561449683087,-0.07380316841366197,-0.010020616367730727,-0.34131415484210526,-7.456757667903557,-0.4791921698132089,-8.232593446993945,-0.3831704102667037,-8.477920823969626,-0.4232480992673271,-0.24422494986607,-0.3819376457636,-0.3508379648842332,-0.1675,-0.1954,-0.1449,0.6594678702042582,0.0778166666666666,False,-9.813878472938754,0.4629913043478261,False,
205.0,M,4x61,TM4,203.0,19,-0.036352419036620384,0.011511723136796258,-0.08235296664119303,-0.03992109601750669,-0.09795423944084287,-0.10188429662131755,-0.02137248905685312,-0.04856071534579308,-0.08545680126997822,-0.07801327843477017,-0.08886839573342994,-0.028504212117518385,-0.028849179970977988,-0.03201823099697478,-0.046894555604468736,0.013753527582143946,-0.30650416636842104,-7.8036783401763286,-0.4654897776658391,-7.875456532437338,-0.4187652503026706,-8.999946342655923,-0.47656182465787866,-0.6551699411281849,-0.9681705191206068,0.7657196703728749,-0.4512,-0.5796,0.5573,-0.344349153517979,0.4964506329113924,False,3.0560763429395834,1.0,False,
206.0,F,4x62,TM4,204.0,19,-0.06842378113453292,-0.08995569135477863,-0.07501212362229961,-0.04345509989804769,-0.053448055854281,-0.07802338329907213,-0.019786049417014673,-0.05576188249402757,-0.016897858634374804,-0.059646883958840304,-0.013202774260994173,-0.04117534797189554,-0.01765866137830997,-0.047028711540279856,-0.032920172591229986,-0.03675368964438766,-0.13881263394736842,-7.963594970319209,-0.49905055889804456,-8.105414435888193,-0.43142437603129435,-8.756349400237017,-0.5360951540045997,-1.0838798365233555,-2.2631026874458215,-0.7158279327640521,-0.7261,-1.2732,-0.1967,0.0733816660341348,1.0,False,-4.007663894325975,1.0,False,
207.0,M,4x63,TM4,205.0,19,0.008427239172596369,0.004324358913637237,-0.02639468350876523,0.024421549917138654,-0.023602343085137825,0.025166215042612166,0.017017611549259182,0.04297076854492443,-0.0067864332265876355,-0.0191311592734605,0.03471415924016231,0.0071914017118367805,0.030666729909521333,0.006551075784747348,0.012133772256787995,-0.0001219467767278317,-0.13483954231578946,-8.024568507682552,-0.5390930393719456,-8.15157058848925,-0.471283966538079,-9.00090463929774,-0.563610354975677,-3.643496666547602,-0.5653463322994439,0.1127938730304179,-2.2564,-0.3927,0.0172,0.0022199592826375,1.0,False,-1.7216194387999706,1.0,False,
208.0,A,4x64,TM4,206.0,19,-0.01741391779979725,0.019596498845140656,-0.14798176942885005,-0.051036529842240254,-0.11755721239874221,-0.12463406010421246,-0.157559623980424,-0.10504702407740768,-0.2688717622739465,-0.22146204907539657,-0.13785947892026917,-0.10941177644621387,-0.12860032506837143,-0.0844040350850241,-0.12451171765373234,-0.020474356085832805,-0.39322991173684213,-6.818250770709636,-0.4528685508297865,-7.809353390807718,-0.304386617982159,-7.885654053156386,-0.4105402869254097,2.315480480328153,0.1027894586123546,0.9680109684608926,1.4031,0.0742,0.5876,0.7679342920864762,0.0187833333333333,True,-13.561975564038008,0.0717090909090909,False,
209.0,T,,ECL2,207.0,19,-0.05366225101224087,-0.02898881625941529,-0.0441148632021369,-0.061411932655364224,-0.06241414380264201,0.0019579371277871817,-0.04235398056026965,-0.009750457025814637,-0.052518086424283385,-0.0010627919256688226,-0.05276834271043246,6.081781108199499e-05,-0.02451393419140847,0.05482274532356331,-0.03268513807875661,0.03635594919285215,-0.24622881557894735,-7.681681171785936,-0.5055255646167282,-7.874193474665053,-0.4725693439803754,-9.23882070750581,-0.47119050428021675,-2.0144940520626493,-1.5880789736310466,-0.0487904427905126,-1.2623,-0.942,-0.0602,0.0714661553930264,0.8467489655172413,False,4.854580710380707,1.0,False,
210.0,T,,ECL2,208.0,19,-0.06484038062904567,0.008457527810478998,-0.08716553963751514,-0.03442170766005805,-0.09140368995532899,-0.09359915898586803,-0.09483546774742496,-0.09613056585350983,-0.14564880458415666,-0.07384647154301925,-0.025511402984156457,-0.0643203889081725,-0.0359666550169876,-0.01023648257397614,-0.050701369231059015,0.019186488771342023,-0.2512994797894737,-7.738567322409951,-0.46806162626225295,-7.441611937809519,-0.45688889972662866,-8.49493838267532,-0.4889813174571385,-0.2443861998254545,-1.0939051898670973,0.5798891434149005,-0.1945,-0.6602,0.5752,-0.4429719304204953,0.1854275862068965,False,6.74782714140575,1.0,False,
211.0,K,,ECL2,209.0,19,-0.058968192992899925,-0.048536910572297386,-0.01688978355547151,0.027584331761858868,0.0022876675603821744,-0.02995141989170708,0.03823294626392755,0.0034031865516552283,0.012639175063197242,0.02793810699224253,0.013068541622697716,0.014286951477989748,0.04144526631453182,0.03911487960115625,-0.011922117967308665,-0.017646359126578665,-0.06617269136842105,-7.988331311509287,-0.5668132783963005,-8.38442790903241,-0.48891552958072887,-9.136141920927471,-0.5971148882384669,-3.46561355129681,-1.6965789729654852,-0.8066496243527146,-2.1693,-1.0138,-0.1301,0.3621523130516078,1.0,False,-5.647926578592055,1.0,False,
212.0,Y,,ECL2,210.0,19,0.009631765165450371,0.0029746266592148903,-0.01718228699652389,0.04986459454554645,0.039229971716481404,-0.019338032397430226,0.11823622861124317,0.04925674615353301,0.023037231403764083,0.009027455043740367,0.060084152404026384,0.07221551239298137,0.11101871295816498,0.011213768922625749,0.022404210857738194,0.03115453764163726,0.04669687852631579,-7.928476620080644,-0.5873394780553989,-8.164939992948797,-0.4990197260872815,-9.15949542105347,-0.6134221163860899,-4.852802023833403,-0.8227957235420325,0.0249572701954878,-3.0283,-0.5706,0.1639,0.2621806789649552,1.0,False,-3.181962159435802,1.0,False,
213.0,R,,ECL2,211.0,19,-0.005036017977428418,-0.034083522369052634,-0.001283022057491112,0.029544471232800948,-0.07302799506912605,-0.011533035999664947,0.025873994846375616,-0.02240087843353734,-0.009263700197923525,-0.000612641912487542,0.021291473035823443,0.028300061451787643,0.023712519554554112,0.014179723526004648,0.01924493896355041,-0.041247724763867656,-0.1917350835263158,-7.918342734343267,-0.5303782897418934,-7.939618640567663,-0.4991481473875775,-8.791727440884506,-0.6003328508879167,-3.3022290804444436,-1.1642396595448563,-0.1429372206294916,-2.0453,-0.7184,-0.0755,-0.0198667679703667,1.0,False,2.8622792348345305,1.0,False,
214.0,Q,,ECL2,212.0,18,-0.009517693856614138,0.038078449834570566,0.024972639434914033,0.04542909264784577,0.0169870833499265,0.04970369616976987,0.05353834459958584,0.02487141920261035,-0.048166015995541996,0.005685602562459783,0.02646944917980255,-0.004518766226598517,-0.018653389467593616,0.01648848957357868,-0.0008733165325424904,0.034951038253697234,0.0015647765000000027,-8.125952885199627,-0.5819948613399153,-8.491341707012628,-0.49742155641639957,-9.013681081288205,-0.6166037155668191,-3.955263280718174,0.32612567490123,-0.4248603875338256,-2.4191,0.1034,-0.0892,0.3289240395822155,1.0,False,-4.5728987774512175,1.0,False,
215.0,G,,ECL2,213.0,19,-0.031844822072228364,-0.007607153239923747,0.005115565951197005,0.018785378983687383,-0.0372143166720992,0.009028181808600736,-0.04702511807826101,-0.005705752889237622,-0.009438327124488171,-0.013969027649733025,0.00749040318448192,-0.017866793736903676,-0.04187088725781676,0.0030956098512400533,0.0038328654538478733,-0.021551628560297163,-0.14638914947368423,-7.904732750579453,-0.5435855036253177,-8.156145875352017,-0.4782391743649578,-8.960848254592337,-0.5723311520751215,-2.7752486103489646,-0.6264500204623275,-0.4299504627847069,-1.7158,-0.3998,-0.1433,0.2478688782944793,1.0,False,-1.11343863807023,1.0,False,
216.0,S,,ECL2,214.0,19,-0.0683798482529324,-0.02836718606095405,0.03090790085331463,0.017925257588158872,0.00585366950492239,0.012924280870281786,0.035667625868713915,-0.04097915799791584,0.03774496643379542,-0.03907752596653647,-0.02206463039217167,0.02944648099103846,0.022608179442354482,0.0161384727193607,0.01960101034737659,-0.02255391147162488,0.01951885131578947,-8.034808589435038,-0.5722219939690308,-8.19992166146379,-0.5136983348896429,-9.020177776161228,-0.5790505755616877,-3.4111675789197484,-1.1195068651464812,-1.227105656670107,-2.1134,-0.6843,-0.5356,0.1263944666563539,1.0,False,4.1743976505041145,1.0,False,
217.0,I,,ECL2,215.0,19,-0.029506984656758085,-0.032080222748163884,-0.025083042339629148,-0.03954412419302446,0.0077349169666625014,0.028379475424069812,-0.040350963048072584,-0.012014235811250294,0.06527820479984077,-0.0020547869323565894,0.009205659282068644,-0.04825746333768346,0.01215415517116279,-0.02889415983284213,0.012887162220551873,0.003179939091583189,-0.054791374894736844,-7.552532222979739,-0.5556966379569023,-7.978933078400377,-0.47670743629082035,-8.908994179135263,-0.6021665753424186,-2.859605113598026,-1.147606178259128,-0.5734535943209288,-1.7881,-0.6843,-0.3951,0.3876139115112913,0.0643999999999999,False,-4.275841255208723,1.0,False,
218.0,D,,ECL2,216.0,19,0.007111056092921643,-0.02612577473728282,0.031157014407974692,-0.0333168062015981,-0.023163179687815054,0.006777474582741662,0.0005689507403286269,0.0030631315739925434,-0.024098961676805416,0.043112123609619336,0.023862706081738926,-0.01373475888168828,-0.005362789812370264,0.06574268694674006,0.025291851618840493,0.025054919699871826,0.050257792105263155,-8.052069301228823,-0.5686160581710272,-8.084353044746491,-0.47697914823983345,-8.921657562440458,-0.5591269984918421,-3.5652153121172168,-0.8946765245897732,-0.0824677612683216,-2.2062,-0.5737,-0.132,0.0854063321238935,1.0,False,-6.695601779108817,1.0,False,
219.0,C,45x50,ECL2,217.0,19,-0.04513721826772408,-0.08101439848591281,-0.1561028311936159,-0.08455997853033854,-0.27258748063761395,-0.22070668468046364,-0.33861187330608106,-0.3054475794449863,-0.3055612241114904,-0.2947269212862477,-0.321275657569223,-0.24777767378586552,-0.289268747494416,-0.2417774158090367,-0.2989266986538944,-0.005150796911251695,-0.49428164684210524,-7.4682905474770545,-0.26183248916531987,-9.239963142990915,-0.2081351369137787,-8.237615639308734,-0.1294842813164756,7.581460935287292,0.0606450463465682,-0.2360857743993645,4.6775,0.224,-0.0768,,,,,,,
220.0,T,45x51,ECL2,218.0,19,-0.01997136437614319,0.023025070230311594,-0.03487242982839176,0.03126740975475875,-0.01624708500625693,0.050835036753756724,0.008164945271996751,0.06514502473945835,-0.05176398903434289,-0.013130621551952092,0.040029169703565064,-0.007387461942746542,0.009386670113003516,0.06227830127517601,-0.036038751996991934,0.03140613281187886,-0.04308219078947368,-8.052740459945563,-0.5663594372296452,-8.484163205554546,-0.4687022159223756,-8.611432330800739,-0.5939219475022299,-3.5902339590674845,-0.4285262508838922,-0.0143768278809029,-2.21,-0.3229,0.0837,0.2226773682950842,1.0,False,-1.3805415091260986,1.0,False,
221.0,L,45x52,ECL2,219.0,19,0.0053194736746152325,-0.08448409280126086,-0.11218339038636882,-0.06854408855757593,-0.06885718552528719,-0.06987318225025543,-0.07040879077096983,-0.11715279641588965,-0.23792936816094631,-0.04527872895917615,-0.08826144973715953,-0.0603164926346495,-0.08264168963714402,-0.05087957445820737,-0.022456953793283656,0.019885300005403627,-0.3009902117894737,-7.13728647302881,-0.5001213412827596,-7.530702394325059,-0.47612667792902125,-7.967040391417356,-0.5643068759947715,0.2543652568873743,-1.2909243958888166,0.1063667234437723,0.1458,-0.7264,-0.0562,0.3950918315967371,0.3623777777777778,False,4.04126307412629,1.0,False,
222.0,T,,ECL2,220.0,19,0.031803816859070674,-0.0022939098463004848,0.03955080949378892,0.020189686481955908,0.02795457819745261,0.08290635943619135,0.040502029244054924,0.017286113279396987,0.0375638137908669,-0.022819719724969562,-0.008229576286355225,0.014496330244780288,0.0375460281060113,0.011262775411110933,0.057100851828834405,0.018764301398945436,0.023663418105263158,-7.985204284760393,-0.6026576521362431,-8.108136641194102,-0.5491626712411815,-8.970809581745732,-0.6261510054554759,-4.475903756907146,0.0375252408380922,-0.5798069577897327,-2.7351,-0.0505,-0.6114,0.1358055506600806,1.0,False,1.6405282512188766,1.0,False,
223.0,F,,ECL2,221.0,19,0.04979646240269788,0.01839674413555004,0.014870372284783074,-0.005016126875995265,0.04397506458231655,0.055012720145532684,0.05218981028020247,0.0930149112505505,0.02035924492156386,0.03016216119482271,0.06083398488903103,0.03909916873871301,0.05169227304825927,0.014274103031873452,0.02535328504173259,0.0450056985113413,-0.13564330589473683,-7.929174730320815,-0.6002630171949381,-8.646401474335004,-0.4913769643021307,-8.921161730444155,-0.6457051023127223,-4.927878759961121,-0.0828157698569641,0.1920778466630698,-3.048,-0.1461,-0.0882,0.6974435780579444,1.0,False,-9.243643546858335,1.0,False,
224.0,S,,ECL2,222.0,19,0.024230763589426187,0.007053672177619101,-0.01519341906430152,0.03773124027352869,0.011305035867408804,0.013944816564028873,0.05713104446553207,0.02154996757531688,0.019575643747964097,0.0676601997917704,0.040446852698939474,0.04555250566606746,0.05105588804821897,0.061267969422490756,0.021097649979032622,-0.022513275607517855,0.12608884936842105,-7.896588040004625,-0.6139190781034511,-8.317930611005659,-0.5383060518088432,-9.1122378573852,-0.6038358934238756,-4.6707416685422425,-0.641351057808885,0.2911440885745444,-2.8856,-0.4679,0.1673,0.3936104040377746,1.0,False,-1.627581915330655,1.0,False,
225.0,H,,ECL2,223.0,19,0.009667960911855284,-0.015948357017334065,-0.015090059910656248,0.039550173558485176,-0.05160442489390965,0.053953961464458425,0.024758479783081752,-0.027424364754096896,-0.05974308963448682,0.0742566561408911,-0.037835394497432805,0.008784836136183772,0.017235601596089972,0.004547123941574787,0.010236226833716616,-0.006253480972926394,-0.038143247842105266,-7.979383180645179,-0.5820511981188168,-8.296175200989694,-0.4974271855456342,-9.031618100750082,-0.6357828118907305,-3.4193724413962516,-0.5280007588864979,-0.202187813077709,-2.0754,-0.3634,-0.2058,0.2455254160857549,1.0,False,-3.7088308109514583,1.0,False,
226.0,P,5x31,TM5,224.0,19,-0.010857660524871672,-0.03965622375402424,0.01628386060905306,-0.06822605060142382,0.015594906606991294,0.04337900205297125,-0.004702807123664068,-0.07019434966911234,-0.0642560454538263,-0.04161937482053061,-0.0641113195005954,-0.03158503702111181,-0.0417427844202732,0.027575145170159472,-0.013620934262049321,-0.01134614393739596,-0.0452212192631579,-7.727669531788065,-0.5400195267771731,-8.128165842867665,-0.486608935135312,-8.604609618235758,-0.6055993352138295,-2.2978189382257295,-0.4779708439998813,-0.9122430669398895,-1.3968,-0.3002,-0.7373,0.3602697902572762,0.004025,True,0.3838574088147695,1.0,False,
227.0,T,5x32,TM5,225.0,19,-0.05045902280901238,-0.036668791656696974,0.023584530634892957,-0.04050979648246577,-0.0027201364989234995,0.01645898146297478,0.02747167078208008,-0.0011466737900146912,0.05809290315816547,0.0031784943215310683,0.027484864961774668,-0.00843283228223275,0.023587704301165566,-0.0425850907365698,0.0012015330546861517,-0.024734695358084653,0.07082424721052631,-8.00382813248962,-0.586957914626079,-8.55579682678804,-0.4980785197264755,-9.09616076549005,-0.6077786716568759,-3.2356923478459487,-1.2897924639183946,-0.9682010594672724,-2.0277,-0.7669,-0.476,0.4698616999203651,1.0,False,-4.236391228978653,1.0,False,
228.0,W,5x33,TM5,226.0,19,-0.01468823248132569,0.02484079408350161,0.004583511976341715,0.009271136869521732,0.019881427429543633,0.03939589566658698,-0.036684916824771686,-0.03834298196464083,-0.036248206906522834,-0.01560421947290632,0.005862034563196237,0.05340991218813093,0.02667234567943279,-0.03910910725523662,0.028495455715373562,0.002909900883417285,0.13626653563157895,-8.129997641360442,-0.5912038213002565,-8.19291657660827,-0.5305485684906966,-8.941016764799338,-0.6175560826238484,-3.319561044566718,-0.143758304810331,-0.2127375835520843,-2.0495,-0.1695,-0.1906,0.0428351496412204,1.0,False,-1.25947156973354,1.0,False,
229.0,Y,5x34,TM5,227.0,19,0.055397402912862104,0.05265959118115577,0.027438324790739828,0.04351295436019963,0.07170714394108439,0.013368647423263777,0.03529355165924513,0.08865952819759561,0.032494102381817234,0.02581234297106817,0.05156357974581299,0.05705825056448357,0.029624767581770618,0.0241994864396497,0.028075255372296815,0.023701239577082468,0.0038570486842105247,-7.836461303479858,-0.6063558856316674,-8.039352951701728,-0.549181524210569,-8.908493473643915,-0.6104773698421403,-5.125347545488914,0.5274790612288726,0.3939416126381272,-3.1721,0.1839,0.2057,0.1302439625510931,1.0,False,1.4852050071681564,1.0,False,
230.0,W,5x35,TM5,228.0,19,0.07178627368697137,0.00880085857818862,0.06590553701074527,0.05259006012572768,0.04245264233412588,0.025868436727813072,0.03738204437249694,0.018175051641991565,-0.0535357111738919,0.030329722367601078,0.03406575870253905,0.05873957288904804,0.02293040721107062,0.03842115474652681,0.03630729642717331,0.01940358166123214,0.004811645526315789,-8.087224164917151,-0.5909112694999846,-8.140468244771174,-0.5486500564240518,-9.085240556669564,-0.5984927960806825,-4.817024535847801,0.5436474887125147,-0.1110397167667977,-2.946,0.2055,-0.1929,-0.0642503624872627,1.0,False,3.8581297554343585,1.0,False,
231.0,E,5x36,TM5,229.0,19,0.06433589359326596,0.037952901674202205,-0.03892836951469883,0.0759556150533756,-0.014839271447590188,-0.0018454822137436786,0.033380320209765155,0.017247661538582485,-0.07305435592659983,-0.007155629073631032,-0.01994621799670299,-0.06545791060913105,-0.027827857903985325,0.027206253692647703,0.016568908846928642,0.00875772819555293,-0.008257812105263157,-7.8685784429564825,-0.5776678180278262,-7.978164949106379,-0.49855034693477396,-8.467597114910339,-0.6066240796774796,-3.326397520225977,0.7146377423111016,0.6091357402978552,-2.0237,0.3337,0.3443,0.0827569672122905,1.0,False,-5.438598135411188,1.0,False,
232.0,N,5x37,TM5,230.0,18,0.020165427588575292,0.05927788202000231,0.016051595142158655,0.05062184972756301,0.04127551849909042,-0.004845283859918041,0.06508283202341042,0.03416308329256909,-0.026597782986413958,0.027228176509034283,-0.04127490815024593,0.008198106520292474,-0.026397603244449605,-0.020748282300894788,0.021455204646206184,0.00604650069137211,0.03272502766666666,-7.995537624978983,-0.5602925896707317,-8.169533506521873,-0.5035244855482492,-9.000025084126952,-0.5666152596901298,-3.884288131125324,0.7405223189238479,0.0904171268788367,-2.3903,0.337,0.2168,0.0480253522494376,1.0,False,1.4454361330885843,1.0,False,
233.0,L,5x38,TM5,231.0,19,0.04016221705937692,-0.00028482506757149614,0.010860120381510623,-0.052830528067611675,0.03040772126810105,0.008236935587450622,0.023508899622311556,0.008639414994031256,0.020200859185089515,-0.046954918742956896,-0.0741530696128614,0.06905508073553342,-0.03608763227732643,-0.0016111973092551423,-0.0014061742343703877,0.013497526226431975,0.01840475747368421,-7.849715325047662,-0.5593385498550859,-8.182065446290917,-0.5116188391337271,-8.755239416770802,-0.5943610735578746,-3.2058015311618844,-0.0520516948700493,-0.0057307002490457,-1.9826,-0.0847,-0.3285,0.2007458211111386,0.641912962962963,False,3.1256523383140777,1.0,False,
234.0,L,5x39,TM5,232.0,19,-0.0010271802319814264,-0.002108269776464108,-0.08492392351204238,-0.05666455670351498,-0.04830783361241942,-0.06551939010254165,0.045447955885573134,0.01693985884992815,-0.1576003255424845,0.047546214306871094,-0.009449674835112148,-0.0643009019450846,-0.1088440988273958,-0.042045565887350866,0.020202925844429183,0.005908566555280446,-0.1291942942631579,-7.569307639730318,-0.5030077850645727,-7.885123187957307,-0.46853582814354683,-8.461813540724005,-0.6202062429254568,-1.6688225284393885,-0.8581239653537293,0.8084505518779073,-1.0656,-0.5267,0.6439,0.2147771597620869,0.6500374999999999,False,-8.93273793830207,1.0,False,
235.0,K,5x40,TM5,233.0,19,0.08761964498479369,0.08246145776066417,-0.006599800428858715,0.09372003496901121,0.04563386762858426,0.01653666029463211,0.0008005388418109,0.004046874472059685,-0.06256420565527168,0.026570407510380825,-0.050370624778345606,0.002129944429013242,-0.04468299197568089,0.0006146774627561524,0.0008962083225047049,0.03761267332128025,0.00608455152631579,-7.7939585235012885,-0.5903193319442676,-8.136207601388461,-0.4626725575109458,-8.54745602756011,-0.5684522671735555,-3.808090585389265,1.792054510290939,0.6547726633803488,-2.303,0.9181,0.3207,0.4902126931468649,0.099076923076923,False,-11.223835380474334,1.0,False,
236.0,I,5x41,TM5,234.0,19,-0.08227012277054223,-0.06142840701716943,-0.017411939825600117,-0.039296217375055995,-0.06494252933894976,-0.04864669047460059,-0.06738996412968813,-0.07327139659055239,-0.10793183555916615,-0.055536544080743905,-0.07059504847359255,-0.06392862606363107,-0.06283740120598749,-0.04977701595674803,-0.01486948764135,-0.03826750311772202,-0.09013091373684211,-7.704202145894544,-0.5206781880952468,-8.116714941626872,-0.410318966545813,-8.756938635418356,-0.5580451837664819,-0.6271177027707139,-1.42744557313256,-0.9710969041688724,-0.4115,-0.7992,-0.3394,0.240628426530769,0.57054375,False,-6.660766915754102,1.0,False,
237.0,C,5x42,TM5,235.0,19,-0.06435081487619469,0.026176635436757578,-0.02838801689820899,-0.05983952342201895,-0.03507935936086994,-0.04355219816232254,-0.04495816401506652,-0.0005120862073975121,-0.08840884187886103,-0.09445356524376028,-0.054826991531223425,-0.017325452977923844,-0.08468725779978321,0.036274106729510903,-0.04940426158176842,0.022129546090805443,-0.11383716821052631,-7.468344652118098,-0.492610448376195,-7.9689472237807335,-0.4443532880362026,-8.907147491765741,-0.5095056202262398,-1.3610238569317734,-0.6252456405074565,0.1198830296181722,-0.8726,-0.3973,0.2302,0.4627124026575782,0.261464,False,-2.347033506351825,1.0,False,
238.0,V,5x43,TM5,236.0,19,-0.017397632638825516,0.008039258087630723,-0.0810975152453837,-0.07616322004496269,-0.1072289017623039,-0.1383580510118282,-0.10472086618147093,-0.1556265533640466,-0.29001825933426306,-0.14146483319872594,-0.08779697839623923,-0.10837198881605409,-0.11680909023292459,-0.021829910799406483,-0.11350202443218457,0.013207437058048038,-0.1828404715263158,-7.2701214853408676,-0.4873660385749877,-7.5505682491413015,-0.39431085326147886,-8.145584353376808,-0.5480501486980763,1.542681035297618,-0.0838216511971372,0.8082446852346412,0.9305,-0.057,0.58,0.1153669090309232,0.8467489655172413,False,4.815159191482042,0.6763512195121951,False,
239.0,F,5x44,TM5,237.0,19,0.007457079723364688,-0.0559625359245251,-0.044387328627297495,-0.0167431289117429,-0.09560625619054186,-0.054458521161476925,-0.07662793260872332,-0.07098684928859776,-0.2656634656787782,-0.08301474213528162,-0.0857491982064605,-0.117739970731944,-0.10290297715248775,-0.03191142670255051,-0.08104119322633314,-0.0023926479368842164,-0.15187476631578947,-7.160421276370031,-0.4937549244512835,-7.455274813907398,-0.3874312502814192,-8.282446087541585,-0.5156121002493045,0.2452457934788588,-0.2002594176473987,-0.3240493554667041,0.1711,-0.0936,-0.1524,0.3537656906099604,0.2790666666666667,False,-6.515064218069888,1.0,False,
240.0,I,5x45,TM5,238.0,19,-0.06300033831967555,-0.10900256443011173,-0.09873453498816301,-0.09409325615603024,-0.08115993258643933,-0.06395170429683973,-0.08705993077773377,-0.08935824323646215,-0.08694683996311203,-0.09585439214951924,-0.06473191503618532,-0.13113022884115913,-0.12658558512412996,-0.09448506243278511,-0.09823043850430091,-0.021593533941627458,-0.19501253415789474,-7.580980440473833,-0.44887974286073523,-7.681155567063382,-0.4969596217501132,-8.882219442501047,-0.5681049387823546,0.9452844120957452,-1.808237145580836,-0.9965097565880294,0.5494,-0.9533,-0.4686,0.1983340871399459,0.5339538461538462,False,-2.0559164092547224,0.8829538461538463,False,
241.0,F,5x46,TM5,239.0,19,-0.06088107985707669,-0.007121791480297672,-0.06281465072384665,-0.035886332901748245,-0.0894997828107185,-0.10487915763385869,-0.13189847007167682,-0.21164884415765345,-0.18796369527709553,-0.1383657729117372,-0.16129559408070793,-0.178162590126195,-0.1689574833969506,-0.06469501393298414,-0.15276564319874958,0.0033798235023767306,-0.29382586605263156,-7.2398635553869,-0.4045240757108272,-7.512229311975069,-0.1949516819574083,-9.438160549360868,-0.37719026951775475,2.1232598516705345,0.2529666131148436,-0.5270471190001117,1.3221,0.191,-0.0171,0.3700824092373231,0.4584263157894737,False,7.29603481769723,0.5665898305084744,False,
242.0,A,5x461,TM5,240.0,19,0.019443653454066345,0.07325370434820551,-0.053610150176787996,-0.06628331944993991,-0.08508144848731827,-0.024838300641673704,-0.113275146241284,-0.1455144528549092,-0.16615052822565907,-0.07262001876165912,-0.1960444049134626,-0.12591528703134144,-0.10451421156404847,-0.09136697829639064,-0.12224453097141029,0.04033009916652689,-0.18618967542105264,-7.878718004094552,-0.36425496001781527,-8.175793915310232,-0.3457115836120819,-8.653708214632648,-0.542921678886712,0.8120342861459721,1.4253090597909197,0.7834172961225075,0.5338,0.7977,0.2225,0.3434255889883673,1.0,False,13.501071680414531,0.2934736842105263,False,
243.0,F,5x47,TM5,241.0,19,-0.054564166952636974,-0.02858505467312412,-0.038790467275406616,-0.06182744851776965,-0.06772124430218822,-0.051439913501000245,-0.24717539569856947,-0.24824828670994417,-0.13629458350612297,-0.18023428204563463,-0.1586519717686111,-0.16197669920178043,-0.2305429945795554,-0.02755854113860827,-0.12198164530320132,0.0015502381472137958,-0.34392149931578947,-7.48554499178307,-0.2612943315705357,-7.350855233413507,-0.13569228475163686,-8.425199845801572,-0.48543101147148243,2.210720480235315,0.2925275418733392,-0.9162322570212909,1.3972,0.2227,-0.5449,0.4370716657986762,0.6347999999999999,False,-0.7955526527829697,1.0,False,
244.0,I,5x48,TM5,242.0,19,0.0004957231059577863,0.021126212462411354,-0.0727500913825241,-0.010130447979377644,-0.10010571558108043,-0.1007630700913253,-0.08012855367841747,-0.11992521594123588,-0.1166739397935616,-0.06494113273454183,-0.04336641863967566,-0.10645604187093752,-0.0643050476570125,-0.07534119634729597,-0.08285736313087724,-0.03562377311040669,-0.1707718894736842,-7.382684370105744,-0.47069130999077524,-7.632831713128438,-0.40116815737154904,-8.238578242489197,-0.31614565227197877,-0.0214335382364397,0.028199077350297,0.7208342296507801,-0.0314,-0.0023,0.5455,0.431461589399353,0.3094777777777778,False,-12.644541964998766,0.238658064516129,False,
245.0,M,5x49,TM5,243.0,19,-0.07524986221534653,-0.0073560116851558895,-0.13778124930820657,-0.027748497450834384,-0.11145688641702331,-0.043625070003706495,-0.0815151975469536,-0.09387876520191883,-0.1639604228625197,-0.07533573848249576,-0.08665764453100235,-0.06898429499937038,-0.12812641284757523,0.004992302068947977,-0.08292652056629135,0.02036238991358794,-0.2203531149473684,-7.6735092404632015,-0.4061453770730756,-7.740642228288613,-0.38760233131529276,-8.31848057471243,-0.40601490813068886,0.349963885807026,-1.1369688222338314,0.2698921356113625,0.2089,-0.6528,0.3501,-0.4385517346026368,1.0,False,3.196974760391093,0.8868983606557377,False,
246.0,P,5x50,TM5,244.0,19,-0.11230366353526632,-0.037795617320743206,-0.15598031264947407,-0.10261840466255233,-0.23510470664072222,-0.20466204978568853,-0.3404206914947142,-0.32309536448979576,-0.33905788189858127,-0.34225363390639846,-0.3360273031275194,-0.3542277352355444,-0.34629608408295065,-0.2458559727826216,-0.25216202598876947,-0.028760418577015362,-0.29658682573684214,-7.9719950887889075,-0.18968752518595158,-8.06293029934664,-0.1319313063313644,-7.781213627303488,-0.3572336492441192,8.235360630481434,0.4398804363160452,-0.6258451665626239,5.0803,0.4464,-0.0481,,,,,,,
247.0,V,5x51,TM5,245.0,19,-0.04543746851431918,-0.043543692072658735,-0.0970676440434888,-0.0988522137789634,-0.08676973620151757,-0.06462661702804183,-0.14486328855708144,-0.06806847056413143,-0.06777108933595118,-0.13737226566157465,-0.10791419583293933,-0.0754415443486198,-0.07424248665644312,-0.043132628287063005,-0.06425602189746013,-0.004802374269665715,-0.1976946602105263,-8.212126472358246,-0.41215379537664726,-7.924698408856098,-0.3644507423673166,-8.195582170253097,-0.6198665726964743,0.5504075666308433,-1.359436268781026,0.1046183904763446,0.297,-0.75,-0.0772,-0.2016317059124368,1.0,False,-5.978471873565196,0.6414054054054054,False,
248.0,L,5x52,TM5,246.0,19,-0.038826225632273115,-0.041231735338008134,-0.09285932469842784,-0.06591217404660159,-0.0713945856643767,-0.0522629104596884,-0.06703236962331043,-0.16089124401403085,-0.13144591627482216,-0.11474090740515844,-0.10545218982778429,-0.1357048543588516,-0.03183361828529653,-0.12011614006096023,-0.13884715873525394,0.01089292000049963,-0.11794383821052633,-7.8548041848131644,-0.46201274333766607,-7.899905482409275,-0.39973587888752266,-8.607488926349527,-0.41704815720100413,1.0061755401027117,-0.5511342165527674,-0.5600496852317634,0.6124,-0.2779,-0.2988,-0.0460021723515149,1.0,False,3.9764446149403785,1.0,False,
249.0,I,5x53,TM5,247.0,19,-0.09418991424442007,-0.011311015696077864,-0.11415828897062665,-0.12621105099701907,-0.1362730058103693,-0.13698292196655965,-0.18927259592216528,-0.20419600025138046,-0.24655952535153786,-0.18361738204578829,-0.17453106661253984,-0.1337426458504304,-0.1227276815594673,-0.0926143754512468,-0.12061274752711727,-0.01147069590143816,-0.3020701104736842,-7.4049797553140175,-0.3551308065884169,-7.422177174438058,-0.32362461259743974,-8.284046901182334,-0.5450736332054188,3.23216274569001,-0.8974733343943824,0.3099067755110846,1.951,-0.4718,0.2903,-0.3961571475971075,0.5339538461538462,False,-9.91628780752669,0.7335410526315789,False,
250.0,I,5x54,TM5,248.0,19,-0.04305583488729906,-0.003029539294126138,-0.04156522745832241,-0.040969427274108856,-0.11789704608998462,-0.037071256166616946,-0.06887587464710726,-0.1261045547510448,-0.1855114828784669,-0.10020439098742111,-0.1298977701180494,-0.17397656714173476,-0.13483894323282863,-0.13448427987553394,-0.13159413664955844,0.05921076058726194,-0.3013875125263158,-7.486133690449465,-0.39067031396823954,-7.7789390873362025,-0.4405500751858426,-8.576719550728669,-0.4156537667698315,1.2823592466711151,0.3832761636415284,-0.5925084870535229,0.8119,0.2649,-0.1897,0.6307392490088217,0.2513388888888889,False,-5.339371531765046,0.6548148148148148,False,
251.0,T,5x55,TM5,249.0,19,-0.08313109741809623,-0.022176228861144422,-0.10503661114207141,-0.06100529799120535,-0.11733515792840703,-0.11630334500914481,-0.13277779000969248,-0.12940202216921498,-0.11454395168547413,-0.11856188437897613,-0.12171293747288377,-0.06524762725538083,-0.11610153349481098,-0.0921508208348473,-0.08356028722745053,0.03273525839958655,-0.12588856705263157,-7.587400670408989,-0.39095405866875715,-7.761133027721271,-0.3641641949420614,-8.262082234856559,-0.410211727631075,1.364627006902655,-1.2362015067064591,0.1024563801930653,0.7956,-0.677,0.2637,0.1046530459337384,0.8201529411764705,False,6.275712112702514,0.3867707317073171,False,
252.0,V,5x56,TM5,250.0,19,-0.026528410910881605,-0.022206203928403546,-0.045698684146475356,-0.01168276479427606,-0.03266723916468082,-0.014112287802216641,-0.07358856325348558,-0.11112472595241656,-0.07046685022494834,-0.0654612360187523,-0.05051515866516748,-0.046995144179885456,-0.02085212371102451,-0.08518796025076958,-0.04694226092431954,0.04406068084922197,-0.2369472742105263,-7.548073663734267,-0.4887657549920949,-8.334587261762994,-0.3776565307504592,-9.369563780582927,-0.4207513938269867,-1.0127192435357502,-0.4356229765573878,-0.5231341345364375,-0.6272,-0.2623,-0.2996,0.6529831483477837,0.0187833333333333,True,-11.068975786375669,0.1160533333333333,False,
253.0,C,5x57,TM5,251.0,19,-0.1119343768803143,-0.0002666713664576102,-0.0980996151047114,-0.06855112484807964,-0.15520709639861696,-0.11339492544544096,-0.17693929554514096,-0.1779537950126142,-0.21506286739668484,-0.21332276317077553,-0.15321499600555594,-0.1629931787020685,-0.09476046994916247,-0.08486216970925958,-0.09241195563082108,-0.026184543726682226,-0.2569724323157895,-7.654922479592725,-0.38569090680773793,-7.995598941324919,-0.3002404635733643,-8.753129498181734,-0.3591670899909212,2.698236840383357,-0.7945455779708805,0.0207734780546202,1.6317,-0.4152,0.23,-0.1574365021600785,0.6964548387096774,False,4.585852004050608,0.743104,False,
254.0,Y,5x58,TM5,252.0,19,-0.05096940207786404,-0.04396422988127725,-0.18851561123976301,-0.16749222694837546,-0.23792780750641543,-0.18410968102862735,-0.21920511024540287,-0.20387911988497584,-0.242982860874378,-0.20322703957541463,-0.21329303003853786,-0.1597579831055772,-0.14614225199623765,-0.14307987927434015,-0.10411693622366167,0.025550333556166625,-0.0014198572631578927,-7.316875435291214,-0.35696530823043626,-7.265077565683013,-0.2788392161199762,-7.267039510521967,-0.5055292617745395,4.596928727247913,-1.5698045507988014,1.350961687548394,2.7716,-0.8162,0.594,0.0688401033702561,0.8518761904761906,False,-11.3942206659958,0.0932571428571428,False,
255.0,G,5x59,TM5,253.0,19,-0.08412188208623095,-0.043488888531416844,-0.07032650139940137,-0.06883423702143426,-0.09327322720066607,-0.04079966007396768,-0.047927841078141666,-0.047645693973920725,-0.08936924847739594,-0.0687160116679926,-0.0710509702048761,-0.06544488223652707,-0.06645542689048431,-0.08237893764213694,-0.052283938814324735,-0.013011056194505674,-0.06616569457894737,-7.8104661710785726,-0.49862169830621256,-7.954657496282561,-0.41338236706809794,-8.956133226099086,-0.4959464080670271,-0.1823015626452568,-1.5587070802275471,-0.4842820360243255,-0.1498,-0.8679,-0.1245,0.0554052975328209,1.0,False,-7.995709071936063,0.5053759999999999,False,
256.0,L,5x60,TM5,254.0,19,-0.03376518121258391,0.02894970030819203,-0.0348742135684249,-0.03618791652418509,-0.0850179201924785,-0.041052419938992536,-0.08879421953790355,-0.12187710394121883,-0.09159145997115949,-0.054517878307037575,-0.14099065196450333,-0.03926005530059504,-0.035120505253176885,-0.047512631841755304,-0.03384623800975945,-0.008302522644390036,-0.08679959084210527,-7.861237704385064,-0.4896891569422441,-7.726183014549277,-0.42753382544613194,-8.675792680786122,-0.5148813264105334,-0.5429933365462287,-0.1727158984719146,0.3571382138054735,-0.3385,-0.1319,0.1433,-0.3113265717115041,0.408013698630137,False,-2.1015680126637903,1.0,False,
257.0,M,5x61,TM5,255.0,19,-0.07370939504360907,-0.08766206260063623,-0.08859078354569441,-0.15393187365946656,-0.2191517484954248,-0.1556373704450304,-0.21621066416907833,-0.33614048187101425,-0.23118522798611857,-0.26167387462030667,-0.2271804120671648,-0.24791392212854277,-0.13525467052677842,-0.2084848891532051,-0.15155073278577977,-0.07621023513941785,-0.20400296242105262,-7.929852434906638,-0.2706700498312027,-8.120409172590023,-0.25358139400855795,-9.43262957660537,-0.29419525851705536,5.358629464472923,-0.8863666341782646,-0.5927191560256341,3.2848,-0.3716,-0.4546,-0.5458419280522868,0.2589702127659574,False,-6.886940704556078,0.5885901639344263,False,Active
258.0,I,5x62,TM5,256.0,19,-0.1181299716530149,-0.1114717038987089,-0.18840650135594883,-0.1717987183108295,-0.15973135201944802,-0.11870510302898399,-0.1590238072412116,-0.18372909612329044,-0.1950022869342837,-0.13067363873548102,-0.14374652213131173,-0.058288604889185885,-0.051669995888189844,-0.06418154643611733,-0.04045434457837248,-0.015066710563310052,-0.07744064568421052,-7.245123067960973,-0.4115460522712008,-7.427347504734013,-0.3919706472992215,-8.005913599712393,-0.5065956926998406,2.562914311830125,-3.45146559781003,0.2584658885992795,1.5017,-1.919,0.0599,0.1595712320983437,0.66724,False,3.1904386156745304,0.7388408163265305,False,Intermediate
259.0,L,5x63,TM5,257.0,19,0.027546550263568944,-0.041813050993055136,-0.02576422896104516,-0.02929848349251466,-0.016225144589243623,0.0009260070498239994,0.015446856164340494,0.010401231657511079,-0.001969880624607988,-0.0124355610181041,-0.01178844924686973,0.025094436255249014,0.028061059559203325,0.007339015233864201,0.00865529749600152,0.01167693305379372,0.00940643847368421,-8.31232229411412,-0.5219775457658935,-8.127183643795771,-0.49439565332995944,-9.03123308114329,-0.5270994105199825,-3.1999402065837663,-1.0348457771363977,0.0147158740006404,-1.9905,-0.6381,-0.2241,-0.2836414692733626,1.0,False,5.819494728430641,1.0,False,
260.0,R,5x64,TM5,258.0,19,-0.0744063933517762,-0.0800606450317403,-0.21818316257197884,-0.19153907791217661,-0.22891516443035864,-0.173427880819353,-0.1597929215117075,-0.18497022727062498,-0.22791263610091994,-0.17707102167796923,-0.18031869914791027,-0.2616364544033564,-0.16123154114297347,-0.1334256202863163,-0.18192636885107458,-0.006560396376453369,-0.3197107650526316,-7.285575423147957,-0.30170454077689896,-7.590858681465369,-0.28114704380164895,-8.217325621242033,-0.39721066941294997,4.94979357609793,-2.0134078655339502,0.6970894846802647,2.9893,-1.0263,0.4171,0.2790050472872076,0.649908256880734,False,7.377668814558682,0.6178865671641791,False,Active
261.0,L,5x65,TM5,259.0,19,-0.06405033494028912,-0.06416669331316192,-0.21303907751285042,-0.23023366174235915,-0.25864997976753124,-0.13127633916855408,-0.24318367009219236,-0.30457240332565966,-0.2544096202662665,-0.2221939640055265,-0.26337927014618634,-0.2327988096340484,-0.20848728247914367,-0.17924196572131076,-0.17132342525869224,0.028248713795638834,-0.1260039595263158,-7.385253494454736,-0.1420926023824187,-7.160169836894815,-0.1629736449272124,-8.530599178096123,-0.33018152240509496,6.192202933536909,-1.406955374655314,0.800046779778721,3.7909,-0.6751,0.0865,-0.8757861514697618,0.0643999999999999,False,21.51555445200436,0.0272,True,Both
262.0,K,5x66,TM5,260.0,19,-0.0621769521426321,-0.020793956573755556,-0.10797700754224011,-0.11125741007099202,-0.10298617167079042,-0.04800755161936142,-0.08174516570234486,-0.1028790663148679,-0.18974228423942738,-0.12885159435005467,-0.11283468544794137,-0.08790341786713703,-0.08151828366912627,-0.051039827037401564,-0.09108389141088113,-0.014200016718742077,-0.2865886226842105,-7.807933452409683,-0.43916683191498107,-8.189840423538367,-0.32798774158584415,-8.79435861414803,-0.44449386786673134,1.0243364864516322,-1.0619335926890052,0.155396654064064,0.6076,-0.5927,0.0436,0.3730608375586852,1.0,False,-15.73840083003827,0.0717090909090909,False,Intermediate
263.0,S,5x67,TM5,261.0,19,0.01803939820987248,-0.013958300404528301,-0.04024595361576125,0.015525972652790078,-0.10502025799886039,0.011959371874291178,-0.03581909308707329,-0.0206442275022782,-0.048477781901894806,-0.025332488985573064,-0.0549896291790165,-0.08803675676884354,0.01552158296338407,0.019831982001690476,-0.05265371396299275,0.009141056853283843,-0.17742755236842106,-7.994934314122805,-0.5235504238554846,-8.225338968966252,-0.43979454957153025,-8.680505861817457,-0.5857276774271961,-1.9968509578824696,-0.4098519308001334,0.1846350626348014,-1.2116,-0.2601,-0.0504,0.3697559055355857,1.0,False,-5.787053676834475,1.0,False,
264.0,V,5x68,TM5,262.0,19,-0.05114230605143234,-0.043865858307429346,-0.06251129578228494,0.06104049988192109,-0.06327180010511674,-0.0072514457920581235,0.04421547994316772,-0.004723257526974112,-0.017702625179823708,0.0237531381839525,-0.02109496915801238,0.014876020525396563,0.0016093933793228162,-0.020725691253874603,-0.0019990351184417748,0.00018021592500052684,-0.07958369878947369,-7.925644765260747,-0.5237756786625537,-7.863360752508966,-0.530291248014726,-8.863446012174427,-0.5484745138976682,-2.8370358450550412,-1.5618822714313925,-0.562436467854745,-1.7594,-0.9201,-0.0553,-0.0816637039296885,1.0,False,11.966605929345786,1.0,False,Active
265.0,R,,ICL3,263.0,19,-0.052193017383338654,0.024329181881903975,-0.13633763216673636,0.017040892889014815,-0.05186793809635314,-0.018800159319419796,0.02799770899750782,-0.026227908221947385,0.0038725986504342474,0.008414259257885021,0.016170468158795418,-0.0663529045884116,0.008304841552903328,-0.03039506018055325,-0.038123973509124914,0.05700312379201491,-0.18188503494736843,-7.8814912215058515,-0.5064802930014536,-7.540403078846603,-0.48176706082598547,-8.884964874617305,-0.5444423957148642,-2.1696029074471586,-1.1569584546528748,0.4949528811260553,-1.3703,-0.7108,0.5625,-0.4244728966081244,0.0643999999999999,False,4.777633752084975,1.0,False,Both
266.0,M,,ICL3,264.0,19,-0.0063021246386444,0.01633694528980466,-0.03384148650474457,0.017731728977787076,0.024767465718659332,0.046164713140463186,0.038119661374445696,0.026267744316250268,0.05710505539917753,0.056795871248191125,0.045893749508397676,0.02948825873178341,0.07606352267149238,0.013673637067748533,0.007714303909563622,-0.007486516213809522,0.008214316,-7.989750235555029,-0.570350590172596,-8.087190873779136,-0.5249380269782746,-9.037410935223797,-0.5818601695565595,-4.460302151243545,-0.7717878080509252,0.0528995125694448,-2.7656,-0.5348,0.03,0.03152937556262,1.0,False,3.5790013981555457,1.0,False,Both
267.0,L,,ICL3,265.0,19,0.012163065495194626,-0.0016740371335085401,-0.06523824019864072,-0.02769118312993915,-0.05871843540876737,0.0024988247384324343,-0.022581893764191646,0.0240978855504576,-0.020330530297325736,-0.016398671100873702,-0.01062679839169276,0.009111188637623687,0.008607758480281584,0.011820279505446979,0.011082709444692463,0.0022390483657164953,-0.12356168415789474,-7.834368817777259,-0.5201181176575961,-7.89017787592432,-0.5165463161677848,-8.905139502829584,-0.5853014386834732,-2.74496280939322,-0.9907372577902448,0.7271885040388998,-1.7156,-0.6259,0.2096,0.1573670660518953,0.6418934579439252,False,8.820842620925195,1.0,False,Both
268.0,S,,ICL3,266.0,19,-0.04827603575678716,-0.05356978135132763,-0.0889464545869774,-0.06242049590147476,-0.04008099318738887,-0.01591656766554395,-0.0048652068373777994,-0.019912102955103227,-0.006935334788768083,0.014107534436704062,0.029834104302091435,-0.008096212742812695,0.011847104501551088,0.0314834428169763,-0.0015795536749081897,-0.00032020004437219584,-0.04680229105263158,-7.63066641342334,-0.5611894463363502,-7.780545045252039,-0.508695557730563,-8.918084448363777,-0.5608265387955417,-2.4507514161959145,-2.284064480839062,0.0676932765908845,-1.5589,-1.3432,0.058,0.06600161199467,0.7672315789473685,False,0.777930191796905,1.0,False,Intermediate
269.0,G,,ICL3,267.0,19,-0.053104258503704246,-0.04693477606690996,-0.05616637760526364,-0.01979504315773675,-0.03553356613130587,-0.004249314658093742,-0.01898642318768544,0.04296581408788603,-0.006752031802439021,0.0881497725449361,0.049396063564164816,-0.018786602559765678,0.06527641318881834,-0.0014616143181053688,0.03188173966382715,0.012754074231385948,-0.014824571736842105,-8.011322215667807,-0.5469008400379997,-7.7746688470874386,-0.5096250774698294,-8.882822435159223,-0.5647515579703198,-3.2865951562667193,-2.2196319205957113,-0.0728194754966037,-2.079,-1.3183,0.1177,-0.3005979665302654,1.0,False,4.189251692477192,1.0,False,Intermediate
270.0,S,6x23,TM6,268.0,19,-0.053828897387793805,-0.03566705018235754,-0.11405114500979897,-0.06314883758140657,-0.0982801124407076,0.01056150503089011,-0.0322578780060188,-0.029262392472818186,-0.06938660547034954,-0.038431502242816114,-0.0063099767985458745,-0.014556571203074136,0.0047308731652270395,-0.03884059590747493,-0.013431153611228147,0.013161849461010374,-0.12192855057894736,-7.654246571863291,-0.5367981182703057,-7.668610067658636,-0.4678785161932073,-8.76617630949156,-0.5438670194546044,-1.3929834519147115,-1.9619905179914232,0.2471466064630078,-0.8936,-1.1459,0.0416,-0.2290175056281294,0.5008888888888889,False,-0.3956096749963445,1.0,False,Active
271.0,K,6x24,TM6,269.0,19,-0.06058442934524386,-0.05640366078032306,-0.08639464020117915,-0.03218163712929225,-0.03575199460945308,0.036250027759046344,0.01438405479701822,0.001271655619716,0.012361914192140375,-0.0039589702618713545,0.026457110511896732,0.023531979608362234,0.06153523246114084,0.028934311085726815,0.026369304337019988,0.00761658933083837,0.012091417631578949,-7.766465939148643,-0.5430117549656551,-7.576736752578868,-0.5247520599293305,-8.840280510583447,-0.5768205704873003,-3.14387871521074,-2.41243330906525,-0.2916080255896308,-1.9736,-1.4256,-0.2153,-0.2708851403103773,0.2589702127659574,False,8.66821026989033,1.0,False,Intermediate
272.0,E,6x25,TM6,270.0,19,0.04560848288923311,0.03521836980231454,-0.01448952494816054,0.026051617434109255,0.02985277197761622,0.022209372015578793,0.03054932688880889,0.03621812631143322,-0.014716508639964928,-0.0028671211275604733,0.049575705323912735,0.053198620626551237,0.055901988627262054,0.024753981859898154,0.008874949443953279,0.022043788540494828,-0.08610788678947368,-8.114551338857602,-0.5819828892983083,-8.248813899238797,-0.5105172224551544,-9.147445339681246,-0.6011957791493288,-4.3679109526953175,0.0630808739619797,0.5159475433853897,-2.7005,-0.0751,0.171,0.0872152760526709,1.0,False,-2.0288877043548323,1.0,False,Active
273.0,K,6x26,TM6,271.0,19,-0.07543079962288769,-0.04741260893934083,-0.17268266934747253,-0.09223432179304321,-0.1545914490998568,-0.03759100330413239,-0.06397304951145635,-0.05944857532600755,-0.1099468114019108,-0.08255601162008307,-0.06635887169887439,-0.06231049372908062,-0.05582740683472017,-0.040166284905656546,-0.06499710429474244,-0.0188185971115648,0.009781459157894738,-7.488962394829662,-0.48686350611597623,-7.619850360464819,-0.4500040670539367,-8.558547962647603,-0.5099501648607416,0.4444286505521058,-2.3195502577505613,0.5221223334792926,0.2303,-1.3087,0.257,0.0808271952354644,0.8201529411764705,False,3.097906333713552,1.0,False,Active
274.0,D,6x27,TM6,272.0,19,0.0626574913657676,0.10936680595786036,0.022327118237185636,0.10931126062811387,-0.004441429755346643,0.05077804651399659,0.02616233050923407,0.04082676055763646,0.018051544815915536,0.0013459008231575158,0.029258747076879178,0.017187131757636354,0.03821399193843084,0.04940527026043556,0.010294177412641605,0.014757595194590425,-0.15293455036842107,-8.208737577970972,-0.5977132674436685,-8.414396474909188,-0.4965272306778365,-9.286235094017487,-0.6015389985732609,-4.931836245085055,1.4170738875352422,0.8534660046319378,-3.0061,0.672,0.4209,0.2318520470120937,1.0,False,-8.991964869962565,1.0,False,
275.0,R,6x28,TM6,273.0,19,-0.06499860301799013,-0.06875940093851948,-0.08714740267733463,0.010950038162487116,-0.08196054715696191,-0.03378417756289037,-0.02643815382677962,0.007712973155830932,-0.05782845274763327,-0.006948003234045842,0.015644295363115356,-0.009780182031298794,0.007734569355467231,-0.03272065281094993,0.0025722620782258694,-0.03328904305169429,-0.07487677615789474,-7.662547758641304,-0.5444282213647028,-7.948654820492933,-0.48593400983923307,-8.931885226156291,-0.5650205053442217,-1.9719383663728671,-2.2478377400545333,-0.3386186517124367,-1.2595,-1.2971,0.035,0.2128775636362387,0.2898,False,-0.0689653211441099,1.0,False,Intermediate
276.0,N,6x29,TM6,274.0,19,0.05788954513296203,-0.03442418344146747,-0.0315798662086974,0.022775535455787033,0.014353683142185799,-0.0146226444162636,0.022366691766497995,0.03651609321824284,0.04478598614386677,0.021724433270788917,0.017909145899652243,-0.02805684877721403,-0.01632681462242351,-0.055996329299213596,-0.0030595164726475274,0.009986747572091288,-0.11146613742105264,-8.23280238839327,-0.5534391572318775,-8.167591109753568,-0.4716732569189781,-9.141038176066383,-0.5720158217637793,-3.3856818559235133,-0.3269783850306592,-0.1303379084113363,-2.1002,-0.2161,-0.1296,-0.1996054464461298,1.0,False,-2.026088858362596,1.0,False,Active
277.0,L,6x30,TM6,275.0,19,-0.0596238331571512,-0.05399297760465355,-0.1508842671754959,-0.1458017871138113,-0.08356262093249982,-0.0860266766390287,-0.1106011320811013,-0.085563077900449,-0.11134473144597165,-0.05666067930328306,-0.07074698369407388,-0.03306665005461817,0.0038117279893884843,-0.017398024339516125,-0.016170769712489326,-0.032148219776331616,0.004748830947368422,-7.565790971154093,-0.47426892866522796,-7.354089439698974,-0.46325245404246007,-8.70552994031977,-0.5386089191811984,0.1361851106761879,-2.5827335655603996,0.8648052403947654,0.0048,-1.4885,0.3483,-0.3325295761112805,0.261464,False,5.565806755477943,1.0,False,
278.0,R,6x31,TM6,276.0,19,-0.09999519603293695,-0.09380118037098595,-0.14887101973757388,-0.14859866565534383,-0.11598520643912731,-0.12293435353329232,-0.12138255432853536,-0.09194998860689557,-0.14223845536636753,-0.0861807302477452,-0.09392255501387417,-0.023119545820592474,-0.024653317239305927,-0.021368473612534137,-0.02064297305717278,-0.027398319054136307,-0.07547741994736841,-7.6163873550040035,-0.46454309995954085,-7.392532598329859,-0.46125574077169623,-8.3908691849305,-0.5407819390367964,0.9314003307170864,-3.3085075774980837,0.4010666703387878,0.4811,-1.8698,0.2367,-0.2749162737424884,0.3288622950819672,False,9.348199807688662,0.0717090909090909,False,Intermediate
279.0,R,6x32,TM6,277.0,19,-0.10792811303127632,-0.06793010234098187,-0.189485678665938,-0.11134296660659858,-0.15867208491368542,-0.11321401238347795,-0.05172140858302023,-0.10224942649394504,-0.11228476569774541,-0.0870565982389677,-0.04669918979392452,-0.04196838230785851,-0.03233023649716885,-0.03888536052231599,-0.03408254729422897,-0.010703634439783484,-0.10544287252631579,-7.145424268043369,-0.48604211663424574,-7.269884459786659,-0.43287628806389405,-8.259290082524108,-0.5081099060936616,0.7883123109464287,-3.2766548739685635,0.6879770039287277,0.3989,-1.8575,0.5295,0.0598466585955881,0.7664091603053436,False,0.0076604110496916,1.0,False,Active
280.0,I,6x33,TM6,278.0,19,-0.08368291462069695,-0.06707997741526374,-0.2172171047740081,-0.2398712303505852,-0.2655635323789445,-0.21809389720102657,-0.20724392393516758,-0.19925223977643639,-0.20828223610118224,-0.19470399092454535,-0.14258780916832145,-0.1224927148791682,-0.1304972206732175,-0.09954932806774967,-0.08397171224823448,-0.04962005388392039,0.023750311789473687,-7.25282923389196,-0.3485299747640656,-7.455668802372963,-0.3254401972642265,-8.174968642413916,-0.44102325059073383,4.531376598109916,-3.055830355921072,1.8512399183346215,2.6796,-1.6748,0.878,0.1988935901832569,0.6347999999999999,False,-3.681764613152783,0.727304347826087,False,Active
281.0,T,6x34,TM6,279.0,19,0.02280243954267401,0.022034552515011664,-0.042196398373120635,-0.019877200209477686,-0.03730623709864653,-0.02579806623913599,-0.00042197627228782723,-0.0017013346422252308,-0.11059091130937086,-0.03757942727442225,-0.04831737720190396,-0.04370485270127634,-0.04840988947506621,-0.054099124358707826,-0.039994445429786564,0.005159425693503883,-0.27983316621052634,-7.831574588061351,-0.4617173078355952,-7.493587232785518,-0.4457324234170436,-9.049997788301303,-0.555372556463617,-1.7486943027380752,0.2059402801667625,0.4299625553780301,-1.0843,0.0773,0.2179,-0.3778375743794395,0.408013698630137,False,7.349539548736983,0.2214857142857142,False,Intermediate
282.0,R,6x35,TM6,280.0,19,-0.04522458600859904,-0.10535415747622123,-0.07765345400440879,-0.01982825134249281,-0.0318644731007552,-0.02662290040383075,0.040042868718635195,-0.03580935851121008,-0.08313501389199981,0.0022819686945210554,-0.08876689197537749,-0.030528394160611344,-0.010517682675942568,-0.04368815284380749,-0.011262310614037036,0.010866192312318446,-0.11168741410526317,-7.593520176183951,-0.5663755190470813,-7.930896453745706,-0.48528847808915343,-8.9198865529163,-0.5999682464468712,-1.6137175772422914,-1.9922926040712752,-1.0374280430616136,-1.0121,-1.1189,-0.4746,0.1752208259430201,0.62740206185567,False,-3.109271990830176,1.0,False,Intermediate
283.0,M,6x36,TM6,281.0,19,0.1382156786706086,0.09954893764587537,0.01980758589845559,0.04958567722877566,0.03466059803724155,0.016221589094541942,-0.004246788875556724,-0.01422066938737521,-0.0036945445419119998,0.04741819020344764,-0.02720492361230126,-0.05207646136800583,0.00296149380579499,-0.05102463452178153,0.006238973364075474,0.0795820392447037,-0.30191563205263156,-8.375812335139539,-0.5151397496589201,-9.013638732489982,-0.4083008079726035,-9.461894384899272,-0.5640124785076732,-3.8986319154998768,2.2820240409934653,1.1663788891295055,-2.366,1.1939,0.3611,0.4614228227472079,1.0,False,-10.206445894909551,0.2214857142857142,False,Active
284.0,V,6x37,TM6,282.0,19,-0.015356361903912784,0.0033493058201982174,-0.11553108098945326,-0.06511356178557512,-0.0992563753757937,-0.04749584979904743,-0.05464529072209162,-0.08851922734443327,-0.09323364171559469,-0.1122378884530999,-0.06838631891437152,-0.11668514451145282,-0.08616395793974449,-0.10410094475286169,-0.1153855382150383,-0.018091253504811125,-0.1777072134210526,-7.676146788441597,-0.4505772453777227,-8.256273411408952,-0.375388196719416,-9.008810819348017,-0.439622195941616,0.4943237957718958,-0.3073841521181803,0.3907697442190856,0.2879,-0.1606,0.1876,0.4597772786771852,0.408013698630137,False,3.6628971323817385,0.743104,False,Active
285.0,L,6x38,TM6,283.0,19,-0.07383250632924646,0.018992159809020023,-0.05604512534616866,-0.041134351927909686,-0.060419739584563543,0.006434970690011286,-0.04145701028393827,-0.03771978614891502,-0.07245314246828506,0.005305155425534189,0.0132428112714437,0.009712391645401115,-0.04552268697722651,-0.003638144515977811,-0.007395953762011269,0.0036576754126047884,-0.15298633084210525,-7.802372025624541,-0.5314964815585872,-8.14058076370007,-0.4301713152685338,-8.865698115771366,-0.5338619670635513,-2.036315461092207,-1.214763011445051,0.2383820729106206,-1.2825,-0.7569,0.2699,0.3060476023857141,0.408013698630137,False,-9.76692606055659,1.0,False,Intermediate
286.0,V,6x39,TM6,284.0,19,0.054324351942937665,0.028913621546267754,-0.025675459411624756,-0.011669710974410122,-0.020324274310768598,0.06981085343998143,-0.033207809398821085,-0.015329935530040938,-0.044827432411788715,-0.030910334822222742,-0.05774973748566684,-0.08375468339640534,-0.08804218304690066,-0.06730647966911837,-0.02541920622566966,0.04937151142545928,-0.26642478789473684,-7.776013738263683,-0.5016030047860182,-8.32435951423338,-0.3892671063950127,-9.11182928448899,-0.554061727850116,-2.1414453800029687,1.003082701025877,0.0457577658335291,-1.2774,0.5421,-0.2887,0.2517564851139608,1.0,False,-8.19103897414829,1.0,False,
287.0,V,6x40,TM6,285.0,19,0.15231592696021481,0.13843638338461786,-0.004353221702329243,-0.014319270738862556,0.00011913214073013063,-0.031020767806525688,-0.01810443398571677,-0.06528225478353221,-0.04864412094358341,0.004396730703483079,-0.029404309206775246,-0.05223592264689506,-0.07527083383716376,-0.07523090150695187,-0.042057720943736894,0.13505288847102864,-0.25325333121052634,-8.396321029553095,-0.48218413890817674,-8.367491125713945,-0.43041713487270516,-9.643550113899998,-0.5146597932429526,-2.5095841398372274,2.745060543115466,2.057592243818474,-1.5226,1.4575,0.802,0.1502170295234597,1.0,False,-2.62342792839072,1.0,False,
288.0,V,6x41,TM6,286.0,19,-0.01918993256973149,-0.036289425800170146,-0.08938759744432341,-0.04128242679171736,-0.12167560668654838,-0.08223349353036864,-0.11671256712934322,-0.054272502049126814,-0.1180329223776663,-0.11555622579618904,-0.10321583589011088,0.008220989815605316,-0.11462434863188144,-0.01804258459018078,-0.016195865466757147,-0.006478615783455431,-0.2216263030526316,-7.783722565654872,-0.46532568267475477,-7.442584564018095,-0.4544802362278161,-8.508943606674974,-0.5350288674819168,-0.0618723987383698,-1.2407107454085782,0.5717954232290563,-0.0669,-0.7088,0.2163,-0.3716895226625194,0.3135263157894736,False,9.937445457926952,0.0932571428571428,False,
289.0,A,6x42,TM6,287.0,19,-0.01854985248469329,0.014127908599380935,-0.06936297353179981,-0.05530413007789261,-0.07548244276151088,-0.03561170006218811,-0.045409025788178,-0.0760355721715893,-0.04460574144414591,-0.02258134266796072,-0.08406050633591011,-0.002097347328517878,-0.03556501409765247,-0.010161125144139051,-0.037177212211817336,0.013958252210498675,-0.25217583731578946,-7.522437430981234,-0.506515759391879,-7.5165855428329715,-0.4662900909607713,-8.539877195831544,-0.4896183266354354,-1.3249808429723933,-0.7915778457408822,0.7012221937883741,-0.8368,-0.4965,0.288,0.2659506214621974,0.6500374999999999,False,5.591430988495405,1.0,False,
290.0,V,6x43,TM6,288.0,19,-0.022590425851634326,-0.018487044816387133,-0.06699369009314547,-0.00026763891698287033,-0.07159097717996717,-0.0066514649363031125,-0.029717537010544446,-0.04033301913524209,-0.13954821852768715,-0.07112094662942656,-0.10641796593979136,-0.05762635006231529,-0.07929047086706682,-0.09186512748220567,-0.094665391323624,0.027876990314061843,-0.2846238752631579,-7.625940871803303,-0.4756435236972408,-7.776766590538485,-0.40400325810997023,-8.727709807124668,-0.4840167572162514,-0.4861205938854359,-0.1484415853581639,-0.4894616448233805,-0.285,-0.073,-0.2161,0.0894145839512834,0.8467489655172413,False,-3.9183931512976713,1.0,False,
291.0,F,6x44,TM6,289.0,19,-0.07068853914198449,-0.030047870607043784,-0.22212580952186992,-0.1952388161763723,-0.18664555951030062,-0.1399233131085599,-0.23168164361614946,-0.2588678138367784,-0.26979746712758673,-0.2696937518715503,-0.23476155971661067,-0.21184744552791604,-0.2352280683719654,-0.14833293404153788,-0.16106792366573233,-0.013634183327692548,-0.06507992931578947,-7.281055500202761,-0.3012290833516608,-8.036677481813502,-0.2695499023203479,-8.25720432991472,-0.3242568823449852,5.648362622381162,-0.901549447833958,0.794247285374636,3.4487,-0.4119,0.2751,-0.1072106544274955,0.8467489655172413,False,0.6570755819066498,0.9663496062992126,False,
292.0,I,6x45,TM6,290.0,19,-0.024271569049411256,-0.045443696624350896,-0.13490242747879852,-0.11713278637068758,-0.13240251896068567,-0.1609997575181737,-0.15307386567166417,-0.13371739542081013,-0.1341081257056156,-0.12626871626670147,-0.14988987002328846,-0.12602424720086608,-0.17945383011093555,-0.08978520337450602,-0.0959205880378462,0.031100559526064452,-0.31366943,-7.588890890908335,-0.42137780610943626,-7.1858893961245,-0.3841395092135043,-8.753427103703329,-0.42659079656651444,2.3650704746749587,-1.11791728709863,0.7192133347876106,1.4073,-0.5784,0.4055,-0.4958905468067343,0.2589702127659574,False,-8.790524530594535,1.0,False,
293.0,V,6x46,TM6,291.0,19,-0.05542087517626919,-0.05724717831964593,-0.1023971475325826,-0.04337773011214278,-0.06737533948785944,-0.06774017453658733,-0.0413381614688436,-0.09703053166232474,-0.11295925340886277,-0.052158714664007955,-0.08794670777421519,-0.08378256627289708,-0.1353135887236561,-0.06452899598823303,-0.05966161220937828,0.02592647269033441,-0.35706965884210523,-7.228458116826164,-0.455745759956448,-7.404000565665434,-0.3765713954489397,-8.849262814725298,-0.43150010850096837,0.1627824912187389,-1.2626241746244349,-0.456737912903241,0.082,-0.6888,-0.0519,0.0031477196325795,1.0,False,5.895232418703445,1.0,False,
294.0,C,6x47,TM6,292.0,19,-0.04474627801623618,0.04856011310554427,-0.14463846212856235,-0.06693781641509329,-0.09753122593200177,-0.13801925688043007,-0.086510165723117,-0.19018306001646615,-0.28153226827535366,-0.1536045342829595,-0.15483784669617404,-0.12189655463954634,-0.18638582721122512,-0.1255817886408691,-0.11995990884987906,-0.02766327259462035,-0.3685689537894737,-7.474293306252729,-0.3855655010391375,-7.89023964840269,-0.3120602212094752,-7.867155455816173,-0.42946947328027835,2.5802190121073383,0.4000241719779527,0.8687953653603616,1.573,0.2375,0.7513,0.2605155053890007,0.6964548387096774,False,-0.2005931389691966,1.0,False,
295.0,W,6x48,TM6,293.0,19,0.03310631439229435,0.08879095448712591,-0.09917210424871702,-0.06809824169002275,-0.10305485322465374,0.0034207428990613415,-0.18598489379397865,-0.08276377425079647,-0.1712232359745436,-0.1980281392164309,-0.12298779428280308,-0.11161356420066186,-0.18555889657806213,-0.08611546735965137,-0.05014331284200528,0.0502525397521944,-0.11608726926315789,-6.938104072742673,-0.4532458404276383,-6.682678716008996,-0.39981527136491046,-7.717636611016443,-0.5009421380621003,0.9968749181919287,1.4497751979799842,1.378192717675853,0.6376,0.8065,0.3581,-0.6667824841939778,0.004025,True,-6.35380838343842,1.0,False,
296.0,T,6x49,TM6,294.0,19,-0.0233557257465165,-0.031219366736692806,-0.0846186389424376,-0.07736100236490027,-0.1439262453899726,-0.08952408074680937,-0.10353851859978008,-0.07569447319403579,-0.15328356001355936,-0.07752151184848091,-0.12435456490632554,-0.13304182653898708,-0.20667746692036779,-0.08825066508033397,-0.14384899783625082,0.00691620894397888,-0.2730002522105263,-7.848626043882394,-0.425328835948622,-8.178218250213746,-0.2426835193136969,-8.632363323323979,-0.46719967928192024,1.5618080906852012,-0.4174587476287155,0.11961108909742,0.9542,-0.1783,0.1586,0.6651381963227543,0.408013698630137,False,-6.664658687816294,0.7049060240963856,False,
297.0,P,6x50,TM6,295.0,19,-0.10799358053081783,-0.08592199422652871,-0.24521736174849176,-0.20193168513256285,-0.32732334076550484,-0.2769621415153763,-0.38289144769207867,-0.3971931517714119,-0.36824066757947066,-0.35223939041340635,-0.37054755727930444,-0.3651693310144071,-0.4438073700065607,-0.3073754459844937,-0.3420699495628677,-0.0589805005208784,-0.4743244267368421,-7.450774395368081,-0.1289851193077281,-8.807591239476233,0.1607095622359363,-8.36015009164567,-0.003179275036206516,10.898103301560733,-0.4878110096392008,0.0175433335675137,6.6947,-0.0194,0.1865,,,,,,,
298.0,I,6x51,TM6,296.0,18,-0.08691343943940259,-0.052734494674515825,-0.16379533227391882,-0.07748372935632496,-0.14552656749901166,-0.16564948238289698,-0.2618661178357103,-0.17112439198990131,-0.31660411188513327,-0.15818014169570113,-0.18828470821490892,-0.10822513686668893,-0.29658643605417084,-0.1783461296271048,-0.15739123243805495,0.011967812376018872,-0.07263157894444444,-7.172005460328595,-0.3508119152998332,-7.867791898888427,-0.2277934930711547,-7.542750149296053,-0.4633404089510696,4.515167978868587,-0.7908305583529472,-0.0631994803488806,2.7523,-0.3542,0.2961,0.600458910016826,0.5408215053763441,False,-17.124156343082863,0.252,False,
299.0,H,6x52,TM6,297.0,19,-0.021214369016199202,0.020759434845036454,-0.17112302637663113,-0.021195763580527462,-0.11253744176292665,-0.15112590681427496,-0.1781638474973656,-0.09734422028280094,-0.32026776665922235,-0.20329222943243236,-0.24832311387137251,-0.18721794615995963,-0.2844206174006832,-0.12921606964598484,-0.12089660801268093,0.025023502080526918,-0.1814359790526316,-6.53321793183658,-0.4410685948782957,-7.726669162938048,-0.2641033811041485,-8.232284874334185,-0.326577306418178,3.627719466098239,0.8076951700188002,0.6673929574221785,2.2368,0.53,0.6365,1.3876383113822597,0.0143111111111111,True,-17.317364076674156,0.1456,False,
300.0,I,6x53,TM6,298.0,19,-0.09578459524560641,-0.041893494060255866,-0.09907173278708109,-0.05852888939893636,-0.10447581885718434,-0.11509324300546378,-0.10639114460397263,-0.10848454681720335,-0.14976860125107053,-0.12972319972422078,-0.14720084977156508,-0.13119961817908793,-0.186209146351154,-0.07417523462905269,-0.10182439575653353,0.0044307300986334164,-0.29187666857894734,-7.513483770774066,-0.4927843573442023,-7.801850649695804,-0.36819789070123216,-8.666652540067917,-0.33791046586244544,1.7969254552792508,-1.081327284874868,-0.5083454595888891,1.078,-0.5532,0.0689,-0.0303508290308762,0.9307235668789808,False,5.888763561000776,0.6548148148148148,False,
301.0,Y,6x54,TM6,299.0,19,-0.0703650165778103,-0.0739052006120987,-0.07745464681529525,-0.06303519262795865,-0.10611030245942643,-0.10562224199044001,-0.06949913484133101,-0.10117765089451414,-0.13941734837817185,-0.1255648401800772,-0.07169914398428863,-0.1335963942931976,-0.10629948091473586,-0.03694359916852577,-0.07301809276039697,-0.01051400607555958,-0.2412544825263158,-6.980272303589277,-0.4701577230300739,-7.226476619948821,-0.39211698025868996,-7.673390779929218,-0.44972952011881173,0.8458298086867536,-1.5535757363720686,-0.5322954191768,0.486,-0.8382,-0.0675,-0.0544527232406402,0.8828891891891891,False,-3.671093116737932,1.0,False,
302.0,V,6x55,TM6,300.0,19,0.049025975979647425,0.042868512694766124,-0.05855577954009898,0.04250570717995911,-0.03507158053929366,0.011501937438940632,-0.06405576961867025,0.029164896360094134,-0.2959086698195974,-0.00537177493869571,-0.043613043089668804,-0.047095194774217614,-0.1623803896705112,-0.007559749286439831,-0.0497103641642476,0.029805212499933936,0.027003139789473687,-6.455818595348042,-0.5543273510406945,-6.758519882872972,-0.4705479198590061,-6.969722811753323,-0.46309854310571646,-1.4906876275521086,1.2159935906529944,0.6190127253205394,-0.8716,0.6369,0.4099,-0.1177974251274358,0.7296976377952755,False,-3.0512141518835523,1.0,False,
303.0,I,6x56,TM6,301.0,19,-0.0030211277263375684,-0.061351593647368155,-0.08381255888824798,0.004027075276629514,-0.054574658148081864,-0.06244789640072663,-0.04430592430856667,-0.07186817895731772,-0.12647140037129903,-0.08873131265706158,-0.08840969038591039,-0.02789228325342581,-0.1303339787549459,-0.03884251832320594,-0.06443273185484776,0.001944697574785921,-0.28321668236842107,-7.4628736025865905,-0.4744091486525861,-7.421775149633167,-0.4122743989089408,-8.316147760822789,-0.5079045900768501,-0.4388889306042607,-0.6870823292272547,-0.4078802219592248,-0.2678,-0.3732,-0.1666,-0.0850857625504906,0.7664091603053436,False,2.1101991591337956,0.8218285714285714,False,
304.0,I,6x57,TM6,302.0,19,-0.07511685762203546,-0.009257248650090751,-0.1000005967460812,-0.0034238491350322055,0.004776453189293725,-0.025071222539773595,-0.045574976246794636,-0.0015963325559294795,-0.1679080581800018,-0.023234352122405034,-0.07564317807523528,-0.03602642732433167,-0.16573151698474634,-0.023062754752023188,-0.0465126281254604,-0.032508403506848374,-0.29276531784210524,-7.464716680647279,-0.4767141810024064,-7.3246469497864775,-0.4379104375377364,-7.955828319623144,-0.5557694777664253,-0.8886814481471449,-0.6947984416466827,-0.4987182807827007,-0.5571,-0.4064,0.1226,-0.0274649872621646,0.8865733333333332,False,-0.6375765634294446,1.0,False,
305.0,K,6x58,TM6,303.0,19,-0.04422657576713525,-0.030124308621710127,-0.09521221624799255,-0.02503455334886694,-0.07761637051751535,-0.05015953540893853,0.00034551715896500223,-0.055140969410966814,-0.12757969833093188,-0.05196863622039292,-0.05516794341644845,-0.020646458775845738,-0.06453801024968894,-0.0187518537227553,-0.033951996807212156,-0.037640929350502075,-0.16839323989473684,-7.5973111066979,-0.5311495577179989,-7.660642507980903,-0.4782393976723271,-8.508349703340622,-0.49935604822417956,-0.9690299007626464,-1.3091420500466746,0.0779430518775135,-0.6189,-0.7642,0.1811,-0.0127453409037743,0.9298272727272728,False,1.2713649722771003,1.0,False,
306.0,A,6x59,TM6,304.0,19,0.05798698501133983,0.02717118361770525,0.029683119792526292,0.04684302753725222,0.048276949049448514,0.03335715167859049,0.0248760981298453,0.016858752939460653,0.006053626625564558,0.019493477959957786,-0.011643646434021215,-0.005036682909259806,-0.052661356226076275,-0.0050221779690662535,0.0007160731416797577,0.03579466786358898,-0.06442262294736842,-7.989162875870934,-0.5619362693477811,-8.207043655922012,-0.4845235311612073,-9.059397656104782,-0.5568628011353836,-3.989814892823433,0.9354687118226382,-0.2426235506668941,-2.4297,0.4647,-0.1975,0.1668192629827354,1.0,False,-4.036329565820851,1.0,False,
307.0,L,6x60,TM6,305.0,19,0.04989335669954974,-0.01141521025374738,-0.03374517750590328,0.03321534169495729,0.03266584018726563,0.08026080206897729,0.043421926354757716,0.05255333281347946,0.012063805104742425,0.011075471258252227,0.004175826436029063,0.035646655480312116,-0.07764775962235686,0.018722384654194728,0.03786944446124129,0.003242887540361874,-0.09292318368421053,-8.040865898499897,-0.5801683977493387,-8.124833602157429,-0.5227674265823077,-8.976609981329016,-0.5688414213486733,-4.219860713847909,-0.0532715969919939,-0.2370700077098463,-2.5705,-0.0907,-0.3505,0.0214182670856377,1.0,False,0.7691664662451636,1.0,False,
308.0,V,6x61,TM6,306.0,19,-0.03161446142212203,0.019609636112644272,0.020951892726572486,0.0509142386203892,0.0053901763421682,0.002462298323846706,0.032492320795195206,0.025529514426885357,-0.034750149224830613,-0.0017100591486473892,-3.3412510483762925e-05,0.02752587790608608,-0.028600242463049163,0.03370066294005802,0.00974939055223859,0.014392619363402226,-0.09795671831578948,-7.910709659430938,-0.6020420017435797,-7.882671738655121,-0.5230044489513389,-8.759429237075818,-0.5694587887843522,-3.6932603942686737,-0.2558772969981765,-0.432602651526932,-2.2783,-0.2194,0.014,-0.0851295469532766,1.0,False,-3.308154162895981,1.0,False,
309.0,T,,ECL3,307.0,19,0.032425334559408825,-0.001259547905530363,-0.013446986477509243,0.017777163665209688,0.030133426408470363,0.01219920448251839,0.0248574267432653,0.0896297778753395,0.03631661769107352,0.019238868477633203,0.0351004163271909,0.10393809020682962,-0.03106536149752459,0.07473612760697558,0.03321031839813247,0.007909803557340053,-0.007893465,-7.9233620006001875,-0.595524502586191,-8.335924723591342,-0.4919934359047831,-8.926310414156097,-0.5986281660938897,-4.687173008428325,-0.6822039611989931,0.3077013814915529,-2.9067,-0.4805,0.0883,0.3615012059228117,1.0,False,-8.768152683181007,1.0,False,
310.0,I,,ECL3,308.0,19,0.018146149665010738,0.04548914537502478,-0.013453195840399066,-0.02465383889751581,0.004574287836073068,0.005614910016849062,0.031218664161794127,-0.05182226389289148,-0.05978014966093519,-0.03664089857049369,0.00877544393692263,-0.010898019139380809,-0.09629234508316888,0.0463579559681363,0.005327412202761216,0.03477716845536244,-0.17966175810526316,-7.83318806530454,-0.552947749701019,-7.543718113703722,-0.4844992874435955,-8.505852282383891,-0.6117928605345756,-2.8772792528101863,0.3365380799409753,0.4332075617910741,-1.7632,0.1101,0.1895,-0.2925241240239167,0.5339538461538462,False,-2.0967200312016265,1.0,False,
311.0,P,,ECL3,309.0,19,-0.019013387642894813,0.001676142860758873,-0.06367497184746167,-0.036266783212618024,-0.02435274980498645,-0.05823800842523765,-0.010928369819751546,-0.02659345091825334,-0.10904215831462355,-0.07052368620694294,-0.04630481753234438,-0.08210762972484086,-0.13170106531432638,-0.008588291365764182,-0.05707035389239133,0.011519651720675922,-0.30752147189473683,-7.252899380117716,-0.5168737358889605,-7.371804972251908,-0.520798493574906,-8.513223373395444,-0.4556203251059759,-0.9747877116460292,-0.2515268295015418,0.0531117156145891,-0.6167,-0.156,0.2184,0.3034603168563627,0.408013698630137,False,-2.6226138293141794,1.0,False,
312.0,E,,ECL3,310.0,19,0.012521712008762426,-0.03637137905389716,-0.045987464577346315,0.011734280977682653,-0.0017704551681977216,-0.015039537739941126,0.04094063362626797,0.023194182010147963,0.006935451005754279,0.02577718071927579,-0.006716796920726599,0.0031489515447453687,-0.059295341056395175,0.047482691691997383,0.0318955879909207,-0.01829065693724189,-0.114592672,-7.775988796284978,-0.5716303089760942,-7.762964248803724,-0.5045165024795669,-8.793341833316656,-0.6042063742392635,-3.441344879773847,-1.0512492689940904,-0.0329863313735474,-2.1322,-0.6444,0.0155,-0.0616652516183506,0.6964548387096774,False,-1.0286839818533844,1.0,False,
313.0,T,7x27,TM7,311.0,19,0.0280358551550048,0.006133649683841337,0.02110359402197517,0.017956856154754633,-0.004590506823725732,0.004996394708684453,0.02238118363683973,-0.026438410612868182,-0.019927901755793703,-0.029222948355146786,-0.017263585151342457,-0.026646807663290546,-0.043718759246059814,-0.01694185732736418,0.007530097355697184,-0.006222363772351111,-0.15867813689473684,-7.682437877904553,-0.5638198456922847,-8.105802263719164,-0.44648004579229184,-8.771690927673,-0.5798865385436244,-3.0367859600122316,0.3013804344348158,-0.2743689114547076,-1.8578,0.1233,-0.2048,0.3899574070312948,0.0482999999999999,True,-11.642859364499692,1.0,False,
314.0,T,7x28,TM7,312.0,19,0.00968607151191346,-0.023837688383831157,-0.012927259188970643,0.020957617560251107,0.0056754914927098525,-0.016210901871232742,-0.011881189302019,-0.0009765962453121633,-0.01115666595398832,0.013641939217843192,0.07101392751072604,0.03894086837438443,-0.06784606319379054,0.05454734581184367,0.012475020364633094,0.021848863099011333,-0.09094945878947368,-7.949049875519887,-0.5700875118751841,-7.8860276334581485,-0.5173308953505921,-8.866657531097676,-0.567319905890342,-3.581745787387782,-0.7960626662648574,-0.0701460425659071,-2.2203,-0.5211,0.0451,-0.1302729224115628,1.0,False,1.272556276391712,1.0,False,
315.0,F,7x29,TM7,313.0,19,-0.04629898653737195,0.013872425844343539,-0.07987770262619585,-0.01574536448388275,-0.04016283935364129,0.03529166699929648,0.008509307138095015,0.021565683809967307,-0.08673972598865756,-0.02276465241850447,0.07173386881725274,-0.005233139396082531,-0.0329848463051178,-0.011421082049060003,0.04081707058316856,-0.03656553020045419,-0.17609055915789473,-7.794780521210585,-0.5445553533744951,-7.943762865997487,-0.47557038049468864,-8.470642825914434,-0.5920422316477052,-2.7923848113180716,-1.1390057739552564,0.2939896688433701,-1.7461,-0.7215,0.2538,0.1177252826257371,0.6891882352941175,False,-4.51706393666843,1.0,False,
316.0,Q,7x30,TM7,314.0,19,0.010358895613196858,0.03884366295224761,-0.024488266288234223,0.00600852537795251,0.03944359973739089,0.02079946882470373,0.02140209922392104,0.05128620035669118,0.03241353211779185,0.0026768826046723883,0.04814976357426158,0.02409098877354793,-0.06721162091207429,0.030378188930937956,0.054339215533965424,0.004796371251332463,0.1306827634736842,-8.034018218008537,-0.5980017905153537,-8.14716424296675,-0.5078558898396067,-8.969444541356111,-0.6144129603253002,-4.118175926859699,-0.1724792423342822,0.3646597271761793,-2.5548,-0.1881,0.2252,0.0967802984125381,1.0,False,-7.215730515557372,1.0,False,
317.0,T,7x31,TM7,315.0,19,-0.03195957450096598,0.030551468835899882,-0.04490576322722391,0.04236555664431991,-0.0033252118945519514,-0.00420296383877571,0.0058784039316707,-0.011646885417359325,-0.010163459381968845,-0.009240767929307652,0.03289141834323609,0.0073407084997079595,-0.072340932196534,0.00762181612483781,-0.0007121173858863878,0.012291290637726195,-0.06980677468421054,-7.6777112800205005,-0.5789078238056344,-8.001833237565211,-0.5126294157497384,-8.72926358630481,-0.5844347586734852,-3.056889528820472,-0.3585246645483066,0.010500157797789,-1.8938,-0.2736,0.2675,0.272429663009663,0.2589702127659574,False,-1.2491889835340777,1.0,False,
318.0,V,7x32,TM7,316.0,19,-0.04748041522943211,-0.006498897856456839,-0.07682370522174456,-0.08508130587484064,-0.07380019052154005,-0.05615120077143349,-0.016709022222110143,-0.042210259712277,-0.11329769148450257,-0.05358799263164584,-0.007657057084788778,-0.047873207239865934,-0.11104835973341073,-0.03496542209481949,0.017750713769978825,-0.012367705512217138,-0.09143903363157894,-7.3618662510834225,-0.5049964881780038,-7.271607527953074,-0.43816385150656556,-7.951493188193473,-0.6214974444147611,-0.9188449541583378,-1.271007314267269,0.4886898932956003,-0.6119,-0.7508,0.3712,-0.1879353197652689,0.6640543859649123,False,-0.1394282741976509,1.0,False,
319.0,S,7x33,TM7,317.0,19,-0.0384639538572263,-0.01915516329317372,-0.03615774600365009,-0.049914183044335314,-0.03195884252766211,-0.011313743262109864,0.03697837332646499,-0.03959223771217311,-0.057092184075744845,-0.005246857891117171,-0.023752992780947273,-0.03657005276917572,-0.09373014680694274,-0.006117567381198257,-0.011385945971567854,0.04130091742570596,-0.06794718927777779,-7.9617977530362865,-0.5361155498380263,-7.5764238252351985,-0.4938305177809406,-8.217898779138286,-0.5651235876982389,-1.996996580020845,-0.9468713079295766,-0.2996133376629842,-1.2434,-0.5652,-0.0591,-0.2960313977137012,0.4438378378378378,False,4.635458321577324,1.0,False,
320.0,W,7x34,TM7,318.0,19,-0.060693683766923245,-0.05434943238725156,-0.10923699861617027,-0.051470774227590735,-0.08594610880917174,-0.05822561202223262,-0.08002309062330026,-0.1589778585246227,-0.2047904194563915,-0.1284791880254192,-0.07774838027692912,-0.0684625415128784,-0.13834474472207106,-0.014497944347842726,-0.01504050351912201,0.031636149353760475,-0.2592531566842105,-7.081031026618112,-0.48891571131340916,-7.489599759933294,-0.4136284501912284,-7.851354750173825,-0.6309403578527651,0.6251034055616755,-1.3164671401991053,-0.2208580870472757,0.3791,-0.7411,-0.0627,0.3579062216975863,0.487128205128205,False,-6.894211002856464,0.5053759999999999,False,
321.0,H,7x35,TM7,319.0,19,-0.05430477127473311,-0.05441228690964994,-0.1855184561185875,-0.14772750225282505,-0.1803526048340304,-0.05340473113836914,-0.23325314136217035,-0.2658805361341896,-0.27516147664330465,-0.13985992819331014,-0.13642011282302932,-0.16032994603303677,-0.2367713352681849,-0.05149853529890508,-0.09944231859592029,0.015199190781089097,-0.09719335157894736,-7.010586456805138,-0.36895140936094745,-7.4750434986065555,-0.31003034660097295,-6.658569261822784,-0.5427574189531484,3.646661564130478,-1.2395451539300757,0.5540004765820671,2.2583,-0.651,0.0611,0.2203294303333605,0.6500374999999999,False,-6.798600748124439,0.4111627906976744,False,
322.0,F,7x36,TM7,320.0,19,-0.018204098735756208,-0.005914992855238257,-0.07860812609342772,-0.00013828550443881131,-0.09072842106248817,-0.0611269690914992,-0.10919014474807104,-0.07170962180957224,-0.12740211775507268,-0.07840304917537211,-0.06510115037496834,-0.12208103007573001,-0.15171596995418501,-0.09035510786901885,-0.10912950845571362,0.05561875688493575,-0.2323204417368421,-7.25256281943939,-0.4994670397212123,-8.024506939741533,-0.3584363100608878,-8.613904532802762,-0.5178390986702655,0.4021372859604179,0.0690944407888891,-0.0643822568648941,0.2493,0.0631,0.1565,0.0400511631623974,0.935622641509434,False,-6.125884770897338,0.727304347826087,False,
323.0,C,7x37,TM7,321.0,19,-0.015636674074128484,-0.09198916019183477,-0.07224428022064673,-0.03966548458855766,-0.11327969962642644,-0.1895026005856164,-0.17654825618111708,-0.22664568608073576,-0.20231815991280824,-0.1477324152666256,-0.18486199914299037,-0.12458245960256703,-0.2740359497659059,-0.1404583624523595,-0.10715723176139894,0.030798193649286147,-0.2424152676875,-7.411719512506431,-0.4468441236558615,-7.897611124368318,-0.3580692178729587,-8.384842213389824,-0.462710199360322,3.1195144210293533,-0.337362142163198,-0.6120402871231573,1.9169,-0.0899,-0.1505,0.1049109765871074,0.9131152317880796,False,-12.257644043884175,0.61285,False,
324.0,I,7x38,TM7,322.0,19,0.02522964779103951,-0.007276590889167051,-0.05013571676796287,0.016152645614477754,-0.0099102667558931,-0.07549125136182928,-0.1333967756568649,-0.07170743595671349,-0.29218579360179675,-0.04608280361075148,0.014958542944657979,-0.04815910884465183,-0.13583954204673743,-0.019000320566629703,-0.10049061072472214,0.03805502305549202,-0.06829539473684211,-7.646438625065315,-0.5268473802227205,-7.3214547153552845,-0.42794318366599066,-7.033082064163085,-0.58196922987328,-0.4610736651607537,0.5299525266659907,0.1501560464037014,-0.2756,0.2651,0.3085,-0.3875709136912331,0.3135263157894736,False,-12.141948025118186,1.0,False,
325.0,A,7x39,TM7,323.0,19,-0.026504166714095806,-0.0636658377330475,-0.08171124988173624,-0.08560856775708715,-0.13705937021411285,-0.1609248955646051,-0.21678452705110626,-0.19555346603929627,-0.18436288315910893,-0.21267743256372498,-0.17669053317672342,-0.1886554370418499,-0.24284632602751027,-0.09583542073313993,-0.16867457864072624,0.00979802750928629,-0.2800594290526316,-7.519423640875932,-0.392250043904053,-8.132930748866883,-0.3453960678811817,-7.870971764795498,-0.4005780055996669,3.6000559951674034,-0.1823209367960781,-0.3193458947879316,2.2095,0.0004,-0.1173,0.5538021348479729,0.5104878048780488,False,5.603515036534212,0.7632,False,
326.0,L,7x40,TM7,324.0,19,-0.06047421283080192,-0.0322092059387246,-0.061032513028344657,-0.05507899581047604,-0.14283234763810473,-0.14031875862110488,-0.1537343231892388,-0.2177035241572933,-0.19197917688045396,-0.1809857419272597,-0.19137083513458858,-0.21942593926281043,-0.2204389553437959,-0.1801658253001114,-0.19333897146613488,0.055048599537475755,-0.42619961863157896,-7.146773389531417,-0.31914645987901896,-7.995679983855657,-0.2787194591421515,-8.347411270256439,-0.28757821002753686,3.661389694844237,0.3465402999844827,-0.8227621013891698,2.2606,0.3064,-0.1674,0.1907523607064636,0.6347999999999999,False,9.67934140681276,0.5665898305084744,False,
327.0,G,7x41,TM7,325.0,19,-0.024242826735477493,-0.020433739231908103,-0.16120938306265448,-0.13106770954893462,-0.11838534945559168,-0.15667758957347508,-0.27760767491237887,-0.17710268543028626,-0.28116198900625894,-0.1945538699484248,-0.21056573632901912,-0.17861855616579594,-0.47643695803191133,-0.2810854839465113,-0.0706107583227126,0.007829716504853299,0.0368407752631579,-7.142643389935212,-0.3898635843617262,-8.301215774753118,-0.1653666831576395,-7.141101455022526,-0.6230428972892302,5.241296751378896,0.521396575052103,0.3652782621538629,3.2114,0.4242,0.2731,,,,,,,
328.0,Y,7x42,TM7,326.0,19,-0.04281669130031682,0.028082619222537374,-0.12307163339069305,-0.18041380066098686,-0.17867545786287745,-0.22001296060092415,-0.3099108153845999,-0.28686557682527364,-0.30169960791964623,-0.18399605155941745,-0.10521560056470447,-0.2876678652854151,-0.30796004943235716,-0.21136786476924507,-0.19738292866252652,0.014999771770249604,-0.16899383784210525,-6.919684502707017,-0.44703819679257356,-7.230940173942324,-0.31429933293872625,-7.643040490522782,-0.4555340332881465,5.857094110037448,0.5691547576632118,1.1724832732438224,3.5626,0.4079,0.8694,,,,,,,
329.0,T,7x43,TM7,327.0,19,-0.043913241760346604,-0.04523818354831545,-0.05063402571784134,-0.04508880036418295,-0.08874684791829661,-0.08806458692643955,-0.12168805247653973,-0.11671419008195381,-0.19089240652215847,-0.13729730708879914,-0.1297318201853911,-0.21508595735358438,-0.22620830857391003,-0.10538943291241519,-0.1571593045492521,-0.02561966934554048,-0.12645621315789474,-7.679995641948367,-0.41605451626528,-8.07275770638547,-0.424816337461065,-9.085575066391636,-0.4006507291005202,2.0978130520776617,0.2146055451783906,-1.012540157102637,1.305,0.2111,-0.2859,0.4047416212099781,0.2589702127659574,False,1.4101252359964391,0.9351619047619047,False,
330.0,N,7x45,TM7,328.0,19,0.021374543363695098,0.10002573433527193,-0.06974227177354941,-0.027010649949282362,-0.04474585580079887,-0.11939304569755048,-0.11896964526172732,-0.11709384998036135,-0.11473426745707829,-0.059791717360051684,-0.10723102470916167,-0.10396086193750556,-0.12138792206276906,-0.08758023557421026,-0.06835119354009406,0.009141688098606895,-0.12853786457894736,-7.822572193691701,-0.44466782148566514,-7.787033009389376,-0.3856281520629253,-8.411042396868348,-0.5142212248451079,0.1493579214121942,1.2708887839212673,1.4787819589814637,0.0724,0.6779,0.9521,-0.0138927127999792,1.0,False,-5.3408929235226665,0.6545662337662337,False,
331.0,S,7x46,TM7,329.0,19,0.11723419412999937,0.0726842381819042,0.0274918898813462,-0.03120032687908394,0.022715032267418726,-0.0023655699468345406,0.005382119715383716,-0.08440436440889945,-0.16676552151024937,-0.12013857818901848,-0.11515934979454119,-0.08110681006580309,-0.08323628020899025,-0.02690670441242431,-0.06698324957133321,0.052955854332267106,-0.1352851879473684,-7.985131457346798,-0.41587581359199394,-7.9588903476718755,-0.42696246010330824,-7.784567183739035,-0.555388350323145,-1.5671766152904334,2.577883722228087,0.5422773271931033,-0.9091,1.4118,-0.0963,0.0380825621718701,1.0,False,11.45659057924614,0.0793333333333333,False,
332.0,C,7x47,TM7,330.0,19,-0.04146893807465023,0.015383200115964647,-0.08697882601310804,-0.10336595971419497,-0.14829886195078992,-0.03968164046674626,-0.18093453591439443,-0.17421745033576855,-0.17906748623510554,-0.14644451796866767,-0.20136437675365304,-0.2395821499926938,-0.24134676458108226,-0.15016020911559122,-0.18419652703596298,0.03415638409933109,-0.3134336982105263,-7.434351699943602,-0.3774323339266441,-8.361101380400648,-0.3213436570762993,-9.09084760872311,-0.40220355271227176,3.277295950525151,0.8025071374855777,-0.1561242662706062,2.0501,0.5418,-0.1324,0.1024871091173729,0.8332043795620439,False,0.6743110831193704,1.0,False,
333.0,L,7x48,TM7,331.0,19,0.019967939777083058,-0.011253333453580082,-0.06855236360604161,-0.03861303106243219,-0.10536221092287693,-0.08151729061935437,-0.08763741668394273,-0.140655401729176,-0.1711051683468355,-0.13280429210341343,-0.16353167245732694,-0.15077984768971966,-0.1922273142409239,-0.11343800141392392,-0.18414880281088786,0.02803349699602563,-0.334378502,-7.38278396623858,-0.3744525775342617,-7.676008363002384,-0.33798497809967937,-8.504065989776183,-0.3116163126563258,1.7668628460525342,0.8859270944179658,-0.1473751546253134,1.1182,0.5642,-0.0846,0.1717711631203631,0.6347999999999999,False,0.5046519023931175,1.0,False,
334.0,N,7x49,TM7,332.0,19,-0.053714637588553604,-0.011195802038544695,-0.14770852862289224,-0.10638834187185288,-0.16163959507176193,-0.12086655185085238,-0.11539583507709217,-0.21483620764824132,-0.2950466928808984,-0.21564778485885466,-0.21613882388040304,-0.1674710187488865,-0.1252793917640966,-0.13545673904043118,-0.19276062802782748,-0.007338300382995836,-0.1620485325263158,-7.401010577521139,-0.29808775020169687,-7.790891131589819,-0.3289321199980892,-8.062247265794463,-0.35175387276595366,3.844754832211503,-0.1813285262942114,0.2842862300800274,2.3626,-0.0391,0.1883,0.3975146693980784,0.3834727272727273,False,7.652568424164784,0.2214857142857142,False,
335.0,P,7x50,TM7,333.0,19,0.07684018884482087,0.07239635303845686,-0.017818073277165756,-0.003412831866785136,-0.04571476109696295,-0.03650872023246351,-0.10062258989925552,-0.15420662087646622,-0.22430632976463624,-0.1909554679609103,-0.1584775677630295,-0.2357494443286327,-0.24967564530638742,-0.05613686524720446,-0.186436713038325,0.0019805862384703683,-0.26747682605263157,-7.6050790525524254,-0.33856361034561805,-8.241206060042568,-0.3030150813675398,-9.226451457427055,-0.30768221343870605,1.3919118471502985,3.21470845599076,0.0698977643770608,0.9449,1.8572,-0.0487,0.7709862330460844,0.0247692307692307,True,-4.051546970189882,0.727304347826087,False,
336.0,V,7x51,TM7,334.0,19,-0.0046495110039437015,0.0137755558566291,-0.000996187962685774,-0.06276555879006943,0.054322266089833836,-0.055889308752171823,-0.061776881002924805,-0.09635330313672137,-0.11424126952606872,-0.05008701284012242,-0.024137137698445096,-0.05606556976016691,-0.16725245660381075,-0.07074653795152885,-0.0631939233426616,0.030970630816393424,-0.2367663037894737,-7.8768495661872775,-0.43916134437167764,-7.962908942539391,-0.4195367238975904,-9.041152903729673,-0.5423158025810635,-0.9231056296136648,0.6335193639872231,-0.4144782199064283,-0.5787,0.3391,-0.0749,0.06326467424533,1.0,False,4.646682049619045,0.727304347826087,False,
337.0,L,7x52,TM7,335.0,18,0.10438028593152665,0.09844078449952987,-0.0160407455947648,-0.09361151300708712,-0.022482613630150694,-0.007726702976420869,-0.10629749891116,-0.11820515636702414,-0.0993528989454875,-0.12067985671272353,-0.08286854455371193,-0.13121743860787163,-0.13234445786213936,-0.10908553627240176,-0.12316477217089229,0.02456678132767489,-0.3299675238888889,-7.713789154251998,-0.41752351745115673,-8.332070266273256,-0.36507111861385644,-9.79373136027185,-0.30205243719158437,-0.0983401733715975,2.5725571002307195,1.1234057706052931,-0.0279,1.4321,0.1506,0.2458518705647705,1.0,False,-10.672293211230578,0.1696761904761904,False,
338.0,Y,7x53,TM7,336.0,19,-0.02309861993870222,-0.003573127122898521,-0.08927269387580129,-0.10117920895392885,-0.13799899038293686,-0.11323350491982151,-0.08338172633350127,-0.17989406166367874,-0.14955634423202413,-0.10817553769727302,-0.19051039980395038,-0.09866909692444115,-0.21335643345631847,-0.14307908056513854,-0.1586414051933708,0.008958744950871483,-0.3190776327894737,-7.7468265244692915,-0.3788632344402672,-8.367064419139766,-0.3026178048401915,-8.460946128459476,-0.22403715579824354,2.358157046746463,0.0573006113285466,0.2863468995014625,1.4485,0.0885,0.1761,0.4883684635162435,0.3135263157894736,False,-2.200663489492605,0.8218285714285714,False,
339.0,A,7x54,TM7,337.0,19,-0.04350640181924803,-0.013903634345651015,0.018535299932691034,-0.09004212973290109,-0.04047045793379009,-0.07942098426178565,-0.10800836803817425,-0.10209744488205161,-0.11347646880915496,-0.0916411584673646,-0.09579897070217784,-0.08537418918728663,-0.10338492065932538,-0.06933884845799275,-0.04936148240345835,0.03361214042340945,-0.08788822636842104,-7.586218176211431,-0.4216275194734472,-8.210721425937733,-0.4075060220394818,-8.478600576649983,-0.5127624700447507,0.0406040478986271,-0.2404286682452961,-0.4572029517147467,-0.0018,-0.129,-0.1866,0.2025343578090739,0.261464,False,14.146933886784495,0.23392,False,
340.0,F,7x55,TM7,338.0,19,0.001262088092919357,0.030699430484749646,-0.08265906796162803,-0.10595146265773574,-0.03607346975063275,-0.10577271770358655,-0.038871045250514824,0.004528494648403981,-0.05352761486929083,-0.0389961769807377,-0.026548713748498293,-0.06517319476538988,-0.054868085407193165,-0.04617110589217197,-0.005929195765949959,-0.004850285862803674,-0.10951772210526314,-7.97105775444624,-0.4559942436305502,-8.328122158419143,-0.41504257521469556,-8.595924248280813,-0.503036799455465,-1.1507338795245623,-0.7189668396041993,1.36294599812303,-0.7855,-0.4533,0.7846,0.2387481848872621,1.0,False,2.078669951692458,0.8743862068965517,False,
341.0,L,7x56,TM7,339.0,19,0.1868644488884638,0.13894337899508763,0.07431811284085885,0.02610412660561271,-0.0011202666379419109,0.023037500377793365,-0.06840699663268734,-0.055551092708388,-0.03735949892747379,-0.016187741161537195,-0.0532305281218687,-0.060529751928158425,-0.11248674989009537,-0.048908219930327006,-0.03251029711338713,0.11800297966537296,-0.2912621651578947,-8.27784360540538,-0.4781363727165282,-8.62672744513457,-0.41886983739717615,-9.759651039190455,-0.49920827623095054,-2.978398567752095,3.744563721478069,1.5175989297907506,-1.7617,2.0343,0.3107,0.1727051909306833,1.0,False,8.15535457507728,0.5066666666666667,False,
342.0,D,8x47,H8,340.0,19,0.06019243411089418,0.13915654357164975,0.0062142166491753,-0.0753909311148644,-0.05907064925359385,-0.0025208621200815285,-0.10912568153707258,-0.13944689073109573,-0.26628591610123875,-0.10318547612421707,-0.10325014520585092,-0.25035558649645906,-0.25032415306251404,-0.1298144351727038,-0.2745153139398794,0.030608024630641804,-0.44282172726315794,-7.348842454477064,-0.3231726902676134,-8.02556260962452,-0.2564027836975967,-9.95434221522477,-0.20304252977403375,1.6991808606481853,3.878802273929935,0.5116296437026974,1.1255,2.2123,0.2616,0.7712334084493726,0.0966,False,-4.481960013851122,0.5624754716981132,False,Active
343.0,E,8x48,H8,341.0,19,0.12506183564928558,0.07125031302193412,0.061583214059295135,0.013378644824938382,0.07578225374504848,0.03396182247882198,0.02072328022281728,0.06384362805735204,0.07150772419651044,0.05726462512814764,0.07114375289965667,0.03660892354079491,-0.00458188641516135,0.018949469951131347,-0.0003725240420727884,0.08556216780332848,-0.1704088655263158,-8.47136790186274,-0.5479825109223924,-8.363069357829426,-0.5356064556680339,-8.978722493023046,-0.5890495327552013,-5.332495606691217,1.4885207564563585,0.7901573190332241,-3.2762,0.7257,0.1506,-0.2194309426039602,1.0,False,2.4217081791902295,1.0,False,Active
344.0,N,8x49,H8,342.0,18,0.0035965139830276874,0.02636134231691811,-0.12738389432874828,-0.20714463243017367,-0.17322115942475372,-0.11647420946628254,-0.12609760498279116,-0.2282304210906116,-0.16964158111770128,-0.14525311618737627,-0.14494664455445164,-0.19358716967504247,-0.1912557683307286,-0.23357979361230882,-0.13234112606580317,-0.01846407338503242,-0.33941990222222224,-7.360960503955401,-0.334768290734416,-8.121417184051097,-0.1087831156121501,-8.490799826502384,-0.2528285688477905,3.624558053879503,0.229355582135924,1.339455267687408,2.2008,0.1869,0.4595,1.281176506719662,0.0253,True,-21.545627298109835,0.1456,False,Active
345.0,F,8x50,H8,343.0,19,0.04934177523502785,0.024313036120910864,0.00385332567126801,-0.04918545389429794,-0.03223404704368625,-0.056526933930158195,-0.12038615229385359,-0.13286060249464682,-0.17055629279858148,-0.10264041684628256,-0.12924081273339616,-0.117528654218328,-0.1383726511731369,-0.131704386719782,-0.15793544136663884,0.019112411635315463,-0.39716326373684213,-7.527961075808266,-0.41540669195926155,-7.74615410744896,-0.3124051736964855,-9.679607092293239,-0.33838064408531543,0.7059734401556754,1.7700517760279817,-0.1372097254518637,0.4648,1.0236,-0.1959,0.3853567853458202,0.3740153846153846,False,-10.653254712538567,0.283027027027027,False,
346.0,K,8x51,H8,344.0,19,-0.007179895940551769,-0.013913615048163814,-0.045611305808233325,-0.0832911215523178,-0.05835622026226004,-0.07499324514672849,-0.035464140903091634,-0.10227074607803446,-0.1544826188958391,-0.07976528425253603,-0.04958653383191042,-0.08916938397922718,-0.08510653948512119,-0.07443587629192147,-0.04338224154921283,-0.053845217844323924,-0.15668082942105263,-7.44311644527216,-0.49124551467185285,-8.078263236348956,-0.38535045054647926,-8.68005104669614,-0.4751118182733678,-0.1636473153427705,-0.3626182373767447,0.1877575693330197,-0.1249,-0.214,0.1081,0.5106863604444642,0.004025,True,-7.961408938440929,0.2214857142857142,False,
347.0,R,8x52,H8,345.0,19,-0.10625290593192975,-0.0887779336860781,-0.05800197611024839,-0.1031551655569058,-0.09491755725564438,-0.11683722130591385,-0.12425812604535176,-0.09491328631346667,-0.024699400158995705,-0.11711022580238632,-0.06638975005391531,-0.06695368435878854,-0.08621651977600459,-0.022764168128116918,-0.004672439621154669,-0.027458368288177024,-0.014064576210526317,-7.725314148198987,-0.4726919296716243,-7.763777339107406,-0.4225752676435583,-8.295806122310816,-0.5606796204468489,0.3252800443128421,-2.5930081277017747,-0.5245308418200088,0.1243,-1.4399,-0.1415,-0.0125983261599236,0.9307235668789808,False,-0.2607040879398887,1.0,False,Active
348.0,C,8x53,H8,346.0,19,0.048242424043106406,0.05856208306435876,0.06886036423557937,-0.022493317656122617,-0.01834039114857851,0.002230443724181695,-0.01077236395251978,-0.0052176580923661104,-0.081676327929059,0.00865383611791636,0.00895794749895241,-0.017065499278394878,-0.1082575268862941,-0.041668464848190735,-0.015817295577173224,0.0334692378640091,-0.2099872012105263,-8.238330128041373,-0.5049218001526249,-8.452431259427476,-0.45842830429106757,-9.454710348068527,-0.5550274568538796,-2.8201922999813855,1.2227882233171683,0.324849151251512,-1.7235,0.6272,0.1151,0.2766745804572625,1.0,False,4.455675863746277,1.0,False,
349.0,F,8x54,H8,347.0,19,0.049096994725208884,0.035721376587871355,0.03076372241057334,-0.019723259257173952,-0.04364464636924906,-0.08018445311868358,-0.1521787066339741,-0.1040787929883823,-0.15302719554973168,-0.038450465806166644,-0.08988071505366,-0.0922429117568454,-0.13310974016393168,-0.13146128539633814,-0.10091112878389996,0.05020876934894838,-0.35977800036842106,-7.709989410366056,-0.4401143260803396,-8.09477610012837,-0.36951312293834976,-9.74629473472894,-0.3599187692682117,-0.0143320444405785,1.6091133167646576,0.2117350380575983,0.004,0.9078,0.1188,0.4724704273604505,0.1854275862068965,False,-7.614944603143602,0.5665898305084744,False,
350.0,R,8x55,H8,348.0,19,0.004031433201424948,-0.007113662506569083,-0.013158939324460238,-0.016515593620483705,-0.028615966656137772,-0.01860535507728077,-0.04857121200442651,-0.039469649263649535,-0.030436309720911037,-0.023017420728776335,-0.05595062201031937,-0.014620509726254796,-0.06813848099938785,-0.028847682797068352,-0.006988914840099149,-0.005088007025961121,-0.0899315147368421,-8.022810706313095,-0.5257713790445626,-8.059322396933192,-0.4627589130242152,-8.970466898735921,-0.5473752132824359,-2.029310114069994,-0.2698570187838768,-0.0629211167194272,-1.255,-0.1853,-0.1012,-0.0497263570241575,1.0,False,-2.4234249058915136,1.0,False,
351.0,E,8x56,H8,349.0,19,0.11267793348400207,0.059583157030989604,0.0923830928962575,0.04466104250279213,0.0945565096821322,0.16376164560625714,0.0690184389980704,0.09184852524658266,0.09184136904267767,0.11069556082152947,0.07427150321671594,0.06448016391497675,0.02893657712077023,0.030686422087196494,0.03001137285080419,0.08570628777414395,0.06194942694736843,-8.47253868336029,-0.6121047768663398,-8.451166606987826,-0.5507240006271846,-9.351862332137095,-0.6487823488332346,-6.796109503326698,1.510249865143619,-0.1190086684313486,-4.1296,0.7266,-0.4997,-0.1031345358615087,1.0,False,0.1957925469339141,1.0,False,
352.0,F,8x57,H8,350.0,18,0.11257392172529765,0.07615899135061366,0.08021913364462123,0.05302770346206053,0.057064261831463084,0.14396756796578047,0.07205470046416271,0.06645822051278233,0.030737098801886964,0.051220547911703634,0.021851470370926947,0.034141705104688044,-0.02303042975884945,0.04931673043655627,0.06088678485382569,0.08294616608808762,-0.16036064044444445,-8.318410188594662,-0.5974063458912662,-8.161375468041793,-0.5365959053521219,-9.164740989343134,-0.636344520983767,-5.997772710841031,1.81924388958883,0.1949457041444525,-3.6243,0.9096,-0.3302,-0.2758409819671037,1.0,False,0.6182982724751938,1.0,False,
353.0,C,8x58,H8,351.0,19,0.10655994587434714,0.0449770360876814,0.045490714901705386,-0.00022068877561854267,0.050806694011096366,0.028933079784824067,0.0364404027363693,0.010938148711048694,-0.017012567920869453,-0.0259955642648735,-0.019260138434122064,-0.020235525784959227,-0.015591109303386039,0.005982714280194559,-0.021912666588430246,0.02911647637983063,-0.13438013494736842,-8.118908437844757,-0.5553068057099291,-8.542159506548266,-0.46881041160980624,-9.287330779980948,-0.5892350562906676,-3.8463430334580537,1.5207468636975134,0.2708689541713041,-2.34,0.7864,-0.1739,0.4271207988734602,1.0,False,-7.142150741598319,1.0,False,
354.0,I,8x59,H8,352.0,19,0.06620954809859728,0.021271193347280722,0.025899759975668832,0.01694013423644476,0.06332023494247666,0.10479696086855855,0.09344035955935086,0.05159516202373889,0.09915882956099778,0.05718897500717754,0.09763116619436871,0.09946747414637624,0.049137129190713585,0.049764978657282515,0.03325733729174983,0.03886960411076709,0.04314202189473684,-8.216039978008705,-0.616664764140746,-8.33763089374331,-0.5334262515826479,-9.125039781712234,-0.6672986377414399,-6.090820865557531,0.0048476868090474,0.0427005940047703,-3.7387,-0.1215,-0.2985,0.0705293986662631,1.0,False,-4.071370730723922,1.0,False,
355.0,P,,C-tail,353.0,19,0.03668541854750674,0.022603114687627157,0.051875437576737536,0.04250132771167545,0.10965420956614026,0.02756660404674306,0.06514554585021677,0.026392089512174807,0.07975093660230105,0.04514024655207874,0.019019355170450905,0.017850181534359227,0.03897269943977383,0.03576104353782362,0.04300442115225347,0.032160956413815917,0.051411480947368415,-8.225249079864664,-0.6142932602308635,-8.145799214010685,-0.5624875028966675,-9.114650584709809,-0.6704414529342998,-5.287566715766585,0.3596423859151577,-0.4685745575658652,-3.2564,0.107,-0.2468,-0.1124342976802292,1.0,False,3.5478430380132764,1.0,False,
356.0,T,,C-tail,354.0,19,0.05023976704692002,0.03823718706632641,0.08128337299544575,0.03830961742803533,0.03124677487410977,0.06705360628383299,0.06475270335477541,0.048225830503739284,0.06389431744948747,0.04296858871352515,0.09503434586388222,0.07866370941542078,0.028025881089858512,0.023023883604966083,0.061877418423745355,0.003858328951933821,0.13341252726315792,-8.195731423420161,-0.618094066442467,-8.372267723233495,-0.5386302735035289,-9.131914354439058,-0.6550736484339388,,,,,,,0.1785153821432015,1.0,False,-3.6636138481565226,1.0,False,
357.0,S,,C-tail,355.0,19,0.038307945370143426,-0.026262666203408797,0.0323098640486748,0.006562985049311998,0.07115827694563673,0.03948705461996265,0.04507675332846249,0.03686376064451615,0.032379417817896446,0.026603574534846238,0.026946980634004785,0.07884866160050075,0.014027662511487387,0.04952661398203069,0.023105532919949386,0.036922714417575206,0.14187103489473685,-8.214824880733758,-0.6096380717354135,-8.29100078153918,-0.5289060521069786,-9.18240099831934,-0.6415998792894259,,,,,,,0.0289155129208076,1.0,False,-3.71124864981822,1.0,False,
358.0,S,,C-tail,356.0,19,0.007047161708187552,0.002911503201166368,0.019364086193165948,0.04240864994172113,0.03967660571688458,0.013681501616319302,0.0679216187205853,0.07527608943301005,0.02250770564594909,0.0763134219286767,0.07741583216128756,0.06373480396681167,0.04981869342150811,0.05017586926040321,0.03701975981550107,0.010779638474002295,0.13239654742105264,-8.207679477655056,-0.5958386850793111,-8.146793768699114,-0.5492443558379448,-9.14025579960928,-0.6543012477818886,,,,,,,-0.1161853354600843,1.0,False,2.3241939412314014,1.0,False,
359.0,N,,C-tail,357.0,19,0.05746154496391274,0.04396280687111715,0.09764372043086081,0.07241872708351062,0.08732366595804135,0.0978297549380579,0.0541839236171092,0.043540303295648786,0.06284349896139065,0.07581996404685828,0.0731228974824675,0.07622014771346963,0.035560353519337104,0.06236823127318298,0.05914906392177746,0.03960032040898369,0.1304513915263158,-8.166884484161281,-0.6323597215722377,-8.116036669999009,-0.556371002880226,-9.165142909726878,-0.6432275349145918,,,,,,,-0.1108051073794929,1.0,False,-1.7811664709405086,1.0,False,
360.0,I,,C-tail,358.0,19,0.0380564472491741,-0.0014159928983130002,0.055714080963428496,0.05553038167331013,0.07192622103580165,0.06294700101456623,0.06748220003672015,0.08088718478933729,0.06169545447861811,0.08433156776209239,0.11693229878223477,0.0929358562726203,0.02455987722088179,0.042956543083398496,0.05147255354351068,0.017676668619647114,0.16639535115789475,-8.200724311255266,-0.6099402803581996,-8.2865873666303,-0.5636445605187959,-9.205518930752461,-0.6608935811903993,,,,,,,0.0215146209911392,1.0,False,2.8845418432892345,1.0,False,
361.0,E,,C-tail,359.0,19,0.04427837411469528,0.0022995165263332215,0.0378470470765903,0.031543742890659386,0.04639733808682615,0.0372433247721212,0.058510075344563775,0.05602415210511878,0.04693146631920289,0.03504610475450582,0.09267245385377099,0.04587232382698562,0.000989460724151474,0.05317681961466474,0.056130333254885374,0.018984251135008363,0.20801001742105263,-8.228928736705441,-0.6194300624323762,-8.373383255574238,-0.550845580416472,-9.202114562476106,-0.6480038383429658,,,,,,,0.1008070016354665,1.0,False,-1.0438185473322878,1.0,False,
362.0,Q,,C-tail,360.0,19,0.05424749776505767,-0.03169445691410459,0.05413741816565099,0.07362140941930925,0.061074041813815455,0.023037481745760247,0.046609430965537914,0.04988294270239963,0.04852937371159482,0.04780238983561813,0.0456593187440562,0.05586621247736301,0.038125716690153175,0.0727418475752028,0.0453410652441579,0.02021039914352833,0.1679398010526316,-8.197757127183953,-0.6220638445753948,-8.249214058524997,-0.5571044937904445,-9.145747569375702,-0.6471738914872261,,,,,,,-0.0097498159251845,1.0,False,-0.1102434674465904,1.0,False,
363.0,Q,,C-tail,361.0,19,0.06719947440705672,-0.004762033977793163,0.1092250248075595,0.032220161341667435,0.07949944141575169,0.0451828239482117,0.04929733987014202,0.049965967925049426,0.07595902565552984,0.012110257186211547,0.10012359521308688,0.0814798489426921,0.006725132215723455,0.09011215637805615,0.04393552768085699,0.026538977047934276,0.13646958836842105,-8.198998889162366,-0.6221243530790839,-8.257265328200877,-0.5749786322510626,-9.217690292114451,-0.6381629366838325,,,,,,,0.0105888480817686,1.0,False,3.241724994868857,1.0,False,
364.0,N,,C-tail,362.0,19,0.02963268767246657,0.01371241419422054,0.03793395147472198,0.026051529310344858,0.052847621449467586,0.06436974449885548,0.07459464207540846,0.06332821278361202,0.07082031606047541,0.08799367061040687,0.07051448186613417,0.07258539438895917,0.051783133702112544,0.03288287032705234,0.04135687840645902,0.0016280920537111263,0.1783054352631579,-8.202354227857736,-0.6042011154318305,-8.29968173266035,-0.528146612804736,-9.216974655823782,-0.6570327898217458,,,,,,,0.0622106021761936,1.0,False,-2.880634179512054,1.0,False,
365.0,S,,C-tail,363.0,19,0.0241043955380795,-0.007860892460285563,0.03372305490751436,0.007303242301985104,0.07659451557942354,0.12568001411997476,0.0521505748518448,0.04661793298836442,0.08707561480499859,0.05224586216629628,0.08070524728931368,0.08667485290476458,0.05502608120651393,0.043362813128615306,0.053118489792517855,0.01958439535885966,0.17518631010526314,-8.067338221150402,-0.6307862327265044,-8.334573882646527,-0.5454094684550932,-9.190329518829587,-0.6382896221992251,,,,,,,0.2161741444277787,1.0,False,-4.213103382055628,1.0,False,
366.0,T,,C-tail,364.0,19,0.03855781777732989,0.051088388098323376,0.01776854636899992,0.07307319980870756,0.04846166410496556,0.08920966755324039,0.06776100674585094,0.016087092508253614,0.05178311227858995,0.07585745225916025,0.06620142531418911,0.057436758534820095,0.043453934119954706,0.036281693412731464,0.06815572660065192,0.042470185513892075,0.12051559363157895,-8.282856307319832,-0.6036277073809795,-8.129991184386572,-0.5749354134950706,-9.21201105443406,-0.6489944962847777,,,,,,,-0.181983247102254,1.0,False,7.356247917324055,1.0,False,
367.0,R,,C-tail,365.0,19,-0.009059187062107248,-0.03461682811277001,0.054083294888480404,0.005408495225733241,0.05822230538618299,0.00536280116269579,0.0025085805294502365,-0.026591739306016163,-0.013043435106996815,0.005494165074832146,0.005490826434994242,-0.01414822543874008,-0.013690314909468607,0.01922680168240869,-0.008233445856137006,-0.0005067498203002729,0.15467693594736842,-8.288093793728999,-0.582321545775149,-8.244353744599607,-0.4886414370812122,-9.211478313771849,-0.6035361893292381,,,,,,,-0.0587216580327858,1.0,False,-6.638668611742559,1.0,False,
368.0,I,,C-tail,366.0,19,0.0525458671233022,0.04195825649687063,0.012304284971436801,0.0526820751940427,0.05757360722052283,0.04441367306911494,0.04218592379984171,0.057450072327292545,0.06368882778078332,0.1188704899563211,0.060186728039717745,0.0528973496985036,-0.015251609443084398,0.04172204309427144,0.04331066443643568,0.016552116213404706,0.10867727710526315,-8.073647758248189,-0.6252713632052261,-8.302911483501406,-0.5412499105955595,-9.280287046508407,-0.6137928717773115,,,,,,,0.1725677556413529,1.0,False,-3.244229282668389,1.0,False,
369.0,R,,C-tail,367.0,19,0.021769139730833786,-0.012737728347079463,0.0682581169151461,0.02234006247461318,0.038029029265894146,0.04906515717595111,0.022942430599020913,0.014470417299673589,0.08922017640084619,0.03933581960839074,0.029418090047430668,0.050933681619534016,-0.08390173678790243,0.013317181792878663,0.015114691643426586,0.032866321979590316,0.1305539447368421,-8.05601330402693,-0.6033974758675072,-8.260598801510215,-0.5170656625182013,-9.264424269817635,-0.6094598084778631,,,,,,,0.1406341154909576,1.0,False,-3.395289338614793,1.0,False,
370.0,Q,,C-tail,368.0,19,0.033129372417291164,0.029736495574427597,0.04692951927456954,0.04149336169247468,0.05073392580182499,0.0857201218429871,0.07041724233237846,-0.018354993981140506,0.05730384956106663,0.05534944107851562,0.06049920496482398,0.08218194759083453,0.06577278819691829,0.052015151673743196,0.05676292149530032,0.05036769433874881,0.21451551757894735,-8.229264134752674,-0.6008284467273799,-8.124354081929706,-0.5670318498803869,-9.248115550130665,-0.6314476962995216,,,,,,,-0.1960983062823516,1.0,False,5.350519248869066,1.0,False,
371.0,N,,C-tail,369.0,19,0.022457899665423733,-0.0344377835732287,0.05563912269922609,-0.0001589488614585793,0.03612563815078951,0.047262652487744916,0.02706706707341848,0.05953126434984193,0.05462737271239006,0.06995254277823769,0.06478445986618453,0.06759186477318116,0.06705523164264827,0.02913382382638254,0.0486475792254065,0.0018028436009793695,0.1651981546842105,-8.201642387883226,-0.6118589812617956,-8.275786065875147,-0.5299722468312863,-9.229547191259535,-0.6410411095038345,,,,,,,0.0223817765788858,1.0,False,-3.859473637069709,1.0,False,
372.0,T,,C-tail,370.0,19,0.014214276509796505,-0.015586058555501813,0.054787840033248165,0.055343368470900496,0.05750543436512703,0.0726634296279449,0.06628993128704352,0.0503344729463258,0.026872912306744226,0.04295602216204995,0.06905956456837214,0.060733946552845586,0.0504751362294138,0.08549141143468988,0.0606538603668162,0.019471119499685486,0.21146550126315788,-8.330826205170009,-0.6155883855353949,-8.304060281255046,-0.5546127511660319,-9.150369526437975,-0.687761621717559,,,,,,,-0.0778274409833041,1.0,False,0.5571831394201929,1.0,False,
373.0,R,,C-tail,371.0,19,0.036656580753887204,0.0196746682007168,0.05353922187079659,0.03664731353121011,0.04080042029720417,0.0748970109515551,0.029746901967390365,0.03252971795791265,0.02097148494098432,0.0679923944280079,0.060603484698797214,0.007463080851820448,0.02622386617979311,0.028628572977747815,0.024008335582460252,0.020176629084164486,0.16515721589473684,-8.221004055742837,-0.5879182447758666,-8.316989715157998,-0.5263657620624971,-9.304695920061716,-0.60511655345659,,,,,,,0.0440598918539176,1.0,False,-0.0052127733966216,1.0,False,
374.0,D,,C-tail,372.0,19,0.004113476131148483,0.017276880736485856,0.054512500742020444,0.03621545871460228,0.03704773030246261,0.039171166822830894,0.09488077359168456,0.05971496870410258,0.06852611495441632,0.06853577772165531,0.10715807719577346,0.07353409496466218,0.07673867829622391,0.05064668053679026,0.0520377776135911,0.03584665034900376,0.14632695710526314,-8.197473433013359,-0.6236016706859189,-8.284914963952069,-0.5412101137289334,-9.126258177166415,-0.6854927752507113,,,,,,,0.0302645500130172,1.0,False,-3.6741460526021026,1.0,False,
375.0,H,,C-tail,373.0,19,0.07019888473939029,-0.034901444110324496,0.017809841125518536,0.059181497909010956,0.06051938323976325,0.03482508662733939,0.05510136436215433,0.057014266985734766,0.01750900399879946,0.05621020166249174,0.061700584937485016,0.05861490527657062,0.0683168014223672,0.02785065428959429,0.02533190638879996,0.07109480740548324,0.1831124282105263,-8.257450150190152,-0.5912084621734505,-8.307429336890175,-0.5438096996704548,-9.186257613046253,-0.6402552840319943,,,,,,,-0.0056596859819411,1.0,False,3.473255870120905,1.0,False,
376.0,P,,C-tail,374.0,19,0.0026181869054908106,-0.02548532523427009,0.0353869706534481,0.013719993967692195,0.022758645607636657,0.046250609734218,0.023862388485517534,0.04075025986192842,0.034747538872271555,0.04147501100407012,0.08790137216756778,0.08450230093833544,0.08591566287864395,0.03675195322779594,0.02565884810301136,-0.011373306570510833,0.19094008457894737,-8.176095626723889,-0.5986034417895677,-8.263809182736374,-0.5286248087517615,-9.21234452139318,-0.6508666572462667,,,,,,,0.0344437469444915,1.0,False,-1.9798637192910176,1.0,False,
377.0,S,,C-tail,375.0,19,0.003572878867399189,-0.01556246605880103,0.0645125061373778,0.03970054180503461,0.05954742604920554,0.05134280823438951,0.01771143075946449,0.040226634396085356,0.06897752696154674,0.0612721903323391,0.09360923769415035,0.08776256575344239,0.1279328573755585,0.0777708299623812,0.07408917909171758,0.02223462517545022,0.17957374989473684,-8.038624296626669,-0.6430641241158758,-8.140893982970109,-0.5731675327513461,-9.182023661286468,-0.6806016270504012,,,,,,,0.0512081692750943,1.0,False,-0.7133091105880247,1.0,False,
378.0,T,,C-tail,376.0,19,0.01662965378889251,0.015224656455037348,0.03671651143649328,0.032947576213119965,0.04207086575994803,0.1076107885726756,0.049623138773547154,0.07327542188314191,0.08155933219606093,0.06420951362849087,0.11488536054222553,0.06965012691269963,0.10939718805507057,0.07159833813070546,0.05567469880063131,-0.01840759520734701,0.13490562131578948,-8.172722295350445,-0.6049705803925873,-8.176670694557902,-0.5381403580817694,-9.115122498469038,-0.6676444163407594,,,,,,,-0.047113117860885,1.0,False,-0.8954936024703652,1.0,False,
379.0,A,,C-tail,377.0,19,0.0035277703326867323,0.0016346351937035805,0.07816828046549752,0.05025905165901943,0.08713551822740685,0.07668270090424009,0.04560949092765915,0.023403740568619668,0.060884447939904426,0.07616887855125178,0.06936414397530345,0.08655808761926184,0.07370876033161568,0.05939009336212369,0.04525790686202125,0.03792321972603738,0.2220220134210526,-8.018528116992263,-0.6365287025730426,-8.423321638323923,-0.5435055410933212,-9.272219796121155,-0.6463576710393922,,,,,,,0.3737527930563082,1.0,False,-5.406529081668079,1.0,False,
380.0,N,,C-tail,378.0,19,0.062043900740484645,-0.0030473477454095,0.02313168431054144,0.02195003742395953,0.03146746435306254,0.04525138336722621,0.056838564210341336,0.049199062760549354,0.06707189838852717,0.09959822022490995,0.1359034397865221,0.07848821486760026,0.12745256799114635,0.0648877334619234,0.06371014207412029,-0.012106683123077732,0.11102969463157895,-8.089958681084132,-0.6213919707796797,-8.352613880777222,-0.5197986624795741,-9.151297082779665,-0.64516865100363,,,,,,,0.2121990887668001,1.0,False,-7.92617798976687,1.0,False,
381.0,T,,C-tail,379.0,19,0.06835775881521974,-0.00814933938416268,-0.01471066605077201,0.005938210575648678,0.04747547983613874,0.0350322671334265,0.05631348212609396,0.10322519460342858,0.07246401327117855,0.08252988292816987,0.07768512869670578,0.07874024608621591,0.15378953858147137,0.07422772562339315,0.0701091506617543,0.009131919606407473,0.14281398431578948,-8.107866810143346,-0.6019967656000546,-8.170226736975696,-0.5359970533836805,-9.133119084204456,-0.6549638510661439,,,,,,,-0.0079497658498404,1.0,False,-0.5114519545396323,1.0,False,
382.0,V,,C-tail,380.0,19,0.035690252834763694,-0.003159144382023943,0.02453534166422436,-0.0069250227511684056,0.02703950712634539,0.008761600235500268,0.033960378896702156,0.062091493513303654,0.05793295532441748,0.05599949185576676,0.0831129226771088,0.02396472480615516,0.08858113882423253,0.047503093065922465,0.002391530777638852,-0.015182816419734868,0.17967301063157895,-8.15317699709428,-0.627417567254249,-8.54020199007628,-0.5064456329862976,-9.166984934416387,-0.6147431527680411,,,,,,,0.33596347591366,1.0,False,-11.723448265568416,1.0,False,
383.0,D,,C-tail,381.0,19,0.04944332857423856,-0.013590998696755695,-0.04520486859275474,0.0004385501012321801,0.017237133480207324,0.027455219680110266,0.031063851904549772,0.07366923167895653,0.05015094716520315,0.04916604551102323,0.08847716509925924,0.10401459754801633,0.1128578256718576,0.06697448376138372,0.0422398345839578,-0.0021311707857320783,0.08437017378947369,-8.197134719835136,-0.610179396809122,-8.135572428958216,-0.5101051481469826,-9.209104507094201,-0.6556713791171882,,,,,,,-0.1126238079452619,1.0,False,-7.729278080098333,1.0,False,
384.0,R,,C-tail,382.0,19,0.05726312530116949,0.001482633976762195,0.03444393792296968,0.015780642790926475,0.051273742971329576,0.0739721780927961,0.0152837605434564,0.07737722835116269,0.06415246488177466,0.10048086779610033,0.06752526590294342,0.02097413915755979,0.11182215869768608,0.02446872918469988,-0.0035828546024884154,-0.029543404411095684,0.1467762692105263,-8.288185418127776,-0.5884560136102361,-8.194476057516344,-0.48223075993240433,-9.20986203540851,-0.6244997695051007,,,,,,,-0.1447708776797753,1.0,False,-9.48379428738566,1.0,False,
385.0,T,,C-tail,383.0,19,0.04569530414421103,0.010846370341042704,0.02891787795735429,-0.017549948620610985,0.011054480223203416,0.07108908946640997,0.03778493895098943,0.06116494826570397,0.09479687600893903,0.07720669436431611,0.13206255705459968,0.07553954397058192,0.11475278145999776,0.0520392754723147,0.06210266744590791,0.027739167507056704,0.07872182078947368,-8.289447439821052,-0.5965799776179646,-8.321847303150172,-0.532916151317934,-9.133740141366033,-0.6960298010085434,,,,,,,-0.0152596750628859,1.0,False,-1.054288784357448,1.0,False,
386.0,N,,C-tail,384.0,19,0.07932129321696581,0.02543931363376262,0.026300456795353616,0.027101396868252883,0.07444573103694503,0.04361310416869276,0.06017272010765438,0.12821224113998747,0.10150681215923289,0.11363038741609553,0.16985630735764778,0.1094732725725969,0.16712399259770172,0.10521369050172642,0.07153203725150148,0.015248128460426601,0.11250052542105264,-8.079874438369185,-0.6461119676272185,-8.260123717717875,-0.5519079806468518,-9.1604373607684,-0.6413149911036241,,,,,,,0.1203275184711127,1.0,False,-5.406701387340586,1.0,False,
387.0,H,,C-tail,385.0,19,0.03375470040017083,0.004845238671859258,-0.00035886769295775787,0.03676569753111358,0.05426514761242776,0.03815287278293005,0.052662894623294015,0.10929270891809963,0.06106183759355854,0.09946275149178632,0.1015082012535686,0.03603755188538965,0.06638563870566558,0.04992203391225229,0.0530714293891375,0.010650894288143156,0.07396407194736843,-8.296751736935082,-0.5836564855573806,-8.413172122651533,-0.5243292612582673,-9.141913343976372,-0.6294667271813228,,,,,,,0.0715804242854467,1.0,False,-0.068194149904265,1.0,False,
388.0,Q,,C-tail,386.0,19,0.03944428991933417,0.014461702417510769,-0.00046444490549123267,0.031167896891614266,0.017759417896906098,0.05037251075566479,0.07958002084035551,0.057307705591426034,0.08211418885604449,0.0744917837491282,0.11061500232381463,0.04138708005318353,0.13964674288750412,0.013239847409149422,0.030686001251077566,-0.0011870460489445047,0.049852759999999996,-8.081888994044393,-0.5945384734706801,-8.23112155475045,-0.519862236745693,-9.177093317847964,-0.638888023198025,,,,,,,0.1084418379182263,1.0,False,-2.106692772297201,1.0,False,
389.0,L,,C-tail,387.0,19,0.07992451266896153,0.00713260825685069,0.020769284160426737,-0.006902146225839858,0.05062337293567232,0.019041218947365518,0.03752802097609652,0.08110437535128089,0.07795334629500546,0.08733663505714377,0.12041067905146419,0.06977545037307009,0.06605380712888932,0.05133451148823337,0.005287781690424831,0.030675894479869778,0.012914447210526314,-8.173998989573207,-0.5944889812632385,-8.373176865879675,-0.5154711976922643,-9.244366656807044,-0.6589565177029412,,,,,,,0.1139626661483674,1.0,False,-3.1372380467469494,1.0,False,
390.0,E,,C-tail,388.0,19,0.04573194344000995,0.005783832422178168,0.051746323884097375,0.014299437676419195,0.035763563558537756,0.03884468054808928,0.08478096946126654,0.06524505706116714,0.04685797583395742,0.0901817868427342,0.10208724687669979,0.0820416311999843,0.14360882917383444,0.07842761544354324,0.08105854219214895,0.02893762258651863,0.054102587,-8.247537269713769,-0.6329677604317292,-8.30539750610308,-0.5516251783248763,-9.111532945487449,-0.6885619778048506,,,,,,,-0.0098521647799039,1.0,False,-3.0609776351646865,1.0,False,
391.0,N,,C-tail,389.0,19,0.038701875498503846,0.06838512495580366,0.003707083496585416,0.05317355935077622,0.043729576815479676,0.021790276860380917,0.07482644980568608,0.10202511179330283,0.06674724492709078,0.08816681756526412,0.08125794112270095,0.0403862897769642,0.11896868920291032,0.012163936556110469,0.04194280495632058,0.02546220466438203,0.02288944747368421,-8.057094007313326,-0.5985174498895938,-8.226584675382163,-0.5211716839437418,-9.067956726555337,-0.6567122060955739,,,,,,,0.1184291510004964,1.0,False,-3.2321067485351556,1.0,False,
392.0,L,,C-tail,390.0,19,0.048514656786602633,-0.015290338725975832,-0.010417427873833384,0.011633903232630404,0.015136601593762315,0.041546182869596056,0.0293795732346629,0.05047000520505869,0.03437034524684727,0.04503020870242004,0.09593599056654804,0.04554116874916629,0.047103502464717624,0.03838799554518566,0.03308017706795843,-0.005351784239492161,0.03270908510526316,-8.124463823185605,-0.5863055488784359,-8.25131761684576,-0.5418132617687491,-9.261266535804268,-0.6343894319962908,,,,,,,0.0757922765918124,1.0,False,3.3687921332260498,1.0,False,
393.0,E,,C-tail,391.0,19,0.02479694396297445,-0.020423122052394178,0.024380355503194815,0.04346169671188171,0.013871757884738975,0.036626501628147054,0.06767820075271798,0.10522825646064206,0.06464000269480298,0.0831124411091039,0.13257338799570298,0.07746796231688768,0.1294861971467745,0.05974618630991285,0.0449128608151465,-0.013931854791792805,0.059741326052631584,-8.096587265240457,-0.6102168463572425,-8.180253944463578,-0.5490268181817338,-9.121105070327744,-0.678055772069654,,,,,,,0.0326051621547804,1.0,False,0.3963494327450902,1.0,False,
394.0,A,,C-tail,392.0,19,0.013427284734040446,-0.015838355287385152,-0.02133256447437203,0.004247835514484243,0.021319259453660498,0.03548032026958382,0.02046408456216625,0.07425779426999068,0.07135645781357064,0.12949276848795924,0.12515270143026566,0.08960223898319197,0.13091782987104023,0.029622501449317207,0.0399145917794045,-0.005361993757551968,0.022204797736842107,-8.063669312338286,-0.5900301409853007,-8.197484769700205,-0.5272255752876351,-9.136709981005792,-0.650757687318816,,,,,,,0.0642744054318473,1.0,False,-0.5613252379841569,1.0,False,
395.0,E,,C-tail,393.0,19,0.053933536269531096,-0.025072019948987286,0.01734943838483365,0.0193869425786229,0.015450578519432516,0.017978631525421306,0.03397231148960207,0.0815073915521594,0.06266913295368948,0.0731988306872791,0.10419553385120707,0.06417909846984689,0.11092684557239697,0.028868077171572814,0.06375609779821223,0.023925183444542714,0.059242392315789476,-8.199501656674782,-0.5883630343734221,-8.40710551024057,-0.5131687322801921,-9.108467600783763,-0.6644743631912274,,,,,,,0.167914388702858,1.0,False,-2.8348180778982712,1.0,False,
396.0,T,,C-tail,394.0,19,0.06748835841604639,0.004835440844684732,0.06221247927679548,0.031370828050821115,0.03509573715273445,0.03509170621004837,0.054446290349387465,0.09230152190136194,0.09271209658374314,0.12038692731999887,0.13494428642186496,0.08316139232944415,0.16364318297035407,0.11168237969167467,0.09512581500350761,0.03252447962863135,0.04225765,-8.22195268422172,-0.6109977981899614,-8.332884832087105,-0.5458501821890503,-9.1412917975924,-0.6656454935071983,,,,,,,0.0598706307970431,1.0,False,-0.4137143666894882,1.0,False,
397.0,A,,C-tail,395.0,19,0.07145927497742638,0.025494414279367505,0.022685061213273575,0.030962456445941713,0.023436621544065905,0.015159674140534814,0.04356631109116936,0.08293492318086688,0.07196184582730489,0.10662582787501886,0.13235012840435675,0.05270249449590112,0.12225641244052844,0.0547409162936524,0.03674913050975357,0.034460984444318055,0.05393446294736842,-7.908548718947739,-0.5969955951086124,-8.161828802354528,-0.5203394037026842,-9.133127293370833,-0.6547872253211443,,,,,,,0.2022185663384457,1.0,False,-3.120896051883971,1.0,False,
398.0,P,,C-tail,396.0,19,0.05465766777190286,-0.0240927940390072,-0.024581136670239843,0.039714174313550725,0.0387590648579765,-0.004638984866285267,0.07159564316505858,0.11643966505020942,0.050498395908378686,0.08607694233457676,0.10188152248498182,0.04694920642417364,0.08284694080698582,0.03404628189976558,0.05862098821614631,0.026945111472422068,0.08476690405263158,-8.221216945516558,-0.6148784935555178,-8.25220626574327,-0.5180913968754902,-9.105298150512583,-0.633169376781586,,,,,,,0.0682030680289198,1.0,False,-7.372455560769931,1.0,False,
399.0,L,,C-tail,397.0,19,0.06023192827908742,-0.05713891802600231,0.0022335202471215317,0.03918626794750736,0.02412731168222991,0.0963538356375665,0.04627501911595641,0.1078563345477775,0.08290757169597193,0.08401370878114772,0.14989909169294366,0.07570680566358713,0.14433502262913073,0.033868728772774914,0.054530877967793615,0.002551400176642016,0.03506585589473685,-8.201580795192175,-0.6081362054633267,-8.16781359394968,-0.5245387188996756,-9.148484660635331,-0.6496467078904429,,,,,,,-0.0801182875558002,1.0,False,-3.8308910448528377,1.0,False,
400.0,P,,C-tail,398.0,19,-0.01813836089834836,-0.03903351443433516,-0.030119183207634726,-0.019544680135333475,-0.04029332032729891,-0.03997394729911206,0.01397026724199809,0.003299355379117681,0.0031791406898802207,0.06003408378495235,0.05195707767555791,0.009759105268349166,0.028464404277179806,-0.0054699351106259515,-0.017564321938168058,-0.0363900001248528,-0.17769490657894735,-8.052595065075911,-0.5249531946587704,-7.765138967538075,-0.4824978652670682,-8.876740759640287,-0.5774295846598038,,,,,,,-0.3657395428994228,1.0,False,2.0006843211187064,1.0,False,
