position,ligand,efficacy_class,n_variants,pct_lof,pct_gof,lof_thresh,gof_thresh
2,Buprenorphine,weak,19,0.0,0.0,-0.1113609576752473,0.11109641308379
2,Butorphanol,weak,19,0.0,10.526315789473683,-0.0801191611184618,0.0800647966675614
2,C6guano,strong,19,0.0,5.263157894736842,-0.0947407086689432,0.0946580524027358
2,Carfentanil,strong,19,5.263157894736842,10.526315789473683,-0.073569523017839,0.0734593326602058
2,DAMGO,strong,19,0.0,5.263157894736842,-0.0706493581082685,0.0704363723870284
2,Fentanyl,strong,19,0.0,63.1578947368421,-0.1135817353402551,0.113889572243734
2,MP,weak,19,0.0,10.526315789473683,-0.1049233218375642,0.1055544348762352
2,Methadone,intermediate,19,0.0,21.052631578947366,-0.1023794128819081,0.1022561647143245
2,Morphine,strong,19,0.0,36.84210526315789,-0.0938133962225504,0.0942030687789831
2,Nalbuphine,weak,19,15.789473684210526,0.0,-0.0914849125378854,0.0917461636140948
2,Naloxone,antagonist,19,15.789473684210526,5.263157894736842,-0.0882344129122834,0.0883395316717978
2,Naltrexone,antagonist,19,0.0,26.31578947368421,-0.0848397486446551,0.0850472018991877
2,PZM21,intermediate,19,0.0,26.31578947368421,-0.0925623982587858,0.0922349360906992
2,SR17018,strong,19,0.0,26.31578947368421,-0.0922056472818427,0.0924902322950269
2,TRV130,intermediate,19,0.0,15.789473684210526,-0.0861408612108664,0.0859939440757425
3,Buprenorphine,weak,18,0.0,0.0,-0.1113609576752473,0.11109641308379
3,Butorphanol,weak,18,0.0,0.0,-0.0801191611184618,0.0800647966675614
3,C6guano,strong,18,0.0,16.666666666666664,-0.0947407086689432,0.0946580524027358
3,Carfentanil,strong,18,0.0,16.666666666666664,-0.073569523017839,0.0734593326602058
3,DAMGO,strong,18,0.0,16.666666666666664,-0.0706493581082685,0.0704363723870284
3,Fentanyl,strong,18,0.0,88.88888888888889,-0.1135817353402551,0.113889572243734
3,MP,weak,18,0.0,0.0,-0.1049233218375642,0.1055544348762352
3,Methadone,intermediate,18,5.555555555555555,0.0,-0.1023794128819081,0.1022561647143245
3,Morphine,strong,18,0.0,72.22222222222221,-0.0938133962225504,0.0942030687789831
3,Nalbuphine,weak,18,5.555555555555555,0.0,-0.0914849125378854,0.0917461636140948
3,Naloxone,antagonist,18,0.0,5.555555555555555,-0.0882344129122834,0.0883395316717978
3,Naltrexone,antagonist,18,0.0,27.77777777777778,-0.0848397486446551,0.0850472018991877
3,PZM21,intermediate,18,0.0,50.0,-0.0925623982587858,0.0922349360906992
3,SR17018,strong,18,0.0,27.77777777777778,-0.0922056472818427,0.0924902322950269
3,TRV130,intermediate,18,0.0,27.77777777777778,-0.0861408612108664,0.0859939440757425
4,Buprenorphine,weak,19,0.0,10.526315789473683,-0.1113609576752473,0.11109641308379
4,Butorphanol,weak,19,10.526315789473683,0.0,-0.0801191611184618,0.0800647966675614
4,C6guano,strong,19,0.0,10.526315789473683,-0.0947407086689432,0.0946580524027358
4,Carfentanil,strong,19,0.0,21.052631578947366,-0.073569523017839,0.0734593326602058
4,DAMGO,strong,19,0.0,15.789473684210526,-0.0706493581082685,0.0704363723870284
4,Fentanyl,strong,19,0.0,63.1578947368421,-0.1135817353402551,0.113889572243734
4,MP,weak,19,0.0,0.0,-0.1049233218375642,0.1055544348762352
4,Methadone,intermediate,19,0.0,5.263157894736842,-0.1023794128819081,0.1022561647143245
4,Morphine,strong,19,0.0,57.89473684210527,-0.0938133962225504,0.0942030687789831
4,Nalbuphine,weak,19,0.0,5.263157894736842,-0.0914849125378854,0.0917461636140948
4,Naloxone,antagonist,19,5.263157894736842,0.0,-0.0882344129122834,0.0883395316717978
4,Naltrexone,antagonist,19,0.0,15.789473684210526,-0.0848397486446551,0.0850472018991877
4,PZM21,intermediate,19,0.0,31.57894736842105,-0.0925623982587858,0.0922349360906992
4,SR17018,strong,19,0.0,47.368421052631575,-0.0922056472818427,0.0924902322950269
4,TRV130,intermediate,19,0.0,21.052631578947366,-0.0861408612108664,0.0859939440757425
5,Buprenorphine,weak,19,0.0,0.0,-0.1113609576752473,0.11109641308379
5,Butorphanol,weak,19,21.052631578947366,0.0,-0.0801191611184618,0.0800647966675614
5,C6guano,strong,19,0.0,21.052631578947366,-0.0947407086689432,0.0946580524027358
5,Carfentanil,strong,19,0.0,15.789473684210526,-0.073569523017839,0.0734593326602058
5,DAMGO,strong,19,0.0,26.31578947368421,-0.0706493581082685,0.0704363723870284
5,Fentanyl,strong,19,0.0,89.47368421052632,-0.1135817353402551,0.113889572243734
5,MP,weak,19,0.0,0.0,-0.1049233218375642,0.1055544348762352
5,Methadone,intermediate,19,0.0,42.10526315789473,-0.1023794128819081,0.1022561647143245
5,Morphine,strong,19,0.0,57.89473684210527,-0.0938133962225504,0.0942030687789831
5,Nalbuphine,weak,19,0.0,0.0,-0.0914849125378854,0.0917461636140948
5,Naloxone,antagonist,19,5.263157894736842,0.0,-0.0882344129122834,0.0883395316717978
5,Naltrexone,antagonist,19,0.0,15.789473684210526,-0.0848397486446551,0.0850472018991877
5,PZM21,intermediate,19,0.0,10.526315789473683,-0.0925623982587858,0.0922349360906992
5,SR17018,strong,19,0.0,57.89473684210527,-0.0922056472818427,0.0924902322950269
5,TRV130,intermediate,19,0.0,5.263157894736842,-0.0861408612108664,0.0859939440757425
6,Buprenorphine,weak,19,0.0,0.0,-0.1113609576752473,0.11109641308379
6,Butorphanol,weak,19,5.263157894736842,5.263157894736842,-0.0801191611184618,0.0800647966675614
6,C6guano,strong,19,0.0,36.84210526315789,-0.0947407086689432,0.0946580524027358
6,Carfentanil,strong,19,5.263157894736842,15.789473684210526,-0.073569523017839,0.0734593326602058
6,DAMGO,strong,19,0.0,26.31578947368421,-0.0706493581082685,0.0704363723870284
6,Fentanyl,strong,19,0.0,52.63157894736842,-0.1135817353402551,0.113889572243734
6,MP,weak,19,0.0,0.0,-0.1049233218375642,0.1055544348762352
6,Methadone,intermediate,19,0.0,21.052631578947366,-0.1023794128819081,0.1022561647143245
6,Morphine,strong,19,0.0,26.31578947368421,-0.0938133962225504,0.0942030687789831
6,Nalbuphine,weak,19,10.526315789473683,0.0,-0.0914849125378854,0.0917461636140948
6,Naloxone,antagonist,19,52.63157894736842,0.0,-0.0882344129122834,0.0883395316717978
6,Naltrexone,antagonist,19,0.0,31.57894736842105,-0.0848397486446551,0.0850472018991877
6,PZM21,intermediate,19,0.0,10.526315789473683,-0.0925623982587858,0.0922349360906992
6,SR17018,strong,19,0.0,5.263157894736842,-0.0922056472818427,0.0924902322950269
6,TRV130,intermediate,19,0.0,5.263157894736842,-0.0861408612108664,0.0859939440757425
7,Buprenorphine,weak,19,0.0,26.31578947368421,-0.1113609576752473,0.11109641308379
7,Butorphanol,weak,19,0.0,21.052631578947366,-0.0801191611184618,0.0800647966675614
7,C6guano,strong,19,0.0,36.84210526315789,-0.0947407086689432,0.0946580524027358
7,Carfentanil,strong,19,5.263157894736842,21.052631578947366,-0.073569523017839,0.0734593326602058
7,DAMGO,strong,19,0.0,31.57894736842105,-0.0706493581082685,0.0704363723870284
7,Fentanyl,strong,19,0.0,78.94736842105263,-0.1135817353402551,0.113889572243734
7,MP,weak,19,0.0,15.789473684210526,-0.1049233218375642,0.1055544348762352
7,Methadone,intermediate,19,0.0,31.57894736842105,-0.1023794128819081,0.1022561647143245
7,Morphine,strong,19,0.0,73.68421052631578,-0.0938133962225504,0.0942030687789831
7,Nalbuphine,weak,19,0.0,10.526315789473683,-0.0914849125378854,0.0917461636140948
7,Naloxone,antagonist,19,10.526315789473683,21.052631578947366,-0.0882344129122834,0.0883395316717978
7,Naltrexone,antagonist,19,5.263157894736842,31.57894736842105,-0.0848397486446551,0.0850472018991877
7,PZM21,intermediate,19,0.0,31.57894736842105,-0.0925623982587858,0.0922349360906992
7,SR17018,strong,19,0.0,36.84210526315789,-0.0922056472818427,0.0924902322950269
7,TRV130,intermediate,19,0.0,15.789473684210526,-0.0861408612108664,0.0859939440757425
8,Buprenorphine,weak,19,0.0,5.263157894736842,-0.1113609576752473,0.11109641308379
8,Butorphanol,weak,19,10.526315789473683,21.052631578947366,-0.0801191611184618,0.0800647966675614
8,C6guano,strong,19,0.0,31.57894736842105,-0.0947407086689432,0.0946580524027358
8,Carfentanil,strong,19,0.0,26.31578947368421,-0.073569523017839,0.0734593326602058
8,DAMGO,strong,19,0.0,36.84210526315789,-0.0706493581082685,0.0704363723870284
8,Fentanyl,strong,19,0.0,78.94736842105263,-0.1135817353402551,0.113889572243734
8,MP,weak,19,0.0,31.57894736842105,-0.1049233218375642,0.1055544348762352
8,Methadone,intermediate,19,0.0,15.789473684210526,-0.1023794128819081,0.1022561647143245
8,Morphine,strong,19,0.0,89.47368421052632,-0.0938133962225504,0.0942030687789831
8,Nalbuphine,weak,19,5.263157894736842,0.0,-0.0914849125378854,0.0917461636140948
8,Naloxone,antagonist,19,5.263157894736842,0.0,-0.0882344129122834,0.0883395316717978
8,Naltrexone,antagonist,19,0.0,31.57894736842105,-0.0848397486446551,0.0850472018991877
8,PZM21,intermediate,19,0.0,31.57894736842105,-0.0925623982587858,0.0922349360906992
8,SR17018,strong,19,0.0,52.63157894736842,-0.0922056472818427,0.0924902322950269
8,TRV130,intermediate,19,0.0,21.052631578947366,-0.0861408612108664,0.0859939440757425
9,Buprenorphine,weak,19,0.0,5.263157894736842,-0.1113609576752473,0.11109641308379
9,Butorphanol,weak,19,5.263157894736842,0.0,-0.0801191611184618,0.0800647966675614
9,C6guano,strong,19,0.0,26.31578947368421,-0.0947407086689432,0.0946580524027358
9,Carfentanil,strong,19,0.0,31.57894736842105,-0.073569523017839,0.0734593326602058
9,DAMGO,strong,19,0.0,47.368421052631575,-0.0706493581082685,0.0704363723870284
9,Fentanyl,strong,19,0.0,94.73684210526316,-0.1135817353402551,0.113889572243734
9,MP,weak,19,0.0,0.0,-0.1049233218375642,0.1055544348762352
9,Methadone,intermediate,19,0.0,31.57894736842105,-0.1023794128819081,0.1022561647143245
9,Morphine,strong,19,0.0,52.63157894736842,-0.0938133962225504,0.0942030687789831
9,Nalbuphine,weak,19,5.263157894736842,0.0,-0.0914849125378854,0.0917461636140948
9,Naloxone,antagonist,19,15.789473684210526,0.0,-0.0882344129122834,0.0883395316717978
9,Naltrexone,antagonist,19,0.0,10.526315789473683,-0.0848397486446551,0.0850472018991877
9,PZM21,intermediate,19,0.0,73.68421052631578,-0.0925623982587858,0.0922349360906992
9,SR17018,strong,19,0.0,52.63157894736842,-0.0922056472818427,0.0924902322950269
9,TRV130,intermediate,19,0.0,42.10526315789473,-0.0861408612108664,0.0859939440757425
10,Buprenorphine,weak,19,0.0,0.0,-0.1113609576752473,0.11109641308379
10,Butorphanol,weak,19,5.263157894736842,5.263157894736842,-0.0801191611184618,0.0800647966675614
10,C6guano,strong,19,0.0,36.84210526315789,-0.0947407086689432,0.0946580524027358
10,Carfentanil,strong,19,0.0,5.263157894736842,-0.073569523017839,0.0734593326602058
10,DAMGO,strong,19,0.0,31.57894736842105,-0.0706493581082685,0.0704363723870284
10,Fentanyl,strong,19,0.0,63.1578947368421,-0.1135817353402551,0.113889572243734
10,MP,weak,19,0.0,0.0,-0.1049233218375642,0.1055544348762352
10,Methadone,intermediate,19,0.0,21.052631578947366,-0.1023794128819081,0.1022561647143245
10,Morphine,strong,19,0.0,57.89473684210527,-0.0938133962225504,0.0942030687789831
10,Nalbuphine,weak,19,0.0,0.0,-0.0914849125378854,0.0917461636140948
10,Naloxone,antagonist,19,0.0,0.0,-0.0882344129122834,0.0883395316717978
10,Naltrexone,antagonist,19,0.0,47.368421052631575,-0.0848397486446551,0.0850472018991877
10,PZM21,intermediate,19,0.0,36.84210526315789,-0.0925623982587858,0.0922349360906992
10,SR17018,strong,19,0.0,84.21052631578947,-0.0922056472818427,0.0924902322950269
10,TRV130,intermediate,19,0.0,5.263157894736842,-0.0861408612108664,0.0859939440757425
11,Buprenorphine,weak,19,5.263157894736842,0.0,-0.1113609576752473,0.11109641308379
11,Butorphanol,weak,19,21.052631578947366,0.0,-0.0801191611184618,0.0800647966675614
11,C6guano,strong,19,0.0,21.052631578947366,-0.0947407086689432,0.0946580524027358
11,Carfentanil,strong,19,5.263157894736842,0.0,-0.073569523017839,0.0734593326602058
11,DAMGO,strong,19,0.0,0.0,-0.0706493581082685,0.0704363723870284
11,Fentanyl,strong,19,0.0,52.63157894736842,-0.1135817353402551,0.113889572243734
11,MP,weak,19,0.0,0.0,-0.1049233218375642,0.1055544348762352
11,Methadone,intermediate,19,0.0,10.526315789473683,-0.1023794128819081,0.1022561647143245
11,Morphine,strong,19,0.0,52.63157894736842,-0.0938133962225504,0.0942030687789831
11,Nalbuphine,weak,19,10.526315789473683,0.0,-0.0914849125378854,0.0917461636140948
11,Naloxone,antagonist,19,26.31578947368421,5.263157894736842,-0.0882344129122834,0.0883395316717978
11,Naltrexone,antagonist,19,0.0,15.789473684210526,-0.0848397486446551,0.0850472018991877
11,PZM21,intermediate,19,0.0,21.052631578947366,-0.0925623982587858,0.0922349360906992
11,SR17018,strong,19,0.0,31.57894736842105,-0.0922056472818427,0.0924902322950269
11,TRV130,intermediate,19,0.0,15.789473684210526,-0.0861408612108664,0.0859939440757425
12,Buprenorphine,weak,19,0.0,0.0,-0.1113609576752473,0.11109641308379
12,Butorphanol,weak,19,5.263157894736842,0.0,-0.0801191611184618,0.0800647966675614
12,C6guano,strong,19,0.0,0.0,-0.0947407086689432,0.0946580524027358
12,Carfentanil,strong,19,0.0,0.0,-0.073569523017839,0.0734593326602058
12,DAMGO,strong,19,0.0,10.526315789473683,-0.0706493581082685,0.0704363723870284
12,Fentanyl,strong,19,0.0,84.21052631578947,-0.1135817353402551,0.113889572243734
12,MP,weak,19,0.0,0.0,-0.1049233218375642,0.1055544348762352
12,Methadone,intermediate,19,0.0,10.526315789473683,-0.1023794128819081,0.1022561647143245
12,Morphine,strong,19,0.0,47.368421052631575,-0.0938133962225504,0.0942030687789831
12,Nalbuphine,weak,19,0.0,0.0,-0.0914849125378854,0.0917461636140948
12,Naloxone,antagonist,19,5.263157894736842,5.263157894736842,-0.0882344129122834,0.0883395316717978
12,Naltrexone,antagonist,19,0.0,26.31578947368421,-0.0848397486446551,0.0850472018991877
12,PZM21,intermediate,19,0.0,21.052631578947366,-0.0925623982587858,0.0922349360906992
12,SR17018,strong,19,0.0,36.84210526315789,-0.0922056472818427,0.0924902322950269
12,TRV130,intermediate,19,0.0,0.0,-0.0861408612108664,0.0859939440757425
13,Buprenorphine,weak,19,0.0,10.526315789473683,-0.1113609576752473,0.11109641308379
13,Butorphanol,weak,19,10.526315789473683,10.526315789473683,-0.0801191611184618,0.0800647966675614
13,C6guano,strong,19,0.0,10.526315789473683,-0.0947407086689432,0.0946580524027358
13,Carfentanil,strong,19,5.263157894736842,15.789473684210526,-0.073569523017839,0.0734593326602058
13,DAMGO,strong,19,0.0,10.526315789473683,-0.0706493581082685,0.0704363723870284
13,Fentanyl,strong,19,0.0,73.68421052631578,-0.1135817353402551,0.113889572243734
13,MP,weak,19,0.0,0.0,-0.1049233218375642,0.1055544348762352
13,Methadone,intermediate,19,0.0,10.526315789473683,-0.1023794128819081,0.1022561647143245
13,Morphine,strong,19,0.0,42.10526315789473,-0.0938133962225504,0.0942030687789831
13,Nalbuphine,weak,19,0.0,0.0,-0.0914849125378854,0.0917461636140948
13,Naloxone,antagonist,19,5.263157894736842,0.0,-0.0882344129122834,0.0883395316717978
13,Naltrexone,antagonist,19,0.0,15.789473684210526,-0.0848397486446551,0.0850472018991877
13,PZM21,intermediate,19,0.0,31.57894736842105,-0.0925623982587858,0.0922349360906992
13,SR17018,strong,19,0.0,15.789473684210526,-0.0922056472818427,0.0924902322950269
13,TRV130,intermediate,19,0.0,0.0,-0.0861408612108664,0.0859939440757425
14,Buprenorphine,weak,18,0.0,0.0,-0.1113609576752473,0.11109641308379
14,Butorphanol,weak,18,5.555555555555555,5.555555555555555,-0.0801191611184618,0.0800647966675614
14,C6guano,strong,18,0.0,11.11111111111111,-0.0947407086689432,0.0946580524027358
14,Carfentanil,strong,18,0.0,27.77777777777778,-0.073569523017839,0.0734593326602058
14,DAMGO,strong,18,0.0,5.555555555555555,-0.0706493581082685,0.0704363723870284
14,Fentanyl,strong,18,0.0,66.66666666666666,-0.1135817353402551,0.113889572243734
14,MP,weak,18,0.0,16.666666666666664,-0.1049233218375642,0.1055544348762352
14,Methadone,intermediate,18,0.0,16.666666666666664,-0.1023794128819081,0.1022561647143245
14,Morphine,strong,18,0.0,55.55555555555556,-0.0938133962225504,0.0942030687789831
14,Nalbuphine,weak,18,5.555555555555555,0.0,-0.0914849125378854,0.0917461636140948
14,Naloxone,antagonist,18,0.0,0.0,-0.0882344129122834,0.0883395316717978
14,Naltrexone,antagonist,18,0.0,16.666666666666664,-0.0848397486446551,0.0850472018991877
14,PZM21,intermediate,18,0.0,16.666666666666664,-0.0925623982587858,0.0922349360906992
14,SR17018,strong,18,0.0,11.11111111111111,-0.0922056472818427,0.0924902322950269
14,TRV130,intermediate,18,0.0,22.22222222222222,-0.0861408612108664,0.0859939440757425
15,Buprenorphine,weak,19,0.0,0.0,-0.1113609576752473,0.11109641308379
15,Butorphanol,weak,19,15.789473684210526,0.0,-0.0801191611184618,0.0800647966675614
15,C6guano,strong,19,0.0,5.263157894736842,-0.0947407086689432,0.0946580524027358
15,Carfentanil,strong,19,0.0,10.526315789473683,-0.073569523017839,0.0734593326602058
15,DAMGO,strong,19,0.0,0.0,-0.0706493581082685,0.0704363723870284
15,Fentanyl,strong,19,0.0,52.63157894736842,-0.1135817353402551,0.113889572243734
15,MP,weak,19,0.0,0.0,-0.1049233218375642,0.1055544348762352
15,Methadone,intermediate,19,5.263157894736842,26.31578947368421,-0.1023794128819081,0.1022561647143245
15,Morphine,strong,19,0.0,42.10526315789473,-0.0938133962225504,0.0942030687789831
15,Nalbuphine,weak,19,0.0,0.0,-0.0914849125378854,0.0917461636140948
15,Naloxone,antagonist,19,10.526315789473683,0.0,-0.0882344129122834,0.0883395316717978
15,Naltrexone,antagonist,19,0.0,10.526315789473683,-0.0848397486446551,0.0850472018991877
15,PZM21,intermediate,19,0.0,63.1578947368421,-0.0925623982587858,0.0922349360906992
15,SR17018,strong,19,0.0,31.57894736842105,-0.0922056472818427,0.0924902322950269
15,TRV130,intermediate,19,0.0,21.052631578947366,-0.0861408612108664,0.0859939440757425
16,Buprenorphine,weak,19,0.0,0.0,-0.1113609576752473,0.11109641308379
16,Butorphanol,weak,19,0.0,0.0,-0.0801191611184618,0.0800647966675614
16,C6guano,strong,19,0.0,26.31578947368421,-0.0947407086689432,0.0946580524027358
16,Carfentanil,strong,19,0.0,21.052631578947366,-0.073569523017839,0.0734593326602058
16,DAMGO,strong,19,0.0,26.31578947368421,-0.0706493581082685,0.0704363723870284
16,Fentanyl,strong,19,0.0,78.94736842105263,-0.1135817353402551,0.113889572243734
16,MP,weak,19,0.0,21.052631578947366,-0.1049233218375642,0.1055544348762352
16,Methadone,intermediate,19,0.0,26.31578947368421,-0.1023794128819081,0.1022561647143245
16,Morphine,strong,19,0.0,52.63157894736842,-0.0938133962225504,0.0942030687789831
16,Nalbuphine,weak,19,15.789473684210526,0.0,-0.0914849125378854,0.0917461636140948
16,Naloxone,antagonist,19,10.526315789473683,0.0,-0.0882344129122834,0.0883395316717978
16,Naltrexone,antagonist,19,0.0,15.789473684210526,-0.0848397486446551,0.0850472018991877
16,PZM21,intermediate,19,0.0,31.57894736842105,-0.0925623982587858,0.0922349360906992
16,SR17018,strong,19,0.0,15.789473684210526,-0.0922056472818427,0.0924902322950269
16,TRV130,intermediate,19,5.263157894736842,31.57894736842105,-0.0861408612108664,0.0859939440757425
17,Buprenorphine,weak,19,5.263157894736842,0.0,-0.1113609576752473,0.11109641308379
17,Butorphanol,weak,19,0.0,0.0,-0.0801191611184618,0.0800647966675614
17,C6guano,strong,19,0.0,15.789473684210526,-0.0947407086689432,0.0946580524027358
17,Carfentanil,strong,19,0.0,0.0,-0.073569523017839,0.0734593326602058
17,DAMGO,strong,19,0.0,10.526315789473683,-0.0706493581082685,0.0704363723870284
17,Fentanyl,strong,19,0.0,78.94736842105263,-0.1135817353402551,0.113889572243734
17,MP,weak,19,0.0,10.526315789473683,-0.1049233218375642,0.1055544348762352
17,Methadone,intermediate,19,0.0,26.31578947368421,-0.1023794128819081,0.1022561647143245
17,Morphine,strong,19,0.0,42.10526315789473,-0.0938133962225504,0.0942030687789831
17,Nalbuphine,weak,19,10.526315789473683,0.0,-0.0914849125378854,0.0917461636140948
17,Naloxone,antagonist,19,10.526315789473683,0.0,-0.0882344129122834,0.0883395316717978
17,Naltrexone,antagonist,19,5.263157894736842,31.57894736842105,-0.0848397486446551,0.0850472018991877
17,PZM21,intermediate,19,0.0,52.63157894736842,-0.0925623982587858,0.0922349360906992
17,SR17018,strong,19,0.0,21.052631578947366,-0.0922056472818427,0.0924902322950269
17,TRV130,intermediate,19,0.0,15.789473684210526,-0.0861408612108664,0.0859939440757425
18,Buprenorphine,weak,19,5.263157894736842,0.0,-0.1113609576752473,0.11109641308379
18,Butorphanol,weak,19,5.263157894736842,5.263157894736842,-0.0801191611184618,0.0800647966675614
18,C6guano,strong,19,0.0,26.31578947368421,-0.0947407086689432,0.0946580524027358
18,Carfentanil,strong,19,0.0,26.31578947368421,-0.073569523017839,0.0734593326602058
18,DAMGO,strong,19,0.0,15.789473684210526,-0.0706493581082685,0.0704363723870284
18,Fentanyl,strong,19,0.0,89.47368421052632,-0.1135817353402551,0.113889572243734
18,MP,weak,19,0.0,0.0,-0.1049233218375642,0.1055544348762352
18,Methadone,intermediate,19,0.0,0.0,-0.1023794128819081,0.1022561647143245
18,Morphine,strong,19,0.0,57.89473684210527,-0.0938133962225504,0.0942030687789831
18,Nalbuphine,weak,19,5.263157894736842,0.0,-0.0914849125378854,0.0917461636140948
18,Naloxone,antagonist,19,0.0,0.0,-0.0882344129122834,0.0883395316717978
18,Naltrexone,antagonist,19,5.263157894736842,5.263157894736842,-0.0848397486446551,0.0850472018991877
18,PZM21,intermediate,19,0.0,42.10526315789473,-0.0925623982587858,0.0922349360906992
18,SR17018,strong,19,0.0,36.84210526315789,-0.0922056472818427,0.0924902322950269
18,TRV130,intermediate,19,0.0,26.31578947368421,-0.0861408612108664,0.0859939440757425
19,Buprenorphine,weak,19,0.0,0.0,-0.1113609576752473,0.11109641308379
19,Butorphanol,weak,19,5.263157894736842,0.0,-0.0801191611184618,0.0800647966675614
19,C6guano,strong,19,5.263157894736842,10.526315789473683,-0.0947407086689432,0.0946580524027358
19,Carfentanil,strong,19,5.263157894736842,15.789473684210526,-0.073569523017839,0.0734593326602058
19,DAMGO,strong,19,5.263157894736842,5.263157894736842,-0.0706493581082685,0.0704363723870284
19,Fentanyl,strong,19,0.0,84.21052631578947,-0.1135817353402551,0.113889572243734
19,MP,weak,19,0.0,0.0,-0.1049233218375642,0.1055544348762352
19,Methadone,intermediate,19,0.0,26.31578947368421,-0.1023794128819081,0.1022561647143245
19,Morphine,strong,19,0.0,57.89473684210527,-0.0938133962225504,0.0942030687789831
19,Nalbuphine,weak,19,0.0,0.0,-0.0914849125378854,0.0917461636140948
19,Naloxone,antagonist,19,10.526315789473683,0.0,-0.0882344129122834,0.0883395316717978
19,Naltrexone,antagonist,19,0.0,10.526315789473683,-0.0848397486446551,0.0850472018991877
19,PZM21,intermediate,19,0.0,10.526315789473683,-0.0925623982587858,0.0922349360906992
19,SR17018,strong,19,0.0,47.368421052631575,-0.0922056472818427,0.0924902322950269
19,TRV130,intermediate,19,0.0,15.789473684210526,-0.0861408612108664,0.0859939440757425
20,Buprenorphine,weak,19,5.263157894736842,15.789473684210526,-0.1113609576752473,0.11109641308379
20,Butorphanol,weak,19,10.526315789473683,0.0,-0.0801191611184618,0.0800647966675614
20,C6guano,strong,19,0.0,31.57894736842105,-0.0947407086689432,0.0946580524027358
20,Carfentanil,strong,19,0.0,21.052631578947366,-0.073569523017839,0.0734593326602058
20,DAMGO,strong,19,0.0,5.263157894736842,-0.0706493581082685,0.0704363723870284
20,Fentanyl,strong,19,0.0,63.1578947368421,-0.1135817353402551,0.113889572243734
20,MP,weak,19,0.0,10.526315789473683,-0.1049233218375642,0.1055544348762352
20,Methadone,intermediate,19,0.0,26.31578947368421,-0.1023794128819081,0.1022561647143245
20,Morphine,strong,19,0.0,63.1578947368421,-0.0938133962225504,0.0942030687789831
20,Nalbuphine,weak,19,5.263157894736842,0.0,-0.0914849125378854,0.0917461636140948
20,Naloxone,antagonist,19,21.052631578947366,0.0,-0.0882344129122834,0.0883395316717978
20,Naltrexone,antagonist,19,5.263157894736842,42.10526315789473,-0.0848397486446551,0.0850472018991877
20,PZM21,intermediate,19,0.0,36.84210526315789,-0.0925623982587858,0.0922349360906992
20,SR17018,strong,19,0.0,5.263157894736842,-0.0922056472818427,0.0924902322950269
20,TRV130,intermediate,19,0.0,42.10526315789473,-0.0861408612108664,0.0859939440757425
21,Buprenorphine,weak,19,0.0,0.0,-0.1113609576752473,0.11109641308379
21,Butorphanol,weak,19,0.0,0.0,-0.0801191611184618,0.0800647966675614
21,C6guano,strong,19,0.0,52.63157894736842,-0.0947407086689432,0.0946580524027358
21,Carfentanil,strong,19,0.0,31.57894736842105,-0.073569523017839,0.0734593326602058
21,DAMGO,strong,19,0.0,15.789473684210526,-0.0706493581082685,0.0704363723870284
21,Fentanyl,strong,19,0.0,94.73684210526316,-0.1135817353402551,0.113889572243734
21,MP,weak,19,0.0,5.263157894736842,-0.1049233218375642,0.1055544348762352
21,Methadone,intermediate,19,0.0,15.789473684210526,-0.1023794128819081,0.1022561647143245
21,Morphine,strong,19,0.0,26.31578947368421,-0.0938133962225504,0.0942030687789831
21,Nalbuphine,weak,19,21.052631578947366,0.0,-0.0914849125378854,0.0917461636140948
21,Naloxone,antagonist,19,0.0,0.0,-0.0882344129122834,0.0883395316717978
21,Naltrexone,antagonist,19,0.0,31.57894736842105,-0.0848397486446551,0.0850472018991877
21,PZM21,intermediate,19,0.0,47.368421052631575,-0.0925623982587858,0.0922349360906992
21,SR17018,strong,19,0.0,47.368421052631575,-0.0922056472818427,0.0924902322950269
21,TRV130,intermediate,19,5.263157894736842,21.052631578947366,-0.0861408612108664,0.0859939440757425
22,Buprenorphine,weak,17,0.0,0.0,-0.1113609576752473,0.11109641308379
22,Butorphanol,weak,17,11.76470588235294,11.76470588235294,-0.0801191611184618,0.0800647966675614
22,C6guano,strong,17,5.88235294117647,23.52941176470588,-0.0947407086689432,0.0946580524027358
22,Carfentanil,strong,17,0.0,35.294117647058826,-0.073569523017839,0.0734593326602058
22,DAMGO,strong,18,0.0,16.666666666666664,-0.0706493581082685,0.0704363723870284
22,Fentanyl,strong,17,0.0,82.35294117647058,-0.1135817353402551,0.113889572243734
22,MP,weak,17,5.88235294117647,11.76470588235294,-0.1049233218375642,0.1055544348762352
22,Methadone,intermediate,17,0.0,17.647058823529413,-0.1023794128819081,0.1022561647143245
22,Morphine,strong,17,0.0,52.94117647058824,-0.0938133962225504,0.0942030687789831
22,Nalbuphine,weak,17,0.0,5.88235294117647,-0.0914849125378854,0.0917461636140948
22,Naloxone,antagonist,17,5.88235294117647,0.0,-0.0882344129122834,0.0883395316717978
22,Naltrexone,antagonist,17,0.0,17.647058823529413,-0.0848397486446551,0.0850472018991877
22,PZM21,intermediate,17,0.0,41.17647058823529,-0.0925623982587858,0.0922349360906992
22,SR17018,strong,17,0.0,35.294117647058826,-0.0922056472818427,0.0924902322950269
22,TRV130,intermediate,17,0.0,35.294117647058826,-0.0861408612108664,0.0859939440757425
23,Buprenorphine,weak,19,0.0,0.0,-0.1113609576752473,0.11109641308379
23,Butorphanol,weak,19,15.789473684210526,10.526315789473683,-0.0801191611184618,0.0800647966675614
23,C6guano,strong,19,0.0,31.57894736842105,-0.0947407086689432,0.0946580524027358
23,Carfentanil,strong,19,0.0,42.10526315789473,-0.073569523017839,0.0734593326602058
23,DAMGO,strong,19,0.0,15.789473684210526,-0.0706493581082685,0.0704363723870284
23,Fentanyl,strong,19,0.0,73.68421052631578,-0.1135817353402551,0.113889572243734
23,MP,weak,19,5.263157894736842,5.263157894736842,-0.1049233218375642,0.1055544348762352
23,Methadone,intermediate,19,0.0,15.789473684210526,-0.1023794128819081,0.1022561647143245
23,Morphine,strong,19,0.0,47.368421052631575,-0.0938133962225504,0.0942030687789831
23,Nalbuphine,weak,19,5.263157894736842,10.526315789473683,-0.0914849125378854,0.0917461636140948
23,Naloxone,antagonist,19,5.263157894736842,5.263157894736842,-0.0882344129122834,0.0883395316717978
23,Naltrexone,antagonist,19,0.0,31.57894736842105,-0.0848397486446551,0.0850472018991877
23,PZM21,intermediate,19,0.0,36.84210526315789,-0.0925623982587858,0.0922349360906992
23,SR17018,strong,19,0.0,26.31578947368421,-0.0922056472818427,0.0924902322950269
23,TRV130,intermediate,19,0.0,5.263157894736842,-0.0861408612108664,0.0859939440757425
24,Buprenorphine,weak,19,0.0,0.0,-0.1113609576752473,0.11109641308379
24,Butorphanol,weak,19,5.263157894736842,10.526315789473683,-0.0801191611184618,0.0800647966675614
24,C6guano,strong,19,0.0,36.84210526315789,-0.0947407086689432,0.0946580524027358
24,Carfentanil,strong,19,0.0,21.052631578947366,-0.073569523017839,0.0734593326602058
24,DAMGO,strong,19,0.0,36.84210526315789,-0.0706493581082685,0.0704363723870284
24,Fentanyl,strong,19,0.0,89.47368421052632,-0.1135817353402551,0.113889572243734
24,MP,weak,19,0.0,0.0,-0.1049233218375642,0.1055544348762352
24,Methadone,intermediate,19,0.0,47.368421052631575,-0.1023794128819081,0.1022561647143245
24,Morphine,strong,19,0.0,21.052631578947366,-0.0938133962225504,0.0942030687789831
24,Nalbuphine,weak,19,5.263157894736842,5.263157894736842,-0.0914849125378854,0.0917461636140948
24,Naloxone,antagonist,19,21.052631578947366,0.0,-0.0882344129122834,0.0883395316717978
24,Naltrexone,antagonist,19,0.0,21.052631578947366,-0.0848397486446551,0.0850472018991877
24,PZM21,intermediate,19,0.0,31.57894736842105,-0.0925623982587858,0.0922349360906992
24,SR17018,strong,19,0.0,31.57894736842105,-0.0922056472818427,0.0924902322950269
24,TRV130,intermediate,19,0.0,15.789473684210526,-0.0861408612108664,0.0859939440757425
25,Buprenorphine,weak,19,5.263157894736842,10.526315789473683,-0.1113609576752473,0.11109641308379
25,Butorphanol,weak,19,10.526315789473683,5.263157894736842,-0.0801191611184618,0.0800647966675614
25,C6guano,strong,19,0.0,26.31578947368421,-0.0947407086689432,0.0946580524027358
25,Carfentanil,strong,19,0.0,15.789473684210526,-0.073569523017839,0.0734593326602058
25,DAMGO,strong,19,5.263157894736842,10.526315789473683,-0.0706493581082685,0.0704363723870284
25,Fentanyl,strong,19,0.0,73.68421052631578,-0.1135817353402551,0.113889572243734
25,MP,weak,19,0.0,10.526315789473683,-0.1049233218375642,0.1055544348762352
25,Methadone,intermediate,19,0.0,0.0,-0.1023794128819081,0.1022561647143245
25,Morphine,strong,19,5.263157894736842,42.10526315789473,-0.0938133962225504,0.0942030687789831
25,Nalbuphine,weak,19,0.0,10.526315789473683,-0.0914849125378854,0.0917461636140948
25,Naloxone,antagonist,19,21.052631578947366,5.263157894736842,-0.0882344129122834,0.0883395316717978
25,Naltrexone,antagonist,19,5.263157894736842,5.263157894736842,-0.0848397486446551,0.0850472018991877
25,PZM21,intermediate,19,0.0,10.526315789473683,-0.0925623982587858,0.0922349360906992
25,SR17018,strong,19,0.0,26.31578947368421,-0.0922056472818427,0.0924902322950269
25,TRV130,intermediate,19,5.263157894736842,15.789473684210526,-0.0861408612108664,0.0859939440757425
26,Buprenorphine,weak,19,0.0,10.526315789473683,-0.1113609576752473,0.11109641308379
26,Butorphanol,weak,19,15.789473684210526,0.0,-0.0801191611184618,0.0800647966675614
26,C6guano,strong,19,0.0,21.052631578947366,-0.0947407086689432,0.0946580524027358
26,Carfentanil,strong,19,5.263157894736842,5.263157894736842,-0.073569523017839,0.0734593326602058
26,DAMGO,strong,19,0.0,10.526315789473683,-0.0706493581082685,0.0704363723870284
26,Fentanyl,strong,19,0.0,84.21052631578947,-0.1135817353402551,0.113889572243734
26,MP,weak,19,0.0,0.0,-0.1049233218375642,0.1055544348762352
26,Methadone,intermediate,19,0.0,0.0,-0.1023794128819081,0.1022561647143245
26,Morphine,strong,19,0.0,31.57894736842105,-0.0938133962225504,0.0942030687789831
26,Nalbuphine,weak,19,10.526315789473683,0.0,-0.0914849125378854,0.0917461636140948
26,Naloxone,antagonist,19,26.31578947368421,0.0,-0.0882344129122834,0.0883395316717978
26,Naltrexone,antagonist,19,0.0,21.052631578947366,-0.0848397486446551,0.0850472018991877
26,PZM21,intermediate,19,0.0,31.57894736842105,-0.0925623982587858,0.0922349360906992
26,SR17018,strong,19,0.0,47.368421052631575,-0.0922056472818427,0.0924902322950269
26,TRV130,intermediate,19,0.0,5.263157894736842,-0.0861408612108664,0.0859939440757425
27,Buprenorphine,weak,19,0.0,10.526315789473683,-0.1113609576752473,0.11109641308379
27,Butorphanol,weak,19,0.0,0.0,-0.0801191611184618,0.0800647966675614
27,C6guano,strong,19,0.0,10.526315789473683,-0.0947407086689432,0.0946580524027358
27,Carfentanil,strong,19,0.0,21.052631578947366,-0.073569523017839,0.0734593326602058
27,DAMGO,strong,19,0.0,15.789473684210526,-0.0706493581082685,0.0704363723870284
27,Fentanyl,strong,19,0.0,84.21052631578947,-0.1135817353402551,0.113889572243734
27,MP,weak,19,5.263157894736842,10.526315789473683,-0.1049233218375642,0.1055544348762352
27,Methadone,intermediate,19,0.0,10.526315789473683,-0.1023794128819081,0.1022561647143245
27,Morphine,strong,19,0.0,68.42105263157895,-0.0938133962225504,0.0942030687789831
27,Nalbuphine,weak,19,0.0,0.0,-0.0914849125378854,0.0917461636140948
27,Naloxone,antagonist,19,0.0,0.0,-0.0882344129122834,0.0883395316717978
27,Naltrexone,antagonist,19,0.0,21.052631578947366,-0.0848397486446551,0.0850472018991877
27,PZM21,intermediate,19,0.0,10.526315789473683,-0.0925623982587858,0.0922349360906992
27,SR17018,strong,19,0.0,10.526315789473683,-0.0922056472818427,0.0924902322950269
27,TRV130,intermediate,19,0.0,42.10526315789473,-0.0861408612108664,0.0859939440757425
28,Buprenorphine,weak,19,0.0,10.526315789473683,-0.1113609576752473,0.11109641308379
28,Butorphanol,weak,19,0.0,21.052631578947366,-0.0801191611184618,0.0800647966675614
28,C6guano,strong,19,0.0,15.789473684210526,-0.0947407086689432,0.0946580524027358
28,Carfentanil,strong,19,0.0,26.31578947368421,-0.073569523017839,0.0734593326602058
28,DAMGO,strong,19,0.0,26.31578947368421,-0.0706493581082685,0.0704363723870284
28,Fentanyl,strong,19,0.0,89.47368421052632,-0.1135817353402551,0.113889572243734
28,MP,weak,19,0.0,26.31578947368421,-0.1049233218375642,0.1055544348762352
28,Methadone,intermediate,19,0.0,15.789473684210526,-0.1023794128819081,0.1022561647143245
28,Morphine,strong,19,0.0,89.47368421052632,-0.0938133962225504,0.0942030687789831
28,Nalbuphine,weak,19,10.526315789473683,5.263157894736842,-0.0914849125378854,0.0917461636140948
28,Naloxone,antagonist,19,26.31578947368421,5.263157894736842,-0.0882344129122834,0.0883395316717978
28,Naltrexone,antagonist,19,5.263157894736842,21.052631578947366,-0.0848397486446551,0.0850472018991877
28,PZM21,intermediate,19,0.0,31.57894736842105,-0.0925623982587858,0.0922349360906992
28,SR17018,strong,19,0.0,36.84210526315789,-0.0922056472818427,0.0924902322950269
28,TRV130,intermediate,19,0.0,63.1578947368421,-0.0861408612108664,0.0859939440757425
29,Buprenorphine,weak,19,5.263157894736842,10.526315789473683,-0.1113609576752473,0.11109641308379
29,Butorphanol,weak,19,5.263157894736842,5.263157894736842,-0.0801191611184618,0.0800647966675614
29,C6guano,strong,19,0.0,78.94736842105263,-0.0947407086689432,0.0946580524027358
29,Carfentanil,strong,19,0.0,42.10526315789473,-0.073569523017839,0.0734593326602058
29,DAMGO,strong,19,0.0,36.84210526315789,-0.0706493581082685,0.0704363723870284
29,Fentanyl,strong,19,0.0,73.68421052631578,-0.1135817353402551,0.113889572243734
29,MP,weak,19,0.0,15.789473684210526,-0.1049233218375642,0.1055544348762352
29,Methadone,intermediate,19,0.0,42.10526315789473,-0.1023794128819081,0.1022561647143245
29,Morphine,strong,19,0.0,42.10526315789473,-0.0938133962225504,0.0942030687789831
29,Nalbuphine,weak,19,0.0,0.0,-0.0914849125378854,0.0917461636140948
29,Naloxone,antagonist,19,21.052631578947366,0.0,-0.0882344129122834,0.0883395316717978
29,Naltrexone,antagonist,19,5.263157894736842,26.31578947368421,-0.0848397486446551,0.0850472018991877
29,PZM21,intermediate,19,0.0,57.89473684210527,-0.0925623982587858,0.0922349360906992
29,SR17018,strong,19,0.0,63.1578947368421,-0.0922056472818427,0.0924902322950269
29,TRV130,intermediate,19,0.0,21.052631578947366,-0.0861408612108664,0.0859939440757425
30,Buprenorphine,weak,19,0.0,0.0,-0.1113609576752473,0.11109641308379
30,Butorphanol,weak,19,0.0,10.526315789473683,-0.0801191611184618,0.0800647966675614
30,C6guano,strong,19,0.0,36.84210526315789,-0.0947407086689432,0.0946580524027358
30,Carfentanil,strong,19,0.0,31.57894736842105,-0.073569523017839,0.0734593326602058
30,DAMGO,strong,19,0.0,26.31578947368421,-0.0706493581082685,0.0704363723870284
30,Fentanyl,strong,19,0.0,94.73684210526316,-0.1135817353402551,0.113889572243734
30,MP,weak,19,0.0,31.57894736842105,-0.1049233218375642,0.1055544348762352
30,Methadone,intermediate,19,0.0,57.89473684210527,-0.1023794128819081,0.1022561647143245
30,Morphine,strong,19,0.0,42.10526315789473,-0.0938133962225504,0.0942030687789831
30,Nalbuphine,weak,19,0.0,0.0,-0.0914849125378854,0.0917461636140948
30,Naloxone,antagonist,19,0.0,0.0,-0.0882344129122834,0.0883395316717978
30,Naltrexone,antagonist,19,0.0,47.368421052631575,-0.0848397486446551,0.0850472018991877
30,PZM21,intermediate,19,0.0,52.63157894736842,-0.0925623982587858,0.0922349360906992
30,SR17018,strong,19,0.0,73.68421052631578,-0.0922056472818427,0.0924902322950269
30,TRV130,intermediate,19,0.0,52.63157894736842,-0.0861408612108664,0.0859939440757425
31,Buprenorphine,weak,19,0.0,10.526315789473683,-0.1113609576752473,0.11109641308379
31,Butorphanol,weak,19,0.0,10.526315789473683,-0.0801191611184618,0.0800647966675614
31,C6guano,strong,19,0.0,5.263157894736842,-0.0947407086689432,0.0946580524027358
31,Carfentanil,strong,19,0.0,15.789473684210526,-0.073569523017839,0.0734593326602058
31,DAMGO,strong,19,0.0,21.052631578947366,-0.0706493581082685,0.0704363723870284
31,Fentanyl,strong,19,0.0,68.42105263157895,-0.1135817353402551,0.113889572243734
31,MP,weak,19,0.0,36.84210526315789,-0.1049233218375642,0.1055544348762352
31,Methadone,intermediate,19,0.0,21.052631578947366,-0.1023794128819081,0.1022561647143245
31,Morphine,strong,19,0.0,26.31578947368421,-0.0938133962225504,0.0942030687789831
31,Nalbuphine,weak,19,0.0,0.0,-0.0914849125378854,0.0917461636140948
31,Naloxone,antagonist,19,0.0,0.0,-0.0882344129122834,0.0883395316717978
31,Naltrexone,antagonist,19,0.0,47.368421052631575,-0.0848397486446551,0.0850472018991877
31,PZM21,intermediate,19,0.0,57.89473684210527,-0.0925623982587858,0.0922349360906992
31,SR17018,strong,19,0.0,42.10526315789473,-0.0922056472818427,0.0924902322950269
31,TRV130,intermediate,19,21.052631578947366,5.263157894736842,-0.0861408612108664,0.0859939440757425
32,Buprenorphine,weak,19,0.0,15.789473684210526,-0.1113609576752473,0.11109641308379
32,Butorphanol,weak,19,5.263157894736842,26.31578947368421,-0.0801191611184618,0.0800647966675614
32,C6guano,strong,19,5.263157894736842,26.31578947368421,-0.0947407086689432,0.0946580524027358
32,Carfentanil,strong,19,10.526315789473683,10.526315789473683,-0.073569523017839,0.0734593326602058
32,DAMGO,strong,19,0.0,31.57894736842105,-0.0706493581082685,0.0704363723870284
32,Fentanyl,strong,19,0.0,94.73684210526316,-0.1135817353402551,0.113889572243734
32,MP,weak,19,0.0,10.526315789473683,-0.1049233218375642,0.1055544348762352
32,Methadone,intermediate,19,0.0,31.57894736842105,-0.1023794128819081,0.1022561647143245
32,Morphine,strong,19,0.0,57.89473684210527,-0.0938133962225504,0.0942030687789831
32,Nalbuphine,weak,19,5.263157894736842,5.263157894736842,-0.0914849125378854,0.0917461636140948
32,Naloxone,antagonist,19,15.789473684210526,0.0,-0.0882344129122834,0.0883395316717978
32,Naltrexone,antagonist,19,0.0,36.84210526315789,-0.0848397486446551,0.0850472018991877
32,PZM21,intermediate,19,0.0,21.052631578947366,-0.0925623982587858,0.0922349360906992
32,SR17018,strong,19,0.0,36.84210526315789,-0.0922056472818427,0.0924902322950269
32,TRV130,intermediate,19,0.0,15.789473684210526,-0.0861408612108664,0.0859939440757425
33,Buprenorphine,weak,19,0.0,10.526315789473683,-0.1113609576752473,0.11109641308379
33,Butorphanol,weak,19,10.526315789473683,10.526315789473683,-0.0801191611184618,0.0800647966675614
33,C6guano,strong,19,0.0,57.89473684210527,-0.0947407086689432,0.0946580524027358
33,Carfentanil,strong,19,5.263157894736842,52.63157894736842,-0.073569523017839,0.0734593326602058
33,DAMGO,strong,19,5.263157894736842,42.10526315789473,-0.0706493581082685,0.0704363723870284
33,Fentanyl,strong,19,0.0,89.47368421052632,-0.1135817353402551,0.113889572243734
33,MP,weak,19,0.0,26.31578947368421,-0.1049233218375642,0.1055544348762352
33,Methadone,intermediate,19,0.0,31.57894736842105,-0.1023794128819081,0.1022561647143245
33,Morphine,strong,19,0.0,73.68421052631578,-0.0938133962225504,0.0942030687789831
33,Nalbuphine,weak,19,5.263157894736842,5.263157894736842,-0.0914849125378854,0.0917461636140948
33,Naloxone,antagonist,19,5.263157894736842,0.0,-0.0882344129122834,0.0883395316717978
33,Naltrexone,antagonist,19,10.526315789473683,26.31578947368421,-0.0848397486446551,0.0850472018991877
33,PZM21,intermediate,19,0.0,31.57894736842105,-0.0925623982587858,0.0922349360906992
33,SR17018,strong,19,0.0,36.84210526315789,-0.0922056472818427,0.0924902322950269
33,TRV130,intermediate,19,0.0,36.84210526315789,-0.0861408612108664,0.0859939440757425
34,Buprenorphine,weak,19,0.0,0.0,-0.1113609576752473,0.11109641308379
34,Butorphanol,weak,19,5.263157894736842,5.263157894736842,-0.0801191611184618,0.0800647966675614
34,C6guano,strong,19,0.0,21.052631578947366,-0.0947407086689432,0.0946580524027358
34,Carfentanil,strong,19,5.263157894736842,31.57894736842105,-0.073569523017839,0.0734593326602058
34,DAMGO,strong,19,5.263157894736842,0.0,-0.0706493581082685,0.0704363723870284
34,Fentanyl,strong,19,0.0,78.94736842105263,-0.1135817353402551,0.113889572243734
34,MP,weak,19,0.0,10.526315789473683,-0.1049233218375642,0.1055544348762352
34,Methadone,intermediate,19,0.0,15.789473684210526,-0.1023794128819081,0.1022561647143245
34,Morphine,strong,19,0.0,36.84210526315789,-0.0938133962225504,0.0942030687789831
34,Nalbuphine,weak,19,21.052631578947366,0.0,-0.0914849125378854,0.0917461636140948
34,Naloxone,antagonist,19,15.789473684210526,10.526315789473683,-0.0882344129122834,0.0883395316717978
34,Naltrexone,antagonist,19,10.526315789473683,15.789473684210526,-0.0848397486446551,0.0850472018991877
34,PZM21,intermediate,19,0.0,31.57894736842105,-0.0925623982587858,0.0922349360906992
34,SR17018,strong,19,0.0,21.052631578947366,-0.0922056472818427,0.0924902322950269
34,TRV130,intermediate,19,5.263157894736842,10.526315789473683,-0.0861408612108664,0.0859939440757425
35,Buprenorphine,weak,19,0.0,5.263157894736842,-0.1113609576752473,0.11109641308379
35,Butorphanol,weak,19,5.263157894736842,5.263157894736842,-0.0801191611184618,0.0800647966675614
35,C6guano,strong,19,0.0,26.31578947368421,-0.0947407086689432,0.0946580524027358
35,Carfentanil,strong,19,0.0,31.57894736842105,-0.073569523017839,0.0734593326602058
35,DAMGO,strong,19,0.0,36.84210526315789,-0.0706493581082685,0.0704363723870284
35,Fentanyl,strong,19,0.0,68.42105263157895,-0.1135817353402551,0.113889572243734
35,MP,weak,19,5.263157894736842,21.052631578947366,-0.1049233218375642,0.1055544348762352
35,Methadone,intermediate,19,0.0,10.526315789473683,-0.1023794128819081,0.1022561647143245
35,Morphine,strong,19,0.0,57.89473684210527,-0.0938133962225504,0.0942030687789831
35,Nalbuphine,weak,19,0.0,0.0,-0.0914849125378854,0.0917461636140948
35,Naloxone,antagonist,19,5.263157894736842,15.789473684210526,-0.0882344129122834,0.0883395316717978
35,Naltrexone,antagonist,19,0.0,21.052631578947366,-0.0848397486446551,0.0850472018991877
35,PZM21,intermediate,19,0.0,10.526315789473683,-0.0925623982587858,0.0922349360906992
35,SR17018,strong,19,0.0,26.31578947368421,-0.0922056472818427,0.0924902322950269
35,TRV130,intermediate,19,0.0,47.368421052631575,-0.0861408612108664,0.0859939440757425
36,Buprenorphine,weak,19,5.263157894736842,0.0,-0.1113609576752473,0.11109641308379
36,Butorphanol,weak,19,5.263157894736842,5.263157894736842,-0.0801191611184618,0.0800647966675614
36,C6guano,strong,19,0.0,26.31578947368421,-0.0947407086689432,0.0946580524027358
36,Carfentanil,strong,19,0.0,21.052631578947366,-0.073569523017839,0.0734593326602058
36,DAMGO,strong,19,5.263157894736842,47.368421052631575,-0.0706493581082685,0.0704363723870284
36,Fentanyl,strong,19,0.0,63.1578947368421,-0.1135817353402551,0.113889572243734
36,MP,weak,19,0.0,36.84210526315789,-0.1049233218375642,0.1055544348762352
36,Methadone,intermediate,19,0.0,15.789473684210526,-0.1023794128819081,0.1022561647143245
36,Morphine,strong,19,0.0,57.89473684210527,-0.0938133962225504,0.0942030687789831
36,Nalbuphine,weak,19,0.0,5.263157894736842,-0.0914849125378854,0.0917461636140948
36,Naloxone,antagonist,19,5.263157894736842,10.526315789473683,-0.0882344129122834,0.0883395316717978
36,Naltrexone,antagonist,19,0.0,15.789473684210526,-0.0848397486446551,0.0850472018991877
36,PZM21,intermediate,19,0.0,47.368421052631575,-0.0925623982587858,0.0922349360906992
36,SR17018,strong,19,0.0,21.052631578947366,-0.0922056472818427,0.0924902322950269
36,TRV130,intermediate,19,0.0,31.57894736842105,-0.0861408612108664,0.0859939440757425
37,Buprenorphine,weak,17,0.0,0.0,-0.1113609576752473,0.11109641308379
37,Butorphanol,weak,17,0.0,11.76470588235294,-0.0801191611184618,0.0800647966675614
37,C6guano,strong,17,0.0,0.0,-0.0947407086689432,0.0946580524027358
37,Carfentanil,strong,17,0.0,11.76470588235294,-0.073569523017839,0.0734593326602058
37,DAMGO,strong,17,5.88235294117647,17.647058823529413,-0.0706493581082685,0.0704363723870284
37,Fentanyl,strong,17,0.0,23.52941176470588,-0.1135817353402551,0.113889572243734
37,MP,weak,17,0.0,5.88235294117647,-0.1049233218375642,0.1055544348762352
37,Methadone,intermediate,17,0.0,23.52941176470588,-0.1023794128819081,0.1022561647143245
37,Morphine,strong,17,0.0,41.17647058823529,-0.0938133962225504,0.0942030687789831
37,Nalbuphine,weak,17,0.0,0.0,-0.0914849125378854,0.0917461636140948
37,Naloxone,antagonist,17,0.0,0.0,-0.0882344129122834,0.0883395316717978
37,Naltrexone,antagonist,17,0.0,17.647058823529413,-0.0848397486446551,0.0850472018991877
37,PZM21,intermediate,17,0.0,58.82352941176471,-0.0925623982587858,0.0922349360906992
37,SR17018,strong,17,0.0,29.411764705882355,-0.0922056472818427,0.0924902322950269
37,TRV130,intermediate,17,5.88235294117647,11.76470588235294,-0.0861408612108664,0.0859939440757425
38,Buprenorphine,weak,19,0.0,15.789473684210526,-0.1113609576752473,0.11109641308379
38,Butorphanol,weak,19,15.789473684210526,0.0,-0.0801191611184618,0.0800647966675614
38,C6guano,strong,19,0.0,21.052631578947366,-0.0947407086689432,0.0946580524027358
38,Carfentanil,strong,19,10.526315789473683,21.052631578947366,-0.073569523017839,0.0734593326602058
38,DAMGO,strong,19,5.263157894736842,21.052631578947366,-0.0706493581082685,0.0704363723870284
38,Fentanyl,strong,19,0.0,68.42105263157895,-0.1135817353402551,0.113889572243734
38,MP,weak,19,0.0,10.526315789473683,-0.1049233218375642,0.1055544348762352
38,Methadone,intermediate,19,0.0,15.789473684210526,-0.1023794128819081,0.1022561647143245
38,Morphine,strong,19,0.0,63.1578947368421,-0.0938133962225504,0.0942030687789831
38,Nalbuphine,weak,19,10.526315789473683,0.0,-0.0914849125378854,0.0917461636140948
38,Naloxone,antagonist,19,42.10526315789473,0.0,-0.0882344129122834,0.0883395316717978
38,Naltrexone,antagonist,19,5.263157894736842,15.789473684210526,-0.0848397486446551,0.0850472018991877
38,PZM21,intermediate,19,0.0,42.10526315789473,-0.0925623982587858,0.0922349360906992
38,SR17018,strong,19,5.263157894736842,15.789473684210526,-0.0922056472818427,0.0924902322950269
38,TRV130,intermediate,19,0.0,21.052631578947366,-0.0861408612108664,0.0859939440757425
39,Buprenorphine,weak,19,0.0,10.526315789473683,-0.1113609576752473,0.11109641308379
39,Butorphanol,weak,19,10.526315789473683,10.526315789473683,-0.0801191611184618,0.0800647966675614
39,C6guano,strong,19,10.526315789473683,31.57894736842105,-0.0947407086689432,0.0946580524027358
39,Carfentanil,strong,19,5.263157894736842,21.052631578947366,-0.073569523017839,0.0734593326602058
39,DAMGO,strong,19,0.0,21.052631578947366,-0.0706493581082685,0.0704363723870284
39,Fentanyl,strong,19,0.0,78.94736842105263,-0.1135817353402551,0.113889572243734
39,MP,weak,19,21.052631578947366,0.0,-0.1049233218375642,0.1055544348762352
39,Methadone,intermediate,19,0.0,31.57894736842105,-0.1023794128819081,0.1022561647143245
39,Morphine,strong,19,0.0,42.10526315789473,-0.0938133962225504,0.0942030687789831
39,Nalbuphine,weak,19,0.0,5.263157894736842,-0.0914849125378854,0.0917461636140948
39,Naloxone,antagonist,19,15.789473684210526,5.263157894736842,-0.0882344129122834,0.0883395316717978
39,Naltrexone,antagonist,19,0.0,15.789473684210526,-0.0848397486446551,0.0850472018991877
39,PZM21,intermediate,19,5.263157894736842,47.368421052631575,-0.0925623982587858,0.0922349360906992
39,SR17018,strong,19,0.0,47.368421052631575,-0.0922056472818427,0.0924902322950269
39,TRV130,intermediate,19,5.263157894736842,21.052631578947366,-0.0861408612108664,0.0859939440757425
40,Buprenorphine,weak,19,21.052631578947366,0.0,-0.1113609576752473,0.11109641308379
40,Butorphanol,weak,19,10.526315789473683,0.0,-0.0801191611184618,0.0800647966675614
40,C6guano,strong,19,0.0,21.052631578947366,-0.0947407086689432,0.0946580524027358
40,Carfentanil,strong,19,0.0,15.789473684210526,-0.073569523017839,0.0734593326602058
40,DAMGO,strong,19,10.526315789473683,5.263157894736842,-0.0706493581082685,0.0704363723870284
40,Fentanyl,strong,19,0.0,42.10526315789473,-0.1135817353402551,0.113889572243734
40,MP,weak,19,0.0,5.263157894736842,-0.1049233218375642,0.1055544348762352
40,Methadone,intermediate,19,0.0,5.263157894736842,-0.1023794128819081,0.1022561647143245
40,Morphine,strong,19,5.263157894736842,10.526315789473683,-0.0938133962225504,0.0942030687789831
40,Nalbuphine,weak,19,10.526315789473683,0.0,-0.0914849125378854,0.0917461636140948
40,Naloxone,antagonist,19,15.789473684210526,0.0,-0.0882344129122834,0.0883395316717978
40,Naltrexone,antagonist,19,5.263157894736842,5.263157894736842,-0.0848397486446551,0.0850472018991877
40,PZM21,intermediate,19,0.0,36.84210526315789,-0.0925623982587858,0.0922349360906992
40,SR17018,strong,19,0.0,5.263157894736842,-0.0922056472818427,0.0924902322950269
40,TRV130,intermediate,19,0.0,31.57894736842105,-0.0861408612108664,0.0859939440757425
41,Buprenorphine,weak,19,0.0,5.263157894736842,-0.1113609576752473,0.11109641308379
41,Butorphanol,weak,19,0.0,0.0,-0.0801191611184618,0.0800647966675614
41,C6guano,strong,19,5.263157894736842,52.63157894736842,-0.0947407086689432,0.0946580524027358
41,Carfentanil,strong,19,5.263157894736842,21.052631578947366,-0.073569523017839,0.0734593326602058
41,DAMGO,strong,19,0.0,26.31578947368421,-0.0706493581082685,0.0704363723870284
41,Fentanyl,strong,19,0.0,89.47368421052632,-0.1135817353402551,0.113889572243734
41,MP,weak,19,0.0,36.84210526315789,-0.1049233218375642,0.1055544348762352
41,Methadone,intermediate,19,5.263157894736842,0.0,-0.1023794128819081,0.1022561647143245
41,Morphine,strong,19,0.0,63.1578947368421,-0.0938133962225504,0.0942030687789831
41,Nalbuphine,weak,19,0.0,5.263157894736842,-0.0914849125378854,0.0917461636140948
41,Naloxone,antagonist,19,15.789473684210526,5.263157894736842,-0.0882344129122834,0.0883395316717978
41,Naltrexone,antagonist,19,0.0,21.052631578947366,-0.0848397486446551,0.0850472018991877
41,PZM21,intermediate,19,0.0,47.368421052631575,-0.0925623982587858,0.0922349360906992
41,SR17018,strong,19,0.0,31.57894736842105,-0.0922056472818427,0.0924902322950269
41,TRV130,intermediate,19,5.263157894736842,21.052631578947366,-0.0861408612108664,0.0859939440757425
42,Buprenorphine,weak,19,0.0,5.263157894736842,-0.1113609576752473,0.11109641308379
42,Butorphanol,weak,19,5.263157894736842,0.0,-0.0801191611184618,0.0800647966675614
42,C6guano,strong,19,0.0,10.526315789473683,-0.0947407086689432,0.0946580524027358
42,Carfentanil,strong,19,0.0,15.789473684210526,-0.073569523017839,0.0734593326602058
42,DAMGO,strong,19,5.263157894736842,21.052631578947366,-0.0706493581082685,0.0704363723870284
42,Fentanyl,strong,19,0.0,57.89473684210527,-0.1135817353402551,0.113889572243734
42,MP,weak,19,0.0,5.263157894736842,-0.1049233218375642,0.1055544348762352
42,Methadone,intermediate,19,0.0,10.526315789473683,-0.1023794128819081,0.1022561647143245
42,Morphine,strong,19,0.0,52.63157894736842,-0.0938133962225504,0.0942030687789831
42,Nalbuphine,weak,19,21.052631578947366,5.263157894736842,-0.0914849125378854,0.0917461636140948
42,Naloxone,antagonist,19,10.526315789473683,5.263157894736842,-0.0882344129122834,0.0883395316717978
42,Naltrexone,antagonist,19,0.0,10.526315789473683,-0.0848397486446551,0.0850472018991877
42,PZM21,intermediate,19,0.0,36.84210526315789,-0.0925623982587858,0.0922349360906992
42,SR17018,strong,19,0.0,10.526315789473683,-0.0922056472818427,0.0924902322950269
42,TRV130,intermediate,19,15.789473684210526,10.526315789473683,-0.0861408612108664,0.0859939440757425
43,Buprenorphine,weak,19,0.0,5.263157894736842,-0.1113609576752473,0.11109641308379
43,Butorphanol,weak,19,15.789473684210526,0.0,-0.0801191611184618,0.0800647966675614
43,C6guano,strong,19,0.0,26.31578947368421,-0.0947407086689432,0.0946580524027358
43,Carfentanil,strong,19,5.263157894736842,31.57894736842105,-0.073569523017839,0.0734593326602058
43,DAMGO,strong,19,0.0,36.84210526315789,-0.0706493581082685,0.0704363723870284
43,Fentanyl,strong,19,0.0,84.21052631578947,-0.1135817353402551,0.113889572243734
43,MP,weak,19,0.0,0.0,-0.1049233218375642,0.1055544348762352
43,Methadone,intermediate,19,0.0,5.263157894736842,-0.1023794128819081,0.1022561647143245
43,Morphine,strong,19,0.0,57.89473684210527,-0.0938133962225504,0.0942030687789831
43,Nalbuphine,weak,19,0.0,0.0,-0.0914849125378854,0.0917461636140948
43,Naloxone,antagonist,19,26.31578947368421,0.0,-0.0882344129122834,0.0883395316717978
43,Naltrexone,antagonist,19,0.0,21.052631578947366,-0.0848397486446551,0.0850472018991877
43,PZM21,intermediate,19,0.0,36.84210526315789,-0.0925623982587858,0.0922349360906992
43,SR17018,strong,19,0.0,26.31578947368421,-0.0922056472818427,0.0924902322950269
43,TRV130,intermediate,19,0.0,10.526315789473683,-0.0861408612108664,0.0859939440757425
44,Buprenorphine,weak,19,0.0,5.263157894736842,-0.1113609576752473,0.11109641308379
44,Butorphanol,weak,19,0.0,5.263157894736842,-0.0801191611184618,0.0800647966675614
44,C6guano,strong,19,0.0,31.57894736842105,-0.0947407086689432,0.0946580524027358
44,Carfentanil,strong,19,0.0,15.789473684210526,-0.073569523017839,0.0734593326602058
44,DAMGO,strong,19,0.0,10.526315789473683,-0.0706493581082685,0.0704363723870284
44,Fentanyl,strong,19,0.0,47.368421052631575,-0.1135817353402551,0.113889572243734
44,MP,weak,19,0.0,10.526315789473683,-0.1049233218375642,0.1055544348762352
44,Methadone,intermediate,19,0.0,15.789473684210526,-0.1023794128819081,0.1022561647143245
44,Morphine,strong,19,0.0,47.368421052631575,-0.0938133962225504,0.0942030687789831
44,Nalbuphine,weak,19,15.789473684210526,5.263157894736842,-0.0914849125378854,0.0917461636140948
44,Naloxone,antagonist,19,10.526315789473683,0.0,-0.0882344129122834,0.0883395316717978
44,Naltrexone,antagonist,19,0.0,10.526315789473683,-0.0848397486446551,0.0850472018991877
44,PZM21,intermediate,19,0.0,31.57894736842105,-0.0925623982587858,0.0922349360906992
44,SR17018,strong,19,0.0,36.84210526315789,-0.0922056472818427,0.0924902322950269
44,TRV130,intermediate,19,0.0,31.57894736842105,-0.0861408612108664,0.0859939440757425
45,Buprenorphine,weak,19,0.0,10.526315789473683,-0.1113609576752473,0.11109641308379
45,Butorphanol,weak,19,21.052631578947366,0.0,-0.0801191611184618,0.0800647966675614
45,C6guano,strong,19,0.0,21.052631578947366,-0.0947407086689432,0.0946580524027358
45,Carfentanil,strong,19,0.0,10.526315789473683,-0.073569523017839,0.0734593326602058
45,DAMGO,strong,19,5.263157894736842,10.526315789473683,-0.0706493581082685,0.0704363723870284
45,Fentanyl,strong,19,0.0,57.89473684210527,-0.1135817353402551,0.113889572243734
45,MP,weak,19,15.789473684210526,5.263157894736842,-0.1049233218375642,0.1055544348762352
45,Methadone,intermediate,19,10.526315789473683,0.0,-0.1023794128819081,0.1022561647143245
45,Morphine,strong,19,5.263157894736842,31.57894736842105,-0.0938133962225504,0.0942030687789831
45,Nalbuphine,weak,19,36.84210526315789,0.0,-0.0914849125378854,0.0917461636140948
45,Naloxone,antagonist,19,15.789473684210526,0.0,-0.0882344129122834,0.0883395316717978
45,Naltrexone,antagonist,19,15.789473684210526,0.0,-0.0848397486446551,0.0850472018991877
45,PZM21,intermediate,19,0.0,36.84210526315789,-0.0925623982587858,0.0922349360906992
45,SR17018,strong,19,0.0,15.789473684210526,-0.0922056472818427,0.0924902322950269
45,TRV130,intermediate,19,5.263157894736842,5.263157894736842,-0.0861408612108664,0.0859939440757425
46,Buprenorphine,weak,19,0.0,0.0,-0.1113609576752473,0.11109641308379
46,Butorphanol,weak,19,0.0,5.263157894736842,-0.0801191611184618,0.0800647966675614
46,C6guano,strong,19,0.0,57.89473684210527,-0.0947407086689432,0.0946580524027358
46,Carfentanil,strong,19,0.0,42.10526315789473,-0.073569523017839,0.0734593326602058
46,DAMGO,strong,19,0.0,36.84210526315789,-0.0706493581082685,0.0704363723870284
46,Fentanyl,strong,19,0.0,57.89473684210527,-0.1135817353402551,0.113889572243734
46,MP,weak,19,0.0,10.526315789473683,-0.1049233218375642,0.1055544348762352
46,Methadone,intermediate,19,0.0,21.052631578947366,-0.1023794128819081,0.1022561647143245
46,Morphine,strong,19,0.0,47.368421052631575,-0.0938133962225504,0.0942030687789831
46,Nalbuphine,weak,19,0.0,0.0,-0.0914849125378854,0.0917461636140948
46,Naloxone,antagonist,19,5.263157894736842,5.263157894736842,-0.0882344129122834,0.0883395316717978
46,Naltrexone,antagonist,19,0.0,5.263157894736842,-0.0848397486446551,0.0850472018991877
46,PZM21,intermediate,19,0.0,21.052631578947366,-0.0925623982587858,0.0922349360906992
46,SR17018,strong,19,0.0,63.1578947368421,-0.0922056472818427,0.0924902322950269
46,TRV130,intermediate,19,0.0,42.10526315789473,-0.0861408612108664,0.0859939440757425
47,Buprenorphine,weak,19,0.0,5.263157894736842,-0.1113609576752473,0.11109641308379
47,Butorphanol,weak,19,0.0,10.526315789473683,-0.0801191611184618,0.0800647966675614
47,C6guano,strong,19,5.263157894736842,57.89473684210527,-0.0947407086689432,0.0946580524027358
47,Carfentanil,strong,19,0.0,47.368421052631575,-0.073569523017839,0.0734593326602058
47,DAMGO,strong,19,0.0,21.052631578947366,-0.0706493581082685,0.0704363723870284
47,Fentanyl,strong,19,0.0,31.57894736842105,-0.1135817353402551,0.113889572243734
47,MP,weak,19,0.0,21.052631578947366,-0.1049233218375642,0.1055544348762352
47,Methadone,intermediate,19,0.0,26.31578947368421,-0.1023794128819081,0.1022561647143245
47,Morphine,strong,19,5.263157894736842,63.1578947368421,-0.0938133962225504,0.0942030687789831
47,Nalbuphine,weak,19,5.263157894736842,0.0,-0.0914849125378854,0.0917461636140948
47,Naloxone,antagonist,19,10.526315789473683,0.0,-0.0882344129122834,0.0883395316717978
47,Naltrexone,antagonist,19,0.0,26.31578947368421,-0.0848397486446551,0.0850472018991877
47,PZM21,intermediate,19,0.0,47.368421052631575,-0.0925623982587858,0.0922349360906992
47,SR17018,strong,19,0.0,15.789473684210526,-0.0922056472818427,0.0924902322950269
47,TRV130,intermediate,19,0.0,10.526315789473683,-0.0861408612108664,0.0859939440757425
48,Buprenorphine,weak,19,0.0,0.0,-0.1113609576752473,0.11109641308379
48,Butorphanol,weak,19,10.526315789473683,0.0,-0.0801191611184618,0.0800647966675614
48,C6guano,strong,19,0.0,21.052631578947366,-0.0947407086689432,0.0946580524027358
48,Carfentanil,strong,19,5.263157894736842,10.526315789473683,-0.073569523017839,0.0734593326602058
48,DAMGO,strong,19,0.0,15.789473684210526,-0.0706493581082685,0.0704363723870284
48,Fentanyl,strong,19,0.0,42.10526315789473,-0.1135817353402551,0.113889572243734
48,MP,weak,19,10.526315789473683,15.789473684210526,-0.1049233218375642,0.1055544348762352
48,Methadone,intermediate,19,5.263157894736842,10.526315789473683,-0.1023794128819081,0.1022561647143245
48,Morphine,strong,19,0.0,5.263157894736842,-0.0938133962225504,0.0942030687789831
48,Nalbuphine,weak,19,15.789473684210526,0.0,-0.0914849125378854,0.0917461636140948
48,Naloxone,antagonist,19,42.10526315789473,0.0,-0.0882344129122834,0.0883395316717978
48,Naltrexone,antagonist,19,15.789473684210526,15.789473684210526,-0.0848397486446551,0.0850472018991877
48,PZM21,intermediate,19,0.0,15.789473684210526,-0.0925623982587858,0.0922349360906992
48,SR17018,strong,19,0.0,5.263157894736842,-0.0922056472818427,0.0924902322950269
48,TRV130,intermediate,19,0.0,0.0,-0.0861408612108664,0.0859939440757425
49,Buprenorphine,weak,19,10.526315789473683,5.263157894736842,-0.1113609576752473,0.11109641308379
49,Butorphanol,weak,19,0.0,5.263157894736842,-0.0801191611184618,0.0800647966675614
49,C6guano,strong,19,0.0,10.526315789473683,-0.0947407086689432,0.0946580524027358
49,Carfentanil,strong,19,0.0,42.10526315789473,-0.073569523017839,0.0734593326602058
49,DAMGO,strong,19,0.0,26.31578947368421,-0.0706493581082685,0.0704363723870284
49,Fentanyl,strong,19,0.0,26.31578947368421,-0.1135817353402551,0.113889572243734
49,MP,weak,19,10.526315789473683,0.0,-0.1049233218375642,0.1055544348762352
49,Methadone,intermediate,19,15.789473684210526,10.526315789473683,-0.1023794128819081,0.1022561647143245
49,Morphine,strong,19,0.0,15.789473684210526,-0.0938133962225504,0.0942030687789831
49,Nalbuphine,weak,19,10.526315789473683,5.263157894736842,-0.0914849125378854,0.0917461636140948
49,Naloxone,antagonist,19,21.052631578947366,15.789473684210526,-0.0882344129122834,0.0883395316717978
49,Naltrexone,antagonist,19,0.0,10.526315789473683,-0.0848397486446551,0.0850472018991877
49,PZM21,intermediate,19,0.0,15.789473684210526,-0.0925623982587858,0.0922349360906992
49,SR17018,strong,19,5.263157894736842,15.789473684210526,-0.0922056472818427,0.0924902322950269
49,TRV130,intermediate,19,0.0,10.526315789473683,-0.0861408612108664,0.0859939440757425
50,Buprenorphine,weak,19,0.0,21.052631578947366,-0.1113609576752473,0.11109641308379
50,Butorphanol,weak,19,5.263157894736842,0.0,-0.0801191611184618,0.0800647966675614
50,C6guano,strong,19,21.052631578947366,31.57894736842105,-0.0947407086689432,0.0946580524027358
50,Carfentanil,strong,19,0.0,5.263157894736842,-0.073569523017839,0.0734593326602058
50,DAMGO,strong,19,0.0,21.052631578947366,-0.0706493581082685,0.0704363723870284
50,Fentanyl,strong,19,0.0,47.368421052631575,-0.1135817353402551,0.113889572243734
50,MP,weak,19,10.526315789473683,0.0,-0.1049233218375642,0.1055544348762352
50,Methadone,intermediate,19,0.0,21.052631578947366,-0.1023794128819081,0.1022561647143245
50,Morphine,strong,19,0.0,36.84210526315789,-0.0938133962225504,0.0942030687789831
50,Nalbuphine,weak,19,10.526315789473683,0.0,-0.0914849125378854,0.0917461636140948
50,Naloxone,antagonist,19,5.263157894736842,0.0,-0.0882344129122834,0.0883395316717978
50,Naltrexone,antagonist,19,0.0,31.57894736842105,-0.0848397486446551,0.0850472018991877
50,PZM21,intermediate,19,0.0,10.526315789473683,-0.0925623982587858,0.0922349360906992
50,SR17018,strong,19,0.0,26.31578947368421,-0.0922056472818427,0.0924902322950269
50,TRV130,intermediate,19,15.789473684210526,31.57894736842105,-0.0861408612108664,0.0859939440757425
51,Buprenorphine,weak,19,0.0,0.0,-0.1113609576752473,0.11109641308379
51,Butorphanol,weak,19,0.0,10.526315789473683,-0.0801191611184618,0.0800647966675614
51,C6guano,strong,19,0.0,36.84210526315789,-0.0947407086689432,0.0946580524027358
51,Carfentanil,strong,19,0.0,10.526315789473683,-0.073569523017839,0.0734593326602058
51,DAMGO,strong,19,0.0,15.789473684210526,-0.0706493581082685,0.0704363723870284
51,Fentanyl,strong,19,0.0,47.368421052631575,-0.1135817353402551,0.113889572243734
51,MP,weak,19,5.263157894736842,26.31578947368421,-0.1049233218375642,0.1055544348762352
51,Methadone,intermediate,19,0.0,21.052631578947366,-0.1023794128819081,0.1022561647143245
51,Morphine,strong,19,0.0,52.63157894736842,-0.0938133962225504,0.0942030687789831
51,Nalbuphine,weak,19,0.0,0.0,-0.0914849125378854,0.0917461636140948
51,Naloxone,antagonist,19,15.789473684210526,10.526315789473683,-0.0882344129122834,0.0883395316717978
51,Naltrexone,antagonist,19,0.0,36.84210526315789,-0.0848397486446551,0.0850472018991877
51,PZM21,intermediate,19,5.263157894736842,10.526315789473683,-0.0925623982587858,0.0922349360906992
51,SR17018,strong,19,5.263157894736842,21.052631578947366,-0.0922056472818427,0.0924902322950269
51,TRV130,intermediate,19,0.0,47.368421052631575,-0.0861408612108664,0.0859939440757425
52,Buprenorphine,weak,19,0.0,0.0,-0.1113609576752473,0.11109641308379
52,Butorphanol,weak,19,0.0,10.526315789473683,-0.0801191611184618,0.0800647966675614
52,C6guano,strong,19,0.0,5.263157894736842,-0.0947407086689432,0.0946580524027358
52,Carfentanil,strong,19,0.0,21.052631578947366,-0.073569523017839,0.0734593326602058
52,DAMGO,strong,19,5.263157894736842,15.789473684210526,-0.0706493581082685,0.0704363723870284
52,Fentanyl,strong,19,0.0,36.84210526315789,-0.1135817353402551,0.113889572243734
52,MP,weak,19,0.0,5.263157894736842,-0.1049233218375642,0.1055544348762352
52,Methadone,intermediate,19,0.0,10.526315789473683,-0.1023794128819081,0.1022561647143245
52,Morphine,strong,19,0.0,63.1578947368421,-0.0938133962225504,0.0942030687789831
52,Nalbuphine,weak,19,10.526315789473683,0.0,-0.0914849125378854,0.0917461636140948
52,Naloxone,antagonist,19,10.526315789473683,10.526315789473683,-0.0882344129122834,0.0883395316717978
52,Naltrexone,antagonist,19,5.263157894736842,26.31578947368421,-0.0848397486446551,0.0850472018991877
52,PZM21,intermediate,19,0.0,31.57894736842105,-0.0925623982587858,0.0922349360906992
52,SR17018,strong,19,0.0,31.57894736842105,-0.0922056472818427,0.0924902322950269
52,TRV130,intermediate,19,0.0,10.526315789473683,-0.0861408612108664,0.0859939440757425
53,Buprenorphine,weak,19,0.0,0.0,-0.1113609576752473,0.11109641308379
53,Butorphanol,weak,19,0.0,26.31578947368421,-0.0801191611184618,0.0800647966675614
53,C6guano,strong,19,10.526315789473683,0.0,-0.0947407086689432,0.0946580524027358
53,Carfentanil,strong,19,10.526315789473683,31.57894736842105,-0.073569523017839,0.0734593326602058
53,DAMGO,strong,19,0.0,0.0,-0.0706493581082685,0.0704363723870284
53,Fentanyl,strong,19,0.0,57.89473684210527,-0.1135817353402551,0.113889572243734
53,MP,weak,19,0.0,21.052631578947366,-0.1049233218375642,0.1055544348762352
53,Methadone,intermediate,19,5.263157894736842,15.789473684210526,-0.1023794128819081,0.1022561647143245
53,Morphine,strong,19,0.0,21.052631578947366,-0.0938133962225504,0.0942030687789831
53,Nalbuphine,weak,19,15.789473684210526,5.263157894736842,-0.0914849125378854,0.0917461636140948
53,Naloxone,antagonist,19,15.789473684210526,0.0,-0.0882344129122834,0.0883395316717978
53,Naltrexone,antagonist,19,5.263157894736842,42.10526315789473,-0.0848397486446551,0.0850472018991877
53,PZM21,intermediate,19,0.0,15.789473684210526,-0.0925623982587858,0.0922349360906992
53,SR17018,strong,19,5.263157894736842,10.526315789473683,-0.0922056472818427,0.0924902322950269
53,TRV130,intermediate,19,5.263157894736842,15.789473684210526,-0.0861408612108664,0.0859939440757425
54,Buprenorphine,weak,19,5.263157894736842,0.0,-0.1113609576752473,0.11109641308379
54,Butorphanol,weak,19,5.263157894736842,5.263157894736842,-0.0801191611184618,0.0800647966675614
54,C6guano,strong,19,0.0,26.31578947368421,-0.0947407086689432,0.0946580524027358
54,Carfentanil,strong,19,15.789473684210526,31.57894736842105,-0.073569523017839,0.0734593326602058
54,DAMGO,strong,19,0.0,15.789473684210526,-0.0706493581082685,0.0704363723870284
54,Fentanyl,strong,19,0.0,36.84210526315789,-0.1135817353402551,0.113889572243734
54,MP,weak,19,5.263157894736842,5.263157894736842,-0.1049233218375642,0.1055544348762352
54,Methadone,intermediate,19,5.263157894736842,21.052631578947366,-0.1023794128819081,0.1022561647143245
54,Morphine,strong,19,0.0,15.789473684210526,-0.0938133962225504,0.0942030687789831
54,Nalbuphine,weak,19,36.84210526315789,0.0,-0.0914849125378854,0.0917461636140948
54,Naloxone,antagonist,19,26.31578947368421,10.526315789473683,-0.0882344129122834,0.0883395316717978
54,Naltrexone,antagonist,19,5.263157894736842,5.263157894736842,-0.0848397486446551,0.0850472018991877
54,PZM21,intermediate,19,0.0,31.57894736842105,-0.0925623982587858,0.0922349360906992
54,SR17018,strong,19,5.263157894736842,0.0,-0.0922056472818427,0.0924902322950269
54,TRV130,intermediate,19,15.789473684210526,0.0,-0.0861408612108664,0.0859939440757425
55,Buprenorphine,weak,19,10.526315789473683,0.0,-0.1113609576752473,0.11109641308379
55,Butorphanol,weak,19,0.0,52.63157894736842,-0.0801191611184618,0.0800647966675614
55,C6guano,strong,19,5.263157894736842,26.31578947368421,-0.0947407086689432,0.0946580524027358
55,Carfentanil,strong,19,0.0,36.84210526315789,-0.073569523017839,0.0734593326602058
55,DAMGO,strong,19,0.0,26.31578947368421,-0.0706493581082685,0.0704363723870284
55,Fentanyl,strong,19,0.0,63.1578947368421,-0.1135817353402551,0.113889572243734
55,MP,weak,19,0.0,57.89473684210527,-0.1049233218375642,0.1055544348762352
55,Methadone,intermediate,19,0.0,15.789473684210526,-0.1023794128819081,0.1022561647143245
55,Morphine,strong,19,0.0,42.10526315789473,-0.0938133962225504,0.0942030687789831
55,Nalbuphine,weak,19,5.263157894736842,5.263157894736842,-0.0914849125378854,0.0917461636140948
55,Naloxone,antagonist,19,15.789473684210526,21.052631578947366,-0.0882344129122834,0.0883395316717978
55,Naltrexone,antagonist,19,0.0,21.052631578947366,-0.0848397486446551,0.0850472018991877
55,PZM21,intermediate,19,10.526315789473683,15.789473684210526,-0.0925623982587858,0.0922349360906992
55,SR17018,strong,19,0.0,47.368421052631575,-0.0922056472818427,0.0924902322950269
55,TRV130,intermediate,19,15.789473684210526,15.789473684210526,-0.0861408612108664,0.0859939440757425
56,Buprenorphine,weak,19,26.31578947368421,10.526315789473683,-0.1113609576752473,0.11109641308379
56,Butorphanol,weak,19,15.789473684210526,21.052631578947366,-0.0801191611184618,0.0800647966675614
56,C6guano,strong,19,0.0,31.57894736842105,-0.0947407086689432,0.0946580524027358
56,Carfentanil,strong,19,0.0,21.052631578947366,-0.073569523017839,0.0734593326602058
56,DAMGO,strong,19,15.789473684210526,10.526315789473683,-0.0706493581082685,0.0704363723870284
56,Fentanyl,strong,19,0.0,21.052631578947366,-0.1135817353402551,0.113889572243734
56,MP,weak,19,5.263157894736842,5.263157894736842,-0.1049233218375642,0.1055544348762352
56,Methadone,intermediate,19,5.263157894736842,10.526315789473683,-0.1023794128819081,0.1022561647143245
56,Morphine,strong,19,0.0,31.57894736842105,-0.0938133962225504,0.0942030687789831
56,Nalbuphine,weak,19,15.789473684210526,0.0,-0.0914849125378854,0.0917461636140948
56,Naloxone,antagonist,19,15.789473684210526,21.052631578947366,-0.0882344129122834,0.0883395316717978
56,Naltrexone,antagonist,19,5.263157894736842,15.789473684210526,-0.0848397486446551,0.0850472018991877
56,PZM21,intermediate,19,5.263157894736842,26.31578947368421,-0.0925623982587858,0.0922349360906992
56,SR17018,strong,19,5.263157894736842,10.526315789473683,-0.0922056472818427,0.0924902322950269
56,TRV130,intermediate,19,5.263157894736842,31.57894736842105,-0.0861408612108664,0.0859939440757425
57,Buprenorphine,weak,19,0.0,15.789473684210526,-0.1113609576752473,0.11109641308379
57,Butorphanol,weak,19,5.263157894736842,15.789473684210526,-0.0801191611184618,0.0800647966675614
57,C6guano,strong,19,0.0,31.57894736842105,-0.0947407086689432,0.0946580524027358
57,Carfentanil,strong,19,0.0,21.052631578947366,-0.073569523017839,0.0734593326602058
57,DAMGO,strong,19,0.0,15.789473684210526,-0.0706493581082685,0.0704363723870284
57,Fentanyl,strong,19,0.0,68.42105263157895,-0.1135817353402551,0.113889572243734
57,MP,weak,19,0.0,42.10526315789473,-0.1049233218375642,0.1055544348762352
57,Methadone,intermediate,19,0.0,31.57894736842105,-0.1023794128819081,0.1022561647143245
57,Morphine,strong,19,0.0,21.052631578947366,-0.0938133962225504,0.0942030687789831
57,Nalbuphine,weak,19,0.0,10.526315789473683,-0.0914849125378854,0.0917461636140948
57,Naloxone,antagonist,19,10.526315789473683,0.0,-0.0882344129122834,0.0883395316717978
57,Naltrexone,antagonist,19,0.0,21.052631578947366,-0.0848397486446551,0.0850472018991877
57,PZM21,intermediate,19,0.0,15.789473684210526,-0.0925623982587858,0.0922349360906992
57,SR17018,strong,19,0.0,36.84210526315789,-0.0922056472818427,0.0924902322950269
57,TRV130,intermediate,19,0.0,26.31578947368421,-0.0861408612108664,0.0859939440757425
58,Buprenorphine,weak,19,0.0,5.263157894736842,-0.1113609576752473,0.11109641308379
58,Butorphanol,weak,19,5.263157894736842,5.263157894736842,-0.0801191611184618,0.0800647966675614
58,C6guano,strong,19,0.0,52.63157894736842,-0.0947407086689432,0.0946580524027358
58,Carfentanil,strong,19,0.0,52.63157894736842,-0.073569523017839,0.0734593326602058
58,DAMGO,strong,19,0.0,36.84210526315789,-0.0706493581082685,0.0704363723870284
58,Fentanyl,strong,19,0.0,63.1578947368421,-0.1135817353402551,0.113889572243734
58,MP,weak,19,5.263157894736842,10.526315789473683,-0.1049233218375642,0.1055544348762352
58,Methadone,intermediate,19,0.0,15.789473684210526,-0.1023794128819081,0.1022561647143245
58,Morphine,strong,19,0.0,42.10526315789473,-0.0938133962225504,0.0942030687789831
58,Nalbuphine,weak,19,0.0,5.263157894736842,-0.0914849125378854,0.0917461636140948
58,Naloxone,antagonist,19,0.0,5.263157894736842,-0.0882344129122834,0.0883395316717978
58,Naltrexone,antagonist,19,5.263157894736842,36.84210526315789,-0.0848397486446551,0.0850472018991877
58,PZM21,intermediate,19,10.526315789473683,42.10526315789473,-0.0925623982587858,0.0922349360906992
58,SR17018,strong,19,0.0,15.789473684210526,-0.0922056472818427,0.0924902322950269
58,TRV130,intermediate,19,0.0,36.84210526315789,-0.0861408612108664,0.0859939440757425
59,Buprenorphine,weak,19,0.0,0.0,-0.1113609576752473,0.11109641308379
59,Butorphanol,weak,19,10.526315789473683,15.789473684210526,-0.0801191611184618,0.0800647966675614
59,C6guano,strong,19,10.526315789473683,5.263157894736842,-0.0947407086689432,0.0946580524027358
59,Carfentanil,strong,19,5.263157894736842,26.31578947368421,-0.073569523017839,0.0734593326602058
59,DAMGO,strong,19,0.0,21.052631578947366,-0.0706493581082685,0.0704363723870284
59,Fentanyl,strong,19,0.0,52.63157894736842,-0.1135817353402551,0.113889572243734
59,MP,weak,19,0.0,31.57894736842105,-0.1049233218375642,0.1055544348762352
59,Methadone,intermediate,19,5.263157894736842,36.84210526315789,-0.1023794128819081,0.1022561647143245
59,Morphine,strong,19,0.0,36.84210526315789,-0.0938133962225504,0.0942030687789831
59,Nalbuphine,weak,19,21.052631578947366,0.0,-0.0914849125378854,0.0917461636140948
59,Naloxone,antagonist,19,21.052631578947366,0.0,-0.0882344129122834,0.0883395316717978
59,Naltrexone,antagonist,19,10.526315789473683,42.10526315789473,-0.0848397486446551,0.0850472018991877
59,PZM21,intermediate,19,5.263157894736842,15.789473684210526,-0.0925623982587858,0.0922349360906992
59,SR17018,strong,19,0.0,15.789473684210526,-0.0922056472818427,0.0924902322950269
59,TRV130,intermediate,19,10.526315789473683,21.052631578947366,-0.0861408612108664,0.0859939440757425
60,Buprenorphine,weak,19,0.0,5.263157894736842,-0.1113609576752473,0.11109641308379
60,Butorphanol,weak,19,0.0,10.526315789473683,-0.0801191611184618,0.0800647966675614
60,C6guano,strong,19,0.0,10.526315789473683,-0.0947407086689432,0.0946580524027358
60,Carfentanil,strong,19,10.526315789473683,10.526315789473683,-0.073569523017839,0.0734593326602058
60,DAMGO,strong,19,0.0,15.789473684210526,-0.0706493581082685,0.0704363723870284
60,Fentanyl,strong,19,0.0,42.10526315789473,-0.1135817353402551,0.113889572243734
60,MP,weak,19,5.263157894736842,15.789473684210526,-0.1049233218375642,0.1055544348762352
60,Methadone,intermediate,19,10.526315789473683,31.57894736842105,-0.1023794128819081,0.1022561647143245
60,Morphine,strong,19,0.0,57.89473684210527,-0.0938133962225504,0.0942030687789831
60,Nalbuphine,weak,19,5.263157894736842,10.526315789473683,-0.0914849125378854,0.0917461636140948
60,Naloxone,antagonist,19,15.789473684210526,5.263157894736842,-0.0882344129122834,0.0883395316717978
60,Naltrexone,antagonist,19,0.0,21.052631578947366,-0.0848397486446551,0.0850472018991877
60,PZM21,intermediate,19,0.0,21.052631578947366,-0.0925623982587858,0.0922349360906992
60,SR17018,strong,19,0.0,10.526315789473683,-0.0922056472818427,0.0924902322950269
60,TRV130,intermediate,19,5.263157894736842,21.052631578947366,-0.0861408612108664,0.0859939440757425
61,Buprenorphine,weak,19,0.0,0.0,-0.1113609576752473,0.11109641308379
61,Butorphanol,weak,19,0.0,5.263157894736842,-0.0801191611184618,0.0800647966675614
61,C6guano,strong,19,0.0,21.052631578947366,-0.0947407086689432,0.0946580524027358
61,Carfentanil,strong,19,10.526315789473683,36.84210526315789,-0.073569523017839,0.0734593326602058
61,DAMGO,strong,19,0.0,15.789473684210526,-0.0706493581082685,0.0704363723870284
61,Fentanyl,strong,19,0.0,42.10526315789473,-0.1135817353402551,0.113889572243734
61,MP,weak,19,0.0,26.31578947368421,-0.1049233218375642,0.1055544348762352
61,Methadone,intermediate,19,0.0,15.789473684210526,-0.1023794128819081,0.1022561647143245
61,Morphine,strong,19,0.0,31.57894736842105,-0.0938133962225504,0.0942030687789831
61,Nalbuphine,weak,19,10.526315789473683,5.263157894736842,-0.0914849125378854,0.0917461636140948
61,Naloxone,antagonist,19,10.526315789473683,10.526315789473683,-0.0882344129122834,0.0883395316717978
61,Naltrexone,antagonist,19,5.263157894736842,26.31578947368421,-0.0848397486446551,0.0850472018991877
61,PZM21,intermediate,19,10.526315789473683,10.526315789473683,-0.0925623982587858,0.0922349360906992
61,SR17018,strong,19,0.0,21.052631578947366,-0.0922056472818427,0.0924902322950269
61,TRV130,intermediate,19,5.263157894736842,10.526315789473683,-0.0861408612108664,0.0859939440757425
62,Buprenorphine,weak,19,5.263157894736842,0.0,-0.1113609576752473,0.11109641308379
62,Butorphanol,weak,19,5.263157894736842,10.526315789473683,-0.0801191611184618,0.0800647966675614
62,C6guano,strong,19,0.0,26.31578947368421,-0.0947407086689432,0.0946580524027358
62,Carfentanil,strong,19,10.526315789473683,31.57894736842105,-0.073569523017839,0.0734593326602058
62,DAMGO,strong,19,5.263157894736842,36.84210526315789,-0.0706493581082685,0.0704363723870284
62,Fentanyl,strong,19,0.0,31.57894736842105,-0.1135817353402551,0.113889572243734
62,MP,weak,19,0.0,15.789473684210526,-0.1049233218375642,0.1055544348762352
62,Methadone,intermediate,19,0.0,10.526315789473683,-0.1023794128819081,0.1022561647143245
62,Morphine,strong,19,0.0,52.63157894736842,-0.0938133962225504,0.0942030687789831
62,Nalbuphine,weak,19,21.052631578947366,5.263157894736842,-0.0914849125378854,0.0917461636140948
62,Naloxone,antagonist,19,15.789473684210526,10.526315789473683,-0.0882344129122834,0.0883395316717978
62,Naltrexone,antagonist,19,0.0,21.052631578947366,-0.0848397486446551,0.0850472018991877
62,PZM21,intermediate,19,10.526315789473683,15.789473684210526,-0.0925623982587858,0.0922349360906992
62,SR17018,strong,19,5.263157894736842,10.526315789473683,-0.0922056472818427,0.0924902322950269
62,TRV130,intermediate,19,0.0,31.57894736842105,-0.0861408612108664,0.0859939440757425
63,Buprenorphine,weak,19,0.0,0.0,-0.1113609576752473,0.11109641308379
63,Butorphanol,weak,19,5.263157894736842,10.526315789473683,-0.0801191611184618,0.0800647966675614
63,C6guano,strong,19,0.0,10.526315789473683,-0.0947407086689432,0.0946580524027358
63,Carfentanil,strong,19,5.263157894736842,26.31578947368421,-0.073569523017839,0.0734593326602058
63,DAMGO,strong,19,5.263157894736842,26.31578947368421,-0.0706493581082685,0.0704363723870284
63,Fentanyl,strong,19,0.0,31.57894736842105,-0.1135817353402551,0.113889572243734
63,MP,weak,19,0.0,26.31578947368421,-0.1049233218375642,0.1055544348762352
63,Methadone,intermediate,19,5.263157894736842,0.0,-0.1023794128819081,0.1022561647143245
63,Morphine,strong,19,5.263157894736842,36.84210526315789,-0.0938133962225504,0.0942030687789831
63,Nalbuphine,weak,19,5.263157894736842,0.0,-0.0914849125378854,0.0917461636140948
63,Naloxone,antagonist,19,10.526315789473683,21.052631578947366,-0.0882344129122834,0.0883395316717978
63,Naltrexone,antagonist,19,5.263157894736842,0.0,-0.0848397486446551,0.0850472018991877
63,PZM21,intermediate,19,5.263157894736842,5.263157894736842,-0.0925623982587858,0.0922349360906992
63,SR17018,strong,19,0.0,21.052631578947366,-0.0922056472818427,0.0924902322950269
63,TRV130,intermediate,19,0.0,36.84210526315789,-0.0861408612108664,0.0859939440757425
64,Buprenorphine,weak,19,5.263157894736842,0.0,-0.1113609576752473,0.11109641308379
64,Butorphanol,weak,19,5.263157894736842,21.052631578947366,-0.0801191611184618,0.0800647966675614
64,C6guano,strong,19,5.263157894736842,10.526315789473683,-0.0947407086689432,0.0946580524027358
64,Carfentanil,strong,19,0.0,10.526315789473683,-0.073569523017839,0.0734593326602058
64,DAMGO,strong,19,0.0,21.052631578947366,-0.0706493581082685,0.0704363723870284
64,Fentanyl,strong,19,0.0,26.31578947368421,-0.1135817353402551,0.113889572243734
64,MP,weak,19,5.263157894736842,42.10526315789473,-0.1049233218375642,0.1055544348762352
64,Methadone,intermediate,19,5.263157894736842,15.789473684210526,-0.1023794128819081,0.1022561647143245
64,Morphine,strong,19,0.0,26.31578947368421,-0.0938133962225504,0.0942030687789831
64,Nalbuphine,weak,19,5.263157894736842,0.0,-0.0914849125378854,0.0917461636140948
64,Naloxone,antagonist,19,21.052631578947366,15.789473684210526,-0.0882344129122834,0.0883395316717978
64,Naltrexone,antagonist,19,5.263157894736842,21.052631578947366,-0.0848397486446551,0.0850472018991877
64,PZM21,intermediate,19,0.0,21.052631578947366,-0.0925623982587858,0.0922349360906992
64,SR17018,strong,19,0.0,5.263157894736842,-0.0922056472818427,0.0924902322950269
64,TRV130,intermediate,19,0.0,15.789473684210526,-0.0861408612108664,0.0859939440757425
65,Buprenorphine,weak,19,0.0,36.84210526315789,-0.1113609576752473,0.11109641308379
65,Butorphanol,weak,19,0.0,26.31578947368421,-0.0801191611184618,0.0800647966675614
65,C6guano,strong,19,0.0,21.052631578947366,-0.0947407086689432,0.0946580524027358
65,Carfentanil,strong,19,0.0,15.789473684210526,-0.073569523017839,0.0734593326602058
65,DAMGO,strong,19,5.263157894736842,42.10526315789473,-0.0706493581082685,0.0704363723870284
65,Fentanyl,strong,19,0.0,36.84210526315789,-0.1135817353402551,0.113889572243734
65,MP,weak,19,0.0,47.368421052631575,-0.1049233218375642,0.1055544348762352
65,Methadone,intermediate,19,0.0,21.052631578947366,-0.1023794128819081,0.1022561647143245
65,Morphine,strong,19,0.0,10.526315789473683,-0.0938133962225504,0.0942030687789831
65,Nalbuphine,weak,19,0.0,5.263157894736842,-0.0914849125378854,0.0917461636140948
65,Naloxone,antagonist,19,10.526315789473683,0.0,-0.0882344129122834,0.0883395316717978
65,Naltrexone,antagonist,19,0.0,21.052631578947366,-0.0848397486446551,0.0850472018991877
65,PZM21,intermediate,19,0.0,26.31578947368421,-0.0925623982587858,0.0922349360906992
65,SR17018,strong,19,0.0,42.10526315789473,-0.0922056472818427,0.0924902322950269
65,TRV130,intermediate,19,0.0,42.10526315789473,-0.0861408612108664,0.0859939440757425
66,Buprenorphine,weak,19,10.526315789473683,5.263157894736842,-0.1113609576752473,0.11109641308379
66,Butorphanol,weak,19,5.263157894736842,42.10526315789473,-0.0801191611184618,0.0800647966675614
66,C6guano,strong,19,5.263157894736842,10.526315789473683,-0.0947407086689432,0.0946580524027358
66,Carfentanil,strong,19,10.526315789473683,5.263157894736842,-0.073569523017839,0.0734593326602058
66,DAMGO,strong,19,5.263157894736842,21.052631578947366,-0.0706493581082685,0.0704363723870284
66,Fentanyl,strong,19,0.0,36.84210526315789,-0.1135817353402551,0.113889572243734
66,MP,weak,19,5.263157894736842,10.526315789473683,-0.1049233218375642,0.1055544348762352
66,Methadone,intermediate,19,5.263157894736842,5.263157894736842,-0.1023794128819081,0.1022561647143245
66,Morphine,strong,19,10.526315789473683,5.263157894736842,-0.0938133962225504,0.0942030687789831
66,Nalbuphine,weak,19,5.263157894736842,21.052631578947366,-0.0914849125378854,0.0917461636140948
66,Naloxone,antagonist,19,31.57894736842105,15.789473684210526,-0.0882344129122834,0.0883395316717978
66,Naltrexone,antagonist,19,0.0,26.31578947368421,-0.0848397486446551,0.0850472018991877
66,PZM21,intermediate,19,0.0,26.31578947368421,-0.0925623982587858,0.0922349360906992
66,SR17018,strong,19,0.0,31.57894736842105,-0.0922056472818427,0.0924902322950269
66,TRV130,intermediate,19,15.789473684210526,31.57894736842105,-0.0861408612108664,0.0859939440757425
67,Buprenorphine,weak,19,0.0,21.052631578947366,-0.1113609576752473,0.11109641308379
67,Butorphanol,weak,19,0.0,26.31578947368421,-0.0801191611184618,0.0800647966675614
67,C6guano,strong,19,0.0,21.052631578947366,-0.0947407086689432,0.0946580524027358
67,Carfentanil,strong,19,0.0,47.368421052631575,-0.073569523017839,0.0734593326602058
67,DAMGO,strong,19,0.0,15.789473684210526,-0.0706493581082685,0.0704363723870284
67,Fentanyl,strong,19,0.0,31.57894736842105,-0.1135817353402551,0.113889572243734
67,MP,weak,19,0.0,15.789473684210526,-0.1049233218375642,0.1055544348762352
67,Methadone,intermediate,19,5.263157894736842,26.31578947368421,-0.1023794128819081,0.1022561647143245
67,Morphine,strong,19,0.0,63.1578947368421,-0.0938133962225504,0.0942030687789831
67,Nalbuphine,weak,19,0.0,15.789473684210526,-0.0914849125378854,0.0917461636140948
67,Naloxone,antagonist,19,0.0,10.526315789473683,-0.0882344129122834,0.0883395316717978
67,Naltrexone,antagonist,19,0.0,5.263157894736842,-0.0848397486446551,0.0850472018991877
67,PZM21,intermediate,19,0.0,15.789473684210526,-0.0925623982587858,0.0922349360906992
67,SR17018,strong,19,0.0,47.368421052631575,-0.0922056472818427,0.0924902322950269
67,TRV130,intermediate,19,0.0,15.789473684210526,-0.0861408612108664,0.0859939440757425
68,Buprenorphine,weak,19,5.263157894736842,0.0,-0.1113609576752473,0.11109641308379
68,Butorphanol,weak,19,0.0,26.31578947368421,-0.0801191611184618,0.0800647966675614
68,C6guano,strong,19,0.0,10.526315789473683,-0.0947407086689432,0.0946580524027358
68,Carfentanil,strong,19,0.0,36.84210526315789,-0.073569523017839,0.0734593326602058
68,DAMGO,strong,19,0.0,47.368421052631575,-0.0706493581082685,0.0704363723870284
68,Fentanyl,strong,19,0.0,36.84210526315789,-0.1135817353402551,0.113889572243734
68,MP,weak,19,10.526315789473683,10.526315789473683,-0.1049233218375642,0.1055544348762352
68,Methadone,intermediate,19,0.0,47.368421052631575,-0.1023794128819081,0.1022561647143245
68,Morphine,strong,19,0.0,21.052631578947366,-0.0938133962225504,0.0942030687789831
68,Nalbuphine,weak,19,5.263157894736842,21.052631578947366,-0.0914849125378854,0.0917461636140948
68,Naloxone,antagonist,19,5.263157894736842,5.263157894736842,-0.0882344129122834,0.0883395316717978
68,Naltrexone,antagonist,19,0.0,26.31578947368421,-0.0848397486446551,0.0850472018991877
68,PZM21,intermediate,19,5.263157894736842,10.526315789473683,-0.0925623982587858,0.0922349360906992
68,SR17018,strong,19,0.0,21.052631578947366,-0.0922056472818427,0.0924902322950269
68,TRV130,intermediate,19,0.0,42.10526315789473,-0.0861408612108664,0.0859939440757425
69,Buprenorphine,weak,19,5.263157894736842,5.263157894736842,-0.1113609576752473,0.11109641308379
69,Butorphanol,weak,19,5.263157894736842,36.84210526315789,-0.0801191611184618,0.0800647966675614
69,C6guano,strong,19,10.526315789473683,15.789473684210526,-0.0947407086689432,0.0946580524027358
69,Carfentanil,strong,19,15.789473684210526,26.31578947368421,-0.073569523017839,0.0734593326602058
69,DAMGO,strong,19,5.263157894736842,15.789473684210526,-0.0706493581082685,0.0704363723870284
69,Fentanyl,strong,19,0.0,26.31578947368421,-0.1135817353402551,0.113889572243734
69,MP,weak,19,5.263157894736842,0.0,-0.1049233218375642,0.1055544348762352
69,Methadone,intermediate,19,31.57894736842105,0.0,-0.1023794128819081,0.1022561647143245
69,Morphine,strong,19,5.263157894736842,5.263157894736842,-0.0938133962225504,0.0942030687789831
69,Nalbuphine,weak,19,15.789473684210526,5.263157894736842,-0.0914849125378854,0.0917461636140948
69,Naloxone,antagonist,19,0.0,0.0,-0.0882344129122834,0.0883395316717978
69,Naltrexone,antagonist,19,21.052631578947366,10.526315789473683,-0.0848397486446551,0.0850472018991877
69,PZM21,intermediate,19,26.31578947368421,10.526315789473683,-0.0925623982587858,0.0922349360906992
69,SR17018,strong,19,5.263157894736842,10.526315789473683,-0.0922056472818427,0.0924902322950269
69,TRV130,intermediate,19,21.052631578947366,5.263157894736842,-0.0861408612108664,0.0859939440757425
70,Buprenorphine,weak,19,0.0,5.263157894736842,-0.1113609576752473,0.11109641308379
70,Butorphanol,weak,19,0.0,26.31578947368421,-0.0801191611184618,0.0800647966675614
70,C6guano,strong,19,15.789473684210526,10.526315789473683,-0.0947407086689432,0.0946580524027358
70,Carfentanil,strong,19,15.789473684210526,36.84210526315789,-0.073569523017839,0.0734593326602058
70,DAMGO,strong,19,5.263157894736842,31.57894736842105,-0.0706493581082685,0.0704363723870284
70,Fentanyl,strong,19,0.0,31.57894736842105,-0.1135817353402551,0.113889572243734
70,MP,weak,19,0.0,21.052631578947366,-0.1049233218375642,0.1055544348762352
70,Methadone,intermediate,19,5.263157894736842,21.052631578947366,-0.1023794128819081,0.1022561647143245
70,Morphine,strong,19,0.0,10.526315789473683,-0.0938133962225504,0.0942030687789831
70,Nalbuphine,weak,19,5.263157894736842,21.052631578947366,-0.0914849125378854,0.0917461636140948
70,Naloxone,antagonist,19,0.0,31.57894736842105,-0.0882344129122834,0.0883395316717978
70,Naltrexone,antagonist,19,5.263157894736842,68.42105263157895,-0.0848397486446551,0.0850472018991877
70,PZM21,intermediate,19,15.789473684210526,5.263157894736842,-0.0925623982587858,0.0922349360906992
70,SR17018,strong,19,0.0,15.789473684210526,-0.0922056472818427,0.0924902322950269
70,TRV130,intermediate,19,5.263157894736842,36.84210526315789,-0.0861408612108664,0.0859939440757425
71,Buprenorphine,weak,19,0.0,5.263157894736842,-0.1113609576752473,0.11109641308379
71,Butorphanol,weak,19,5.263157894736842,0.0,-0.0801191611184618,0.0800647966675614
71,C6guano,strong,19,5.263157894736842,15.789473684210526,-0.0947407086689432,0.0946580524027358
71,Carfentanil,strong,19,10.526315789473683,31.57894736842105,-0.073569523017839,0.0734593326602058
71,DAMGO,strong,19,5.263157894736842,10.526315789473683,-0.0706493581082685,0.0704363723870284
71,Fentanyl,strong,19,0.0,15.789473684210526,-0.1135817353402551,0.113889572243734
71,MP,weak,19,26.31578947368421,0.0,-0.1049233218375642,0.1055544348762352
71,Methadone,intermediate,19,10.526315789473683,0.0,-0.1023794128819081,0.1022561647143245
71,Morphine,strong,19,10.526315789473683,0.0,-0.0938133962225504,0.0942030687789831
71,Nalbuphine,weak,19,26.31578947368421,5.263157894736842,-0.0914849125378854,0.0917461636140948
71,Naloxone,antagonist,19,0.0,26.31578947368421,-0.0882344129122834,0.0883395316717978
71,Naltrexone,antagonist,19,5.263157894736842,15.789473684210526,-0.0848397486446551,0.0850472018991877
71,PZM21,intermediate,19,26.31578947368421,26.31578947368421,-0.0925623982587858,0.0922349360906992
71,SR17018,strong,19,10.526315789473683,0.0,-0.0922056472818427,0.0924902322950269
71,TRV130,intermediate,19,10.526315789473683,21.052631578947366,-0.0861408612108664,0.0859939440757425
72,Buprenorphine,weak,19,0.0,5.263157894736842,-0.1113609576752473,0.11109641308379
72,Butorphanol,weak,19,47.368421052631575,26.31578947368421,-0.0801191611184618,0.0800647966675614
72,C6guano,strong,19,10.526315789473683,15.789473684210526,-0.0947407086689432,0.0946580524027358
72,Carfentanil,strong,19,15.789473684210526,42.10526315789473,-0.073569523017839,0.0734593326602058
72,DAMGO,strong,19,15.789473684210526,26.31578947368421,-0.0706493581082685,0.0704363723870284
72,Fentanyl,strong,19,0.0,36.84210526315789,-0.1135817353402551,0.113889572243734
72,MP,weak,19,15.789473684210526,26.31578947368421,-0.1049233218375642,0.1055544348762352
72,Methadone,intermediate,19,10.526315789473683,15.789473684210526,-0.1023794128819081,0.1022561647143245
72,Morphine,strong,19,15.789473684210526,15.789473684210526,-0.0938133962225504,0.0942030687789831
72,Nalbuphine,weak,19,10.526315789473683,36.84210526315789,-0.0914849125378854,0.0917461636140948
72,Naloxone,antagonist,19,15.789473684210526,5.263157894736842,-0.0882344129122834,0.0883395316717978
72,Naltrexone,antagonist,19,5.263157894736842,21.052631578947366,-0.0848397486446551,0.0850472018991877
72,PZM21,intermediate,19,21.052631578947366,31.57894736842105,-0.0925623982587858,0.0922349360906992
72,SR17018,strong,19,10.526315789473683,10.526315789473683,-0.0922056472818427,0.0924902322950269
72,TRV130,intermediate,19,15.789473684210526,15.789473684210526,-0.0861408612108664,0.0859939440757425
73,Buprenorphine,weak,19,63.1578947368421,0.0,-0.1113609576752473,0.11109641308379
73,Butorphanol,weak,19,63.1578947368421,5.263157894736842,-0.0801191611184618,0.0800647966675614
73,C6guano,strong,19,31.57894736842105,15.789473684210526,-0.0947407086689432,0.0946580524027358
73,Carfentanil,strong,19,10.526315789473683,0.0,-0.073569523017839,0.0734593326602058
73,DAMGO,strong,19,21.052631578947366,5.263157894736842,-0.0706493581082685,0.0704363723870284
73,Fentanyl,strong,19,10.526315789473683,0.0,-0.1135817353402551,0.113889572243734
73,MP,weak,19,57.89473684210527,0.0,-0.1049233218375642,0.1055544348762352
73,Methadone,intermediate,19,94.73684210526316,5.263157894736842,-0.1023794128819081,0.1022561647143245
73,Morphine,strong,19,57.89473684210527,0.0,-0.0938133962225504,0.0942030687789831
73,Nalbuphine,weak,19,94.73684210526316,0.0,-0.0914849125378854,0.0917461636140948
73,Naloxone,antagonist,19,42.10526315789473,10.526315789473683,-0.0882344129122834,0.0883395316717978
73,Naltrexone,antagonist,19,15.789473684210526,10.526315789473683,-0.0848397486446551,0.0850472018991877
73,PZM21,intermediate,19,63.1578947368421,0.0,-0.0925623982587858,0.0922349360906992
73,SR17018,strong,19,52.63157894736842,0.0,-0.0922056472818427,0.0924902322950269
73,TRV130,intermediate,19,63.1578947368421,0.0,-0.0861408612108664,0.0859939440757425
74,Buprenorphine,weak,19,31.57894736842105,5.263157894736842,-0.1113609576752473,0.11109641308379
74,Butorphanol,weak,19,10.526315789473683,31.57894736842105,-0.0801191611184618,0.0800647966675614
74,C6guano,strong,19,26.31578947368421,21.052631578947366,-0.0947407086689432,0.0946580524027358
74,Carfentanil,strong,19,42.10526315789473,10.526315789473683,-0.073569523017839,0.0734593326602058
74,DAMGO,strong,19,10.526315789473683,15.789473684210526,-0.0706493581082685,0.0704363723870284
74,Fentanyl,strong,19,0.0,5.263157894736842,-0.1135817353402551,0.113889572243734
74,MP,weak,19,5.263157894736842,5.263157894736842,-0.1049233218375642,0.1055544348762352
74,Methadone,intermediate,19,36.84210526315789,0.0,-0.1023794128819081,0.1022561647143245
74,Morphine,strong,19,21.052631578947366,5.263157894736842,-0.0938133962225504,0.0942030687789831
74,Nalbuphine,weak,19,21.052631578947366,10.526315789473683,-0.0914849125378854,0.0917461636140948
74,Naloxone,antagonist,19,26.31578947368421,5.263157894736842,-0.0882344129122834,0.0883395316717978
74,Naltrexone,antagonist,19,21.052631578947366,5.263157894736842,-0.0848397486446551,0.0850472018991877
74,PZM21,intermediate,19,21.052631578947366,0.0,-0.0925623982587858,0.0922349360906992
74,SR17018,strong,19,10.526315789473683,21.052631578947366,-0.0922056472818427,0.0924902322950269
74,TRV130,intermediate,19,10.526315789473683,10.526315789473683,-0.0861408612108664,0.0859939440757425
75,Buprenorphine,weak,18,38.88888888888889,0.0,-0.1113609576752473,0.11109641308379
75,Butorphanol,weak,18,33.33333333333333,5.555555555555555,-0.0801191611184618,0.0800647966675614
75,C6guano,strong,18,33.33333333333333,0.0,-0.0947407086689432,0.0946580524027358
75,Carfentanil,strong,18,11.11111111111111,5.555555555555555,-0.073569523017839,0.0734593326602058
75,DAMGO,strong,18,38.88888888888889,11.11111111111111,-0.0706493581082685,0.0704363723870284
75,Fentanyl,strong,18,27.77777777777778,0.0,-0.1135817353402551,0.113889572243734
75,MP,weak,18,22.22222222222222,11.11111111111111,-0.1049233218375642,0.1055544348762352
75,Methadone,intermediate,18,66.66666666666666,5.555555555555555,-0.1023794128819081,0.1022561647143245
75,Morphine,strong,18,38.88888888888889,5.555555555555555,-0.0938133962225504,0.0942030687789831
75,Nalbuphine,weak,18,22.22222222222222,0.0,-0.0914849125378854,0.0917461636140948
75,Naloxone,antagonist,18,11.11111111111111,11.11111111111111,-0.0882344129122834,0.0883395316717978
75,Naltrexone,antagonist,18,16.666666666666664,0.0,-0.0848397486446551,0.0850472018991877
75,PZM21,intermediate,18,33.33333333333333,5.555555555555555,-0.0925623982587858,0.0922349360906992
75,SR17018,strong,18,38.88888888888889,0.0,-0.0922056472818427,0.0924902322950269
75,TRV130,intermediate,18,61.111111111111114,5.555555555555555,-0.0861408612108664,0.0859939440757425
76,Buprenorphine,weak,19,31.57894736842105,5.263157894736842,-0.1113609576752473,0.11109641308379
76,Butorphanol,weak,19,47.368421052631575,0.0,-0.0801191611184618,0.0800647966675614
76,C6guano,strong,19,42.10526315789473,5.263157894736842,-0.0947407086689432,0.0946580524027358
76,Carfentanil,strong,19,31.57894736842105,15.789473684210526,-0.073569523017839,0.0734593326602058
76,DAMGO,strong,19,36.84210526315789,10.526315789473683,-0.0706493581082685,0.0704363723870284
76,Fentanyl,strong,19,15.789473684210526,0.0,-0.1135817353402551,0.113889572243734
76,MP,weak,19,26.31578947368421,0.0,-0.1049233218375642,0.1055544348762352
76,Methadone,intermediate,19,57.89473684210527,0.0,-0.1023794128819081,0.1022561647143245
76,Morphine,strong,19,42.10526315789473,5.263157894736842,-0.0938133962225504,0.0942030687789831
76,Nalbuphine,weak,19,57.89473684210527,5.263157894736842,-0.0914849125378854,0.0917461636140948
76,Naloxone,antagonist,19,42.10526315789473,0.0,-0.0882344129122834,0.0883395316717978
76,Naltrexone,antagonist,19,26.31578947368421,10.526315789473683,-0.0848397486446551,0.0850472018991877
76,PZM21,intermediate,19,78.94736842105263,0.0,-0.0925623982587858,0.0922349360906992
76,SR17018,strong,19,42.10526315789473,5.263157894736842,-0.0922056472818427,0.0924902322950269
76,TRV130,intermediate,19,68.42105263157895,0.0,-0.0861408612108664,0.0859939440757425
77,Buprenorphine,weak,19,89.47368421052632,0.0,-0.1113609576752473,0.11109641308379
77,Butorphanol,weak,19,57.89473684210527,0.0,-0.0801191611184618,0.0800647966675614
77,C6guano,strong,19,52.63157894736842,0.0,-0.0947407086689432,0.0946580524027358
77,Carfentanil,strong,19,26.31578947368421,10.526315789473683,-0.073569523017839,0.0734593326602058
77,DAMGO,strong,19,63.1578947368421,0.0,-0.0706493581082685,0.0704363723870284
77,Fentanyl,strong,19,63.1578947368421,0.0,-0.1135817353402551,0.113889572243734
77,MP,weak,19,68.42105263157895,0.0,-0.1049233218375642,0.1055544348762352
77,Methadone,intermediate,19,100.0,0.0,-0.1023794128819081,0.1022561647143245
77,Morphine,strong,19,52.63157894736842,0.0,-0.0938133962225504,0.0942030687789831
77,Nalbuphine,weak,19,73.68421052631578,0.0,-0.0914849125378854,0.0917461636140948
77,Naloxone,antagonist,19,15.789473684210526,0.0,-0.0882344129122834,0.0883395316717978
77,Naltrexone,antagonist,19,26.31578947368421,0.0,-0.0848397486446551,0.0850472018991877
77,PZM21,intermediate,19,94.73684210526316,0.0,-0.0925623982587858,0.0922349360906992
77,SR17018,strong,19,100.0,0.0,-0.0922056472818427,0.0924902322950269
77,TRV130,intermediate,19,84.21052631578947,0.0,-0.0861408612108664,0.0859939440757425
78,Buprenorphine,weak,19,5.263157894736842,5.263157894736842,-0.1113609576752473,0.11109641308379
78,Butorphanol,weak,19,21.052631578947366,36.84210526315789,-0.0801191611184618,0.0800647966675614
78,C6guano,strong,19,21.052631578947366,15.789473684210526,-0.0947407086689432,0.0946580524027358
78,Carfentanil,strong,19,5.263157894736842,10.526315789473683,-0.073569523017839,0.0734593326602058
78,DAMGO,strong,19,26.31578947368421,31.57894736842105,-0.0706493581082685,0.0704363723870284
78,Fentanyl,strong,19,15.789473684210526,10.526315789473683,-0.1135817353402551,0.113889572243734
78,MP,weak,19,15.789473684210526,0.0,-0.1049233218375642,0.1055544348762352
78,Methadone,intermediate,19,36.84210526315789,5.263157894736842,-0.1023794128819081,0.1022561647143245
78,Morphine,strong,19,21.052631578947366,15.789473684210526,-0.0938133962225504,0.0942030687789831
78,Nalbuphine,weak,19,15.789473684210526,36.84210526315789,-0.0914849125378854,0.0917461636140948
78,Naloxone,antagonist,19,10.526315789473683,10.526315789473683,-0.0882344129122834,0.0883395316717978
78,Naltrexone,antagonist,19,10.526315789473683,10.526315789473683,-0.0848397486446551,0.0850472018991877
78,PZM21,intermediate,19,31.57894736842105,10.526315789473683,-0.0925623982587858,0.0922349360906992
78,SR17018,strong,19,10.526315789473683,36.84210526315789,-0.0922056472818427,0.0924902322950269
78,TRV130,intermediate,19,26.31578947368421,21.052631578947366,-0.0861408612108664,0.0859939440757425
79,Buprenorphine,weak,19,5.263157894736842,5.263157894736842,-0.1113609576752473,0.11109641308379
79,Butorphanol,weak,19,36.84210526315789,42.10526315789473,-0.0801191611184618,0.0800647966675614
79,C6guano,strong,19,42.10526315789473,5.263157894736842,-0.0947407086689432,0.0946580524027358
79,Carfentanil,strong,19,31.57894736842105,5.263157894736842,-0.073569523017839,0.0734593326602058
79,DAMGO,strong,19,47.368421052631575,0.0,-0.0706493581082685,0.0704363723870284
79,Fentanyl,strong,19,52.63157894736842,0.0,-0.1135817353402551,0.113889572243734
79,MP,weak,19,36.84210526315789,5.263157894736842,-0.1049233218375642,0.1055544348762352
79,Methadone,intermediate,19,63.1578947368421,5.263157894736842,-0.1023794128819081,0.1022561647143245
79,Morphine,strong,19,36.84210526315789,5.263157894736842,-0.0938133962225504,0.0942030687789831
79,Nalbuphine,weak,19,10.526315789473683,10.526315789473683,-0.0914849125378854,0.0917461636140948
79,Naloxone,antagonist,19,5.263157894736842,5.263157894736842,-0.0882344129122834,0.0883395316717978
79,Naltrexone,antagonist,19,5.263157894736842,5.263157894736842,-0.0848397486446551,0.0850472018991877
79,PZM21,intermediate,19,42.10526315789473,0.0,-0.0925623982587858,0.0922349360906992
79,SR17018,strong,19,47.368421052631575,10.526315789473683,-0.0922056472818427,0.0924902322950269
79,TRV130,intermediate,19,21.052631578947366,15.789473684210526,-0.0861408612108664,0.0859939440757425
80,Buprenorphine,weak,19,26.31578947368421,5.263157894736842,-0.1113609576752473,0.11109641308379
80,Butorphanol,weak,19,31.57894736842105,21.052631578947366,-0.0801191611184618,0.0800647966675614
80,C6guano,strong,19,47.368421052631575,10.526315789473683,-0.0947407086689432,0.0946580524027358
80,Carfentanil,strong,19,52.63157894736842,5.263157894736842,-0.073569523017839,0.0734593326602058
80,DAMGO,strong,19,47.368421052631575,5.263157894736842,-0.0706493581082685,0.0704363723870284
80,Fentanyl,strong,19,42.10526315789473,0.0,-0.1135817353402551,0.113889572243734
80,MP,weak,19,42.10526315789473,5.263157894736842,-0.1049233218375642,0.1055544348762352
80,Methadone,intermediate,19,68.42105263157895,0.0,-0.1023794128819081,0.1022561647143245
80,Morphine,strong,19,47.368421052631575,5.263157894736842,-0.0938133962225504,0.0942030687789831
80,Nalbuphine,weak,19,26.31578947368421,5.263157894736842,-0.0914849125378854,0.0917461636140948
80,Naloxone,antagonist,19,10.526315789473683,0.0,-0.0882344129122834,0.0883395316717978
80,Naltrexone,antagonist,19,15.789473684210526,31.57894736842105,-0.0848397486446551,0.0850472018991877
80,PZM21,intermediate,19,73.68421052631578,0.0,-0.0925623982587858,0.0922349360906992
80,SR17018,strong,19,21.052631578947366,5.263157894736842,-0.0922056472818427,0.0924902322950269
80,TRV130,intermediate,19,63.1578947368421,5.263157894736842,-0.0861408612108664,0.0859939440757425
81,Buprenorphine,weak,19,10.526315789473683,10.526315789473683,-0.1113609576752473,0.11109641308379
81,Butorphanol,weak,19,5.263157894736842,5.263157894736842,-0.0801191611184618,0.0800647966675614
81,C6guano,strong,19,47.368421052631575,0.0,-0.0947407086689432,0.0946580524027358
81,Carfentanil,strong,19,21.052631578947366,10.526315789473683,-0.073569523017839,0.0734593326602058
81,DAMGO,strong,19,47.368421052631575,0.0,-0.0706493581082685,0.0704363723870284
81,Fentanyl,strong,19,73.68421052631578,0.0,-0.1135817353402551,0.113889572243734
81,MP,weak,19,0.0,15.789473684210526,-0.1049233218375642,0.1055544348762352
81,Methadone,intermediate,19,63.1578947368421,0.0,-0.1023794128819081,0.1022561647143245
81,Morphine,strong,19,57.89473684210527,0.0,-0.0938133962225504,0.0942030687789831
81,Nalbuphine,weak,19,21.052631578947366,15.789473684210526,-0.0914849125378854,0.0917461636140948
81,Naloxone,antagonist,19,5.263157894736842,15.789473684210526,-0.0882344129122834,0.0883395316717978
81,Naltrexone,antagonist,19,26.31578947368421,15.789473684210526,-0.0848397486446551,0.0850472018991877
81,PZM21,intermediate,19,36.84210526315789,0.0,-0.0925623982587858,0.0922349360906992
81,SR17018,strong,19,63.1578947368421,5.263157894736842,-0.0922056472818427,0.0924902322950269
81,TRV130,intermediate,19,21.052631578947366,5.263157894736842,-0.0861408612108664,0.0859939440757425
82,Buprenorphine,weak,19,52.63157894736842,0.0,-0.1113609576752473,0.11109641308379
82,Butorphanol,weak,19,42.10526315789473,5.263157894736842,-0.0801191611184618,0.0800647966675614
82,C6guano,strong,19,57.89473684210527,0.0,-0.0947407086689432,0.0946580524027358
82,Carfentanil,strong,19,47.368421052631575,26.31578947368421,-0.073569523017839,0.0734593326602058
82,DAMGO,strong,19,63.1578947368421,10.526315789473683,-0.0706493581082685,0.0704363723870284
82,Fentanyl,strong,19,52.63157894736842,0.0,-0.1135817353402551,0.113889572243734
82,MP,weak,19,31.57894736842105,31.57894736842105,-0.1049233218375642,0.1055544348762352
82,Methadone,intermediate,19,68.42105263157895,5.263157894736842,-0.1023794128819081,0.1022561647143245
82,Morphine,strong,19,68.42105263157895,5.263157894736842,-0.0938133962225504,0.0942030687789831
82,Nalbuphine,weak,19,42.10526315789473,0.0,-0.0914849125378854,0.0917461636140948
82,Naloxone,antagonist,19,0.0,15.789473684210526,-0.0882344129122834,0.0883395316717978
82,Naltrexone,antagonist,19,26.31578947368421,0.0,-0.0848397486446551,0.0850472018991877
82,PZM21,intermediate,19,68.42105263157895,5.263157894736842,-0.0925623982587858,0.0922349360906992
82,SR17018,strong,19,84.21052631578947,0.0,-0.0922056472818427,0.0924902322950269
82,TRV130,intermediate,19,36.84210526315789,10.526315789473683,-0.0861408612108664,0.0859939440757425
83,Buprenorphine,weak,19,5.263157894736842,0.0,-0.1113609576752473,0.11109641308379
83,Butorphanol,weak,19,21.052631578947366,26.31578947368421,-0.0801191611184618,0.0800647966675614
83,C6guano,strong,19,47.368421052631575,5.263157894736842,-0.0947407086689432,0.0946580524027358
83,Carfentanil,strong,19,47.368421052631575,15.789473684210526,-0.073569523017839,0.0734593326602058
83,DAMGO,strong,19,26.31578947368421,15.789473684210526,-0.0706493581082685,0.0704363723870284
83,Fentanyl,strong,19,42.10526315789473,0.0,-0.1135817353402551,0.113889572243734
83,MP,weak,19,5.263157894736842,26.31578947368421,-0.1049233218375642,0.1055544348762352
83,Methadone,intermediate,19,52.63157894736842,5.263157894736842,-0.1023794128819081,0.1022561647143245
83,Morphine,strong,19,47.368421052631575,5.263157894736842,-0.0938133962225504,0.0942030687789831
83,Nalbuphine,weak,19,31.57894736842105,15.789473684210526,-0.0914849125378854,0.0917461636140948
83,Naloxone,antagonist,19,0.0,5.263157894736842,-0.0882344129122834,0.0883395316717978
83,Naltrexone,antagonist,19,10.526315789473683,15.789473684210526,-0.0848397486446551,0.0850472018991877
83,PZM21,intermediate,19,36.84210526315789,0.0,-0.0925623982587858,0.0922349360906992
83,SR17018,strong,19,52.63157894736842,5.263157894736842,-0.0922056472818427,0.0924902322950269
83,TRV130,intermediate,19,26.31578947368421,21.052631578947366,-0.0861408612108664,0.0859939440757425
84,Buprenorphine,weak,19,36.84210526315789,0.0,-0.1113609576752473,0.11109641308379
84,Butorphanol,weak,19,73.68421052631578,0.0,-0.0801191611184618,0.0800647966675614
84,C6guano,strong,19,100.0,0.0,-0.0947407086689432,0.0946580524027358
84,Carfentanil,strong,19,100.0,0.0,-0.073569523017839,0.0734593326602058
84,DAMGO,strong,19,100.0,0.0,-0.0706493581082685,0.0704363723870284
84,Fentanyl,strong,19,100.0,0.0,-0.1135817353402551,0.113889572243734
84,MP,weak,19,52.63157894736842,10.526315789473683,-0.1049233218375642,0.1055544348762352
84,Methadone,intermediate,19,78.94736842105263,0.0,-0.1023794128819081,0.1022561647143245
84,Morphine,strong,19,94.73684210526316,0.0,-0.0938133962225504,0.0942030687789831
84,Nalbuphine,weak,19,26.31578947368421,0.0,-0.0914849125378854,0.0917461636140948
84,Naloxone,antagonist,19,10.526315789473683,21.052631578947366,-0.0882344129122834,0.0883395316717978
84,Naltrexone,antagonist,19,15.789473684210526,0.0,-0.0848397486446551,0.0850472018991877
84,PZM21,intermediate,19,94.73684210526316,0.0,-0.0925623982587858,0.0922349360906992
84,SR17018,strong,19,100.0,0.0,-0.0922056472818427,0.0924902322950269
84,TRV130,intermediate,19,94.73684210526316,0.0,-0.0861408612108664,0.0859939440757425
85,Buprenorphine,weak,19,26.31578947368421,10.526315789473683,-0.1113609576752473,0.11109641308379
85,Butorphanol,weak,19,42.10526315789473,21.052631578947366,-0.0801191611184618,0.0800647966675614
85,C6guano,strong,19,52.63157894736842,10.526315789473683,-0.0947407086689432,0.0946580524027358
85,Carfentanil,strong,19,52.63157894736842,21.052631578947366,-0.073569523017839,0.0734593326602058
85,DAMGO,strong,19,52.63157894736842,5.263157894736842,-0.0706493581082685,0.0704363723870284
85,Fentanyl,strong,19,57.89473684210527,0.0,-0.1135817353402551,0.113889572243734
85,MP,weak,19,42.10526315789473,5.263157894736842,-0.1049233218375642,0.1055544348762352
85,Methadone,intermediate,19,68.42105263157895,0.0,-0.1023794128819081,0.1022561647143245
85,Morphine,strong,19,42.10526315789473,5.263157894736842,-0.0938133962225504,0.0942030687789831
85,Nalbuphine,weak,19,42.10526315789473,5.263157894736842,-0.0914849125378854,0.0917461636140948
85,Naloxone,antagonist,19,15.789473684210526,21.052631578947366,-0.0882344129122834,0.0883395316717978
85,Naltrexone,antagonist,19,42.10526315789473,21.052631578947366,-0.0848397486446551,0.0850472018991877
85,PZM21,intermediate,19,68.42105263157895,10.526315789473683,-0.0925623982587858,0.0922349360906992
85,SR17018,strong,19,84.21052631578947,0.0,-0.0922056472818427,0.0924902322950269
85,TRV130,intermediate,19,42.10526315789473,15.789473684210526,-0.0861408612108664,0.0859939440757425
86,Buprenorphine,weak,19,31.57894736842105,5.263157894736842,-0.1113609576752473,0.11109641308379
86,Butorphanol,weak,19,31.57894736842105,5.263157894736842,-0.0801191611184618,0.0800647966675614
86,C6guano,strong,19,47.368421052631575,21.052631578947366,-0.0947407086689432,0.0946580524027358
86,Carfentanil,strong,19,31.57894736842105,10.526315789473683,-0.073569523017839,0.0734593326602058
86,DAMGO,strong,19,31.57894736842105,10.526315789473683,-0.0706493581082685,0.0704363723870284
86,Fentanyl,strong,19,47.368421052631575,5.263157894736842,-0.1135817353402551,0.113889572243734
86,MP,weak,19,42.10526315789473,5.263157894736842,-0.1049233218375642,0.1055544348762352
86,Methadone,intermediate,19,31.57894736842105,10.526315789473683,-0.1023794128819081,0.1022561647143245
86,Morphine,strong,19,36.84210526315789,0.0,-0.0938133962225504,0.0942030687789831
86,Nalbuphine,weak,19,36.84210526315789,15.789473684210526,-0.0914849125378854,0.0917461636140948
86,Naloxone,antagonist,19,31.57894736842105,0.0,-0.0882344129122834,0.0883395316717978
86,Naltrexone,antagonist,19,26.31578947368421,26.31578947368421,-0.0848397486446551,0.0850472018991877
86,PZM21,intermediate,19,42.10526315789473,15.789473684210526,-0.0925623982587858,0.0922349360906992
86,SR17018,strong,19,21.052631578947366,31.57894736842105,-0.0922056472818427,0.0924902322950269
86,TRV130,intermediate,19,36.84210526315789,36.84210526315789,-0.0861408612108664,0.0859939440757425
87,Buprenorphine,weak,19,10.526315789473683,10.526315789473683,-0.1113609576752473,0.11109641308379
87,Butorphanol,weak,19,10.526315789473683,52.63157894736842,-0.0801191611184618,0.0800647966675614
87,C6guano,strong,19,84.21052631578947,0.0,-0.0947407086689432,0.0946580524027358
87,Carfentanil,strong,19,57.89473684210527,10.526315789473683,-0.073569523017839,0.0734593326602058
87,DAMGO,strong,19,57.89473684210527,5.263157894736842,-0.0706493581082685,0.0704363723870284
87,Fentanyl,strong,19,42.10526315789473,10.526315789473683,-0.1135817353402551,0.113889572243734
87,MP,weak,19,10.526315789473683,31.57894736842105,-0.1049233218375642,0.1055544348762352
87,Methadone,intermediate,19,73.68421052631578,0.0,-0.1023794128819081,0.1022561647143245
87,Morphine,strong,19,84.21052631578947,0.0,-0.0938133962225504,0.0942030687789831
87,Nalbuphine,weak,19,5.263157894736842,26.31578947368421,-0.0914849125378854,0.0917461636140948
87,Naloxone,antagonist,19,5.263157894736842,47.368421052631575,-0.0882344129122834,0.0883395316717978
87,Naltrexone,antagonist,19,5.263157894736842,36.84210526315789,-0.0848397486446551,0.0850472018991877
87,PZM21,intermediate,19,63.1578947368421,0.0,-0.0925623982587858,0.0922349360906992
87,SR17018,strong,19,78.94736842105263,5.263157894736842,-0.0922056472818427,0.0924902322950269
87,TRV130,intermediate,19,68.42105263157895,0.0,-0.0861408612108664,0.0859939440757425
88,Buprenorphine,weak,19,42.10526315789473,0.0,-0.1113609576752473,0.11109641308379
88,Butorphanol,weak,19,63.1578947368421,0.0,-0.0801191611184618,0.0800647966675614
88,C6guano,strong,19,94.73684210526316,0.0,-0.0947407086689432,0.0946580524027358
88,Carfentanil,strong,19,78.94736842105263,5.263157894736842,-0.073569523017839,0.0734593326602058
88,DAMGO,strong,19,94.73684210526316,0.0,-0.0706493581082685,0.0704363723870284
88,Fentanyl,strong,19,94.73684210526316,0.0,-0.1135817353402551,0.113889572243734
88,MP,weak,19,47.368421052631575,0.0,-0.1049233218375642,0.1055544348762352
88,Methadone,intermediate,19,84.21052631578947,0.0,-0.1023794128819081,0.1022561647143245
88,Morphine,strong,19,84.21052631578947,0.0,-0.0938133962225504,0.0942030687789831
88,Nalbuphine,weak,19,68.42105263157895,0.0,-0.0914849125378854,0.0917461636140948
88,Naloxone,antagonist,19,5.263157894736842,21.052631578947366,-0.0882344129122834,0.0883395316717978
88,Naltrexone,antagonist,19,15.789473684210526,10.526315789473683,-0.0848397486446551,0.0850472018991877
88,PZM21,intermediate,19,84.21052631578947,5.263157894736842,-0.0925623982587858,0.0922349360906992
88,SR17018,strong,19,94.73684210526316,0.0,-0.0922056472818427,0.0924902322950269
88,TRV130,intermediate,19,73.68421052631578,0.0,-0.0861408612108664,0.0859939440757425
89,Buprenorphine,weak,19,0.0,26.31578947368421,-0.1113609576752473,0.11109641308379
89,Butorphanol,weak,19,36.84210526315789,21.052631578947366,-0.0801191611184618,0.0800647966675614
89,C6guano,strong,19,42.10526315789473,10.526315789473683,-0.0947407086689432,0.0946580524027358
89,Carfentanil,strong,19,47.368421052631575,15.789473684210526,-0.073569523017839,0.0734593326602058
89,DAMGO,strong,19,36.84210526315789,10.526315789473683,-0.0706493581082685,0.0704363723870284
89,Fentanyl,strong,19,42.10526315789473,15.789473684210526,-0.1135817353402551,0.113889572243734
89,MP,weak,19,15.789473684210526,21.052631578947366,-0.1049233218375642,0.1055544348762352
89,Methadone,intermediate,19,26.31578947368421,15.789473684210526,-0.1023794128819081,0.1022561647143245
89,Morphine,strong,19,31.57894736842105,10.526315789473683,-0.0938133962225504,0.0942030687789831
89,Nalbuphine,weak,19,36.84210526315789,15.789473684210526,-0.0914849125378854,0.0917461636140948
89,Naloxone,antagonist,19,0.0,10.526315789473683,-0.0882344129122834,0.0883395316717978
89,Naltrexone,antagonist,19,15.789473684210526,21.052631578947366,-0.0848397486446551,0.0850472018991877
89,PZM21,intermediate,19,21.052631578947366,10.526315789473683,-0.0925623982587858,0.0922349360906992
89,SR17018,strong,19,31.57894736842105,31.57894736842105,-0.0922056472818427,0.0924902322950269
89,TRV130,intermediate,19,36.84210526315789,15.789473684210526,-0.0861408612108664,0.0859939440757425
90,Buprenorphine,weak,19,15.789473684210526,15.789473684210526,-0.1113609576752473,0.11109641308379
90,Butorphanol,weak,19,31.57894736842105,21.052631578947366,-0.0801191611184618,0.0800647966675614
90,C6guano,strong,19,57.89473684210527,5.263157894736842,-0.0947407086689432,0.0946580524027358
90,Carfentanil,strong,19,73.68421052631578,0.0,-0.073569523017839,0.0734593326602058
90,DAMGO,strong,19,47.368421052631575,0.0,-0.0706493581082685,0.0704363723870284
90,Fentanyl,strong,19,47.368421052631575,10.526315789473683,-0.1135817353402551,0.113889572243734
90,MP,weak,19,26.31578947368421,5.263157894736842,-0.1049233218375642,0.1055544348762352
90,Methadone,intermediate,19,42.10526315789473,0.0,-0.1023794128819081,0.1022561647143245
90,Morphine,strong,19,57.89473684210527,0.0,-0.0938133962225504,0.0942030687789831
90,Nalbuphine,weak,19,36.84210526315789,5.263157894736842,-0.0914849125378854,0.0917461636140948
90,Naloxone,antagonist,19,10.526315789473683,5.263157894736842,-0.0882344129122834,0.0883395316717978
90,Naltrexone,antagonist,19,42.10526315789473,5.263157894736842,-0.0848397486446551,0.0850472018991877
90,PZM21,intermediate,19,52.63157894736842,0.0,-0.0925623982587858,0.0922349360906992
90,SR17018,strong,19,52.63157894736842,0.0,-0.0922056472818427,0.0924902322950269
90,TRV130,intermediate,19,52.63157894736842,5.263157894736842,-0.0861408612108664,0.0859939440757425
91,Buprenorphine,weak,19,52.63157894736842,0.0,-0.1113609576752473,0.11109641308379
91,Butorphanol,weak,19,36.84210526315789,10.526315789473683,-0.0801191611184618,0.0800647966675614
91,C6guano,strong,19,84.21052631578947,0.0,-0.0947407086689432,0.0946580524027358
91,Carfentanil,strong,19,94.73684210526316,0.0,-0.073569523017839,0.0734593326602058
91,DAMGO,strong,19,89.47368421052632,0.0,-0.0706493581082685,0.0704363723870284
91,Fentanyl,strong,19,89.47368421052632,5.263157894736842,-0.1135817353402551,0.113889572243734
91,MP,weak,19,52.63157894736842,5.263157894736842,-0.1049233218375642,0.1055544348762352
91,Methadone,intermediate,19,84.21052631578947,0.0,-0.1023794128819081,0.1022561647143245
91,Morphine,strong,19,84.21052631578947,5.263157894736842,-0.0938133962225504,0.0942030687789831
91,Nalbuphine,weak,19,15.789473684210526,0.0,-0.0914849125378854,0.0917461636140948
91,Naloxone,antagonist,19,15.789473684210526,42.10526315789473,-0.0882344129122834,0.0883395316717978
91,Naltrexone,antagonist,19,31.57894736842105,0.0,-0.0848397486446551,0.0850472018991877
91,PZM21,intermediate,19,94.73684210526316,0.0,-0.0925623982587858,0.0922349360906992
91,SR17018,strong,19,89.47368421052632,0.0,-0.0922056472818427,0.0924902322950269
91,TRV130,intermediate,19,73.68421052631578,0.0,-0.0861408612108664,0.0859939440757425
92,Buprenorphine,weak,18,44.44444444444444,5.555555555555555,-0.1113609576752473,0.11109641308379
92,Butorphanol,weak,18,33.33333333333333,22.22222222222222,-0.0801191611184618,0.0800647966675614
92,C6guano,strong,18,72.22222222222221,5.555555555555555,-0.0947407086689432,0.0946580524027358
92,Carfentanil,strong,18,44.44444444444444,0.0,-0.073569523017839,0.0734593326602058
92,DAMGO,strong,18,66.66666666666666,0.0,-0.0706493581082685,0.0704363723870284
92,Fentanyl,strong,18,72.22222222222221,0.0,-0.1135817353402551,0.113889572243734
92,MP,weak,18,66.66666666666666,0.0,-0.1049233218375642,0.1055544348762352
92,Methadone,intermediate,18,66.66666666666666,0.0,-0.1023794128819081,0.1022561647143245
92,Morphine,strong,18,100.0,0.0,-0.0938133962225504,0.0942030687789831
92,Nalbuphine,weak,18,44.44444444444444,0.0,-0.0914849125378854,0.0917461636140948
92,Naloxone,antagonist,18,11.11111111111111,0.0,-0.0882344129122834,0.0883395316717978
92,Naltrexone,antagonist,18,11.11111111111111,11.11111111111111,-0.0848397486446551,0.0850472018991877
92,PZM21,intermediate,18,83.33333333333334,0.0,-0.0925623982587858,0.0922349360906992
92,SR17018,strong,18,83.33333333333334,0.0,-0.0922056472818427,0.0924902322950269
92,TRV130,intermediate,18,55.55555555555556,0.0,-0.0861408612108664,0.0859939440757425
93,Buprenorphine,weak,19,47.368421052631575,10.526315789473683,-0.1113609576752473,0.11109641308379
93,Butorphanol,weak,19,52.63157894736842,5.263157894736842,-0.0801191611184618,0.0800647966675614
93,C6guano,strong,19,52.63157894736842,0.0,-0.0947407086689432,0.0946580524027358
93,Carfentanil,strong,19,21.052631578947366,15.789473684210526,-0.073569523017839,0.0734593326602058
93,DAMGO,strong,19,36.84210526315789,15.789473684210526,-0.0706493581082685,0.0704363723870284
93,Fentanyl,strong,19,42.10526315789473,0.0,-0.1135817353402551,0.113889572243734
93,MP,weak,19,15.789473684210526,15.789473684210526,-0.1049233218375642,0.1055544348762352
93,Methadone,intermediate,19,52.63157894736842,10.526315789473683,-0.1023794128819081,0.1022561647143245
93,Morphine,strong,19,42.10526315789473,10.526315789473683,-0.0938133962225504,0.0942030687789831
93,Nalbuphine,weak,19,21.052631578947366,0.0,-0.0914849125378854,0.0917461636140948
93,Naloxone,antagonist,19,21.052631578947366,0.0,-0.0882344129122834,0.0883395316717978
93,Naltrexone,antagonist,19,15.789473684210526,0.0,-0.0848397486446551,0.0850472018991877
93,PZM21,intermediate,19,57.89473684210527,0.0,-0.0925623982587858,0.0922349360906992
93,SR17018,strong,19,21.052631578947366,15.789473684210526,-0.0922056472818427,0.0924902322950269
93,TRV130,intermediate,19,68.42105263157895,0.0,-0.0861408612108664,0.0859939440757425
94,Buprenorphine,weak,19,31.57894736842105,0.0,-0.1113609576752473,0.11109641308379
94,Butorphanol,weak,19,21.052631578947366,10.526315789473683,-0.0801191611184618,0.0800647966675614
94,C6guano,strong,19,36.84210526315789,15.789473684210526,-0.0947407086689432,0.0946580524027358
94,Carfentanil,strong,19,42.10526315789473,10.526315789473683,-0.073569523017839,0.0734593326602058
94,DAMGO,strong,19,31.57894736842105,0.0,-0.0706493581082685,0.0704363723870284
94,Fentanyl,strong,19,52.63157894736842,0.0,-0.1135817353402551,0.113889572243734
94,MP,weak,19,5.263157894736842,0.0,-0.1049233218375642,0.1055544348762352
94,Methadone,intermediate,19,63.1578947368421,5.263157894736842,-0.1023794128819081,0.1022561647143245
94,Morphine,strong,19,57.89473684210527,0.0,-0.0938133962225504,0.0942030687789831
94,Nalbuphine,weak,19,26.31578947368421,10.526315789473683,-0.0914849125378854,0.0917461636140948
94,Naloxone,antagonist,19,42.10526315789473,5.263157894736842,-0.0882344129122834,0.0883395316717978
94,Naltrexone,antagonist,19,10.526315789473683,21.052631578947366,-0.0848397486446551,0.0850472018991877
94,PZM21,intermediate,19,68.42105263157895,5.263157894736842,-0.0925623982587858,0.0922349360906992
94,SR17018,strong,19,36.84210526315789,0.0,-0.0922056472818427,0.0924902322950269
94,TRV130,intermediate,19,36.84210526315789,10.526315789473683,-0.0861408612108664,0.0859939440757425
95,Buprenorphine,weak,19,21.052631578947366,15.789473684210526,-0.1113609576752473,0.11109641308379
95,Butorphanol,weak,19,21.052631578947366,0.0,-0.0801191611184618,0.0800647966675614
95,C6guano,strong,19,47.368421052631575,0.0,-0.0947407086689432,0.0946580524027358
95,Carfentanil,strong,19,68.42105263157895,0.0,-0.073569523017839,0.0734593326602058
95,DAMGO,strong,19,63.1578947368421,0.0,-0.0706493581082685,0.0704363723870284
95,Fentanyl,strong,19,84.21052631578947,0.0,-0.1135817353402551,0.113889572243734
95,MP,weak,19,10.526315789473683,15.789473684210526,-0.1049233218375642,0.1055544348762352
95,Methadone,intermediate,19,68.42105263157895,0.0,-0.1023794128819081,0.1022561647143245
95,Morphine,strong,19,68.42105263157895,5.263157894736842,-0.0938133962225504,0.0942030687789831
95,Nalbuphine,weak,19,15.789473684210526,0.0,-0.0914849125378854,0.0917461636140948
95,Naloxone,antagonist,19,10.526315789473683,31.57894736842105,-0.0882344129122834,0.0883395316717978
95,Naltrexone,antagonist,19,21.052631578947366,36.84210526315789,-0.0848397486446551,0.0850472018991877
95,PZM21,intermediate,19,52.63157894736842,0.0,-0.0925623982587858,0.0922349360906992
95,SR17018,strong,19,57.89473684210527,0.0,-0.0922056472818427,0.0924902322950269
95,TRV130,intermediate,19,31.57894736842105,10.526315789473683,-0.0861408612108664,0.0859939440757425
96,Buprenorphine,weak,19,10.526315789473683,21.052631578947366,-0.1113609576752473,0.11109641308379
96,Butorphanol,weak,19,21.052631578947366,47.368421052631575,-0.0801191611184618,0.0800647966675614
96,C6guano,strong,19,21.052631578947366,5.263157894736842,-0.0947407086689432,0.0946580524027358
96,Carfentanil,strong,19,10.526315789473683,21.052631578947366,-0.073569523017839,0.0734593326602058
96,DAMGO,strong,19,5.263157894736842,5.263157894736842,-0.0706493581082685,0.0704363723870284
96,Fentanyl,strong,19,15.789473684210526,10.526315789473683,-0.1135817353402551,0.113889572243734
96,MP,weak,19,21.052631578947366,26.31578947368421,-0.1049233218375642,0.1055544348762352
96,Methadone,intermediate,19,31.57894736842105,0.0,-0.1023794128819081,0.1022561647143245
96,Morphine,strong,19,21.052631578947366,0.0,-0.0938133962225504,0.0942030687789831
96,Nalbuphine,weak,19,21.052631578947366,31.57894736842105,-0.0914849125378854,0.0917461636140948
96,Naloxone,antagonist,19,10.526315789473683,5.263157894736842,-0.0882344129122834,0.0883395316717978
96,Naltrexone,antagonist,19,21.052631578947366,15.789473684210526,-0.0848397486446551,0.0850472018991877
96,PZM21,intermediate,19,47.368421052631575,5.263157894736842,-0.0925623982587858,0.0922349360906992
96,SR17018,strong,19,26.31578947368421,15.789473684210526,-0.0922056472818427,0.0924902322950269
96,TRV130,intermediate,19,15.789473684210526,21.052631578947366,-0.0861408612108664,0.0859939440757425
97,Buprenorphine,weak,18,27.77777777777778,0.0,-0.1113609576752473,0.11109641308379
97,Butorphanol,weak,18,22.22222222222222,16.666666666666664,-0.0801191611184618,0.0800647966675614
97,C6guano,strong,18,22.22222222222222,0.0,-0.0947407086689432,0.0946580524027358
97,Carfentanil,strong,18,27.77777777777778,16.666666666666664,-0.073569523017839,0.0734593326602058
97,DAMGO,strong,18,33.33333333333333,11.11111111111111,-0.0706493581082685,0.0704363723870284
97,Fentanyl,strong,18,50.0,0.0,-0.1135817353402551,0.113889572243734
97,MP,weak,18,22.22222222222222,11.11111111111111,-0.1049233218375642,0.1055544348762352
97,Methadone,intermediate,18,33.33333333333333,0.0,-0.1023794128819081,0.1022561647143245
97,Morphine,strong,18,27.77777777777778,0.0,-0.0938133962225504,0.0942030687789831
97,Nalbuphine,weak,18,22.22222222222222,22.22222222222222,-0.0914849125378854,0.0917461636140948
97,Naloxone,antagonist,18,27.77777777777778,0.0,-0.0882344129122834,0.0883395316717978
97,Naltrexone,antagonist,18,44.44444444444444,5.555555555555555,-0.0848397486446551,0.0850472018991877
97,PZM21,intermediate,18,50.0,5.555555555555555,-0.0925623982587858,0.0922349360906992
97,SR17018,strong,18,22.22222222222222,5.555555555555555,-0.0922056472818427,0.0924902322950269
97,TRV130,intermediate,18,44.44444444444444,0.0,-0.0861408612108664,0.0859939440757425
98,Buprenorphine,weak,19,26.31578947368421,5.263157894736842,-0.1113609576752473,0.11109641308379
98,Butorphanol,weak,19,21.052631578947366,36.84210526315789,-0.0801191611184618,0.0800647966675614
98,C6guano,strong,19,36.84210526315789,15.789473684210526,-0.0947407086689432,0.0946580524027358
98,Carfentanil,strong,19,21.052631578947366,10.526315789473683,-0.073569523017839,0.0734593326602058
98,DAMGO,strong,19,31.57894736842105,0.0,-0.0706493581082685,0.0704363723870284
98,Fentanyl,strong,19,31.57894736842105,0.0,-0.1135817353402551,0.113889572243734
98,MP,weak,19,26.31578947368421,15.789473684210526,-0.1049233218375642,0.1055544348762352
98,Methadone,intermediate,19,26.31578947368421,0.0,-0.1023794128819081,0.1022561647143245
98,Morphine,strong,19,21.052631578947366,5.263157894736842,-0.0938133962225504,0.0942030687789831
98,Nalbuphine,weak,19,31.57894736842105,10.526315789473683,-0.0914849125378854,0.0917461636140948
98,Naloxone,antagonist,19,0.0,21.052631578947366,-0.0882344129122834,0.0883395316717978
98,Naltrexone,antagonist,19,47.368421052631575,15.789473684210526,-0.0848397486446551,0.0850472018991877
98,PZM21,intermediate,19,52.63157894736842,0.0,-0.0925623982587858,0.0922349360906992
98,SR17018,strong,19,36.84210526315789,5.263157894736842,-0.0922056472818427,0.0924902322950269
98,TRV130,intermediate,19,31.57894736842105,31.57894736842105,-0.0861408612108664,0.0859939440757425
99,Buprenorphine,weak,19,21.052631578947366,5.263157894736842,-0.1113609576752473,0.11109641308379
99,Butorphanol,weak,19,21.052631578947366,36.84210526315789,-0.0801191611184618,0.0800647966675614
99,C6guano,strong,19,15.789473684210526,10.526315789473683,-0.0947407086689432,0.0946580524027358
99,Carfentanil,strong,19,26.31578947368421,5.263157894736842,-0.073569523017839,0.0734593326602058
99,DAMGO,strong,19,26.31578947368421,10.526315789473683,-0.0706493581082685,0.0704363723870284
99,Fentanyl,strong,19,15.789473684210526,5.263157894736842,-0.1135817353402551,0.113889572243734
99,MP,weak,19,5.263157894736842,36.84210526315789,-0.1049233218375642,0.1055544348762352
99,Methadone,intermediate,19,15.789473684210526,10.526315789473683,-0.1023794128819081,0.1022561647143245
99,Morphine,strong,19,36.84210526315789,5.263157894736842,-0.0938133962225504,0.0942030687789831
99,Nalbuphine,weak,19,31.57894736842105,15.789473684210526,-0.0914849125378854,0.0917461636140948
99,Naloxone,antagonist,19,5.263157894736842,21.052631578947366,-0.0882344129122834,0.0883395316717978
99,Naltrexone,antagonist,19,21.052631578947366,21.052631578947366,-0.0848397486446551,0.0850472018991877
99,PZM21,intermediate,19,26.31578947368421,15.789473684210526,-0.0925623982587858,0.0922349360906992
99,SR17018,strong,19,42.10526315789473,15.789473684210526,-0.0922056472818427,0.0924902322950269
99,TRV130,intermediate,19,47.368421052631575,21.052631578947366,-0.0861408612108664,0.0859939440757425
100,Buprenorphine,weak,19,78.94736842105263,0.0,-0.1113609576752473,0.11109641308379
100,Butorphanol,weak,19,84.21052631578947,5.263157894736842,-0.0801191611184618,0.0800647966675614
100,C6guano,strong,19,89.47368421052632,0.0,-0.0947407086689432,0.0946580524027358
100,Carfentanil,strong,19,31.57894736842105,10.526315789473683,-0.073569523017839,0.0734593326602058
100,DAMGO,strong,19,21.052631578947366,10.526315789473683,-0.0706493581082685,0.0704363723870284
100,Fentanyl,strong,19,63.1578947368421,0.0,-0.1135817353402551,0.113889572243734
100,MP,weak,19,68.42105263157895,0.0,-0.1049233218375642,0.1055544348762352
100,Methadone,intermediate,19,84.21052631578947,0.0,-0.1023794128819081,0.1022561647143245
100,Morphine,strong,19,73.68421052631578,5.263157894736842,-0.0938133962225504,0.0942030687789831
100,Nalbuphine,weak,19,63.1578947368421,5.263157894736842,-0.0914849125378854,0.0917461636140948
100,Naloxone,antagonist,19,42.10526315789473,10.526315789473683,-0.0882344129122834,0.0883395316717978
100,Naltrexone,antagonist,19,52.63157894736842,5.263157894736842,-0.0848397486446551,0.0850472018991877
100,PZM21,intermediate,19,89.47368421052632,0.0,-0.0925623982587858,0.0922349360906992
100,SR17018,strong,19,47.368421052631575,0.0,-0.0922056472818427,0.0924902322950269
100,TRV130,intermediate,19,89.47368421052632,0.0,-0.0861408612108664,0.0859939440757425
101,Buprenorphine,weak,19,10.526315789473683,0.0,-0.1113609576752473,0.11109641308379
101,Butorphanol,weak,19,0.0,47.368421052631575,-0.0801191611184618,0.0800647966675614
101,C6guano,strong,19,47.368421052631575,0.0,-0.0947407086689432,0.0946580524027358
101,Carfentanil,strong,19,36.84210526315789,0.0,-0.073569523017839,0.0734593326602058
101,DAMGO,strong,19,89.47368421052632,0.0,-0.0706493581082685,0.0704363723870284
101,Fentanyl,strong,19,42.10526315789473,0.0,-0.1135817353402551,0.113889572243734
101,MP,weak,19,0.0,31.57894736842105,-0.1049233218375642,0.1055544348762352
101,Methadone,intermediate,19,63.1578947368421,0.0,-0.1023794128819081,0.1022561647143245
101,Morphine,strong,19,21.052631578947366,0.0,-0.0938133962225504,0.0942030687789831
101,Nalbuphine,weak,19,0.0,42.10526315789473,-0.0914849125378854,0.0917461636140948
101,Naloxone,antagonist,19,0.0,31.57894736842105,-0.0882344129122834,0.0883395316717978
101,Naltrexone,antagonist,19,0.0,31.57894736842105,-0.0848397486446551,0.0850472018991877
101,PZM21,intermediate,19,52.63157894736842,0.0,-0.0925623982587858,0.0922349360906992
101,SR17018,strong,19,52.63157894736842,5.263157894736842,-0.0922056472818427,0.0924902322950269
101,TRV130,intermediate,19,26.31578947368421,0.0,-0.0861408612108664,0.0859939440757425
102,Buprenorphine,weak,19,21.052631578947366,0.0,-0.1113609576752473,0.11109641308379
102,Butorphanol,weak,19,15.789473684210526,5.263157894736842,-0.0801191611184618,0.0800647966675614
102,C6guano,strong,19,36.84210526315789,0.0,-0.0947407086689432,0.0946580524027358
102,Carfentanil,strong,19,10.526315789473683,21.052631578947366,-0.073569523017839,0.0734593326602058
102,DAMGO,strong,19,21.052631578947366,0.0,-0.0706493581082685,0.0704363723870284
102,Fentanyl,strong,19,10.526315789473683,0.0,-0.1135817353402551,0.113889572243734
102,MP,weak,19,26.31578947368421,5.263157894736842,-0.1049233218375642,0.1055544348762352
102,Methadone,intermediate,19,36.84210526315789,5.263157894736842,-0.1023794128819081,0.1022561647143245
102,Morphine,strong,19,15.789473684210526,5.263157894736842,-0.0938133962225504,0.0942030687789831
102,Nalbuphine,weak,19,5.263157894736842,21.052631578947366,-0.0914849125378854,0.0917461636140948
102,Naloxone,antagonist,19,10.526315789473683,5.263157894736842,-0.0882344129122834,0.0883395316717978
102,Naltrexone,antagonist,19,26.31578947368421,15.789473684210526,-0.0848397486446551,0.0850472018991877
102,PZM21,intermediate,19,52.63157894736842,0.0,-0.0925623982587858,0.0922349360906992
102,SR17018,strong,19,15.789473684210526,0.0,-0.0922056472818427,0.0924902322950269
102,TRV130,intermediate,19,36.84210526315789,10.526315789473683,-0.0861408612108664,0.0859939440757425
103,Buprenorphine,weak,19,5.263157894736842,10.526315789473683,-0.1113609576752473,0.11109641308379
103,Butorphanol,weak,19,15.789473684210526,31.57894736842105,-0.0801191611184618,0.0800647966675614
103,C6guano,strong,19,73.68421052631578,0.0,-0.0947407086689432,0.0946580524027358
103,Carfentanil,strong,19,57.89473684210527,0.0,-0.073569523017839,0.0734593326602058
103,DAMGO,strong,19,57.89473684210527,0.0,-0.0706493581082685,0.0704363723870284
103,Fentanyl,strong,19,73.68421052631578,5.263157894736842,-0.1135817353402551,0.113889572243734
103,MP,weak,19,21.052631578947366,10.526315789473683,-0.1049233218375642,0.1055544348762352
103,Methadone,intermediate,19,47.368421052631575,10.526315789473683,-0.1023794128819081,0.1022561647143245
103,Morphine,strong,19,52.63157894736842,0.0,-0.0938133962225504,0.0942030687789831
103,Nalbuphine,weak,19,5.263157894736842,5.263157894736842,-0.0914849125378854,0.0917461636140948
103,Naloxone,antagonist,19,5.263157894736842,31.57894736842105,-0.0882344129122834,0.0883395316717978
103,Naltrexone,antagonist,19,15.789473684210526,47.368421052631575,-0.0848397486446551,0.0850472018991877
103,PZM21,intermediate,19,63.1578947368421,5.263157894736842,-0.0925623982587858,0.0922349360906992
103,SR17018,strong,19,47.368421052631575,0.0,-0.0922056472818427,0.0924902322950269
103,TRV130,intermediate,19,42.10526315789473,0.0,-0.0861408612108664,0.0859939440757425
104,Buprenorphine,weak,19,26.31578947368421,0.0,-0.1113609576752473,0.11109641308379
104,Butorphanol,weak,19,47.368421052631575,0.0,-0.0801191611184618,0.0800647966675614
104,C6guano,strong,19,68.42105263157895,0.0,-0.0947407086689432,0.0946580524027358
104,Carfentanil,strong,19,42.10526315789473,5.263157894736842,-0.073569523017839,0.0734593326602058
104,DAMGO,strong,19,52.63157894736842,0.0,-0.0706493581082685,0.0704363723870284
104,Fentanyl,strong,19,57.89473684210527,0.0,-0.1135817353402551,0.113889572243734
104,MP,weak,19,42.10526315789473,0.0,-0.1049233218375642,0.1055544348762352
104,Methadone,intermediate,19,73.68421052631578,0.0,-0.1023794128819081,0.1022561647143245
104,Morphine,strong,19,63.1578947368421,5.263157894736842,-0.0938133962225504,0.0942030687789831
104,Nalbuphine,weak,19,31.57894736842105,0.0,-0.0914849125378854,0.0917461636140948
104,Naloxone,antagonist,19,0.0,5.263157894736842,-0.0882344129122834,0.0883395316717978
104,Naltrexone,antagonist,19,10.526315789473683,5.263157894736842,-0.0848397486446551,0.0850472018991877
104,PZM21,intermediate,19,78.94736842105263,0.0,-0.0925623982587858,0.0922349360906992
104,SR17018,strong,19,52.63157894736842,0.0,-0.0922056472818427,0.0924902322950269
104,TRV130,intermediate,19,52.63157894736842,0.0,-0.0861408612108664,0.0859939440757425
105,Buprenorphine,weak,19,21.052631578947366,21.052631578947366,-0.1113609576752473,0.11109641308379
105,Butorphanol,weak,19,26.31578947368421,21.052631578947366,-0.0801191611184618,0.0800647966675614
105,C6guano,strong,19,42.10526315789473,15.789473684210526,-0.0947407086689432,0.0946580524027358
105,Carfentanil,strong,19,36.84210526315789,5.263157894736842,-0.073569523017839,0.0734593326602058
105,DAMGO,strong,19,52.63157894736842,5.263157894736842,-0.0706493581082685,0.0704363723870284
105,Fentanyl,strong,19,84.21052631578947,0.0,-0.1135817353402551,0.113889572243734
105,MP,weak,19,15.789473684210526,10.526315789473683,-0.1049233218375642,0.1055544348762352
105,Methadone,intermediate,19,52.63157894736842,5.263157894736842,-0.1023794128819081,0.1022561647143245
105,Morphine,strong,19,73.68421052631578,0.0,-0.0938133962225504,0.0942030687789831
105,Nalbuphine,weak,19,26.31578947368421,31.57894736842105,-0.0914849125378854,0.0917461636140948
105,Naloxone,antagonist,19,5.263157894736842,31.57894736842105,-0.0882344129122834,0.0883395316717978
105,Naltrexone,antagonist,19,15.789473684210526,10.526315789473683,-0.0848397486446551,0.0850472018991877
105,PZM21,intermediate,19,42.10526315789473,0.0,-0.0925623982587858,0.0922349360906992
105,SR17018,strong,19,52.63157894736842,0.0,-0.0922056472818427,0.0924902322950269
105,TRV130,intermediate,19,47.368421052631575,0.0,-0.0861408612108664,0.0859939440757425
106,Buprenorphine,weak,19,5.263157894736842,0.0,-0.1113609576752473,0.11109641308379
106,Butorphanol,weak,19,21.052631578947366,21.052631578947366,-0.0801191611184618,0.0800647966675614
106,C6guano,strong,19,47.368421052631575,0.0,-0.0947407086689432,0.0946580524027358
106,Carfentanil,strong,19,73.68421052631578,0.0,-0.073569523017839,0.0734593326602058
106,DAMGO,strong,19,73.68421052631578,0.0,-0.0706493581082685,0.0704363723870284
106,Fentanyl,strong,19,73.68421052631578,0.0,-0.1135817353402551,0.113889572243734
106,MP,weak,19,5.263157894736842,10.526315789473683,-0.1049233218375642,0.1055544348762352
106,Methadone,intermediate,19,84.21052631578947,0.0,-0.1023794128819081,0.1022561647143245
106,Morphine,strong,19,63.1578947368421,0.0,-0.0938133962225504,0.0942030687789831
106,Nalbuphine,weak,19,0.0,21.052631578947366,-0.0914849125378854,0.0917461636140948
106,Naloxone,antagonist,19,0.0,21.052631578947366,-0.0882344129122834,0.0883395316717978
106,Naltrexone,antagonist,19,0.0,52.63157894736842,-0.0848397486446551,0.0850472018991877
106,PZM21,intermediate,19,68.42105263157895,0.0,-0.0925623982587858,0.0922349360906992
106,SR17018,strong,19,73.68421052631578,0.0,-0.0922056472818427,0.0924902322950269
106,TRV130,intermediate,19,0.0,10.526315789473683,-0.0861408612108664,0.0859939440757425
107,Buprenorphine,weak,19,5.263157894736842,15.789473684210526,-0.1113609576752473,0.11109641308379
107,Butorphanol,weak,19,15.789473684210526,47.368421052631575,-0.0801191611184618,0.0800647966675614
107,C6guano,strong,19,31.57894736842105,10.526315789473683,-0.0947407086689432,0.0946580524027358
107,Carfentanil,strong,19,52.63157894736842,0.0,-0.073569523017839,0.0734593326602058
107,DAMGO,strong,19,47.368421052631575,21.052631578947366,-0.0706493581082685,0.0704363723870284
107,Fentanyl,strong,19,57.89473684210527,10.526315789473683,-0.1135817353402551,0.113889572243734
107,MP,weak,19,21.052631578947366,21.052631578947366,-0.1049233218375642,0.1055544348762352
107,Methadone,intermediate,19,52.63157894736842,15.789473684210526,-0.1023794128819081,0.1022561647143245
107,Morphine,strong,19,26.31578947368421,5.263157894736842,-0.0938133962225504,0.0942030687789831
107,Nalbuphine,weak,19,10.526315789473683,42.10526315789473,-0.0914849125378854,0.0917461636140948
107,Naloxone,antagonist,19,5.263157894736842,15.789473684210526,-0.0882344129122834,0.0883395316717978
107,Naltrexone,antagonist,19,15.789473684210526,21.052631578947366,-0.0848397486446551,0.0850472018991877
107,PZM21,intermediate,19,52.63157894736842,0.0,-0.0925623982587858,0.0922349360906992
107,SR17018,strong,19,42.10526315789473,15.789473684210526,-0.0922056472818427,0.0924902322950269
107,TRV130,intermediate,19,47.368421052631575,21.052631578947366,-0.0861408612108664,0.0859939440757425
108,Buprenorphine,weak,19,26.31578947368421,5.263157894736842,-0.1113609576752473,0.11109641308379
108,Butorphanol,weak,19,31.57894736842105,15.789473684210526,-0.0801191611184618,0.0800647966675614
108,C6guano,strong,19,57.89473684210527,5.263157894736842,-0.0947407086689432,0.0946580524027358
108,Carfentanil,strong,19,68.42105263157895,5.263157894736842,-0.073569523017839,0.0734593326602058
108,DAMGO,strong,19,73.68421052631578,0.0,-0.0706493581082685,0.0704363723870284
108,Fentanyl,strong,19,89.47368421052632,0.0,-0.1135817353402551,0.113889572243734
108,MP,weak,19,31.57894736842105,0.0,-0.1049233218375642,0.1055544348762352
108,Methadone,intermediate,19,89.47368421052632,0.0,-0.1023794128819081,0.1022561647143245
108,Morphine,strong,19,68.42105263157895,0.0,-0.0938133962225504,0.0942030687789831
108,Nalbuphine,weak,19,15.789473684210526,26.31578947368421,-0.0914849125378854,0.0917461636140948
108,Naloxone,antagonist,19,5.263157894736842,36.84210526315789,-0.0882344129122834,0.0883395316717978
108,Naltrexone,antagonist,19,15.789473684210526,5.263157894736842,-0.0848397486446551,0.0850472018991877
108,PZM21,intermediate,19,89.47368421052632,0.0,-0.0925623982587858,0.0922349360906992
108,SR17018,strong,19,78.94736842105263,5.263157894736842,-0.0922056472818427,0.0924902322950269
108,TRV130,intermediate,19,89.47368421052632,0.0,-0.0861408612108664,0.0859939440757425
109,Buprenorphine,weak,19,15.789473684210526,0.0,-0.1113609576752473,0.11109641308379
109,Butorphanol,weak,19,52.63157894736842,15.789473684210526,-0.0801191611184618,0.0800647966675614
109,C6guano,strong,19,63.1578947368421,0.0,-0.0947407086689432,0.0946580524027358
109,Carfentanil,strong,19,52.63157894736842,5.263157894736842,-0.073569523017839,0.0734593326602058
109,DAMGO,strong,19,57.89473684210527,5.263157894736842,-0.0706493581082685,0.0704363723870284
109,Fentanyl,strong,19,78.94736842105263,0.0,-0.1135817353402551,0.113889572243734
109,MP,weak,19,15.789473684210526,15.789473684210526,-0.1049233218375642,0.1055544348762352
109,Methadone,intermediate,19,63.1578947368421,5.263157894736842,-0.1023794128819081,0.1022561647143245
109,Morphine,strong,19,84.21052631578947,0.0,-0.0938133962225504,0.0942030687789831
109,Nalbuphine,weak,19,5.263157894736842,5.263157894736842,-0.0914849125378854,0.0917461636140948
109,Naloxone,antagonist,19,10.526315789473683,31.57894736842105,-0.0882344129122834,0.0883395316717978
109,Naltrexone,antagonist,19,10.526315789473683,47.368421052631575,-0.0848397486446551,0.0850472018991877
109,PZM21,intermediate,19,57.89473684210527,10.526315789473683,-0.0925623982587858,0.0922349360906992
109,SR17018,strong,19,73.68421052631578,0.0,-0.0922056472818427,0.0924902322950269
109,TRV130,intermediate,19,36.84210526315789,5.263157894736842,-0.0861408612108664,0.0859939440757425
110,Buprenorphine,weak,19,10.526315789473683,5.263157894736842,-0.1113609576752473,0.11109641308379
110,Butorphanol,weak,19,63.1578947368421,0.0,-0.0801191611184618,0.0800647966675614
110,C6guano,strong,19,73.68421052631578,0.0,-0.0947407086689432,0.0946580524027358
110,Carfentanil,strong,19,57.89473684210527,0.0,-0.073569523017839,0.0734593326602058
110,DAMGO,strong,19,73.68421052631578,5.263157894736842,-0.0706493581082685,0.0704363723870284
110,Fentanyl,strong,19,57.89473684210527,5.263157894736842,-0.1135817353402551,0.113889572243734
110,MP,weak,19,68.42105263157895,0.0,-0.1049233218375642,0.1055544348762352
110,Methadone,intermediate,19,94.73684210526316,0.0,-0.1023794128819081,0.1022561647143245
110,Morphine,strong,19,57.89473684210527,0.0,-0.0938133962225504,0.0942030687789831
110,Nalbuphine,weak,19,47.368421052631575,15.789473684210526,-0.0914849125378854,0.0917461636140948
110,Naloxone,antagonist,19,31.57894736842105,5.263157894736842,-0.0882344129122834,0.0883395316717978
110,Naltrexone,antagonist,19,36.84210526315789,10.526315789473683,-0.0848397486446551,0.0850472018991877
110,PZM21,intermediate,19,57.89473684210527,5.263157894736842,-0.0925623982587858,0.0922349360906992
110,SR17018,strong,19,57.89473684210527,5.263157894736842,-0.0922056472818427,0.0924902322950269
110,TRV130,intermediate,19,78.94736842105263,0.0,-0.0861408612108664,0.0859939440757425
111,Buprenorphine,weak,19,15.789473684210526,26.31578947368421,-0.1113609576752473,0.11109641308379
111,Butorphanol,weak,19,36.84210526315789,0.0,-0.0801191611184618,0.0800647966675614
111,C6guano,strong,19,57.89473684210527,0.0,-0.0947407086689432,0.0946580524027358
111,Carfentanil,strong,19,52.63157894736842,0.0,-0.073569523017839,0.0734593326602058
111,DAMGO,strong,19,84.21052631578947,0.0,-0.0706493581082685,0.0704363723870284
111,Fentanyl,strong,19,89.47368421052632,0.0,-0.1135817353402551,0.113889572243734
111,MP,weak,19,15.789473684210526,15.789473684210526,-0.1049233218375642,0.1055544348762352
111,Methadone,intermediate,19,68.42105263157895,0.0,-0.1023794128819081,0.1022561647143245
111,Morphine,strong,19,57.89473684210527,0.0,-0.0938133962225504,0.0942030687789831
111,Nalbuphine,weak,19,26.31578947368421,5.263157894736842,-0.0914849125378854,0.0917461636140948
111,Naloxone,antagonist,19,0.0,42.10526315789473,-0.0882344129122834,0.0883395316717978
111,Naltrexone,antagonist,19,10.526315789473683,57.89473684210527,-0.0848397486446551,0.0850472018991877
111,PZM21,intermediate,19,73.68421052631578,0.0,-0.0925623982587858,0.0922349360906992
111,SR17018,strong,19,94.73684210526316,0.0,-0.0922056472818427,0.0924902322950269
111,TRV130,intermediate,19,52.63157894736842,0.0,-0.0861408612108664,0.0859939440757425
112,Buprenorphine,weak,19,36.84210526315789,0.0,-0.1113609576752473,0.11109641308379
112,Butorphanol,weak,19,42.10526315789473,5.263157894736842,-0.0801191611184618,0.0800647966675614
112,C6guano,strong,19,73.68421052631578,0.0,-0.0947407086689432,0.0946580524027358
112,Carfentanil,strong,19,84.21052631578947,0.0,-0.073569523017839,0.0734593326602058
112,DAMGO,strong,19,89.47368421052632,0.0,-0.0706493581082685,0.0704363723870284
112,Fentanyl,strong,19,84.21052631578947,0.0,-0.1135817353402551,0.113889572243734
112,MP,weak,19,31.57894736842105,0.0,-0.1049233218375642,0.1055544348762352
112,Methadone,intermediate,19,78.94736842105263,5.263157894736842,-0.1023794128819081,0.1022561647143245
112,Morphine,strong,19,63.1578947368421,0.0,-0.0938133962225504,0.0942030687789831
112,Nalbuphine,weak,19,63.1578947368421,5.263157894736842,-0.0914849125378854,0.0917461636140948
112,Naloxone,antagonist,19,26.31578947368421,5.263157894736842,-0.0882344129122834,0.0883395316717978
112,Naltrexone,antagonist,19,42.10526315789473,5.263157894736842,-0.0848397486446551,0.0850472018991877
112,PZM21,intermediate,19,73.68421052631578,0.0,-0.0925623982587858,0.0922349360906992
112,SR17018,strong,19,84.21052631578947,0.0,-0.0922056472818427,0.0924902322950269
112,TRV130,intermediate,19,63.1578947368421,0.0,-0.0861408612108664,0.0859939440757425
113,Buprenorphine,weak,19,68.42105263157895,0.0,-0.1113609576752473,0.11109641308379
113,Butorphanol,weak,19,57.89473684210527,0.0,-0.0801191611184618,0.0800647966675614
113,C6guano,strong,19,100.0,0.0,-0.0947407086689432,0.0946580524027358
113,Carfentanil,strong,19,84.21052631578947,0.0,-0.073569523017839,0.0734593326602058
113,DAMGO,strong,19,84.21052631578947,0.0,-0.0706493581082685,0.0704363723870284
113,Fentanyl,strong,19,73.68421052631578,0.0,-0.1135817353402551,0.113889572243734
113,MP,weak,19,57.89473684210527,0.0,-0.1049233218375642,0.1055544348762352
113,Methadone,intermediate,19,94.73684210526316,0.0,-0.1023794128819081,0.1022561647143245
113,Morphine,strong,19,100.0,0.0,-0.0938133962225504,0.0942030687789831
113,Nalbuphine,weak,19,63.1578947368421,0.0,-0.0914849125378854,0.0917461636140948
113,Naloxone,antagonist,19,21.052631578947366,10.526315789473683,-0.0882344129122834,0.0883395316717978
113,Naltrexone,antagonist,19,15.789473684210526,15.789473684210526,-0.0848397486446551,0.0850472018991877
113,PZM21,intermediate,19,78.94736842105263,0.0,-0.0925623982587858,0.0922349360906992
113,SR17018,strong,19,73.68421052631578,0.0,-0.0922056472818427,0.0924902322950269
113,TRV130,intermediate,19,84.21052631578947,5.263157894736842,-0.0861408612108664,0.0859939440757425
114,Buprenorphine,weak,19,57.89473684210527,0.0,-0.1113609576752473,0.11109641308379
114,Butorphanol,weak,19,63.1578947368421,5.263157894736842,-0.0801191611184618,0.0800647966675614
114,C6guano,strong,19,57.89473684210527,5.263157894736842,-0.0947407086689432,0.0946580524027358
114,Carfentanil,strong,19,57.89473684210527,10.526315789473683,-0.073569523017839,0.0734593326602058
114,DAMGO,strong,19,57.89473684210527,10.526315789473683,-0.0706493581082685,0.0704363723870284
114,Fentanyl,strong,19,63.1578947368421,0.0,-0.1135817353402551,0.113889572243734
114,MP,weak,19,42.10526315789473,5.263157894736842,-0.1049233218375642,0.1055544348762352
114,Methadone,intermediate,19,57.89473684210527,5.263157894736842,-0.1023794128819081,0.1022561647143245
114,Morphine,strong,19,52.63157894736842,15.789473684210526,-0.0938133962225504,0.0942030687789831
114,Nalbuphine,weak,19,57.89473684210527,5.263157894736842,-0.0914849125378854,0.0917461636140948
114,Naloxone,antagonist,19,47.368421052631575,5.263157894736842,-0.0882344129122834,0.0883395316717978
114,Naltrexone,antagonist,19,31.57894736842105,5.263157894736842,-0.0848397486446551,0.0850472018991877
114,PZM21,intermediate,19,52.63157894736842,0.0,-0.0925623982587858,0.0922349360906992
114,SR17018,strong,19,57.89473684210527,0.0,-0.0922056472818427,0.0924902322950269
114,TRV130,intermediate,19,63.1578947368421,5.263157894736842,-0.0861408612108664,0.0859939440757425
115,Buprenorphine,weak,19,57.89473684210527,10.526315789473683,-0.1113609576752473,0.11109641308379
115,Butorphanol,weak,19,57.89473684210527,21.052631578947366,-0.0801191611184618,0.0800647966675614
115,C6guano,strong,19,26.31578947368421,10.526315789473683,-0.0947407086689432,0.0946580524027358
115,Carfentanil,strong,19,36.84210526315789,10.526315789473683,-0.073569523017839,0.0734593326602058
115,DAMGO,strong,19,47.368421052631575,5.263157894736842,-0.0706493581082685,0.0704363723870284
115,Fentanyl,strong,19,57.89473684210527,5.263157894736842,-0.1135817353402551,0.113889572243734
115,MP,weak,19,63.1578947368421,0.0,-0.1049233218375642,0.1055544348762352
115,Methadone,intermediate,19,78.94736842105263,5.263157894736842,-0.1023794128819081,0.1022561647143245
115,Morphine,strong,19,78.94736842105263,0.0,-0.0938133962225504,0.0942030687789831
115,Nalbuphine,weak,19,42.10526315789473,5.263157894736842,-0.0914849125378854,0.0917461636140948
115,Naloxone,antagonist,19,21.052631578947366,10.526315789473683,-0.0882344129122834,0.0883395316717978
115,Naltrexone,antagonist,19,42.10526315789473,15.789473684210526,-0.0848397486446551,0.0850472018991877
115,PZM21,intermediate,19,84.21052631578947,0.0,-0.0925623982587858,0.0922349360906992
115,SR17018,strong,19,68.42105263157895,0.0,-0.0922056472818427,0.0924902322950269
115,TRV130,intermediate,19,68.42105263157895,5.263157894736842,-0.0861408612108664,0.0859939440757425
116,Buprenorphine,weak,19,52.63157894736842,0.0,-0.1113609576752473,0.11109641308379
116,Butorphanol,weak,19,73.68421052631578,5.263157894736842,-0.0801191611184618,0.0800647966675614
116,C6guano,strong,19,84.21052631578947,0.0,-0.0947407086689432,0.0946580524027358
116,Carfentanil,strong,19,36.84210526315789,0.0,-0.073569523017839,0.0734593326602058
116,DAMGO,strong,19,73.68421052631578,0.0,-0.0706493581082685,0.0704363723870284
116,Fentanyl,strong,19,68.42105263157895,0.0,-0.1135817353402551,0.113889572243734
116,MP,weak,19,84.21052631578947,0.0,-0.1049233218375642,0.1055544348762352
116,Methadone,intermediate,19,94.73684210526316,0.0,-0.1023794128819081,0.1022561647143245
116,Morphine,strong,19,84.21052631578947,0.0,-0.0938133962225504,0.0942030687789831
116,Nalbuphine,weak,19,68.42105263157895,0.0,-0.0914849125378854,0.0917461636140948
116,Naloxone,antagonist,19,10.526315789473683,10.526315789473683,-0.0882344129122834,0.0883395316717978
116,Naltrexone,antagonist,19,36.84210526315789,15.789473684210526,-0.0848397486446551,0.0850472018991877
116,PZM21,intermediate,19,94.73684210526316,5.263157894736842,-0.0925623982587858,0.0922349360906992
116,SR17018,strong,19,84.21052631578947,0.0,-0.0922056472818427,0.0924902322950269
116,TRV130,intermediate,19,57.89473684210527,5.263157894736842,-0.0861408612108664,0.0859939440757425
117,Buprenorphine,weak,19,36.84210526315789,0.0,-0.1113609576752473,0.11109641308379
117,Butorphanol,weak,19,47.368421052631575,15.789473684210526,-0.0801191611184618,0.0800647966675614
117,C6guano,strong,19,52.63157894736842,0.0,-0.0947407086689432,0.0946580524027358
117,Carfentanil,strong,19,57.89473684210527,5.263157894736842,-0.073569523017839,0.0734593326602058
117,DAMGO,strong,19,42.10526315789473,15.789473684210526,-0.0706493581082685,0.0704363723870284
117,Fentanyl,strong,19,52.63157894736842,0.0,-0.1135817353402551,0.113889572243734
117,MP,weak,19,36.84210526315789,10.526315789473683,-0.1049233218375642,0.1055544348762352
117,Methadone,intermediate,19,47.368421052631575,0.0,-0.1023794128819081,0.1022561647143245
117,Morphine,strong,19,42.10526315789473,5.263157894736842,-0.0938133962225504,0.0942030687789831
117,Nalbuphine,weak,19,52.63157894736842,10.526315789473683,-0.0914849125378854,0.0917461636140948
117,Naloxone,antagonist,19,31.57894736842105,10.526315789473683,-0.0882344129122834,0.0883395316717978
117,Naltrexone,antagonist,19,47.368421052631575,0.0,-0.0848397486446551,0.0850472018991877
117,PZM21,intermediate,19,36.84210526315789,15.789473684210526,-0.0925623982587858,0.0922349360906992
117,SR17018,strong,19,57.89473684210527,15.789473684210526,-0.0922056472818427,0.0924902322950269
117,TRV130,intermediate,19,36.84210526315789,10.526315789473683,-0.0861408612108664,0.0859939440757425
118,Buprenorphine,weak,19,31.57894736842105,10.526315789473683,-0.1113609576752473,0.11109641308379
118,Butorphanol,weak,19,57.89473684210527,10.526315789473683,-0.0801191611184618,0.0800647966675614
118,C6guano,strong,19,68.42105263157895,5.263157894736842,-0.0947407086689432,0.0946580524027358
118,Carfentanil,strong,19,57.89473684210527,5.263157894736842,-0.073569523017839,0.0734593326602058
118,DAMGO,strong,19,57.89473684210527,10.526315789473683,-0.0706493581082685,0.0704363723870284
118,Fentanyl,strong,19,68.42105263157895,0.0,-0.1135817353402551,0.113889572243734
118,MP,weak,19,47.368421052631575,15.789473684210526,-0.1049233218375642,0.1055544348762352
118,Methadone,intermediate,19,78.94736842105263,0.0,-0.1023794128819081,0.1022561647143245
118,Morphine,strong,19,57.89473684210527,10.526315789473683,-0.0938133962225504,0.0942030687789831
118,Nalbuphine,weak,19,63.1578947368421,10.526315789473683,-0.0914849125378854,0.0917461636140948
118,Naloxone,antagonist,19,10.526315789473683,15.789473684210526,-0.0882344129122834,0.0883395316717978
118,Naltrexone,antagonist,19,15.789473684210526,15.789473684210526,-0.0848397486446551,0.0850472018991877
118,PZM21,intermediate,19,52.63157894736842,5.263157894736842,-0.0925623982587858,0.0922349360906992
118,SR17018,strong,19,63.1578947368421,10.526315789473683,-0.0922056472818427,0.0924902322950269
118,TRV130,intermediate,19,52.63157894736842,10.526315789473683,-0.0861408612108664,0.0859939440757425
119,Buprenorphine,weak,19,10.526315789473683,10.526315789473683,-0.1113609576752473,0.11109641308379
119,Butorphanol,weak,19,36.84210526315789,42.10526315789473,-0.0801191611184618,0.0800647966675614
119,C6guano,strong,19,84.21052631578947,0.0,-0.0947407086689432,0.0946580524027358
119,Carfentanil,strong,19,21.052631578947366,10.526315789473683,-0.073569523017839,0.0734593326602058
119,DAMGO,strong,19,31.57894736842105,21.052631578947366,-0.0706493581082685,0.0704363723870284
119,Fentanyl,strong,19,57.89473684210527,0.0,-0.1135817353402551,0.113889572243734
119,MP,weak,19,10.526315789473683,52.63157894736842,-0.1049233218375642,0.1055544348762352
119,Methadone,intermediate,19,36.84210526315789,0.0,-0.1023794128819081,0.1022561647143245
119,Morphine,strong,19,47.368421052631575,10.526315789473683,-0.0938133962225504,0.0942030687789831
119,Nalbuphine,weak,19,21.052631578947366,26.31578947368421,-0.0914849125378854,0.0917461636140948
119,Naloxone,antagonist,19,0.0,68.42105263157895,-0.0882344129122834,0.0883395316717978
119,Naltrexone,antagonist,19,10.526315789473683,31.57894736842105,-0.0848397486446551,0.0850472018991877
119,PZM21,intermediate,19,63.1578947368421,0.0,-0.0925623982587858,0.0922349360906992
119,SR17018,strong,19,36.84210526315789,5.263157894736842,-0.0922056472818427,0.0924902322950269
119,TRV130,intermediate,19,21.052631578947366,10.526315789473683,-0.0861408612108664,0.0859939440757425
120,Buprenorphine,weak,19,26.31578947368421,5.263157894736842,-0.1113609576752473,0.11109641308379
120,Butorphanol,weak,19,26.31578947368421,21.052631578947366,-0.0801191611184618,0.0800647966675614
120,C6guano,strong,19,57.89473684210527,10.526315789473683,-0.0947407086689432,0.0946580524027358
120,Carfentanil,strong,19,36.84210526315789,21.052631578947366,-0.073569523017839,0.0734593326602058
120,DAMGO,strong,19,36.84210526315789,15.789473684210526,-0.0706493581082685,0.0704363723870284
120,Fentanyl,strong,19,42.10526315789473,5.263157894736842,-0.1135817353402551,0.113889572243734
120,MP,weak,19,10.526315789473683,0.0,-0.1049233218375642,0.1055544348762352
120,Methadone,intermediate,19,42.10526315789473,10.526315789473683,-0.1023794128819081,0.1022561647143245
120,Morphine,strong,19,42.10526315789473,0.0,-0.0938133962225504,0.0942030687789831
120,Nalbuphine,weak,19,26.31578947368421,10.526315789473683,-0.0914849125378854,0.0917461636140948
120,Naloxone,antagonist,19,15.789473684210526,26.31578947368421,-0.0882344129122834,0.0883395316717978
120,Naltrexone,antagonist,19,10.526315789473683,21.052631578947366,-0.0848397486446551,0.0850472018991877
120,PZM21,intermediate,19,68.42105263157895,10.526315789473683,-0.0925623982587858,0.0922349360906992
120,SR17018,strong,19,31.57894736842105,21.052631578947366,-0.0922056472818427,0.0924902322950269
120,TRV130,intermediate,19,31.57894736842105,21.052631578947366,-0.0861408612108664,0.0859939440757425
121,Buprenorphine,weak,19,52.63157894736842,0.0,-0.1113609576752473,0.11109641308379
121,Butorphanol,weak,19,68.42105263157895,5.263157894736842,-0.0801191611184618,0.0800647966675614
121,C6guano,strong,19,52.63157894736842,0.0,-0.0947407086689432,0.0946580524027358
121,Carfentanil,strong,19,57.89473684210527,10.526315789473683,-0.073569523017839,0.0734593326602058
121,DAMGO,strong,19,36.84210526315789,10.526315789473683,-0.0706493581082685,0.0704363723870284
121,Fentanyl,strong,19,52.63157894736842,0.0,-0.1135817353402551,0.113889572243734
121,MP,weak,19,63.1578947368421,0.0,-0.1049233218375642,0.1055544348762352
121,Methadone,intermediate,19,73.68421052631578,0.0,-0.1023794128819081,0.1022561647143245
121,Morphine,strong,19,42.10526315789473,10.526315789473683,-0.0938133962225504,0.0942030687789831
121,Nalbuphine,weak,19,47.368421052631575,0.0,-0.0914849125378854,0.0917461636140948
121,Naloxone,antagonist,19,36.84210526315789,5.263157894736842,-0.0882344129122834,0.0883395316717978
121,Naltrexone,antagonist,19,47.368421052631575,0.0,-0.0848397486446551,0.0850472018991877
121,PZM21,intermediate,19,84.21052631578947,0.0,-0.0925623982587858,0.0922349360906992
121,SR17018,strong,19,47.368421052631575,0.0,-0.0922056472818427,0.0924902322950269
121,TRV130,intermediate,19,78.94736842105263,5.263157894736842,-0.0861408612108664,0.0859939440757425
122,Buprenorphine,weak,19,47.368421052631575,10.526315789473683,-0.1113609576752473,0.11109641308379
122,Butorphanol,weak,19,36.84210526315789,21.052631578947366,-0.0801191611184618,0.0800647966675614
122,C6guano,strong,19,47.368421052631575,0.0,-0.0947407086689432,0.0946580524027358
122,Carfentanil,strong,19,42.10526315789473,15.789473684210526,-0.073569523017839,0.0734593326602058
122,DAMGO,strong,19,47.368421052631575,21.052631578947366,-0.0706493581082685,0.0704363723870284
122,Fentanyl,strong,19,73.68421052631578,0.0,-0.1135817353402551,0.113889572243734
122,MP,weak,19,47.368421052631575,5.263157894736842,-0.1049233218375642,0.1055544348762352
122,Methadone,intermediate,19,89.47368421052632,0.0,-0.1023794128819081,0.1022561647143245
122,Morphine,strong,19,57.89473684210527,5.263157894736842,-0.0938133962225504,0.0942030687789831
122,Nalbuphine,weak,19,10.526315789473683,26.31578947368421,-0.0914849125378854,0.0917461636140948
122,Naloxone,antagonist,19,10.526315789473683,31.57894736842105,-0.0882344129122834,0.0883395316717978
122,Naltrexone,antagonist,19,0.0,31.57894736842105,-0.0848397486446551,0.0850472018991877
122,PZM21,intermediate,19,78.94736842105263,5.263157894736842,-0.0925623982587858,0.0922349360906992
122,SR17018,strong,19,68.42105263157895,5.263157894736842,-0.0922056472818427,0.0924902322950269
122,TRV130,intermediate,19,94.73684210526316,5.263157894736842,-0.0861408612108664,0.0859939440757425
123,Buprenorphine,weak,19,21.052631578947366,10.526315789473683,-0.1113609576752473,0.11109641308379
123,Butorphanol,weak,19,36.84210526315789,15.789473684210526,-0.0801191611184618,0.0800647966675614
123,C6guano,strong,19,73.68421052631578,0.0,-0.0947407086689432,0.0946580524027358
123,Carfentanil,strong,19,73.68421052631578,5.263157894736842,-0.073569523017839,0.0734593326602058
123,DAMGO,strong,19,78.94736842105263,0.0,-0.0706493581082685,0.0704363723870284
123,Fentanyl,strong,19,89.47368421052632,5.263157894736842,-0.1135817353402551,0.113889572243734
123,MP,weak,19,84.21052631578947,5.263157894736842,-0.1049233218375642,0.1055544348762352
123,Methadone,intermediate,19,84.21052631578947,5.263157894736842,-0.1023794128819081,0.1022561647143245
123,Morphine,strong,19,68.42105263157895,0.0,-0.0938133962225504,0.0942030687789831
123,Nalbuphine,weak,19,47.368421052631575,10.526315789473683,-0.0914849125378854,0.0917461636140948
123,Naloxone,antagonist,19,5.263157894736842,47.368421052631575,-0.0882344129122834,0.0883395316717978
123,Naltrexone,antagonist,19,26.31578947368421,36.84210526315789,-0.0848397486446551,0.0850472018991877
123,PZM21,intermediate,19,78.94736842105263,5.263157894736842,-0.0925623982587858,0.0922349360906992
123,SR17018,strong,19,89.47368421052632,5.263157894736842,-0.0922056472818427,0.0924902322950269
123,TRV130,intermediate,19,63.1578947368421,5.263157894736842,-0.0861408612108664,0.0859939440757425
124,Buprenorphine,weak,19,5.263157894736842,5.263157894736842,-0.1113609576752473,0.11109641308379
124,Butorphanol,weak,19,31.57894736842105,26.31578947368421,-0.0801191611184618,0.0800647966675614
124,C6guano,strong,19,68.42105263157895,0.0,-0.0947407086689432,0.0946580524027358
124,Carfentanil,strong,19,57.89473684210527,10.526315789473683,-0.073569523017839,0.0734593326602058
124,DAMGO,strong,19,47.368421052631575,15.789473684210526,-0.0706493581082685,0.0704363723870284
124,Fentanyl,strong,19,36.84210526315789,0.0,-0.1135817353402551,0.113889572243734
124,MP,weak,19,36.84210526315789,10.526315789473683,-0.1049233218375642,0.1055544348762352
124,Methadone,intermediate,19,47.368421052631575,10.526315789473683,-0.1023794128819081,0.1022561647143245
124,Morphine,strong,19,68.42105263157895,5.263157894736842,-0.0938133962225504,0.0942030687789831
124,Nalbuphine,weak,19,21.052631578947366,5.263157894736842,-0.0914849125378854,0.0917461636140948
124,Naloxone,antagonist,19,15.789473684210526,26.31578947368421,-0.0882344129122834,0.0883395316717978
124,Naltrexone,antagonist,19,0.0,10.526315789473683,-0.0848397486446551,0.0850472018991877
124,PZM21,intermediate,19,63.1578947368421,0.0,-0.0925623982587858,0.0922349360906992
124,SR17018,strong,19,47.368421052631575,0.0,-0.0922056472818427,0.0924902322950269
124,TRV130,intermediate,19,47.368421052631575,5.263157894736842,-0.0861408612108664,0.0859939440757425
125,Buprenorphine,weak,19,57.89473684210527,0.0,-0.1113609576752473,0.11109641308379
125,Butorphanol,weak,19,63.1578947368421,0.0,-0.0801191611184618,0.0800647966675614
125,C6guano,strong,19,52.63157894736842,0.0,-0.0947407086689432,0.0946580524027358
125,Carfentanil,strong,19,63.1578947368421,5.263157894736842,-0.073569523017839,0.0734593326602058
125,DAMGO,strong,19,47.368421052631575,5.263157894736842,-0.0706493581082685,0.0704363723870284
125,Fentanyl,strong,19,57.89473684210527,0.0,-0.1135817353402551,0.113889572243734
125,MP,weak,19,73.68421052631578,0.0,-0.1049233218375642,0.1055544348762352
125,Methadone,intermediate,19,94.73684210526316,0.0,-0.1023794128819081,0.1022561647143245
125,Morphine,strong,19,57.89473684210527,5.263157894736842,-0.0938133962225504,0.0942030687789831
125,Nalbuphine,weak,19,63.1578947368421,0.0,-0.0914849125378854,0.0917461636140948
125,Naloxone,antagonist,19,31.57894736842105,0.0,-0.0882344129122834,0.0883395316717978
125,Naltrexone,antagonist,19,63.1578947368421,0.0,-0.0848397486446551,0.0850472018991877
125,PZM21,intermediate,19,73.68421052631578,0.0,-0.0925623982587858,0.0922349360906992
125,SR17018,strong,19,57.89473684210527,0.0,-0.0922056472818427,0.0924902322950269
125,TRV130,intermediate,19,84.21052631578947,0.0,-0.0861408612108664,0.0859939440757425
126,Buprenorphine,weak,19,15.789473684210526,0.0,-0.1113609576752473,0.11109641308379
126,Butorphanol,weak,19,0.0,42.10526315789473,-0.0801191611184618,0.0800647966675614
126,C6guano,strong,19,31.57894736842105,0.0,-0.0947407086689432,0.0946580524027358
126,Carfentanil,strong,19,21.052631578947366,31.57894736842105,-0.073569523017839,0.0734593326602058
126,DAMGO,strong,19,73.68421052631578,0.0,-0.0706493581082685,0.0704363723870284
126,Fentanyl,strong,19,57.89473684210527,0.0,-0.1135817353402551,0.113889572243734
126,MP,weak,19,26.31578947368421,10.526315789473683,-0.1049233218375642,0.1055544348762352
126,Methadone,intermediate,19,100.0,0.0,-0.1023794128819081,0.1022561647143245
126,Morphine,strong,19,31.57894736842105,0.0,-0.0938133962225504,0.0942030687789831
126,Nalbuphine,weak,19,0.0,31.57894736842105,-0.0914849125378854,0.0917461636140948
126,Naloxone,antagonist,19,0.0,0.0,-0.0882344129122834,0.0883395316717978
126,Naltrexone,antagonist,19,0.0,21.052631578947366,-0.0848397486446551,0.0850472018991877
126,PZM21,intermediate,19,100.0,0.0,-0.0925623982587858,0.0922349360906992
126,SR17018,strong,19,94.73684210526316,0.0,-0.0922056472818427,0.0924902322950269
126,TRV130,intermediate,19,63.1578947368421,0.0,-0.0861408612108664,0.0859939440757425
127,Buprenorphine,weak,19,15.789473684210526,10.526315789473683,-0.1113609576752473,0.11109641308379
127,Butorphanol,weak,19,5.263157894736842,31.57894736842105,-0.0801191611184618,0.0800647966675614
127,C6guano,strong,19,15.789473684210526,21.052631578947366,-0.0947407086689432,0.0946580524027358
127,Carfentanil,strong,19,31.57894736842105,21.052631578947366,-0.073569523017839,0.0734593326602058
127,DAMGO,strong,19,21.052631578947366,21.052631578947366,-0.0706493581082685,0.0704363723870284
127,Fentanyl,strong,19,26.31578947368421,5.263157894736842,-0.1135817353402551,0.113889572243734
127,MP,weak,19,47.368421052631575,0.0,-0.1049233218375642,0.1055544348762352
127,Methadone,intermediate,19,26.31578947368421,21.052631578947366,-0.1023794128819081,0.1022561647143245
127,Morphine,strong,19,26.31578947368421,15.789473684210526,-0.0938133962225504,0.0942030687789831
127,Nalbuphine,weak,19,26.31578947368421,15.789473684210526,-0.0914849125378854,0.0917461636140948
127,Naloxone,antagonist,19,0.0,42.10526315789473,-0.0882344129122834,0.0883395316717978
127,Naltrexone,antagonist,19,0.0,47.368421052631575,-0.0848397486446551,0.0850472018991877
127,PZM21,intermediate,19,15.789473684210526,26.31578947368421,-0.0925623982587858,0.0922349360906992
127,SR17018,strong,19,15.789473684210526,5.263157894736842,-0.0922056472818427,0.0924902322950269
127,TRV130,intermediate,19,26.31578947368421,36.84210526315789,-0.0861408612108664,0.0859939440757425
128,Buprenorphine,weak,19,26.31578947368421,5.263157894736842,-0.1113609576752473,0.11109641308379
128,Butorphanol,weak,19,36.84210526315789,5.263157894736842,-0.0801191611184618,0.0800647966675614
128,C6guano,strong,19,57.89473684210527,0.0,-0.0947407086689432,0.0946580524027358
128,Carfentanil,strong,19,36.84210526315789,5.263157894736842,-0.073569523017839,0.0734593326602058
128,DAMGO,strong,19,47.368421052631575,21.052631578947366,-0.0706493581082685,0.0704363723870284
128,Fentanyl,strong,19,42.10526315789473,10.526315789473683,-0.1135817353402551,0.113889572243734
128,MP,weak,19,52.63157894736842,0.0,-0.1049233218375642,0.1055544348762352
128,Methadone,intermediate,19,57.89473684210527,0.0,-0.1023794128819081,0.1022561647143245
128,Morphine,strong,19,63.1578947368421,0.0,-0.0938133962225504,0.0942030687789831
128,Nalbuphine,weak,19,26.31578947368421,10.526315789473683,-0.0914849125378854,0.0917461636140948
128,Naloxone,antagonist,19,21.052631578947366,5.263157894736842,-0.0882344129122834,0.0883395316717978
128,Naltrexone,antagonist,19,42.10526315789473,10.526315789473683,-0.0848397486446551,0.0850472018991877
128,PZM21,intermediate,19,52.63157894736842,0.0,-0.0925623982587858,0.0922349360906992
128,SR17018,strong,19,36.84210526315789,5.263157894736842,-0.0922056472818427,0.0924902322950269
128,TRV130,intermediate,19,47.368421052631575,5.263157894736842,-0.0861408612108664,0.0859939440757425
129,Buprenorphine,weak,19,0.0,26.31578947368421,-0.1113609576752473,0.11109641308379
129,Butorphanol,weak,19,15.789473684210526,5.263157894736842,-0.0801191611184618,0.0800647966675614
129,C6guano,strong,19,15.789473684210526,31.57894736842105,-0.0947407086689432,0.0946580524027358
129,Carfentanil,strong,19,0.0,21.052631578947366,-0.073569523017839,0.0734593326602058
129,DAMGO,strong,19,10.526315789473683,21.052631578947366,-0.0706493581082685,0.0704363723870284
129,Fentanyl,strong,19,21.052631578947366,10.526315789473683,-0.1135817353402551,0.113889572243734
129,MP,weak,19,26.31578947368421,10.526315789473683,-0.1049233218375642,0.1055544348762352
129,Methadone,intermediate,19,5.263157894736842,0.0,-0.1023794128819081,0.1022561647143245
129,Morphine,strong,19,5.263157894736842,15.789473684210526,-0.0938133962225504,0.0942030687789831
129,Nalbuphine,weak,19,15.789473684210526,10.526315789473683,-0.0914849125378854,0.0917461636140948
129,Naloxone,antagonist,19,0.0,5.263157894736842,-0.0882344129122834,0.0883395316717978
129,Naltrexone,antagonist,19,0.0,15.789473684210526,-0.0848397486446551,0.0850472018991877
129,PZM21,intermediate,19,21.052631578947366,15.789473684210526,-0.0925623982587858,0.0922349360906992
129,SR17018,strong,19,15.789473684210526,36.84210526315789,-0.0922056472818427,0.0924902322950269
129,TRV130,intermediate,19,15.789473684210526,36.84210526315789,-0.0861408612108664,0.0859939440757425
130,Buprenorphine,weak,19,10.526315789473683,21.052631578947366,-0.1113609576752473,0.11109641308379
130,Butorphanol,weak,19,5.263157894736842,0.0,-0.0801191611184618,0.0800647966675614
130,C6guano,strong,19,0.0,31.57894736842105,-0.0947407086689432,0.0946580524027358
130,Carfentanil,strong,19,10.526315789473683,21.052631578947366,-0.073569523017839,0.0734593326602058
130,DAMGO,strong,19,21.052631578947366,31.57894736842105,-0.0706493581082685,0.0704363723870284
130,Fentanyl,strong,19,10.526315789473683,15.789473684210526,-0.1135817353402551,0.113889572243734
130,MP,weak,19,5.263157894736842,10.526315789473683,-0.1049233218375642,0.1055544348762352
130,Methadone,intermediate,19,21.052631578947366,0.0,-0.1023794128819081,0.1022561647143245
130,Morphine,strong,19,0.0,31.57894736842105,-0.0938133962225504,0.0942030687789831
130,Nalbuphine,weak,19,26.31578947368421,0.0,-0.0914849125378854,0.0917461636140948
130,Naloxone,antagonist,19,0.0,26.31578947368421,-0.0882344129122834,0.0883395316717978
130,Naltrexone,antagonist,19,5.263157894736842,15.789473684210526,-0.0848397486446551,0.0850472018991877
130,PZM21,intermediate,19,15.789473684210526,10.526315789473683,-0.0925623982587858,0.0922349360906992
130,SR17018,strong,19,0.0,21.052631578947366,-0.0922056472818427,0.0924902322950269
130,TRV130,intermediate,19,5.263157894736842,31.57894736842105,-0.0861408612108664,0.0859939440757425
131,Buprenorphine,weak,19,31.57894736842105,5.263157894736842,-0.1113609576752473,0.11109641308379
131,Butorphanol,weak,19,15.789473684210526,26.31578947368421,-0.0801191611184618,0.0800647966675614
131,C6guano,strong,19,36.84210526315789,0.0,-0.0947407086689432,0.0946580524027358
131,Carfentanil,strong,19,42.10526315789473,10.526315789473683,-0.073569523017839,0.0734593326602058
131,DAMGO,strong,19,42.10526315789473,10.526315789473683,-0.0706493581082685,0.0704363723870284
131,Fentanyl,strong,19,21.052631578947366,5.263157894736842,-0.1135817353402551,0.113889572243734
131,MP,weak,19,26.31578947368421,5.263157894736842,-0.1049233218375642,0.1055544348762352
131,Methadone,intermediate,19,57.89473684210527,0.0,-0.1023794128819081,0.1022561647143245
131,Morphine,strong,19,52.63157894736842,10.526315789473683,-0.0938133962225504,0.0942030687789831
131,Nalbuphine,weak,19,31.57894736842105,5.263157894736842,-0.0914849125378854,0.0917461636140948
131,Naloxone,antagonist,19,5.263157894736842,21.052631578947366,-0.0882344129122834,0.0883395316717978
131,Naltrexone,antagonist,19,21.052631578947366,5.263157894736842,-0.0848397486446551,0.0850472018991877
131,PZM21,intermediate,19,36.84210526315789,5.263157894736842,-0.0925623982587858,0.0922349360906992
131,SR17018,strong,19,42.10526315789473,0.0,-0.0922056472818427,0.0924902322950269
131,TRV130,intermediate,19,21.052631578947366,10.526315789473683,-0.0861408612108664,0.0859939440757425
132,Buprenorphine,weak,19,21.052631578947366,0.0,-0.1113609576752473,0.11109641308379
132,Butorphanol,weak,19,31.57894736842105,10.526315789473683,-0.0801191611184618,0.0800647966675614
132,C6guano,strong,19,15.789473684210526,10.526315789473683,-0.0947407086689432,0.0946580524027358
132,Carfentanil,strong,19,21.052631578947366,0.0,-0.073569523017839,0.0734593326602058
132,DAMGO,strong,19,42.10526315789473,10.526315789473683,-0.0706493581082685,0.0704363723870284
132,Fentanyl,strong,19,21.052631578947366,0.0,-0.1135817353402551,0.113889572243734
132,MP,weak,19,31.57894736842105,0.0,-0.1049233218375642,0.1055544348762352
132,Methadone,intermediate,19,42.10526315789473,5.263157894736842,-0.1023794128819081,0.1022561647143245
132,Morphine,strong,19,31.57894736842105,0.0,-0.0938133962225504,0.0942030687789831
132,Nalbuphine,weak,19,31.57894736842105,5.263157894736842,-0.0914849125378854,0.0917461636140948
132,Naloxone,antagonist,19,10.526315789473683,0.0,-0.0882344129122834,0.0883395316717978
132,Naltrexone,antagonist,19,21.052631578947366,15.789473684210526,-0.0848397486446551,0.0850472018991877
132,PZM21,intermediate,19,26.31578947368421,10.526315789473683,-0.0925623982587858,0.0922349360906992
132,SR17018,strong,19,21.052631578947366,0.0,-0.0922056472818427,0.0924902322950269
132,TRV130,intermediate,19,10.526315789473683,0.0,-0.0861408612108664,0.0859939440757425
133,Buprenorphine,weak,19,31.57894736842105,15.789473684210526,-0.1113609576752473,0.11109641308379
133,Butorphanol,weak,19,15.789473684210526,21.052631578947366,-0.0801191611184618,0.0800647966675614
133,C6guano,strong,19,47.368421052631575,5.263157894736842,-0.0947407086689432,0.0946580524027358
133,Carfentanil,strong,19,31.57894736842105,5.263157894736842,-0.073569523017839,0.0734593326602058
133,DAMGO,strong,19,36.84210526315789,5.263157894736842,-0.0706493581082685,0.0704363723870284
133,Fentanyl,strong,19,26.31578947368421,15.789473684210526,-0.1135817353402551,0.113889572243734
133,MP,weak,19,47.368421052631575,5.263157894736842,-0.1049233218375642,0.1055544348762352
133,Methadone,intermediate,19,63.1578947368421,0.0,-0.1023794128819081,0.1022561647143245
133,Morphine,strong,19,26.31578947368421,5.263157894736842,-0.0938133962225504,0.0942030687789831
133,Nalbuphine,weak,19,15.789473684210526,10.526315789473683,-0.0914849125378854,0.0917461636140948
133,Naloxone,antagonist,19,26.31578947368421,5.263157894736842,-0.0882344129122834,0.0883395316717978
133,Naltrexone,antagonist,19,31.57894736842105,0.0,-0.0848397486446551,0.0850472018991877
133,PZM21,intermediate,19,57.89473684210527,0.0,-0.0925623982587858,0.0922349360906992
133,SR17018,strong,19,31.57894736842105,10.526315789473683,-0.0922056472818427,0.0924902322950269
133,TRV130,intermediate,19,47.368421052631575,0.0,-0.0861408612108664,0.0859939440757425
134,Buprenorphine,weak,19,0.0,0.0,-0.1113609576752473,0.11109641308379
134,Butorphanol,weak,19,21.052631578947366,21.052631578947366,-0.0801191611184618,0.0800647966675614
134,C6guano,strong,19,21.052631578947366,26.31578947368421,-0.0947407086689432,0.0946580524027358
134,Carfentanil,strong,19,15.789473684210526,21.052631578947366,-0.073569523017839,0.0734593326602058
134,DAMGO,strong,19,10.526315789473683,15.789473684210526,-0.0706493581082685,0.0704363723870284
134,Fentanyl,strong,19,10.526315789473683,10.526315789473683,-0.1135817353402551,0.113889572243734
134,MP,weak,19,21.052631578947366,5.263157894736842,-0.1049233218375642,0.1055544348762352
134,Methadone,intermediate,19,10.526315789473683,0.0,-0.1023794128819081,0.1022561647143245
134,Morphine,strong,19,15.789473684210526,10.526315789473683,-0.0938133962225504,0.0942030687789831
134,Nalbuphine,weak,19,5.263157894736842,0.0,-0.0914849125378854,0.0917461636140948
134,Naloxone,antagonist,19,10.526315789473683,0.0,-0.0882344129122834,0.0883395316717978
134,Naltrexone,antagonist,19,21.052631578947366,15.789473684210526,-0.0848397486446551,0.0850472018991877
134,PZM21,intermediate,19,5.263157894736842,10.526315789473683,-0.0925623982587858,0.0922349360906992
134,SR17018,strong,19,5.263157894736842,21.052631578947366,-0.0922056472818427,0.0924902322950269
134,TRV130,intermediate,19,5.263157894736842,21.052631578947366,-0.0861408612108664,0.0859939440757425
135,Buprenorphine,weak,19,10.526315789473683,0.0,-0.1113609576752473,0.11109641308379
135,Butorphanol,weak,19,10.526315789473683,15.789473684210526,-0.0801191611184618,0.0800647966675614
135,C6guano,strong,19,89.47368421052632,0.0,-0.0947407086689432,0.0946580524027358
135,Carfentanil,strong,19,52.63157894736842,15.789473684210526,-0.073569523017839,0.0734593326602058
135,DAMGO,strong,19,84.21052631578947,0.0,-0.0706493581082685,0.0704363723870284
135,Fentanyl,strong,19,89.47368421052632,0.0,-0.1135817353402551,0.113889572243734
135,MP,weak,19,42.10526315789473,10.526315789473683,-0.1049233218375642,0.1055544348762352
135,Methadone,intermediate,19,89.47368421052632,0.0,-0.1023794128819081,0.1022561647143245
135,Morphine,strong,19,84.21052631578947,0.0,-0.0938133962225504,0.0942030687789831
135,Nalbuphine,weak,19,26.31578947368421,5.263157894736842,-0.0914849125378854,0.0917461636140948
135,Naloxone,antagonist,19,10.526315789473683,10.526315789473683,-0.0882344129122834,0.0883395316717978
135,Naltrexone,antagonist,19,31.57894736842105,5.263157894736842,-0.0848397486446551,0.0850472018991877
135,PZM21,intermediate,19,73.68421052631578,0.0,-0.0925623982587858,0.0922349360906992
135,SR17018,strong,19,78.94736842105263,0.0,-0.0922056472818427,0.0924902322950269
135,TRV130,intermediate,19,73.68421052631578,0.0,-0.0861408612108664,0.0859939440757425
136,Buprenorphine,weak,19,0.0,21.052631578947366,-0.1113609576752473,0.11109641308379
136,Butorphanol,weak,19,0.0,31.57894736842105,-0.0801191611184618,0.0800647966675614
136,C6guano,strong,19,21.052631578947366,5.263157894736842,-0.0947407086689432,0.0946580524027358
136,Carfentanil,strong,19,21.052631578947366,31.57894736842105,-0.073569523017839,0.0734593326602058
136,DAMGO,strong,19,15.789473684210526,15.789473684210526,-0.0706493581082685,0.0704363723870284
136,Fentanyl,strong,19,5.263157894736842,15.789473684210526,-0.1135817353402551,0.113889572243734
136,MP,weak,19,0.0,57.89473684210527,-0.1049233218375642,0.1055544348762352
136,Methadone,intermediate,19,15.789473684210526,5.263157894736842,-0.1023794128819081,0.1022561647143245
136,Morphine,strong,19,26.31578947368421,10.526315789473683,-0.0938133962225504,0.0942030687789831
136,Nalbuphine,weak,19,15.789473684210526,0.0,-0.0914849125378854,0.0917461636140948
136,Naloxone,antagonist,19,0.0,26.31578947368421,-0.0882344129122834,0.0883395316717978
136,Naltrexone,antagonist,19,0.0,15.789473684210526,-0.0848397486446551,0.0850472018991877
136,PZM21,intermediate,19,36.84210526315789,10.526315789473683,-0.0925623982587858,0.0922349360906992
136,SR17018,strong,19,0.0,5.263157894736842,-0.0922056472818427,0.0924902322950269
136,TRV130,intermediate,19,26.31578947368421,21.052631578947366,-0.0861408612108664,0.0859939440757425
137,Buprenorphine,weak,19,10.526315789473683,0.0,-0.1113609576752473,0.11109641308379
137,Butorphanol,weak,19,10.526315789473683,26.31578947368421,-0.0801191611184618,0.0800647966675614
137,C6guano,strong,19,68.42105263157895,0.0,-0.0947407086689432,0.0946580524027358
137,Carfentanil,strong,19,52.63157894736842,5.263157894736842,-0.073569523017839,0.0734593326602058
137,DAMGO,strong,19,52.63157894736842,10.526315789473683,-0.0706493581082685,0.0704363723870284
137,Fentanyl,strong,19,63.1578947368421,0.0,-0.1135817353402551,0.113889572243734
137,MP,weak,19,36.84210526315789,5.263157894736842,-0.1049233218375642,0.1055544348762352
137,Methadone,intermediate,19,52.63157894736842,5.263157894736842,-0.1023794128819081,0.1022561647143245
137,Morphine,strong,19,68.42105263157895,0.0,-0.0938133962225504,0.0942030687789831
137,Nalbuphine,weak,19,36.84210526315789,0.0,-0.0914849125378854,0.0917461636140948
137,Naloxone,antagonist,19,21.052631578947366,15.789473684210526,-0.0882344129122834,0.0883395316717978
137,Naltrexone,antagonist,19,10.526315789473683,0.0,-0.0848397486446551,0.0850472018991877
137,PZM21,intermediate,19,47.368421052631575,5.263157894736842,-0.0925623982587858,0.0922349360906992
137,SR17018,strong,19,68.42105263157895,0.0,-0.0922056472818427,0.0924902322950269
137,TRV130,intermediate,19,36.84210526315789,21.052631578947366,-0.0861408612108664,0.0859939440757425
138,Buprenorphine,weak,19,10.526315789473683,31.57894736842105,-0.1113609576752473,0.11109641308379
138,Butorphanol,weak,19,31.57894736842105,0.0,-0.0801191611184618,0.0800647966675614
138,C6guano,strong,19,57.89473684210527,5.263157894736842,-0.0947407086689432,0.0946580524027358
138,Carfentanil,strong,19,36.84210526315789,10.526315789473683,-0.073569523017839,0.0734593326602058
138,DAMGO,strong,19,57.89473684210527,5.263157894736842,-0.0706493581082685,0.0704363723870284
138,Fentanyl,strong,19,63.1578947368421,0.0,-0.1135817353402551,0.113889572243734
138,MP,weak,19,36.84210526315789,0.0,-0.1049233218375642,0.1055544348762352
138,Methadone,intermediate,19,68.42105263157895,0.0,-0.1023794128819081,0.1022561647143245
138,Morphine,strong,19,63.1578947368421,0.0,-0.0938133962225504,0.0942030687789831
138,Nalbuphine,weak,19,36.84210526315789,10.526315789473683,-0.0914849125378854,0.0917461636140948
138,Naloxone,antagonist,19,21.052631578947366,15.789473684210526,-0.0882344129122834,0.0883395316717978
138,Naltrexone,antagonist,19,31.57894736842105,10.526315789473683,-0.0848397486446551,0.0850472018991877
138,PZM21,intermediate,19,89.47368421052632,0.0,-0.0925623982587858,0.0922349360906992
138,SR17018,strong,19,47.368421052631575,0.0,-0.0922056472818427,0.0924902322950269
138,TRV130,intermediate,19,78.94736842105263,0.0,-0.0861408612108664,0.0859939440757425
139,Buprenorphine,weak,19,5.263157894736842,47.368421052631575,-0.1113609576752473,0.11109641308379
139,Butorphanol,weak,19,5.263157894736842,84.21052631578947,-0.0801191611184618,0.0800647966675614
139,C6guano,strong,19,15.789473684210526,15.789473684210526,-0.0947407086689432,0.0946580524027358
139,Carfentanil,strong,19,15.789473684210526,10.526315789473683,-0.073569523017839,0.0734593326602058
139,DAMGO,strong,19,10.526315789473683,15.789473684210526,-0.0706493581082685,0.0704363723870284
139,Fentanyl,strong,19,0.0,10.526315789473683,-0.1135817353402551,0.113889572243734
139,MP,weak,19,0.0,36.84210526315789,-0.1049233218375642,0.1055544348762352
139,Methadone,intermediate,19,15.789473684210526,5.263157894736842,-0.1023794128819081,0.1022561647143245
139,Morphine,strong,19,5.263157894736842,10.526315789473683,-0.0938133962225504,0.0942030687789831
139,Nalbuphine,weak,19,5.263157894736842,5.263157894736842,-0.0914849125378854,0.0917461636140948
139,Naloxone,antagonist,19,0.0,26.31578947368421,-0.0882344129122834,0.0883395316717978
139,Naltrexone,antagonist,19,15.789473684210526,10.526315789473683,-0.0848397486446551,0.0850472018991877
139,PZM21,intermediate,19,0.0,5.263157894736842,-0.0925623982587858,0.0922349360906992
139,SR17018,strong,19,0.0,5.263157894736842,-0.0922056472818427,0.0924902322950269
139,TRV130,intermediate,19,0.0,21.052631578947366,-0.0861408612108664,0.0859939440757425
140,Buprenorphine,weak,19,5.263157894736842,26.31578947368421,-0.1113609576752473,0.11109641308379
140,Butorphanol,weak,19,5.263157894736842,42.10526315789473,-0.0801191611184618,0.0800647966675614
140,C6guano,strong,19,10.526315789473683,5.263157894736842,-0.0947407086689432,0.0946580524027358
140,Carfentanil,strong,19,26.31578947368421,21.052631578947366,-0.073569523017839,0.0734593326602058
140,DAMGO,strong,19,5.263157894736842,21.052631578947366,-0.0706493581082685,0.0704363723870284
140,Fentanyl,strong,19,5.263157894736842,10.526315789473683,-0.1135817353402551,0.113889572243734
140,MP,weak,19,0.0,26.31578947368421,-0.1049233218375642,0.1055544348762352
140,Methadone,intermediate,19,0.0,15.789473684210526,-0.1023794128819081,0.1022561647143245
140,Morphine,strong,19,26.31578947368421,5.263157894736842,-0.0938133962225504,0.0942030687789831
140,Nalbuphine,weak,19,0.0,10.526315789473683,-0.0914849125378854,0.0917461636140948
140,Naloxone,antagonist,19,0.0,26.31578947368421,-0.0882344129122834,0.0883395316717978
140,Naltrexone,antagonist,19,5.263157894736842,31.57894736842105,-0.0848397486446551,0.0850472018991877
140,PZM21,intermediate,19,15.789473684210526,26.31578947368421,-0.0925623982587858,0.0922349360906992
140,SR17018,strong,19,26.31578947368421,5.263157894736842,-0.0922056472818427,0.0924902322950269
140,TRV130,intermediate,19,10.526315789473683,42.10526315789473,-0.0861408612108664,0.0859939440757425
141,Buprenorphine,weak,19,5.263157894736842,21.052631578947366,-0.1113609576752473,0.11109641308379
141,Butorphanol,weak,19,36.84210526315789,42.10526315789473,-0.0801191611184618,0.0800647966675614
141,C6guano,strong,19,52.63157894736842,5.263157894736842,-0.0947407086689432,0.0946580524027358
141,Carfentanil,strong,19,42.10526315789473,15.789473684210526,-0.073569523017839,0.0734593326602058
141,DAMGO,strong,19,47.368421052631575,21.052631578947366,-0.0706493581082685,0.0704363723870284
141,Fentanyl,strong,19,26.31578947368421,0.0,-0.1135817353402551,0.113889572243734
141,MP,weak,19,10.526315789473683,21.052631578947366,-0.1049233218375642,0.1055544348762352
141,Methadone,intermediate,19,47.368421052631575,5.263157894736842,-0.1023794128819081,0.1022561647143245
141,Morphine,strong,19,42.10526315789473,10.526315789473683,-0.0938133962225504,0.0942030687789831
141,Nalbuphine,weak,19,15.789473684210526,5.263157894736842,-0.0914849125378854,0.0917461636140948
141,Naloxone,antagonist,19,0.0,15.789473684210526,-0.0882344129122834,0.0883395316717978
141,Naltrexone,antagonist,19,0.0,31.57894736842105,-0.0848397486446551,0.0850472018991877
141,PZM21,intermediate,19,26.31578947368421,10.526315789473683,-0.0925623982587858,0.0922349360906992
141,SR17018,strong,19,36.84210526315789,5.263157894736842,-0.0922056472818427,0.0924902322950269
141,TRV130,intermediate,19,21.052631578947366,10.526315789473683,-0.0861408612108664,0.0859939440757425
142,Buprenorphine,weak,19,52.63157894736842,0.0,-0.1113609576752473,0.11109641308379
142,Butorphanol,weak,19,94.73684210526316,0.0,-0.0801191611184618,0.0800647966675614
142,C6guano,strong,19,94.73684210526316,0.0,-0.0947407086689432,0.0946580524027358
142,Carfentanil,strong,19,100.0,0.0,-0.073569523017839,0.0734593326602058
142,DAMGO,strong,19,100.0,0.0,-0.0706493581082685,0.0704363723870284
142,Fentanyl,strong,19,100.0,0.0,-0.1135817353402551,0.113889572243734
142,MP,weak,19,89.47368421052632,0.0,-0.1049233218375642,0.1055544348762352
142,Methadone,intermediate,19,94.73684210526316,0.0,-0.1023794128819081,0.1022561647143245
142,Morphine,strong,19,100.0,0.0,-0.0938133962225504,0.0942030687789831
142,Nalbuphine,weak,19,94.73684210526316,0.0,-0.0914849125378854,0.0917461636140948
142,Naloxone,antagonist,19,10.526315789473683,21.052631578947366,-0.0882344129122834,0.0883395316717978
142,Naltrexone,antagonist,19,47.368421052631575,0.0,-0.0848397486446551,0.0850472018991877
142,PZM21,intermediate,19,100.0,0.0,-0.0925623982587858,0.0922349360906992
142,SR17018,strong,19,100.0,0.0,-0.0922056472818427,0.0924902322950269
142,TRV130,intermediate,19,84.21052631578947,0.0,-0.0861408612108664,0.0859939440757425
143,Buprenorphine,weak,19,42.10526315789473,10.526315789473683,-0.1113609576752473,0.11109641308379
143,Butorphanol,weak,19,47.368421052631575,5.263157894736842,-0.0801191611184618,0.0800647966675614
143,C6guano,strong,19,84.21052631578947,0.0,-0.0947407086689432,0.0946580524027358
143,Carfentanil,strong,19,63.1578947368421,5.263157894736842,-0.073569523017839,0.0734593326602058
143,DAMGO,strong,19,84.21052631578947,0.0,-0.0706493581082685,0.0704363723870284
143,Fentanyl,strong,19,84.21052631578947,0.0,-0.1135817353402551,0.113889572243734
143,MP,weak,19,21.052631578947366,5.263157894736842,-0.1049233218375642,0.1055544348762352
143,Methadone,intermediate,19,84.21052631578947,0.0,-0.1023794128819081,0.1022561647143245
143,Morphine,strong,19,78.94736842105263,0.0,-0.0938133962225504,0.0942030687789831
143,Nalbuphine,weak,19,42.10526315789473,0.0,-0.0914849125378854,0.0917461636140948
143,Naloxone,antagonist,19,47.368421052631575,15.789473684210526,-0.0882344129122834,0.0883395316717978
143,Naltrexone,antagonist,19,36.84210526315789,15.789473684210526,-0.0848397486446551,0.0850472018991877
143,PZM21,intermediate,19,73.68421052631578,0.0,-0.0925623982587858,0.0922349360906992
143,SR17018,strong,19,89.47368421052632,0.0,-0.0922056472818427,0.0924902322950269
143,TRV130,intermediate,19,78.94736842105263,10.526315789473683,-0.0861408612108664,0.0859939440757425
144,Buprenorphine,weak,19,21.052631578947366,31.57894736842105,-0.1113609576752473,0.11109641308379
144,Butorphanol,weak,19,26.31578947368421,21.052631578947366,-0.0801191611184618,0.0800647966675614
144,C6guano,strong,19,31.57894736842105,0.0,-0.0947407086689432,0.0946580524027358
144,Carfentanil,strong,19,47.368421052631575,10.526315789473683,-0.073569523017839,0.0734593326602058
144,DAMGO,strong,19,42.10526315789473,10.526315789473683,-0.0706493581082685,0.0704363723870284
144,Fentanyl,strong,19,68.42105263157895,0.0,-0.1135817353402551,0.113889572243734
144,MP,weak,19,26.31578947368421,21.052631578947366,-0.1049233218375642,0.1055544348762352
144,Methadone,intermediate,19,47.368421052631575,15.789473684210526,-0.1023794128819081,0.1022561647143245
144,Morphine,strong,19,26.31578947368421,10.526315789473683,-0.0938133962225504,0.0942030687789831
144,Nalbuphine,weak,19,10.526315789473683,5.263157894736842,-0.0914849125378854,0.0917461636140948
144,Naloxone,antagonist,19,5.263157894736842,15.789473684210526,-0.0882344129122834,0.0883395316717978
144,Naltrexone,antagonist,19,26.31578947368421,15.789473684210526,-0.0848397486446551,0.0850472018991877
144,PZM21,intermediate,19,57.89473684210527,0.0,-0.0925623982587858,0.0922349360906992
144,SR17018,strong,19,52.63157894736842,5.263157894736842,-0.0922056472818427,0.0924902322950269
144,TRV130,intermediate,19,52.63157894736842,10.526315789473683,-0.0861408612108664,0.0859939440757425
145,Buprenorphine,weak,19,31.57894736842105,15.789473684210526,-0.1113609576752473,0.11109641308379
145,Butorphanol,weak,19,5.263157894736842,63.1578947368421,-0.0801191611184618,0.0800647966675614
145,C6guano,strong,19,42.10526315789473,0.0,-0.0947407086689432,0.0946580524027358
145,Carfentanil,strong,19,42.10526315789473,5.263157894736842,-0.073569523017839,0.0734593326602058
145,DAMGO,strong,19,36.84210526315789,5.263157894736842,-0.0706493581082685,0.0704363723870284
145,Fentanyl,strong,19,36.84210526315789,10.526315789473683,-0.1135817353402551,0.113889572243734
145,MP,weak,19,21.052631578947366,10.526315789473683,-0.1049233218375642,0.1055544348762352
145,Methadone,intermediate,19,73.68421052631578,0.0,-0.1023794128819081,0.1022561647143245
145,Morphine,strong,19,36.84210526315789,0.0,-0.0938133962225504,0.0942030687789831
145,Nalbuphine,weak,19,10.526315789473683,21.052631578947366,-0.0914849125378854,0.0917461636140948
145,Naloxone,antagonist,19,10.526315789473683,21.052631578947366,-0.0882344129122834,0.0883395316717978
145,Naltrexone,antagonist,19,26.31578947368421,0.0,-0.0848397486446551,0.0850472018991877
145,PZM21,intermediate,19,63.1578947368421,0.0,-0.0925623982587858,0.0922349360906992
145,SR17018,strong,19,36.84210526315789,15.789473684210526,-0.0922056472818427,0.0924902322950269
145,TRV130,intermediate,19,36.84210526315789,0.0,-0.0861408612108664,0.0859939440757425
146,Buprenorphine,weak,19,5.263157894736842,31.57894736842105,-0.1113609576752473,0.11109641308379
146,Butorphanol,weak,19,10.526315789473683,68.42105263157895,-0.0801191611184618,0.0800647966675614
146,C6guano,strong,19,57.89473684210527,5.263157894736842,-0.0947407086689432,0.0946580524027358
146,Carfentanil,strong,19,42.10526315789473,21.052631578947366,-0.073569523017839,0.0734593326602058
146,DAMGO,strong,19,31.57894736842105,15.789473684210526,-0.0706493581082685,0.0704363723870284
146,Fentanyl,strong,19,36.84210526315789,0.0,-0.1135817353402551,0.113889572243734
146,MP,weak,19,0.0,26.31578947368421,-0.1049233218375642,0.1055544348762352
146,Methadone,intermediate,19,73.68421052631578,0.0,-0.1023794128819081,0.1022561647143245
146,Morphine,strong,19,31.57894736842105,10.526315789473683,-0.0938133962225504,0.0942030687789831
146,Nalbuphine,weak,19,10.526315789473683,15.789473684210526,-0.0914849125378854,0.0917461636140948
146,Naloxone,antagonist,19,0.0,21.052631578947366,-0.0882344129122834,0.0883395316717978
146,Naltrexone,antagonist,19,5.263157894736842,26.31578947368421,-0.0848397486446551,0.0850472018991877
146,PZM21,intermediate,19,57.89473684210527,0.0,-0.0925623982587858,0.0922349360906992
146,SR17018,strong,19,26.31578947368421,0.0,-0.0922056472818427,0.0924902322950269
146,TRV130,intermediate,19,21.052631578947366,21.052631578947366,-0.0861408612108664,0.0859939440757425
147,Buprenorphine,weak,19,21.052631578947366,15.789473684210526,-0.1113609576752473,0.11109641308379
147,Butorphanol,weak,19,21.052631578947366,21.052631578947366,-0.0801191611184618,0.0800647966675614
147,C6guano,strong,19,57.89473684210527,0.0,-0.0947407086689432,0.0946580524027358
147,Carfentanil,strong,19,42.10526315789473,21.052631578947366,-0.073569523017839,0.0734593326602058
147,DAMGO,strong,19,42.10526315789473,5.263157894736842,-0.0706493581082685,0.0704363723870284
147,Fentanyl,strong,19,52.63157894736842,0.0,-0.1135817353402551,0.113889572243734
147,MP,weak,19,10.526315789473683,15.789473684210526,-0.1049233218375642,0.1055544348762352
147,Methadone,intermediate,19,52.63157894736842,5.263157894736842,-0.1023794128819081,0.1022561647143245
147,Morphine,strong,19,42.10526315789473,5.263157894736842,-0.0938133962225504,0.0942030687789831
147,Nalbuphine,weak,19,10.526315789473683,15.789473684210526,-0.0914849125378854,0.0917461636140948
147,Naloxone,antagonist,19,5.263157894736842,42.10526315789473,-0.0882344129122834,0.0883395316717978
147,Naltrexone,antagonist,19,15.789473684210526,10.526315789473683,-0.0848397486446551,0.0850472018991877
147,PZM21,intermediate,19,63.1578947368421,0.0,-0.0925623982587858,0.0922349360906992
147,SR17018,strong,19,36.84210526315789,0.0,-0.0922056472818427,0.0924902322950269
147,TRV130,intermediate,19,57.89473684210527,0.0,-0.0861408612108664,0.0859939440757425
148,Buprenorphine,weak,19,0.0,36.84210526315789,-0.1113609576752473,0.11109641308379
148,Butorphanol,weak,19,0.0,57.89473684210527,-0.0801191611184618,0.0800647966675614
148,C6guano,strong,19,68.42105263157895,0.0,-0.0947407086689432,0.0946580524027358
148,Carfentanil,strong,19,42.10526315789473,10.526315789473683,-0.073569523017839,0.0734593326602058
148,DAMGO,strong,19,47.368421052631575,0.0,-0.0706493581082685,0.0704363723870284
148,Fentanyl,strong,19,57.89473684210527,0.0,-0.1135817353402551,0.113889572243734
148,MP,weak,19,0.0,26.31578947368421,-0.1049233218375642,0.1055544348762352
148,Methadone,intermediate,19,42.10526315789473,5.263157894736842,-0.1023794128819081,0.1022561647143245
148,Morphine,strong,19,36.84210526315789,5.263157894736842,-0.0938133962225504,0.0942030687789831
148,Nalbuphine,weak,19,0.0,73.68421052631578,-0.0914849125378854,0.0917461636140948
148,Naloxone,antagonist,19,0.0,84.21052631578947,-0.0882344129122834,0.0883395316717978
148,Naltrexone,antagonist,19,5.263157894736842,94.73684210526316,-0.0848397486446551,0.0850472018991877
148,PZM21,intermediate,19,47.368421052631575,0.0,-0.0925623982587858,0.0922349360906992
148,SR17018,strong,19,68.42105263157895,0.0,-0.0922056472818427,0.0924902322950269
148,TRV130,intermediate,19,26.31578947368421,15.789473684210526,-0.0861408612108664,0.0859939440757425
149,Buprenorphine,weak,19,31.57894736842105,0.0,-0.1113609576752473,0.11109641308379
149,Butorphanol,weak,19,21.052631578947366,63.1578947368421,-0.0801191611184618,0.0800647966675614
149,C6guano,strong,19,100.0,0.0,-0.0947407086689432,0.0946580524027358
149,Carfentanil,strong,19,78.94736842105263,0.0,-0.073569523017839,0.0734593326602058
149,DAMGO,strong,19,100.0,0.0,-0.0706493581082685,0.0704363723870284
149,Fentanyl,strong,19,63.1578947368421,5.263157894736842,-0.1135817353402551,0.113889572243734
149,MP,weak,19,21.052631578947366,0.0,-0.1049233218375642,0.1055544348762352
149,Methadone,intermediate,19,94.73684210526316,0.0,-0.1023794128819081,0.1022561647143245
149,Morphine,strong,19,94.73684210526316,0.0,-0.0938133962225504,0.0942030687789831
149,Nalbuphine,weak,19,10.526315789473683,36.84210526315789,-0.0914849125378854,0.0917461636140948
149,Naloxone,antagonist,19,0.0,78.94736842105263,-0.0882344129122834,0.0883395316717978
149,Naltrexone,antagonist,19,0.0,63.1578947368421,-0.0848397486446551,0.0850472018991877
149,PZM21,intermediate,19,100.0,0.0,-0.0925623982587858,0.0922349360906992
149,SR17018,strong,19,100.0,0.0,-0.0922056472818427,0.0924902322950269
149,TRV130,intermediate,19,63.1578947368421,0.0,-0.0861408612108664,0.0859939440757425
150,Buprenorphine,weak,19,10.526315789473683,36.84210526315789,-0.1113609576752473,0.11109641308379
150,Butorphanol,weak,19,10.526315789473683,5.263157894736842,-0.0801191611184618,0.0800647966675614
150,C6guano,strong,19,78.94736842105263,0.0,-0.0947407086689432,0.0946580524027358
150,Carfentanil,strong,19,21.052631578947366,21.052631578947366,-0.073569523017839,0.0734593326602058
150,DAMGO,strong,19,31.57894736842105,10.526315789473683,-0.0706493581082685,0.0704363723870284
150,Fentanyl,strong,19,57.89473684210527,0.0,-0.1135817353402551,0.113889572243734
150,MP,weak,19,52.63157894736842,0.0,-0.1049233218375642,0.1055544348762352
150,Methadone,intermediate,19,100.0,0.0,-0.1023794128819081,0.1022561647143245
150,Morphine,strong,19,47.368421052631575,0.0,-0.0938133962225504,0.0942030687789831
150,Nalbuphine,weak,19,26.31578947368421,21.052631578947366,-0.0914849125378854,0.0917461636140948
150,Naloxone,antagonist,19,5.263157894736842,47.368421052631575,-0.0882344129122834,0.0883395316717978
150,Naltrexone,antagonist,19,10.526315789473683,36.84210526315789,-0.0848397486446551,0.0850472018991877
150,PZM21,intermediate,19,57.89473684210527,5.263157894736842,-0.0925623982587858,0.0922349360906992
150,SR17018,strong,19,73.68421052631578,5.263157894736842,-0.0922056472818427,0.0924902322950269
150,TRV130,intermediate,19,36.84210526315789,21.052631578947366,-0.0861408612108664,0.0859939440757425
151,Buprenorphine,weak,19,5.263157894736842,42.10526315789473,-0.1113609576752473,0.11109641308379
151,Butorphanol,weak,19,26.31578947368421,26.31578947368421,-0.0801191611184618,0.0800647966675614
151,C6guano,strong,19,73.68421052631578,0.0,-0.0947407086689432,0.0946580524027358
151,Carfentanil,strong,19,68.42105263157895,0.0,-0.073569523017839,0.0734593326602058
151,DAMGO,strong,19,42.10526315789473,0.0,-0.0706493581082685,0.0704363723870284
151,Fentanyl,strong,19,89.47368421052632,5.263157894736842,-0.1135817353402551,0.113889572243734
151,MP,weak,19,47.368421052631575,21.052631578947366,-0.1049233218375642,0.1055544348762352
151,Methadone,intermediate,19,68.42105263157895,0.0,-0.1023794128819081,0.1022561647143245
151,Morphine,strong,19,78.94736842105263,0.0,-0.0938133962225504,0.0942030687789831
151,Nalbuphine,weak,19,26.31578947368421,36.84210526315789,-0.0914849125378854,0.0917461636140948
151,Naloxone,antagonist,19,0.0,78.94736842105263,-0.0882344129122834,0.0883395316717978
151,Naltrexone,antagonist,19,5.263157894736842,52.63157894736842,-0.0848397486446551,0.0850472018991877
151,PZM21,intermediate,19,36.84210526315789,5.263157894736842,-0.0925623982587858,0.0922349360906992
151,SR17018,strong,19,63.1578947368421,0.0,-0.0922056472818427,0.0924902322950269
151,TRV130,intermediate,19,42.10526315789473,5.263157894736842,-0.0861408612108664,0.0859939440757425
152,Buprenorphine,weak,19,21.052631578947366,10.526315789473683,-0.1113609576752473,0.11109641308379
152,Butorphanol,weak,19,36.84210526315789,15.789473684210526,-0.0801191611184618,0.0800647966675614
152,C6guano,strong,19,68.42105263157895,0.0,-0.0947407086689432,0.0946580524027358
152,Carfentanil,strong,19,57.89473684210527,21.052631578947366,-0.073569523017839,0.0734593326602058
152,DAMGO,strong,19,57.89473684210527,0.0,-0.0706493581082685,0.0704363723870284
152,Fentanyl,strong,19,63.1578947368421,5.263157894736842,-0.1135817353402551,0.113889572243734
152,MP,weak,19,42.10526315789473,0.0,-0.1049233218375642,0.1055544348762352
152,Methadone,intermediate,19,78.94736842105263,0.0,-0.1023794128819081,0.1022561647143245
152,Morphine,strong,19,78.94736842105263,0.0,-0.0938133962225504,0.0942030687789831
152,Nalbuphine,weak,19,10.526315789473683,31.57894736842105,-0.0914849125378854,0.0917461636140948
152,Naloxone,antagonist,19,0.0,52.63157894736842,-0.0882344129122834,0.0883395316717978
152,Naltrexone,antagonist,19,0.0,63.1578947368421,-0.0848397486446551,0.0850472018991877
152,PZM21,intermediate,19,63.1578947368421,0.0,-0.0925623982587858,0.0922349360906992
152,SR17018,strong,19,36.84210526315789,0.0,-0.0922056472818427,0.0924902322950269
152,TRV130,intermediate,19,42.10526315789473,5.263157894736842,-0.0861408612108664,0.0859939440757425
153,Buprenorphine,weak,19,26.31578947368421,10.526315789473683,-0.1113609576752473,0.11109641308379
153,Butorphanol,weak,19,31.57894736842105,10.526315789473683,-0.0801191611184618,0.0800647966675614
153,C6guano,strong,19,89.47368421052632,0.0,-0.0947407086689432,0.0946580524027358
153,Carfentanil,strong,19,42.10526315789473,5.263157894736842,-0.073569523017839,0.0734593326602058
153,DAMGO,strong,19,68.42105263157895,5.263157894736842,-0.0706493581082685,0.0704363723870284
153,Fentanyl,strong,19,68.42105263157895,5.263157894736842,-0.1135817353402551,0.113889572243734
153,MP,weak,19,0.0,42.10526315789473,-0.1049233218375642,0.1055544348762352
153,Methadone,intermediate,19,94.73684210526316,0.0,-0.1023794128819081,0.1022561647143245
153,Morphine,strong,19,63.1578947368421,0.0,-0.0938133962225504,0.0942030687789831
153,Nalbuphine,weak,19,21.052631578947366,5.263157894736842,-0.0914849125378854,0.0917461636140948
153,Naloxone,antagonist,19,5.263157894736842,47.368421052631575,-0.0882344129122834,0.0883395316717978
153,Naltrexone,antagonist,19,21.052631578947366,31.57894736842105,-0.0848397486446551,0.0850472018991877
153,PZM21,intermediate,19,73.68421052631578,10.526315789473683,-0.0925623982587858,0.0922349360906992
153,SR17018,strong,19,52.63157894736842,0.0,-0.0922056472818427,0.0924902322950269
153,TRV130,intermediate,19,57.89473684210527,5.263157894736842,-0.0861408612108664,0.0859939440757425
154,Buprenorphine,weak,19,63.1578947368421,0.0,-0.1113609576752473,0.11109641308379
154,Butorphanol,weak,19,57.89473684210527,5.263157894736842,-0.0801191611184618,0.0800647966675614
154,C6guano,strong,19,89.47368421052632,0.0,-0.0947407086689432,0.0946580524027358
154,Carfentanil,strong,19,63.1578947368421,5.263157894736842,-0.073569523017839,0.0734593326602058
154,DAMGO,strong,19,42.10526315789473,5.263157894736842,-0.0706493581082685,0.0704363723870284
154,Fentanyl,strong,19,52.63157894736842,5.263157894736842,-0.1135817353402551,0.113889572243734
154,MP,weak,19,42.10526315789473,10.526315789473683,-0.1049233218375642,0.1055544348762352
154,Methadone,intermediate,19,89.47368421052632,0.0,-0.1023794128819081,0.1022561647143245
154,Morphine,strong,19,78.94736842105263,0.0,-0.0938133962225504,0.0942030687789831
154,Nalbuphine,weak,19,68.42105263157895,0.0,-0.0914849125378854,0.0917461636140948
154,Naloxone,antagonist,19,15.789473684210526,21.052631578947366,-0.0882344129122834,0.0883395316717978
154,Naltrexone,antagonist,19,15.789473684210526,5.263157894736842,-0.0848397486446551,0.0850472018991877
154,PZM21,intermediate,19,100.0,0.0,-0.0925623982587858,0.0922349360906992
154,SR17018,strong,19,68.42105263157895,5.263157894736842,-0.0922056472818427,0.0924902322950269
154,TRV130,intermediate,19,84.21052631578947,0.0,-0.0861408612108664,0.0859939440757425
155,Buprenorphine,weak,19,26.31578947368421,5.263157894736842,-0.1113609576752473,0.11109641308379
155,Butorphanol,weak,19,42.10526315789473,10.526315789473683,-0.0801191611184618,0.0800647966675614
155,C6guano,strong,19,36.84210526315789,5.263157894736842,-0.0947407086689432,0.0946580524027358
155,Carfentanil,strong,19,52.63157894736842,5.263157894736842,-0.073569523017839,0.0734593326602058
155,DAMGO,strong,19,63.1578947368421,5.263157894736842,-0.0706493581082685,0.0704363723870284
155,Fentanyl,strong,19,63.1578947368421,5.263157894736842,-0.1135817353402551,0.113889572243734
155,MP,weak,19,21.052631578947366,0.0,-0.1049233218375642,0.1055544348762352
155,Methadone,intermediate,19,84.21052631578947,0.0,-0.1023794128819081,0.1022561647143245
155,Morphine,strong,19,89.47368421052632,0.0,-0.0938133962225504,0.0942030687789831
155,Nalbuphine,weak,19,52.63157894736842,0.0,-0.0914849125378854,0.0917461636140948
155,Naloxone,antagonist,19,21.052631578947366,15.789473684210526,-0.0882344129122834,0.0883395316717978
155,Naltrexone,antagonist,19,42.10526315789473,0.0,-0.0848397486446551,0.0850472018991877
155,PZM21,intermediate,19,52.63157894736842,0.0,-0.0925623982587858,0.0922349360906992
155,SR17018,strong,19,47.368421052631575,0.0,-0.0922056472818427,0.0924902322950269
155,TRV130,intermediate,19,36.84210526315789,5.263157894736842,-0.0861408612108664,0.0859939440757425
156,Buprenorphine,weak,19,26.31578947368421,5.263157894736842,-0.1113609576752473,0.11109641308379
156,Butorphanol,weak,19,36.84210526315789,31.57894736842105,-0.0801191611184618,0.0800647966675614
156,C6guano,strong,19,100.0,0.0,-0.0947407086689432,0.0946580524027358
156,Carfentanil,strong,19,89.47368421052632,0.0,-0.073569523017839,0.0734593326602058
156,DAMGO,strong,19,89.47368421052632,0.0,-0.0706493581082685,0.0704363723870284
156,Fentanyl,strong,19,89.47368421052632,0.0,-0.1135817353402551,0.113889572243734
156,MP,weak,19,36.84210526315789,0.0,-0.1049233218375642,0.1055544348762352
156,Methadone,intermediate,19,84.21052631578947,0.0,-0.1023794128819081,0.1022561647143245
156,Morphine,strong,19,84.21052631578947,0.0,-0.0938133962225504,0.0942030687789831
156,Nalbuphine,weak,19,57.89473684210527,5.263157894736842,-0.0914849125378854,0.0917461636140948
156,Naloxone,antagonist,19,10.526315789473683,57.89473684210527,-0.0882344129122834,0.0883395316717978
156,Naltrexone,antagonist,19,5.263157894736842,36.84210526315789,-0.0848397486446551,0.0850472018991877
156,PZM21,intermediate,19,100.0,0.0,-0.0925623982587858,0.0922349360906992
156,SR17018,strong,19,94.73684210526316,0.0,-0.0922056472818427,0.0924902322950269
156,TRV130,intermediate,19,78.94736842105263,0.0,-0.0861408612108664,0.0859939440757425
157,Buprenorphine,weak,19,47.368421052631575,0.0,-0.1113609576752473,0.11109641308379
157,Butorphanol,weak,19,47.368421052631575,10.526315789473683,-0.0801191611184618,0.0800647966675614
157,C6guano,strong,19,78.94736842105263,5.263157894736842,-0.0947407086689432,0.0946580524027358
157,Carfentanil,strong,19,36.84210526315789,15.789473684210526,-0.073569523017839,0.0734593326602058
157,DAMGO,strong,19,57.89473684210527,10.526315789473683,-0.0706493581082685,0.0704363723870284
157,Fentanyl,strong,19,57.89473684210527,0.0,-0.1135817353402551,0.113889572243734
157,MP,weak,19,52.63157894736842,10.526315789473683,-0.1049233218375642,0.1055544348762352
157,Methadone,intermediate,19,94.73684210526316,0.0,-0.1023794128819081,0.1022561647143245
157,Morphine,strong,19,78.94736842105263,5.263157894736842,-0.0938133962225504,0.0942030687789831
157,Nalbuphine,weak,19,47.368421052631575,10.526315789473683,-0.0914849125378854,0.0917461636140948
157,Naloxone,antagonist,19,31.57894736842105,10.526315789473683,-0.0882344129122834,0.0883395316717978
157,Naltrexone,antagonist,19,57.89473684210527,15.789473684210526,-0.0848397486446551,0.0850472018991877
157,PZM21,intermediate,19,78.94736842105263,5.263157894736842,-0.0925623982587858,0.0922349360906992
157,SR17018,strong,19,89.47368421052632,0.0,-0.0922056472818427,0.0924902322950269
157,TRV130,intermediate,19,89.47368421052632,0.0,-0.0861408612108664,0.0859939440757425
158,Buprenorphine,weak,19,15.789473684210526,26.31578947368421,-0.1113609576752473,0.11109641308379
158,Butorphanol,weak,19,36.84210526315789,42.10526315789473,-0.0801191611184618,0.0800647966675614
158,C6guano,strong,19,52.63157894736842,15.789473684210526,-0.0947407086689432,0.0946580524027358
158,Carfentanil,strong,19,31.57894736842105,10.526315789473683,-0.073569523017839,0.0734593326602058
158,DAMGO,strong,19,31.57894736842105,15.789473684210526,-0.0706493581082685,0.0704363723870284
158,Fentanyl,strong,19,52.63157894736842,5.263157894736842,-0.1135817353402551,0.113889572243734
158,MP,weak,19,26.31578947368421,26.31578947368421,-0.1049233218375642,0.1055544348762352
158,Methadone,intermediate,19,36.84210526315789,5.263157894736842,-0.1023794128819081,0.1022561647143245
158,Morphine,strong,19,57.89473684210527,0.0,-0.0938133962225504,0.0942030687789831
158,Nalbuphine,weak,19,0.0,31.57894736842105,-0.0914849125378854,0.0917461636140948
158,Naloxone,antagonist,19,31.57894736842105,21.052631578947366,-0.0882344129122834,0.0883395316717978
158,Naltrexone,antagonist,19,21.052631578947366,10.526315789473683,-0.0848397486446551,0.0850472018991877
158,PZM21,intermediate,19,57.89473684210527,0.0,-0.0925623982587858,0.0922349360906992
158,SR17018,strong,19,52.63157894736842,10.526315789473683,-0.0922056472818427,0.0924902322950269
158,TRV130,intermediate,19,57.89473684210527,5.263157894736842,-0.0861408612108664,0.0859939440757425
159,Buprenorphine,weak,19,5.263157894736842,36.84210526315789,-0.1113609576752473,0.11109641308379
159,Butorphanol,weak,19,21.052631578947366,42.10526315789473,-0.0801191611184618,0.0800647966675614
159,C6guano,strong,19,68.42105263157895,5.263157894736842,-0.0947407086689432,0.0946580524027358
159,Carfentanil,strong,19,47.368421052631575,5.263157894736842,-0.073569523017839,0.0734593326602058
159,DAMGO,strong,19,73.68421052631578,5.263157894736842,-0.0706493581082685,0.0704363723870284
159,Fentanyl,strong,19,78.94736842105263,0.0,-0.1135817353402551,0.113889572243734
159,MP,weak,19,26.31578947368421,0.0,-0.1049233218375642,0.1055544348762352
159,Methadone,intermediate,19,73.68421052631578,0.0,-0.1023794128819081,0.1022561647143245
159,Morphine,strong,19,68.42105263157895,0.0,-0.0938133962225504,0.0942030687789831
159,Nalbuphine,weak,19,21.052631578947366,21.052631578947366,-0.0914849125378854,0.0917461636140948
159,Naloxone,antagonist,19,5.263157894736842,52.63157894736842,-0.0882344129122834,0.0883395316717978
159,Naltrexone,antagonist,19,5.263157894736842,52.63157894736842,-0.0848397486446551,0.0850472018991877
159,PZM21,intermediate,19,68.42105263157895,5.263157894736842,-0.0925623982587858,0.0922349360906992
159,SR17018,strong,19,78.94736842105263,0.0,-0.0922056472818427,0.0924902322950269
159,TRV130,intermediate,19,57.89473684210527,5.263157894736842,-0.0861408612108664,0.0859939440757425
160,Buprenorphine,weak,19,15.789473684210526,15.789473684210526,-0.1113609576752473,0.11109641308379
160,Butorphanol,weak,19,52.63157894736842,26.31578947368421,-0.0801191611184618,0.0800647966675614
160,C6guano,strong,19,84.21052631578947,0.0,-0.0947407086689432,0.0946580524027358
160,Carfentanil,strong,19,78.94736842105263,5.263157894736842,-0.073569523017839,0.0734593326602058
160,DAMGO,strong,19,78.94736842105263,10.526315789473683,-0.0706493581082685,0.0704363723870284
160,Fentanyl,strong,19,68.42105263157895,0.0,-0.1135817353402551,0.113889572243734
160,MP,weak,19,47.368421052631575,5.263157894736842,-0.1049233218375642,0.1055544348762352
160,Methadone,intermediate,19,68.42105263157895,0.0,-0.1023794128819081,0.1022561647143245
160,Morphine,strong,19,78.94736842105263,10.526315789473683,-0.0938133962225504,0.0942030687789831
160,Nalbuphine,weak,19,52.63157894736842,10.526315789473683,-0.0914849125378854,0.0917461636140948
160,Naloxone,antagonist,19,10.526315789473683,36.84210526315789,-0.0882344129122834,0.0883395316717978
160,Naltrexone,antagonist,19,5.263157894736842,21.052631578947366,-0.0848397486446551,0.0850472018991877
160,PZM21,intermediate,19,73.68421052631578,0.0,-0.0925623982587858,0.0922349360906992
160,SR17018,strong,19,78.94736842105263,0.0,-0.0922056472818427,0.0924902322950269
160,TRV130,intermediate,19,52.63157894736842,5.263157894736842,-0.0861408612108664,0.0859939440757425
161,Buprenorphine,weak,19,36.84210526315789,5.263157894736842,-0.1113609576752473,0.11109641308379
161,Butorphanol,weak,19,52.63157894736842,26.31578947368421,-0.0801191611184618,0.0800647966675614
161,C6guano,strong,19,94.73684210526316,0.0,-0.0947407086689432,0.0946580524027358
161,Carfentanil,strong,19,57.89473684210527,21.052631578947366,-0.073569523017839,0.0734593326602058
161,DAMGO,strong,19,57.89473684210527,10.526315789473683,-0.0706493581082685,0.0704363723870284
161,Fentanyl,strong,19,63.1578947368421,0.0,-0.1135817353402551,0.113889572243734
161,MP,weak,19,47.368421052631575,0.0,-0.1049233218375642,0.1055544348762352
161,Methadone,intermediate,19,63.1578947368421,5.263157894736842,-0.1023794128819081,0.1022561647143245
161,Morphine,strong,19,73.68421052631578,0.0,-0.0938133962225504,0.0942030687789831
161,Nalbuphine,weak,19,73.68421052631578,5.263157894736842,-0.0914849125378854,0.0917461636140948
161,Naloxone,antagonist,19,5.263157894736842,5.263157894736842,-0.0882344129122834,0.0883395316717978
161,Naltrexone,antagonist,19,57.89473684210527,0.0,-0.0848397486446551,0.0850472018991877
161,PZM21,intermediate,19,84.21052631578947,0.0,-0.0925623982587858,0.0922349360906992
161,SR17018,strong,19,68.42105263157895,5.263157894736842,-0.0922056472818427,0.0924902322950269
161,TRV130,intermediate,19,73.68421052631578,0.0,-0.0861408612108664,0.0859939440757425
162,Buprenorphine,weak,19,26.31578947368421,26.31578947368421,-0.1113609576752473,0.11109641308379
162,Butorphanol,weak,19,15.789473684210526,52.63157894736842,-0.0801191611184618,0.0800647966675614
162,C6guano,strong,19,36.84210526315789,26.31578947368421,-0.0947407086689432,0.0946580524027358
162,Carfentanil,strong,19,31.57894736842105,26.31578947368421,-0.073569523017839,0.0734593326602058
162,DAMGO,strong,19,36.84210526315789,10.526315789473683,-0.0706493581082685,0.0704363723870284
162,Fentanyl,strong,19,15.789473684210526,15.789473684210526,-0.1135817353402551,0.113889572243734
162,MP,weak,19,15.789473684210526,5.263157894736842,-0.1049233218375642,0.1055544348762352
162,Methadone,intermediate,19,36.84210526315789,10.526315789473683,-0.1023794128819081,0.1022561647143245
162,Morphine,strong,19,31.57894736842105,5.263157894736842,-0.0938133962225504,0.0942030687789831
162,Nalbuphine,weak,19,26.31578947368421,15.789473684210526,-0.0914849125378854,0.0917461636140948
162,Naloxone,antagonist,19,26.31578947368421,26.31578947368421,-0.0882344129122834,0.0883395316717978
162,Naltrexone,antagonist,19,10.526315789473683,31.57894736842105,-0.0848397486446551,0.0850472018991877
162,PZM21,intermediate,19,36.84210526315789,15.789473684210526,-0.0925623982587858,0.0922349360906992
162,SR17018,strong,19,21.052631578947366,21.052631578947366,-0.0922056472818427,0.0924902322950269
162,TRV130,intermediate,19,31.57894736842105,10.526315789473683,-0.0861408612108664,0.0859939440757425
163,Buprenorphine,weak,19,42.10526315789473,5.263157894736842,-0.1113609576752473,0.11109641308379
163,Butorphanol,weak,19,68.42105263157895,5.263157894736842,-0.0801191611184618,0.0800647966675614
163,C6guano,strong,19,89.47368421052632,0.0,-0.0947407086689432,0.0946580524027358
163,Carfentanil,strong,19,89.47368421052632,0.0,-0.073569523017839,0.0734593326602058
163,DAMGO,strong,19,100.0,0.0,-0.0706493581082685,0.0704363723870284
163,Fentanyl,strong,19,63.1578947368421,0.0,-0.1135817353402551,0.113889572243734
163,MP,weak,19,36.84210526315789,10.526315789473683,-0.1049233218375642,0.1055544348762352
163,Methadone,intermediate,19,78.94736842105263,0.0,-0.1023794128819081,0.1022561647143245
163,Morphine,strong,19,89.47368421052632,5.263157894736842,-0.0938133962225504,0.0942030687789831
163,Nalbuphine,weak,19,47.368421052631575,5.263157894736842,-0.0914849125378854,0.0917461636140948
163,Naloxone,antagonist,19,26.31578947368421,21.052631578947366,-0.0882344129122834,0.0883395316717978
163,Naltrexone,antagonist,19,26.31578947368421,21.052631578947366,-0.0848397486446551,0.0850472018991877
163,PZM21,intermediate,19,89.47368421052632,5.263157894736842,-0.0925623982587858,0.0922349360906992
163,SR17018,strong,19,73.68421052631578,0.0,-0.0922056472818427,0.0924902322950269
163,TRV130,intermediate,19,68.42105263157895,15.789473684210526,-0.0861408612108664,0.0859939440757425
164,Buprenorphine,weak,19,63.1578947368421,5.263157894736842,-0.1113609576752473,0.11109641308379
164,Butorphanol,weak,19,73.68421052631578,5.263157894736842,-0.0801191611184618,0.0800647966675614
164,C6guano,strong,19,89.47368421052632,0.0,-0.0947407086689432,0.0946580524027358
164,Carfentanil,strong,19,78.94736842105263,5.263157894736842,-0.073569523017839,0.0734593326602058
164,DAMGO,strong,19,94.73684210526316,0.0,-0.0706493581082685,0.0704363723870284
164,Fentanyl,strong,19,84.21052631578947,10.526315789473683,-0.1135817353402551,0.113889572243734
164,MP,weak,19,31.57894736842105,5.263157894736842,-0.1049233218375642,0.1055544348762352
164,Methadone,intermediate,19,89.47368421052632,0.0,-0.1023794128819081,0.1022561647143245
164,Morphine,strong,19,89.47368421052632,0.0,-0.0938133962225504,0.0942030687789831
164,Nalbuphine,weak,19,57.89473684210527,0.0,-0.0914849125378854,0.0917461636140948
164,Naloxone,antagonist,19,31.57894736842105,10.526315789473683,-0.0882344129122834,0.0883395316717978
164,Naltrexone,antagonist,19,57.89473684210527,15.789473684210526,-0.0848397486446551,0.0850472018991877
164,PZM21,intermediate,19,100.0,0.0,-0.0925623982587858,0.0922349360906992
164,SR17018,strong,19,84.21052631578947,0.0,-0.0922056472818427,0.0924902322950269
164,TRV130,intermediate,19,73.68421052631578,5.263157894736842,-0.0861408612108664,0.0859939440757425
165,Buprenorphine,weak,19,47.368421052631575,5.263157894736842,-0.1113609576752473,0.11109641308379
165,Butorphanol,weak,19,57.89473684210527,5.263157894736842,-0.0801191611184618,0.0800647966675614
165,C6guano,strong,19,52.63157894736842,21.052631578947366,-0.0947407086689432,0.0946580524027358
165,Carfentanil,strong,19,63.1578947368421,10.526315789473683,-0.073569523017839,0.0734593326602058
165,DAMGO,strong,19,63.1578947368421,0.0,-0.0706493581082685,0.0704363723870284
165,Fentanyl,strong,19,68.42105263157895,5.263157894736842,-0.1135817353402551,0.113889572243734
165,MP,weak,19,52.63157894736842,15.789473684210526,-0.1049233218375642,0.1055544348762352
165,Methadone,intermediate,19,68.42105263157895,10.526315789473683,-0.1023794128819081,0.1022561647143245
165,Morphine,strong,19,73.68421052631578,5.263157894736842,-0.0938133962225504,0.0942030687789831
165,Nalbuphine,weak,19,78.94736842105263,0.0,-0.0914849125378854,0.0917461636140948
165,Naloxone,antagonist,19,26.31578947368421,10.526315789473683,-0.0882344129122834,0.0883395316717978
165,Naltrexone,antagonist,19,73.68421052631578,0.0,-0.0848397486446551,0.0850472018991877
165,PZM21,intermediate,19,78.94736842105263,0.0,-0.0925623982587858,0.0922349360906992
165,SR17018,strong,19,63.1578947368421,10.526315789473683,-0.0922056472818427,0.0924902322950269
165,TRV130,intermediate,19,68.42105263157895,5.263157894736842,-0.0861408612108664,0.0859939440757425
166,Buprenorphine,weak,19,31.57894736842105,10.526315789473683,-0.1113609576752473,0.11109641308379
166,Butorphanol,weak,19,73.68421052631578,0.0,-0.0801191611184618,0.0800647966675614
166,C6guano,strong,19,73.68421052631578,0.0,-0.0947407086689432,0.0946580524027358
166,Carfentanil,strong,19,94.73684210526316,0.0,-0.073569523017839,0.0734593326602058
166,DAMGO,strong,19,94.73684210526316,0.0,-0.0706493581082685,0.0704363723870284
166,Fentanyl,strong,19,73.68421052631578,15.789473684210526,-0.1135817353402551,0.113889572243734
166,MP,weak,19,68.42105263157895,0.0,-0.1049233218375642,0.1055544348762352
166,Methadone,intermediate,19,100.0,0.0,-0.1023794128819081,0.1022561647143245
166,Morphine,strong,19,94.73684210526316,0.0,-0.0938133962225504,0.0942030687789831
166,Nalbuphine,weak,19,63.1578947368421,5.263157894736842,-0.0914849125378854,0.0917461636140948
166,Naloxone,antagonist,19,10.526315789473683,26.31578947368421,-0.0882344129122834,0.0883395316717978
166,Naltrexone,antagonist,19,31.57894736842105,15.789473684210526,-0.0848397486446551,0.0850472018991877
166,PZM21,intermediate,19,89.47368421052632,0.0,-0.0925623982587858,0.0922349360906992
166,SR17018,strong,19,89.47368421052632,0.0,-0.0922056472818427,0.0924902322950269
166,TRV130,intermediate,19,78.94736842105263,0.0,-0.0861408612108664,0.0859939440757425
167,Buprenorphine,weak,19,94.73684210526316,0.0,-0.1113609576752473,0.11109641308379
167,Butorphanol,weak,19,94.73684210526316,0.0,-0.0801191611184618,0.0800647966675614
167,C6guano,strong,19,100.0,0.0,-0.0947407086689432,0.0946580524027358
167,Carfentanil,strong,19,100.0,0.0,-0.073569523017839,0.0734593326602058
167,DAMGO,strong,19,100.0,0.0,-0.0706493581082685,0.0704363723870284
167,Fentanyl,strong,19,100.0,0.0,-0.1135817353402551,0.113889572243734
167,MP,weak,19,57.89473684210527,0.0,-0.1049233218375642,0.1055544348762352
167,Methadone,intermediate,19,100.0,0.0,-0.1023794128819081,0.1022561647143245
167,Morphine,strong,19,100.0,0.0,-0.0938133962225504,0.0942030687789831
167,Nalbuphine,weak,19,100.0,0.0,-0.0914849125378854,0.0917461636140948
167,Naloxone,antagonist,19,31.57894736842105,0.0,-0.0882344129122834,0.0883395316717978
167,Naltrexone,antagonist,19,42.10526315789473,5.263157894736842,-0.0848397486446551,0.0850472018991877
167,PZM21,intermediate,19,100.0,0.0,-0.0925623982587858,0.0922349360906992
167,SR17018,strong,19,100.0,0.0,-0.0922056472818427,0.0924902322950269
167,TRV130,intermediate,19,89.47368421052632,0.0,-0.0861408612108664,0.0859939440757425
168,Buprenorphine,weak,19,52.63157894736842,10.526315789473683,-0.1113609576752473,0.11109641308379
168,Butorphanol,weak,19,94.73684210526316,0.0,-0.0801191611184618,0.0800647966675614
168,C6guano,strong,19,100.0,0.0,-0.0947407086689432,0.0946580524027358
168,Carfentanil,strong,19,89.47368421052632,0.0,-0.073569523017839,0.0734593326602058
168,DAMGO,strong,19,94.73684210526316,0.0,-0.0706493581082685,0.0704363723870284
168,Fentanyl,strong,19,84.21052631578947,0.0,-0.1135817353402551,0.113889572243734
168,MP,weak,19,47.368421052631575,0.0,-0.1049233218375642,0.1055544348762352
168,Methadone,intermediate,19,89.47368421052632,5.263157894736842,-0.1023794128819081,0.1022561647143245
168,Morphine,strong,19,73.68421052631578,0.0,-0.0938133962225504,0.0942030687789831
168,Nalbuphine,weak,19,68.42105263157895,0.0,-0.0914849125378854,0.0917461636140948
168,Naloxone,antagonist,19,26.31578947368421,21.052631578947366,-0.0882344129122834,0.0883395316717978
168,Naltrexone,antagonist,19,36.84210526315789,15.789473684210526,-0.0848397486446551,0.0850472018991877
168,PZM21,intermediate,19,100.0,0.0,-0.0925623982587858,0.0922349360906992
168,SR17018,strong,19,94.73684210526316,0.0,-0.0922056472818427,0.0924902322950269
168,TRV130,intermediate,19,84.21052631578947,0.0,-0.0861408612108664,0.0859939440757425
169,Buprenorphine,weak,19,57.89473684210527,5.263157894736842,-0.1113609576752473,0.11109641308379
169,Butorphanol,weak,19,68.42105263157895,10.526315789473683,-0.0801191611184618,0.0800647966675614
169,C6guano,strong,19,68.42105263157895,10.526315789473683,-0.0947407086689432,0.0946580524027358
169,Carfentanil,strong,19,63.1578947368421,10.526315789473683,-0.073569523017839,0.0734593326602058
169,DAMGO,strong,19,68.42105263157895,0.0,-0.0706493581082685,0.0704363723870284
169,Fentanyl,strong,19,52.63157894736842,5.263157894736842,-0.1135817353402551,0.113889572243734
169,MP,weak,19,52.63157894736842,5.263157894736842,-0.1049233218375642,0.1055544348762352
169,Methadone,intermediate,19,63.1578947368421,0.0,-0.1023794128819081,0.1022561647143245
169,Morphine,strong,19,68.42105263157895,0.0,-0.0938133962225504,0.0942030687789831
169,Nalbuphine,weak,19,57.89473684210527,5.263157894736842,-0.0914849125378854,0.0917461636140948
169,Naloxone,antagonist,19,57.89473684210527,0.0,-0.0882344129122834,0.0883395316717978
169,Naltrexone,antagonist,19,47.368421052631575,0.0,-0.0848397486446551,0.0850472018991877
169,PZM21,intermediate,19,73.68421052631578,0.0,-0.0925623982587858,0.0922349360906992
169,SR17018,strong,19,78.94736842105263,0.0,-0.0922056472818427,0.0924902322950269
169,TRV130,intermediate,19,63.1578947368421,0.0,-0.0861408612108664,0.0859939440757425
170,Buprenorphine,weak,19,89.47368421052632,0.0,-0.1113609576752473,0.11109641308379
170,Butorphanol,weak,19,84.21052631578947,0.0,-0.0801191611184618,0.0800647966675614
170,C6guano,strong,19,94.73684210526316,0.0,-0.0947407086689432,0.0946580524027358
170,Carfentanil,strong,19,100.0,0.0,-0.073569523017839,0.0734593326602058
170,DAMGO,strong,19,94.73684210526316,0.0,-0.0706493581082685,0.0704363723870284
170,Fentanyl,strong,19,89.47368421052632,0.0,-0.1135817353402551,0.113889572243734
170,MP,weak,19,42.10526315789473,0.0,-0.1049233218375642,0.1055544348762352
170,Methadone,intermediate,19,94.73684210526316,0.0,-0.1023794128819081,0.1022561647143245
170,Morphine,strong,19,94.73684210526316,0.0,-0.0938133962225504,0.0942030687789831
170,Nalbuphine,weak,19,63.1578947368421,0.0,-0.0914849125378854,0.0917461636140948
170,Naloxone,antagonist,19,36.84210526315789,5.263157894736842,-0.0882344129122834,0.0883395316717978
170,Naltrexone,antagonist,19,57.89473684210527,5.263157894736842,-0.0848397486446551,0.0850472018991877
170,PZM21,intermediate,19,94.73684210526316,0.0,-0.0925623982587858,0.0922349360906992
170,SR17018,strong,19,94.73684210526316,0.0,-0.0922056472818427,0.0924902322950269
170,TRV130,intermediate,19,78.94736842105263,0.0,-0.0861408612108664,0.0859939440757425
171,Buprenorphine,weak,19,84.21052631578947,0.0,-0.1113609576752473,0.11109641308379
171,Butorphanol,weak,19,89.47368421052632,0.0,-0.0801191611184618,0.0800647966675614
171,C6guano,strong,19,78.94736842105263,0.0,-0.0947407086689432,0.0946580524027358
171,Carfentanil,strong,19,94.73684210526316,0.0,-0.073569523017839,0.0734593326602058
171,DAMGO,strong,19,89.47368421052632,5.263157894736842,-0.0706493581082685,0.0704363723870284
171,Fentanyl,strong,19,78.94736842105263,0.0,-0.1135817353402551,0.113889572243734
171,MP,weak,19,68.42105263157895,0.0,-0.1049233218375642,0.1055544348762352
171,Methadone,intermediate,19,78.94736842105263,0.0,-0.1023794128819081,0.1022561647143245
171,Morphine,strong,19,78.94736842105263,0.0,-0.0938133962225504,0.0942030687789831
171,Nalbuphine,weak,19,84.21052631578947,0.0,-0.0914849125378854,0.0917461636140948
171,Naloxone,antagonist,19,36.84210526315789,21.052631578947366,-0.0882344129122834,0.0883395316717978
171,Naltrexone,antagonist,19,47.368421052631575,0.0,-0.0848397486446551,0.0850472018991877
171,PZM21,intermediate,19,94.73684210526316,5.263157894736842,-0.0925623982587858,0.0922349360906992
171,SR17018,strong,19,78.94736842105263,0.0,-0.0922056472818427,0.0924902322950269
171,TRV130,intermediate,19,84.21052631578947,0.0,-0.0861408612108664,0.0859939440757425
172,Buprenorphine,weak,19,52.63157894736842,10.526315789473683,-0.1113609576752473,0.11109641308379
172,Butorphanol,weak,19,68.42105263157895,10.526315789473683,-0.0801191611184618,0.0800647966675614
172,C6guano,strong,19,52.63157894736842,5.263157894736842,-0.0947407086689432,0.0946580524027358
172,Carfentanil,strong,19,63.1578947368421,5.263157894736842,-0.073569523017839,0.0734593326602058
172,DAMGO,strong,19,68.42105263157895,0.0,-0.0706493581082685,0.0704363723870284
172,Fentanyl,strong,19,42.10526315789473,5.263157894736842,-0.1135817353402551,0.113889572243734
172,MP,weak,19,36.84210526315789,5.263157894736842,-0.1049233218375642,0.1055544348762352
172,Methadone,intermediate,19,78.94736842105263,0.0,-0.1023794128819081,0.1022561647143245
172,Morphine,strong,19,52.63157894736842,0.0,-0.0938133962225504,0.0942030687789831
172,Nalbuphine,weak,19,42.10526315789473,5.263157894736842,-0.0914849125378854,0.0917461636140948
172,Naloxone,antagonist,19,10.526315789473683,31.57894736842105,-0.0882344129122834,0.0883395316717978
172,Naltrexone,antagonist,19,15.789473684210526,10.526315789473683,-0.0848397486446551,0.0850472018991877
172,PZM21,intermediate,19,68.42105263157895,0.0,-0.0925623982587858,0.0922349360906992
172,SR17018,strong,19,63.1578947368421,0.0,-0.0922056472818427,0.0924902322950269
172,TRV130,intermediate,19,89.47368421052632,0.0,-0.0861408612108664,0.0859939440757425
173,Buprenorphine,weak,19,47.368421052631575,5.263157894736842,-0.1113609576752473,0.11109641308379
173,Butorphanol,weak,19,57.89473684210527,0.0,-0.0801191611184618,0.0800647966675614
173,C6guano,strong,19,63.1578947368421,0.0,-0.0947407086689432,0.0946580524027358
173,Carfentanil,strong,19,52.63157894736842,0.0,-0.073569523017839,0.0734593326602058
173,DAMGO,strong,19,47.368421052631575,5.263157894736842,-0.0706493581082685,0.0704363723870284
173,Fentanyl,strong,19,42.10526315789473,10.526315789473683,-0.1135817353402551,0.113889572243734
173,MP,weak,19,26.31578947368421,5.263157894736842,-0.1049233218375642,0.1055544348762352
173,Methadone,intermediate,19,57.89473684210527,5.263157894736842,-0.1023794128819081,0.1022561647143245
173,Morphine,strong,19,68.42105263157895,0.0,-0.0938133962225504,0.0942030687789831
173,Nalbuphine,weak,19,31.57894736842105,0.0,-0.0914849125378854,0.0917461636140948
173,Naloxone,antagonist,19,42.10526315789473,0.0,-0.0882344129122834,0.0883395316717978
173,Naltrexone,antagonist,19,63.1578947368421,0.0,-0.0848397486446551,0.0850472018991877
173,PZM21,intermediate,19,47.368421052631575,15.789473684210526,-0.0925623982587858,0.0922349360906992
173,SR17018,strong,19,47.368421052631575,0.0,-0.0922056472818427,0.0924902322950269
173,TRV130,intermediate,19,36.84210526315789,10.526315789473683,-0.0861408612108664,0.0859939440757425
174,Buprenorphine,weak,19,89.47368421052632,0.0,-0.1113609576752473,0.11109641308379
174,Butorphanol,weak,19,78.94736842105263,0.0,-0.0801191611184618,0.0800647966675614
174,C6guano,strong,19,84.21052631578947,0.0,-0.0947407086689432,0.0946580524027358
174,Carfentanil,strong,19,63.1578947368421,10.526315789473683,-0.073569523017839,0.0734593326602058
174,DAMGO,strong,19,84.21052631578947,5.263157894736842,-0.0706493581082685,0.0704363723870284
174,Fentanyl,strong,19,73.68421052631578,0.0,-0.1135817353402551,0.113889572243734
174,MP,weak,19,84.21052631578947,0.0,-0.1049233218375642,0.1055544348762352
174,Methadone,intermediate,19,89.47368421052632,0.0,-0.1023794128819081,0.1022561647143245
174,Morphine,strong,19,73.68421052631578,0.0,-0.0938133962225504,0.0942030687789831
174,Nalbuphine,weak,19,73.68421052631578,0.0,-0.0914849125378854,0.0917461636140948
174,Naloxone,antagonist,19,57.89473684210527,10.526315789473683,-0.0882344129122834,0.0883395316717978
174,Naltrexone,antagonist,19,47.368421052631575,0.0,-0.0848397486446551,0.0850472018991877
174,PZM21,intermediate,19,84.21052631578947,0.0,-0.0925623982587858,0.0922349360906992
174,SR17018,strong,19,89.47368421052632,0.0,-0.0922056472818427,0.0924902322950269
174,TRV130,intermediate,19,73.68421052631578,0.0,-0.0861408612108664,0.0859939440757425
175,Buprenorphine,weak,19,57.89473684210527,10.526315789473683,-0.1113609576752473,0.11109641308379
175,Butorphanol,weak,19,78.94736842105263,5.263157894736842,-0.0801191611184618,0.0800647966675614
175,C6guano,strong,19,47.368421052631575,0.0,-0.0947407086689432,0.0946580524027358
175,Carfentanil,strong,19,31.57894736842105,15.789473684210526,-0.073569523017839,0.0734593326602058
175,DAMGO,strong,19,26.31578947368421,15.789473684210526,-0.0706493581082685,0.0704363723870284
175,Fentanyl,strong,19,42.10526315789473,15.789473684210526,-0.1135817353402551,0.113889572243734
175,MP,weak,19,63.1578947368421,10.526315789473683,-0.1049233218375642,0.1055544348762352
175,Methadone,intermediate,19,47.368421052631575,5.263157894736842,-0.1023794128819081,0.1022561647143245
175,Morphine,strong,19,42.10526315789473,21.052631578947366,-0.0938133962225504,0.0942030687789831
175,Nalbuphine,weak,19,68.42105263157895,0.0,-0.0914849125378854,0.0917461636140948
175,Naloxone,antagonist,19,52.63157894736842,5.263157894736842,-0.0882344129122834,0.0883395316717978
175,Naltrexone,antagonist,19,73.68421052631578,5.263157894736842,-0.0848397486446551,0.0850472018991877
175,PZM21,intermediate,19,63.1578947368421,0.0,-0.0925623982587858,0.0922349360906992
175,SR17018,strong,19,36.84210526315789,21.052631578947366,-0.0922056472818427,0.0924902322950269
175,TRV130,intermediate,19,57.89473684210527,10.526315789473683,-0.0861408612108664,0.0859939440757425
176,Buprenorphine,weak,19,26.31578947368421,0.0,-0.1113609576752473,0.11109641308379
176,Butorphanol,weak,19,47.368421052631575,0.0,-0.0801191611184618,0.0800647966675614
176,C6guano,strong,19,15.789473684210526,0.0,-0.0947407086689432,0.0946580524027358
176,Carfentanil,strong,19,26.31578947368421,10.526315789473683,-0.073569523017839,0.0734593326602058
176,DAMGO,strong,19,15.789473684210526,15.789473684210526,-0.0706493581082685,0.0704363723870284
176,Fentanyl,strong,19,5.263157894736842,0.0,-0.1135817353402551,0.113889572243734
176,MP,weak,19,31.57894736842105,0.0,-0.1049233218375642,0.1055544348762352
176,Methadone,intermediate,19,31.57894736842105,10.526315789473683,-0.1023794128819081,0.1022561647143245
176,Morphine,strong,19,21.052631578947366,5.263157894736842,-0.0938133962225504,0.0942030687789831
176,Nalbuphine,weak,19,47.368421052631575,0.0,-0.0914849125378854,0.0917461636140948
176,Naloxone,antagonist,19,52.63157894736842,5.263157894736842,-0.0882344129122834,0.0883395316717978
176,Naltrexone,antagonist,19,26.31578947368421,0.0,-0.0848397486446551,0.0850472018991877
176,PZM21,intermediate,19,42.10526315789473,5.263157894736842,-0.0925623982587858,0.0922349360906992
176,SR17018,strong,19,31.57894736842105,5.263157894736842,-0.0922056472818427,0.0924902322950269
176,TRV130,intermediate,19,15.789473684210526,31.57894736842105,-0.0861408612108664,0.0859939440757425
177,Buprenorphine,weak,19,52.63157894736842,15.789473684210526,-0.1113609576752473,0.11109641308379
177,Butorphanol,weak,19,94.73684210526316,0.0,-0.0801191611184618,0.0800647966675614
177,C6guano,strong,19,57.89473684210527,10.526315789473683,-0.0947407086689432,0.0946580524027358
177,Carfentanil,strong,19,36.84210526315789,26.31578947368421,-0.073569523017839,0.0734593326602058
177,DAMGO,strong,19,52.63157894736842,21.052631578947366,-0.0706493581082685,0.0704363723870284
177,Fentanyl,strong,19,52.63157894736842,5.263157894736842,-0.1135817353402551,0.113889572243734
177,MP,weak,19,63.1578947368421,5.263157894736842,-0.1049233218375642,0.1055544348762352
177,Methadone,intermediate,19,68.42105263157895,21.052631578947366,-0.1023794128819081,0.1022561647143245
177,Morphine,strong,19,78.94736842105263,5.263157894736842,-0.0938133962225504,0.0942030687789831
177,Nalbuphine,weak,19,78.94736842105263,0.0,-0.0914849125378854,0.0917461636140948
177,Naloxone,antagonist,19,10.526315789473683,42.10526315789473,-0.0882344129122834,0.0883395316717978
177,Naltrexone,antagonist,19,47.368421052631575,5.263157894736842,-0.0848397486446551,0.0850472018991877
177,PZM21,intermediate,19,94.73684210526316,0.0,-0.0925623982587858,0.0922349360906992
177,SR17018,strong,19,36.84210526315789,10.526315789473683,-0.0922056472818427,0.0924902322950269
177,TRV130,intermediate,19,84.21052631578947,0.0,-0.0861408612108664,0.0859939440757425
178,Buprenorphine,weak,19,73.68421052631578,0.0,-0.1113609576752473,0.11109641308379
178,Butorphanol,weak,19,68.42105263157895,0.0,-0.0801191611184618,0.0800647966675614
178,C6guano,strong,19,47.368421052631575,5.263157894736842,-0.0947407086689432,0.0946580524027358
178,Carfentanil,strong,19,21.052631578947366,0.0,-0.073569523017839,0.0734593326602058
178,DAMGO,strong,19,36.84210526315789,5.263157894736842,-0.0706493581082685,0.0704363723870284
178,Fentanyl,strong,19,15.789473684210526,0.0,-0.1135817353402551,0.113889572243734
178,MP,weak,19,52.63157894736842,0.0,-0.1049233218375642,0.1055544348762352
178,Methadone,intermediate,19,57.89473684210527,0.0,-0.1023794128819081,0.1022561647143245
178,Morphine,strong,19,36.84210526315789,15.789473684210526,-0.0938133962225504,0.0942030687789831
178,Nalbuphine,weak,19,47.368421052631575,5.263157894736842,-0.0914849125378854,0.0917461636140948
178,Naloxone,antagonist,19,21.052631578947366,0.0,-0.0882344129122834,0.0883395316717978
178,Naltrexone,antagonist,19,78.94736842105263,0.0,-0.0848397486446551,0.0850472018991877
178,PZM21,intermediate,19,26.31578947368421,5.263157894736842,-0.0925623982587858,0.0922349360906992
178,SR17018,strong,19,26.31578947368421,15.789473684210526,-0.0922056472818427,0.0924902322950269
178,TRV130,intermediate,19,31.57894736842105,21.052631578947366,-0.0861408612108664,0.0859939440757425
179,Buprenorphine,weak,19,26.31578947368421,15.789473684210526,-0.1113609576752473,0.11109641308379
179,Butorphanol,weak,19,15.789473684210526,26.31578947368421,-0.0801191611184618,0.0800647966675614
179,C6guano,strong,19,26.31578947368421,26.31578947368421,-0.0947407086689432,0.0946580524027358
179,Carfentanil,strong,19,10.526315789473683,5.263157894736842,-0.073569523017839,0.0734593326602058
179,DAMGO,strong,19,0.0,26.31578947368421,-0.0706493581082685,0.0704363723870284
179,Fentanyl,strong,19,0.0,15.789473684210526,-0.1135817353402551,0.113889572243734
179,MP,weak,19,15.789473684210526,15.789473684210526,-0.1049233218375642,0.1055544348762352
179,Methadone,intermediate,19,21.052631578947366,21.052631578947366,-0.1023794128819081,0.1022561647143245
179,Morphine,strong,19,15.789473684210526,15.789473684210526,-0.0938133962225504,0.0942030687789831
179,Nalbuphine,weak,19,5.263157894736842,26.31578947368421,-0.0914849125378854,0.0917461636140948
179,Naloxone,antagonist,19,5.263157894736842,31.57894736842105,-0.0882344129122834,0.0883395316717978
179,Naltrexone,antagonist,19,5.263157894736842,47.368421052631575,-0.0848397486446551,0.0850472018991877
179,PZM21,intermediate,19,15.789473684210526,10.526315789473683,-0.0925623982587858,0.0922349360906992
179,SR17018,strong,19,15.789473684210526,31.57894736842105,-0.0922056472818427,0.0924902322950269
179,TRV130,intermediate,19,5.263157894736842,42.10526315789473,-0.0861408612108664,0.0859939440757425
180,Buprenorphine,weak,19,52.63157894736842,0.0,-0.1113609576752473,0.11109641308379
180,Butorphanol,weak,19,57.89473684210527,21.052631578947366,-0.0801191611184618,0.0800647966675614
180,C6guano,strong,19,57.89473684210527,10.526315789473683,-0.0947407086689432,0.0946580524027358
180,Carfentanil,strong,19,31.57894736842105,21.052631578947366,-0.073569523017839,0.0734593326602058
180,DAMGO,strong,19,31.57894736842105,15.789473684210526,-0.0706493581082685,0.0704363723870284
180,Fentanyl,strong,19,21.052631578947366,15.789473684210526,-0.1135817353402551,0.113889572243734
180,MP,weak,19,52.63157894736842,5.263157894736842,-0.1049233218375642,0.1055544348762352
180,Methadone,intermediate,19,63.1578947368421,15.789473684210526,-0.1023794128819081,0.1022561647143245
180,Morphine,strong,19,47.368421052631575,5.263157894736842,-0.0938133962225504,0.0942030687789831
180,Nalbuphine,weak,19,52.63157894736842,5.263157894736842,-0.0914849125378854,0.0917461636140948
180,Naloxone,antagonist,19,31.57894736842105,10.526315789473683,-0.0882344129122834,0.0883395316717978
180,Naltrexone,antagonist,19,42.10526315789473,15.789473684210526,-0.0848397486446551,0.0850472018991877
180,PZM21,intermediate,19,63.1578947368421,15.789473684210526,-0.0925623982587858,0.0922349360906992
180,SR17018,strong,19,31.57894736842105,36.84210526315789,-0.0922056472818427,0.0924902322950269
180,TRV130,intermediate,19,42.10526315789473,15.789473684210526,-0.0861408612108664,0.0859939440757425
181,Buprenorphine,weak,19,100.0,0.0,-0.1113609576752473,0.11109641308379
181,Butorphanol,weak,19,94.73684210526316,0.0,-0.0801191611184618,0.0800647966675614
181,C6guano,strong,19,84.21052631578947,0.0,-0.0947407086689432,0.0946580524027358
181,Carfentanil,strong,19,89.47368421052632,0.0,-0.073569523017839,0.0734593326602058
181,DAMGO,strong,19,89.47368421052632,0.0,-0.0706493581082685,0.0704363723870284
181,Fentanyl,strong,19,89.47368421052632,0.0,-0.1135817353402551,0.113889572243734
181,MP,weak,19,84.21052631578947,0.0,-0.1049233218375642,0.1055544348762352
181,Methadone,intermediate,19,100.0,0.0,-0.1023794128819081,0.1022561647143245
181,Morphine,strong,19,100.0,0.0,-0.0938133962225504,0.0942030687789831
181,Nalbuphine,weak,19,84.21052631578947,0.0,-0.0914849125378854,0.0917461636140948
181,Naloxone,antagonist,19,15.789473684210526,5.263157894736842,-0.0882344129122834,0.0883395316717978
181,Naltrexone,antagonist,19,42.10526315789473,0.0,-0.0848397486446551,0.0850472018991877
181,PZM21,intermediate,19,100.0,0.0,-0.0925623982587858,0.0922349360906992
181,SR17018,strong,19,89.47368421052632,0.0,-0.0922056472818427,0.0924902322950269
181,TRV130,intermediate,19,100.0,0.0,-0.0861408612108664,0.0859939440757425
182,Buprenorphine,weak,19,26.31578947368421,15.789473684210526,-0.1113609576752473,0.11109641308379
182,Butorphanol,weak,19,63.1578947368421,5.263157894736842,-0.0801191611184618,0.0800647966675614
182,C6guano,strong,19,31.57894736842105,26.31578947368421,-0.0947407086689432,0.0946580524027358
182,Carfentanil,strong,19,15.789473684210526,21.052631578947366,-0.073569523017839,0.0734593326602058
182,DAMGO,strong,19,21.052631578947366,21.052631578947366,-0.0706493581082685,0.0704363723870284
182,Fentanyl,strong,19,15.789473684210526,0.0,-0.1135817353402551,0.113889572243734
182,MP,weak,19,47.368421052631575,10.526315789473683,-0.1049233218375642,0.1055544348762352
182,Methadone,intermediate,19,26.31578947368421,15.789473684210526,-0.1023794128819081,0.1022561647143245
182,Morphine,strong,19,10.526315789473683,21.052631578947366,-0.0938133962225504,0.0942030687789831
182,Nalbuphine,weak,19,63.1578947368421,5.263157894736842,-0.0914849125378854,0.0917461636140948
182,Naloxone,antagonist,19,5.263157894736842,15.789473684210526,-0.0882344129122834,0.0883395316717978
182,Naltrexone,antagonist,19,5.263157894736842,31.57894736842105,-0.0848397486446551,0.0850472018991877
182,PZM21,intermediate,19,36.84210526315789,5.263157894736842,-0.0925623982587858,0.0922349360906992
182,SR17018,strong,19,15.789473684210526,0.0,-0.0922056472818427,0.0924902322950269
182,TRV130,intermediate,19,31.57894736842105,0.0,-0.0861408612108664,0.0859939440757425
183,Buprenorphine,weak,19,42.10526315789473,5.263157894736842,-0.1113609576752473,0.11109641308379
183,Butorphanol,weak,19,47.368421052631575,10.526315789473683,-0.0801191611184618,0.0800647966675614
183,C6guano,strong,19,31.57894736842105,5.263157894736842,-0.0947407086689432,0.0946580524027358
183,Carfentanil,strong,19,36.84210526315789,15.789473684210526,-0.073569523017839,0.0734593326602058
183,DAMGO,strong,19,15.789473684210526,10.526315789473683,-0.0706493581082685,0.0704363723870284
183,Fentanyl,strong,19,15.789473684210526,5.263157894736842,-0.1135817353402551,0.113889572243734
183,MP,weak,19,52.63157894736842,10.526315789473683,-0.1049233218375642,0.1055544348762352
183,Methadone,intermediate,19,31.57894736842105,10.526315789473683,-0.1023794128819081,0.1022561647143245
183,Morphine,strong,19,26.31578947368421,10.526315789473683,-0.0938133962225504,0.0942030687789831
183,Nalbuphine,weak,19,47.368421052631575,5.263157894736842,-0.0914849125378854,0.0917461636140948
183,Naloxone,antagonist,19,47.368421052631575,10.526315789473683,-0.0882344129122834,0.0883395316717978
183,Naltrexone,antagonist,19,26.31578947368421,21.052631578947366,-0.0848397486446551,0.0850472018991877
183,PZM21,intermediate,19,68.42105263157895,5.263157894736842,-0.0925623982587858,0.0922349360906992
183,SR17018,strong,19,31.57894736842105,5.263157894736842,-0.0922056472818427,0.0924902322950269
183,TRV130,intermediate,19,63.1578947368421,0.0,-0.0861408612108664,0.0859939440757425
184,Buprenorphine,weak,19,21.052631578947366,0.0,-0.1113609576752473,0.11109641308379
184,Butorphanol,weak,19,21.052631578947366,21.052631578947366,-0.0801191611184618,0.0800647966675614
184,C6guano,strong,19,36.84210526315789,21.052631578947366,-0.0947407086689432,0.0946580524027358
184,Carfentanil,strong,19,42.10526315789473,10.526315789473683,-0.073569523017839,0.0734593326602058
184,DAMGO,strong,19,21.052631578947366,10.526315789473683,-0.0706493581082685,0.0704363723870284
184,Fentanyl,strong,19,15.789473684210526,15.789473684210526,-0.1135817353402551,0.113889572243734
184,MP,weak,19,15.789473684210526,21.052631578947366,-0.1049233218375642,0.1055544348762352
184,Methadone,intermediate,19,21.052631578947366,21.052631578947366,-0.1023794128819081,0.1022561647143245
184,Morphine,strong,19,15.789473684210526,21.052631578947366,-0.0938133962225504,0.0942030687789831
184,Nalbuphine,weak,19,21.052631578947366,21.052631578947366,-0.0914849125378854,0.0917461636140948
184,Naloxone,antagonist,19,5.263157894736842,5.263157894736842,-0.0882344129122834,0.0883395316717978
184,Naltrexone,antagonist,19,52.63157894736842,5.263157894736842,-0.0848397486446551,0.0850472018991877
184,PZM21,intermediate,19,31.57894736842105,0.0,-0.0925623982587858,0.0922349360906992
184,SR17018,strong,19,5.263157894736842,21.052631578947366,-0.0922056472818427,0.0924902322950269
184,TRV130,intermediate,19,10.526315789473683,21.052631578947366,-0.0861408612108664,0.0859939440757425
185,Buprenorphine,weak,19,57.89473684210527,0.0,-0.1113609576752473,0.11109641308379
185,Butorphanol,weak,19,73.68421052631578,0.0,-0.0801191611184618,0.0800647966675614
185,C6guano,strong,19,42.10526315789473,5.263157894736842,-0.0947407086689432,0.0946580524027358
185,Carfentanil,strong,19,21.052631578947366,0.0,-0.073569523017839,0.0734593326602058
185,DAMGO,strong,19,31.57894736842105,21.052631578947366,-0.0706493581082685,0.0704363723870284
185,Fentanyl,strong,19,10.526315789473683,15.789473684210526,-0.1135817353402551,0.113889572243734
185,MP,weak,19,26.31578947368421,0.0,-0.1049233218375642,0.1055544348762352
185,Methadone,intermediate,19,31.57894736842105,0.0,-0.1023794128819081,0.1022561647143245
185,Morphine,strong,19,47.368421052631575,5.263157894736842,-0.0938133962225504,0.0942030687789831
185,Nalbuphine,weak,19,84.21052631578947,0.0,-0.0914849125378854,0.0917461636140948
185,Naloxone,antagonist,19,63.1578947368421,0.0,-0.0882344129122834,0.0883395316717978
185,Naltrexone,antagonist,19,26.31578947368421,5.263157894736842,-0.0848397486446551,0.0850472018991877
185,PZM21,intermediate,19,47.368421052631575,5.263157894736842,-0.0925623982587858,0.0922349360906992
185,SR17018,strong,19,36.84210526315789,5.263157894736842,-0.0922056472818427,0.0924902322950269
185,TRV130,intermediate,19,52.63157894736842,0.0,-0.0861408612108664,0.0859939440757425
186,Buprenorphine,weak,19,84.21052631578947,0.0,-0.1113609576752473,0.11109641308379
186,Butorphanol,weak,19,68.42105263157895,10.526315789473683,-0.0801191611184618,0.0800647966675614
186,C6guano,strong,19,57.89473684210527,5.263157894736842,-0.0947407086689432,0.0946580524027358
186,Carfentanil,strong,19,68.42105263157895,0.0,-0.073569523017839,0.0734593326602058
186,DAMGO,strong,19,78.94736842105263,5.263157894736842,-0.0706493581082685,0.0704363723870284
186,Fentanyl,strong,19,73.68421052631578,0.0,-0.1135817353402551,0.113889572243734
186,MP,weak,19,63.1578947368421,0.0,-0.1049233218375642,0.1055544348762352
186,Methadone,intermediate,19,89.47368421052632,5.263157894736842,-0.1023794128819081,0.1022561647143245
186,Morphine,strong,19,84.21052631578947,0.0,-0.0938133962225504,0.0942030687789831
186,Nalbuphine,weak,19,42.10526315789473,15.789473684210526,-0.0914849125378854,0.0917461636140948
186,Naloxone,antagonist,19,31.57894736842105,5.263157894736842,-0.0882344129122834,0.0883395316717978
186,Naltrexone,antagonist,19,57.89473684210527,5.263157894736842,-0.0848397486446551,0.0850472018991877
186,PZM21,intermediate,19,68.42105263157895,10.526315789473683,-0.0925623982587858,0.0922349360906992
186,SR17018,strong,19,63.1578947368421,10.526315789473683,-0.0922056472818427,0.0924902322950269
186,TRV130,intermediate,19,78.94736842105263,0.0,-0.0861408612108664,0.0859939440757425
187,Buprenorphine,weak,19,47.368421052631575,0.0,-0.1113609576752473,0.11109641308379
187,Butorphanol,weak,19,78.94736842105263,0.0,-0.0801191611184618,0.0800647966675614
187,C6guano,strong,19,26.31578947368421,0.0,-0.0947407086689432,0.0946580524027358
187,Carfentanil,strong,19,26.31578947368421,5.263157894736842,-0.073569523017839,0.0734593326602058
187,DAMGO,strong,19,26.31578947368421,26.31578947368421,-0.0706493581082685,0.0704363723870284
187,Fentanyl,strong,19,21.052631578947366,15.789473684210526,-0.1135817353402551,0.113889572243734
187,MP,weak,19,36.84210526315789,0.0,-0.1049233218375642,0.1055544348762352
187,Methadone,intermediate,19,42.10526315789473,10.526315789473683,-0.1023794128819081,0.1022561647143245
187,Morphine,strong,19,47.368421052631575,0.0,-0.0938133962225504,0.0942030687789831
187,Nalbuphine,weak,19,78.94736842105263,0.0,-0.0914849125378854,0.0917461636140948
187,Naloxone,antagonist,19,10.526315789473683,5.263157894736842,-0.0882344129122834,0.0883395316717978
187,Naltrexone,antagonist,19,42.10526315789473,0.0,-0.0848397486446551,0.0850472018991877
187,PZM21,intermediate,19,68.42105263157895,0.0,-0.0925623982587858,0.0922349360906992
187,SR17018,strong,19,31.57894736842105,26.31578947368421,-0.0922056472818427,0.0924902322950269
187,TRV130,intermediate,19,63.1578947368421,5.263157894736842,-0.0861408612108664,0.0859939440757425
188,Buprenorphine,weak,19,26.31578947368421,5.263157894736842,-0.1113609576752473,0.11109641308379
188,Butorphanol,weak,19,52.63157894736842,10.526315789473683,-0.0801191611184618,0.0800647966675614
188,C6guano,strong,19,15.789473684210526,10.526315789473683,-0.0947407086689432,0.0946580524027358
188,Carfentanil,strong,19,42.10526315789473,31.57894736842105,-0.073569523017839,0.0734593326602058
188,DAMGO,strong,19,36.84210526315789,21.052631578947366,-0.0706493581082685,0.0704363723870284
188,Fentanyl,strong,19,26.31578947368421,21.052631578947366,-0.1135817353402551,0.113889572243734
188,MP,weak,19,31.57894736842105,0.0,-0.1049233218375642,0.1055544348762352
188,Methadone,intermediate,19,42.10526315789473,5.263157894736842,-0.1023794128819081,0.1022561647143245
188,Morphine,strong,19,42.10526315789473,21.052631578947366,-0.0938133962225504,0.0942030687789831
188,Nalbuphine,weak,19,42.10526315789473,5.263157894736842,-0.0914849125378854,0.0917461636140948
188,Naloxone,antagonist,19,36.84210526315789,15.789473684210526,-0.0882344129122834,0.0883395316717978
188,Naltrexone,antagonist,19,10.526315789473683,10.526315789473683,-0.0848397486446551,0.0850472018991877
188,PZM21,intermediate,19,31.57894736842105,21.052631578947366,-0.0925623982587858,0.0922349360906992
188,SR17018,strong,19,31.57894736842105,31.57894736842105,-0.0922056472818427,0.0924902322950269
188,TRV130,intermediate,19,31.57894736842105,21.052631578947366,-0.0861408612108664,0.0859939440757425
189,Buprenorphine,weak,19,31.57894736842105,0.0,-0.1113609576752473,0.11109641308379
189,Butorphanol,weak,19,68.42105263157895,10.526315789473683,-0.0801191611184618,0.0800647966675614
189,C6guano,strong,19,47.368421052631575,5.263157894736842,-0.0947407086689432,0.0946580524027358
189,Carfentanil,strong,19,42.10526315789473,5.263157894736842,-0.073569523017839,0.0734593326602058
189,DAMGO,strong,19,52.63157894736842,10.526315789473683,-0.0706493581082685,0.0704363723870284
189,Fentanyl,strong,19,42.10526315789473,5.263157894736842,-0.1135817353402551,0.113889572243734
189,MP,weak,19,63.1578947368421,5.263157894736842,-0.1049233218375642,0.1055544348762352
189,Methadone,intermediate,19,78.94736842105263,10.526315789473683,-0.1023794128819081,0.1022561647143245
189,Morphine,strong,19,52.63157894736842,0.0,-0.0938133962225504,0.0942030687789831
189,Nalbuphine,weak,19,78.94736842105263,0.0,-0.0914849125378854,0.0917461636140948
189,Naloxone,antagonist,19,52.63157894736842,5.263157894736842,-0.0882344129122834,0.0883395316717978
189,Naltrexone,antagonist,19,42.10526315789473,10.526315789473683,-0.0848397486446551,0.0850472018991877
189,PZM21,intermediate,19,78.94736842105263,0.0,-0.0925623982587858,0.0922349360906992
189,SR17018,strong,19,52.63157894736842,0.0,-0.0922056472818427,0.0924902322950269
189,TRV130,intermediate,19,52.63157894736842,10.526315789473683,-0.0861408612108664,0.0859939440757425
190,Buprenorphine,weak,19,31.57894736842105,0.0,-0.1113609576752473,0.11109641308379
190,Butorphanol,weak,19,31.57894736842105,5.263157894736842,-0.0801191611184618,0.0800647966675614
190,C6guano,strong,19,78.94736842105263,0.0,-0.0947407086689432,0.0946580524027358
190,Carfentanil,strong,19,36.84210526315789,10.526315789473683,-0.073569523017839,0.0734593326602058
190,DAMGO,strong,19,84.21052631578947,0.0,-0.0706493581082685,0.0704363723870284
190,Fentanyl,strong,19,73.68421052631578,0.0,-0.1135817353402551,0.113889572243734
190,MP,weak,19,47.368421052631575,5.263157894736842,-0.1049233218375642,0.1055544348762352
190,Methadone,intermediate,19,63.1578947368421,0.0,-0.1023794128819081,0.1022561647143245
190,Morphine,strong,19,73.68421052631578,5.263157894736842,-0.0938133962225504,0.0942030687789831
190,Nalbuphine,weak,19,26.31578947368421,0.0,-0.0914849125378854,0.0917461636140948
190,Naloxone,antagonist,19,0.0,52.63157894736842,-0.0882344129122834,0.0883395316717978
190,Naltrexone,antagonist,19,10.526315789473683,36.84210526315789,-0.0848397486446551,0.0850472018991877
190,PZM21,intermediate,19,78.94736842105263,0.0,-0.0925623982587858,0.0922349360906992
190,SR17018,strong,19,73.68421052631578,0.0,-0.0922056472818427,0.0924902322950269
190,TRV130,intermediate,19,52.63157894736842,5.263157894736842,-0.0861408612108664,0.0859939440757425
191,Buprenorphine,weak,19,21.052631578947366,5.263157894736842,-0.1113609576752473,0.11109641308379
191,Butorphanol,weak,19,36.84210526315789,15.789473684210526,-0.0801191611184618,0.0800647966675614
191,C6guano,strong,19,15.789473684210526,10.526315789473683,-0.0947407086689432,0.0946580524027358
191,Carfentanil,strong,19,68.42105263157895,10.526315789473683,-0.073569523017839,0.0734593326602058
191,DAMGO,strong,19,52.63157894736842,0.0,-0.0706493581082685,0.0704363723870284
191,Fentanyl,strong,19,42.10526315789473,5.263157894736842,-0.1135817353402551,0.113889572243734
191,MP,weak,19,26.31578947368421,10.526315789473683,-0.1049233218375642,0.1055544348762352
191,Methadone,intermediate,19,31.57894736842105,15.789473684210526,-0.1023794128819081,0.1022561647143245
191,Morphine,strong,19,31.57894736842105,0.0,-0.0938133962225504,0.0942030687789831
191,Nalbuphine,weak,19,21.052631578947366,10.526315789473683,-0.0914849125378854,0.0917461636140948
191,Naloxone,antagonist,19,10.526315789473683,36.84210526315789,-0.0882344129122834,0.0883395316717978
191,Naltrexone,antagonist,19,5.263157894736842,15.789473684210526,-0.0848397486446551,0.0850472018991877
191,PZM21,intermediate,19,21.052631578947366,26.31578947368421,-0.0925623982587858,0.0922349360906992
191,SR17018,strong,19,47.368421052631575,0.0,-0.0922056472818427,0.0924902322950269
191,TRV130,intermediate,19,21.052631578947366,5.263157894736842,-0.0861408612108664,0.0859939440757425
192,Buprenorphine,weak,19,21.052631578947366,5.263157894736842,-0.1113609576752473,0.11109641308379
192,Butorphanol,weak,19,57.89473684210527,10.526315789473683,-0.0801191611184618,0.0800647966675614
192,C6guano,strong,19,47.368421052631575,0.0,-0.0947407086689432,0.0946580524027358
192,Carfentanil,strong,19,31.57894736842105,5.263157894736842,-0.073569523017839,0.0734593326602058
192,DAMGO,strong,19,47.368421052631575,5.263157894736842,-0.0706493581082685,0.0704363723870284
192,Fentanyl,strong,19,36.84210526315789,5.263157894736842,-0.1135817353402551,0.113889572243734
192,MP,weak,19,36.84210526315789,5.263157894736842,-0.1049233218375642,0.1055544348762352
192,Methadone,intermediate,19,42.10526315789473,10.526315789473683,-0.1023794128819081,0.1022561647143245
192,Morphine,strong,19,42.10526315789473,10.526315789473683,-0.0938133962225504,0.0942030687789831
192,Nalbuphine,weak,19,47.368421052631575,5.263157894736842,-0.0914849125378854,0.0917461636140948
192,Naloxone,antagonist,19,31.57894736842105,5.263157894736842,-0.0882344129122834,0.0883395316717978
192,Naltrexone,antagonist,19,21.052631578947366,0.0,-0.0848397486446551,0.0850472018991877
192,PZM21,intermediate,19,26.31578947368421,15.789473684210526,-0.0925623982587858,0.0922349360906992
192,SR17018,strong,19,52.63157894736842,21.052631578947366,-0.0922056472818427,0.0924902322950269
192,TRV130,intermediate,19,52.63157894736842,10.526315789473683,-0.0861408612108664,0.0859939440757425
193,Buprenorphine,weak,19,21.052631578947366,0.0,-0.1113609576752473,0.11109641308379
193,Butorphanol,weak,19,57.89473684210527,5.263157894736842,-0.0801191611184618,0.0800647966675614
193,C6guano,strong,19,42.10526315789473,10.526315789473683,-0.0947407086689432,0.0946580524027358
193,Carfentanil,strong,19,47.368421052631575,31.57894736842105,-0.073569523017839,0.0734593326602058
193,DAMGO,strong,19,47.368421052631575,21.052631578947366,-0.0706493581082685,0.0704363723870284
193,Fentanyl,strong,19,36.84210526315789,15.789473684210526,-0.1135817353402551,0.113889572243734
193,MP,weak,19,47.368421052631575,5.263157894736842,-0.1049233218375642,0.1055544348762352
193,Methadone,intermediate,19,52.63157894736842,5.263157894736842,-0.1023794128819081,0.1022561647143245
193,Morphine,strong,19,68.42105263157895,5.263157894736842,-0.0938133962225504,0.0942030687789831
193,Nalbuphine,weak,19,42.10526315789473,5.263157894736842,-0.0914849125378854,0.0917461636140948
193,Naloxone,antagonist,19,36.84210526315789,5.263157894736842,-0.0882344129122834,0.0883395316717978
193,Naltrexone,antagonist,19,21.052631578947366,0.0,-0.0848397486446551,0.0850472018991877
193,PZM21,intermediate,19,26.31578947368421,5.263157894736842,-0.0925623982587858,0.0922349360906992
193,SR17018,strong,19,52.63157894736842,21.052631578947366,-0.0922056472818427,0.0924902322950269
193,TRV130,intermediate,19,47.368421052631575,15.789473684210526,-0.0861408612108664,0.0859939440757425
194,Buprenorphine,weak,19,52.63157894736842,0.0,-0.1113609576752473,0.11109641308379
194,Butorphanol,weak,19,73.68421052631578,0.0,-0.0801191611184618,0.0800647966675614
194,C6guano,strong,19,68.42105263157895,0.0,-0.0947407086689432,0.0946580524027358
194,Carfentanil,strong,19,68.42105263157895,5.263157894736842,-0.073569523017839,0.0734593326602058
194,DAMGO,strong,19,68.42105263157895,5.263157894736842,-0.0706493581082685,0.0704363723870284
194,Fentanyl,strong,19,68.42105263157895,0.0,-0.1135817353402551,0.113889572243734
194,MP,weak,19,73.68421052631578,0.0,-0.1049233218375642,0.1055544348762352
194,Methadone,intermediate,19,63.1578947368421,0.0,-0.1023794128819081,0.1022561647143245
194,Morphine,strong,19,68.42105263157895,0.0,-0.0938133962225504,0.0942030687789831
194,Nalbuphine,weak,19,47.368421052631575,5.263157894736842,-0.0914849125378854,0.0917461636140948
194,Naloxone,antagonist,19,31.57894736842105,21.052631578947366,-0.0882344129122834,0.0883395316717978
194,Naltrexone,antagonist,19,47.368421052631575,10.526315789473683,-0.0848397486446551,0.0850472018991877
194,PZM21,intermediate,19,63.1578947368421,0.0,-0.0925623982587858,0.0922349360906992
194,SR17018,strong,19,57.89473684210527,10.526315789473683,-0.0922056472818427,0.0924902322950269
194,TRV130,intermediate,19,78.94736842105263,0.0,-0.0861408612108664,0.0859939440757425
195,Buprenorphine,weak,19,36.84210526315789,5.263157894736842,-0.1113609576752473,0.11109641308379
195,Butorphanol,weak,19,57.89473684210527,0.0,-0.0801191611184618,0.0800647966675614
195,C6guano,strong,19,42.10526315789473,5.263157894736842,-0.0947407086689432,0.0946580524027358
195,Carfentanil,strong,19,73.68421052631578,5.263157894736842,-0.073569523017839,0.0734593326602058
195,DAMGO,strong,19,63.1578947368421,0.0,-0.0706493581082685,0.0704363723870284
195,Fentanyl,strong,19,52.63157894736842,5.263157894736842,-0.1135817353402551,0.113889572243734
195,MP,weak,19,52.63157894736842,0.0,-0.1049233218375642,0.1055544348762352
195,Methadone,intermediate,19,47.368421052631575,21.052631578947366,-0.1023794128819081,0.1022561647143245
195,Morphine,strong,19,84.21052631578947,0.0,-0.0938133962225504,0.0942030687789831
195,Nalbuphine,weak,19,63.1578947368421,5.263157894736842,-0.0914849125378854,0.0917461636140948
195,Naloxone,antagonist,19,21.052631578947366,10.526315789473683,-0.0882344129122834,0.0883395316717978
195,Naltrexone,antagonist,19,42.10526315789473,10.526315789473683,-0.0848397486446551,0.0850472018991877
195,PZM21,intermediate,19,52.63157894736842,10.526315789473683,-0.0925623982587858,0.0922349360906992
195,SR17018,strong,19,57.89473684210527,15.789473684210526,-0.0922056472818427,0.0924902322950269
195,TRV130,intermediate,19,47.368421052631575,5.263157894736842,-0.0861408612108664,0.0859939440757425
196,Buprenorphine,weak,19,26.31578947368421,0.0,-0.1113609576752473,0.11109641308379
196,Butorphanol,weak,19,78.94736842105263,0.0,-0.0801191611184618,0.0800647966675614
196,C6guano,strong,19,47.368421052631575,0.0,-0.0947407086689432,0.0946580524027358
196,Carfentanil,strong,19,57.89473684210527,10.526315789473683,-0.073569523017839,0.0734593326602058
196,DAMGO,strong,19,63.1578947368421,5.263157894736842,-0.0706493581082685,0.0704363723870284
196,Fentanyl,strong,19,57.89473684210527,5.263157894736842,-0.1135817353402551,0.113889572243734
196,MP,weak,19,57.89473684210527,0.0,-0.1049233218375642,0.1055544348762352
196,Methadone,intermediate,19,63.1578947368421,5.263157894736842,-0.1023794128819081,0.1022561647143245
196,Morphine,strong,19,63.1578947368421,5.263157894736842,-0.0938133962225504,0.0942030687789831
196,Nalbuphine,weak,19,52.63157894736842,5.263157894736842,-0.0914849125378854,0.0917461636140948
196,Naloxone,antagonist,19,42.10526315789473,21.052631578947366,-0.0882344129122834,0.0883395316717978
196,Naltrexone,antagonist,19,26.31578947368421,5.263157894736842,-0.0848397486446551,0.0850472018991877
196,PZM21,intermediate,19,47.368421052631575,15.789473684210526,-0.0925623982587858,0.0922349360906992
196,SR17018,strong,19,68.42105263157895,10.526315789473683,-0.0922056472818427,0.0924902322950269
196,TRV130,intermediate,19,47.368421052631575,5.263157894736842,-0.0861408612108664,0.0859939440757425
197,Buprenorphine,weak,19,10.526315789473683,10.526315789473683,-0.1113609576752473,0.11109641308379
197,Butorphanol,weak,19,52.63157894736842,15.789473684210526,-0.0801191611184618,0.0800647966675614
197,C6guano,strong,19,57.89473684210527,0.0,-0.0947407086689432,0.0946580524027358
197,Carfentanil,strong,19,68.42105263157895,10.526315789473683,-0.073569523017839,0.0734593326602058
197,DAMGO,strong,19,63.1578947368421,5.263157894736842,-0.0706493581082685,0.0704363723870284
197,Fentanyl,strong,19,42.10526315789473,5.263157894736842,-0.1135817353402551,0.113889572243734
197,MP,weak,19,21.052631578947366,10.526315789473683,-0.1049233218375642,0.1055544348762352
197,Methadone,intermediate,19,57.89473684210527,5.263157894736842,-0.1023794128819081,0.1022561647143245
197,Morphine,strong,19,52.63157894736842,5.263157894736842,-0.0938133962225504,0.0942030687789831
197,Nalbuphine,weak,19,36.84210526315789,5.263157894736842,-0.0914849125378854,0.0917461636140948
197,Naloxone,antagonist,19,5.263157894736842,42.10526315789473,-0.0882344129122834,0.0883395316717978
197,Naltrexone,antagonist,19,15.789473684210526,31.57894736842105,-0.0848397486446551,0.0850472018991877
197,PZM21,intermediate,19,52.63157894736842,5.263157894736842,-0.0925623982587858,0.0922349360906992
197,SR17018,strong,19,52.63157894736842,10.526315789473683,-0.0922056472818427,0.0924902322950269
197,TRV130,intermediate,19,36.84210526315789,0.0,-0.0861408612108664,0.0859939440757425
198,Buprenorphine,weak,19,10.526315789473683,5.263157894736842,-0.1113609576752473,0.11109641308379
198,Butorphanol,weak,19,47.368421052631575,10.526315789473683,-0.0801191611184618,0.0800647966675614
198,C6guano,strong,19,63.1578947368421,0.0,-0.0947407086689432,0.0946580524027358
198,Carfentanil,strong,19,73.68421052631578,0.0,-0.073569523017839,0.0734593326602058
198,DAMGO,strong,19,68.42105263157895,0.0,-0.0706493581082685,0.0704363723870284
198,Fentanyl,strong,19,52.63157894736842,0.0,-0.1135817353402551,0.113889572243734
198,MP,weak,19,15.789473684210526,10.526315789473683,-0.1049233218375642,0.1055544348762352
198,Methadone,intermediate,19,63.1578947368421,0.0,-0.1023794128819081,0.1022561647143245
198,Morphine,strong,19,78.94736842105263,0.0,-0.0938133962225504,0.0942030687789831
198,Nalbuphine,weak,19,5.263157894736842,21.052631578947366,-0.0914849125378854,0.0917461636140948
198,Naloxone,antagonist,19,5.263157894736842,68.42105263157895,-0.0882344129122834,0.0883395316717978
198,Naltrexone,antagonist,19,0.0,31.57894736842105,-0.0848397486446551,0.0850472018991877
198,PZM21,intermediate,19,73.68421052631578,10.526315789473683,-0.0925623982587858,0.0922349360906992
198,SR17018,strong,19,52.63157894736842,5.263157894736842,-0.0922056472818427,0.0924902322950269
198,TRV130,intermediate,19,47.368421052631575,0.0,-0.0861408612108664,0.0859939440757425
199,Buprenorphine,weak,19,26.31578947368421,5.263157894736842,-0.1113609576752473,0.11109641308379
199,Butorphanol,weak,19,42.10526315789473,10.526315789473683,-0.0801191611184618,0.0800647966675614
199,C6guano,strong,19,57.89473684210527,5.263157894736842,-0.0947407086689432,0.0946580524027358
199,Carfentanil,strong,19,36.84210526315789,15.789473684210526,-0.073569523017839,0.0734593326602058
199,DAMGO,strong,19,36.84210526315789,21.052631578947366,-0.0706493581082685,0.0704363723870284
199,Fentanyl,strong,19,31.57894736842105,10.526315789473683,-0.1135817353402551,0.113889572243734
199,MP,weak,19,26.31578947368421,10.526315789473683,-0.1049233218375642,0.1055544348762352
199,Methadone,intermediate,19,47.368421052631575,0.0,-0.1023794128819081,0.1022561647143245
199,Morphine,strong,19,42.10526315789473,21.052631578947366,-0.0938133962225504,0.0942030687789831
199,Nalbuphine,weak,19,57.89473684210527,5.263157894736842,-0.0914849125378854,0.0917461636140948
199,Naloxone,antagonist,19,21.052631578947366,5.263157894736842,-0.0882344129122834,0.0883395316717978
199,Naltrexone,antagonist,19,15.789473684210526,15.789473684210526,-0.0848397486446551,0.0850472018991877
199,PZM21,intermediate,19,36.84210526315789,15.789473684210526,-0.0925623982587858,0.0922349360906992
199,SR17018,strong,19,36.84210526315789,21.052631578947366,-0.0922056472818427,0.0924902322950269
199,TRV130,intermediate,19,57.89473684210527,0.0,-0.0861408612108664,0.0859939440757425
200,Buprenorphine,weak,19,47.368421052631575,5.263157894736842,-0.1113609576752473,0.11109641308379
200,Butorphanol,weak,19,94.73684210526316,0.0,-0.0801191611184618,0.0800647966675614
200,C6guano,strong,19,52.63157894736842,10.526315789473683,-0.0947407086689432,0.0946580524027358
200,Carfentanil,strong,19,78.94736842105263,0.0,-0.073569523017839,0.0734593326602058
200,DAMGO,strong,19,68.42105263157895,10.526315789473683,-0.0706493581082685,0.0704363723870284
200,Fentanyl,strong,19,42.10526315789473,10.526315789473683,-0.1135817353402551,0.113889572243734
200,MP,weak,19,63.1578947368421,0.0,-0.1049233218375642,0.1055544348762352
200,Methadone,intermediate,19,63.1578947368421,0.0,-0.1023794128819081,0.1022561647143245
200,Morphine,strong,19,57.89473684210527,0.0,-0.0938133962225504,0.0942030687789831
200,Nalbuphine,weak,19,57.89473684210527,0.0,-0.0914849125378854,0.0917461636140948
200,Naloxone,antagonist,19,47.368421052631575,5.263157894736842,-0.0882344129122834,0.0883395316717978
200,Naltrexone,antagonist,19,47.368421052631575,0.0,-0.0848397486446551,0.0850472018991877
200,PZM21,intermediate,19,78.94736842105263,0.0,-0.0925623982587858,0.0922349360906992
200,SR17018,strong,19,57.89473684210527,5.263157894736842,-0.0922056472818427,0.0924902322950269
200,TRV130,intermediate,19,68.42105263157895,0.0,-0.0861408612108664,0.0859939440757425
201,Buprenorphine,weak,19,31.57894736842105,5.263157894736842,-0.1113609576752473,0.11109641308379
201,Butorphanol,weak,19,57.89473684210527,5.263157894736842,-0.0801191611184618,0.0800647966675614
201,C6guano,strong,19,42.10526315789473,10.526315789473683,-0.0947407086689432,0.0946580524027358
201,Carfentanil,strong,19,63.1578947368421,10.526315789473683,-0.073569523017839,0.0734593326602058
201,DAMGO,strong,19,63.1578947368421,0.0,-0.0706493581082685,0.0704363723870284
201,Fentanyl,strong,19,57.89473684210527,5.263157894736842,-0.1135817353402551,0.113889572243734
201,MP,weak,19,42.10526315789473,26.31578947368421,-0.1049233218375642,0.1055544348762352
201,Methadone,intermediate,19,63.1578947368421,0.0,-0.1023794128819081,0.1022561647143245
201,Morphine,strong,19,63.1578947368421,0.0,-0.0938133962225504,0.0942030687789831
201,Nalbuphine,weak,19,26.31578947368421,31.57894736842105,-0.0914849125378854,0.0917461636140948
201,Naloxone,antagonist,19,10.526315789473683,31.57894736842105,-0.0882344129122834,0.0883395316717978
201,Naltrexone,antagonist,19,26.31578947368421,31.57894736842105,-0.0848397486446551,0.0850472018991877
201,PZM21,intermediate,19,63.1578947368421,0.0,-0.0925623982587858,0.0922349360906992
201,SR17018,strong,19,68.42105263157895,5.263157894736842,-0.0922056472818427,0.0924902322950269
201,TRV130,intermediate,19,78.94736842105263,0.0,-0.0861408612108664,0.0859939440757425
202,Buprenorphine,weak,19,31.57894736842105,5.263157894736842,-0.1113609576752473,0.11109641308379
202,Butorphanol,weak,19,73.68421052631578,0.0,-0.0801191611184618,0.0800647966675614
202,C6guano,strong,19,68.42105263157895,0.0,-0.0947407086689432,0.0946580524027358
202,Carfentanil,strong,19,73.68421052631578,0.0,-0.073569523017839,0.0734593326602058
202,DAMGO,strong,19,47.368421052631575,10.526315789473683,-0.0706493581082685,0.0704363723870284
202,Fentanyl,strong,19,31.57894736842105,21.052631578947366,-0.1135817353402551,0.113889572243734
202,MP,weak,19,36.84210526315789,21.052631578947366,-0.1049233218375642,0.1055544348762352
202,Methadone,intermediate,19,42.10526315789473,21.052631578947366,-0.1023794128819081,0.1022561647143245
202,Morphine,strong,19,57.89473684210527,0.0,-0.0938133962225504,0.0942030687789831
202,Nalbuphine,weak,19,57.89473684210527,0.0,-0.0914849125378854,0.0917461636140948
202,Naloxone,antagonist,19,31.57894736842105,0.0,-0.0882344129122834,0.0883395316717978
202,Naltrexone,antagonist,19,36.84210526315789,21.052631578947366,-0.0848397486446551,0.0850472018991877
202,PZM21,intermediate,19,42.10526315789473,5.263157894736842,-0.0925623982587858,0.0922349360906992
202,SR17018,strong,19,52.63157894736842,15.789473684210526,-0.0922056472818427,0.0924902322950269
202,TRV130,intermediate,19,47.368421052631575,21.052631578947366,-0.0861408612108664,0.0859939440757425
203,Buprenorphine,weak,19,52.63157894736842,0.0,-0.1113609576752473,0.11109641308379
203,Butorphanol,weak,19,73.68421052631578,5.263157894736842,-0.0801191611184618,0.0800647966675614
203,C6guano,strong,19,73.68421052631578,5.263157894736842,-0.0947407086689432,0.0946580524027358
203,Carfentanil,strong,19,94.73684210526316,0.0,-0.073569523017839,0.0734593326602058
203,DAMGO,strong,19,89.47368421052632,0.0,-0.0706493581082685,0.0704363723870284
203,Fentanyl,strong,19,63.1578947368421,0.0,-0.1135817353402551,0.113889572243734
203,MP,weak,19,57.89473684210527,0.0,-0.1049233218375642,0.1055544348762352
203,Methadone,intermediate,19,68.42105263157895,0.0,-0.1023794128819081,0.1022561647143245
203,Morphine,strong,19,52.63157894736842,10.526315789473683,-0.0938133962225504,0.0942030687789831
203,Nalbuphine,weak,19,68.42105263157895,0.0,-0.0914849125378854,0.0917461636140948
203,Naloxone,antagonist,19,21.052631578947366,21.052631578947366,-0.0882344129122834,0.0883395316717978
203,Naltrexone,antagonist,19,42.10526315789473,0.0,-0.0848397486446551,0.0850472018991877
203,PZM21,intermediate,19,63.1578947368421,0.0,-0.0925623982587858,0.0922349360906992
203,SR17018,strong,19,89.47368421052632,0.0,-0.0922056472818427,0.0924902322950269
203,TRV130,intermediate,19,89.47368421052632,0.0,-0.0861408612108664,0.0859939440757425
204,Buprenorphine,weak,19,21.052631578947366,10.526315789473683,-0.1113609576752473,0.11109641308379
204,Butorphanol,weak,19,26.31578947368421,5.263157894736842,-0.0801191611184618,0.0800647966675614
204,C6guano,strong,19,52.63157894736842,10.526315789473683,-0.0947407086689432,0.0946580524027358
204,Carfentanil,strong,19,57.89473684210527,0.0,-0.073569523017839,0.0734593326602058
204,DAMGO,strong,19,52.63157894736842,15.789473684210526,-0.0706493581082685,0.0704363723870284
204,Fentanyl,strong,19,52.63157894736842,5.263157894736842,-0.1135817353402551,0.113889572243734
204,MP,weak,19,21.052631578947366,0.0,-0.1049233218375642,0.1055544348762352
204,Methadone,intermediate,19,68.42105263157895,5.263157894736842,-0.1023794128819081,0.1022561647143245
204,Morphine,strong,19,31.57894736842105,31.57894736842105,-0.0938133962225504,0.0942030687789831
204,Nalbuphine,weak,19,36.84210526315789,0.0,-0.0914849125378854,0.0917461636140948
204,Naloxone,antagonist,19,36.84210526315789,5.263157894736842,-0.0882344129122834,0.0883395316717978
204,Naltrexone,antagonist,19,10.526315789473683,31.57894736842105,-0.0848397486446551,0.0850472018991877
204,PZM21,intermediate,19,31.57894736842105,21.052631578947366,-0.0925623982587858,0.0922349360906992
204,SR17018,strong,19,36.84210526315789,5.263157894736842,-0.0922056472818427,0.0924902322950269
204,TRV130,intermediate,19,36.84210526315789,5.263157894736842,-0.0861408612108664,0.0859939440757425
205,Buprenorphine,weak,19,26.31578947368421,5.263157894736842,-0.1113609576752473,0.11109641308379
205,Butorphanol,weak,19,36.84210526315789,0.0,-0.0801191611184618,0.0800647966675614
205,C6guano,strong,19,42.10526315789473,0.0,-0.0947407086689432,0.0946580524027358
205,Carfentanil,strong,19,26.31578947368421,5.263157894736842,-0.073569523017839,0.0734593326602058
205,DAMGO,strong,19,31.57894736842105,10.526315789473683,-0.0706493581082685,0.0704363723870284
205,Fentanyl,strong,19,21.052631578947366,21.052631578947366,-0.1135817353402551,0.113889572243734
205,MP,weak,19,52.63157894736842,5.263157894736842,-0.1049233218375642,0.1055544348762352
205,Methadone,intermediate,19,47.368421052631575,10.526315789473683,-0.1023794128819081,0.1022561647143245
205,Morphine,strong,19,52.63157894736842,5.263157894736842,-0.0938133962225504,0.0942030687789831
205,Nalbuphine,weak,19,47.368421052631575,5.263157894736842,-0.0914849125378854,0.0917461636140948
205,Naloxone,antagonist,19,10.526315789473683,21.052631578947366,-0.0882344129122834,0.0883395316717978
205,Naltrexone,antagonist,19,31.57894736842105,15.789473684210526,-0.0848397486446551,0.0850472018991877
205,PZM21,intermediate,19,26.31578947368421,5.263157894736842,-0.0925623982587858,0.0922349360906992
205,SR17018,strong,19,31.57894736842105,26.31578947368421,-0.0922056472818427,0.0924902322950269
205,TRV130,intermediate,19,31.57894736842105,26.31578947368421,-0.0861408612108664,0.0859939440757425
206,Buprenorphine,weak,19,15.789473684210526,0.0,-0.1113609576752473,0.11109641308379
206,Butorphanol,weak,19,42.10526315789473,5.263157894736842,-0.0801191611184618,0.0800647966675614
206,C6guano,strong,19,21.052631578947366,0.0,-0.0947407086689432,0.0946580524027358
206,Carfentanil,strong,19,42.10526315789473,10.526315789473683,-0.073569523017839,0.0734593326602058
206,DAMGO,strong,19,31.57894736842105,10.526315789473683,-0.0706493581082685,0.0704363723870284
206,Fentanyl,strong,19,5.263157894736842,10.526315789473683,-0.1135817353402551,0.113889572243734
206,MP,weak,19,42.10526315789473,0.0,-0.1049233218375642,0.1055544348762352
206,Methadone,intermediate,19,26.31578947368421,15.789473684210526,-0.1023794128819081,0.1022561647143245
206,Morphine,strong,19,21.052631578947366,15.789473684210526,-0.0938133962225504,0.0942030687789831
206,Nalbuphine,weak,19,36.84210526315789,0.0,-0.0914849125378854,0.0917461636140948
206,Naloxone,antagonist,19,57.89473684210527,0.0,-0.0882344129122834,0.0883395316717978
206,Naltrexone,antagonist,19,31.57894736842105,0.0,-0.0848397486446551,0.0850472018991877
206,PZM21,intermediate,19,31.57894736842105,10.526315789473683,-0.0925623982587858,0.0922349360906992
206,SR17018,strong,19,26.31578947368421,10.526315789473683,-0.0922056472818427,0.0924902322950269
206,TRV130,intermediate,19,15.789473684210526,10.526315789473683,-0.0861408612108664,0.0859939440757425
207,Buprenorphine,weak,19,5.263157894736842,21.052631578947366,-0.1113609576752473,0.11109641308379
207,Butorphanol,weak,19,15.789473684210526,5.263157894736842,-0.0801191611184618,0.0800647966675614
207,C6guano,strong,19,15.789473684210526,15.789473684210526,-0.0947407086689432,0.0946580524027358
207,Carfentanil,strong,19,0.0,10.526315789473683,-0.073569523017839,0.0734593326602058
207,DAMGO,strong,19,21.052631578947366,31.57894736842105,-0.0706493581082685,0.0704363723870284
207,Fentanyl,strong,19,0.0,10.526315789473683,-0.1135817353402551,0.113889572243734
207,MP,weak,19,0.0,10.526315789473683,-0.1049233218375642,0.1055544348762352
207,Methadone,intermediate,19,15.789473684210526,10.526315789473683,-0.1023794128819081,0.1022561647143245
207,Morphine,strong,19,0.0,10.526315789473683,-0.0938133962225504,0.0942030687789831
207,Nalbuphine,weak,19,10.526315789473683,5.263157894736842,-0.0914849125378854,0.0917461636140948
207,Naloxone,antagonist,19,0.0,0.0,-0.0882344129122834,0.0883395316717978
207,Naltrexone,antagonist,19,5.263157894736842,15.789473684210526,-0.0848397486446551,0.0850472018991877
207,PZM21,intermediate,19,5.263157894736842,26.31578947368421,-0.0925623982587858,0.0922349360906992
207,SR17018,strong,19,0.0,10.526315789473683,-0.0922056472818427,0.0924902322950269
207,TRV130,intermediate,19,15.789473684210526,15.789473684210526,-0.0861408612108664,0.0859939440757425
208,Buprenorphine,weak,19,26.31578947368421,5.263157894736842,-0.1113609576752473,0.11109641308379
208,Butorphanol,weak,19,68.42105263157895,0.0,-0.0801191611184618,0.0800647966675614
208,C6guano,strong,19,89.47368421052632,0.0,-0.0947407086689432,0.0946580524027358
208,Carfentanil,strong,19,52.63157894736842,0.0,-0.073569523017839,0.0734593326602058
208,DAMGO,strong,19,63.1578947368421,0.0,-0.0706493581082685,0.0704363723870284
208,Fentanyl,strong,19,52.63157894736842,0.0,-0.1135817353402551,0.113889572243734
208,MP,weak,19,42.10526315789473,0.0,-0.1049233218375642,0.1055544348762352
208,Methadone,intermediate,19,94.73684210526316,0.0,-0.1023794128819081,0.1022561647143245
208,Morphine,strong,19,57.89473684210527,0.0,-0.0938133962225504,0.0942030687789831
208,Nalbuphine,weak,19,57.89473684210527,0.0,-0.0914849125378854,0.0917461636140948
208,Naloxone,antagonist,19,15.789473684210526,26.31578947368421,-0.0882344129122834,0.0883395316717978
208,Naltrexone,antagonist,19,21.052631578947366,5.263157894736842,-0.0848397486446551,0.0850472018991877
208,PZM21,intermediate,19,57.89473684210527,5.263157894736842,-0.0925623982587858,0.0922349360906992
208,SR17018,strong,19,47.368421052631575,15.789473684210526,-0.0922056472818427,0.0924902322950269
208,TRV130,intermediate,19,68.42105263157895,5.263157894736842,-0.0861408612108664,0.0859939440757425
209,Buprenorphine,weak,19,26.31578947368421,0.0,-0.1113609576752473,0.11109641308379
209,Butorphanol,weak,19,36.84210526315789,10.526315789473683,-0.0801191611184618,0.0800647966675614
209,C6guano,strong,19,15.789473684210526,10.526315789473683,-0.0947407086689432,0.0946580524027358
209,Carfentanil,strong,19,0.0,36.84210526315789,-0.073569523017839,0.0734593326602058
209,DAMGO,strong,19,31.57894736842105,15.789473684210526,-0.0706493581082685,0.0704363723870284
209,Fentanyl,strong,19,10.526315789473683,0.0,-0.1135817353402551,0.113889572243734
209,MP,weak,19,26.31578947368421,15.789473684210526,-0.1049233218375642,0.1055544348762352
209,Methadone,intermediate,19,31.57894736842105,15.789473684210526,-0.1023794128819081,0.1022561647143245
209,Morphine,strong,19,36.84210526315789,21.052631578947366,-0.0938133962225504,0.0942030687789831
209,Nalbuphine,weak,19,21.052631578947366,5.263157894736842,-0.0914849125378854,0.0917461636140948
209,Naloxone,antagonist,19,15.789473684210526,5.263157894736842,-0.0882344129122834,0.0883395316717978
209,Naltrexone,antagonist,19,47.368421052631575,10.526315789473683,-0.0848397486446551,0.0850472018991877
209,PZM21,intermediate,19,21.052631578947366,15.789473684210526,-0.0925623982587858,0.0922349360906992
209,SR17018,strong,19,15.789473684210526,0.0,-0.0922056472818427,0.0924902322950269
209,TRV130,intermediate,19,31.57894736842105,10.526315789473683,-0.0861408612108664,0.0859939440757425
210,Buprenorphine,weak,19,15.789473684210526,10.526315789473683,-0.1113609576752473,0.11109641308379
210,Butorphanol,weak,19,52.63157894736842,0.0,-0.0801191611184618,0.0800647966675614
210,C6guano,strong,19,42.10526315789473,5.263157894736842,-0.0947407086689432,0.0946580524027358
210,Carfentanil,strong,19,36.84210526315789,21.052631578947366,-0.073569523017839,0.0734593326602058
210,DAMGO,strong,19,31.57894736842105,10.526315789473683,-0.0706493581082685,0.0704363723870284
210,Fentanyl,strong,19,21.052631578947366,5.263157894736842,-0.1135817353402551,0.113889572243734
210,MP,weak,19,47.368421052631575,5.263157894736842,-0.1049233218375642,0.1055544348762352
210,Methadone,intermediate,19,47.368421052631575,0.0,-0.1023794128819081,0.1022561647143245
210,Morphine,strong,19,21.052631578947366,10.526315789473683,-0.0938133962225504,0.0942030687789831
210,Nalbuphine,weak,19,42.10526315789473,0.0,-0.0914849125378854,0.0917461636140948
210,Naloxone,antagonist,19,26.31578947368421,36.84210526315789,-0.0882344129122834,0.0883395316717978
210,Naltrexone,antagonist,19,42.10526315789473,5.263157894736842,-0.0848397486446551,0.0850472018991877
210,PZM21,intermediate,19,57.89473684210527,5.263157894736842,-0.0925623982587858,0.0922349360906992
210,SR17018,strong,19,31.57894736842105,0.0,-0.0922056472818427,0.0924902322950269
210,TRV130,intermediate,19,57.89473684210527,5.263157894736842,-0.0861408612108664,0.0859939440757425
211,Buprenorphine,weak,19,0.0,5.263157894736842,-0.1113609576752473,0.11109641308379
211,Butorphanol,weak,19,15.789473684210526,21.052631578947366,-0.0801191611184618,0.0800647966675614
211,C6guano,strong,19,0.0,5.263157894736842,-0.0947407086689432,0.0946580524027358
211,Carfentanil,strong,19,5.263157894736842,42.10526315789473,-0.073569523017839,0.0734593326602058
211,DAMGO,strong,19,15.789473684210526,10.526315789473683,-0.0706493581082685,0.0704363723870284
211,Fentanyl,strong,19,0.0,10.526315789473683,-0.1135817353402551,0.113889572243734
211,MP,weak,19,26.31578947368421,10.526315789473683,-0.1049233218375642,0.1055544348762352
211,Methadone,intermediate,19,0.0,10.526315789473683,-0.1023794128819081,0.1022561647143245
211,Morphine,strong,19,5.263157894736842,10.526315789473683,-0.0938133962225504,0.0942030687789831
211,Nalbuphine,weak,19,26.31578947368421,15.789473684210526,-0.0914849125378854,0.0917461636140948
211,Naloxone,antagonist,19,26.31578947368421,5.263157894736842,-0.0882344129122834,0.0883395316717978
211,Naltrexone,antagonist,19,36.84210526315789,0.0,-0.0848397486446551,0.0850472018991877
211,PZM21,intermediate,19,5.263157894736842,5.263157894736842,-0.0925623982587858,0.0922349360906992
211,SR17018,strong,19,15.789473684210526,21.052631578947366,-0.0922056472818427,0.0924902322950269
211,TRV130,intermediate,19,5.263157894736842,21.052631578947366,-0.0861408612108664,0.0859939440757425
212,Buprenorphine,weak,19,0.0,15.789473684210526,-0.1113609576752473,0.11109641308379
212,Butorphanol,weak,19,5.263157894736842,26.31578947368421,-0.0801191611184618,0.0800647966675614
212,C6guano,strong,19,10.526315789473683,21.052631578947366,-0.0947407086689432,0.0946580524027358
212,Carfentanil,strong,19,10.526315789473683,26.31578947368421,-0.073569523017839,0.0734593326602058
212,DAMGO,strong,19,10.526315789473683,36.84210526315789,-0.0706493581082685,0.0704363723870284
212,Fentanyl,strong,19,0.0,42.10526315789473,-0.1135817353402551,0.113889572243734
212,MP,weak,19,15.789473684210526,5.263157894736842,-0.1049233218375642,0.1055544348762352
212,Methadone,intermediate,19,15.789473684210526,26.31578947368421,-0.1023794128819081,0.1022561647143245
212,Morphine,strong,19,5.263157894736842,36.84210526315789,-0.0938133962225504,0.0942030687789831
212,Nalbuphine,weak,19,5.263157894736842,5.263157894736842,-0.0914849125378854,0.0917461636140948
212,Naloxone,antagonist,19,21.052631578947366,10.526315789473683,-0.0882344129122834,0.0883395316717978
212,Naltrexone,antagonist,19,5.263157894736842,15.789473684210526,-0.0848397486446551,0.0850472018991877
212,PZM21,intermediate,19,5.263157894736842,26.31578947368421,-0.0925623982587858,0.0922349360906992
212,SR17018,strong,19,0.0,52.63157894736842,-0.0922056472818427,0.0924902322950269
212,TRV130,intermediate,19,0.0,52.63157894736842,-0.0861408612108664,0.0859939440757425
213,Buprenorphine,weak,19,5.263157894736842,15.789473684210526,-0.1113609576752473,0.11109641308379
213,Butorphanol,weak,19,42.10526315789473,0.0,-0.0801191611184618,0.0800647966675614
213,C6guano,strong,19,15.789473684210526,10.526315789473683,-0.0947407086689432,0.0946580524027358
213,Carfentanil,strong,19,15.789473684210526,26.31578947368421,-0.073569523017839,0.0734593326602058
213,DAMGO,strong,19,5.263157894736842,21.052631578947366,-0.0706493581082685,0.0704363723870284
213,Fentanyl,strong,19,10.526315789473683,15.789473684210526,-0.1135817353402551,0.113889572243734
213,MP,weak,19,21.052631578947366,21.052631578947366,-0.1049233218375642,0.1055544348762352
213,Methadone,intermediate,19,31.57894736842105,31.57894736842105,-0.1023794128819081,0.1022561647143245
213,Morphine,strong,19,10.526315789473683,21.052631578947366,-0.0938133962225504,0.0942030687789831
213,Nalbuphine,weak,19,21.052631578947366,15.789473684210526,-0.0914849125378854,0.0917461636140948
213,Naloxone,antagonist,19,26.31578947368421,0.0,-0.0882344129122834,0.0883395316717978
213,Naltrexone,antagonist,19,26.31578947368421,21.052631578947366,-0.0848397486446551,0.0850472018991877
213,PZM21,intermediate,19,21.052631578947366,10.526315789473683,-0.0925623982587858,0.0922349360906992
213,SR17018,strong,19,0.0,21.052631578947366,-0.0922056472818427,0.0924902322950269
213,TRV130,intermediate,19,15.789473684210526,21.052631578947366,-0.0861408612108664,0.0859939440757425
214,Buprenorphine,weak,18,11.11111111111111,22.22222222222222,-0.1113609576752473,0.11109641308379
214,Butorphanol,weak,18,11.11111111111111,27.77777777777778,-0.0801191611184618,0.0800647966675614
214,C6guano,strong,18,0.0,0.0,-0.0947407086689432,0.0946580524027358
214,Carfentanil,strong,18,27.77777777777778,27.77777777777778,-0.073569523017839,0.0734593326602058
214,DAMGO,strong,18,5.555555555555555,0.0,-0.0706493581082685,0.0704363723870284
214,Fentanyl,strong,18,16.666666666666664,0.0,-0.1135817353402551,0.113889572243734
214,MP,weak,18,11.11111111111111,16.666666666666664,-0.1049233218375642,0.1055544348762352
214,Methadone,intermediate,18,33.33333333333333,11.11111111111111,-0.1023794128819081,0.1022561647143245
214,Morphine,strong,18,0.0,11.11111111111111,-0.0938133962225504,0.0942030687789831
214,Nalbuphine,weak,18,11.11111111111111,16.666666666666664,-0.0914849125378854,0.0917461636140948
214,Naloxone,antagonist,18,5.555555555555555,27.77777777777778,-0.0882344129122834,0.0883395316717978
214,Naltrexone,antagonist,18,5.555555555555555,5.555555555555555,-0.0848397486446551,0.0850472018991877
214,PZM21,intermediate,18,11.11111111111111,27.77777777777778,-0.0925623982587858,0.0922349360906992
214,SR17018,strong,18,27.77777777777778,27.77777777777778,-0.0922056472818427,0.0924902322950269
214,TRV130,intermediate,18,5.555555555555555,38.88888888888889,-0.0861408612108664,0.0859939440757425
215,Buprenorphine,weak,19,5.263157894736842,5.263157894736842,-0.1113609576752473,0.11109641308379
215,Butorphanol,weak,19,26.31578947368421,0.0,-0.0801191611184618,0.0800647966675614
215,C6guano,strong,19,21.052631578947366,10.526315789473683,-0.0947407086689432,0.0946580524027358
215,Carfentanil,strong,19,10.526315789473683,10.526315789473683,-0.073569523017839,0.0734593326602058
215,DAMGO,strong,19,21.052631578947366,21.052631578947366,-0.0706493581082685,0.0704363723870284
215,Fentanyl,strong,19,15.789473684210526,0.0,-0.1135817353402551,0.113889572243734
215,MP,weak,19,5.263157894736842,15.789473684210526,-0.1049233218375642,0.1055544348762352
215,Methadone,intermediate,19,15.789473684210526,26.31578947368421,-0.1023794128819081,0.1022561647143245
215,Morphine,strong,19,21.052631578947366,21.052631578947366,-0.0938133962225504,0.0942030687789831
215,Nalbuphine,weak,19,21.052631578947366,5.263157894736842,-0.0914849125378854,0.0917461636140948
215,Naloxone,antagonist,19,15.789473684210526,10.526315789473683,-0.0882344129122834,0.0883395316717978
215,Naltrexone,antagonist,19,21.052631578947366,0.0,-0.0848397486446551,0.0850472018991877
215,PZM21,intermediate,19,10.526315789473683,0.0,-0.0925623982587858,0.0922349360906992
215,SR17018,strong,19,31.57894736842105,21.052631578947366,-0.0922056472818427,0.0924902322950269
215,TRV130,intermediate,19,21.052631578947366,5.263157894736842,-0.0861408612108664,0.0859939440757425
216,Buprenorphine,weak,19,5.263157894736842,15.789473684210526,-0.1113609576752473,0.11109641308379
216,Butorphanol,weak,19,21.052631578947366,15.789473684210526,-0.0801191611184618,0.0800647966675614
216,C6guano,strong,19,31.57894736842105,0.0,-0.0947407086689432,0.0946580524027358
216,Carfentanil,strong,19,10.526315789473683,21.052631578947366,-0.073569523017839,0.0734593326602058
216,DAMGO,strong,19,10.526315789473683,31.57894736842105,-0.0706493581082685,0.0704363723870284
216,Fentanyl,strong,19,5.263157894736842,0.0,-0.1135817353402551,0.113889572243734
216,MP,weak,19,0.0,21.052631578947366,-0.1049233218375642,0.1055544348762352
216,Methadone,intermediate,19,10.526315789473683,31.57894736842105,-0.1023794128819081,0.1022561647143245
216,Morphine,strong,19,21.052631578947366,10.526315789473683,-0.0938133962225504,0.0942030687789831
216,Nalbuphine,weak,19,5.263157894736842,15.789473684210526,-0.0914849125378854,0.0917461636140948
216,Naloxone,antagonist,19,5.263157894736842,0.0,-0.0882344129122834,0.0883395316717978
216,Naltrexone,antagonist,19,42.10526315789473,5.263157894736842,-0.0848397486446551,0.0850472018991877
216,PZM21,intermediate,19,21.052631578947366,0.0,-0.0925623982587858,0.0922349360906992
216,SR17018,strong,19,5.263157894736842,21.052631578947366,-0.0922056472818427,0.0924902322950269
216,TRV130,intermediate,19,15.789473684210526,31.57894736842105,-0.0861408612108664,0.0859939440757425
217,Buprenorphine,weak,19,15.789473684210526,0.0,-0.1113609576752473,0.11109641308379
217,Butorphanol,weak,19,21.052631578947366,21.052631578947366,-0.0801191611184618,0.0800647966675614
217,C6guano,strong,19,10.526315789473683,10.526315789473683,-0.0947407086689432,0.0946580524027358
217,Carfentanil,strong,19,31.57894736842105,10.526315789473683,-0.073569523017839,0.0734593326602058
217,DAMGO,strong,19,10.526315789473683,10.526315789473683,-0.0706493581082685,0.0704363723870284
217,Fentanyl,strong,19,5.263157894736842,5.263157894736842,-0.1135817353402551,0.113889572243734
217,MP,weak,19,10.526315789473683,21.052631578947366,-0.1049233218375642,0.1055544348762352
217,Methadone,intermediate,19,5.263157894736842,31.57894736842105,-0.1023794128819081,0.1022561647143245
217,Morphine,strong,19,15.789473684210526,21.052631578947366,-0.0938133962225504,0.0942030687789831
217,Nalbuphine,weak,19,5.263157894736842,5.263157894736842,-0.0914849125378854,0.0917461636140948
217,Naloxone,antagonist,19,26.31578947368421,10.526315789473683,-0.0882344129122834,0.0883395316717978
217,Naltrexone,antagonist,19,21.052631578947366,10.526315789473683,-0.0848397486446551,0.0850472018991877
217,PZM21,intermediate,19,15.789473684210526,10.526315789473683,-0.0925623982587858,0.0922349360906992
217,SR17018,strong,19,42.10526315789473,5.263157894736842,-0.0922056472818427,0.0924902322950269
217,TRV130,intermediate,19,10.526315789473683,5.263157894736842,-0.0861408612108664,0.0859939440757425
218,Buprenorphine,weak,19,10.526315789473683,0.0,-0.1113609576752473,0.11109641308379
218,Butorphanol,weak,19,21.052631578947366,10.526315789473683,-0.0801191611184618,0.0800647966675614
218,C6guano,strong,19,10.526315789473683,26.31578947368421,-0.0947407086689432,0.0946580524027358
218,Carfentanil,strong,19,5.263157894736842,52.63157894736842,-0.073569523017839,0.0734593326602058
218,DAMGO,strong,19,10.526315789473683,26.31578947368421,-0.0706493581082685,0.0704363723870284
218,Fentanyl,strong,19,10.526315789473683,15.789473684210526,-0.1135817353402551,0.113889572243734
218,MP,weak,19,15.789473684210526,10.526315789473683,-0.1049233218375642,0.1055544348762352
218,Methadone,intermediate,19,15.789473684210526,5.263157894736842,-0.1023794128819081,0.1022561647143245
218,Morphine,strong,19,10.526315789473683,15.789473684210526,-0.0938133962225504,0.0942030687789831
218,Nalbuphine,weak,19,5.263157894736842,26.31578947368421,-0.0914849125378854,0.0917461636140948
218,Naloxone,antagonist,19,21.052631578947366,5.263157894736842,-0.0882344129122834,0.0883395316717978
218,Naltrexone,antagonist,19,5.263157894736842,15.789473684210526,-0.0848397486446551,0.0850472018991877
218,PZM21,intermediate,19,21.052631578947366,26.31578947368421,-0.0925623982587858,0.0922349360906992
218,SR17018,strong,19,15.789473684210526,15.789473684210526,-0.0922056472818427,0.0924902322950269
218,TRV130,intermediate,19,26.31578947368421,21.052631578947366,-0.0861408612108664,0.0859939440757425
219,Buprenorphine,weak,19,42.10526315789473,0.0,-0.1113609576752473,0.11109641308379
219,Butorphanol,weak,19,94.73684210526316,0.0,-0.0801191611184618,0.0800647966675614
219,C6guano,strong,19,100.0,0.0,-0.0947407086689432,0.0946580524027358
219,Carfentanil,strong,19,100.0,0.0,-0.073569523017839,0.0734593326602058
219,DAMGO,strong,19,100.0,0.0,-0.0706493581082685,0.0704363723870284
219,Fentanyl,strong,19,100.0,0.0,-0.1135817353402551,0.113889572243734
219,MP,weak,19,94.73684210526316,0.0,-0.1049233218375642,0.1055544348762352
219,Methadone,intermediate,19,100.0,0.0,-0.1023794128819081,0.1022561647143245
219,Morphine,strong,19,100.0,0.0,-0.0938133962225504,0.0942030687789831
219,Nalbuphine,weak,19,68.42105263157895,0.0,-0.0914849125378854,0.0917461636140948
219,Naloxone,antagonist,19,36.84210526315789,0.0,-0.0882344129122834,0.0883395316717978
219,Naltrexone,antagonist,19,21.052631578947366,0.0,-0.0848397486446551,0.0850472018991877
219,PZM21,intermediate,19,100.0,0.0,-0.0925623982587858,0.0922349360906992
219,SR17018,strong,19,94.73684210526316,0.0,-0.0922056472818427,0.0924902322950269
219,TRV130,intermediate,19,100.0,0.0,-0.0861408612108664,0.0859939440757425
220,Buprenorphine,weak,19,5.263157894736842,10.526315789473683,-0.1113609576752473,0.11109641308379
220,Butorphanol,weak,19,15.789473684210526,10.526315789473683,-0.0801191611184618,0.0800647966675614
220,C6guano,strong,19,15.789473684210526,21.052631578947366,-0.0947407086689432,0.0946580524027358
220,Carfentanil,strong,19,0.0,52.63157894736842,-0.073569523017839,0.0734593326602058
220,DAMGO,strong,19,31.57894736842105,10.526315789473683,-0.0706493581082685,0.0704363723870284
220,Fentanyl,strong,19,5.263157894736842,5.263157894736842,-0.1135817353402551,0.113889572243734
220,MP,weak,19,5.263157894736842,31.57894736842105,-0.1049233218375642,0.1055544348762352
220,Methadone,intermediate,19,36.84210526315789,10.526315789473683,-0.1023794128819081,0.1022561647143245
220,Morphine,strong,19,5.263157894736842,42.10526315789473,-0.0938133962225504,0.0942030687789831
220,Nalbuphine,weak,19,31.57894736842105,15.789473684210526,-0.0914849125378854,0.0917461636140948
220,Naloxone,antagonist,19,15.789473684210526,15.789473684210526,-0.0882344129122834,0.0883395316717978
220,Naltrexone,antagonist,19,15.789473684210526,5.263157894736842,-0.0848397486446551,0.0850472018991877
220,PZM21,intermediate,19,10.526315789473683,42.10526315789473,-0.0925623982587858,0.0922349360906992
220,SR17018,strong,19,15.789473684210526,0.0,-0.0922056472818427,0.0924902322950269
220,TRV130,intermediate,19,10.526315789473683,21.052631578947366,-0.0861408612108664,0.0859939440757425
221,Buprenorphine,weak,19,26.31578947368421,0.0,-0.1113609576752473,0.11109641308379
221,Butorphanol,weak,19,47.368421052631575,5.263157894736842,-0.0801191611184618,0.0800647966675614
221,C6guano,strong,19,26.31578947368421,0.0,-0.0947407086689432,0.0946580524027358
221,Carfentanil,strong,19,26.31578947368421,0.0,-0.073569523017839,0.0734593326602058
221,DAMGO,strong,19,26.31578947368421,10.526315789473683,-0.0706493581082685,0.0704363723870284
221,Fentanyl,strong,19,31.57894736842105,5.263157894736842,-0.1135817353402551,0.113889572243734
221,MP,weak,19,31.57894736842105,0.0,-0.1049233218375642,0.1055544348762352
221,Methadone,intermediate,19,89.47368421052632,0.0,-0.1023794128819081,0.1022561647143245
221,Morphine,strong,19,42.10526315789473,5.263157894736842,-0.0938133962225504,0.0942030687789831
221,Nalbuphine,weak,19,57.89473684210527,0.0,-0.0914849125378854,0.0917461636140948
221,Naloxone,antagonist,19,57.89473684210527,5.263157894736842,-0.0882344129122834,0.0883395316717978
221,Naltrexone,antagonist,19,0.0,21.052631578947366,-0.0848397486446551,0.0850472018991877
221,PZM21,intermediate,19,63.1578947368421,15.789473684210526,-0.0925623982587858,0.0922349360906992
221,SR17018,strong,19,36.84210526315789,10.526315789473683,-0.0922056472818427,0.0924902322950269
221,TRV130,intermediate,19,47.368421052631575,10.526315789473683,-0.0861408612108664,0.0859939440757425
222,Buprenorphine,weak,19,0.0,5.263157894736842,-0.1113609576752473,0.11109641308379
222,Butorphanol,weak,19,10.526315789473683,21.052631578947366,-0.0801191611184618,0.0800647966675614
222,C6guano,strong,19,15.789473684210526,5.263157894736842,-0.0947407086689432,0.0946580524027358
222,Carfentanil,strong,19,21.052631578947366,26.31578947368421,-0.073569523017839,0.0734593326602058
222,DAMGO,strong,19,0.0,21.052631578947366,-0.0706493581082685,0.0704363723870284
222,Fentanyl,strong,19,0.0,10.526315789473683,-0.1135817353402551,0.113889572243734
222,MP,weak,19,0.0,42.10526315789473,-0.1049233218375642,0.1055544348762352
222,Methadone,intermediate,19,0.0,10.526315789473683,-0.1023794128819081,0.1022561647143245
222,Morphine,strong,19,26.31578947368421,10.526315789473683,-0.0938133962225504,0.0942030687789831
222,Nalbuphine,weak,19,0.0,31.57894736842105,-0.0914849125378854,0.0917461636140948
222,Naloxone,antagonist,19,10.526315789473683,10.526315789473683,-0.0882344129122834,0.0883395316717978
222,Naltrexone,antagonist,19,0.0,21.052631578947366,-0.0848397486446551,0.0850472018991877
222,PZM21,intermediate,19,5.263157894736842,15.789473684210526,-0.0925623982587858,0.0922349360906992
222,SR17018,strong,19,21.052631578947366,26.31578947368421,-0.0922056472818427,0.0924902322950269
222,TRV130,intermediate,19,0.0,15.789473684210526,-0.0861408612108664,0.0859939440757425
223,Buprenorphine,weak,19,10.526315789473683,21.052631578947366,-0.1113609576752473,0.11109641308379
223,Butorphanol,weak,19,0.0,26.31578947368421,-0.0801191611184618,0.0800647966675614
223,C6guano,strong,19,0.0,10.526315789473683,-0.0947407086689432,0.0946580524027358
223,Carfentanil,strong,19,5.263157894736842,10.526315789473683,-0.073569523017839,0.0734593326602058
223,DAMGO,strong,19,0.0,21.052631578947366,-0.0706493581082685,0.0704363723870284
223,Fentanyl,strong,19,5.263157894736842,15.789473684210526,-0.1135817353402551,0.113889572243734
223,MP,weak,19,10.526315789473683,31.57894736842105,-0.1049233218375642,0.1055544348762352
223,Methadone,intermediate,19,15.789473684210526,15.789473684210526,-0.1023794128819081,0.1022561647143245
223,Morphine,strong,19,10.526315789473683,42.10526315789473,-0.0938133962225504,0.0942030687789831
223,Nalbuphine,weak,19,21.052631578947366,26.31578947368421,-0.0914849125378854,0.0917461636140948
223,Naloxone,antagonist,19,26.31578947368421,42.10526315789473,-0.0882344129122834,0.0883395316717978
223,Naltrexone,antagonist,19,10.526315789473683,31.57894736842105,-0.0848397486446551,0.0850472018991877
223,PZM21,intermediate,19,0.0,42.10526315789473,-0.0925623982587858,0.0922349360906992
223,SR17018,strong,19,10.526315789473683,31.57894736842105,-0.0922056472818427,0.0924902322950269
223,TRV130,intermediate,19,5.263157894736842,36.84210526315789,-0.0861408612108664,0.0859939440757425
224,Buprenorphine,weak,19,5.263157894736842,15.789473684210526,-0.1113609576752473,0.11109641308379
224,Butorphanol,weak,19,10.526315789473683,26.31578947368421,-0.0801191611184618,0.0800647966675614
224,C6guano,strong,19,0.0,26.31578947368421,-0.0947407086689432,0.0946580524027358
224,Carfentanil,strong,19,5.263157894736842,57.89473684210527,-0.073569523017839,0.0734593326602058
224,DAMGO,strong,19,5.263157894736842,21.052631578947366,-0.0706493581082685,0.0704363723870284
224,Fentanyl,strong,19,0.0,10.526315789473683,-0.1135817353402551,0.113889572243734
224,MP,weak,19,5.263157894736842,5.263157894736842,-0.1049233218375642,0.1055544348762352
224,Methadone,intermediate,19,0.0,0.0,-0.1023794128819081,0.1022561647143245
224,Morphine,strong,19,0.0,21.052631578947366,-0.0938133962225504,0.0942030687789831
224,Nalbuphine,weak,19,10.526315789473683,0.0,-0.0914849125378854,0.0917461636140948
224,Naloxone,antagonist,19,0.0,10.526315789473683,-0.0882344129122834,0.0883395316717978
224,Naltrexone,antagonist,19,26.31578947368421,26.31578947368421,-0.0848397486446551,0.0850472018991877
224,PZM21,intermediate,19,5.263157894736842,10.526315789473683,-0.0925623982587858,0.0922349360906992
224,SR17018,strong,19,0.0,31.57894736842105,-0.0922056472818427,0.0924902322950269
224,TRV130,intermediate,19,0.0,36.84210526315789,-0.0861408612108664,0.0859939440757425
225,Buprenorphine,weak,19,5.263157894736842,26.31578947368421,-0.1113609576752473,0.11109641308379
225,Butorphanol,weak,19,15.789473684210526,0.0,-0.0801191611184618,0.0800647966675614
225,C6guano,strong,19,0.0,36.84210526315789,-0.0947407086689432,0.0946580524027358
225,Carfentanil,strong,19,10.526315789473683,10.526315789473683,-0.073569523017839,0.0734593326602058
225,DAMGO,strong,19,5.263157894736842,21.052631578947366,-0.0706493581082685,0.0704363723870284
225,Fentanyl,strong,19,10.526315789473683,10.526315789473683,-0.1135817353402551,0.113889572243734
225,MP,weak,19,0.0,5.263157894736842,-0.1049233218375642,0.1055544348762352
225,Methadone,intermediate,19,42.10526315789473,10.526315789473683,-0.1023794128819081,0.1022561647143245
225,Morphine,strong,19,15.789473684210526,0.0,-0.0938133962225504,0.0942030687789831
225,Nalbuphine,weak,19,26.31578947368421,10.526315789473683,-0.0914849125378854,0.0917461636140948
225,Naloxone,antagonist,19,10.526315789473683,5.263157894736842,-0.0882344129122834,0.0883395316717978
225,Naltrexone,antagonist,19,5.263157894736842,15.789473684210526,-0.0848397486446551,0.0850472018991877
225,PZM21,intermediate,19,36.84210526315789,31.57894736842105,-0.0925623982587858,0.0922349360906992
225,SR17018,strong,19,10.526315789473683,21.052631578947366,-0.0922056472818427,0.0924902322950269
225,TRV130,intermediate,19,0.0,21.052631578947366,-0.0861408612108664,0.0859939440757425
226,Buprenorphine,weak,18,27.77777777777778,5.555555555555555,-0.1113609576752473,0.11109641308379
226,Butorphanol,weak,18,0.0,11.11111111111111,-0.0801191611184618,0.0800647966675614
226,C6guano,strong,18,38.88888888888889,22.22222222222222,-0.0947407086689432,0.0946580524027358
226,Carfentanil,strong,18,11.11111111111111,33.33333333333333,-0.073569523017839,0.0734593326602058
226,DAMGO,strong,18,27.77777777777778,16.666666666666664,-0.0706493581082685,0.0704363723870284
226,Fentanyl,strong,18,16.666666666666664,0.0,-0.1135817353402551,0.113889572243734
226,MP,weak,18,11.11111111111111,44.44444444444444,-0.1049233218375642,0.1055544348762352
226,Methadone,intermediate,18,27.77777777777778,0.0,-0.1023794128819081,0.1022561647143245
226,Morphine,strong,18,33.33333333333333,0.0,-0.0938133962225504,0.0942030687789831
226,Nalbuphine,weak,18,0.0,11.11111111111111,-0.0914849125378854,0.0917461636140948
226,Naloxone,antagonist,18,22.22222222222222,5.555555555555555,-0.0882344129122834,0.0883395316717978
226,Naltrexone,antagonist,18,16.666666666666664,5.555555555555555,-0.0848397486446551,0.0850472018991877
226,PZM21,intermediate,18,44.44444444444444,0.0,-0.0925623982587858,0.0922349360906992
226,SR17018,strong,18,16.666666666666664,0.0,-0.0922056472818427,0.0924902322950269
226,TRV130,intermediate,18,33.33333333333333,27.77777777777778,-0.0861408612108664,0.0859939440757425
227,Buprenorphine,weak,19,5.263157894736842,0.0,-0.1113609576752473,0.11109641308379
227,Butorphanol,weak,19,10.526315789473683,10.526315789473683,-0.0801191611184618,0.0800647966675614
227,C6guano,strong,19,5.263157894736842,10.526315789473683,-0.0947407086689432,0.0946580524027358
227,Carfentanil,strong,19,31.57894736842105,15.789473684210526,-0.073569523017839,0.0734593326602058
227,DAMGO,strong,19,15.789473684210526,10.526315789473683,-0.0706493581082685,0.0704363723870284
227,Fentanyl,strong,19,0.0,10.526315789473683,-0.1135817353402551,0.113889572243734
227,MP,weak,19,10.526315789473683,21.052631578947366,-0.1049233218375642,0.1055544348762352
227,Methadone,intermediate,19,5.263157894736842,36.84210526315789,-0.1023794128819081,0.1022561647143245
227,Morphine,strong,19,0.0,10.526315789473683,-0.0938133962225504,0.0942030687789831
227,Nalbuphine,weak,19,0.0,10.526315789473683,-0.0914849125378854,0.0917461636140948
227,Naloxone,antagonist,19,36.84210526315789,10.526315789473683,-0.0882344129122834,0.0883395316717978
227,Naltrexone,antagonist,19,26.31578947368421,0.0,-0.0848397486446551,0.0850472018991877
227,PZM21,intermediate,19,21.052631578947366,21.052631578947366,-0.0925623982587858,0.0922349360906992
227,SR17018,strong,19,5.263157894736842,5.263157894736842,-0.0922056472818427,0.0924902322950269
227,TRV130,intermediate,19,5.263157894736842,15.789473684210526,-0.0861408612108664,0.0859939440757425
228,Buprenorphine,weak,19,5.263157894736842,15.789473684210526,-0.1113609576752473,0.11109641308379
228,Butorphanol,weak,19,10.526315789473683,31.57894736842105,-0.0801191611184618,0.0800647966675614
228,C6guano,strong,19,10.526315789473683,10.526315789473683,-0.0947407086689432,0.0946580524027358
228,Carfentanil,strong,19,26.31578947368421,0.0,-0.073569523017839,0.0734593326602058
228,DAMGO,strong,19,0.0,26.31578947368421,-0.0706493581082685,0.0704363723870284
228,Fentanyl,strong,19,5.263157894736842,5.263157894736842,-0.1135817353402551,0.113889572243734
228,MP,weak,19,5.263157894736842,31.57894736842105,-0.1049233218375642,0.1055544348762352
228,Methadone,intermediate,19,21.052631578947366,5.263157894736842,-0.1023794128819081,0.1022561647143245
228,Morphine,strong,19,0.0,0.0,-0.0938133962225504,0.0942030687789831
228,Nalbuphine,weak,19,10.526315789473683,5.263157894736842,-0.0914849125378854,0.0917461636140948
228,Naloxone,antagonist,19,0.0,10.526315789473683,-0.0882344129122834,0.0883395316717978
228,Naltrexone,antagonist,19,0.0,0.0,-0.0848397486446551,0.0850472018991877
228,PZM21,intermediate,19,36.84210526315789,10.526315789473683,-0.0925623982587858,0.0922349360906992
228,SR17018,strong,19,0.0,36.84210526315789,-0.0922056472818427,0.0924902322950269
228,TRV130,intermediate,19,15.789473684210526,5.263157894736842,-0.0861408612108664,0.0859939440757425
229,Buprenorphine,weak,19,5.263157894736842,26.31578947368421,-0.1113609576752473,0.11109641308379
229,Butorphanol,weak,19,0.0,42.10526315789473,-0.0801191611184618,0.0800647966675614
229,C6guano,strong,19,0.0,5.263157894736842,-0.0947407086689432,0.0946580524027358
229,Carfentanil,strong,19,5.263157894736842,21.052631578947366,-0.073569523017839,0.0734593326602058
229,DAMGO,strong,19,5.263157894736842,26.31578947368421,-0.0706493581082685,0.0704363723870284
229,Fentanyl,strong,19,5.263157894736842,5.263157894736842,-0.1135817353402551,0.113889572243734
229,MP,weak,19,15.789473684210526,26.31578947368421,-0.1049233218375642,0.1055544348762352
229,Methadone,intermediate,19,5.263157894736842,21.052631578947366,-0.1023794128819081,0.1022561647143245
229,Morphine,strong,19,0.0,21.052631578947366,-0.0938133962225504,0.0942030687789831
229,Nalbuphine,weak,19,0.0,15.789473684210526,-0.0914849125378854,0.0917461636140948
229,Naloxone,antagonist,19,0.0,21.052631578947366,-0.0882344129122834,0.0883395316717978
229,Naltrexone,antagonist,19,15.789473684210526,47.368421052631575,-0.0848397486446551,0.0850472018991877
229,PZM21,intermediate,19,0.0,42.10526315789473,-0.0925623982587858,0.0922349360906992
229,SR17018,strong,19,0.0,15.789473684210526,-0.0922056472818427,0.0924902322950269
229,TRV130,intermediate,19,0.0,31.57894736842105,-0.0861408612108664,0.0859939440757425
230,Buprenorphine,weak,19,0.0,26.31578947368421,-0.1113609576752473,0.11109641308379
230,Butorphanol,weak,19,10.526315789473683,26.31578947368421,-0.0801191611184618,0.0800647966675614
230,C6guano,strong,19,0.0,26.31578947368421,-0.0947407086689432,0.0946580524027358
230,Carfentanil,strong,19,0.0,21.052631578947366,-0.073569523017839,0.0734593326602058
230,DAMGO,strong,19,0.0,21.052631578947366,-0.0706493581082685,0.0704363723870284
230,Fentanyl,strong,19,15.789473684210526,15.789473684210526,-0.1135817353402551,0.113889572243734
230,MP,weak,19,5.263157894736842,15.789473684210526,-0.1049233218375642,0.1055544348762352
230,Methadone,intermediate,19,26.31578947368421,0.0,-0.1023794128819081,0.1022561647143245
230,Morphine,strong,19,5.263157894736842,15.789473684210526,-0.0938133962225504,0.0942030687789831
230,Nalbuphine,weak,19,0.0,36.84210526315789,-0.0914849125378854,0.0917461636140948
230,Naloxone,antagonist,19,15.789473684210526,15.789473684210526,-0.0882344129122834,0.0883395316717978
230,Naltrexone,antagonist,19,5.263157894736842,52.63157894736842,-0.0848397486446551,0.0850472018991877
230,PZM21,intermediate,19,5.263157894736842,15.789473684210526,-0.0925623982587858,0.0922349360906992
230,SR17018,strong,19,0.0,21.052631578947366,-0.0922056472818427,0.0924902322950269
230,TRV130,intermediate,19,0.0,36.84210526315789,-0.0861408612108664,0.0859939440757425
231,Buprenorphine,weak,19,0.0,36.84210526315789,-0.1113609576752473,0.11109641308379
231,Butorphanol,weak,19,10.526315789473683,10.526315789473683,-0.0801191611184618,0.0800647966675614
231,C6guano,strong,19,10.526315789473683,10.526315789473683,-0.0947407086689432,0.0946580524027358
231,Carfentanil,strong,19,10.526315789473683,26.31578947368421,-0.073569523017839,0.0734593326602058
231,DAMGO,strong,19,10.526315789473683,15.789473684210526,-0.0706493581082685,0.0704363723870284
231,Fentanyl,strong,19,10.526315789473683,5.263157894736842,-0.1135817353402551,0.113889572243734
231,MP,weak,19,0.0,0.0,-0.1049233218375642,0.1055544348762352
231,Methadone,intermediate,19,36.84210526315789,0.0,-0.1023794128819081,0.1022561647143245
231,Morphine,strong,19,21.052631578947366,10.526315789473683,-0.0938133962225504,0.0942030687789831
231,Nalbuphine,weak,19,21.052631578947366,5.263157894736842,-0.0914849125378854,0.0917461636140948
231,Naloxone,antagonist,19,21.052631578947366,31.57894736842105,-0.0882344129122834,0.0883395316717978
231,Naltrexone,antagonist,19,0.0,36.84210526315789,-0.0848397486446551,0.0850472018991877
231,PZM21,intermediate,19,10.526315789473683,26.31578947368421,-0.0925623982587858,0.0922349360906992
231,SR17018,strong,19,36.84210526315789,0.0,-0.0922056472818427,0.0924902322950269
231,TRV130,intermediate,19,5.263157894736842,15.789473684210526,-0.0861408612108664,0.0859939440757425
232,Buprenorphine,weak,18,0.0,27.77777777777778,-0.1113609576752473,0.11109641308379
232,Butorphanol,weak,18,5.555555555555555,38.88888888888889,-0.0801191611184618,0.0800647966675614
232,C6guano,strong,18,5.555555555555555,16.666666666666664,-0.0947407086689432,0.0946580524027358
232,Carfentanil,strong,18,11.11111111111111,5.555555555555555,-0.073569523017839,0.0734593326602058
232,DAMGO,strong,18,11.11111111111111,27.77777777777778,-0.0706493581082685,0.0704363723870284
232,Fentanyl,strong,18,5.555555555555555,5.555555555555555,-0.1135817353402551,0.113889572243734
232,MP,weak,18,22.22222222222222,22.22222222222222,-0.1049233218375642,0.1055544348762352
232,Methadone,intermediate,18,11.11111111111111,0.0,-0.1023794128819081,0.1022561647143245
232,Morphine,strong,18,16.666666666666664,0.0,-0.0938133962225504,0.0942030687789831
232,Nalbuphine,weak,18,11.11111111111111,11.11111111111111,-0.0914849125378854,0.0917461636140948
232,Naloxone,antagonist,18,0.0,33.33333333333333,-0.0882344129122834,0.0883395316717978
232,Naltrexone,antagonist,18,22.22222222222222,38.88888888888889,-0.0848397486446551,0.0850472018991877
232,PZM21,intermediate,18,11.11111111111111,27.77777777777778,-0.0925623982587858,0.0922349360906992
232,SR17018,strong,18,5.555555555555555,11.11111111111111,-0.0922056472818427,0.0924902322950269
232,TRV130,intermediate,18,0.0,33.33333333333333,-0.0861408612108664,0.0859939440757425
233,Buprenorphine,weak,19,26.31578947368421,10.526315789473683,-0.1113609576752473,0.11109641308379
233,Butorphanol,weak,19,0.0,15.789473684210526,-0.0801191611184618,0.0800647966675614
233,C6guano,strong,19,31.57894736842105,5.263157894736842,-0.0947407086689432,0.0946580524027358
233,Carfentanil,strong,19,10.526315789473683,15.789473684210526,-0.073569523017839,0.0734593326602058
233,DAMGO,strong,19,15.789473684210526,26.31578947368421,-0.0706493581082685,0.0704363723870284
233,Fentanyl,strong,19,15.789473684210526,0.0,-0.1135817353402551,0.113889572243734
233,MP,weak,19,5.263157894736842,15.789473684210526,-0.1049233218375642,0.1055544348762352
233,Methadone,intermediate,19,21.052631578947366,26.31578947368421,-0.1023794128819081,0.1022561647143245
233,Morphine,strong,19,26.31578947368421,0.0,-0.0938133962225504,0.0942030687789831
233,Nalbuphine,weak,19,0.0,10.526315789473683,-0.0914849125378854,0.0917461636140948
233,Naloxone,antagonist,19,5.263157894736842,10.526315789473683,-0.0882344129122834,0.0883395316717978
233,Naltrexone,antagonist,19,5.263157894736842,42.10526315789473,-0.0848397486446551,0.0850472018991877
233,PZM21,intermediate,19,15.789473684210526,26.31578947368421,-0.0925623982587858,0.0922349360906992
233,SR17018,strong,19,10.526315789473683,36.84210526315789,-0.0922056472818427,0.0924902322950269
233,TRV130,intermediate,19,10.526315789473683,26.31578947368421,-0.0861408612108664,0.0859939440757425
234,Buprenorphine,weak,19,31.57894736842105,5.263157894736842,-0.1113609576752473,0.11109641308379
234,Butorphanol,weak,19,26.31578947368421,10.526315789473683,-0.0801191611184618,0.0800647966675614
234,C6guano,strong,19,0.0,26.31578947368421,-0.0947407086689432,0.0946580524027358
234,Carfentanil,strong,19,52.63157894736842,26.31578947368421,-0.073569523017839,0.0734593326602058
234,DAMGO,strong,19,21.052631578947366,36.84210526315789,-0.0706493581082685,0.0704363723870284
234,Fentanyl,strong,19,52.63157894736842,0.0,-0.1135817353402551,0.113889572243734
234,MP,weak,19,36.84210526315789,10.526315789473683,-0.1049233218375642,0.1055544348762352
234,Methadone,intermediate,19,68.42105263157895,10.526315789473683,-0.1023794128819081,0.1022561647143245
234,Morphine,strong,19,26.31578947368421,10.526315789473683,-0.0938133962225504,0.0942030687789831
234,Nalbuphine,weak,19,52.63157894736842,10.526315789473683,-0.0914849125378854,0.0917461636140948
234,Naloxone,antagonist,19,42.10526315789473,21.052631578947366,-0.0882344129122834,0.0883395316717978
234,Naltrexone,antagonist,19,21.052631578947366,21.052631578947366,-0.0848397486446551,0.0850472018991877
234,PZM21,intermediate,19,10.526315789473683,21.052631578947366,-0.0925623982587858,0.0922349360906992
234,SR17018,strong,19,36.84210526315789,15.789473684210526,-0.0922056472818427,0.0924902322950269
234,TRV130,intermediate,19,21.052631578947366,26.31578947368421,-0.0861408612108664,0.0859939440757425
235,Buprenorphine,weak,19,0.0,42.10526315789473,-0.1113609576752473,0.11109641308379
235,Butorphanol,weak,19,5.263157894736842,31.57894736842105,-0.0801191611184618,0.0800647966675614
235,C6guano,strong,19,5.263157894736842,26.31578947368421,-0.0947407086689432,0.0946580524027358
235,Carfentanil,strong,19,0.0,10.526315789473683,-0.073569523017839,0.0734593326602058
235,DAMGO,strong,19,10.526315789473683,26.31578947368421,-0.0706493581082685,0.0704363723870284
235,Fentanyl,strong,19,21.052631578947366,10.526315789473683,-0.1135817353402551,0.113889572243734
235,MP,weak,19,10.526315789473683,26.31578947368421,-0.1049233218375642,0.1055544348762352
235,Methadone,intermediate,19,36.84210526315789,5.263157894736842,-0.1023794128819081,0.1022561647143245
235,Morphine,strong,19,26.31578947368421,0.0,-0.0938133962225504,0.0942030687789831
235,Nalbuphine,weak,19,21.052631578947366,15.789473684210526,-0.0914849125378854,0.0917461636140948
235,Naloxone,antagonist,19,0.0,47.368421052631575,-0.0882344129122834,0.0883395316717978
235,Naltrexone,antagonist,19,0.0,63.1578947368421,-0.0848397486446551,0.0850472018991877
235,PZM21,intermediate,19,15.789473684210526,10.526315789473683,-0.0925623982587858,0.0922349360906992
235,SR17018,strong,19,5.263157894736842,10.526315789473683,-0.0922056472818427,0.0924902322950269
235,TRV130,intermediate,19,0.0,5.263157894736842,-0.0861408612108664,0.0859939440757425
236,Buprenorphine,weak,19,26.31578947368421,5.263157894736842,-0.1113609576752473,0.11109641308379
236,Butorphanol,weak,19,31.57894736842105,0.0,-0.0801191611184618,0.0800647966675614
236,C6guano,strong,19,42.10526315789473,5.263157894736842,-0.0947407086689432,0.0946580524027358
236,Carfentanil,strong,19,31.57894736842105,0.0,-0.073569523017839,0.0734593326602058
236,DAMGO,strong,19,21.052631578947366,15.789473684210526,-0.0706493581082685,0.0704363723870284
236,Fentanyl,strong,19,31.57894736842105,0.0,-0.1135817353402551,0.113889572243734
236,MP,weak,19,15.789473684210526,0.0,-0.1049233218375642,0.1055544348762352
236,Methadone,intermediate,19,47.368421052631575,0.0,-0.1023794128819081,0.1022561647143245
236,Morphine,strong,19,42.10526315789473,0.0,-0.0938133962225504,0.0942030687789831
236,Nalbuphine,weak,19,21.052631578947366,5.263157894736842,-0.0914849125378854,0.0917461636140948
236,Naloxone,antagonist,19,26.31578947368421,5.263157894736842,-0.0882344129122834,0.0883395316717978
236,Naltrexone,antagonist,19,47.368421052631575,0.0,-0.0848397486446551,0.0850472018991877
236,PZM21,intermediate,19,36.84210526315789,5.263157894736842,-0.0925623982587858,0.0922349360906992
236,SR17018,strong,19,31.57894736842105,5.263157894736842,-0.0922056472818427,0.0924902322950269
236,TRV130,intermediate,19,36.84210526315789,5.263157894736842,-0.0861408612108664,0.0859939440757425
237,Buprenorphine,weak,19,26.31578947368421,0.0,-0.1113609576752473,0.11109641308379
237,Butorphanol,weak,19,26.31578947368421,15.789473684210526,-0.0801191611184618,0.0800647966675614
237,C6guano,strong,19,57.89473684210527,10.526315789473683,-0.0947407086689432,0.0946580524027358
237,Carfentanil,strong,19,21.052631578947366,47.368421052631575,-0.073569523017839,0.0734593326602058
237,DAMGO,strong,19,36.84210526315789,10.526315789473683,-0.0706493581082685,0.0704363723870284
237,Fentanyl,strong,19,26.31578947368421,10.526315789473683,-0.1135817353402551,0.113889572243734
237,MP,weak,19,31.57894736842105,10.526315789473683,-0.1049233218375642,0.1055544348762352
237,Methadone,intermediate,19,36.84210526315789,0.0,-0.1023794128819081,0.1022561647143245
237,Morphine,strong,19,31.57894736842105,15.789473684210526,-0.0938133962225504,0.0942030687789831
237,Nalbuphine,weak,19,10.526315789473683,5.263157894736842,-0.0914849125378854,0.0917461636140948
237,Naloxone,antagonist,19,0.0,21.052631578947366,-0.0882344129122834,0.0883395316717978
237,Naltrexone,antagonist,19,36.84210526315789,5.263157894736842,-0.0848397486446551,0.0850472018991877
237,PZM21,intermediate,19,21.052631578947366,15.789473684210526,-0.0925623982587858,0.0922349360906992
237,SR17018,strong,19,21.052631578947366,15.789473684210526,-0.0922056472818427,0.0924902322950269
237,TRV130,intermediate,19,42.10526315789473,5.263157894736842,-0.0861408612108664,0.0859939440757425
238,Buprenorphine,weak,19,42.10526315789473,5.263157894736842,-0.1113609576752473,0.11109641308379
238,Butorphanol,weak,19,57.89473684210527,5.263157894736842,-0.0801191611184618,0.0800647966675614
238,C6guano,strong,19,63.1578947368421,0.0,-0.0947407086689432,0.0946580524027358
238,Carfentanil,strong,19,26.31578947368421,21.052631578947366,-0.073569523017839,0.0734593326602058
238,DAMGO,strong,19,68.42105263157895,5.263157894736842,-0.0706493581082685,0.0704363723870284
238,Fentanyl,strong,19,42.10526315789473,5.263157894736842,-0.1135817353402551,0.113889572243734
238,MP,weak,19,68.42105263157895,5.263157894736842,-0.1049233218375642,0.1055544348762352
238,Methadone,intermediate,19,100.0,0.0,-0.1023794128819081,0.1022561647143245
238,Morphine,strong,19,36.84210526315789,0.0,-0.0938133962225504,0.0942030687789831
238,Nalbuphine,weak,19,42.10526315789473,0.0,-0.0914849125378854,0.0917461636140948
238,Naloxone,antagonist,19,5.263157894736842,5.263157894736842,-0.0882344129122834,0.0883395316717978
238,Naltrexone,antagonist,19,10.526315789473683,0.0,-0.0848397486446551,0.0850472018991877
238,PZM21,intermediate,19,68.42105263157895,5.263157894736842,-0.0925623982587858,0.0922349360906992
238,SR17018,strong,19,52.63157894736842,0.0,-0.0922056472818427,0.0924902322950269
238,TRV130,intermediate,19,52.63157894736842,0.0,-0.0861408612108664,0.0859939440757425
239,Buprenorphine,weak,19,10.526315789473683,0.0,-0.1113609576752473,0.11109641308379
239,Butorphanol,weak,19,36.84210526315789,5.263157894736842,-0.0801191611184618,0.0800647966675614
239,C6guano,strong,19,57.89473684210527,5.263157894736842,-0.0947407086689432,0.0946580524027358
239,Carfentanil,strong,19,26.31578947368421,0.0,-0.073569523017839,0.0734593326602058
239,DAMGO,strong,19,42.10526315789473,5.263157894736842,-0.0706493581082685,0.0704363723870284
239,Fentanyl,strong,19,42.10526315789473,5.263157894736842,-0.1135817353402551,0.113889572243734
239,MP,weak,19,36.84210526315789,10.526315789473683,-0.1049233218375642,0.1055544348762352
239,Methadone,intermediate,19,78.94736842105263,0.0,-0.1023794128819081,0.1022561647143245
239,Morphine,strong,19,47.368421052631575,0.0,-0.0938133962225504,0.0942030687789831
239,Nalbuphine,weak,19,26.31578947368421,5.263157894736842,-0.0914849125378854,0.0917461636140948
239,Naloxone,antagonist,19,21.052631578947366,0.0,-0.0882344129122834,0.0883395316717978
239,Naltrexone,antagonist,19,21.052631578947366,26.31578947368421,-0.0848397486446551,0.0850472018991877
239,PZM21,intermediate,19,42.10526315789473,5.263157894736842,-0.0925623982587858,0.0922349360906992
239,SR17018,strong,19,57.89473684210527,5.263157894736842,-0.0922056472818427,0.0924902322950269
239,TRV130,intermediate,19,42.10526315789473,5.263157894736842,-0.0861408612108664,0.0859939440757425
240,Buprenorphine,weak,19,36.84210526315789,0.0,-0.1113609576752473,0.11109641308379
240,Butorphanol,weak,19,36.84210526315789,0.0,-0.0801191611184618,0.0800647966675614
240,C6guano,strong,19,52.63157894736842,0.0,-0.0947407086689432,0.0946580524027358
240,Carfentanil,strong,19,57.89473684210527,5.263157894736842,-0.073569523017839,0.0734593326602058
240,DAMGO,strong,19,47.368421052631575,0.0,-0.0706493581082685,0.0704363723870284
240,Fentanyl,strong,19,42.10526315789473,0.0,-0.1135817353402551,0.113889572243734
240,MP,weak,19,36.84210526315789,5.263157894736842,-0.1049233218375642,0.1055544348762352
240,Methadone,intermediate,19,42.10526315789473,15.789473684210526,-0.1023794128819081,0.1022561647143245
240,Morphine,strong,19,21.052631578947366,5.263157894736842,-0.0938133962225504,0.0942030687789831
240,Nalbuphine,weak,19,42.10526315789473,0.0,-0.0914849125378854,0.0917461636140948
240,Naloxone,antagonist,19,63.1578947368421,0.0,-0.0882344129122834,0.0883395316717978
240,Naltrexone,antagonist,19,31.57894736842105,5.263157894736842,-0.0848397486446551,0.0850472018991877
240,PZM21,intermediate,19,36.84210526315789,5.263157894736842,-0.0925623982587858,0.0922349360906992
240,SR17018,strong,19,63.1578947368421,0.0,-0.0922056472818427,0.0924902322950269
240,TRV130,intermediate,19,42.10526315789473,5.263157894736842,-0.0861408612108664,0.0859939440757425
241,Buprenorphine,weak,19,5.263157894736842,0.0,-0.1113609576752473,0.11109641308379
241,Butorphanol,weak,19,47.368421052631575,5.263157894736842,-0.0801191611184618,0.0800647966675614
241,C6guano,strong,19,63.1578947368421,5.263157894736842,-0.0947407086689432,0.0946580524027358
241,Carfentanil,strong,19,47.368421052631575,0.0,-0.073569523017839,0.0734593326602058
241,DAMGO,strong,19,68.42105263157895,0.0,-0.0706493581082685,0.0704363723870284
241,Fentanyl,strong,19,63.1578947368421,0.0,-0.1135817353402551,0.113889572243734
241,MP,weak,19,36.84210526315789,0.0,-0.1049233218375642,0.1055544348762352
241,Methadone,intermediate,19,57.89473684210527,0.0,-0.1023794128819081,0.1022561647143245
241,Morphine,strong,19,68.42105263157895,0.0,-0.0938133962225504,0.0942030687789831
241,Nalbuphine,weak,19,36.84210526315789,5.263157894736842,-0.0914849125378854,0.0917461636140948
241,Naloxone,antagonist,19,15.789473684210526,10.526315789473683,-0.0882344129122834,0.0883395316717978
241,Naltrexone,antagonist,19,36.84210526315789,5.263157894736842,-0.0848397486446551,0.0850472018991877
241,PZM21,intermediate,19,84.21052631578947,0.0,-0.0925623982587858,0.0922349360906992
241,SR17018,strong,19,68.42105263157895,5.263157894736842,-0.0922056472818427,0.0924902322950269
241,TRV130,intermediate,19,57.89473684210527,10.526315789473683,-0.0861408612108664,0.0859939440757425
242,Buprenorphine,weak,19,26.31578947368421,0.0,-0.1113609576752473,0.11109641308379
242,Butorphanol,weak,19,57.89473684210527,0.0,-0.0801191611184618,0.0800647966675614
242,C6guano,strong,19,42.10526315789473,21.052631578947366,-0.0947407086689432,0.0946580524027358
242,Carfentanil,strong,19,63.1578947368421,0.0,-0.073569523017839,0.0734593326602058
242,DAMGO,strong,19,68.42105263157895,5.263157894736842,-0.0706493581082685,0.0704363723870284
242,Fentanyl,strong,19,47.368421052631575,5.263157894736842,-0.1135817353402551,0.113889572243734
242,MP,weak,19,15.789473684210526,10.526315789473683,-0.1049233218375642,0.1055544348762352
242,Methadone,intermediate,19,68.42105263157895,0.0,-0.1023794128819081,0.1022561647143245
242,Morphine,strong,19,63.1578947368421,0.0,-0.0938133962225504,0.0942030687789831
242,Nalbuphine,weak,19,26.31578947368421,0.0,-0.0914849125378854,0.0917461636140948
242,Naloxone,antagonist,19,0.0,42.10526315789473,-0.0882344129122834,0.0883395316717978
242,Naltrexone,antagonist,19,10.526315789473683,26.31578947368421,-0.0848397486446551,0.0850472018991877
242,PZM21,intermediate,19,63.1578947368421,5.263157894736842,-0.0925623982587858,0.0922349360906992
242,SR17018,strong,19,52.63157894736842,15.789473684210526,-0.0922056472818427,0.0924902322950269
242,TRV130,intermediate,19,47.368421052631575,5.263157894736842,-0.0861408612108664,0.0859939440757425
243,Buprenorphine,weak,19,26.31578947368421,5.263157894736842,-0.1113609576752473,0.11109641308379
243,Butorphanol,weak,19,36.84210526315789,15.789473684210526,-0.0801191611184618,0.0800647966675614
243,C6guano,strong,19,78.94736842105263,0.0,-0.0947407086689432,0.0946580524027358
243,Carfentanil,strong,19,42.10526315789473,26.31578947368421,-0.073569523017839,0.0734593326602058
243,DAMGO,strong,19,52.63157894736842,10.526315789473683,-0.0706493581082685,0.0704363723870284
243,Fentanyl,strong,19,63.1578947368421,0.0,-0.1135817353402551,0.113889572243734
243,MP,weak,19,26.31578947368421,10.526315789473683,-0.1049233218375642,0.1055544348762352
243,Methadone,intermediate,19,63.1578947368421,5.263157894736842,-0.1023794128819081,0.1022561647143245
243,Morphine,strong,19,68.42105263157895,0.0,-0.0938133962225504,0.0942030687789831
243,Nalbuphine,weak,19,36.84210526315789,10.526315789473683,-0.0914849125378854,0.0917461636140948
243,Naloxone,antagonist,19,10.526315789473683,0.0,-0.0882344129122834,0.0883395316717978
243,Naltrexone,antagonist,19,42.10526315789473,15.789473684210526,-0.0848397486446551,0.0850472018991877
243,PZM21,intermediate,19,84.21052631578947,0.0,-0.0925623982587858,0.0922349360906992
243,SR17018,strong,19,73.68421052631578,0.0,-0.0922056472818427,0.0924902322950269
243,TRV130,intermediate,19,78.94736842105263,5.263157894736842,-0.0861408612108664,0.0859939440757425
244,Buprenorphine,weak,19,31.57894736842105,15.789473684210526,-0.1113609576752473,0.11109641308379
244,Butorphanol,weak,19,57.89473684210527,5.263157894736842,-0.0801191611184618,0.0800647966675614
244,C6guano,strong,19,47.368421052631575,21.052631578947366,-0.0947407086689432,0.0946580524027358
244,Carfentanil,strong,19,42.10526315789473,5.263157894736842,-0.073569523017839,0.0734593326602058
244,DAMGO,strong,19,63.1578947368421,15.789473684210526,-0.0706493581082685,0.0704363723870284
244,Fentanyl,strong,19,36.84210526315789,10.526315789473683,-0.1135817353402551,0.113889572243734
244,MP,weak,19,63.1578947368421,5.263157894736842,-0.1049233218375642,0.1055544348762352
244,Methadone,intermediate,19,57.89473684210527,0.0,-0.1023794128819081,0.1022561647143245
244,Morphine,strong,19,31.57894736842105,5.263157894736842,-0.0938133962225504,0.0942030687789831
244,Nalbuphine,weak,19,52.63157894736842,5.263157894736842,-0.0914849125378854,0.0917461636140948
244,Naloxone,antagonist,19,26.31578947368421,26.31578947368421,-0.0882344129122834,0.0883395316717978
244,Naltrexone,antagonist,19,42.10526315789473,21.052631578947366,-0.0848397486446551,0.0850472018991877
244,PZM21,intermediate,19,52.63157894736842,5.263157894736842,-0.0925623982587858,0.0922349360906992
244,SR17018,strong,19,57.89473684210527,15.789473684210526,-0.0922056472818427,0.0924902322950269
244,TRV130,intermediate,19,47.368421052631575,5.263157894736842,-0.0861408612108664,0.0859939440757425
245,Buprenorphine,weak,19,15.789473684210526,5.263157894736842,-0.1113609576752473,0.11109641308379
245,Butorphanol,weak,19,63.1578947368421,5.263157894736842,-0.0801191611184618,0.0800647966675614
245,C6guano,strong,19,47.368421052631575,15.789473684210526,-0.0947407086689432,0.0946580524027358
245,Carfentanil,strong,19,26.31578947368421,31.57894736842105,-0.073569523017839,0.0734593326602058
245,DAMGO,strong,19,47.368421052631575,26.31578947368421,-0.0706493581082685,0.0704363723870284
245,Fentanyl,strong,19,52.63157894736842,10.526315789473683,-0.1135817353402551,0.113889572243734
245,MP,weak,19,26.31578947368421,10.526315789473683,-0.1049233218375642,0.1055544348762352
245,Methadone,intermediate,19,63.1578947368421,5.263157894736842,-0.1023794128819081,0.1022561647143245
245,Morphine,strong,19,42.10526315789473,21.052631578947366,-0.0938133962225504,0.0942030687789831
245,Nalbuphine,weak,19,52.63157894736842,0.0,-0.0914849125378854,0.0917461636140948
245,Naloxone,antagonist,19,26.31578947368421,15.789473684210526,-0.0882344129122834,0.0883395316717978
245,Naltrexone,antagonist,19,42.10526315789473,0.0,-0.0848397486446551,0.0850472018991877
245,PZM21,intermediate,19,47.368421052631575,10.526315789473683,-0.0925623982587858,0.0922349360906992
245,SR17018,strong,19,47.368421052631575,36.84210526315789,-0.0922056472818427,0.0924902322950269
245,TRV130,intermediate,19,31.57894736842105,26.31578947368421,-0.0861408612108664,0.0859939440757425
246,Buprenorphine,weak,19,52.63157894736842,0.0,-0.1113609576752473,0.11109641308379
246,Butorphanol,weak,19,89.47368421052632,0.0,-0.0801191611184618,0.0800647966675614
246,C6guano,strong,19,94.73684210526316,0.0,-0.0947407086689432,0.0946580524027358
246,Carfentanil,strong,19,84.21052631578947,0.0,-0.073569523017839,0.0734593326602058
246,DAMGO,strong,19,84.21052631578947,0.0,-0.0706493581082685,0.0704363723870284
246,Fentanyl,strong,19,94.73684210526316,0.0,-0.1135817353402551,0.113889572243734
246,MP,weak,19,73.68421052631578,0.0,-0.1049233218375642,0.1055544348762352
246,Methadone,intermediate,19,100.0,0.0,-0.1023794128819081,0.1022561647143245
246,Morphine,strong,19,100.0,0.0,-0.0938133962225504,0.0942030687789831
246,Nalbuphine,weak,19,78.94736842105263,0.0,-0.0914849125378854,0.0917461636140948
246,Naloxone,antagonist,19,26.31578947368421,21.052631578947366,-0.0882344129122834,0.0883395316717978
246,Naltrexone,antagonist,19,68.42105263157895,5.263157894736842,-0.0848397486446551,0.0850472018991877
246,PZM21,intermediate,19,100.0,0.0,-0.0925623982587858,0.0922349360906992
246,SR17018,strong,19,100.0,0.0,-0.0922056472818427,0.0924902322950269
246,TRV130,intermediate,19,100.0,0.0,-0.0861408612108664,0.0859939440757425
247,Buprenorphine,weak,19,42.10526315789473,5.263157894736842,-0.1113609576752473,0.11109641308379
247,Butorphanol,weak,19,47.368421052631575,10.526315789473683,-0.0801191611184618,0.0800647966675614
247,C6guano,strong,19,57.89473684210527,0.0,-0.0947407086689432,0.0946580524027358
247,Carfentanil,strong,19,47.368421052631575,21.052631578947366,-0.073569523017839,0.0734593326602058
247,DAMGO,strong,19,52.63157894736842,15.789473684210526,-0.0706493581082685,0.0704363723870284
247,Fentanyl,strong,19,31.57894736842105,0.0,-0.1135817353402551,0.113889572243734
247,MP,weak,19,26.31578947368421,5.263157894736842,-0.1049233218375642,0.1055544348762352
247,Methadone,intermediate,19,36.84210526315789,15.789473684210526,-0.1023794128819081,0.1022561647143245
247,Morphine,strong,19,47.368421052631575,5.263157894736842,-0.0938133962225504,0.0942030687789831
247,Nalbuphine,weak,19,52.63157894736842,10.526315789473683,-0.0914849125378854,0.0917461636140948
247,Naloxone,antagonist,19,10.526315789473683,0.0,-0.0882344129122834,0.0883395316717978
247,Naltrexone,antagonist,19,31.57894736842105,5.263157894736842,-0.0848397486446551,0.0850472018991877
247,PZM21,intermediate,19,36.84210526315789,10.526315789473683,-0.0925623982587858,0.0922349360906992
247,SR17018,strong,19,31.57894736842105,10.526315789473683,-0.0922056472818427,0.0924902322950269
247,TRV130,intermediate,19,52.63157894736842,5.263157894736842,-0.0861408612108664,0.0859939440757425
248,Buprenorphine,weak,19,31.57894736842105,0.0,-0.1113609576752473,0.11109641308379
248,Butorphanol,weak,19,57.89473684210527,5.263157894736842,-0.0801191611184618,0.0800647966675614
248,C6guano,strong,19,57.89473684210527,5.263157894736842,-0.0947407086689432,0.0946580524027358
248,Carfentanil,strong,19,57.89473684210527,0.0,-0.073569523017839,0.0734593326602058
248,DAMGO,strong,19,63.1578947368421,5.263157894736842,-0.0706493581082685,0.0704363723870284
248,Fentanyl,strong,19,31.57894736842105,10.526315789473683,-0.1135817353402551,0.113889572243734
248,MP,weak,19,21.052631578947366,10.526315789473683,-0.1049233218375642,0.1055544348762352
248,Methadone,intermediate,19,47.368421052631575,0.0,-0.1023794128819081,0.1022561647143245
248,Morphine,strong,19,47.368421052631575,0.0,-0.0938133962225504,0.0942030687789831
248,Nalbuphine,weak,19,47.368421052631575,0.0,-0.0914849125378854,0.0917461636140948
248,Naloxone,antagonist,19,26.31578947368421,5.263157894736842,-0.0882344129122834,0.0883395316717978
248,Naltrexone,antagonist,19,26.31578947368421,5.263157894736842,-0.0848397486446551,0.0850472018991877
248,PZM21,intermediate,19,73.68421052631578,0.0,-0.0925623982587858,0.0922349360906992
248,SR17018,strong,19,68.42105263157895,5.263157894736842,-0.0922056472818427,0.0924902322950269
248,TRV130,intermediate,19,47.368421052631575,5.263157894736842,-0.0861408612108664,0.0859939440757425
249,Buprenorphine,weak,19,42.10526315789473,0.0,-0.1113609576752473,0.11109641308379
249,Butorphanol,weak,19,68.42105263157895,5.263157894736842,-0.0801191611184618,0.0800647966675614
249,C6guano,strong,19,68.42105263157895,5.263157894736842,-0.0947407086689432,0.0946580524027358
249,Carfentanil,strong,19,47.368421052631575,10.526315789473683,-0.073569523017839,0.0734593326602058
249,DAMGO,strong,19,57.89473684210527,0.0,-0.0706493581082685,0.0704363723870284
249,Fentanyl,strong,19,42.10526315789473,5.263157894736842,-0.1135817353402551,0.113889572243734
249,MP,weak,19,57.89473684210527,0.0,-0.1049233218375642,0.1055544348762352
249,Methadone,intermediate,19,78.94736842105263,0.0,-0.1023794128819081,0.1022561647143245
249,Morphine,strong,19,68.42105263157895,5.263157894736842,-0.0938133962225504,0.0942030687789831
249,Nalbuphine,weak,19,47.368421052631575,5.263157894736842,-0.0914849125378854,0.0917461636140948
249,Naloxone,antagonist,19,21.052631578947366,15.789473684210526,-0.0882344129122834,0.0883395316717978
249,Naltrexone,antagonist,19,52.63157894736842,0.0,-0.0848397486446551,0.0850472018991877
249,PZM21,intermediate,19,73.68421052631578,0.0,-0.0925623982587858,0.0922349360906992
249,SR17018,strong,19,52.63157894736842,0.0,-0.0922056472818427,0.0924902322950269
249,TRV130,intermediate,19,73.68421052631578,0.0,-0.0861408612108664,0.0859939440757425
250,Buprenorphine,weak,19,21.052631578947366,10.526315789473683,-0.1113609576752473,0.11109641308379
250,Butorphanol,weak,19,47.368421052631575,0.0,-0.0801191611184618,0.0800647966675614
250,C6guano,strong,19,63.1578947368421,10.526315789473683,-0.0947407086689432,0.0946580524027358
250,Carfentanil,strong,19,84.21052631578947,0.0,-0.073569523017839,0.0734593326602058
250,DAMGO,strong,19,68.42105263157895,5.263157894736842,-0.0706493581082685,0.0704363723870284
250,Fentanyl,strong,19,52.63157894736842,5.263157894736842,-0.1135817353402551,0.113889572243734
250,MP,weak,19,21.052631578947366,5.263157894736842,-0.1049233218375642,0.1055544348762352
250,Methadone,intermediate,19,63.1578947368421,5.263157894736842,-0.1023794128819081,0.1022561647143245
250,Morphine,strong,19,78.94736842105263,5.263157894736842,-0.0938133962225504,0.0942030687789831
250,Nalbuphine,weak,19,31.57894736842105,5.263157894736842,-0.0914849125378854,0.0917461636140948
250,Naloxone,antagonist,19,26.31578947368421,26.31578947368421,-0.0882344129122834,0.0883395316717978
250,Naltrexone,antagonist,19,31.57894736842105,5.263157894736842,-0.0848397486446551,0.0850472018991877
250,PZM21,intermediate,19,68.42105263157895,0.0,-0.0925623982587858,0.0922349360906992
250,SR17018,strong,19,73.68421052631578,5.263157894736842,-0.0922056472818427,0.0924902322950269
250,TRV130,intermediate,19,47.368421052631575,21.052631578947366,-0.0861408612108664,0.0859939440757425
251,Buprenorphine,weak,19,36.84210526315789,0.0,-0.1113609576752473,0.11109641308379
251,Butorphanol,weak,19,63.1578947368421,0.0,-0.0801191611184618,0.0800647966675614
251,C6guano,strong,19,68.42105263157895,5.263157894736842,-0.0947407086689432,0.0946580524027358
251,Carfentanil,strong,19,68.42105263157895,0.0,-0.073569523017839,0.0734593326602058
251,DAMGO,strong,19,52.63157894736842,5.263157894736842,-0.0706493581082685,0.0704363723870284
251,Fentanyl,strong,19,42.10526315789473,5.263157894736842,-0.1135817353402551,0.113889572243734
251,MP,weak,19,57.89473684210527,0.0,-0.1049233218375642,0.1055544348762352
251,Methadone,intermediate,19,52.63157894736842,5.263157894736842,-0.1023794128819081,0.1022561647143245
251,Morphine,strong,19,63.1578947368421,0.0,-0.0938133962225504,0.0942030687789831
251,Nalbuphine,weak,19,57.89473684210527,0.0,-0.0914849125378854,0.0917461636140948
251,Naloxone,antagonist,19,21.052631578947366,10.526315789473683,-0.0882344129122834,0.0883395316717978
251,Naltrexone,antagonist,19,52.63157894736842,0.0,-0.0848397486446551,0.0850472018991877
251,PZM21,intermediate,19,57.89473684210527,0.0,-0.0925623982587858,0.0922349360906992
251,SR17018,strong,19,26.31578947368421,5.263157894736842,-0.0922056472818427,0.0924902322950269
251,TRV130,intermediate,19,63.1578947368421,0.0,-0.0861408612108664,0.0859939440757425
252,Buprenorphine,weak,19,15.789473684210526,21.052631578947366,-0.1113609576752473,0.11109641308379
252,Butorphanol,weak,19,42.10526315789473,15.789473684210526,-0.0801191611184618,0.0800647966675614
252,C6guano,strong,19,31.57894736842105,10.526315789473683,-0.0947407086689432,0.0946580524027358
252,Carfentanil,strong,19,57.89473684210527,0.0,-0.073569523017839,0.0734593326602058
252,DAMGO,strong,19,31.57894736842105,0.0,-0.0706493581082685,0.0704363723870284
252,Fentanyl,strong,19,31.57894736842105,15.789473684210526,-0.1135817353402551,0.113889572243734
252,MP,weak,19,5.263157894736842,5.263157894736842,-0.1049233218375642,0.1055544348762352
252,Methadone,intermediate,19,26.31578947368421,10.526315789473683,-0.1023794128819081,0.1022561647143245
252,Morphine,strong,19,15.789473684210526,5.263157894736842,-0.0938133962225504,0.0942030687789831
252,Nalbuphine,weak,19,15.789473684210526,0.0,-0.0914849125378854,0.0917461636140948
252,Naloxone,antagonist,19,21.052631578947366,10.526315789473683,-0.0882344129122834,0.0883395316717978
252,Naltrexone,antagonist,19,26.31578947368421,5.263157894736842,-0.0848397486446551,0.0850472018991877
252,PZM21,intermediate,19,57.89473684210527,0.0,-0.0925623982587858,0.0922349360906992
252,SR17018,strong,19,31.57894736842105,5.263157894736842,-0.0922056472818427,0.0924902322950269
252,TRV130,intermediate,19,42.10526315789473,0.0,-0.0861408612108664,0.0859939440757425
253,Buprenorphine,weak,19,26.31578947368421,0.0,-0.1113609576752473,0.11109641308379
253,Butorphanol,weak,19,68.42105263157895,0.0,-0.0801191611184618,0.0800647966675614
253,C6guano,strong,19,94.73684210526316,0.0,-0.0947407086689432,0.0946580524027358
253,Carfentanil,strong,19,52.63157894736842,15.789473684210526,-0.073569523017839,0.0734593326602058
253,DAMGO,strong,19,68.42105263157895,10.526315789473683,-0.0706493581082685,0.0704363723870284
253,Fentanyl,strong,19,36.84210526315789,5.263157894736842,-0.1135817353402551,0.113889572243734
253,MP,weak,19,52.63157894736842,5.263157894736842,-0.1049233218375642,0.1055544348762352
253,Methadone,intermediate,19,78.94736842105263,0.0,-0.1023794128819081,0.1022561647143245
253,Morphine,strong,19,78.94736842105263,0.0,-0.0938133962225504,0.0942030687789831
253,Nalbuphine,weak,19,42.10526315789473,0.0,-0.0914849125378854,0.0917461636140948
253,Naloxone,antagonist,19,10.526315789473683,5.263157894736842,-0.0882344129122834,0.0883395316717978
253,Naltrexone,antagonist,19,78.94736842105263,0.0,-0.0848397486446551,0.0850472018991877
253,PZM21,intermediate,19,84.21052631578947,0.0,-0.0925623982587858,0.0922349360906992
253,SR17018,strong,19,73.68421052631578,5.263157894736842,-0.0922056472818427,0.0924902322950269
253,TRV130,intermediate,19,78.94736842105263,0.0,-0.0861408612108664,0.0859939440757425
254,Buprenorphine,weak,19,73.68421052631578,0.0,-0.1113609576752473,0.11109641308379
254,Butorphanol,weak,19,89.47368421052632,0.0,-0.0801191611184618,0.0800647966675614
254,C6guano,strong,19,94.73684210526316,5.263157894736842,-0.0947407086689432,0.0946580524027358
254,Carfentanil,strong,19,84.21052631578947,0.0,-0.073569523017839,0.0734593326602058
254,DAMGO,strong,19,63.1578947368421,0.0,-0.0706493581082685,0.0704363723870284
254,Fentanyl,strong,19,52.63157894736842,0.0,-0.1135817353402551,0.113889572243734
254,MP,weak,19,94.73684210526316,0.0,-0.1049233218375642,0.1055544348762352
254,Methadone,intermediate,19,89.47368421052632,0.0,-0.1023794128819081,0.1022561647143245
254,Morphine,strong,19,89.47368421052632,0.0,-0.0938133962225504,0.0942030687789831
254,Nalbuphine,weak,19,78.94736842105263,0.0,-0.0914849125378854,0.0917461636140948
254,Naloxone,antagonist,19,31.57894736842105,5.263157894736842,-0.0882344129122834,0.0883395316717978
254,Naltrexone,antagonist,19,42.10526315789473,5.263157894736842,-0.0848397486446551,0.0850472018991877
254,PZM21,intermediate,19,100.0,0.0,-0.0925623982587858,0.0922349360906992
254,SR17018,strong,19,73.68421052631578,0.0,-0.0922056472818427,0.0924902322950269
254,TRV130,intermediate,19,89.47368421052632,0.0,-0.0861408612108664,0.0859939440757425
255,Buprenorphine,weak,19,31.57894736842105,5.263157894736842,-0.1113609576752473,0.11109641308379
255,Butorphanol,weak,19,52.63157894736842,0.0,-0.0801191611184618,0.0800647966675614
255,C6guano,strong,19,31.57894736842105,0.0,-0.0947407086689432,0.0946580524027358
255,Carfentanil,strong,19,57.89473684210527,0.0,-0.073569523017839,0.0734593326602058
255,DAMGO,strong,19,36.84210526315789,10.526315789473683,-0.0706493581082685,0.0704363723870284
255,Fentanyl,strong,19,26.31578947368421,0.0,-0.1135817353402551,0.113889572243734
255,MP,weak,19,21.052631578947366,5.263157894736842,-0.1049233218375642,0.1055544348762352
255,Methadone,intermediate,19,36.84210526315789,0.0,-0.1023794128819081,0.1022561647143245
255,Morphine,strong,19,47.368421052631575,10.526315789473683,-0.0938133962225504,0.0942030687789831
255,Nalbuphine,weak,19,42.10526315789473,0.0,-0.0914849125378854,0.0917461636140948
255,Naloxone,antagonist,19,15.789473684210526,0.0,-0.0882344129122834,0.0883395316717978
255,Naltrexone,antagonist,19,57.89473684210527,0.0,-0.0848397486446551,0.0850472018991877
255,PZM21,intermediate,19,26.31578947368421,5.263157894736842,-0.0925623982587858,0.0922349360906992
255,SR17018,strong,19,36.84210526315789,10.526315789473683,-0.0922056472818427,0.0924902322950269
255,TRV130,intermediate,19,26.31578947368421,0.0,-0.0861408612108664,0.0859939440757425
256,Buprenorphine,weak,19,10.526315789473683,0.0,-0.1113609576752473,0.11109641308379
256,Butorphanol,weak,19,47.368421052631575,0.0,-0.0801191611184618,0.0800647966675614
256,C6guano,strong,19,36.84210526315789,0.0,-0.0947407086689432,0.0946580524027358
256,Carfentanil,strong,19,36.84210526315789,15.789473684210526,-0.073569523017839,0.0734593326602058
256,DAMGO,strong,19,31.57894736842105,15.789473684210526,-0.0706493581082685,0.0704363723870284
256,Fentanyl,strong,19,21.052631578947366,10.526315789473683,-0.1135817353402551,0.113889572243734
256,MP,weak,19,21.052631578947366,5.263157894736842,-0.1049233218375642,0.1055544348762352
256,Methadone,intermediate,19,36.84210526315789,5.263157894736842,-0.1023794128819081,0.1022561647143245
256,Morphine,strong,19,73.68421052631578,0.0,-0.0938133962225504,0.0942030687789831
256,Nalbuphine,weak,19,26.31578947368421,15.789473684210526,-0.0914849125378854,0.0917461636140948
256,Naloxone,antagonist,19,5.263157894736842,15.789473684210526,-0.0882344129122834,0.0883395316717978
256,Naltrexone,antagonist,19,26.31578947368421,0.0,-0.0848397486446551,0.0850472018991877
256,PZM21,intermediate,19,57.89473684210527,0.0,-0.0925623982587858,0.0922349360906992
256,SR17018,strong,19,21.052631578947366,5.263157894736842,-0.0922056472818427,0.0924902322950269
256,TRV130,intermediate,19,42.10526315789473,5.263157894736842,-0.0861408612108664,0.0859939440757425
257,Buprenorphine,weak,19,68.42105263157895,0.0,-0.1113609576752473,0.11109641308379
257,Butorphanol,weak,19,100.0,0.0,-0.0801191611184618,0.0800647966675614
257,C6guano,strong,19,94.73684210526316,0.0,-0.0947407086689432,0.0946580524027358
257,Carfentanil,strong,19,94.73684210526316,0.0,-0.073569523017839,0.0734593326602058
257,DAMGO,strong,19,68.42105263157895,5.263157894736842,-0.0706493581082685,0.0704363723870284
257,Fentanyl,strong,19,63.1578947368421,0.0,-0.1135817353402551,0.113889572243734
257,MP,weak,19,78.94736842105263,0.0,-0.1049233218375642,0.1055544348762352
257,Methadone,intermediate,19,94.73684210526316,0.0,-0.1023794128819081,0.1022561647143245
257,Morphine,strong,19,89.47368421052632,0.0,-0.0938133962225504,0.0942030687789831
257,Nalbuphine,weak,19,42.10526315789473,0.0,-0.0914849125378854,0.0917461636140948
257,Naloxone,antagonist,19,31.57894736842105,0.0,-0.0882344129122834,0.0883395316717978
257,Naltrexone,antagonist,19,47.368421052631575,10.526315789473683,-0.0848397486446551,0.0850472018991877
257,PZM21,intermediate,19,100.0,0.0,-0.0925623982587858,0.0922349360906992
257,SR17018,strong,19,68.42105263157895,0.0,-0.0922056472818427,0.0924902322950269
257,TRV130,intermediate,19,100.0,0.0,-0.0861408612108664,0.0859939440757425
258,Buprenorphine,weak,19,68.42105263157895,0.0,-0.1113609576752473,0.11109641308379
258,Butorphanol,weak,19,73.68421052631578,0.0,-0.0801191611184618,0.0800647966675614
258,C6guano,strong,19,57.89473684210527,0.0,-0.0947407086689432,0.0946580524027358
258,Carfentanil,strong,19,31.57894736842105,0.0,-0.073569523017839,0.0734593326602058
258,DAMGO,strong,19,26.31578947368421,5.263157894736842,-0.0706493581082685,0.0704363723870284
258,Fentanyl,strong,19,31.57894736842105,0.0,-0.1135817353402551,0.113889572243734
258,MP,weak,19,57.89473684210527,0.0,-0.1049233218375642,0.1055544348762352
258,Methadone,intermediate,19,84.21052631578947,0.0,-0.1023794128819081,0.1022561647143245
258,Morphine,strong,19,73.68421052631578,0.0,-0.0938133962225504,0.0942030687789831
258,Nalbuphine,weak,19,89.47368421052632,0.0,-0.0914849125378854,0.0917461636140948
258,Naloxone,antagonist,19,57.89473684210527,0.0,-0.0882344129122834,0.0883395316717978
258,Naltrexone,antagonist,19,78.94736842105263,0.0,-0.0848397486446551,0.0850472018991877
258,PZM21,intermediate,19,78.94736842105263,0.0,-0.0925623982587858,0.0922349360906992
258,SR17018,strong,19,26.31578947368421,0.0,-0.0922056472818427,0.0924902322950269
258,TRV130,intermediate,19,73.68421052631578,0.0,-0.0861408612108664,0.0859939440757425
259,Buprenorphine,weak,19,5.263157894736842,0.0,-0.1113609576752473,0.11109641308379
259,Butorphanol,weak,19,10.526315789473683,5.263157894736842,-0.0801191611184618,0.0800647966675614
259,C6guano,strong,19,15.789473684210526,10.526315789473683,-0.0947407086689432,0.0946580524027358
259,Carfentanil,strong,19,5.263157894736842,5.263157894736842,-0.073569523017839,0.0734593326602058
259,DAMGO,strong,19,5.263157894736842,10.526315789473683,-0.0706493581082685,0.0704363723870284
259,Fentanyl,strong,19,0.0,5.263157894736842,-0.1135817353402551,0.113889572243734
259,MP,weak,19,0.0,5.263157894736842,-0.1049233218375642,0.1055544348762352
259,Methadone,intermediate,19,10.526315789473683,5.263157894736842,-0.1023794128819081,0.1022561647143245
259,Morphine,strong,19,0.0,0.0,-0.0938133962225504,0.0942030687789831
259,Nalbuphine,weak,19,5.263157894736842,0.0,-0.0914849125378854,0.0917461636140948
259,Naloxone,antagonist,19,31.57894736842105,0.0,-0.0882344129122834,0.0883395316717978
259,Naltrexone,antagonist,19,10.526315789473683,26.31578947368421,-0.0848397486446551,0.0850472018991877
259,PZM21,intermediate,19,10.526315789473683,21.052631578947366,-0.0925623982587858,0.0922349360906992
259,SR17018,strong,19,0.0,15.789473684210526,-0.0922056472818427,0.0924902322950269
259,TRV130,intermediate,19,5.263157894736842,10.526315789473683,-0.0861408612108664,0.0859939440757425
260,Buprenorphine,weak,19,73.68421052631578,0.0,-0.1113609576752473,0.11109641308379
260,Butorphanol,weak,19,94.73684210526316,0.0,-0.0801191611184618,0.0800647966675614
260,C6guano,strong,19,68.42105263157895,5.263157894736842,-0.0947407086689432,0.0946580524027358
260,Carfentanil,strong,19,73.68421052631578,0.0,-0.073569523017839,0.0734593326602058
260,DAMGO,strong,19,84.21052631578947,5.263157894736842,-0.0706493581082685,0.0704363723870284
260,Fentanyl,strong,19,63.1578947368421,0.0,-0.1135817353402551,0.113889572243734
260,MP,weak,19,73.68421052631578,0.0,-0.1049233218375642,0.1055544348762352
260,Methadone,intermediate,19,78.94736842105263,0.0,-0.1023794128819081,0.1022561647143245
260,Morphine,strong,19,73.68421052631578,0.0,-0.0938133962225504,0.0942030687789831
260,Nalbuphine,weak,19,94.73684210526316,0.0,-0.0914849125378854,0.0917461636140948
260,Naloxone,antagonist,19,42.10526315789473,0.0,-0.0882344129122834,0.0883395316717978
260,Naltrexone,antagonist,19,47.368421052631575,0.0,-0.0848397486446551,0.0850472018991877
260,PZM21,intermediate,19,63.1578947368421,0.0,-0.0925623982587858,0.0922349360906992
260,SR17018,strong,19,89.47368421052632,0.0,-0.0922056472818427,0.0924902322950269
260,TRV130,intermediate,19,73.68421052631578,0.0,-0.0861408612108664,0.0859939440757425
261,Buprenorphine,weak,19,94.73684210526316,0.0,-0.1113609576752473,0.11109641308379
261,Butorphanol,weak,19,94.73684210526316,0.0,-0.0801191611184618,0.0800647966675614
261,C6guano,strong,19,78.94736842105263,0.0,-0.0947407086689432,0.0946580524027358
261,Carfentanil,strong,19,78.94736842105263,0.0,-0.073569523017839,0.0734593326602058
261,DAMGO,strong,19,63.1578947368421,0.0,-0.0706493581082685,0.0704363723870284
261,Fentanyl,strong,19,63.1578947368421,5.263157894736842,-0.1135817353402551,0.113889572243734
261,MP,weak,19,63.1578947368421,0.0,-0.1049233218375642,0.1055544348762352
261,Methadone,intermediate,19,89.47368421052632,0.0,-0.1023794128819081,0.1022561647143245
261,Morphine,strong,19,94.73684210526316,0.0,-0.0938133962225504,0.0942030687789831
261,Nalbuphine,weak,19,100.0,0.0,-0.0914849125378854,0.0917461636140948
261,Naloxone,antagonist,19,31.57894736842105,0.0,-0.0882344129122834,0.0883395316717978
261,Naltrexone,antagonist,19,42.10526315789473,0.0,-0.0848397486446551,0.0850472018991877
261,PZM21,intermediate,19,94.73684210526316,0.0,-0.0925623982587858,0.0922349360906992
261,SR17018,strong,19,84.21052631578947,0.0,-0.0922056472818427,0.0924902322950269
261,TRV130,intermediate,19,84.21052631578947,5.263157894736842,-0.0861408612108664,0.0859939440757425
262,Buprenorphine,weak,19,52.63157894736842,0.0,-0.1113609576752473,0.11109641308379
262,Butorphanol,weak,19,52.63157894736842,5.263157894736842,-0.0801191611184618,0.0800647966675614
262,C6guano,strong,19,63.1578947368421,0.0,-0.0947407086689432,0.0946580524027358
262,Carfentanil,strong,19,36.84210526315789,21.052631578947366,-0.073569523017839,0.0734593326602058
262,DAMGO,strong,19,52.63157894736842,0.0,-0.0706493581082685,0.0704363723870284
262,Fentanyl,strong,19,42.10526315789473,0.0,-0.1135817353402551,0.113889572243734
262,MP,weak,19,26.31578947368421,5.263157894736842,-0.1049233218375642,0.1055544348762352
262,Methadone,intermediate,19,68.42105263157895,5.263157894736842,-0.1023794128819081,0.1022561647143245
262,Morphine,strong,19,63.1578947368421,0.0,-0.0938133962225504,0.0942030687789831
262,Nalbuphine,weak,19,63.1578947368421,0.0,-0.0914849125378854,0.0917461636140948
262,Naloxone,antagonist,19,21.052631578947366,0.0,-0.0882344129122834,0.0883395316717978
262,Naltrexone,antagonist,19,36.84210526315789,10.526315789473683,-0.0848397486446551,0.0850472018991877
262,PZM21,intermediate,19,57.89473684210527,5.263157894736842,-0.0925623982587858,0.0922349360906992
262,SR17018,strong,19,52.63157894736842,5.263157894736842,-0.0922056472818427,0.0924902322950269
262,TRV130,intermediate,19,52.63157894736842,5.263157894736842,-0.0861408612108664,0.0859939440757425
263,Buprenorphine,weak,19,15.789473684210526,5.263157894736842,-0.1113609576752473,0.11109641308379
263,Butorphanol,weak,19,63.1578947368421,0.0,-0.0801191611184618,0.0800647966675614
263,C6guano,strong,19,10.526315789473683,10.526315789473683,-0.0947407086689432,0.0946580524027358
263,Carfentanil,strong,19,10.526315789473683,21.052631578947366,-0.073569523017839,0.0734593326602058
263,DAMGO,strong,19,36.84210526315789,0.0,-0.0706493581082685,0.0704363723870284
263,Fentanyl,strong,19,0.0,5.263157894736842,-0.1135817353402551,0.113889572243734
263,MP,weak,19,10.526315789473683,10.526315789473683,-0.1049233218375642,0.1055544348762352
263,Methadone,intermediate,19,21.052631578947366,5.263157894736842,-0.1023794128819081,0.1022561647143245
263,Morphine,strong,19,26.31578947368421,0.0,-0.0938133962225504,0.0942030687789831
263,Nalbuphine,weak,19,31.57894736842105,0.0,-0.0914849125378854,0.0917461636140948
263,Naloxone,antagonist,19,26.31578947368421,10.526315789473683,-0.0882344129122834,0.0883395316717978
263,Naltrexone,antagonist,19,5.263157894736842,21.052631578947366,-0.0848397486446551,0.0850472018991877
263,PZM21,intermediate,19,5.263157894736842,5.263157894736842,-0.0925623982587858,0.0922349360906992
263,SR17018,strong,19,47.368421052631575,0.0,-0.0922056472818427,0.0924902322950269
263,TRV130,intermediate,19,36.84210526315789,10.526315789473683,-0.0861408612108664,0.0859939440757425
264,Buprenorphine,weak,19,0.0,26.31578947368421,-0.1113609576752473,0.11109641308379
264,Butorphanol,weak,19,31.57894736842105,5.263157894736842,-0.0801191611184618,0.0800647966675614
264,C6guano,strong,19,5.263157894736842,15.789473684210526,-0.0947407086689432,0.0946580524027358
264,Carfentanil,strong,19,10.526315789473683,5.263157894736842,-0.073569523017839,0.0734593326602058
264,DAMGO,strong,19,21.052631578947366,15.789473684210526,-0.0706493581082685,0.0704363723870284
264,Fentanyl,strong,19,5.263157894736842,0.0,-0.1135817353402551,0.113889572243734
264,MP,weak,19,10.526315789473683,0.0,-0.1049233218375642,0.1055544348762352
264,Methadone,intermediate,19,15.789473684210526,5.263157894736842,-0.1023794128819081,0.1022561647143245
264,Morphine,strong,19,5.263157894736842,10.526315789473683,-0.0938133962225504,0.0942030687789831
264,Nalbuphine,weak,19,31.57894736842105,5.263157894736842,-0.0914849125378854,0.0917461636140948
264,Naloxone,antagonist,19,26.31578947368421,5.263157894736842,-0.0882344129122834,0.0883395316717978
264,Naltrexone,antagonist,19,15.789473684210526,0.0,-0.0848397486446551,0.0850472018991877
264,PZM21,intermediate,19,21.052631578947366,15.789473684210526,-0.0925623982587858,0.0922349360906992
264,SR17018,strong,19,0.0,10.526315789473683,-0.0922056472818427,0.0924902322950269
264,TRV130,intermediate,19,15.789473684210526,31.57894736842105,-0.0861408612108664,0.0859939440757425
265,Buprenorphine,weak,19,5.263157894736842,10.526315789473683,-0.1113609576752473,0.11109641308379
265,Butorphanol,weak,19,42.10526315789473,0.0,-0.0801191611184618,0.0800647966675614
265,C6guano,strong,19,15.789473684210526,15.789473684210526,-0.0947407086689432,0.0946580524027358
265,Carfentanil,strong,19,10.526315789473683,0.0,-0.073569523017839,0.0734593326602058
265,DAMGO,strong,19,31.57894736842105,5.263157894736842,-0.0706493581082685,0.0704363723870284
265,Fentanyl,strong,19,15.789473684210526,10.526315789473683,-0.1135817353402551,0.113889572243734
265,MP,weak,19,15.789473684210526,5.263157894736842,-0.1049233218375642,0.1055544348762352
265,Methadone,intermediate,19,10.526315789473683,10.526315789473683,-0.1023794128819081,0.1022561647143245
265,Morphine,strong,19,5.263157894736842,10.526315789473683,-0.0938133962225504,0.0942030687789831
265,Nalbuphine,weak,19,94.73684210526316,0.0,-0.0914849125378854,0.0917461636140948
265,Naloxone,antagonist,19,10.526315789473683,21.052631578947366,-0.0882344129122834,0.0883395316717978
265,Naltrexone,antagonist,19,26.31578947368421,0.0,-0.0848397486446551,0.0850472018991877
265,PZM21,intermediate,19,10.526315789473683,0.0,-0.0925623982587858,0.0922349360906992
265,SR17018,strong,19,26.31578947368421,5.263157894736842,-0.0922056472818427,0.0924902322950269
265,TRV130,intermediate,19,0.0,26.31578947368421,-0.0861408612108664,0.0859939440757425
266,Buprenorphine,weak,19,0.0,15.789473684210526,-0.1113609576752473,0.11109641308379
266,Butorphanol,weak,19,5.263157894736842,10.526315789473683,-0.0801191611184618,0.0800647966675614
266,C6guano,strong,19,0.0,31.57894736842105,-0.0947407086689432,0.0946580524027358
266,Carfentanil,strong,19,5.263157894736842,26.31578947368421,-0.073569523017839,0.0734593326602058
266,DAMGO,strong,19,5.263157894736842,10.526315789473683,-0.0706493581082685,0.0704363723870284
266,Fentanyl,strong,19,0.0,26.31578947368421,-0.1135817353402551,0.113889572243734
266,MP,weak,19,0.0,15.789473684210526,-0.1049233218375642,0.1055544348762352
266,Methadone,intermediate,19,0.0,31.57894736842105,-0.1023794128819081,0.1022561647143245
266,Morphine,strong,19,0.0,21.052631578947366,-0.0938133962225504,0.0942030687789831
266,Nalbuphine,weak,19,21.052631578947366,0.0,-0.0914849125378854,0.0917461636140948
266,Naloxone,antagonist,19,10.526315789473683,15.789473684210526,-0.0882344129122834,0.0883395316717978
266,Naltrexone,antagonist,19,21.052631578947366,15.789473684210526,-0.0848397486446551,0.0850472018991877
266,PZM21,intermediate,19,5.263157894736842,10.526315789473683,-0.0925623982587858,0.0922349360906992
266,SR17018,strong,19,5.263157894736842,15.789473684210526,-0.0922056472818427,0.0924902322950269
266,TRV130,intermediate,19,15.789473684210526,26.31578947368421,-0.0861408612108664,0.0859939440757425
267,Buprenorphine,weak,19,10.526315789473683,0.0,-0.1113609576752473,0.11109641308379
267,Butorphanol,weak,19,26.31578947368421,0.0,-0.0801191611184618,0.0800647966675614
267,C6guano,strong,19,10.526315789473683,5.263157894736842,-0.0947407086689432,0.0946580524027358
267,Carfentanil,strong,19,5.263157894736842,26.31578947368421,-0.073569523017839,0.0734593326602058
267,DAMGO,strong,19,5.263157894736842,10.526315789473683,-0.0706493581082685,0.0704363723870284
267,Fentanyl,strong,19,0.0,0.0,-0.1135817353402551,0.113889572243734
267,MP,weak,19,10.526315789473683,10.526315789473683,-0.1049233218375642,0.1055544348762352
267,Methadone,intermediate,19,5.263157894736842,5.263157894736842,-0.1023794128819081,0.1022561647143245
267,Morphine,strong,19,15.789473684210526,0.0,-0.0938133962225504,0.0942030687789831
267,Nalbuphine,weak,19,36.84210526315789,0.0,-0.0914849125378854,0.0917461636140948
267,Naloxone,antagonist,19,21.052631578947366,10.526315789473683,-0.0882344129122834,0.0883395316717978
267,Naltrexone,antagonist,19,0.0,10.526315789473683,-0.0848397486446551,0.0850472018991877
267,PZM21,intermediate,19,5.263157894736842,15.789473684210526,-0.0925623982587858,0.0922349360906992
267,SR17018,strong,19,5.263157894736842,10.526315789473683,-0.0922056472818427,0.0924902322950269
267,TRV130,intermediate,19,26.31578947368421,21.052631578947366,-0.0861408612108664,0.0859939440757425
268,Buprenorphine,weak,19,26.31578947368421,0.0,-0.1113609576752473,0.11109641308379
268,Butorphanol,weak,19,21.052631578947366,0.0,-0.0801191611184618,0.0800647966675614
268,C6guano,strong,19,5.263157894736842,15.789473684210526,-0.0947407086689432,0.0946580524027358
268,Carfentanil,strong,19,10.526315789473683,21.052631578947366,-0.073569523017839,0.0734593326602058
268,DAMGO,strong,19,21.052631578947366,21.052631578947366,-0.0706493581082685,0.0704363723870284
268,Fentanyl,strong,19,5.263157894736842,5.263157894736842,-0.1135817353402551,0.113889572243734
268,MP,weak,19,15.789473684210526,10.526315789473683,-0.1049233218375642,0.1055544348762352
268,Methadone,intermediate,19,10.526315789473683,5.263157894736842,-0.1023794128819081,0.1022561647143245
268,Morphine,strong,19,0.0,10.526315789473683,-0.0938133962225504,0.0942030687789831
268,Nalbuphine,weak,19,42.10526315789473,0.0,-0.0914849125378854,0.0917461636140948
268,Naloxone,antagonist,19,26.31578947368421,0.0,-0.0882344129122834,0.0883395316717978
268,Naltrexone,antagonist,19,21.052631578947366,5.263157894736842,-0.0848397486446551,0.0850472018991877
268,PZM21,intermediate,19,5.263157894736842,5.263157894736842,-0.0925623982587858,0.0922349360906992
268,SR17018,strong,19,15.789473684210526,21.052631578947366,-0.0922056472818427,0.0924902322950269
268,TRV130,intermediate,19,21.052631578947366,15.789473684210526,-0.0861408612108664,0.0859939440757425
269,Buprenorphine,weak,19,5.263157894736842,0.0,-0.1113609576752473,0.11109641308379
269,Butorphanol,weak,19,36.84210526315789,5.263157894736842,-0.0801191611184618,0.0800647966675614
269,C6guano,strong,19,0.0,47.368421052631575,-0.0947407086689432,0.0946580524027358
269,Carfentanil,strong,19,15.789473684210526,15.789473684210526,-0.073569523017839,0.0734593326602058
269,DAMGO,strong,19,0.0,31.57894736842105,-0.0706493581082685,0.0704363723870284
269,Fentanyl,strong,19,0.0,26.31578947368421,-0.1135817353402551,0.113889572243734
269,MP,weak,19,10.526315789473683,10.526315789473683,-0.1049233218375642,0.1055544348762352
269,Methadone,intermediate,19,5.263157894736842,0.0,-0.1023794128819081,0.1022561647143245
269,Morphine,strong,19,10.526315789473683,31.57894736842105,-0.0938133962225504,0.0942030687789831
269,Nalbuphine,weak,19,36.84210526315789,0.0,-0.0914849125378854,0.0917461636140948
269,Naloxone,antagonist,19,31.57894736842105,0.0,-0.0882344129122834,0.0883395316717978
269,Naltrexone,antagonist,19,15.789473684210526,0.0,-0.0848397486446551,0.0850472018991877
269,PZM21,intermediate,19,5.263157894736842,26.31578947368421,-0.0925623982587858,0.0922349360906992
269,SR17018,strong,19,10.526315789473683,0.0,-0.0922056472818427,0.0924902322950269
269,TRV130,intermediate,19,15.789473684210526,10.526315789473683,-0.0861408612108664,0.0859939440757425
270,Buprenorphine,weak,19,21.052631578947366,0.0,-0.1113609576752473,0.11109641308379
270,Butorphanol,weak,19,63.1578947368421,5.263157894736842,-0.0801191611184618,0.0800647966675614
270,C6guano,strong,19,26.31578947368421,10.526315789473683,-0.0947407086689432,0.0946580524027358
270,Carfentanil,strong,19,26.31578947368421,10.526315789473683,-0.073569523017839,0.0734593326602058
270,DAMGO,strong,19,10.526315789473683,10.526315789473683,-0.0706493581082685,0.0704363723870284
270,Fentanyl,strong,19,5.263157894736842,10.526315789473683,-0.1135817353402551,0.113889572243734
270,MP,weak,19,10.526315789473683,21.052631578947366,-0.1049233218375642,0.1055544348762352
270,Methadone,intermediate,19,42.10526315789473,0.0,-0.1023794128819081,0.1022561647143245
270,Morphine,strong,19,0.0,5.263157894736842,-0.0938133962225504,0.0942030687789831
270,Nalbuphine,weak,19,68.42105263157895,0.0,-0.0914849125378854,0.0917461636140948
270,Naloxone,antagonist,19,10.526315789473683,0.0,-0.0882344129122834,0.0883395316717978
270,Naltrexone,antagonist,19,31.57894736842105,0.0,-0.0848397486446551,0.0850472018991877
270,PZM21,intermediate,19,15.789473684210526,0.0,-0.0925623982587858,0.0922349360906992
270,SR17018,strong,19,10.526315789473683,5.263157894736842,-0.0922056472818427,0.0924902322950269
270,TRV130,intermediate,19,15.789473684210526,5.263157894736842,-0.0861408612108664,0.0859939440757425
271,Buprenorphine,weak,19,5.263157894736842,5.263157894736842,-0.1113609576752473,0.11109641308379
271,Butorphanol,weak,19,15.789473684210526,5.263157894736842,-0.0801191611184618,0.0800647966675614
271,C6guano,strong,19,5.263157894736842,5.263157894736842,-0.0947407086689432,0.0946580524027358
271,Carfentanil,strong,19,0.0,21.052631578947366,-0.073569523017839,0.0734593326602058
271,DAMGO,strong,19,5.263157894736842,15.789473684210526,-0.0706493581082685,0.0704363723870284
271,Fentanyl,strong,19,0.0,15.789473684210526,-0.1135817353402551,0.113889572243734
271,MP,weak,19,5.263157894736842,31.57894736842105,-0.1049233218375642,0.1055544348762352
271,Methadone,intermediate,19,0.0,5.263157894736842,-0.1023794128819081,0.1022561647143245
271,Morphine,strong,19,0.0,5.263157894736842,-0.0938133962225504,0.0942030687789831
271,Nalbuphine,weak,19,52.63157894736842,10.526315789473683,-0.0914849125378854,0.0917461636140948
271,Naloxone,antagonist,19,26.31578947368421,0.0,-0.0882344129122834,0.0883395316717978
271,Naltrexone,antagonist,19,26.31578947368421,0.0,-0.0848397486446551,0.0850472018991877
271,PZM21,intermediate,19,10.526315789473683,5.263157894736842,-0.0925623982587858,0.0922349360906992
271,SR17018,strong,19,0.0,15.789473684210526,-0.0922056472818427,0.0924902322950269
271,TRV130,intermediate,19,15.789473684210526,26.31578947368421,-0.0861408612108664,0.0859939440757425
272,Buprenorphine,weak,19,15.789473684210526,15.789473684210526,-0.1113609576752473,0.11109641308379
272,Butorphanol,weak,19,0.0,15.789473684210526,-0.0801191611184618,0.0800647966675614
272,C6guano,strong,19,10.526315789473683,5.263157894736842,-0.0947407086689432,0.0946580524027358
272,Carfentanil,strong,19,0.0,10.526315789473683,-0.073569523017839,0.0734593326602058
272,DAMGO,strong,19,0.0,10.526315789473683,-0.0706493581082685,0.0704363723870284
272,Fentanyl,strong,19,0.0,15.789473684210526,-0.1135817353402551,0.113889572243734
272,MP,weak,19,5.263157894736842,15.789473684210526,-0.1049233218375642,0.1055544348762352
272,Methadone,intermediate,19,21.052631578947366,10.526315789473683,-0.1023794128819081,0.1022561647143245
272,Morphine,strong,19,10.526315789473683,36.84210526315789,-0.0938133962225504,0.0942030687789831
272,Nalbuphine,weak,19,15.789473684210526,15.789473684210526,-0.0914849125378854,0.0917461636140948
272,Naloxone,antagonist,19,0.0,21.052631578947366,-0.0882344129122834,0.0883395316717978
272,Naltrexone,antagonist,19,5.263157894736842,36.84210526315789,-0.0848397486446551,0.0850472018991877
272,PZM21,intermediate,19,0.0,26.31578947368421,-0.0925623982587858,0.0922349360906992
272,SR17018,strong,19,0.0,21.052631578947366,-0.0922056472818427,0.0924902322950269
272,TRV130,intermediate,19,0.0,26.31578947368421,-0.0861408612108664,0.0859939440757425
273,Buprenorphine,weak,19,42.10526315789473,0.0,-0.1113609576752473,0.11109641308379
273,Butorphanol,weak,19,68.42105263157895,0.0,-0.0801191611184618,0.0800647966675614
273,C6guano,strong,19,36.84210526315789,5.263157894736842,-0.0947407086689432,0.0946580524027358
273,Carfentanil,strong,19,21.052631578947366,5.263157894736842,-0.073569523017839,0.0734593326602058
273,DAMGO,strong,19,52.63157894736842,5.263157894736842,-0.0706493581082685,0.0704363723870284
273,Fentanyl,strong,19,21.052631578947366,0.0,-0.1135817353402551,0.113889572243734
273,MP,weak,19,36.84210526315789,10.526315789473683,-0.1049233218375642,0.1055544348762352
273,Methadone,intermediate,19,42.10526315789473,0.0,-0.1023794128819081,0.1022561647143245
273,Morphine,strong,19,26.31578947368421,0.0,-0.0938133962225504,0.0942030687789831
273,Nalbuphine,weak,19,84.21052631578947,0.0,-0.0914849125378854,0.0917461636140948
273,Naloxone,antagonist,19,26.31578947368421,5.263157894736842,-0.0882344129122834,0.0883395316717978
273,Naltrexone,antagonist,19,47.368421052631575,0.0,-0.0848397486446551,0.0850472018991877
273,PZM21,intermediate,19,26.31578947368421,10.526315789473683,-0.0925623982587858,0.0922349360906992
273,SR17018,strong,19,36.84210526315789,0.0,-0.0922056472818427,0.0924902322950269
273,TRV130,intermediate,19,42.10526315789473,0.0,-0.0861408612108664,0.0859939440757425
274,Buprenorphine,weak,19,0.0,42.10526315789473,-0.1113609576752473,0.11109641308379
274,Butorphanol,weak,19,5.263157894736842,0.0,-0.0801191611184618,0.0800647966675614
274,C6guano,strong,19,5.263157894736842,15.789473684210526,-0.0947407086689432,0.0946580524027358
274,Carfentanil,strong,19,0.0,31.57894736842105,-0.073569523017839,0.0734593326602058
274,DAMGO,strong,19,5.263157894736842,15.789473684210526,-0.0706493581082685,0.0704363723870284
274,Fentanyl,strong,19,0.0,15.789473684210526,-0.1135817353402551,0.113889572243734
274,MP,weak,19,0.0,21.052631578947366,-0.1049233218375642,0.1055544348762352
274,Methadone,intermediate,19,5.263157894736842,10.526315789473683,-0.1023794128819081,0.1022561647143245
274,Morphine,strong,19,0.0,15.789473684210526,-0.0938133962225504,0.0942030687789831
274,Nalbuphine,weak,19,0.0,10.526315789473683,-0.0914849125378854,0.0917461636140948
274,Naloxone,antagonist,19,0.0,57.89473684210527,-0.0882344129122834,0.0883395316717978
274,Naltrexone,antagonist,19,0.0,31.57894736842105,-0.0848397486446551,0.0850472018991877
274,PZM21,intermediate,19,0.0,21.052631578947366,-0.0925623982587858,0.0922349360906992
274,SR17018,strong,19,0.0,10.526315789473683,-0.0922056472818427,0.0924902322950269
274,TRV130,intermediate,19,0.0,5.263157894736842,-0.0861408612108664,0.0859939440757425
275,Buprenorphine,weak,19,10.526315789473683,10.526315789473683,-0.1113609576752473,0.11109641308379
275,Butorphanol,weak,19,47.368421052631575,0.0,-0.0801191611184618,0.0800647966675614
275,C6guano,strong,19,5.263157894736842,0.0,-0.0947407086689432,0.0946580524027358
275,Carfentanil,strong,19,36.84210526315789,5.263157894736842,-0.073569523017839,0.0734593326602058
275,DAMGO,strong,19,5.263157894736842,21.052631578947366,-0.0706493581082685,0.0704363723870284
275,Fentanyl,strong,19,5.263157894736842,15.789473684210526,-0.1135817353402551,0.113889572243734
275,MP,weak,19,10.526315789473683,0.0,-0.1049233218375642,0.1055544348762352
275,Methadone,intermediate,19,21.052631578947366,0.0,-0.1023794128819081,0.1022561647143245
275,Morphine,strong,19,0.0,10.526315789473683,-0.0938133962225504,0.0942030687789831
275,Nalbuphine,weak,19,47.368421052631575,0.0,-0.0914849125378854,0.0917461636140948
275,Naloxone,antagonist,19,31.57894736842105,0.0,-0.0882344129122834,0.0883395316717978
275,Naltrexone,antagonist,19,36.84210526315789,5.263157894736842,-0.0848397486446551,0.0850472018991877
275,PZM21,intermediate,19,5.263157894736842,10.526315789473683,-0.0925623982587858,0.0922349360906992
275,SR17018,strong,19,5.263157894736842,0.0,-0.0922056472818427,0.0924902322950269
275,TRV130,intermediate,19,15.789473684210526,0.0,-0.0861408612108664,0.0859939440757425
276,Buprenorphine,weak,19,0.0,5.263157894736842,-0.1113609576752473,0.11109641308379
276,Butorphanol,weak,19,10.526315789473683,26.31578947368421,-0.0801191611184618,0.0800647966675614
276,C6guano,strong,19,5.263157894736842,15.789473684210526,-0.0947407086689432,0.0946580524027358
276,Carfentanil,strong,19,47.368421052631575,0.0,-0.073569523017839,0.0734593326602058
276,DAMGO,strong,19,21.052631578947366,15.789473684210526,-0.0706493581082685,0.0704363723870284
276,Fentanyl,strong,19,5.263157894736842,0.0,-0.1135817353402551,0.113889572243734
276,MP,weak,19,10.526315789473683,5.263157894736842,-0.1049233218375642,0.1055544348762352
276,Methadone,intermediate,19,0.0,31.57894736842105,-0.1023794128819081,0.1022561647143245
276,Morphine,strong,19,10.526315789473683,15.789473684210526,-0.0938133962225504,0.0942030687789831
276,Nalbuphine,weak,19,15.789473684210526,5.263157894736842,-0.0914849125378854,0.0917461636140948
276,Naloxone,antagonist,19,31.57894736842105,21.052631578947366,-0.0882344129122834,0.0883395316717978
276,Naltrexone,antagonist,19,5.263157894736842,47.368421052631575,-0.0848397486446551,0.0850472018991877
276,PZM21,intermediate,19,0.0,21.052631578947366,-0.0925623982587858,0.0922349360906992
276,SR17018,strong,19,26.31578947368421,5.263157894736842,-0.0922056472818427,0.0924902322950269
276,TRV130,intermediate,19,10.526315789473683,15.789473684210526,-0.0861408612108664,0.0859939440757425
277,Buprenorphine,weak,19,52.63157894736842,0.0,-0.1113609576752473,0.11109641308379
277,Butorphanol,weak,19,47.368421052631575,5.263157894736842,-0.0801191611184618,0.0800647966675614
277,C6guano,strong,19,31.57894736842105,0.0,-0.0947407086689432,0.0946580524027358
277,Carfentanil,strong,19,15.789473684210526,5.263157894736842,-0.073569523017839,0.0734593326602058
277,DAMGO,strong,19,15.789473684210526,5.263157894736842,-0.0706493581082685,0.0704363723870284
277,Fentanyl,strong,19,10.526315789473683,5.263157894736842,-0.1135817353402551,0.113889572243734
277,MP,weak,19,21.052631578947366,0.0,-0.1049233218375642,0.1055544348762352
277,Methadone,intermediate,19,36.84210526315789,0.0,-0.1023794128819081,0.1022561647143245
277,Morphine,strong,19,36.84210526315789,0.0,-0.0938133962225504,0.0942030687789831
277,Nalbuphine,weak,19,63.1578947368421,0.0,-0.0914849125378854,0.0917461636140948
277,Naloxone,antagonist,19,42.10526315789473,10.526315789473683,-0.0882344129122834,0.0883395316717978
277,Naltrexone,antagonist,19,47.368421052631575,10.526315789473683,-0.0848397486446551,0.0850472018991877
277,PZM21,intermediate,19,47.368421052631575,5.263157894736842,-0.0925623982587858,0.0922349360906992
277,SR17018,strong,19,15.789473684210526,0.0,-0.0922056472818427,0.0924902322950269
277,TRV130,intermediate,19,47.368421052631575,10.526315789473683,-0.0861408612108664,0.0859939440757425
278,Buprenorphine,weak,19,73.68421052631578,0.0,-0.1113609576752473,0.11109641308379
278,Butorphanol,weak,19,68.42105263157895,0.0,-0.0801191611184618,0.0800647966675614
278,C6guano,strong,19,42.10526315789473,0.0,-0.0947407086689432,0.0946580524027358
278,Carfentanil,strong,19,26.31578947368421,10.526315789473683,-0.073569523017839,0.0734593326602058
278,DAMGO,strong,19,15.789473684210526,5.263157894736842,-0.0706493581082685,0.0704363723870284
278,Fentanyl,strong,19,5.263157894736842,0.0,-0.1135817353402551,0.113889572243734
278,MP,weak,19,42.10526315789473,0.0,-0.1049233218375642,0.1055544348762352
278,Methadone,intermediate,19,73.68421052631578,0.0,-0.1023794128819081,0.1022561647143245
278,Morphine,strong,19,52.63157894736842,0.0,-0.0938133962225504,0.0942030687789831
278,Nalbuphine,weak,19,78.94736842105263,0.0,-0.0914849125378854,0.0917461636140948
278,Naloxone,antagonist,19,47.368421052631575,0.0,-0.0882344129122834,0.0883395316717978
278,Naltrexone,antagonist,19,63.1578947368421,5.263157894736842,-0.0848397486446551,0.0850472018991877
278,PZM21,intermediate,19,52.63157894736842,0.0,-0.0925623982587858,0.0922349360906992
278,SR17018,strong,19,0.0,0.0,-0.0922056472818427,0.0924902322950269
278,TRV130,intermediate,19,78.94736842105263,0.0,-0.0861408612108664,0.0859939440757425
279,Buprenorphine,weak,19,52.63157894736842,5.263157894736842,-0.1113609576752473,0.11109641308379
279,Butorphanol,weak,19,84.21052631578947,0.0,-0.0801191611184618,0.0800647966675614
279,C6guano,strong,19,57.89473684210527,5.263157894736842,-0.0947407086689432,0.0946580524027358
279,Carfentanil,strong,19,31.57894736842105,5.263157894736842,-0.073569523017839,0.0734593326602058
279,DAMGO,strong,19,15.789473684210526,0.0,-0.0706493581082685,0.0704363723870284
279,Fentanyl,strong,19,15.789473684210526,10.526315789473683,-0.1135817353402551,0.113889572243734
279,MP,weak,19,52.63157894736842,0.0,-0.1049233218375642,0.1055544348762352
279,Methadone,intermediate,19,47.368421052631575,0.0,-0.1023794128819081,0.1022561647143245
279,Morphine,strong,19,15.789473684210526,0.0,-0.0938133962225504,0.0942030687789831
279,Nalbuphine,weak,19,100.0,0.0,-0.0914849125378854,0.0917461636140948
279,Naloxone,antagonist,19,36.84210526315789,0.0,-0.0882344129122834,0.0883395316717978
279,Naltrexone,antagonist,19,63.1578947368421,0.0,-0.0848397486446551,0.0850472018991877
279,PZM21,intermediate,19,47.368421052631575,0.0,-0.0925623982587858,0.0922349360906992
279,SR17018,strong,19,31.57894736842105,0.0,-0.0922056472818427,0.0924902322950269
279,TRV130,intermediate,19,47.368421052631575,10.526315789473683,-0.0861408612108664,0.0859939440757425
280,Buprenorphine,weak,19,100.0,0.0,-0.1113609576752473,0.11109641308379
280,Butorphanol,weak,19,94.73684210526316,0.0,-0.0801191611184618,0.0800647966675614
280,C6guano,strong,19,78.94736842105263,0.0,-0.0947407086689432,0.0946580524027358
280,Carfentanil,strong,19,47.368421052631575,5.263157894736842,-0.073569523017839,0.0734593326602058
280,DAMGO,strong,19,36.84210526315789,10.526315789473683,-0.0706493581082685,0.0704363723870284
280,Fentanyl,strong,19,52.63157894736842,0.0,-0.1135817353402551,0.113889572243734
280,MP,weak,19,94.73684210526316,0.0,-0.1049233218375642,0.1055544348762352
280,Methadone,intermediate,19,68.42105263157895,0.0,-0.1023794128819081,0.1022561647143245
280,Morphine,strong,19,57.89473684210527,0.0,-0.0938133962225504,0.0942030687789831
280,Nalbuphine,weak,19,89.47368421052632,0.0,-0.0914849125378854,0.0917461636140948
280,Naloxone,antagonist,19,42.10526315789473,0.0,-0.0882344129122834,0.0883395316717978
280,Naltrexone,antagonist,19,57.89473684210527,0.0,-0.0848397486446551,0.0850472018991877
280,PZM21,intermediate,19,84.21052631578947,0.0,-0.0925623982587858,0.0922349360906992
280,SR17018,strong,19,47.368421052631575,5.263157894736842,-0.0922056472818427,0.0924902322950269
280,TRV130,intermediate,19,94.73684210526316,0.0,-0.0861408612108664,0.0859939440757425
281,Buprenorphine,weak,19,21.052631578947366,10.526315789473683,-0.1113609576752473,0.11109641308379
281,Butorphanol,weak,19,15.789473684210526,10.526315789473683,-0.0801191611184618,0.0800647966675614
281,C6guano,strong,19,26.31578947368421,10.526315789473683,-0.0947407086689432,0.0946580524027358
281,Carfentanil,strong,19,47.368421052631575,10.526315789473683,-0.073569523017839,0.0734593326602058
281,DAMGO,strong,19,42.10526315789473,5.263157894736842,-0.0706493581082685,0.0704363723870284
281,Fentanyl,strong,19,26.31578947368421,10.526315789473683,-0.1135817353402551,0.113889572243734
281,MP,weak,19,15.789473684210526,10.526315789473683,-0.1049233218375642,0.1055544348762352
281,Methadone,intermediate,19,47.368421052631575,0.0,-0.1023794128819081,0.1022561647143245
281,Morphine,strong,19,36.84210526315789,0.0,-0.0938133962225504,0.0942030687789831
281,Nalbuphine,weak,19,31.57894736842105,0.0,-0.0914849125378854,0.0917461636140948
281,Naloxone,antagonist,19,10.526315789473683,26.31578947368421,-0.0882344129122834,0.0883395316717978
281,Naltrexone,antagonist,19,15.789473684210526,15.789473684210526,-0.0848397486446551,0.0850472018991877
281,PZM21,intermediate,19,10.526315789473683,26.31578947368421,-0.0925623982587858,0.0922349360906992
281,SR17018,strong,19,26.31578947368421,5.263157894736842,-0.0922056472818427,0.0924902322950269
281,TRV130,intermediate,19,15.789473684210526,21.052631578947366,-0.0861408612108664,0.0859939440757425
282,Buprenorphine,weak,19,10.526315789473683,0.0,-0.1113609576752473,0.11109641308379
282,Butorphanol,weak,19,21.052631578947366,15.789473684210526,-0.0801191611184618,0.0800647966675614
282,C6guano,strong,19,10.526315789473683,15.789473684210526,-0.0947407086689432,0.0946580524027358
282,Carfentanil,strong,19,36.84210526315789,5.263157894736842,-0.073569523017839,0.0734593326602058
282,DAMGO,strong,19,21.052631578947366,21.052631578947366,-0.0706493581082685,0.0704363723870284
282,Fentanyl,strong,19,21.052631578947366,10.526315789473683,-0.1135817353402551,0.113889572243734
282,MP,weak,19,5.263157894736842,5.263157894736842,-0.1049233218375642,0.1055544348762352
282,Methadone,intermediate,19,31.57894736842105,5.263157894736842,-0.1023794128819081,0.1022561647143245
282,Morphine,strong,19,36.84210526315789,5.263157894736842,-0.0938133962225504,0.0942030687789831
282,Nalbuphine,weak,19,47.368421052631575,10.526315789473683,-0.0914849125378854,0.0917461636140948
282,Naloxone,antagonist,19,52.63157894736842,0.0,-0.0882344129122834,0.0883395316717978
282,Naltrexone,antagonist,19,31.57894736842105,5.263157894736842,-0.0848397486446551,0.0850472018991877
282,PZM21,intermediate,19,26.31578947368421,10.526315789473683,-0.0925623982587858,0.0922349360906992
282,SR17018,strong,19,31.57894736842105,26.31578947368421,-0.0922056472818427,0.0924902322950269
282,TRV130,intermediate,19,5.263157894736842,36.84210526315789,-0.0861408612108664,0.0859939440757425
283,Buprenorphine,weak,19,5.263157894736842,26.31578947368421,-0.1113609576752473,0.11109641308379
283,Butorphanol,weak,19,15.789473684210526,36.84210526315789,-0.0801191611184618,0.0800647966675614
283,C6guano,strong,19,21.052631578947366,21.052631578947366,-0.0947407086689432,0.0946580524027358
283,Carfentanil,strong,19,36.84210526315789,5.263157894736842,-0.073569523017839,0.0734593326602058
283,DAMGO,strong,19,15.789473684210526,21.052631578947366,-0.0706493581082685,0.0704363723870284
283,Fentanyl,strong,19,26.31578947368421,10.526315789473683,-0.1135817353402551,0.113889572243734
283,MP,weak,19,10.526315789473683,10.526315789473683,-0.1049233218375642,0.1055544348762352
283,Methadone,intermediate,19,15.789473684210526,5.263157894736842,-0.1023794128819081,0.1022561647143245
283,Morphine,strong,19,15.789473684210526,5.263157894736842,-0.0938133962225504,0.0942030687789831
283,Nalbuphine,weak,19,5.263157894736842,10.526315789473683,-0.0914849125378854,0.0917461636140948
283,Naloxone,antagonist,19,0.0,63.1578947368421,-0.0882344129122834,0.0883395316717978
283,Naltrexone,antagonist,19,5.263157894736842,57.89473684210527,-0.0848397486446551,0.0850472018991877
283,PZM21,intermediate,19,15.789473684210526,5.263157894736842,-0.0925623982587858,0.0922349360906992
283,SR17018,strong,19,42.10526315789473,5.263157894736842,-0.0922056472818427,0.0924902322950269
283,TRV130,intermediate,19,26.31578947368421,15.789473684210526,-0.0861408612108664,0.0859939440757425
284,Buprenorphine,weak,19,26.31578947368421,5.263157894736842,-0.1113609576752473,0.11109641308379
284,Butorphanol,weak,19,47.368421052631575,0.0,-0.0801191611184618,0.0800647966675614
284,C6guano,strong,19,42.10526315789473,0.0,-0.0947407086689432,0.0946580524027358
284,Carfentanil,strong,19,57.89473684210527,5.263157894736842,-0.073569523017839,0.0734593326602058
284,DAMGO,strong,19,63.1578947368421,5.263157894736842,-0.0706493581082685,0.0704363723870284
284,Fentanyl,strong,19,31.57894736842105,15.789473684210526,-0.1135817353402551,0.113889572243734
284,MP,weak,19,31.57894736842105,10.526315789473683,-0.1049233218375642,0.1055544348762352
284,Methadone,intermediate,19,42.10526315789473,5.263157894736842,-0.1023794128819081,0.1022561647143245
284,Morphine,strong,19,42.10526315789473,5.263157894736842,-0.0938133962225504,0.0942030687789831
284,Nalbuphine,weak,19,57.89473684210527,0.0,-0.0914849125378854,0.0917461636140948
284,Naloxone,antagonist,19,31.57894736842105,15.789473684210526,-0.0882344129122834,0.0883395316717978
284,Naltrexone,antagonist,19,31.57894736842105,10.526315789473683,-0.0848397486446551,0.0850472018991877
284,PZM21,intermediate,19,47.368421052631575,0.0,-0.0925623982587858,0.0922349360906992
284,SR17018,strong,19,47.368421052631575,0.0,-0.0922056472818427,0.0924902322950269
284,TRV130,intermediate,19,21.052631578947366,15.789473684210526,-0.0861408612108664,0.0859939440757425
285,Buprenorphine,weak,19,21.052631578947366,0.0,-0.1113609576752473,0.11109641308379
285,Butorphanol,weak,19,36.84210526315789,0.0,-0.0801191611184618,0.0800647966675614
285,C6guano,strong,19,5.263157894736842,15.789473684210526,-0.0947407086689432,0.0946580524027358
285,Carfentanil,strong,19,10.526315789473683,15.789473684210526,-0.073569523017839,0.0734593326602058
285,DAMGO,strong,19,15.789473684210526,10.526315789473683,-0.0706493581082685,0.0704363723870284
285,Fentanyl,strong,19,15.789473684210526,0.0,-0.1135817353402551,0.113889572243734
285,MP,weak,19,21.052631578947366,26.31578947368421,-0.1049233218375642,0.1055544348762352
285,Methadone,intermediate,19,42.10526315789473,0.0,-0.1023794128819081,0.1022561647143245
285,Morphine,strong,19,10.526315789473683,15.789473684210526,-0.0938133962225504,0.0942030687789831
285,Nalbuphine,weak,19,42.10526315789473,15.789473684210526,-0.0914849125378854,0.0917461636140948
285,Naloxone,antagonist,19,21.052631578947366,15.789473684210526,-0.0882344129122834,0.0883395316717978
285,Naltrexone,antagonist,19,47.368421052631575,0.0,-0.0848397486446551,0.0850472018991877
285,PZM21,intermediate,19,26.31578947368421,15.789473684210526,-0.0925623982587858,0.0922349360906992
285,SR17018,strong,19,26.31578947368421,15.789473684210526,-0.0922056472818427,0.0924902322950269
285,TRV130,intermediate,19,26.31578947368421,10.526315789473683,-0.0861408612108664,0.0859939440757425
286,Buprenorphine,weak,19,5.263157894736842,0.0,-0.1113609576752473,0.11109641308379
286,Butorphanol,weak,19,26.31578947368421,5.263157894736842,-0.0801191611184618,0.0800647966675614
286,C6guano,strong,19,31.57894736842105,5.263157894736842,-0.0947407086689432,0.0946580524027358
286,Carfentanil,strong,19,47.368421052631575,0.0,-0.073569523017839,0.0734593326602058
286,DAMGO,strong,19,26.31578947368421,15.789473684210526,-0.0706493581082685,0.0704363723870284
286,Fentanyl,strong,19,36.84210526315789,0.0,-0.1135817353402551,0.113889572243734
286,MP,weak,19,0.0,26.31578947368421,-0.1049233218375642,0.1055544348762352
286,Methadone,intermediate,19,36.84210526315789,21.052631578947366,-0.1023794128819081,0.1022561647143245
286,Morphine,strong,19,31.57894736842105,0.0,-0.0938133962225504,0.0942030687789831
286,Nalbuphine,weak,19,21.052631578947366,0.0,-0.0914849125378854,0.0917461636140948
286,Naloxone,antagonist,19,10.526315789473683,21.052631578947366,-0.0882344129122834,0.0883395316717978
286,Naltrexone,antagonist,19,5.263157894736842,42.10526315789473,-0.0848397486446551,0.0850472018991877
286,PZM21,intermediate,19,10.526315789473683,0.0,-0.0925623982587858,0.0922349360906992
286,SR17018,strong,19,57.89473684210527,0.0,-0.0922056472818427,0.0924902322950269
286,TRV130,intermediate,19,26.31578947368421,5.263157894736842,-0.0861408612108664,0.0859939440757425
287,Buprenorphine,weak,19,5.263157894736842,5.263157894736842,-0.1113609576752473,0.11109641308379
287,Butorphanol,weak,19,15.789473684210526,21.052631578947366,-0.0801191611184618,0.0800647966675614
287,C6guano,strong,19,5.263157894736842,15.789473684210526,-0.0947407086689432,0.0946580524027358
287,Carfentanil,strong,19,36.84210526315789,5.263157894736842,-0.073569523017839,0.0734593326602058
287,DAMGO,strong,19,36.84210526315789,5.263157894736842,-0.0706493581082685,0.0704363723870284
287,Fentanyl,strong,19,26.31578947368421,0.0,-0.1135817353402551,0.113889572243734
287,MP,weak,19,10.526315789473683,0.0,-0.1049233218375642,0.1055544348762352
287,Methadone,intermediate,19,36.84210526315789,5.263157894736842,-0.1023794128819081,0.1022561647143245
287,Morphine,strong,19,15.789473684210526,5.263157894736842,-0.0938133962225504,0.0942030687789831
287,Nalbuphine,weak,19,0.0,5.263157894736842,-0.0914849125378854,0.0917461636140948
287,Naloxone,antagonist,19,5.263157894736842,84.21052631578947,-0.0882344129122834,0.0883395316717978
287,Naltrexone,antagonist,19,0.0,68.42105263157895,-0.0848397486446551,0.0850472018991877
287,PZM21,intermediate,19,31.57894736842105,0.0,-0.0925623982587858,0.0922349360906992
287,SR17018,strong,19,31.57894736842105,10.526315789473683,-0.0922056472818427,0.0924902322950269
287,TRV130,intermediate,19,21.052631578947366,10.526315789473683,-0.0861408612108664,0.0859939440757425
288,Buprenorphine,weak,19,10.526315789473683,5.263157894736842,-0.1113609576752473,0.11109641308379
288,Butorphanol,weak,19,73.68421052631578,5.263157894736842,-0.0801191611184618,0.0800647966675614
288,C6guano,strong,19,57.89473684210527,5.263157894736842,-0.0947407086689432,0.0946580524027358
288,Carfentanil,strong,19,26.31578947368421,21.052631578947366,-0.073569523017839,0.0734593326602058
288,DAMGO,strong,19,21.052631578947366,21.052631578947366,-0.0706493581082685,0.0704363723870284
288,Fentanyl,strong,19,57.89473684210527,5.263157894736842,-0.1135817353402551,0.113889572243734
288,MP,weak,19,57.89473684210527,5.263157894736842,-0.1049233218375642,0.1055544348762352
288,Methadone,intermediate,19,36.84210526315789,0.0,-0.1023794128819081,0.1022561647143245
288,Morphine,strong,19,57.89473684210527,5.263157894736842,-0.0938133962225504,0.0942030687789831
288,Nalbuphine,weak,19,42.10526315789473,0.0,-0.0914849125378854,0.0917461636140948
288,Naloxone,antagonist,19,36.84210526315789,15.789473684210526,-0.0882344129122834,0.0883395316717978
288,Naltrexone,antagonist,19,31.57894736842105,15.789473684210526,-0.0848397486446551,0.0850472018991877
288,PZM21,intermediate,19,15.789473684210526,0.0,-0.0925623982587858,0.0922349360906992
288,SR17018,strong,19,10.526315789473683,21.052631578947366,-0.0922056472818427,0.0924902322950269
288,TRV130,intermediate,19,47.368421052631575,5.263157894736842,-0.0861408612108664,0.0859939440757425
289,Buprenorphine,weak,19,31.57894736842105,5.263157894736842,-0.1113609576752473,0.11109641308379
289,Butorphanol,weak,19,31.57894736842105,0.0,-0.0801191611184618,0.0800647966675614
289,C6guano,strong,19,21.052631578947366,26.31578947368421,-0.0947407086689432,0.0946580524027358
289,Carfentanil,strong,19,21.052631578947366,10.526315789473683,-0.073569523017839,0.0734593326602058
289,DAMGO,strong,19,21.052631578947366,5.263157894736842,-0.0706493581082685,0.0704363723870284
289,Fentanyl,strong,19,21.052631578947366,5.263157894736842,-0.1135817353402551,0.113889572243734
289,MP,weak,19,26.31578947368421,5.263157894736842,-0.1049233218375642,0.1055544348762352
289,Methadone,intermediate,19,21.052631578947366,15.789473684210526,-0.1023794128819081,0.1022561647143245
289,Morphine,strong,19,36.84210526315789,0.0,-0.0938133962225504,0.0942030687789831
289,Nalbuphine,weak,19,36.84210526315789,0.0,-0.0914849125378854,0.0917461636140948
289,Naloxone,antagonist,19,0.0,5.263157894736842,-0.0882344129122834,0.0883395316717978
289,Naltrexone,antagonist,19,31.57894736842105,15.789473684210526,-0.0848397486446551,0.0850472018991877
289,PZM21,intermediate,19,42.10526315789473,5.263157894736842,-0.0925623982587858,0.0922349360906992
289,SR17018,strong,19,10.526315789473683,15.789473684210526,-0.0922056472818427,0.0924902322950269
289,TRV130,intermediate,19,31.57894736842105,5.263157894736842,-0.0861408612108664,0.0859939440757425
290,Buprenorphine,weak,19,5.263157894736842,5.263157894736842,-0.1113609576752473,0.11109641308379
290,Butorphanol,weak,19,47.368421052631575,5.263157894736842,-0.0801191611184618,0.0800647966675614
290,C6guano,strong,19,36.84210526315789,0.0,-0.0947407086689432,0.0946580524027358
290,Carfentanil,strong,19,47.368421052631575,0.0,-0.073569523017839,0.0734593326602058
290,DAMGO,strong,19,42.10526315789473,0.0,-0.0706493581082685,0.0704363723870284
290,Fentanyl,strong,19,36.84210526315789,0.0,-0.1135817353402551,0.113889572243734
290,MP,weak,19,5.263157894736842,5.263157894736842,-0.1049233218375642,0.1055544348762352
290,Methadone,intermediate,19,57.89473684210527,0.0,-0.1023794128819081,0.1022561647143245
290,Morphine,strong,19,68.42105263157895,0.0,-0.0938133962225504,0.0942030687789831
290,Nalbuphine,weak,19,26.31578947368421,5.263157894736842,-0.0914849125378854,0.0917461636140948
290,Naloxone,antagonist,19,10.526315789473683,10.526315789473683,-0.0882344129122834,0.0883395316717978
290,Naltrexone,antagonist,19,21.052631578947366,5.263157894736842,-0.0848397486446551,0.0850472018991877
290,PZM21,intermediate,19,31.57894736842105,21.052631578947366,-0.0925623982587858,0.0922349360906992
290,SR17018,strong,19,31.57894736842105,5.263157894736842,-0.0922056472818427,0.0924902322950269
290,TRV130,intermediate,19,21.052631578947366,0.0,-0.0861408612108664,0.0859939440757425
291,Buprenorphine,weak,19,68.42105263157895,0.0,-0.1113609576752473,0.11109641308379
291,Butorphanol,weak,19,78.94736842105263,0.0,-0.0801191611184618,0.0800647966675614
291,C6guano,strong,19,100.0,0.0,-0.0947407086689432,0.0946580524027358
291,Carfentanil,strong,19,63.1578947368421,0.0,-0.073569523017839,0.0734593326602058
291,DAMGO,strong,19,68.42105263157895,0.0,-0.0706493581082685,0.0704363723870284
291,Fentanyl,strong,19,78.94736842105263,0.0,-0.1135817353402551,0.113889572243734
291,MP,weak,19,68.42105263157895,0.0,-0.1049233218375642,0.1055544348762352
291,Methadone,intermediate,19,89.47368421052632,0.0,-0.1023794128819081,0.1022561647143245
291,Morphine,strong,19,89.47368421052632,0.0,-0.0938133962225504,0.0942030687789831
291,Nalbuphine,weak,19,84.21052631578947,0.0,-0.0914849125378854,0.0917461636140948
291,Naloxone,antagonist,19,26.31578947368421,5.263157894736842,-0.0882344129122834,0.0883395316717978
291,Naltrexone,antagonist,19,52.63157894736842,21.052631578947366,-0.0848397486446551,0.0850472018991877
291,PZM21,intermediate,19,84.21052631578947,0.0,-0.0925623982587858,0.0922349360906992
291,SR17018,strong,19,84.21052631578947,0.0,-0.0922056472818427,0.0924902322950269
291,TRV130,intermediate,19,84.21052631578947,0.0,-0.0861408612108664,0.0859939440757425
292,Buprenorphine,weak,19,47.368421052631575,0.0,-0.1113609576752473,0.11109641308379
292,Butorphanol,weak,19,63.1578947368421,5.263157894736842,-0.0801191611184618,0.0800647966675614
292,C6guano,strong,19,52.63157894736842,5.263157894736842,-0.0947407086689432,0.0946580524027358
292,Carfentanil,strong,19,31.57894736842105,0.0,-0.073569523017839,0.0734593326602058
292,DAMGO,strong,19,52.63157894736842,5.263157894736842,-0.0706493581082685,0.0704363723870284
292,Fentanyl,strong,19,63.1578947368421,0.0,-0.1135817353402551,0.113889572243734
292,MP,weak,19,78.94736842105263,0.0,-0.1049233218375642,0.1055544348762352
292,Methadone,intermediate,19,57.89473684210527,0.0,-0.1023794128819081,0.1022561647143245
292,Morphine,strong,19,73.68421052631578,0.0,-0.0938133962225504,0.0942030687789831
292,Nalbuphine,weak,19,78.94736842105263,0.0,-0.0914849125378854,0.0917461636140948
292,Naloxone,antagonist,19,26.31578947368421,0.0,-0.0882344129122834,0.0883395316717978
292,Naltrexone,antagonist,19,15.789473684210526,0.0,-0.0848397486446551,0.0850472018991877
292,PZM21,intermediate,19,52.63157894736842,0.0,-0.0925623982587858,0.0922349360906992
292,SR17018,strong,19,68.42105263157895,0.0,-0.0922056472818427,0.0924902322950269
292,TRV130,intermediate,19,63.1578947368421,0.0,-0.0861408612108664,0.0859939440757425
293,Buprenorphine,weak,19,15.789473684210526,0.0,-0.1113609576752473,0.11109641308379
293,Butorphanol,weak,19,52.63157894736842,0.0,-0.0801191611184618,0.0800647966675614
293,C6guano,strong,19,36.84210526315789,15.789473684210526,-0.0947407086689432,0.0946580524027358
293,Carfentanil,strong,19,31.57894736842105,5.263157894736842,-0.073569523017839,0.0734593326602058
293,DAMGO,strong,19,47.368421052631575,10.526315789473683,-0.0706493581082685,0.0704363723870284
293,Fentanyl,strong,19,36.84210526315789,0.0,-0.1135817353402551,0.113889572243734
293,MP,weak,19,31.57894736842105,0.0,-0.1049233218375642,0.1055544348762352
293,Methadone,intermediate,19,52.63157894736842,0.0,-0.1023794128819081,0.1022561647143245
293,Morphine,strong,19,36.84210526315789,0.0,-0.0938133962225504,0.0942030687789831
293,Nalbuphine,weak,19,52.63157894736842,0.0,-0.0914849125378854,0.0917461636140948
293,Naloxone,antagonist,19,31.57894736842105,0.0,-0.0882344129122834,0.0883395316717978
293,Naltrexone,antagonist,19,31.57894736842105,5.263157894736842,-0.0848397486446551,0.0850472018991877
293,PZM21,intermediate,19,42.10526315789473,5.263157894736842,-0.0925623982587858,0.0922349360906992
293,SR17018,strong,19,52.63157894736842,15.789473684210526,-0.0922056472818427,0.0924902322950269
293,TRV130,intermediate,19,36.84210526315789,21.052631578947366,-0.0861408612108664,0.0859939440757425
294,Buprenorphine,weak,19,36.84210526315789,0.0,-0.1113609576752473,0.11109641308379
294,Butorphanol,weak,19,57.89473684210527,5.263157894736842,-0.0801191611184618,0.0800647966675614
294,C6guano,strong,19,78.94736842105263,5.263157894736842,-0.0947407086689432,0.0946580524027358
294,Carfentanil,strong,19,68.42105263157895,5.263157894736842,-0.073569523017839,0.0734593326602058
294,DAMGO,strong,19,68.42105263157895,5.263157894736842,-0.0706493581082685,0.0704363723870284
294,Fentanyl,strong,19,68.42105263157895,0.0,-0.1135817353402551,0.113889572243734
294,MP,weak,19,73.68421052631578,0.0,-0.1049233218375642,0.1055544348762352
294,Methadone,intermediate,19,89.47368421052632,0.0,-0.1023794128819081,0.1022561647143245
294,Morphine,strong,19,57.89473684210527,0.0,-0.0938133962225504,0.0942030687789831
294,Nalbuphine,weak,19,78.94736842105263,0.0,-0.0914849125378854,0.0917461636140948
294,Naloxone,antagonist,19,0.0,26.31578947368421,-0.0882344129122834,0.0883395316717978
294,Naltrexone,antagonist,19,42.10526315789473,15.789473684210526,-0.0848397486446551,0.0850472018991877
294,PZM21,intermediate,19,73.68421052631578,0.0,-0.0925623982587858,0.0922349360906992
294,SR17018,strong,19,68.42105263157895,5.263157894736842,-0.0922056472818427,0.0924902322950269
294,TRV130,intermediate,19,42.10526315789473,5.263157894736842,-0.0861408612108664,0.0859939440757425
295,Buprenorphine,weak,19,26.31578947368421,0.0,-0.1113609576752473,0.11109641308379
295,Butorphanol,weak,19,47.368421052631575,0.0,-0.0801191611184618,0.0800647966675614
295,C6guano,strong,19,89.47368421052632,0.0,-0.0947407086689432,0.0946580524027358
295,Carfentanil,strong,19,63.1578947368421,0.0,-0.073569523017839,0.0734593326602058
295,DAMGO,strong,19,42.10526315789473,5.263157894736842,-0.0706493581082685,0.0704363723870284
295,Fentanyl,strong,19,68.42105263157895,0.0,-0.1135817353402551,0.113889572243734
295,MP,weak,19,15.789473684210526,5.263157894736842,-0.1049233218375642,0.1055544348762352
295,Methadone,intermediate,19,57.89473684210527,0.0,-0.1023794128819081,0.1022561647143245
295,Morphine,strong,19,52.63157894736842,0.0,-0.0938133962225504,0.0942030687789831
295,Nalbuphine,weak,19,42.10526315789473,0.0,-0.0914849125378854,0.0917461636140948
295,Naloxone,antagonist,19,0.0,57.89473684210527,-0.0882344129122834,0.0883395316717978
295,Naltrexone,antagonist,19,10.526315789473683,36.84210526315789,-0.0848397486446551,0.0850472018991877
295,PZM21,intermediate,19,31.57894736842105,5.263157894736842,-0.0925623982587858,0.0922349360906992
295,SR17018,strong,19,47.368421052631575,0.0,-0.0922056472818427,0.0924902322950269
295,TRV130,intermediate,19,94.73684210526316,0.0,-0.0861408612108664,0.0859939440757425
296,Buprenorphine,weak,19,47.368421052631575,0.0,-0.1113609576752473,0.11109641308379
296,Butorphanol,weak,19,68.42105263157895,5.263157894736842,-0.0801191611184618,0.0800647966675614
296,C6guano,strong,19,47.368421052631575,15.789473684210526,-0.0947407086689432,0.0946580524027358
296,Carfentanil,strong,19,52.63157894736842,5.263157894736842,-0.073569523017839,0.0734593326602058
296,DAMGO,strong,19,57.89473684210527,5.263157894736842,-0.0706493581082685,0.0704363723870284
296,Fentanyl,strong,19,73.68421052631578,5.263157894736842,-0.1135817353402551,0.113889572243734
296,MP,weak,19,36.84210526315789,0.0,-0.1049233218375642,0.1055544348762352
296,Methadone,intermediate,19,52.63157894736842,5.263157894736842,-0.1023794128819081,0.1022561647143245
296,Morphine,strong,19,52.63157894736842,0.0,-0.0938133962225504,0.0942030687789831
296,Nalbuphine,weak,19,52.63157894736842,5.263157894736842,-0.0914849125378854,0.0917461636140948
296,Naloxone,antagonist,19,26.31578947368421,5.263157894736842,-0.0882344129122834,0.0883395316717978
296,Naltrexone,antagonist,19,15.789473684210526,5.263157894736842,-0.0848397486446551,0.0850472018991877
296,PZM21,intermediate,19,42.10526315789473,5.263157894736842,-0.0925623982587858,0.0922349360906992
296,SR17018,strong,19,42.10526315789473,5.263157894736842,-0.0922056472818427,0.0924902322950269
296,TRV130,intermediate,19,52.63157894736842,0.0,-0.0861408612108664,0.0859939440757425
297,Buprenorphine,weak,19,89.47368421052632,0.0,-0.1113609576752473,0.11109641308379
297,Butorphanol,weak,19,100.0,0.0,-0.0801191611184618,0.0800647966675614
297,C6guano,strong,19,100.0,0.0,-0.0947407086689432,0.0946580524027358
297,Carfentanil,strong,19,100.0,0.0,-0.073569523017839,0.0734593326602058
297,DAMGO,strong,19,100.0,0.0,-0.0706493581082685,0.0704363723870284
297,Fentanyl,strong,19,100.0,0.0,-0.1135817353402551,0.113889572243734
297,MP,weak,19,100.0,0.0,-0.1049233218375642,0.1055544348762352
297,Methadone,intermediate,19,100.0,0.0,-0.1023794128819081,0.1022561647143245
297,Morphine,strong,19,100.0,0.0,-0.0938133962225504,0.0942030687789831
297,Nalbuphine,weak,19,100.0,0.0,-0.0914849125378854,0.0917461636140948
297,Naloxone,antagonist,19,73.68421052631578,5.263157894736842,-0.0882344129122834,0.0883395316717978
297,Naltrexone,antagonist,19,68.42105263157895,0.0,-0.0848397486446551,0.0850472018991877
297,PZM21,intermediate,19,100.0,0.0,-0.0925623982587858,0.0922349360906992
297,SR17018,strong,19,100.0,0.0,-0.0922056472818427,0.0924902322950269
297,TRV130,intermediate,19,100.0,0.0,-0.0861408612108664,0.0859939440757425
298,Buprenorphine,weak,18,38.88888888888889,5.555555555555555,-0.1113609576752473,0.11109641308379
298,Butorphanol,weak,18,83.33333333333334,0.0,-0.0801191611184618,0.0800647966675614
298,C6guano,strong,18,66.66666666666666,0.0,-0.0947407086689432,0.0946580524027358
298,Carfentanil,strong,18,61.111111111111114,5.555555555555555,-0.073569523017839,0.0734593326602058
298,DAMGO,strong,18,66.66666666666666,0.0,-0.0706493581082685,0.0704363723870284
298,Fentanyl,strong,18,88.88888888888889,0.0,-0.1135817353402551,0.113889572243734
298,MP,weak,18,83.33333333333334,0.0,-0.1049233218375642,0.1055544348762352
298,Methadone,intermediate,18,100.0,0.0,-0.1023794128819081,0.1022561647143245
298,Morphine,strong,18,66.66666666666666,0.0,-0.0938133962225504,0.0942030687789831
298,Nalbuphine,weak,18,72.22222222222221,0.0,-0.0914849125378854,0.0917461636140948
298,Naloxone,antagonist,18,22.22222222222222,0.0,-0.0882344129122834,0.0883395316717978
298,Naltrexone,antagonist,18,50.0,0.0,-0.0848397486446551,0.0850472018991877
298,PZM21,intermediate,18,66.66666666666666,0.0,-0.0925623982587858,0.0922349360906992
298,SR17018,strong,18,55.55555555555556,0.0,-0.0922056472818427,0.0924902322950269
298,TRV130,intermediate,18,83.33333333333334,0.0,-0.0861408612108664,0.0859939440757425
299,Buprenorphine,weak,19,10.526315789473683,21.052631578947366,-0.1113609576752473,0.11109641308379
299,Butorphanol,weak,19,57.89473684210527,5.263157894736842,-0.0801191611184618,0.0800647966675614
299,C6guano,strong,19,78.94736842105263,0.0,-0.0947407086689432,0.0946580524027358
299,Carfentanil,strong,19,78.94736842105263,0.0,-0.073569523017839,0.0734593326602058
299,DAMGO,strong,19,52.63157894736842,5.263157894736842,-0.0706493581082685,0.0704363723870284
299,Fentanyl,strong,19,94.73684210526316,0.0,-0.1135817353402551,0.113889572243734
299,MP,weak,19,52.63157894736842,5.263157894736842,-0.1049233218375642,0.1055544348762352
299,Methadone,intermediate,19,89.47368421052632,0.0,-0.1023794128819081,0.1022561647143245
299,Morphine,strong,19,94.73684210526316,0.0,-0.0938133962225504,0.0942030687789831
299,Nalbuphine,weak,19,63.1578947368421,0.0,-0.0914849125378854,0.0917461636140948
299,Naloxone,antagonist,19,21.052631578947366,21.052631578947366,-0.0882344129122834,0.0883395316717978
299,Naltrexone,antagonist,19,21.052631578947366,26.31578947368421,-0.0848397486446551,0.0850472018991877
299,PZM21,intermediate,19,63.1578947368421,0.0,-0.0925623982587858,0.0922349360906992
299,SR17018,strong,19,84.21052631578947,0.0,-0.0922056472818427,0.0924902322950269
299,TRV130,intermediate,19,78.94736842105263,5.263157894736842,-0.0861408612108664,0.0859939440757425
300,Buprenorphine,weak,19,10.526315789473683,0.0,-0.1113609576752473,0.11109641308379
300,Butorphanol,weak,19,68.42105263157895,0.0,-0.0801191611184618,0.0800647966675614
300,C6guano,strong,19,63.1578947368421,5.263157894736842,-0.0947407086689432,0.0946580524027358
300,Carfentanil,strong,19,36.84210526315789,0.0,-0.073569523017839,0.0734593326602058
300,DAMGO,strong,19,57.89473684210527,5.263157894736842,-0.0706493581082685,0.0704363723870284
300,Fentanyl,strong,19,73.68421052631578,0.0,-0.1135817353402551,0.113889572243734
300,MP,weak,19,42.10526315789473,0.0,-0.1049233218375642,0.1055544348762352
300,Methadone,intermediate,19,73.68421052631578,5.263157894736842,-0.1023794128819081,0.1022561647143245
300,Morphine,strong,19,52.63157894736842,10.526315789473683,-0.0938133962225504,0.0942030687789831
300,Nalbuphine,weak,19,57.89473684210527,5.263157894736842,-0.0914849125378854,0.0917461636140948
300,Naloxone,antagonist,19,26.31578947368421,0.0,-0.0882344129122834,0.0883395316717978
300,Naltrexone,antagonist,19,47.368421052631575,0.0,-0.0848397486446551,0.0850472018991877
300,PZM21,intermediate,19,57.89473684210527,0.0,-0.0925623982587858,0.0922349360906992
300,SR17018,strong,19,52.63157894736842,5.263157894736842,-0.0922056472818427,0.0924902322950269
300,TRV130,intermediate,19,52.63157894736842,0.0,-0.0861408612108664,0.0859939440757425
301,Buprenorphine,weak,19,31.57894736842105,0.0,-0.1113609576752473,0.11109641308379
301,Butorphanol,weak,19,63.1578947368421,5.263157894736842,-0.0801191611184618,0.0800647966675614
301,C6guano,strong,19,73.68421052631578,0.0,-0.0947407086689432,0.0946580524027358
301,Carfentanil,strong,19,26.31578947368421,0.0,-0.073569523017839,0.0734593326602058
301,DAMGO,strong,19,47.368421052631575,5.263157894736842,-0.0706493581082685,0.0704363723870284
301,Fentanyl,strong,19,36.84210526315789,0.0,-0.1135817353402551,0.113889572243734
301,MP,weak,19,47.368421052631575,0.0,-0.1049233218375642,0.1055544348762352
301,Methadone,intermediate,19,63.1578947368421,0.0,-0.1023794128819081,0.1022561647143245
301,Morphine,strong,19,36.84210526315789,0.0,-0.0938133962225504,0.0942030687789831
301,Nalbuphine,weak,19,52.63157894736842,0.0,-0.0914849125378854,0.0917461636140948
301,Naloxone,antagonist,19,31.57894736842105,5.263157894736842,-0.0882344129122834,0.0883395316717978
301,Naltrexone,antagonist,19,36.84210526315789,0.0,-0.0848397486446551,0.0850472018991877
301,PZM21,intermediate,19,63.1578947368421,0.0,-0.0925623982587858,0.0922349360906992
301,SR17018,strong,19,63.1578947368421,0.0,-0.0922056472818427,0.0924902322950269
301,TRV130,intermediate,19,42.10526315789473,10.526315789473683,-0.0861408612108664,0.0859939440757425
302,Buprenorphine,weak,19,0.0,21.052631578947366,-0.1113609576752473,0.11109641308379
302,Butorphanol,weak,19,21.052631578947366,5.263157894736842,-0.0801191611184618,0.0800647966675614
302,C6guano,strong,19,15.789473684210526,5.263157894736842,-0.0947407086689432,0.0946580524027358
302,Carfentanil,strong,19,5.263157894736842,5.263157894736842,-0.073569523017839,0.0734593326602058
302,DAMGO,strong,19,31.57894736842105,0.0,-0.0706493581082685,0.0704363723870284
302,Fentanyl,strong,19,78.94736842105263,0.0,-0.1135817353402551,0.113889572243734
302,MP,weak,19,0.0,5.263157894736842,-0.1049233218375642,0.1055544348762352
302,Methadone,intermediate,19,100.0,0.0,-0.1023794128819081,0.1022561647143245
302,Morphine,strong,19,31.57894736842105,10.526315789473683,-0.0938133962225504,0.0942030687789831
302,Nalbuphine,weak,19,52.63157894736842,0.0,-0.0914849125378854,0.0917461636140948
302,Naloxone,antagonist,19,0.0,15.789473684210526,-0.0882344129122834,0.0883395316717978
302,Naltrexone,antagonist,19,0.0,21.052631578947366,-0.0848397486446551,0.0850472018991877
302,PZM21,intermediate,19,0.0,15.789473684210526,-0.0925623982587858,0.0922349360906992
302,SR17018,strong,19,15.789473684210526,5.263157894736842,-0.0922056472818427,0.0924902322950269
302,TRV130,intermediate,19,36.84210526315789,5.263157894736842,-0.0861408612108664,0.0859939440757425
303,Buprenorphine,weak,19,5.263157894736842,10.526315789473683,-0.1113609576752473,0.11109641308379
303,Butorphanol,weak,19,31.57894736842105,10.526315789473683,-0.0801191611184618,0.0800647966675614
303,C6guano,strong,19,42.10526315789473,5.263157894736842,-0.0947407086689432,0.0946580524027358
303,Carfentanil,strong,19,31.57894736842105,10.526315789473683,-0.073569523017839,0.0734593326602058
303,DAMGO,strong,19,36.84210526315789,0.0,-0.0706493581082685,0.0704363723870284
303,Fentanyl,strong,19,57.89473684210527,0.0,-0.1135817353402551,0.113889572243734
303,MP,weak,19,31.57894736842105,10.526315789473683,-0.1049233218375642,0.1055544348762352
303,Methadone,intermediate,19,47.368421052631575,5.263157894736842,-0.1023794128819081,0.1022561647143245
303,Morphine,strong,19,47.368421052631575,0.0,-0.0938133962225504,0.0942030687789831
303,Nalbuphine,weak,19,31.57894736842105,0.0,-0.0914849125378854,0.0917461636140948
303,Naloxone,antagonist,19,26.31578947368421,0.0,-0.0882344129122834,0.0883395316717978
303,Naltrexone,antagonist,19,15.789473684210526,5.263157894736842,-0.0848397486446551,0.0850472018991877
303,PZM21,intermediate,19,31.57894736842105,0.0,-0.0925623982587858,0.0922349360906992
303,SR17018,strong,19,21.052631578947366,5.263157894736842,-0.0922056472818427,0.0924902322950269
303,TRV130,intermediate,19,26.31578947368421,5.263157894736842,-0.0861408612108664,0.0859939440757425
304,Buprenorphine,weak,19,0.0,0.0,-0.1113609576752473,0.11109641308379
304,Butorphanol,weak,19,15.789473684210526,21.052631578947366,-0.0801191611184618,0.0800647966675614
304,C6guano,strong,19,15.789473684210526,0.0,-0.0947407086689432,0.0946580524027358
304,Carfentanil,strong,19,15.789473684210526,10.526315789473683,-0.073569523017839,0.0734593326602058
304,DAMGO,strong,19,31.57894736842105,0.0,-0.0706493581082685,0.0704363723870284
304,Fentanyl,strong,19,63.1578947368421,0.0,-0.1135817353402551,0.113889572243734
304,MP,weak,19,15.789473684210526,5.263157894736842,-0.1049233218375642,0.1055544348762352
304,Methadone,intermediate,19,68.42105263157895,0.0,-0.1023794128819081,0.1022561647143245
304,Morphine,strong,19,26.31578947368421,0.0,-0.0938133962225504,0.0942030687789831
304,Nalbuphine,weak,19,57.89473684210527,0.0,-0.0914849125378854,0.0917461636140948
304,Naloxone,antagonist,19,0.0,0.0,-0.0882344129122834,0.0883395316717978
304,Naltrexone,antagonist,19,42.10526315789473,10.526315789473683,-0.0848397486446551,0.0850472018991877
304,PZM21,intermediate,19,15.789473684210526,21.052631578947366,-0.0925623982587858,0.0922349360906992
304,SR17018,strong,19,15.789473684210526,0.0,-0.0922056472818427,0.0924902322950269
304,TRV130,intermediate,19,26.31578947368421,0.0,-0.0861408612108664,0.0859939440757425
305,Buprenorphine,weak,19,5.263157894736842,0.0,-0.1113609576752473,0.11109641308379
305,Butorphanol,weak,19,36.84210526315789,0.0,-0.0801191611184618,0.0800647966675614
305,C6guano,strong,19,26.31578947368421,5.263157894736842,-0.0947407086689432,0.0946580524027358
305,Carfentanil,strong,19,15.789473684210526,0.0,-0.073569523017839,0.0734593326602058
305,DAMGO,strong,19,21.052631578947366,0.0,-0.0706493581082685,0.0704363723870284
305,Fentanyl,strong,19,15.789473684210526,0.0,-0.1135817353402551,0.113889572243734
305,MP,weak,19,21.052631578947366,0.0,-0.1049233218375642,0.1055544348762352
305,Methadone,intermediate,19,57.89473684210527,0.0,-0.1023794128819081,0.1022561647143245
305,Morphine,strong,19,36.84210526315789,5.263157894736842,-0.0938133962225504,0.0942030687789831
305,Nalbuphine,weak,19,47.368421052631575,0.0,-0.0914849125378854,0.0917461636140948
305,Naloxone,antagonist,19,10.526315789473683,0.0,-0.0882344129122834,0.0883395316717978
305,Naltrexone,antagonist,19,31.57894736842105,5.263157894736842,-0.0848397486446551,0.0850472018991877
305,PZM21,intermediate,19,31.57894736842105,0.0,-0.0925623982587858,0.0922349360906992
305,SR17018,strong,19,5.263157894736842,0.0,-0.0922056472818427,0.0924902322950269
305,TRV130,intermediate,19,15.789473684210526,0.0,-0.0861408612108664,0.0859939440757425
306,Buprenorphine,weak,19,0.0,10.526315789473683,-0.1113609576752473,0.11109641308379
306,Butorphanol,weak,19,0.0,31.57894736842105,-0.0801191611184618,0.0800647966675614
306,C6guano,strong,19,0.0,5.263157894736842,-0.0947407086689432,0.0946580524027358
306,Carfentanil,strong,19,5.263157894736842,0.0,-0.073569523017839,0.0734593326602058
306,DAMGO,strong,19,10.526315789473683,5.263157894736842,-0.0706493581082685,0.0704363723870284
306,Fentanyl,strong,19,15.789473684210526,0.0,-0.1135817353402551,0.113889572243734
306,MP,weak,19,5.263157894736842,21.052631578947366,-0.1049233218375642,0.1055544348762352
306,Methadone,intermediate,19,0.0,10.526315789473683,-0.1023794128819081,0.1022561647143245
306,Morphine,strong,19,10.526315789473683,0.0,-0.0938133962225504,0.0942030687789831
306,Nalbuphine,weak,19,5.263157894736842,15.789473684210526,-0.0914849125378854,0.0917461636140948
306,Naloxone,antagonist,19,10.526315789473683,31.57894736842105,-0.0882344129122834,0.0883395316717978
306,Naltrexone,antagonist,19,0.0,36.84210526315789,-0.0848397486446551,0.0850472018991877
306,PZM21,intermediate,19,5.263157894736842,15.789473684210526,-0.0925623982587858,0.0922349360906992
306,SR17018,strong,19,15.789473684210526,10.526315789473683,-0.0922056472818427,0.0924902322950269
306,TRV130,intermediate,19,5.263157894736842,26.31578947368421,-0.0861408612108664,0.0859939440757425
307,Buprenorphine,weak,19,0.0,0.0,-0.1113609576752473,0.11109641308379
307,Butorphanol,weak,19,0.0,26.31578947368421,-0.0801191611184618,0.0800647966675614
307,C6guano,strong,19,5.263157894736842,0.0,-0.0947407086689432,0.0946580524027358
307,Carfentanil,strong,19,10.526315789473683,15.789473684210526,-0.073569523017839,0.0734593326602058
307,DAMGO,strong,19,5.263157894736842,21.052631578947366,-0.0706493581082685,0.0704363723870284
307,Fentanyl,strong,19,21.052631578947366,0.0,-0.1135817353402551,0.113889572243734
307,MP,weak,19,5.263157894736842,31.57894736842105,-0.1049233218375642,0.1055544348762352
307,Methadone,intermediate,19,5.263157894736842,10.526315789473683,-0.1023794128819081,0.1022561647143245
307,Morphine,strong,19,5.263157894736842,5.263157894736842,-0.0938133962225504,0.0942030687789831
307,Nalbuphine,weak,19,21.052631578947366,0.0,-0.0914849125378854,0.0917461636140948
307,Naloxone,antagonist,19,10.526315789473683,5.263157894736842,-0.0882344129122834,0.0883395316717978
307,Naltrexone,antagonist,19,0.0,31.57894736842105,-0.0848397486446551,0.0850472018991877
307,PZM21,intermediate,19,0.0,26.31578947368421,-0.0925623982587858,0.0922349360906992
307,SR17018,strong,19,0.0,10.526315789473683,-0.0922056472818427,0.0924902322950269
307,TRV130,intermediate,19,0.0,26.31578947368421,-0.0861408612108664,0.0859939440757425
308,Buprenorphine,weak,19,5.263157894736842,21.052631578947366,-0.1113609576752473,0.11109641308379
308,Butorphanol,weak,19,0.0,5.263157894736842,-0.0801191611184618,0.0800647966675614
308,C6guano,strong,19,10.526315789473683,5.263157894736842,-0.0947407086689432,0.0946580524027358
308,Carfentanil,strong,19,0.0,15.789473684210526,-0.073569523017839,0.0734593326602058
308,DAMGO,strong,19,0.0,5.263157894736842,-0.0706493581082685,0.0704363723870284
308,Fentanyl,strong,19,10.526315789473683,0.0,-0.1135817353402551,0.113889572243734
308,MP,weak,19,5.263157894736842,0.0,-0.1049233218375642,0.1055544348762352
308,Methadone,intermediate,19,31.57894736842105,15.789473684210526,-0.1023794128819081,0.1022561647143245
308,Morphine,strong,19,5.263157894736842,5.263157894736842,-0.0938133962225504,0.0942030687789831
308,Nalbuphine,weak,19,15.789473684210526,21.052631578947366,-0.0914849125378854,0.0917461636140948
308,Naloxone,antagonist,19,5.263157894736842,15.789473684210526,-0.0882344129122834,0.0883395316717978
308,Naltrexone,antagonist,19,21.052631578947366,0.0,-0.0848397486446551,0.0850472018991877
308,PZM21,intermediate,19,5.263157894736842,15.789473684210526,-0.0925623982587858,0.0922349360906992
308,SR17018,strong,19,0.0,0.0,-0.0922056472818427,0.0924902322950269
308,TRV130,intermediate,19,10.526315789473683,21.052631578947366,-0.0861408612108664,0.0859939440757425
309,Buprenorphine,weak,19,0.0,10.526315789473683,-0.1113609576752473,0.11109641308379
309,Butorphanol,weak,19,10.526315789473683,26.31578947368421,-0.0801191611184618,0.0800647966675614
309,C6guano,strong,19,5.263157894736842,10.526315789473683,-0.0947407086689432,0.0946580524027358
309,Carfentanil,strong,19,0.0,52.63157894736842,-0.073569523017839,0.0734593326602058
309,DAMGO,strong,19,0.0,15.789473684210526,-0.0706493581082685,0.0704363723870284
309,Fentanyl,strong,19,0.0,0.0,-0.1135817353402551,0.113889572243734
309,MP,weak,19,0.0,5.263157894736842,-0.1049233218375642,0.1055544348762352
309,Methadone,intermediate,19,5.263157894736842,21.052631578947366,-0.1023794128819081,0.1022561647143245
309,Morphine,strong,19,5.263157894736842,21.052631578947366,-0.0938133962225504,0.0942030687789831
309,Nalbuphine,weak,19,5.263157894736842,0.0,-0.0914849125378854,0.0917461636140948
309,Naloxone,antagonist,19,15.789473684210526,10.526315789473683,-0.0882344129122834,0.0883395316717978
309,Naltrexone,antagonist,19,0.0,10.526315789473683,-0.0848397486446551,0.0850472018991877
309,PZM21,intermediate,19,0.0,52.63157894736842,-0.0925623982587858,0.0922349360906992
309,SR17018,strong,19,0.0,57.89473684210527,-0.0922056472818427,0.0924902322950269
309,TRV130,intermediate,19,10.526315789473683,21.052631578947366,-0.0861408612108664,0.0859939440757425
310,Buprenorphine,weak,19,10.526315789473683,10.526315789473683,-0.1113609576752473,0.11109641308379
310,Butorphanol,weak,19,5.263157894736842,10.526315789473683,-0.0801191611184618,0.0800647966675614
310,C6guano,strong,19,21.052631578947366,5.263157894736842,-0.0947407086689432,0.0946580524027358
310,Carfentanil,strong,19,5.263157894736842,26.31578947368421,-0.073569523017839,0.0734593326602058
310,DAMGO,strong,19,5.263157894736842,10.526315789473683,-0.0706493581082685,0.0704363723870284
310,Fentanyl,strong,19,52.63157894736842,5.263157894736842,-0.1135817353402551,0.113889572243734
310,MP,weak,19,0.0,10.526315789473683,-0.1049233218375642,0.1055544348762352
310,Methadone,intermediate,19,31.57894736842105,0.0,-0.1023794128819081,0.1022561647143245
310,Morphine,strong,19,0.0,0.0,-0.0938133962225504,0.0942030687789831
310,Nalbuphine,weak,19,15.789473684210526,0.0,-0.0914849125378854,0.0917461636140948
310,Naloxone,antagonist,19,15.789473684210526,26.31578947368421,-0.0882344129122834,0.0883395316717978
310,Naltrexone,antagonist,19,15.789473684210526,31.57894736842105,-0.0848397486446551,0.0850472018991877
310,PZM21,intermediate,19,21.052631578947366,0.0,-0.0925623982587858,0.0922349360906992
310,SR17018,strong,19,5.263157894736842,0.0,-0.0922056472818427,0.0924902322950269
310,TRV130,intermediate,19,5.263157894736842,10.526315789473683,-0.0861408612108664,0.0859939440757425
311,Buprenorphine,weak,19,10.526315789473683,0.0,-0.1113609576752473,0.11109641308379
311,Butorphanol,weak,19,26.31578947368421,5.263157894736842,-0.0801191611184618,0.0800647966675614
311,C6guano,strong,19,42.10526315789473,0.0,-0.0947407086689432,0.0946580524027358
311,Carfentanil,strong,19,15.789473684210526,21.052631578947366,-0.073569523017839,0.0734593326602058
311,DAMGO,strong,19,42.10526315789473,5.263157894736842,-0.0706493581082685,0.0704363723870284
311,Fentanyl,strong,19,57.89473684210527,0.0,-0.1135817353402551,0.113889572243734
311,MP,weak,19,26.31578947368421,0.0,-0.1049233218375642,0.1055544348762352
311,Methadone,intermediate,19,42.10526315789473,0.0,-0.1023794128819081,0.1022561647143245
311,Morphine,strong,19,26.31578947368421,5.263157894736842,-0.0938133962225504,0.0942030687789831
311,Nalbuphine,weak,19,31.57894736842105,0.0,-0.0914849125378854,0.0917461636140948
311,Naloxone,antagonist,19,5.263157894736842,5.263157894736842,-0.0882344129122834,0.0883395316717978
311,Naltrexone,antagonist,19,21.052631578947366,5.263157894736842,-0.0848397486446551,0.0850472018991877
311,PZM21,intermediate,19,21.052631578947366,15.789473684210526,-0.0925623982587858,0.0922349360906992
311,SR17018,strong,19,42.10526315789473,0.0,-0.0922056472818427,0.0924902322950269
311,TRV130,intermediate,19,15.789473684210526,10.526315789473683,-0.0861408612108664,0.0859939440757425
312,Buprenorphine,weak,19,5.263157894736842,5.263157894736842,-0.1113609576752473,0.11109641308379
312,Butorphanol,weak,19,0.0,5.263157894736842,-0.0801191611184618,0.0800647966675614
312,C6guano,strong,19,0.0,5.263157894736842,-0.0947407086689432,0.0946580524027358
312,Carfentanil,strong,19,5.263157894736842,21.052631578947366,-0.073569523017839,0.0734593326602058
312,DAMGO,strong,19,0.0,31.57894736842105,-0.0706493581082685,0.0704363723870284
312,Fentanyl,strong,19,21.052631578947366,0.0,-0.1135817353402551,0.113889572243734
312,MP,weak,19,5.263157894736842,5.263157894736842,-0.1049233218375642,0.1055544348762352
312,Methadone,intermediate,19,10.526315789473683,10.526315789473683,-0.1023794128819081,0.1022561647143245
312,Morphine,strong,19,5.263157894736842,10.526315789473683,-0.0938133962225504,0.0942030687789831
312,Nalbuphine,weak,19,26.31578947368421,5.263157894736842,-0.0914849125378854,0.0917461636140948
312,Naloxone,antagonist,19,26.31578947368421,5.263157894736842,-0.0882344129122834,0.0883395316717978
312,Naltrexone,antagonist,19,5.263157894736842,10.526315789473683,-0.0848397486446551,0.0850472018991877
312,PZM21,intermediate,19,0.0,5.263157894736842,-0.0925623982587858,0.0922349360906992
312,SR17018,strong,19,5.263157894736842,10.526315789473683,-0.0922056472818427,0.0924902322950269
312,TRV130,intermediate,19,10.526315789473683,21.052631578947366,-0.0861408612108664,0.0859939440757425
313,Buprenorphine,weak,19,0.0,5.263157894736842,-0.1113609576752473,0.11109641308379
313,Butorphanol,weak,19,10.526315789473683,10.526315789473683,-0.0801191611184618,0.0800647966675614
313,C6guano,strong,19,26.31578947368421,0.0,-0.0947407086689432,0.0946580524027358
313,Carfentanil,strong,19,15.789473684210526,5.263157894736842,-0.073569523017839,0.0734593326602058
313,DAMGO,strong,19,0.0,5.263157894736842,-0.0706493581082685,0.0704363723870284
313,Fentanyl,strong,19,10.526315789473683,0.0,-0.1135817353402551,0.113889572243734
313,MP,weak,19,0.0,5.263157894736842,-0.1049233218375642,0.1055544348762352
313,Methadone,intermediate,19,10.526315789473683,5.263157894736842,-0.1023794128819081,0.1022561647143245
313,Morphine,strong,19,15.789473684210526,10.526315789473683,-0.0938133962225504,0.0942030687789831
313,Nalbuphine,weak,19,0.0,15.789473684210526,-0.0914849125378854,0.0917461636140948
313,Naloxone,antagonist,19,5.263157894736842,0.0,-0.0882344129122834,0.0883395316717978
313,Naltrexone,antagonist,19,0.0,0.0,-0.0848397486446551,0.0850472018991877
313,PZM21,intermediate,19,15.789473684210526,0.0,-0.0925623982587858,0.0922349360906992
313,SR17018,strong,19,31.57894736842105,10.526315789473683,-0.0922056472818427,0.0924902322950269
313,TRV130,intermediate,19,10.526315789473683,15.789473684210526,-0.0861408612108664,0.0859939440757425
314,Buprenorphine,weak,19,0.0,0.0,-0.1113609576752473,0.11109641308379
314,Butorphanol,weak,19,5.263157894736842,10.526315789473683,-0.0801191611184618,0.0800647966675614
314,C6guano,strong,19,5.263157894736842,15.789473684210526,-0.0947407086689432,0.0946580524027358
314,Carfentanil,strong,19,5.263157894736842,47.368421052631575,-0.073569523017839,0.0734593326602058
314,DAMGO,strong,19,0.0,10.526315789473683,-0.0706493581082685,0.0704363723870284
314,Fentanyl,strong,19,21.052631578947366,0.0,-0.1135817353402551,0.113889572243734
314,MP,weak,19,5.263157894736842,5.263157894736842,-0.1049233218375642,0.1055544348762352
314,Methadone,intermediate,19,26.31578947368421,15.789473684210526,-0.1023794128819081,0.1022561647143245
314,Morphine,strong,19,0.0,31.57894736842105,-0.0938133962225504,0.0942030687789831
314,Nalbuphine,weak,19,26.31578947368421,5.263157894736842,-0.0914849125378854,0.0917461636140948
314,Naloxone,antagonist,19,0.0,10.526315789473683,-0.0882344129122834,0.0883395316717978
314,Naltrexone,antagonist,19,31.57894736842105,15.789473684210526,-0.0848397486446551,0.0850472018991877
314,PZM21,intermediate,19,5.263157894736842,15.789473684210526,-0.0925623982587858,0.0922349360906992
314,SR17018,strong,19,0.0,10.526315789473683,-0.0922056472818427,0.0924902322950269
314,TRV130,intermediate,19,15.789473684210526,5.263157894736842,-0.0861408612108664,0.0859939440757425
315,Buprenorphine,weak,19,0.0,5.263157894736842,-0.1113609576752473,0.11109641308379
315,Butorphanol,weak,19,36.84210526315789,5.263157894736842,-0.0801191611184618,0.0800647966675614
315,C6guano,strong,19,15.789473684210526,0.0,-0.0947407086689432,0.0946580524027358
315,Carfentanil,strong,19,21.052631578947366,15.789473684210526,-0.073569523017839,0.0734593326602058
315,DAMGO,strong,19,10.526315789473683,21.052631578947366,-0.0706493581082685,0.0704363723870284
315,Fentanyl,strong,19,15.789473684210526,0.0,-0.1135817353402551,0.113889572243734
315,MP,weak,19,0.0,15.789473684210526,-0.1049233218375642,0.1055544348762352
315,Methadone,intermediate,19,42.10526315789473,5.263157894736842,-0.1023794128819081,0.1022561647143245
315,Morphine,strong,19,5.263157894736842,42.10526315789473,-0.0938133962225504,0.0942030687789831
315,Nalbuphine,weak,19,36.84210526315789,0.0,-0.0914849125378854,0.0917461636140948
315,Naloxone,antagonist,19,10.526315789473683,5.263157894736842,-0.0882344129122834,0.0883395316717978
315,Naltrexone,antagonist,19,26.31578947368421,0.0,-0.0848397486446551,0.0850472018991877
315,PZM21,intermediate,19,5.263157894736842,21.052631578947366,-0.0925623982587858,0.0922349360906992
315,SR17018,strong,19,15.789473684210526,21.052631578947366,-0.0922056472818427,0.0924902322950269
315,TRV130,intermediate,19,5.263157894736842,15.789473684210526,-0.0861408612108664,0.0859939440757425
316,Buprenorphine,weak,19,0.0,5.263157894736842,-0.1113609576752473,0.11109641308379
316,Butorphanol,weak,19,5.263157894736842,31.57894736842105,-0.0801191611184618,0.0800647966675614
316,C6guano,strong,19,21.052631578947366,15.789473684210526,-0.0947407086689432,0.0946580524027358
316,Carfentanil,strong,19,0.0,21.052631578947366,-0.073569523017839,0.0734593326602058
316,DAMGO,strong,19,0.0,42.10526315789473,-0.0706493581082685,0.0704363723870284
316,Fentanyl,strong,19,31.57894736842105,0.0,-0.1135817353402551,0.113889572243734
316,MP,weak,19,10.526315789473683,21.052631578947366,-0.1049233218375642,0.1055544348762352
316,Methadone,intermediate,19,0.0,15.789473684210526,-0.1023794128819081,0.1022561647143245
316,Morphine,strong,19,0.0,21.052631578947366,-0.0938133962225504,0.0942030687789831
316,Nalbuphine,weak,19,15.789473684210526,0.0,-0.0914849125378854,0.0917461636140948
316,Naloxone,antagonist,19,5.263157894736842,15.789473684210526,-0.0882344129122834,0.0883395316717978
316,Naltrexone,antagonist,19,0.0,10.526315789473683,-0.0848397486446551,0.0850472018991877
316,PZM21,intermediate,19,0.0,36.84210526315789,-0.0925623982587858,0.0922349360906992
316,SR17018,strong,19,0.0,15.789473684210526,-0.0922056472818427,0.0924902322950269
316,TRV130,intermediate,19,10.526315789473683,21.052631578947366,-0.0861408612108664,0.0859939440757425
317,Buprenorphine,weak,19,0.0,5.263157894736842,-0.1113609576752473,0.11109641308379
317,Butorphanol,weak,19,10.526315789473683,10.526315789473683,-0.0801191611184618,0.0800647966675614
317,C6guano,strong,19,15.789473684210526,5.263157894736842,-0.0947407086689432,0.0946580524027358
317,Carfentanil,strong,19,5.263157894736842,15.789473684210526,-0.073569523017839,0.0734593326602058
317,DAMGO,strong,19,15.789473684210526,5.263157894736842,-0.0706493581082685,0.0704363723870284
317,Fentanyl,strong,19,36.84210526315789,5.263157894736842,-0.1135817353402551,0.113889572243734
317,MP,weak,19,10.526315789473683,5.263157894736842,-0.1049233218375642,0.1055544348762352
317,Methadone,intermediate,19,15.789473684210526,5.263157894736842,-0.1023794128819081,0.1022561647143245
317,Morphine,strong,19,5.263157894736842,15.789473684210526,-0.0938133962225504,0.0942030687789831
317,Nalbuphine,weak,19,26.31578947368421,10.526315789473683,-0.0914849125378854,0.0917461636140948
317,Naloxone,antagonist,19,0.0,10.526315789473683,-0.0882344129122834,0.0883395316717978
317,Naltrexone,antagonist,19,26.31578947368421,5.263157894736842,-0.0848397486446551,0.0850472018991877
317,PZM21,intermediate,19,10.526315789473683,0.0,-0.0925623982587858,0.0922349360906992
317,SR17018,strong,19,0.0,5.263157894736842,-0.0922056472818427,0.0924902322950269
317,TRV130,intermediate,19,10.526315789473683,10.526315789473683,-0.0861408612108664,0.0859939440757425
318,Buprenorphine,weak,19,47.368421052631575,5.263157894736842,-0.1113609576752473,0.11109641308379
318,Butorphanol,weak,19,52.63157894736842,15.789473684210526,-0.0801191611184618,0.0800647966675614
318,C6guano,strong,19,42.10526315789473,15.789473684210526,-0.0947407086689432,0.0946580524027358
318,Carfentanil,strong,19,26.31578947368421,5.263157894736842,-0.073569523017839,0.0734593326602058
318,DAMGO,strong,19,21.052631578947366,31.57894736842105,-0.0706493581082685,0.0704363723870284
318,Fentanyl,strong,19,47.368421052631575,0.0,-0.1135817353402551,0.113889572243734
318,MP,weak,19,26.31578947368421,5.263157894736842,-0.1049233218375642,0.1055544348762352
318,Methadone,intermediate,19,57.89473684210527,15.789473684210526,-0.1023794128819081,0.1022561647143245
318,Morphine,strong,19,21.052631578947366,10.526315789473683,-0.0938133962225504,0.0942030687789831
318,Nalbuphine,weak,19,47.368421052631575,10.526315789473683,-0.0914849125378854,0.0917461636140948
318,Naloxone,antagonist,19,10.526315789473683,5.263157894736842,-0.0882344129122834,0.0883395316717978
318,Naltrexone,antagonist,19,26.31578947368421,5.263157894736842,-0.0848397486446551,0.0850472018991877
318,PZM21,intermediate,19,31.57894736842105,21.052631578947366,-0.0925623982587858,0.0922349360906992
318,SR17018,strong,19,42.10526315789473,10.526315789473683,-0.0922056472818427,0.0924902322950269
318,TRV130,intermediate,19,26.31578947368421,15.789473684210526,-0.0861408612108664,0.0859939440757425
319,Buprenorphine,weak,19,10.526315789473683,5.263157894736842,-0.1113609576752473,0.11109641308379
319,Butorphanol,weak,19,36.84210526315789,15.789473684210526,-0.0801191611184618,0.0800647966675614
319,C6guano,strong,19,10.526315789473683,26.31578947368421,-0.0947407086689432,0.0946580524027358
319,Carfentanil,strong,19,10.526315789473683,5.263157894736842,-0.073569523017839,0.0734593326602058
319,DAMGO,strong,19,21.052631578947366,5.263157894736842,-0.0706493581082685,0.0704363723870284
319,Fentanyl,strong,19,47.368421052631575,5.263157894736842,-0.1135817353402551,0.113889572243734
319,MP,weak,19,10.526315789473683,5.263157894736842,-0.1049233218375642,0.1055544348762352
319,Methadone,intermediate,19,26.31578947368421,10.526315789473683,-0.1023794128819081,0.1022561647143245
319,Morphine,strong,19,26.31578947368421,26.31578947368421,-0.0938133962225504,0.0942030687789831
319,Nalbuphine,weak,19,26.31578947368421,5.263157894736842,-0.0914849125378854,0.0917461636140948
319,Naloxone,antagonist,19,10.526315789473683,5.263157894736842,-0.0882344129122834,0.0883395316717978
319,Naltrexone,antagonist,19,26.31578947368421,5.263157894736842,-0.0848397486446551,0.0850472018991877
319,PZM21,intermediate,19,36.84210526315789,5.263157894736842,-0.0925623982587858,0.0922349360906992
319,SR17018,strong,19,15.789473684210526,0.0,-0.0922056472818427,0.0924902322950269
319,TRV130,intermediate,19,5.263157894736842,26.31578947368421,-0.0861408612108664,0.0859939440757425
320,Buprenorphine,weak,19,26.31578947368421,5.263157894736842,-0.1113609576752473,0.11109641308379
320,Butorphanol,weak,19,52.63157894736842,10.526315789473683,-0.0801191611184618,0.0800647966675614
320,C6guano,strong,19,63.1578947368421,0.0,-0.0947407086689432,0.0946580524027358
320,Carfentanil,strong,19,36.84210526315789,21.052631578947366,-0.073569523017839,0.0734593326602058
320,DAMGO,strong,19,21.052631578947366,15.789473684210526,-0.0706493581082685,0.0704363723870284
320,Fentanyl,strong,19,68.42105263157895,5.263157894736842,-0.1135817353402551,0.113889572243734
320,MP,weak,19,21.052631578947366,0.0,-0.1049233218375642,0.1055544348762352
320,Methadone,intermediate,19,84.21052631578947,0.0,-0.1023794128819081,0.1022561647143245
320,Morphine,strong,19,47.368421052631575,21.052631578947366,-0.0938133962225504,0.0942030687789831
320,Nalbuphine,weak,19,63.1578947368421,0.0,-0.0914849125378854,0.0917461636140948
320,Naloxone,antagonist,19,36.84210526315789,10.526315789473683,-0.0882344129122834,0.0883395316717978
320,Naltrexone,antagonist,19,36.84210526315789,5.263157894736842,-0.0848397486446551,0.0850472018991877
320,PZM21,intermediate,19,94.73684210526316,0.0,-0.0925623982587858,0.0922349360906992
320,SR17018,strong,19,26.31578947368421,0.0,-0.0922056472818427,0.0924902322950269
320,TRV130,intermediate,19,47.368421052631575,10.526315789473683,-0.0861408612108664,0.0859939440757425
321,Buprenorphine,weak,19,63.1578947368421,0.0,-0.1113609576752473,0.11109641308379
321,Butorphanol,weak,19,94.73684210526316,0.0,-0.0801191611184618,0.0800647966675614
321,C6guano,strong,19,78.94736842105263,0.0,-0.0947407086689432,0.0946580524027358
321,Carfentanil,strong,19,36.84210526315789,0.0,-0.073569523017839,0.0734593326602058
321,DAMGO,strong,19,57.89473684210527,0.0,-0.0706493581082685,0.0704363723870284
321,Fentanyl,strong,19,94.73684210526316,0.0,-0.1135817353402551,0.113889572243734
321,MP,weak,19,26.31578947368421,5.263157894736842,-0.1049233218375642,0.1055544348762352
321,Methadone,intermediate,19,100.0,0.0,-0.1023794128819081,0.1022561647143245
321,Morphine,strong,19,78.94736842105263,0.0,-0.0938133962225504,0.0942030687789831
321,Nalbuphine,weak,19,73.68421052631578,0.0,-0.0914849125378854,0.0917461636140948
321,Naloxone,antagonist,19,36.84210526315789,10.526315789473683,-0.0882344129122834,0.0883395316717978
321,Naltrexone,antagonist,19,42.10526315789473,0.0,-0.0848397486446551,0.0850472018991877
321,PZM21,intermediate,19,100.0,0.0,-0.0925623982587858,0.0922349360906992
321,SR17018,strong,19,63.1578947368421,0.0,-0.0922056472818427,0.0924902322950269
321,TRV130,intermediate,19,100.0,0.0,-0.0861408612108664,0.0859939440757425
322,Buprenorphine,weak,19,21.052631578947366,21.052631578947366,-0.1113609576752473,0.11109641308379
322,Butorphanol,weak,19,52.63157894736842,21.052631578947366,-0.0801191611184618,0.0800647966675614
322,C6guano,strong,19,47.368421052631575,21.052631578947366,-0.0947407086689432,0.0946580524027358
322,Carfentanil,strong,19,52.63157894736842,15.789473684210526,-0.073569523017839,0.0734593326602058
322,DAMGO,strong,19,57.89473684210527,15.789473684210526,-0.0706493581082685,0.0704363723870284
322,Fentanyl,strong,19,57.89473684210527,0.0,-0.1135817353402551,0.113889572243734
322,MP,weak,19,31.57894736842105,0.0,-0.1049233218375642,0.1055544348762352
322,Methadone,intermediate,19,57.89473684210527,10.526315789473683,-0.1023794128819081,0.1022561647143245
322,Morphine,strong,19,36.84210526315789,5.263157894736842,-0.0938133962225504,0.0942030687789831
322,Nalbuphine,weak,19,42.10526315789473,5.263157894736842,-0.0914849125378854,0.0917461636140948
322,Naloxone,antagonist,19,26.31578947368421,26.31578947368421,-0.0882344129122834,0.0883395316717978
322,Naltrexone,antagonist,19,21.052631578947366,10.526315789473683,-0.0848397486446551,0.0850472018991877
322,PZM21,intermediate,19,36.84210526315789,21.052631578947366,-0.0925623982587858,0.0922349360906992
322,SR17018,strong,19,52.63157894736842,5.263157894736842,-0.0922056472818427,0.0924902322950269
322,TRV130,intermediate,19,57.89473684210527,10.526315789473683,-0.0861408612108664,0.0859939440757425
323,Buprenorphine,weak,19,15.789473684210526,10.526315789473683,-0.1113609576752473,0.11109641308379
323,Butorphanol,weak,19,57.89473684210527,5.263157894736842,-0.0801191611184618,0.0800647966675614
323,C6guano,strong,19,57.89473684210527,0.0,-0.0947407086689432,0.0946580524027358
323,Carfentanil,strong,19,57.89473684210527,0.0,-0.073569523017839,0.0734593326602058
323,DAMGO,strong,19,57.89473684210527,0.0,-0.0706493581082685,0.0704363723870284
323,Fentanyl,strong,19,73.68421052631578,0.0,-0.1135817353402551,0.113889572243734
323,MP,weak,19,73.68421052631578,0.0,-0.1049233218375642,0.1055544348762352
323,Methadone,intermediate,19,78.94736842105263,0.0,-0.1023794128819081,0.1022561647143245
323,Morphine,strong,19,73.68421052631578,0.0,-0.0938133962225504,0.0942030687789831
323,Nalbuphine,weak,19,57.89473684210527,5.263157894736842,-0.0914849125378854,0.0917461636140948
323,Naloxone,antagonist,19,47.368421052631575,0.0,-0.0882344129122834,0.0883395316717978
323,Naltrexone,antagonist,19,15.789473684210526,10.526315789473683,-0.0848397486446551,0.0850472018991877
323,PZM21,intermediate,19,84.21052631578947,0.0,-0.0925623982587858,0.0922349360906992
323,SR17018,strong,19,47.368421052631575,10.526315789473683,-0.0922056472818427,0.0924902322950269
323,TRV130,intermediate,19,78.94736842105263,0.0,-0.0861408612108664,0.0859939440757425
324,Buprenorphine,weak,19,0.0,10.526315789473683,-0.1113609576752473,0.11109641308379
324,Butorphanol,weak,19,21.052631578947366,15.789473684210526,-0.0801191611184618,0.0800647966675614
324,C6guano,strong,19,31.57894736842105,5.263157894736842,-0.0947407086689432,0.0946580524027358
324,Carfentanil,strong,19,21.052631578947366,15.789473684210526,-0.073569523017839,0.0734593326602058
324,DAMGO,strong,19,68.42105263157895,0.0,-0.0706493581082685,0.0704363723870284
324,Fentanyl,strong,19,63.1578947368421,0.0,-0.1135817353402551,0.113889572243734
324,MP,weak,19,31.57894736842105,5.263157894736842,-0.1049233218375642,0.1055544348762352
324,Methadone,intermediate,19,100.0,0.0,-0.1023794128819081,0.1022561647143245
324,Morphine,strong,19,15.789473684210526,21.052631578947366,-0.0938133962225504,0.0942030687789831
324,Nalbuphine,weak,19,26.31578947368421,5.263157894736842,-0.0914849125378854,0.0917461636140948
324,Naloxone,antagonist,19,21.052631578947366,15.789473684210526,-0.0882344129122834,0.0883395316717978
324,Naltrexone,antagonist,19,10.526315789473683,15.789473684210526,-0.0848397486446551,0.0850472018991877
324,PZM21,intermediate,19,42.10526315789473,15.789473684210526,-0.0925623982587858,0.0922349360906992
324,SR17018,strong,19,21.052631578947366,5.263157894736842,-0.0922056472818427,0.0924902322950269
324,TRV130,intermediate,19,57.89473684210527,0.0,-0.0861408612108664,0.0859939440757425
325,Buprenorphine,weak,19,42.10526315789473,5.263157894736842,-0.1113609576752473,0.11109641308379
325,Butorphanol,weak,19,52.63157894736842,5.263157894736842,-0.0801191611184618,0.0800647966675614
325,C6guano,strong,19,78.94736842105263,5.263157894736842,-0.0947407086689432,0.0946580524027358
325,Carfentanil,strong,19,57.89473684210527,10.526315789473683,-0.073569523017839,0.0734593326602058
325,DAMGO,strong,19,63.1578947368421,0.0,-0.0706493581082685,0.0704363723870284
325,Fentanyl,strong,19,57.89473684210527,5.263157894736842,-0.1135817353402551,0.113889572243734
325,MP,weak,19,57.89473684210527,5.263157894736842,-0.1049233218375642,0.1055544348762352
325,Methadone,intermediate,19,63.1578947368421,0.0,-0.1023794128819081,0.1022561647143245
325,Morphine,strong,19,68.42105263157895,0.0,-0.0938133962225504,0.0942030687789831
325,Nalbuphine,weak,19,47.368421052631575,0.0,-0.0914849125378854,0.0917461636140948
325,Naloxone,antagonist,19,42.10526315789473,5.263157894736842,-0.0882344129122834,0.0883395316717978
325,Naltrexone,antagonist,19,31.57894736842105,21.052631578947366,-0.0848397486446551,0.0850472018991877
325,PZM21,intermediate,19,57.89473684210527,5.263157894736842,-0.0925623982587858,0.0922349360906992
325,SR17018,strong,19,63.1578947368421,0.0,-0.0922056472818427,0.0924902322950269
325,TRV130,intermediate,19,47.368421052631575,5.263157894736842,-0.0861408612108664,0.0859939440757425
326,Buprenorphine,weak,19,26.31578947368421,5.263157894736842,-0.1113609576752473,0.11109641308379
326,Butorphanol,weak,19,78.94736842105263,0.0,-0.0801191611184618,0.0800647966675614
326,C6guano,strong,19,78.94736842105263,0.0,-0.0947407086689432,0.0946580524027358
326,Carfentanil,strong,19,78.94736842105263,0.0,-0.073569523017839,0.0734593326602058
326,DAMGO,strong,19,68.42105263157895,5.263157894736842,-0.0706493581082685,0.0704363723870284
326,Fentanyl,strong,19,57.89473684210527,0.0,-0.1135817353402551,0.113889572243734
326,MP,weak,19,73.68421052631578,0.0,-0.1049233218375642,0.1055544348762352
326,Methadone,intermediate,19,73.68421052631578,0.0,-0.1023794128819081,0.1022561647143245
326,Morphine,strong,19,73.68421052631578,0.0,-0.0938133962225504,0.0942030687789831
326,Nalbuphine,weak,19,36.84210526315789,10.526315789473683,-0.0914849125378854,0.0917461636140948
326,Naloxone,antagonist,19,10.526315789473683,0.0,-0.0882344129122834,0.0883395316717978
326,Naltrexone,antagonist,19,31.57894736842105,0.0,-0.0848397486446551,0.0850472018991877
326,PZM21,intermediate,19,84.21052631578947,0.0,-0.0925623982587858,0.0922349360906992
326,SR17018,strong,19,73.68421052631578,0.0,-0.0922056472818427,0.0924902322950269
326,TRV130,intermediate,19,57.89473684210527,10.526315789473683,-0.0861408612108664,0.0859939440757425
327,Buprenorphine,weak,19,57.89473684210527,10.526315789473683,-0.1113609576752473,0.11109641308379
327,Butorphanol,weak,19,63.1578947368421,10.526315789473683,-0.0801191611184618,0.0800647966675614
327,C6guano,strong,19,94.73684210526316,0.0,-0.0947407086689432,0.0946580524027358
327,Carfentanil,strong,19,94.73684210526316,5.263157894736842,-0.073569523017839,0.0734593326602058
327,DAMGO,strong,19,42.10526315789473,5.263157894736842,-0.0706493581082685,0.0704363723870284
327,Fentanyl,strong,19,100.0,0.0,-0.1135817353402551,0.113889572243734
327,MP,weak,19,73.68421052631578,0.0,-0.1049233218375642,0.1055544348762352
327,Methadone,intermediate,19,94.73684210526316,0.0,-0.1023794128819081,0.1022561647143245
327,Morphine,strong,19,89.47368421052632,0.0,-0.0938133962225504,0.0942030687789831
327,Nalbuphine,weak,19,68.42105263157895,0.0,-0.0914849125378854,0.0917461636140948
327,Naloxone,antagonist,19,21.052631578947366,0.0,-0.0882344129122834,0.0883395316717978
327,Naltrexone,antagonist,19,21.052631578947366,0.0,-0.0848397486446551,0.0850472018991877
327,PZM21,intermediate,19,84.21052631578947,0.0,-0.0925623982587858,0.0922349360906992
327,SR17018,strong,19,78.94736842105263,5.263157894736842,-0.0922056472818427,0.0924902322950269
327,TRV130,intermediate,19,100.0,0.0,-0.0861408612108664,0.0859939440757425
328,Buprenorphine,weak,19,73.68421052631578,5.263157894736842,-0.1113609576752473,0.11109641308379
328,Butorphanol,weak,19,78.94736842105263,5.263157894736842,-0.0801191611184618,0.0800647966675614
328,C6guano,strong,19,84.21052631578947,0.0,-0.0947407086689432,0.0946580524027358
328,Carfentanil,strong,19,89.47368421052632,0.0,-0.073569523017839,0.0734593326602058
328,DAMGO,strong,19,78.94736842105263,0.0,-0.0706493581082685,0.0704363723870284
328,Fentanyl,strong,19,94.73684210526316,0.0,-0.1135817353402551,0.113889572243734
328,MP,weak,19,84.21052631578947,0.0,-0.1049233218375642,0.1055544348762352
328,Methadone,intermediate,19,100.0,0.0,-0.1023794128819081,0.1022561647143245
328,Morphine,strong,19,52.63157894736842,5.263157894736842,-0.0938133962225504,0.0942030687789831
328,Nalbuphine,weak,19,68.42105263157895,0.0,-0.0914849125378854,0.0917461636140948
328,Naloxone,antagonist,19,10.526315789473683,15.789473684210526,-0.0882344129122834,0.0883395316717978
328,Naltrexone,antagonist,19,36.84210526315789,10.526315789473683,-0.0848397486446551,0.0850472018991877
328,PZM21,intermediate,19,100.0,0.0,-0.0925623982587858,0.0922349360906992
328,SR17018,strong,19,94.73684210526316,0.0,-0.0922056472818427,0.0924902322950269
328,TRV130,intermediate,19,94.73684210526316,0.0,-0.0861408612108664,0.0859939440757425
329,Buprenorphine,weak,19,15.789473684210526,5.263157894736842,-0.1113609576752473,0.11109641308379
329,Butorphanol,weak,19,47.368421052631575,10.526315789473683,-0.0801191611184618,0.0800647966675614
329,C6guano,strong,19,52.63157894736842,0.0,-0.0947407086689432,0.0946580524027358
329,Carfentanil,strong,19,52.63157894736842,15.789473684210526,-0.073569523017839,0.0734593326602058
329,DAMGO,strong,19,57.89473684210527,5.263157894736842,-0.0706493581082685,0.0704363723870284
329,Fentanyl,strong,19,68.42105263157895,0.0,-0.1135817353402551,0.113889572243734
329,MP,weak,19,52.63157894736842,5.263157894736842,-0.1049233218375642,0.1055544348762352
329,Methadone,intermediate,19,68.42105263157895,0.0,-0.1023794128819081,0.1022561647143245
329,Morphine,strong,19,47.368421052631575,0.0,-0.0938133962225504,0.0942030687789831
329,Nalbuphine,weak,19,36.84210526315789,10.526315789473683,-0.0914849125378854,0.0917461636140948
329,Naloxone,antagonist,19,36.84210526315789,5.263157894736842,-0.0882344129122834,0.0883395316717978
329,Naltrexone,antagonist,19,42.10526315789473,10.526315789473683,-0.0848397486446551,0.0850472018991877
329,PZM21,intermediate,19,52.63157894736842,5.263157894736842,-0.0925623982587858,0.0922349360906992
329,SR17018,strong,19,63.1578947368421,5.263157894736842,-0.0922056472818427,0.0924902322950269
329,TRV130,intermediate,19,57.89473684210527,10.526315789473683,-0.0861408612108664,0.0859939440757425
330,Buprenorphine,weak,19,15.789473684210526,0.0,-0.1113609576752473,0.11109641308379
330,Butorphanol,weak,19,36.84210526315789,15.789473684210526,-0.0801191611184618,0.0800647966675614
330,C6guano,strong,19,31.57894736842105,5.263157894736842,-0.0947407086689432,0.0946580524027358
330,Carfentanil,strong,19,63.1578947368421,5.263157894736842,-0.073569523017839,0.0734593326602058
330,DAMGO,strong,19,52.63157894736842,10.526315789473683,-0.0706493581082685,0.0704363723870284
330,Fentanyl,strong,19,63.1578947368421,0.0,-0.1135817353402551,0.113889572243734
330,MP,weak,19,52.63157894736842,0.0,-0.1049233218375642,0.1055544348762352
330,Methadone,intermediate,19,52.63157894736842,10.526315789473683,-0.1023794128819081,0.1022561647143245
330,Morphine,strong,19,47.368421052631575,0.0,-0.0938133962225504,0.0942030687789831
330,Nalbuphine,weak,19,47.368421052631575,5.263157894736842,-0.0914849125378854,0.0917461636140948
330,Naloxone,antagonist,19,5.263157894736842,42.10526315789473,-0.0882344129122834,0.0883395316717978
330,Naltrexone,antagonist,19,21.052631578947366,31.57894736842105,-0.0848397486446551,0.0850472018991877
330,PZM21,intermediate,19,78.94736842105263,5.263157894736842,-0.0925623982587858,0.0922349360906992
330,SR17018,strong,19,68.42105263157895,5.263157894736842,-0.0922056472818427,0.0924902322950269
330,TRV130,intermediate,19,63.1578947368421,0.0,-0.0861408612108664,0.0859939440757425
331,Buprenorphine,weak,19,15.789473684210526,0.0,-0.1113609576752473,0.11109641308379
331,Butorphanol,weak,19,10.526315789473683,31.57894736842105,-0.0801191611184618,0.0800647966675614
331,C6guano,strong,19,63.1578947368421,0.0,-0.0947407086689432,0.0946580524027358
331,Carfentanil,strong,19,31.57894736842105,21.052631578947366,-0.073569523017839,0.0734593326602058
331,DAMGO,strong,19,52.63157894736842,0.0,-0.0706493581082685,0.0704363723870284
331,Fentanyl,strong,19,42.10526315789473,5.263157894736842,-0.1135817353402551,0.113889572243734
331,MP,weak,19,15.789473684210526,15.789473684210526,-0.1049233218375642,0.1055544348762352
331,Methadone,intermediate,19,68.42105263157895,5.263157894736842,-0.1023794128819081,0.1022561647143245
331,Morphine,strong,19,47.368421052631575,5.263157894736842,-0.0938133962225504,0.0942030687789831
331,Nalbuphine,weak,19,21.052631578947366,26.31578947368421,-0.0914849125378854,0.0917461636140948
331,Naloxone,antagonist,19,0.0,42.10526315789473,-0.0882344129122834,0.0883395316717978
331,Naltrexone,antagonist,19,0.0,52.63157894736842,-0.0848397486446551,0.0850472018991877
331,PZM21,intermediate,19,52.63157894736842,15.789473684210526,-0.0925623982587858,0.0922349360906992
331,SR17018,strong,19,36.84210526315789,0.0,-0.0922056472818427,0.0924902322950269
331,TRV130,intermediate,19,21.052631578947366,15.789473684210526,-0.0861408612108664,0.0859939440757425
332,Buprenorphine,weak,19,42.10526315789473,0.0,-0.1113609576752473,0.11109641308379
332,Butorphanol,weak,19,63.1578947368421,0.0,-0.0801191611184618,0.0800647966675614
332,C6guano,strong,19,57.89473684210527,0.0,-0.0947407086689432,0.0946580524027358
332,Carfentanil,strong,19,78.94736842105263,0.0,-0.073569523017839,0.0734593326602058
332,DAMGO,strong,19,68.42105263157895,5.263157894736842,-0.0706493581082685,0.0704363723870284
332,Fentanyl,strong,19,78.94736842105263,0.0,-0.1135817353402551,0.113889572243734
332,MP,weak,19,15.789473684210526,5.263157894736842,-0.1049233218375642,0.1055544348762352
332,Methadone,intermediate,19,63.1578947368421,0.0,-0.1023794128819081,0.1022561647143245
332,Morphine,strong,19,73.68421052631578,5.263157894736842,-0.0938133962225504,0.0942030687789831
332,Nalbuphine,weak,19,36.84210526315789,0.0,-0.0914849125378854,0.0917461636140948
332,Naloxone,antagonist,19,15.789473684210526,15.789473684210526,-0.0882344129122834,0.0883395316717978
332,Naltrexone,antagonist,19,15.789473684210526,0.0,-0.0848397486446551,0.0850472018991877
332,PZM21,intermediate,19,63.1578947368421,5.263157894736842,-0.0925623982587858,0.0922349360906992
332,SR17018,strong,19,78.94736842105263,0.0,-0.0922056472818427,0.0924902322950269
332,TRV130,intermediate,19,78.94736842105263,0.0,-0.0861408612108664,0.0859939440757425
333,Buprenorphine,weak,19,26.31578947368421,15.789473684210526,-0.1113609576752473,0.11109641308379
333,Butorphanol,weak,19,57.89473684210527,0.0,-0.0801191611184618,0.0800647966675614
333,C6guano,strong,19,78.94736842105263,5.263157894736842,-0.0947407086689432,0.0946580524027358
333,Carfentanil,strong,19,68.42105263157895,0.0,-0.073569523017839,0.0734593326602058
333,DAMGO,strong,19,57.89473684210527,5.263157894736842,-0.0706493581082685,0.0704363723870284
333,Fentanyl,strong,19,68.42105263157895,0.0,-0.1135817353402551,0.113889572243734
333,MP,weak,19,52.63157894736842,15.789473684210526,-0.1049233218375642,0.1055544348762352
333,Methadone,intermediate,19,57.89473684210527,0.0,-0.1023794128819081,0.1022561647143245
333,Morphine,strong,19,68.42105263157895,0.0,-0.0938133962225504,0.0942030687789831
333,Nalbuphine,weak,19,42.10526315789473,10.526315789473683,-0.0914849125378854,0.0917461636140948
333,Naloxone,antagonist,19,15.789473684210526,21.052631578947366,-0.0882344129122834,0.0883395316717978
333,Naltrexone,antagonist,19,0.0,15.789473684210526,-0.0848397486446551,0.0850472018991877
333,PZM21,intermediate,19,68.42105263157895,0.0,-0.0925623982587858,0.0922349360906992
333,SR17018,strong,19,68.42105263157895,10.526315789473683,-0.0922056472818427,0.0924902322950269
333,TRV130,intermediate,19,42.10526315789473,5.263157894736842,-0.0861408612108664,0.0859939440757425
334,Buprenorphine,weak,19,42.10526315789473,0.0,-0.1113609576752473,0.11109641308379
334,Butorphanol,weak,19,73.68421052631578,0.0,-0.0801191611184618,0.0800647966675614
334,C6guano,strong,19,78.94736842105263,0.0,-0.0947407086689432,0.0946580524027358
334,Carfentanil,strong,19,78.94736842105263,0.0,-0.073569523017839,0.0734593326602058
334,DAMGO,strong,19,84.21052631578947,0.0,-0.0706493581082685,0.0704363723870284
334,Fentanyl,strong,19,57.89473684210527,5.263157894736842,-0.1135817353402551,0.113889572243734
334,MP,weak,19,68.42105263157895,0.0,-0.1049233218375642,0.1055544348762352
334,Methadone,intermediate,19,100.0,0.0,-0.1023794128819081,0.1022561647143245
334,Morphine,strong,19,84.21052631578947,0.0,-0.0938133962225504,0.0942030687789831
334,Nalbuphine,weak,19,68.42105263157895,5.263157894736842,-0.0914849125378854,0.0917461636140948
334,Naloxone,antagonist,19,0.0,0.0,-0.0882344129122834,0.0883395316717978
334,Naltrexone,antagonist,19,47.368421052631575,15.789473684210526,-0.0848397486446551,0.0850472018991877
334,PZM21,intermediate,19,73.68421052631578,0.0,-0.0925623982587858,0.0922349360906992
334,SR17018,strong,19,89.47368421052632,0.0,-0.0922056472818427,0.0924902322950269
334,TRV130,intermediate,19,68.42105263157895,0.0,-0.0861408612108664,0.0859939440757425
335,Buprenorphine,weak,19,15.789473684210526,10.526315789473683,-0.1113609576752473,0.11109641308379
335,Butorphanol,weak,19,52.63157894736842,15.789473684210526,-0.0801191611184618,0.0800647966675614
335,C6guano,strong,19,89.47368421052632,0.0,-0.0947407086689432,0.0946580524027358
335,Carfentanil,strong,19,31.57894736842105,5.263157894736842,-0.073569523017839,0.0734593326602058
335,DAMGO,strong,19,84.21052631578947,0.0,-0.0706493581082685,0.0704363723870284
335,Fentanyl,strong,19,73.68421052631578,0.0,-0.1135817353402551,0.113889572243734
335,MP,weak,19,36.84210526315789,15.789473684210526,-0.1049233218375642,0.1055544348762352
335,Methadone,intermediate,19,78.94736842105263,0.0,-0.1023794128819081,0.1022561647143245
335,Morphine,strong,19,73.68421052631578,0.0,-0.0938133962225504,0.0942030687789831
335,Nalbuphine,weak,19,10.526315789473683,0.0,-0.0914849125378854,0.0917461636140948
335,Naloxone,antagonist,19,0.0,42.10526315789473,-0.0882344129122834,0.0883395316717978
335,Naltrexone,antagonist,19,5.263157894736842,52.63157894736842,-0.0848397486446551,0.0850472018991877
335,PZM21,intermediate,19,78.94736842105263,0.0,-0.0925623982587858,0.0922349360906992
335,SR17018,strong,19,89.47368421052632,0.0,-0.0922056472818427,0.0924902322950269
335,TRV130,intermediate,19,52.63157894736842,0.0,-0.0861408612108664,0.0859939440757425
336,Buprenorphine,weak,19,36.84210526315789,5.263157894736842,-0.1113609576752473,0.11109641308379
336,Butorphanol,weak,19,0.0,31.57894736842105,-0.0801191611184618,0.0800647966675614
336,C6guano,strong,19,21.052631578947366,10.526315789473683,-0.0947407086689432,0.0946580524027358
336,Carfentanil,strong,19,42.10526315789473,10.526315789473683,-0.073569523017839,0.0734593326602058
336,DAMGO,strong,19,42.10526315789473,5.263157894736842,-0.0706493581082685,0.0704363723870284
336,Fentanyl,strong,19,47.368421052631575,0.0,-0.1135817353402551,0.113889572243734
336,MP,weak,19,42.10526315789473,0.0,-0.1049233218375642,0.1055544348762352
336,Methadone,intermediate,19,57.89473684210527,0.0,-0.1023794128819081,0.1022561647143245
336,Morphine,strong,19,26.31578947368421,10.526315789473683,-0.0938133962225504,0.0942030687789831
336,Nalbuphine,weak,19,15.789473684210526,21.052631578947366,-0.0914849125378854,0.0917461636140948
336,Naloxone,antagonist,19,10.526315789473683,21.052631578947366,-0.0882344129122834,0.0883395316717978
336,Naltrexone,antagonist,19,31.57894736842105,31.57894736842105,-0.0848397486446551,0.0850472018991877
336,PZM21,intermediate,19,47.368421052631575,5.263157894736842,-0.0925623982587858,0.0922349360906992
336,SR17018,strong,19,36.84210526315789,5.263157894736842,-0.0922056472818427,0.0924902322950269
336,TRV130,intermediate,19,26.31578947368421,0.0,-0.0861408612108664,0.0859939440757425
337,Buprenorphine,weak,18,27.77777777777778,0.0,-0.1113609576752473,0.11109641308379
337,Butorphanol,weak,18,22.22222222222222,5.555555555555555,-0.0801191611184618,0.0800647966675614
337,C6guano,strong,18,55.55555555555556,0.0,-0.0947407086689432,0.0946580524027358
337,Carfentanil,strong,18,66.66666666666666,0.0,-0.073569523017839,0.0734593326602058
337,DAMGO,strong,18,72.22222222222221,0.0,-0.0706493581082685,0.0704363723870284
337,Fentanyl,strong,18,61.111111111111114,0.0,-0.1135817353402551,0.113889572243734
337,MP,weak,18,16.666666666666664,11.11111111111111,-0.1049233218375642,0.1055544348762352
337,Methadone,intermediate,18,55.55555555555556,5.555555555555555,-0.1023794128819081,0.1022561647143245
337,Morphine,strong,18,55.55555555555556,5.555555555555555,-0.0938133962225504,0.0942030687789831
337,Nalbuphine,weak,18,0.0,11.11111111111111,-0.0914849125378854,0.0917461636140948
337,Naloxone,antagonist,18,0.0,44.44444444444444,-0.0882344129122834,0.0883395316717978
337,Naltrexone,antagonist,18,0.0,55.55555555555556,-0.0848397486446551,0.0850472018991877
337,PZM21,intermediate,18,61.111111111111114,0.0,-0.0925623982587858,0.0922349360906992
337,SR17018,strong,18,66.66666666666666,0.0,-0.0922056472818427,0.0924902322950269
337,TRV130,intermediate,18,55.55555555555556,0.0,-0.0861408612108664,0.0859939440757425
338,Buprenorphine,weak,19,42.10526315789473,0.0,-0.1113609576752473,0.11109641308379
338,Butorphanol,weak,19,73.68421052631578,0.0,-0.0801191611184618,0.0800647966675614
338,C6guano,strong,19,47.368421052631575,10.526315789473683,-0.0947407086689432,0.0946580524027358
338,Carfentanil,strong,19,68.42105263157895,0.0,-0.073569523017839,0.0734593326602058
338,DAMGO,strong,19,84.21052631578947,0.0,-0.0706493581082685,0.0704363723870284
338,Fentanyl,strong,19,63.1578947368421,0.0,-0.1135817353402551,0.113889572243734
338,MP,weak,19,47.368421052631575,5.263157894736842,-0.1049233218375642,0.1055544348762352
338,Methadone,intermediate,19,63.1578947368421,0.0,-0.1023794128819081,0.1022561647143245
338,Morphine,strong,19,73.68421052631578,0.0,-0.0938133962225504,0.0942030687789831
338,Nalbuphine,weak,19,42.10526315789473,0.0,-0.0914849125378854,0.0917461636140948
338,Naloxone,antagonist,19,10.526315789473683,15.789473684210526,-0.0882344129122834,0.0883395316717978
338,Naltrexone,antagonist,19,26.31578947368421,5.263157894736842,-0.0848397486446551,0.0850472018991877
338,PZM21,intermediate,19,73.68421052631578,0.0,-0.0925623982587858,0.0922349360906992
338,SR17018,strong,19,42.10526315789473,0.0,-0.0922056472818427,0.0924902322950269
338,TRV130,intermediate,19,57.89473684210527,5.263157894736842,-0.0861408612108664,0.0859939440757425
339,Buprenorphine,weak,19,47.368421052631575,5.263157894736842,-0.1113609576752473,0.11109641308379
339,Butorphanol,weak,19,26.31578947368421,0.0,-0.0801191611184618,0.0800647966675614
339,C6guano,strong,19,57.89473684210527,0.0,-0.0947407086689432,0.0946580524027358
339,Carfentanil,strong,19,42.10526315789473,0.0,-0.073569523017839,0.0734593326602058
339,DAMGO,strong,19,36.84210526315789,0.0,-0.0706493581082685,0.0704363723870284
339,Fentanyl,strong,19,36.84210526315789,5.263157894736842,-0.1135817353402551,0.113889572243734
339,MP,weak,19,31.57894736842105,0.0,-0.1049233218375642,0.1055544348762352
339,Methadone,intermediate,19,47.368421052631575,0.0,-0.1023794128819081,0.1022561647143245
339,Morphine,strong,19,42.10526315789473,5.263157894736842,-0.0938133962225504,0.0942030687789831
339,Nalbuphine,weak,19,10.526315789473683,10.526315789473683,-0.0914849125378854,0.0917461636140948
339,Naloxone,antagonist,19,21.052631578947366,10.526315789473683,-0.0882344129122834,0.0883395316717978
339,Naltrexone,antagonist,19,36.84210526315789,15.789473684210526,-0.0848397486446551,0.0850472018991877
339,PZM21,intermediate,19,57.89473684210527,10.526315789473683,-0.0925623982587858,0.0922349360906992
339,SR17018,strong,19,42.10526315789473,0.0,-0.0922056472818427,0.0924902322950269
339,TRV130,intermediate,19,42.10526315789473,26.31578947368421,-0.0861408612108664,0.0859939440757425
340,Buprenorphine,weak,19,47.368421052631575,0.0,-0.1113609576752473,0.11109641308379
340,Butorphanol,weak,19,21.052631578947366,10.526315789473683,-0.0801191611184618,0.0800647966675614
340,C6guano,strong,19,15.789473684210526,0.0,-0.0947407086689432,0.0946580524027358
340,Carfentanil,strong,19,36.84210526315789,0.0,-0.073569523017839,0.0734593326602058
340,DAMGO,strong,19,31.57894736842105,15.789473684210526,-0.0706493581082685,0.0704363723870284
340,Fentanyl,strong,19,21.052631578947366,0.0,-0.1135817353402551,0.113889572243734
340,MP,weak,19,52.63157894736842,0.0,-0.1049233218375642,0.1055544348762352
340,Methadone,intermediate,19,26.31578947368421,5.263157894736842,-0.1023794128819081,0.1022561647143245
340,Morphine,strong,19,26.31578947368421,10.526315789473683,-0.0938133962225504,0.0942030687789831
340,Nalbuphine,weak,19,42.10526315789473,0.0,-0.0914849125378854,0.0917461636140948
340,Naloxone,antagonist,19,5.263157894736842,21.052631578947366,-0.0882344129122834,0.0883395316717978
340,Naltrexone,antagonist,19,5.263157894736842,10.526315789473683,-0.0848397486446551,0.0850472018991877
340,PZM21,intermediate,19,15.789473684210526,5.263157894736842,-0.0925623982587858,0.0922349360906992
340,SR17018,strong,19,36.84210526315789,0.0,-0.0922056472818427,0.0924902322950269
340,TRV130,intermediate,19,31.57894736842105,10.526315789473683,-0.0861408612108664,0.0859939440757425
341,Buprenorphine,weak,19,10.526315789473683,15.789473684210526,-0.1113609576752473,0.11109641308379
341,Butorphanol,weak,19,0.0,10.526315789473683,-0.0801191611184618,0.0800647966675614
341,C6guano,strong,19,36.84210526315789,21.052631578947366,-0.0947407086689432,0.0946580524027358
341,Carfentanil,strong,19,36.84210526315789,15.789473684210526,-0.073569523017839,0.0734593326602058
341,DAMGO,strong,19,31.57894736842105,5.263157894736842,-0.0706493581082685,0.0704363723870284
341,Fentanyl,strong,19,36.84210526315789,5.263157894736842,-0.1135817353402551,0.113889572243734
341,MP,weak,19,0.0,5.263157894736842,-0.1049233218375642,0.1055544348762352
341,Methadone,intermediate,19,31.57894736842105,10.526315789473683,-0.1023794128819081,0.1022561647143245
341,Morphine,strong,19,36.84210526315789,0.0,-0.0938133962225504,0.0942030687789831
341,Nalbuphine,weak,19,5.263157894736842,42.10526315789473,-0.0914849125378854,0.0917461636140948
341,Naloxone,antagonist,19,0.0,73.68421052631578,-0.0882344129122834,0.0883395316717978
341,Naltrexone,antagonist,19,0.0,89.47368421052632,-0.0848397486446551,0.0850472018991877
341,PZM21,intermediate,19,42.10526315789473,0.0,-0.0925623982587858,0.0922349360906992
341,SR17018,strong,19,52.63157894736842,5.263157894736842,-0.0922056472818427,0.0924902322950269
341,TRV130,intermediate,19,36.84210526315789,15.789473684210526,-0.0861408612108664,0.0859939440757425
342,Buprenorphine,weak,19,21.052631578947366,0.0,-0.1113609576752473,0.11109641308379
342,Butorphanol,weak,19,47.368421052631575,0.0,-0.0801191611184618,0.0800647966675614
342,C6guano,strong,19,63.1578947368421,5.263157894736842,-0.0947407086689432,0.0946580524027358
342,Carfentanil,strong,19,73.68421052631578,0.0,-0.073569523017839,0.0734593326602058
342,DAMGO,strong,19,94.73684210526316,0.0,-0.0706493581082685,0.0704363723870284
342,Fentanyl,strong,19,94.73684210526316,0.0,-0.1135817353402551,0.113889572243734
342,MP,weak,19,0.0,10.526315789473683,-0.1049233218375642,0.1055544348762352
342,Methadone,intermediate,19,89.47368421052632,0.0,-0.1023794128819081,0.1022561647143245
342,Morphine,strong,19,57.89473684210527,0.0,-0.0938133962225504,0.0942030687789831
342,Nalbuphine,weak,19,5.263157894736842,15.789473684210526,-0.0914849125378854,0.0917461636140948
342,Naloxone,antagonist,19,5.263157894736842,68.42105263157895,-0.0882344129122834,0.0883395316717978
342,Naltrexone,antagonist,19,10.526315789473683,36.84210526315789,-0.0848397486446551,0.0850472018991877
342,PZM21,intermediate,19,73.68421052631578,0.0,-0.0925623982587858,0.0922349360906992
342,SR17018,strong,19,100.0,0.0,-0.0922056472818427,0.0924902322950269
342,TRV130,intermediate,19,63.1578947368421,10.526315789473683,-0.0861408612108664,0.0859939440757425
343,Buprenorphine,weak,19,10.526315789473683,10.526315789473683,-0.1113609576752473,0.11109641308379
343,Butorphanol,weak,19,0.0,52.63157894736842,-0.0801191611184618,0.0800647966675614
343,C6guano,strong,19,21.052631578947366,42.10526315789473,-0.0947407086689432,0.0946580524027358
343,Carfentanil,strong,19,10.526315789473683,21.052631578947366,-0.073569523017839,0.0734593326602058
343,DAMGO,strong,19,26.31578947368421,26.31578947368421,-0.0706493581082685,0.0704363723870284
343,Fentanyl,strong,19,10.526315789473683,21.052631578947366,-0.1135817353402551,0.113889572243734
343,MP,weak,19,0.0,21.052631578947366,-0.1049233218375642,0.1055544348762352
343,Methadone,intermediate,19,10.526315789473683,36.84210526315789,-0.1023794128819081,0.1022561647143245
343,Morphine,strong,19,5.263157894736842,47.368421052631575,-0.0938133962225504,0.0942030687789831
343,Nalbuphine,weak,19,5.263157894736842,26.31578947368421,-0.0914849125378854,0.0917461636140948
343,Naloxone,antagonist,19,0.0,36.84210526315789,-0.0882344129122834,0.0883395316717978
343,Naltrexone,antagonist,19,0.0,68.42105263157895,-0.0848397486446551,0.0850472018991877
343,PZM21,intermediate,19,5.263157894736842,36.84210526315789,-0.0925623982587858,0.0922349360906992
343,SR17018,strong,19,5.263157894736842,21.052631578947366,-0.0922056472818427,0.0924902322950269
343,TRV130,intermediate,19,21.052631578947366,31.57894736842105,-0.0861408612108664,0.0859939440757425
344,Buprenorphine,weak,18,88.88888888888889,0.0,-0.1113609576752473,0.11109641308379
344,Butorphanol,weak,18,83.33333333333334,0.0,-0.0801191611184618,0.0800647966675614
344,C6guano,strong,18,72.22222222222221,0.0,-0.0947407086689432,0.0946580524027358
344,Carfentanil,strong,18,66.66666666666666,0.0,-0.073569523017839,0.0734593326602058
344,DAMGO,strong,18,72.22222222222221,11.11111111111111,-0.0706493581082685,0.0704363723870284
344,Fentanyl,strong,18,61.111111111111114,0.0,-0.1135817353402551,0.113889572243734
344,MP,weak,18,55.55555555555556,0.0,-0.1049233218375642,0.1055544348762352
344,Methadone,intermediate,18,72.22222222222221,5.555555555555555,-0.1023794128819081,0.1022561647143245
344,Morphine,strong,18,66.66666666666666,5.555555555555555,-0.0938133962225504,0.0942030687789831
344,Nalbuphine,weak,18,77.77777777777779,5.555555555555555,-0.0914849125378854,0.0917461636140948
344,Naloxone,antagonist,18,5.555555555555555,27.77777777777778,-0.0882344129122834,0.0883395316717978
344,Naltrexone,antagonist,18,11.11111111111111,22.22222222222222,-0.0848397486446551,0.0850472018991877
344,PZM21,intermediate,18,83.33333333333334,0.0,-0.0925623982587858,0.0922349360906992
344,SR17018,strong,18,77.77777777777779,0.0,-0.0922056472818427,0.0924902322950269
344,TRV130,intermediate,18,61.111111111111114,5.555555555555555,-0.0861408612108664,0.0859939440757425
345,Buprenorphine,weak,19,21.052631578947366,0.0,-0.1113609576752473,0.11109641308379
345,Butorphanol,weak,19,36.84210526315789,10.526315789473683,-0.0801191611184618,0.0800647966675614
345,C6guano,strong,19,52.63157894736842,0.0,-0.0947407086689432,0.0946580524027358
345,Carfentanil,strong,19,73.68421052631578,0.0,-0.073569523017839,0.0734593326602058
345,DAMGO,strong,19,78.94736842105263,0.0,-0.0706493581082685,0.0704363723870284
345,Fentanyl,strong,19,63.1578947368421,0.0,-0.1135817353402551,0.113889572243734
345,MP,weak,19,26.31578947368421,0.0,-0.1049233218375642,0.1055544348762352
345,Methadone,intermediate,19,78.94736842105263,0.0,-0.1023794128819081,0.1022561647143245
345,Morphine,strong,19,68.42105263157895,0.0,-0.0938133962225504,0.0942030687789831
345,Nalbuphine,weak,19,10.526315789473683,5.263157894736842,-0.0914849125378854,0.0917461636140948
345,Naloxone,antagonist,19,15.789473684210526,36.84210526315789,-0.0882344129122834,0.0883395316717978
345,Naltrexone,antagonist,19,5.263157894736842,36.84210526315789,-0.0848397486446551,0.0850472018991877
345,PZM21,intermediate,19,73.68421052631578,0.0,-0.0925623982587858,0.0922349360906992
345,SR17018,strong,19,52.63157894736842,5.263157894736842,-0.0922056472818427,0.0924902322950269
345,TRV130,intermediate,19,57.89473684210527,0.0,-0.0861408612108664,0.0859939440757425
346,Buprenorphine,weak,19,42.10526315789473,0.0,-0.1113609576752473,0.11109641308379
346,Butorphanol,weak,19,31.57894736842105,5.263157894736842,-0.0801191611184618,0.0800647966675614
346,C6guano,strong,19,36.84210526315789,0.0,-0.0947407086689432,0.0946580524027358
346,Carfentanil,strong,19,47.368421052631575,5.263157894736842,-0.073569523017839,0.0734593326602058
346,DAMGO,strong,19,31.57894736842105,5.263157894736842,-0.0706493581082685,0.0704363723870284
346,Fentanyl,strong,19,36.84210526315789,0.0,-0.1135817353402551,0.113889572243734
346,MP,weak,19,42.10526315789473,5.263157894736842,-0.1049233218375642,0.1055544348762352
346,Methadone,intermediate,19,84.21052631578947,0.0,-0.1023794128819081,0.1022561647143245
346,Morphine,strong,19,26.31578947368421,0.0,-0.0938133962225504,0.0942030687789831
346,Nalbuphine,weak,19,21.052631578947366,5.263157894736842,-0.0914849125378854,0.0917461636140948
346,Naloxone,antagonist,19,21.052631578947366,5.263157894736842,-0.0882344129122834,0.0883395316717978
346,Naltrexone,antagonist,19,15.789473684210526,15.789473684210526,-0.0848397486446551,0.0850472018991877
346,PZM21,intermediate,19,52.63157894736842,0.0,-0.0925623982587858,0.0922349360906992
346,SR17018,strong,19,47.368421052631575,0.0,-0.0922056472818427,0.0924902322950269
346,TRV130,intermediate,19,15.789473684210526,0.0,-0.0861408612108664,0.0859939440757425
347,Buprenorphine,weak,19,42.10526315789473,0.0,-0.1113609576752473,0.11109641308379
347,Butorphanol,weak,19,63.1578947368421,0.0,-0.0801191611184618,0.0800647966675614
347,C6guano,strong,19,63.1578947368421,5.263157894736842,-0.0947407086689432,0.0946580524027358
347,Carfentanil,strong,19,15.789473684210526,5.263157894736842,-0.073569523017839,0.0734593326602058
347,DAMGO,strong,19,10.526315789473683,5.263157894736842,-0.0706493581082685,0.0704363723870284
347,Fentanyl,strong,19,47.368421052631575,10.526315789473683,-0.1135817353402551,0.113889572243734
347,MP,weak,19,57.89473684210527,0.0,-0.1049233218375642,0.1055544348762352
347,Methadone,intermediate,19,26.31578947368421,10.526315789473683,-0.1023794128819081,0.1022561647143245
347,Morphine,strong,19,31.57894736842105,0.0,-0.0938133962225504,0.0942030687789831
347,Nalbuphine,weak,19,26.31578947368421,0.0,-0.0914849125378854,0.0917461636140948
347,Naloxone,antagonist,19,36.84210526315789,0.0,-0.0882344129122834,0.0883395316717978
347,Naltrexone,antagonist,19,68.42105263157895,10.526315789473683,-0.0848397486446551,0.0850472018991877
347,PZM21,intermediate,19,47.368421052631575,0.0,-0.0925623982587858,0.0922349360906992
347,SR17018,strong,19,36.84210526315789,0.0,-0.0922056472818427,0.0924902322950269
347,TRV130,intermediate,19,63.1578947368421,0.0,-0.0861408612108664,0.0859939440757425
348,Buprenorphine,weak,19,5.263157894736842,0.0,-0.1113609576752473,0.11109641308379
348,Butorphanol,weak,19,31.57894736842105,21.052631578947366,-0.0801191611184618,0.0800647966675614
348,C6guano,strong,19,15.789473684210526,15.789473684210526,-0.0947407086689432,0.0946580524027358
348,Carfentanil,strong,19,36.84210526315789,15.789473684210526,-0.073569523017839,0.0734593326602058
348,DAMGO,strong,19,15.789473684210526,0.0,-0.0706493581082685,0.0704363723870284
348,Fentanyl,strong,19,42.10526315789473,0.0,-0.1135817353402551,0.113889572243734
348,MP,weak,19,5.263157894736842,0.0,-0.1049233218375642,0.1055544348762352
348,Methadone,intermediate,19,36.84210526315789,5.263157894736842,-0.1023794128819081,0.1022561647143245
348,Morphine,strong,19,5.263157894736842,15.789473684210526,-0.0938133962225504,0.0942030687789831
348,Nalbuphine,weak,19,0.0,31.57894736842105,-0.0914849125378854,0.0917461636140948
348,Naloxone,antagonist,19,5.263157894736842,36.84210526315789,-0.0882344129122834,0.0883395316717978
348,Naltrexone,antagonist,19,10.526315789473683,42.10526315789473,-0.0848397486446551,0.0850472018991877
348,PZM21,intermediate,19,10.526315789473683,5.263157894736842,-0.0925623982587858,0.0922349360906992
348,SR17018,strong,19,21.052631578947366,15.789473684210526,-0.0922056472818427,0.0924902322950269
348,TRV130,intermediate,19,10.526315789473683,15.789473684210526,-0.0861408612108664,0.0859939440757425
349,Buprenorphine,weak,19,15.789473684210526,15.789473684210526,-0.1113609576752473,0.11109641308379
349,Butorphanol,weak,19,15.789473684210526,0.0,-0.0801191611184618,0.0800647966675614
349,C6guano,strong,19,26.31578947368421,15.789473684210526,-0.0947407086689432,0.0946580524027358
349,Carfentanil,strong,19,68.42105263157895,0.0,-0.073569523017839,0.0734593326602058
349,DAMGO,strong,19,63.1578947368421,0.0,-0.0706493581082685,0.0704363723870284
349,Fentanyl,strong,19,47.368421052631575,5.263157894736842,-0.1135817353402551,0.113889572243734
349,MP,weak,19,31.57894736842105,0.0,-0.1049233218375642,0.1055544348762352
349,Methadone,intermediate,19,63.1578947368421,5.263157894736842,-0.1023794128819081,0.1022561647143245
349,Morphine,strong,19,52.63157894736842,5.263157894736842,-0.0938133962225504,0.0942030687789831
349,Nalbuphine,weak,19,5.263157894736842,26.31578947368421,-0.0914849125378854,0.0917461636140948
349,Naloxone,antagonist,19,0.0,15.789473684210526,-0.0882344129122834,0.0883395316717978
349,Naltrexone,antagonist,19,5.263157894736842,36.84210526315789,-0.0848397486446551,0.0850472018991877
349,PZM21,intermediate,19,63.1578947368421,5.263157894736842,-0.0925623982587858,0.0922349360906992
349,SR17018,strong,19,52.63157894736842,10.526315789473683,-0.0922056472818427,0.0924902322950269
349,TRV130,intermediate,19,63.1578947368421,0.0,-0.0861408612108664,0.0859939440757425
350,Buprenorphine,weak,19,5.263157894736842,0.0,-0.1113609576752473,0.11109641308379
350,Butorphanol,weak,19,10.526315789473683,0.0,-0.0801191611184618,0.0800647966675614
350,C6guano,strong,19,21.052631578947366,5.263157894736842,-0.0947407086689432,0.0946580524027358
350,Carfentanil,strong,19,26.31578947368421,10.526315789473683,-0.073569523017839,0.0734593326602058
350,DAMGO,strong,19,15.789473684210526,15.789473684210526,-0.0706493581082685,0.0704363723870284
350,Fentanyl,strong,19,31.57894736842105,0.0,-0.1135817353402551,0.113889572243734
350,MP,weak,19,31.57894736842105,10.526315789473683,-0.1049233218375642,0.1055544348762352
350,Methadone,intermediate,19,5.263157894736842,0.0,-0.1023794128819081,0.1022561647143245
350,Morphine,strong,19,31.57894736842105,0.0,-0.0938133962225504,0.0942030687789831
350,Nalbuphine,weak,19,5.263157894736842,0.0,-0.0914849125378854,0.0917461636140948
350,Naloxone,antagonist,19,10.526315789473683,0.0,-0.0882344129122834,0.0883395316717978
350,Naltrexone,antagonist,19,0.0,0.0,-0.0848397486446551,0.0850472018991877
350,PZM21,intermediate,19,21.052631578947366,0.0,-0.0925623982587858,0.0922349360906992
350,SR17018,strong,19,26.31578947368421,10.526315789473683,-0.0922056472818427,0.0924902322950269
350,TRV130,intermediate,19,26.31578947368421,0.0,-0.0861408612108664,0.0859939440757425
351,Buprenorphine,weak,19,0.0,15.789473684210526,-0.1113609576752473,0.11109641308379
351,Butorphanol,weak,19,0.0,63.1578947368421,-0.0801191611184618,0.0800647966675614
351,C6guano,strong,19,0.0,68.42105263157895,-0.0947407086689432,0.0946580524027358
351,Carfentanil,strong,19,0.0,15.789473684210526,-0.073569523017839,0.0734593326602058
351,DAMGO,strong,19,0.0,15.789473684210526,-0.0706493581082685,0.0704363723870284
351,Fentanyl,strong,19,0.0,0.0,-0.1135817353402551,0.113889572243734
351,MP,weak,19,0.0,84.21052631578947,-0.1049233218375642,0.1055544348762352
351,Methadone,intermediate,19,0.0,36.84210526315789,-0.1023794128819081,0.1022561647143245
351,Morphine,strong,19,0.0,31.57894736842105,-0.0938133962225504,0.0942030687789831
351,Nalbuphine,weak,19,0.0,47.368421052631575,-0.0914849125378854,0.0917461636140948
351,Naloxone,antagonist,19,5.263157894736842,36.84210526315789,-0.0882344129122834,0.0883395316717978
351,Naltrexone,antagonist,19,0.0,63.1578947368421,-0.0848397486446551,0.0850472018991877
351,PZM21,intermediate,19,0.0,47.368421052631575,-0.0925623982587858,0.0922349360906992
351,SR17018,strong,19,0.0,36.84210526315789,-0.0922056472818427,0.0924902322950269
351,TRV130,intermediate,19,5.263157894736842,42.10526315789473,-0.0861408612108664,0.0859939440757425
352,Buprenorphine,weak,18,0.0,11.11111111111111,-0.1113609576752473,0.11109641308379
352,Butorphanol,weak,18,0.0,38.88888888888889,-0.0801191611184618,0.0800647966675614
352,C6guano,strong,18,0.0,22.22222222222222,-0.0947407086689432,0.0946580524027358
352,Carfentanil,strong,18,0.0,33.33333333333333,-0.073569523017839,0.0734593326602058
352,DAMGO,strong,18,0.0,38.88888888888889,-0.0706493581082685,0.0704363723870284
352,Fentanyl,strong,18,5.555555555555555,0.0,-0.1135817353402551,0.113889572243734
352,MP,weak,18,0.0,61.111111111111114,-0.1049233218375642,0.1055544348762352
352,Methadone,intermediate,18,11.11111111111111,16.666666666666664,-0.1023794128819081,0.1022561647143245
352,Morphine,strong,18,0.0,5.555555555555555,-0.0938133962225504,0.0942030687789831
352,Nalbuphine,weak,18,0.0,44.44444444444444,-0.0914849125378854,0.0917461636140948
352,Naloxone,antagonist,18,0.0,50.0,-0.0882344129122834,0.0883395316717978
352,Naltrexone,antagonist,18,0.0,61.111111111111114,-0.0848397486446551,0.0850472018991877
352,PZM21,intermediate,18,5.555555555555555,27.77777777777778,-0.0925623982587858,0.0922349360906992
352,SR17018,strong,18,5.555555555555555,11.11111111111111,-0.0922056472818427,0.0924902322950269
352,TRV130,intermediate,18,0.0,44.44444444444444,-0.0861408612108664,0.0859939440757425
353,Buprenorphine,weak,19,0.0,10.526315789473683,-0.1113609576752473,0.11109641308379
353,Butorphanol,weak,19,0.0,26.31578947368421,-0.0801191611184618,0.0800647966675614
353,C6guano,strong,19,10.526315789473683,0.0,-0.0947407086689432,0.0946580524027358
353,Carfentanil,strong,19,21.052631578947366,31.57894736842105,-0.073569523017839,0.0734593326602058
353,DAMGO,strong,19,26.31578947368421,5.263157894736842,-0.0706493581082685,0.0704363723870284
353,Fentanyl,strong,19,15.789473684210526,0.0,-0.1135817353402551,0.113889572243734
353,MP,weak,19,10.526315789473683,31.57894736842105,-0.1049233218375642,0.1055544348762352
353,Methadone,intermediate,19,10.526315789473683,5.263157894736842,-0.1023794128819081,0.1022561647143245
353,Morphine,strong,19,15.789473684210526,10.526315789473683,-0.0938133962225504,0.0942030687789831
353,Nalbuphine,weak,19,0.0,21.052631578947366,-0.0914849125378854,0.0917461636140948
353,Naloxone,antagonist,19,5.263157894736842,26.31578947368421,-0.0882344129122834,0.0883395316717978
353,Naltrexone,antagonist,19,0.0,57.89473684210527,-0.0848397486446551,0.0850472018991877
353,PZM21,intermediate,19,0.0,5.263157894736842,-0.0925623982587858,0.0922349360906992
353,SR17018,strong,19,5.263157894736842,0.0,-0.0922056472818427,0.0924902322950269
353,TRV130,intermediate,19,0.0,21.052631578947366,-0.0861408612108664,0.0859939440757425
354,Buprenorphine,weak,19,10.526315789473683,0.0,-0.1113609576752473,0.11109641308379
354,Butorphanol,weak,19,0.0,31.57894736842105,-0.0801191611184618,0.0800647966675614
354,C6guano,strong,19,0.0,26.31578947368421,-0.0947407086689432,0.0946580524027358
354,Carfentanil,strong,19,0.0,36.84210526315789,-0.073569523017839,0.0734593326602058
354,DAMGO,strong,19,5.263157894736842,26.31578947368421,-0.0706493581082685,0.0704363723870284
354,Fentanyl,strong,19,5.263157894736842,21.052631578947366,-0.1135817353402551,0.113889572243734
354,MP,weak,19,0.0,47.368421052631575,-0.1049233218375642,0.1055544348762352
354,Methadone,intermediate,19,0.0,52.63157894736842,-0.1023794128819081,0.1022561647143245
354,Morphine,strong,19,0.0,47.368421052631575,-0.0938133962225504,0.0942030687789831
354,Nalbuphine,weak,19,5.263157894736842,10.526315789473683,-0.0914849125378854,0.0917461636140948
354,Naloxone,antagonist,19,0.0,0.0,-0.0882344129122834,0.0883395316717978
354,Naltrexone,antagonist,19,0.0,31.57894736842105,-0.0848397486446551,0.0850472018991877
354,PZM21,intermediate,19,0.0,21.052631578947366,-0.0925623982587858,0.0922349360906992
354,SR17018,strong,19,0.0,57.89473684210527,-0.0922056472818427,0.0924902322950269
354,TRV130,intermediate,19,0.0,57.89473684210527,-0.0861408612108664,0.0859939440757425
355,Buprenorphine,weak,19,5.263157894736842,5.263157894736842,-0.1113609576752473,0.11109641308379
355,Butorphanol,weak,19,0.0,73.68421052631578,-0.0801191611184618,0.0800647966675614
355,C6guano,strong,19,0.0,21.052631578947366,-0.0947407086689432,0.0946580524027358
355,Carfentanil,strong,19,0.0,10.526315789473683,-0.073569523017839,0.0734593326602058
355,DAMGO,strong,19,0.0,10.526315789473683,-0.0706493581082685,0.0704363723870284
355,Fentanyl,strong,19,0.0,10.526315789473683,-0.1135817353402551,0.113889572243734
355,MP,weak,19,5.263157894736842,10.526315789473683,-0.1049233218375642,0.1055544348762352
355,Methadone,intermediate,19,0.0,31.57894736842105,-0.1023794128819081,0.1022561647143245
355,Morphine,strong,19,0.0,5.263157894736842,-0.0938133962225504,0.0942030687789831
355,Nalbuphine,weak,19,0.0,15.789473684210526,-0.0914849125378854,0.0917461636140948
355,Naloxone,antagonist,19,0.0,15.789473684210526,-0.0882344129122834,0.0883395316717978
355,Naltrexone,antagonist,19,5.263157894736842,26.31578947368421,-0.0848397486446551,0.0850472018991877
355,PZM21,intermediate,19,5.263157894736842,10.526315789473683,-0.0925623982587858,0.0922349360906992
355,SR17018,strong,19,5.263157894736842,15.789473684210526,-0.0922056472818427,0.0924902322950269
355,TRV130,intermediate,19,0.0,42.10526315789473,-0.0861408612108664,0.0859939440757425
356,Buprenorphine,weak,19,5.263157894736842,5.263157894736842,-0.1113609576752473,0.11109641308379
356,Butorphanol,weak,19,0.0,26.31578947368421,-0.0801191611184618,0.0800647966675614
356,C6guano,strong,19,5.263157894736842,26.31578947368421,-0.0947407086689432,0.0946580524027358
356,Carfentanil,strong,19,10.526315789473683,31.57894736842105,-0.073569523017839,0.0734593326602058
356,DAMGO,strong,19,0.0,42.10526315789473,-0.0706493581082685,0.0704363723870284
356,Fentanyl,strong,19,0.0,5.263157894736842,-0.1135817353402551,0.113889572243734
356,MP,weak,19,0.0,26.31578947368421,-0.1049233218375642,0.1055544348762352
356,Methadone,intermediate,19,0.0,31.57894736842105,-0.1023794128819081,0.1022561647143245
356,Morphine,strong,19,0.0,42.10526315789473,-0.0938133962225504,0.0942030687789831
356,Nalbuphine,weak,19,0.0,36.84210526315789,-0.0914849125378854,0.0917461636140948
356,Naloxone,antagonist,19,10.526315789473683,26.31578947368421,-0.0882344129122834,0.0883395316717978
356,Naltrexone,antagonist,19,0.0,36.84210526315789,-0.0848397486446551,0.0850472018991877
356,PZM21,intermediate,19,0.0,26.31578947368421,-0.0925623982587858,0.0922349360906992
356,SR17018,strong,19,0.0,47.368421052631575,-0.0922056472818427,0.0924902322950269
356,TRV130,intermediate,19,0.0,42.10526315789473,-0.0861408612108664,0.0859939440757425
357,Buprenorphine,weak,19,5.263157894736842,10.526315789473683,-0.1113609576752473,0.11109641308379
357,Butorphanol,weak,19,0.0,36.84210526315789,-0.0801191611184618,0.0800647966675614
357,C6guano,strong,19,0.0,10.526315789473683,-0.0947407086689432,0.0946580524027358
357,Carfentanil,strong,19,0.0,36.84210526315789,-0.073569523017839,0.0734593326602058
357,DAMGO,strong,19,5.263157894736842,15.789473684210526,-0.0706493581082685,0.0704363723870284
357,Fentanyl,strong,19,0.0,5.263157894736842,-0.1135817353402551,0.113889572243734
357,MP,weak,19,0.0,15.789473684210526,-0.1049233218375642,0.1055544348762352
357,Methadone,intermediate,19,0.0,10.526315789473683,-0.1023794128819081,0.1022561647143245
357,Morphine,strong,19,0.0,5.263157894736842,-0.0938133962225504,0.0942030687789831
357,Nalbuphine,weak,19,5.263157894736842,15.789473684210526,-0.0914849125378854,0.0917461636140948
357,Naloxone,antagonist,19,21.052631578947366,5.263157894736842,-0.0882344129122834,0.0883395316717978
357,Naltrexone,antagonist,19,0.0,15.789473684210526,-0.0848397486446551,0.0850472018991877
357,PZM21,intermediate,19,0.0,10.526315789473683,-0.0925623982587858,0.0922349360906992
357,SR17018,strong,19,10.526315789473683,57.89473684210527,-0.0922056472818427,0.0924902322950269
357,TRV130,intermediate,19,5.263157894736842,15.789473684210526,-0.0861408612108664,0.0859939440757425
358,Buprenorphine,weak,19,0.0,15.789473684210526,-0.1113609576752473,0.11109641308379
358,Butorphanol,weak,19,0.0,26.31578947368421,-0.0801191611184618,0.0800647966675614
358,C6guano,strong,19,0.0,42.10526315789473,-0.0947407086689432,0.0946580524027358
358,Carfentanil,strong,19,5.263157894736842,42.10526315789473,-0.073569523017839,0.0734593326602058
358,DAMGO,strong,19,5.263157894736842,21.052631578947366,-0.0706493581082685,0.0704363723870284
358,Fentanyl,strong,19,0.0,5.263157894736842,-0.1135817353402551,0.113889572243734
358,MP,weak,19,0.0,5.263157894736842,-0.1049233218375642,0.1055544348762352
358,Methadone,intermediate,19,5.263157894736842,10.526315789473683,-0.1023794128819081,0.1022561647143245
358,Morphine,strong,19,0.0,42.10526315789473,-0.0938133962225504,0.0942030687789831
358,Nalbuphine,weak,19,0.0,5.263157894736842,-0.0914849125378854,0.0917461636140948
358,Naloxone,antagonist,19,5.263157894736842,0.0,-0.0882344129122834,0.0883395316717978
358,Naltrexone,antagonist,19,0.0,0.0,-0.0848397486446551,0.0850472018991877
358,PZM21,intermediate,19,0.0,36.84210526315789,-0.0925623982587858,0.0922349360906992
358,SR17018,strong,19,0.0,31.57894736842105,-0.0922056472818427,0.0924902322950269
358,TRV130,intermediate,19,0.0,47.368421052631575,-0.0861408612108664,0.0859939440757425
359,Buprenorphine,weak,19,0.0,21.052631578947366,-0.1113609576752473,0.11109641308379
359,Butorphanol,weak,19,0.0,42.10526315789473,-0.0801191611184618,0.0800647966675614
359,C6guano,strong,19,0.0,42.10526315789473,-0.0947407086689432,0.0946580524027358
359,Carfentanil,strong,19,0.0,42.10526315789473,-0.073569523017839,0.0734593326602058
359,DAMGO,strong,19,0.0,42.10526315789473,-0.0706493581082685,0.0704363723870284
359,Fentanyl,strong,19,0.0,5.263157894736842,-0.1135817353402551,0.113889572243734
359,MP,weak,19,5.263157894736842,47.368421052631575,-0.1049233218375642,0.1055544348762352
359,Methadone,intermediate,19,0.0,21.052631578947366,-0.1023794128819081,0.1022561647143245
359,Morphine,strong,19,0.0,31.57894736842105,-0.0938133962225504,0.0942030687789831
359,Nalbuphine,weak,19,0.0,57.89473684210527,-0.0914849125378854,0.0917461636140948
359,Naloxone,antagonist,19,0.0,15.789473684210526,-0.0882344129122834,0.0883395316717978
359,Naltrexone,antagonist,19,5.263157894736842,26.31578947368421,-0.0848397486446551,0.0850472018991877
359,PZM21,intermediate,19,0.0,15.789473684210526,-0.0925623982587858,0.0922349360906992
359,SR17018,strong,19,0.0,26.31578947368421,-0.0922056472818427,0.0924902322950269
359,TRV130,intermediate,19,0.0,31.57894736842105,-0.0861408612108664,0.0859939440757425
360,Buprenorphine,weak,19,0.0,21.052631578947366,-0.1113609576752473,0.11109641308379
360,Butorphanol,weak,19,0.0,42.10526315789473,-0.0801191611184618,0.0800647966675614
360,C6guano,strong,19,0.0,36.84210526315789,-0.0947407086689432,0.0946580524027358
360,Carfentanil,strong,19,5.263157894736842,26.31578947368421,-0.073569523017839,0.0734593326602058
360,DAMGO,strong,19,0.0,31.57894736842105,-0.0706493581082685,0.0704363723870284
360,Fentanyl,strong,19,0.0,5.263157894736842,-0.1135817353402551,0.113889572243734
360,MP,weak,19,0.0,21.052631578947366,-0.1049233218375642,0.1055544348762352
360,Methadone,intermediate,19,0.0,21.052631578947366,-0.1023794128819081,0.1022561647143245
360,Morphine,strong,19,0.0,63.1578947368421,-0.0938133962225504,0.0942030687789831
360,Nalbuphine,weak,19,0.0,26.31578947368421,-0.0914849125378854,0.0917461636140948
360,Naloxone,antagonist,19,10.526315789473683,10.526315789473683,-0.0882344129122834,0.0883395316717978
360,Naltrexone,antagonist,19,0.0,26.31578947368421,-0.0848397486446551,0.0850472018991877
360,PZM21,intermediate,19,0.0,42.10526315789473,-0.0925623982587858,0.0922349360906992
360,SR17018,strong,19,0.0,57.89473684210527,-0.0922056472818427,0.0924902322950269
360,TRV130,intermediate,19,5.263157894736842,52.63157894736842,-0.0861408612108664,0.0859939440757425
361,Buprenorphine,weak,19,0.0,0.0,-0.1113609576752473,0.11109641308379
361,Butorphanol,weak,19,5.263157894736842,26.31578947368421,-0.0801191611184618,0.0800647966675614
361,C6guano,strong,19,0.0,10.526315789473683,-0.0947407086689432,0.0946580524027358
361,Carfentanil,strong,19,0.0,15.789473684210526,-0.073569523017839,0.0734593326602058
361,DAMGO,strong,19,0.0,36.84210526315789,-0.0706493581082685,0.0704363723870284
361,Fentanyl,strong,19,0.0,0.0,-0.1135817353402551,0.113889572243734
361,MP,weak,19,0.0,10.526315789473683,-0.1049233218375642,0.1055544348762352
361,Methadone,intermediate,19,5.263157894736842,31.57894736842105,-0.1023794128819081,0.1022561647143245
361,Morphine,strong,19,0.0,47.368421052631575,-0.0938133962225504,0.0942030687789831
361,Nalbuphine,weak,19,0.0,21.052631578947366,-0.0914849125378854,0.0917461636140948
361,Naloxone,antagonist,19,0.0,0.0,-0.0882344129122834,0.0883395316717978
361,Naltrexone,antagonist,19,0.0,31.57894736842105,-0.0848397486446551,0.0850472018991877
361,PZM21,intermediate,19,5.263157894736842,26.31578947368421,-0.0925623982587858,0.0922349360906992
361,SR17018,strong,19,0.0,21.052631578947366,-0.0922056472818427,0.0924902322950269
361,TRV130,intermediate,19,0.0,26.31578947368421,-0.0861408612108664,0.0859939440757425
362,Buprenorphine,weak,19,0.0,26.31578947368421,-0.1113609576752473,0.11109641308379
362,Butorphanol,weak,19,0.0,31.57894736842105,-0.0801191611184618,0.0800647966675614
362,C6guano,strong,19,0.0,15.789473684210526,-0.0947407086689432,0.0946580524027358
362,Carfentanil,strong,19,0.0,52.63157894736842,-0.073569523017839,0.0734593326602058
362,DAMGO,strong,19,0.0,36.84210526315789,-0.0706493581082685,0.0704363723870284
362,Fentanyl,strong,19,0.0,10.526315789473683,-0.1135817353402551,0.113889572243734
362,MP,weak,19,0.0,10.526315789473683,-0.1049233218375642,0.1055544348762352
362,Methadone,intermediate,19,0.0,15.789473684210526,-0.1023794128819081,0.1022561647143245
362,Morphine,strong,19,0.0,10.526315789473683,-0.0938133962225504,0.0942030687789831
362,Nalbuphine,weak,19,0.0,15.789473684210526,-0.0914849125378854,0.0917461636140948
362,Naloxone,antagonist,19,10.526315789473683,0.0,-0.0882344129122834,0.0883395316717978
362,Naltrexone,antagonist,19,0.0,26.31578947368421,-0.0848397486446551,0.0850472018991877
362,PZM21,intermediate,19,0.0,10.526315789473683,-0.0925623982587858,0.0922349360906992
362,SR17018,strong,19,0.0,21.052631578947366,-0.0922056472818427,0.0924902322950269
362,TRV130,intermediate,19,5.263157894736842,21.052631578947366,-0.0861408612108664,0.0859939440757425
363,Buprenorphine,weak,19,5.263157894736842,0.0,-0.1113609576752473,0.11109641308379
363,Butorphanol,weak,19,0.0,47.368421052631575,-0.0801191611184618,0.0800647966675614
363,C6guano,strong,19,5.263157894736842,10.526315789473683,-0.0947407086689432,0.0946580524027358
363,Carfentanil,strong,19,0.0,68.42105263157895,-0.073569523017839,0.0734593326602058
363,DAMGO,strong,19,0.0,36.84210526315789,-0.0706493581082685,0.0704363723870284
363,Fentanyl,strong,19,5.263157894736842,5.263157894736842,-0.1135817353402551,0.113889572243734
363,MP,weak,19,5.263157894736842,31.57894736842105,-0.1049233218375642,0.1055544348762352
363,Methadone,intermediate,19,0.0,21.052631578947366,-0.1023794128819081,0.1022561647143245
363,Morphine,strong,19,0.0,57.89473684210527,-0.0938133962225504,0.0942030687789831
363,Nalbuphine,weak,19,0.0,52.63157894736842,-0.0914849125378854,0.0917461636140948
363,Naloxone,antagonist,19,5.263157894736842,0.0,-0.0882344129122834,0.0883395316717978
363,Naltrexone,antagonist,19,0.0,36.84210526315789,-0.0848397486446551,0.0850472018991877
363,PZM21,intermediate,19,0.0,31.57894736842105,-0.0925623982587858,0.0922349360906992
363,SR17018,strong,19,0.0,42.10526315789473,-0.0922056472818427,0.0924902322950269
363,TRV130,intermediate,19,0.0,31.57894736842105,-0.0861408612108664,0.0859939440757425
364,Buprenorphine,weak,19,0.0,5.263157894736842,-0.1113609576752473,0.11109641308379
364,Butorphanol,weak,19,0.0,10.526315789473683,-0.0801191611184618,0.0800647966675614
364,C6guano,strong,19,5.263157894736842,42.10526315789473,-0.0947407086689432,0.0946580524027358
364,Carfentanil,strong,19,5.263157894736842,15.789473684210526,-0.073569523017839,0.0734593326602058
364,DAMGO,strong,19,0.0,10.526315789473683,-0.0706493581082685,0.0704363723870284
364,Fentanyl,strong,19,0.0,10.526315789473683,-0.1135817353402551,0.113889572243734
364,MP,weak,19,0.0,26.31578947368421,-0.1049233218375642,0.1055544348762352
364,Methadone,intermediate,19,0.0,21.052631578947366,-0.1023794128819081,0.1022561647143245
364,Morphine,strong,19,0.0,15.789473684210526,-0.0938133962225504,0.0942030687789831
364,Nalbuphine,weak,19,0.0,15.789473684210526,-0.0914849125378854,0.0917461636140948
364,Naloxone,antagonist,19,0.0,0.0,-0.0882344129122834,0.0883395316717978
364,Naltrexone,antagonist,19,0.0,10.526315789473683,-0.0848397486446551,0.0850472018991877
364,PZM21,intermediate,19,5.263157894736842,47.368421052631575,-0.0925623982587858,0.0922349360906992
364,SR17018,strong,19,0.0,36.84210526315789,-0.0922056472818427,0.0924902322950269
364,TRV130,intermediate,19,0.0,42.10526315789473,-0.0861408612108664,0.0859939440757425
365,Buprenorphine,weak,19,0.0,0.0,-0.1113609576752473,0.11109641308379
365,Butorphanol,weak,19,0.0,47.368421052631575,-0.0801191611184618,0.0800647966675614
365,C6guano,strong,19,0.0,31.57894736842105,-0.0947407086689432,0.0946580524027358
365,Carfentanil,strong,19,0.0,31.57894736842105,-0.073569523017839,0.0734593326602058
365,DAMGO,strong,19,0.0,52.63157894736842,-0.0706493581082685,0.0704363723870284
365,Fentanyl,strong,19,0.0,15.789473684210526,-0.1135817353402551,0.113889572243734
365,MP,weak,19,0.0,63.1578947368421,-0.1049233218375642,0.1055544348762352
365,Methadone,intermediate,19,0.0,42.10526315789473,-0.1023794128819081,0.1022561647143245
365,Morphine,strong,19,0.0,42.10526315789473,-0.0938133962225504,0.0942030687789831
365,Nalbuphine,weak,19,0.0,15.789473684210526,-0.0914849125378854,0.0917461636140948
365,Naloxone,antagonist,19,0.0,0.0,-0.0882344129122834,0.0883395316717978
365,Naltrexone,antagonist,19,5.263157894736842,21.052631578947366,-0.0848397486446551,0.0850472018991877
365,PZM21,intermediate,19,0.0,15.789473684210526,-0.0925623982587858,0.0922349360906992
365,SR17018,strong,19,0.0,47.368421052631575,-0.0922056472818427,0.0924902322950269
365,TRV130,intermediate,19,0.0,10.526315789473683,-0.0861408612108664,0.0859939440757425
366,Buprenorphine,weak,19,0.0,21.052631578947366,-0.1113609576752473,0.11109641308379
366,Butorphanol,weak,19,0.0,21.052631578947366,-0.0801191611184618,0.0800647966675614
366,C6guano,strong,19,0.0,42.10526315789473,-0.0947407086689432,0.0946580524027358
366,Carfentanil,strong,19,5.263157894736842,26.31578947368421,-0.073569523017839,0.0734593326602058
366,DAMGO,strong,19,0.0,52.63157894736842,-0.0706493581082685,0.0704363723870284
366,Fentanyl,strong,19,0.0,5.263157894736842,-0.1135817353402551,0.113889572243734
366,MP,weak,19,0.0,36.84210526315789,-0.1049233218375642,0.1055544348762352
366,Methadone,intermediate,19,0.0,15.789473684210526,-0.1023794128819081,0.1022561647143245
366,Morphine,strong,19,0.0,31.57894736842105,-0.0938133962225504,0.0942030687789831
366,Nalbuphine,weak,19,0.0,5.263157894736842,-0.0914849125378854,0.0917461636140948
366,Naloxone,antagonist,19,0.0,21.052631578947366,-0.0882344129122834,0.0883395316717978
366,Naltrexone,antagonist,19,0.0,21.052631578947366,-0.0848397486446551,0.0850472018991877
366,PZM21,intermediate,19,5.263157894736842,21.052631578947366,-0.0925623982587858,0.0922349360906992
366,SR17018,strong,19,0.0,26.31578947368421,-0.0922056472818427,0.0924902322950269
366,TRV130,intermediate,19,0.0,36.84210526315789,-0.0861408612108664,0.0859939440757425
367,Buprenorphine,weak,19,0.0,0.0,-0.1113609576752473,0.11109641308379
367,Butorphanol,weak,19,0.0,26.31578947368421,-0.0801191611184618,0.0800647966675614
367,C6guano,strong,19,5.263157894736842,10.526315789473683,-0.0947407086689432,0.0946580524027358
367,Carfentanil,strong,19,5.263157894736842,10.526315789473683,-0.073569523017839,0.0734593326602058
367,DAMGO,strong,19,21.052631578947366,10.526315789473683,-0.0706493581082685,0.0704363723870284
367,Fentanyl,strong,19,15.789473684210526,5.263157894736842,-0.1135817353402551,0.113889572243734
367,MP,weak,19,15.789473684210526,15.789473684210526,-0.1049233218375642,0.1055544348762352
367,Methadone,intermediate,19,0.0,0.0,-0.1023794128819081,0.1022561647143245
367,Morphine,strong,19,5.263157894736842,5.263157894736842,-0.0938133962225504,0.0942030687789831
367,Nalbuphine,weak,19,0.0,26.31578947368421,-0.0914849125378854,0.0917461636140948
367,Naloxone,antagonist,19,10.526315789473683,0.0,-0.0882344129122834,0.0883395316717978
367,Naltrexone,antagonist,19,26.31578947368421,5.263157894736842,-0.0848397486446551,0.0850472018991877
367,PZM21,intermediate,19,5.263157894736842,0.0,-0.0925623982587858,0.0922349360906992
367,SR17018,strong,19,26.31578947368421,15.789473684210526,-0.0922056472818427,0.0924902322950269
367,TRV130,intermediate,19,0.0,10.526315789473683,-0.0861408612108664,0.0859939440757425
368,Buprenorphine,weak,19,10.526315789473683,26.31578947368421,-0.1113609576752473,0.11109641308379
368,Butorphanol,weak,19,0.0,31.57894736842105,-0.0801191611184618,0.0800647966675614
368,C6guano,strong,19,5.263157894736842,47.368421052631575,-0.0947407086689432,0.0946580524027358
368,Carfentanil,strong,19,5.263157894736842,36.84210526315789,-0.073569523017839,0.0734593326602058
368,DAMGO,strong,19,5.263157894736842,31.57894736842105,-0.0706493581082685,0.0704363723870284
368,Fentanyl,strong,19,5.263157894736842,0.0,-0.1135817353402551,0.113889572243734
368,MP,weak,19,0.0,21.052631578947366,-0.1049233218375642,0.1055544348762352
368,Methadone,intermediate,19,5.263157894736842,36.84210526315789,-0.1023794128819081,0.1022561647143245
368,Morphine,strong,19,0.0,21.052631578947366,-0.0938133962225504,0.0942030687789831
368,Nalbuphine,weak,19,10.526315789473683,10.526315789473683,-0.0914849125378854,0.0917461636140948
368,Naloxone,antagonist,19,0.0,21.052631578947366,-0.0882344129122834,0.0883395316717978
368,Naltrexone,antagonist,19,0.0,26.31578947368421,-0.0848397486446551,0.0850472018991877
368,PZM21,intermediate,19,5.263157894736842,26.31578947368421,-0.0925623982587858,0.0922349360906992
368,SR17018,strong,19,0.0,31.57894736842105,-0.0922056472818427,0.0924902322950269
368,TRV130,intermediate,19,5.263157894736842,42.10526315789473,-0.0861408612108664,0.0859939440757425
369,Buprenorphine,weak,19,5.263157894736842,0.0,-0.1113609576752473,0.11109641308379
369,Butorphanol,weak,19,0.0,21.052631578947366,-0.0801191611184618,0.0800647966675614
369,C6guano,strong,19,0.0,5.263157894736842,-0.0947407086689432,0.0946580524027358
369,Carfentanil,strong,19,5.263157894736842,15.789473684210526,-0.073569523017839,0.0734593326602058
369,DAMGO,strong,19,5.263157894736842,15.789473684210526,-0.0706493581082685,0.0704363723870284
369,Fentanyl,strong,19,21.052631578947366,0.0,-0.1135817353402551,0.113889572243734
369,MP,weak,19,0.0,21.052631578947366,-0.1049233218375642,0.1055544348762352
369,Methadone,intermediate,19,0.0,36.84210526315789,-0.1023794128819081,0.1022561647143245
369,Morphine,strong,19,0.0,10.526315789473683,-0.0938133962225504,0.0942030687789831
369,Nalbuphine,weak,19,0.0,26.31578947368421,-0.0914849125378854,0.0917461636140948
369,Naloxone,antagonist,19,15.789473684210526,0.0,-0.0882344129122834,0.0883395316717978
369,Naltrexone,antagonist,19,10.526315789473683,26.31578947368421,-0.0848397486446551,0.0850472018991877
369,PZM21,intermediate,19,5.263157894736842,5.263157894736842,-0.0925623982587858,0.0922349360906992
369,SR17018,strong,19,0.0,15.789473684210526,-0.0922056472818427,0.0924902322950269
369,TRV130,intermediate,19,0.0,5.263157894736842,-0.0861408612108664,0.0859939440757425
370,Buprenorphine,weak,19,0.0,15.789473684210526,-0.1113609576752473,0.11109641308379
370,Butorphanol,weak,19,5.263157894736842,31.57894736842105,-0.0801191611184618,0.0800647966675614
370,C6guano,strong,19,0.0,26.31578947368421,-0.0947407086689432,0.0946580524027358
370,Carfentanil,strong,19,0.0,31.57894736842105,-0.073569523017839,0.0734593326602058
370,DAMGO,strong,19,0.0,42.10526315789473,-0.0706493581082685,0.0704363723870284
370,Fentanyl,strong,19,0.0,10.526315789473683,-0.1135817353402551,0.113889572243734
370,MP,weak,19,0.0,36.84210526315789,-0.1049233218375642,0.1055544348762352
370,Methadone,intermediate,19,0.0,15.789473684210526,-0.1023794128819081,0.1022561647143245
370,Morphine,strong,19,0.0,31.57894736842105,-0.0938133962225504,0.0942030687789831
370,Nalbuphine,weak,19,0.0,31.57894736842105,-0.0914849125378854,0.0917461636140948
370,Naloxone,antagonist,19,5.263157894736842,26.31578947368421,-0.0882344129122834,0.0883395316717978
370,Naltrexone,antagonist,19,0.0,10.526315789473683,-0.0848397486446551,0.0850472018991877
370,PZM21,intermediate,19,5.263157894736842,5.263157894736842,-0.0925623982587858,0.0922349360906992
370,SR17018,strong,19,0.0,36.84210526315789,-0.0922056472818427,0.0924902322950269
370,TRV130,intermediate,19,0.0,31.57894736842105,-0.0861408612108664,0.0859939440757425
371,Buprenorphine,weak,19,5.263157894736842,0.0,-0.1113609576752473,0.11109641308379
371,Butorphanol,weak,19,0.0,10.526315789473683,-0.0801191611184618,0.0800647966675614
371,C6guano,strong,19,0.0,36.84210526315789,-0.0947407086689432,0.0946580524027358
371,Carfentanil,strong,19,5.263157894736842,15.789473684210526,-0.073569523017839,0.0734593326602058
371,DAMGO,strong,19,0.0,26.31578947368421,-0.0706493581082685,0.0704363723870284
371,Fentanyl,strong,19,0.0,15.789473684210526,-0.1135817353402551,0.113889572243734
371,MP,weak,19,0.0,21.052631578947366,-0.1049233218375642,0.1055544348762352
371,Methadone,intermediate,19,0.0,15.789473684210526,-0.1023794128819081,0.1022561647143245
371,Morphine,strong,19,0.0,15.789473684210526,-0.0938133962225504,0.0942030687789831
371,Nalbuphine,weak,19,0.0,21.052631578947366,-0.0914849125378854,0.0917461636140948
371,Naloxone,antagonist,19,10.526315789473683,0.0,-0.0882344129122834,0.0883395316717978
371,Naltrexone,antagonist,19,0.0,5.263157894736842,-0.0848397486446551,0.0850472018991877
371,PZM21,intermediate,19,0.0,26.31578947368421,-0.0925623982587858,0.0922349360906992
371,SR17018,strong,19,0.0,31.57894736842105,-0.0922056472818427,0.0924902322950269
371,TRV130,intermediate,19,0.0,0.0,-0.0861408612108664,0.0859939440757425
372,Buprenorphine,weak,19,0.0,21.052631578947366,-0.1113609576752473,0.11109641308379
372,Butorphanol,weak,19,0.0,21.052631578947366,-0.0801191611184618,0.0800647966675614
372,C6guano,strong,19,5.263157894736842,31.57894736842105,-0.0947407086689432,0.0946580524027358
372,Carfentanil,strong,19,0.0,63.1578947368421,-0.073569523017839,0.0734593326602058
372,DAMGO,strong,19,0.0,26.31578947368421,-0.0706493581082685,0.0704363723870284
372,Fentanyl,strong,19,0.0,0.0,-0.1135817353402551,0.113889572243734
372,MP,weak,19,0.0,31.57894736842105,-0.1049233218375642,0.1055544348762352
372,Methadone,intermediate,19,0.0,10.526315789473683,-0.1023794128819081,0.1022561647143245
372,Morphine,strong,19,5.263157894736842,47.368421052631575,-0.0938133962225504,0.0942030687789831
372,Nalbuphine,weak,19,0.0,15.789473684210526,-0.0914849125378854,0.0917461636140948
372,Naloxone,antagonist,19,15.789473684210526,5.263157894736842,-0.0882344129122834,0.0883395316717978
372,Naltrexone,antagonist,19,5.263157894736842,0.0,-0.0848397486446551,0.0850472018991877
372,PZM21,intermediate,19,5.263157894736842,36.84210526315789,-0.0925623982587858,0.0922349360906992
372,SR17018,strong,19,0.0,26.31578947368421,-0.0922056472818427,0.0924902322950269
372,TRV130,intermediate,19,0.0,42.10526315789473,-0.0861408612108664,0.0859939440757425
373,Buprenorphine,weak,19,0.0,5.263157894736842,-0.1113609576752473,0.11109641308379
373,Butorphanol,weak,19,0.0,15.789473684210526,-0.0801191611184618,0.0800647966675614
373,C6guano,strong,19,0.0,42.10526315789473,-0.0947407086689432,0.0946580524027358
373,Carfentanil,strong,19,5.263157894736842,21.052631578947366,-0.073569523017839,0.0734593326602058
373,DAMGO,strong,19,0.0,26.31578947368421,-0.0706493581082685,0.0704363723870284
373,Fentanyl,strong,19,0.0,5.263157894736842,-0.1135817353402551,0.113889572243734
373,MP,weak,19,0.0,21.052631578947366,-0.1049233218375642,0.1055544348762352
373,Methadone,intermediate,19,0.0,21.052631578947366,-0.1023794128819081,0.1022561647143245
373,Morphine,strong,19,0.0,21.052631578947366,-0.0938133962225504,0.0942030687789831
373,Nalbuphine,weak,19,5.263157894736842,26.31578947368421,-0.0914849125378854,0.0917461636140948
373,Naloxone,antagonist,19,0.0,10.526315789473683,-0.0882344129122834,0.0883395316717978
373,Naltrexone,antagonist,19,0.0,21.052631578947366,-0.0848397486446551,0.0850472018991877
373,PZM21,intermediate,19,0.0,0.0,-0.0925623982587858,0.0922349360906992
373,SR17018,strong,19,0.0,5.263157894736842,-0.0922056472818427,0.0924902322950269
373,TRV130,intermediate,19,0.0,26.31578947368421,-0.0861408612108664,0.0859939440757425
374,Buprenorphine,weak,19,0.0,0.0,-0.1113609576752473,0.11109641308379
374,Butorphanol,weak,19,0.0,10.526315789473683,-0.0801191611184618,0.0800647966675614
374,C6guano,strong,19,0.0,31.57894736842105,-0.0947407086689432,0.0946580524027358
374,Carfentanil,strong,19,5.263157894736842,31.57894736842105,-0.073569523017839,0.0734593326602058
374,DAMGO,strong,19,0.0,36.84210526315789,-0.0706493581082685,0.0704363723870284
374,Fentanyl,strong,19,0.0,26.31578947368421,-0.1135817353402551,0.113889572243734
374,MP,weak,19,0.0,15.789473684210526,-0.1049233218375642,0.1055544348762352
374,Methadone,intermediate,19,5.263157894736842,26.31578947368421,-0.1023794128819081,0.1022561647143245
374,Morphine,strong,19,0.0,63.1578947368421,-0.0938133962225504,0.0942030687789831
374,Nalbuphine,weak,19,0.0,21.052631578947366,-0.0914849125378854,0.0917461636140948
374,Naloxone,antagonist,19,0.0,10.526315789473683,-0.0882344129122834,0.0883395316717978
374,Naltrexone,antagonist,19,0.0,10.526315789473683,-0.0848397486446551,0.0850472018991877
374,PZM21,intermediate,19,5.263157894736842,47.368421052631575,-0.0925623982587858,0.0922349360906992
374,SR17018,strong,19,0.0,36.84210526315789,-0.0922056472818427,0.0924902322950269
374,TRV130,intermediate,19,0.0,57.89473684210527,-0.0861408612108664,0.0859939440757425
375,Buprenorphine,weak,19,5.263157894736842,26.31578947368421,-0.1113609576752473,0.11109641308379
375,Butorphanol,weak,19,0.0,26.31578947368421,-0.0801191611184618,0.0800647966675614
375,C6guano,strong,19,0.0,26.31578947368421,-0.0947407086689432,0.0946580524027358
375,Carfentanil,strong,19,0.0,21.052631578947366,-0.073569523017839,0.0734593326602058
375,DAMGO,strong,19,5.263157894736842,15.789473684210526,-0.0706493581082685,0.0704363723870284
375,Fentanyl,strong,19,0.0,10.526315789473683,-0.1135817353402551,0.113889572243734
375,MP,weak,19,0.0,5.263157894736842,-0.1049233218375642,0.1055544348762352
375,Methadone,intermediate,19,0.0,5.263157894736842,-0.1023794128819081,0.1022561647143245
375,Morphine,strong,19,0.0,10.526315789473683,-0.0938133962225504,0.0942030687789831
375,Nalbuphine,weak,19,0.0,0.0,-0.0914849125378854,0.0917461636140948
375,Naloxone,antagonist,19,15.789473684210526,0.0,-0.0882344129122834,0.0883395316717978
375,Naltrexone,antagonist,19,0.0,36.84210526315789,-0.0848397486446551,0.0850472018991877
375,PZM21,intermediate,19,0.0,15.789473684210526,-0.0925623982587858,0.0922349360906992
375,SR17018,strong,19,0.0,15.789473684210526,-0.0922056472818427,0.0924902322950269
375,TRV130,intermediate,19,0.0,15.789473684210526,-0.0861408612108664,0.0859939440757425
376,Buprenorphine,weak,19,0.0,5.263157894736842,-0.1113609576752473,0.11109641308379
376,Butorphanol,weak,19,0.0,15.789473684210526,-0.0801191611184618,0.0800647966675614
376,C6guano,strong,19,0.0,15.789473684210526,-0.0947407086689432,0.0946580524027358
376,Carfentanil,strong,19,5.263157894736842,26.31578947368421,-0.073569523017839,0.0734593326602058
376,DAMGO,strong,19,0.0,21.052631578947366,-0.0706493581082685,0.0704363723870284
376,Fentanyl,strong,19,0.0,31.57894736842105,-0.1135817353402551,0.113889572243734
376,MP,weak,19,0.0,21.052631578947366,-0.1049233218375642,0.1055544348762352
376,Methadone,intermediate,19,0.0,15.789473684210526,-0.1023794128819081,0.1022561647143245
376,Morphine,strong,19,0.0,36.84210526315789,-0.0938133962225504,0.0942030687789831
376,Nalbuphine,weak,19,0.0,10.526315789473683,-0.0914849125378854,0.0917461636140948
376,Naloxone,antagonist,19,15.789473684210526,5.263157894736842,-0.0882344129122834,0.0883395316717978
376,Naltrexone,antagonist,19,0.0,5.263157894736842,-0.0848397486446551,0.0850472018991877
376,PZM21,intermediate,19,0.0,21.052631578947366,-0.0925623982587858,0.0922349360906992
376,SR17018,strong,19,0.0,47.368421052631575,-0.0922056472818427,0.0924902322950269
376,TRV130,intermediate,19,0.0,21.052631578947366,-0.0861408612108664,0.0859939440757425
377,Buprenorphine,weak,19,0.0,15.789473684210526,-0.1113609576752473,0.11109641308379
377,Butorphanol,weak,19,0.0,31.57894736842105,-0.0801191611184618,0.0800647966675614
377,C6guano,strong,19,0.0,26.31578947368421,-0.0947407086689432,0.0946580524027358
377,Carfentanil,strong,19,0.0,57.89473684210527,-0.073569523017839,0.0734593326602058
377,DAMGO,strong,19,0.0,52.63157894736842,-0.0706493581082685,0.0704363723870284
377,Fentanyl,strong,19,0.0,57.89473684210527,-0.1135817353402551,0.113889572243734
377,MP,weak,19,0.0,15.789473684210526,-0.1049233218375642,0.1055544348762352
377,Methadone,intermediate,19,0.0,26.31578947368421,-0.1023794128819081,0.1022561647143245
377,Morphine,strong,19,0.0,52.63157894736842,-0.0938133962225504,0.0942030687789831
377,Nalbuphine,weak,19,0.0,36.84210526315789,-0.0914849125378854,0.0917461636140948
377,Naloxone,antagonist,19,10.526315789473683,5.263157894736842,-0.0882344129122834,0.0883395316717978
377,Naltrexone,antagonist,19,5.263157894736842,5.263157894736842,-0.0848397486446551,0.0850472018991877
377,PZM21,intermediate,19,0.0,10.526315789473683,-0.0925623982587858,0.0922349360906992
377,SR17018,strong,19,0.0,57.89473684210527,-0.0922056472818427,0.0924902322950269
377,TRV130,intermediate,19,15.789473684210526,21.052631578947366,-0.0861408612108664,0.0859939440757425
378,Buprenorphine,weak,19,0.0,5.263157894736842,-0.1113609576752473,0.11109641308379
378,Butorphanol,weak,19,0.0,21.052631578947366,-0.0801191611184618,0.0800647966675614
378,C6guano,strong,19,0.0,31.57894736842105,-0.0947407086689432,0.0946580524027358
378,Carfentanil,strong,19,0.0,42.10526315789473,-0.073569523017839,0.0734593326602058
378,DAMGO,strong,19,0.0,36.84210526315789,-0.0706493581082685,0.0704363723870284
378,Fentanyl,strong,19,0.0,47.368421052631575,-0.1135817353402551,0.113889572243734
378,MP,weak,19,0.0,57.89473684210527,-0.1049233218375642,0.1055544348762352
378,Methadone,intermediate,19,0.0,31.57894736842105,-0.1023794128819081,0.1022561647143245
378,Morphine,strong,19,0.0,68.42105263157895,-0.0938133962225504,0.0942030687789831
378,Nalbuphine,weak,19,0.0,15.789473684210526,-0.0914849125378854,0.0917461636140948
378,Naloxone,antagonist,19,0.0,10.526315789473683,-0.0882344129122834,0.0883395316717978
378,Naltrexone,antagonist,19,0.0,0.0,-0.0848397486446551,0.0850472018991877
378,PZM21,intermediate,19,0.0,36.84210526315789,-0.0925623982587858,0.0922349360906992
378,SR17018,strong,19,0.0,31.57894736842105,-0.0922056472818427,0.0924902322950269
378,TRV130,intermediate,19,0.0,15.789473684210526,-0.0861408612108664,0.0859939440757425
379,Buprenorphine,weak,19,0.0,5.263157894736842,-0.1113609576752473,0.11109641308379
379,Butorphanol,weak,19,0.0,68.42105263157895,-0.0801191611184618,0.0800647966675614
379,C6guano,strong,19,0.0,52.63157894736842,-0.0947407086689432,0.0946580524027358
379,Carfentanil,strong,19,0.0,36.84210526315789,-0.073569523017839,0.0734593326602058
379,DAMGO,strong,19,0.0,21.052631578947366,-0.0706493581082685,0.0704363723870284
379,Fentanyl,strong,19,0.0,21.052631578947366,-0.1135817353402551,0.113889572243734
379,MP,weak,19,0.0,36.84210526315789,-0.1049233218375642,0.1055544348762352
379,Methadone,intermediate,19,0.0,21.052631578947366,-0.1023794128819081,0.1022561647143245
379,Morphine,strong,19,0.0,42.10526315789473,-0.0938133962225504,0.0942030687789831
379,Nalbuphine,weak,19,0.0,36.84210526315789,-0.0914849125378854,0.0917461636140948
379,Naloxone,antagonist,19,15.789473684210526,5.263157894736842,-0.0882344129122834,0.0883395316717978
379,Naltrexone,antagonist,19,5.263157894736842,5.263157894736842,-0.0848397486446551,0.0850472018991877
379,PZM21,intermediate,19,0.0,15.789473684210526,-0.0925623982587858,0.0922349360906992
379,SR17018,strong,19,0.0,36.84210526315789,-0.0922056472818427,0.0924902322950269
379,TRV130,intermediate,19,10.526315789473683,36.84210526315789,-0.0861408612108664,0.0859939440757425
380,Buprenorphine,weak,19,10.526315789473683,21.052631578947366,-0.1113609576752473,0.11109641308379
380,Butorphanol,weak,19,0.0,26.31578947368421,-0.0801191611184618,0.0800647966675614
380,C6guano,strong,19,0.0,42.10526315789473,-0.0947407086689432,0.0946580524027358
380,Carfentanil,strong,19,10.526315789473683,42.10526315789473,-0.073569523017839,0.0734593326602058
380,DAMGO,strong,19,0.0,52.63157894736842,-0.0706493581082685,0.0704363723870284
380,Fentanyl,strong,19,0.0,68.42105263157895,-0.1135817353402551,0.113889572243734
380,MP,weak,19,0.0,15.789473684210526,-0.1049233218375642,0.1055544348762352
380,Methadone,intermediate,19,0.0,21.052631578947366,-0.1023794128819081,0.1022561647143245
380,Morphine,strong,19,0.0,84.21052631578947,-0.0938133962225504,0.0942030687789831
380,Nalbuphine,weak,19,0.0,10.526315789473683,-0.0914849125378854,0.0917461636140948
380,Naloxone,antagonist,19,5.263157894736842,0.0,-0.0882344129122834,0.0883395316717978
380,Naltrexone,antagonist,19,0.0,42.10526315789473,-0.0848397486446551,0.0850472018991877
380,PZM21,intermediate,19,0.0,36.84210526315789,-0.0925623982587858,0.0922349360906992
380,SR17018,strong,19,0.0,42.10526315789473,-0.0922056472818427,0.0924902322950269
380,TRV130,intermediate,19,0.0,42.10526315789473,-0.0861408612108664,0.0859939440757425
381,Buprenorphine,weak,19,0.0,5.263157894736842,-0.1113609576752473,0.11109641308379
381,Butorphanol,weak,19,0.0,21.052631578947366,-0.0801191611184618,0.0800647966675614
381,C6guano,strong,19,0.0,42.10526315789473,-0.0947407086689432,0.0946580524027358
381,Carfentanil,strong,19,0.0,36.84210526315789,-0.073569523017839,0.0734593326602058
381,DAMGO,strong,19,5.263157894736842,47.368421052631575,-0.0706493581082685,0.0704363723870284
381,Fentanyl,strong,19,0.0,73.68421052631578,-0.1135817353402551,0.113889572243734
381,MP,weak,19,0.0,10.526315789473683,-0.1049233218375642,0.1055544348762352
381,Methadone,intermediate,19,0.0,36.84210526315789,-0.1023794128819081,0.1022561647143245
381,Morphine,strong,19,0.0,42.10526315789473,-0.0938133962225504,0.0942030687789831
381,Nalbuphine,weak,19,0.0,0.0,-0.0914849125378854,0.0917461636140948
381,Naloxone,antagonist,19,15.789473684210526,0.0,-0.0882344129122834,0.0883395316717978
381,Naltrexone,antagonist,19,0.0,42.10526315789473,-0.0848397486446551,0.0850472018991877
381,PZM21,intermediate,19,0.0,57.89473684210527,-0.0925623982587858,0.0922349360906992
381,SR17018,strong,19,0.0,42.10526315789473,-0.0922056472818427,0.0924902322950269
381,TRV130,intermediate,19,0.0,21.052631578947366,-0.0861408612108664,0.0859939440757425
382,Buprenorphine,weak,19,0.0,0.0,-0.1113609576752473,0.11109641308379
382,Butorphanol,weak,19,0.0,5.263157894736842,-0.0801191611184618,0.0800647966675614
382,C6guano,strong,19,0.0,26.31578947368421,-0.0947407086689432,0.0946580524027358
382,Carfentanil,strong,19,0.0,21.052631578947366,-0.073569523017839,0.0734593326602058
382,DAMGO,strong,19,5.263157894736842,5.263157894736842,-0.0706493581082685,0.0704363723870284
382,Fentanyl,strong,19,0.0,31.57894736842105,-0.1135817353402551,0.113889572243734
382,MP,weak,19,0.0,0.0,-0.1049233218375642,0.1055544348762352
382,Methadone,intermediate,19,0.0,15.789473684210526,-0.1023794128819081,0.1022561647143245
382,Morphine,strong,19,0.0,36.84210526315789,-0.0938133962225504,0.0942030687789831
382,Nalbuphine,weak,19,0.0,5.263157894736842,-0.0914849125378854,0.0917461636140948
382,Naloxone,antagonist,19,0.0,0.0,-0.0882344129122834,0.0883395316717978
382,Naltrexone,antagonist,19,5.263157894736842,26.31578947368421,-0.0848397486446551,0.0850472018991877
382,PZM21,intermediate,19,0.0,10.526315789473683,-0.0925623982587858,0.0922349360906992
382,SR17018,strong,19,0.0,10.526315789473683,-0.0922056472818427,0.0924902322950269
382,TRV130,intermediate,19,5.263157894736842,21.052631578947366,-0.0861408612108664,0.0859939440757425
383,Buprenorphine,weak,19,0.0,5.263157894736842,-0.1113609576752473,0.11109641308379
383,Butorphanol,weak,19,0.0,10.526315789473683,-0.0801191611184618,0.0800647966675614
383,C6guano,strong,19,0.0,26.31578947368421,-0.0947407086689432,0.0946580524027358
383,Carfentanil,strong,19,0.0,47.368421052631575,-0.073569523017839,0.0734593326602058
383,DAMGO,strong,19,0.0,26.31578947368421,-0.0706493581082685,0.0704363723870284
383,Fentanyl,strong,19,0.0,52.63157894736842,-0.1135817353402551,0.113889572243734
383,MP,weak,19,0.0,5.263157894736842,-0.1049233218375642,0.1055544348762352
383,Methadone,intermediate,19,0.0,21.052631578947366,-0.1023794128819081,0.1022561647143245
383,Morphine,strong,19,0.0,47.368421052631575,-0.0938133962225504,0.0942030687789831
383,Nalbuphine,weak,19,26.31578947368421,5.263157894736842,-0.0914849125378854,0.0917461636140948
383,Naloxone,antagonist,19,0.0,0.0,-0.0882344129122834,0.0883395316717978
383,Naltrexone,antagonist,19,0.0,21.052631578947366,-0.0848397486446551,0.0850472018991877
383,PZM21,intermediate,19,0.0,36.84210526315789,-0.0925623982587858,0.0922349360906992
383,SR17018,strong,19,0.0,47.368421052631575,-0.0922056472818427,0.0924902322950269
383,TRV130,intermediate,19,0.0,21.052631578947366,-0.0861408612108664,0.0859939440757425
384,Buprenorphine,weak,19,0.0,0.0,-0.1113609576752473,0.11109641308379
384,Butorphanol,weak,19,0.0,31.57894736842105,-0.0801191611184618,0.0800647966675614
384,C6guano,strong,19,0.0,57.89473684210527,-0.0947407086689432,0.0946580524027358
384,Carfentanil,strong,19,0.0,15.789473684210526,-0.073569523017839,0.0734593326602058
384,DAMGO,strong,19,5.263157894736842,0.0,-0.0706493581082685,0.0704363723870284
384,Fentanyl,strong,19,0.0,57.89473684210527,-0.1135817353402551,0.113889572243734
384,MP,weak,19,0.0,15.789473684210526,-0.1049233218375642,0.1055544348762352
384,Methadone,intermediate,19,0.0,26.31578947368421,-0.1023794128819081,0.1022561647143245
384,Morphine,strong,19,5.263157894736842,42.10526315789473,-0.0938133962225504,0.0942030687789831
384,Nalbuphine,weak,19,0.0,5.263157894736842,-0.0914849125378854,0.0917461636140948
384,Naloxone,antagonist,19,0.0,0.0,-0.0882344129122834,0.0883395316717978
384,Naltrexone,antagonist,19,0.0,26.31578947368421,-0.0848397486446551,0.0850472018991877
384,PZM21,intermediate,19,0.0,36.84210526315789,-0.0925623982587858,0.0922349360906992
384,SR17018,strong,19,0.0,0.0,-0.0922056472818427,0.0924902322950269
384,TRV130,intermediate,19,0.0,0.0,-0.0861408612108664,0.0859939440757425
385,Buprenorphine,weak,19,0.0,0.0,-0.1113609576752473,0.11109641308379
385,Butorphanol,weak,19,5.263157894736842,10.526315789473683,-0.0801191611184618,0.0800647966675614
385,C6guano,strong,19,0.0,52.63157894736842,-0.0947407086689432,0.0946580524027358
385,Carfentanil,strong,19,5.263157894736842,26.31578947368421,-0.073569523017839,0.0734593326602058
385,DAMGO,strong,19,0.0,36.84210526315789,-0.0706493581082685,0.0704363723870284
385,Fentanyl,strong,19,0.0,63.1578947368421,-0.1135817353402551,0.113889572243734
385,MP,weak,19,0.0,31.57894736842105,-0.1049233218375642,0.1055544348762352
385,Methadone,intermediate,19,0.0,42.10526315789473,-0.1023794128819081,0.1022561647143245
385,Morphine,strong,19,0.0,68.42105263157895,-0.0938133962225504,0.0942030687789831
385,Nalbuphine,weak,19,5.263157894736842,10.526315789473683,-0.0914849125378854,0.0917461636140948
385,Naloxone,antagonist,19,5.263157894736842,10.526315789473683,-0.0882344129122834,0.0883395316717978
385,Naltrexone,antagonist,19,0.0,31.57894736842105,-0.0848397486446551,0.0850472018991877
385,PZM21,intermediate,19,0.0,21.052631578947366,-0.0925623982587858,0.0922349360906992
385,SR17018,strong,19,0.0,26.31578947368421,-0.0922056472818427,0.0924902322950269
385,TRV130,intermediate,19,0.0,26.31578947368421,-0.0861408612108664,0.0859939440757425
386,Buprenorphine,weak,19,0.0,5.263157894736842,-0.1113609576752473,0.11109641308379
386,Butorphanol,weak,19,0.0,52.63157894736842,-0.0801191611184618,0.0800647966675614
386,C6guano,strong,19,0.0,57.89473684210527,-0.0947407086689432,0.0946580524027358
386,Carfentanil,strong,19,0.0,68.42105263157895,-0.073569523017839,0.0734593326602058
386,DAMGO,strong,19,0.0,52.63157894736842,-0.0706493581082685,0.0704363723870284
386,Fentanyl,strong,19,0.0,68.42105263157895,-0.1135817353402551,0.113889572243734
386,MP,weak,19,0.0,5.263157894736842,-0.1049233218375642,0.1055544348762352
386,Methadone,intermediate,19,0.0,63.1578947368421,-0.1023794128819081,0.1022561647143245
386,Morphine,strong,19,0.0,100.0,-0.0938133962225504,0.0942030687789831
386,Nalbuphine,weak,19,0.0,15.789473684210526,-0.0914849125378854,0.0917461636140948
386,Naloxone,antagonist,19,5.263157894736842,5.263157894736842,-0.0882344129122834,0.0883395316717978
386,Naltrexone,antagonist,19,0.0,47.368421052631575,-0.0848397486446551,0.0850472018991877
386,PZM21,intermediate,19,0.0,84.21052631578947,-0.0925623982587858,0.0922349360906992
386,SR17018,strong,19,0.0,52.63157894736842,-0.0922056472818427,0.0924902322950269
386,TRV130,intermediate,19,0.0,31.57894736842105,-0.0861408612108664,0.0859939440757425
387,Buprenorphine,weak,19,0.0,5.263157894736842,-0.1113609576752473,0.11109641308379
387,Butorphanol,weak,19,0.0,42.10526315789473,-0.0801191611184618,0.0800647966675614
387,C6guano,strong,19,0.0,63.1578947368421,-0.0947407086689432,0.0946580524027358
387,Carfentanil,strong,19,0.0,36.84210526315789,-0.073569523017839,0.0734593326602058
387,DAMGO,strong,19,0.0,26.31578947368421,-0.0706493581082685,0.0704363723870284
387,Fentanyl,strong,19,0.0,15.789473684210526,-0.1135817353402551,0.113889572243734
387,MP,weak,19,0.0,0.0,-0.1049233218375642,0.1055544348762352
387,Methadone,intermediate,19,0.0,21.052631578947366,-0.1023794128819081,0.1022561647143245
387,Morphine,strong,19,0.0,42.10526315789473,-0.0938133962225504,0.0942030687789831
387,Nalbuphine,weak,19,5.263157894736842,0.0,-0.0914849125378854,0.0917461636140948
387,Naloxone,antagonist,19,5.263157894736842,5.263157894736842,-0.0882344129122834,0.0883395316717978
387,Naltrexone,antagonist,19,10.526315789473683,10.526315789473683,-0.0848397486446551,0.0850472018991877
387,PZM21,intermediate,19,0.0,63.1578947368421,-0.0925623982587858,0.0922349360906992
387,SR17018,strong,19,0.0,5.263157894736842,-0.0922056472818427,0.0924902322950269
387,TRV130,intermediate,19,5.263157894736842,36.84210526315789,-0.0861408612108664,0.0859939440757425
388,Buprenorphine,weak,19,0.0,0.0,-0.1113609576752473,0.11109641308379
388,Butorphanol,weak,19,10.526315789473683,10.526315789473683,-0.0801191611184618,0.0800647966675614
388,C6guano,strong,19,0.0,26.31578947368421,-0.0947407086689432,0.0946580524027358
388,Carfentanil,strong,19,5.263157894736842,5.263157894736842,-0.073569523017839,0.0734593326602058
388,DAMGO,strong,19,0.0,21.052631578947366,-0.0706493581082685,0.0704363723870284
388,Fentanyl,strong,19,0.0,68.42105263157895,-0.1135817353402551,0.113889572243734
388,MP,weak,19,0.0,10.526315789473683,-0.1049233218375642,0.1055544348762352
388,Methadone,intermediate,19,0.0,31.57894736842105,-0.1023794128819081,0.1022561647143245
388,Morphine,strong,19,0.0,57.89473684210527,-0.0938133962225504,0.0942030687789831
388,Nalbuphine,weak,19,0.0,0.0,-0.0914849125378854,0.0917461636140948
388,Naloxone,antagonist,19,10.526315789473683,5.263157894736842,-0.0882344129122834,0.0883395316717978
388,Naltrexone,antagonist,19,5.263157894736842,21.052631578947366,-0.0848397486446551,0.0850472018991877
388,PZM21,intermediate,19,0.0,15.789473684210526,-0.0925623982587858,0.0922349360906992
388,SR17018,strong,19,0.0,10.526315789473683,-0.0922056472818427,0.0924902322950269
388,TRV130,intermediate,19,0.0,42.10526315789473,-0.0861408612108664,0.0859939440757425
389,Buprenorphine,weak,19,0.0,0.0,-0.1113609576752473,0.11109641308379
389,Butorphanol,weak,19,0.0,21.052631578947366,-0.0801191611184618,0.0800647966675614
389,C6guano,strong,19,0.0,57.89473684210527,-0.0947407086689432,0.0946580524027358
389,Carfentanil,strong,19,0.0,31.57894736842105,-0.073569523017839,0.0734593326602058
389,DAMGO,strong,19,5.263157894736842,5.263157894736842,-0.0706493581082685,0.0704363723870284
389,Fentanyl,strong,19,0.0,21.052631578947366,-0.1135817353402551,0.113889572243734
389,MP,weak,19,0.0,0.0,-0.1049233218375642,0.1055544348762352
389,Methadone,intermediate,19,0.0,31.57894736842105,-0.1023794128819081,0.1022561647143245
389,Morphine,strong,19,0.0,78.94736842105263,-0.0938133962225504,0.0942030687789831
389,Nalbuphine,weak,19,0.0,5.263157894736842,-0.0914849125378854,0.0917461636140948
389,Naloxone,antagonist,19,0.0,5.263157894736842,-0.0882344129122834,0.0883395316717978
389,Naltrexone,antagonist,19,0.0,52.63157894736842,-0.0848397486446551,0.0850472018991877
389,PZM21,intermediate,19,0.0,36.84210526315789,-0.0925623982587858,0.0922349360906992
389,SR17018,strong,19,0.0,42.10526315789473,-0.0922056472818427,0.0924902322950269
389,TRV130,intermediate,19,5.263157894736842,26.31578947368421,-0.0861408612108664,0.0859939440757425
390,Buprenorphine,weak,19,0.0,0.0,-0.1113609576752473,0.11109641308379
390,Butorphanol,weak,19,0.0,15.789473684210526,-0.0801191611184618,0.0800647966675614
390,C6guano,strong,19,0.0,42.10526315789473,-0.0947407086689432,0.0946580524027358
390,Carfentanil,strong,19,0.0,52.63157894736842,-0.073569523017839,0.0734593326602058
390,DAMGO,strong,19,0.0,68.42105263157895,-0.0706493581082685,0.0704363723870284
390,Fentanyl,strong,19,0.0,63.1578947368421,-0.1135817353402551,0.113889572243734
390,MP,weak,19,10.526315789473683,31.57894736842105,-0.1049233218375642,0.1055544348762352
390,Methadone,intermediate,19,0.0,21.052631578947366,-0.1023794128819081,0.1022561647143245
390,Morphine,strong,19,0.0,57.89473684210527,-0.0938133962225504,0.0942030687789831
390,Nalbuphine,weak,19,0.0,15.789473684210526,-0.0914849125378854,0.0917461636140948
390,Naloxone,antagonist,19,5.263157894736842,5.263157894736842,-0.0882344129122834,0.0883395316717978
390,Naltrexone,antagonist,19,0.0,26.31578947368421,-0.0848397486446551,0.0850472018991877
390,PZM21,intermediate,19,0.0,36.84210526315789,-0.0925623982587858,0.0922349360906992
390,SR17018,strong,19,0.0,36.84210526315789,-0.0922056472818427,0.0924902322950269
390,TRV130,intermediate,19,0.0,63.1578947368421,-0.0861408612108664,0.0859939440757425
391,Buprenorphine,weak,19,0.0,5.263157894736842,-0.1113609576752473,0.11109641308379
391,Butorphanol,weak,19,5.263157894736842,31.57894736842105,-0.0801191611184618,0.0800647966675614
391,C6guano,strong,19,0.0,52.63157894736842,-0.0947407086689432,0.0946580524027358
391,Carfentanil,strong,19,0.0,21.052631578947366,-0.073569523017839,0.0734593326602058
391,DAMGO,strong,19,0.0,26.31578947368421,-0.0706493581082685,0.0704363723870284
391,Fentanyl,strong,19,0.0,57.89473684210527,-0.1135817353402551,0.113889572243734
391,MP,weak,19,0.0,0.0,-0.1049233218375642,0.1055544348762352
391,Methadone,intermediate,19,0.0,31.57894736842105,-0.1023794128819081,0.1022561647143245
391,Morphine,strong,19,0.0,42.10526315789473,-0.0938133962225504,0.0942030687789831
391,Nalbuphine,weak,19,0.0,5.263157894736842,-0.0914849125378854,0.0917461636140948
391,Naloxone,antagonist,19,0.0,31.57894736842105,-0.0882344129122834,0.0883395316717978
391,Naltrexone,antagonist,19,0.0,15.789473684210526,-0.0848397486446551,0.0850472018991877
391,PZM21,intermediate,19,0.0,68.42105263157895,-0.0925623982587858,0.0922349360906992
391,SR17018,strong,19,0.0,10.526315789473683,-0.0922056472818427,0.0924902322950269
391,TRV130,intermediate,19,0.0,47.368421052631575,-0.0861408612108664,0.0859939440757425
392,Buprenorphine,weak,19,0.0,0.0,-0.1113609576752473,0.11109641308379
392,Butorphanol,weak,19,0.0,5.263157894736842,-0.0801191611184618,0.0800647966675614
392,C6guano,strong,19,0.0,5.263157894736842,-0.0947407086689432,0.0946580524027358
392,Carfentanil,strong,19,0.0,21.052631578947366,-0.073569523017839,0.0734593326602058
392,DAMGO,strong,19,0.0,26.31578947368421,-0.0706493581082685,0.0704363723870284
392,Fentanyl,strong,19,0.0,10.526315789473683,-0.1135817353402551,0.113889572243734
392,MP,weak,19,0.0,21.052631578947366,-0.1049233218375642,0.1055544348762352
392,Methadone,intermediate,19,0.0,5.263157894736842,-0.1023794128819081,0.1022561647143245
392,Morphine,strong,19,0.0,57.89473684210527,-0.0938133962225504,0.0942030687789831
392,Nalbuphine,weak,19,10.526315789473683,0.0,-0.0914849125378854,0.0917461636140948
392,Naloxone,antagonist,19,10.526315789473683,0.0,-0.0882344129122834,0.0883395316717978
392,Naltrexone,antagonist,19,0.0,10.526315789473683,-0.0848397486446551,0.0850472018991877
392,PZM21,intermediate,19,0.0,26.31578947368421,-0.0925623982587858,0.0922349360906992
392,SR17018,strong,19,0.0,10.526315789473683,-0.0922056472818427,0.0924902322950269
392,TRV130,intermediate,19,0.0,5.263157894736842,-0.0861408612108664,0.0859939440757425
393,Buprenorphine,weak,19,0.0,21.052631578947366,-0.1113609576752473,0.11109641308379
393,Butorphanol,weak,19,10.526315789473683,15.789473684210526,-0.0801191611184618,0.0800647966675614
393,C6guano,strong,19,0.0,26.31578947368421,-0.0947407086689432,0.0946580524027358
393,Carfentanil,strong,19,0.0,36.84210526315789,-0.073569523017839,0.0734593326602058
393,DAMGO,strong,19,0.0,36.84210526315789,-0.0706493581082685,0.0704363723870284
393,Fentanyl,strong,19,0.0,84.21052631578947,-0.1135817353402551,0.113889572243734
393,MP,weak,19,0.0,10.526315789473683,-0.1049233218375642,0.1055544348762352
393,Methadone,intermediate,19,0.0,15.789473684210526,-0.1023794128819081,0.1022561647143245
393,Morphine,strong,19,0.0,84.21052631578947,-0.0938133962225504,0.0942030687789831
393,Nalbuphine,weak,19,0.0,5.263157894736842,-0.0914849125378854,0.0917461636140948
393,Naloxone,antagonist,19,15.789473684210526,0.0,-0.0882344129122834,0.0883395316717978
393,Naltrexone,antagonist,19,0.0,15.789473684210526,-0.0848397486446551,0.0850472018991877
393,PZM21,intermediate,19,0.0,57.89473684210527,-0.0925623982587858,0.0922349360906992
393,SR17018,strong,19,0.0,47.368421052631575,-0.0922056472818427,0.0924902322950269
393,TRV130,intermediate,19,0.0,31.57894736842105,-0.0861408612108664,0.0859939440757425
394,Buprenorphine,weak,19,5.263157894736842,5.263157894736842,-0.1113609576752473,0.11109641308379
394,Butorphanol,weak,19,10.526315789473683,21.052631578947366,-0.0801191611184618,0.0800647966675614
394,C6guano,strong,19,0.0,68.42105263157895,-0.0947407086689432,0.0946580524027358
394,Carfentanil,strong,19,0.0,15.789473684210526,-0.073569523017839,0.0734593326602058
394,DAMGO,strong,19,0.0,15.789473684210526,-0.0706493581082685,0.0704363723870284
394,Fentanyl,strong,19,0.0,68.42105263157895,-0.1135817353402551,0.113889572243734
394,MP,weak,19,0.0,10.526315789473683,-0.1049233218375642,0.1055544348762352
394,Methadone,intermediate,19,0.0,31.57894736842105,-0.1023794128819081,0.1022561647143245
394,Morphine,strong,19,0.0,84.21052631578947,-0.0938133962225504,0.0942030687789831
394,Nalbuphine,weak,19,5.263157894736842,0.0,-0.0914849125378854,0.0917461636140948
394,Naloxone,antagonist,19,15.789473684210526,5.263157894736842,-0.0882344129122834,0.0883395316717978
394,Naltrexone,antagonist,19,10.526315789473683,10.526315789473683,-0.0848397486446551,0.0850472018991877
394,PZM21,intermediate,19,0.0,52.63157894736842,-0.0925623982587858,0.0922349360906992
394,SR17018,strong,19,0.0,47.368421052631575,-0.0922056472818427,0.0924902322950269
394,TRV130,intermediate,19,0.0,0.0,-0.0861408612108664,0.0859939440757425
395,Buprenorphine,weak,19,0.0,5.263157894736842,-0.1113609576752473,0.11109641308379
395,Butorphanol,weak,19,5.263157894736842,0.0,-0.0801191611184618,0.0800647966675614
395,C6guano,strong,19,0.0,21.052631578947366,-0.0947407086689432,0.0946580524027358
395,Carfentanil,strong,19,0.0,10.526315789473683,-0.073569523017839,0.0734593326602058
395,DAMGO,strong,19,0.0,47.368421052631575,-0.0706493581082685,0.0704363723870284
395,Fentanyl,strong,19,0.0,52.63157894736842,-0.1135817353402551,0.113889572243734
395,MP,weak,19,5.263157894736842,10.526315789473683,-0.1049233218375642,0.1055544348762352
395,Methadone,intermediate,19,0.0,21.052631578947366,-0.1023794128819081,0.1022561647143245
395,Morphine,strong,19,0.0,57.89473684210527,-0.0938133962225504,0.0942030687789831
395,Nalbuphine,weak,19,0.0,5.263157894736842,-0.0914849125378854,0.0917461636140948
395,Naloxone,antagonist,19,15.789473684210526,0.0,-0.0882344129122834,0.0883395316717978
395,Naltrexone,antagonist,19,0.0,26.31578947368421,-0.0848397486446551,0.0850472018991877
395,PZM21,intermediate,19,0.0,42.10526315789473,-0.0925623982587858,0.0922349360906992
395,SR17018,strong,19,0.0,21.052631578947366,-0.0922056472818427,0.0924902322950269
395,TRV130,intermediate,19,0.0,26.31578947368421,-0.0861408612108664,0.0859939440757425
396,Buprenorphine,weak,19,0.0,15.789473684210526,-0.1113609576752473,0.11109641308379
396,Butorphanol,weak,19,0.0,21.052631578947366,-0.0801191611184618,0.0800647966675614
396,C6guano,strong,19,0.0,68.42105263157895,-0.0947407086689432,0.0946580524027358
396,Carfentanil,strong,19,0.0,84.21052631578947,-0.073569523017839,0.0734593326602058
396,DAMGO,strong,19,0.0,42.10526315789473,-0.0706493581082685,0.0704363723870284
396,Fentanyl,strong,19,0.0,84.21052631578947,-0.1135817353402551,0.113889572243734
396,MP,weak,19,0.0,10.526315789473683,-0.1049233218375642,0.1055544348762352
396,Methadone,intermediate,19,0.0,57.89473684210527,-0.1023794128819081,0.1022561647143245
396,Morphine,strong,19,0.0,68.42105263157895,-0.0938133962225504,0.0942030687789831
396,Nalbuphine,weak,19,0.0,26.31578947368421,-0.0914849125378854,0.0917461636140948
396,Naloxone,antagonist,19,15.789473684210526,10.526315789473683,-0.0882344129122834,0.0883395316717978
396,Naltrexone,antagonist,19,0.0,31.57894736842105,-0.0848397486446551,0.0850472018991877
396,PZM21,intermediate,19,0.0,47.368421052631575,-0.0925623982587858,0.0922349360906992
396,SR17018,strong,19,0.0,36.84210526315789,-0.0922056472818427,0.0924902322950269
396,TRV130,intermediate,19,0.0,21.052631578947366,-0.0861408612108664,0.0859939440757425
397,Buprenorphine,weak,19,0.0,5.263157894736842,-0.1113609576752473,0.11109641308379
397,Butorphanol,weak,19,5.263157894736842,15.789473684210526,-0.0801191611184618,0.0800647966675614
397,C6guano,strong,19,0.0,52.63157894736842,-0.0947407086689432,0.0946580524027358
397,Carfentanil,strong,19,0.0,47.368421052631575,-0.073569523017839,0.0734593326602058
397,DAMGO,strong,19,0.0,15.789473684210526,-0.0706493581082685,0.0704363723870284
397,Fentanyl,strong,19,0.0,52.63157894736842,-0.1135817353402551,0.113889572243734
397,MP,weak,19,0.0,5.263157894736842,-0.1049233218375642,0.1055544348762352
397,Methadone,intermediate,19,0.0,21.052631578947366,-0.1023794128819081,0.1022561647143245
397,Morphine,strong,19,0.0,89.47368421052632,-0.0938133962225504,0.0942030687789831
397,Nalbuphine,weak,19,0.0,10.526315789473683,-0.0914849125378854,0.0917461636140948
397,Naloxone,antagonist,19,15.789473684210526,21.052631578947366,-0.0882344129122834,0.0883395316717978
397,Naltrexone,antagonist,19,0.0,36.84210526315789,-0.0848397486446551,0.0850472018991877
397,PZM21,intermediate,19,0.0,36.84210526315789,-0.0925623982587858,0.0922349360906992
397,SR17018,strong,19,0.0,31.57894736842105,-0.0922056472818427,0.0924902322950269
397,TRV130,intermediate,19,0.0,21.052631578947366,-0.0861408612108664,0.0859939440757425
398,Buprenorphine,weak,19,0.0,10.526315789473683,-0.1113609576752473,0.11109641308379
398,Butorphanol,weak,19,0.0,36.84210526315789,-0.0801191611184618,0.0800647966675614
398,C6guano,strong,19,0.0,42.10526315789473,-0.0947407086689432,0.0946580524027358
398,Carfentanil,strong,19,0.0,10.526315789473683,-0.073569523017839,0.0734593326602058
398,DAMGO,strong,19,0.0,36.84210526315789,-0.0706493581082685,0.0704363723870284
398,Fentanyl,strong,19,0.0,36.84210526315789,-0.1135817353402551,0.113889572243734
398,MP,weak,19,0.0,0.0,-0.1049233218375642,0.1055544348762352
398,Methadone,intermediate,19,0.0,5.263157894736842,-0.1023794128819081,0.1022561647143245
398,Morphine,strong,19,0.0,63.1578947368421,-0.0938133962225504,0.0942030687789831
398,Nalbuphine,weak,19,15.789473684210526,0.0,-0.0914849125378854,0.0917461636140948
398,Naloxone,antagonist,19,5.263157894736842,0.0,-0.0882344129122834,0.0883395316717978
398,Naltrexone,antagonist,19,0.0,36.84210526315789,-0.0848397486446551,0.0850472018991877
398,PZM21,intermediate,19,0.0,63.1578947368421,-0.0925623982587858,0.0922349360906992
398,SR17018,strong,19,0.0,15.789473684210526,-0.0922056472818427,0.0924902322950269
398,TRV130,intermediate,19,0.0,31.57894736842105,-0.0861408612108664,0.0859939440757425
399,Buprenorphine,weak,19,0.0,5.263157894736842,-0.1113609576752473,0.11109641308379
399,Butorphanol,weak,19,5.263157894736842,15.789473684210526,-0.0801191611184618,0.0800647966675614
399,C6guano,strong,19,0.0,36.84210526315789,-0.0947407086689432,0.0946580524027358
399,Carfentanil,strong,19,0.0,21.052631578947366,-0.073569523017839,0.0734593326602058
399,DAMGO,strong,19,0.0,31.57894736842105,-0.0706493581082685,0.0704363723870284
399,Fentanyl,strong,19,0.0,78.94736842105263,-0.1135817353402551,0.113889572243734
399,MP,weak,19,0.0,31.57894736842105,-0.1049233218375642,0.1055544348762352
399,Methadone,intermediate,19,0.0,36.84210526315789,-0.1023794128819081,0.1022561647143245
399,Morphine,strong,19,0.0,89.47368421052632,-0.0938133962225504,0.0942030687789831
399,Nalbuphine,weak,19,0.0,5.263157894736842,-0.0914849125378854,0.0917461636140948
399,Naloxone,antagonist,19,26.31578947368421,0.0,-0.0882344129122834,0.0883395316717978
399,Naltrexone,antagonist,19,5.263157894736842,36.84210526315789,-0.0848397486446551,0.0850472018991877
399,PZM21,intermediate,19,0.0,47.368421052631575,-0.0925623982587858,0.0922349360906992
399,SR17018,strong,19,0.0,47.368421052631575,-0.0922056472818427,0.0924902322950269
399,TRV130,intermediate,19,0.0,26.31578947368421,-0.0861408612108664,0.0859939440757425
400,Buprenorphine,weak,19,21.052631578947366,10.526315789473683,-0.1113609576752473,0.11109641308379
400,Butorphanol,weak,19,31.57894736842105,5.263157894736842,-0.0801191611184618,0.0800647966675614
400,C6guano,strong,19,0.0,31.57894736842105,-0.0947407086689432,0.0946580524027358
400,Carfentanil,strong,19,15.789473684210526,10.526315789473683,-0.073569523017839,0.0734593326602058
400,DAMGO,strong,19,5.263157894736842,5.263157894736842,-0.0706493581082685,0.0704363723870284
400,Fentanyl,strong,19,5.263157894736842,21.052631578947366,-0.1135817353402551,0.113889572243734
400,MP,weak,19,0.0,0.0,-0.1049233218375642,0.1055544348762352
400,Methadone,intermediate,19,5.263157894736842,5.263157894736842,-0.1023794128819081,0.1022561647143245
400,Morphine,strong,19,0.0,26.31578947368421,-0.0938133962225504,0.0942030687789831
400,Nalbuphine,weak,19,15.789473684210526,5.263157894736842,-0.0914849125378854,0.0917461636140948
400,Naloxone,antagonist,19,15.789473684210526,0.0,-0.0882344129122834,0.0883395316717978
400,Naltrexone,antagonist,19,26.31578947368421,10.526315789473683,-0.0848397486446551,0.0850472018991877
400,PZM21,intermediate,19,5.263157894736842,5.263157894736842,-0.0925623982587858,0.0922349360906992
400,SR17018,strong,19,5.263157894736842,10.526315789473683,-0.0922056472818427,0.0924902322950269
400,TRV130,intermediate,19,10.526315789473683,5.263157894736842,-0.0861408612108664,0.0859939440757425
