residue_number_human,residue_name,ca_n_structures,ca_displacement_mean,ca_displacement_std,ca_displacement_min,ca_displacement_max,phi_mean,phi_std,psi_mean,psi_std,omega_mean,omega_std,hbond_total_active_mean,hbond_total_active_std,hbond_total_active_n,hbond_total_inactive_mean,hbond_total_inactive_std,hbond_total_inactive_n,hbond_total_delta,hbond_bb_bb_active_mean,hbond_bb_bb_active_std,hbond_bb_bb_active_n,hbond_bb_bb_inactive_mean,hbond_bb_bb_inactive_std,hbond_bb_bb_inactive_n,hbond_bb_bb_delta,hbond_bb_sc_active_mean,hbond_bb_sc_active_std,hbond_bb_sc_active_n,hbond_bb_sc_inactive_mean,hbond_bb_sc_inactive_std,hbond_bb_sc_inactive_n,hbond_bb_sc_delta,hbond_sc_sc_active_mean,hbond_sc_sc_active_std,hbond_sc_sc_active_n,hbond_sc_sc_inactive_mean,hbond_sc_sc_inactive_std,hbond_sc_sc_inactive_n,hbond_sc_sc_delta,salt_bridge_active_mean,salt_bridge_active_std,salt_bridge_active_n,salt_bridge_inactive_mean,salt_bridge_inactive_std,salt_bridge_inactive_n,salt_bridge_delta,hydrophobic_active_mean,hydrophobic_active_std,hydrophobic_active_n,hydrophobic_inactive_mean,hydrophobic_inactive_std,hydrophobic_inactive_n,hydrophobic_delta,pi_pi_active_mean,pi_pi_inactive_mean,pi_pi_delta,pi_cation_active_mean,pi_cation_inactive_mean,pi_cation_delta,pi_ligand_active_mean,pi_ligand_inactive_mean,pi_ligand_delta,chi1_active_mean,chi1_inactive_mean,chi1_delta,chi1_rotamer_shift,chi1_active_dominant,chi1_inactive_dominant,chi2_active_mean,chi2_inactive_mean,chi2_delta,chi2_rotamer_shift,chi2_active_dominant,chi2_inactive_dominant,gprotein_dist_mean,gprotein_dist_min,gprotein_shell_any,ligand_contact_n_structures,ligand_contact_min_dist,ligand_contact_drugs,dist_DAMGO_min,shell_DAMGO,dist_Fentanyl_min,shell_Fentanyl,dist_Morphine_min,shell_Morphine,dist_SR17018_min,shell_SR17018,dist_Mitragynine_min,shell_Mitragynine,dist_Lofentanil_min,shell_Lofentanil,dist_Oliceridine_min,shell_Oliceridine,dist_PZM21_min,shell_PZM21,dist_Naloxone_min,shell_Naloxone,dist_C6guano_min,shell_C6guano,dist_Naltrexone_chai_min,dist_Nalbuphine_chai_min,dist_Methadone_chai_min,dist_Butorphanol_chai_min,GPCRdb,SSE,wt_aa_gpcrdb,rrcs_active_sum,rrcs_active_mean,rrcs_active_max,rrcs_inactive_sum,rrcs_inactive_mean,rrcs_inactive_max,rrcs_intermediate_sum,rrcs_intermediate_mean,rrcs_intermediate_max,rrcs_n_pair_partners,rrcs_pair_max_abs_delta,rrcs_pair_max_delta_act_inact,rrcs_pair_min_delta_act_inact,rrcs_pair_sum_delta_act_inact,delta_rrcs_sum_act_inact,delta_rrcs_mean_act_inact,delta_rrcs_sum_act_inter,delta_rrcs_sum_inter_inact,sasa_total_active,sasa_total_inactive,sasa_total_intermediate,sasa_sidechain_active,sasa_sidechain_inactive,sasa_sidechain_intermediate,heavy_contacts_4_5_active,heavy_contacts_4_5_inactive,heavy_contacts_4_5_intermediate,sc_packing_5_0_active,sc_packing_5_0_inactive,sc_packing_5_0_intermediate,sasa_total_delta_act_inact,sasa_total_delta_act_inter,sasa_total_delta_inter_inact,sasa_sidechain_delta_act_inact,sasa_sidechain_delta_act_inter,sasa_sidechain_delta_inter_inact,heavy_contacts_4_5_delta_act_inact,heavy_contacts_4_5_delta_act_inter,heavy_contacts_4_5_delta_inter_inact,sc_packing_5_0_delta_act_inact,sc_packing_5_0_delta_act_inter,sc_packing_5_0_delta_inter_inact
1,,,,,,,,,,,,,,,,,,,,,,,,,,,,,,,,,,,,,,,,,,,,,,,,,,,,,,,,,,,,,,,,,,,,,,,,,,,,,,,,,,,,,,,,,,,,,,,,,,,,,,,,,,,N-tail,M,,,,,,,,,,,,,,,,,,,,,,,,,,,,,,,,,,,,,,,,,,
2,,,,,,,,,,,,,,,,,,,,,,,,,,,,,,,,,,,,,,,,,,,,,,,,,,,,,,,,,,,,,,,,,,,,,,,,,,,,,,,,,,,,,,,,,,,,,,,,,,,,,,,,,,,N-tail,D,,,,,,,,,,,,,,,,,,,,,,,,,,,,,,,,,,,,,,,,,,
3,,,,,,,,,,,,,,,,,,,,,,,,,,,,,,,,,,,,,,,,,,,,,,,,,,,,,,,,,,,,,,,,,,,,,,,,,,,,,,,,,,,,,,,,,,,,,,,,,,,,,,,,,,,N-tail,S,,,,,,,,,,,,,,,,,,,,,,,,,,,,,,,,,,,,,,,,,,
4,,,,,,,,,,,,,,,,,,,,,,,,,,,,,,,,,,,,,,,,,,,,,,,,,,,,,,,,,,,,,,,,,,,,,,,,,,,,,,,,,,,,,,,,,,,,,,,,,,,,,,,,,,,N-tail,S,,,,,,,,,,,,,,,,,,,,,,,,,,,,,,,,,,,,,,,,,,
5,,,,,,,,,,,,,,,,,,,,,,,,,,,,,,,,,,,,,,,,,,,,,,,,,,,,,,,,,,,,,,,,,,,,,,,,,,,,,,,,,,,,,,,,,,,,,,,,,,,,,,,,,,,N-tail,A,,,,,,,,,,,,,,,,,,,,,,,,,,,,,,,,,,,,,,,,,,
6,,,,,,,,,,,,,,,,,,,,,,,,,,,,,,,,,,,,,,,,,,,,,,,,,,,,,,,,,,,,,,,,,,,,,,,,,,,,,,,,,,,,,,,,,,,,,,,,,,,,,,,,,,,N-tail,A,,,,,,,,,,,,,,,,,,,,,,,,,,,,,,,,,,,,,,,,,,
7,,,,,,,,,,,,,,,,,,,,,,,,,,,,,,,,,,,,,,,,,,,,,,,,,,,,,,,,,,,,,,,,,,,,,,,,,,,,,,,,,,,,,,,,,,,,,,,,,,,,,,,,,,,N-tail,P,,,,,,,,,,,,,,,,,,,,,,,,,,,,,,,,,,,,,,,,,,
8,,,,,,,,,,,,,,,,,,,,,,,,,,,,,,,,,,,,,,,,,,,,,,,,,,,,,,,,,,,,,,,,,,,,,,,,,,,,,,,,,,,,,,,,,,,,,,,,,,,,,,,,,,,N-tail,T,,,,,,,,,,,,,,,,,,,,,,,,,,,,,,,,,,,,,,,,,,
9,,,,,,,,,,,,,,,,,,,,,,,,,,,,,,,,,,,,,,,,,,,,,,,,,,,,,,,,,,,,,,,,,,,,,,,,,,,,,,,,,,,,,,,,,,,,,,,,,,,,,,,,,,,N-tail,N,,,,,,,,,,,,,,,,,,,,,,,,,,,,,,,,,,,,,,,,,,
10,,,,,,,,,,,,,,,,,,,,,,,,,,,,,,,,,,,,,,,,,,,,,,,,,,,,,,,,,,,,,,,,,,,,,,,,,,,,,,,,,,,,,,,,,,,,,,,,,,,,,,,,,,,N-tail,A,,,,,,,,,,,,,,,,,,,,,,,,,,,,,,,,,,,,,,,,,,
11,,,,,,,,,,,,,,,,,,,,,,,,,,,,,,,,,,,,,,,,,,,,,,,,,,,,,,,,,,,,,,,,,,,,,,,,,,,,,,,,,,,,,,,,,,,,,,,,,,,,,,,,,,,N-tail,S,,,,,,,,,,,,,,,,,,,,,,,,,,,,,,,,,,,,,,,,,,
12,,,,,,,,,,,,,,,,,,,,,,,,,,,,,,,,,,,,,,,,,,,,,,,,,,,,,,,,,,,,,,,,,,,,,,,,,,,,,,,,,,,,,,,,,,,,,,,,,,,,,,,,,,,N-tail,N,,,,,,,,,,,,,,,,,,,,,,,,,,,,,,,,,,,,,,,,,,
13,,,,,,,,,,,,,,,,,,,,,,,,,,,,,,,,,,,,,,,,,,,,,,,,,,,,,,,,,,,,,,,,,,,,,,,,,,,,,,,,,,,,,,,,,,,,,,,,,,,,,,,,,,,N-tail,C,,,,,,,,,,,,,,,,,,,,,,,,,,,,,,,,,,,,,,,,,,
14,,,,,,,,,,,,,,,,,,,,,,,,,,,,,,,,,,,,,,,,,,,,,,,,,,,,,,,,,,,,,,,,,,,,,,,,,,,,,,,,,,,,,,,,,,,,,,,,,,,,,,,,,,,N-tail,T,,,,,,,,,,,,,,,,,,,,,,,,,,,,,,,,,,,,,,,,,,
15,,,,,,,,,,,,,,,,,,,,,,,,,,,,,,,,,,,,,,,,,,,,,,,,,,,,,,,,,,,,,,,,,,,,,,,,,,,,,,,,,,,,,,,,,,,,,,,,,,,,,,,,,,,N-tail,D,,,,,,,,,,,,,,,,,,,,,,,,,,,,,,,,,,,,,,,,,,
16,,,,,,,,,,,,,,,,,,,,,,,,,,,,,,,,,,,,,,,,,,,,,,,,,,,,,,,,,,,,,,,,,,,,,,,,,,,,,,,,,,,,,,,,,,,,,,,,,,,,,,,,,,,N-tail,A,,,,,,,,,,,,,,,,,,,,,,,,,,,,,,,,,,,,,,,,,,
17,,,,,,,,,,,,,,,,,,,,,,,,,,,,,,,,,,,,,,,,,,,,,,,,,,,,,,,,,,,,,,,,,,,,,,,,,,,,,,,,,,,,,,,,,,,,,,,,,,,,,,,,,,,N-tail,L,,,,,,,,,,,,,,,,,,,,,,,,,,,,,,,,,,,,,,,,,,
18,,,,,,,,,,,,,,,,,,,,,,,,,,,,,,,,,,,,,,,,,,,,,,,,,,,,,,,,,,,,,,,,,,,,,,,,,,,,,,,,,,,,,,,,,,,,,,,,,,,,,,,,,,,N-tail,A,,,,,,,,,,,,,,,,,,,,,,,,,,,,,,,,,,,,,,,,,,
19,,,,,,,,,,,,,,,,,,,,,,,,,,,,,,,,,,,,,,,,,,,,,,,,,,,,,,,,,,,,,,,,,,,,,,,,,,,,,,,,,,,,,,,,,,,,,,,,,,,,,,,,,,,N-tail,Y,,,,,,,,,,,,,,,,,,,,,,,,,,,,,,,,,,,,,,,,,,
20,,,,,,,,,,,,,,,,,,,,,,,,,,,,,,,,,,,,,,,,,,,,,,,,,,,,,,,,,,,,,,,,,,,,,,,,,,,,,,,,,,,,,,,,,,,,,,,,,,,,,,,,,,,N-tail,S,,,,,,,,,,,,,,,,,,,,,,,,,,,,,,,,,,,,,,,,,,
21,,,,,,,,,,,,,,,,,,,,,,,,,,,,,,,,,,,,,,,,,,,,,,,,,,,,,,,,,,,,,,,,,,,,,,,,,,,,,,,,,,,,,,,,,,,,,,,,,,,,,,,,,,,N-tail,S,,,,,,,,,,,,,,,,,,,,,,,,,,,,,,,,,,,,,,,,,,
22,,,,,,,,,,,,,,,,,,,,,,,,,,,,,,,,,,,,,,,,,,,,,,,,,,,,,,,,,,,,,,,,,,,,,,,,,,,,,,,,,,,,,,,,,,,,,,,,,,,,,,,,,,,N-tail,C,,,,,,,,,,,,,,,,,,,,,,,,,,,,,,,,,,,,,,,,,,
23,,,,,,,,,,,,,,,,,,,,,,,,,,,,,,,,,,,,,,,,,,,,,,,,,,,,,,,,,,,,,,,,,,,,,,,,,,,,,,,,,,,,,,,,,,,,,,,,,,,,,,,,,,,N-tail,S,,,,,,,,,,,,,,,,,,,,,,,,,,,,,,,,,,,,,,,,,,
24,,,,,,,,,,,,,,,,,,,,,,,,,,,,,,,,,,,,,,,,,,,,,,,,,,,,,,,,,,,,,,,,,,,,,,,,,,,,,,,,,,,,,,,,,,,,,,,,,,,,,,,,,,,N-tail,P,,,,,,,,,,,,,,,,,,,,,,,,,,,,,,,,,,,,,,,,,,
25,,,,,,,,,,,,,,,,,,,,,,,,,,,,,,,,,,,,,,,,,,,,,,,,,,,,,,,,,,,,,,,,,,,,,,,,,,,,,,,,,,,,,,,,,,,,,,,,,,,,,,,,,,,N-tail,A,,,,,,,,,,,,,,,,,,,,,,,,,,,,,,,,,,,,,,,,,,
26,,,,,,,,,,,,,,,,,,,,,,,,,,,,,,,,,,,,,,,,,,,,,,,,,,,,,,,,,,,,,,,,,,,,,,,,,,,,,,,,,,,,,,,,,,,,,,,,,,,,,,,,,,,N-tail,P,,,,,,,,,,,,,,,,,,,,,,,,,,,,,,,,,,,,,,,,,,
27,,,,,,,,,,,,,,,,,,,,,,,,,,,,,,,,,,,,,,,,,,,,,,,,,,,,,,,,,,,,,,,,,,,,,,,,,,,,,,,,,,,,,,,,,,,,,,,,,,,,,,,,,,,N-tail,S,,,,,,,,,,,,,,,,,,,,,,,,,,,,,,,,,,,,,,,,,,
28,,,,,,,,,,,,,,,,,,,,,,,,,,,,,,,,,,,,,,,,,,,,,,,,,,,,,,,,,,,,,,,,,,,,,,,,,,,,,,,,,,,,,,,,,,,,,,,,,,,,,,,,,,,N-tail,P,,,,,,,,,,,,,,,,,,,,,,,,,,,,,,,,,,,,,,,,,,
29,,,,,,,,,,,,,,,,,,,,,,,,,,,,,,,,,,,,,,,,,,,,,,,,,,,,,,,,,,,,,,,,,,,,,,,,,,,,,,,,,,,,,,,,,,,,,,,,,,,,,,,,,,,N-tail,G,,,,,,,,,,,,,,,,,,,,,,,,,,,,,,,,,,,,,,,,,,
30,ALA,,,,,,,,,,,,,,,,,,,,,,,,,,,,,,,,,,,,,,,,,,,,,,,,,,,,,,,,,,,,,,,,,,,,,,,,,,,,,,,,,,,,,,,,,,,,,,,,,,,,,,,,,,N-tail,S,,,,,,,,,,,,,,,,,,,52.35782721924515,,138.30290411164884,31.34772147608068,,123.10722464975748,12.137931034482758,,15.0,3.586206896551724,,0.0,,-85.94507689240369,,,-91.7595031736768,,,-2.862068965517242,,,3.586206896551724,
31,THR,,,,,,,,,,,,,,,,,,,,,,,,,,,,,,,,,,,,,,,,,,,,,,,,,,,,,,,,,,,,,,,,,,,,,,,,,,,,,,,,,,,,,,,,,,,,,,,,,,,,,,,,,,N-tail,W,,,,,,,,,,,,,,,,,,,72.66002326512078,,142.3136497887808,63.39885836644255,,126.34032666135865,24.41379310344828,,20.0,5.206896551724138,,0.0,,-69.65362652366001,,,-62.94146829491608,,,4.413793103448278,,,5.206896551724138,
32,LEU,,,,,,,,,,,,,,,,,,,,,,,,,,,,,,,,,,,,,,,,,,,,,,,,,,,,,,,,,,,,,,,,,,,,,,,,,,,,,,,,,,,,,,,,,,,,,,,,,,,,,,,,,,N-tail,V,,,,,,,,,,,,,,,,,,,42.5038687029142,,56.011633444436114,36.153682974203846,,38.74473859794731,32.724137931034484,,21.0,10.655172413793103,,3.0,,-13.507764741521918,,,-2.5910556237434648,,,11.724137931034484,,,7.655172413793103,
33,SER,,,,,,,,,,,,,,,,,,,,,,,,,,,,,,,,,,,,,,,,,,,,,,,,,,,,,,,,,,,,,,,,,,,,,,,,,,,,,,,,,,,,,,,,,,,,,,,,,,,,,,,,,,N-tail,N,,,,,,,,,,,,,,,,,,,65.92545735594815,,83.14422354463787,50.9836122611713,,43.27334440809699,26.93103448275862,,16.0,4.517241379310345,,0.0,,-17.218766188689713,,,7.710267853074306,,,10.93103448275862,,,4.517241379310345,
34,GLN,,,,,,,,,,,,,,,,,,,,,,,,,,,,,,,,,,,,,,,,,,,,,,,,,,,,,,,,,,,,,,,,,,,,,,,,,,,,,,,,,,,,,,,,,,,,,,,,,,,,,,,,,,N-tail,L,,,,,,,,,,,,,,,,,,,114.516435360415,,148.76525587811932,93.01619006727208,,142.51507823775347,25.551724137931036,,20.0,4.862068965517241,,3.0,,-34.24882051770432,,,-49.49888817048139,,,5.551724137931036,,,1.862068965517241,
35,ILE,,,,,,,,,,,,,,,,,,,,,,,,,,,,,,,,,,,,,,,,,,,,,,,,,,,,,,,,,,,,,,,,,,,,,,,,,,,,,,,,,,,,,,,,,,,,,,,,,,,,,,,,,,N-tail,S,,,,,,,,,,,,,,,,,,,101.58731894479604,,37.947507102221344,83.25737053177514,,21.42918048125441,25.896551724137932,,29.0,4.413793103448276,,9.0,,63.63981184257471,,,61.82819005052073,,,-3.1034482758620676,,,-4.586206896551724,
36,THR,,,,,,,,,,,,,,,,,,,,,,,,,,,,,,,,,,,,,,,,,,,,,,,,,,,,,,,,,,,,,,,,,,,,,,,,,,,,,,,,,,,,,,,,,,,,,,,,,,,,,,,,,,N-tail,H,,,,,,,,,,,,,,,,,,,13.443492269612022,,4.025427386799721,10.607631649363606,,4.025427386799721,37.793103448275865,,36.0,11.96551724137931,,18.0,,9.418064882812304,,,6.582204262563885,,,1.7931034482758648,,,-6.03448275862069,
37,ASN,,,,,,,,,,,,,,,,,,,,,,,,,,,,,,,,,,,,,,,,,,,,,,,,,,,,,,,,,,,,,,,,,,,,,,,,,,,,,,,,,,,,,,,,,,,,,,,,,,,,,,,,,,N-tail,L,,,,,,,,,,,,,,,,,,,97.30183539301731,,63.19693231808178,78.59344693736764,,63.19693231808178,25.310344827586206,,38.0,3.413793103448276,,11.0,,34.10490307493555,,,15.396514619285869,,,-12.689655172413794,,,-7.586206896551724,
38,ASN,,,,,,,,,,,,,,,,,,,,,,,,,,,,,,,,,,,,,,,,,,,,,,,,,,,,,,,,,,,,,,,,,,,,,,,,,,,,,,,,,,,,,,,,,,,,,,,,,,,,,,,,,,N-tail,D,,,,,,,,,,,,,,,,,,,112.88846078346566,,0.0,81.74084810689183,,0.0,20.310344827586206,,38.0,3.0344827586206895,,15.0,,112.88846078346566,,,81.74084810689183,,,-17.689655172413794,,,-11.96551724137931,
39,ILE,,,,,,,,,,,,,,,,,,,,,,,,,,,,,,,,,,,,,,,,,,,,,,,,,,,,,,,,,,,,,,,,,,,,,,,,,,,,,,,,,,,,,,,,,,,,,,,,,,,,,,,,,,N-tail,G,,,,,,,,,,,,,,,,,,,54.98744932328617,,0.5031784233499651,47.212016894319135,,0.5031784233499651,28.620689655172413,,41.0,11.241379310344827,,22.0,,54.484270899936206,,,46.70883847096917,,,-12.379310344827587,,,-10.758620689655173,
40,ASP,,,,,,,,,,,,,,,,,,,,,,,,,,,,,,,,,,,,,,,,,,,,,,,,,,,,,,,,,,,,,,,,,,,,,,,,,,,,,,,,,,,,,,,,,,,,,,,,,,,,,,,,,,N-tail,N,,,,,,,,,,,,,,,,,,,84.50820539657221,,0.4464412600261334,75.2396729214674,,0.0,21.41379310344828,,36.0,5.206896551724138,,20.0,,84.06176413654607,,,75.2396729214674,,,-14.586206896551722,,,-14.79310344827586,
41,PRO,,,,,,,,,,,,,,,,,,,,,,,,,,,,,,,,,,,,,,,,,,,,,,,,,,,,,,,,,,,,,,,,,,,,,,,,,,,,,,,,,,,,,,,,,,,,,,,,,,,,,,,,,,N-tail,L,,,,,,,,,,,,,,,,,,,74.90716332453671,,12.07628216039916,58.52485592963559,,11.069925313699231,22.0,,36.0,5.896551724137931,,15.0,,62.83088116413755,,,47.45493061593636,,,-14.0,,,-9.10344827586207,
42,VAL,,,,,,,,,,,,,,,,,,,,,,,,,,,,,,,,,,,,,,,,,,,,,,,,,,,,,,,,,,,,,,,,,,,,,,,,,,,,,,,,,,,,,,,,,,,,,,,,,,,,,,,,,,N-tail,S,,,,,,,,,,,,,,,,,,,47.43283167823398,,16.973988455431357,19.64130949076415,,0.0,23.82758620689655,,23.0,11.275862068965518,,0.0,,30.458843222802624,,,19.64130949076415,,,0.8275862068965516,,,11.275862068965518,
43,GLY,,,,,,,,,,,,,,,,,,,,,,,,,,,,,,,,,,,,,,,,,,,,,,,,,,,,,,,,,,,,,,,,,,,,,,,,,,,,,,,,,,,,,,,,,,,,,,,,,,,,,,,,,,N-tail,D,,,,,,,,,,,,,,,,,,,37.80005446496079,,28.177991707598043,1.474833309818863,,21.636672204048494,21.517241379310345,,19.0,1.0,,3.0,,9.622062757362745,,,-20.161838894229636,,,2.517241379310345,,,-2.0,
44,ARG,,,,,,,,,,,,,,,,,,,,,,,,,,,,,,,,,,,,,,,,,,,,,,,,,,,,,,,,,,,,,,,,,,,,,,,,,,,,,,,,,,,,,,,,,,,,,,,,,,,,,,,,,,N-tail,P,,,,,,,,,,,,,,,,,,,135.86468155396346,,36.190189183595066,104.1695882199824,,0.0,20.13793103448276,,21.0,3.1379310344827585,,0.0,,99.6744923703684,,,104.1695882199824,,,-0.862068965517242,,,3.1379310344827585,
45,ILE,,,,,,,,,,,,,,,,,,,,,,,,,,,,,,,,,,,,,,,,,,,,,,,,,,,,,,,,,,,,,,,,,,,,,,,,,,,,,,,,,,,,,,,,,,,,,,,,,,,,,,,,,,N-tail,C,,,,,,,,,,,,,,,,,,,47.93384818029463,,61.2982950899215,40.40339046605636,,59.95897130984311,24.896551724137932,,24.0,8.758620689655173,,11.0,,-13.36444690962687,,,-19.55558084378675,,,0.8965517241379324,,,-2.2413793103448274,
46,GLN,,,,,,,,,,,,,,,,,,,,,,,,,,,,,,,,,,,,,,,,,,,,,,,,,,,,,,,,,,,,,,,,,,,,,,,,,,,,,,,,,,,,,,,,,,,,,,,,,,,,,,,,,,N-tail,G,,,,,,,,,,,,,,,,,,,117.04724570903814,,3.019070540099791,90.45051652610528,,3.019070540099791,20.103448275862068,,31.0,3.655172413793104,,7.0,,114.02817516893836,,,87.4314459860055,,,-10.896551724137932,,,-3.3448275862068964,
47,MET,,,,,,,,,,,,,,,,,,,,,,,,,,,,,,,,,,,,,,,,,,,,,,,,,,,,,,,,,,,,,,,,,,,,,,,,,,,,,,,,,,,,,,,,,,,,,,,,,,,,,,,,,,N-tail,P,,,,,,,,,,,,,,,,,,,34.42332172605838,,0.0,20.693111100159975,,0.0,27.20689655172414,,28.0,10.413793103448276,,0.0,,34.42332172605838,,,20.693111100159975,,,-0.7931034482758612,,,10.413793103448276,
48,ARG,,,,,,,,,,,,,,,,,,,,,,,,,,,,,,,,,,,,,,,,,,,,,,,,,,,,,,,,,,,,,,,,,,,,,,,,,,,,,,,,,,,,,,,,,,,,,,,,,,,,,,,,,,N-tail,N,,,,,,,,,,,,,,,,,,,113.42385948940162,,5.297379712421889,108.2241946832384,,5.297379712421889,30.86206896551724,,47.0,5.448275862068965,,11.0,,108.12647977697974,,,102.92681497081652,,,-16.137931034482758,,,-5.551724137931035,
49,THR,,,,,,,,,,,,,,,,,,,,,,,,,,,,,,,,,,,,,,,,,,,,,,,,,,,,,,,,,,,,,,,,,,,,,,,,,,,,,,,,,,,,,,,,,,,,,,,,,,,,,,,,,,N-tail,R,,,,,,,,,,,,,,,,,,,50.60366894840266,,26.96414313810402,31.23380154881985,,26.460964714754056,29.79310344827586,,31.0,12.137931034482758,,6.0,,23.639525810298636,,,4.772836834065796,,,-1.2068965517241388,,,6.137931034482758,
50,ARG,,,,,,,,,,,,,,,,,,,,,,,,,,,,,,,,,,,,,,,,,,,,,,,,,,,,,,,,,,,,,,,,,,,,,,,,,,,,,,,,,,,,,,,,,,,,,,,,,,,,,,,,,,N-tail,T,,,,,,,,,,,,,,,,,,,106.92632728759624,,0.0,84.78148622221244,,0.0,28.689655172413794,,40.0,10.551724137931034,,9.0,,106.92632728759624,,,84.78148622221244,,,-11.310344827586206,,,1.5517241379310338,
51,ARG,,,,,,,,,,,,,,,,,,,,,,,,,,,,,,,,,,,,,,,,,,,,,,,,,,,,,,,,,,,,,,,,,,,,,,,,,,,,,,,,,,,,,,,,,,,,,,,,,,,,,,,,,,N-tail,D,,,,,,,,,,,,,,,,,,,80.94873668498602,,1.5095352700498954,75.10538752955405,,1.5095352700498954,31.20689655172414,,45.0,8.172413793103448,,14.0,,79.43920141493612,,,73.59585225950416,,,-13.79310344827586,,,-5.827586206896552,
52,THR,,,,,,,,,,,,,,,,,,,,,,,,,,,,,,,,,,,,,,,,,,,,,,,,,,,,,,,,,,,,,,,,,,,,,,,,,,,,,,,,,,,,,,,,,,,,,,,,,,,,,,,,,,N-tail,L,,,,,,,,,,,,,,,,,,,41.74679290004536,,9.560390043649337,26.817183767000337,,9.560390043649337,24.96551724137931,,36.0,12.03448275862069,,7.0,,32.18640285639603,,,17.256793723351002,,,-11.03448275862069,,,5.03448275862069,
53,LEU,,,,,,,,,,,,,,,,,,,,,,,,,,,,,,,,,,,,,,,,,,,,,,,,,,,,,,,,,,,,,,,,,,,,,,,,,,,,,,,,,,,,,,,,,,,,,,,,,,,,,,,,,,N-tail,G,,,,,,,,,,,,,,,,,,,12.733683894832078,,6.901948160242874,11.138814662950796,,6.901948160242874,39.44827586206897,,48.0,19.103448275862068,,14.0,,5.831735734589204,,,4.236866502707922,,,-8.551724137931032,,,5.103448275862068,
54,GLY,,,,,,,,121.00250000000001,5.5057356407784575,175.849,2.461378519853657,1.0,0.0,2.0,,,0.0,,0.0,0.0,2.0,,,0.0,,1.0,0.0,2.0,,,0.0,,0.0,0.0,2.0,,,0.0,,0.0,0.0,2.0,,,0.0,,0.0,0.0,2.0,,,0.0,,,,,,,,,,,,,,,,,,,,,,,,,,1.0,3.76,A1A7R,,,,,,,,,,,,,,,,,,,,,,,,,,N-tail,G,3.1003,1.0334333333333332,1.577,0.0,0.0,0.0,0.0,0.0,0.0,3.0,1.577,1.577,0.73045,3.1003,3.1003,1.0334333333333332,3.1003,0.0,126.00377865016073,,0.0,107.82151508084732,,0.0,22.903225806451612,,56.0,7.0,,16.0,,126.00377865016073,,,107.82151508084732,,,-33.096774193548384,,,-9.0,
55,SER,,,,,,-84.386,3.653237550852346,146.16649999999998,1.6196078436119308,127.25249999999998,57.20218809071241,1.0,0.0,2.0,,,0.0,,0.0,0.0,2.0,,,0.0,,1.0,0.0,2.0,,,0.0,,0.0,0.0,2.0,,,0.0,,0.0,0.0,2.0,,,0.0,,0.0,0.0,2.0,,,0.0,,,,,,,,,,,159.47,,,NO,t,,,,,,,,,,,2.0,3.485,A1A7R;YCM,,,,,,,,,,,,,,,,,,,,,,,,,,N-tail,R,1.88655,0.62885,1.3307,0.0,0.0,0.0,0.0,0.0,0.0,3.0,1.3307,1.3307,0.0617999999999999,1.88655,1.88655,0.62885,1.88655,0.0,32.36269851754609,,2.459154953425994,2.408883390466647,,2.0127136933998604,22.387096774193548,,46.0,2.6451612903225805,,20.0,,29.9035435641201,,,0.3961696970667865,,,-23.612903225806452,,,-17.35483870967742,
56,HIS,,,,,,-131.92700000000002,,-88.983,,178.383,,1.0,0.0,1.0,,,0.0,,0.0,0.0,1.0,,,0.0,,1.0,0.0,1.0,,,0.0,,0.0,0.0,1.0,,,0.0,,0.0,0.0,1.0,,,0.0,,0.0,0.0,1.0,,,0.0,,0.0,,,0.0,,,1.0,,,-162.16,,,NO,t,,72.36,,,,,,,,,1.0,2.778,VF1,,,,,,,,,,,,,,,,,,,,,,,,,,N-tail,D,9.7629,1.62715,3.0743,0.0,0.0,0.0,0.0,0.0,0.0,6.0,3.0743,3.0743,0.3072,9.7629,9.7629,1.62715,9.7629,0.0,15.803995472183896,,43.99211462729957,9.133934897953642,,43.99211462729957,38.766666666666666,,40.0,17.833333333333332,,15.0,,-28.188119155115675,,,-34.85817972934593,,,-1.2333333333333345,,,2.833333333333332,
57,SER,,,,,,-50.221999999999994,25.888097695041324,-38.5245,0.02550000042295748,179.82550000000003,0.5465041433618499,4.5,0.707,2.0,,,0.0,,0.0,0.0,2.0,,,0.0,,3.5,0.707,2.0,,,0.0,,1.0,0.0,2.0,,,0.0,,0.0,0.0,2.0,,,0.0,,0.0,0.0,2.0,,,0.0,,,,,,,,,,,73.47,,,NO,g+,,,,,,,,,,,2.0,3.76,A1A7R;VF1,,,,,,,,,,,,,,,,,,,,,,,,,,N-tail,S,15.54245,3.10849,5.9247,0.0,0.0,0.0,0.0,0.0,0.0,5.0,5.9247,5.9247,0.0178,15.54245,15.54245,3.10849,15.54245,0.0,124.77896440218016,,23.967440737697792,92.30889334165327,,14.592174277148988,19.322580645161292,,37.0,4.129032258064516,,16.0,,100.81152366448237,,,77.71671906450429,,,-17.677419354838708,,,-11.870967741935484,
58,LEU,,,,,,-75.04000000000002,2.4853897055019134,-173.237,1.0640305796194136,21.572,0.8870177160858649,2.0,0.0,2.0,,,0.0,,0.0,0.0,2.0,,,0.0,,2.0,0.0,2.0,,,0.0,,0.0,0.0,2.0,,,0.0,,0.0,0.0,2.0,,,0.0,,0.0,0.0,2.0,,,0.0,,,,,,,,,,,-173.36,,,NO,t,,68.34,,,,,,,,,2.0,3.499,YCM,,,,,,,,,,,,,,,,,,,,,,,,,,N-tail,L,12.2815,1.5351875,5.53095,0.0,0.0,0.0,0.0,0.0,0.0,8.0,5.53095,5.53095,0.03945,12.2815,12.2815,1.5351875,12.2815,0.0,26.594007616674137,,40.37229303201706,17.051569748206095,,9.057211620299372,30.741935483870968,,35.0,8.0,,19.0,,-13.778285415342925,,,7.9943581279067235,,,-4.258064516129032,,,-11.0,
59,LYS,,,,,,,,,,,,,,,,,,,,,,,,,,,,,,,,,,,,,,,,,,,,,,,,,,,,,,,,,,,,,,,,,,,,,,,,,,,,,,,,,,,,,,,,,,,,,,,,,,,,,,,,,,N-tail,C,,,,,,,,,,,,,,,,,,,66.40799497391014,,31.91792162601504,60.40071173617219,,6.569332038044056,37.0,,36.0,16.620689655172413,,25.0,,34.49007334789509,,,53.83137969812813,,,1.0,,,-8.379310344827587,
60,PRO,,,,,,-124.93699999999998,2.038214936258915,102.82900000000001,5.642559281263871,-162.795,6.810014266093633,,,,,,,,,,,,,,,,,,,,,,,,,,,,,,,,,,,,,,,,,,,,,,,,,,,,-2.53,,,NO,g+,,4.29,,,,,,,,,2.0,2.518,YCM,,,,,,,,,,,,,,,,,,,,,,,,,,N-tail,P,4.41885,2.209425,3.9248,0.0,0.0,0.0,0.0,0.0,0.0,2.0,3.9248,3.9248,0.49405,4.41885,4.41885,2.209425,4.41885,0.0,16.288142802849737,,90.80069848446892,12.441817613231173,,61.70291127975284,39.0,,27.0,12.548387096774194,,5.0,,-74.51255568161918,,,-49.26109366652167,,,12.0,,,7.548387096774194,
61,GLN,,,,,,-105.45449999999998,3.7418297782488645,-34.976,37.711567584462124,-167.98000000000002,5.132431276078406,4.0,0.0,1.0,,,0.0,,1.0,0.0,1.0,,,0.0,,0.0,0.0,1.0,,,0.0,,3.0,0.0,1.0,,,0.0,,0.0,0.0,1.0,,,0.0,,0.0,0.0,1.0,,,0.0,,,,,,,,,,,-106.03,,,NO,g-,,1.2,,,,,,,,,2.0,3.135,YCM,,,,,,,,,,,,,,,,,,,,,18.431,21.396,18.07,10.51,,N-tail,P,10.60565,2.12113,6.025,0.0,0.0,0.0,0.0,0.0,0.0,5.0,6.025,6.025,0.19415,10.60565,10.60565,2.12113,10.60565,0.0,56.29735352674989,,111.6466632335354,45.80249674829027,,60.38141080199581,33.225806451612904,,11.0,15.612903225806452,,0.0,,-55.349309706785505,,,-14.578914053705546,,,22.225806451612904,,,15.612903225806452,
62,THR,,,,,,-37.57050000000001,0.17150012804490164,137.026,8.632319561865566,-75.2445,141.33122572698372,,,,,,,,,,,,,,,,,,,,,,,,,,,,,,,,,,,,,,,,,,,,,,,,,,,,11.64,,,NO,g+,,,,,,,,,,,,,,,,,,,,,,,,,,,,,,,,,,22.458,27.213,21.534,16.308,,N-tail,T,3.0803,1.0267666666666666,2.042,0.0,0.0,0.0,0.0,0.0,0.0,3.0,2.042,2.042,0.2606,3.0803,3.0803,1.0267666666666666,3.0803,0.0,18.63005807882019,,10.617792534982346,12.093194063045324,,0.0,29.70967741935484,,26.0,5.516129032258065,,0.0,,8.012265543837845,,,12.093194063045324,,,3.70967741935484,,,5.516129032258065,
63,GLY,,,,,,12.350999999999951,147.09793136108425,107.82150000000001,36.907489371673684,-170.3465,0.09550002211354845,1.0,0.0,1.0,,,0.0,,1.0,0.0,1.0,,,0.0,,0.0,0.0,1.0,,,0.0,,0.0,0.0,1.0,,,0.0,,0.0,0.0,1.0,,,0.0,,0.0,0.0,1.0,,,0.0,,,,,,,,,,,,,,,,,,,,,,,,,,,,,,,,,,,,,,,,,,,,,,,,,24.69,24.997,17.633,16.878,,N-tail,G,0.4574,0.4574,0.4574,0.0,0.0,0.0,0.0,0.0,0.0,1.0,0.4574,0.4574,0.4574,0.4574,0.4574,0.4574,0.4574,0.0,23.530000478429855,,33.176024764022635,6.580060408053234,,3.9119530601520576,31.838709677419356,,31.0,13.935483870967742,,24.0,,-9.64602428559278,,,2.6681073479011768,,,0.8387096774193559,,,-10.064516129032258,
64,SER,,,,,,-51.12350000000001,11.050724649116649,143.17600000000002,1.8131513089988036,-163.37749999999997,10.42927222741654,,,,,,,,,,,,,,,,,,,,,,,,,,,,,,,,,,,,,,,,,,,,,,,,,,,,56.94,,,NO,g+,,,,,,,,,,,,,,,,,,,,,,,,,,,,,,,,,,22.811,27.091,21.104,20.168,,N-tail,S,1.6564,0.8282,0.8787,0.0,0.0,0.0,0.0,0.0,0.0,2.0,0.8787,0.8787,0.7777,1.6564,1.6564,0.8282,1.6564,0.0,52.719223230620166,,59.504806967876895,49.26553006827648,,45.766868385153266,34.935483870967744,,26.0,8.161290322580646,,5.0,,-6.785583737256729,,,3.498661683123217,,,8.935483870967744,,,3.161290322580646,
65,PRO,,,,,,-70.19,3.232857627382758,167.66782603855657,6.653122520208218,177.42312580159862,3.747046094617129,0.0,0.0,2.0,,,0.0,,0.0,0.0,2.0,,,0.0,,0.0,0.0,2.0,,,0.0,,0.0,0.0,2.0,,,0.0,,0.0,0.0,2.0,,,0.0,,1.0,0.0,2.0,,,0.0,,,,,,,,,,,25.66,,,NO,g+,,-29.21,,,,,,,,,,,,,,,,,,,,,,,,,,,,,,,,24.548,23.156,16.927,16.532,,N-tail,P,2.80815,0.56163,0.8787,0.0,0.0,0.0,0.0,0.0,0.0,5.0,0.8787,0.8787,0.0614,2.80815,2.80815,0.56163,2.80815,0.0,34.993695379969665,,122.09208181560302,23.0536926375351,,109.86474140844376,41.0,,25.0,12.838709677419354,,4.0,,-87.09838643563336,,,-86.81104877090866,,,16.0,,,8.838709677419354,
66,SER,,,,,,-85.66391580356365,10.430258696715596,-76.87805603977658,98.68482355292724,178.3033458289506,3.1273732647593495,2.9,2.331,10.0,,,0.0,,1.8,0.919,10.0,,,0.0,,0.7,1.059,10.0,,,0.0,,0.4,0.843,10.0,,,0.0,,0.0,0.0,10.0,,,0.0,,0.0,0.0,10.0,,,0.0,,,,,,,,,,,-32.85,,,NO,g-,,,,,,,,45.8223,43.338,0.0,,,,,,22.128,none,23.059,none,21.529,none,,,,,,,20.843,none,,,,,19.339,20.798,20.202,19.96,,N-tail,S,4.618925000000001,0.9237850000000002,2.070075,0.0,0.0,0.0,0.0,0.0,0.0,5.0,2.070075,2.070075,0.15655,4.618925000000001,4.618925000000001,0.9237850000000002,4.618925000000001,0.0,17.82889840995742,,100.293717073662,11.07870082917826,,98.01540790133993,27.06451612903226,,36.0,0.8709677419354839,,6.0,,-82.46481866370459,,,-86.93670707216167,,,-8.93548387096774,,,-5.129032258064516,
67,MET,26.0,4.26,0.725,3.165,6.546,-71.78249620588149,16.44151317223162,-63.455812643320975,59.4210844488345,-178.75554176177562,3.281413028537831,2.478,0.73,23.0,2.5,1.0,4.0,-0.022,2.478,0.73,23.0,2.5,1.0,4.0,-0.022,0.0,0.0,23.0,0.0,0.0,4.0,0.0,0.0,0.0,23.0,0.0,0.0,4.0,0.0,0.0,0.0,23.0,0.0,0.0,4.0,0.0,0.565,0.507,23.0,0.25,0.5,4.0,0.315,,,,,,,,,,179.76,,,NO,t,,113.72,,,,,,45.35333333333333,43.21,0.0,,,,,,22.535,none,24.298,none,22.344,none,,,,,,,19.283,none,24.414,none,,,23.24,23.511,23.411,23.62,1x29,TM1,M,2.7045483333333333,0.3863640476190476,0.8785666666666666,0.3498,0.0499714285714285,0.2324,0.0,0.0,0.0,7.0,0.8785666666666666,0.8785666666666666,-0.0428,2.3547483333333328,2.354748333333333,0.3363926190476191,2.7045483333333333,-0.3498,74.43995820467397,108.01881312369372,69.51190530692793,54.09321448563092,54.17554358067957,69.51190530692793,23.70967741935484,16.666666666666668,39.0,4.516129032258065,1.0,9.0,-33.57885491901976,4.928052897746042,-38.5069078167658,-0.0823290950486566,-15.418690821297012,15.336361726248356,7.043010752688172,-15.29032258064516,22.333333333333332,3.516129032258065,-4.483870967741935,8.0
68,VAL,27.0,3.365,0.407,2.723,4.343,-71.8711350017258,17.095853212415232,-30.792868228248693,25.874399574976024,179.29057025835937,2.9643752112319866,3.231,0.951,26.0,3.2,1.304,5.0,0.031,2.577,0.945,26.0,2.4,0.894,5.0,0.177,0.654,0.485,26.0,0.8,0.447,5.0,-0.146,0.0,0.0,26.0,0.0,0.0,5.0,0.0,0.0,0.0,26.0,0.0,0.0,5.0,0.0,0.077,0.272,26.0,0.4,0.548,5.0,-0.323,,,,,,,,,,-87.66,-89.28,1.62,NO,g-,g-,156.27,14.93,141.34,,,,42.20431034482758,39.88,0.0,,,,,,22.626,none,23.407,none,23.45,none,,,,,,,21.13,none,23.187,none,,,22.251,22.137,21.614,22.174,1x30,TM1,I,1.645575,0.329115,0.70455,0.6933499999999999,0.13867,0.3540999999999999,0.0,0.0,0.0,5.0,0.4399,0.4399,-0.0319499999999999,0.952225,0.952225,0.190445,1.645575,-0.6933499999999999,81.65644110126878,82.72113304467416,13.305168486728371,57.16912961125495,71.11588383346174,13.305168486728371,24.451612903225808,22.666666666666668,38.0,4.806451612903226,2.0,8.0,-1.0646919434053783,68.3512726145404,-69.41596455794578,-13.946754222206785,43.86396112452658,-57.81071534673336,1.78494623655914,-13.548387096774192,15.333333333333332,2.806451612903226,-3.193548387096774,6.0
69,THR,28.0,2.98,0.235,2.261,3.285,-69.00958838117114,13.38989858288568,-36.39040766017494,15.135274120872696,179.4940683384659,2.5595560912674244,4.036,1.753,28.0,3.4,1.14,5.0,0.636,3.357,0.78,28.0,3.0,1.0,5.0,0.357,0.536,0.838,28.0,0.4,0.548,5.0,0.136,0.143,0.525,28.0,0.0,0.0,5.0,0.143,0.0,0.0,28.0,0.0,0.0,5.0,0.0,0.107,0.416,28.0,0.0,0.0,5.0,0.107,,,,,,,,,,8.66,62.9,54.24,NO,g+,g+,82.64,,,,,,40.05646666666667,37.46,0.0,,,,,,17.272,none,17.464,none,17.349,none,,,,,,,15.055,none,17.747,none,,,16.028,17.394,17.257,15.966,1x31,TM1,T,7.008375274990709,0.5840312729158924,2.070075,0.1111,0.0092583333333333,0.1111,2.9272,0.2439333333333333,2.9272,12.0,2.070075,2.070075,0.0178,6.89727527499071,6.897275274990709,0.574772939582559,4.081175274990709,2.8161,23.329121977074394,82.46334747782228,94.80884711167388,17.85496687286898,62.825653662292765,80.85569372421611,34.064516129032256,24.75,30.0,8.129032258064516,1.75,9.0,-59.13422550074789,-71.47972513459949,12.345499633851604,-44.97068678942378,-63.000726851347125,18.030040061923344,9.314516129032256,4.064516129032256,5.25,6.379032258064516,-0.870967741935484,7.25
70,ALA,28.0,2.604,0.194,2.238,2.941,-68.19661713459362,13.471826310336743,-37.33747267791915,10.887933106579734,178.7216692092644,2.2533220651781996,4.37,1.214,27.0,3.6,1.517,5.0,0.77,4.296,1.103,27.0,3.6,1.517,5.0,0.696,0.074,0.267,27.0,0.0,0.0,5.0,0.074,0.0,0.0,27.0,0.0,0.0,5.0,0.0,0.0,0.0,27.0,0.0,0.0,5.0,0.0,0.444,0.506,27.0,0.6,0.894,5.0,-0.156,,,,,,,,,,,,,,,,,,,,,,41.27816666666666,39.999,0.0,,,,,,16.781,none,18.883,none,16.962,none,,,,,,,15.282,none,17.717,none,,,18.008,18.29,17.689,18.071,1x32,TM1,A,5.502964918414918,0.6878706148018647,2.285534615384615,2.0767333333333333,0.2595916666666666,0.8824333333333333,1.2727,0.1590875,1.2727,8.0,1.4031012820512825,1.4031012820512825,-0.413,3.4262315850815854,3.4262315850815845,0.428278948135198,4.2302649184149175,-0.8040333333333334,81.48089278855132,73.56631283875946,105.10493532294088,79.06098578592717,63.199209972755625,78.587233444863,36.483870967741936,28.2,27.0,15.483870967741936,3.6,9.0,7.914579949791857,-23.62404253438956,31.538622484181417,15.861775813171548,0.4737523410641699,15.388023472107378,8.283870967741937,9.483870967741936,-1.1999999999999993,11.883870967741936,6.483870967741936,5.4
71,ILE,28.0,2.688,0.424,1.893,3.546,-69.59723594200652,12.245037931537036,-37.88992238714862,8.140446025209368,178.6800951012662,3.4704025617530743,4.37,1.214,27.0,4.2,2.168,5.0,0.17,4.37,1.214,27.0,4.2,2.168,5.0,0.17,0.0,0.0,27.0,0.0,0.0,5.0,0.0,0.0,0.0,27.0,0.0,0.0,5.0,0.0,0.0,0.0,27.0,0.0,0.0,5.0,0.0,0.667,0.555,27.0,1.0,0.707,5.0,-0.333,,,,,,,,,,-71.09,-3.75,67.34,YES,g-,g+,170.85,166.68,4.17,,,,39.886599999999994,37.812,0.0,,,,,,19.894,none,21.632,none,20.378,none,,,,,,,17.16,none,20.584,none,,,20.972,21.097,20.22,20.937,1x33,TM1,I,4.137383333333333,0.6895638888888889,0.8785666666666666,0.8888833333333335,0.1481472222222222,0.2987333333333333,0.0,0.0,0.0,6.0,0.8785666666666666,0.8785666666666666,-0.0579,3.2484999999999995,3.2485,0.5414166666666667,4.137383333333333,-0.8888833333333335,49.06915451639116,89.8985838708053,42.3775506788524,44.89231790274884,83.7288896454342,42.3775506788524,31.387096774193548,28.8,39.0,12.0,2.6,19.0,-40.82942935441414,6.691603837538757,-47.521033191952895,-38.83657174268535,2.514767223896442,-41.35133896658179,2.5870967741935473,-7.612903225806452,10.2,9.4,-7.0,16.4
72,THR,28.0,2.63,0.493,1.468,3.34,-66.82946160523163,9.111366040207855,-40.20648065607963,10.448344826811207,179.37596280611572,3.200224484621649,5.893,1.1,28.0,6.0,1.225,5.0,-0.107,5.036,0.881,28.0,4.8,1.095,5.0,0.236,0.857,0.705,28.0,1.2,0.447,5.0,-0.343,0.0,0.0,28.0,0.0,0.0,5.0,0.0,0.0,0.0,28.0,0.0,0.0,5.0,0.0,0.0,0.0,28.0,0.0,0.0,5.0,0.0,,,,,,,,,,-28.92,-18.02,10.9,NO,g-,g-,,,,,,,36.11266666666666,34.003,0.0,,,,,,17.779,none,18.386,none,18.303,none,,,,,,,17.185,none,17.139,none,,,17.512,17.319,16.163,17.157,1x34,TM1,T,1.2737888888888889,0.2122981481481481,0.49995,1.3125999999999998,0.2187666666666666,0.3540999999999999,0.0,0.0,0.0,6.0,0.16575,0.16575,-0.0943111111111111,-0.038811111111111,-0.0388111111111109,-0.0064685185185184,1.2737888888888889,-1.3125999999999998,11.149123175467922,68.28691036669896,82.7623786655573,10.315114101743928,60.66782352103828,82.7623786655573,40.41935483870968,30.4,39.0,16.70967741935484,1.6,10.0,-57.13778719123104,-71.61325549008939,14.475468298858344,-50.35270941929435,-72.44726456381338,22.094555144519028,10.01935483870968,1.4193548387096795,8.600000000000001,15.10967741935484,6.70967741935484,8.4
73,ILE,28.0,2.36,0.256,1.842,2.981,-66.3838357013969,7.430557695137369,-40.47762989249094,7.226137025532563,178.02514480620368,2.8749080540810663,4.964,1.105,28.0,5.0,1.225,5.0,-0.036,4.964,1.105,28.0,5.0,1.225,5.0,-0.036,0.0,0.0,28.0,0.0,0.0,5.0,0.0,0.0,0.0,28.0,0.0,0.0,5.0,0.0,0.0,0.0,28.0,0.0,0.0,5.0,0.0,0.679,0.612,28.0,0.0,0.0,5.0,0.679,,,,,,,,,,-69.16,-62.91,6.25,NO,g-,g-,175.47,172.55,2.92,,,,34.973600000000005,33.279,0.0,,,,,,11.63,none,12.965,none,12.507,none,,,,,,,10.566,none,11.955,none,,,12.179,12.31,11.514,11.992,1x35,TM1,I,12.579990375022392,1.3977767083358217,3.9327310344827584,4.037925,0.4486583333333334,1.695925,5.5285,0.6142777777777778,4.6333,9.0,2.9147310344827586,2.9147310344827586,-0.5368731481481481,8.542065375022394,8.542065375022393,0.949118375002488,7.051490375022392,1.4905749999999998,15.69210582567572,54.2038353678544,37.89050290352195,11.410788116613723,50.31784233499651,34.216132787797626,33.96774193548387,37.4,28.0,13.258064516129032,12.0,3.0,-38.511729542178685,-22.19839707784623,-16.313332464332447,-38.90705421838279,-22.805344671183903,-16.101709547198887,-3.4322580645161267,5.967741935483872,-9.4,1.258064516129032,10.258064516129032,-9.0
74,MET,28.0,2.048,0.29,1.496,2.662,-65.11068928723307,6.911765174294952,-39.246305833848915,6.103425945008852,177.75186529300245,2.7985771140655946,5.607,1.257,28.0,4.6,2.302,5.0,1.007,4.5,1.291,28.0,3.8,1.643,5.0,0.7,1.0,0.544,28.0,0.6,0.548,5.0,0.4,0.107,0.315,28.0,0.2,0.447,5.0,-0.093,0.0,0.0,28.0,0.0,0.0,5.0,0.0,0.786,0.418,28.0,1.0,1.225,5.0,-0.214,,,,,,,,,,-90.49,-164.23,73.74,YES,g-,t,-55.9,-173.83,117.93,,,,36.5785,35.313,0.0,1.0,3.218,MPG,,,12.173,none,15.647,none,12.775,none,,,,,,,11.658,none,15.099,none,,,15.468,16.885,15.393,15.317,1x36,TM1,M,9.564398333333331,0.8694907575757576,2.9199800000000007,6.243341666666668,0.5675765151515152,2.56855,0.1181,0.0107363636363636,0.1181,11.0,2.0225550000000005,2.0225550000000005,-0.8311333333333333,3.321056666666667,3.3210566666666654,0.3019142424242423,9.446298333333331,-6.125241666666668,11.559314172133908,72.61544699029744,43.77652283144696,6.782962703127794,67.60097502671417,41.7638091380471,37.516129032258064,33.8,34.0,13.516129032258064,6.4,8.0,-61.05613281816353,-32.21720865931305,-28.83892415885048,-60.81801232358637,-34.98084643491931,-25.837165888667062,3.716129032258067,3.516129032258064,0.2000000000000028,7.116129032258064,5.516129032258064,1.5999999999999996
75,ALA,28.0,2.169,0.46,1.018,2.789,-64.88991245792228,3.1775737086423588,-41.53879813990932,4.939756275460875,178.53664760118698,2.2649447525601696,5.536,0.922,28.0,5.6,0.548,5.0,-0.064,5.214,0.686,28.0,5.4,0.894,5.0,-0.186,0.321,0.476,28.0,0.2,0.447,5.0,0.121,0.0,0.0,28.0,0.0,0.0,5.0,0.0,0.0,0.0,28.0,0.0,0.0,5.0,0.0,0.071,0.262,28.0,0.0,0.0,5.0,0.071,,,,,,,,,,,,,,,,,,,,,,34.334766666666674,32.527,0.0,,,,,,17.806,none,19.328,none,18.611,none,,,,,,,16.866,none,17.34,none,,,17.792,18.044,17.123,17.944,1x37,TM1,A,0.4873041666666666,0.1624347222222222,0.1857666666666666,0.0,0.0,0.0,0.0,0.0,0.0,3.0,0.1857666666666666,0.1857666666666666,0.1359375,0.4873041666666666,0.4873041666666666,0.1624347222222222,0.4873041666666666,0.0,8.780394068393417,58.88279047202203,0.0,7.82361290498978,50.5191137043365,0.0,31.64516129032258,32.8,43.0,7.258064516129032,2.8,17.0,-50.10239640362862,8.780394068393417,-58.88279047202203,-42.69550079934672,7.82361290498978,-50.5191137043365,-1.154838709677417,-11.35483870967742,10.200000000000005,4.458064516129032,-9.741935483870968,14.2
76,LEU,28.0,2.244,0.394,1.475,2.97,-63.45236760780924,5.056709173970159,-44.81965173905689,8.542176021696301,177.87483975241832,2.9762249553432722,4.929,1.274,28.0,4.4,0.548,5.0,0.529,4.929,1.274,28.0,4.4,0.548,5.0,0.529,0.0,0.0,28.0,0.0,0.0,5.0,0.0,0.0,0.0,28.0,0.0,0.0,5.0,0.0,0.0,0.0,28.0,0.0,0.0,5.0,0.0,2.107,1.1,28.0,0.8,0.837,5.0,1.307,,,,,,,,,,-177.96,-167.81,10.15,NO,t,t,86.55,100.96,14.41,,,,29.462566666666664,27.594,0.0,1.0,4.198,A1APU,,,11.565,none,13.251,none,13.326,none,,,,,,,12.451,none,11.092,none,,,11.965,12.119,10.985,12.294,1x38,TM1,L,4.955549868464869,0.4955549868464869,1.0396384615384615,2.3874833333333334,0.2387483333333333,0.7337333333333333,0.1964,0.0196399999999999,0.1964,10.0,0.9903454545454548,0.9903454545454548,-0.5165916666666667,2.5680665351315355,2.568066535131536,0.2568066535131535,4.75914986846487,-2.1910833333333333,12.423826759301612,84.7639763569512,11.225224710541688,10.150416275782314,80.3714695765428,11.225224710541688,39.61290322580645,32.0,51.0,12.193548387096774,4.4,14.0,-72.3401495976496,1.1986020487599234,-73.53875164640951,-70.22105330076047,-1.0748084347593745,-69.1462448660011,7.612903225806448,-11.387096774193552,19.0,7.793548387096774,-1.806451612903226,9.6
77,TYR,28.0,2.077,0.345,1.588,2.965,-63.36045417096777,6.996466319806562,-39.86216119753039,7.091912862805551,-179.1716995890839,2.6822734924624125,5.821,1.565,28.0,4.4,1.342,5.0,1.421,4.179,1.219,28.0,4.4,1.342,5.0,-0.221,0.143,0.356,28.0,0.0,0.0,5.0,0.143,1.5,0.882,28.0,0.0,0.0,5.0,1.5,0.0,0.0,28.0,0.0,0.0,5.0,0.0,0.0,0.0,28.0,0.0,0.0,5.0,0.0,0.8333,0.0,0.8333,0.0,0.0,0.0,0.1667,1.0,-0.8333,-86.55,-89.06,2.51,NO,g-,g-,-31.59,14.43,46.02,,,,30.633566666666663,28.624,0.0,5.0,2.694,A1APU;A1BNM;EIG;Endomorphin-2;MPG,,,6.915,second_shell,8.044,second_shell,7.333,second_shell,,,,,,,6.21,second_shell,7.569,none,,,7.859,7.875,7.294,7.712,1x39,TM1,Y,18.111308256213775,1.5092756880178146,7.042536666666667,13.439791666666666,1.119982638888889,3.876749999999999,4.6333,0.3861083333333333,4.6333,12.0,6.9798366666666665,6.9798366666666665,-1.2739299999999996,4.671516589547108,4.6715165895471085,0.3892930491289257,13.478008256213776,-8.806491666666666,39.521064821397616,27.968125987955386,52.92192942950811,27.701915939192865,22.849683015501565,50.073070379379814,37.774193548387096,39.0,33.0,15.580645161290322,10.0,1.0,11.55293883344223,-13.400864608110496,24.95380344155273,4.8522329236913,-22.37115444018695,27.22338736387825,-1.225806451612904,4.774193548387096,-6.0,5.580645161290322,14.580645161290322,-9.0
78,SER,28.0,2.063,0.376,1.515,3.011,-67.81607074042594,8.394728844015717,-42.23996732142475,8.648972728901999,179.94738178550585,3.007443971175604,6.607,1.1,28.0,5.4,1.517,5.0,1.207,5.393,0.685,28.0,4.4,0.894,5.0,0.993,1.214,0.63,28.0,0.8,0.447,5.0,0.414,0.0,0.0,28.0,0.2,0.447,5.0,-0.2,0.0,0.0,28.0,0.0,0.0,5.0,0.0,0.0,0.0,28.0,0.0,0.0,5.0,0.0,,,,,,,,,,-30.5,-71.35,40.85,NO,g-,g-,,,,,,,32.03796666666666,30.669,0.0,1.0,2.429,MPG,,,15.31,none,17.297,none,14.919,none,,,,,,,13.47,none,15.23,none,,,15.643,15.817,15.414,15.626,1x40,TM1,S,1.6978332142857144,0.2122291517857143,0.4726,0.4550333333333333,0.0568791666666666,0.4120333333333333,0.0,0.0,0.0,8.0,0.4296,0.4296,0.0208766666666667,1.242799880952381,1.242799880952381,0.1553499851190476,1.6978332142857144,-0.4550333333333333,57.581007947201016,71.32059350142815,19.927101257769028,29.95950292990792,66.92843962659448,17.971124727693,29.516129032258064,30.2,44.0,8.903225806451612,1.2,14.0,-13.739585554227132,37.65390668943199,-51.393492243659125,-36.96893669668656,11.98837820221492,-48.95731489890149,-0.6838709677419352,-14.483870967741936,13.8,7.703225806451612,-5.096774193548388,12.8
79,ILE,28.0,1.904,0.373,1.266,2.713,-65.58215513761837,3.8070011425148014,-41.680127320434224,5.114520303014796,178.77150769945055,2.7339031102266405,4.786,1.134,28.0,4.6,1.14,5.0,0.186,4.786,1.134,28.0,4.6,1.14,5.0,0.186,0.0,0.0,28.0,0.0,0.0,5.0,0.0,0.0,0.0,28.0,0.0,0.0,5.0,0.0,0.0,0.0,28.0,0.0,0.0,5.0,0.0,0.893,0.786,28.0,0.0,0.0,5.0,0.893,,,,,,,,,,-80.77,-67.18,13.59,NO,g-,g-,162.04,-179.74,18.22,,,,27.729766666666666,25.349,0.0,,,,,,15.481,none,17.091,none,17.645,none,,,,,,,16.443,none,14.346,none,,,15.021,15.077,15.187,14.971,1x41,TM1,I,1.5682018253968253,0.1960252281746031,0.3537833333333333,0.4085,0.0510625,0.2916,0.0,0.0,0.0,8.0,0.3537833333333333,0.3537833333333333,-0.20552,1.1597018253968252,1.1597018253968252,0.1449627281746031,1.5682018253968253,-0.4085,18.643904395086643,65.55764965449774,0.0,13.655752492071754,60.68870045141894,0.0,35.0,34.6,42.0,1.7741935483870968,5.8,13.0,-46.913745259411094,18.643904395086643,-65.55764965449774,-47.03294795934718,13.655752492071754,-60.68870045141894,0.3999999999999986,-7.0,7.399999999999999,-4.025806451612903,-11.225806451612904,7.2
80,VAL,28.0,1.774,0.258,1.236,2.327,-64.55479336171372,4.423744957955862,-40.136089561884525,8.51367079855488,179.77341638172055,2.6856362157055518,4.25,1.531,28.0,2.6,0.548,5.0,1.65,4.25,1.531,28.0,2.6,0.548,5.0,1.65,0.0,0.0,28.0,0.0,0.0,5.0,0.0,0.0,0.0,28.0,0.0,0.0,5.0,0.0,0.0,0.0,28.0,0.0,0.0,5.0,0.0,1.75,0.645,28.0,1.4,0.548,5.0,0.35,,,,,,,,,,170.29,157.37,12.92,NO,t,t,,,,,,,24.757466666666666,23.53,0.0,1.0,4.125,A1APU,,,9.251,second_shell,10.505,second_shell,11.809,second_shell,,,,,,,10.387,second_shell,8.715,none,,,8.518,8.288,9.071,8.285,1x42,TM1,V,5.932838556650246,0.5932838556650246,1.7460724137931034,5.396813333333332,0.5396813333333332,1.5196999999999998,2.5238,0.25238,2.5238,10.0,0.7963799999999998,0.5271924137931034,-0.7963799999999998,0.5360252233169133,0.5360252233169138,0.0536025223316913,3.409038556650246,-2.8730133333333323,69.24567306433343,30.016929250562136,24.655742744148288,66.88396744367367,26.664891777083874,24.655742744148288,32.935483870967744,32.2,38.0,8.612903225806452,6.0,13.0,39.228743813771295,44.58993032018515,-5.361186506413848,40.219075666589795,42.228224699525384,-2.0091490329355857,0.7354838709677409,-5.064516129032256,5.799999999999997,2.612903225806452,-4.387096774193548,7.0
81,CYS,28.0,1.602,0.214,1.173,2.107,-65.88233854298285,6.124619497250916,-44.63758317830228,5.578988229211277,-177.23089507563057,1.779424417264373,4.929,1.016,28.0,4.0,1.581,5.0,0.929,4.893,0.956,28.0,4.0,1.581,5.0,0.893,0.036,0.189,28.0,0.0,0.0,5.0,0.036,0.0,0.0,28.0,0.0,0.0,5.0,0.0,0.0,0.0,28.0,0.0,0.0,5.0,0.0,0.0,0.0,28.0,0.0,0.0,5.0,0.0,,,,,,,,,,178.18,169.46,8.72,NO,t,t,,,,,,,27.686933333333332,26.83,0.0,1.0,3.448,MPG,,,12.284,none,13.169,none,11.912,none,,,,,,,11.752,none,11.68,none,,,11.326,11.378,12.635,11.246,1x43,TM1,C,7.094836904761904,0.7883152116402116,2.3047066666666667,4.8698266666666665,0.5410918518518518,1.7539,6.7818,0.7535333333333333,3.6741,9.0,0.9625766666666667,0.9625766666666667,-0.0957,2.225010238095239,2.225010238095238,0.2472233597883597,0.3130369047619048,1.911973333333333,12.478173947569084,28.69988459838545,106.6773233900136,9.349159994500305,25.365009645573743,103.32528591653534,38.29032258064516,34.6,31.0,15.225806451612904,5.0,3.0,-16.221710650816362,-94.19914944244452,77.97743879162816,-16.015849651073445,-93.97612592203504,77.96027627096159,3.6903225806451583,7.29032258064516,-3.6000000000000014,10.225806451612904,12.225806451612904,-2.0
82,VAL,28.0,1.708,0.204,1.194,2.19,-66.76875013283623,3.4870075384018144,-44.878390458160574,4.726616920633346,-179.97916030351826,2.01646338895611,5.071,1.016,28.0,3.6,1.14,5.0,1.471,5.071,1.016,28.0,3.6,1.14,5.0,1.471,0.0,0.0,28.0,0.0,0.0,5.0,0.0,0.0,0.0,28.0,0.0,0.0,5.0,0.0,0.0,0.0,28.0,0.0,0.0,5.0,0.0,0.25,0.585,28.0,0.0,0.0,5.0,0.25,,,,,,,,,,165.37,-65.12,129.51,YES,t,g-,,,,,,,27.174699999999994,25.237,0.0,2.0,3.867,P6G;PG4,,,16.782,none,17.799,none,16.994,none,,,,,,,17.342,none,16.271,none,,,15.719,15.576,16.94,15.369,1x44,TM1,V,2.3796750000000007,0.3399535714285715,1.6285666666666667,0.2168333333333333,0.0309761904761904,0.1211333333333333,0.798,0.114,0.4299,7.0,1.6285666666666667,1.6285666666666667,-0.0957,2.162841666666667,2.162841666666667,0.308977380952381,1.5816750000000006,0.5811666666666667,16.015769760034456,52.98883069226385,0.4464412600261334,14.93303708006348,47.19813611022673,0.4464412600261334,42.38709677419355,30.8,42.0,16.903225806451612,4.2,11.0,-36.9730609322294,15.56932850000832,-52.54238943223772,-32.26509903016325,14.486595820037346,-46.75169485020059,11.58709677419355,0.3870967741935516,11.2,12.703225806451613,5.903225806451612,6.8
83,VAL,28.0,1.64,0.276,1.213,2.498,-67.00403727093048,5.767129544397698,-38.358803040630704,7.754489277162423,179.01016063112283,2.182190227797744,3.75,1.076,28.0,3.0,1.0,5.0,0.75,3.75,1.076,28.0,3.0,1.0,5.0,0.75,0.0,0.0,28.0,0.0,0.0,5.0,0.0,0.0,0.0,28.0,0.0,0.0,5.0,0.0,0.0,0.0,28.0,0.0,0.0,5.0,0.0,0.536,0.508,28.0,0.0,0.0,5.0,0.536,,,,,,,,,,-176.94,155.95,27.11,NO,t,t,,,,,,,21.86956666666667,20.006,0.0,,,,,,15.383,none,16.395,none,18.266,none,,,,,,,16.154,none,13.931,none,,,14.312,13.781,15.0,13.583,1x45,TM1,V,1.9828527777777776,0.330475462962963,1.2859333333333334,1.3610533333333334,0.2268422222222222,0.96132,0.0584,0.0097333333333333,0.0584,6.0,0.3246133333333334,0.3246133333333334,-0.1682333333333333,0.6217994444444445,0.6217994444444443,0.1036332407407407,1.9244527777777776,-1.3026533333333334,13.684299604025863,47.256548789632475,0.0,10.712830948741193,44.16251984881803,0.0,38.903225806451616,32.8,42.0,16.580645161290324,5.4,19.0,-33.57224918560661,13.684299604025863,-47.256548789632475,-33.44968890007684,10.712830948741193,-44.16251984881803,6.1032258064516185,-3.0967741935483843,9.200000000000005,11.180645161290323,-2.419354838709676,13.6
84,GLY,28.0,1.226,0.209,0.767,1.772,-65.70938289210021,5.106755100748367,-46.03072716008665,4.331615864385108,178.7828472421731,1.908660149239213,5.929,1.052,28.0,4.8,1.789,5.0,1.129,4.964,0.962,28.0,3.8,1.789,5.0,1.164,0.964,0.637,28.0,1.0,0.0,5.0,-0.036,0.0,0.0,28.0,0.0,0.0,5.0,0.0,0.0,0.0,28.0,0.0,0.0,5.0,0.0,0.0,0.0,28.0,0.0,0.0,5.0,0.0,,,,,,,,,,,,,,,,,,,,,,20.333566666666663,19.333,0.0,,,,,,12.45,none,13.626,none,15.416,none,,,,,,,13.585,none,12.081,none,,,11.272,10.733,12.938,10.38,1x46,TM1,G,3.3865457471264366,0.6773091494252873,2.08246,2.89218,0.578436,1.24924,2.5054999999999996,0.5010999999999999,2.1708,5.0,0.8332200000000003,0.8332200000000003,-0.20552,0.4943657471264369,0.4943657471264369,0.0988731494252873,0.881045747126437,-0.3866800000000001,6.309890533763406,37.46604336729299,30.190705400997903,5.579058963410689,33.81359004911766,29.68752697764794,49.70967741935484,33.0,40.0,18.612903225806452,1.0,15.0,-31.156152833529585,-23.8808148672345,-7.2753379662950834,-28.23453108570697,-24.108468014237253,-4.126063071469716,16.70967741935484,9.70967741935484,7.0,17.612903225806452,3.612903225806452,14.0
85,LEU,28.0,0.896,0.183,0.436,1.294,-65.10887571237814,4.731700492591482,-42.028834843030005,6.481547112775665,-179.73221985384606,2.4414369012709205,3.821,1.307,28.0,3.2,1.304,5.0,0.621,3.821,1.307,28.0,3.2,1.304,5.0,0.621,0.0,0.0,28.0,0.0,0.0,5.0,0.0,0.0,0.0,28.0,0.0,0.0,5.0,0.0,0.0,0.0,28.0,0.0,0.0,5.0,0.0,1.25,0.518,28.0,0.6,0.548,5.0,0.65,,,,,,,,,,-74.7,-84.83,10.13,NO,g-,g-,174.84,130.75,44.09,,,,24.17446666666667,23.179,0.0,3.0,3.611,MPG;P6G;PG4,,,13.7,none,14.285,none,13.951,none,,,,,,,13.679,none,13.659,none,,,11.911,11.807,14.775,11.496,1x47,TM1,L,5.778725894909688,0.6420806549899654,1.8459482758620689,6.118566666666666,0.6798407407407407,2.1867,2.0471,0.2274555555555555,1.7374,9.0,0.5057916666666666,0.4033857142857144,-0.5057916666666666,-0.3398407717569789,-0.339840771756978,-0.0377600857507753,3.731625894909688,-4.071466666666666,24.92736433826917,58.93733061488346,18.893831434003346,22.422789555699655,55.450262253166144,14.088995853799023,36.58064516129032,32.0,34.0,13.774193548387096,5.0,2.0,-34.009966276614286,6.033532904265826,-40.04349918088011,-33.02747269746649,8.333793701900632,-41.361266399367125,4.58064516129032,2.5806451612903203,2.0,8.774193548387096,11.774193548387096,-3.0
86,PHE,28.0,1.097,0.165,0.673,1.361,-64.07088831202813,5.445371723438468,-47.387687025704274,4.983820446407797,-179.73202152657552,1.9136955743419717,4.25,1.351,28.0,4.2,1.789,5.0,0.05,4.25,1.351,28.0,4.2,1.789,5.0,0.05,0.0,0.0,28.0,0.0,0.0,5.0,0.0,0.0,0.0,28.0,0.0,0.0,5.0,0.0,0.0,0.0,28.0,0.0,0.0,5.0,0.0,0.75,0.441,28.0,0.4,0.548,5.0,0.35,0.0,,,0.0,,,1.0,,,-172.48,-178.72,6.24,NO,t,t,63.34,54.35,8.99,,,,21.79393333333333,19.863,0.0,2.0,3.372,P6G;PG4,,,18.31,none,19.45,none,20.695,none,,,,,,,19.444,none,18.155,none,,,17.072,16.602,18.709,16.214,1x48,TM1,F,3.2985809523809526,0.6597161904761906,1.6285666666666667,0.4721499999999999,0.0944299999999999,0.2375,0.8139,0.1627799999999999,0.8139,5.0,1.6285666666666667,1.6285666666666667,-0.2375,2.826430952380952,2.8264309523809525,0.5652861904761906,2.4846809523809528,0.34175,15.433426073162153,67.08704712050117,1.0063568466999302,12.82982660112318,60.683317856005786,1.0063568466999302,32.193548387096776,30.8,39.0,11.064516129032258,0.6,17.0,-51.653621047339016,14.427069226462224,-66.08069027380124,-47.853491254882606,11.82346975442325,-59.676961009305856,1.393548387096775,-6.806451612903224,8.2,10.464516129032258,-5.935483870967742,16.4
87,GLY,28.0,0.831,0.189,0.439,1.196,-64.10408080446902,2.64306979955115,-44.04014181099421,3.5959156801532948,-178.12895716874587,2.2315548680937716,4.429,1.168,28.0,4.2,1.095,5.0,0.229,4.429,1.168,28.0,4.2,1.095,5.0,0.229,0.0,0.0,28.0,0.0,0.0,5.0,0.0,0.0,0.0,28.0,0.0,0.0,5.0,0.0,0.0,0.0,28.0,0.0,0.0,5.0,0.0,0.0,0.0,28.0,0.0,0.0,5.0,0.0,,,,,,,,,,,,,,,,,,,,,,16.92103333333333,15.871,0.0,,,,,,16.477,none,17.7,none,19.579,none,,,,,,,17.821,none,16.487,none,,,15.373,14.798,17.454,14.29,1x49,TM1,G,1.6421884615384614,0.5473961538461538,1.2506384615384616,3.2808,1.0936,3.2808,0.9098,0.3032666666666667,0.9098,3.0,2.0301615384615386,0.3213,-2.0301615384615386,-1.6386115384615387,-1.6386115384615387,-0.5462038461538463,0.7323884615384614,-2.371,98.96908530632406,30.922597005516963,13.35141273058921,87.80593356843522,20.93222241135855,7.547676350249477,31.0,34.2,38.0,12.548387096774194,2.6,15.0,68.0464883008071,85.61767257573484,-17.571184274927752,66.87371115707667,80.25825721818575,-13.384546061109072,-3.200000000000003,-7.0,3.799999999999997,9.948387096774194,-2.451612903225806,12.4
88,ASN,28.0,0.591,0.114,0.411,0.839,-69.12577641135236,5.875653618043576,-38.22650083956351,10.368718885319144,176.96684211805487,4.079565504342268,5.857,1.353,28.0,5.4,1.817,5.0,0.457,4.393,1.257,28.0,3.8,1.304,5.0,0.593,1.393,0.567,28.0,1.6,0.548,5.0,-0.207,0.071,0.262,28.0,0.0,0.0,5.0,0.071,0.0,0.0,28.0,0.0,0.0,5.0,0.0,0.0,0.0,28.0,0.0,0.0,5.0,0.0,,,,,,,,,,-71.91,-69.91,2.0,NO,g-,g-,-63.05,-72.74,9.69,,,,16.802366666666668,15.534,0.0,,,,,,11.889,none,12.905,none,14.71,none,,,,,,,12.891,none,12.609,none,,,10.64,10.079,13.119,9.599,1x50,TM1,N,19.48438371118012,1.4987987470138555,5.487523333333334,14.740939999999998,1.1339184615384614,4.91212,19.2727,1.482515384615385,6.3892,13.0,2.6215399999999995,2.6215399999999995,-0.9874735714285714,4.7434437111801255,4.743443711180124,0.3648802854753941,0.2116837111801217,4.531760000000002,62.40270982628718,39.48130698673001,140.7604935047358,42.924687077344984,33.42090353378954,128.58564911081805,28.967741935483872,38.0,32.0,10.064516129032258,5.8,7.0,22.921402839557167,-78.35778367844861,101.2791865180058,9.503783543555445,-85.66096203347307,95.16474557702853,-9.032258064516128,-3.032258064516128,-6.0,4.264516129032258,3.064516129032258,1.2000000000000002
89,PHE,28.0,0.823,0.184,0.512,1.37,-68.98679181354275,7.725776805838485,-35.55755525313943,5.854691697347378,175.68712578935165,2.5363928918854617,4.357,1.393,28.0,4.0,2.0,5.0,0.357,4.357,1.393,28.0,4.0,2.0,5.0,0.357,0.0,0.0,28.0,0.0,0.0,5.0,0.0,0.0,0.0,28.0,0.0,0.0,5.0,0.0,0.0,0.0,28.0,0.0,0.0,5.0,0.0,1.893,0.875,28.0,0.6,0.548,5.0,1.293,,,,,,,,,,-81.74,-94.59,12.85,NO,g-,g-,-44.18,-61.32,17.14,,,,21.407500000000002,20.312,0.0,2.0,3.753,P6G;PG4,,,16.473,none,17.051,none,17.001,none,,,,,,,16.512,none,17.023,none,,,16.901,16.66,19.604,14.005,1x51,TM1,F,3.114843333333333,0.5191405555555555,1.2080999999999995,3.4916,0.5819333333333333,1.6446,0.0,0.0,0.0,6.0,0.5199599999999998,0.2895,-0.5199599999999998,-0.3767566666666668,-0.3767566666666671,-0.0627927777777778,3.114843333333333,-3.4916,50.51457410295206,52.389410625168715,0.9496196833760986,41.11183002317401,40.55618092200719,0.5031784233499651,29.193548387096776,30.2,42.0,7.290322580645161,0.8,14.0,-1.874836522216654,49.56495441957596,-51.439790941792616,0.5556491011668214,40.60865159982404,-40.05300249865722,-1.0064516129032235,-12.806451612903224,11.8,6.490322580645161,-6.709677419354839,13.2
90,LEU,28.0,0.858,0.146,0.613,1.234,-64.08376002785391,2.824183263883116,-41.31736680437748,4.416579200209569,178.7408823716308,2.700518506144441,5.179,0.723,28.0,5.0,0.707,5.0,0.179,5.179,0.723,28.0,5.0,0.707,5.0,0.179,0.0,0.0,28.0,0.0,0.0,5.0,0.0,0.0,0.0,28.0,0.0,0.0,5.0,0.0,0.0,0.0,28.0,0.0,0.0,5.0,0.0,2.036,0.881,28.0,2.4,0.894,5.0,-0.364,,,,,,,,,,-161.13,-175.4,14.27,NO,t,t,105.68,62.84,42.84,,,,17.48276666666667,15.894,0.0,2.0,4.184,P6G;PG4,,,20.867,none,21.982,none,23.781,none,,,,,,,21.995,none,20.936,none,,,19.684,19.153,21.863,18.534,1x52,TM1,L,5.850664461152882,0.7313330576441103,1.7845,4.290966666666667,0.5363708333333334,2.6694,3.1839,0.3979875,2.37,8.0,2.03205,1.2413642857142857,-2.03205,1.5596977944862156,1.5596977944862154,0.1949622243107769,2.6667644611528822,-1.1070666666666669,78.58571078584299,27.001140627587795,13.464887057236874,75.3540772154532,23.201453428109325,8.050854773599442,29.548387096774192,40.6,48.0,6.096774193548387,9.4,13.0,51.5845701582552,65.12082372860611,-13.53625357035092,52.15262378734388,67.30322244185376,-15.150598654509883,-11.05161290322581,-18.451612903225808,7.399999999999999,-3.3032258064516133,-6.903225806451613,3.5999999999999996
91,VAL,28.0,0.878,0.169,0.551,1.278,-64.88018571089498,4.3310208588518435,-43.07357843122013,4.078640151605079,177.8246008390251,2.2446838566901537,5.357,0.731,28.0,5.2,1.304,5.0,0.157,5.357,0.731,28.0,5.2,1.304,5.0,0.157,0.0,0.0,28.0,0.0,0.0,5.0,0.0,0.0,0.0,28.0,0.0,0.0,5.0,0.0,0.0,0.0,28.0,0.0,0.0,5.0,0.0,5.714,0.937,28.0,5.2,0.447,5.0,0.514,,,,,,,,,,168.79,170.81,2.02,NO,t,t,,,,,,,12.965099999999998,11.687,0.0,,,,,,18.962,none,19.948,none,21.637,none,,,,,,,20.003,none,19.117,none,,,17.52,16.89,19.825,16.388,1x53,TM1,V,6.291609655172413,0.571964514106583,1.1741375,4.982468333333333,0.4529516666666666,1.19675,4.1215,0.3746818181818181,2.9561,11.0,1.19675,1.0515733333333337,-1.19675,1.3091413218390808,1.3091413218390802,0.1190128474399163,2.1701096551724133,-0.8609683333333331,91.99582941115229,52.34877726578719,41.359543759395414,58.64816373250078,48.607035695606626,0.0,24.774193548387096,36.4,24.0,7.0,9.4,0.0,39.647052145365095,50.63628565175687,-10.989233506391775,10.04112803689415,58.64816373250078,-48.607035695606626,-11.625806451612902,0.7741935483870961,-12.4,-2.4000000000000004,7.0,-9.4
92,MET,28.0,1.458,0.344,0.878,2.186,-62.979935681006395,4.013341830363575,-39.39833139930824,8.594448692461482,179.48181201255846,2.9258478255434297,4.464,1.427,28.0,4.0,1.225,5.0,0.464,4.464,1.427,28.0,4.0,1.225,5.0,0.464,0.0,0.0,28.0,0.0,0.0,5.0,0.0,0.0,0.0,28.0,0.0,0.0,5.0,0.0,0.0,0.0,28.0,0.0,0.0,5.0,0.0,3.5,0.745,28.0,1.6,0.894,5.0,1.9,,,,,,,,,,-63.5,-85.46,21.96,NO,g-,g-,-160.76,-164.49,3.73,,,,17.368133333333333,16.126,0.0,,,,,,17.933,none,18.117,none,18.573,none,,,,,,,17.546,none,17.54,none,,,15.191,14.904,18.268,14.443,1x54,TM1,M,9.187238095238095,1.020804232804233,3.2646500000000005,12.08539,1.3428211111111112,4.77334,6.937500000000001,0.7708333333333335,2.5969,9.0,1.5086899999999996,0.3554785714285714,-1.5086899999999996,-2.898151904761903,-2.898151904761903,-0.3220168783068782,2.2497380952380963,-5.147889999999999,74.70837723221933,34.8686656674919,160.25957894339197,45.56321497918997,32.66198690206676,120.23516493788246,25.741935483870968,38.6,27.0,10.03225806451613,11.0,6.0,39.83971156472743,-85.55120171117264,125.39091327590006,12.901228077123214,-74.6719499586925,87.5731780358157,-12.858064516129032,-1.258064516129032,-11.6,-0.96774193548387,4.03225806451613,-5.0
93,TYR,28.0,1.693,0.275,1.191,2.215,-65.98449061368284,5.823385855775474,-43.554055257310544,4.885453295979298,-179.28036889904493,2.4115488489888874,5.643,1.062,28.0,5.8,0.447,5.0,-0.157,5.393,0.916,28.0,5.8,0.447,5.0,-0.407,0.0,0.0,28.0,0.0,0.0,5.0,0.0,0.25,0.441,28.0,0.0,0.0,5.0,0.25,0.0,0.0,28.0,0.0,0.0,5.0,0.0,0.0,0.0,28.0,0.0,0.0,5.0,0.0,0.0526,1.0,-0.9474,0.8421,0.0,0.8421,0.1053,0.0,0.1053,177.1,169.67,7.43,NO,t,t,72.51,75.16,2.65,,,,19.412566666666667,18.469,0.0,2.0,3.913,P6G;PG4,,,24.175,none,24.724,none,26.43,none,,,,,,,24.664,none,24.606,none,,,21.991,21.709,24.858,21.241,1x55,TM1,Y,7.529014,0.94112675,3.995368000000001,5.1411,0.6426375,3.8869,0.8349,0.1043625,0.6647,8.0,3.0213680000000007,3.0213680000000007,-2.0869,2.3879140000000008,2.3879140000000003,0.29848925,6.694114,-4.3062,60.44349792307579,83.26436851968666,51.39293722895698,51.33460518376269,78.93696391664102,26.165278014198183,28.833333333333332,35.2,30.0,10.9,8.2,13.0,-22.820870596610867,9.050560694118808,-31.87143129072967,-27.60235873287833,25.169327169564507,-52.77168590244284,-6.366666666666671,-1.166666666666668,-5.200000000000003,2.700000000000001,-2.0999999999999996,4.800000000000001
94,VAL,28.0,1.431,0.246,1.032,1.891,-67.38521352502602,7.953884342663945,-35.353742042798224,13.267859541018819,-179.872883584442,3.0145397983279567,4.679,1.442,28.0,3.4,2.408,5.0,1.279,4.679,1.442,28.0,3.4,2.408,5.0,1.279,0.0,0.0,28.0,0.0,0.0,5.0,0.0,0.0,0.0,28.0,0.0,0.0,5.0,0.0,0.0,0.0,28.0,0.0,0.0,5.0,0.0,1.929,0.94,28.0,2.4,0.548,5.0,-0.471,,,,,,,,,,166.57,-99.39,94.04,YES,t,g-,,,,,,,13.671966666666668,12.752,0.0,,,,,,24.91,none,25.768,none,27.339,none,,,,,,,25.812,none,24.192,none,,,23.321,22.681,25.814,22.089,1x56,TM1,V,6.324984842105263,0.5749986220095693,1.935986666666667,5.694786666666666,0.5177078787878787,1.4486,4.171,0.3791818181818182,2.1382,11.0,1.935986666666667,1.935986666666667,-1.4486,0.6301981754385964,0.6301981754385961,0.0572907432216905,2.1539848421052623,-1.5237866666666662,74.15438407692642,26.501135212817964,166.60020827224247,44.97119948270661,24.645794367411924,132.9961833970703,18.4,38.2,20.0,2.466666666666667,10.2,0.0,47.653248864108456,-92.44582419531604,140.0990730594245,20.32540511529469,-88.02498391436369,108.35038902965836,-19.800000000000004,-1.6000000000000014,-18.200000000000003,-7.7333333333333325,2.466666666666667,-10.2
95,ILE,28.0,1.895,0.293,1.428,2.592,-71.34732244359488,13.175437484692628,-38.42839690681905,14.19897912953239,-177.67850634651978,4.811321897457926,4.643,1.446,28.0,2.8,1.095,5.0,1.843,4.321,1.124,28.0,2.8,1.095,5.0,1.521,0.321,0.476,28.0,0.0,0.0,5.0,0.321,0.0,0.0,28.0,0.0,0.0,5.0,0.0,0.0,0.0,28.0,0.0,0.0,5.0,0.0,4.393,1.066,28.0,3.6,0.894,5.0,0.793,,,,,,,,,,-79.37,-81.04,1.67,NO,g-,g-,178.28,-179.72,2.0,,,,11.632333333333333,10.025,0.0,,,,,,21.769,none,22.079,none,23.695,none,,,,,,,22.184,none,22.946,none,,,20.047,19.369,22.74,18.716,1x57,TM1,I,12.151527688378035,0.9347328991060028,2.381576666666667,10.877433333333332,0.836725641025641,2.342820000000001,11.647600000000002,0.895969230769231,4.3056,13.0,2.381576666666667,2.381576666666667,-0.97295,1.2740943550447004,1.2740943550447046,0.0980072580803619,0.5039276883780346,0.77016666666667,10.823929009612266,51.131390215767674,40.07091481277044,7.517470984082761,46.70754081265194,24.152564320798326,37.233333333333334,35.4,30.0,18.633333333333333,11.8,12.0,-40.30746120615541,-29.246985803158175,-11.060475402997234,-39.19006982856918,-16.635093336715563,-22.554976491853616,1.8333333333333357,7.233333333333334,-5.399999999999999,6.833333333333332,6.633333333333333,0.1999999999999993
96,VAL,28.0,2.399,0.383,1.694,3.215,-79.3075818901421,14.099982687703076,-32.48948297406845,24.093733380965375,-175.76718594067066,3.753963485641878,2.286,0.854,28.0,2.6,0.894,5.0,-0.314,2.143,0.756,28.0,2.4,0.548,5.0,-0.257,0.143,0.356,28.0,0.2,0.447,5.0,-0.057,0.0,0.0,28.0,0.0,0.0,5.0,0.0,0.0,0.0,28.0,0.0,0.0,5.0,0.0,0.714,0.659,28.0,0.6,0.548,5.0,0.114,,,,,,,,,,158.8,-150.8,50.4,NO,t,t,,,,,,,17.427433333333333,16.469,0.0,1.0,4.833,MPG,,,24.59,none,24.945,none,25.962,none,,,,,,,25.005,none,25.485,none,,,22.468,22.147,25.533,21.541,1x58,TM1,V,2.081227894736842,0.3468713157894736,0.80464,3.405675,0.5676125,2.4873,0.8862,0.1477,0.6193,6.0,2.4873,0.80464,-2.4873,-1.324447105263158,-1.324447105263158,-0.2207411842105263,1.195027894736842,-2.519475,86.8403380193811,53.71410505545691,131.68357886251064,69.16101035147297,36.83266058921745,115.72975978947952,19.7,28.2,17.0,4.266666666666667,7.2,0.0,33.12623296392418,-44.84324084312955,77.96947380705373,32.32834976225552,-46.56874943800655,78.89709920026206,-8.5,2.6999999999999993,-11.2,-2.9333333333333336,4.266666666666667,-7.2
97,ARG,28.0,2.414,0.462,1.395,3.209,-86.721316681548,23.969690679942193,-39.76412619057769,19.43195822917403,-173.26872765322807,4.505406814451433,2.5,1.262,28.0,1.6,0.548,5.0,0.9,1.893,0.832,28.0,1.6,0.548,5.0,0.293,0.357,0.488,28.0,0.0,0.0,5.0,0.357,0.25,0.441,28.0,0.0,0.0,5.0,0.25,0.0,0.0,28.0,0.0,0.0,5.0,0.0,0.0,0.0,28.0,0.0,0.0,5.0,0.0,0.0,0.0,0.0,1.4091,1.0,0.4091,0.0,0.0,0.0,-147.16,167.18,45.66,NO,t,t,138.44,65.5,72.94,,,,18.4159,16.994,0.0,,,,,,29.338,none,29.768,none,30.899,none,,,,,,,29.734,none,26.295,none,,,27.054,26.683,29.907,26.177,1x59,TM1,R,8.122511333333332,1.6245022666666664,3.995368000000001,3.556449999999999,0.7112899999999999,2.16645,0.2669,0.05338,0.2669,5.0,3.0213680000000007,3.0213680000000007,-0.416,4.566061333333334,4.566061333333332,0.9132122666666666,7.855611333333332,-3.2895499999999993,39.79231034773554,59.15961923907596,61.967841788230075,17.41482982655247,34.651295730197376,33.209775941097696,32.1,30.2,28.0,13.133333333333333,10.2,13.0,-19.36730889134042,-22.175531440494535,2.8082225491541166,-17.236465903644905,-15.794946114545226,-1.4415197890996794,1.900000000000002,4.100000000000001,-2.1999999999999993,2.9333333333333336,0.1333333333333328,2.8000000000000007
98,TYR,28.0,2.581,0.554,1.515,3.587,-103.52259229582879,16.232653509853527,-55.08192445685949,52.18545213326317,-176.99956547036953,6.171965446118918,1.429,0.504,28.0,1.75,0.957,4.0,-0.321,1.393,0.497,28.0,1.5,1.0,4.0,-0.107,0.036,0.189,28.0,0.25,0.5,4.0,-0.214,0.0,0.0,28.0,0.0,0.0,4.0,0.0,0.0,0.0,28.0,0.0,0.0,4.0,0.0,0.0,0.0,28.0,0.0,0.0,4.0,0.0,0.5294,0.0,0.5294,0.8824,1.5,-0.6176,0.0,0.5,-0.5,-64.94,-72.12,7.18,NO,g-,g-,-53.63,24.54,78.17,,,,14.908866666666666,12.931,0.0,,,,,,29.566,none,30.211,none,31.999,none,,,,,,,30.011,none,29.769,none,,,27.725,27.096,30.577,26.621,1x60,TM1,Y,14.821627095238092,1.235135591269841,4.998071428571428,5.55435,0.4628625,2.16645,1.1787,0.098225,0.6647,12.0,4.998071428571428,4.998071428571428,-1.4133,9.267277095238091,9.267277095238091,0.772273091269841,13.642927095238091,-4.37565,166.43383528489488,57.95844280714897,43.21369603558084,124.28727491828666,38.59663973146689,0.0,18.5,25.4,22.0,5.633333333333334,6.8,0.0,108.47539247774591,123.22013924931404,-14.744746771568131,85.69063518681978,124.28727491828666,-38.59663973146689,-6.899999999999999,-3.5,-3.3999999999999986,-1.166666666666666,5.633333333333334,-6.8
99,THR,28.0,3.758,0.425,3.097,4.888,-82.29082585568374,17.60706679745986,-38.16010667320113,52.31955074449516,176.9887505740803,5.061620151380139,2.407,1.152,27.0,2.0,0.0,5.0,0.407,1.778,0.892,27.0,2.0,0.0,5.0,-0.222,0.407,0.572,27.0,0.0,0.0,5.0,0.407,0.222,0.424,27.0,0.0,0.0,5.0,0.222,0.0,0.0,27.0,0.0,0.0,5.0,0.0,0.0,0.0,27.0,0.0,0.0,5.0,0.0,,,,,,,,,,-17.5,5.26,22.76,YES,g-,g+,,,,,,,9.812433333333333,8.489,0.0,,,,,,27.799,none,28.14,none,30.152,none,,,,,,,27.686,none,27.407,none,,,31.819,31.266,34.395,30.741,12x48,ICL1,T,10.08954915113872,1.008954915113872,3.1263566666666667,0.5414,0.05414,0.5414,0.3142,0.03142,0.3142,10.0,3.1263566666666667,3.1263566666666667,0.0,9.548149151138718,9.54814915113872,0.954814915113872,9.77534915113872,-0.2272,33.05605327470149,82.28070444392115,79.43217526102148,22.590140687491097,48.231079208356434,73.73445716076489,26.466666666666665,19.4,28.0,7.6,3.0,7.0,-49.22465116921966,-46.376121986319994,-2.848529182899668,-25.640938520865337,-51.14431647327379,25.503377952408457,7.066666666666666,-1.533333333333335,8.600000000000001,4.6,0.5999999999999996,4.0
100,LYS,28.0,7.609,0.771,6.328,9.021,49.66386604984968,77.46187772647954,24.676607766734904,73.25530263524468,177.38510565540184,5.2395622581322145,2.5,1.232,28.0,1.333,0.577,3.0,1.167,1.75,0.844,28.0,1.333,0.577,3.0,0.417,0.75,0.752,28.0,0.0,0.0,3.0,0.75,0.0,0.0,28.0,0.0,0.0,3.0,0.0,0.0,0.0,28.0,0.0,0.0,3.0,0.0,0.0,0.0,28.0,0.0,0.0,3.0,0.0,,0.0,,,1.0,,,0.0,,-67.28,61.29,128.57,YES,g-,g+,-101.08,160.44,98.48,,,,13.2774,11.389,0.0,,,,,,30.508,none,31.037,none,32.18,none,,,,,,,31.239,none,30.854,none,,,30.751,29.698,33.108,29.436,12x49,ICL1,K,6.493126666666667,0.6493126666666666,3.021,3.2345000000000006,0.32345,1.4133,4.892399999999999,0.4892399999999999,2.6108,10.0,2.9571,2.9571,-1.4133,3.258626666666667,3.2586266666666663,0.3258626666666666,1.6007266666666675,1.6578999999999988,51.28881910572077,83.95834110087688,92.53267422235623,42.22144612221535,63.95839154545886,60.38141080199581,30.06451612903226,21.6,19.0,5.67741935483871,4.4,0.0,-32.66952199515611,-41.243855116635466,8.574333121479356,-21.73694542324351,-18.159964679780465,-3.5769807434630465,8.464516129032258,11.06451612903226,-2.6000000000000014,1.2774193548387096,5.67741935483871,-4.4
101,MET,28.0,6.957,0.331,6.396,7.426,22.09943254292433,82.17993640678554,45.267609562614865,24.570884121868964,-179.1404192904515,2.7460723792315043,0.75,0.518,28.0,3.2,0.837,5.0,-2.45,0.714,0.46,28.0,2.2,0.447,5.0,-1.486,0.036,0.189,28.0,0.8,0.447,5.0,-0.764,0.0,0.0,28.0,0.2,0.447,5.0,-0.2,0.0,0.0,28.0,0.0,0.0,5.0,0.0,2.571,0.79,28.0,1.0,1.414,5.0,1.571,,,,,,,,,,-73.83,-70.08,3.75,NO,g-,g-,179.85,-57.16,122.99,,,,12.101433333333334,10.946,0.0,15.0,3.426,CLR,,,24.03,none,24.512,none,25.506,none,,,,,,,24.728,none,23.696,none,,,24.726,24.896,28.285,23.591,12x50,ICL1,M,8.52894318965517,0.568596212643678,2.9043620689655167,16.197565,1.0798376666666667,5.63668,14.3445,0.9563,4.25,15.0,4.8327925,2.9043620689655167,-4.8327925,-7.668621810344829,-7.668621810344831,-0.5112414540229887,-5.81555681034483,-1.8530650000000009,133.31692598806683,46.6746064496668,47.20408942830528,130.12421877748898,35.52434223423488,40.254273867997206,28.870967741935484,32.6,32.0,8.064516129032258,10.2,5.0,86.64231953840002,86.11283655976155,0.5294829786384767,94.5998765432541,89.86994490949178,4.729931633762327,-3.7290322580645174,-3.129032258064516,-0.6000000000000014,-2.1354838709677413,3.064516129032258,-5.199999999999999
102,LYS,28.0,4.341,0.383,3.032,5.051,-91.50829143402862,15.66373600757279,-12.78672023155094,40.80389902119595,-178.7277153157948,3.964942885026466,1.111,0.323,18.0,2.0,1.225,5.0,-0.889,1.056,0.416,18.0,1.6,0.548,5.0,-0.544,0.056,0.236,18.0,0.4,0.894,5.0,-0.344,0.0,0.0,18.0,0.0,0.0,5.0,0.0,0.0,0.0,18.0,0.0,0.0,5.0,0.0,0.0,0.0,18.0,0.0,0.0,5.0,0.0,,,,,,,,,,-50.24,-83.21,32.97,NO,g-,g-,-170.93,174.31,14.76,,,,9.211099999999998,6.461,1.0,1.0,4.489,MPG,,,31.591,none,32.054,none,33.193,none,,,,,,,32.241,none,29.839,none,,,26.82,25.689,29.568,25.825,12x51,ICL1,K,4.0162305555555555,0.4016230555555555,1.281775,5.090350000000001,0.5090350000000001,2.4873,2.6774,0.26774,1.2583,10.0,2.4873,1.04025,-2.4873,-1.074119444444444,-1.0741194444444453,-0.1074119444444445,1.3388305555555555,-2.412950000000001,23.189532063625368,71.76716566114818,36.04480151157469,20.44294722452903,45.17201828817154,36.04480151157469,31.35483870967742,20.6,46.0,6.548387096774194,1.0,23.0,-48.57763359752282,-12.855269447949322,-35.722364149573494,-24.729071063642515,-15.60185428704566,-9.127216776596851,10.75483870967742,-14.64516129032258,25.4,5.548387096774194,-16.451612903225808,22.0
103,THR,28.0,3.298,0.37,2.701,3.987,-112.5520396743565,23.722863334706446,162.6997622442183,9.761184563609484,-179.38013833341495,4.0400145292974425,3.64,1.287,25.0,4.4,1.342,5.0,-0.76,2.36,0.757,25.0,3.0,0.707,5.0,-0.64,0.48,0.586,25.0,0.6,0.548,5.0,-0.12,0.8,0.5,25.0,0.8,0.837,5.0,0.0,0.0,0.0,25.0,0.0,0.0,5.0,0.0,0.0,0.0,25.0,0.0,0.0,5.0,0.0,,,,,,,,,,31.35,56.92,25.57,NO,g+,g+,,,,,,,4.481233333333334,2.399,1.0,,,,,,29.264,none,29.494,none,30.769,none,,,,,,,28.865,none,28.079,none,,,25.743,25.111,27.868,24.584,2x37,TM2,T,4.38896577294686,0.62699511042098,2.6780699999999995,3.74785,0.5354071428571429,3.10214,1.8099,0.2585571428571429,1.0207,7.0,0.4240700000000004,0.3676055555555556,-0.4240700000000004,0.6411157729468595,0.6411157729468604,0.0915879675638371,2.57906577294686,-1.9379499999999996,52.46392356155732,32.96514326275531,43.65559245823478,42.20930504892904,29.91167751908647,37.235203327897416,32.096774193548384,30.8,32.0,8.903225806451612,8.6,4.0,19.49878029880201,8.808331103322544,10.690449195479466,12.297627529842568,4.974101721031623,7.323525808810945,1.2967741935483836,0.0967741935483843,1.1999999999999993,0.3032258064516124,4.903225806451612,-4.6
104,ALA,28.0,3.043,0.312,2.55,3.79,-65.19030229400622,5.8000864443216,-39.932490934343,7.052872551998384,-179.02742502759128,3.0785094830223056,2.607,0.786,28.0,2.667,0.577,3.0,-0.06,2.607,0.786,28.0,2.667,0.577,3.0,-0.06,0.0,0.0,28.0,0.0,0.0,3.0,0.0,0.0,0.0,28.0,0.0,0.0,3.0,0.0,0.0,0.0,28.0,0.0,0.0,3.0,0.0,1.071,0.262,28.0,0.333,0.577,3.0,0.738,,,,,,,,,,,,,,,,,,,,,,6.565700000000001,4.164,1.0,,,,,,27.302,none,27.214,none,27.949,none,,,,,,,28.145,none,26.83,none,,,25.295,24.873,27.304,24.216,2x38,TM2,A,4.418608205882354,0.6312297436974791,1.4330500000000002,4.29988,0.6142685714285714,2.50784,2.0524,0.2932,1.2013,7.0,1.842375294117647,0.8399300000000001,-1.842375294117647,0.1187282058823532,0.1187282058823537,0.0169611722689076,2.3662082058823537,-2.24748,14.445586550515502,22.592520618459115,78.17195678396047,13.00795693141569,14.491538592478994,74.09724828040143,35.70967741935484,29.0,33.0,6.967741935483871,5.8,6.0,-8.146934067943613,-63.72637023344497,55.57943616550135,-1.4835816610633046,-61.08929134898574,59.605709687922435,6.70967741935484,2.70967741935484,4.0,1.1677419354838712,0.967741935483871,0.2000000000000001
105,THR,28.0,2.978,0.323,2.615,4.099,-65.55132801561683,9.598272427797964,-37.535327819452654,20.44568097043722,178.64054536540303,3.0134015711744455,3.679,0.67,28.0,2.6,1.817,5.0,1.079,3.357,0.678,28.0,2.4,1.517,5.0,0.957,0.071,0.262,28.0,0.0,0.0,5.0,0.071,0.25,0.441,28.0,0.2,0.447,5.0,0.05,0.0,0.0,28.0,0.0,0.0,5.0,0.0,0.0,0.0,28.0,0.0,0.0,5.0,0.0,,,,,,,,,,-75.97,-99.74,23.77,NO,g-,g-,,,,,,,3.882533333333334,2.937,1.0,,,,,,24.145,none,24.608,none,25.974,none,,,,,,,24.532,none,23.85,none,,,22.027,21.48,24.026,20.799,2x39,TM2,T,3.986534914361002,0.3322112428634168,0.9348916666666666,6.4119150000000005,0.53432625,2.06842,4.6055,0.3837916666666667,1.9953,12.0,1.93287,0.4747499999999999,-1.93287,-2.4253800856389995,-2.4253800856389987,-0.2021150071365832,-0.6189650856389983,-1.8064150000000003,13.793358472869755,30.896973128636738,15.62544410091467,12.0629330940667,29.13092053523593,15.62544410091467,34.41935483870968,31.8,41.0,7.935483870967742,11.2,16.0,-17.103614655766975,-1.8320856280449132,-15.271529027722064,-17.06798744116923,-3.56251100684797,-13.50547643432126,2.619354838709679,-6.58064516129032,9.2,-3.2645161290322573,-8.064516129032258,4.800000000000001
106,ASN,28.0,3.03,0.199,2.685,3.538,-67.35471634590758,19.86233871144715,-32.73192928427658,7.7546340691482305,175.2186966917255,3.0986711719797637,5.321,2.127,28.0,5.2,2.28,5.0,0.121,3.75,1.206,28.0,3.2,0.837,5.0,0.55,0.643,0.87,28.0,1.0,1.0,5.0,-0.357,0.929,0.716,28.0,1.0,1.225,5.0,-0.071,0.0,0.0,28.0,0.0,0.0,5.0,0.0,0.0,0.0,28.0,0.0,0.0,5.0,0.0,,,,,,,,,,-72.87,-70.26,2.61,NO,g-,g-,-20.81,53.33,74.14,,,,6.9171999999999985,5.64,1.0,,,,,,25.248,none,25.698,none,27.128,none,,,,,,,25.526,none,25.362,none,,,22.944,21.949,25.135,21.616,2x40,TM2,N,14.008886737199582,1.2735351579272347,3.1263566666666667,13.471355,1.2246686363636363,5.63668,9.6034,0.8730363636363637,4.3056,11.0,4.8327925,3.1263566666666667,-4.8327925,0.5375317371995816,0.5375317371995809,0.0488665215635981,4.405486737199581,-3.867955,4.198745506538821,8.096445566188338,10.063568466999302,3.274154182441984,6.729460062795079,10.063568466999302,34.54838709677419,41.8,36.0,9.064516129032258,13.4,7.0,-3.897700059649517,-5.86482296046048,1.9671229008109632,-3.455305880353095,-6.789414284557317,3.3341084042042226,-7.251612903225805,-1.4516129032258078,-5.799999999999997,-4.335483870967742,2.064516129032258,-6.4
107,ILE,28.0,2.5,0.143,2.223,2.884,-65.81034721146611,5.00227499635579,-41.62317643494033,5.510430439910879,177.87128650414195,2.9968525852365495,5.429,0.997,28.0,5.0,1.581,5.0,0.429,5.0,0.816,28.0,4.0,1.581,5.0,1.0,0.429,0.504,28.0,1.0,0.0,5.0,-0.571,0.0,0.0,28.0,0.0,0.0,5.0,0.0,0.0,0.0,28.0,0.0,0.0,5.0,0.0,2.393,0.737,28.0,1.8,0.447,5.0,0.593,,,,,,,,,,-65.07,-42.66,22.41,NO,g-,g-,167.69,-91.07,101.24,,,,10.468766666666665,8.685,0.0,16.0,3.762,CLR;MPG,,,22.868,none,23.296,none,24.074,none,,,,,,,22.687,none,23.152,none,,,21.402,21.053,23.94,20.2,2x41,TM2,I,7.543614091954023,0.7543614091954023,2.026748275862069,8.41456,0.841456,2.4793200000000004,4.287999999999999,0.4287999999999999,1.3391,10.0,1.4833586206896547,1.4833586206896547,-1.4108719999999997,-0.8709459080459772,-0.8709459080459769,-0.0870945908045977,3.2556140919540235,-4.12656,25.97989651647496,20.431241008470995,135.87056788750905,20.192310624819967,19.679204464659566,132.1579017573374,36.806451612903224,38.8,36.0,13.32258064516129,10.4,4.0,5.548655508003964,-109.89067137103407,115.43932687903803,0.513106160160401,-111.96559113251745,112.47869729267784,-1.993548387096773,0.8064516129032242,-2.799999999999997,2.9225806451612897,9.32258064516129,-6.4
108,TYR,28.0,2.205,0.136,1.918,2.539,-65.48203550200263,3.181412333612879,-40.929756500734314,3.450716952177927,178.82497663815397,2.0792369326340343,4.714,1.117,28.0,3.8,0.837,5.0,0.914,4.714,1.117,28.0,3.8,0.837,5.0,0.914,0.0,0.0,28.0,0.0,0.0,5.0,0.0,0.0,0.0,28.0,0.0,0.0,5.0,0.0,0.0,0.0,28.0,0.0,0.0,5.0,0.0,0.0,0.0,28.0,0.0,0.0,5.0,0.0,,,,,,,,,,-67.89,-63.06,4.83,NO,g-,g-,-55.89,-36.59,19.3,,,,8.277000000000003,6.745,1.0,2.0,3.295,VV9,,,20.0,none,20.64,none,21.579,none,,,,,,,20.593,none,20.566,none,,,18.597,17.98,20.645,17.362,2x42,TM2,Y,17.83929016666666,1.3722530897435894,3.9601933333333337,19.8891,1.529930769230769,4.02466,15.6091,1.2007,6.8348,13.0,1.9751133333333333,1.0013641666666664,-1.9751133333333333,-2.0498098333333328,-2.049809833333338,-0.1576776794871797,2.2301901666666613,-4.279999999999999,16.1986905124152,15.525168652202291,61.43483917862203,13.432832340194748,15.424532967532295,56.5548252862173,36.32258064516129,48.2,37.0,11.419354838709678,16.2,9.0,0.6735218602129098,-45.23614866620683,45.90967052641974,-1.9917006273375488,-43.12199294602255,41.13029231868501,-11.877419354838716,-0.6774193548387117,-11.200000000000005,-4.780645161290321,2.419354838709678,-7.199999999999999
109,ILE,28.0,2.267,0.16,1.992,2.711,-65.39211865457796,3.1588883292140935,-38.9723021022292,3.6447353477436537,176.78420347448548,1.896644135135417,4.964,0.962,28.0,4.4,0.894,5.0,0.564,4.964,0.962,28.0,4.4,0.894,5.0,0.564,0.0,0.0,28.0,0.0,0.0,5.0,0.0,0.0,0.0,28.0,0.0,0.0,5.0,0.0,0.0,0.0,28.0,0.0,0.0,5.0,0.0,3.929,1.052,28.0,4.0,0.707,5.0,-0.071,,,,,,,,,,-66.78,-72.01,5.23,NO,g-,g-,172.05,169.2,2.85,,,,6.558400000000001,5.312,1.0,,,,,,19.513,none,20.351,none,21.919,none,,,,,,,20.542,none,18.094,none,,,17.509,16.87,19.857,16.28,2x43,TM2,I,6.643647627072799,0.6039679660975271,1.1709636363636362,8.359573333333334,0.7599612121212121,3.81914,3.0623,0.2783909090909091,2.9263,11.0,2.648176363636364,0.7257583333333333,-2.648176363636364,-1.7159257062605344,-1.7159257062605349,-0.155993246023685,3.581347627072798,-5.297273333333333,59.16304475738819,8.419355214285115,0.5031784233499651,45.584745867551064,7.648312034919469,0.0,23.677419354838708,41.0,37.0,6.32258064516129,14.8,15.0,50.74368954310307,58.65986633403823,-7.91617679093515,37.93643383263159,45.584745867551064,-7.648312034919469,-17.322580645161292,-13.322580645161292,-4.0,-8.47741935483871,-8.67741935483871,0.1999999999999993
110,PHE,28.0,2.036,0.161,1.779,2.398,-63.5316343687578,2.8158527457713127,-42.87116361594627,4.113351341048644,178.3429104479338,2.036086801548995,5.036,0.793,28.0,5.0,1.414,5.0,0.036,5.036,0.793,28.0,5.0,1.414,5.0,0.036,0.0,0.0,28.0,0.0,0.0,5.0,0.0,0.0,0.0,28.0,0.0,0.0,5.0,0.0,0.0,0.0,28.0,0.0,0.0,5.0,0.0,3.607,0.832,28.0,3.0,0.707,5.0,0.607,0.0,0.0,0.0,0.0,0.5,-0.5,1.0,0.5,0.5,179.33,-178.56,2.11,NO,t,t,76.17,80.06,3.89,,,,13.3739,12.579,0.0,16.0,3.384,CLR;MPG,,,20.413,none,21.0,none,21.986,none,,,,,,,20.811,none,20.767,none,,,18.521,18.006,21.316,17.536,2x44,TM2,F,10.554327935730331,1.3192909919662914,3.2646500000000005,8.340285,1.042535625,4.77334,6.8094,0.851175,2.5969,8.0,2.9043620689655167,2.9043620689655167,-1.5086899999999996,2.2140429357303306,2.2140429357303315,0.2767553669662914,3.744927935730331,-1.5308849999999996,64.37611206142077,35.96487311128205,97.140348683609,30.650439313811003,35.507084418591155,81.01172615934438,25.741935483870968,44.8,35.0,9.516129032258064,12.6,7.0,28.411238950138717,-32.764236622188236,61.17547557232695,-4.856645104780153,-50.36128684553337,45.50464174075322,-19.05806451612903,-9.258064516129032,-9.799999999999995,-3.0838709677419356,2.516129032258064,-5.6
111,ASN,28.0,1.939,0.21,1.538,2.245,-64.59381863722857,3.4085030209025335,-40.3450767488086,5.011175800148605,177.015612035417,3.0726928498686683,6.929,1.824,28.0,7.4,1.342,5.0,-0.471,4.929,1.052,28.0,5.2,0.837,5.0,-0.271,0.321,0.476,28.0,0.0,0.0,5.0,0.321,1.679,1.219,28.0,2.2,0.837,5.0,-0.521,0.0,0.0,28.0,0.0,0.0,5.0,0.0,0.0,0.0,28.0,0.0,0.0,5.0,0.0,,,,,,,,,,-132.29,-166.94,34.65,NO,t,t,-8.98,19.8,28.78,,,,14.377233333333333,12.999,0.0,16.0,3.185,CLR;MPG,,,16.941,none,17.649,none,18.485,none,,,,,,,15.071,none,16.666,none,,,14.272,13.702,17.095,12.998,2x45,TM2,N,16.461643571428574,1.6461643571428577,7.096006666666668,15.308115,1.5308115,7.19614,15.8873,1.58873,8.8619,10.0,1.0998342857142864,1.0998342857142864,-0.9130378571428576,1.153528571428573,1.1535285714285752,0.1153528571428574,0.5743435714285745,0.5791850000000007,16.898591414065017,6.137213298925639,107.69963952739376,6.119686015705599,5.096461248656656,84.53397512279413,29.967741935483872,43.4,26.0,0.935483870967742,16.8,1.0,10.761378115139378,-90.80104811332872,101.56242622846813,1.0232247670489434,-78.41428910708854,79.43751387413748,-13.432258064516128,3.967741935483872,-17.4,-15.86451612903226,-0.0645161290322581,-15.8
112,LEU,28.0,1.833,0.172,1.504,2.137,-63.7065602219873,3.3834990237812836,-41.800917441921904,3.1641757920973843,178.8625617842615,1.738494712461816,5.071,0.94,28.0,5.2,1.095,5.0,-0.129,5.071,0.94,28.0,5.2,1.095,5.0,-0.129,0.0,0.0,28.0,0.0,0.0,5.0,0.0,0.0,0.0,28.0,0.0,0.0,5.0,0.0,0.0,0.0,28.0,0.0,0.0,5.0,0.0,1.393,0.567,28.0,1.6,0.548,5.0,-0.207,,,,,,,,,,-172.01,-167.07,4.94,NO,t,t,79.66,74.74,4.92,,,,11.473266666666667,10.306,0.0,,,,,,13.303,none,14.71,none,15.217,none,,,,,,,13.247,none,12.958,none,,,10.949,10.249,13.053,9.744,2x46,TM2,L,12.488734976527304,1.135339543320664,2.5447233333333332,6.52885,0.5935318181818182,1.3608,5.510400000000001,0.5009454545454546,2.2884,11.0,1.4366633333333332,1.4366633333333332,-0.3598264285714285,5.959884976527305,5.959884976527304,0.5418077251388459,6.978334976527304,-1.0184499999999996,50.84723701123502,25.852023527523443,51.84683453554763,47.15341317416325,25.460828221508233,28.177991707598046,35.61290322580645,40.6,30.0,13.612903225806452,12.6,15.0,24.99521348371158,-0.9995975243126054,25.994811008024183,21.692584952655015,18.9754214665652,2.717163486089813,-4.987096774193553,5.612903225806448,-10.6,1.0129032258064523,-1.387096774193548,2.4000000000000004
113,ALA,28.0,1.58,0.194,1.166,1.994,-65.86445124917068,4.999564269340657,-38.054046469881946,7.620831695036168,177.34975129483843,3.028589533498108,4.464,0.999,28.0,3.8,1.304,5.0,0.664,4.357,0.911,28.0,3.8,1.304,5.0,0.557,0.107,0.315,28.0,0.0,0.0,5.0,0.107,0.0,0.0,28.0,0.0,0.0,5.0,0.0,0.0,0.0,28.0,0.0,0.0,5.0,0.0,2.0,0.0,28.0,1.2,0.447,5.0,0.8,,,,,,,,,,,,,,,,,,,,,,14.7195,13.75,0.0,,,,,,16.537,none,16.917,none,18.565,none,,,,,,,17.02,none,16.724,none,,,14.188,13.591,16.899,13.078,2x47,TM2,A,6.81413,1.362826,4.326116666666667,7.57673,1.515346,4.91212,9.7077,1.94154,6.3892,5.0,0.5860033333333332,0.1812,-0.5860033333333332,-0.7625999999999998,-0.7626,-0.15252,-2.8935699999999995,2.1309699999999996,49.19269139808883,4.553850601516382,34.350828572820284,46.46166453654666,3.387923886360217,7.044497926899512,37.225806451612904,39.2,22.0,15.225806451612904,11.2,4.0,44.63884079657245,14.84186282526855,29.796977971303903,43.07374065018644,39.41716660964715,3.6565740405392946,-1.974193548387099,15.225806451612904,-17.200000000000003,4.025806451612905,11.225806451612904,-7.199999999999999
114,LEU,28.0,1.39,0.166,1.018,1.695,-64.88076425112394,4.743139060926183,-47.19535861665672,4.57152804066048,179.80011007454033,2.3318825662984564,5.393,0.629,28.0,5.6,0.548,5.0,-0.207,5.393,0.629,28.0,5.6,0.548,5.0,-0.207,0.0,0.0,28.0,0.0,0.0,5.0,0.0,0.0,0.0,28.0,0.0,0.0,5.0,0.0,0.0,0.0,28.0,0.0,0.0,5.0,0.0,2.714,0.763,28.0,2.2,0.837,5.0,0.514,,,,,,,,,,-175.29,-174.69,0.6,NO,t,t,80.82,94.7,13.88,,,,18.276500000000002,17.384,0.0,16.0,3.257,A1D6C;CLR;MPG,,,15.68,none,16.107,none,16.85,none,,,,,,,15.795,none,15.953,none,,,13.824,13.408,16.914,12.795,2x48,TM2,L,5.783056230806231,0.8261508901151758,2.608367857142858,5.372793333333333,0.7675419047619048,3.51505,5.4367,0.7766714285714286,1.7353,7.0,0.906682142857142,0.6539961538461537,-0.906682142857142,0.4102628974728984,0.4102628974728981,0.058608985353271,0.3463562308062311,0.063906666666667,9.780282274477903,33.94096173446725,60.49197391945115,4.6259951824109695,32.00214772505778,0.0,35.41935483870968,38.4,20.0,14.03225806451613,10.6,0.0,-24.160679459989343,-50.71169164497324,26.551012184983897,-27.376152542646818,4.6259951824109695,-32.00214772505778,-2.980645161290319,15.41935483870968,-18.4,3.4322580645161302,14.03225806451613,-10.6
115,ALA,28.0,1.424,0.168,1.018,1.839,-63.18520810171725,3.4566486632596582,-39.881597001104446,5.712658039263514,179.50537320102575,2.3154541577867844,4.0,1.186,28.0,4.2,1.304,5.0,-0.2,3.929,1.184,28.0,4.0,1.0,5.0,-0.071,0.071,0.262,28.0,0.2,0.447,5.0,-0.129,0.0,0.0,28.0,0.0,0.0,5.0,0.0,0.0,0.0,28.0,0.0,0.0,5.0,0.0,0.75,0.441,28.0,0.2,0.447,5.0,0.55,,,,,,,,,,,,,,,,,,,,,,18.266799999999996,17.225,0.0,,,,,,11.186,none,11.609,none,12.454,none,,,,,,,11.584,none,11.451,none,,,9.484,9.004,12.436,8.223,2x49,TM2,A,7.722743227513226,1.2871238712522044,4.153536666666666,3.9601,0.6600166666666666,1.9749,1.0448,0.1741333333333333,0.4952,6.0,2.178636666666666,2.178636666666666,-0.2704999999999999,3.7626432275132258,3.762643227513226,0.6271072045855378,6.677943227513227,-2.9153,10.285402066965526,3.777275077487765,52.224490624423424,6.848903719509658,1.8114423240598745,23.146207474098393,30.774193548387096,35.8,15.0,8.838709677419354,7.0,3.0,6.508126989477761,-41.9390885574579,48.44721554693566,5.037461395449784,-16.297303754588736,21.33476515003852,-5.025806451612901,15.774193548387096,-20.799999999999997,1.838709677419354,5.838709677419354,-4.0
116,ASP,28.0,1.207,0.166,0.979,1.603,-68.38552095388552,5.267673212085481,-38.203152753558314,4.771143104855566,178.14740739124696,2.1656835138569765,7.571,1.26,28.0,7.0,1.414,5.0,0.571,4.464,0.999,28.0,4.8,1.095,5.0,-0.336,1.036,0.744,28.0,1.2,0.447,5.0,-0.164,2.071,1.052,28.0,1.0,1.0,5.0,1.071,0.0,0.0,28.0,0.0,0.0,5.0,0.0,0.0,0.0,28.0,0.0,0.0,5.0,0.0,,,,,,,,,,-80.38,-73.12,7.26,NO,g-,g-,-25.37,-33.19,7.82,,,,15.848466666666665,14.356,0.0,2.0,3.941,KZR;L0X,,,8.953,none,9.906,none,11.528,none,,,,,,,10.109,none,9.88,none,,,7.236,6.618,9.782,6.16,2x50,TM2,D,25.453581531514462,1.957967810116497,10.20042,17.447883333333333,1.342144871794872,9.6804,18.0509,1.3885307692307691,11.5797,13.0,2.2411935714285716,2.2411935714285716,-0.78708,8.005698198181129,8.005698198181129,0.6158229383216252,7.40268153151446,0.6030166666666688,17.35256641595786,30.819614551134737,99.12217528523634,11.42722236205428,29.511350650424827,52.33055602839637,31.258064516129032,39.0,14.0,12.258064516129032,12.2,0.0,-13.467048135176878,-81.76960886927847,68.3025607341016,-18.08412828837055,-40.90333366634209,22.819205377971542,-7.741935483870968,17.258064516129032,-25.0,0.0580645161290327,12.258064516129032,-12.2
117,ALA,28.0,0.542,0.124,0.334,0.778,-65.86957819328474,3.5986712577228612,-42.565756380545125,3.330306989178646,178.29791164459024,1.6858026342512475,5.5,1.171,28.0,5.4,1.342,5.0,0.1,4.893,0.956,28.0,4.4,1.14,5.0,0.493,0.607,0.737,28.0,1.0,0.707,5.0,-0.393,0.0,0.0,28.0,0.0,0.0,5.0,0.0,0.0,0.0,28.0,0.0,0.0,5.0,0.0,1.214,0.995,28.0,0.4,0.548,5.0,0.814,,,,,,,,,,,,,,,,,,,,,,20.678966666666668,19.677,0.0,,,,,,13.47,none,14.008,none,15.342,none,,,,,,,14.006,none,13.719,none,,,11.517,11.225,14.449,10.847,2x51,TM2,A,6.421399285714285,0.9173427551020408,4.566339999999999,2.951375,0.421625,1.9448,5.2827,0.7546714285714285,4.484,7.0,2.6215399999999995,2.6215399999999995,-0.1259,3.4700242857142847,3.470024285714285,0.4957177551020407,1.138699285714285,2.331325,13.333646855230327,12.509884778447624,157.66086920830577,8.495811715548168,10.063568466999302,122.66823943629588,28.451612903225808,36.4,15.0,1.6451612903225807,5.8,3.0,0.823762076782705,-144.32722235307543,145.15098442985814,-1.5677567514511337,-114.1724277207477,112.60467096929658,-7.948387096774191,13.451612903225808,-21.4,-4.154838709677419,-1.3548387096774193,-2.8
118,LEU,28.0,0.717,0.154,0.408,0.968,-66.61730686956423,4.4118626837236725,-36.179020467140745,7.243251550258129,177.67699088482536,1.9777134842408517,4.143,1.604,28.0,4.6,1.14,5.0,-0.457,3.107,1.423,28.0,3.8,1.483,5.0,-0.693,1.036,0.576,28.0,0.8,0.447,5.0,0.236,0.0,0.0,28.0,0.0,0.0,5.0,0.0,0.0,0.0,28.0,0.0,0.0,5.0,0.0,1.393,0.786,28.0,2.2,0.837,5.0,-0.807,,,,,,,,,,-77.69,-88.87,11.18,NO,g-,g-,159.83,101.08,58.75,,,,23.126933333333334,22.011,0.0,11.0,3.32,A1D6C;CLR;MPG,,,11.426,none,11.688,none,11.791,none,,,,,,,11.397,none,11.907,none,,,9.783,9.089,12.804,9.043,2x52,TM2,L,8.815899495530012,1.4693165825883352,6.426660000000001,3.87006,0.64501,2.73966,5.342,0.8903333333333333,4.901,6.0,6.426660000000001,6.426660000000001,-1.8317806896551725,4.945839495530013,4.945839495530012,0.8243065825883352,3.473899495530012,1.47194,17.068700548921022,37.32300037058974,83.44167477306749,14.050091451355083,37.121729001249754,68.61902278687566,30.322580645161292,38.6,17.0,1.3225806451612905,10.6,7.0,-20.254299821668717,-66.37297422414647,46.11867440247775,-23.07163754989467,-54.568931335520574,31.497293785625907,-8.27741935483871,13.322580645161292,-21.6,-9.27741935483871,-5.67741935483871,-3.5999999999999996
119,ALA,28.0,1.263,0.25,0.834,1.738,-67.87955943766971,6.657120799500213,-40.013479148094206,7.131488440251004,-179.7171249201186,3.2112678961695114,4.75,1.624,28.0,4.6,1.342,5.0,0.15,3.821,1.249,28.0,3.8,1.095,5.0,0.021,0.929,0.716,28.0,0.8,0.447,5.0,0.129,0.0,0.0,28.0,0.0,0.0,5.0,0.0,0.0,0.0,28.0,0.0,0.0,5.0,0.0,0.071,0.262,28.0,0.0,0.0,5.0,0.071,,,,,,,,,,,,,,,,,,,,,,22.62153333333333,21.438,0.0,3.0,3.307,A1AQ2;KZR;L0X,,,6.343,second_shell,6.779,none,8.047,second_shell,,,,,,,6.764,none,6.887,none,,,4.567,4.205,7.697,3.998,2x53,TM2,A,7.071314880952381,0.7857016534391534,3.128276666666667,4.435623333333334,0.4928470370370371,2.42232,3.4827,0.3869666666666667,3.4827,9.0,0.9847400000000002,0.9847400000000002,-0.39822,2.635691547619047,2.635691547619047,0.2928546164021163,3.5886148809523815,-0.952923333333334,80.55458811413843,7.968440326320268,14.074083760669984,58.09276055385565,4.931148548829658,0.0,24.129032258064516,35.8,22.0,8.838709677419354,7.4,0.0,72.58614778781816,66.48050435346845,6.105643434349716,53.16161200502599,58.09276055385565,-4.931148548829658,-11.67096774193548,2.129032258064516,-13.799999999999995,1.4387096774193535,8.838709677419354,-7.4
120,THR,28.0,1.27,0.275,0.57,1.738,-75.6870424437058,7.970577116589363,-20.897105538052646,10.449547484102284,177.27975378197826,3.008844437720475,5.429,1.23,28.0,6.2,1.304,5.0,-0.771,4.143,0.705,28.0,4.0,1.225,5.0,0.143,1.107,0.786,28.0,1.8,0.447,5.0,-0.693,0.179,0.548,28.0,0.4,0.894,5.0,-0.221,0.0,0.0,28.0,0.0,0.0,5.0,0.0,0.0,0.0,28.0,0.0,0.0,5.0,0.0,,,,,,,,,,15.24,33.24,18.0,NO,g+,g+,,,,,,,22.511799999999997,21.218,0.0,,,,,,9.074,none,9.751,none,11.467,none,,,,,,,10.015,none,8.139,none,,,7.049,6.742,8.959,6.389,2x54,TM2,T,8.896862126399206,0.7414051771999338,2.171196666666667,6.929265,0.57743875,2.1867,8.9002,0.7416833333333334,3.6741,12.0,0.9625766666666667,0.9625766666666667,-0.3418650000000001,1.967597126399206,1.9675971263992065,0.1639664271999338,-0.0033378736007936,1.970935,59.120035847252055,25.136579207743477,108.7705403951617,38.82709224020738,24.363691913490175,88.0562240862439,26.967741935483872,38.8,21.0,6.161290322580645,10.4,6.0,33.983456639508574,-49.65050454790965,83.63396118741822,14.463400326717204,-49.22913184603652,63.69253217275373,-11.832258064516123,5.967741935483872,-17.799999999999997,-4.238709677419355,0.161290322580645,-4.4
121,SER,28.0,1.044,0.221,0.362,1.332,-68.04105559505207,5.494540871895788,-21.026583748082,6.567457448424135,178.51866245367228,3.220626097738174,3.857,0.97,28.0,2.8,0.837,5.0,1.057,2.929,0.766,28.0,1.8,0.837,5.0,1.129,0.929,0.604,28.0,1.0,0.0,5.0,-0.071,0.0,0.0,28.0,0.0,0.0,5.0,0.0,0.0,0.0,28.0,0.0,0.0,5.0,0.0,0.0,0.0,28.0,0.0,0.0,5.0,0.0,,,,,,,,,,87.65,63.16,24.49,NO,g+,g+,,,,,,,26.6306,25.478,0.0,,,,,,10.693,none,12.364,none,9.957,none,,,,,,,9.281,none,11.216,none,,,10.043,9.618,11.64,9.922,2x55,TM2,S,1.31101,0.1872871428571428,0.4955333333333333,1.7582,0.2511714285714285,1.001325,0.363,0.0518571428571428,0.363,7.0,0.5057916666666666,0.2711583333333333,-0.5057916666666666,-0.4471899999999999,-0.44719,-0.0638842857142857,0.94801,-1.3952,39.87764369491593,30.21910958737656,13.0035337040817,35.23167406373005,23.061719575667855,0.5031784233499651,34.41935483870968,30.8,32.0,4.645161290322581,6.2,21.0,9.65853410753937,26.87410999083423,-17.21557588329486,12.169954488062192,34.72849564038008,-22.55854115231789,3.619354838709679,2.4193548387096797,1.1999999999999993,-1.5548387096774192,-16.35483870967742,14.8
122,THR,28.0,1.379,0.301,0.767,1.98,-80.96663229688231,7.503012773958049,-10.795505324633531,9.929729909355673,-176.5376598721174,4.946784973612798,5.786,1.729,28.0,4.6,0.548,5.0,1.186,3.679,1.056,28.0,3.2,0.837,5.0,0.479,1.036,0.576,28.0,0.8,0.447,5.0,0.236,1.071,1.386,28.0,0.6,1.342,5.0,0.471,0.0,0.0,28.0,0.0,0.0,5.0,0.0,0.0,0.0,28.0,0.0,0.0,5.0,0.0,,,,,,,,,,28.9,69.84,40.94,NO,g+,g+,,,,,,,27.965933333333336,26.212,0.0,9.0,3.922,8QY;8RI;A1APU;A1CMV;L0X;MEA,,,6.052,second_shell,7.516,second_shell,5.38,second_shell,,,,,,,3.922,first_shell,7.17,none,,,6.024,6.158,6.077,6.169,2x56,TM2,T,7.9758020786035555,0.7250729162366869,2.087713793103448,6.501471666666666,0.5910428787878788,2.02554,3.6754,0.3341272727272728,1.7444,11.0,1.689863793103448,1.689863793103448,-0.4788606896551719,1.4743304119368896,1.4743304119368892,0.1340300374488081,4.300402078603556,-2.826071666666666,43.03117034692143,4.080673340810649,68.92053190581618,41.42969231419628,3.790113719465436,57.40416533209081,31.451612903225808,40.2,25.0,10.64516129032258,11.4,5.0,38.95049700611078,-25.88936155889475,64.83985856500553,37.63957859473084,-15.974473017894532,53.614051612625374,-8.748387096774195,6.451612903225808,-15.200000000000005,-0.7548387096774203,5.64516129032258,-6.4
123,LEU,28.0,1.398,0.267,1.004,2.238,-63.22256881622305,6.805808304938369,-41.86012033574938,5.207596117876117,177.7677014358475,4.346019269045117,4.929,0.813,28.0,4.6,0.548,5.0,0.329,4.536,0.637,28.0,4.2,0.837,5.0,0.336,0.393,0.497,28.0,0.4,0.548,5.0,-0.007,0.0,0.0,28.0,0.0,0.0,5.0,0.0,0.0,0.0,28.0,0.0,0.0,5.0,0.0,1.0,0.0,28.0,0.8,0.447,5.0,0.2,,,,,,,,,,-107.21,-93.64,13.57,NO,g-,g-,134.78,171.22,36.44,,,,26.91813333333333,25.295,0.0,2.0,4.164,EIG;MPG,,,7.435,second_shell,8.152,second_shell,7.319,second_shell,,,,,,,7.548,second_shell,7.013,second_shell,,,7.051,7.459,6.992,7.182,2x57,TM2,L,12.313719368421054,1.3681910409356728,4.282316666666667,10.67606,1.1862288888888888,3.876749999999999,5.5573,0.6174777777777778,1.8462,9.0,2.0700766666666675,2.0700766666666675,-1.2739299999999996,1.6376593684210543,1.6376593684210548,0.181962152046784,6.756419368421055,-5.11876,12.206212689855388,23.17908528841576,88.79234636886979,9.277798717374012,17.65306988744357,61.89094607204571,33.516129032258064,38.4,23.0,11.096774193548388,14.2,0.0,-10.972872598560372,-76.5861336790144,65.61326108045402,-8.37527117006956,-52.613147354671696,44.237876184602136,-4.8838709677419345,10.516129032258064,-15.4,-3.1032258064516114,11.096774193548388,-14.2
124,PRO,28.0,1.425,0.311,0.988,2.377,-62.11862455386969,3.800510329104663,-31.575000497640005,6.808763027393785,177.35903383782832,2.870448156145487,3.071,1.052,28.0,3.0,1.225,5.0,0.071,2.571,0.92,28.0,2.4,0.894,5.0,0.171,0.5,0.509,28.0,0.6,0.548,5.0,-0.1,0.0,0.0,28.0,0.0,0.0,5.0,0.0,0.0,0.0,28.0,0.0,0.0,5.0,0.0,0.0,0.0,28.0,0.0,0.0,5.0,0.0,,,,,,,,,,-15.92,-4.56,11.36,NO,g-,g-,24.57,6.86,17.71,,,,30.21806666666667,28.894,0.0,1.0,3.492,MPG,,,10.037,none,12.574,none,8.734,none,,,,,,,9.016,none,11.835,none,,,11.539,11.783,10.927,11.769,2x58,TM2,P,2.42296,0.6057400000000001,1.3671133333333334,3.02041,0.7551025,1.13414,2.0199,0.504975,1.1094,4.0,0.85464,0.2329733333333334,-0.85464,-0.5974499999999998,-0.5974499999999998,-0.1493624999999999,0.4030600000000004,-1.0005100000000002,26.958976738314345,32.25603553535764,99.80505280837164,24.00107131815164,27.954025472928528,90.16913364134224,32.83870967741935,35.6,31.0,10.35483870967742,9.0,8.0,-5.297058797043295,-72.84607607005728,67.54901727301399,-3.95295415477689,-66.16806232319061,62.215108168413714,-2.761290322580649,1.8387096774193523,-4.600000000000001,1.35483870967742,2.35483870967742,-1.0
125,PHE,28.0,1.597,0.304,1.11,2.594,-65.40062046391937,3.333546724666835,-41.08858254734036,5.713405587759858,177.06350639318046,3.3506395477514617,3.964,1.071,28.0,3.2,1.304,5.0,0.764,3.929,1.052,28.0,3.2,1.304,5.0,0.729,0.036,0.189,28.0,0.0,0.0,5.0,0.036,0.0,0.0,28.0,0.0,0.0,5.0,0.0,0.0,0.0,28.0,0.0,0.0,5.0,0.0,3.571,0.69,28.0,3.2,0.447,5.0,0.371,1.0,1.0,0.0,0.0,0.0,0.0,0.0,0.0,0.0,-65.13,-60.13,5.0,NO,g-,g-,-66.45,-41.56,24.89,,,,32.814,31.05,0.0,5.0,4.412,8QY;A1CMV;Endomorphin-2;MEA,,,5.787,second_shell,12.538,none,5.209,second_shell,,,,,,,4.604,first_shell,11.652,none,,,11.006,11.241,9.057,10.696,2x59,TM2,F,10.169080229885058,1.2711350287356322,3.912399999999999,10.4654,1.308175,5.8684,15.452,1.9315,12.5136,8.0,2.101413333333334,2.101413333333334,-1.9560000000000008,-0.2963197701149425,-0.2963197701149429,-0.0370399712643678,-5.282919770114942,4.986599999999999,8.3979497531662,39.54032075753015,11.573103737049196,7.46651854003174,39.14728133662728,11.573103737049196,40.483870967741936,42.4,40.0,17.838709677419356,16.0,14.0,-31.142371004363945,-3.1751539838829963,-27.967217020480952,-31.68076279659554,-4.1065851970174565,-27.57417759957809,-1.9161290322580624,0.4838709677419359,-2.3999999999999986,1.838709677419356,3.838709677419356,-2.0
126,GLN,28.0,1.664,0.271,1.166,2.438,-69.12853839158429,5.330827168346517,-33.98753307810187,6.384199574436203,179.0942847150568,3.138449609603904,6.75,2.287,28.0,6.8,2.049,5.0,-0.05,4.0,1.054,28.0,4.2,1.304,5.0,-0.2,0.107,0.315,28.0,0.0,0.0,5.0,0.107,2.643,1.66,28.0,2.6,3.13,5.0,0.043,0.0,0.0,28.0,0.0,0.0,5.0,0.0,0.0,0.0,28.0,0.0,0.0,5.0,0.0,,,,,,,,,,-58.68,-67.22,8.54,NO,g-,g-,175.76,179.53,3.77,,,,30.550733333333326,29.161,0.0,30.0,3.032,7V7;8QY;8RI;A1A7R;A1APU;A1AQ2;A1BNM;A1CMV;EID;EIG;Endomorphin-2;KZR;L0X;LIG;MEA;NG0;VF1;WH2;WH9,,,3.458,first_shell,5.917,second_shell,3.299,first_shell,,,,,,,3.622,first_shell,5.472,none,,,4.515,4.78,3.002,4.027,2x60,TM2,Q,10.543855974319854,0.8110658441784503,3.238074999999999,9.446328333333332,0.726640641025641,3.59992,0.0,0.0,0.0,13.0,1.0689,1.0689,-0.7688000000000001,1.097527640986523,1.097527640986522,0.0844252031528093,10.543855974319854,-9.446328333333332,10.421383033628036,28.90143871106425,18.447390173977215,9.569071649154418,24.735950746187093,15.598531123848918,43.0,35.6,31.0,14.387096774193548,9.6,2.0,-18.480055677436216,-8.02600714034918,-10.454048537087036,-15.166879097032677,-6.0294594746945,-9.137419622338175,7.399999999999999,12.0,-4.600000000000001,4.787096774193548,12.387096774193548,-7.6
127,SER,28.0,1.604,0.329,1.057,2.443,-65.54580043078195,4.59882030594478,-42.73584069446733,6.69196475745025,177.9993630471908,2.1917377793478248,6.107,1.227,28.0,5.6,1.949,5.0,0.507,5.036,1.071,28.0,4.6,1.14,5.0,0.436,0.964,0.744,28.0,1.0,1.0,5.0,-0.036,0.107,0.315,28.0,0.0,0.0,5.0,0.107,0.0,0.0,28.0,0.0,0.0,5.0,0.0,0.0,0.0,28.0,0.0,0.0,5.0,0.0,,,,,,,,,,80.16,92.61,12.45,NO,g+,g+,,,,,,,34.130333333333326,31.97,0.0,1.0,3.036,MPG,,,9.65,none,13.113,none,9.581,none,,,,,,,9.576,none,12.293,none,,,12.203,12.465,10.701,12.515,2x61,TM2,S,5.958506929392447,0.8512152756274924,2.9199800000000007,3.3100250000000004,0.4728607142857143,2.1709500000000004,0.111,0.0158571428571428,0.111,7.0,2.0225550000000005,2.0225550000000005,-0.3503706896551728,2.648481929392447,2.648481929392447,0.3783545613417781,5.8475069293924475,-3.199025,27.011162983764077,32.76161413549495,11.98124898262807,24.62559308213519,32.290633895251624,0.0,35.96774193548387,36.4,36.0,11.290322580645162,10.8,0.0,-5.750451151730875,15.029914001136008,-20.78036515286688,-7.665040813116434,24.62559308213519,-32.290633895251624,-0.4322580645161267,-0.0322580645161281,-0.3999999999999986,0.4903225806451612,11.290322580645162,-10.8
128,VAL,28.0,1.794,0.478,1.092,3.392,-68.25864365389147,5.869786182091139,-32.70697673590868,8.696446386711965,176.5354241931407,4.420774643641077,4.607,0.956,28.0,3.6,1.517,5.0,1.007,4.607,0.956,28.0,3.6,1.517,5.0,1.007,0.0,0.0,28.0,0.0,0.0,5.0,0.0,0.0,0.0,28.0,0.0,0.0,5.0,0.0,0.0,0.0,28.0,0.0,0.0,5.0,0.0,2.107,0.916,28.0,1.4,0.548,5.0,0.707,,,,,,,,,,164.39,174.25,9.86,YES,t,g+,,,,,,,37.77783333333334,36.287,0.0,,,,,,8.906,none,16.339,none,8.552,none,,,,,,,9.149,none,15.13,none,,,14.899,15.077,13.296,14.894,2x62,TM2,V,9.063660426280368,0.9063660426280368,3.1817,2.2881899999999997,0.2288189999999999,1.26724,3.81,0.381,3.2104,10.0,3.1817,3.1817,0.2142136363636363,6.775470426280366,6.775470426280368,0.6775470426280368,5.2536604262803674,1.5218100000000003,17.586663543762743,42.50470454711135,0.0,8.041703618224629,38.225742255586525,0.0,33.38709677419355,35.8,44.0,16.225806451612904,8.4,18.0,-24.91804100334861,17.586663543762743,-42.50470454711135,-30.184038637361898,8.041703618224629,-38.225742255586525,-2.4129032258064456,-10.612903225806448,8.200000000000003,7.825806451612904,-1.774193548387096,9.6
129,ASN,28.0,1.935,0.632,1.057,4.019,-63.540441273416185,5.073476558397667,-37.05732973872726,13.06789959333263,177.1134783326527,2.4670669532474454,4.107,1.166,28.0,4.8,0.837,5.0,-0.693,3.857,1.177,28.0,4.2,1.304,5.0,-0.343,0.214,0.499,28.0,0.6,0.548,5.0,-0.386,0.036,0.189,28.0,0.0,0.0,5.0,0.036,0.0,0.0,28.0,0.0,0.0,5.0,0.0,0.0,0.0,28.0,0.0,0.0,5.0,0.0,,,,,,,,,,-167.12,-169.87,2.75,NO,t,t,14.29,6.88,7.41,,,,38.1505,36.84,0.0,25.0,3.149,7V7;8QY;8RI;A1APU;A1AQ2;A1CMV;EID;Endomorphin-2;KZR;L0X;MEA;NG0;WH2;WH9,,,3.334,first_shell,10.791,none,3.149,first_shell,,,,,,,4.055,first_shell,10.355,none,,,10.257,10.294,8.177,10.379,2x63,TM2,N,17.137746428571432,1.7137746428571432,5.36966551724138,9.95208,0.995208,5.87012,12.6769,1.26769,5.983,10.0,4.71545,4.71545,-0.5004544827586201,7.185666428571429,7.185666428571432,0.7185666428571431,4.460846428571433,2.7248199999999994,106.5661562760352,24.036860510564164,0.0,81.7337445488868,20.364694745685107,0.0,25.838709677419356,36.0,42.0,6.064516129032258,6.2,18.0,82.52929576547102,106.5661562760352,-24.036860510564164,61.3690498032017,81.7337445488868,-20.364694745685107,-10.161290322580644,-16.161290322580644,6.0,-0.1354838709677421,-11.935483870967742,11.8
130,TYR,28.0,2.062,0.43,1.356,3.294,-74.20914427628055,14.85542476370462,-39.104621592662504,18.813928505721247,-177.17579125009703,5.489320126982095,3.321,1.307,28.0,3.0,1.0,5.0,0.321,3.25,1.206,28.0,2.2,0.447,5.0,1.05,0.071,0.378,28.0,0.0,0.0,5.0,0.071,0.0,0.0,28.0,0.8,1.095,5.0,-0.8,0.0,0.0,28.0,0.0,0.0,5.0,0.0,0.0,0.0,28.0,0.0,0.0,5.0,0.0,1.0,1.0,0.0,0.0,0.0,0.0,0.0,0.5,-0.5,172.76,-116.34,70.9,YES,t,g-,72.39,-22.22,94.61,,,,37.879999999999995,36.395,0.0,5.0,3.466,A1APU;A1BNM;EIG;Endomorphin-2;NG0,,,8.852,none,12.324,none,8.777,none,,,,,,,7.665,none,11.556,none,,,11.633,11.737,10.917,11.615,2x64,TM2,Y,18.886884260978487,1.5739070217482072,4.757480000000001,10.612075,0.8843395833333334,5.883875,7.182099999999999,0.5985083333333333,2.9272,12.0,3.4644,3.4644,-1.1263949999999987,8.274809260978486,8.274809260978486,0.6895674384148738,11.704784260978489,-3.4299750000000016,40.05865973007331,60.258883452518056,88.10054148661055,19.0509722095076,46.27452043644194,87.6541002265844,28.193548387096776,30.6,37.0,9.741935483870968,9.4,7.0,-20.200223722444747,-48.04188175653725,27.841658034092497,-27.22354822693434,-68.60312801707681,41.379579790142465,-2.4064516129032256,-8.806451612903224,6.399999999999999,0.3419354838709676,2.741935483870968,-2.4000000000000004
131,LEU,28.0,2.215,0.382,1.541,3.198,-69.45864520122201,10.854287106282808,-46.90940524124057,9.138815817880742,-179.0458114763021,3.0635568877148844,2.179,0.67,28.0,2.2,0.837,5.0,-0.021,2.179,0.67,28.0,2.2,0.837,5.0,-0.021,0.0,0.0,28.0,0.0,0.0,5.0,0.0,0.0,0.0,28.0,0.0,0.0,5.0,0.0,0.0,0.0,28.0,0.0,0.0,5.0,0.0,1.143,0.848,28.0,0.8,1.304,5.0,0.343,,,,,,,,,,-154.75,-68.89,85.86,YES,t,g-,101.49,119.18,17.69,,,,40.283966666666664,39.022,0.0,,,,,,12.111,none,17.363,none,11.736,none,,,,,,,12.257,none,17.015,none,,,16.466,16.73,15.086,16.444,2x65,TM2,L,6.013940541125541,0.8591343630179343,2.4981416666666667,4.8036,0.6862285714285715,2.56855,0.1181,0.0168714285714285,0.1181,7.0,0.5948666666666667,0.5948666666666667,-0.18916,1.2103405411255412,1.2103405411255403,0.1729057915893628,5.895840541125541,-4.6855,181.5700053644096,71.23951004223655,109.11771256332216,156.70524688722455,47.326635627338966,105.48944531978928,20.677419354838708,28.6,39.0,3.161290322580645,5.4,8.0,110.33049532217304,72.45229280108742,37.87820252108561,109.3786112598856,51.21580156743528,58.1628096924503,-7.922580645161293,-18.322580645161292,10.4,-2.2387096774193553,-4.838709677419355,2.5999999999999996
132,MET,28.0,1.977,0.396,1.325,3.535,-85.4505078100428,18.910178702680067,-20.262673775425835,16.701642790531626,-177.65690708596475,5.369531324670275,2.037,0.706,27.0,1.2,0.447,5.0,0.837,1.963,0.649,27.0,0.8,0.837,5.0,1.163,0.074,0.267,27.0,0.4,0.548,5.0,-0.326,0.0,0.0,27.0,0.0,0.0,5.0,0.0,0.0,0.0,27.0,0.0,0.0,5.0,0.0,1.222,0.698,27.0,0.4,0.548,5.0,0.822,,,,,,,,,,-58.04,-28.97,29.07,NO,g-,g-,-159.74,-127.69,32.05,,,,43.068133333333336,41.619,0.0,,,,,,10.946,none,18.443,none,10.668,none,,,,,,,12.343,none,17.956,none,,,17.732,17.968,15.975,17.629,2x66,TM2,M,3.4931303751706637,0.8732825937926659,1.4405823529411763,3.0551000000000004,0.7637750000000001,1.35225,2.4961,0.624025,2.4961,4.0,0.8248131578947367,0.7337823529411766,-0.8248131578947367,0.4380303751706636,0.4380303751706633,0.1095075937926658,0.9970303751706636,-0.5590000000000002,107.4388883505628,123.10856715701814,0.0,69.65104813458372,90.4943722567929,0.0,22.258064516129032,22.8,42.0,6.483870967741935,6.0,18.0,-15.669678806455352,107.4388883505628,-123.10856715701814,-20.843324122209182,69.65104813458372,-90.4943722567929,-0.5419354838709687,-19.741935483870968,19.2,0.483870967741935,-11.516129032258064,12.0
133,GLY,28.0,1.89,0.383,1.167,2.712,79.12321715715748,15.946287206572501,5.892020000915624,22.550519763869136,-178.0710440967407,3.10415629170102,1.852,0.989,27.0,1.4,0.548,5.0,0.452,1.667,0.784,27.0,1.2,0.447,5.0,0.467,0.185,0.396,27.0,0.2,0.447,5.0,-0.015,0.0,0.0,27.0,0.0,0.0,5.0,0.0,0.0,0.0,27.0,0.0,0.0,5.0,0.0,0.0,0.0,27.0,0.0,0.0,5.0,0.0,,,,,,,,,,,,,,,,,,,,,,43.36833333333333,42.013,0.0,,,,,,10.084,none,15.952,none,9.96,none,,,,,,,10.635,none,15.567,none,,,15.912,15.517,14.658,15.08,2x67,TM2,G,5.076737264115195,0.8461228773525326,1.59905,1.56801,0.261335,1.28286,1.7228,0.2871333333333333,1.3917,6.0,1.59905,1.59905,-0.1538869230769231,3.5087272641151954,3.508727264115195,0.5847878773525326,3.353937264115195,0.1547899999999999,59.36398169912312,57.30547115168074,31.852712634502023,8.150051406150693,12.378189214409142,29.620506334371356,21.580645161290324,22.0,37.0,1.903225806451613,1.6,19.0,2.058510547442374,27.51126906462109,-25.452758517178715,-4.228137808258449,-21.47045492822066,17.242317119962216,-0.4193548387096761,-15.419354838709676,15.0,0.3032258064516129,-17.096774193548388,17.4
134,THR,28.0,2.004,0.469,1.345,3.158,-143.05870439584967,17.923705108482423,162.94800805528567,13.058326214050604,177.93433361667903,4.501951705989411,2.259,1.196,27.0,1.75,0.5,4.0,0.509,1.111,0.801,27.0,1.0,0.816,4.0,0.111,1.0,0.877,27.0,0.75,0.957,4.0,0.25,0.148,0.534,27.0,0.0,0.0,4.0,0.148,0.0,0.0,27.0,0.0,0.0,4.0,0.0,0.0,0.0,27.0,0.0,0.0,4.0,0.0,,,,,,,,,,-165.92,-37.15,128.77,YES,t,g-,,,,,,,45.54136666666666,43.962,0.0,,,,,,10.604,none,17.928,none,10.382,none,,,,,,,11.626,none,17.585,none,,,17.486,17.463,15.462,17.402,23x49,ECL1,T,16.315059567138853,1.6315059567138852,5.752140000000002,13.066285,1.3066285,5.87012,10.192199999999998,1.0192199999999998,5.983,10.0,2.7283000000000017,2.7283000000000017,-0.8248131578947367,3.248774567138853,3.2487745671388524,0.3248774567138852,6.122859567138855,-2.8740850000000027,85.83841489451105,69.54753934520004,140.38776448033838,74.95762882871553,55.37729352779877,105.94759424843778,21.161290322580644,26.6,21.0,3.870967741935484,5.8,2.0,16.29087554931101,-54.54934958582733,70.84022513513834,19.58033530091676,-30.989965419722253,50.57030072063901,-5.438709677419357,0.1612903225806441,-5.600000000000001,-1.929032258064516,1.870967741935484,-3.8
135,TRP,28.0,1.46,0.41,0.873,2.477,-107.33153550490103,11.555239111692446,99.38952210642081,10.98316697114117,-178.26689683407486,3.5358660988731803,2.321,0.772,28.0,2.0,1.0,5.0,0.321,1.179,0.612,28.0,0.6,0.548,5.0,0.579,0.964,0.429,28.0,1.4,0.548,5.0,-0.436,0.179,0.39,28.0,0.0,0.0,5.0,0.179,0.0,0.0,28.0,0.0,0.0,5.0,0.0,2.75,0.844,28.0,3.2,0.447,5.0,-0.45,0.9643,1.0,-0.0357,0.0,0.0,0.0,0.7143,0.5,0.2143,-175.6,-178.48,2.88,NO,t,t,-102.26,-95.7,6.56,,,,36.70986666666667,34.964,0.0,27.0,3.391,7V7;8QY;8RI;A1A7R;A1APU;A1AQ2;A1CMV;EID;Endomorphin-2;KZR;L0X;MEA;NG0;VF1;WH2;WH9,,,3.911,first_shell,12.699,none,3.451,first_shell,,,,,,,4.08,first_shell,11.093,none,,,10.973,11.078,8.499,10.802,23x50,ECL1,W,38.420688697318006,2.4012930435823754,7.418606666666667,25.43866,1.58991625,4.8772,25.7981,1.61238125,7.6312,16.0,3.1817,3.1817,-0.526673793103448,12.982028697318007,12.982028697318007,0.8113767935823755,12.622588697318005,0.3594400000000028,32.90139011230243,19.61861989753264,6.087422196958893,12.105859072912894,1.4088995853799022,3.5715300802090675,29.64516129032258,37.6,46.0,13.870967741935484,13.8,17.0,13.28277021476979,26.813967915343536,-13.531197700573744,10.696959487532991,8.534328992703827,2.1626304948291653,-7.954838709677421,-16.35483870967742,8.399999999999999,0.0709677419354832,-3.129032258064516,3.1999999999999993
136,PRO,28.0,1.686,0.461,0.998,3.008,-90.47020600600334,7.405035106301808,5.351030835936148,16.671833406854674,-172.33445891528646,4.6091959584674855,0.583,0.504,24.0,0.8,0.447,5.0,-0.217,0.583,0.504,24.0,0.8,0.447,5.0,-0.217,0.0,0.0,24.0,0.0,0.0,5.0,0.0,0.0,0.0,24.0,0.0,0.0,5.0,0.0,0.0,0.0,24.0,0.0,0.0,5.0,0.0,0.917,0.584,24.0,0.4,0.548,5.0,0.517,,,,,,,,,,31.72,24.33,7.39,NO,g+,g+,-31.01,-14.05,16.96,,,,42.410133333333334,40.351,0.0,,,,,,9.244,second_shell,17.925,none,8.744,second_shell,,,,,,,9.763,second_shell,16.926,none,,,16.278,16.683,14.046,16.599,23x51,ECL1,P,5.248306681945506,0.874717780324251,2.0249285714285716,4.09367,0.6822783333333334,1.88048,0.1752,0.0292,0.1752,6.0,0.7337823529411766,0.7337823529411766,-0.3029166666666668,1.1546366819455058,1.1546366819455054,0.1924394469909175,5.0731066819455055,-3.918470000000001,113.00771298474451,61.19104111672796,80.677963355827,103.36300766135776,35.44587362732861,64.3546458628439,27.741935483870968,24.0,24.0,5.870967741935484,10.8,1.0,51.81667186801657,32.329749628917526,19.486922239099044,67.91713403402915,39.00836179851386,28.908772235515286,3.741935483870968,3.741935483870968,0.0,-4.929032258064517,4.870967741935484,-9.8
137,PHE,28.0,1.521,0.292,0.866,2.12,-86.7719680823209,16.466190734143204,-15.700643604577051,21.479692390662116,177.29197239447268,3.270474455560407,0.393,0.497,28.0,0.0,0.0,5.0,0.393,0.393,0.497,28.0,0.0,0.0,5.0,0.393,0.0,0.0,28.0,0.0,0.0,5.0,0.0,0.0,0.0,28.0,0.0,0.0,5.0,0.0,0.0,0.0,28.0,0.0,0.0,5.0,0.0,2.857,0.448,28.0,3.0,0.0,5.0,-0.143,1.8148,2.0,-0.1852,0.0,0.0,0.0,0.0,0.0,0.0,-62.55,-58.96,3.59,NO,g-,g-,-61.48,-65.58,4.1,,,,38.34166666666667,36.628,0.0,,,,,,7.612,second_shell,16.308,none,7.027,second_shell,,,,,,,7.698,second_shell,15.223,none,,,14.871,14.981,12.514,14.534,23x52,ECL1,F,17.213679950738918,2.8689466584564864,7.418606666666667,15.42352,2.570586666666667,5.8684,24.9013,4.150216666666666,12.5136,6.0,2.541406666666667,2.541406666666667,-1.9560000000000008,1.790159950738916,1.790159950738918,0.2983599917898196,-7.687620049261081,9.47778,53.77238389625949,52.70476579013117,5.031784233499651,29.804233428866524,33.91422573378765,0.0,25.93548387096774,36.6,33.0,10.96774193548387,19.4,0.0,1.0676181061283216,48.74059966275984,-47.67298155663152,-4.109992304921128,29.804233428866524,-33.91422573378765,-10.66451612903226,-7.06451612903226,-3.6000000000000014,-8.432258064516128,10.96774193548387,-19.4
138,GLY,28.0,1.832,0.441,1.045,2.703,102.47298308699226,23.269849848516927,176.99450184380788,15.393873785965972,-176.6742321083008,3.4661104040316557,2.714,1.084,28.0,2.6,1.517,5.0,0.114,1.75,1.143,28.0,1.4,1.517,5.0,0.35,0.964,0.331,28.0,1.2,0.447,5.0,-0.236,0.0,0.0,28.0,0.0,0.0,5.0,0.0,0.0,0.0,28.0,0.0,0.0,5.0,0.0,0.0,0.0,28.0,0.0,0.0,5.0,0.0,,,,,,,,,,,,,,,,,,,,,,41.12716666666668,39.651,0.0,,,,,,9.412,second_shell,16.746,none,8.307,second_shell,,,,,,,9.663,second_shell,15.809,none,,,15.978,15.905,12.84,15.737,3x21,TM3,G,1.1177,0.55885,0.8794,1.1033,0.55165,1.1033,0.3432,0.1716,0.3432,2.0,0.2383,0.2383,-0.2239,0.0144,0.0143999999999999,0.0071999999999999,0.7745,-0.7601,41.541551760878306,56.93388147821903,1.0063568466999302,17.26909700159727,21.93857925805848,0.5031784233499651,27.258064516129032,21.2,35.0,8.193548387096774,3.4,14.0,-15.392329717340722,40.535194914178376,-55.9275246315191,-4.669482256461208,16.765918578247305,-21.435400834708513,6.058064516129033,-7.741935483870968,13.8,4.793548387096774,-5.806451612903226,10.6
139,ASN,28.0,1.597,0.274,0.905,2.149,-77.15235444374265,16.236799186295176,-37.43545283223381,12.553353494561735,-177.44395541014666,3.3694473119830954,3.407,1.118,27.0,3.6,0.894,5.0,-0.193,2.037,0.759,27.0,2.6,0.548,5.0,-0.563,0.259,0.447,27.0,0.2,0.447,5.0,0.059,1.111,0.801,27.0,0.8,1.095,5.0,0.311,0.0,0.0,27.0,0.0,0.0,5.0,0.0,0.0,0.0,27.0,0.0,0.0,5.0,0.0,,,,,,,,,,-123.06,-174.02,50.96,NO,t,t,24.67,0.42,24.25,,,,42.173366666666666,39.459,0.0,,,,,,12.415,none,17.902,none,11.395,none,,,,,,,12.547,none,17.019,none,,,17.681,17.589,14.59,16.909,3x22,TM3,T,7.781392319134549,1.1116274741620784,4.2202433333333325,9.2374,1.3196285714285716,4.6716999999999995,1.13,0.1614285714285714,0.8889,7.0,1.0421941176470588,0.7838,-1.0421941176470588,-1.4560076808654498,-1.4560076808654516,-0.2080010972664931,6.651392319134549,-8.107400000000002,84.39917191557107,71.57230314082152,57.96657324893647,76.58480627166685,57.595734416118965,57.463394825586505,33.935483870967744,29.6,44.0,7.838709677419355,12.2,14.0,12.826868774749556,26.432598666634604,-13.605729891885048,18.989071855547884,19.121411446080344,-0.1323395905324602,4.335483870967742,-10.064516129032256,14.4,-4.361290322580644,-6.161290322580645,1.8000000000000007
140,ILE,28.0,1.942,0.538,1.092,3.114,-67.46195682379913,7.298797815394297,-39.60879403178004,11.11625109722205,179.20281832366206,2.705305466353678,2.556,0.974,27.0,3.0,0.707,5.0,-0.444,2.556,0.974,27.0,3.0,0.707,5.0,-0.444,0.0,0.0,27.0,0.0,0.0,5.0,0.0,0.0,0.0,27.0,0.0,0.0,5.0,0.0,0.0,0.0,27.0,0.0,0.0,5.0,0.0,0.593,0.501,27.0,0.6,0.548,5.0,-0.007,,,,,,,,,,-95.87,-44.79,51.08,NO,g-,g-,169.16,138.57,30.59,,,,37.61773333333334,33.381,0.0,,,,,,13.415,none,19.023,none,12.8,none,,,,,,,13.304,none,18.227,none,,,18.506,18.51,15.794,18.389,3x23,TM3,I,1.3205823308270677,0.3301455827067669,0.4402894736842104,1.5158833333333332,0.3789708333333333,0.665,0.4456,0.1114,0.3292,4.0,0.5279,0.3789428571428571,-0.5279,-0.1953010025062657,-0.1953010025062656,-0.0488252506265664,0.8749823308270677,-1.0702833333333333,83.64042205850345,86.4022949346497,29.592493799876852,61.2468675559879,74.57104234046483,25.66209959084822,24.06451612903226,27.0,35.0,8.129032258064516,1.8,3.0,-2.7618728761462563,54.0479282586266,-56.809801134772854,-13.32417478447693,35.584767965139676,-48.90894274961661,-2.93548387096774,-10.93548387096774,8.0,6.329032258064516,5.129032258064516,1.2
141,LEU,28.0,1.427,0.242,0.755,1.933,-73.16333950212079,15.903572548623593,-33.42575686947812,8.212433623512645,176.52767967710412,4.110342348127097,3.143,0.97,28.0,2.4,1.14,5.0,0.743,3.143,0.97,28.0,2.4,1.14,5.0,0.743,0.0,0.0,28.0,0.0,0.0,5.0,0.0,0.0,0.0,28.0,0.0,0.0,5.0,0.0,0.0,0.0,28.0,0.0,0.0,5.0,0.0,3.214,0.995,28.0,3.4,0.894,5.0,-0.186,,,,,,,,,,-127.48,-112.39,15.09,YES,t,g-,110.2,121.41,11.21,,,,36.15456666666667,34.463,0.0,,,,,,8.928,second_shell,16.053,none,8.77,second_shell,,,,,,,8.284,second_shell,15.549,none,,,15.361,15.205,12.667,14.974,3x24,TM3,L,4.88219576032558,0.6974565371893685,2.2323033333333333,5.477539999999999,0.7825057142857142,1.5696599999999998,2.9602,0.4228857142857142,1.5461,7.0,0.7021033333333333,0.7021033333333333,-0.63828,-0.5953442396744208,-0.5953442396744197,-0.0850491770963457,1.9219957603255795,-2.5173399999999995,10.580783222300411,58.64846326478098,0.5031784233499651,7.753349327361105,55.24989985130061,0.5031784233499651,36.225806451612904,31.6,44.0,15.774193548387096,11.2,10.0,-48.06768004248057,10.077604798950446,-58.145284841431014,-47.496550523939504,7.25017090401114,-54.746721427950646,4.6258064516129025,-7.774193548387096,12.4,4.574193548387097,5.774193548387096,-1.1999999999999993
142,CYS,28.0,1.011,0.252,0.464,1.636,-64.05450870518854,8.949566822307993,-41.14892515815763,13.811584587310872,177.19374626915337,3.6054082453041283,4.714,1.117,28.0,4.8,0.837,5.0,-0.086,4.5,1.291,28.0,4.8,0.837,5.0,-0.3,0.0,0.0,28.0,0.0,0.0,5.0,0.0,0.214,0.499,28.0,0.0,0.0,5.0,0.214,0.0,0.0,28.0,0.0,0.0,5.0,0.0,0.0,0.0,28.0,0.0,0.0,5.0,0.0,,,,,,,,,,172.74,172.06,0.68,NO,t,t,,,,,,,38.50476666666667,37.274,0.0,4.0,3.958,A1CMV;MEA,,,6.165,second_shell,12.381,none,5.595,second_shell,,,,,,,5.823,second_shell,11.013,none,,,11.999,12.055,8.82,11.515,3x25,TM3,C,15.40083925965444,1.400076296332222,5.648336666666667,13.118691666666669,1.1926083333333333,5.90278,11.2986,1.0271454545454546,5.2749,11.0,0.7285230769230769,0.7285230769230769,-0.2544433333333327,2.282147592987774,2.2821475929877746,0.2074679629988887,4.102239259654441,-1.8200916666666664,53.33026604199432,46.61772267868581,52.76954124185798,37.71522517313947,45.18542241682687,48.30512864159665,20.612903225806452,37.0,34.0,3.3225806451612905,8.8,13.0,6.712543363308512,0.5607248001363416,6.151818563172171,-7.470197243687395,-10.58990346845718,3.1197062247697858,-16.387096774193548,-13.387096774193548,-3.0,-5.477419354838711,-9.67741935483871,4.199999999999999
143,LYS,28.0,1.148,0.281,0.529,1.841,-63.023934163540886,7.413118609814511,-41.282413408282835,10.89744773164757,-178.34100771497666,2.540944090944485,5.857,2.223,28.0,5.6,1.14,5.0,0.257,3.964,1.774,28.0,4.0,1.581,5.0,-0.036,1.714,1.182,28.0,1.6,0.894,5.0,0.114,0.179,0.39,28.0,0.0,0.0,5.0,0.179,0.0,0.0,28.0,0.0,0.0,5.0,0.0,0.0,0.0,28.0,0.0,0.0,5.0,0.0,0.0,,,1.0,,,0.0,,,-66.65,-84.93,18.28,NO,g-,g-,177.99,-166.15,15.86,,,,37.1487,34.976,0.0,,,,,,10.375,none,14.135,none,10.205,none,,,,,,,10.244,none,13.862,none,,,14.007,13.679,11.53,13.65,3x26,TM3,K,13.357454047136097,1.3357454047136097,4.493416666666667,12.859295,1.2859295,5.2188,6.8352,0.68352,5.168,10.0,1.1143103448275855,0.6870117647058824,-1.1143103448275855,0.498159047136097,0.4981590471360952,0.0498159047136095,6.522254047136094,-6.024094999999999,53.78710816944064,53.83945146074249,106.48788535300211,9.859336062131892,53.75016320873726,72.33140093772067,19.225806451612904,39.4,25.0,0.6774193548387096,7.4,5.0,-0.0523432913018453,-52.700777183561485,52.64843389225964,-43.89082714660537,-62.47206487558878,18.58123772898341,-20.174193548387095,-5.774193548387096,-14.4,-6.72258064516129,-4.32258064516129,-2.4000000000000004
144,ILE,28.0,1.555,0.241,0.709,2.087,-71.43839822868205,15.476148901235332,-37.99623573693238,10.857231211640848,-178.61483709664296,3.046136848494678,4.214,1.031,28.0,4.2,1.304,5.0,0.014,4.179,1.02,28.0,4.2,1.304,5.0,-0.021,0.036,0.189,28.0,0.0,0.0,5.0,0.036,0.0,0.0,28.0,0.0,0.0,5.0,0.0,0.0,0.0,28.0,0.0,0.0,5.0,0.0,2.286,1.013,28.0,1.8,0.837,5.0,0.486,,,,,,,,,,-74.65,-78.31,3.66,NO,g-,g-,167.09,-179.44,13.47,,,,32.80216666666667,30.739,0.0,1.0,4.15,A1D6C,,,10.121,none,14.282,none,9.5,none,,,,,,,9.451,none,13.938,none,,,13.793,13.267,11.715,13.552,3x27,TM3,I,3.7209572226019594,0.4651196528252449,1.094,2.0142583333333333,0.2517822916666666,0.930925,0.1164,0.01455,0.1164,8.0,1.094,1.094,-0.3588,1.7066988892686263,1.706698889268626,0.2133373611585782,3.6045572226019593,-1.8978583333333332,30.48134612948249,45.6498084540903,106.89295183778052,17.79520111288539,44.990748392059416,105.38341656773062,34.74193548387097,36.2,33.0,16.774193548387096,7.2,8.0,-15.168462324607807,-76.41160570829803,61.24314338369022,-27.195547279174026,-87.58821545484523,60.3926681756712,-1.4580645161290349,1.741935483870968,-3.200000000000003,9.574193548387097,8.774193548387096,0.7999999999999998
145,VAL,28.0,1.285,0.196,0.68,1.717,-69.75949080732782,7.670137463518688,-44.47592292143584,6.55762838225877,179.32730202753672,3.27702592988844,5.071,1.016,28.0,4.4,2.302,5.0,0.671,5.071,1.016,28.0,4.4,2.302,5.0,0.671,0.0,0.0,28.0,0.0,0.0,5.0,0.0,0.0,0.0,28.0,0.0,0.0,5.0,0.0,0.0,0.0,28.0,0.0,0.0,5.0,0.0,2.321,0.67,28.0,1.4,0.894,5.0,0.921,,,,,,,,,,164.89,152.66,12.23,NO,t,t,,,,,,,32.61896666666667,31.345,0.0,27.0,2.125,7V7;8QY;8RI;A1A7R;A1APU;A1AQ2;A1CMV;EID;Endomorphin-2;KZR;L0X;MEA;NG0;VF1;WH2;WH9,,,4.031,first_shell,9.726,none,3.478,first_shell,,,,,,,3.697,first_shell,8.521,none,,,8.381,8.185,6.35,8.011,3x28,TM3,V,6.459767424379916,0.7177519360422129,2.2617133333333332,4.9747699999999995,0.5527522222222222,2.02554,2.8125,0.3125,1.568,9.0,2.101413333333334,2.101413333333334,-0.7688000000000001,1.4849974243799156,1.4849974243799169,0.1649997138199906,3.647267424379917,-2.1622699999999995,93.7929855959742,27.93480206748121,31.641341044780752,69.54093227182445,26.48349517006805,29.32473585801139,21.516129032258064,37.2,37.0,4.741935483870968,8.8,7.0,65.85818352849299,62.15164455119345,3.706538977299541,43.05743710175639,40.21619641381305,2.841240687943344,-15.68387096774194,-15.483870967741936,-0.2000000000000028,-4.058064516129033,-2.258064516129032,-1.8000000000000007
146,ILE,28.0,0.932,0.119,0.599,1.096,-65.67009009376527,6.7426560313762804,-41.048538213916814,5.464877828262753,179.29722131016808,2.2906337915697073,4.0,0.981,28.0,3.8,1.095,5.0,0.2,4.0,0.981,28.0,3.8,1.095,5.0,0.2,0.0,0.0,28.0,0.0,0.0,5.0,0.0,0.0,0.0,28.0,0.0,0.0,5.0,0.0,0.0,0.0,28.0,0.0,0.0,5.0,0.0,2.714,0.46,28.0,2.6,0.548,5.0,0.114,,,,,,,,,,-68.02,-66.29,1.73,NO,g-,g-,-153.91,-103.64,50.27,,,,33.51253333333333,32.342,0.0,29.0,2.776,7V7;8QY;8RI;A1A7R;A1APU;A1AQ2;A1CMV;EID;EIG;Endomorphin-2;KZR;L0X;LIG;MEA;NG0;VF1;WH2;WH9,,,4.136,first_shell,7.051,second_shell,4.242,first_shell,,,,,,,3.691,first_shell,6.214,none,,,7.222,6.608,4.861,6.661,3x29,TM3,I,8.503885217706623,0.7086571014755519,1.5773320000000002,6.762608333333334,0.5635506944444445,1.5078333333333334,5.908099999999999,0.4923416666666666,2.8857,12.0,0.8454,0.8454,-0.3658687500000001,1.741276884373289,1.7412768843732884,0.1451064070311074,2.5957852177066236,-0.8545083333333352,20.331273233155265,43.95509933545742,79.44083034878213,8.682855386029674,42.46825893073706,74.92109430189109,33.12903225806452,36.2,30.0,3.0,7.6,14.0,-23.623826102302154,-59.10955711562686,35.48573101332471,-33.785403544707385,-66.23823891586142,32.45283537115403,-3.0709677419354833,3.1290322580645196,-6.200000000000003,-4.6,-11.0,6.4
147,SER,28.0,1.264,0.174,0.748,1.589,-64.31184390101707,3.7774240714832588,-43.035286075229536,3.2005403987466896,179.60750668582216,2.3065685758372525,5.857,1.008,28.0,5.6,1.14,5.0,0.257,4.964,0.793,28.0,5.0,1.732,5.0,-0.036,0.893,0.629,28.0,0.6,0.894,5.0,0.293,0.0,0.0,28.0,0.0,0.0,5.0,0.0,0.0,0.0,28.0,0.0,0.0,5.0,0.0,0.0,0.0,28.0,0.0,0.0,5.0,0.0,,,,,,,,,,-174.0,-163.17,10.83,NO,t,t,,,,,,,31.08496666666667,29.654,0.0,1.0,3.136,A1D6C,,,9.505,none,10.671,none,9.658,none,,,,,,,8.332,none,10.297,none,,,10.342,10.111,9.355,10.152,3x30,TM3,S,9.21239,0.921239,3.4985900000000005,6.708226666666667,0.6708226666666667,2.7700400000000003,9.5839,0.95839,5.2005,10.0,1.1083,1.094,-1.1083,2.5041633333333335,2.5041633333333344,0.2504163333333334,-0.3715099999999989,2.8756733333333333,56.08478255802682,7.117965118301259,115.54463620637895,51.5544671134234,7.117965118301259,90.04074722156554,34.774193548387096,41.6,21.0,12.096774193548388,11.8,6.0,48.96681743972557,-59.459853648352144,108.42667108807773,44.43650199512214,-38.48628010814214,82.92278210326428,-6.825806451612905,13.774193548387096,-20.6,0.2967741935483872,6.096774193548388,-5.800000000000001
148,ILE,28.0,1.87,0.232,1.265,2.247,-66.3498676619549,5.8080892547467355,-35.18571535840423,9.654488647268538,178.73558923214335,2.9504216730431967,4.571,1.136,28.0,5.0,0.707,5.0,-0.429,4.107,1.031,28.0,5.0,0.707,5.0,-0.893,0.464,0.508,28.0,0.0,0.0,5.0,0.464,0.0,0.0,28.0,0.0,0.0,5.0,0.0,0.0,0.0,28.0,0.0,0.0,5.0,0.0,1.143,0.756,28.0,1.4,0.548,5.0,-0.257,,,,,,,,,,-72.14,-89.19,17.05,NO,g-,g-,175.32,153.97,21.35,,,,27.312000000000005,25.947,0.0,6.0,3.383,A1D6C;CLR,,,8.844,none,9.996,none,8.622,none,,,,,,,7.151,second_shell,9.422,none,,,8.383,7.652,9.299,8.408,3x31,TM3,I,4.749558584059618,0.4317780530963289,1.4732793103448272,6.473245,0.5884768181818182,2.73966,7.5165,0.6833181818181818,4.901,11.0,1.8317806896551725,1.4732793103448272,-1.8317806896551725,-1.7236864159403813,-1.7236864159403824,-0.1566987650854893,-2.766941415940382,1.0432549999999994,10.542687695513354,31.51066963994733,17.497770490601113,9.448505430445524,30.593248139677875,7.547676350249477,40.61290322580645,37.4,40.0,12.35483870967742,8.4,17.0,-20.967981944433976,-6.955082795087758,-14.012899149346218,-21.144742709232354,1.900829080196047,-23.0455717894284,3.21290322580645,0.6129032258064484,2.6000000000000014,3.954838709677419,-4.64516129032258,8.6
149,ASP,28.0,1.815,0.245,1.317,2.205,-65.26120585359826,8.165535389350774,-49.02451585475136,10.140376686298676,178.93613681157154,4.744751532906804,7.321,1.467,28.0,6.2,1.304,5.0,1.121,5.0,0.981,28.0,4.2,1.304,5.0,0.8,0.0,0.0,28.0,0.0,0.0,5.0,0.0,2.321,0.945,28.0,2.0,1.225,5.0,0.321,0.0,0.0,28.0,0.0,0.0,5.0,0.0,0.0,0.0,28.0,0.0,0.0,5.0,0.0,,,,,,,,,,-169.82,-111.11,58.71,YES,t,g-,30.83,37.33,6.5,,,,27.2993,26.299,0.0,37.0,2.336,7V7;8QY;8RI;A1A7R;A1APU;A1APV;A1AQ2;A1BNM;A1CMV;BF0;EID;EIG;Endomorphin-2;KZR;L0X;LIG;MEA;MOI;NG0;VF1;WH2;WH9,,,3.235,first_shell,3.536,first_shell,3.286,first_shell,,,,,,,2.946,first_shell,3.211,first_shell,,,2.565,2.481,2.138,2.395,3x32,TM3,D,8.99784162643678,0.8179856024033437,3.9656633333333335,7.630611666666667,0.6936919696969697,4.57412,5.6850000000000005,0.5168181818181818,4.5323,11.0,1.689863793103448,1.689863793103448,-0.6084566666666662,1.3672299597701152,1.367229959770114,0.124293632706374,3.3128416264367804,-1.9456116666666663,25.24514927179492,7.161863639647422,68.88007342842569,14.540840315383669,7.061227954977428,52.14543244529583,32.32258064516129,37.0,21.0,8.709677419354838,6.6,9.0,18.0832856321475,-43.63492415663077,61.71820978877827,7.47961236040624,-37.60459212991216,45.084204490318406,-4.677419354838712,11.322580645161288,-16.0,2.1096774193548384,-0.2903225806451619,2.4000000000000004
150,TYR,28.0,1.293,0.18,0.905,1.576,-69.18100192305366,7.615355100455407,-35.287295114449215,12.948504711230292,179.77482064696528,4.726775131679678,3.143,1.484,28.0,4.4,1.342,5.0,-1.257,3.143,1.484,28.0,4.4,1.342,5.0,-1.257,0.0,0.0,28.0,0.0,0.0,5.0,0.0,0.0,0.0,28.0,0.0,0.0,5.0,0.0,0.0,0.0,28.0,0.0,0.0,5.0,0.0,0.0,0.0,28.0,0.0,0.0,5.0,0.0,0.0,0.0,0.0,0.0,0.0,0.0,1.0,1.0,0.0,-82.2,-81.46,0.74,NO,g-,g-,-8.2,84.78,92.98,,,,28.648266666666668,27.704,0.0,32.0,2.834,7V7;8QY;8RI;A1A7R;A1APU;A1APV;A1AQ2;A1BNM;A1CMV;BF0;EID;EIG;Endomorphin-2;KZR;L0X;LIG;MEA;MOI;NG0;VF1;WH2;WH9,,,3.729,first_shell,2.834,first_shell,3.492,first_shell,,,,,,,3.527,first_shell,2.924,first_shell,,,3.305,2.879,3.05,3.335,3x33,TM3,Y,7.975279209770115,0.5696628006978653,1.7446966666666666,7.867551666666667,0.5619679761904762,3.2550799999999995,3.5244999999999997,0.25175,2.0362,14.0,1.510383333333333,1.4131,-1.510383333333333,0.1077275431034486,0.1077275431034481,0.0076948245073891,4.450779209770115,-4.343051666666667,12.17307125199965,17.537548289583317,31.82430216493806,9.552552952298448,16.530838537308632,2.5158921167498254,37.483870967741936,40.6,30.0,13.774193548387096,12.4,13.0,-5.364477037583667,-19.65123091293841,14.286753875354744,-6.978285585010184,7.0366608355486235,-14.014946420558807,-3.1161290322580655,7.483870967741936,-10.6,1.3741935483870955,0.7741935483870961,0.5999999999999996
151,TYR,28.0,1.902,0.146,1.612,2.135,-66.37707041082379,11.874593919347808,-45.82575583701997,5.381895405411937,-176.43543146167147,3.9503575393787687,6.821,1.219,28.0,6.6,2.191,5.0,0.221,4.679,0.819,28.0,4.6,1.517,5.0,0.079,1.643,0.488,28.0,0.8,0.447,5.0,0.843,0.5,0.882,28.0,1.2,1.095,5.0,-0.7,0.0,0.0,28.0,0.0,0.0,5.0,0.0,0.0,0.0,28.0,0.0,0.0,5.0,0.0,0.6842,1.0,-0.3158,0.0,0.0,0.0,0.4737,0.0,0.4737,-172.28,-88.86,83.42,YES,t,g-,58.15,-43.35,101.5,,,,23.9737,22.041,0.0,15.0,3.162,A1D6C;CLR,,,10.383,none,9.445,none,10.13,none,,,,,,,8.494,none,9.509,none,,,9.081,9.086,9.852,9.025,3x34,TM3,Y,28.55907203296703,2.196851694843618,9.737936666666666,18.76699,1.4436146153846154,6.9248199999999995,5.5615000000000006,0.4278076923076923,2.4247,13.0,7.577016666666666,7.577016666666666,-1.8363033333333336,9.79208203296703,9.792082032967034,0.7532370794590024,22.997572032967035,-13.20549,8.712616064823356,23.558024194291768,28.079382350189626,7.599548267531016,22.954210086271807,13.646083649520422,33.516129032258064,46.6,23.0,11.580645161290322,12.4,12.0,-14.845408129468412,-19.366766285366268,4.521358155897854,-15.35466181874079,-6.046535381989407,-9.308126436751383,-13.083870967741936,10.516129032258064,-23.6,-0.8193548387096783,-0.4193548387096779,-0.4000000000000003
152,ASN,28.0,2.954,0.275,2.509,3.623,-74.09898206430597,8.163943086760131,-28.815524163344758,12.681160236484224,173.04703888570242,5.666345028441586,5.0,2.373,28.0,6.0,1.871,5.0,-1.0,3.786,1.595,28.0,3.8,1.095,5.0,-0.014,1.214,1.067,28.0,1.6,0.548,5.0,-0.386,0.0,0.0,28.0,0.6,0.548,5.0,-0.6,0.0,0.0,28.0,0.0,0.0,5.0,0.0,0.0,0.0,28.0,0.0,0.0,5.0,0.0,,,,,,,,,,-71.19,178.35,110.46,YES,g-,t,176.99,15.37,161.62,,,,22.401166666666665,21.339,0.0,8.0,3.436,A1APV;A1BNM;A1D6C;CLR;KZR;L0X,,,7.865,none,8.216,none,9.417,none,,,,,,,7.587,none,5.379,none,,,7.086,5.983,10.057,5.847,3x35,TM3,N,18.194631095489505,0.9576121629205004,6.426660000000001,8.433286666666667,0.4438571929824562,2.42232,5.5064,0.2898105263157894,3.4827,19.0,6.426660000000001,6.426660000000001,-1.19804,9.76134442882284,9.761344428822838,0.5137549699380441,12.688231095489506,-2.9268866666666673,50.3261493140228,10.523967823185336,46.3848877279552,47.36493035812471,8.061054477748097,27.751007378073147,34.74193548387097,37.4,22.0,12.96774193548387,10.2,10.0,39.80218149083746,3.941261586067597,35.860919904769865,39.30387588037661,19.61392298005156,19.68995290032505,-2.6580645161290306,12.741935483870968,-15.4,2.767741935483871,2.96774193548387,-0.1999999999999993
153,MET,28.0,2.58,0.329,2.052,3.442,-62.68157875849937,7.530561703550871,-47.792384111460215,5.282660815566376,-179.6236906943076,4.501020868927955,4.429,1.23,28.0,2.8,0.837,5.0,1.629,4.214,1.197,28.0,2.8,0.837,5.0,1.414,0.143,0.356,28.0,0.0,0.0,5.0,0.143,0.071,0.262,28.0,0.0,0.0,5.0,0.071,0.0,0.0,28.0,0.0,0.0,5.0,0.0,2.964,0.962,28.0,2.0,0.707,5.0,0.964,,,,,,,,,,178.86,-117.63,63.51,YES,t,g-,-162.69,173.81,23.5,,,,23.2019,21.671,0.0,27.0,3.151,7V7;8QY;8RI;A1A7R;A1APV;A1AQ2;A1BNM;A1CMV;BF0;EID;EIG;Endomorphin-2;KZR;L0X;LIG;MOI;NG0;VF1;WH2;WH9,,,3.564,first_shell,3.682,first_shell,3.536,first_shell,,,,,,,3.654,first_shell,3.598,first_shell,,,3.309,3.145,3.378,3.287,3x36,TM3,M,10.623898322196322,0.7082598881464215,1.9312666666666665,6.283565,0.4189043333333334,2.53682,7.1866,0.4791066666666667,3.0776,15.0,1.9312666666666665,1.9312666666666665,-0.8101348148148146,4.340333322196322,4.340333322196321,0.2893555548130881,3.437298322196322,0.903035,12.97378738202864,16.640195283184994,0.5031784233499651,1.875446362777687,15.500651663133675,0.0,39.064516129032256,43.0,34.0,13.612903225806452,13.2,12.0,-3.6664079011563544,12.470608958678676,-16.13701685983503,-13.625205300355988,1.875446362777687,-15.500651663133675,-3.935483870967744,5.064516129032256,-9.0,0.4129032258064526,1.612903225806452,-1.1999999999999993
154,PHE,28.0,1.562,0.241,1.14,2.05,-68.701898199674,6.0936879398564345,-39.58063355392109,6.2825492252135415,-179.96800209159682,2.926855743009034,4.286,1.301,28.0,4.8,1.304,5.0,-0.514,4.179,1.362,28.0,4.8,1.304,5.0,-0.621,0.107,0.315,28.0,0.0,0.0,5.0,0.107,0.0,0.0,28.0,0.0,0.0,5.0,0.0,0.0,0.0,28.0,0.0,0.0,5.0,0.0,4.536,0.744,28.0,3.6,1.14,5.0,0.936,0.6667,1.0,-0.3333,0.0,0.0,0.0,0.4444,0.0,0.4444,-87.06,-83.54,3.52,NO,g-,g-,-20.49,58.44,78.93,,,,22.982699999999998,21.768,0.0,5.0,3.559,A1CMV;CLR,,,7.431,second_shell,7.186,second_shell,7.122,second_shell,,,,,,,6.644,second_shell,6.622,second_shell,,,6.595,6.769,6.345,6.645,3x37,TM3,F,13.79687386703654,0.98549099050261,2.7764166666666665,14.294121666666667,1.0210086904761906,3.17864,6.0196000000000005,0.4299714285714286,2.8584,14.0,1.4022321428571427,1.309920909090909,-1.4022321428571427,-0.4972477996301274,-0.4972477996301272,-0.0355176999735805,7.77727386703654,-8.274521666666667,24.695384745254497,8.888208596301958,2.4683755278642803,11.659617118227152,8.314748556500984,1.0063568466999302,32.225806451612904,42.8,34.0,16.677419354838708,14.6,9.0,15.80717614895254,22.22700921739022,-6.419833068437677,3.344868561726168,10.653260271527222,-7.308391709801054,-10.574193548387091,-1.774193548387096,-8.799999999999997,2.0774193548387085,7.677419354838708,-5.6
155,THR,28.0,1.81,0.143,1.511,2.127,-66.38110434183571,5.318564946673361,-39.383290636737065,9.274793357671589,177.90445331954518,2.796515922844062,7.964,2.333,28.0,6.4,2.302,5.0,1.564,4.179,1.492,28.0,3.4,1.342,5.0,0.779,2.643,0.989,28.0,2.6,1.817,5.0,0.043,1.143,1.008,28.0,0.4,0.894,5.0,0.743,0.0,0.0,28.0,0.0,0.0,5.0,0.0,0.0,0.0,28.0,0.0,0.0,5.0,0.0,,,,,,,,,,-42.3,68.57,110.87,YES,g-,g+,,,,,,,19.317100000000003,17.85,0.0,,,,,,11.204,none,11.116,none,12.021,none,,,,,,,9.81,none,10.632,none,,,10.363,9.555,12.559,9.003,3x38,TM3,T,15.06148068679858,1.506148068679858,5.41067857142857,12.267233333333332,1.2267233333333332,3.77156,2.8094,0.28094,1.3901,10.0,2.349781428571428,1.7359985714285702,-2.349781428571428,2.7942473534652477,2.794247353465249,0.2794247353465249,12.25208068679858,-9.457833333333332,65.80535633058079,2.491706042107389,28.99428219875579,62.87628600169879,0.9950094140351636,26.66845643754815,28.258064516129032,42.2,27.0,6.419354838709677,17.8,5.0,63.31365028847341,36.811074131824995,26.50257615664841,61.88127658766362,36.20782956415064,25.67344702351299,-13.94193548387097,1.258064516129032,-15.200000000000005,-11.380645161290325,1.419354838709677,-12.8
156,SER,28.0,2.12,0.177,1.835,2.537,-65.95709871079228,6.030909489979344,-43.43747095659618,5.735969273988233,-179.47414517513306,2.775033740405967,5.536,1.644,28.0,5.2,2.049,5.0,0.336,4.357,1.224,28.0,3.6,1.949,5.0,0.757,0.464,0.881,28.0,1.0,0.0,5.0,-0.536,0.714,0.46,28.0,0.6,0.548,5.0,0.114,0.0,0.0,28.0,0.0,0.0,5.0,0.0,0.0,0.0,28.0,0.0,0.0,5.0,0.0,,,,,,,,,,168.69,-69.22,122.09,YES,t,g-,,,,,,,17.109100000000005,16.288,0.0,2.0,3.735,KZR;L0X,,,8.728,none,9.069,none,10.668,none,,,,,,,8.243,none,9.267,none,,,7.42,6.814,9.677,6.243,3x39,TM3,S,7.314037142857142,0.5626182417582417,2.6124535714285715,5.352053333333332,0.4116964102564102,1.6053799999999998,4.9985,0.3845,2.2884,13.0,2.2411935714285716,2.2411935714285716,-1.6053799999999998,1.9619838095238096,1.9619838095238096,0.1509218315018315,2.315537142857142,-0.3535533333333323,55.27792292533176,4.783631924187696,59.87289167113474,44.52957948079552,4.191165248832504,49.35331055849137,26.483870967741936,42.4,45.0,11.064516129032258,11.8,24.0,50.49429100114406,-4.59496874580298,55.08925974694704,40.338414231963014,-4.823731077695854,45.16214530965887,-15.916129032258064,-18.516129032258064,2.6000000000000014,-0.7354838709677427,-12.935483870967742,12.2
157,ILE,28.0,2.038,0.164,1.792,2.485,-67.34099540900154,4.8140435477293195,-40.95759078448005,6.533517511254544,-179.86401393421156,3.134910006207412,5.143,0.651,28.0,4.2,1.304,5.0,0.943,5.143,0.651,28.0,4.2,1.304,5.0,0.943,0.0,0.0,28.0,0.0,0.0,5.0,0.0,0.0,0.0,28.0,0.0,0.0,5.0,0.0,0.0,0.0,28.0,0.0,0.0,5.0,0.0,4.429,0.836,28.0,3.4,0.894,5.0,1.029,,,,,,,,,,-69.12,-167.08,97.96,YES,g-,t,179.93,78.01,101.92,,,,18.412,17.518,0.0,1.0,3.713,A1CMV,,,7.536,second_shell,7.606,second_shell,7.782,second_shell,,,,,,,7.766,second_shell,8.509,none,,,7.278,7.198,7.049,6.717,3x40,TM3,I,8.12677158173691,0.4780453871609947,2.2445620689655175,9.93739,0.5845523529411764,2.9138999999999995,8.2232,0.4837176470588235,2.5887,17.0,1.6810448275862069,1.6810448275862069,-1.624368148148148,-1.8106184182630896,-1.810618418263088,-0.1065069657801816,-0.0964284182630894,-1.7141899999999983,55.23728034385567,3.465511800125924,0.5031784233499651,52.52100798910136,3.3762235481206972,0.5031784233499651,35.354838709677416,42.0,52.0,12.548387096774194,16.0,24.0,51.77176854372975,54.73410192050571,-2.962333376775959,49.144784440980665,52.0178295657514,-2.8730451247707323,-6.645161290322584,-16.645161290322584,10.0,-3.451612903225806,-11.451612903225806,8.0
158,PHE,28.0,1.618,0.166,1.255,1.913,-70.22330489309114,5.07904463496145,-31.648776924994564,4.829413632469332,175.1066086840726,2.6504841887842048,5.357,1.062,28.0,5.4,1.14,5.0,-0.043,4.321,0.983,28.0,4.6,1.14,5.0,-0.279,1.036,0.508,28.0,0.8,0.447,5.0,0.236,0.0,0.0,28.0,0.0,0.0,5.0,0.0,0.0,0.0,28.0,0.0,0.0,5.0,0.0,2.25,0.928,28.0,2.4,0.548,5.0,-0.15,0.4286,1.0,-0.5714,0.0,0.0,0.0,0.7143,0.0,0.7143,-72.71,-71.86,0.85,NO,g-,g-,-12.48,-11.07,1.41,,,,17.6615,16.604,0.0,10.0,2.453,CLR;P6G;VV9,,,12.889,none,12.814,none,12.79,none,,,,,,,12.232,none,12.758,none,,,12.464,12.558,12.254,11.917,3x41,TM3,F,10.692683436592144,0.9720621305992858,2.7813033333333332,15.322468333333331,1.3929516666666666,5.9985599999999994,6.359,0.5780909090909091,5.9423,11.0,3.217256666666666,0.7210923076923077,-3.217256666666666,-4.629784896741189,-4.629784896741187,-0.4208895360673808,4.333683436592144,-8.963468333333331,53.65524268915434,24.798785740851535,1.8425022034283651,51.78967916881466,23.336131410773618,0.5031784233499651,35.903225806451616,41.0,42.0,11.806451612903226,14.4,21.0,28.856456948302807,51.812740485725975,-22.956283537423168,28.45354775804104,51.28650074546469,-22.832952987423653,-5.096774193548384,-6.096774193548384,1.0,-2.5935483870967744,-9.193548387096774,6.6
159,THR,28.0,1.644,0.112,1.458,1.944,-68.52478636821253,4.663317460579703,-36.86129234650075,5.521780037581272,173.62499932738191,2.7319094996678412,6.786,1.258,28.0,7.6,2.881,5.0,-0.814,5.357,0.678,28.0,4.4,1.817,5.0,0.957,0.857,0.356,28.0,1.6,0.548,5.0,-0.743,0.571,0.742,28.0,1.6,0.548,5.0,-1.029,0.0,0.0,28.0,0.0,0.0,5.0,0.0,0.0,0.0,28.0,0.0,0.0,5.0,0.0,,,,,,,,,,-67.03,-77.32,10.29,NO,g-,g-,,,,,,,12.719500000000002,11.817,0.0,,,,,,14.183,none,14.298,none,15.516,none,,,,,,,14.051,none,14.186,none,,,12.953,12.409,14.975,11.76,3x42,TM3,T,7.919293304093567,0.7919293304093566,2.5447233333333332,10.67235,1.067235,3.37816,5.6764,0.56764,2.2525,10.0,2.0052838095238092,1.4366633333333332,-2.0052838095238092,-2.753056695906433,-2.753056695906433,-0.2753056695906433,2.242893304093567,-4.99595,21.35968051332395,3.0402741961164197,102.70004091063016,16.573356852282323,3.0402741961164197,73.56788468228382,40.12903225806452,40.8,25.0,15.806451612903226,15.0,6.0,18.31940631720753,-81.3403603973062,99.65976671451374,13.533082656165904,-56.994527830001495,70.5276104861674,-0.6709677419354776,15.12903225806452,-15.799999999999995,0.806451612903226,9.806451612903226,-9.0
160,LEU,28.0,1.758,0.206,1.494,2.411,-63.38973944465271,4.0057924914259395,-41.18209586221382,4.838248028262289,177.03524951237804,3.1810395863770187,4.857,0.891,28.0,5.8,1.304,5.0,-0.943,4.714,0.763,28.0,4.8,1.304,5.0,-0.086,0.143,0.356,28.0,1.0,0.0,5.0,-0.857,0.0,0.0,28.0,0.0,0.0,5.0,0.0,0.0,0.0,28.0,0.0,0.0,5.0,0.0,2.679,0.723,28.0,5.2,1.304,5.0,-2.521,,,,,,,,,,-67.99,-69.24,1.25,NO,g-,g-,172.93,174.43,1.5,,,,12.083366666666667,11.191,0.0,,,,,,11.648,none,11.954,none,13.015,none,,,,,,,12.204,none,12.428,none,,,10.555,10.055,11.554,9.663,3x43,TM3,L,8.421294207850528,0.6477918621423483,2.499023333333333,6.98396,0.5372276923076923,2.8619999999999997,8.7887,0.6760538461538462,2.4322,13.0,2.499023333333333,2.499023333333333,-1.641726666666666,1.4373342078505278,1.4373342078505278,0.110564169834656,-0.3674057921494729,1.804740000000001,9.82220851746837,14.322818311820404,30.35522537227865,8.330463275882167,13.787088799789046,24.36460088096461,35.38709677419355,44.4,39.0,15.903225806451612,16.4,18.0,-4.500609794352034,-20.53301685481028,16.03240706045824,-5.4566255239068795,-16.034137605082442,10.577512081175565,-9.012903225806449,-3.612903225806448,-5.399999999999999,-0.4967741935483865,-2.096774193548388,1.6000000000000014
161,CYS,28.0,1.588,0.167,1.35,2.094,-63.52794308596664,2.2416619916183462,-42.03644943829089,4.542529235539453,179.94362252397377,2.065517950627736,5.214,1.031,28.0,5.2,1.095,5.0,0.014,5.071,0.9,28.0,5.2,1.095,5.0,-0.129,0.143,0.356,28.0,0.0,0.0,5.0,0.143,0.0,0.0,28.0,0.0,0.0,5.0,0.0,0.0,0.0,28.0,0.0,0.0,5.0,0.0,0.0,0.0,28.0,0.0,0.0,5.0,0.0,,,,,,,,,,-63.69,-168.73,105.04,YES,g-,t,,,,,,,14.651066666666667,13.826,0.0,4.0,3.323,P6G;VV9,,,14.931,none,14.901,none,15.1,none,,,,,,,14.527,none,14.895,none,,,14.68,14.419,14.701,13.852,3x44,TM3,C,4.4753201515151515,0.4972577946127946,2.02821,4.273780000000001,0.4748644444444446,1.6745000000000003,2.8007,0.3111888888888889,1.3761,9.0,1.0678181818181822,0.7869299999999999,-1.0678181818181822,0.2015401515151511,0.2015401515151502,0.02239335016835,1.6746201515151515,-1.4730800000000013,4.083237420905037,10.511132322800322,6.874286436928017,3.165154598491716,10.231920134119877,5.534962656849617,37.645161290322584,42.6,45.0,16.193548387096776,11.4,10.0,-6.427894901895285,-2.7910490160229804,-3.636845885872305,-7.066765535628159,-2.3698080583579006,-4.696957477270258,-4.954838709677418,-7.354838709677416,2.3999999999999986,4.793548387096775,6.193548387096776,-1.4000000000000004
162,THR,28.0,1.566,0.137,1.32,1.867,-67.7142280216286,6.212262161950556,-36.00272177893218,6.657832740826049,175.1555854026358,2.3093042236395895,7.0,1.247,28.0,5.8,2.049,5.0,1.2,5.357,0.678,28.0,4.2,1.789,5.0,1.157,0.821,0.39,28.0,1.6,0.894,5.0,-0.779,0.821,0.67,28.0,0.0,0.0,5.0,0.821,0.0,0.0,28.0,0.0,0.0,5.0,0.0,0.0,0.0,28.0,0.0,0.0,5.0,0.0,,,,,,,,,,-71.61,67.72,139.33,YES,g-,g+,,,,,,,11.511733333333332,10.599,0.0,5.0,2.572,CLR;P6G;VV9,,,18.265,none,18.171,none,19.041,none,,,,,,,17.823,none,18.784,none,,,17.223,16.775,18.407,16.11,3x45,TM3,T,6.496896666666666,0.9281280952380953,2.53675,4.391439999999999,0.6273485714285714,2.75864,4.303999999999999,0.6148571428571428,2.9066,7.0,2.30525,2.30525,-0.5546766666666669,2.105456666666666,2.105456666666667,0.3007795238095238,2.192896666666667,-0.0874399999999999,14.635667262798307,20.59434935745272,93.8197690245687,12.457369172477764,17.840593647331445,83.76365660413393,37.516129032258064,39.8,25.0,10.0,14.4,5.0,-5.958682094654412,-79.18410176177039,73.22541966711597,-5.383224474853682,-71.30628743165616,65.92306295680248,-2.283870967741933,12.516129032258064,-14.799999999999995,-4.4,5.0,-9.4
163,MET,28.0,1.587,0.119,1.365,1.871,-65.86738768353928,3.0326640851871587,-38.185092654220036,4.129727318849881,176.87930479253575,2.698039853153311,4.786,0.995,28.0,5.2,0.837,5.0,-0.414,4.786,0.995,28.0,5.2,0.837,5.0,-0.414,0.0,0.0,28.0,0.0,0.0,5.0,0.0,0.0,0.0,28.0,0.0,0.0,5.0,0.0,0.0,0.0,28.0,0.0,0.0,5.0,0.0,1.429,0.504,28.0,2.2,0.447,5.0,-0.771,,,,,,,,,,-87.5,-146.19,58.69,YES,g-,t,-172.94,165.92,21.14,,,,7.075733333333333,5.685,1.0,,,,,,18.045,none,18.458,none,20.031,none,,,,,,,17.677,none,18.112,none,,,16.277,15.384,17.946,15.069,3x46,TM3,M,7.906454781096393,0.7187686164633085,2.6295466666666667,8.524383333333333,0.7749439393939394,4.02466,5.631600000000001,0.5119636363636364,2.4688,11.0,2.6295466666666667,2.6295466666666667,-2.42226,-0.6179285522369404,-0.6179285522369398,-0.0561753229306308,2.2748547810963924,-2.892783333333332,24.248883524723414,12.71578894975411,91.04584743120404,21.363788567975597,12.180059437722749,84.6070171519901,40.45161290322581,42.4,36.0,11.806451612903226,11.8,17.0,11.533094574969308,-66.79696390648061,78.33005848144992,9.183729130252848,-63.24322858401451,72.42695771426736,-1.9483870967741908,4.451612903225808,-6.399999999999999,0.0064516129032252,-5.193548387096774,5.199999999999999
164,SER,28.0,1.588,0.108,1.368,1.874,-64.88533789024336,3.3509044761454825,-43.16875623645343,3.1651212474587136,177.93876476187444,2.0307942686880023,6.143,1.353,28.0,5.6,1.14,5.0,0.543,5.321,0.723,28.0,4.6,1.14,5.0,0.721,0.321,0.476,28.0,1.0,0.0,5.0,-0.679,0.5,0.839,28.0,0.0,0.0,5.0,0.5,0.0,0.0,28.0,0.0,0.0,5.0,0.0,0.0,0.0,28.0,0.0,0.0,5.0,0.0,,,,,,,,,,-174.22,-64.91,109.31,YES,t,g-,,,,,,,9.799366666666666,8.919,0.0,,,,,,19.373,none,19.86,none,20.158,none,,,,,,,19.509,none,19.43,none,,,17.727,17.213,18.733,16.869,3x47,TM3,S,12.223579710144929,1.2223579710144927,5.980833333333333,6.725879999999999,0.672588,2.54058,7.5717,0.75717,3.892,10.0,4.077293333333333,4.077293333333333,-0.7625,5.4976997101449285,5.497699710144928,0.5497699710144928,4.651879710144927,0.8458200000000007,16.194083518801257,10.90120503304064,0.0,3.928918673898427,10.253492403674525,0.0,31.29032258064516,39.6,47.0,2.870967741935484,13.0,22.0,5.292878485760616,16.194083518801257,-10.90120503304064,-6.324573729776096,3.928918673898427,-10.253492403674525,-8.309677419354841,-15.70967741935484,7.399999999999999,-10.129032258064516,-19.129032258064516,9.0
165,VAL,28.0,1.611,0.146,1.374,1.956,-66.53229690056278,3.600781090822012,-35.709291710160784,5.419556697936653,177.01351389224493,2.012411938101438,4.893,0.956,28.0,4.6,1.342,5.0,0.293,4.893,0.956,28.0,4.6,1.342,5.0,0.293,0.0,0.0,28.0,0.0,0.0,5.0,0.0,0.0,0.0,28.0,0.0,0.0,5.0,0.0,0.0,0.0,28.0,0.0,0.0,5.0,0.0,1.964,0.508,28.0,1.0,1.0,5.0,0.964,,,,,,,,,,172.42,166.65,5.77,NO,t,t,,,,,,,10.905,10.106,0.0,10.0,2.886,CLR;P6G;VV9,,,21.202,none,18.622,none,20.886,none,,,,,,,17.994,none,21.734,none,,,21.053,20.687,21.343,20.127,3x48,TM3,V,2.866514482758621,0.4095020689655173,0.9486655172413794,2.12192,0.3031314285714285,1.3957199999999998,0.1094,0.0156285714285714,0.1094,7.0,0.4948599999999999,0.4948599999999999,-0.4470544827586205,0.744594482758621,0.7445944827586213,0.1063706403940887,2.757114482758621,-2.01252,35.65666027276613,33.65850009178544,20.60049117109049,17.975002736689046,33.557864407115446,4.025427386799721,32.935483870967744,39.4,25.0,10.096774193548388,8.2,3.0,1.9981601809806904,15.056169101675644,-13.058008920694952,-15.5828616704264,13.949575349889326,-29.53243702031573,-6.464516129032255,7.935483870967744,-14.4,1.8967741935483888,7.096774193548388,-5.199999999999999
166,ASP,28.0,1.51,0.109,1.365,1.778,-63.12659957968341,3.6162606706893103,-44.65760964168764,3.2240776406647265,178.59471707220263,1.5841603801175146,7.679,1.219,28.0,6.6,0.894,5.0,1.079,5.464,0.744,28.0,5.0,1.0,5.0,0.464,0.179,0.39,28.0,0.0,0.0,5.0,0.179,2.036,0.922,28.0,1.6,1.14,5.0,0.436,1.0,0.0,28.0,1.4,0.548,5.0,-0.4,0.0,0.0,28.0,0.0,0.0,5.0,0.0,,,,,,,,,,-177.66,171.22,11.12,NO,t,t,38.41,69.73,31.32,,,,5.053666666666666,3.406,1.0,2.0,3.075,VV9,,,23.504,none,23.916,none,24.939,none,,,,,,,23.72,none,23.938,none,,,22.418,21.79,23.744,21.399,3x49,TM3,D,14.03897388888889,1.7548717361111112,7.909350000000001,12.546880000000002,1.5683600000000002,7.722240000000001,12.237,1.529625,10.7822,8.0,2.750255555555556,2.750255555555556,-0.6614000000000001,1.4920938888888893,1.4920938888888884,0.186511736111111,1.80197388888889,-0.3098800000000015,36.89579629848192,7.810634985737801,96.03536153554964,35.66853650641368,6.3296096690192325,94.6393005921474,33.806451612903224,42.8,28.0,4.516129032258065,14.8,4.0,29.08516131274412,-59.13956523706772,88.22472654981183,29.33892683739445,-58.97076408573373,88.30969092312817,-8.993548387096773,5.806451612903224,-14.799999999999995,-10.283870967741937,0.516129032258065,-10.8
167,ARG,28.0,1.503,0.138,1.19,1.748,-67.77324305161542,3.5319440373579365,-35.39752375714464,6.694134726536394,176.69194750674598,1.8924764504134617,5.786,1.449,28.0,5.2,1.643,5.0,0.586,4.929,1.331,28.0,4.4,1.517,5.0,0.529,0.0,0.0,28.0,0.2,0.447,5.0,-0.2,0.857,0.356,28.0,0.6,0.548,5.0,0.257,0.179,0.39,28.0,0.4,0.548,5.0,-0.221,0.0,0.0,28.0,0.0,0.0,5.0,0.0,0.0,,,2.0,,,0.0,,,-71.37,-99.71,28.34,NO,g-,g-,169.53,-16.53,173.94,,,,3.8996,3.301,1.0,,,,,,21.044,none,22.326,none,23.286,none,,,,,,,22.526,none,21.268,none,,,20.344,19.592,21.244,18.752,3x50,TM3,R,9.471646854256852,0.5919779283910533,3.48343,18.069975,1.1293734375,3.58142,17.2317,1.07698125,5.0454,16.0,3.58142,2.9764299999999997,-3.58142,-8.598328145743146,-8.598328145743146,-0.5373955091089466,-7.760053145743147,-0.8382749999999994,39.403302558583455,25.18962604689689,119.13690079810172,36.53869450179932,23.838954834153725,77.48947719589462,31.387096774193548,42.4,16.0,10.870967741935484,16.2,6.0,14.213676511686565,-79.73359823951827,93.94727475120484,12.699739667645597,-40.9507826940953,53.6505223617409,-11.01290322580645,15.387096774193548,-26.4,-5.329032258064515,4.870967741935484,-10.2
168,TYR,28.0,1.397,0.147,1.136,1.772,-64.39034170279966,5.244085414079423,-43.33208519858338,2.9232841927211055,178.02362668465128,1.6253468484653206,6.071,1.152,28.0,5.8,1.095,5.0,0.271,5.143,0.848,28.0,5.4,1.342,5.0,-0.257,0.0,0.0,28.0,0.2,0.447,5.0,-0.2,0.929,1.016,28.0,0.2,0.447,5.0,0.729,0.0,0.0,28.0,0.0,0.0,5.0,0.0,0.0,0.0,28.0,0.0,0.0,5.0,0.0,0.625,0.6667,-0.0417,0.0,0.3333,-0.3333,0.375,0.0,0.375,166.41,170.74,4.33,NO,t,t,76.12,70.9,5.22,,,,9.2458,8.579,0.0,6.0,3.276,CLR,,,21.322,none,19.11,none,20.19,none,,,,,,,18.184,none,25.924,none,,,25.05,24.544,25.29,24.207,3x51,TM3,Y,14.11305441890166,2.0161506312716657,4.398856666666666,19.56018,2.794311428571429,4.4393,10.7301,1.5328714285714289,2.8544,7.0,4.4393,2.240076666666666,-4.4393,-5.447125581098341,-5.447125581098339,-0.7781607972997628,3.38295441890166,-8.830079999999999,13.945881276076063,30.06621036732145,144.46277667118727,11.023667895417589,29.2611248899615,111.90516918503604,33.41935483870968,47.6,17.0,12.64516129032258,18.2,2.0,-16.12032909124538,-130.5168953951112,114.39656630386582,-18.237456994543912,-100.88150128961846,82.64404429507454,-14.180645161290322,16.41935483870968,-30.6,-5.554838709677419,10.64516129032258,-16.2
169,ILE,28.0,1.399,0.146,1.157,1.714,-66.72293855921114,4.072072373417168,-36.636678304050776,8.061959362635342,-179.84887934253211,2.159627695319953,4.464,0.744,28.0,3.2,1.924,5.0,1.264,4.464,0.744,28.0,3.2,1.924,5.0,1.264,0.0,0.0,28.0,0.0,0.0,5.0,0.0,0.0,0.0,28.0,0.0,0.0,5.0,0.0,0.0,0.0,28.0,0.0,0.0,5.0,0.0,2.429,0.634,28.0,1.8,1.304,5.0,0.629,,,,,,,,,,-70.64,-76.2,5.56,NO,g-,g-,-176.96,162.14,20.9,,,,7.622866666666666,6.785,1.0,10.0,3.677,CLR;P6G;VV9,,,21.954,none,18.919,none,21.444,none,,,,,,,18.302,none,27.799,none,,,26.363,25.906,27.191,25.396,3x52,TM3,I,6.719902011494253,0.746655779054917,2.256256666666667,8.687066666666666,0.9652296296296295,2.5736800000000004,6.0311,0.6701222222222223,2.3819,9.0,1.3111916666666663,0.9004116666666668,-1.3111916666666663,-1.9671646551724136,-1.9671646551724136,-0.2185738505747126,0.6888020114942526,-2.655966666666666,8.72078200998589,29.417533269010676,22.78341635446185,7.651330666312209,29.417533269010676,4.025427386799721,36.064516129032256,42.4,44.0,14.419354838709678,14.6,23.0,-20.696751259024783,-14.062634344475956,-6.63411691454883,-21.766202602698467,3.625903279512488,-25.392105882210956,-6.335483870967742,-7.935483870967744,1.6000000000000014,-0.1806451612903217,-8.580645161290322,8.4
170,ALA,28.0,1.642,0.203,1.077,1.972,-65.97015484039814,8.14609516733861,-36.47284334618675,9.515756091710417,-176.57972749525433,2.820468161564125,2.536,0.508,28.0,2.6,0.548,5.0,-0.064,2.536,0.508,28.0,2.6,0.548,5.0,-0.064,0.0,0.0,28.0,0.0,0.0,5.0,0.0,0.0,0.0,28.0,0.0,0.0,5.0,0.0,0.0,0.0,28.0,0.0,0.0,5.0,0.0,0.0,0.0,28.0,0.4,0.548,5.0,-0.4,,,,,,,,,,,,,,,,,,,,,,4.099233333333334,3.557,1.0,,,,,,28.946,none,26.474,none,28.838,none,,,,,,,25.781,none,29.491,none,,,27.644,26.961,28.793,26.633,3x53,TM3,A,3.5999633333333336,0.5999938888888889,2.449313333333334,5.67372,0.94562,3.42864,4.4844,0.7474,1.785,6.0,0.9793266666666662,0.13075,-0.9793266666666662,-2.0737566666666667,-2.0737566666666667,-0.3456261111111111,-0.8844366666666663,-1.1893200000000004,17.10588737847817,28.271498071339487,80.30180475944942,14.39739553262642,22.433719393005457,74.47040665579483,36.58064516129032,37.4,31.0,14.32258064516129,11.8,5.0,-11.165610692861318,-63.19591738097125,52.03030668810994,-8.036323860379037,-60.07301112316841,52.03668726278937,-0.8193548387096783,5.58064516129032,-6.399999999999999,2.5225806451612893,9.32258064516129,-6.800000000000001
171,VAL,28.0,1.635,0.168,1.25,1.891,-89.5463785063731,8.559355984772019,-50.67954846300616,8.07080243256289,-171.06308993887316,3.1471306078215484,2.679,0.772,28.0,2.4,0.548,5.0,0.279,2.679,0.772,28.0,2.4,0.548,5.0,0.279,0.0,0.0,28.0,0.0,0.0,5.0,0.0,0.0,0.0,28.0,0.0,0.0,5.0,0.0,0.0,0.0,28.0,0.0,0.0,5.0,0.0,2.0,0.0,28.0,3.0,0.707,5.0,-1.0,,,,,,,,,,171.31,168.49,2.82,NO,t,t,,,,,,,3.8722000000000003,3.46,1.0,,,,,,29.378,none,26.915,none,28.805,none,,,,,,,26.218,none,29.794,none,,,28.467,27.739,29.037,27.407,3x54,TM3,V,5.387792116294794,0.5387792116294794,2.5734899999999996,5.092735,0.5092735,1.130875,3.462,0.3462,1.3885,10.0,1.4426149999999998,1.4426149999999998,-0.4665,0.2950571162947935,0.2950571162947941,0.0295057116294793,1.9257921162947944,-1.630735,7.7853687437115875,23.24626091692992,5.803736380339735,5.9156535917899005,16.806159339888836,0.0,50.67741935483871,31.6,35.0,16.64516129032258,12.6,17.0,-15.460892173218332,1.981632363371853,-17.442524536590184,-10.890505748098937,5.9156535917899005,-16.806159339888836,19.07741935483871,15.677419354838712,3.3999999999999986,4.04516129032258,-0.3548387096774199,4.4
172,CYS,28.0,1.7,0.144,1.428,2.172,-84.21537854153804,8.422518949236853,-23.680617055978473,8.664545800835338,-179.9101320345246,3.1333684914914914,1.143,0.448,28.0,1.4,0.548,5.0,-0.257,1.0,0.0,28.0,1.2,0.447,5.0,-0.2,0.143,0.448,28.0,0.2,0.447,5.0,-0.057,0.0,0.0,28.0,0.0,0.0,5.0,0.0,0.0,0.0,28.0,0.0,0.0,5.0,0.0,0.0,0.0,28.0,0.0,0.0,5.0,0.0,,,,,,,,,,-78.9,-60.32,18.58,NO,g-,g-,,,,,,,7.591333333333334,7.076,1.0,,,,,,25.082,none,22.791,none,24.562,none,,,,,,,21.873,none,30.754,none,,,29.84,29.367,29.787,29.084,3x55,TM3,C,7.575882644272562,0.9469853305340704,2.9171866666666664,7.240665000000002,0.9050831250000002,2.7133000000000003,9.6324,1.20405,3.4309,8.0,0.4900542857142858,0.4900542857142858,-0.2818729411764705,0.335217644272562,0.3352176442725607,0.04190220553407,-2.056517355727438,2.391734999999999,35.19376433005691,21.488598470309302,61.31611839224287,33.73536168959797,6.787096768815388,54.774798888693326,34.54838709677419,32.8,30.0,11.67741935483871,14.4,8.0,13.705165859747606,-26.122354062185963,39.82751992193357,26.948264920782584,-21.039437199095353,47.98770211987794,1.748387096774195,4.548387096774192,-2.799999999999997,-2.7225806451612904,3.67741935483871,-6.4
173,HIS,28.0,1.954,0.211,1.521,2.539,-128.45784974951331,9.985359482523876,74.65116627399388,13.661709492039073,-173.4530227637695,3.3227861303871924,4.179,1.389,28.0,3.2,0.837,5.0,0.979,3.25,0.701,28.0,3.2,0.837,5.0,0.05,0.0,0.0,28.0,0.0,0.0,5.0,0.0,0.929,1.016,28.0,0.0,0.0,5.0,0.929,0.0,0.0,28.0,0.0,0.0,5.0,0.0,0.0,0.0,28.0,0.0,0.0,5.0,0.0,0.5556,0.5,0.0556,0.5556,1.0,-0.4444,0.3333,0.25,0.0833,-60.98,-58.2,2.78,NO,g-,g-,-80.5,-71.34,9.16,,,,8.073300000000001,7.621,1.0,6.0,3.367,CLR,,,21.096,none,18.912,none,20.92,none,,,,,,,17.769,none,31.234,none,,,30.859,30.685,31.451,30.286,3x56,TM3,H,4.9289890740740745,0.8214981790123458,3.1318133333333336,6.6628066666666665,1.1104677777777778,2.8777,6.3651,1.06085,2.8544,6.0,1.3111916666666663,0.2541133333333336,-1.3111916666666663,-1.7338175925925925,-1.733817592592592,-0.288969598765432,-1.4361109259259257,-0.2977066666666665,21.003658005730408,41.80387072756569,68.2038927336303,19.46273586043152,37.50370478002423,64.55859805791495,38.806451612903224,32.8,39.0,13.935483870967742,11.8,10.0,-20.80021272183528,-47.20023472789989,26.40002200606461,-18.04096891959271,-45.09586219748343,27.05489327789072,6.006451612903227,-0.1935483870967758,6.200000000000003,2.1354838709677413,3.935483870967742,-1.8000000000000007
174,PRO,28.0,2.06,0.209,1.415,2.415,-68.2942505979854,4.521185819792312,-37.44354062975348,17.93668781963753,-178.9842300031091,2.3731892010120292,2.08,0.909,25.0,2.0,1.0,5.0,0.08,2.08,0.909,25.0,2.0,1.0,5.0,0.08,0.0,0.0,25.0,0.0,0.0,5.0,0.0,0.0,0.0,25.0,0.0,0.0,5.0,0.0,0.0,0.0,25.0,0.0,0.0,5.0,0.0,0.0,0.0,25.0,0.0,0.0,5.0,0.0,,,,,,,,,,-5.25,17.11,22.36,YES,g-,g+,17.9,-22.99,40.89,,,,3.5631666666666666,3.154,1.0,,,,,,27.707,none,25.3,none,27.486,none,,,,,,,24.206,none,35.876,none,,,34.364,33.674,34.964,33.323,34x50,ICL2,P,1.1891466666666666,0.2378293333333333,0.6348566666666666,0.67986,0.135972,0.39062,3.3262,0.66524,1.7151,5.0,0.3135666666666666,0.3135666666666666,-0.05475,0.5092866666666666,0.5092866666666666,0.1018573333333333,-2.1370533333333332,2.64634,106.42457128234828,51.834473415653314,54.83863081542651,88.6712660099438,37.65586258421309,53.927307146497675,26.451612903225808,28.6,39.0,8.064516129032258,7.4,16.0,54.59009786669497,51.58594046692177,3.0041573997731987,51.01540342573072,34.74395886344613,16.271444562284586,-2.1483870967741936,-12.548387096774192,10.4,0.6645161290322577,-7.935483870967742,8.6
175,VAL,28.0,2.41,0.239,1.702,2.82,-66.68219680859575,5.2056499572101345,-41.373650009997704,7.676354489232934,175.7831283645568,2.539765095431296,2.115,0.952,26.0,1.0,0.0,4.0,1.115,2.115,0.952,26.0,1.0,0.0,4.0,1.115,0.0,0.0,26.0,0.0,0.0,4.0,0.0,0.0,0.0,26.0,0.0,0.0,4.0,0.0,0.0,0.0,26.0,0.0,0.0,4.0,0.0,0.0,0.0,26.0,0.0,0.0,4.0,0.0,,,,,,,,,,-176.53,123.9,59.57,YES,t,g+,,,,,,,3.5903999999999994,3.258,1.0,,,,,,27.391,none,24.571,none,26.047,none,,,,,,,23.842,none,38.9,none,,,37.198,36.825,38.441,36.492,34x51,ICL2,V,0.65795,0.328975,0.5608000000000001,0.1519,0.07595,0.1519,0.0,0.0,0.0,2.0,0.5608000000000001,0.5608000000000001,-0.05475,0.5060500000000001,0.50605,0.253025,0.65795,-0.1519,74.85202030689999,81.67941617639467,0.0,52.66677805713075,67.46072804747261,0.0,27.258064516129032,25.6,50.0,9.064516129032258,3.6,23.0,-6.82739586949468,74.85202030689999,-81.67941617639467,-14.793949990341858,52.66677805713075,-67.46072804747261,1.6580645161290306,-22.741935483870968,24.4,5.464516129032258,-13.935483870967742,19.4
176,LYS,28.0,2.321,0.221,1.638,2.77,-74.91508360236544,7.948092931839436,-23.777992080438615,8.637644567324854,176.43768186050372,3.3078374363759573,3.607,0.916,28.0,3.0,1.225,5.0,0.607,3.607,0.916,28.0,2.8,0.837,5.0,0.807,0.0,0.0,28.0,0.2,0.447,5.0,-0.2,0.0,0.0,28.0,0.0,0.0,5.0,0.0,0.036,0.189,28.0,0.0,0.0,5.0,0.036,0.0,0.0,28.0,0.0,0.0,5.0,0.0,0.0,0.0,0.0,1.0,1.0,0.0,0.0,0.0,0.0,-66.92,-85.86,18.94,NO,g-,g-,-158.35,170.93,30.72,,,,5.7857,2.954,1.0,8.0,3.104,CLR;P6G,,,19.516,none,17.733,none,19.042,none,,,,,,,15.981,none,34.507,none,,,32.827,33.172,34.544,32.441,34x52,ICL2,K,3.273176198257081,0.4675965997510115,1.2319882352941178,2.357166666666666,0.3367380952380952,1.2036,2.122,0.3031428571428571,1.7151,7.0,1.0354083333333333,0.7061882352941179,-1.0354083333333333,0.9160095315904144,0.9160095315904142,0.1308585045129163,1.151176198257081,-0.2351666666666667,22.69026728776875,63.420958243011704,0.0,8.04593547865128,51.23647020684494,0.0,28.741935483870968,26.8,42.0,2.2580645161290325,3.0,22.0,-40.73069095524295,22.69026728776875,-63.420958243011704,-43.19053472819366,8.04593547865128,-51.23647020684494,1.9419354838709673,-13.258064516129032,15.2,-0.7419354838709675,-19.741935483870968,19.0
177,ALA,28.0,2.113,0.281,1.486,2.707,-66.85330251521584,5.2039618654867175,-26.254267581205657,8.968867414691244,175.40940839251064,4.261600970443094,4.429,1.069,28.0,4.0,1.0,5.0,0.429,4.429,1.069,28.0,4.0,1.0,5.0,0.429,0.0,0.0,28.0,0.0,0.0,5.0,0.0,0.0,0.0,28.0,0.0,0.0,5.0,0.0,0.0,0.0,28.0,0.0,0.0,5.0,0.0,0.893,0.315,28.0,0.6,0.548,5.0,0.293,,,,,,,,,,,,,,,,,,,,,,4.188466666666667,3.401,1.0,,,,,,27.503,none,24.652,none,27.231,none,,,,,,,23.759,none,32.264,none,,,30.613,29.981,32.038,29.739,34x53,ICL2,A,4.0589757142857135,1.0147439285714284,2.256256666666667,4.30438,1.076095,2.5736800000000004,3.5801,0.895025,2.3819,4.0,0.3174233333333336,0.1691057142857142,-0.3174233333333336,-0.2454042857142862,-0.2454042857142866,-0.0613510714285716,0.4788757142857136,-0.7242800000000003,95.90709993496492,51.63132965709178,0.0,92.59922852491688,36.32948216586748,0.0,28.258064516129032,29.6,45.0,3.5806451612903225,3.6,17.0,44.27577027787315,95.90709993496492,-51.63132965709178,56.269746359049385,92.59922852491688,-36.32948216586748,-1.3419354838709694,-16.741935483870968,15.4,-0.0193548387096775,-13.419354838709678,13.4
178,LEU,28.0,2.568,0.319,1.966,3.591,-63.96143336216581,4.811404383839292,-33.595837621778486,15.410063127244735,178.98250590571342,3.538110482040102,2.214,0.738,28.0,2.0,0.0,3.0,0.214,2.214,0.738,28.0,2.0,0.0,3.0,0.214,0.0,0.0,28.0,0.0,0.0,3.0,0.0,0.0,0.0,28.0,0.0,0.0,3.0,0.0,0.0,0.0,28.0,0.0,0.0,3.0,0.0,0.0,0.0,28.0,0.0,0.0,3.0,0.0,,,,,,,,,,-70.64,133.57,155.79,YES,g-,g+,177.64,74.62,103.02,,,,3.8118999999999996,3.229,1.0,,,,,,29.545,none,26.568,none,28.619,none,,,,,,,25.909,none,37.333,none,,,35.103,34.089,36.529,33.966,34x54,ICL2,L,0.3876777777777777,0.3876777777777777,0.3876777777777777,1.3378,1.3378,1.3378,0.0,0.0,0.0,1.0,0.9501222222222224,-0.9501222222222224,-0.9501222222222224,-0.9501222222222224,-0.9501222222222224,-0.9501222222222224,0.3876777777777777,-1.3378,77.30418150080948,74.29462721644362,27.482259834521813,51.04090488183917,49.61339254230656,27.482259834521813,29.516129032258064,23.2,39.0,13.451612903225806,3.0,17.0,3.009554284365862,49.821921666287665,-46.8123673819218,1.427512339532612,23.558645047317356,-22.131132707784744,6.316129032258065,-9.483870967741936,15.8,10.451612903225806,-3.548387096774194,14.0
179,ASP,28.0,2.636,0.315,2.001,3.251,-87.98040513797923,17.199268468037538,-31.464056444455675,16.456604826262087,-174.52230021700643,5.258106545569295,1.786,0.738,28.0,1.8,0.447,5.0,-0.014,1.607,0.629,28.0,1.6,0.548,5.0,0.007,0.179,0.39,28.0,0.2,0.447,5.0,-0.021,0.0,0.0,28.0,0.0,0.0,5.0,0.0,0.036,0.189,28.0,0.0,0.0,5.0,0.036,0.0,0.0,28.0,0.0,0.0,5.0,0.0,,,,,,,,,,-62.62,-132.25,69.63,NO,g-,g-,-11.47,138.52,149.99,,,,3.3074333333333334,2.581,1.0,2.0,3.75,P6G,,,24.664,none,21.956,none,23.461,none,,,,,,,21.221,none,35.628,none,,,34.349,33.924,36.093,33.371,34x55,ICL2,D,2.7352071078431375,0.6838017769607844,1.1980529411764709,2.388833333333334,0.5972083333333333,1.3378,0.7493,0.187325,0.4069,4.0,0.9501222222222224,0.7705196078431373,-0.9501222222222224,0.3463737745098038,0.3463737745098041,0.086593443627451,1.9859071078431376,-1.6395333333333335,79.30342502454715,61.87306936264922,0.0,47.90660376345666,39.73410990036683,0.0,24.451612903225808,26.4,33.0,8.612903225806452,4.0,15.0,17.430355661897934,79.30342502454715,-61.87306936264922,8.172493863089827,47.90660376345666,-39.73410990036683,-1.9483870967741908,-8.548387096774192,6.600000000000001,4.612903225806452,-6.387096774193548,11.0
180,PHE,28.0,2.007,0.251,1.562,2.516,-89.75005809982086,16.36608856828968,-33.591864849100986,25.0379037727044,-173.124682593556,5.954781175989169,3.107,0.994,28.0,2.0,0.707,5.0,1.107,2.286,0.713,28.0,1.4,0.548,5.0,0.886,0.821,0.67,28.0,0.6,0.548,5.0,0.221,0.0,0.0,28.0,0.0,0.0,5.0,0.0,0.0,0.0,28.0,0.0,0.0,5.0,0.0,1.0,0.981,28.0,0.6,0.548,5.0,0.4,0.0,,,0.5,,,0.5,,,-105.76,-2.19,103.57,YES,g-,g+,12.2,61.7,49.5,,,,8.333266666666667,5.821,1.0,3.0,3.457,P6G;VV9,,,22.523,none,19.527,none,22.134,none,,,,,,,18.974,none,27.464,none,,,25.096,25.181,27.133,24.558,34x56,ICL2,F,13.217203954248369,1.4685782171387074,3.683346666666667,5.4224266666666665,0.6024918518518518,3.1920599999999997,8.1614,0.9068222222222224,6.5164,9.0,2.750255555555556,2.750255555555556,0.22462,7.7947772875817005,7.7947772875817005,0.8660863652868556,5.055803954248367,2.738973333333334,37.001417656912594,97.58729259845973,68.98257836072459,31.93846831758084,80.50854773599441,60.94663568025418,31.06451612903226,21.4,24.0,9.580645161290322,3.2,10.0,-60.58587494154712,-31.98116070381199,-28.604714237735124,-48.57007941841357,-29.008167362673344,-19.56191205574023,9.66451612903226,7.06451612903226,2.6000000000000014,6.380645161290322,-0.4193548387096779,6.8
181,ARG,28.0,1.686,0.339,1.152,2.362,-90.35095285231444,15.357762371108118,62.61059289211175,28.238808175389348,174.1339491593952,3.169438730472918,3.5,1.453,28.0,2.4,1.517,5.0,1.1,1.036,0.331,28.0,0.8,0.837,5.0,0.236,0.179,0.39,28.0,0.0,0.0,5.0,0.179,2.286,1.182,28.0,1.6,1.14,5.0,0.686,1.0,0.0,28.0,1.0,0.0,5.0,0.0,0.0,0.0,28.0,0.0,0.0,5.0,0.0,,,,,,,,,,-62.8,-61.26,1.54,NO,g-,g-,-177.97,-168.97,9.0,,,,3.3569333333333335,2.204,1.0,,,,,,26.639,none,26.404,none,28.227,none,,,,,,,25.101,none,28.304,none,,,25.522,25.216,27.534,24.587,34x57,ICL2,R,13.991283197945847,1.3991283197945847,7.909350000000001,17.539875000000002,1.7539875000000005,7.722240000000001,14.2577,1.42577,10.7822,10.0,1.842375294117647,0.4459444444444445,-1.842375294117647,-3.548591802054155,-3.5485918020541547,-0.3548591802054155,-0.2664168020541524,-3.2821750000000023,65.23208255682167,65.99800983834407,61.14590690227138,44.95617550271233,51.883292718292545,47.80195021824669,23.29032258064516,28.0,18.0,7.258064516129032,8.8,6.0,-0.7659272815224085,4.0861756545502885,-4.852102936072697,-6.927117215580218,-2.845774715534361,-4.0813425000458565,-4.70967741935484,5.29032258064516,-10.0,-1.541935483870969,1.258064516129032,-2.8000000000000007
182,THR,28.0,1.884,0.254,1.435,2.451,-104.95303519873083,30.123339623145252,151.2905495256913,5.0319990616071415,178.2991951499431,3.4109209340523097,5.393,1.1,28.0,3.2,1.643,5.0,2.193,3.786,0.568,28.0,2.8,0.837,5.0,0.986,1.0,0.471,28.0,0.2,0.447,5.0,0.8,0.607,0.497,28.0,0.2,0.447,5.0,0.407,0.0,0.0,28.0,0.0,0.0,5.0,0.0,0.0,0.0,28.0,0.0,0.0,5.0,0.0,,,,,,,,,,67.27,-178.93,113.8,YES,g+,t,,,,,,,5.267666666666666,3.562,1.0,,,,,,28.236,none,25.399,none,27.624,none,,,,,,,25.231,none,31.896,none,,,29.354,28.801,31.426,28.174,4x38,TM4,T,4.415847261904761,0.8831694523809522,2.4206399999999997,5.90088,1.180176,2.7906199999999997,2.8946,0.57892,2.2743,5.0,0.9339035714285712,0.6892375000000002,-0.9339035714285712,-1.4850327380952375,-1.4850327380952386,-0.2970065476190476,1.5212472619047612,-3.00628,21.782486862425237,88.2167469044717,172.10609548908312,17.59233614533645,78.7980678222405,135.5790961570967,42.83870967741935,25.0,14.0,15.580645161290322,6.8,1.0,-66.43426004204647,-150.3236086266579,83.88934858461141,-61.20573167690405,-117.98676001176024,56.7810283348562,17.838709677419352,28.838709677419352,-11.0,8.780645161290323,14.580645161290322,-5.8
183,PRO,28.0,2.413,0.238,1.785,2.882,-60.46331266896878,3.3358905965294143,-30.1704774892612,8.560181766582753,176.81005098526248,3.409523755202789,2.231,0.765,26.0,2.75,1.258,4.0,-0.519,2.192,0.694,26.0,2.75,1.258,4.0,-0.558,0.038,0.196,26.0,0.0,0.0,4.0,0.038,0.0,0.0,26.0,0.0,0.0,4.0,0.0,0.0,0.0,26.0,0.0,0.0,4.0,0.0,0.885,0.516,26.0,0.75,0.5,4.0,0.135,,,,,,,,,,-19.19,9.85,29.04,YES,g-,g+,25.84,-18.12,43.96,,,,7.296500000000001,5.364,1.0,,,,,,30.371,none,29.78,none,31.085,none,,,,,,,29.542,none,30.337,none,,,27.661,26.762,30.098,26.141,4x39,TM4,P,5.367285459770114,0.7667550656814449,1.281775,4.11667,0.5880957142857143,1.87636,3.162,0.4517142857142857,1.2583,7.0,0.968875,0.968875,-0.8977866666666667,1.250615459770115,1.2506154597701142,0.1786593513957306,2.2052854597701144,-0.95467,88.59515586082568,57.71536207557746,57.29029307037369,65.00874065457606,49.19595341846082,48.763570785559494,18.387096774193548,30.2,23.0,4.0,8.2,2.0,30.879793785248225,31.304862790451992,-0.4250690052037669,15.81278723611524,16.245169869016564,-0.4323826329013229,-11.812903225806451,-4.612903225806452,-7.199999999999999,-4.199999999999999,2.0,-6.199999999999999
184,ARG,28.0,2.219,0.23,1.663,2.713,-65.70192444891453,5.429023782753615,-42.62592763446252,4.208088704431391,178.31638952586593,2.229218264892621,3.643,0.78,28.0,3.0,1.414,5.0,0.643,3.643,0.78,28.0,3.0,1.414,5.0,0.643,0.0,0.0,28.0,0.0,0.0,5.0,0.0,0.0,0.0,28.0,0.0,0.0,5.0,0.0,0.0,0.0,28.0,0.0,0.0,5.0,0.0,0.0,0.0,28.0,0.0,0.0,5.0,0.0,,,,,,,,,,-178.21,66.03,115.76,YES,t,g+,-168.89,164.1,27.01,,,,5.242400000000001,3.08,1.0,,,,,,26.525,none,24.021,none,26.021,none,,,,,,,22.658,none,31.242,none,,,29.293,28.595,31.7,27.929,4x40,TM4,R,1.9778354285714288,0.4944588571428572,1.213864,1.7389,0.434725,1.1961,0.0,0.0,0.0,4.0,1.213864,1.213864,-0.9339035714285712,0.2389354285714289,0.2389354285714287,0.0597338571428571,1.9778354285714288,-1.7389,50.55612470604674,71.93938462882532,104.5883161190213,18.082865604587777,66.5327916365916,95.53679601741268,21.29032258064516,31.0,18.0,0.8709677419354839,5.4,2.0,-21.383259922778585,-54.03219141297456,32.64893149019598,-48.449926032003816,-77.4539304128249,29.004004380821087,-9.70967741935484,3.29032258064516,-13.0,-4.529032258064516,-1.129032258064516,-3.4000000000000004
185,ASN,28.0,1.76,0.189,1.401,2.126,-66.98429819742765,3.4031494971966296,-35.465835330693224,3.5202778866881355,176.6472976952252,2.3532096426184523,6.143,1.38,28.0,5.4,0.894,5.0,0.743,3.893,0.875,28.0,4.2,1.304,5.0,-0.307,1.643,0.621,28.0,1.0,0.707,5.0,0.643,0.607,0.497,28.0,0.2,0.447,5.0,0.407,0.0,0.0,28.0,0.0,0.0,5.0,0.0,0.0,0.0,28.0,0.0,0.0,5.0,0.0,,,,,,,,,,-104.89,-82.87,22.02,NO,g-,g-,-28.5,-2.83,25.67,,,,7.876400000000001,5.057,1.0,2.0,4.121,P6G,,,23.48,none,20.695,none,23.45,none,,,,,,,20.592,none,27.975,none,,,27.186,26.659,29.08,25.843,4x41,TM4,N,10.14152054347826,1.267690067934783,3.683346666666667,8.530579999999999,1.0663224999999998,3.1920599999999997,9.1331,1.1416375,6.5164,8.0,0.9989250000000004,0.9989250000000004,-0.36998,1.6109405434782618,1.6109405434782629,0.2013675679347828,1.0084205434782607,0.6025200000000019,21.047691818244072,60.65959987866874,35.175323856791664,5.744504184398761,58.3768244087908,0.0,35.41935483870968,31.0,18.0,15.451612903225806,5.8,0.0,-39.61190806042467,-14.127632038547592,-25.48427602187708,-52.63232022439203,5.744504184398761,-58.3768244087908,4.41935483870968,17.41935483870968,-13.0,9.651612903225807,15.451612903225806,-5.8
186,ALA,28.0,1.882,0.154,1.591,2.232,-64.1077978581278,3.3989063594585094,-39.83110934136182,5.198273180782797,176.70927914639952,1.654175373698658,5.214,1.166,28.0,3.4,1.949,5.0,1.814,4.857,1.177,28.0,3.4,1.949,5.0,1.457,0.357,0.488,28.0,0.0,0.0,5.0,0.357,0.0,0.0,28.0,0.0,0.0,5.0,0.0,0.0,0.0,28.0,0.0,0.0,5.0,0.0,1.714,0.46,28.0,1.2,0.447,5.0,0.514,,,,,,,,,,,,,,,,,,,,,,10.037733333333334,8.056,1.0,,,,,,25.167,none,25.325,none,26.297,none,,,,,,,25.273,none,25.461,none,,,23.269,22.602,25.523,21.956,4x42,TM4,A,6.444700424242425,1.6111751060606063,3.9601933333333337,6.64076,1.66019,3.75762,8.257200000000001,2.0643,6.8348,4.0,1.4108719999999997,0.8399300000000001,-1.4108719999999997,-0.1960595757575749,-0.1960595757575749,-0.0490148939393937,-1.8124995757575757,1.6164400000000008,98.14318762214825,26.835040435202306,87.59447279801925,70.01664574365748,20.63031535734857,59.37505395529588,20.451612903225808,37.4,20.0,4.709677419354839,6.4,6.0,71.30814718694594,10.548714824128991,60.75943236281695,49.386330386308906,10.641591788361596,38.74473859794731,-16.94838709677419,0.4516129032258078,-17.4,-1.6903225806451614,-1.290322580645161,-0.4000000000000003
187,LYS,28.0,2.032,0.207,1.599,2.476,-65.10557995324463,3.3397297043397436,-40.47058901882733,3.848024045275057,179.41749980071432,1.9187457117586264,4.929,1.152,28.0,4.8,1.304,5.0,0.129,4.893,1.133,28.0,4.8,1.304,5.0,0.093,0.036,0.189,28.0,0.0,0.0,5.0,0.036,0.0,0.0,28.0,0.0,0.0,5.0,0.0,0.0,0.0,28.0,0.0,0.0,5.0,0.0,0.0,0.0,28.0,0.0,0.0,5.0,0.0,,0.0,,,1.0,,,0.0,,-75.38,-68.85,6.53,NO,g-,g-,174.04,176.57,2.53,,,,9.50446666666667,5.688,0.0,16.0,2.976,CLR;MPG,,,26.101,none,26.149,none,26.789,none,,,,,,,22.974,none,24.766,none,,,23.797,23.155,26.575,22.533,4x43,TM4,K,2.2732204022988505,0.2841525502873563,1.1636620689655173,2.26836,0.283545,1.43386,3.1435,0.3929375,1.3391,8.0,0.5151,0.483275,-0.5151,0.0048604022988503,0.0048604022988505,0.0006075502873563,-0.8702795977011495,0.87514,27.846270094791343,69.25780805711784,55.29288940517233,16.161448789438033,64.57779423622593,51.82737760504641,29.903225806451612,34.8,29.0,1.3225806451612905,4.0,5.0,-41.4115379623265,-27.44661931038099,-13.96491865194551,-48.41634544678789,-35.665928815608375,-12.75041663117952,-4.896774193548385,0.903225806451612,-5.799999999999997,-2.67741935483871,-3.67741935483871,1.0
188,ILE,28.0,1.661,0.195,1.293,2.072,-65.7496756468641,4.786943431844169,-41.607981001349714,7.252602184347158,179.42633846563305,3.1750028045535887,5.357,0.731,28.0,4.6,1.14,5.0,0.757,5.357,0.731,28.0,4.6,1.14,5.0,0.757,0.0,0.0,28.0,0.0,0.0,5.0,0.0,0.0,0.0,28.0,0.0,0.0,5.0,0.0,0.0,0.0,28.0,0.0,0.0,5.0,0.0,0.0,0.0,28.0,0.2,0.447,5.0,-0.2,,,,,,,,,,-61.85,-79.42,17.57,NO,g-,g-,171.14,171.95,0.81,,,,9.966566666666667,7.756,1.0,,,,,,23.213,none,20.994,none,23.297,none,,,,,,,20.884,none,26.531,none,,,25.148,24.506,27.296,23.779,4x44,TM4,I,2.0013462742474917,0.4002692548494983,1.213864,0.53105,0.10621,0.2313999999999999,0.0,0.0,0.0,5.0,1.213864,1.213864,-0.08625,1.4702962742474917,1.4702962742474917,0.2940592548494983,2.0013462742474917,-0.53105,54.15303345000622,62.764469050969,83.85687813014144,49.38753770374374,61.186496279355765,52.97866659283194,29.70967741935484,33.8,27.0,7.290322580645161,4.6,15.0,-8.611435600962778,-29.70384468013522,21.09240907917244,-11.798958575612026,-3.5911288890882034,-8.207829686523823,-4.090322580645157,2.70967741935484,-6.799999999999997,2.6903225806451614,-7.709677419354839,10.4
189,VAL,28.0,1.532,0.202,1.162,2.043,-66.4600368200017,3.3167505579939376,-37.76458824107102,5.6412946377445445,177.0266997273476,2.5739716421162013,5.107,1.257,28.0,4.6,0.894,5.0,0.507,4.643,1.193,28.0,4.6,0.894,5.0,0.043,0.464,0.508,28.0,0.0,0.0,5.0,0.464,0.0,0.0,28.0,0.0,0.0,5.0,0.0,0.0,0.0,28.0,0.0,0.0,5.0,0.0,0.321,0.476,28.0,0.0,0.0,5.0,0.321,,,,,,,,,,-110.67,-142.88,32.21,YES,g-,t,-165.95,-116.47,49.48,,,,13.082166666666668,11.799,0.0,4.0,3.197,P6G;VV9,,,22.0,none,19.956,none,22.615,none,,,,,,,19.716,none,21.708,none,,,20.418,19.924,21.972,18.997,4x45,TM4,I,6.464176286549708,0.8080220358187135,2.1671250000000004,4.06244,0.507805,1.55236,3.7748,0.47185,2.3397,8.0,1.085811111111111,1.085811111111111,-0.2661900000000001,2.401736286549708,2.401736286549708,0.3002170358187135,2.6893762865497077,-0.2876399999999997,9.691560319883914,72.98866505595124,11.794360871653767,7.35454001685398,69.38011025912208,8.31962849708956,38.0,35.4,34.0,10.806451612903226,7.2,10.0,-63.29710473606733,-2.102800551769855,-61.19430418429748,-62.025570242268095,-0.9650884802355808,-61.06048176203251,2.6000000000000014,4.0,-1.3999999999999986,3.606451612903226,0.806451612903226,2.8
190,ASN,28.0,1.527,0.227,1.11,2.045,-64.92483037469184,4.5237201114548835,-42.281239016119805,6.089576376695549,177.25640630624804,2.4156222556935667,6.857,1.239,28.0,6.8,1.095,5.0,0.057,5.429,0.836,28.0,5.4,1.342,5.0,0.029,0.464,0.508,28.0,1.0,0.0,5.0,-0.536,0.964,0.793,28.0,0.4,0.548,5.0,0.564,0.0,0.0,28.0,0.0,0.0,5.0,0.0,0.0,0.0,28.0,0.0,0.0,5.0,0.0,,,,,,,,,,-98.66,-87.68,10.98,NO,g-,g-,-3.59,-1.61,1.98,,,,13.570933333333334,11.728,0.0,8.0,3.337,CLR;MPG,,,19.181,none,19.5,none,20.389,none,,,,,,,17.936,none,19.005,none,,,17.562,17.034,20.03,16.262,4x46,TM4,N,17.105792139498433,1.4254826782915362,7.096006666666668,13.38465,1.1153875,7.19614,10.0869,0.840575,8.8619,12.0,2.2455272727272724,2.2455272727272724,-0.4525717241379312,3.721142139498433,3.7211421394984328,0.3100951782915362,7.018892139498433,-3.2977500000000006,47.22862053765056,49.1182241330257,98.48927002924415,39.73285816148749,47.034875917600075,91.69903166777516,32.774193548387096,39.2,25.0,11.129032258064516,8.4,8.0,-1.8896035953751424,-51.2606494915936,49.371045896218455,-7.302017756112583,-51.96617350628767,44.66415575017509,-6.425806451612907,7.774193548387096,-14.200000000000005,2.7290322580645157,3.129032258064516,-0.4000000000000003
191,VAL,28.0,1.428,0.198,1.046,1.88,-63.77370657262511,3.1333197532783665,-40.4592395534157,4.924320203014804,176.82884514354524,2.1527591472005287,5.214,0.787,28.0,5.2,0.837,5.0,0.014,5.214,0.787,28.0,5.2,0.837,5.0,0.014,0.0,0.0,28.0,0.0,0.0,5.0,0.0,0.0,0.0,28.0,0.0,0.0,5.0,0.0,0.0,0.0,28.0,0.0,0.0,5.0,0.0,0.821,0.39,28.0,1.0,0.0,5.0,-0.179,,,,,,,,,,173.43,153.55,19.88,NO,t,t,,,,,,,15.313266666666667,12.674,0.0,16.0,3.442,CLR;MPG,,,22.425,none,22.584,none,22.942,none,,,,,,,21.216,none,22.637,none,,,21.136,20.407,23.462,19.884,4x47,TM4,V,1.4311961538461535,0.3577990384615384,0.6627,0.8776750000000001,0.21941875,0.791425,0.11,0.0275,0.11,4.0,0.6627,0.6627,-0.2362288461538462,0.5535211538461536,0.5535211538461536,0.1383802884615384,1.3211961538461536,-0.7676750000000001,20.283938552618537,73.56907953468972,11.735859180456172,18.577636382824277,70.14307221498514,0.0,34.29032258064516,33.6,41.0,6.67741935483871,4.6,27.0,-53.285140982071184,8.548079372162364,-61.833220354233546,-51.56543583216086,18.577636382824277,-70.14307221498514,0.6903225806451587,-6.70967741935484,7.399999999999999,2.0774193548387103,-20.32258064516129,22.4
192,CYS,28.0,1.28,0.241,0.863,1.905,-63.55023861160638,2.918879600406798,-36.92411906750332,6.506324224713195,176.88724220811423,1.9200820645486842,4.964,0.693,28.0,5.2,1.789,5.0,-0.236,4.964,0.693,28.0,5.2,1.789,5.0,-0.236,0.0,0.0,28.0,0.0,0.0,5.0,0.0,0.0,0.0,28.0,0.0,0.0,5.0,0.0,0.0,0.0,28.0,0.0,0.0,5.0,0.0,0.0,0.0,28.0,0.0,0.0,5.0,0.0,,,,,,,,,,-122.52,-105.94,16.58,NO,g-,g-,,,,,,,17.124833333333335,14.607,0.0,3.0,3.942,CLR;VV9,,,21.25,none,19.287,none,21.23,none,,,,,,,19.033,none,21.36,none,,,20.817,20.229,22.105,19.386,4x48,TM4,C,0.9141992307692308,0.1828398461538461,0.4244799999999999,0.2313999999999999,0.0462799999999999,0.2313999999999999,0.3872,0.07744,0.3872,5.0,0.4244799999999999,0.4244799999999999,0.0136692307692307,0.6827992307692308,0.6827992307692309,0.1365598461538461,0.5269992307692308,0.1558,19.903618190489105,50.276082191049895,74.87211163643386,11.13662639281987,46.600934007545035,63.65434297245668,32.516129032258064,37.8,25.0,13.516129032258064,7.6,5.0,-30.37246400056079,-54.96849344594475,24.59602944538396,-35.464307614725165,-52.51771657963681,17.053408964911647,-5.283870967741933,7.516129032258064,-12.799999999999995,5.916129032258064,8.516129032258064,-2.5999999999999996
193,ASN,28.0,1.311,0.236,0.919,1.869,-64.48680172084845,5.559626121667897,-43.581086869019245,6.790479546795426,178.25680195546198,3.8572382855401743,8.357,1.193,28.0,8.2,2.049,5.0,0.157,5.607,0.737,28.0,5.6,0.548,5.0,0.007,1.679,0.476,28.0,1.0,1.0,5.0,0.679,1.071,0.663,28.0,1.6,0.894,5.0,-0.529,0.0,0.0,28.0,0.0,0.0,5.0,0.0,0.0,0.0,28.0,0.0,0.0,5.0,0.0,,,,,,,,,,-90.76,-176.15,85.39,YES,g-,t,-17.9,-4.18,13.72,,,,15.658866666666663,14.478,0.0,4.0,2.722,P6G;VV9,,,16.627,none,16.946,none,17.465,none,,,,,,,16.076,none,14.734,none,,,15.656,15.109,17.499,14.252,4x49,TM4,N,12.60540588972431,1.0504504908103591,2.7813033333333332,15.975521666666664,1.331293472222222,5.9985599999999994,7.1973,0.5997750000000001,5.9423,12.0,3.217256666666666,2.30525,-3.217256666666666,-3.3701157769423555,-3.370115776942354,-0.2808429814118629,5.408105889724309,-8.778221666666663,23.68411772435927,42.85406221656115,36.6845083156619,20.557891850319137,37.634127999038,33.209775941097696,35.12903225806452,40.0,35.0,9.451612903225806,8.2,23.0,-19.169944492201875,-13.00039059130263,-6.1695539008992455,-17.076236148718863,-12.65188409077856,-4.424352057940304,-4.87096774193548,0.1290322580645195,-5.0,1.2516129032258068,-13.548387096774194,14.8
194,TRP,28.0,1.34,0.207,1.07,1.805,-65.452154441031,3.5823807634390903,-36.57940339659866,5.45143342836219,177.83945005437502,1.9584958291409684,6.071,1.359,28.0,6.4,1.14,5.0,-0.329,4.107,1.031,28.0,4.6,1.14,5.0,-0.493,1.25,0.645,28.0,1.0,0.0,5.0,0.25,0.714,0.763,28.0,0.8,0.447,5.0,-0.086,0.0,0.0,28.0,0.0,0.0,5.0,0.0,1.857,0.803,28.0,1.6,0.548,5.0,0.257,0.619,0.5,0.119,0.0,0.0,0.0,0.5714,0.5,0.0714,-78.77,-95.9,17.13,NO,g-,g-,96.92,94.91,2.01,,,,18.51176666666667,17.365,0.0,16.0,2.911,A1D6C;CLR;MPG,,,13.687,none,13.976,none,14.562,none,,,,,,,13.02,none,13.75,none,,,12.351,11.632,14.915,11.161,4x50,TM4,W,29.903572080327077,2.4919643400272564,9.737936666666666,12.849053333333334,1.0707544444444446,3.67468,7.8188,0.6515666666666666,3.5406,12.0,7.577016666666666,7.577016666666666,-0.2316566666666666,17.05451874699375,17.054518746993743,1.421209895582812,22.08477208032708,-5.030253333333334,52.47813217439592,62.89517815491426,88.92247637256924,32.49495382556598,59.45016419965547,52.76422671428567,29.870967741935484,37.0,26.0,11.225806451612904,9.8,15.0,-10.417045980518338,-36.44434419817331,26.027298217654973,-26.95521037408949,-20.26927288871969,-6.685937485369799,-7.129032258064516,3.870967741935484,-11.0,1.4258064516129032,-3.774193548387096,5.199999999999999
195,ILE,28.0,1.291,0.234,0.765,1.836,-67.43913769286613,4.862805160445024,-42.66705524555507,4.882640650752511,179.19156187199425,2.670109889507191,5.429,1.069,28.0,5.4,1.342,5.0,0.029,5.286,0.976,28.0,5.2,1.304,5.0,0.086,0.143,0.356,28.0,0.2,0.447,5.0,-0.057,0.0,0.0,28.0,0.0,0.0,5.0,0.0,0.0,0.0,28.0,0.0,0.0,5.0,0.0,0.821,0.39,28.0,0.8,0.447,5.0,0.021,,,,,,,,,,-67.0,-60.81,6.19,NO,g-,g-,-162.84,-170.13,7.29,,,,19.922466666666665,16.963,0.0,4.0,3.792,CLR,,,19.984,none,19.434,none,19.774,none,,,,,,,18.46,none,19.404,none,,,18.713,18.683,20.015,18.214,4x51,TM4,I,1.6052128205128204,0.2675354700854701,0.5551961538461538,1.005925,0.1676541666666666,0.791425,0.11,0.0183333333333333,0.11,6.0,0.3605,0.3605,-0.2362288461538462,0.5992878205128206,0.5992878205128205,0.0998813034188034,1.4952128205128203,-0.895925,29.467170432937397,67.80567701523186,145.05378355315608,18.526729238512488,61.23039480070192,116.28967537615333,29.70967741935484,38.0,16.0,9.03225806451613,7.4,0.0,-38.33850658229447,-115.58661312021869,77.24810653792422,-42.703665562189435,-97.76294613764082,55.05928057545139,-8.29032258064516,13.70967741935484,-22.0,1.6322580645161295,9.03225806451613,-7.4
196,LEU,28.0,1.316,0.269,0.744,1.835,-66.33619122837315,5.654264621109026,-34.513874454544954,5.963108084050145,174.67397336192664,2.971464530256437,3.607,0.832,28.0,3.2,1.304,5.0,0.407,3.607,0.832,28.0,3.2,1.304,5.0,0.407,0.0,0.0,28.0,0.0,0.0,5.0,0.0,0.0,0.0,28.0,0.0,0.0,5.0,0.0,0.0,0.0,28.0,0.0,0.0,5.0,0.0,0.857,0.803,28.0,1.0,0.0,5.0,-0.143,,,,,,,,,,-131.1,-151.8,20.7,NO,t,t,129.71,102.18,27.53,,,,21.599966666666663,20.153,0.0,9.0,3.694,CLR;P6G;VV9,,,17.25,none,16.502,none,16.672,none,,,,,,,14.82,none,16.221,none,,,15.741,16.015,15.989,15.63,4x52,TM4,L,2.804649,0.4006641428571428,0.9823439999999998,1.4275999999999998,0.2039428571428571,1.1896999999999998,0.0,0.0,0.0,7.0,0.5904,0.5904,-0.2379,1.377049,1.3770490000000002,0.1967212857142857,2.804649,-1.4275999999999998,81.1575232518267,93.74869049078124,16.101709547198883,46.853691216075816,86.04521208886473,16.101709547198883,22.774193548387096,34.8,38.0,4.741935483870968,8.6,11.0,-12.591167238954526,65.05581370462782,-77.64698094358235,-39.191520872788914,30.751981668876933,-69.94350254166585,-12.0258064516129,-15.225806451612904,3.200000000000003,-3.858064516129032,-6.258064516129032,2.4000000000000004
197,SER,28.0,1.39,0.215,0.962,1.791,-69.06623847403368,4.7083536414336296,-30.11298664300574,8.00219007806225,177.07105801996727,3.20416340906471,8.679,1.307,28.0,6.8,1.483,5.0,1.879,5.607,0.567,28.0,5.4,0.548,5.0,0.207,1.821,0.548,28.0,0.8,0.837,5.0,1.021,1.25,1.005,28.0,0.6,0.548,5.0,0.65,0.0,0.0,28.0,0.0,0.0,5.0,0.0,0.0,0.0,28.0,0.0,0.0,5.0,0.0,,,,,,,,,,-54.72,-100.19,45.47,NO,g-,g-,,,,,,,21.874466666666667,20.075,0.0,,,,,,12.483,none,12.242,none,12.639,none,,,,,,,11.313,none,11.346,none,,,11.631,11.482,13.199,10.745,4x53,TM4,S,15.210576,1.901322,6.133243333333332,10.99659,1.37457375,3.17864,1.743,0.217875,0.9991,8.0,3.2232433333333317,3.2232433333333317,-0.9063433333333332,4.213985999999999,4.2139859999999985,0.5267482499999998,13.467576,-9.25359,79.84383757024689,44.56578724820343,111.67262326082955,60.07281671601012,41.46190208403713,111.67262326082955,26.096774193548388,38.6,28.0,6.806451612903226,8.0,4.0,35.27805032204346,-31.828785690582677,67.10683601262613,18.61091463197299,-51.59980654481945,70.21072117679245,-12.503225806451614,-1.903225806451612,-10.6,-1.193548387096774,2.806451612903226,-4.0
198,SER,28.0,1.319,0.221,0.852,1.742,-66.01848335146232,5.670287996683775,-28.3188948957748,7.420633383627248,178.4921159264261,2.8650476503634703,6.321,1.492,28.0,7.6,1.517,5.0,-1.279,5.321,0.548,28.0,5.2,0.837,5.0,0.121,0.5,0.509,28.0,1.2,0.447,5.0,-0.7,0.5,0.882,28.0,1.2,1.095,5.0,-0.7,0.0,0.0,28.0,0.0,0.0,5.0,0.0,0.0,0.0,28.0,0.0,0.0,5.0,0.0,,,,,,,,,,-147.19,-47.02,100.17,YES,t,g-,,,,,,,25.773366666666664,23.304,0.0,4.0,3.113,A1D6C;CLR,,,16.727,none,15.804,none,15.983,none,,,,,,,14.662,none,15.353,none,,,15.061,14.798,15.785,14.946,4x54,TM4,S,10.562713185185183,1.7604521975308642,5.088516666666666,9.989019999999998,1.6648366666666663,6.9248199999999995,1.3789,0.2298166666666666,1.0687,6.0,1.8363033333333336,1.7970499999999998,-1.8363033333333336,0.573693185185185,0.5736931851851867,0.0956155308641979,9.183813185185183,-8.610119999999998,41.34116561127475,56.6260190117354,3.29530031015443,36.44240181561867,51.575660635270175,1.5095352700498954,29.516129032258064,33.0,47.0,7.064516129032258,7.2,23.0,-15.284853400460657,38.045865301120315,-53.33071870158097,-15.133258819651502,34.93286654556878,-50.06612536522028,-3.483870967741936,-17.483870967741936,14.0,-0.1354838709677421,-15.935483870967742,15.8
199,ALA,28.0,1.204,0.224,0.708,1.604,-60.998355678973304,3.8332494566431676,-24.824676679008757,7.3877172930844,172.92554034846899,2.504419768530555,2.464,0.576,28.0,2.4,0.548,5.0,0.064,2.464,0.576,28.0,2.4,0.548,5.0,0.064,0.0,0.0,28.0,0.0,0.0,5.0,0.0,0.0,0.0,28.0,0.0,0.0,5.0,0.0,0.0,0.0,28.0,0.0,0.0,5.0,0.0,0.107,0.315,28.0,0.0,0.0,5.0,0.107,,,,,,,,,,,,,,,,,,,,,,27.44576666666667,25.7,0.0,6.0,3.716,CLR,,,15.97,none,15.313,none,16.042,none,,,,,,,14.683,none,15.413,none,,,14.58,14.885,15.11,14.844,4x55,TM4,A,0.1561749999999999,0.0780874999999999,0.1561749999999999,0.11185,0.055925,0.11185,0.0,0.0,0.0,2.0,0.1561749999999999,0.1561749999999999,-0.11185,0.0443249999999999,0.0443249999999999,0.0221624999999999,0.1561749999999999,-0.11185,107.39809645898426,45.20482594025299,55.74428914560339,103.54189856109754,26.06464232952819,55.74428914560339,31.0,31.2,40.0,10.258064516129032,5.2,16.0,62.19327051873127,51.65380731338087,10.5394632053504,77.47725623156936,47.79760941549415,29.6796468160752,-0.1999999999999993,-9.0,8.8,5.058064516129032,-5.741935483870968,10.8
200,ILE,28.0,1.446,0.149,1.033,1.764,-104.18158530423376,11.572931950552087,-24.335152431133125,10.47676629891932,179.2852717066649,3.9341125844824427,2.821,0.819,28.0,3.0,1.225,5.0,-0.179,2.821,0.819,28.0,3.0,1.225,5.0,-0.179,0.0,0.0,28.0,0.0,0.0,5.0,0.0,0.0,0.0,28.0,0.0,0.0,5.0,0.0,0.0,0.0,28.0,0.0,0.0,5.0,0.0,2.25,1.266,28.0,1.2,0.447,5.0,1.05,,,,,,,,,,-142.49,-88.86,53.63,YES,t,g-,136.29,141.62,5.33,,,,27.101166666666664,25.377,0.0,6.0,3.644,CLR,,,8.962,none,8.739,second_shell,9.275,second_shell,,,,,,,8.182,none,9.045,none,,,8.277,9.143,8.523,8.308,4x56,TM4,I,5.048153982683982,0.5609059980759981,2.7764166666666665,3.4623566666666665,0.3847062962962962,2.41344,2.3515,0.2612777777777778,2.3515,9.0,0.69315,0.69315,-0.1918666666666665,1.585797316017316,1.5857973160173158,0.1761997017797018,2.696653982683982,-1.1108566666666664,35.248423988561434,39.48441297466686,0.5361651462126581,34.744536848933265,33.48840588793968,0.5361651462126581,33.193548387096776,31.6,43.0,13.0,7.4,14.0,-4.235988986105426,34.712258842348774,-38.9482478284542,1.2561309609935876,34.208371702720605,-32.95224074172702,1.5935483870967744,-9.806451612903224,11.4,5.6,-1.0,6.6
201,GLY,28.0,1.552,0.349,0.649,1.956,-72.48273248366648,11.058281367445835,-33.70063333406591,11.239201735115019,-179.38072651793374,4.447905718972583,3.786,0.499,28.0,3.6,1.517,5.0,0.186,3.25,0.701,28.0,3.2,1.643,5.0,0.05,0.536,0.508,28.0,0.4,0.548,5.0,0.136,0.0,0.0,28.0,0.0,0.0,5.0,0.0,0.0,0.0,28.0,0.0,0.0,5.0,0.0,0.0,0.0,28.0,0.0,0.0,5.0,0.0,,,,,,,,,,,,,,,,,,,,,,28.786433333333335,27.259,0.0,1.0,3.851,A1D6C,,,12.204,none,11.248,none,11.164,none,,,,,,,10.261,none,10.503,none,,,9.931,10.043,10.049,9.901,4x57,TM4,G,3.0373,1.0124333333333333,1.7358,3.752695,1.2508983333333332,2.445375,0.0,0.0,0.0,3.0,1.2535416666666666,0.46458,-1.2535416666666666,-0.7153949999999999,-0.7153949999999996,-0.2384649999999999,3.0373,-3.752695,3.34216898778088,28.98206245053088,21.133493780698537,3.3274702189271887,15.397259754508932,21.133493780698537,42.774193548387096,31.2,42.0,22.096774193548388,0.2,18.0,-25.63989346275,-17.791324792917656,-7.848568669832343,-12.069789535581744,-17.806023561771347,5.736234026189605,11.574193548387097,0.7741935483870961,10.8,21.89677419354839,4.096774193548388,17.8
202,LEU,28.0,1.197,0.252,0.631,1.667,-71.40328456213658,7.116487060952006,-44.22093141965312,6.023721038135284,175.03464422236348,4.286783217921728,4.286,0.535,28.0,4.4,0.548,5.0,-0.114,4.286,0.535,28.0,4.4,0.548,5.0,-0.114,0.0,0.0,28.0,0.0,0.0,5.0,0.0,0.0,0.0,28.0,0.0,0.0,5.0,0.0,0.0,0.0,28.0,0.0,0.0,5.0,0.0,0.393,0.567,28.0,0.6,0.548,5.0,-0.207,,,,,,,,,,-81.38,-78.98,2.4,NO,g-,g-,160.32,149.02,11.3,,,,29.460699999999992,26.987,0.0,1.0,3.598,A1D6C,,,16.511,none,15.574,none,15.442,none,,,,,,,14.809,none,15.024,none,,,14.588,14.667,14.29,14.537,4x58,TM4,L,6.6830056068376065,1.1138342678062678,3.5604,3.835401666666667,0.6392336111111111,1.563775,2.244,0.3739999999999999,1.9058,6.0,1.996625,1.996625,-0.4872866666666668,2.84760394017094,2.8476039401709397,0.4746006566951567,4.439005606837607,-1.591401666666667,11.360241917651434,66.66173935425573,8.035942680470402,11.165108814989768,63.601752711435594,7.589501420444268,40.064516129032256,29.8,32.0,18.129032258064516,6.8,10.0,-55.30149743660429,3.324299237181032,-58.62579667378533,-52.43664389644583,3.5756073945455,-56.01225129099133,10.264516129032256,8.064516129032256,2.1999999999999993,11.329032258064515,8.129032258064516,3.2
203,PRO,28.0,0.749,0.182,0.462,1.331,-60.37552552607326,3.7993569668527045,-32.73548090919005,7.040085099736376,175.90264984400244,2.95324577791467,2.593,0.694,27.0,3.2,0.837,5.0,-0.607,2.593,0.694,27.0,3.2,0.837,5.0,-0.607,0.0,0.0,27.0,0.0,0.0,5.0,0.0,0.0,0.0,27.0,0.0,0.0,5.0,0.0,0.0,0.0,27.0,0.0,0.0,5.0,0.0,0.333,0.48,27.0,0.2,0.447,5.0,0.133,,,,,,,,,,-26.53,-17.34,9.19,NO,g-,g-,37.0,19.57,17.43,,,,32.2527,30.855,0.0,6.0,3.702,CLR,,,14.469,none,13.418,none,13.707,none,,,,,,,13.272,none,11.197,none,,,12.891,13.211,12.662,13.088,4x59,TM4,P,2.4311598005698007,0.3473085429385429,0.8800733333333333,2.20366,0.3148085714285714,1.36736,2.3853,0.3407571428571428,1.9058,7.0,0.66,0.66,-0.4872866666666668,0.2274998005698004,0.2274998005698005,0.0324999715099715,0.0458598005698007,0.1816399999999998,4.052811096055019,35.18114103918856,15.810567684015204,3.3274702189271887,31.29769793236783,8.050854773599442,34.516129032258064,33.2,28.0,14.161290322580646,2.0,14.0,-31.12832994313354,-11.757756587960184,-19.370573355173356,-27.97022771344064,-4.723384554672252,-23.246843158768385,1.3161290322580612,6.516129032258064,-5.200000000000003,12.161290322580646,0.1612903225806459,12.0
204,VAL,28.0,0.84,0.279,0.488,1.758,-68.47105325077624,7.343124175016726,-33.77155641919002,7.1119859802349925,175.0080316275424,4.351430714099584,3.929,1.303,28.0,4.2,0.837,5.0,-0.271,3.929,1.303,28.0,4.2,0.837,5.0,-0.271,0.0,0.0,28.0,0.0,0.0,5.0,0.0,0.0,0.0,28.0,0.0,0.0,5.0,0.0,0.0,0.0,28.0,0.0,0.0,5.0,0.0,2.75,1.076,28.0,2.6,0.548,5.0,0.15,,,,,,,,,,168.43,155.5,12.93,NO,t,t,,,,,,,32.160133333333334,31.04,0.0,,,,,,8.308,second_shell,8.056,second_shell,7.335,second_shell,,,,,,,7.738,second_shell,7.245,second_shell,,,7.628,7.6,6.477,7.498,4x60,TM4,V,7.157858809523809,0.7157858809523809,1.7446966666666666,7.179431666666666,0.7179431666666666,3.2550799999999995,9.8143,0.98143,4.1638,10.0,1.510383333333333,0.5616333333333333,-1.510383333333333,-0.0215728571428573,-0.021572857142857,-0.0021572857142856,-2.6564411904761904,2.634868333333334,2.6365677844931046,35.13355428806709,41.77011850329306,1.4266938364143642,34.01486141845764,0.0,32.03225806451613,37.2,19.0,1.5806451612903225,10.8,0.0,-32.496986503573986,-39.13355071879996,6.636564215225974,-32.588167582043276,1.4266938364143642,-34.01486141845764,-5.167741935483875,13.032258064516128,-18.200000000000003,-9.21935483870968,1.5806451612903225,-10.8
205,MET,28.0,1.083,0.348,0.578,2.414,-64.54585486304126,4.617324684342363,-40.67209824540635,7.602074888004156,-179.55129514994462,3.072273495651061,3.321,0.819,28.0,3.6,0.894,5.0,-0.279,2.786,0.787,28.0,3.2,0.837,5.0,-0.414,0.536,0.637,28.0,0.4,0.548,5.0,0.136,0.0,0.0,28.0,0.0,0.0,5.0,0.0,0.0,0.0,28.0,0.0,0.0,5.0,0.0,0.643,0.559,28.0,0.6,0.548,5.0,0.043,,,,,,,,,,-169.53,-167.32,2.21,NO,t,t,147.77,-160.4,51.83,,,,32.83526666666667,30.125,0.0,1.0,3.554,A1D6C,,,12.613,none,13.386,none,12.365,none,,,,,,,11.404,none,12.9,none,,,12.601,12.563,11.538,12.514,4x61,TM4,M,9.195749206454463,1.1494686508068082,4.104489655172414,8.553606666666667,1.0692008333333334,5.2188,8.6487,1.0810875,5.2005,8.0,1.1143103448275855,1.0240875,-1.1143103448275855,0.6421425397877991,0.6421425397877982,0.0802678174734747,0.5470492064544654,0.0950933333333328,6.369367301003433,48.02025425575688,26.35176819010303,4.02272494150631,45.42606841409185,0.0,39.774193548387096,33.8,21.0,10.903225806451612,5.2,0.0,-41.650886954753446,-19.9824008890996,-21.668486065653852,-41.40334347258554,4.02272494150631,-45.42606841409185,5.974193548387099,18.774193548387096,-12.799999999999995,5.703225806451612,10.903225806451612,-5.2
206,PHE,28.0,1.07,0.279,0.62,1.709,-74.13772898562786,8.097272342289997,-28.67486136931493,16.272082897372773,-175.22919704879092,3.9715326029086486,2.821,1.056,28.0,3.2,1.095,5.0,-0.379,2.464,0.881,28.0,3.0,0.707,5.0,-0.536,0.357,0.488,28.0,0.2,0.447,5.0,0.157,0.0,0.0,28.0,0.0,0.0,5.0,0.0,0.0,0.0,28.0,0.0,0.0,5.0,0.0,0.179,0.39,28.0,0.0,0.0,5.0,0.179,0.0,,,1.0,,,0.0,,,-80.35,-133.77,53.42,YES,g-,t,-44.43,5.94,50.37,,,,35.12249999999999,30.938,0.0,,,,,,15.827,none,16.04,none,15.151,none,,,,,,,14.768,none,15.264,none,,,15.714,15.74,14.553,15.698,4x62,TM4,F,4.294225653594771,0.8588451307189542,1.7379117647058824,1.4969,0.29938,1.0509,1.6694,0.33388,1.6694,5.0,0.820325,0.820325,-0.0076333333333333,2.7973256535947715,2.797325653594771,0.5594651307189542,2.624825653594771,0.1725000000000001,57.16782956616599,97.92885388214086,72.01754012366378,36.73482024639783,85.84223902350405,55.87969702496086,26.35483870967742,30.8,28.0,8.451612903225806,7.6,11.0,-40.761024315974865,-14.849710557497788,-25.91131375847708,-49.10741877710622,-19.14487677856303,-29.962541998543188,-4.445161290322581,-1.64516129032258,-2.8000000000000007,0.8516129032258064,-2.548387096774194,3.4000000000000004
207,MET,28.0,0.666,0.24,0.373,1.33,-94.50761348904419,21.20792850310643,-12.266934351094578,22.372630751203857,-178.45065201659273,4.622421139295127,3.607,1.031,28.0,2.8,1.304,5.0,0.807,3.25,0.752,28.0,2.8,1.304,5.0,0.45,0.357,0.488,28.0,0.0,0.0,5.0,0.357,0.0,0.0,28.0,0.0,0.0,5.0,0.0,0.0,0.0,28.0,0.0,0.0,5.0,0.0,2.179,1.492,28.0,1.8,0.837,5.0,0.379,,,,,,,,,,-86.34,-53.56,32.78,NO,g-,g-,-175.34,172.33,12.33,,,,37.40593333333333,35.607,0.0,6.0,3.628,CLR,,,11.612,none,10.564,none,10.7,none,,,,,,,10.964,none,10.83,none,,,12.787,12.601,11.704,12.505,4x63,TM4,M,18.1578550533799,1.5131545877816583,6.6150931034482765,11.18698,0.9322483333333332,4.851360000000001,12.681,1.05675,5.0157,12.0,2.2574,2.2574,-0.1375153846153845,6.970875053379904,6.970875053379901,0.580906254448325,5.4768550533799,1.4940200000000008,62.83748699462129,65.72551542195455,222.19239197353457,34.90653949242321,61.83774843644492,195.9615541566437,30.774193548387096,33.8,16.0,9.161290322580646,7.6,0.0,-2.8880284273332677,-159.35490497891328,156.46687655158,-26.931208944021712,-161.0550146642205,134.1238057201988,-3.025806451612901,14.774193548387096,-17.799999999999997,1.5612903225806465,9.161290322580646,-7.6
208,ALA,28.0,0.628,0.241,0.288,1.195,-77.46722739955365,17.326820779962606,122.80740916334307,27.784798278893522,-179.77378466518013,3.7209642221683907,1.893,0.685,28.0,2.2,0.837,5.0,-0.307,1.286,0.535,28.0,1.4,0.548,5.0,-0.114,0.607,0.497,28.0,0.8,0.447,5.0,-0.193,0.0,0.0,28.0,0.0,0.0,5.0,0.0,0.0,0.0,28.0,0.0,0.0,5.0,0.0,1.643,0.678,28.0,2.0,0.0,5.0,-0.357,,,,,,,,,,,,,,,,,,,,,,37.268633333333334,35.358,0.0,,,,,,8.818,second_shell,11.456,none,8.696,second_shell,,,,,,,8.023,second_shell,10.296,none,,,11.355,11.203,9.226,10.677,4x64,TM4,A,9.631869678469675,0.9631869678469676,4.493416666666667,8.35731,0.835731,4.2541199999999995,5.8864,0.58864,5.168,10.0,0.7285230769230769,0.7285230769230769,-0.5670746153846156,1.2745596784696784,1.2745596784696769,0.1274559678469676,3.745469678469677,-2.47091,20.9873811777282,63.57400197632887,77.91593269065618,15.81060889630593,54.34326972179623,31.655504391660685,33.354838709677416,27.6,21.0,2.5161290322580645,6.0,7.0,-42.58662079860068,-56.92855151292798,14.341930714327304,-38.532660825490304,-15.844895495354756,-22.687765330135548,5.754838709677415,12.354838709677416,-6.600000000000001,-3.4838709677419355,-4.483870967741936,1.0
209,THR,28.0,1.392,0.379,0.776,2.252,-137.18935492856897,27.189043171848247,170.88949601357288,13.15731280237226,177.80091744324372,3.837960414049851,3.423,1.501,26.0,1.75,0.957,4.0,1.673,2.385,0.752,26.0,1.5,1.291,4.0,0.885,0.192,0.402,26.0,0.0,0.0,4.0,0.192,0.846,0.967,26.0,0.25,0.5,4.0,0.596,0.0,0.0,26.0,0.0,0.0,4.0,0.0,0.0,0.0,26.0,0.0,0.0,4.0,0.0,,,,,,,,,,101.66,177.67,76.01,YES,g+,t,,,,,,,42.82490000000001,41.248,0.0,,,,,,11.806,none,15.307,none,11.644,none,,,,,,,12.123,none,14.657,none,,,15.115,15.252,13.239,14.773,,ECL2,T,13.857367493519552,1.3857367493519552,5.033956666666667,10.777055,1.0777055,4.4223799999999995,6.9204,0.69204,3.8722,10.0,1.8574535714285711,1.8574535714285711,-1.0421941176470588,3.0803124935195525,3.0803124935195534,0.3080312493519552,6.936967493519552,-3.856654999999999,17.789289513806054,49.94181882710304,110.95937700870957,15.83162108407352,47.46146021766042,103.47872130173666,31.870967741935484,28.2,27.0,10.32258064516129,6.6,7.0,-32.15252931329699,-93.1700874949035,61.01755818160651,-31.6298391335869,-87.64710021766314,56.01726108407624,3.6709677419354847,4.870967741935484,-1.1999999999999993,3.7225806451612904,3.32258064516129,0.4000000000000003
210,THR,28.0,1.484,0.357,0.625,2.339,-109.32384741606081,19.556108400274084,122.21573116527176,18.39833241506158,-179.52753656662532,4.0962740500641575,1.75,0.639,20.0,2.5,0.707,2.0,-0.75,0.0,0.0,20.0,0.0,0.0,2.0,0.0,0.35,0.489,20.0,1.0,1.414,2.0,-0.65,1.4,0.754,20.0,1.5,0.707,2.0,-0.1,0.0,0.0,20.0,0.0,0.0,2.0,0.0,0.0,0.0,20.0,0.0,0.0,2.0,0.0,,,,,,,,,,-26.67,53.23,79.9,YES,g-,g+,,,,,,,42.5894,40.492,0.0,,,,,,9.291,none,15.873,none,8.475,second_shell,,,,,,,10.05,none,15.601,none,,,15.507,16.282,12.858,15.355,,ECL2,T,12.166818703031524,1.1060744275483203,4.2202433333333325,12.669961666666667,1.151814696969697,4.6716999999999995,10.4674,0.9515818181818182,4.4119,11.0,0.6369500000000001,0.5987074074074074,-0.6369500000000001,-0.5031429636351418,-0.5031429636351437,-0.0457402694213766,1.6994187030315242,-2.202561666666668,10.57278922021967,24.515779555443107,93.48869228277016,7.729926389488962,12.80582699520599,85.69492450798948,34.58064516129032,26.0,37.0,10.03225806451613,10.2,14.0,-13.942990335223437,-82.91590306255048,68.97291272732706,-5.075900605717028,-77.96499811850052,72.8890975127835,8.58064516129032,-2.4193548387096797,11.0,-0.1677419354838694,-3.96774193548387,3.8000000000000007
211,LYS,28.0,1.6,0.359,0.967,2.575,-112.32053084702902,16.383879352197635,144.23729149228103,18.173568753579474,179.80919955269565,4.4266994243441555,2.32,0.9,25.0,2.4,0.894,5.0,-0.08,2.24,0.723,25.0,2.4,0.894,5.0,-0.16,0.04,0.2,25.0,0.0,0.0,5.0,0.04,0.04,0.2,25.0,0.0,0.0,5.0,0.04,0.0,0.0,25.0,0.0,0.0,5.0,0.0,0.0,0.0,25.0,0.0,0.0,5.0,0.0,,,,,,,,,,-67.91,174.79,117.3,YES,g-,t,-172.58,-179.98,7.4,,,,45.46883333333332,42.822,0.0,,,,,,11.519,none,12.983,none,11.515,none,,,,,,,12.083,none,11.232,none,,,14.194,15.73,13.99,13.282,,ECL2,K,13.89497253132832,1.5438858368142578,6.054563333333333,9.09266,1.0102955555555555,5.7652,11.39,1.265555555555555,4.4532,9.0,1.5781428571428573,1.5781428571428573,-0.2771333333333332,4.802312531328321,4.802312531328321,0.5335902812587023,2.504972531328322,2.2973399999999984,43.67930253091935,59.279212341015274,139.59599411984192,41.499541066472425,53.11086690609011,125.21943258249657,40.54838709677419,24.2,24.0,15.838709677419354,4.0,5.0,-15.599909810095925,-95.91669158892256,80.31678177882665,-11.611325839617685,-83.71989151602412,72.10856567640644,16.348387096774193,16.548387096774192,-0.1999999999999993,11.838709677419354,10.838709677419354,1.0
212,TYR,28.0,2.489,0.591,1.233,4.079,-93.3209628038713,19.116114127574264,116.27285816785094,21.277437190935476,179.00288460447422,4.1441410631786555,,,,,,,,,,,,,,,,,,,,,,,,,,,,,,,,,,,,,,,,,,,,,,,,,,,,-87.0,-69.94,17.06,NO,g-,g-,-65.2,-122.14,56.94,,,,49.6958,47.201,0.0,,,,,,14.939,none,20.504,none,14.49,none,,,,,,,15.728,none,19.825,none,,,20.647,20.992,17.855,20.584,,ECL2,Y,3.7363189655172415,0.9340797413793104,1.4918689655172412,3.25345,0.8133625,1.9268,1.3706,0.34265,1.3706,4.0,0.7838,0.7838,-0.6369500000000001,0.4828689655172411,0.4828689655172415,0.1207172413793103,2.3657189655172415,-1.88285,27.52990124259934,88.85780459339999,128.0200262974902,22.839080984809858,59.173527069753405,107.70322094301886,39.54838709677419,18.6,25.0,16.967741935483872,4.8,8.0,-61.32790335080065,-100.49012505489088,39.162221704090214,-36.33444608494355,-84.86413995820901,48.52969387326546,20.94838709677419,14.548387096774192,6.399999999999999,12.167741935483871,8.967741935483872,3.2
213,ARG,28.0,2.737,0.704,1.311,4.364,-110.49047867485692,30.30467927824231,150.4963821243715,33.025343689443886,179.0177514355543,5.028559079078693,3.5,1.599,28.0,2.5,1.0,4.0,1.0,2.464,1.29,28.0,2.5,1.0,4.0,-0.036,0.536,0.508,28.0,0.0,0.0,4.0,0.536,0.5,0.839,28.0,0.0,0.0,4.0,0.5,0.464,0.508,28.0,0.0,0.0,4.0,0.464,0.0,0.0,28.0,0.0,0.0,4.0,0.0,,,,,,,,,,-138.28,-65.29,72.99,YES,t,g-,161.96,-78.66,119.38,,,,45.95176666666666,41.946,0.0,,,,,,12.018,none,14.82,none,11.353,none,,,,,,,10.453,none,13.211,none,,,15.94,17.885,17.126,13.995,,ECL2,R,12.661871367521366,1.8088387667887664,3.9095269230769225,12.635600000000002,1.8050857142857144,9.6377,0.0,0.0,0.0,7.0,8.447205555555556,2.9444269230769224,-8.447205555555556,0.026271367521367,0.0262713675213639,0.003753052503052,12.661871367521366,-12.635600000000002,18.987696648699195,64.17972931427487,44.279701254796926,15.049985400135824,48.74979490177351,44.279701254796926,49.67741935483871,23.0,43.0,20.06451612903226,3.2,21.0,-45.19203266557567,-25.29200460609773,-19.90002805947794,-33.69980950163769,-29.2297158546611,-4.470093646976586,26.67741935483871,6.677419354838712,20.0,16.86451612903226,-0.9354838709677402,17.8
214,GLN,28.0,3.61,1.028,1.578,5.599,-8.610243584179843,65.44320190120115,-0.448349492508479,50.15322327112226,179.7168716191424,5.344244512700031,1.0,0.0,15.0,,,0.0,,1.0,0.0,15.0,,,0.0,,0.0,0.0,15.0,,,0.0,,0.0,0.0,15.0,,,0.0,,0.0,0.0,15.0,,,0.0,,0.0,0.0,15.0,,,0.0,,,,,,,,,,,-105.18,-78.45,26.73,NO,g-,g-,178.64,89.23,89.41,,,,51.0737,48.265,0.0,,,,,,15.415,none,19.314,none,15.57,none,,,,,,,15.549,none,18.071,none,,,20.515,21.699,21.929,20.234,,ECL2,Q,1.3511444444444445,0.6755722222222221,1.1904944444444443,9.6377,4.81885,9.6377,0.0,0.0,0.0,2.0,8.447205555555556,0.16065,-8.447205555555556,-8.286555555555555,-8.286555555555557,-4.1432777777777785,1.3511444444444445,-9.6377,32.28293010201483,114.34474363864976,11.069925313699231,27.918978709799234,66.1577085120991,11.069925313699231,36.25806451612903,13.6,38.0,12.838709677419354,1.8,19.0,-82.06181353663493,21.2130047883156,-103.27481832495052,-38.23872980229987,16.849053396100004,-55.08778319839987,22.65806451612903,-1.741935483870968,24.4,11.038709677419352,-6.161290322580646,17.2
215,GLY,28.0,1.755,0.585,1.042,3.275,94.5759815601996,121.37541754916533,-6.886546642471417,43.01602889401957,-178.5215597187882,3.2060624428439146,1.0,0.0,22.0,1.0,0.0,3.0,0.0,1.0,0.0,22.0,1.0,0.0,3.0,0.0,0.0,0.0,22.0,0.0,0.0,3.0,0.0,0.0,0.0,22.0,0.0,0.0,3.0,0.0,0.0,0.0,22.0,0.0,0.0,3.0,0.0,0.0,0.0,22.0,0.0,0.0,3.0,0.0,,,,,,,,,,,,,,,,,,,,,,50.532466666666664,49.29,0.0,,,,,,15.299,none,21.272,none,15.043,none,,,,,,,15.381,none,18.756,none,,,21.306,20.912,19.833,21.31,,ECL2,G,0.3110666666666666,0.3110666666666666,0.3110666666666666,0.0,0.0,0.0,0.0,0.0,0.0,1.0,0.3110666666666666,0.3110666666666666,0.3110666666666666,0.3110666666666666,0.3110666666666666,0.3110666666666666,0.3110666666666666,0.0,29.744129525415595,68.85814511170364,81.57586195214951,18.76309033986193,12.9820033224291,69.07550667141777,28.612903225806452,15.8,33.0,9.935483870967742,0.4,12.0,-39.11401558628804,-51.831732426733915,12.717716840445874,5.78108701743283,-50.31241633155584,56.09350334898867,12.812903225806451,-4.387096774193548,17.2,9.535483870967742,-2.064516129032258,11.6
216,SER,28.0,1.522,0.533,0.824,2.941,-136.00242484118112,25.583821409171385,161.97190835509315,42.76609016425429,178.24183991717666,7.277884428078577,3.261,1.738,23.0,1.5,0.577,4.0,1.761,2.348,0.982,23.0,1.25,0.5,4.0,1.098,0.652,0.573,23.0,0.25,0.5,4.0,0.402,0.261,0.619,23.0,0.0,0.0,4.0,0.261,0.0,0.0,23.0,0.0,0.0,4.0,0.0,0.0,0.0,23.0,0.0,0.0,4.0,0.0,,,,,,,,,,68.96,68.05,0.91,NO,g+,g+,,,,,,,47.45146666666667,46.307,0.0,,,,,,11.932,none,17.517,none,12.04,none,,,,,,,12.937,none,15.0,none,,,17.387,17.227,16.345,17.419,,ECL2,S,10.191059765234764,1.1323399739149738,2.706753571428571,4.480485,0.4978316666666667,1.873725,0.2783,0.0309222222222222,0.2783,9.0,2.3881,2.3881,-0.1538869230769231,5.710574765234765,5.710574765234764,0.6345083072483071,9.912759765234764,-4.202185,118.56994179447918,65.1054257695939,94.934070994846,88.25016490382268,37.00527225597629,58.82161004948849,23.838709677419356,19.8,23.0,9.225806451612904,1.6,6.0,53.464516024885285,23.63587079963318,29.828645225252103,51.24489264784639,29.428554854334187,21.816337793512204,4.038709677419355,0.8387096774193559,3.1999999999999993,7.625806451612904,3.225806451612904,4.4
217,ILE,28.0,1.458,0.478,0.878,2.529,-103.91518041191983,34.216261606106926,129.18798967469803,26.01417057548457,-178.7336002289937,6.71451095633194,1.72,1.061,25.0,0.75,0.5,4.0,0.97,0.88,0.332,25.0,0.75,0.5,4.0,0.13,0.84,0.943,25.0,0.0,0.0,4.0,0.84,0.0,0.0,25.0,0.0,0.0,4.0,0.0,0.0,0.0,25.0,0.0,0.0,4.0,0.0,0.76,0.436,25.0,0.5,0.577,4.0,0.26,,,,,,,,,,-59.98,-69.96,9.98,NO,g-,g-,158.54,163.81,5.27,,,,45.34996666666667,43.413,0.0,,,,,,9.795,none,17.146,none,9.436,second_shell,,,,,,,10.582,none,16.178,none,,,17.416,17.47,14.623,16.893,,ECL2,I,17.649047325305602,1.6044588477550548,5.9745066666666675,10.81603,0.9832754545454544,4.20428,11.2314,1.0210363636363635,2.4146,11.0,2.7283000000000017,2.7283000000000017,0.1160666666666666,6.833017325305604,6.833017325305603,0.6211833932096003,6.417647325305602,0.4153700000000011,95.17800857047833,67.65231702825425,27.171634860898116,67.26046435242141,32.70659751774773,25.158921167498256,24.161290322580644,21.4,36.0,10.129032258064516,5.2,20.0,27.52569154222408,68.0063737095802,-40.48068216735613,34.55386683467368,42.10154318492315,-7.547676350249475,2.7612903225806456,-11.838709677419356,14.6,4.929032258064516,-9.870967741935484,14.8
218,ASP,28.0,1.494,0.451,0.68,2.627,-125.24238876253071,23.620056967137575,142.52657939714211,15.624173159923338,178.16259964094624,5.519675559908895,2.852,1.262,27.0,2.2,0.837,5.0,0.652,2.0,0.877,27.0,1.8,0.837,5.0,0.2,0.296,0.724,27.0,0.2,0.447,5.0,0.096,0.556,0.847,27.0,0.2,0.447,5.0,0.356,0.481,0.509,27.0,0.0,0.0,5.0,0.481,0.0,0.0,27.0,0.0,0.0,5.0,0.0,,,,,,,,,,-116.36,-2.36,114.0,YES,g-,g+,-8.03,-43.86,35.83,,,,42.6593,40.299,0.0,1.0,3.288,A1A7R,,,5.808,none,11.053,none,7.989,none,,,,,,,6.763,none,10.17,none,,,13.255,13.357,11.93,13.018,,ECL2,D,32.94833652483449,1.9381374426373228,6.054563333333333,11.668473333333331,0.6863807843137255,5.7652,10.2213,0.6012529411764705,4.4532,17.0,5.53095,5.53095,-0.699324637681159,21.279863191501153,21.279863191501157,1.2517566583235973,22.72703652483449,-1.4471733333333336,26.691626527882526,44.61085863080693,99.64296233540966,6.662366757520669,36.971556683617955,73.74936925389392,25.419354838709676,25.0,25.0,2.0,2.4,6.0,-17.919232102924404,-72.95133580752713,55.03210370460273,-30.30918992609729,-67.08700249637324,36.77781257027596,0.4193548387096761,0.4193548387096761,0.0,-0.3999999999999999,-4.0,3.6
219,CYS,28.0,1.14,0.38,0.593,1.984,-104.19415974148721,21.210850782915887,99.83249687578257,29.597868916501966,-178.1102261573776,7.344559108262685,1.333,0.516,6.0,,,0.0,,0.167,0.408,6.0,,,0.0,,0.667,1.033,6.0,,,0.0,,0.5,0.548,6.0,,,0.0,,0.0,0.0,6.0,,,0.0,,0.0,0.0,6.0,,,0.0,,,,,,,,,,,-171.41,159.35,29.24,NO,t,t,,,,,,,38.44866666666667,36.452,0.0,24.0,3.272,7V7;8QY;8RI;A1APU;A1AQ2;A1CMV;EID;Endomorphin-2;KZR;L0X;MEA;NG0;WH2;WH9,,,4.149,first_shell,11.312,none,3.593,first_shell,,,,,,,4.904,second_shell,11.362,none,,,10.828,10.975,7.778,10.58,45x50,ECL2,C,21.861056590643273,2.186105659064327,5.9247,13.277858333333334,1.3277858333333334,5.90278,14.8409,1.48409,5.2749,10.0,5.9247,5.9247,-0.987377777777778,8.583198257309942,8.583198257309938,0.8583198257309936,7.020156590643273,1.563041666666665,74.67922730606196,39.02926740859518,46.47639184997876,66.12021316463114,27.237608306623503,0.0,26.580645161290324,26.2,19.0,6.193548387096774,10.6,0.0,35.64995989746678,28.2028354560832,7.447124441383579,38.88260485800764,66.12021316463114,-27.237608306623503,0.3806451612903245,7.580645161290324,-7.199999999999999,-4.406451612903226,6.193548387096774,-10.6
220,THR,28.0,1.026,0.35,0.521,1.886,-130.65531657623052,32.42427799871164,174.0241579989202,16.16223665141022,179.14231029181101,3.5391205108376456,2.36,0.907,25.0,2.0,0.0,3.0,0.36,2.0,0.764,25.0,1.333,1.155,3.0,0.667,0.2,0.408,25.0,0.333,0.577,3.0,-0.133,0.16,0.473,25.0,0.333,0.577,3.0,-0.173,0.0,0.0,25.0,0.0,0.0,3.0,0.0,0.0,0.0,25.0,0.0,0.0,3.0,0.0,,,,,,,,,,171.56,69.52,102.04,YES,t,g+,,,,,,,39.978233333333336,38.199,0.0,9.0,3.417,A1A7R;MEA;NG0,,,6.23,none,8.097,none,5.994,none,,,,,,,6.026,none,6.622,none,,,9.804,11.079,9.004,9.319,45x51,ECL2,T,16.781164720088263,1.1986546228634474,5.033956666666667,9.310973333333331,0.6650695238095238,4.4223799999999995,4.471,0.3193571428571428,2.5354,14.0,3.0743,3.0743,-0.699324637681159,7.470191386754931,7.47019138675493,0.5335850990539236,12.310164720088263,-4.839973333333333,38.17087535330856,49.89144024731007,5.527506610285096,17.79466653542579,46.98435282454504,1.5095352700498954,28.741935483870968,26.2,31.0,12.064516129032258,4.0,18.0,-11.720564894001512,32.643368743023466,-44.36393363702498,-29.18968628911925,16.285131265375895,-45.47481755449515,2.5419354838709687,-2.258064516129032,4.800000000000001,8.064516129032258,-5.935483870967742,14.0
221,LEU,28.0,0.871,0.355,0.425,1.603,-96.41312843685613,19.740605421967427,132.11833329174516,19.512671942326232,177.176881751221,3.9026579511934187,0.036,0.189,28.0,0.0,0.0,5.0,0.036,0.036,0.189,28.0,0.0,0.0,5.0,0.036,0.0,0.0,28.0,0.0,0.0,5.0,0.0,0.0,0.0,28.0,0.0,0.0,5.0,0.0,0.0,0.0,28.0,0.0,0.0,5.0,0.0,3.964,1.17,28.0,3.4,0.548,5.0,0.564,,,,,,,,,,-72.52,-91.24,18.72,NO,g-,g-,134.05,160.15,26.1,,,,35.51246666666667,33.928,0.0,4.0,3.456,A1A7R;A1APU;MEA;NG0,,,7.272,second_shell,6.479,second_shell,6.806,second_shell,,,,,,,6.968,second_shell,5.781,second_shell,,,7.11,6.919,6.118,6.841,45x52,ECL2,L,13.508901678904753,0.9649215484931964,2.2027172413793106,9.19465,0.6567607142857143,2.15856,9.2919,0.6637071428571428,3.2336,14.0,1.8308,1.8308,-0.5670746153846156,4.314251678904748,4.314251678904752,0.3081608342074822,4.217001678904751,0.0972500000000007,110.62594761938028,27.970199439106757,36.02881080496792,82.59237289923378,8.511098097350347,27.035792394556893,26.483870967741936,27.8,33.0,13.32258064516129,14.2,10.0,82.65574818027352,74.59713681441235,8.058611365861161,74.08127480188344,55.55658050467689,18.524694297206544,-1.3161290322580648,-6.516129032258064,5.199999999999999,-0.8774193548387093,3.32258064516129,-4.199999999999999
222,THR,28.0,1.126,0.487,0.491,2.613,-107.1621916604255,17.734444623509514,140.35287362686327,18.10205245766061,-175.95884202251173,4.981308051677459,2.13,1.29,23.0,1.333,0.577,3.0,0.797,0.913,0.417,23.0,1.333,0.577,3.0,-0.42,0.348,0.487,23.0,0.0,0.0,3.0,0.348,0.87,1.014,23.0,0.0,0.0,3.0,0.87,0.0,0.0,23.0,0.0,0.0,3.0,0.0,0.0,0.0,23.0,0.0,0.0,3.0,0.0,,,,,,,,,,113.79,-171.83,74.38,YES,g+,t,,,,,,,42.95450000000001,40.314,0.0,,,,,,11.672,none,13.83,none,11.819,none,,,,,,,11.504,none,12.533,none,,,14.302,14.895,13.435,13.969,,ECL2,T,14.745814532019704,1.843226816502463,6.6150931034482765,5.481260000000001,0.6851575000000001,4.851360000000001,6.758100000000001,0.8447625000000001,5.0157,8.0,2.4627,2.4627,0.1441,9.264554532019703,9.264554532019703,1.158069316502463,7.987714532019703,1.27684,34.76749648634043,58.00888840758521,0.0,30.612938156085672,49.89740508456169,0.0,36.064516129032256,21.6,37.0,13.774193548387096,2.6,10.0,-23.241391921244784,34.76749648634043,-58.00888840758521,-19.284466928476014,30.612938156085672,-49.89740508456169,14.464516129032257,-0.9354838709677438,15.4,11.174193548387096,3.774193548387096,7.4
223,PHE,28.0,1.034,0.458,0.459,2.161,-116.31520069273954,14.644933986534372,157.30821353463557,41.33156067476326,178.9738844434199,7.32564970787754,0.269,0.452,26.0,0.2,0.447,5.0,0.069,0.154,0.368,26.0,0.0,0.0,5.0,0.154,0.115,0.326,26.0,0.2,0.447,5.0,-0.085,0.0,0.0,26.0,0.0,0.0,5.0,0.0,0.0,0.0,26.0,0.0,0.0,5.0,0.0,2.385,1.023,26.0,2.8,0.447,5.0,-0.415,1.0,,,0.0,,,0.0,,,-58.68,-62.45,3.77,NO,g-,g-,-75.0,-59.15,15.85,,,,39.1063,36.841,0.0,1.0,4.45,CLR,,,10.567,none,8.681,none,9.809,none,,,,,,,8.646,none,7.821,none,,,9.101,9.487,9.274,9.284,,ECL2,F,19.767640671922283,1.9767640671922284,5.897830769230769,12.224641666666669,1.222464166666667,4.83216,18.5142,1.85142,9.2308,10.0,5.026,5.026,-0.6431,7.542999005255614,7.542999005255616,0.7542999005255617,1.2534406719222844,6.289558333333332,42.230437664415014,47.873888501223675,0.0,33.289032581051515,23.54875021277837,0.0,26.322580645161292,28.2,41.0,10.483870967741936,13.6,21.0,-5.643450836808661,42.230437664415014,-47.873888501223675,9.74028236827315,33.289032581051515,-23.54875021277837,-1.8774193548387077,-14.677419354838708,12.8,-3.1161290322580637,-10.516129032258064,7.4
224,SER,28.0,1.536,0.473,1.108,2.998,-80.85846590448536,22.49440275950705,164.6730722255655,52.86133943488492,-179.28877891961392,25.385499013353975,1.35,0.587,20.0,1.0,0.0,4.0,0.35,1.2,0.616,20.0,1.0,0.0,4.0,0.2,0.1,0.308,20.0,0.0,0.0,4.0,0.1,0.05,0.224,20.0,0.0,0.0,4.0,0.05,0.0,0.0,20.0,0.0,0.0,4.0,0.0,0.0,0.0,20.0,0.0,0.0,4.0,0.0,,,,,,,,,,-35.08,71.02,106.1,YES,g-,g+,,,,,,,43.91413333333333,41.321,0.0,1.0,4.355,CLR,,,19.233,none,17.215,none,18.663,none,,,,,,,16.955,none,16.919,none,,,18.213,18.614,18.187,18.217,,ECL2,S,5.513665064102564,1.1027330128205128,2.88081923076923,2.2727,0.45454,2.2727,2.893,0.5786,2.5239,5.0,0.9061833333333332,0.9061833333333332,0.0651,3.240965064102564,3.240965064102564,0.6481930128205129,2.620665064102564,0.6202999999999999,7.882649849258304,66.48051448763832,2.0127136933998604,5.5129586716593435,44.54996618759995,2.0127136933998604,43.0,20.2,41.0,19.967741935483872,2.8,18.0,-58.59786463838002,5.8699361558584435,-64.46780079423846,-39.03700751594061,3.500244978259483,-42.53725249420009,22.8,2.0,20.8,17.16774193548387,1.967741935483872,15.2
225,HIS,28.0,2.182,0.472,1.688,3.36,-65.73798722713964,38.55979591714403,142.6884729382727,92.8679006694247,-3.6216082110160195,126.92617562377666,1.167,0.389,12.0,,,0.0,,0.917,0.515,12.0,,,0.0,,0.25,0.452,12.0,,,0.0,,0.0,0.0,12.0,,,0.0,,0.0,0.0,12.0,,,0.0,,0.0,0.0,12.0,,,0.0,,0.0,0.0,0.0,0.0,0.0,0.0,1.0,1.0,0.0,-111.8,-70.09,41.71,NO,g-,g-,-73.72,-39.66,34.06,,,,48.60806666666667,46.404,0.0,,,,,,21.93,none,20.224,none,20.922,none,,,,,,,19.993,none,18.294,none,,,19.691,21.297,20.411,21.143,,ECL2,H,4.140868782051283,0.8281737564102565,1.9828466666666664,1.3663333333333334,0.2732666666666666,0.70655,4.8818,0.97636,2.8962,5.0,1.2762966666666666,1.2762966666666666,0.068425,2.7745354487179488,2.774535448717949,0.5549070897435898,-0.7409312179487175,3.5154666666666667,76.60115353214951,106.31446289353929,1.5095352700498954,61.03674246915821,74.95283747766172,1.5095352700498954,19.548387096774192,21.5,49.0,3.741935483870967,9.0,19.0,-29.713309361389776,75.09161826209962,-104.8049276234894,-13.916095008503504,59.52720719910832,-73.44330220761182,-1.951612903225808,-29.451612903225808,27.5,-5.258064516129032,-15.258064516129032,10.0
226,PRO,28.0,2.665,0.456,2.074,3.802,-76.13358228240514,10.127708712634027,117.49675683177908,48.014287841563906,-174.3517690803372,6.402975411291066,2.222,1.311,27.0,1.333,0.577,3.0,0.889,2.185,1.36,27.0,1.333,0.577,3.0,0.852,0.037,0.192,27.0,0.0,0.0,3.0,0.037,0.0,0.0,27.0,0.0,0.0,3.0,0.0,0.0,0.0,27.0,0.0,0.0,3.0,0.0,0.63,0.492,27.0,0.667,0.577,3.0,-0.037,,,,,,,,,,18.5,27.86,9.36,NO,g+,g+,-17.18,-32.3,15.12,,,,45.86566666666668,44.065,0.0,,,,,,20.964,none,18.085,none,20.246,none,,,,,,,17.743,none,12.977,none,,,18.912,18.777,18.901,18.639,5x31,TM5,P,5.648129448470465,0.8068756354957808,2.1945578947368425,9.619233333333334,1.3741761904761904,4.4112,3.0465,0.4352142857142857,2.9109,7.0,4.2441,0.9061833333333332,-4.2441,-3.9711038848628673,-3.9711038848628686,-0.5673005549804097,2.601629448470465,-6.572733333333334,26.460523540559908,72.24092306929728,0.0,3.1479609659237147,49.94045851748404,0.0,24.612903225806452,20.5,34.0,3.032258064516129,6.25,12.0,-45.78039952873738,26.460523540559908,-72.24092306929728,-46.79249755156032,3.1479609659237147,-49.94045851748404,4.112903225806452,-9.387096774193548,13.5,-3.217741935483871,-8.967741935483872,5.75
227,THR,28.0,1.934,0.606,1.57,4.365,-62.98443497913699,40.379914299431164,-44.03197022037911,24.51453944264175,-179.15537289227538,6.310830389661006,3.037,1.315,27.0,3.25,1.708,4.0,-0.213,2.852,1.064,27.0,2.75,1.893,4.0,0.102,0.185,0.483,27.0,0.5,0.577,4.0,-0.315,0.0,0.0,27.0,0.0,0.0,4.0,0.0,0.0,0.0,27.0,0.0,0.0,4.0,0.0,0.0,0.0,27.0,0.0,0.0,4.0,0.0,,,,,,,,,,-24.25,-170.06,145.81,YES,g-,g+,,,,,,,44.65833333333334,42.898,0.0,,,,,,15.619,none,13.465,none,13.802,none,,,,,,,13.997,none,12.843,none,,,13.886,14.669,13.817,14.708,5x32,TM5,T,13.82908642857143,1.975583775510204,8.9402,1.7938166666666664,0.2562595238095237,0.7318666666666666,2.6066000000000003,0.3723714285714286,1.85,7.0,8.337200000000001,8.337200000000001,0.068425,12.035269761904765,12.035269761904765,1.7193242517006804,11.222486428571427,0.8127833333333339,24.159203553272913,85.4930562360453,1.0063568466999302,9.275810224346554,70.76942463230071,0.5031784233499651,37.096774193548384,23.5,33.0,18.0,3.25,15.0,-61.33385268277239,23.152846706572983,-84.48669938934538,-61.493614407954155,8.772631800996589,-70.26624620895075,13.596774193548384,4.096774193548384,9.5,14.75,3.0,11.75
228,TRP,28.0,1.859,0.321,1.59,2.984,-70.31832994774977,19.00644630628569,-32.17509112559467,17.710726955305642,-178.58462928611905,4.211639681681254,2.652,1.027,23.0,2.333,1.528,3.0,0.319,2.217,1.043,23.0,1.667,1.155,3.0,0.55,0.435,0.507,23.0,0.667,0.577,3.0,-0.232,0.0,0.0,23.0,0.0,0.0,3.0,0.0,0.0,0.0,23.0,0.0,0.0,3.0,0.0,0.043,0.209,23.0,0.0,0.0,3.0,0.043,0.0,0.0,0.0,0.0,0.0,0.0,1.0,1.0,0.0,62.46,62.9,0.44,NO,g+,g+,-87.92,-85.76,2.16,,,,44.102999999999994,42.108,0.0,7.0,3.326,1PE;CLR,,,17.855,none,14.569,none,16.733,none,,,,,,,14.458,none,14.826,none,,,15.057,14.987,14.712,15.44,5x33,TM5,W,9.884168024606971,1.4120240035152816,5.026,4.4948500000000005,0.6421214285714286,2.11165,1.4379,0.2054142857142857,0.7755,7.0,5.026,5.026,-0.675272727272727,5.389318024606972,5.389318024606971,0.769902574943853,8.446268024606972,-3.0569500000000005,121.81445386791472,101.1263595545817,5.431059715819891,91.1868280905622,95.75495868325348,0.0,21.322580645161292,26.75,31.0,6.709677419354839,4.5,11.0,20.68809431333301,116.38339415209482,-95.6952998387618,-4.56813059269129,91.1868280905622,-95.75495868325348,-5.427419354838708,-9.677419354838708,4.25,2.209677419354839,-4.290322580645161,6.5
229,TYR,28.0,1.381,0.179,1.13,1.873,-75.70237334372494,24.813793371945746,-42.090549366486215,17.333404803911225,-177.22135931741585,3.753051848892428,3.179,1.249,28.0,3.0,1.581,5.0,0.179,3.179,1.249,28.0,2.8,1.924,5.0,0.379,0.0,0.0,28.0,0.2,0.447,5.0,-0.2,0.0,0.0,28.0,0.0,0.0,5.0,0.0,0.0,0.0,28.0,0.0,0.0,5.0,0.0,0.0,0.0,28.0,0.0,0.0,5.0,0.0,0.0,,,0.0,,,1.0,,,178.8,179.92,1.12,NO,t,t,76.05,81.52,5.47,,,,40.748933333333326,38.85,0.0,6.0,3.436,CLR,,,18.227,none,15.273,none,18.488,none,,,,,,,14.796,none,15.052,none,,,15.848,15.908,16.246,16.058,5x34,TM5,Y,16.065560387122456,2.6775933978537427,8.9402,9.65665,1.6094416666666664,4.591575,3.4463,0.5743833333333334,2.7724,6.0,8.337200000000001,8.337200000000001,-1.1568035714285712,6.408910387122458,6.408910387122457,1.0681517311870763,12.619260387122456,-6.210349999999999,44.512469792934446,103.47326330809985,0.0,36.79594111379323,87.05441207691615,0.0,30.387096774193548,31.2,42.0,10.129032258064516,12.4,19.0,-58.960793515165385,44.512469792934446,-103.47326330809985,-50.25847096312292,36.79594111379323,-87.05441207691615,-0.8129032258064512,-11.612903225806452,10.8,-2.2709677419354843,-8.870967741935484,6.6
230,TRP,28.0,1.027,0.173,0.797,1.373,-77.06059969623249,19.178920557726727,-34.86561925492687,8.072956066863659,177.91379374396078,3.4804189984907623,3.321,1.416,28.0,2.4,0.548,5.0,0.921,3.214,1.315,28.0,2.4,0.548,5.0,0.814,0.071,0.262,28.0,0.0,0.0,5.0,0.071,0.036,0.189,28.0,0.0,0.0,5.0,0.036,0.0,0.0,28.0,0.0,0.0,5.0,0.0,2.286,0.897,28.0,2.2,0.837,5.0,0.086,0.1429,,,0.0,,,0.8571,,,-87.9,-87.15,0.75,NO,g-,g-,97.58,98.49,0.91,,,,38.81366666666667,35.97,0.0,6.0,3.53,CLR,,,15.305,none,12.707,none,15.68,none,,,,,,,11.912,none,12.694,none,,,13.326,13.275,13.331,13.34,5x35,TM5,W,21.739934199447617,1.811661183287301,3.4347714285714286,13.461900000000002,1.121825,4.591575,17.423299999999998,1.4519416666666665,9.2308,12.0,2.4407333333333336,2.4407333333333336,-1.1568035714285712,8.27803419944761,8.278034199447612,0.689836183287301,4.316634199447616,3.961399999999996,39.45207730465592,133.05843824429135,2.6786475601568007,37.83078747658195,122.39270605261277,2.6786475601568007,33.774193548387096,28.0,30.0,9.64516129032258,7.6,14.0,-93.60636093963544,36.77342974449911,-130.37979068413455,-84.56191857603082,35.152139916425156,-119.71405849245596,5.774193548387096,3.774193548387096,2.0,2.0451612903225804,-4.35483870967742,6.4
231,GLU,28.0,1.032,0.241,0.777,1.748,-66.7944777421021,8.578255957289592,-43.88919534808542,6.817355965905625,177.95308682125327,1.8273437957404142,4.357,1.496,28.0,3.6,2.074,5.0,0.757,4.143,1.38,28.0,3.4,1.817,5.0,0.743,0.0,0.0,28.0,0.0,0.0,5.0,0.0,0.214,0.418,28.0,0.2,0.447,5.0,0.014,0.536,0.508,28.0,0.2,0.447,5.0,0.336,0.0,0.0,28.0,0.0,0.0,5.0,0.0,,,,,,,,,,-167.54,-165.38,2.16,NO,t,t,-174.74,-175.87,1.13,,,,38.661866666666675,36.499,0.0,1.0,3.436,BF0,,,10.908,none,8.25,second_shell,9.308,none,,,,,,,8.288,second_shell,6.67,none,,,8.403,9.015,7.944,9.199,5x36,TM5,E,18.25749615384616,1.5214580128205133,5.897830769230769,13.67506,1.1395883333333334,4.83216,6.9123,0.576025,3.0586,12.0,4.2441,2.4407333333333336,-4.2441,4.582436153846153,4.582436153846158,0.3818696794871798,11.34519615384616,-6.76276,9.802529310841756,95.31962400045532,17.134979370964565,9.600670159650454,91.40327689937844,17.134979370964565,41.645161290322584,32.6,43.0,11.258064516129032,6.6,13.0,-85.51709468961357,-7.3324500601228095,-78.18464462949078,-81.802606739728,-7.534309211314112,-74.26829752841388,9.045161290322582,-1.3548387096774164,10.4,4.658064516129032,-1.741935483870968,6.4
232,ASN,28.0,0.95,0.229,0.696,1.458,-69.71237424435168,9.148156434418281,-31.8704987551405,8.12263887456658,176.3615327069469,3.2045433606383305,4.357,1.224,28.0,3.8,1.095,5.0,0.557,3.964,1.138,28.0,3.4,1.14,5.0,0.564,0.357,0.488,28.0,0.4,0.548,5.0,-0.043,0.036,0.189,28.0,0.0,0.0,5.0,0.036,0.0,0.0,28.0,0.0,0.0,5.0,0.0,0.0,0.0,28.0,0.0,0.0,5.0,0.0,,,,,,,,,,-79.4,-77.77,1.63,NO,g-,g-,14.01,-47.25,61.26,,,,38.3161,36.754,0.0,7.0,3.198,1PE;CLR,,,11.825,none,9.953,none,12.165,none,,,,,,,8.621,none,8.402,none,,,10.415,10.443,10.762,10.781,5x37,TM5,N,4.55496,0.56937,1.7170000000000003,2.5995999999999997,0.3249499999999999,1.0800999999999998,1.8612,0.23265,1.687,8.0,0.6369000000000005,0.6369000000000005,-0.26338,1.95536,1.9553600000000009,0.24442,2.69376,-0.7383999999999997,36.74933508006873,86.27538715781529,0.0,28.209105298066746,83.3614259303242,0.0,34.58064516129032,30.6,52.0,10.935483870967742,7.0,23.0,-49.52605207774656,36.74933508006873,-86.27538715781529,-55.15232063225746,28.209105298066746,-83.3614259303242,3.980645161290319,-17.41935483870968,21.4,3.935483870967742,-12.064516129032258,16.0
233,LEU,28.0,0.788,0.195,0.503,1.258,-63.618757140303266,2.761106930559881,-42.1134006316936,4.808209385326781,178.37613978549578,3.1210121286463317,4.607,1.066,28.0,4.6,1.517,5.0,0.007,4.607,1.066,28.0,4.6,1.517,5.0,0.007,0.0,0.0,28.0,0.0,0.0,5.0,0.0,0.0,0.0,28.0,0.0,0.0,5.0,0.0,0.0,0.0,28.0,0.0,0.0,5.0,0.0,0.5,0.509,28.0,0.8,0.447,5.0,-0.3,,,,,,,,,,-176.33,-170.02,6.31,NO,t,t,78.9,90.95,12.05,,,,35.622766666666664,34.194,0.0,6.0,3.729,CLR,,,13.649,none,11.124,none,14.117,none,,,,,,,10.528,none,10.561,none,,,11.578,11.722,12.001,11.783,5x38,TM5,L,3.425312091503268,0.570885348583878,1.2371944444444445,2.6600666666666664,0.4433444444444444,1.3285749999999998,2.2667,0.3777833333333333,1.687,6.0,0.4875,0.4875,-0.23555,0.7652454248366013,0.7652454248366016,0.1275409041394336,1.1586120915032678,-0.3933666666666662,11.4372866061326,50.11181459437899,4.464412600261334,9.10422268301222,46.39305063286678,4.464412600261334,33.96774193548387,34.0,40.0,8.096774193548388,8.0,23.0,-38.67452798824639,6.972874005871266,-45.64740199411766,-37.28882794985456,4.639810082750885,-41.92863803260545,-0.0322580645161281,-6.032258064516128,6.0,0.0967741935483879,-14.903225806451612,15.0
234,LEU,28.0,0.699,0.188,0.495,1.254,-64.99300593279557,3.4888758839193397,-42.42326783825786,3.5851031983451094,179.7234125916346,1.7199616326890927,5.143,0.803,28.0,4.0,1.225,5.0,1.143,5.143,0.803,28.0,4.0,1.225,5.0,1.143,0.0,0.0,28.0,0.0,0.0,5.0,0.0,0.0,0.0,28.0,0.0,0.0,5.0,0.0,0.0,0.0,28.0,0.0,0.0,5.0,0.0,3.107,1.166,28.0,3.0,1.225,5.0,0.107,,,,,,,,,,-179.0,-176.54,2.46,NO,t,t,70.28,100.07,29.79,,,,32.727866666666664,31.445,0.0,7.0,3.72,A1APV;CLR,,,7.97,none,6.085,second_shell,8.813,second_shell,,,,,,,6.43,none,4.531,none,,,6.688,6.698,6.457,6.701,5x39,TM5,L,5.787124979437229,0.5787124979437228,1.77045,4.4737816666666665,0.4473781666666666,1.67504,4.516,0.4516,1.6808,10.0,1.77045,1.77045,-1.1946962499999998,1.3133433127705632,1.313343312770562,0.1313343312770561,1.2711249794372286,0.0422183333333334,17.690905810579626,47.22782939679091,25.60536242752439,7.951497683358894,44.860089553596616,25.158921167498256,36.58064516129032,34.8,35.0,13.935483870967742,7.8,15.0,-29.536923586211284,-7.914456616944765,-21.62246696926652,-36.90859187023772,-17.207423484139362,-19.70116838609836,1.7806451612903231,1.5806451612903205,0.2000000000000028,6.135483870967742,-1.064516129032258,7.2
235,LYS,28.0,0.816,0.205,0.53,1.253,-64.04127739981188,3.437281951613574,-41.82082129503409,4.358627479336742,178.9307065884732,2.0477530031159303,4.679,1.249,28.0,4.6,1.517,5.0,0.079,4.429,1.168,28.0,4.4,1.517,5.0,0.029,0.0,0.0,28.0,0.0,0.0,5.0,0.0,0.25,0.441,28.0,0.2,0.447,5.0,0.05,0.536,0.508,28.0,0.2,0.447,5.0,0.336,0.0,0.0,28.0,0.0,0.0,5.0,0.0,,,,,,,,,,-72.58,-60.43,12.15,NO,g-,g-,-173.43,-172.62,0.81,,,,33.67396666666667,32.258,0.0,17.0,1.507,8QY;8RI;A1A7R;A1APV;A1BNM;BF0;Endomorphin-2;LIG;MOI;NG0;VF1,,,7.323,second_shell,4.457,first_shell,7.794,none,,,,,,,3.873,first_shell,3.255,first_shell,,,4.925,5.255,5.739,5.114,5x40,TM5,K,4.935303733456837,0.6169129666821046,1.9707653846153848,6.51238,0.8140475,3.2844,0.5494,0.068675,0.3646,8.0,1.3136346153846157,0.52225,-1.3136346153846157,-1.5770762665431632,-1.5770762665431637,-0.1971345333178954,4.3859037334568365,-5.96298,24.63390377702375,56.02648375290964,50.14763084502501,23.91458023214736,53.54059279880404,48.80830706494661,33.483870967741936,34.6,23.0,8.258064516129032,5.2,0.0,-31.392579975885887,-25.51372706800126,-5.878852907884628,-29.62601256665668,-24.89372683279925,-4.732285733857431,-1.1161290322580657,10.483870967741936,-11.6,3.058064516129032,8.258064516129032,-5.2
236,ILE,28.0,0.988,0.245,0.541,1.37,-67.52135992684502,5.912361222865599,-40.26196164692182,5.037831106785692,179.31525238775342,1.7107510209411785,5.036,1.232,28.0,5.0,1.414,5.0,0.036,5.036,1.232,28.0,5.0,1.414,5.0,0.036,0.0,0.0,28.0,0.0,0.0,5.0,0.0,0.0,0.0,28.0,0.0,0.0,5.0,0.0,0.0,0.0,28.0,0.0,0.0,5.0,0.0,0.893,0.416,28.0,1.2,0.447,5.0,-0.307,,,,,,,,,,-74.81,-81.51,6.7,NO,g-,g-,-159.35,178.96,21.69,,,,32.499500000000005,31.416,0.0,6.0,3.591,CLR,,,11.02,none,8.993,none,11.151,none,,,,,,,8.346,none,8.183,none,,,9.158,9.723,9.617,9.602,5x41,TM5,I,3.0751208333333335,0.4393029761904762,1.0315,0.83712,0.1195885714285714,0.43072,0.7123,0.1017571428571428,0.4165,7.0,1.0315,1.0315,0.0841499999999999,2.2380008333333334,2.2380008333333334,0.3197144047619047,2.3628208333333336,-0.1248199999999999,20.75667224070992,69.18614623429434,35.66893089452369,12.807811130540411,66.01700914351542,35.222489634497556,41.32258064516129,32.2,32.0,12.548387096774194,6.0,16.0,-48.42947399358442,-14.912258653813767,-33.51721533977065,-53.20919801297501,-22.414678503957145,-30.794519509017867,9.122580645161284,9.322580645161288,-0.2000000000000028,6.548387096774194,-3.451612903225806,10.0
237,CYS,28.0,0.984,0.278,0.565,1.628,-66.00554747608574,4.238264308693484,-39.84772268911516,8.105784450383123,176.8597438761056,3.890227086844255,4.786,1.134,28.0,4.6,0.894,5.0,0.186,4.786,1.134,28.0,4.6,0.894,5.0,0.186,0.0,0.0,28.0,0.0,0.0,5.0,0.0,0.0,0.0,28.0,0.0,0.0,5.0,0.0,0.0,0.0,28.0,0.0,0.0,5.0,0.0,0.0,0.0,28.0,0.0,0.0,5.0,0.0,,,,,,,,,,-110.05,-111.7,1.65,NO,g-,g-,,,,,,,30.23216666666666,28.814,0.0,6.0,3.728,CLR,,,10.439,none,9.06,none,10.9,none,,,,,,,8.358,none,8.27,none,,,8.926,9.263,9.035,9.153,5x42,TM5,C,2.3277760478829213,0.3879626746471535,0.6717764705882353,2.734641666666666,0.4557736111111111,1.081875,0.0,0.0,0.0,6.0,0.6015184782608696,0.2030875,-0.6015184782608696,-0.4068656187837453,-0.4068656187837454,-0.0678109364639575,2.3277760478829213,-2.734641666666666,45.02416075005583,47.35166574320767,90.9503901384247,41.03229097768703,44.51231001085648,45.286058101496856,38.935483870967744,36.4,16.0,12.32258064516129,5.2,1.0,-2.327504993151841,-45.92622938836887,43.598724395217026,-3.480019033169448,-4.253767123809823,0.7737480906403746,2.535483870967745,22.935483870967744,-20.4,7.12258064516129,11.32258064516129,-4.2
238,VAL,28.0,1.082,0.239,0.531,1.523,-67.7556180686896,7.435867942187384,-37.699672788468476,8.001830314231313,179.1754358908505,2.7490335317673837,3.786,1.197,28.0,4.6,1.14,5.0,-0.814,3.714,1.182,28.0,4.6,1.14,5.0,-0.886,0.071,0.262,28.0,0.0,0.0,5.0,0.071,0.0,0.0,28.0,0.0,0.0,5.0,0.0,0.0,0.0,28.0,0.0,0.0,5.0,0.0,3.143,1.177,28.0,3.0,0.0,5.0,0.143,,,,,,,,,,153.32,156.32,3.0,NO,t,t,,,,,,,27.59056666666667,26.565,0.0,28.0,3.125,7V7;8QY;8RI;A1A7R;A1APV;A1AQ2;A1BNM;A1CMV;BF0;EID;EIG;Endomorphin-2;KZR;L0X;LIG;MOI;NG0;VF1;WH2;WH9,,,4.101,first_shell,3.871,first_shell,4.253,first_shell,,,,,,,3.321,first_shell,3.2,first_shell,,,3.48,3.659,3.006,3.641,5x43,TM5,V,4.820457367351677,0.6025571709189597,1.6796931034482758,5.602171666666667,0.7002714583333334,2.45398,3.1103,0.3887875,2.8584,8.0,0.7742868965517242,0.2776363636363637,-0.7742868965517242,-0.7817142993149893,-0.7817142993149897,-0.0977142874143737,1.7101573673516772,-2.491871666666667,57.22349875689043,38.34219585926734,132.66015864684232,31.09561211357754,38.14092448992736,87.66815361772146,30.93548387096774,33.4,19.0,11.0,8.0,8.0,18.881302897623097,-75.43665988995188,94.31796278757496,-7.045312376349816,-56.57254150414391,49.5272291277941,-2.4645161290322584,11.93548387096774,-14.4,3.0,3.0,0.0
239,PHE,28.0,1.169,0.245,0.627,1.745,-66.80290338031274,7.29441166401759,-43.463429063301334,8.330223572786824,-176.67070752977665,2.4917340234707033,4.464,0.744,28.0,4.0,0.707,5.0,0.464,4.464,0.744,28.0,4.0,0.707,5.0,0.464,0.0,0.0,28.0,0.0,0.0,5.0,0.0,0.0,0.0,28.0,0.0,0.0,5.0,0.0,0.0,0.0,28.0,0.0,0.0,5.0,0.0,2.786,0.63,28.0,3.2,0.837,5.0,-0.414,0.3333,,,0.0,,,0.6667,,,176.44,-178.78,4.78,NO,t,t,71.76,55.7,16.06,,,,27.070699999999995,26.026,0.0,2.0,4.04,OLC,,,7.472,second_shell,6.314,second_shell,6.487,second_shell,,,,,,,6.043,second_shell,5.331,second_shell,,,6.461,6.944,6.647,6.777,5x44,TM5,F,12.543670576923075,1.7919529395604392,4.229583333333333,9.73347,1.3904957142857144,4.01932,12.2982,1.7568857142857144,6.5355,7.0,2.39854,2.39854,-1.0877469230769226,2.8102005769230773,2.8102005769230747,0.4014572252747248,0.2454705769230738,2.564730000000001,78.91934691223724,51.126581484612586,116.56590514620794,49.26713836103172,49.73853264967455,93.23002925163682,26.612903225806452,36.4,17.0,8.161290322580646,9.0,3.0,27.79276542762466,-37.646558233970694,65.43932366159535,-0.4713942886428341,-43.9628908906051,43.49149660196227,-9.787096774193548,9.612903225806452,-19.4,-0.8387096774193541,5.161290322580646,-6.0
240,ILE,28.0,1.367,0.326,0.831,2.267,-75.38758117513432,9.310552059677898,-45.31934565526886,12.615920554787703,-174.66842479538278,3.643585594590892,4.429,1.372,28.0,4.2,1.304,5.0,0.229,4.429,1.372,28.0,4.2,1.304,5.0,0.229,0.0,0.0,28.0,0.0,0.0,5.0,0.0,0.0,0.0,28.0,0.0,0.0,5.0,0.0,0.0,0.0,28.0,0.0,0.0,5.0,0.0,1.5,0.745,28.0,1.4,0.548,5.0,0.1,,,,,,,,,,-71.51,-68.48,3.03,NO,g-,g-,-170.55,-76.45,94.1,,,,26.94376666666667,25.794,0.0,6.0,3.623,CLR,,,11.708,none,10.743,none,11.241,none,,,,,,,10.39,none,9.85,none,,,10.6,11.166,10.566,10.911,5x45,TM5,I,5.860439498168499,0.9767399163614164,2.6490466666666665,4.563669999999999,0.7606116666666666,1.9121,7.0557,1.17595,2.9204,6.0,0.7369466666666666,0.7369466666666666,-0.0248089999999998,1.2967694981684983,1.2967694981684996,0.2161282496947498,-1.195260501831501,2.4920300000000006,27.762387037398035,44.122328406803106,146.80589166396516,13.045512138046895,43.67588714677697,106.33503639842948,26.903225806451612,36.6,16.0,2.3548387096774195,12.2,1.0,-16.35994136940507,-119.04350462656711,102.68356325716204,-30.630375008730077,-93.28952426038256,62.659149251652494,-9.69677419354839,10.903225806451612,-20.6,-9.84516129032258,1.3548387096774197,-11.2
241,PHE,28.0,1.523,0.363,0.992,2.567,-84.77929212183241,14.158134477666854,-14.81963597281146,21.86277694629918,179.0395146634373,4.617228273383237,1.148,0.362,27.0,2.0,1.732,5.0,-0.852,1.074,0.267,27.0,2.0,1.732,5.0,-0.926,0.074,0.267,27.0,0.0,0.0,5.0,0.074,0.0,0.0,27.0,0.0,0.0,5.0,0.0,0.0,0.0,27.0,0.0,0.0,5.0,0.0,1.259,0.712,27.0,0.6,0.894,5.0,0.659,0.0,,,0.0,,,1.0,,,-80.03,-72.79,7.24,NO,g-,g-,-39.0,-61.06,22.06,,,,24.746566666666663,22.759,0.0,8.0,3.186,CLR;VV9,,,11.34,none,10.43,none,11.053,none,,,,,,,10.156,none,9.501,none,,,10.596,11.049,10.048,10.958,5x46,TM5,F,7.291390171802988,0.8101544635336653,1.87973,8.044469999999999,0.8938299999999999,2.06675,3.8619,0.4291,2.9204,9.0,0.7571982758620688,0.3831,-0.7571982758620688,-0.7530798281970121,-0.753079828197011,-0.0836755364663346,3.429490171802988,-4.182569999999998,58.46247787187638,89.97851122390037,77.6567774766738,53.12878945571488,88.15685977091388,35.222489634497556,28.161290322580644,32.4,17.0,9.290322580645162,8.4,3.0,-31.51603335202399,-19.194299604797415,-12.321733747226574,-35.028070315199,17.906299821217324,-52.93437013641633,-4.2387096774193544,11.161290322580644,-15.4,0.8903225806451616,6.290322580645162,-5.4
242,ALA,28.0,1.617,0.322,1.205,2.585,-112.42258087803036,17.20461066950664,-10.91685216392767,10.642879642926072,175.26309526532393,6.697642638532522,1.464,0.576,28.0,1.4,0.548,5.0,0.064,1.464,0.576,28.0,1.4,0.548,5.0,0.064,0.0,0.0,28.0,0.0,0.0,5.0,0.0,0.0,0.0,28.0,0.0,0.0,5.0,0.0,0.0,0.0,28.0,0.0,0.0,5.0,0.0,2.643,0.87,28.0,2.2,1.304,5.0,0.443,,,,,,,,,,,,,,,,,,,,,,23.393366666666665,22.458,0.0,2.0,4.147,A1CMV,,,6.913,second_shell,6.79,second_shell,6.733,second_shell,,,,,,,6.346,second_shell,7.112,none,,,6.417,6.801,6.599,6.997,5x461,TM5,A,5.447463267211716,0.4952239333828832,2.2445620689655175,9.359025,0.8508204545454544,2.9138999999999995,4.2379999999999995,0.3852727272727272,2.4461,11.0,1.4022321428571427,0.30884,-1.4022321428571427,-3.9115617327882832,-3.9115617327882832,-0.3555965211625712,1.2094632672117165,-5.1210249999999995,16.044100507462264,31.42790228709341,68.24876514869909,15.279273019832596,29.28498423896797,59.91069550273295,31.451612903225808,32.2,25.0,8.35483870967742,8.8,11.0,-15.383801779631144,-52.20466464123683,36.82086286160568,-14.005711219135373,-44.631422482900355,30.62571126376498,-0.748387096774195,6.451612903225808,-7.200000000000003,-0.4451612903225808,-2.64516129032258,2.1999999999999993
243,PHE,28.0,1.63,0.279,1.178,2.376,-123.26744617059093,6.3078393859745825,-49.888982381091054,12.397864516257252,-172.11368701294913,5.206964246007897,2.25,0.645,28.0,2.2,1.643,5.0,0.05,2.25,0.645,28.0,2.2,1.643,5.0,0.05,0.0,0.0,28.0,0.0,0.0,5.0,0.0,0.0,0.0,28.0,0.0,0.0,5.0,0.0,0.0,0.0,28.0,0.0,0.0,5.0,0.0,2.929,0.539,28.0,2.2,0.837,5.0,0.729,1.0,1.0,0.0,0.0,0.0,0.0,0.08,0.0,0.08,-175.35,-132.87,42.48,NO,t,t,70.4,20.12,50.28,,,,21.521399999999996,20.114,0.0,2.0,3.707,OLC,,,7.989,second_shell,8.121,second_shell,7.979,second_shell,,,,,,,8.093,second_shell,7.582,second_shell,,,7.341,7.63,7.922,7.927,5x47,TM5,F,15.81363398467433,1.2164333834364869,5.303353333333333,12.932340000000002,0.9947953846153847,4.44142,16.9722,1.3055538461538465,5.063,13.0,3.164313333333333,3.164313333333333,-0.644,2.881293984674331,2.881293984674329,0.2216379988211021,-1.15856601532567,4.039859999999999,5.617319677166304,59.272927061312984,18.198460844082273,4.653058482996168,58.26806142392597,14.553166168366918,42.61290322580645,37.0,42.0,21.612903225806452,12.2,10.0,-53.65560738414668,-12.58114116691597,-41.07446621723071,-53.6150029409298,-9.900107685370749,-43.71489525555904,5.612903225806448,0.6129032258064484,5.0,9.412903225806453,11.612903225806452,-2.1999999999999993
244,ILE,28.0,1.468,0.335,0.94,2.275,-73.85276459475153,10.391826720182877,-50.981039573729035,9.40268516132595,177.7609423914277,4.014665968795367,3.25,1.175,28.0,3.0,1.0,5.0,0.25,3.25,1.175,28.0,3.0,1.0,5.0,0.25,0.0,0.0,28.0,0.0,0.0,5.0,0.0,0.0,0.0,28.0,0.0,0.0,5.0,0.0,0.0,0.0,28.0,0.0,0.0,5.0,0.0,2.071,0.813,28.0,2.0,0.707,5.0,0.071,,,,,,,,,,-68.58,-61.43,7.15,NO,g-,g-,-63.44,-58.26,5.18,,,,23.971066666666665,22.889,0.0,5.0,3.714,CLR;OLC,,,11.47,none,11.397,none,11.581,none,,,,,,,11.21,none,11.421,none,,,10.967,11.122,11.386,11.457,5x48,TM5,I,7.1077671866447725,1.1846278644407957,4.229583333333333,5.7780700000000005,0.9630116666666668,4.01932,2.4811,0.4135166666666667,1.419,6.0,0.6431666666666667,0.6431666666666667,-0.2692555555555556,1.3296971866447722,1.329697186644772,0.2216161977741287,4.626667186644772,-3.2969700000000004,8.927262849337417,43.538226745486874,35.9809695848415,8.57430998179153,41.05935934535715,32.29596517798477,34.45161290322581,33.2,44.0,9.03225806451613,10.0,21.0,-34.61096389614946,-27.05370673550409,-7.557257160645371,-32.48504936356562,-23.72165519619324,-8.763394167372383,1.251612903225805,-9.548387096774192,10.799999999999995,-0.96774193548387,-11.96774193548387,11.0
245,MET,28.0,1.663,0.286,1.225,2.434,-63.3350490392534,6.75716168699708,-46.92071362624301,4.8040829735534345,178.7401858997617,4.296644135681692,3.5,0.694,28.0,3.8,1.095,5.0,-0.3,3.5,0.694,28.0,3.8,1.095,5.0,-0.3,0.0,0.0,28.0,0.0,0.0,5.0,0.0,0.0,0.0,28.0,0.0,0.0,5.0,0.0,0.0,0.0,28.0,0.0,0.0,5.0,0.0,1.286,0.937,28.0,0.6,0.894,5.0,0.686,,,,,,,,,,-136.39,-174.87,38.48,NO,t,t,-154.3,172.12,33.58,,,,20.940733333333334,19.098,0.0,10.0,2.591,CLR;P6G;VV9,,,14.096,none,14.234,none,14.467,none,,,,,,,13.569,none,13.267,none,,,13.46,13.876,13.727,14.223,5x49,TM5,M,7.484055641025641,0.9355069551282053,2.6490466666666665,4.187759999999999,0.5234699999999999,1.9121,3.5151000000000003,0.4393875,2.4274,8.0,0.7369466666666666,0.7369466666666666,-0.2354833333333332,3.296295641025641,3.296295641025642,0.4120369551282052,3.968955641025641,-0.6726599999999987,6.777301755849423,45.055469389513576,1.0393435695626232,5.583099963638492,41.394148402474706,0.5361651462126581,38.096774193548384,34.4,47.0,18.70967741935484,8.8,19.0,-38.278167633664154,5.737958186286799,-44.01612581995095,-35.81104843883621,5.046934817425834,-40.857983256262045,3.6967741935483858,-8.903225806451616,12.6,9.90967741935484,-0.2903225806451601,10.2
246,PRO,28.0,1.859,0.275,1.333,2.61,-64.34794838867572,5.7008033373429,-40.27224528179623,4.524534117958058,179.4202464465308,3.1449832718463506,3.036,0.922,28.0,2.8,1.095,5.0,0.236,3.036,0.922,28.0,2.8,1.095,5.0,0.236,0.0,0.0,28.0,0.0,0.0,5.0,0.0,0.0,0.0,28.0,0.0,0.0,5.0,0.0,0.0,0.0,28.0,0.0,0.0,5.0,0.0,2.0,0.272,28.0,1.4,0.548,5.0,0.6,,,,,,,,,,-19.69,8.1,27.79,YES,g-,g+,29.17,-11.71,40.88,,,,17.950833333333335,16.827,0.0,1.0,3.736,VV9,,,11.632,none,11.615,none,11.769,none,,,,,,,11.173,none,11.037,none,,,11.135,11.487,11.759,11.715,5x50,TM5,P,8.038745641025642,0.8038745641025642,2.02821,7.469088333333334,0.7469088333333334,2.29552,4.1973,0.41973,2.1883,10.0,0.8784099999999997,0.7869299999999999,-0.8784099999999997,0.5696573076923085,0.5696573076923084,0.0569657307692308,3.8414456410256417,-3.2717883333333333,19.72342589443772,31.006000007284463,58.37825802223838,17.61811916246389,29.08371286962798,54.360286682003185,33.225806451612904,38.8,40.0,1.5161290322580645,9.4,10.0,-11.282574112846742,-38.65483212780066,27.37225801495391,-11.46559370716409,-36.742167519539294,25.276573812375204,-5.574193548387093,-6.774193548387096,1.2000000000000028,-7.883870967741936,-8.483870967741936,0.5999999999999996
247,VAL,28.0,1.278,0.236,0.854,1.871,-64.35537812315162,3.3304699576582304,-41.71463389305673,5.396140954470158,178.5671546198284,2.6037784496597594,5.0,1.491,28.0,5.6,1.673,5.0,-0.6,4.143,1.484,28.0,4.8,1.304,5.0,-0.657,0.857,0.356,28.0,0.8,0.447,5.0,0.057,0.0,0.0,28.0,0.0,0.0,5.0,0.0,0.0,0.0,28.0,0.0,0.0,5.0,0.0,2.821,0.39,28.0,1.6,0.894,5.0,1.221,,,,,,,,,,162.48,167.67,5.19,NO,t,t,,,,,,,18.224133333333334,16.414,0.0,2.0,4.409,OLC,,,12.806,none,12.561,none,12.443,none,,,,,,,12.975,none,12.097,none,,,12.144,12.381,12.655,12.637,5x51,TM5,V,3.820062283524904,0.4244513648361004,1.3107724137931034,2.6717466666666665,0.2968607407407407,1.2792,4.915100000000001,0.5461222222222223,1.7129,9.0,1.3107724137931034,1.3107724137931034,-0.5165,1.1483156168582376,1.1483156168582376,0.1275906240953597,-1.0950377164750966,2.243353333333334,15.655935960063054,54.66248590412994,62.588337753240594,13.380042267124772,51.37519770243972,57.174305469603155,41.54838709677419,32.2,38.0,12.483870967741936,5.2,11.0,-39.00654994406688,-46.93240179317754,7.925851849110657,-37.99515543531495,-43.79426320247838,5.799107767163434,9.34838709677419,3.548387096774192,5.799999999999997,7.283870967741936,1.483870967741936,5.8
248,LEU,28.0,1.417,0.217,1.121,1.985,-64.27983805220723,3.160994137373681,-43.15093539507628,7.362604727561459,-179.1845836488191,3.2292358560513468,4.714,1.357,28.0,5.0,1.414,5.0,-0.286,4.393,1.166,28.0,5.0,1.414,5.0,-0.607,0.321,0.476,28.0,0.0,0.0,5.0,0.321,0.0,0.0,28.0,0.0,0.0,5.0,0.0,0.0,0.0,28.0,0.0,0.0,5.0,0.0,0.679,0.476,28.0,0.8,0.447,5.0,-0.121,,,,,,,,,,-90.98,-84.46,6.52,NO,g-,g-,163.17,-108.73,88.1,,,,19.287366666666667,18.594,0.0,6.0,3.693,CLR,,,17.296,none,17.263,none,17.15,none,,,,,,,17.135,none,16.194,none,,,16.54,16.851,17.032,17.064,5x52,TM5,L,1.5666444444444445,0.2238063492063491,0.5607,1.5287,0.2183857142857142,0.644,0.9784,0.1397714285714285,0.9784,7.0,0.644,0.5607,-0.644,0.0379444444444444,0.0379444444444443,0.0054206349206349,0.5882444444444442,-0.5502999999999999,66.24686630355778,60.01326326688488,7.263990533630318,50.42219320633362,58.670604162605926,7.263990533630318,27.516129032258064,37.4,38.0,7.741935483870968,6.2,7.0,6.233603036672896,58.98287576992746,-52.74927273325456,-8.24841095627231,43.1582026727033,-51.406613628975606,-9.883870967741936,-10.483870967741936,0.6000000000000014,1.5419354838709678,0.741935483870968,0.7999999999999998
249,ILE,28.0,1.871,0.325,1.305,2.643,-66.60411082312292,8.14002403055068,-45.193227056463684,6.657988676123759,-177.54545647852856,3.3523916346258,4.75,1.236,28.0,4.4,2.074,5.0,0.35,4.714,1.243,28.0,4.4,2.074,5.0,0.314,0.036,0.189,28.0,0.0,0.0,5.0,0.036,0.0,0.0,28.0,0.0,0.0,5.0,0.0,0.0,0.0,28.0,0.0,0.0,5.0,0.0,1.536,0.637,28.0,0.6,0.548,5.0,0.936,,,,,,,,,,-86.2,-80.89,5.31,NO,g-,g-,168.47,172.24,3.77,,,,14.753700000000002,13.534,0.0,10.0,3.654,CLR;P6G;VV9,,,17.434,none,17.329,none,17.613,none,,,,,,,17.298,none,17.956,none,,,16.929,17.319,17.255,17.526,5x53,TM5,I,4.336625338223746,0.4336625338223746,0.9641666666666668,2.1782916666666665,0.2178291666666666,1.3264999999999998,1.6559,0.16559,0.8493,10.0,0.6304666666666667,0.6304666666666667,-0.5284749999999999,2.1583336715570782,2.158333671557079,0.2158333671557079,2.6807253382237457,-0.5223916666666666,40.48989078347398,56.8595147441208,21.636672204048494,21.01062845665627,53.53818424443629,21.636672204048494,34.354838709677416,34.6,45.0,13.548387096774194,6.6,19.0,-16.36962396064682,18.853218579425484,-35.22284254007231,-32.52755578778002,-0.6260437473922273,-31.90151204038779,-0.245161290322585,-10.645161290322584,10.4,6.948387096774194,-5.451612903225806,12.4
250,ILE,28.0,1.902,0.25,1.491,2.449,-67.64501993362381,7.145501001710457,-40.074645308836274,11.076536155014493,-179.43185649635387,3.7518145381161734,3.393,1.499,28.0,5.8,0.447,5.0,-2.407,3.393,1.499,28.0,5.8,0.447,5.0,-2.407,0.0,0.0,28.0,0.0,0.0,5.0,0.0,0.0,0.0,28.0,0.0,0.0,5.0,0.0,0.0,0.0,28.0,0.0,0.0,5.0,0.0,1.893,0.832,28.0,1.8,0.837,5.0,0.093,,,,,,,,,,-22.41,-72.88,50.47,NO,g-,g-,176.33,167.27,9.06,,,,11.930166666666668,10.347,0.0,,,,,,14.703,none,15.387,none,15.431,none,,,,,,,15.569,none,15.735,none,,,14.346,13.992,14.292,13.838,5x54,TM5,I,8.36360046877249,0.6433538822132684,2.9127166666666673,7.08092,0.5446861538461538,2.54058,7.9282,0.6098615384615385,3.4596,13.0,1.2268565217391303,1.2268565217391303,-1.0678181818181822,1.2826804687724895,1.282680468772489,0.0986677283671145,0.4354004687724888,0.8472800000000005,22.181345492558968,48.5843408302771,107.0411774151646,16.34997086639786,48.00322158758667,101.39097590379356,33.064516129032256,38.4,32.0,3.838709677419355,7.8,5.0,-26.40299533771813,-84.85983192260565,58.45683658488751,-31.65325072118881,-85.0410050373957,53.3877543162069,-5.335483870967742,1.0645161290322562,-6.399999999999999,-3.961290322580645,-1.161290322580645,-2.8
251,THR,28.0,2.035,0.234,1.673,2.485,-68.43378403500701,7.325638510942681,-43.05928555300941,6.410980029753612,-179.72096257908674,2.8287228680456034,4.821,1.565,28.0,5.2,1.789,5.0,-0.379,3.643,1.283,28.0,4.4,1.517,5.0,-0.757,1.179,0.67,28.0,0.8,0.447,5.0,0.379,0.0,0.0,28.0,0.0,0.0,5.0,0.0,0.0,0.0,28.0,0.0,0.0,5.0,0.0,0.0,0.0,28.0,0.0,0.0,5.0,0.0,,,,,,,,,,-26.16,-84.15,57.99,NO,g-,g-,,,,,,,14.938566666666667,13.341,0.0,,,,,,18.372,none,18.243,none,18.104,none,,,,,,,18.437,none,18.337,none,,,18.119,18.425,18.081,18.573,5x55,TM5,T,1.6790540402930405,0.20988175503663,0.4420159999999999,0.5174666666666666,0.0646833333333333,0.2678,0.3434,0.042925,0.3434,8.0,0.3795692307692307,0.3795692307692307,-0.1319749999999999,1.1615873736263735,1.1615873736263738,0.1451984217032967,1.3356540402930404,-0.1740666666666666,22.642212236658494,81.86449577719807,30.69388382434787,21.21432864870371,74.44207367884965,28.68117013094801,37.096774193548384,30.8,46.0,13.903225806451612,2.6,11.0,-59.22228354053958,-8.051671587689377,-51.1706119528502,-53.22774503014594,-7.466841482244302,-45.76090354790164,6.296774193548384,-8.903225806451616,15.2,11.303225806451612,2.903225806451612,8.4
252,VAL,28.0,1.909,0.2,1.638,2.337,-67.29521516170955,4.1902390044739555,-44.38209785163574,4.186970107662607,-178.40992664625222,1.890864616482932,4.286,1.243,28.0,4.8,1.304,5.0,-0.514,4.286,1.243,28.0,4.8,1.304,5.0,-0.514,0.0,0.0,28.0,0.0,0.0,5.0,0.0,0.0,0.0,28.0,0.0,0.0,5.0,0.0,0.0,0.0,28.0,0.0,0.0,5.0,0.0,0.929,0.378,28.0,0.6,0.548,5.0,0.329,,,,,,,,,,165.87,164.26,1.61,NO,t,t,,,,,,,15.383266666666668,14.715,0.0,6.0,3.659,CLR,,,20.811,none,19.671,none,20.144,none,,,,,,,18.678,none,21.938,none,,,21.688,21.983,22.289,22.348,5x56,TM5,V,1.096058571428571,0.1565797959183673,0.5256464285714285,0.3001666666666667,0.0428809523809523,0.3001666666666667,1.1971,0.1710142857142857,0.8493,7.0,0.2254797619047618,0.2254797619047618,0.0,0.7958919047619047,0.7958919047619046,0.1136988435374149,-0.1010414285714287,0.8969333333333334,12.060349218560535,57.36084905258311,1.0063568466999302,10.386041974206291,53.84009129844626,1.0063568466999302,36.03225806451613,36.4,49.0,12.806451612903226,5.6,25.0,-45.300499834022574,11.053992371860607,-56.35449220588318,-43.45404932423997,9.37968512750636,-52.83373445174633,-0.3677419354838704,-12.967741935483872,12.6,7.206451612903226,-12.193548387096774,19.4
253,CYS,28.0,1.776,0.2,1.511,2.303,-64.74431128962695,3.353456371035392,-43.57557235340177,6.829068540096343,179.3519161020762,3.769947568015677,3.393,1.449,28.0,4.4,1.14,5.0,-1.007,3.321,1.541,28.0,4.4,1.14,5.0,-1.079,0.0,0.0,28.0,0.0,0.0,5.0,0.0,0.071,0.262,28.0,0.0,0.0,5.0,0.071,0.0,0.0,28.0,0.0,0.0,5.0,0.0,0.0,0.0,28.0,0.0,0.0,5.0,0.0,,,,,,,,,,-77.7,-71.96,5.74,NO,g-,g-,,,,,,,10.908566666666664,10.127,0.0,6.0,4.087,CLR,,,21.59,none,19.604,none,21.279,none,,,,,,,18.506,none,22.761,none,,,22.062,21.755,22.102,21.435,5x57,TM5,C,7.777798965517241,0.9722248706896552,4.398856666666666,5.2474050000000005,0.6559256250000001,2.15878,6.0356,0.75445,3.892,8.0,2.240076666666666,2.240076666666666,-0.4470544827586205,2.530393965517241,2.5303939655172405,0.316299245689655,1.7421989655172414,0.7881949999999991,25.999499716827703,42.46481155639851,46.88378834930853,25.569049501214003,37.908128285506145,41.91619732569723,48.0,37.2,37.0,20.774193548387096,6.4,9.0,-16.465311839570813,-20.88428863248083,4.418976792910016,-12.33907878429214,-16.34714782448323,4.008069040191089,10.799999999999995,11.0,-0.2000000000000028,14.374193548387096,11.774193548387096,2.5999999999999996
254,TYR,28.0,2.655,0.179,2.359,3.179,-73.57609897156503,7.924253621315913,-31.891806812819453,5.011945824029156,175.63791400421215,2.360549619037802,4.964,1.503,28.0,6.0,0.707,5.0,-1.036,3.464,0.793,28.0,4.6,1.14,5.0,-1.136,0.0,0.0,28.0,1.4,0.894,5.0,-1.4,1.5,1.171,28.0,0.0,0.0,5.0,1.5,0.0,0.0,28.0,0.0,0.0,5.0,0.0,0.0,0.0,28.0,0.0,0.0,5.0,0.0,0.0,,,1.0,,,0.0,,,-80.09,-89.24,9.15,NO,g-,g-,-41.7,-62.9,21.2,,,,6.196399999999999,5.344,1.0,,,,,,19.397,none,20.257,none,20.795,none,,,,,,,20.535,none,19.94,none,,,18.551,18.174,19.117,17.602,5x58,TM5,Y,17.26651892656193,1.328193763581687,5.980833333333333,21.03012,1.6177015384615383,6.62018,11.5583,0.8891000000000001,5.9821,13.0,6.62018,4.077293333333333,-6.62018,-3.7636010734380703,-3.763601073438071,-0.2895077748798516,5.708218926561928,-9.47182,20.711088913626146,55.68259350187462,52.093240119344195,19.017952719495725,52.028648974386385,39.35848013875261,38.25806451612903,39.8,35.0,12.03225806451613,10.2,4.0,-34.97150458824848,-31.38215120571805,-3.589353382530426,-33.01069625489066,-20.340527419256887,-12.670168835633774,-1.5419354838709651,3.258064516129032,-4.799999999999997,1.8322580645161304,8.03225806451613,-6.199999999999999
255,GLY,28.0,2.878,0.195,2.524,3.392,-65.51080994444034,3.221997333621415,-43.75181320589929,5.011615198049556,176.1688156885792,1.990923363785468,5.25,0.518,28.0,3.4,1.342,5.0,1.85,5.25,0.518,28.0,3.4,1.342,5.0,1.85,0.0,0.0,28.0,0.0,0.0,5.0,0.0,0.0,0.0,28.0,0.0,0.0,5.0,0.0,0.0,0.0,28.0,0.0,0.0,5.0,0.0,0.0,0.0,28.0,0.0,0.0,5.0,0.0,,,,,,,,,,,,,,,,,,,,,,10.746933333333335,9.805,1.0,,,,,,24.415,none,24.715,none,24.669,none,,,,,,,24.458,none,24.589,none,,,24.132,24.123,23.989,23.888,5x59,TM5,G,0.0704411764705882,0.0704411764705882,0.0704411764705882,0.0,0.0,0.0,0.0,0.0,0.0,1.0,0.0704411764705882,0.0704411764705882,0.0704411764705882,0.0704411764705882,0.0704411764705882,0.0704411764705882,0.0704411764705882,0.0,5.951720257772928,28.237275655366386,1.5095352700498954,3.846880204320701,4.718253286671391,1.5095352700498954,44.064516129032256,34.8,39.0,21.06451612903226,3.8,21.0,-22.285555397593455,4.442184987723033,-26.72774038531649,-0.8713730823506904,2.3373449342708055,-3.208718016621496,9.26451612903226,5.064516129032256,4.200000000000003,17.26451612903226,0.0645161290322597,17.2
256,LEU,28.0,2.049,0.172,1.701,2.49,-66.48656768535969,6.439040370571206,-34.696943651081725,5.259880613513193,177.00717405844256,2.1310880246873474,3.964,1.036,28.0,4.8,1.304,5.0,-0.836,3.964,1.036,28.0,4.8,1.304,5.0,-0.836,0.0,0.0,28.0,0.0,0.0,5.0,0.0,0.0,0.0,28.0,0.0,0.0,5.0,0.0,0.0,0.0,28.0,0.0,0.0,5.0,0.0,1.321,0.67,28.0,1.0,1.0,5.0,0.321,,,,,,,,,,-74.14,-82.87,8.73,NO,g-,g-,167.77,99.75,68.02,,,,12.014566666666669,11.578,0.0,6.0,3.661,CLR,,,21.889,none,20.437,none,21.287,none,,,,,,,19.365,none,27.665,none,,,26.857,27.317,27.263,27.333,5x60,TM5,L,4.746489733893558,0.791081622315593,2.850046666666667,5.796036666666667,0.9660061111111112,3.70336,3.9015,0.65025,2.3318,6.0,0.8981,0.4900542857142858,-0.8981,-1.0495469327731088,-1.0495469327731088,-0.1749244887955181,0.8449897338935579,-1.8945366666666668,25.809799880428432,52.2365114051136,0.9588402578143846,24.813258821742664,49.21084980362659,0.5031784233499651,35.29032258064516,41.2,36.0,9.129032258064516,11.6,19.0,-26.42671152468517,24.85095962261405,-51.277671147299216,-24.397590981883923,24.3100803983927,-48.70767138027662,-5.909677419354843,-0.7096774193548399,-5.200000000000003,-2.4709677419354836,-9.870967741935484,7.4
257,MET,28.0,2.36,0.163,1.986,2.667,-63.74174023935636,2.6207928476111317,-43.66814252832437,2.4608615495190658,179.89990152290514,2.1319061656946845,5.25,0.645,28.0,5.2,0.837,5.0,0.05,5.25,0.645,28.0,5.0,0.707,5.0,0.25,0.0,0.0,28.0,0.2,0.447,5.0,-0.2,0.0,0.0,28.0,0.0,0.0,5.0,0.0,0.0,0.0,28.0,0.0,0.0,5.0,0.0,2.75,0.844,28.0,0.4,0.548,5.0,2.35,,,,,,,,,,-177.69,-99.59,78.1,YES,t,g-,-173.53,173.53,12.94,,,,3.923866666666667,3.547,1.0,,,,,,25.762,none,26.134,none,26.689,none,,,,,,,25.276,none,26.051,none,,,24.407,24.129,25.113,23.693,5x61,TM5,M,8.444668542938542,0.6495898879183494,2.5734899999999996,12.98387,0.9987592307692308,3.36364,9.8408,0.7569846153846154,4.2809,13.0,2.9509992592592593,1.4426149999999998,-2.9509992592592593,-4.5392014570614565,-4.539201457061457,-0.3491693428508814,-1.3961314570614576,-3.14307,29.035519824904927,18.87429701088333,43.83956936001675,20.22312660850073,4.385035025880633,15.713769978370348,36.064516129032256,40.6,40.0,14.516129032258064,10.4,17.0,10.1612228140216,-14.804049535111826,24.965272349133425,15.838091582620098,4.509356630130384,11.328734952489716,-4.535483870967745,-3.935483870967744,-0.6000000000000014,4.116129032258064,-2.483870967741936,6.6
258,ILE,28.0,3.068,0.181,2.71,3.382,-66.9855969062548,3.1349036354707396,-38.841933551293636,3.4791642990044305,177.1610652263126,1.9240993962813846,5.286,0.659,28.0,4.2,1.643,5.0,1.086,5.286,0.659,28.0,4.2,1.643,5.0,1.086,0.0,0.0,28.0,0.0,0.0,5.0,0.0,0.0,0.0,28.0,0.0,0.0,5.0,0.0,0.0,0.0,28.0,0.0,0.0,5.0,0.0,1.571,0.742,28.0,0.0,0.0,5.0,1.571,,,,,,,,,,-69.82,-67.24,2.58,NO,g-,g-,-106.24,-100.69,5.55,,,,7.6374,4.422,1.0,,,,,,25.907,none,26.852,none,26.647,none,,,,,,,28.188,none,26.974,none,,,25.674,26.379,26.746,26.052,5x62,TM5,I,5.693771641102526,0.5693771641102525,2.016268965517242,0.8747,0.08747,0.8747,0.1378,0.01378,0.1378,10.0,2.016268965517242,2.016268965517242,-0.2429434782608696,4.819071641102525,4.819071641102526,0.4819071641102525,5.555971641102525,-0.7369,157.2714329914932,97.6794396997797,29.71831982164088,126.4196278916598,91.77974441903363,29.71831982164088,23.838709677419356,29.2,41.0,7.580645161290323,3.2,15.0,59.59199329171351,127.55311316985234,-67.96111987813883,34.63988347262615,96.70130807001892,-62.06142459739276,-5.361290322580643,-17.161290322580644,11.8,4.380645161290323,-7.419354838709677,11.8
259,LEU,28.0,2.725,0.195,2.366,3.078,-63.17223906846753,2.9070972985785297,-40.22471120819995,5.781775425966241,177.69629507882874,2.618030942569518,3.607,1.397,28.0,3.2,1.483,5.0,0.407,3.571,1.372,28.0,3.2,1.483,5.0,0.371,0.036,0.189,28.0,0.0,0.0,5.0,0.036,0.0,0.0,28.0,0.0,0.0,5.0,0.0,0.0,0.0,28.0,0.0,0.0,5.0,0.0,0.429,0.504,28.0,0.4,0.548,5.0,0.029,,,,,,,,,,-78.35,-80.2,1.85,NO,g-,g-,-174.15,165.21,20.64,,,,11.655933333333333,9.786,0.0,,,,,,27.875,none,26.542,none,27.027,none,,,,,,,25.211,none,30.691,none,,,30.144,30.475,30.338,30.556,5x63,TM5,L,1.2012656862745097,0.2402531372549019,0.50475,0.30495,0.06099,0.27415,0.4616,0.09232,0.2529,5.0,0.50475,0.50475,-0.0582676470588235,0.8963156862745099,0.8963156862745096,0.1792631372549019,0.7396656862745097,0.15665,52.85254093744601,64.95318000081072,139.63746837885705,36.302559392437544,50.42507536423905,119.37135785783916,24.387096774193548,36.4,27.0,6.580645161290323,7.6,10.0,-12.10063906336471,-86.78492744141104,74.68428837804633,-14.122515971801503,-83.06879846540161,68.94628249360011,-12.01290322580645,-2.612903225806452,-9.4,-1.0193548387096767,-3.419354838709677,2.4000000000000004
260,ARG,28.0,2.354,0.21,1.97,2.775,-69.4678623300588,6.835795135887709,-37.52538279546139,7.883950394045799,179.92648442860659,3.1989788053797645,5.786,1.197,28.0,4.8,1.789,5.0,0.986,5.179,0.612,28.0,4.4,1.817,5.0,0.779,0.5,0.839,28.0,0.2,0.447,5.0,0.3,0.107,0.315,28.0,0.2,0.447,5.0,-0.093,0.0,0.0,28.0,0.0,0.0,5.0,0.0,0.0,0.0,28.0,0.0,0.0,5.0,0.0,0.0,0.0,0.0,1.0,1.5,-0.5,0.0,0.0,0.0,-175.16,-123.9,51.26,YES,t,g-,59.21,123.58,64.37,,,,3.827633333333333,3.155,1.0,,,,,,28.71,none,26.89,none,28.408,none,,,,,,,23.189,none,33.16,none,,,31.732,31.381,32.07,31.214,5x64,TM5,R,5.377057048398877,0.4888233680362615,1.9942620689655168,10.354985,0.9413622727272728,4.4393,3.4309,0.3119,3.4309,11.0,4.4393,1.088226724137931,-4.4393,-4.977927951601124,-4.977927951601123,-0.4525389046910111,1.9461570483988768,-6.924085,44.897364043722966,66.13294752600105,71.28041253138873,42.5649760697316,55.669545420386726,69.4946474912842,29.225806451612904,30.2,39.0,9.96774193548387,4.6,24.0,-21.23558348227808,-26.383048487665768,5.147465005387687,-13.104569350655126,-26.9296714215526,13.825102070897472,-0.9741935483870954,-9.774193548387096,8.8,5.3677419354838705,-14.03225806451613,19.4
261,LEU,28.0,2.89,0.219,2.248,3.267,-69.53307380217483,6.813891055244793,-26.519288314405557,20.348386684782376,176.1709607456606,4.622060282910383,3.857,0.651,28.0,2.8,1.095,5.0,1.057,3.857,0.651,28.0,2.4,1.14,5.0,1.457,0.0,0.0,28.0,0.4,0.548,5.0,-0.4,0.0,0.0,28.0,0.0,0.0,5.0,0.0,0.0,0.0,28.0,0.0,0.0,5.0,0.0,5.286,0.937,28.0,1.6,0.548,5.0,3.686,,,,,,,,,,-76.94,-106.2,29.26,NO,g-,g-,-179.95,80.13,99.92,,,,3.7246333333333324,3.321,1.0,,,,,,29.569,none,30.375,none,30.872,none,,,,,,,29.886,none,30.629,none,,,28.963,28.835,29.725,28.546,5x65,TM5,L,7.749084526610645,0.6457570438842204,2.197008,7.051985,0.5876654166666667,4.8171,1.082,0.0901666666666666,1.082,12.0,4.8171,1.51031,-4.8171,0.6970995266106443,0.6970995266106446,0.0580916272175536,6.667084526610645,-5.969985,40.601244703983305,78.17752368614262,0.0,35.8974464593807,67.8284514675753,0.0,29.225806451612904,27.0,42.0,3.935483870967742,7.2,17.0,-37.57627898215931,40.601244703983305,-78.17752368614262,-31.931005008194603,35.8974464593807,-67.8284514675753,2.225806451612904,-12.774193548387096,15.0,-3.264516129032258,-13.064516129032258,9.8
262,LYS,28.0,3.049,0.242,2.318,3.456,-71.7506313227802,17.828975904246914,-24.464314175618984,23.635434465888984,-178.30965172617687,5.152269278781222,3.036,1.105,28.0,2.25,0.5,4.0,0.786,2.75,0.844,28.0,2.25,0.5,4.0,0.5,0.286,0.6,28.0,0.0,0.0,4.0,0.286,0.0,0.0,28.0,0.0,0.0,4.0,0.0,0.0,0.0,28.0,0.0,0.0,4.0,0.0,0.0,0.0,28.0,0.0,0.0,4.0,0.0,,,,,,,,,,-75.85,-75.92,0.07,NO,g-,g-,-169.92,179.66,10.42,,,,10.722499999999997,2.933,1.0,,,,,,32.584,none,32.983,none,32.68,none,,,,,,,32.101,none,32.662,none,,,31.643,32.633,32.633,32.358,5x66,TM5,K,5.698567632850241,0.8140810904071774,2.83005,0.8747,0.1249571428571428,0.8747,0.0,0.0,0.0,7.0,2.83005,2.83005,-0.2429434782608696,4.8238676328502414,4.8238676328502414,0.6891239475500345,5.698567632850241,-0.8747,70.6980494206909,87.3299527909821,88.84194164489446,51.133654155531666,62.38383577945517,72.31439444948924,29.419354838709676,24.6,20.0,11.67741935483871,2.6,4.0,-16.631903370291212,-18.14389222420357,1.5119888539123565,-11.250181623923504,-21.180740293957577,9.930558670034074,4.819354838709675,9.419354838709676,-4.600000000000001,9.07741935483871,7.67741935483871,1.4
263,SER,28.0,3.295,0.201,2.788,3.689,-91.0877693953254,20.760396656737605,-1.9359018557976204,30.285617339722638,-178.3169052486776,3.4112025393203957,3.214,1.258,28.0,1.5,0.577,4.0,1.714,2.714,0.937,28.0,1.5,0.577,4.0,1.214,0.393,0.629,28.0,0.0,0.0,4.0,0.393,0.107,0.315,28.0,0.0,0.0,4.0,0.107,0.0,0.0,28.0,0.0,0.0,4.0,0.0,0.0,0.0,28.0,0.0,0.0,4.0,0.0,,,,,,,,,,-148.15,-159.78,11.63,YES,g-,t,,,,,,,7.652800000000001,6.51,1.0,,,,,,32.644,none,30.575,none,31.776,none,,,,,,,29.791,none,36.736,none,,,36.477,36.292,36.856,36.166,5x67,TM5,S,1.2678461538461538,0.1811208791208791,0.7946961538461538,0.0,0.0,0.0,0.3907,0.0558142857142857,0.2529,7.0,0.7946961538461538,0.7946961538461538,0.0,1.2678461538461538,1.2678461538461538,0.1811208791208791,0.8771461538461538,0.3907,62.69750336867357,70.21131493780396,124.46146052296491,44.79763840750553,44.541601173561,94.92468810478724,24.419354838709676,21.6,17.0,9.258064516129032,6.2,2.0,-7.513811569130389,-61.763957154291354,54.250145585160965,0.2560372339445322,-50.12704969728172,50.38308693122625,2.8193548387096747,7.419354838709676,-4.600000000000001,3.058064516129032,7.258064516129032,-4.2
264,VAL,28.0,3.54,0.584,1.696,4.36,-85.40702346397086,20.9964304063804,139.41893246065243,25.74032420391753,-177.51129352508494,27.103314883526217,3.607,1.031,28.0,0.6,0.548,5.0,3.007,3.107,1.133,28.0,0.6,0.548,5.0,2.507,0.5,0.509,28.0,0.0,0.0,5.0,0.5,0.0,0.0,28.0,0.0,0.0,5.0,0.0,0.0,0.0,28.0,0.0,0.0,5.0,0.0,1.214,0.738,28.0,1.2,0.447,5.0,0.014,,,,,,,,,,149.29,155.44,6.15,NO,t,t,,,,,,,4.001933333333334,3.009,1.0,,,,,,34.0,none,31.755,none,33.552,none,,,,,,,30.481,none,36.341,none,,,35.588,34.475,35.154,34.601,5x68,TM5,V,7.926047069053708,0.9907558836317136,5.0049,2.5936250000000003,0.324203125,1.0554,0.0,0.0,0.0,8.0,5.0049,5.0049,-0.5756000000000001,5.332422069053708,5.332422069053708,0.6665527586317135,7.926047069053708,-2.5936250000000003,17.2591601102534,57.24903348685655,4.301657156854359,12.101037234898127,30.39197677033789,0.0,41.58064516129032,19.2,42.0,13.35483870967742,1.2,10.0,-39.98987337660314,12.95750295339904,-52.947376330002186,-18.29093953543976,12.101037234898127,-30.39197677033789,22.38064516129032,-0.4193548387096797,22.8,12.15483870967742,3.35483870967742,8.8
265,ARG,28.0,3.3,0.471,2.537,4.142,-73.72199172841681,15.366228301993633,-31.740115983483676,35.68423622017276,-178.65454388621123,4.46354692493066,1.885,0.993,26.0,2.0,1.414,2.0,-0.115,1.423,0.809,26.0,0.5,0.707,2.0,0.923,0.462,0.508,26.0,1.5,0.707,2.0,-1.038,0.0,0.0,26.0,0.0,0.0,2.0,0.0,0.0,0.0,26.0,0.0,0.0,2.0,0.0,0.0,0.0,26.0,0.0,0.0,2.0,0.0,,,,,,,,,,-152.56,179.33,28.11,NO,t,t,-175.57,-174.19,1.38,,,,3.2548000000000004,2.385,1.0,,,,,,39.299,none,37.082,none,38.671,none,,,,,,,36.447,none,42.241,none,,,42.427,41.206,40.262,40.368,,ICL3,R,1.6499666666666668,0.3299933333333333,1.5635666666666668,2.040675,0.408135,0.9002749999999999,0.0,0.0,0.0,5.0,1.5635666666666668,1.5635666666666668,-0.8138749999999999,-0.3907083333333331,-0.3907083333333334,-0.0781416666666666,1.6499666666666668,-2.040675,60.59872135305502,126.58175282079924,26.01452345472792,45.59750343616993,91.85008991453527,22.492274491278167,25.870967741935484,16.0,29.0,10.774193548387096,2.4,8.0,-65.98303146774421,34.5841978983271,-100.56722936607132,-46.252586478365345,23.105228944891763,-69.35781542325711,9.870967741935484,-3.129032258064516,13.0,8.374193548387096,2.774193548387096,5.6
266,MET,28.0,2.811,0.903,1.72,5.849,-84.38731470511165,26.626516824759623,-9.159386727238369,57.854996948727326,-178.77196911077914,5.25400252438392,1.217,0.422,23.0,,,0.0,,1.174,0.388,23.0,,,0.0,,0.0,0.0,23.0,,,0.0,,0.043,0.209,23.0,,,0.0,,0.0,0.0,23.0,,,0.0,,0.0,0.0,23.0,,,0.0,,,,,,,,,,,178.48,-91.87,89.65,YES,t,g-,83.89,151.07,67.18,,,,3.4034666666666666,3.162,1.0,,,,,,36.792,none,36.447,none,38.367,none,,,,,,,34.243,none,38.252,none,,,40.419,36.479,44.243,32.148,,ICL3,M,7.603852241758242,0.9504815302197802,3.9923928571428577,4.72105,0.59013125,2.458775,1.082,0.13525,1.082,8.0,3.9923928571428577,3.9923928571428577,-2.458775,2.8828022417582417,2.8828022417582417,0.3603502802197802,6.521852241758242,-3.63905,9.331852183618654,51.97893719763415,1.5095352700498954,6.554360828924223,35.47407884617254,1.5095352700498954,44.774193548387096,29.0,38.0,18.35483870967742,9.0,16.0,-42.6470850140155,7.822316913568759,-50.46940192758426,-28.91971801724831,5.044825558874328,-33.964543576122644,15.774193548387096,6.774193548387096,9.0,9.35483870967742,2.35483870967742,7.0
267,LEU,28.0,6.839,1.604,5.922,12.931,-101.37916802058301,27.088423596662633,-7.813611127834067,35.85090911565575,-178.84422155884786,4.542175568266124,1.654,1.018,26.0,1.0,0.816,4.0,0.654,1.654,1.018,26.0,0.25,0.5,4.0,1.404,0.0,0.0,26.0,0.75,0.5,4.0,-0.75,0.0,0.0,26.0,0.0,0.0,4.0,0.0,0.0,0.0,26.0,0.0,0.0,4.0,0.0,2.923,0.796,26.0,3.5,0.577,4.0,-0.577,,,,,,,,,,-68.6,-70.86,2.26,NO,g-,g-,171.15,170.48,0.67,,,,4.050433333333333,3.304,1.0,,,,,,33.883,none,34.553,none,35.439,none,,,,,,,34.115,none,33.864,none,,,34.596,33.048,46.605,37.181,,ICL3,L,16.129473323006515,1.3441227769172095,5.592892307692309,10.692133333333333,0.8910111111111111,4.211775,0.0,0.0,0.0,12.0,5.592892307692309,5.592892307692309,-2.1602365384615387,5.43733998967318,5.437339989673182,0.4531116658060984,16.129473323006515,-10.692133333333333,66.69433567511523,119.2246821328308,4.528605810149686,42.26049831463626,90.20376446436032,4.528605810149686,21.258064516129032,19.75,39.0,4.612903225806452,10.0,19.0,-52.53034645771558,62.16572986496554,-114.69607632268112,-47.943266149724074,37.731892504486574,-85.67515865421065,1.508064516129032,-17.741935483870968,19.25,-5.387096774193548,-14.387096774193548,9.0
268,SER,28.0,11.636,0.759,10.985,14.402,-113.36805510837551,30.065884212986514,140.36209262371764,84.61007268737387,178.94614933843556,4.5184768437150025,2.2,1.118,25.0,1.0,0.0,3.0,1.2,1.16,0.554,25.0,1.0,0.0,3.0,0.16,1.04,1.02,25.0,0.0,0.0,3.0,1.04,0.0,0.0,25.0,0.0,0.0,3.0,0.0,0.0,0.0,25.0,0.0,0.0,3.0,0.0,0.0,0.0,25.0,0.0,0.0,3.0,0.0,,,,,,,,,,60.25,,,NO,g+,,,,,,,,7.8905,2.932,1.0,,,,,,39.124,none,38.776,none,39.087,none,,,,,,,36.582,none,37.712,none,,,41.04,38.896,45.569,44.028,,ICL3,S,5.4905863492063505,0.9150977248677252,2.70218,2.8531249999999995,0.4755208333333332,1.417225,0.0,0.0,0.0,6.0,1.2849549999999998,1.2849549999999998,-0.8462,2.637461349206349,2.637461349206351,0.4395768915343919,5.4905863492063505,-2.8531249999999995,73.40758305920325,59.141586497244354,1.5095352700498954,61.82216478566048,31.44865145937282,1.5095352700498954,28.580645161290324,20.75,45.0,11.451612903225806,6.5,21.0,14.265996561958891,71.89804778915335,-57.63205122719446,30.373513326287657,60.31262951561058,-29.939116189322924,7.830645161290324,-16.419354838709676,24.25,4.951612903225806,-9.548387096774194,14.5
269,GLY,28.0,12.283,0.666,10.273,13.354,117.69430099829577,69.5820825999051,-58.06702960324718,64.99715512689431,-179.86433172077372,19.692895491110676,1.25,0.707,8.0,1.0,0.0,2.0,0.25,1.0,0.926,8.0,1.0,0.0,2.0,0.0,0.25,0.463,8.0,0.0,0.0,2.0,0.25,0.0,0.0,8.0,0.0,0.0,2.0,0.0,0.0,0.0,8.0,0.0,0.0,2.0,0.0,0.0,0.0,8.0,0.0,0.0,2.0,0.0,,,,,,,,,,,,,,,,,,,,,,7.084766666666667,4.235,1.0,,,,,,41.873,none,41.962,none,43.202,none,,,,,,,40.702,none,41.246,none,,,42.078,41.078,45.667,40.467,,ICL3,G,1.768757142857143,1.768757142857143,1.768757142857143,0.0,0.0,0.0,0.0,0.0,0.0,1.0,1.768757142857143,1.768757142857143,1.768757142857143,1.768757142857143,1.768757142857143,1.768757142857143,1.768757142857143,0.0,121.10334761466142,46.48260042246042,3.522248963449756,96.1826250424093,3.8996327809622295,3.522248963449756,22.193548387096776,23.0,41.0,3.7096774193548385,9.75,19.0,74.620747192201,117.58109865121166,-42.96035145901067,92.28299226144706,92.66037607895954,-0.3773838175124737,-0.8064516129032242,-18.806451612903224,18.0,-6.040322580645162,-15.290322580645162,9.25
270,SER,28.0,12.747,0.321,11.998,13.308,-110.83510457540935,54.174650488940046,158.81643850376472,42.45359636975071,-178.13480671110162,7.300622874256597,2.556,1.013,27.0,3.0,1.414,4.0,-0.444,2.222,0.892,27.0,3.0,1.414,4.0,-0.778,0.259,0.447,27.0,0.0,0.0,4.0,0.259,0.074,0.267,27.0,0.0,0.0,4.0,0.074,0.0,0.0,27.0,0.0,0.0,4.0,0.0,0.0,0.0,27.0,0.0,0.0,4.0,0.0,,,,,,,,,,142.44,,,NO,t,,,,,,,,4.565266666666665,2.857,1.0,,,,,,42.777,none,43.869,none,44.438,none,,,,,,,44.522,none,41.781,none,,,40.962,41.31,42.465,42.308,6x23,TM6,S,4.904333322559793,1.2260833306399483,2.170757692307692,0.7896666666666666,0.1974166666666666,0.7896666666666666,1.347,0.33675,1.347,4.0,2.1135,2.1135,0.1560285714285714,4.114666655893126,4.114666655893127,1.0286666639732818,3.5573333225597934,0.5573333333333333,92.4026384664364,47.93064556130099,0.0,65.70563272119733,28.93275934262299,0.0,24.0,23.5,41.0,9.35483870967742,3.25,19.0,44.47199290513541,92.4026384664364,-47.93064556130099,36.77287337857434,65.70563272119733,-28.93275934262299,0.5,-17.0,17.5,6.10483870967742,-9.64516129032258,15.75
271,LYS,28.0,11.471,0.332,10.578,12.261,-64.96355999208814,13.158441558890088,-41.37304463933273,5.346392600277653,179.31326519318372,3.7678241367832235,2.259,0.764,27.0,2.75,0.5,4.0,-0.491,2.259,0.764,27.0,2.75,0.5,4.0,-0.491,0.0,0.0,27.0,0.0,0.0,4.0,0.0,0.0,0.0,27.0,0.0,0.0,4.0,0.0,0.074,0.267,27.0,0.0,0.0,4.0,0.074,0.0,0.0,27.0,0.0,0.0,4.0,0.0,,,,,,,,,,-152.52,-91.48,61.04,YES,t,g-,-173.06,178.83,8.11,,,,7.646600000000001,2.862,1.0,,,,,,42.465,none,43.112,none,43.183,none,,,,,,,43.491,none,40.788,none,,,41.29,40.887,41.703,40.543,6x24,TM6,K,2.7741469047619045,0.3963067006802721,1.353025,1.59915,0.22845,1.362,0.0,0.0,0.0,7.0,1.362,1.353025,-1.362,1.1749969047619042,1.1749969047619044,0.167856700680272,2.7741469047619045,-1.59915,26.807015368117742,119.07603244043844,1.0063568466999302,17.501360858076243,84.16775050418661,1.0063568466999302,31.387096774193548,20.25,42.0,15.709677419354838,1.75,6.0,-92.2690170723207,25.800658521417812,-118.06967559373852,-66.66638964611037,16.495004011376313,-83.16139365748668,11.137096774193548,-10.612903225806452,21.75,13.959677419354838,9.709677419354838,4.25
272,GLU,28.0,10.454,0.475,9.054,11.269,-62.837168089629614,17.25497611444138,-39.49350598753405,19.000280915248517,177.93133960907096,2.7325200355231964,3.607,1.227,28.0,3.6,1.14,5.0,0.007,2.643,0.731,28.0,3.2,1.095,5.0,-0.557,0.357,0.559,28.0,0.4,0.548,5.0,-0.043,0.607,0.685,28.0,0.0,0.0,5.0,0.607,0.571,0.504,28.0,0.0,0.0,5.0,0.571,0.0,0.0,28.0,0.0,0.0,5.0,0.0,,,,,,,,,,-166.21,55.0,138.79,YES,t,g+,61.02,-179.78,119.2,,,,3.917566666666667,2.925,1.0,,,,,,38.468,none,39.591,none,40.444,none,,,,,,,39.046,none,38.846,none,,,37.718,36.532,40.412,37.936,6x25,TM6,E,7.455265392156862,1.2425442320261435,3.842933333333333,0.3585,0.05975,0.2559,0.0,0.0,0.0,6.0,3.842933333333333,3.842933333333333,-0.2559,7.096765392156861,7.096765392156862,1.1827942320261438,7.455265392156862,-0.3585,123.8773217368065,67.01956989909226,2.7339710067865175,101.10870599960532,53.460570150731805,2.7339710067865175,20.741935483870968,20.4,41.0,2.3548387096774195,0.6,16.0,56.85775183771423,121.14335073001998,-64.28559889230574,47.648135848873515,98.3747349928188,-50.726599143945286,0.3419354838709694,-20.258064516129032,20.6,1.7548387096774194,-13.64516129032258,15.4
273,LYS,28.0,9.985,0.253,9.504,10.765,-67.48703552613748,5.2520995254375835,-38.59148564213028,20.42469577876306,175.7424480846737,2.467888479007329,4.5,1.374,28.0,3.2,1.483,5.0,1.3,3.714,0.976,28.0,3.2,1.483,5.0,0.514,0.714,0.763,28.0,0.0,0.0,5.0,0.714,0.071,0.262,28.0,0.0,0.0,5.0,0.071,0.0,0.0,28.0,0.0,0.0,5.0,0.0,0.0,0.0,28.0,0.0,0.0,5.0,0.0,,,,,,,,,,-62.94,-7.1,55.84,YES,g-,g+,-170.22,-170.06,0.16,,,,3.512733333333334,2.344,1.0,,,,,,39.591,none,40.659,none,41.045,none,,,,,,,40.641,none,38.667,none,,,37.891,38.383,38.958,36.978,6x26,TM6,K,27.509899523809523,1.9649928231292515,5.592892307692309,2.9237916666666663,0.2088422619047618,1.417225,1.347,0.0962142857142857,1.347,14.0,5.592892307692309,5.592892307692309,-0.3772,24.58610785714286,24.586107857142856,1.75615056122449,26.16289952380952,-1.5767916666666664,32.77727997439689,122.8666372955554,45.79525791076621,25.61943895834927,109.97202679756386,45.79525791076621,33.87096774193548,23.6,40.0,10.483870967741936,2.6,13.0,-90.0893573211585,-13.01797793636932,-77.07137938478918,-84.35258783921458,-20.175818952416936,-64.17676888679765,10.27096774193548,-6.12903225806452,16.4,7.883870967741936,-2.516129032258064,10.4
274,ASP,28.0,10.206,0.283,9.615,10.972,-65.21881013696468,7.84127553007794,-37.474369005941504,19.322639880491028,176.62206637537378,3.3795779185613797,5.071,1.359,28.0,7.2,3.768,5.0,-2.129,4.893,1.133,28.0,4.6,2.191,5.0,0.293,0.143,0.356,28.0,0.6,0.548,5.0,-0.457,0.036,0.189,28.0,2.0,1.414,5.0,-1.964,0.036,0.189,28.0,0.8,0.447,5.0,-0.764,0.0,0.0,28.0,0.0,0.0,5.0,0.0,,,,,,,,,,-93.26,-174.4,81.14,YES,g-,t,-22.41,14.11,36.52,,,,9.817333333333332,6.817,1.0,,,,,,38.612,none,39.636,none,39.882,none,,,,,,,39.602,none,36.681,none,,,37.49,37.319,37.956,36.674,6x27,TM6,D,8.29623543123543,0.7542032210214028,2.0515384615384615,15.56155,1.4146863636363636,7.0875,2.2131,0.2011909090909091,2.1126,11.0,5.520685714285715,1.768757142857143,-5.520685714285715,-7.265314568764571,-7.26531456876457,-0.6604831426149608,6.083135431235431,-13.34845,14.965517938947814,60.76191003222309,50.48514261577567,9.38127940132664,50.579486737558085,42.44919993530527,33.45161290322581,30.4,29.0,2.806451612903226,5.2,9.0,-45.79639209327528,-35.51962467682786,-10.27676741644742,-41.19820733623145,-33.067920533978636,-8.130286802252812,3.0516129032258092,4.451612903225808,-1.3999999999999986,-2.393548387096774,-6.193548387096774,3.8
275,ARG,28.0,8.386,0.225,7.953,8.807,-64.79631741260974,3.8285380089158823,-38.64956093572929,7.385457388246985,176.4812172478902,2.069705749898524,5.214,1.031,28.0,4.8,1.304,5.0,0.414,4.786,0.917,28.0,4.8,1.304,5.0,-0.014,0.0,0.0,28.0,0.0,0.0,5.0,0.0,0.429,0.573,28.0,0.0,0.0,5.0,0.429,0.5,0.509,28.0,0.0,0.0,5.0,0.5,0.0,0.0,28.0,0.0,0.0,5.0,0.0,,,,,,,,,,-179.98,,,NO,t,,-177.16,,,,,,8.340166666666667,3.514,1.0,,,,,,34.948,none,36.877,none,37.023,none,,,,,,,36.514,none,30.95,none,,,35.107,34.622,35.759,34.826,6x28,TM6,R,12.314781428571427,1.759254489795918,3.842933333333333,2.0893,0.2984714285714286,1.7191,4.353,0.6218571428571428,3.6698,7.0,3.842933333333333,3.842933333333333,0.0059,10.225481428571428,10.225481428571428,1.4607830612244896,7.9617814285714275,2.2636999999999996,15.455274836650885,49.29615765773972,23.64938589744836,12.71660697994442,38.54346722860733,23.64938589744836,40.16129032258065,30.4,38.0,10.32258064516129,2.2,15.0,-33.84088282108883,-8.194111060797473,-25.64677176029136,-25.826860248662907,-10.932778917503938,-14.894081331158969,9.761290322580647,2.1612903225806477,7.600000000000001,8.122580645161289,-4.67741935483871,12.8
276,ASN,28.0,7.681,0.193,7.334,8.008,-64.67363187268988,4.110245258802647,-41.27355987771307,4.295989105128129,176.6424981781611,2.3744138594371567,6.25,1.236,28.0,4.8,1.924,5.0,1.45,5.357,0.731,28.0,4.4,1.517,5.0,0.957,0.25,0.441,28.0,0.4,0.548,5.0,-0.15,0.643,0.826,28.0,0.0,0.0,5.0,0.643,0.0,0.0,28.0,0.0,0.0,5.0,0.0,0.0,0.0,28.0,0.0,0.0,5.0,0.0,,,,,,,,,,-98.67,-104.06,5.39,NO,g-,g-,-15.75,-19.82,4.07,,,,4.114833333333333,2.612,1.0,,,,,,32.592,none,33.744,none,34.646,none,,,,,,,34.021,none,32.25,none,,,32.926,33.315,34.406,32.731,6x29,TM6,N,5.9710568508771935,0.8530081215538848,2.1775040000000003,0.7218,0.1031142857142857,0.5712,0.3972,0.0567428571428571,0.3972,7.0,2.1775040000000003,2.1775040000000003,-0.5712,5.2492568508771935,5.2492568508771935,0.7498938358395991,5.573856850877194,-0.3246,28.24397545639611,44.10215309878176,0.0,17.431307057763465,39.31263592435632,0.0,35.483870967741936,35.2,52.0,10.903225806451612,7.0,23.0,-15.858177642385645,28.24397545639611,-44.10215309878176,-21.881328866592856,17.431307057763465,-39.31263592435632,0.2838709677419331,-16.516129032258064,16.799999999999997,3.903225806451612,-12.096774193548388,16.0
277,LEU,28.0,8.351,0.275,7.868,9.04,-62.628615868097725,4.106666825111848,-40.875466791076704,3.7041203579737227,177.677448583218,2.0077300248772003,5.893,0.685,28.0,5.8,1.643,5.0,0.093,5.071,0.663,28.0,4.6,1.342,5.0,0.471,0.821,0.39,28.0,1.2,0.447,5.0,-0.379,0.0,0.0,28.0,0.0,0.0,5.0,0.0,0.0,0.0,28.0,0.0,0.0,5.0,0.0,1.821,0.39,28.0,1.8,0.837,5.0,0.021,,,,,,,,,,-179.31,-144.32,34.99,NO,t,t,62.52,61.75,0.77,,,,7.691633333333332,7.084,1.0,,,,,,32.842,none,33.877,none,33.758,none,,,,,,,33.7,none,32.427,none,,,31.673,31.711,31.917,31.859,6x30,TM6,L,8.222755353197527,0.632519642553656,3.2296846153846155,5.848573333333333,0.4498902564102564,1.7739333333333331,3.7163,0.2858692307692307,2.7029,13.0,1.51031,1.51031,-1.30588,2.374182019864194,2.374182019864194,0.1826293861433995,4.506455353197527,-2.1322733333333335,21.74969674245764,43.426949439301616,74.19581051392007,19.56502696174656,37.43647469723741,70.51080610706333,35.064516129032256,31.4,41.0,7.516129032258065,5.0,12.0,-21.677252696843976,-52.44611377146242,30.76886107461845,-17.87144773549085,-50.94577914531678,33.07433140982592,3.6645161290322577,-5.935483870967744,9.6,2.516129032258065,-4.483870967741935,7.0
278,ARG,28.0,7.459,0.2,7.015,7.855,-64.23276889450793,4.456832390379794,-39.88032574345816,4.625263954827409,178.28166713981716,2.035661826144772,5.25,1.143,28.0,6.4,2.408,5.0,-1.15,5.0,0.903,28.0,3.8,1.304,5.0,1.2,0.214,0.499,28.0,0.6,0.548,5.0,-0.386,0.036,0.189,28.0,2.0,1.414,5.0,-1.964,0.036,0.189,28.0,0.8,0.447,5.0,-0.764,0.0,0.0,28.0,0.0,0.0,5.0,0.0,,,,,,,,,,-132.78,-68.14,64.64,YES,t,g-,175.46,174.13,1.33,,,,10.589300000000001,3.592,1.0,,,,,,31.893,none,33.318,none,33.494,none,,,,,,,33.701,none,30.562,none,,,31.662,31.55,32.237,30.987,6x31,TM6,R,4.876499047619048,0.4876499047619048,1.5668142857142855,15.168275,1.5168275000000002,7.0875,5.7824,0.57824,3.6698,10.0,5.520685714285715,1.3009214285714286,-5.520685714285715,-10.291775952380952,-10.291775952380952,-1.0291775952380957,-0.9059009523809518,-9.385875000000002,26.956050665672905,79.74362542631552,102.01277562975532,15.835166523395646,72.99125791708802,95.2501989916012,30.096774193548388,34.2,27.0,8.03225806451613,5.0,4.0,-52.78757476064261,-75.0567249640824,22.269150203439793,-57.15609139369238,-79.41503246820555,22.258941074513174,-4.103225806451615,3.096774193548388,-7.200000000000003,3.03225806451613,4.03225806451613,-1.0
279,ARG,28.0,5.303,0.231,4.841,5.683,-65.08734641331334,4.719223194961166,-41.67580472134841,4.12701704713837,178.7692297117671,2.314272323470717,6.179,1.056,28.0,5.0,1.414,5.0,1.179,4.929,0.813,28.0,5.0,1.414,5.0,-0.071,0.0,0.0,28.0,0.0,0.0,5.0,0.0,1.25,1.005,28.0,0.0,0.0,5.0,1.25,0.714,0.46,28.0,0.0,0.0,5.0,0.714,0.0,0.0,28.0,0.0,0.0,5.0,0.0,,,,,,,,,,175.56,-65.84,118.6,YES,t,g-,-170.65,-170.63,0.02,,,,3.3786666666666667,2.319,1.0,,,,,,28.9,none,29.588,none,31.236,none,,,,,,,28.698,none,28.096,none,,,28.834,27.631,29.452,27.67,6x32,TM6,R,12.185402426573429,1.353933602952603,3.0175461538461543,3.1571,0.3507888888888889,1.7191,0.0,0.0,0.0,9.0,3.0175461538461543,3.0175461538461543,-0.3423,9.028302426573427,9.028302426573427,1.0031447140637142,12.185402426573429,-3.1571,28.43128430432203,47.258200220170714,45.97681578620493,27.44257797234752,42.82399193887854,45.47363736285496,34.83870967741935,34.6,40.0,6.967741935483871,4.6,13.0,-18.826915915848684,-17.545531481882893,-1.2813844339657905,-15.38141396653102,-18.031059390507437,2.649645423976416,0.2387096774193509,-5.161290322580648,5.399999999999999,2.3677419354838714,-6.032258064516129,8.4
280,ILE,28.0,5.863,0.223,5.533,6.437,-65.13898201633502,2.924526803807494,-43.98144609090866,3.167734785179179,178.8371818918233,1.7913221735781142,5.429,0.504,28.0,4.2,0.837,5.0,1.229,5.429,0.504,28.0,4.2,0.837,5.0,1.229,0.0,0.0,28.0,0.0,0.0,5.0,0.0,0.0,0.0,28.0,0.0,0.0,5.0,0.0,0.0,0.0,28.0,0.0,0.0,5.0,0.0,2.321,1.09,28.0,0.6,0.548,5.0,1.721,,,,,,,,,,-68.72,-75.4,6.68,NO,g-,g-,166.75,153.37,13.38,,,,3.7887333333333335,3.12,1.0,,,,,,28.364,none,29.244,none,29.711,none,,,,,,,29.361,none,27.064,none,,,26.728,26.813,27.652,26.039,6x33,TM6,I,3.587335534416564,0.2759488872628126,0.9148125,5.56998,0.42846,3.2392399999999997,2.1735,0.1671923076923077,1.2934,13.0,3.2392399999999997,0.8668124999999999,-3.2392399999999997,-1.982644465583436,-1.9826444655834363,-0.1525111127371874,1.4138355344165636,-3.39648,16.785741352280134,51.296671499668136,3.522248963449756,8.554033196949408,46.3389366994087,3.522248963449756,37.38709677419355,38.0,46.0,14.290322580645162,11.0,17.0,-34.510930147388,13.26349238883038,-47.77442253621838,-37.78490350245929,5.0317842334996525,-42.81668773595894,-0.6129032258064484,-8.612903225806448,8.0,3.290322580645162,-2.709677419354838,6.0
281,THR,28.0,6.396,0.24,6.003,7.053,-64.09275452898078,3.0395695621239915,-38.36995635162744,4.590915408508194,177.0648046107201,2.155049153311623,5.286,1.213,28.0,7.2,0.837,5.0,-1.914,4.393,0.994,28.0,5.0,1.0,5.0,-0.607,0.893,0.497,28.0,1.8,0.447,5.0,-0.907,0.0,0.0,28.0,0.4,0.548,5.0,-0.4,0.0,0.0,28.0,0.0,0.0,5.0,0.0,0.0,0.0,28.0,0.0,0.0,5.0,0.0,,,,,,,,,,-66.53,-58.95,7.58,NO,g-,g-,,,,,,,9.163500000000003,4.626,1.0,,,,,,28.376,none,29.319,none,28.886,none,,,,,,,28.864,none,27.072,none,,,27.511,27.284,27.36,26.671,6x34,TM6,T,3.4605679188183696,0.2883806599015308,2.016268965517242,8.977594999999999,0.7481329166666666,3.58142,5.3219,0.4434916666666667,5.0454,12.0,3.58142,2.016268965517242,-3.58142,-5.517027081181631,-5.517027081181629,-0.4597522567651358,-1.8613320811816307,-3.655694999999999,41.76331256372443,23.32733390414601,154.4668276653643,31.86152885556329,20.305713438009057,120.14013176011136,28.322580645161292,35.0,22.0,5.354838709677419,7.4,2.0,18.435978659578424,-112.70351510163984,131.1394937612183,11.555815417554228,-88.27860290454808,99.8344183221023,-6.677419354838708,6.322580645161292,-13.0,-2.0451612903225813,3.354838709677419,-5.4
282,ARG,28.0,4.686,0.189,4.39,5.128,-63.94201580872042,2.732562105675937,-42.107152800725785,3.8278082186056483,178.9620737660264,1.5696813695047505,5.786,0.499,28.0,5.0,0.707,5.0,0.786,5.714,0.46,28.0,5.0,0.707,5.0,0.714,0.071,0.262,28.0,0.0,0.0,5.0,0.071,0.0,0.0,28.0,0.0,0.0,5.0,0.0,0.0,0.0,28.0,0.0,0.0,5.0,0.0,0.0,0.0,28.0,0.0,0.0,5.0,0.0,,,,,,,,,,-157.11,-178.06,20.95,NO,t,t,-174.17,-160.63,13.54,,,,9.6991,3.618,1.0,,,,,,25.779,none,27.319,none,27.526,none,,,,,,,27.344,none,25.293,none,,,24.9,25.084,25.754,24.571,6x35,TM6,R,5.933394285714285,0.7416742857142856,2.6835,1.8509,0.2313625,1.0803,1.1095000000000002,0.1386875,0.6832,8.0,2.6835,2.6835,-0.5867500000000001,4.082494285714285,4.082494285714285,0.5103117857142856,4.823894285714285,-0.7414000000000001,121.2485336167018,87.01723551665114,153.96294761965507,98.1376291988882,82.86840741761596,120.30218558115902,24.0,34.8,19.0,2.4516129032258065,7.8,1.0,34.23129810005065,-32.714414002953276,66.94571210300393,15.26922178127225,-22.164556382270817,37.43377816354307,-10.799999999999995,5.0,-15.799999999999995,-5.348387096774193,1.4516129032258065,-6.8
283,MET,28.0,3.405,0.203,2.946,3.812,-64.93894077650474,6.236988925138059,-40.90885078307974,7.42163051972758,177.9665977306218,2.961931935386442,4.857,1.044,28.0,5.8,0.447,5.0,-0.943,4.857,1.044,28.0,5.8,0.447,5.0,-0.943,0.0,0.0,28.0,0.0,0.0,5.0,0.0,0.0,0.0,28.0,0.0,0.0,5.0,0.0,0.0,0.0,28.0,0.0,0.0,5.0,0.0,0.964,0.693,28.0,2.6,0.894,5.0,-1.636,,,,,,,,,,-156.13,-173.27,17.14,NO,t,t,130.09,-140.91,89.0,,,,4.375800000000001,3.245,1.0,,,,,,22.321,none,22.053,none,24.855,none,,,,,,,23.149,none,22.052,none,,,20.755,22.685,22.957,22.164,6x36,TM6,M,6.113186349206349,0.4075457566137566,1.725156666666667,8.226643333333334,0.5484428888888889,2.97586,2.9410999999999996,0.1960733333333333,1.2809,15.0,1.2507033333333333,1.0774,-1.2507033333333333,-2.1134569841269837,-2.113456984126985,-0.1408971322751323,3.17208634920635,-5.285543333333334,76.42453538890149,9.647567145391353,13.538300841563512,51.65191661509246,9.16708358737092,9.057211620299372,22.258064516129032,42.6,35.0,4.193548387096774,13.6,16.0,66.77696824351014,62.88623454733798,3.890733696172159,42.48483302772154,42.59470499479309,-0.1098719670715482,-20.34193548387097,-12.741935483870968,-7.600000000000001,-9.406451612903226,-11.806451612903226,2.4000000000000004
284,VAL,28.0,4.671,0.253,4.328,5.334,-63.834746791618244,5.203200924265405,-44.530542163481556,3.4457862363903105,179.8292611487919,1.936638211924471,5.679,0.476,28.0,5.6,0.548,5.0,0.079,5.679,0.476,28.0,5.6,0.548,5.0,0.079,0.0,0.0,28.0,0.0,0.0,5.0,0.0,0.0,0.0,28.0,0.0,0.0,5.0,0.0,0.0,0.0,28.0,0.0,0.0,5.0,0.0,2.0,1.054,28.0,2.2,0.447,5.0,-0.2,,,,,,,,,,165.52,169.11,3.59,NO,t,t,,,,,,,5.178200000000001,4.447,1.0,,,,,,23.107,none,24.055,none,23.982,none,,,,,,,23.947,none,21.72,none,,,22.366,22.038,22.258,21.292,6x37,TM6,V,5.351930084033613,0.4459941736694677,2.937496666666667,6.912701666666667,0.5760584722222223,2.9229,4.456799999999999,0.3713999999999999,3.0726,12.0,2.42226,1.0510233333333332,-2.42226,-1.5607715826330528,-1.5607715826330535,-0.1300642985527545,0.8951300840336138,-2.4559016666666675,16.78011367885944,52.473879674043346,48.30512864159665,14.420374762761954,50.4098909997467,48.30512864159665,30.580645161290324,35.2,28.0,1.7419354838709675,8.4,9.0,-35.69376599518391,-31.525014962737213,-4.168751032446693,-35.98951623698475,-33.8847538788347,-2.1047623581500474,-4.619354838709679,2.580645161290324,-7.200000000000003,-6.658064516129032,-7.258064516129032,0.5999999999999996
285,LEU,28.0,4.164,0.247,3.82,4.845,-64.60023525095379,2.5039434755841437,-37.56214205830703,3.3119540892629784,178.44273676430444,2.215380608366132,4.5,1.171,28.0,5.8,1.095,5.0,-1.3,4.5,1.171,28.0,5.2,1.304,5.0,-0.7,0.0,0.0,28.0,0.6,0.548,5.0,-0.6,0.0,0.0,28.0,0.0,0.0,5.0,0.0,0.0,0.0,28.0,0.0,0.0,5.0,0.0,0.143,0.356,28.0,0.0,0.0,5.0,0.143,,,,,,,,,,-75.37,-171.06,95.69,YES,g-,t,177.75,57.86,119.89,,,,10.9232,4.468,1.0,,,,,,22.864,none,24.301,none,23.895,none,,,,,,,24.354,none,22.219,none,,,22.6,22.543,22.433,21.965,6x38,TM6,L,1.9714985185185183,0.328583086419753,1.0799,6.95448,1.15908,6.62018,5.9821,0.9970166666666668,5.9821,6.0,6.62018,1.0799,-6.62018,-4.982981481481481,-4.982981481481482,-0.8304969135802471,-4.010601481481482,-0.9723800000000002,65.67267488071872,47.35806830903567,1.8701639267432235,61.24173780811252,45.72818490761206,0.5031784233499651,36.225806451612904,38.0,47.0,14.870967741935484,11.0,27.0,18.314606571683044,63.80251095397549,-45.48790438229245,15.513552900500455,60.73855938476255,-45.225006484262096,-1.774193548387096,-10.774193548387096,9.0,3.870967741935484,-12.129032258064516,16.0
286,VAL,28.0,2.173,0.18,1.76,2.569,-66.0891094686913,3.106675415588297,-40.749200272800444,4.411295931283871,178.9284520646126,2.5450725806419325,5.357,0.559,28.0,5.6,0.548,5.0,-0.243,5.357,0.559,28.0,5.6,0.548,5.0,-0.243,0.0,0.0,28.0,0.0,0.0,5.0,0.0,0.0,0.0,28.0,0.0,0.0,5.0,0.0,0.0,0.0,28.0,0.0,0.0,5.0,0.0,1.821,0.39,28.0,1.8,0.447,5.0,0.021,,,,,,,,,,154.76,170.68,15.92,NO,t,t,,,,,,,10.133600000000001,7.514,1.0,,,,,,19.106,none,20.849,none,21.279,none,,,,,,,20.9,none,18.995,none,,,18.574,18.663,19.289,18.075,6x39,TM6,V,1.5409452380952386,0.2201350340136055,0.738964285714286,2.17294,0.31042,1.22424,2.5375,0.3625,2.4373,7.0,1.21534,0.1478166666666666,-1.21534,-0.6319947619047616,-0.6319947619047614,-0.0902849659863945,-0.9965547619047614,0.36456,38.00863911720358,32.47128385041345,68.10560800746273,36.9106938659675,30.995790878357855,56.48891467234499,30.967741935483872,36.4,26.0,10.451612903225806,10.0,3.0,5.537355266790129,-30.096968890259156,35.634324157049285,5.914902987609647,-19.578220806377487,25.493123793987134,-5.432258064516127,4.967741935483872,-10.4,0.451612903225806,7.451612903225806,-7.0
287,VAL,28.0,2.495,0.179,2.17,2.848,-63.02228160068257,3.199613961312489,-46.17007440483028,5.064683178628517,-179.72819893764358,2.251011814200654,4.964,0.999,28.0,5.2,1.304,5.0,-0.236,4.964,0.999,28.0,5.2,1.304,5.0,-0.236,0.0,0.0,28.0,0.0,0.0,5.0,0.0,0.0,0.0,28.0,0.0,0.0,5.0,0.0,0.0,0.0,28.0,0.0,0.0,5.0,0.0,1.036,0.576,28.0,2.2,0.447,5.0,-1.164,,,,,,,,,,161.41,166.4,4.99,NO,t,t,,,,,,,7.682499999999999,6.52,1.0,,,,,,17.455,none,18.231,none,18.672,none,,,,,,,18.14,none,16.495,none,,,16.183,15.91,16.911,15.303,6x40,TM6,V,5.388035313080639,0.4898213920982399,2.192756666666667,3.4831650000000005,0.3166513636363637,1.09178,4.4274,0.4024909090909091,1.9018,11.0,1.4620326923076925,1.4620326923076925,-0.8064600000000001,1.9048703130806393,1.9048703130806384,0.1731700284618762,0.9606353130806388,0.944235,18.3650034267623,32.135334498409165,65.14896614937753,14.478346436876382,31.197062247697836,37.73838175124738,38.483870967741936,37.0,29.0,16.967741935483872,9.8,12.0,-13.770331071646863,-46.78396272261523,33.013631650968364,-16.718715810821454,-23.260035314371,6.541319503549545,1.483870967741936,9.483870967741936,-8.0,7.167741935483871,4.967741935483872,2.1999999999999993
288,VAL,28.0,3.094,0.179,2.74,3.433,-65.01901864977839,3.3622135003219804,-41.930446105694344,3.319908821077936,-179.1923436288557,1.321353119635626,4.714,1.013,28.0,5.4,0.894,5.0,-0.686,4.714,1.013,28.0,5.4,0.894,5.0,-0.686,0.0,0.0,28.0,0.0,0.0,5.0,0.0,0.0,0.0,28.0,0.0,0.0,5.0,0.0,0.0,0.0,28.0,0.0,0.0,5.0,0.0,1.964,0.693,28.0,3.6,0.548,5.0,-1.636,,,,,,,,,,176.5,165.03,11.47,NO,t,t,,,,,,,10.742933333333333,10.042,1.0,,,,,,18.143,none,18.849,none,18.431,none,,,,,,,18.619,none,17.415,none,,,18.048,18.046,17.407,17.393,6x41,TM6,V,2.7284917307692305,0.3410614663461538,0.8736266666666666,4.56142,0.5701775,1.678,5.5684000000000005,0.6960500000000001,2.4322,8.0,1.2721399999999998,0.3795692307692307,-1.2721399999999998,-1.8329282692307691,-1.8329282692307696,-0.2291160336538462,-2.83990826923077,1.0069800000000004,6.6595839144797795,25.09083657150966,7.143060160418135,5.0198090227932255,23.54875021277837,0.0,35.74193548387097,36.2,35.0,14.03225806451613,8.8,21.0,-18.43125265702988,-0.4834762459383555,-17.947776411091525,-18.52894118998514,5.0198090227932255,-23.54875021277837,-0.4580645161290348,0.741935483870968,-1.2000000000000028,5.232258064516129,-6.96774193548387,12.2
289,ALA,28.0,2.074,0.189,1.711,2.451,-65.4572406033165,2.7473213178170464,-41.773080813272905,4.760929048197352,178.8920276560973,1.6040281379328207,5.393,0.737,28.0,5.4,0.548,5.0,-0.007,5.393,0.737,28.0,5.4,0.548,5.0,-0.007,0.0,0.0,28.0,0.0,0.0,5.0,0.0,0.0,0.0,28.0,0.0,0.0,5.0,0.0,0.0,0.0,28.0,0.0,0.0,5.0,0.0,0.0,0.0,28.0,0.0,0.0,5.0,0.0,,,,,,,,,,,,,,,,,,,,,,14.451333333333332,10.586,0.0,,,,,,17.425,none,19.208,none,18.762,none,,,,,,,19.513,none,17.53,none,,,17.722,17.941,17.437,17.437,6x42,TM6,A,0.03892,0.03892,0.03892,0.0,0.0,0.0,0.0,0.0,0.0,1.0,0.03892,0.03892,0.03892,0.03892,0.03892,0.03892,0.03892,0.0,4.711762688687941,31.890517513297773,5.534962656849616,4.139048321104552,26.769092122218144,4.528605810149686,33.70967741935484,33.8,44.0,12.129032258064516,5.0,31.0,-27.178754824609832,-0.8231999681616751,-26.35555485644816,-22.63004380111359,-0.3895574890451341,-22.24048631206846,-0.0903225806451573,-10.29032258064516,10.200000000000005,7.129032258064516,-18.870967741935484,26.0
290,VAL,28.0,0.757,0.152,0.527,1.116,-64.06915506862822,5.205346402363181,-41.41138255963323,6.0023187417231565,177.4230614065264,2.284692089236575,4.821,1.219,28.0,5.4,1.342,5.0,-0.579,4.821,1.219,28.0,5.4,1.342,5.0,-0.579,0.0,0.0,28.0,0.0,0.0,5.0,0.0,0.0,0.0,28.0,0.0,0.0,5.0,0.0,0.0,0.0,28.0,0.0,0.0,5.0,0.0,2.714,0.6,28.0,1.8,0.447,5.0,0.914,,,,,,,,,,158.25,147.21,11.04,NO,t,t,,,,,,,13.816633333333332,12.819,0.0,,,,,,12.789,none,14.625,none,15.043,none,,,,,,,14.536,none,12.684,none,,,12.495,12.431,12.992,11.935,6x43,TM6,V,4.250754194139194,0.5313442742673993,1.3820400000000002,3.79043,0.47380375,1.77258,1.2633,0.1579124999999999,0.7544,8.0,0.5048,0.5048,-0.4900146153846154,0.4603241941391943,0.460324194139194,0.0575405242673992,2.987454194139194,-2.5271300000000005,12.091604349601475,28.123098659161872,108.63434711764084,9.349379737083222,25.86337096018821,78.99901246594452,32.645161290322584,37.0,17.0,1.5161290322580645,10.2,2.0,-16.031494309560394,-96.54274276803936,80.51124845847896,-16.513991223104984,-69.64963272886129,53.13564150575631,-4.354838709677416,15.645161290322584,-20.0,-8.683870967741935,-0.4838709677419355,-8.2
291,PHE,28.0,1.846,0.209,1.327,2.206,-61.593572150982396,3.623257170837489,-45.966584572172536,3.9308976786270025,-177.8149918553737,1.9058896155477592,4.5,1.072,28.0,5.2,0.837,5.0,-0.7,4.5,1.072,28.0,5.2,0.837,5.0,-0.7,0.0,0.0,28.0,0.0,0.0,5.0,0.0,0.0,0.0,28.0,0.0,0.0,5.0,0.0,0.0,0.0,28.0,0.0,0.0,5.0,0.0,5.643,0.731,28.0,3.0,0.0,5.0,2.643,1.0,1.0,0.0,0.0,0.0,0.0,0.0,0.0,0.0,-175.57,-178.08,2.51,NO,t,t,65.59,61.98,3.61,,,,14.527000000000003,13.694,0.0,,,,,,10.198,second_shell,11.224,second_shell,11.196,second_shell,,,,,,,11.066,second_shell,9.177,second_shell,,,10.345,9.842,9.754,9.345,6x44,TM6,F,12.66147269214599,0.9739594378573838,4.228823333333334,19.833766666666666,1.5256743589743589,8.49756,21.1789,1.6291461538461538,8.5553,13.0,4.268736666666666,1.3107724137931034,-4.268736666666666,-7.172293974520676,-7.1722939745206755,-0.5517149211169751,-8.517427307854009,1.345133333333333,14.405159151245895,29.93120565902118,99.95369202878848,11.185241356814354,26.97036349155813,75.82173131980996,42.516129032258064,39.4,25.0,20.258064516129032,10.4,12.0,-15.526046507775286,-85.54853287754258,70.02248636976731,-15.785122134743776,-64.6364899629956,48.851367828251824,3.1161290322580655,17.516129032258064,-14.4,9.858064516129032,8.258064516129032,1.5999999999999996
292,ILE,28.0,1.622,0.193,1.317,2.189,-66.61971434043028,3.6847703780129155,-44.85096387101772,8.584064015172046,-177.4858137955629,2.987122935055246,6.321,0.819,28.0,6.6,0.894,5.0,-0.279,5.429,0.634,28.0,5.8,0.447,5.0,-0.371,0.893,0.315,28.0,0.8,0.447,5.0,0.093,0.0,0.0,28.0,0.0,0.0,5.0,0.0,0.0,0.0,28.0,0.0,0.0,5.0,0.0,1.821,0.39,28.0,1.6,0.548,5.0,0.221,,,,,,,,,,-68.74,-76.41,7.67,NO,g-,g-,-159.52,-131.83,27.69,,,,16.876466666666666,15.012,0.0,3.0,4.134,CLR;OLC,,,14.099,none,14.497,none,13.791,none,,,,,,,14.504,none,13.053,none,,,13.837,14.009,13.489,13.819,6x45,TM6,I,3.3013711379627644,0.366819015329196,1.0529592592592594,2.3649316666666667,0.2627701851851852,0.812275,3.1335,0.3481666666666667,1.7129,9.0,0.3439027586206895,0.3439027586206895,-0.2389,0.936439471296098,0.9364394712960976,0.1040488301440108,0.1678711379627642,0.7685683333333335,34.384718081313814,48.128749158048606,35.737668941784236,22.66680381321721,46.1917792635268,12.969164680451428,34.774193548387096,32.0,43.0,12.0,7.2,17.0,-13.744031076734792,-1.352950860470422,-12.39108021626437,-23.524975450309583,9.697639132765785,-33.22261458307537,2.774193548387096,-8.225806451612904,11.0,4.8,-5.0,9.8
293,VAL,28.0,0.8,0.211,0.582,1.395,-67.6689328979902,6.561982755798309,-33.425483982674,6.2447251347730335,-179.12100767826905,2.6770756933311577,1.964,0.793,28.0,3.0,0.707,5.0,-1.036,1.964,0.793,28.0,3.0,0.707,5.0,-1.036,0.0,0.0,28.0,0.0,0.0,5.0,0.0,0.0,0.0,28.0,0.0,0.0,5.0,0.0,0.0,0.0,28.0,0.0,0.0,5.0,0.0,0.036,0.189,28.0,0.0,0.0,5.0,0.036,,,,,,,,,,157.85,156.12,1.73,NO,t,t,,,,,,,19.009300000000003,16.315,0.0,11.0,3.995,CLR,,,13.178,none,14.813,none,14.269,none,,,,,,,15.423,none,13.047,none,,,13.478,13.804,12.824,13.752,6x46,TM6,V,1.5119974358974355,0.3779993589743589,0.9022307692307692,0.2285499999999999,0.0571374999999999,0.2277499999999999,0.4845,0.121125,0.3529,4.0,0.6744807692307692,0.6744807692307692,0.1062,1.283447435897436,1.2834474358974357,0.3208618589743589,1.0274974358974358,0.25595,63.343926762731904,61.795692982788864,97.54809599411844,41.94264277972722,56.95979752321605,54.8464481451462,27.0,33.4,16.0,8.516129032258064,7.4,0.0,1.5482337799430397,-34.20416923138652,35.75240301132956,-15.017154743488824,-12.903805365418975,-2.1133493780698487,-6.399999999999999,11.0,-17.4,1.1161290322580637,8.516129032258064,-7.4
294,CYS,28.0,0.833,0.102,0.607,1.118,-80.51813711909001,8.251461781673544,-33.170449570683175,14.744440460074195,-174.3544947527263,4.803430410727137,2.821,0.723,28.0,3.0,0.707,5.0,-0.179,2.714,0.6,28.0,2.8,0.447,5.0,-0.086,0.107,0.315,28.0,0.0,0.0,5.0,0.107,0.0,0.0,28.0,0.2,0.447,5.0,-0.2,0.0,0.0,28.0,0.0,0.0,5.0,0.0,0.0,0.0,28.0,0.0,0.0,5.0,0.0,,,,,,,,,,-74.27,-89.22,14.95,NO,g-,g-,,,,,,,18.77333333333333,17.666,0.0,,,,,,8.233,second_shell,10.656,none,10.196,second_shell,,,,,,,10.627,none,8.55,none,,,8.629,8.784,8.452,8.663,6x47,TM6,C,12.08003231901906,1.208003231901906,4.990770000000001,10.590838333333334,1.0590838333333334,4.22484,10.4699,1.04699,5.3676,10.0,0.7659300000000009,0.7659300000000009,-0.5489033333333344,1.489193985685728,1.489193985685727,0.1489193985685726,1.610132319019062,-0.1209383333333349,78.02104227350941,26.665448886181117,37.15821336393344,71.50158048529863,26.184965328160683,0.0,32.54838709677419,36.8,22.0,5.225806451612903,8.6,0.0,51.35559338732829,40.86282890957597,10.492764477752324,45.316615157137946,71.50158048529863,-26.184965328160683,-4.251612903225805,10.548387096774192,-14.799999999999995,-3.3741935483870966,5.225806451612903,-8.6
295,TRP,28.0,1.01,0.216,0.482,1.411,-100.11816745822398,11.858912937596287,-17.429078732758327,12.453268564463643,-179.98555932593976,5.444440254777961,3.107,0.832,28.0,4.2,0.837,5.0,-1.093,2.179,0.67,28.0,3.0,0.707,5.0,-0.821,0.607,0.497,28.0,1.2,0.837,5.0,-0.593,0.321,0.476,28.0,0.0,0.0,5.0,0.321,0.0,0.0,28.0,0.0,0.0,5.0,0.0,4.536,0.744,28.0,3.2,0.447,5.0,1.336,0.2353,0.25,-0.0147,0.0,0.0,0.0,0.8235,1.0,-0.1765,-81.31,-83.97,2.66,NO,g-,g-,109.05,89.92,19.13,,,,18.780500000000004,17.832,0.0,28.0,2.346,7V7;8QY;8RI;A1A7R;A1APV;A1AQ2;A1BNM;A1CMV;BF0;EID;EIG;Endomorphin-2;KZR;L0X;LIG;MOI;NG0;VF1;WH2;WH9,,,3.556,first_shell,4.356,first_shell,4.286,first_shell,,,,,,,4.218,first_shell,3.484,first_shell,,,3.525,3.546,3.202,3.387,6x48,TM6,W,20.9932353731071,1.3995490248738067,4.228823333333334,23.054915,1.5369943333333331,8.49756,27.4421,1.8294733333333333,8.5553,15.0,4.268736666666666,1.975246666666667,-4.268736666666666,-2.0616796268929023,-2.0616796268928965,-0.1374453084595264,-6.448864626892899,4.387185000000002,37.14408481103667,42.509032614590446,52.61812171194271,34.14676253724126,39.46039340443507,39.459953581463566,32.193548387096776,38.4,25.0,9.225806451612904,12.2,8.0,-5.364947803553775,-15.474036900906045,10.109089097352268,-5.313630867193808,-5.313191044222307,-0.0004398229715008,-6.206451612903223,7.193548387096776,-13.4,-2.9741935483870954,1.225806451612904,-4.199999999999999
296,THR,28.0,0.601,0.212,0.335,1.263,-66.32641121489901,6.4966159206682565,-46.39979509126004,5.607739713926334,-173.8800577019797,4.253841356805086,4.714,0.659,28.0,4.4,0.894,5.0,0.314,3.821,0.612,28.0,3.6,0.548,5.0,0.221,0.893,0.315,28.0,0.8,0.447,5.0,0.093,0.0,0.0,28.0,0.0,0.0,5.0,0.0,0.0,0.0,28.0,0.0,0.0,5.0,0.0,0.0,0.0,28.0,0.0,0.0,5.0,0.0,,,,,,,,,,-52.08,-70.37,18.29,NO,g-,g-,,,,,,,21.843033333333334,19.761,0.0,17.0,3.338,CLR;OLC,,,10.698,none,10.967,none,9.977,none,,,,,,,11.231,none,10.074,none,,,10.573,10.593,10.888,10.365,6x49,TM6,T,8.268184753764755,1.378030792294126,5.303353333333333,5.46446,0.9107433333333332,2.13904,5.942,0.9903333333333334,3.8306,6.0,3.164313333333333,3.164313333333333,-0.3975866666666663,2.8037247537647536,2.8037247537647554,0.4672874589607926,2.326184753764755,0.4775400000000003,17.630047080377686,24.64572734676865,59.636711971425626,14.22720042622952,24.064608104078225,37.4525701235993,32.645161290322584,35.6,29.0,9.387096774193548,9.2,7.0,-7.015680266390962,-42.00666489104794,34.990984624656974,-9.837407677848706,-23.225369697369786,13.387962019521076,-2.954838709677418,3.645161290322584,-6.600000000000001,0.1870967741935487,2.387096774193548,-2.1999999999999993
297,PRO,28.0,0.624,0.18,0.418,1.136,-62.90910816742966,5.284029444506306,-38.871667246971725,6.90687819904049,-177.51648434800978,2.2689746779315154,2.429,0.879,28.0,1.8,1.304,5.0,0.629,2.429,0.879,28.0,1.8,1.304,5.0,0.629,0.0,0.0,28.0,0.0,0.0,5.0,0.0,0.0,0.0,28.0,0.0,0.0,5.0,0.0,0.0,0.0,28.0,0.0,0.0,5.0,0.0,0.929,0.262,28.0,0.8,0.447,5.0,0.129,,,,,,,,,,-19.93,-18.11,1.82,NO,g-,g-,32.38,26.08,6.3,,,,23.90406666666667,22.674,0.0,18.0,3.176,CLR,,,9.73,none,10.077,none,9.207,none,,,,,,,10.054,none,8.886,none,,,9.636,9.635,9.343,9.425,6x50,TM6,P,3.6887670182765766,0.6147945030460961,1.398665517241379,3.41776,0.5696266666666666,1.45782,1.5027,0.25045,1.0123,6.0,0.5267164285714285,0.5267164285714285,-0.3975866666666663,0.2710070182765765,0.2710070182765767,0.0451678363794294,2.1860670182765767,-1.91506,19.830473130566336,22.719831566350734,62.21645695885965,17.104215409355703,18.910005400181586,59.70056484210983,38.54838709677419,38.4,31.0,19.451612903225808,12.4,7.0,-2.889358435784402,-42.38598382829332,39.49662539250892,-1.805789990825879,-42.59634943275413,40.790559441928245,0.1483870967741936,7.548387096774192,-7.399999999999999,7.0516129032258075,12.451612903225808,-5.4
298,ILE,28.0,0.733,0.194,0.524,1.186,-69.34642458195007,6.0369793538394045,-38.72898567268781,5.945944504380553,179.37144080701012,2.5267675066708857,3.036,0.962,28.0,3.8,0.447,5.0,-0.764,3.0,0.943,28.0,3.8,0.447,5.0,-0.8,0.036,0.189,28.0,0.0,0.0,5.0,0.036,0.0,0.0,28.0,0.0,0.0,5.0,0.0,0.0,0.0,28.0,0.0,0.0,5.0,0.0,3.107,0.916,28.0,3.6,0.548,5.0,-0.493,,,,,,,,,,-173.76,-174.01,0.25,NO,t,t,58.06,57.16,0.9,,,,25.31673333333333,24.318,0.0,28.0,3.193,7V7;8QY;8RI;A1A7R;A1APV;A1AQ2;A1BNM;A1CMV;BF0;EID;EIG;Endomorphin-2;KZR;L0X;LIG;MOI;NG0;VF1;WH2;WH9,,,3.851,first_shell,3.871,first_shell,3.584,first_shell,,,,,,,3.931,first_shell,3.622,first_shell,,,3.893,3.771,3.857,3.465,6x51,TM6,I,7.729091746031746,0.9661364682539684,3.6637866666666663,6.07583,0.75947875,2.0683999999999996,4.7128,0.5891,1.7589,8.0,1.5953866666666672,1.5953866666666672,-0.2409171428571427,1.6532617460317467,1.6532617460317462,0.2066577182539682,3.0162917460317464,-1.3630300000000002,15.922894484830154,18.22617702166979,48.95685203758386,13.15027513229125,17.844485033431695,42.577586355081976,36.16129032258065,36.2,41.0,13.483870967741936,13.2,24.0,-2.303282536839637,-33.033957552753705,30.730675015914063,-4.694209901140445,-29.427311222790728,24.73310132165028,-0.0387096774193551,-4.838709677419352,4.799999999999997,0.2838709677419366,-10.516129032258064,10.8
299,HIS,28.0,0.691,0.13,0.511,0.939,-68.60013555508212,7.841253395433697,-42.68305260108886,4.833448097356599,178.5891539779286,2.176521770012514,4.786,1.067,28.0,3.6,1.817,5.0,1.186,4.179,0.983,28.0,2.8,1.643,5.0,1.379,0.607,0.567,28.0,0.8,0.447,5.0,-0.193,0.0,0.0,28.0,0.0,0.0,5.0,0.0,0.0,0.0,28.0,0.0,0.0,5.0,0.0,0.0,0.0,28.0,0.0,0.0,5.0,0.0,1.0,1.0,0.0,0.0,0.0,0.0,0.6538,1.0,-0.3462,-76.41,-84.45,8.04,NO,g-,g-,72.36,81.76,9.4,,,,24.11873333333333,22.689,0.0,28.0,3.426,7V7;8QY;8RI;A1A7R;A1APV;A1AQ2;A1BNM;A1CMV;BF0;EID;EIG;Endomorphin-2;KZR;L0X;LIG;MOI;NG0;VF1;WH2;WH9,,,4.463,first_shell,4.147,first_shell,3.747,first_shell,,,,,,,4.152,first_shell,3.689,first_shell,,,3.527,3.731,3.92,3.679,6x52,TM6,H,12.407566221632774,1.5509457777040967,3.919103448275863,10.767074999999998,1.3458843749999998,4.44142,14.307,1.788375,5.063,8.0,2.39854,2.39854,-0.5555022222222219,1.6404912216327747,1.6404912216327752,0.2050614027040969,-1.8994337783672268,3.539925000000002,23.657445602730295,19.15772521690489,128.61527432954136,21.322918643289192,13.950346898020594,120.8555614191256,45.38709677419355,39.2,29.0,17.096774193548388,12.8,5.0,4.499720385825405,-104.95782872681109,109.45754911263649,7.372571745268598,-99.5326427758364,106.905214521105,6.187096774193549,16.38709677419355,-10.200000000000005,4.296774193548387,12.096774193548388,-7.800000000000001
300,ILE,28.0,0.935,0.221,0.529,1.29,-66.2864900135113,4.527344849487654,-38.79050989252912,4.515883306551071,-179.46457881762456,3.1040816354215464,4.607,1.031,28.0,4.8,1.095,5.0,-0.193,4.607,1.031,28.0,4.8,1.095,5.0,-0.193,0.0,0.0,28.0,0.0,0.0,5.0,0.0,0.0,0.0,28.0,0.0,0.0,5.0,0.0,0.0,0.0,28.0,0.0,0.0,5.0,0.0,1.0,0.471,28.0,1.6,0.894,5.0,-0.6,,,,,,,,,,-64.24,-65.56,1.32,NO,g-,g-,-125.08,-143.32,18.24,,,,27.45783333333333,25.308,0.0,18.0,3.627,CLR;OLC,,,9.284,none,10.016,none,8.796,none,,,,,,,9.51,none,8.884,none,,,9.581,9.608,10.007,9.238,6x53,TM6,I,1.6623628490028493,0.2770604748338082,0.7582769230769232,2.604405,0.4340675,1.015225,0.5800000000000001,0.0966666666666666,0.4717,6.0,0.3628,0.1428459259259259,-0.3628,-0.9420421509971508,-0.9420421509971506,-0.1570070251661918,1.0823628490028492,-2.024405,12.186810483871346,42.625984684305635,90.18404573447128,9.769100569270758,41.96508050738709,82.75729975743398,38.935483870967744,35.4,34.0,14.161290322580646,9.0,6.0,-30.439174200434287,-77.99723525059994,47.55806105016565,-32.19597993811634,-72.98819918816322,40.79221925004689,3.535483870967745,4.935483870967744,-1.3999999999999986,5.161290322580646,8.161290322580646,-3.0
301,TYR,28.0,0.99,0.203,0.636,1.511,-67.38060300948626,5.187016440904637,-38.0158734623992,5.486310645925557,176.65003435382656,3.183150321478461,6.75,1.713,28.0,6.4,1.673,5.0,0.35,4.929,1.12,28.0,4.6,1.14,5.0,0.329,0.429,0.573,28.0,0.4,0.548,5.0,0.029,1.393,1.166,28.0,1.4,1.342,5.0,-0.007,0.0,0.0,28.0,0.0,0.0,5.0,0.0,0.0,0.0,28.0,0.0,0.0,5.0,0.0,0.3043,0.6667,-0.3624,0.3913,0.6667,-0.2754,0.6087,0.3333,0.2754,-162.9,-162.6,0.3,NO,t,t,58.11,76.52,18.41,,,,31.197699999999998,29.336,0.0,18.0,3.339,CLR,,,8.032,none,7.775,second_shell,7.661,second_shell,,,,,,,8.47,second_shell,7.858,second_shell,,,8.327,8.124,7.447,7.866,6x54,TM6,Y,15.739508601953604,1.4308644183594186,5.575426666666667,19.004495,1.7276813636363637,5.003,8.0647,0.7331545454545455,3.696,11.0,2.2559190476190474,1.4033066666666674,-2.2559190476190474,-3.264986398046396,-3.2649863980463945,-0.2968169452769449,7.674808601953604,-10.939794999999998,6.225116007228933,18.44192799155017,0.5031784233499651,5.060197912217401,15.388109342306574,0.5031784233499651,31.548387096774192,42.8,38.0,8.258064516129032,13.8,12.0,-12.216811984321236,5.721937583878968,-17.938749568200205,-10.327911430089172,4.557019488867436,-14.88493091895661,-11.251612903225803,-6.451612903225808,-4.799999999999997,-5.541935483870969,-3.741935483870968,-1.8000000000000007
302,VAL,28.0,0.885,0.182,0.588,1.312,-64.88295234190649,3.3333373566925073,-40.602740873093204,6.454166834147933,178.7259018991848,2.643396135114195,4.75,1.323,28.0,4.2,0.837,5.0,0.55,4.75,1.323,28.0,4.2,0.837,5.0,0.55,0.0,0.0,28.0,0.0,0.0,5.0,0.0,0.0,0.0,28.0,0.0,0.0,5.0,0.0,0.0,0.0,28.0,0.0,0.0,5.0,0.0,1.643,0.678,28.0,1.8,0.447,5.0,-0.157,,,,,,,,,,160.24,166.94,6.7,NO,t,t,,,,,,,31.047699999999995,29.898,0.0,28.0,3.13,7V7;8QY;8RI;A1A7R;A1APV;A1AQ2;A1BNM;A1CMV;BF0;EID;EIG;Endomorphin-2;KZR;L0X;LIG;MOI;NG0;VF1;WH2;WH9,,,3.923,first_shell,4.006,first_shell,3.83,first_shell,,,,,,,3.515,first_shell,3.3,first_shell,,,3.377,3.568,3.64,3.417,6x55,TM6,V,3.5953407407407405,0.5992234567901235,1.0954111111111111,3.4915149999999997,0.5819191666666667,1.48758,2.0899,0.3483166666666666,1.7839,6.0,0.9571,0.9571,-0.6700503703703703,0.1038257407407406,0.1038257407407408,0.0173042901234568,1.5054407407407404,-1.4016149999999996,48.81744538370628,34.148048191809025,3.522248963449756,48.06165521094344,33.1091402564277,3.522248963449756,29.096774193548388,35.0,34.0,11.548387096774194,8.4,10.0,14.669397191897254,45.29519642025653,-30.62579922835927,14.952514954515742,44.53940624749369,-29.586891292977946,-5.903225806451612,-4.903225806451612,-1.0,3.1483870967741936,1.548387096774194,1.5999999999999996
303,ILE,28.0,1.09,0.163,0.784,1.429,-65.62511199917122,6.208924807805584,-42.501328069206366,4.80887659180927,-179.99141839275322,2.1517343423379143,5.071,0.858,28.0,4.6,0.894,5.0,0.471,5.071,0.858,28.0,4.6,0.894,5.0,0.471,0.0,0.0,28.0,0.0,0.0,5.0,0.0,0.0,0.0,28.0,0.0,0.0,5.0,0.0,0.0,0.0,28.0,0.0,0.0,5.0,0.0,1.536,0.744,28.0,2.0,0.707,5.0,-0.464,,,,,,,,,,-68.6,-66.3,2.3,NO,g-,g-,-62.77,-56.53,6.24,,,,31.1083,29.673,0.0,2.0,4.1,OLC,,,7.773,none,7.302,none,7.522,none,,,,,,,6.392,none,6.191,none,,,6.611,7.537,7.82,6.602,6x56,TM6,I,3.1645992673992676,0.4520856096284668,1.905073076923077,4.358793333333333,0.6226847619047619,2.9928199999999996,7.843,1.120428571428571,6.5355,7.0,1.0877469230769226,0.1384,-1.0877469230769226,-1.1941940659340653,-1.1941940659340653,-0.170599152276295,-4.678400732600732,3.484206666666667,43.23750559203277,37.837879132179225,55.742859720945994,27.955871817333556,35.456312092518935,42.77016598474703,34.70967741935484,38.6,29.0,12.290322580645162,11.0,0.0,5.399626459853543,-12.505354128913226,17.90498058876677,-7.50044027518538,-14.814294167413475,7.313853892228096,-3.8903225806451616,5.70967741935484,-9.6,1.290322580645162,12.290322580645162,-11.0
304,ILE,28.0,1.331,0.232,0.916,1.694,-67.09675176883417,6.577541808156042,-37.34430168154048,10.06772969046662,176.58739437871586,3.890687292977707,5.036,1.071,28.0,4.0,2.0,5.0,1.036,5.036,1.071,28.0,4.0,2.0,5.0,1.036,0.0,0.0,28.0,0.0,0.0,5.0,0.0,0.0,0.0,28.0,0.0,0.0,5.0,0.0,0.0,0.0,28.0,0.0,0.0,5.0,0.0,1.464,0.793,28.0,2.0,1.0,5.0,-0.536,,,,,,,,,,-63.0,-53.12,9.88,NO,g-,g-,-175.87,-104.95,70.92,,,,33.7647,31.757,0.0,18.0,3.492,CLR;OLC,,,11.463,none,11.938,none,11.174,none,,,,,,,11.407,none,10.784,none,,,11.317,11.558,11.393,11.25,6x57,TM6,I,2.141986878306878,0.3059981254724112,0.6537259259259259,3.78038,0.5400542857142857,1.777,3.2621,0.4660142857142857,1.7318,7.0,1.47702,0.2371666666666667,-1.47702,-1.6383931216931218,-1.638393121693122,-0.2340561602418745,-1.1201131216931222,-0.5182799999999999,29.525668408272715,46.794102162233855,55.83220138002633,15.801405043247897,44.7828796781469,53.86700427551202,28.516129032258064,33.8,40.0,7.838709677419355,5.8,19.0,-17.26843375396114,-26.30653297175362,9.038099217792478,-28.981474634899,-38.06559923226413,9.084124597365124,-5.283870967741933,-11.483870967741936,6.200000000000003,2.038709677419355,-11.161290322580644,13.2
305,LYS,28.0,1.227,0.215,0.763,1.668,-66.4939132906466,5.217192232725309,-34.20840013327302,7.9759457548816,178.119538928164,2.8822722125708133,3.071,1.052,28.0,3.2,0.837,5.0,-0.129,2.893,0.875,28.0,3.0,0.707,5.0,-0.107,0.0,0.0,28.0,0.0,0.0,5.0,0.0,0.179,0.39,28.0,0.2,0.447,5.0,-0.021,0.0,0.0,28.0,0.0,0.0,5.0,0.0,0.0,0.0,28.0,0.0,0.0,5.0,0.0,0.0,0.0,0.0,1.3333,1.4,-0.0667,0.0,0.0,0.0,-149.4,-176.97,27.57,NO,t,t,-178.24,163.61,18.15,,,,36.41846666666666,35.421,0.0,3.0,2.613,1PE;BF0;YCM,,,9.656,none,6.917,second_shell,7.579,second_shell,,,,,,,8.053,second_shell,7.316,second_shell,,,7.282,7.26,6.847,7.377,6x58,TM6,K,8.12610390055599,1.1608719857937129,3.2577586206896556,8.88941,1.2699157142857145,3.6174,5.738899999999999,0.819842857142857,4.1503,7.0,2.2559190476190474,0.9571,-2.2559190476190474,-0.7633060994440115,-0.7633060994440104,-0.1090437284920013,2.38720390055599,-3.1505100000000006,63.38700863889097,58.922497061570766,0.0,59.52519337065623,53.16265920257719,0.0,29.612903225806452,35.0,41.0,6.258064516129032,12.8,19.0,4.464511577320202,63.38700863889097,-58.922497061570766,6.362534168079044,59.52519337065623,-53.16265920257719,-5.387096774193548,-11.387096774193548,6.0,-6.541935483870969,-12.741935483870968,6.199999999999999
306,ALA,28.0,1.097,0.171,0.674,1.349,-73.05558107579533,8.174724229401283,-29.70383853903108,14.190380872907111,-177.33593542033753,3.4623318933926583,2.714,0.46,28.0,2.6,0.548,5.0,0.114,2.714,0.46,28.0,2.6,0.548,5.0,0.114,0.0,0.0,28.0,0.0,0.0,5.0,0.0,0.0,0.0,28.0,0.0,0.0,5.0,0.0,0.0,0.0,28.0,0.0,0.0,5.0,0.0,0.0,0.0,28.0,0.0,0.0,5.0,0.0,,,,,,,,,,,,,,,,,,,,,,36.79426666666667,35.543,0.0,1.0,4.793,CLR,,,10.559,none,8.523,second_shell,10.083,none,,,,,,,8.013,second_shell,7.852,none,,,8.324,8.531,9.31,8.498,6x59,TM6,A,1.6000708620689652,0.5333569540229884,1.038775862068965,1.6156666666666666,0.5385555555555556,0.9818666666666666,0.0,0.0,0.0,3.0,0.26338,0.190875,-0.26338,-0.0155958045977012,-0.0155958045977013,-0.0051986015325671,1.6000708620689652,-1.6156666666666666,75.15320986168457,53.98232271704734,52.008904064558585,53.00221502550741,35.12185394982756,51.11602154450632,31.451612903225808,27.6,40.0,17.258064516129032,6.0,12.0,21.17088714463723,23.144305797125988,-1.9734186524887536,17.88036107567985,1.8861934810010863,15.994167594678764,3.8516129032258064,-8.548387096774192,12.4,11.258064516129032,5.258064516129032,6.0
307,LEU,28.0,1.561,0.248,1.209,2.28,-87.39708136627385,18.354616765308286,-43.4413259371844,17.64107961721905,-175.73581794785548,3.836857324128546,2.143,0.705,28.0,2.0,0.707,5.0,0.143,2.143,0.705,28.0,2.0,0.707,5.0,0.143,0.0,0.0,28.0,0.0,0.0,5.0,0.0,0.0,0.0,28.0,0.0,0.0,5.0,0.0,0.0,0.0,28.0,0.0,0.0,5.0,0.0,0.75,0.441,28.0,0.8,0.447,5.0,-0.05,,,,,,,,,,-84.54,-29.7,54.84,NO,g-,g-,168.19,165.14,3.05,,,,36.92446666666667,34.198,0.0,9.0,3.708,1PE;CLR;OLC,,,13.599,none,12.393,none,13.05,none,,,,,,,10.746,none,11.567,none,,,12.113,12.512,13.438,12.125,6x60,TM6,L,1.078122619047619,0.3593742063492063,0.5688666666666666,0.90469,0.3015633333333333,0.52344,0.6706,0.2235333333333333,0.6706,3.0,0.190875,0.190875,-0.0628690476190476,0.1734326190476189,0.1734326190476189,0.0578108730158729,0.407522619047619,-0.23409,20.69705984449673,106.49626607500436,55.25100150312448,13.845201507767223,85.56394627427355,51.28231127964859,29.967741935483872,24.0,34.0,6.67741935483871,7.2,4.0,-85.79920623050762,-34.55394165862775,-51.24526457187988,-71.71874476650632,-37.43710977188137,-34.28163499462496,5.967741935483872,-4.032258064516128,10.0,-0.5225806451612902,2.67741935483871,-3.2
308,ILE,28.0,2.064,0.375,1.532,2.984,-121.33135610310825,15.518793556644727,143.15149579271053,46.658514651769046,178.34830412295074,4.364149850469369,1.536,0.508,28.0,1.0,0.0,4.0,0.536,1.536,0.508,28.0,1.0,0.0,4.0,0.536,0.0,0.0,28.0,0.0,0.0,4.0,0.0,0.0,0.0,28.0,0.0,0.0,4.0,0.0,0.0,0.0,28.0,0.0,0.0,4.0,0.0,0.464,0.508,28.0,0.75,0.5,4.0,-0.286,,,,,,,,,,154.75,-3.88,158.63,YES,t,g+,169.46,162.88,6.58,,,,40.125400000000006,35.91,0.0,2.0,3.14,OLC,,,16.421,none,15.367,none,15.826,none,,,,,,,14.796,none,14.77,none,,,15.33,15.007,14.784,15.185,6x61,TM6,V,1.7828730158730155,0.3565746031746031,0.5733777777777778,1.5630166666666665,0.3126033333333333,0.6746666666666666,1.0948,0.21896,0.6998,5.0,0.3921,0.3921,-0.1246523809523809,0.2198563492063491,0.2198563492063492,0.0439712698412698,0.6880730158730157,-0.4682166666666665,17.178851712371948,62.186985678176335,41.535038361012695,10.540548878966453,34.11549710312763,39.30283206088203,28.35483870967742,21.0,43.0,1.935483870967742,3.4,16.0,-45.00813396580439,-24.356186648640747,-20.65194731716364,-23.574948224161176,-28.762283181915578,5.187334957754402,7.35483870967742,-14.64516129032258,22.0,-1.464516129032258,-14.064516129032258,12.6
309,THR,28.0,2.399,0.373,1.895,3.334,-70.80060161448012,41.8947446980104,113.97836138102771,48.62758266210345,-178.81822956513196,3.602013795086502,1.0,0.0,3.0,1.333,0.577,3.0,-0.333,1.0,0.0,3.0,1.333,0.577,3.0,-0.333,0.0,0.0,3.0,0.0,0.0,3.0,0.0,0.0,0.0,3.0,0.0,0.0,3.0,0.0,0.0,0.0,3.0,0.0,0.0,3.0,0.0,0.0,0.0,3.0,0.0,0.0,3.0,0.0,,,,,,,,,,-53.76,-61.98,8.22,NO,g-,g-,,,,,,,44.34593333333333,40.794,0.0,1.0,3.28,1PE,,,17.08,none,14.822,none,16.281,none,,,,,,,15.969,none,13.327,none,,,15.106,16.411,15.837,17.2,,ECL3,T,0.4625,0.1541666666666666,0.3921,0.5407000000000001,0.1802333333333333,0.5407000000000001,1.7318,0.5772666666666667,1.7318,3.0,0.5407000000000001,0.3921,-0.5407000000000001,-0.0782,-0.0782,-0.0260666666666666,-1.2693,1.1911,61.654111367158585,107.08678915170454,1.5095352700498954,38.34805948994272,74.31543398458834,0.0,22.35483870967742,18.4,49.0,10.451612903225806,1.2,23.0,-45.43267778454595,60.14457609710869,-105.57725388165464,-35.96737449464562,38.34805948994272,-74.31543398458834,3.954838709677422,-26.64516129032258,30.6,9.251612903225809,-12.548387096774194,21.8
310,ILE,28.0,2.321,0.336,1.833,3.065,-96.17061704243847,44.818856358367405,129.97048574051553,19.457655209112403,179.02225785921235,3.8637974400803183,1.3,0.47,20.0,0.5,0.707,2.0,0.8,1.25,0.444,20.0,0.5,0.707,2.0,0.75,0.05,0.224,20.0,0.0,0.0,2.0,0.05,0.0,0.0,20.0,0.0,0.0,2.0,0.0,0.0,0.0,20.0,0.0,0.0,2.0,0.0,0.15,0.366,20.0,1.0,0.0,2.0,-0.85,,,,,,,,,,33.11,-70.67,103.78,YES,g+,g-,-170.19,162.93,26.88,,,,39.213433333333334,37.075,0.0,18.0,3.204,CLR,,,13.932,none,12.283,none,15.029,none,,,,,,,13.502,none,12.56,none,,,12.249,12.224,11.667,13.244,,ECL3,I,7.411020994152047,0.9263776242690058,3.4265333333333334,4.556968333333334,0.5696210416666667,1.37386,6.5206,0.815075,4.9966,8.0,2.1175333333333333,2.1175333333333333,-0.4333700000000001,2.8540526608187133,2.854052660818713,0.3567565826023391,0.8904209941520467,1.9636316666666664,17.9314055379931,68.25200308352737,47.78412691592531,11.58505867941592,39.952366813987226,46.38806597252308,34.354838709677416,18.8,36.0,16.70967741935484,6.0,8.0,-50.32059754553427,-29.852721377932212,-20.467876167602057,-28.367308134571303,-34.80300729310716,6.435699158535854,15.554838709677416,-1.6451612903225836,17.2,10.70967741935484,8.70967741935484,2.0
311,PRO,28.0,3.095,0.379,2.478,3.923,-66.60237861994575,5.3515635577229705,144.30071108443389,11.749830460869223,-177.28753351312574,3.4275418258230337,1.409,0.59,22.0,1.5,0.707,2.0,-0.091,1.136,0.351,22.0,1.5,0.707,2.0,-0.364,0.273,0.456,22.0,0.0,0.0,2.0,0.273,0.0,0.0,22.0,0.0,0.0,2.0,0.0,0.0,0.0,22.0,0.0,0.0,2.0,0.0,0.0,0.0,22.0,0.0,0.0,2.0,0.0,,,,,,,,,,22.33,17.96,4.37,NO,g+,g+,-30.16,-22.23,7.93,,,,43.98136666666667,42.337,0.0,9.0,4.033,CLR,,,19.632,none,17.653,none,19.428,none,,,,,,,18.942,none,17.001,none,,,16.996,17.284,16.632,18.03,,ECL3,P,3.450520833333333,0.8626302083333333,2.115143333333333,2.61552,0.65388,1.37386,2.8087999999999997,0.7021999999999999,2.0624,4.0,0.8734833333333332,0.8734833333333332,-0.4333700000000001,0.8350008333333331,0.835000833333333,0.2087502083333332,0.6417208333333333,0.1932799999999996,70.3387760403122,88.18619910470575,80.06374010414814,38.09687800970138,70.64625063833509,57.514728449546155,17.64516129032258,19.4,27.0,3.6774193548387095,1.4,6.0,-17.847423064393553,-9.72496406383594,-8.122459000557612,-32.54937262863371,-19.417850439844777,-13.131522188788937,-1.7548387096774185,-9.35483870967742,7.600000000000001,2.2774193548387096,-2.3225806451612905,4.6
312,GLU,28.0,2.869,0.395,2.273,3.774,-75.7102741028755,10.23672759354852,119.52579254028551,19.522063995982652,178.69571487567987,3.202483168058111,1.429,0.646,14.0,1.0,0.0,1.0,0.429,0.643,0.497,14.0,1.0,0.0,1.0,-0.357,0.286,0.469,14.0,0.0,0.0,1.0,0.286,0.5,0.941,14.0,0.0,0.0,1.0,0.5,0.0,0.0,14.0,0.0,0.0,1.0,0.0,0.0,0.0,14.0,0.0,0.0,1.0,0.0,,,,,,,,,,-159.26,-69.55,89.71,YES,t,g-,-136.19,-179.07,42.88,,,,43.22603333333333,41.203,0.0,,,,,,14.494,none,15.21,none,13.146,none,,,,,,,12.846,none,12.526,none,,,12.018,14.04,12.813,12.9,,ECL3,E,11.893306,1.48666325,3.9248,0.38995,0.04874375,0.38995,0.0,0.0,0.0,8.0,3.9248,3.9248,0.1478,11.503356,11.503355999999998,1.4379194999999998,11.893306,-0.38995,36.02226379343896,107.34108118025917,22.59551246186288,7.321595857504658,76.346695641015,20.127136933998603,21.451612903225808,16.4,42.0,1.6774193548387095,3.8,18.0,-71.3188173868202,13.426751331576078,-84.74556871839627,-69.02509978351034,-12.805541076493943,-56.2195587070164,5.051612903225809,-20.548387096774192,25.6,-2.12258064516129,-16.322580645161292,14.2
313,THR,28.0,2.916,0.365,2.043,3.582,-137.68182387663387,20.013405742803954,168.03396448777355,11.68507008666875,177.9942118364773,3.3622186789173885,4.25,1.404,28.0,3.0,1.0,5.0,1.25,2.929,1.016,28.0,2.6,0.548,5.0,0.329,1.321,0.945,28.0,0.4,0.548,5.0,0.921,0.0,0.0,28.0,0.0,0.0,5.0,0.0,0.0,0.0,28.0,0.0,0.0,5.0,0.0,0.0,0.0,28.0,0.0,0.0,5.0,0.0,,,,,,,,,,-1.46,55.05,56.51,NO,g+,g+,,,,,,,42.523633333333336,40.68,0.0,3.0,4.244,CLR,,,18.512,none,17.704,none,17.86,none,,,,,,,17.876,none,17.288,none,,,17.236,17.231,17.105,17.341,7x27,TM7,T,1.8214863215488215,0.3642972643097643,0.6729185185185185,1.5512666666666666,0.3102533333333333,1.0787,1.9234,0.38468,1.3068,5.0,0.7252833333333333,0.3244875,-0.7252833333333333,0.2702196548821549,0.2702196548821549,0.0540439309764309,-0.1019136784511784,0.3721333333333334,25.360197266117503,73.7398470865609,12.147533481782578,11.51278059772384,60.35722472735337,2.3258257612076436,34.225806451612904,22.2,38.0,14.774193548387096,2.8,14.0,-48.37964982044339,13.212663784334929,-61.592313604778326,-48.84444412962953,9.186954836516197,-58.03139896614572,12.025806451612905,-3.774193548387096,15.8,11.974193548387095,0.7741935483870961,11.2
314,THR,28.0,2.893,0.319,2.15,3.415,-63.88274774619304,4.213505541139889,-36.82471037072123,10.79548079209039,178.8297242691222,3.364804781377513,3.0,0.674,23.0,3.25,0.5,4.0,-0.25,2.739,0.689,23.0,3.0,0.0,4.0,-0.261,0.261,0.449,23.0,0.25,0.5,4.0,0.011,0.0,0.0,23.0,0.0,0.0,4.0,0.0,0.0,0.0,23.0,0.0,0.0,4.0,0.0,0.0,0.0,23.0,0.0,0.0,4.0,0.0,,,,,,,,,,-88.3,48.18,136.48,YES,g-,g+,,,,,,,42.15416666666666,40.619,0.0,,,,,,19.261,none,18.602,none,18.692,none,,,,,,,17.842,none,18.433,none,,,18.619,18.356,18.467,18.169,7x28,TM7,T,2.063182787502353,0.3438637979170588,0.8443739130434783,0.0,0.0,0.0,0.0,0.0,0.0,6.0,0.8443739130434783,0.8443739130434783,0.0296,2.063182787502353,2.063182787502353,0.3438637979170588,2.063182787502353,0.0,104.24312957254018,95.1658451344572,142.12104397917696,79.4515072034279,67.47908123175489,101.37395894358662,21.387096774193548,18.2,22.0,3.5806451612903225,1.8,7.0,9.07728443808297,-37.877914406636776,46.955198844719746,11.972425971673005,-21.92245174015872,33.894877711831725,3.1870967741935488,-0.612903225806452,3.8000000000000007,1.7806451612903225,-3.4193548387096775,5.2
315,PHE,28.0,2.461,0.397,1.948,4.069,-67.84776234732946,11.311464757189416,-36.735295401206,8.507980225710961,179.16539671240304,3.8594288787720497,3.464,1.374,28.0,4.0,0.707,5.0,-0.536,2.821,0.983,28.0,3.0,0.707,5.0,-0.179,0.643,0.621,28.0,1.0,0.0,5.0,-0.357,0.0,0.0,28.0,0.0,0.0,5.0,0.0,0.0,0.0,28.0,0.0,0.0,5.0,0.0,0.214,0.418,28.0,0.0,0.0,5.0,0.214,0.0,0.0,0.0,0.0,0.0,0.0,1.0,1.0,0.0,-179.11,156.0,24.89,NO,t,t,65.76,-66.35,132.11,,,,37.255700000000004,34.708,0.0,15.0,2.728,CLR,,,17.834,none,16.993,none,17.411,none,,,,,,,17.947,none,16.963,none,,,17.126,17.057,16.72,16.914,7x29,TM7,F,4.259466666666667,0.6084952380952382,2.05065,1.8258,0.2608285714285714,1.0787,1.3068,0.1866857142857143,1.3068,7.0,2.05065,2.05065,-0.7252833333333333,2.433666666666667,2.4336666666666673,0.3476666666666668,2.952666666666667,-0.5189999999999999,56.99211758660543,92.97949142630324,48.42568725967816,54.78820757772508,78.19392698858458,47.41933041297823,35.74193548387097,25.2,49.0,11.483870967741936,2.8,16.0,-35.98737383969781,8.566430326927268,-44.55380416662508,-23.405719410859497,7.368877164746848,-30.774596575606346,10.541935483870969,-13.258064516129032,23.8,8.683870967741935,-4.516129032258064,13.2
316,GLN,28.0,2.211,0.331,1.895,3.44,-64.44990630561166,4.022038966829323,-43.189505875167335,5.7912786993157415,-179.65454019501692,4.3439712306279,6.071,1.464,28.0,6.6,1.14,5.0,-0.529,3.679,0.819,28.0,4.4,0.548,5.0,-0.721,1.25,1.005,28.0,1.8,0.837,5.0,-0.55,1.143,1.268,28.0,0.4,0.894,5.0,0.743,0.0,0.0,28.0,0.0,0.0,5.0,0.0,0.0,0.0,28.0,0.0,0.0,5.0,0.0,,,,,,,,,,179.89,-175.57,4.54,NO,t,t,-137.16,-98.65,38.51,,,,38.48913333333334,36.497,0.0,14.0,3.65,CLR;YCM,,,12.964,none,10.653,none,12.01,none,,,,,,,11.986,none,11.278,none,,,10.437,11.612,11.459,10.269,7x30,TM7,Q,16.685358645502646,1.6685358645502646,4.502323333333334,10.588518333333331,1.0588518333333332,5.003,9.2642,0.92642,4.9966,10.0,2.1175333333333333,2.1175333333333333,-0.5006766666666662,6.096840312169312,6.096840312169313,0.6096840312169314,7.421158645502647,-1.3243183333333342,70.83561841176895,53.40235225007058,117.18804521137386,68.03725184950274,42.76305865496706,95.92303389022057,40.83870967741935,31.4,26.0,16.612903225806452,8.2,5.0,17.43326616169837,-46.35242679960491,63.78569296130328,25.274193194535677,-27.885782040717817,53.15997523525349,9.438709677419354,14.838709677419352,-5.399999999999999,8.412903225806453,11.612903225806452,-3.1999999999999993
317,THR,28.0,2.148,0.178,1.846,2.554,-66.20526085061734,4.615688850627714,-40.218593194546095,10.319484076661102,178.73305457179995,3.0509134184581863,5.75,1.838,28.0,4.4,1.517,5.0,1.35,4.536,1.374,28.0,4.0,1.414,5.0,0.536,1.0,0.667,28.0,0.4,0.548,5.0,0.6,0.214,0.63,28.0,0.0,0.0,5.0,0.214,0.0,0.0,28.0,0.0,0.0,5.0,0.0,0.0,0.0,28.0,0.0,0.0,5.0,0.0,,,,,,,,,,-49.18,59.18,108.36,YES,g-,g+,,,,,,,38.8302,37.409,0.0,,,,,,13.578,none,12.587,none,12.656,none,,,,,,,10.559,none,12.627,none,,,12.472,12.307,12.84,12.388,7x31,TM7,T,11.433261840336137,1.1433261840336135,6.025,0.69085,0.069085,0.4488499999999999,0.0,0.0,0.0,10.0,6.025,6.025,0.05685,10.742411840336135,10.742411840336135,1.0742411840336137,11.433261840336137,-0.69085,19.20979947977777,89.9189319664226,140.19720070595938,14.364943893931825,84.69523935688821,92.64320068789726,32.806451612903224,30.6,15.0,9.258064516129032,4.4,3.0,-70.70913248664483,-120.9874012261816,50.27826873953677,-70.33029546295639,-78.27825679396544,7.947961331009054,2.206451612903223,17.806451612903224,-15.6,4.858064516129032,6.258064516129032,-1.4000000000000004
318,VAL,28.0,2.237,0.358,1.715,3.493,-67.95208490558633,8.966051266109167,-40.22126040909814,5.8800307711786575,178.3545178833227,2.4583042020688963,4.357,0.951,28.0,5.2,0.837,5.0,-0.843,4.357,0.951,28.0,5.2,0.837,5.0,-0.843,0.0,0.0,28.0,0.0,0.0,5.0,0.0,0.0,0.0,28.0,0.0,0.0,5.0,0.0,0.0,0.0,28.0,0.0,0.0,5.0,0.0,0.857,0.705,28.0,0.0,0.0,5.0,0.857,,,,,,,,,,168.21,173.51,5.3,NO,t,t,,,,,,,35.50233333333333,33.625,0.0,,,,,,15.179,none,14.742,none,16.207,none,,,,,,,14.181,none,14.873,none,,,14.94,14.751,14.623,14.581,7x32,TM7,V,7.846473245341615,0.980809155667702,3.4644,0.1307,0.0163375,0.1307,0.0,0.0,0.0,8.0,3.4644,3.4644,0.0764,7.715773245341614,7.715773245341615,0.964471655667702,7.846473245341615,-0.1307,24.75379843807723,72.75824284837861,120.09106531885004,12.881219678879292,67.97610213350382,80.074107359905,33.096774193548384,35.0,20.0,7.838709677419355,5.4,6.0,-48.00444441030139,-95.3372668807728,47.33282247047141,-55.094882454624525,-67.19288768102571,12.098005226401185,-1.9032258064516157,13.096774193548384,-15.0,2.438709677419354,1.838709677419355,0.5999999999999996
319,SER,28.0,1.784,0.448,1.308,3.43,-65.74743321593773,3.9349614645722455,-39.16962060625864,5.902882912143702,178.42754276635722,2.681886199296483,6.143,2.289,28.0,7.4,1.14,5.0,-1.257,4.714,1.213,28.0,4.2,0.837,5.0,0.514,0.857,0.848,28.0,2.0,0.0,5.0,-1.143,0.571,0.92,28.0,1.2,1.095,5.0,-0.629,0.0,0.0,28.0,0.0,0.0,5.0,0.0,0.0,0.0,28.0,0.0,0.0,5.0,0.0,,,,,,,,,,140.44,62.48,77.96,NO,g+,g+,,,,,,,33.70556666666667,31.603,0.0,18.0,3.07,CLR,,,12.903,none,11.831,none,12.534,none,,,,,,,12.881,none,11.874,none,,,12.837,12.639,12.547,12.432,7x33,TM7,S,4.421841538461539,0.6316916483516485,2.3434115384615386,4.123799999999999,0.5891142857142856,3.307599999999999,3.696,0.528,3.696,7.0,0.9641884615384608,0.8302000000000002,-0.9641884615384608,0.2980415384615393,0.2980415384615398,0.0425773626373628,0.7258415384615389,-0.427799999999999,11.171169555268737,40.35985965549171,21.409723550753174,9.307377825624544,32.967006227198894,16.101709547198883,34.225806451612904,34.8,36.0,8.193548387096774,5.0,12.0,-29.188690100222978,-10.238553995484438,-18.950136104738537,-23.659628401574352,-6.7943317215743395,-16.86529668000001,-0.5741935483870932,-1.774193548387096,1.2000000000000028,3.193548387096774,-3.806451612903226,7.0
320,TRP,28.0,1.532,0.264,1.225,2.261,-62.61623435420616,5.709342465783914,-46.73488546228284,7.885787660957711,-179.71467886268886,3.626886861288053,5.25,1.005,28.0,5.8,0.447,5.0,-0.55,5.143,0.932,28.0,5.8,0.447,5.0,-0.657,0.036,0.189,28.0,0.0,0.0,5.0,0.036,0.071,0.378,28.0,0.0,0.0,5.0,0.071,0.0,0.0,28.0,0.0,0.0,5.0,0.0,2.321,0.772,28.0,2.8,0.447,5.0,-0.479,0.25,0.4,-0.15,0.9643,1.0,-0.0357,0.5,0.8,-0.3,175.6,179.3,3.7,NO,t,t,-99.11,-107.08,7.97,,,,33.324,31.934,0.0,22.0,3.097,8QY;A1A7R;A1APV;A1AQ2;A1BNM;BF0;EID;EIG;Endomorphin-2;L0X;LIG;MOI;NG0;VF1;WH2;WH9;YCM,,,5.738,second_shell,3.542,first_shell,4.651,first_shell,,,,,,,4.128,first_shell,3.596,first_shell,,,3.7,3.775,3.522,3.59,7x34,TM7,W,16.198564969896005,1.4725968154450912,5.575426666666667,13.299011666666669,1.2090010606060608,4.17212,9.357,0.8506363636363635,4.1503,11.0,1.4033066666666674,1.4033066666666674,-0.2742035714285717,2.899553303229338,2.899553303229336,0.2635957548390304,6.841564969896005,-3.94201166666667,23.29330309154421,63.81216820979262,98.36893132264838,9.44885134344308,60.33680018631484,91.58010667787352,31.580645161290324,41.2,25.0,12.516129032258064,13.8,7.0,-40.51886511824841,-75.07562823110416,34.55676311285576,-50.88794884287176,-82.13125533443043,31.243306491558677,-9.61935483870968,6.580645161290324,-16.200000000000003,-1.2838709677419369,5.516129032258064,-6.800000000000001
321,HIS,28.0,1.677,0.218,1.338,2.298,-70.96950409756467,6.491142403270556,-31.325978376073344,6.188588025947174,174.49393825657802,2.7712816390738535,6.0,1.361,28.0,4.6,2.302,5.0,1.4,4.214,1.287,28.0,3.6,1.817,5.0,0.614,0.286,0.46,28.0,0.2,0.447,5.0,0.086,1.5,0.882,28.0,0.8,1.095,5.0,0.7,0.0,0.0,28.0,0.0,0.0,5.0,0.0,0.0,0.0,28.0,0.0,0.0,5.0,0.0,1.1786,0.8,0.3786,0.0,0.0,0.0,0.1071,0.2,-0.0929,-71.26,-79.32,8.06,NO,g-,g-,-73.3,31.32,104.62,,,,33.3828,31.969,0.0,5.0,2.767,A1APU;EIG;Endomorphin-2;YCM,,,7.755,none,8.933,second_shell,8.621,second_shell,,,,,,,5.846,second_shell,8.981,none,,,8.699,8.391,8.172,8.19,7x35,TM7,H,19.084849492063498,2.1205388324514995,7.042536666666667,8.9194,0.9910444444444444,5.883875,2.3649,0.2627666666666666,2.2834,9.0,6.9798366666666665,6.9798366666666665,-1.1263949999999987,10.165449492063493,10.165449492063496,1.1294943880070552,16.719949492063495,-6.554499999999999,9.637243871931656,57.2145953481879,12.72412568945918,0.6330309196983431,51.96296560238269,5.534962656849617,30.774193548387096,34.0,35.0,3.935483870967742,8.2,14.0,-47.57735147625624,-3.0868818175275248,-44.49046965872872,-51.329934682684346,-4.901931737151274,-46.42800294553307,-3.225806451612904,-4.225806451612904,1.0,-4.264516129032257,-10.064516129032258,5.800000000000001
322,PHE,28.0,1.548,0.24,1.021,2.217,-66.25949221772481,4.90935358977139,-39.8756557686439,4.127747589338394,177.84683158049316,2.486011682630356,5.107,0.875,28.0,4.8,1.095,5.0,0.307,5.107,0.875,28.0,4.8,1.095,5.0,0.307,0.0,0.0,28.0,0.0,0.0,5.0,0.0,0.0,0.0,28.0,0.0,0.0,5.0,0.0,0.0,0.0,28.0,0.0,0.0,5.0,0.0,1.393,0.685,28.0,0.8,0.447,5.0,0.593,,,,,,,,,,-170.13,165.98,23.89,NO,t,t,66.11,78.54,12.43,,,,27.88666666666667,25.996,0.0,,,,,,11.084,none,11.605,none,12.616,none,,,,,,,11.8,none,10.701,none,,,11.916,11.589,10.454,11.385,7x36,TM7,F,4.5244504545454545,0.9048900909090908,1.98495,1.5896833333333331,0.3179366666666666,1.24785,1.5036,0.30072,1.5036,5.0,1.98495,1.98495,-0.3418333333333334,2.9347671212121216,2.934767121212121,0.5869534242424242,3.0208504545454544,-0.0860833333333332,36.232374016819534,102.7732159339151,61.06680159925398,19.395807269197743,99.42365822423808,58.55090948250415,27.483870967741936,34.0,36.0,8.548387096774194,7.0,14.0,-66.54084191709556,-24.834427582434444,-41.70641433466112,-80.02785095504034,-39.15510221330641,-40.87274874173393,-6.516129032258064,-8.516129032258064,2.0,1.548387096774194,-5.451612903225806,7.0
323,CYS,28.0,0.949,0.139,0.666,1.225,-65.73483141573666,3.841065382586579,-39.875002049263045,4.648466318524102,175.60512375430005,2.543131333316502,4.679,1.188,28.0,5.2,0.837,5.0,-0.521,4.643,1.129,28.0,5.2,0.837,5.0,-0.557,0.036,0.189,28.0,0.0,0.0,5.0,0.036,0.0,0.0,28.0,0.0,0.0,5.0,0.0,0.0,0.0,28.0,0.0,0.0,5.0,0.0,0.0,0.0,28.0,0.0,0.0,5.0,0.0,,,,,,,,,,-75.77,-70.43,5.34,NO,g-,g-,,,,,,,28.7917,27.649,0.0,18.0,3.467,CLR,,,7.561,second_shell,7.577,second_shell,7.995,second_shell,,,,,,,8.394,second_shell,6.717,second_shell,,,8.159,8.075,7.065,7.727,7x37,TM7,C,6.672807183908046,0.8341008979885057,3.6637866666666663,4.301518333333332,0.5376897916666665,2.0683999999999996,3.4759,0.4344875,1.7589,8.0,1.5953866666666672,1.5953866666666672,-0.3418333333333334,2.371288850574713,2.3712888505747136,0.2964111063218392,3.1969071839080456,-0.825618333333332,9.183907998350708,36.93607658338586,25.634390743643557,2.1444241208874586,33.741411957901434,1.0063568466999302,43.0,37.6,33.0,17.483870967741936,9.2,15.0,-27.75216858503515,-16.45048274529285,-11.301685839742303,-31.596987837013977,1.1380672741875284,-32.735055111201504,5.399999999999999,10.0,-4.600000000000001,8.283870967741937,2.483870967741936,5.800000000000001
324,ILE,28.0,1.156,0.148,0.861,1.422,-63.20146383072438,3.0145202845373267,-42.67161492891758,4.06750342806357,178.84194935687313,2.1376847706947437,5.214,0.686,28.0,4.4,0.894,5.0,0.814,5.214,0.686,28.0,4.4,0.894,5.0,0.814,0.0,0.0,28.0,0.0,0.0,5.0,0.0,0.0,0.0,28.0,0.0,0.0,5.0,0.0,0.0,0.0,28.0,0.0,0.0,5.0,0.0,1.964,0.189,28.0,2.0,0.0,5.0,-0.036,,,,,,,,,,-66.95,-64.09,2.86,NO,g-,g-,-169.52,-171.05,1.53,,,,29.14723333333334,28.061,0.0,27.0,3.297,7V7;8QY;8RI;A1A7R;A1APU;A1APV;A1AQ2;A1BNM;A1CMV;BF0;EID;EIG;Endomorphin-2;KZR;L0X;LIG;MOI;NG0;VF1;WH2,,,3.905,first_shell,4.065,first_shell,5.163,second_shell,,,,,,,3.601,first_shell,3.539,first_shell,,,4.204,3.883,3.014,3.767,7x38,TM7,I,8.526869824561402,1.4211449707602335,2.6177766666666664,6.4718,1.078633333333333,2.55616,3.9409,0.6568166666666667,1.7251,6.0,1.2521766666666665,1.2521766666666665,-0.0242366666666666,2.0550698245614036,2.055069824561402,0.3425116374269004,4.585969824561402,-2.5309,76.27582860735231,50.74931809481849,42.711653821573925,61.217070731988414,46.393050632866775,39.692583281474136,30.35483870967742,35.2,35.0,6.290322580645161,10.8,9.0,25.526510512533815,33.564174785778384,-8.037664273244566,14.82402009912164,21.52448745051428,-6.700467351392639,-4.845161290322583,-4.64516129032258,-0.2000000000000028,-4.50967741935484,-2.709677419354839,-1.8000000000000007
325,ALA,28.0,1.722,0.146,1.414,2.008,-63.69293875816122,3.76464951921376,-36.702265313668626,6.4820522713288335,176.79714707501302,2.2128157149857977,5.857,0.756,28.0,6.0,1.225,5.0,-0.143,4.964,0.744,28.0,5.0,1.225,5.0,-0.036,0.893,0.315,28.0,1.0,0.0,5.0,-0.107,0.0,0.0,28.0,0.0,0.0,5.0,0.0,0.0,0.0,28.0,0.0,0.0,5.0,0.0,1.321,0.476,28.0,0.2,0.447,5.0,1.121,,,,,,,,,,,,,,,,,,,,,,27.531066666666668,26.198,0.0,1.0,3.673,A1APU,,,7.988,none,10.339,none,10.581,none,,,,,,,9.724,none,7.652,none,,,8.605,8.496,7.763,8.827,7x39,TM7,A,2.5226339999999996,0.5045267999999999,1.0396384615384615,1.820625,0.364125,1.513625,0.0,0.0,0.0,5.0,0.7772384615384618,0.7772384615384618,-0.6294634615384617,0.7020090000000002,0.7020089999999994,0.1404017999999999,2.5226339999999996,-1.820625,59.03627051513184,14.69394512396448,65.7957938968129,42.47919370000552,13.755672873253149,56.35598341519609,26.419354838709676,36.4,31.0,9.387096774193548,5.4,14.0,44.34232539116736,-6.759523381681056,51.10184877284841,28.72352082675237,-13.876789715190576,42.600310541942946,-9.980645161290322,-4.580645161290324,-5.399999999999999,3.987096774193548,-4.612903225806452,8.6
326,LEU,28.0,1.471,0.243,0.955,1.963,-66.35364527833013,4.932088425307213,-36.71782063763702,7.978264508836811,175.13679675784982,3.8570652411509783,4.929,1.215,28.0,5.6,0.548,5.0,-0.671,4.714,1.117,28.0,5.6,0.548,5.0,-0.886,0.214,0.418,28.0,0.0,0.0,5.0,0.214,0.0,0.0,28.0,0.0,0.0,5.0,0.0,0.0,0.0,28.0,0.0,0.0,5.0,0.0,1.536,0.576,28.0,1.6,0.894,5.0,-0.064,,,,,,,,,,-133.5,174.47,52.03,NO,t,t,94.66,78.88,15.78,,,,23.24973333333333,21.347,0.0,,,,,,7.559,second_shell,9.753,none,9.805,none,,,,,,,10.229,none,7.285,second_shell,,,8.409,8.225,7.65,8.641,7x40,TM7,L,8.727960893454371,1.246851556207767,4.990770000000001,6.33962,0.90566,4.22484,7.7132,1.1018857142857144,5.3676,7.0,0.7659300000000009,0.7659300000000009,0.0031,2.3883408934543726,2.3883408934543713,0.3411915562077673,1.0147608934543708,1.3735800000000005,33.43115637476878,34.25024524802785,0.5031784233499651,5.459512073285902,32.907868887087716,0.5031784233499651,27.64516129032258,37.0,43.0,3.2580645161290325,10.4,15.0,-0.8190888732590693,32.92797795141882,-33.74706682467789,-27.448356813801816,4.956333649935937,-32.40469046373775,-9.35483870967742,-15.35483870967742,6.0,-7.141935483870968,-11.741935483870968,4.6
327,GLY,28.0,1.253,0.259,0.837,1.95,-62.0204822574125,4.57457714577875,-39.73676815004955,6.087313951034627,176.61351161058872,2.4936135635714836,3.75,1.175,28.0,2.8,0.447,5.0,0.95,3.643,1.096,28.0,2.4,0.548,5.0,1.243,0.107,0.315,28.0,0.4,0.548,5.0,-0.293,0.0,0.0,28.0,0.0,0.0,5.0,0.0,0.0,0.0,28.0,0.0,0.0,5.0,0.0,0.0,0.0,28.0,0.0,0.0,5.0,0.0,,,,,,,,,,,,,,,,,,,,,,21.496366666666656,20.272,0.0,18.0,3.402,7V7;A1APV;A1AQ2;A1CMV;BF0;EID;EIG;KZR;L0X;LIG;WH2,,,3.614,first_shell,5.762,second_shell,6.316,second_shell,,,,,,,5.903,second_shell,3.589,first_shell,,,3.792,3.976,3.628,3.622,7x41,TM7,G,5.150419093231162,1.0300838186462324,3.1695629629629627,5.5863000000000005,1.11726,4.60074,7.0945,1.4189,5.4998,5.0,1.4311770370370374,0.45065,-1.4311770370370374,-0.4358809067688381,-0.4358809067688387,-0.0871761813537677,-1.9440809067688385,1.5081999999999995,93.38731393235297,10.842976660403904,14.71574358819019,87.18085138485897,8.151490458269434,14.71574358819019,23.64516129032258,32.0,31.0,7.67741935483871,1.2,12.0,82.54433727194905,78.67157034416276,3.8727669277862855,79.02936092658953,72.46510779666878,6.564253129920756,-8.35483870967742,-7.35483870967742,-1.0,6.47741935483871,-4.32258064516129,10.8
328,TYR,28.0,1.85,0.212,1.309,2.276,-77.07199197931854,7.96376578935676,-22.10259423869587,8.87521047962899,177.15205912619035,3.7776797002640623,8.893,1.474,28.0,8.4,1.673,5.0,0.493,5.179,0.819,28.0,4.8,0.447,5.0,0.379,0.107,0.416,28.0,0.4,0.548,5.0,-0.293,3.607,1.449,28.0,3.2,1.483,5.0,0.407,0.0,0.0,28.0,0.0,0.0,5.0,0.0,0.0,0.0,28.0,0.0,0.0,5.0,0.0,0.0,0.0,0.0,0.0,0.0,0.0,1.0,1.0,0.0,-73.8,-77.99,4.19,NO,g-,g-,-76.58,-49.46,27.12,,,,24.245833333333337,22.743,0.0,28.0,2.857,7V7;8QY;8RI;A1A7R;A1APU;A1APV;A1AQ2;A1BNM;A1CMV;BF0;EID;EIG;Endomorphin-2;KZR;L0X;LIG;MOI;NG0;VF1;WH2;WH9,,,3.659,first_shell,4.238,first_shell,3.951,first_shell,,,,,,,3.213,first_shell,3.403,first_shell,,,3.645,3.878,3.623,3.543,7x42,TM7,Y,18.30977047619048,1.408443882783883,4.282316666666667,15.021995,1.155538076923077,4.57412,7.6744,0.5903384615384616,4.5323,13.0,2.0700766666666675,2.0700766666666675,-1.150575,3.2877754761904763,3.287775476190479,0.252905805860806,10.63537047619048,-7.347595,17.84055422541073,21.971836157889378,0.0,14.451980704982544,19.02014440262868,0.0,29.967741935483872,37.0,32.0,8.193548387096774,13.0,9.0,-4.131281932478647,17.84055422541073,-21.971836157889378,-4.568163697646137,14.451980704982544,-19.02014440262868,-7.032258064516128,-2.032258064516128,-5.0,-4.806451612903226,-0.806451612903226,-4.0
329,THR,28.0,2.335,0.274,1.669,2.964,-65.02292493675799,4.723493647277609,-29.25893809561111,7.59115157476674,174.0020167259579,3.596522657422782,6.0,1.217,28.0,5.4,0.548,5.0,0.6,4.893,0.832,28.0,4.4,0.548,5.0,0.493,1.107,0.567,28.0,1.0,0.0,5.0,0.107,0.0,0.0,28.0,0.0,0.0,5.0,0.0,0.0,0.0,28.0,0.0,0.0,5.0,0.0,0.0,0.0,28.0,0.0,0.0,5.0,0.0,,,,,,,,,,-56.74,-62.13,5.39,NO,g-,g-,,,,,,,20.808833333333332,19.555,0.0,1.0,3.564,A1APU,,,8.677,none,10.816,none,11.489,none,,,,,,,10.88,none,8.547,none,,,8.801,8.867,8.915,8.764,7x43,TM7,T,2.751976893592677,0.3439971116990846,0.7865304347826085,3.6140833333333338,0.4517604166666666,1.5196999999999998,1.2891,0.1611375,1.2891,8.0,0.7963799999999998,0.4069304347826085,-0.7963799999999998,-0.8621064397406559,-0.8621064397406561,-0.107763304967582,1.4628768935926773,-2.3249833333333334,13.347417671931396,21.929632002181055,12.94679654075787,12.0254228155885,21.840343750175823,9.375266460548804,33.41935483870968,34.2,27.0,12.35483870967742,4.0,13.0,-8.58221433024966,0.4006211311735264,-8.982835461423186,-9.814920934587327,2.6501563550396963,-12.465077289627024,-0.7806451612903231,6.41935483870968,-7.200000000000003,8.35483870967742,-0.6451612903225801,9.0
330,ASN,28.0,2.331,0.271,1.626,2.898,-60.76463303685021,4.593457992527332,-42.179098095314934,6.462808396478987,177.98540674084748,2.786865439633513,5.893,1.315,28.0,4.4,1.14,5.0,1.493,4.607,0.956,28.0,4.0,1.225,5.0,0.607,0.679,0.548,28.0,0.2,0.447,5.0,0.479,0.607,0.737,28.0,0.2,0.447,5.0,0.407,0.0,0.0,28.0,0.0,0.0,5.0,0.0,0.0,0.0,28.0,0.0,0.0,5.0,0.0,,,,,,,,,,-169.97,-175.7,5.73,NO,t,t,-3.96,-4.02,0.06,,,,15.725833333333336,14.126,0.0,2.0,4.506,KZR;L0X,,,8.157,second_shell,9.488,second_shell,10.423,second_shell,,,,,,,9.37,second_shell,7.554,second_shell,,,7.467,6.981,8.093,6.708,7x45,TM7,N,14.745680410641992,1.4745680410641993,4.164126666666667,14.982163333333334,1.4982163333333334,4.198180000000001,14.6508,1.46508,5.8912,10.0,1.975246666666667,1.975246666666667,-1.9444733333333335,-0.2364829226913442,-0.2364829226913425,-0.0236482922691341,0.0948804106419913,-0.3313633333333339,9.523600473550324,5.861972083359329,69.21330739717972,8.673062399897676,5.035682949982757,68.20695055047979,34.806451612903224,42.2,34.0,10.290322580645162,16.0,6.0,3.6616283901909954,-59.689706923629394,63.35133531382039,3.637379449914919,-59.533888150582115,63.17126760049703,-7.393548387096779,0.8064516129032242,-8.200000000000003,-5.709677419354838,4.290322580645162,-10.0
331,SER,28.0,2.182,0.226,1.757,2.513,-64.11636312826074,4.576514932874912,-32.235556726738245,5.8538055160354405,177.12432518689448,3.6291451645088477,3.25,1.351,28.0,3.8,1.095,5.0,-0.55,1.857,0.932,28.0,1.8,0.447,5.0,0.057,0.429,0.504,28.0,1.2,0.447,5.0,-0.771,0.964,0.637,28.0,0.8,0.837,5.0,0.164,0.0,0.0,28.0,0.0,0.0,5.0,0.0,0.0,0.0,28.0,0.0,0.0,5.0,0.0,,,,,,,,,,-74.96,-72.01,2.95,NO,g-,g-,,,,,,,19.652733333333334,18.504,0.0,2.0,2.203,KZR;L0X,,,6.255,second_shell,7.382,none,9.052,none,,,,,,,7.368,none,6.328,none,,,5.302,4.526,7.413,3.958,7x46,TM7,S,15.394625476190477,1.0996161054421767,10.20042,13.547899999999998,0.9677071428571428,9.6804,15.2361,1.0882928571428572,11.5797,14.0,1.9312666666666665,1.9312666666666665,-0.9874735714285714,1.8467254761904768,1.8467254761904768,0.1319089625850339,0.1585254761904746,1.688200000000002,8.49597504458559,19.620111106845545,26.562040222395552,7.663567338600773,18.77140985147826,24.73939288453787,34.41935483870968,33.0,36.0,16.483870967741936,7.4,14.0,-11.124136062259952,-18.06606517780996,6.9419291155500105,-11.107842512877488,-17.0758255459371,5.96798303305961,1.4193548387096795,-1.5806451612903205,3.0,9.083870967741936,2.483870967741936,6.6
332,CYS,28.0,2.069,0.206,1.632,2.555,-74.44384590782212,8.728354381047412,-36.1007048449368,9.044223662184198,-175.5476063588931,4.840325783883897,3.214,0.568,28.0,2.0,0.0,5.0,1.214,3.036,0.508,28.0,2.0,0.0,5.0,1.036,0.179,0.39,28.0,0.0,0.0,5.0,0.179,0.0,0.0,28.0,0.0,0.0,5.0,0.0,0.0,0.0,28.0,0.0,0.0,5.0,0.0,0.0,0.0,28.0,0.0,0.0,5.0,0.0,,,,,,,,,,-95.66,96.45,167.89,YES,g-,g+,,,,,,,20.119099999999996,18.669,0.0,,,,,,10.586,none,11.25,none,13.51,none,,,,,,,11.945,none,10.428,none,,,9.736,9.285,10.748,9.079,7x47,TM7,C,6.6517671360153265,0.7390852373350363,2.08246,4.439523333333333,0.4932803703703703,1.24924,4.9754,0.5528222222222222,2.5238,9.0,0.8332200000000003,0.8332200000000003,-0.2522999999999999,2.212243802681993,2.2122438026819937,0.2458048669646659,1.676367136015327,0.5358766666666668,13.534339225666203,12.272683013928535,139.0956536018557,12.296624686174749,10.749250385176712,128.9902600646616,31.193548387096776,35.0,28.0,1.2580645161290325,12.0,6.0,1.2616562117376675,-125.5613143761895,126.82297058792716,1.547374300998035,-116.69363537848686,118.2410096794849,-3.806451612903224,3.193548387096776,-7.0,-10.741935483870968,-4.741935483870968,-6.0
333,LEU,28.0,2.352,0.181,1.947,2.728,-85.18911719349641,9.176264242670527,-16.978088305433165,11.9089807565089,178.1132795636149,5.615837023842146,4.429,0.742,28.0,3.4,1.517,5.0,1.029,4.429,0.742,28.0,3.4,1.517,5.0,1.029,0.0,0.0,28.0,0.0,0.0,5.0,0.0,0.0,0.0,28.0,0.0,0.0,5.0,0.0,0.0,0.0,28.0,0.0,0.0,5.0,0.0,1.607,0.916,28.0,1.0,0.707,5.0,0.607,,,,,,,,,,-100.34,-63.79,36.55,NO,g-,g-,112.52,166.93,54.41,,,,15.781766666666668,13.788,0.0,,,,,,12.66,none,14.591,none,15.562,none,,,,,,,14.491,none,12.453,none,,,12.54,11.802,12.944,11.37,7x48,TM7,L,3.1380577631578945,0.3922572203947368,0.82855,2.9799499999999997,0.3724937499999999,0.9318,1.4403,0.1800375,1.2891,8.0,0.9318,0.5048,-0.9318,0.1581077631578946,0.1581077631578948,0.0197634703947368,1.6977577631578946,-1.5396499999999995,12.803085398236393,41.592106438762706,30.73891331904933,11.972863463785451,39.202527290638216,25.80216226332077,45.16129032258065,37.2,43.0,12.129032258064516,8.2,10.0,-28.789021040526315,-17.93582792081294,-10.853193119713374,-27.229663826852764,-13.82929879953532,-13.400365027317443,7.961290322580645,2.1612903225806477,5.799999999999997,3.9290322580645167,2.129032258064516,1.8000000000000007
334,ASN,28.0,2.717,0.199,2.327,3.216,-58.2802309174578,5.190237677860481,-44.54632932138235,5.90912982491666,175.48799765632842,3.9850525499335987,5.143,1.38,28.0,4.2,0.837,5.0,0.943,3.714,1.084,28.0,3.2,0.837,5.0,0.514,0.571,0.504,28.0,0.2,0.447,5.0,0.371,0.857,0.848,28.0,0.8,0.447,5.0,0.057,0.0,0.0,28.0,0.0,0.0,5.0,0.0,0.0,0.0,28.0,0.0,0.0,5.0,0.0,,,,,,,,,,-93.94,-85.76,8.18,NO,g-,g-,-26.33,-22.44,3.89,,,,13.081433333333333,11.468,0.0,,,,,,10.123,none,11.227,none,12.996,none,,,,,,,11.807,none,10.879,none,,,9.369,8.622,11.049,8.048,7x49,TM7,N,14.012451590901437,1.000889399350103,3.176782758620689,8.917929999999998,0.6369949999999999,2.0553999999999997,9.6896,0.6921142857142858,4.9996,14.0,1.7074034482758618,1.7074034482758618,-0.8064600000000001,5.094521590901436,5.094521590901438,0.3638943993501028,4.322851590901436,0.7716700000000021,53.15812061460973,15.146956501426825,3.29530031015443,40.46430031557369,13.874226108024114,1.0063568466999302,40.483870967741936,37.2,43.0,20.741935483870968,14.2,10.0,38.01116411318291,49.8628203044553,-11.851656191272394,26.590074207549577,39.45794346887376,-12.867869261324184,3.283870967741933,-2.516129032258064,5.799999999999997,6.541935483870969,10.741935483870968,-4.199999999999999
335,PRO,28.0,2.975,0.469,2.1,4.324,-60.92603060969059,4.4370632766270175,-36.65685556315351,7.726173684667697,179.17027255953374,2.9935118171101402,3.036,1.201,28.0,2.4,1.342,5.0,0.636,3.036,1.201,28.0,2.4,1.342,5.0,0.636,0.0,0.0,28.0,0.0,0.0,5.0,0.0,0.0,0.0,28.0,0.0,0.0,5.0,0.0,0.0,0.0,28.0,0.0,0.0,5.0,0.0,1.179,0.548,28.0,1.0,0.0,5.0,0.179,,,,,,,,,,-10.09,-16.97,6.88,NO,g-,g-,13.23,24.45,11.22,,,,14.113500000000004,12.793,0.0,,,,,,13.788,none,14.963,none,16.865,none,,,,,,,15.053,none,13.667,none,,,12.678,11.959,14.532,11.564,7x50,TM7,P,10.484304783377542,0.806484983336734,3.5489333333333337,7.54036,0.5800276923076922,3.2808,5.4456,0.4188923076923077,1.919,13.0,3.5489333333333337,3.5489333333333337,-2.0301615384615386,2.9439447833775434,2.9439447833775425,0.2264572910290417,5.0387047833775425,-2.09476,36.88467421597405,34.59987204724831,68.3861312874773,21.007435686444936,29.88879834698793,67.88295286412733,35.193548387096776,36.6,37.0,11.709677419354838,6.8,11.0,2.28480216872574,-31.501457071503246,33.786259240228986,-8.88136266054299,-46.8755171776824,37.99415451713941,-1.4064516129032256,-1.806451612903224,0.3999999999999986,4.909677419354838,0.7096774193548381,4.2
336,VAL,28.0,3.425,0.274,2.822,4.078,-67.71898978686266,7.135935904667675,-38.117622945151226,11.6711351371936,-178.11737064230994,3.611986203011716,2.5,1.171,28.0,3.8,0.837,5.0,-1.3,2.5,1.171,28.0,3.8,0.837,5.0,-1.3,0.0,0.0,28.0,0.0,0.0,5.0,0.0,0.0,0.0,28.0,0.0,0.0,5.0,0.0,0.0,0.0,28.0,0.0,0.0,5.0,0.0,1.429,0.634,28.0,0.8,0.447,5.0,0.629,,,,,,,,,,175.93,-173.13,10.94,NO,t,t,,,,,,,13.540333333333335,12.225,0.0,,,,,,17.333,none,18.793,none,20.586,none,,,,,,,18.962,none,16.604,none,,,16.691,15.786,17.537,15.402,7x51,TM7,V,5.060303076923077,0.8433838461538462,3.155456666666667,1.2604666666666666,0.2100777777777777,0.8565666666666666,0.0,0.0,0.0,6.0,3.155456666666667,3.155456666666667,-0.0133435897435895,3.799836410256411,3.79983641025641,0.6333060683760684,5.060303076923077,-1.2604666666666666,36.41270751563751,51.84311907863599,142.2477234669452,32.407853000342364,49.10475193652955,137.87088799789043,34.25806451612903,37.0,32.0,6.483870967741935,8.8,2.0,-15.430411562998486,-105.83501595130768,90.4046043883092,-16.69689893618719,-105.46303499754808,88.76613606136088,-2.741935483870968,2.258064516129032,-5.0,-2.3161290322580657,4.483870967741935,-6.800000000000001
337,LEU,28.0,3.455,0.367,2.58,4.039,-76.29992481459094,12.54360383914478,-37.65646720800885,13.850864029925638,-174.86856822415632,4.895975148293353,2.143,0.591,28.0,5.0,1.0,5.0,-2.857,2.143,0.591,28.0,5.0,1.0,5.0,-2.857,0.0,0.0,28.0,0.0,0.0,5.0,0.0,0.0,0.0,28.0,0.0,0.0,5.0,0.0,0.0,0.0,28.0,0.0,0.0,5.0,0.0,3.607,0.786,28.0,2.4,1.517,5.0,1.207,,,,,,,,,,-87.51,-76.76,10.75,NO,g-,g-,141.3,-179.28,39.42,,,,10.085133333333333,8.619,1.0,,,,,,15.591,none,17.575,none,17.698,none,,,,,,,17.132,none,15.287,none,,,15.097,14.239,15.523,13.446,7x52,TM7,L,6.588577550524189,0.6588577550524188,1.6834076923076924,2.644121666666667,0.2644121666666666,1.126866666666667,6.6899999999999995,0.6689999999999999,2.4373,10.0,1.4620326923076925,1.4620326923076925,-0.0695333333333333,3.9444558838575223,3.944455883857522,0.3944455883857521,-0.1014224494758107,4.045878333333333,60.66661083249344,23.955334086808406,3.019070540099791,59.43998020347007,21.435400834708513,3.019070540099791,33.806451612903224,38.4,42.0,13.0,7.4,19.0,36.71127674568503,57.64754029239365,-20.936263546708616,38.004579368761554,56.42090966337028,-18.416330294608724,-4.593548387096774,-8.193548387096776,3.6000000000000014,5.6,-6.0,11.6
338,TYR,28.0,4.662,0.375,3.734,5.226,-93.8230089564024,18.80190842218081,-35.8470956190562,17.482671828504902,-177.0418069483718,4.98892059626038,2.0,1.018,28.0,2.8,1.095,5.0,-0.8,1.786,0.917,28.0,2.6,0.894,5.0,-0.814,0.0,0.0,28.0,0.0,0.0,5.0,0.0,0.214,0.63,28.0,0.2,0.447,5.0,0.014,0.0,0.0,28.0,0.0,0.0,5.0,0.0,0.0,0.0,28.0,0.0,0.0,5.0,0.0,0.0,1.0,-1.0,1.0,0.0,1.0,0.0,0.0,0.0,-77.71,-58.48,19.23,NO,g-,g-,-72.23,-47.12,25.11,,,,7.703066666666667,6.748,1.0,,,,,,14.935,none,16.122,none,17.512,none,,,,,,,16.412,none,15.166,none,,,14.805,13.964,15.839,13.296,7x53,TM7,Y,15.376475071503208,0.7688237535751604,2.6295466666666667,14.549169999999998,0.7274584999999999,3.81914,10.9733,0.548665,2.9561,20.0,3.2006400000000004,2.6295466666666667,-3.2006400000000004,0.827305071503209,0.8273050715032095,0.0413652535751605,4.403175071503208,-3.5758699999999983,8.267269801849546,34.44881694208086,1.5095352700498954,3.213849284622358,32.21327531774963,1.5095352700498954,37.483870967741936,40.2,44.0,16.93548387096774,15.6,27.0,-26.181547140231316,6.757734531799651,-32.939281672030965,-28.999426033127268,1.7043140145724625,-30.703740047699732,-2.716129032258067,-6.516129032258064,3.799999999999997,1.3354838709677406,-10.06451612903226,11.4
339,ALA,28.0,6.743,0.322,6.019,7.276,-92.69640361664432,20.20028363334482,-48.64555405912335,12.487278336349497,-176.25912811483084,3.8349471277461444,2.571,0.742,28.0,3.0,0.0,5.0,-0.429,2.571,0.742,28.0,3.0,0.0,5.0,-0.429,0.0,0.0,28.0,0.0,0.0,5.0,0.0,0.0,0.0,28.0,0.0,0.0,5.0,0.0,0.0,0.0,28.0,0.0,0.0,5.0,0.0,2.393,0.685,28.0,0.8,0.447,5.0,1.593,,,,,,,,,,,,,,,,,,,,,,9.971633333333335,8.982,0.0,,,,,,19.684,none,21.107,none,22.94,none,,,,,,,21.145,none,20.357,none,,,18.684,18.019,20.865,17.577,7x54,TM7,A,8.152990051282051,1.0191237564102564,5.683886666666667,5.732098333333333,0.7165122916666666,3.1519,0.3524,0.04405,0.328,8.0,5.634046666666667,5.634046666666667,-2.951033333333333,2.420891717948719,2.4208917179487184,0.3026114647435898,7.800590051282051,-5.379698333333333,37.53287227207601,27.717926407430845,51.69607997607737,35.72406854803949,23.0455717894284,51.69607997607737,39.645161290322584,31.4,36.0,15.0,4.4,8.0,9.814945864645168,-14.163207704001358,23.97815356864653,12.67849675861109,-15.97201142803788,28.65050818664897,8.245161290322585,3.645161290322584,4.600000000000001,10.6,7.0,3.5999999999999996
340,PHE,28.0,5.989,0.381,5.123,6.756,-72.5588151983722,11.01761758008067,-25.3203800355937,16.146105234201393,178.0148504301011,5.5409098826146295,1.536,0.693,28.0,1.8,0.837,5.0,-0.264,1.393,0.685,28.0,1.8,0.837,5.0,-0.407,0.143,0.356,28.0,0.0,0.0,5.0,0.143,0.0,0.0,28.0,0.0,0.0,5.0,0.0,0.0,0.0,28.0,0.0,0.0,5.0,0.0,3.179,1.335,28.0,0.6,0.548,5.0,2.579,0.6,,,0.4,,,0.0,,,-75.6,-48.21,27.39,NO,g-,g-,-33.15,-69.72,36.57,,,,10.817299999999998,10.131,0.0,,,,,,20.074,none,21.341,none,23.434,none,,,,,,,21.108,none,20.307,none,,,17.999,17.751,19.804,17.093,7x55,TM7,F,12.388850686813186,1.2388850686813186,3.5489333333333337,2.2246499999999996,0.2224649999999999,1.0027,2.0029,0.20029,2.0029,10.0,3.5489333333333337,3.5489333333333337,-0.0133435897435895,10.164200686813189,10.164200686813183,1.0164200686813187,10.385950686813183,-0.2217499999999996,24.124030383265016,77.8707105116053,28.748892396583894,20.79263097778404,60.82785206202194,19.120780087298673,37.903225806451616,32.2,33.0,10.483870967741936,13.4,3.0,-53.74668012834028,-4.624862013318879,-49.1218181150214,-40.035221084237904,1.6718508904853664,-41.70707197472326,5.703225806451613,4.903225806451616,0.7999999999999972,-2.9161290322580644,7.483870967741936,-10.4
341,LEU,28.0,3.024,0.308,2.372,3.809,-96.28412990812026,15.680449038390181,1.7979088796140208,24.85397254835176,175.63542883407248,3.6594567823305995,2.0,0.903,28.0,1.4,0.548,5.0,0.6,1.821,0.67,28.0,1.4,0.548,5.0,0.421,0.179,0.39,28.0,0.0,0.0,5.0,0.179,0.0,0.0,28.0,0.0,0.0,5.0,0.0,0.0,0.0,28.0,0.0,0.0,5.0,0.0,1.286,0.713,28.0,3.0,0.0,5.0,-1.714,,,,,,,,,,-75.2,-71.61,3.59,NO,g-,g-,175.21,168.28,6.93,,,,7.187900000000001,6.172,1.0,,,,,,21.715,none,22.99,none,23.732,none,,,,,,,23.216,none,21.749,none,,,21.135,20.152,21.746,19.828,7x56,TM7,L,8.453840256410256,0.939315584045584,3.155456666666667,5.53588,0.6150977777777777,2.97586,2.8268999999999997,0.3141,2.0029,9.0,3.155456666666667,3.155456666666667,-1.2507033333333333,2.9179602564102565,2.9179602564102565,0.3242178062678063,5.626940256410256,-2.70898,18.046953484694964,39.25122616555906,2.962333376775959,15.621168325752002,27.171634860898116,1.0063568466999302,46.0,28.6,39.0,16.419354838709676,9.4,15.0,-21.204272680864097,15.084620107919005,-36.2888927887831,-11.550466535146114,14.614811479052072,-26.165278014198183,17.4,7.0,10.4,7.019354838709676,1.4193548387096762,5.6
342,ASP,28.0,3.291,0.441,2.436,4.401,-84.13227221332343,28.99528395456909,137.24977176806308,14.266806696544329,-177.24994827653362,4.319836358449201,4.679,1.517,28.0,4.0,1.0,5.0,0.679,3.929,1.359,28.0,2.6,0.548,5.0,1.329,0.679,0.772,28.0,1.4,0.894,5.0,-0.721,0.071,0.262,28.0,0.0,0.0,5.0,0.071,0.179,0.39,28.0,0.0,0.0,5.0,0.179,0.0,0.0,28.0,0.0,0.0,5.0,0.0,,,,,,,,,,-142.64,-168.62,25.98,NO,t,t,-9.01,-25.25,16.24,,,,3.5804999999999993,2.863,1.0,,,,,,22.325,none,25.093,none,25.201,none,,,,,,,24.412,none,23.106,none,,,23.819,22.798,25.346,22.287,8x47,H8,D,6.293379935064934,0.5244483279220779,2.0473785714285713,8.430943333333333,0.7025786111111111,4.94452,8.221,0.6850833333333334,4.2412,12.0,2.8971414285714285,0.7257583333333333,-2.8971414285714285,-2.1375633982683984,-2.1375633982683997,-0.1781302831890332,-1.9276200649350663,-0.2099433333333333,67.87430605260539,65.96999625665201,1.4527981067260636,43.894721032467515,48.860897325967706,1.4527981067260636,26.161290322580644,28.8,49.0,8.387096774193548,7.6,21.0,1.904309795953381,66.42150794587933,-64.51719814992595,-4.96617629350019,42.44192292574145,-47.40809921924164,-2.6387096774193566,-22.838709677419356,20.2,0.7870967741935484,-12.612903225806452,13.4
343,GLU,28.0,4.286,0.499,3.67,5.868,-68.94015497563743,10.029587213432864,-33.091224701672914,10.769894868661481,178.62242125342252,3.587810333036921,3.571,1.451,28.0,2.8,0.837,5.0,0.771,2.286,1.013,28.0,2.4,0.548,5.0,-0.114,0.25,0.441,28.0,0.0,0.0,5.0,0.25,1.036,0.793,28.0,0.4,0.894,5.0,0.636,1.214,0.686,28.0,0.2,0.447,5.0,1.014,0.0,0.0,28.0,0.0,0.0,5.0,0.0,,,,,,,,,,-71.91,-65.83,6.08,NO,g-,g-,-55.56,-60.29,4.73,,,,3.6402000000000005,2.58,1.0,,,,,,29.485,none,30.478,none,32.159,none,,,,,,,29.341,none,28.373,none,,,29.11,28.257,30.277,27.856,8x48,H8,E,7.364816355866356,1.2274693926443927,3.0175461538461543,8.25945,1.376575,8.0272,0.0,0.0,0.0,6.0,5.69425,3.0175461538461543,-5.69425,-0.8946336441336437,-0.8946336441336431,-0.1491056073556071,7.364816355866356,-8.25945,72.32876424388641,68.09294320027857,78.83789065071741,64.77658868415803,51.07546463054602,72.41750152038006,31.0,28.6,35.0,6.285714285714286,5.6,5.0,4.235821043607842,-6.509126406831001,10.744947450438843,13.701124053612006,-7.640912836222029,21.34203688983403,2.3999999999999986,-4.0,6.399999999999999,0.6857142857142859,1.2857142857142856,-0.5999999999999996
344,ASN,28.0,3.961,0.384,3.235,4.904,-67.14628363802582,5.691128500780339,-39.159773510664834,10.4256135837503,177.46364256566358,2.6739995884210814,3.679,1.249,28.0,3.4,0.894,5.0,0.279,2.786,1.031,28.0,2.6,1.14,5.0,0.186,0.464,0.508,28.0,0.8,0.447,5.0,-0.336,0.429,0.634,28.0,0.0,0.0,5.0,0.429,0.0,0.0,28.0,0.0,0.0,5.0,0.0,0.0,0.0,28.0,0.0,0.0,5.0,0.0,,,,,,,,,,-65.72,-69.48,3.76,NO,g-,g-,-32.44,11.36,43.8,,,,3.8661000000000008,2.804,1.0,,,,,,28.567,none,29.585,none,31.642,none,,,,,,,29.106,none,28.003,none,,,27.429,26.456,29.285,25.811,8x49,H8,N,4.731793172905525,0.5257547969895028,2.088135294117647,4.982710000000001,0.5536344444444445,2.03282,9.1841,1.0204555555555557,4.2412,9.0,2.03282,0.9502352941176472,-2.03282,-0.2509168270944747,-0.2509168270944757,-0.0278796474549417,-4.452306827094476,4.20139,53.001848554622434,55.35027268938525,34.71931121114759,46.63708132221688,51.35697332345624,34.216132787797626,31.0,31.2,40.0,7.428571428571429,9.2,10.0,-2.3484241347628156,18.282537343474843,-20.63096147823766,-4.719892001239359,12.420948534419251,-17.14084053565861,-0.1999999999999993,-9.0,8.8,-1.7714285714285705,-2.571428571428571,0.8000000000000007
345,PHE,28.0,3.201,0.415,2.449,4.405,-68.25890827706499,7.640917224871469,-34.91082888153881,7.009188458176103,177.9063396470346,3.777917987527803,3.536,0.922,28.0,4.0,1.581,5.0,-0.464,3.321,0.905,28.0,3.4,1.517,5.0,-0.079,0.214,0.418,28.0,0.6,0.548,5.0,-0.386,0.0,0.0,28.0,0.0,0.0,5.0,0.0,0.0,0.0,28.0,0.0,0.0,5.0,0.0,3.5,1.453,28.0,4.8,0.837,5.0,-1.3,,1.0,,,0.0,,,0.0,,-89.68,-89.2,0.48,NO,g-,g-,7.13,-64.4,71.53,,,,7.857266666666666,6.406,1.0,,,,,,23.598,none,24.528,none,26.528,none,,,,,,,24.378,none,23.529,none,,,21.494,20.849,23.821,20.076,8x50,H8,F,17.81548305732512,1.11346769108282,5.683886666666667,16.552543333333332,1.0345339583333333,4.94452,7.2304,0.4519,3.7151,16.0,5.634046666666667,5.634046666666667,-3.2006400000000004,1.2629397239917886,1.2629397239917886,0.0789337327494867,10.585083057325122,-9.322143333333331,21.19073509484344,34.43044386104511,6.987760763575679,19.408310614927224,24.454471374808303,5.534962656849617,37.285714285714285,37.6,40.0,13.714285714285714,13.8,12.0,-13.239708766201671,14.20297433126776,-27.44268309746943,-5.046160759881079,13.873347958077607,-18.919508717958685,-0.3142857142857167,-2.7142857142857153,2.3999999999999986,-0.0857142857142871,1.7142857142857135,-1.8000000000000007
346,LYS,28.0,4.531,0.605,3.67,6.155,-65.89123037526191,9.301376827464898,-30.9921367895871,28.085743650767945,177.64179921262084,3.7025676773264893,4.536,1.774,28.0,5.2,0.837,5.0,-0.664,3.893,1.524,28.0,4.8,1.304,5.0,-0.907,0.357,0.559,28.0,0.0,0.0,5.0,0.357,0.286,0.535,28.0,0.4,0.894,5.0,-0.114,0.5,0.509,28.0,0.2,0.447,5.0,0.3,0.0,0.0,28.0,0.0,0.0,5.0,0.0,0.0,,,1.0,,,0.0,,,-92.99,136.82,130.19,YES,g-,g+,-173.14,175.3,11.56,,,,7.8980999999999995,5.725,1.0,,,,,,27.845,none,29.23,none,31.021,none,,,,,,,28.39,none,26.832,none,,,25.845,25.715,27.462,25.184,8x51,H8,K,8.180445238095238,1.0225556547619048,2.33295,12.2986,1.537325,8.0272,0.0,0.0,0.0,8.0,5.69425,2.160874999999999,-5.69425,-4.118154761904762,-4.118154761904762,-0.5147693452380953,8.180445238095238,-12.2986,73.95418463894646,64.14346695747204,50.26110517167268,61.07951756951852,58.34625147628361,49.31148548829658,31.142857142857142,32.2,38.0,4.142857142857143,4.6,8.0,9.810717681474417,23.693079467273776,-13.88236178579936,2.73326609323491,11.76803208122194,-9.03476598798703,-1.0571428571428605,-6.857142857142858,5.799999999999997,-0.4571428571428564,-3.8571428571428568,3.4000000000000004
347,ARG,28.0,5.345,0.646,4.274,6.63,-75.7771759101621,28.787017654510525,-34.90827440400746,13.514614024349166,177.9360644872198,2.8782867554751443,3.929,1.676,28.0,5.0,1.414,5.0,-1.071,3.321,1.442,28.0,5.0,1.414,5.0,-1.679,0.25,0.441,28.0,0.0,0.0,5.0,0.25,0.357,0.559,28.0,0.0,0.0,5.0,0.357,0.0,0.0,28.0,0.0,0.0,5.0,0.0,0.0,0.0,28.0,0.0,0.0,5.0,0.0,,0.0,,,1.0,,,0.0,,-77.3,122.07,160.63,YES,g-,g+,166.08,139.06,27.02,,,,5.958433333333334,2.968,1.0,,,,,,32.316,none,33.569,none,35.412,none,,,,,,,33.549,none,32.531,none,,,30.569,30.098,32.629,29.504,8x52,H8,R,9.165929738562092,1.0184366376180105,2.6855,3.1737,0.3526333333333333,1.3814,3.6974,0.4108222222222222,2.6108,9.0,2.6855,2.6855,-1.3814,5.9922297385620915,5.9922297385620915,0.6658033042846769,5.468529738562092,0.5236999999999998,70.92164339834703,53.682282816271155,121.85249348786476,58.90175806206757,45.2823667301289,115.26189286755591,34.42857142857143,36.6,32.0,7.857142857142857,8.8,3.0,17.239360582075875,-50.93085008951773,68.17021067159361,13.619391331938672,-56.36013480548834,69.97952613742702,-2.171428571428571,2.4285714285714306,-4.600000000000001,-0.942857142857144,4.857142857142857,-5.800000000000001
348,CYS,22.0,4.199,0.695,2.775,5.596,-71.67626838691706,14.440112649123192,-30.671593404298914,35.143721178323865,178.10205996057596,20.571207789917604,2.773,0.813,22.0,4.6,1.14,5.0,-1.827,2.773,0.813,22.0,4.6,1.14,5.0,-1.827,0.0,0.0,22.0,0.0,0.0,5.0,0.0,0.0,0.0,22.0,0.0,0.0,5.0,0.0,0.0,0.0,22.0,0.0,0.0,5.0,0.0,0.0,0.0,22.0,0.0,0.0,5.0,0.0,,,,,,,,,,-75.04,-82.61,7.57,NO,g-,g-,,,,,,,11.530416666666666,10.474,0.0,,,,,,29.638,none,30.949,none,32.429,none,,,,,,,30.994,none,29.556,none,,,27.26,26.488,29.431,25.903,8x53,H8,C,4.033136904761905,0.4481263227513228,1.202225,3.971515,0.4412794444444444,1.43404,1.562,0.1735555555555555,0.8962,9.0,1.18504,1.1640666666666666,-1.18504,0.0616219047619044,0.0616219047619051,0.0068468783068783,2.471136904761905,-2.409515,67.29357287835411,51.07529079575253,26.141496157810515,52.93713398995324,42.956933668002954,25.69505489778438,28.0,33.6,40.0,8.0,5.0,15.0,16.218282082601583,41.1520767205436,-24.933794637942015,9.980200321950283,27.242079092168854,-17.261878770218573,-5.600000000000001,-12.0,6.399999999999999,3.0,-7.0,10.0
349,PHE,22.0,5.335,1.198,3.633,8.153,-72.73548490783594,20.62118638672577,-32.83498042496762,15.488992955852089,179.6607837615773,2.7620743744121836,2.714,1.347,21.0,4.2,1.643,5.0,-1.486,2.714,1.347,21.0,4.2,1.643,5.0,-1.486,0.0,0.0,21.0,0.0,0.0,5.0,0.0,0.0,0.0,21.0,0.0,0.0,5.0,0.0,0.0,0.0,21.0,0.0,0.0,5.0,0.0,1.571,1.363,21.0,4.2,1.789,5.0,-2.629,1.0,,,0.0,,,0.0,,,-78.39,-86.01,7.62,NO,g-,g-,-46.3,-4.97,41.33,,,,12.669916666666666,10.898,0.0,,,,,,24.414,none,26.032,none,27.875,none,,,,,,,26.678,none,23.346,none,,,21.674,21.15,24.024,20.902,8x54,H8,F,7.485643888888888,0.6238036574074074,1.7773,8.824325,0.7353604166666666,2.6694,2.4404,0.2033666666666666,2.37,12.0,2.306825,1.7773,-2.306825,-1.338681111111111,-1.3386811111111117,-0.1115567592592592,5.045243888888889,-6.383925,103.0171091411867,77.58307152423038,57.20341756152643,82.54873016916042,65.6112724523043,45.482470474199296,28.714285714285715,35.2,34.0,4.428571428571429,6.8,8.0,25.434037616956317,45.813691579660265,-20.379653962703948,16.937457716856116,37.066259694961126,-20.12880197810501,-6.4857142857142875,-5.285714285714285,-1.2000000000000028,-2.371428571428571,-3.571428571428571,1.2000000000000002
350,ARG,16.0,6.483,1.036,3.906,8.488,-72.70795229924028,15.611001319941964,-31.52962993697781,12.251202818522843,178.25409104406106,3.0750514703376486,2.267,0.799,15.0,4.6,1.342,5.0,-2.333,2.2,0.676,15.0,4.6,1.342,5.0,-2.4,0.067,0.258,15.0,0.0,0.0,5.0,0.067,0.0,0.0,15.0,0.0,0.0,5.0,0.0,0.067,0.258,15.0,0.0,0.0,5.0,0.067,0.0,0.0,15.0,0.0,0.0,5.0,0.0,,,,,,,,,,-128.32,,,NO,t,,-160.7,,,,,,11.44725,7.579,1.0,,,,,,32.367,none,33.969,none,36.52,none,,,,,,,35.31,none,32.264,none,,,30.243,30.369,32.528,29.614,8x55,H8,R,3.91825,0.9795625,1.6273,0.0,0.0,0.0,0.0,0.0,0.0,4.0,1.6273,1.6273,0.2155,3.91825,3.91825,0.9795625,3.91825,0.0,70.78289630519808,46.623801660470505,113.8094298640462,60.48204648666581,34.01967852719314,101.138863093343,29.0,31.4,28.0,4.2,3.4,2.0,24.159094644727578,-43.026533558848115,67.18562820357569,26.462367959472665,-40.65681660667718,67.11918456614984,-2.3999999999999986,1.0,-3.3999999999999986,0.8000000000000003,2.2,-1.4
351,GLU,13.0,5.834,1.057,2.431,6.788,-71.85742924895759,10.754596730280673,-31.70942240309171,15.45302521973094,-179.86704796255407,2.6472788519836326,1.667,0.888,12.0,2.6,1.517,5.0,-0.933,1.667,0.888,12.0,2.6,1.517,5.0,-0.933,0.0,0.0,12.0,0.0,0.0,5.0,0.0,0.0,0.0,12.0,0.0,0.0,5.0,0.0,0.083,0.289,12.0,0.0,0.0,5.0,0.083,0.0,0.0,12.0,0.0,0.0,5.0,0.0,,,,,,,,,,-66.11,,,NO,g-,,-146.31,,,,,,14.439823529411763,12.599,0.0,,,,,,35.05,none,36.221,none,38.242,none,,,,,,,36.733,none,33.09,none,,,32.167,31.487,34.21,30.837,8x56,H8,E,7.851466666666666,1.570293333333333,2.6855,0.1008999999999999,0.0201799999999999,0.1008999999999999,0.0,0.0,0.0,5.0,2.6855,2.6855,0.4960666666666666,7.750566666666667,7.750566666666666,1.5501133333333332,7.851466666666666,-0.1008999999999999,59.21976398323138,60.13122902382963,142.6887926035337,37.615545478492024,33.71295436444766,115.53599682658162,31.2,28.2,26.0,11.8,6.0,3.0,-0.9114650405982516,-83.46902862030231,82.55756357970407,3.9025911140443625,-77.9204513480896,81.82304246213397,3.0,5.199999999999999,-2.1999999999999993,5.800000000000001,8.8,-3.0
352,PHE,13.0,5.866,1.322,1.573,7.196,-86.10357526200862,38.37387735577963,-32.071149195668866,44.09939108249782,-178.3510102576067,0.727335630779638,1.417,0.515,12.0,2.6,1.14,5.0,-1.183,1.417,0.515,12.0,2.6,1.14,5.0,-1.183,0.0,0.0,12.0,0.0,0.0,5.0,0.0,0.0,0.0,12.0,0.0,0.0,5.0,0.0,0.0,0.0,12.0,0.0,0.0,5.0,0.0,0.25,0.622,12.0,1.0,0.707,5.0,-0.75,1.0,1.0,0.0,0.0,0.0,0.0,0.0,0.0,0.0,-72.46,-176.5,104.04,YES,g-,t,-63.53,73.46,136.99,,,,18.062235294117645,16.091,0.0,,,,,,32.778,none,34.357,none,35.779,none,,,,,,,34.288,none,28.141,none,,,26.648,25.667,28.565,25.899,8x57,H8,F,12.655296428571427,1.4061440476190474,4.998071428571428,5.1089,0.5676555555555556,3.8869,0.0,0.0,0.0,9.0,4.998071428571428,4.998071428571428,-2.0869,7.546396428571429,7.546396428571427,0.8384884920634919,12.655296428571427,-5.1089,76.82992390381712,77.10497034063891,111.37882151586584,65.18457086611822,44.17906557012694,74.37347805045607,27.0,23.0,25.0,5.4,1.6,6.0,-0.2750464368217962,-34.54889761204872,34.27385117522692,21.005505295991284,-9.18890718433785,30.194412480329134,4.0,2.0,2.0,3.8,-0.5999999999999996,4.4
353,CYS,1.0,3.188,0.0,3.188,3.188,-78.85362152056486,12.567376756076662,-32.20385592223072,46.41399913835141,-167.91831305486554,22.630001585918674,1.0,0.0,1.0,2.333,0.577,3.0,-1.333,1.0,0.0,1.0,2.333,0.577,3.0,-1.333,0.0,0.0,1.0,0.0,0.0,3.0,0.0,0.0,0.0,1.0,0.0,0.0,3.0,0.0,0.0,0.0,1.0,0.0,0.0,3.0,0.0,0.0,0.0,1.0,0.0,0.0,3.0,0.0,,,,,,,,,,-62.42,173.05,124.53,YES,g-,t,,,,,,,24.944499999999998,22.517,0.0,,,,,,,,,,,,,,,,,,,,31.507,none,,,26.676,27.081,30.029,27.68,8x58,H8,C,2.1296500000000003,0.42593,1.4915,0.2434,0.04868,0.2013,0.0,0.0,0.0,5.0,1.4915,1.4915,-0.2013,1.88625,1.88625,0.37725,2.1296500000000003,-0.2434,68.88798186433236,79.51317075561879,94.6119792080367,37.03686411170079,43.49377949262389,70.65022998902967,27.8,22.75,18.0,10.2,1.0,1.0,-10.625188891286427,-25.72399734370434,15.098808452417911,-6.4569153809231,-33.61336587732888,27.156450496405785,5.050000000000001,9.8,-4.75,9.2,9.2,0.0
354,ILE,1.0,4.763,0.0,4.763,4.763,-96.23509398389284,28.017338394563343,,,,,,,0.0,1.75,0.957,4.0,,,,0.0,1.75,0.957,4.0,,,,0.0,0.0,0.0,4.0,,,,0.0,0.0,0.0,4.0,,,,0.0,0.0,0.0,4.0,,,,0.0,0.0,0.0,4.0,,,,,,,,,,,,-61.51,,NO,,g-,,-175.54,,,,,24.311500000000002,22.451,0.0,,,,,,,,,,,,,,,,,,,,36.305,none,,,32.039,32.754,36.469,33.713,8x59,H8,I,1.6247,0.81235,1.6247,0.2013,0.10065,0.2013,0.0,0.0,0.0,2.0,1.6247,1.6247,-0.2013,1.4234,1.4234,0.7117,1.6247,-0.2013,35.096297093590614,128.15964391100346,67.84071415089981,0.1257946058374912,87.42725105705644,0.0,35.0,17.5,15.0,7.5,4.0,0.0,-93.06334681741284,-32.7444170573092,-60.31892976010364,-87.30145645121894,0.1257946058374912,-87.42725105705644,17.5,20.0,-2.5,3.5,7.5,-4.0
355,LEU,,,,,,,,,,,,,,,,,,,,,,,,,,,,,,,,,,,,,,,,,,,,,,,,,,,,,,,,,,,,,,,,,,,,,,,,,,,,,,,,,,,,,,,,,,,,,,,,,,,,,35.491,35.331,37.519,36.261,,C-tail,P,,,,,,,,,,,,,,,,,,,91.84651373489793,83.18516635089577,158.1646602422232,74.66898149144049,39.24791702129728,138.8772448445904,26.0,20.0,15.0,10.25,0.0,0.0,8.661347384002156,-66.31814650732527,74.97949389132742,35.421064470143214,-64.2082633531499,99.62932782329312,6.0,11.0,-5.0,10.25,10.25,0.0
356,PHE,,,,,,,,,,,,,,,,,,,,,,,,,,,,,,,,,,,,,,,,,,,,,,,,,,,,,,,,,,,,,,,,,,,,,,,,,,,,,,,,,,,,,,,,,,,,,,,,,,,,,37.568,35.91,38.367,34.902,,C-tail,T,,,,,,,,,,,,,,,,,,,105.18105611293736,118.5712936927372,262.17889742769074,68.43226557559525,46.04082573652181,173.59655605573795,24.5,12.5,8.0,10.25,0.0,0.0,-13.390237579799816,-156.99784131475337,143.60760373495356,22.39143983907344,-105.1642904801427,127.55573031921614,12.0,16.5,-4.5,10.25,10.25,0.0
357,LYS,,,,,,,,,,,,,,,,,,,,,,,,,,,,,,,,,,,,,,,,,,,,,,,,,,,,,,,,,,,,,,,,,,,,,,,,,,,,,,,,,,,,,,,,,,,,,,,,,,,,,41.337,41.012,42.631,40.337,,C-tail,S,,,,,,,,,,,,,,,,,,,84.02137977546504,,,73.43780442046805,,,26.0,,,8.5,,,,,,,,,,,,,,
358,PRO,,,,,,,,,,,,,,,,,,,,,,,,,,,,,,,,,,,,,,,,,,,,,,,,,,,,,,,,,,,,,,,,,,,,,,,,,,,,,,,,,,,,,,,,,,,,,,,,,,,,,37.896,37.849,41.522,37.893,,C-tail,S,,,,,,,,,,,,,,,,,,,63.40648178406395,,,43.77652283144696,,,27.5,,,12.0,,,,,,,,,,,,,,
359,LYS,,,,,,,,,,,,,,,,,,,,,,,,,,,,,,,,,,,,,,,,,,,,,,,,,,,,,,,,,,,,,,,,,,,,,,,,,,,,,,,,,,,,,,,,,,,,,,,,,,,,,34.161,35.971,39.378,31.405,,C-tail,N,,,,,,,,,,,,,,,,,,,176.07957140536797,,,140.43482030230143,,,16.5,,,1.0,,,,,,,,,,,,,,
360,GLU,,,,,,,,,,,,,,,,,,,,,,,,,,,,,,,,,,,,,,,,,,,,,,,,,,,,,,,,,,,,,,,,,,,,,,,,,,,,,,,,,,,,,,,,,,,,,,,,,,,,,40.34,41.647,44.593,36.714,,C-tail,I,,,,,,,,,,,,,,,,,,,210.24142009010544,,,123.31471637255156,,,8.5,,,1.5,,,,,,,,,,,,,,
361,,,,,,,,,,,,,,,,,,,,,,,,,,,,,,,,,,,,,,,,,,,,,,,,,,,,,,,,,,,,,,,,,,,,,,,,,,,,,,,,,,,,,,,,,,,,,,,,,,,,,,41.702,44.996,46.638,40.111,,C-tail,E,,,,,,,,,,,,,,,,,,,,,,,,,,,,,,,,,,,,,,,,,,
362,,,,,,,,,,,,,,,,,,,,,,,,,,,,,,,,,,,,,,,,,,,,,,,,,,,,,,,,,,,,,,,,,,,,,,,,,,,,,,,,,,,,,,,,,,,,,,,,,,,,,,34.657,40.316,43.403,34.418,,C-tail,Q,,,,,,,,,,,,,,,,,,,,,,,,,,,,,,,,,,,,,,,,,,
363,,,,,,,,,,,,,,,,,,,,,,,,,,,,,,,,,,,,,,,,,,,,,,,,,,,,,,,,,,,,,,,,,,,,,,,,,,,,,,,,,,,,,,,,,,,,,,,,,,,,,,35.612,36.592,45.062,31.285,,C-tail,Q,,,,,,,,,,,,,,,,,,,,,,,,,,,,,,,,,,,,,,,,,,
364,,,,,,,,,,,,,,,,,,,,,,,,,,,,,,,,,,,,,,,,,,,,,,,,,,,,,,,,,,,,,,,,,,,,,,,,,,,,,,,,,,,,,,,,,,,,,,,,,,,,,,43.406,42.726,50.108,38.443,,C-tail,N,,,,,,,,,,,,,,,,,,,,,,,,,,,,,,,,,,,,,,,,,,
365,GLU,,,,,,135.27450000000002,0.5955053607970369,109.614,5.553346459280664,-0.30000000000000054,4.628516680282873,,,,,,,,,,,,,,,,,,,,,,,,,,,,,,,,,,,,,,,,,,,,,,,,,,,,,,,,,,,,,,,,,,,2.0,3.674,SEP,,,,,,,,,,,,,,,,,,,,,41.666,42.661,51.169,39.299,,C-tail,S,,,,,,,,,,,,,,,,,,,,,,,,,,,,,,,,,,,,,,,,,,
366,,,,,,,,,,,,,,,,,,,,,,,,,,,,,,,,,,,,,,,,,,,,,,,,,,,,,,,,,,,,,,,,,,,,,,,,,,,,,,,,,,,,,,,,,,,,,,,,,,,,,,37.481,36.538,50.058,33.396,,C-tail,T,,,,,,,,,,,,,,,,,,,,,,,,,,,,,,,,,,,,,,,,,,
367,CYS,,,,,,-121.21050000000001,3.754843700294298,-145.937,0.4770027550872938,-69.354,0.780012046902555,,,,,,,,,,,,,,,,,,,,,,,,,,,,,,,,,,,,,,,,,,,,,,,,,,,,,,,,,,,,,,,,,,,2.0,3.004,SEP;TPO,,,,,,,,,,,,,,,,,,,,,40.13,36.617,51.002,32.738,,C-tail,R,,,,,,,,,,,,,,,,,,,,,,,,,,,,,,,,,,,,,,,,,,
368,,,,,,,,,,,,,,,,,,,,,,,,,,,,,,,,,,,,,,,,,,,,,,,,,,,,,,,,,,,,,,,,,,,,,,,,,,,,,,,,,,,,,,,,,,,,,,,,,,,,,,45.557,41.785,55.923,40.918,,C-tail,I,,,,,,,,,,,,,,,,,,,,,,,,,,,,,,,,,,,,,,,,,,
369,,,,,,,,,,,,,,,,,,,,,,,,,,,,,,,,,,,,,,,,,,,,,,,,,,,,,,,,,,,,,,,,,,,,,,,,,,,,,,,,,,,,,,,,,,,,,,,,,,,,,,38.921,38.613,53.202,38.353,,C-tail,R,,,,,,,,,,,,,,,,,,,,,,,,,,,,,,,,,,,,,,,,,,
370,ALA,,,,,,162.053,0.7560109687184854,-140.13850000000002,1.9786966519212619,127.064,1.339060949281952,,,,,,,,,,,,,,,,,,,,,,,,,,,,,,,,,,,,,,,,,,,,,,,,,,,,,,,,,,,,,,,,,,,2.0,2.779,SEP;TPO,,,,,,,,,,,,,,,,,,,,,39.895,33.368,54.004,31.677,,C-tail,Q,,,,,,,,,,,,,,,,,,,,,,,,,,,,,,,,,,,,,,,,,,
371,,,,,,,,,,,,,,,,,,,,,,,,,,,,,,,,,,,,,,,,,,,,,,,,,,,,,,,,,,,,,,,,,,,,,,,,,,,,,,,,,,,,,,,,,,,,,,,,,,,,,,45.559,34.835,58.857,37.763,,C-tail,N,,,,,,,,,,,,,,,,,,,,,,,,,,,,,,,,,,,,,,,,,,
372,,,,,,,,,,,,,,,,,,,,,,,,,,,,,,,,,,,,,,,,,,,,,,,,,,,,,,,,,,,,,,,,,,,,,,,,,,,,,,,,,,,,,,,,,,,,,,,,,,,,,,46.361,40.283,60.658,41.807,,C-tail,T,,,,,,,,,,,,,,,,,,,,,,,,,,,,,,,,,,,,,,,,,,
373,,,,,,,,,,,,,,,,,,,,,,,,,,,,,,,,,,,,,,,,,,,,,,,,,,,,,,,,,,,,,,,,,,,,,,,,,,,,,,,,,,,,,,,,,,,,,,,,,,,,,,41.35,35.673,56.915,34.751,,C-tail,R,,,,,,,,,,,,,,,,,,,,,,,,,,,,,,,,,,,,,,,,,,
374,LEU,,,,,,166.6595,3.2874017706129766,95.134,4.815834728065065,-176.2765,0.2815005662534925,,,,,,,,,,,,,,,,,,,,,,,,,,,,,,,,,,,,,,,,,,,,,,,,,,,,,,,,,,,,,,,,,,,2.0,3.206,SEP,,,,,,,,,,,,,,,,,,,,,48.703,31.925,67.206,36.073,,C-tail,D,,,,,,,,,,,,,,,,,,,,,,,,,,,,,,,,,,,,,,,,,,
375,ALA,,,,,,-64.033,0.3240008633993233,141.4045,0.37750136561550446,-178.7685,1.1735410264338075,,,,,,,,,,,,,,,,,,,,,,,,,,,,,,,,,,,,,,,,,,,,,,,,,,,,,,,,,,,,,,,,,,,,,,,,,,,,,,,,,,,,,,,,,,44.905,32.821,64.85,40.897,,C-tail,H,,,,,,,,,,,,,,,,,,,,,,,,,,,,,,,,,,,,,,,,,,
376,LYS,,,,,,-88.891,3.557142445207171,,,,,,,,,,,,,,,,,,,,,,,,,,,,,,,,,,,,,,,,,,,,,,,,,,,,,,,,,,,,,,,,,,,,,,,,,,,,,,,,,,,,,,,,,,,,,,41.116,36.397,61.117,43.073,,C-tail,P,,,,,,,,,,,,,,,,,,,,,,,,,,,,,,,,,,,,,,,,,,
377,,,,,,,,,,,,,,,,,,,,,,,,,,,,,,,,,,,,,,,,,,,,,,,,,,,,,,,,,,,,,,,,,,,,,,,,,,,,,,,,,,,,,,,,,,,,,,,,,,,,,,38.098,41.47,56.886,48.253,,C-tail,S,,,,,,,,,,,,,,,,,,,,,,,,,,,,,,,,,,,,,,,,,,
378,,,,,,,,,,,,,,,,,,,,,,,,,,,,,,,,,,,,,,,,,,,,,,,,,,,,,,,,,,,,,,,,,,,,,,,,,,,,,,,,,,,,,,,,,,,,,,,,,,,,,,34.017,43.904,58.371,47.761,,C-tail,T,,,,,,,,,,,,,,,,,,,,,,,,,,,,,,,,,,,,,,,,,,
379,,,,,,,,,,,,,,,,,,,,,,,,,,,,,,,,,,,,,,,,,,,,,,,,,,,,,,,,,,,,,,,,,,,,,,,,,,,,,,,,,,,,,,,,,,,,,,,,,,,,,,33.898,45.916,56.36,53.658,,C-tail,A,,,,,,,,,,,,,,,,,,,,,,,,,,,,,,,,,,,,,,,,,,
380,,,,,,,,,,,,,,,,,,,,,,,,,,,,,,,,,,,,,,,,,,,,,,,,,,,,,,,,,,,,,,,,,,,,,,,,,,,,,,,,,,,,,,,,,,,,,,,,,,,,,,37.039,42.328,52.616,55.54,,C-tail,N,,,,,,,,,,,,,,,,,,,,,,,,,,,,,,,,,,,,,,,,,,
381,,,,,,,,,,,,,,,,,,,,,,,,,,,,,,,,,,,,,,,,,,,,,,,,,,,,,,,,,,,,,,,,,,,,,,,,,,,,,,,,,,,,,,,,,,,,,,,,,,,,,,34.072,45.123,53.043,51.922,,C-tail,T,,,,,,,,,,,,,,,,,,,,,,,,,,,,,,,,,,,,,,,,,,
382,,,,,,,,,,,,,,,,,,,,,,,,,,,,,,,,,,,,,,,,,,,,,,,,,,,,,,,,,,,,,,,,,,,,,,,,,,,,,,,,,,,,,,,,,,,,,,,,,,,,,,31.142,49.755,54.214,56.561,,C-tail,V,,,,,,,,,,,,,,,,,,,,,,,,,,,,,,,,,,,,,,,,,,
383,,,,,,,,,,,,,,,,,,,,,,,,,,,,,,,,,,,,,,,,,,,,,,,,,,,,,,,,,,,,,,,,,,,,,,,,,,,,,,,,,,,,,,,,,,,,,,,,,,,,,,25.694,48.654,50.453,53.865,,C-tail,D,,,,,,,,,,,,,,,,,,,,,,,,,,,,,,,,,,,,,,,,,,
384,,,,,,,,,,,,,,,,,,,,,,,,,,,,,,,,,,,,,,,,,,,,,,,,,,,,,,,,,,,,,,,,,,,,,,,,,,,,,,,,,,,,,,,,,,,,,,,,,,,,,,30.057,44.59,46.825,59.871,,C-tail,R,,,,,,,,,,,,,,,,,,,,,,,,,,,,,,,,,,,,,,,,,,
385,,,,,,,,,,,,,,,,,,,,,,,,,,,,,,,,,,,,,,,,,,,,,,,,,,,,,,,,,,,,,,,,,,,,,,,,,,,,,,,,,,,,,,,,,,,,,,,,,,,,,,23.918,51.402,49.996,59.761,,C-tail,T,,,,,,,,,,,,,,,,,,,,,,,,,,,,,,,,,,,,,,,,,,
386,,,,,,,,,,,,,,,,,,,,,,,,,,,,,,,,,,,,,,,,,,,,,,,,,,,,,,,,,,,,,,,,,,,,,,,,,,,,,,,,,,,,,,,,,,,,,,,,,,,,,,22.032,54.336,49.557,64.471,,C-tail,N,,,,,,,,,,,,,,,,,,,,,,,,,,,,,,,,,,,,,,,,,,
387,,,,,,,,,,,,,,,,,,,,,,,,,,,,,,,,,,,,,,,,,,,,,,,,,,,,,,,,,,,,,,,,,,,,,,,,,,,,,,,,,,,,,,,,,,,,,,,,,,,,,,29.323,53.949,41.545,65.19,,C-tail,H,,,,,,,,,,,,,,,,,,,,,,,,,,,,,,,,,,,,,,,,,,
388,,,,,,,,,,,,,,,,,,,,,,,,,,,,,,,,,,,,,,,,,,,,,,,,,,,,,,,,,,,,,,,,,,,,,,,,,,,,,,,,,,,,,,,,,,,,,,,,,,,,,,29.992,53.527,41.692,68.84,,C-tail,Q,,,,,,,,,,,,,,,,,,,,,,,,,,,,,,,,,,,,,,,,,,
389,,,,,,,,,,,,,,,,,,,,,,,,,,,,,,,,,,,,,,,,,,,,,,,,,,,,,,,,,,,,,,,,,,,,,,,,,,,,,,,,,,,,,,,,,,,,,,,,,,,,,,24.791,57.764,46.893,74.328,,C-tail,L,,,,,,,,,,,,,,,,,,,,,,,,,,,,,,,,,,,,,,,,,,
390,,,,,,,,,,,,,,,,,,,,,,,,,,,,,,,,,,,,,,,,,,,,,,,,,,,,,,,,,,,,,,,,,,,,,,,,,,,,,,,,,,,,,,,,,,,,,,,,,,,,,,27.518,59.704,44.444,73.473,,C-tail,E,,,,,,,,,,,,,,,,,,,,,,,,,,,,,,,,,,,,,,,,,,
391,,,,,,,,,,,,,,,,,,,,,,,,,,,,,,,,,,,,,,,,,,,,,,,,,,,,,,,,,,,,,,,,,,,,,,,,,,,,,,,,,,,,,,,,,,,,,,,,,,,,,,33.338,57.47,39.6,72.93,,C-tail,N,,,,,,,,,,,,,,,,,,,,,,,,,,,,,,,,,,,,,,,,,,
392,,,,,,,,,,,,,,,,,,,,,,,,,,,,,,,,,,,,,,,,,,,,,,,,,,,,,,,,,,,,,,,,,,,,,,,,,,,,,,,,,,,,,,,,,,,,,,,,,,,,,,31.246,58.46,40.478,75.998,,C-tail,L,,,,,,,,,,,,,,,,,,,,,,,,,,,,,,,,,,,,,,,,,,
393,,,,,,,,,,,,,,,,,,,,,,,,,,,,,,,,,,,,,,,,,,,,,,,,,,,,,,,,,,,,,,,,,,,,,,,,,,,,,,,,,,,,,,,,,,,,,,,,,,,,,,29.896,65.551,43.893,71.861,,C-tail,E,,,,,,,,,,,,,,,,,,,,,,,,,,,,,,,,,,,,,,,,,,
394,,,,,,,,,,,,,,,,,,,,,,,,,,,,,,,,,,,,,,,,,,,,,,,,,,,,,,,,,,,,,,,,,,,,,,,,,,,,,,,,,,,,,,,,,,,,,,,,,,,,,,36.0,66.786,39.316,67.971,,C-tail,A,,,,,,,,,,,,,,,,,,,,,,,,,,,,,,,,,,,,,,,,,,
395,,,,,,,,,,,,,,,,,,,,,,,,,,,,,,,,,,,,,,,,,,,,,,,,,,,,,,,,,,,,,,,,,,,,,,,,,,,,,,,,,,,,,,,,,,,,,,,,,,,,,,37.707,64.832,36.34,62.365,,C-tail,E,,,,,,,,,,,,,,,,,,,,,,,,,,,,,,,,,,,,,,,,,,
396,,,,,,,,,,,,,,,,,,,,,,,,,,,,,,,,,,,,,,,,,,,,,,,,,,,,,,,,,,,,,,,,,,,,,,,,,,,,,,,,,,,,,,,,,,,,,,,,,,,,,,34.515,71.89,40.52,63.354,,C-tail,T,,,,,,,,,,,,,,,,,,,,,,,,,,,,,,,,,,,,,,,,,,
397,,,,,,,,,,,,,,,,,,,,,,,,,,,,,,,,,,,,,,,,,,,,,,,,,,,,,,,,,,,,,,,,,,,,,,,,,,,,,,,,,,,,,,,,,,,,,,,,,,,,,,40.712,68.615,40.206,61.222,,C-tail,A,,,,,,,,,,,,,,,,,,,,,,,,,,,,,,,,,,,,,,,,,,
398,,,,,,,,,,,,,,,,,,,,,,,,,,,,,,,,,,,,,,,,,,,,,,,,,,,,,,,,,,,,,,,,,,,,,,,,,,,,,,,,,,,,,,,,,,,,,,,,,,,,,,39.648,66.777,36.119,56.84,,C-tail,P,,,,,,,,,,,,,,,,,,,,,,,,,,,,,,,,,,,,,,,,,,
399,,,,,,,,,,,,,,,,,,,,,,,,,,,,,,,,,,,,,,,,,,,,,,,,,,,,,,,,,,,,,,,,,,,,,,,,,,,,,,,,,,,,,,,,,,,,,,,,,,,,,,35.411,59.19,31.813,60.536,,C-tail,L,,,,,,,,,,,,,,,,,,,,,,,,,,,,,,,,,,,,,,,,,,
400,,,,,,,,,,,,,,,,,,,,,,,,,,,,,,,,,,,,,,,,,,,,,,,,,,,,,,,,,,,,,,,,,,,,,,,,,,,,,,,,,,,,,,,,,,,,,,,,,,,,,,40.459,62.044,36.635,59.915,,C-tail,P,,,,,,,,,,,,,,,,,,,,,,,,,,,,,,,,,,,,,,,,,,
