pdb_id,species,drug_name,receptor_chain,residue_number,residue_number_human,residue_name,ligand_name,distance_angstrom,distance_sidechain_angstrom,shell,gprotein_chains
MOR-Naltrexone_rank1,human_prediction,Naltrexone,A,61,61,PRO,LIG2,18.431,18.431,none,
MOR-Naltrexone_rank1,human_prediction,Naltrexone,A,62,62,THR,LIG2,21.66,22.458,none,
MOR-Naltrexone_rank1,human_prediction,Naltrexone,A,63,63,GLY,LIG2,24.69,24.69,none,
MOR-Naltrexone_rank1,human_prediction,Naltrexone,A,64,64,SER,LIG2,22.774,22.811,none,
MOR-Naltrexone_rank1,human_prediction,Naltrexone,A,65,65,PRO,LIG2,21.589,24.548,none,
MOR-Naltrexone_rank1,human_prediction,Naltrexone,A,66,66,SER,LIG2,19.31,19.339,none,
MOR-Naltrexone_rank1,human_prediction,Naltrexone,A,67,67,MET,LIG2,20.935,23.24,none,
MOR-Naltrexone_rank1,human_prediction,Naltrexone,A,68,68,ILE,LIG2,19.651,22.251,none,
MOR-Naltrexone_rank1,human_prediction,Naltrexone,A,69,69,THR,LIG2,16.028,16.028,none,
MOR-Naltrexone_rank1,human_prediction,Naltrexone,A,70,70,ALA,LIG2,17.037,18.008,none,
MOR-Naltrexone_rank1,human_prediction,Naltrexone,A,71,71,ILE,LIG2,18.481,20.972,none,
MOR-Naltrexone_rank1,human_prediction,Naltrexone,A,72,72,THR,LIG2,15.841,17.512,none,
MOR-Naltrexone_rank1,human_prediction,Naltrexone,A,73,73,ILE,LIG2,12.179,12.179,none,
MOR-Naltrexone_rank1,human_prediction,Naltrexone,A,74,74,MET,LIG2,15.209,15.468,none,
MOR-Naltrexone_rank1,human_prediction,Naltrexone,A,75,75,ALA,LIG2,15.269,17.792,none,
MOR-Naltrexone_rank1,human_prediction,Naltrexone,A,76,76,LEU,LIG2,11.965,11.965,none,
MOR-Naltrexone_rank1,human_prediction,Naltrexone,A,77,77,TYR,LIG2,7.859,7.859,second_shell,
MOR-Naltrexone_rank1,human_prediction,Naltrexone,A,78,78,SER,LIG2,13.358,15.643,none,
MOR-Naltrexone_rank1,human_prediction,Naltrexone,A,79,79,ILE,LIG2,13.328,15.021,none,
MOR-Naltrexone_rank1,human_prediction,Naltrexone,A,80,80,VAL,LIG2,8.518,8.518,second_shell,
MOR-Naltrexone_rank1,human_prediction,Naltrexone,A,81,81,CYS,LIG2,10.973,11.326,none,
MOR-Naltrexone_rank1,human_prediction,Naltrexone,A,82,82,VAL,LIG2,13.274,15.719,none,
MOR-Naltrexone_rank1,human_prediction,Naltrexone,A,83,83,VAL,LIG2,13.378,14.312,none,
MOR-Naltrexone_rank1,human_prediction,Naltrexone,A,84,84,GLY,LIG2,11.272,11.272,none,
MOR-Naltrexone_rank1,human_prediction,Naltrexone,A,85,85,LEU,LIG2,11.911,11.911,none,
MOR-Naltrexone_rank1,human_prediction,Naltrexone,A,86,86,PHE,LIG2,14.947,17.072,none,
MOR-Naltrexone_rank1,human_prediction,Naltrexone,A,87,87,GLY,LIG2,15.373,15.373,none,
MOR-Naltrexone_rank1,human_prediction,Naltrexone,A,88,88,ASN,LIG2,10.64,10.64,none,
MOR-Naltrexone_rank1,human_prediction,Naltrexone,A,89,89,PHE,LIG2,15.489,16.901,none,
MOR-Naltrexone_rank1,human_prediction,Naltrexone,A,90,90,LEU,LIG2,18.136,19.684,none,
MOR-Naltrexone_rank1,human_prediction,Naltrexone,A,91,91,VAL,LIG2,17.52,17.52,none,
MOR-Naltrexone_rank1,human_prediction,Naltrexone,A,92,92,MET,LIG2,15.191,15.191,none,
MOR-Naltrexone_rank1,human_prediction,Naltrexone,A,93,93,TYR,LIG2,20.436,21.991,none,
MOR-Naltrexone_rank1,human_prediction,Naltrexone,A,94,94,VAL,LIG2,22.571,23.321,none,
MOR-Naltrexone_rank1,human_prediction,Naltrexone,A,95,95,ILE,LIG2,20.047,20.047,none,
MOR-Naltrexone_rank1,human_prediction,Naltrexone,A,96,96,VAL,LIG2,22.468,22.468,none,
MOR-Naltrexone_rank1,human_prediction,Naltrexone,A,97,97,ARG,LIG2,25.833,27.054,none,
MOR-Naltrexone_rank1,human_prediction,Naltrexone,A,98,98,TYR,LIG2,27.725,27.725,none,
MOR-Naltrexone_rank1,human_prediction,Naltrexone,A,99,99,THR,LIG2,29.783,31.819,none,
MOR-Naltrexone_rank1,human_prediction,Naltrexone,A,100,100,LYS,LIG2,29.223,30.751,none,
MOR-Naltrexone_rank1,human_prediction,Naltrexone,A,101,101,MET,LIG2,24.726,24.726,none,
MOR-Naltrexone_rank1,human_prediction,Naltrexone,A,102,102,LYS,LIG2,26.82,26.82,none,
MOR-Naltrexone_rank1,human_prediction,Naltrexone,A,103,103,THR,LIG2,24.302,25.743,none,
MOR-Naltrexone_rank1,human_prediction,Naltrexone,A,104,104,ALA,LIG2,22.222,25.295,none,
MOR-Naltrexone_rank1,human_prediction,Naltrexone,A,105,105,THR,LIG2,20.382,22.027,none,
MOR-Naltrexone_rank1,human_prediction,Naltrexone,A,106,106,ASN,LIG2,20.152,22.944,none,
MOR-Naltrexone_rank1,human_prediction,Naltrexone,A,107,107,ILE,LIG2,18.622,21.402,none,
MOR-Naltrexone_rank1,human_prediction,Naltrexone,A,108,108,TYR,LIG2,16.047,18.597,none,
MOR-Naltrexone_rank1,human_prediction,Naltrexone,A,109,109,ILE,LIG2,15.506,17.509,none,
MOR-Naltrexone_rank1,human_prediction,Naltrexone,A,110,110,PHE,LIG2,15.326,18.521,none,
MOR-Naltrexone_rank1,human_prediction,Naltrexone,A,111,111,ASN,LIG2,12.723,14.272,none,
MOR-Naltrexone_rank1,human_prediction,Naltrexone,A,112,112,LEU,LIG2,10.754,10.949,none,
MOR-Naltrexone_rank1,human_prediction,Naltrexone,A,113,113,ALA,LIG2,11.724,14.188,none,
MOR-Naltrexone_rank1,human_prediction,Naltrexone,A,114,114,LEU,LIG2,10.911,13.824,none,
MOR-Naltrexone_rank1,human_prediction,Naltrexone,A,115,115,ALA,LIG2,7.527,9.484,none,
MOR-Naltrexone_rank1,human_prediction,Naltrexone,A,116,116,ASP,LIG2,7.236,7.236,none,
MOR-Naltrexone_rank1,human_prediction,Naltrexone,A,117,117,ALA,LIG2,9.423,11.517,none,
MOR-Naltrexone_rank1,human_prediction,Naltrexone,A,118,118,LEU,LIG2,7.843,9.783,none,
MOR-Naltrexone_rank1,human_prediction,Naltrexone,A,119,119,ALA,LIG2,4.567,4.567,first_shell,
MOR-Naltrexone_rank1,human_prediction,Naltrexone,A,120,120,THR,LIG2,6.35,7.049,second_shell,
MOR-Naltrexone_rank1,human_prediction,Naltrexone,A,121,121,SER,LIG2,8.539,10.043,none,
MOR-Naltrexone_rank1,human_prediction,Naltrexone,A,122,122,THR,LIG2,6.024,6.024,second_shell,
MOR-Naltrexone_rank1,human_prediction,Naltrexone,A,123,123,LEU,LIG2,7.051,7.051,second_shell,
MOR-Naltrexone_rank1,human_prediction,Naltrexone,A,124,124,PRO,LIG2,11.286,11.539,none,
MOR-Naltrexone_rank1,human_prediction,Naltrexone,A,125,125,PHE,LIG2,10.624,11.006,none,
MOR-Naltrexone_rank1,human_prediction,Naltrexone,A,126,126,GLN,LIG2,4.515,4.515,first_shell,
MOR-Naltrexone_rank1,human_prediction,Naltrexone,A,127,127,SER,LIG2,10.818,12.203,none,
MOR-Naltrexone_rank1,human_prediction,Naltrexone,A,128,128,VAL,LIG2,13.314,14.899,none,
MOR-Naltrexone_rank1,human_prediction,Naltrexone,A,129,129,ASN,LIG2,10.257,10.257,none,
MOR-Naltrexone_rank1,human_prediction,Naltrexone,A,130,130,TYR,LIG2,11.633,11.633,none,
MOR-Naltrexone_rank1,human_prediction,Naltrexone,A,131,131,LEU,LIG2,14.595,16.466,none,
MOR-Naltrexone_rank1,human_prediction,Naltrexone,A,132,132,MET,LIG2,16.645,17.732,none,
MOR-Naltrexone_rank1,human_prediction,Naltrexone,A,133,133,GLY,LIG2,15.912,15.912,none,
MOR-Naltrexone_rank1,human_prediction,Naltrexone,A,134,134,THR,LIG2,14.93,17.486,none,
MOR-Naltrexone_rank1,human_prediction,Naltrexone,A,135,135,TRP,LIG2,10.973,10.973,none,
MOR-Naltrexone_rank1,human_prediction,Naltrexone,A,136,136,PRO,LIG2,16.278,16.278,none,
MOR-Naltrexone_rank1,human_prediction,Naltrexone,A,137,137,PHE,LIG2,14.871,14.871,none,
MOR-Naltrexone_rank1,human_prediction,Naltrexone,A,138,138,GLY,LIG2,15.978,15.978,none,
MOR-Naltrexone_rank1,human_prediction,Naltrexone,A,139,139,THR,LIG2,15.604,17.681,none,
MOR-Naltrexone_rank1,human_prediction,Naltrexone,A,140,140,ILE,LIG2,15.295,18.506,none,
MOR-Naltrexone_rank1,human_prediction,Naltrexone,A,141,141,LEU,LIG2,12.534,15.361,none,
MOR-Naltrexone_rank1,human_prediction,Naltrexone,A,142,142,CYS,LIG2,10.794,11.999,none,
MOR-Naltrexone_rank1,human_prediction,Naltrexone,A,143,143,LYS,LIG2,11.345,14.007,none,
MOR-Naltrexone_rank1,human_prediction,Naltrexone,A,144,144,ILE,LIG2,10.681,13.793,none,
MOR-Naltrexone_rank1,human_prediction,Naltrexone,A,145,145,VAL,LIG2,7.601,8.381,none,
MOR-Naltrexone_rank1,human_prediction,Naltrexone,A,146,146,ILE,LIG2,6.35,7.222,second_shell,
MOR-Naltrexone_rank1,human_prediction,Naltrexone,A,147,147,SER,LIG2,7.861,10.342,none,
MOR-Naltrexone_rank1,human_prediction,Naltrexone,A,148,148,ILE,LIG2,6.503,8.383,none,
MOR-Naltrexone_rank1,human_prediction,Naltrexone,A,149,149,ASP,LIG2,2.565,2.565,first_shell,
MOR-Naltrexone_rank1,human_prediction,Naltrexone,A,150,150,TYR,LIG2,3.305,3.305,first_shell,
MOR-Naltrexone_rank1,human_prediction,Naltrexone,A,151,151,TYR,LIG2,6.688,9.081,none,
MOR-Naltrexone_rank1,human_prediction,Naltrexone,A,152,152,ASN,LIG2,6.302,7.086,second_shell,
MOR-Naltrexone_rank1,human_prediction,Naltrexone,A,153,153,MET,LIG2,3.309,3.309,first_shell,
MOR-Naltrexone_rank1,human_prediction,Naltrexone,A,154,154,PHE,LIG2,6.595,6.595,second_shell,
MOR-Naltrexone_rank1,human_prediction,Naltrexone,A,155,155,THR,LIG2,9.304,10.363,none,
MOR-Naltrexone_rank1,human_prediction,Naltrexone,A,156,156,SER,LIG2,7.42,7.42,none,
MOR-Naltrexone_rank1,human_prediction,Naltrexone,A,157,157,ILE,LIG2,7.278,7.278,second_shell,
MOR-Naltrexone_rank1,human_prediction,Naltrexone,A,158,158,PHE,LIG2,11.418,12.464,none,
MOR-Naltrexone_rank1,human_prediction,Naltrexone,A,159,159,THR,LIG2,12.857,12.953,none,
MOR-Naltrexone_rank1,human_prediction,Naltrexone,A,160,160,LEU,LIG2,10.555,10.555,none,
MOR-Naltrexone_rank1,human_prediction,Naltrexone,A,161,161,CYS,LIG2,14.61,14.68,none,
MOR-Naltrexone_rank1,human_prediction,Naltrexone,A,162,162,THR,LIG2,16.758,17.223,none,
MOR-Naltrexone_rank1,human_prediction,Naltrexone,A,163,163,MET,LIG2,16.277,16.277,none,
MOR-Naltrexone_rank1,human_prediction,Naltrexone,A,164,164,SER,LIG2,17.727,17.727,none,
MOR-Naltrexone_rank1,human_prediction,Naltrexone,A,165,165,VAL,LIG2,20.644,21.053,none,
MOR-Naltrexone_rank1,human_prediction,Naltrexone,A,166,166,ASP,LIG2,22.22,22.418,none,
MOR-Naltrexone_rank1,human_prediction,Naltrexone,A,167,167,ARG,LIG2,20.344,20.344,none,
MOR-Naltrexone_rank1,human_prediction,Naltrexone,A,168,168,TYR,LIG2,24.612,25.05,none,
MOR-Naltrexone_rank1,human_prediction,Naltrexone,A,169,169,ILE,LIG2,26.363,26.363,none,
MOR-Naltrexone_rank1,human_prediction,Naltrexone,A,170,170,ALA,LIG2,27.644,27.644,none,
MOR-Naltrexone_rank1,human_prediction,Naltrexone,A,171,171,VAL,LIG2,28.467,28.467,none,
MOR-Naltrexone_rank1,human_prediction,Naltrexone,A,172,172,CYS,LIG2,29.84,29.84,none,
MOR-Naltrexone_rank1,human_prediction,Naltrexone,A,173,173,HIS,LIG2,30.859,30.859,none,
MOR-Naltrexone_rank1,human_prediction,Naltrexone,A,174,174,PRO,LIG2,33.544,34.364,none,
MOR-Naltrexone_rank1,human_prediction,Naltrexone,A,175,175,VAL,LIG2,35.153,37.198,none,
MOR-Naltrexone_rank1,human_prediction,Naltrexone,A,176,176,LYS,LIG2,31.914,32.827,none,
MOR-Naltrexone_rank1,human_prediction,Naltrexone,A,177,177,ALA,LIG2,30.613,30.613,none,
MOR-Naltrexone_rank1,human_prediction,Naltrexone,A,178,178,LEU,LIG2,32.928,35.103,none,
MOR-Naltrexone_rank1,human_prediction,Naltrexone,A,179,179,ASP,LIG2,31.885,34.349,none,
MOR-Naltrexone_rank1,human_prediction,Naltrexone,A,180,180,PHE,LIG2,25.096,25.096,none,
MOR-Naltrexone_rank1,human_prediction,Naltrexone,A,181,181,ARG,LIG2,25.522,25.522,none,
MOR-Naltrexone_rank1,human_prediction,Naltrexone,A,182,182,THR,LIG2,26.635,29.354,none,
MOR-Naltrexone_rank1,human_prediction,Naltrexone,A,183,183,PRO,LIG2,25.684,27.661,none,
MOR-Naltrexone_rank1,human_prediction,Naltrexone,A,184,184,ARG,LIG2,26.244,29.293,none,
MOR-Naltrexone_rank1,human_prediction,Naltrexone,A,185,185,ASN,LIG2,24.243,27.186,none,
MOR-Naltrexone_rank1,human_prediction,Naltrexone,A,186,186,ALA,LIG2,21.44,23.269,none,
MOR-Naltrexone_rank1,human_prediction,Naltrexone,A,187,187,LYS,LIG2,21.808,23.797,none,
MOR-Naltrexone_rank1,human_prediction,Naltrexone,A,188,188,ILE,LIG2,22.089,25.148,none,
MOR-Naltrexone_rank1,human_prediction,Naltrexone,A,189,189,ILE,LIG2,19.131,20.418,none,
MOR-Naltrexone_rank1,human_prediction,Naltrexone,A,190,190,ASN,LIG2,17.335,17.562,none,
MOR-Naltrexone_rank1,human_prediction,Naltrexone,A,191,191,VAL,LIG2,18.973,21.136,none,
MOR-Naltrexone_rank1,human_prediction,Naltrexone,A,192,192,CYS,LIG2,17.889,20.817,none,
MOR-Naltrexone_rank1,human_prediction,Naltrexone,A,193,193,ASN,LIG2,14.58,15.656,none,
MOR-Naltrexone_rank1,human_prediction,Naltrexone,A,194,194,TRP,LIG2,12.351,12.351,none,
MOR-Naltrexone_rank1,human_prediction,Naltrexone,A,195,195,ILE,LIG2,16.128,18.713,none,
MOR-Naltrexone_rank1,human_prediction,Naltrexone,A,196,196,LEU,LIG2,13.79,15.741,none,
MOR-Naltrexone_rank1,human_prediction,Naltrexone,A,197,197,SER,LIG2,11.186,11.631,none,
MOR-Naltrexone_rank1,human_prediction,Naltrexone,A,198,198,SER,LIG2,13.333,15.061,none,
MOR-Naltrexone_rank1,human_prediction,Naltrexone,A,199,199,ALA,LIG2,12.899,14.58,none,
MOR-Naltrexone_rank1,human_prediction,Naltrexone,A,200,200,ILE,LIG2,8.277,8.277,second_shell,
MOR-Naltrexone_rank1,human_prediction,Naltrexone,A,201,201,GLY,LIG2,9.931,9.931,none,
MOR-Naltrexone_rank1,human_prediction,Naltrexone,A,202,202,LEU,LIG2,12.17,14.588,none,
MOR-Naltrexone_rank1,human_prediction,Naltrexone,A,203,203,PRO,LIG2,11.92,12.891,none,
MOR-Naltrexone_rank1,human_prediction,Naltrexone,A,204,204,VAL,LIG2,7.628,7.628,second_shell,
MOR-Naltrexone_rank1,human_prediction,Naltrexone,A,205,205,MET,LIG2,11.094,12.601,none,
MOR-Naltrexone_rank1,human_prediction,Naltrexone,A,206,206,PHE,LIG2,13.718,15.714,none,
MOR-Naltrexone_rank1,human_prediction,Naltrexone,A,207,207,MET,LIG2,12.787,12.787,none,
MOR-Naltrexone_rank1,human_prediction,Naltrexone,A,208,208,ALA,LIG2,11.355,11.355,none,
MOR-Naltrexone_rank1,human_prediction,Naltrexone,A,209,209,THR,LIG2,13.365,15.115,none,
MOR-Naltrexone_rank1,human_prediction,Naltrexone,A,210,210,THR,LIG2,15.507,15.507,none,
MOR-Naltrexone_rank1,human_prediction,Naltrexone,A,211,211,LYS,LIG2,14.194,14.194,none,
MOR-Naltrexone_rank1,human_prediction,Naltrexone,A,212,212,TYR,LIG2,18.667,20.647,none,
MOR-Naltrexone_rank1,human_prediction,Naltrexone,A,213,213,ARG,LIG2,15.94,15.94,none,
MOR-Naltrexone_rank1,human_prediction,Naltrexone,A,214,214,GLN,LIG2,20.515,20.515,none,
MOR-Naltrexone_rank1,human_prediction,Naltrexone,A,215,215,GLY,LIG2,21.306,21.306,none,
MOR-Naltrexone_rank1,human_prediction,Naltrexone,A,216,216,SER,LIG2,17.387,17.387,none,
MOR-Naltrexone_rank1,human_prediction,Naltrexone,A,217,217,ILE,LIG2,15.321,17.416,none,
MOR-Naltrexone_rank1,human_prediction,Naltrexone,A,218,218,ASP,LIG2,13.147,13.255,none,
MOR-Naltrexone_rank1,human_prediction,Naltrexone,A,219,219,CYS,LIG2,9.447,10.828,none,
MOR-Naltrexone_rank1,human_prediction,Naltrexone,A,220,220,THR,LIG2,9.672,9.804,none,
MOR-Naltrexone_rank1,human_prediction,Naltrexone,A,221,221,LEU,LIG2,7.11,7.11,second_shell,
MOR-Naltrexone_rank1,human_prediction,Naltrexone,A,222,222,THR,LIG2,12.069,14.302,none,
MOR-Naltrexone_rank1,human_prediction,Naltrexone,A,223,223,PHE,LIG2,9.101,9.101,none,
MOR-Naltrexone_rank1,human_prediction,Naltrexone,A,224,224,SER,LIG2,16.144,18.213,none,
MOR-Naltrexone_rank1,human_prediction,Naltrexone,A,225,225,HIS,LIG2,18.995,19.691,none,
MOR-Naltrexone_rank1,human_prediction,Naltrexone,A,226,226,PRO,LIG2,16.496,18.912,none,
MOR-Naltrexone_rank1,human_prediction,Naltrexone,A,227,227,THR,LIG2,13.539,13.886,none,
MOR-Naltrexone_rank1,human_prediction,Naltrexone,A,228,228,TRP,LIG2,12.721,15.057,none,
MOR-Naltrexone_rank1,human_prediction,Naltrexone,A,229,229,TYR,LIG2,12.634,15.848,none,
MOR-Naltrexone_rank1,human_prediction,Naltrexone,A,230,230,TRP,LIG2,10.302,13.326,none,
MOR-Naltrexone_rank1,human_prediction,Naltrexone,A,231,231,GLU,LIG2,7.862,8.403,second_shell,
MOR-Naltrexone_rank1,human_prediction,Naltrexone,A,232,232,ASN,LIG2,8.737,10.415,none,
MOR-Naltrexone_rank1,human_prediction,Naltrexone,A,233,233,LEU,LIG2,8.95,11.578,none,
MOR-Naltrexone_rank1,human_prediction,Naltrexone,A,234,234,LEU,LIG2,5.755,6.688,second_shell,
MOR-Naltrexone_rank1,human_prediction,Naltrexone,A,235,235,LYS,LIG2,4.925,4.925,first_shell,
MOR-Naltrexone_rank1,human_prediction,Naltrexone,A,236,236,ILE,LIG2,6.862,9.158,none,
MOR-Naltrexone_rank1,human_prediction,Naltrexone,A,237,237,CYS,LIG2,7.41,8.926,none,
MOR-Naltrexone_rank1,human_prediction,Naltrexone,A,238,238,VAL,LIG2,3.48,3.48,first_shell,
MOR-Naltrexone_rank1,human_prediction,Naltrexone,A,239,239,PHE,LIG2,5.572,6.461,second_shell,
MOR-Naltrexone_rank1,human_prediction,Naltrexone,A,240,240,ILE,LIG2,8.354,10.6,none,
MOR-Naltrexone_rank1,human_prediction,Naltrexone,A,241,241,PHE,LIG2,9.344,10.596,none,
MOR-Naltrexone_rank1,human_prediction,Naltrexone,A,242,242,ALA,LIG2,6.417,6.417,second_shell,
MOR-Naltrexone_rank1,human_prediction,Naltrexone,A,243,243,PHE,LIG2,7.341,7.341,second_shell,
MOR-Naltrexone_rank1,human_prediction,Naltrexone,A,244,244,ILE,LIG2,9.997,10.967,none,
MOR-Naltrexone_rank1,human_prediction,Naltrexone,A,245,245,MET,LIG2,12.296,13.46,none,
MOR-Naltrexone_rank1,human_prediction,Naltrexone,A,246,246,PRO,LIG2,11.135,11.135,none,
MOR-Naltrexone_rank1,human_prediction,Naltrexone,A,247,247,VAL,LIG2,12.144,12.144,none,
MOR-Naltrexone_rank1,human_prediction,Naltrexone,A,248,248,LEU,LIG2,15.525,16.54,none,
MOR-Naltrexone_rank1,human_prediction,Naltrexone,A,249,249,ILE,LIG2,16.929,16.929,none,
MOR-Naltrexone_rank1,human_prediction,Naltrexone,A,250,250,ILE,LIG2,14.346,14.346,none,
MOR-Naltrexone_rank1,human_prediction,Naltrexone,A,251,251,THR,LIG2,18.119,18.119,none,
MOR-Naltrexone_rank1,human_prediction,Naltrexone,A,252,252,VAL,LIG2,20.883,21.688,none,
MOR-Naltrexone_rank1,human_prediction,Naltrexone,A,253,253,CYS,LIG2,22.062,22.062,none,
MOR-Naltrexone_rank1,human_prediction,Naltrexone,A,254,254,TYR,LIG2,18.551,18.551,none,
MOR-Naltrexone_rank1,human_prediction,Naltrexone,A,255,255,GLY,LIG2,24.132,24.132,none,
MOR-Naltrexone_rank1,human_prediction,Naltrexone,A,256,256,LEU,LIG2,26.328,26.857,none,
MOR-Naltrexone_rank1,human_prediction,Naltrexone,A,257,257,MET,LIG2,24.407,24.407,none,
MOR-Naltrexone_rank1,human_prediction,Naltrexone,A,258,258,ILE,LIG2,25.674,25.674,none,
MOR-Naltrexone_rank1,human_prediction,Naltrexone,A,259,259,LEU,LIG2,30.054,30.144,none,
MOR-Naltrexone_rank1,human_prediction,Naltrexone,A,260,260,ARG,LIG2,31.579,31.732,none,
MOR-Naltrexone_rank1,human_prediction,Naltrexone,A,261,261,LEU,LIG2,28.963,28.963,none,
MOR-Naltrexone_rank1,human_prediction,Naltrexone,A,262,262,LYS,LIG2,31.643,31.643,none,
MOR-Naltrexone_rank1,human_prediction,Naltrexone,A,263,263,SER,LIG2,35.764,36.477,none,
MOR-Naltrexone_rank1,human_prediction,Naltrexone,A,264,264,VAL,LIG2,35.588,35.588,none,
MOR-Naltrexone_rank1,human_prediction,Naltrexone,A,265,265,ARG,LIG2,39.97,42.427,none,
MOR-Naltrexone_rank1,human_prediction,Naltrexone,A,266,266,MET,LIG2,39.887,40.419,none,
MOR-Naltrexone_rank1,human_prediction,Naltrexone,A,267,267,LEU,LIG2,34.596,34.596,none,
MOR-Naltrexone_rank1,human_prediction,Naltrexone,A,268,268,SER,LIG2,39.83,41.04,none,
MOR-Naltrexone_rank1,human_prediction,Naltrexone,A,269,269,GLY,LIG2,42.078,42.078,none,
MOR-Naltrexone_rank1,human_prediction,Naltrexone,A,270,270,SER,LIG2,40.492,40.962,none,
MOR-Naltrexone_rank1,human_prediction,Naltrexone,A,271,271,LYS,LIG2,38.265,41.29,none,
MOR-Naltrexone_rank1,human_prediction,Naltrexone,A,272,272,GLU,LIG2,36.065,37.718,none,
MOR-Naltrexone_rank1,human_prediction,Naltrexone,A,273,273,LYS,LIG2,35.118,37.891,none,
MOR-Naltrexone_rank1,human_prediction,Naltrexone,A,274,274,ASP,LIG2,34.263,37.49,none,
MOR-Naltrexone_rank1,human_prediction,Naltrexone,A,275,275,ARG,LIG2,32.122,35.107,none,
MOR-Naltrexone_rank1,human_prediction,Naltrexone,A,276,276,ASN,LIG2,30.355,32.926,none,
MOR-Naltrexone_rank1,human_prediction,Naltrexone,A,277,277,LEU,LIG2,29.879,31.673,none,
MOR-Naltrexone_rank1,human_prediction,Naltrexone,A,278,278,ARG,LIG2,28.427,31.662,none,
MOR-Naltrexone_rank1,human_prediction,Naltrexone,A,279,279,ARG,LIG2,26.082,28.834,none,
MOR-Naltrexone_rank1,human_prediction,Naltrexone,A,280,280,ILE,LIG2,24.952,26.728,none,
MOR-Naltrexone_rank1,human_prediction,Naltrexone,A,281,281,THR,LIG2,24.566,27.511,none,
MOR-Naltrexone_rank1,human_prediction,Naltrexone,A,282,282,ARG,LIG2,22.527,24.9,none,
MOR-Naltrexone_rank1,human_prediction,Naltrexone,A,283,283,MET,LIG2,20.312,20.755,none,
MOR-Naltrexone_rank1,human_prediction,Naltrexone,A,284,284,VAL,LIG2,19.949,22.366,none,
MOR-Naltrexone_rank1,human_prediction,Naltrexone,A,285,285,LEU,LIG2,19.377,22.6,none,
MOR-Naltrexone_rank1,human_prediction,Naltrexone,A,286,286,VAL,LIG2,16.743,18.574,none,
MOR-Naltrexone_rank1,human_prediction,Naltrexone,A,287,287,VAL,LIG2,14.945,16.183,none,
MOR-Naltrexone_rank1,human_prediction,Naltrexone,A,288,288,VAL,LIG2,15.373,18.048,none,
MOR-Naltrexone_rank1,human_prediction,Naltrexone,A,289,289,ALA,LIG2,14.583,17.722,none,
MOR-Naltrexone_rank1,human_prediction,Naltrexone,A,290,290,VAL,LIG2,11.478,12.495,none,
MOR-Naltrexone_rank1,human_prediction,Naltrexone,A,291,291,PHE,LIG2,10.345,10.345,second_shell,
MOR-Naltrexone_rank1,human_prediction,Naltrexone,A,292,292,ILE,LIG2,11.303,13.837,none,
MOR-Naltrexone_rank1,human_prediction,Naltrexone,A,293,293,VAL,LIG2,10.973,13.478,none,
MOR-Naltrexone_rank1,human_prediction,Naltrexone,A,294,294,CYS,LIG2,7.183,8.629,second_shell,
MOR-Naltrexone_rank1,human_prediction,Naltrexone,A,295,295,TRP,LIG2,3.525,3.525,first_shell,
MOR-Naltrexone_rank1,human_prediction,Naltrexone,A,296,296,THR,LIG2,8.233,10.573,none,
MOR-Naltrexone_rank1,human_prediction,Naltrexone,A,297,297,PRO,LIG2,7.721,9.636,none,
MOR-Naltrexone_rank1,human_prediction,Naltrexone,A,298,298,ILE,LIG2,3.893,3.893,first_shell,
MOR-Naltrexone_rank1,human_prediction,Naltrexone,A,299,299,HIS,LIG2,3.527,3.527,first_shell,
MOR-Naltrexone_rank1,human_prediction,Naltrexone,A,300,300,ILE,LIG2,7.146,9.581,none,
MOR-Naltrexone_rank1,human_prediction,Naltrexone,A,301,301,TYR,LIG2,7.652,8.327,second_shell,
MOR-Naltrexone_rank1,human_prediction,Naltrexone,A,302,302,VAL,LIG2,3.377,3.377,first_shell,
MOR-Naltrexone_rank1,human_prediction,Naltrexone,A,303,303,ILE,LIG2,6.571,6.611,none,
MOR-Naltrexone_rank1,human_prediction,Naltrexone,A,304,304,ILE,LIG2,9.299,11.317,none,
MOR-Naltrexone_rank1,human_prediction,Naltrexone,A,305,305,LYS,LIG2,7.282,7.282,second_shell,
MOR-Naltrexone_rank1,human_prediction,Naltrexone,A,306,306,ALA,LIG2,8.324,8.324,second_shell,
MOR-Naltrexone_rank1,human_prediction,Naltrexone,A,307,307,LEU,LIG2,11.319,12.113,none,
MOR-Naltrexone_rank1,human_prediction,Naltrexone,A,308,308,VAL,LIG2,12.956,15.33,none,
MOR-Naltrexone_rank1,human_prediction,Naltrexone,A,309,309,THR,LIG2,14.4,15.106,none,
MOR-Naltrexone_rank1,human_prediction,Naltrexone,A,310,310,ILE,LIG2,12.249,12.249,none,
MOR-Naltrexone_rank1,human_prediction,Naltrexone,A,311,311,PRO,LIG2,15.36,16.996,none,
MOR-Naltrexone_rank1,human_prediction,Naltrexone,A,312,312,GLU,LIG2,12.018,12.018,none,
MOR-Naltrexone_rank1,human_prediction,Naltrexone,A,313,313,THR,LIG2,15.457,17.236,none,
MOR-Naltrexone_rank1,human_prediction,Naltrexone,A,314,314,THR,LIG2,15.835,18.619,none,
MOR-Naltrexone_rank1,human_prediction,Naltrexone,A,315,315,PHE,LIG2,14.679,17.126,none,
MOR-Naltrexone_rank1,human_prediction,Naltrexone,A,316,316,GLN,LIG2,10.437,10.437,second_shell,
MOR-Naltrexone_rank1,human_prediction,Naltrexone,A,317,317,THR,LIG2,11.154,12.472,none,
MOR-Naltrexone_rank1,human_prediction,Naltrexone,A,318,318,VAL,LIG2,12.081,14.94,none,
MOR-Naltrexone_rank1,human_prediction,Naltrexone,A,319,319,SER,LIG2,10.128,12.837,none,
MOR-Naltrexone_rank1,human_prediction,Naltrexone,A,320,320,TRP,LIG2,3.7,3.7,first_shell,
MOR-Naltrexone_rank1,human_prediction,Naltrexone,A,321,321,HIS,LIG2,8.674,8.699,second_shell,
MOR-Naltrexone_rank1,human_prediction,Naltrexone,A,322,322,PHE,LIG2,9.341,11.916,none,
MOR-Naltrexone_rank1,human_prediction,Naltrexone,A,323,323,CYS,LIG2,6.684,8.159,second_shell,
MOR-Naltrexone_rank1,human_prediction,Naltrexone,A,324,324,ILE,LIG2,4.204,4.204,first_shell,
MOR-Naltrexone_rank1,human_prediction,Naltrexone,A,325,325,ALA,LIG2,6.81,8.605,none,
MOR-Naltrexone_rank1,human_prediction,Naltrexone,A,326,326,LEU,LIG2,6.334,8.409,second_shell,
MOR-Naltrexone_rank1,human_prediction,Naltrexone,A,327,327,GLY,LIG2,3.792,3.792,first_shell,
MOR-Naltrexone_rank1,human_prediction,Naltrexone,A,328,328,TYR,LIG2,3.645,3.645,first_shell,
MOR-Naltrexone_rank1,human_prediction,Naltrexone,A,329,329,THR,LIG2,6.603,8.801,none,
MOR-Naltrexone_rank1,human_prediction,Naltrexone,A,330,330,ASN,LIG2,7.467,7.467,second_shell,
MOR-Naltrexone_rank1,human_prediction,Naltrexone,A,331,331,SER,LIG2,5.302,5.302,second_shell,
MOR-Naltrexone_rank1,human_prediction,Naltrexone,A,332,332,CYS,LIG2,9.004,9.736,none,
MOR-Naltrexone_rank1,human_prediction,Naltrexone,A,333,333,LEU,LIG2,11.262,12.54,none,
MOR-Naltrexone_rank1,human_prediction,Naltrexone,A,334,334,ASN,LIG2,9.369,9.369,none,
MOR-Naltrexone_rank1,human_prediction,Naltrexone,A,335,335,PRO,LIG2,12.678,12.678,none,
MOR-Naltrexone_rank1,human_prediction,Naltrexone,A,336,336,VAL,LIG2,15.915,16.691,none,
MOR-Naltrexone_rank1,human_prediction,Naltrexone,A,337,337,LEU,LIG2,15.097,15.097,none,
MOR-Naltrexone_rank1,human_prediction,Naltrexone,A,338,338,TYR,LIG2,14.805,14.805,none,
MOR-Naltrexone_rank1,human_prediction,Naltrexone,A,339,339,ALA,LIG2,18.619,18.684,none,
MOR-Naltrexone_rank1,human_prediction,Naltrexone,A,340,340,PHE,LIG2,17.999,17.999,none,
MOR-Naltrexone_rank1,human_prediction,Naltrexone,A,341,341,LEU,LIG2,21.135,21.135,none,
MOR-Naltrexone_rank1,human_prediction,Naltrexone,A,342,342,ASP,LIG2,23.499,23.819,none,
MOR-Naltrexone_rank1,human_prediction,Naltrexone,A,343,343,GLU,LIG2,26.809,29.11,none,
MOR-Naltrexone_rank1,human_prediction,Naltrexone,A,344,344,ASN,LIG2,26.821,27.429,none,
MOR-Naltrexone_rank1,human_prediction,Naltrexone,A,345,345,PHE,LIG2,21.494,21.494,none,
MOR-Naltrexone_rank1,human_prediction,Naltrexone,A,346,346,LYS,LIG2,25.845,25.845,none,
MOR-Naltrexone_rank1,human_prediction,Naltrexone,A,347,347,ARG,LIG2,28.583,30.569,none,
MOR-Naltrexone_rank1,human_prediction,Naltrexone,A,348,348,CYS,LIG2,27.26,27.26,none,
MOR-Naltrexone_rank1,human_prediction,Naltrexone,A,349,349,PHE,LIG2,21.674,21.674,none,
MOR-Naltrexone_rank1,human_prediction,Naltrexone,A,350,350,ARG,LIG2,28.802,30.243,none,
MOR-Naltrexone_rank1,human_prediction,Naltrexone,A,351,351,GLU,LIG2,31.032,32.167,none,
MOR-Naltrexone_rank1,human_prediction,Naltrexone,A,352,352,PHE,LIG2,26.648,26.648,none,
MOR-Naltrexone_rank1,human_prediction,Naltrexone,A,353,353,CYS,LIG2,26.676,26.676,none,
MOR-Naltrexone_rank1,human_prediction,Naltrexone,A,354,354,ILE,LIG2,31.632,32.039,none,
MOR-Naltrexone_rank1,human_prediction,Naltrexone,A,355,355,PRO,LIG2,35.132,35.491,none,
MOR-Naltrexone_rank1,human_prediction,Naltrexone,A,356,356,THR,LIG2,37.392,37.568,none,
MOR-Naltrexone_rank1,human_prediction,Naltrexone,A,357,357,SER,LIG2,39.833,41.337,none,
MOR-Naltrexone_rank1,human_prediction,Naltrexone,A,358,358,SER,LIG2,37.896,37.896,none,
MOR-Naltrexone_rank1,human_prediction,Naltrexone,A,359,359,ASN,LIG2,34.161,34.161,none,
MOR-Naltrexone_rank1,human_prediction,Naltrexone,A,360,360,ILE,LIG2,38.806,40.34,none,
MOR-Naltrexone_rank1,human_prediction,Naltrexone,A,361,361,GLU,LIG2,40.598,41.702,none,
MOR-Naltrexone_rank1,human_prediction,Naltrexone,A,362,362,GLN,LIG2,34.657,34.657,none,
MOR-Naltrexone_rank1,human_prediction,Naltrexone,A,363,363,GLN,LIG2,35.612,35.612,none,
MOR-Naltrexone_rank1,human_prediction,Naltrexone,A,364,364,ASN,LIG2,41.02,43.406,none,
MOR-Naltrexone_rank1,human_prediction,Naltrexone,A,365,365,SER,LIG2,41.466,41.666,none,
MOR-Naltrexone_rank1,human_prediction,Naltrexone,A,366,366,THR,LIG2,37.481,37.481,none,
MOR-Naltrexone_rank1,human_prediction,Naltrexone,A,367,367,ARG,LIG2,40.13,40.13,none,
MOR-Naltrexone_rank1,human_prediction,Naltrexone,A,368,368,ILE,LIG2,43.772,45.557,none,
MOR-Naltrexone_rank1,human_prediction,Naltrexone,A,369,369,ARG,LIG2,38.921,38.921,none,
MOR-Naltrexone_rank1,human_prediction,Naltrexone,A,370,370,GLN,LIG2,39.895,39.895,none,
MOR-Naltrexone_rank1,human_prediction,Naltrexone,A,371,371,ASN,LIG2,44.671,45.559,none,
MOR-Naltrexone_rank1,human_prediction,Naltrexone,A,372,372,THR,LIG2,46.361,46.361,none,
MOR-Naltrexone_rank1,human_prediction,Naltrexone,A,373,373,ARG,LIG2,41.35,41.35,none,
MOR-Naltrexone_rank1,human_prediction,Naltrexone,A,374,374,ASP,LIG2,46.433,48.703,none,
MOR-Naltrexone_rank1,human_prediction,Naltrexone,A,375,375,HIS,LIG2,42.934,44.905,none,
MOR-Naltrexone_rank1,human_prediction,Naltrexone,A,376,376,PRO,LIG2,40.036,41.116,none,
MOR-Naltrexone_rank1,human_prediction,Naltrexone,A,377,377,SER,LIG2,37.149,38.098,none,
MOR-Naltrexone_rank1,human_prediction,Naltrexone,A,378,378,THR,LIG2,33.235,34.017,none,
MOR-Naltrexone_rank1,human_prediction,Naltrexone,A,379,379,ALA,LIG2,33.166,33.898,none,
MOR-Naltrexone_rank1,human_prediction,Naltrexone,A,380,380,ASN,LIG2,35.09,37.039,none,
MOR-Naltrexone_rank1,human_prediction,Naltrexone,A,381,381,THR,LIG2,31.904,34.072,none,
MOR-Naltrexone_rank1,human_prediction,Naltrexone,A,382,382,VAL,LIG2,30.416,31.142,none,
MOR-Naltrexone_rank1,human_prediction,Naltrexone,A,383,383,ASP,LIG2,25.694,25.694,none,
MOR-Naltrexone_rank1,human_prediction,Naltrexone,A,384,384,ARG,LIG2,27.74,30.057,none,
MOR-Naltrexone_rank1,human_prediction,Naltrexone,A,385,385,THR,LIG2,23.918,23.918,none,
MOR-Naltrexone_rank1,human_prediction,Naltrexone,A,386,386,ASN,LIG2,22.032,22.032,none,
MOR-Naltrexone_rank1,human_prediction,Naltrexone,A,387,387,HIS,LIG2,27.347,29.323,none,
MOR-Naltrexone_rank1,human_prediction,Naltrexone,A,388,388,GLN,LIG2,29.342,29.992,none,
MOR-Naltrexone_rank1,human_prediction,Naltrexone,A,389,389,LEU,LIG2,24.791,24.791,none,
MOR-Naltrexone_rank1,human_prediction,Naltrexone,A,390,390,GLU,LIG2,27.518,27.518,none,
MOR-Naltrexone_rank1,human_prediction,Naltrexone,A,391,391,ASN,LIG2,32.044,33.338,none,
MOR-Naltrexone_rank1,human_prediction,Naltrexone,A,392,392,LEU,LIG2,31.246,31.246,none,
MOR-Naltrexone_rank1,human_prediction,Naltrexone,A,393,393,GLU,LIG2,29.896,29.896,none,
MOR-Naltrexone_rank1,human_prediction,Naltrexone,A,394,394,ALA,LIG2,34.468,36.0,none,
MOR-Naltrexone_rank1,human_prediction,Naltrexone,A,395,395,GLU,LIG2,36.64,37.707,none,
MOR-Naltrexone_rank1,human_prediction,Naltrexone,A,396,396,THR,LIG2,34.515,34.515,none,
MOR-Naltrexone_rank1,human_prediction,Naltrexone,A,397,397,ALA,LIG2,37.905,40.712,none,
MOR-Naltrexone_rank1,human_prediction,Naltrexone,A,398,398,PRO,LIG2,38.799,39.648,none,
MOR-Naltrexone_rank1,human_prediction,Naltrexone,A,399,399,LEU,LIG2,35.411,35.411,none,
MOR-Naltrexone_rank1,human_prediction,Naltrexone,A,400,400,PRO,LIG2,39.52,40.459,none,
MOR-Nalbuphine_rank0,human_prediction,Nalbuphine,A,61,61,PRO,LIG3,21.396,21.396,none,B
MOR-Nalbuphine_rank0,human_prediction,Nalbuphine,A,62,62,THR,LIG3,25.547,27.213,none,B
MOR-Nalbuphine_rank0,human_prediction,Nalbuphine,A,63,63,GLY,LIG3,24.997,24.997,none,B
MOR-Nalbuphine_rank0,human_prediction,Nalbuphine,A,64,64,SER,LIG3,24.025,27.091,none,B
MOR-Nalbuphine_rank0,human_prediction,Nalbuphine,A,65,65,PRO,LIG3,20.863,23.156,none,B
MOR-Nalbuphine_rank0,human_prediction,Nalbuphine,A,66,66,SER,LIG3,19.577,20.798,none,B
MOR-Nalbuphine_rank0,human_prediction,Nalbuphine,A,67,67,MET,LIG3,21.197,23.511,none,B
MOR-Nalbuphine_rank0,human_prediction,Nalbuphine,A,68,68,ILE,LIG3,19.719,22.137,none,B
MOR-Nalbuphine_rank0,human_prediction,Nalbuphine,A,69,69,THR,LIG3,16.39,17.394,none,B
MOR-Nalbuphine_rank0,human_prediction,Nalbuphine,A,70,70,ALA,LIG3,17.214,18.29,none,B
MOR-Nalbuphine_rank0,human_prediction,Nalbuphine,A,71,71,ILE,LIG3,18.664,21.097,none,B
MOR-Nalbuphine_rank0,human_prediction,Nalbuphine,A,72,72,THR,LIG3,16.049,17.319,none,B
MOR-Nalbuphine_rank0,human_prediction,Nalbuphine,A,73,73,ILE,LIG3,12.31,12.31,none,B
MOR-Nalbuphine_rank0,human_prediction,Nalbuphine,A,74,74,MET,LIG3,15.525,16.885,none,B
MOR-Nalbuphine_rank0,human_prediction,Nalbuphine,A,75,75,ALA,LIG3,15.498,18.044,none,B
MOR-Nalbuphine_rank0,human_prediction,Nalbuphine,A,76,76,LEU,LIG3,12.119,12.119,none,B
MOR-Nalbuphine_rank0,human_prediction,Nalbuphine,A,77,77,TYR,LIG3,7.875,7.875,second_shell,B
MOR-Nalbuphine_rank0,human_prediction,Nalbuphine,A,78,78,SER,LIG3,13.633,15.817,none,B
MOR-Nalbuphine_rank0,human_prediction,Nalbuphine,A,79,79,ILE,LIG3,13.141,15.077,none,B
MOR-Nalbuphine_rank0,human_prediction,Nalbuphine,A,80,80,VAL,LIG3,8.288,8.288,second_shell,B
MOR-Nalbuphine_rank0,human_prediction,Nalbuphine,A,81,81,CYS,LIG3,10.843,11.378,none,B
MOR-Nalbuphine_rank0,human_prediction,Nalbuphine,A,82,82,VAL,LIG3,13.155,15.576,none,B
MOR-Nalbuphine_rank0,human_prediction,Nalbuphine,A,83,83,VAL,LIG3,12.835,13.781,none,B
MOR-Nalbuphine_rank0,human_prediction,Nalbuphine,A,84,84,GLY,LIG3,10.733,10.733,none,B
MOR-Nalbuphine_rank0,human_prediction,Nalbuphine,A,85,85,LEU,LIG3,11.807,11.807,none,B
MOR-Nalbuphine_rank0,human_prediction,Nalbuphine,A,86,86,PHE,LIG3,14.556,16.602,none,B
MOR-Nalbuphine_rank0,human_prediction,Nalbuphine,A,87,87,GLY,LIG3,14.798,14.798,none,B
MOR-Nalbuphine_rank0,human_prediction,Nalbuphine,A,88,88,ASN,LIG3,10.079,10.079,none,B
MOR-Nalbuphine_rank0,human_prediction,Nalbuphine,A,89,89,PHE,LIG3,15.137,16.66,none,B
MOR-Nalbuphine_rank0,human_prediction,Nalbuphine,A,90,90,LEU,LIG3,17.712,19.153,none,B
MOR-Nalbuphine_rank0,human_prediction,Nalbuphine,A,91,91,VAL,LIG3,16.89,16.89,none,B
MOR-Nalbuphine_rank0,human_prediction,Nalbuphine,A,92,92,MET,LIG3,14.904,14.904,none,B
MOR-Nalbuphine_rank0,human_prediction,Nalbuphine,A,93,93,TYR,LIG3,20.085,21.709,none,B
MOR-Nalbuphine_rank0,human_prediction,Nalbuphine,A,94,94,VAL,LIG3,22.047,22.681,none,B
MOR-Nalbuphine_rank0,human_prediction,Nalbuphine,A,95,95,ILE,LIG3,19.369,19.369,none,B
MOR-Nalbuphine_rank0,human_prediction,Nalbuphine,A,96,96,VAL,LIG3,22.147,22.147,none,B
MOR-Nalbuphine_rank0,human_prediction,Nalbuphine,A,97,97,ARG,LIG3,25.393,26.683,none,B
MOR-Nalbuphine_rank0,human_prediction,Nalbuphine,A,98,98,TYR,LIG3,27.096,27.096,none,B
MOR-Nalbuphine_rank0,human_prediction,Nalbuphine,A,99,99,THR,LIG3,29.509,31.266,none,B
MOR-Nalbuphine_rank0,human_prediction,Nalbuphine,A,100,100,LYS,LIG3,27.992,29.698,none,B
MOR-Nalbuphine_rank0,human_prediction,Nalbuphine,A,101,101,MET,LIG3,24.089,24.896,none,B
MOR-Nalbuphine_rank0,human_prediction,Nalbuphine,A,102,102,LYS,LIG3,25.689,25.689,none,B
MOR-Nalbuphine_rank0,human_prediction,Nalbuphine,A,103,103,THR,LIG3,23.817,25.111,none,B
MOR-Nalbuphine_rank0,human_prediction,Nalbuphine,A,104,104,ALA,LIG3,21.773,24.873,none,B
MOR-Nalbuphine_rank0,human_prediction,Nalbuphine,A,105,105,THR,LIG3,19.777,21.48,none,B
MOR-Nalbuphine_rank0,human_prediction,Nalbuphine,A,106,106,ASN,LIG3,19.594,21.949,none,B
MOR-Nalbuphine_rank0,human_prediction,Nalbuphine,A,107,107,ILE,LIG3,18.142,21.053,none,B
MOR-Nalbuphine_rank0,human_prediction,Nalbuphine,A,108,108,TYR,LIG3,15.429,17.98,none,B
MOR-Nalbuphine_rank0,human_prediction,Nalbuphine,A,109,109,ILE,LIG3,14.903,16.87,none,B
MOR-Nalbuphine_rank0,human_prediction,Nalbuphine,A,110,110,PHE,LIG3,14.909,18.006,none,B
MOR-Nalbuphine_rank0,human_prediction,Nalbuphine,A,111,111,ASN,LIG3,12.303,13.702,none,B
MOR-Nalbuphine_rank0,human_prediction,Nalbuphine,A,112,112,LEU,LIG3,10.17,10.249,none,B
MOR-Nalbuphine_rank0,human_prediction,Nalbuphine,A,113,113,ALA,LIG3,11.301,13.591,none,B
MOR-Nalbuphine_rank0,human_prediction,Nalbuphine,A,114,114,LEU,LIG3,10.517,13.408,none,B
MOR-Nalbuphine_rank0,human_prediction,Nalbuphine,A,115,115,ALA,LIG3,7.079,9.004,none,B
MOR-Nalbuphine_rank0,human_prediction,Nalbuphine,A,116,116,ASP,LIG3,6.618,6.618,second_shell,B
MOR-Nalbuphine_rank0,human_prediction,Nalbuphine,A,117,117,ALA,LIG3,9.055,11.225,none,B
MOR-Nalbuphine_rank0,human_prediction,Nalbuphine,A,118,118,LEU,LIG3,7.26,9.089,none,B
MOR-Nalbuphine_rank0,human_prediction,Nalbuphine,A,119,119,ALA,LIG3,4.205,4.205,first_shell,B
MOR-Nalbuphine_rank0,human_prediction,Nalbuphine,A,120,120,THR,LIG3,6.254,6.742,second_shell,B
MOR-Nalbuphine_rank0,human_prediction,Nalbuphine,A,121,121,SER,LIG3,8.487,9.618,none,B
MOR-Nalbuphine_rank0,human_prediction,Nalbuphine,A,122,122,THR,LIG3,6.158,6.158,second_shell,B
MOR-Nalbuphine_rank0,human_prediction,Nalbuphine,A,123,123,LEU,LIG3,7.459,7.459,second_shell,B
MOR-Nalbuphine_rank0,human_prediction,Nalbuphine,A,124,124,PRO,LIG3,11.759,11.783,none,B
MOR-Nalbuphine_rank0,human_prediction,Nalbuphine,A,125,125,PHE,LIG3,10.844,11.241,none,B
MOR-Nalbuphine_rank0,human_prediction,Nalbuphine,A,126,126,GLN,LIG3,4.78,4.78,first_shell,B
MOR-Nalbuphine_rank0,human_prediction,Nalbuphine,A,127,127,SER,LIG3,11.087,12.465,none,B
MOR-Nalbuphine_rank0,human_prediction,Nalbuphine,A,128,128,VAL,LIG3,13.5,15.077,none,B
MOR-Nalbuphine_rank0,human_prediction,Nalbuphine,A,129,129,ASN,LIG3,10.294,10.294,none,B
MOR-Nalbuphine_rank0,human_prediction,Nalbuphine,A,130,130,TYR,LIG3,11.737,11.737,none,B
MOR-Nalbuphine_rank0,human_prediction,Nalbuphine,A,131,131,LEU,LIG3,14.798,16.73,none,B
MOR-Nalbuphine_rank0,human_prediction,Nalbuphine,A,132,132,MET,LIG3,16.83,17.968,none,B
MOR-Nalbuphine_rank0,human_prediction,Nalbuphine,A,133,133,GLY,LIG3,15.517,15.517,none,B
MOR-Nalbuphine_rank0,human_prediction,Nalbuphine,A,134,134,THR,LIG3,15.118,17.463,none,B
MOR-Nalbuphine_rank0,human_prediction,Nalbuphine,A,135,135,TRP,LIG3,11.078,11.078,none,B
MOR-Nalbuphine_rank0,human_prediction,Nalbuphine,A,136,136,PRO,LIG3,16.683,16.683,none,B
MOR-Nalbuphine_rank0,human_prediction,Nalbuphine,A,137,137,PHE,LIG3,14.981,14.981,none,B
MOR-Nalbuphine_rank0,human_prediction,Nalbuphine,A,138,138,GLY,LIG3,15.905,15.905,none,B
MOR-Nalbuphine_rank0,human_prediction,Nalbuphine,A,139,139,THR,LIG3,15.635,17.589,none,B
MOR-Nalbuphine_rank0,human_prediction,Nalbuphine,A,140,140,ILE,LIG3,15.258,18.51,none,B
MOR-Nalbuphine_rank0,human_prediction,Nalbuphine,A,141,141,LEU,LIG3,12.395,15.205,none,B
MOR-Nalbuphine_rank0,human_prediction,Nalbuphine,A,142,142,CYS,LIG3,10.687,12.055,none,B
MOR-Nalbuphine_rank0,human_prediction,Nalbuphine,A,143,143,LYS,LIG3,11.06,13.679,none,B
MOR-Nalbuphine_rank0,human_prediction,Nalbuphine,A,144,144,ILE,LIG3,10.59,13.267,none,B
MOR-Nalbuphine_rank0,human_prediction,Nalbuphine,A,145,145,VAL,LIG3,7.437,8.185,none,B
MOR-Nalbuphine_rank0,human_prediction,Nalbuphine,A,146,146,ILE,LIG3,6.051,6.608,second_shell,B
MOR-Nalbuphine_rank0,human_prediction,Nalbuphine,A,147,147,SER,LIG3,7.909,10.111,none,B
MOR-Nalbuphine_rank0,human_prediction,Nalbuphine,A,148,148,ILE,LIG3,5.675,7.652,none,B
MOR-Nalbuphine_rank0,human_prediction,Nalbuphine,A,149,149,ASP,LIG3,2.481,2.481,first_shell,B
MOR-Nalbuphine_rank0,human_prediction,Nalbuphine,A,150,150,TYR,LIG3,2.879,2.879,first_shell,B
MOR-Nalbuphine_rank0,human_prediction,Nalbuphine,A,151,151,TYR,LIG3,6.722,9.086,none,B
MOR-Nalbuphine_rank0,human_prediction,Nalbuphine,A,152,152,ASN,LIG3,5.374,5.983,second_shell,B
MOR-Nalbuphine_rank0,human_prediction,Nalbuphine,A,153,153,MET,LIG3,3.145,3.145,first_shell,B
MOR-Nalbuphine_rank0,human_prediction,Nalbuphine,A,154,154,PHE,LIG3,6.702,6.769,second_shell,B
MOR-Nalbuphine_rank0,human_prediction,Nalbuphine,A,155,155,THR,LIG3,8.568,9.555,none,B
MOR-Nalbuphine_rank0,human_prediction,Nalbuphine,A,156,156,SER,LIG3,6.814,6.814,none,B
MOR-Nalbuphine_rank0,human_prediction,Nalbuphine,A,157,157,ILE,LIG3,7.198,7.198,second_shell,B
MOR-Nalbuphine_rank0,human_prediction,Nalbuphine,A,158,158,PHE,LIG3,11.076,12.558,none,B
MOR-Nalbuphine_rank0,human_prediction,Nalbuphine,A,159,159,THR,LIG3,12.391,12.409,none,B
MOR-Nalbuphine_rank0,human_prediction,Nalbuphine,A,160,160,LEU,LIG3,10.055,10.055,none,B
MOR-Nalbuphine_rank0,human_prediction,Nalbuphine,A,161,161,CYS,LIG3,14.194,14.419,none,B
MOR-Nalbuphine_rank0,human_prediction,Nalbuphine,A,162,162,THR,LIG3,16.323,16.775,none,B
MOR-Nalbuphine_rank0,human_prediction,Nalbuphine,A,163,163,MET,LIG3,15.384,15.384,none,B
MOR-Nalbuphine_rank0,human_prediction,Nalbuphine,A,164,164,SER,LIG3,17.213,17.213,none,B
MOR-Nalbuphine_rank0,human_prediction,Nalbuphine,A,165,165,VAL,LIG3,20.15,20.687,none,B
MOR-Nalbuphine_rank0,human_prediction,Nalbuphine,A,166,166,ASP,LIG3,21.673,21.79,none,B
MOR-Nalbuphine_rank0,human_prediction,Nalbuphine,A,167,167,ARG,LIG3,19.592,19.592,none,B
MOR-Nalbuphine_rank0,human_prediction,Nalbuphine,A,168,168,TYR,LIG3,24.015,24.544,none,B
MOR-Nalbuphine_rank0,human_prediction,Nalbuphine,A,169,169,ILE,LIG3,25.906,25.906,none,B
MOR-Nalbuphine_rank0,human_prediction,Nalbuphine,A,170,170,ALA,LIG3,26.961,26.961,none,B
MOR-Nalbuphine_rank0,human_prediction,Nalbuphine,A,171,171,VAL,LIG3,27.739,27.739,none,B
MOR-Nalbuphine_rank0,human_prediction,Nalbuphine,A,172,172,CYS,LIG3,29.367,29.367,none,B
MOR-Nalbuphine_rank0,human_prediction,Nalbuphine,A,173,173,HIS,LIG3,30.685,30.685,none,B
MOR-Nalbuphine_rank0,human_prediction,Nalbuphine,A,174,174,PRO,LIG3,32.825,33.674,none,B
MOR-Nalbuphine_rank0,human_prediction,Nalbuphine,A,175,175,VAL,LIG3,34.661,36.825,none,B
MOR-Nalbuphine_rank0,human_prediction,Nalbuphine,A,176,176,LYS,LIG3,31.894,33.172,none,B
MOR-Nalbuphine_rank0,human_prediction,Nalbuphine,A,177,177,ALA,LIG3,29.981,29.981,none,B
MOR-Nalbuphine_rank0,human_prediction,Nalbuphine,A,178,178,LEU,LIG3,32.335,34.089,none,B
MOR-Nalbuphine_rank0,human_prediction,Nalbuphine,A,179,179,ASP,LIG3,31.551,33.924,none,B
MOR-Nalbuphine_rank0,human_prediction,Nalbuphine,A,180,180,PHE,LIG3,25.181,25.181,none,B
MOR-Nalbuphine_rank0,human_prediction,Nalbuphine,A,181,181,ARG,LIG3,25.216,25.216,none,B
MOR-Nalbuphine_rank0,human_prediction,Nalbuphine,A,182,182,THR,LIG3,25.99,28.801,none,B
MOR-Nalbuphine_rank0,human_prediction,Nalbuphine,A,183,183,PRO,LIG3,24.995,26.762,none,B
MOR-Nalbuphine_rank0,human_prediction,Nalbuphine,A,184,184,ARG,LIG3,25.61,28.595,none,B
MOR-Nalbuphine_rank0,human_prediction,Nalbuphine,A,185,185,ASN,LIG3,23.689,26.659,none,B
MOR-Nalbuphine_rank0,human_prediction,Nalbuphine,A,186,186,ALA,LIG3,20.771,22.602,none,B
MOR-Nalbuphine_rank0,human_prediction,Nalbuphine,A,187,187,LYS,LIG3,21.182,23.155,none,B
MOR-Nalbuphine_rank0,human_prediction,Nalbuphine,A,188,188,ILE,LIG3,21.459,24.506,none,B
MOR-Nalbuphine_rank0,human_prediction,Nalbuphine,A,189,189,ILE,LIG3,18.511,19.924,none,B
MOR-Nalbuphine_rank0,human_prediction,Nalbuphine,A,190,190,ASN,LIG3,16.668,17.034,none,B
MOR-Nalbuphine_rank0,human_prediction,Nalbuphine,A,191,191,VAL,LIG3,18.296,20.407,none,B
MOR-Nalbuphine_rank0,human_prediction,Nalbuphine,A,192,192,CYS,LIG3,17.597,20.229,none,B
MOR-Nalbuphine_rank0,human_prediction,Nalbuphine,A,193,193,ASN,LIG3,14.046,15.109,none,B
MOR-Nalbuphine_rank0,human_prediction,Nalbuphine,A,194,194,TRP,LIG3,11.632,11.632,none,B
MOR-Nalbuphine_rank0,human_prediction,Nalbuphine,A,195,195,ILE,LIG3,16.355,18.683,none,B
MOR-Nalbuphine_rank0,human_prediction,Nalbuphine,A,196,196,LEU,LIG3,13.939,16.015,none,B
MOR-Nalbuphine_rank0,human_prediction,Nalbuphine,A,197,197,SER,LIG3,11.113,11.482,none,B
MOR-Nalbuphine_rank0,human_prediction,Nalbuphine,A,198,198,SER,LIG3,13.308,14.798,none,B
MOR-Nalbuphine_rank0,human_prediction,Nalbuphine,A,199,199,ALA,LIG3,13.201,14.885,none,B
MOR-Nalbuphine_rank0,human_prediction,Nalbuphine,A,200,200,ILE,LIG3,9.143,9.143,none,B
MOR-Nalbuphine_rank0,human_prediction,Nalbuphine,A,201,201,GLY,LIG3,10.043,10.043,none,B
MOR-Nalbuphine_rank0,human_prediction,Nalbuphine,A,202,202,LEU,LIG3,12.259,14.667,none,B
MOR-Nalbuphine_rank0,human_prediction,Nalbuphine,A,203,203,PRO,LIG3,12.097,13.211,none,B
MOR-Nalbuphine_rank0,human_prediction,Nalbuphine,A,204,204,VAL,LIG3,7.6,7.6,second_shell,B
MOR-Nalbuphine_rank0,human_prediction,Nalbuphine,A,205,205,MET,LIG3,11.121,12.563,none,B
MOR-Nalbuphine_rank0,human_prediction,Nalbuphine,A,206,206,PHE,LIG3,13.708,15.74,none,B
MOR-Nalbuphine_rank0,human_prediction,Nalbuphine,A,207,207,MET,LIG3,12.601,12.601,none,B
MOR-Nalbuphine_rank0,human_prediction,Nalbuphine,A,208,208,ALA,LIG3,11.203,11.203,none,B
MOR-Nalbuphine_rank0,human_prediction,Nalbuphine,A,209,209,THR,LIG3,13.337,15.252,none,B
MOR-Nalbuphine_rank0,human_prediction,Nalbuphine,A,210,210,THR,LIG3,15.626,16.282,none,B
MOR-Nalbuphine_rank0,human_prediction,Nalbuphine,A,211,211,LYS,LIG3,15.73,15.73,none,B
MOR-Nalbuphine_rank0,human_prediction,Nalbuphine,A,212,212,TYR,LIG3,18.677,20.992,none,B
MOR-Nalbuphine_rank0,human_prediction,Nalbuphine,A,213,213,ARG,LIG3,17.885,17.885,none,B
MOR-Nalbuphine_rank0,human_prediction,Nalbuphine,A,214,214,GLN,LIG3,20.968,21.699,none,B
MOR-Nalbuphine_rank0,human_prediction,Nalbuphine,A,215,215,GLY,LIG3,20.912,20.912,none,B
MOR-Nalbuphine_rank0,human_prediction,Nalbuphine,A,216,216,SER,LIG3,17.227,17.227,none,B
MOR-Nalbuphine_rank0,human_prediction,Nalbuphine,A,217,217,ILE,LIG3,15.097,17.47,none,B
MOR-Nalbuphine_rank0,human_prediction,Nalbuphine,A,218,218,ASP,LIG3,13.254,13.357,none,B
MOR-Nalbuphine_rank0,human_prediction,Nalbuphine,A,219,219,CYS,LIG3,9.474,10.975,none,B
MOR-Nalbuphine_rank0,human_prediction,Nalbuphine,A,220,220,THR,LIG3,10.369,11.079,none,B
MOR-Nalbuphine_rank0,human_prediction,Nalbuphine,A,221,221,LEU,LIG3,6.919,6.919,second_shell,B
MOR-Nalbuphine_rank0,human_prediction,Nalbuphine,A,222,222,THR,LIG3,12.469,14.895,none,B
MOR-Nalbuphine_rank0,human_prediction,Nalbuphine,A,223,223,PHE,LIG3,9.487,9.487,none,B
MOR-Nalbuphine_rank0,human_prediction,Nalbuphine,A,224,224,SER,LIG3,16.524,18.614,none,B
MOR-Nalbuphine_rank0,human_prediction,Nalbuphine,A,225,225,HIS,LIG3,19.463,21.297,none,B
MOR-Nalbuphine_rank0,human_prediction,Nalbuphine,A,226,226,PRO,LIG3,16.42,18.777,none,B
MOR-Nalbuphine_rank0,human_prediction,Nalbuphine,A,227,227,THR,LIG3,13.434,14.669,none,B
MOR-Nalbuphine_rank0,human_prediction,Nalbuphine,A,228,228,TRP,LIG3,12.807,14.987,none,B
MOR-Nalbuphine_rank0,human_prediction,Nalbuphine,A,229,229,TYR,LIG3,12.745,15.908,none,B
MOR-Nalbuphine_rank0,human_prediction,Nalbuphine,A,230,230,TRP,LIG3,10.284,13.275,none,B
MOR-Nalbuphine_rank0,human_prediction,Nalbuphine,A,231,231,GLU,LIG3,7.834,9.015,none,B
MOR-Nalbuphine_rank0,human_prediction,Nalbuphine,A,232,232,ASN,LIG3,9.088,10.443,none,B
MOR-Nalbuphine_rank0,human_prediction,Nalbuphine,A,233,233,LEU,LIG3,9.24,11.722,none,B
MOR-Nalbuphine_rank0,human_prediction,Nalbuphine,A,234,234,LEU,LIG3,5.885,6.698,second_shell,B
MOR-Nalbuphine_rank0,human_prediction,Nalbuphine,A,235,235,LYS,LIG3,5.255,5.255,none,B
MOR-Nalbuphine_rank0,human_prediction,Nalbuphine,A,236,236,ILE,LIG3,7.347,9.723,none,B
MOR-Nalbuphine_rank0,human_prediction,Nalbuphine,A,237,237,CYS,LIG3,7.787,9.263,none,B
MOR-Nalbuphine_rank0,human_prediction,Nalbuphine,A,238,238,VAL,LIG3,3.659,3.659,first_shell,B
MOR-Nalbuphine_rank0,human_prediction,Nalbuphine,A,239,239,PHE,LIG3,6.121,6.944,second_shell,B
MOR-Nalbuphine_rank0,human_prediction,Nalbuphine,A,240,240,ILE,LIG3,8.909,11.166,none,B
MOR-Nalbuphine_rank0,human_prediction,Nalbuphine,A,241,241,PHE,LIG3,9.773,11.049,none,B
MOR-Nalbuphine_rank0,human_prediction,Nalbuphine,A,242,242,ALA,LIG3,6.801,6.801,second_shell,B
MOR-Nalbuphine_rank0,human_prediction,Nalbuphine,A,243,243,PHE,LIG3,7.63,7.63,second_shell,B
MOR-Nalbuphine_rank0,human_prediction,Nalbuphine,A,244,244,ILE,LIG3,10.268,11.122,none,B
MOR-Nalbuphine_rank0,human_prediction,Nalbuphine,A,245,245,MET,LIG3,12.625,13.876,none,B
MOR-Nalbuphine_rank0,human_prediction,Nalbuphine,A,246,246,PRO,LIG3,11.487,11.487,none,B
MOR-Nalbuphine_rank0,human_prediction,Nalbuphine,A,247,247,VAL,LIG3,12.381,12.381,none,B
MOR-Nalbuphine_rank0,human_prediction,Nalbuphine,A,248,248,LEU,LIG3,15.809,16.851,none,B
MOR-Nalbuphine_rank0,human_prediction,Nalbuphine,A,249,249,ILE,LIG3,17.319,17.319,none,B
MOR-Nalbuphine_rank0,human_prediction,Nalbuphine,A,250,250,ILE,LIG3,13.992,13.992,none,B
MOR-Nalbuphine_rank0,human_prediction,Nalbuphine,A,251,251,THR,LIG3,18.425,18.425,none,B
MOR-Nalbuphine_rank0,human_prediction,Nalbuphine,A,252,252,VAL,LIG3,21.174,21.983,none,B
MOR-Nalbuphine_rank0,human_prediction,Nalbuphine,A,253,253,CYS,LIG3,21.755,21.755,none,B
MOR-Nalbuphine_rank0,human_prediction,Nalbuphine,A,254,254,TYR,LIG3,18.174,18.174,none,B
MOR-Nalbuphine_rank0,human_prediction,Nalbuphine,A,255,255,GLY,LIG3,24.123,24.123,none,B
MOR-Nalbuphine_rank0,human_prediction,Nalbuphine,A,256,256,LEU,LIG3,26.495,27.317,none,B
MOR-Nalbuphine_rank0,human_prediction,Nalbuphine,A,257,257,MET,LIG3,24.129,24.129,none,B
MOR-Nalbuphine_rank0,human_prediction,Nalbuphine,A,258,258,ILE,LIG3,26.379,26.379,none,B
MOR-Nalbuphine_rank0,human_prediction,Nalbuphine,A,259,259,LEU,LIG3,29.85,30.475,none,B
MOR-Nalbuphine_rank0,human_prediction,Nalbuphine,A,260,260,ARG,LIG3,31.305,31.381,none,B
MOR-Nalbuphine_rank0,human_prediction,Nalbuphine,A,261,261,LEU,LIG3,28.835,28.835,none,B
MOR-Nalbuphine_rank0,human_prediction,Nalbuphine,A,262,262,LYS,LIG3,32.633,32.633,none,B
MOR-Nalbuphine_rank0,human_prediction,Nalbuphine,A,263,263,SER,LIG3,35.883,36.292,none,B
MOR-Nalbuphine_rank0,human_prediction,Nalbuphine,A,264,264,VAL,LIG3,34.475,34.475,none,B
MOR-Nalbuphine_rank0,human_prediction,Nalbuphine,A,265,265,ARG,LIG3,38.912,41.206,none,B
MOR-Nalbuphine_rank0,human_prediction,Nalbuphine,A,266,266,MET,LIG3,36.479,36.479,none,B
MOR-Nalbuphine_rank0,human_prediction,Nalbuphine,A,267,267,LEU,LIG3,33.048,33.048,none,B
MOR-Nalbuphine_rank0,human_prediction,Nalbuphine,A,268,268,SER,LIG3,38.063,38.896,none,B
MOR-Nalbuphine_rank0,human_prediction,Nalbuphine,A,269,269,GLY,LIG3,41.078,41.078,none,B
MOR-Nalbuphine_rank0,human_prediction,Nalbuphine,A,270,270,SER,LIG3,40.206,41.31,none,B
MOR-Nalbuphine_rank0,human_prediction,Nalbuphine,A,271,271,LYS,LIG3,38.395,40.887,none,B
MOR-Nalbuphine_rank0,human_prediction,Nalbuphine,A,272,272,GLU,LIG3,36.478,36.532,none,B
MOR-Nalbuphine_rank0,human_prediction,Nalbuphine,A,273,273,LYS,LIG3,35.389,38.383,none,B
MOR-Nalbuphine_rank0,human_prediction,Nalbuphine,A,274,274,ASP,LIG3,34.225,37.319,none,B
MOR-Nalbuphine_rank0,human_prediction,Nalbuphine,A,275,275,ARG,LIG3,32.297,34.622,none,B
MOR-Nalbuphine_rank0,human_prediction,Nalbuphine,A,276,276,ASN,LIG3,30.59,33.315,none,B
MOR-Nalbuphine_rank0,human_prediction,Nalbuphine,A,277,277,LEU,LIG3,29.813,31.711,none,B
MOR-Nalbuphine_rank0,human_prediction,Nalbuphine,A,278,278,ARG,LIG3,28.374,31.55,none,B
MOR-Nalbuphine_rank0,human_prediction,Nalbuphine,A,279,279,ARG,LIG3,26.168,27.631,none,B
MOR-Nalbuphine_rank0,human_prediction,Nalbuphine,A,280,280,ILE,LIG3,24.87,26.813,none,B
MOR-Nalbuphine_rank0,human_prediction,Nalbuphine,A,281,281,THR,LIG3,24.432,27.284,none,B
MOR-Nalbuphine_rank0,human_prediction,Nalbuphine,A,282,282,ARG,LIG3,22.514,25.084,none,B
MOR-Nalbuphine_rank0,human_prediction,Nalbuphine,A,283,283,MET,LIG3,20.154,22.685,none,B
MOR-Nalbuphine_rank0,human_prediction,Nalbuphine,A,284,284,VAL,LIG3,19.69,22.038,none,B
MOR-Nalbuphine_rank0,human_prediction,Nalbuphine,A,285,285,LEU,LIG3,19.389,22.543,none,B
MOR-Nalbuphine_rank0,human_prediction,Nalbuphine,A,286,286,VAL,LIG3,16.743,18.663,none,B
MOR-Nalbuphine_rank0,human_prediction,Nalbuphine,A,287,287,VAL,LIG3,14.783,15.91,none,B
MOR-Nalbuphine_rank0,human_prediction,Nalbuphine,A,288,288,VAL,LIG3,15.445,18.046,none,B
MOR-Nalbuphine_rank0,human_prediction,Nalbuphine,A,289,289,ALA,LIG3,14.843,17.941,none,B
MOR-Nalbuphine_rank0,human_prediction,Nalbuphine,A,290,290,VAL,LIG3,11.646,12.431,none,B
MOR-Nalbuphine_rank0,human_prediction,Nalbuphine,A,291,291,PHE,LIG3,9.842,9.842,second_shell,B
MOR-Nalbuphine_rank0,human_prediction,Nalbuphine,A,292,292,ILE,LIG3,11.372,14.009,none,B
MOR-Nalbuphine_rank0,human_prediction,Nalbuphine,A,293,293,VAL,LIG3,11.274,13.804,none,B
MOR-Nalbuphine_rank0,human_prediction,Nalbuphine,A,294,294,CYS,LIG3,7.441,8.784,second_shell,B
MOR-Nalbuphine_rank0,human_prediction,Nalbuphine,A,295,295,TRP,LIG3,3.546,3.546,first_shell,B
MOR-Nalbuphine_rank0,human_prediction,Nalbuphine,A,296,296,THR,LIG3,8.234,10.593,none,B
MOR-Nalbuphine_rank0,human_prediction,Nalbuphine,A,297,297,PRO,LIG3,7.672,9.635,none,B
MOR-Nalbuphine_rank0,human_prediction,Nalbuphine,A,298,298,ILE,LIG3,3.771,3.771,first_shell,B
MOR-Nalbuphine_rank0,human_prediction,Nalbuphine,A,299,299,HIS,LIG3,3.731,3.731,first_shell,B
MOR-Nalbuphine_rank0,human_prediction,Nalbuphine,A,300,300,ILE,LIG3,7.163,9.608,none,B
MOR-Nalbuphine_rank0,human_prediction,Nalbuphine,A,301,301,TYR,LIG3,7.527,8.124,second_shell,B
MOR-Nalbuphine_rank0,human_prediction,Nalbuphine,A,302,302,VAL,LIG3,3.568,3.568,first_shell,B
MOR-Nalbuphine_rank0,human_prediction,Nalbuphine,A,303,303,ILE,LIG3,6.863,7.537,none,B
MOR-Nalbuphine_rank0,human_prediction,Nalbuphine,A,304,304,ILE,LIG3,9.578,11.558,none,B
MOR-Nalbuphine_rank0,human_prediction,Nalbuphine,A,305,305,LYS,LIG3,7.26,7.26,second_shell,B
MOR-Nalbuphine_rank0,human_prediction,Nalbuphine,A,306,306,ALA,LIG3,8.531,8.531,none,B
MOR-Nalbuphine_rank0,human_prediction,Nalbuphine,A,307,307,LEU,LIG3,11.426,12.512,none,B
MOR-Nalbuphine_rank0,human_prediction,Nalbuphine,A,308,308,VAL,LIG3,13.356,15.007,none,B
MOR-Nalbuphine_rank0,human_prediction,Nalbuphine,A,309,309,THR,LIG3,15.302,16.411,none,B
MOR-Nalbuphine_rank0,human_prediction,Nalbuphine,A,310,310,ILE,LIG3,12.224,12.224,none,B
MOR-Nalbuphine_rank0,human_prediction,Nalbuphine,A,311,311,PRO,LIG3,15.656,17.284,none,B
MOR-Nalbuphine_rank0,human_prediction,Nalbuphine,A,312,312,GLU,LIG3,14.04,14.04,none,B
MOR-Nalbuphine_rank0,human_prediction,Nalbuphine,A,313,313,THR,LIG3,15.438,17.231,none,B
MOR-Nalbuphine_rank0,human_prediction,Nalbuphine,A,314,314,THR,LIG3,15.641,18.356,none,B
MOR-Nalbuphine_rank0,human_prediction,Nalbuphine,A,315,315,PHE,LIG3,14.511,17.057,none,B
MOR-Nalbuphine_rank0,human_prediction,Nalbuphine,A,316,316,GLN,LIG3,11.369,11.612,none,B
MOR-Nalbuphine_rank0,human_prediction,Nalbuphine,A,317,317,THR,LIG3,10.943,12.307,none,B
MOR-Nalbuphine_rank0,human_prediction,Nalbuphine,A,318,318,VAL,LIG3,11.842,14.751,none,B
MOR-Nalbuphine_rank0,human_prediction,Nalbuphine,A,319,319,SER,LIG3,9.846,12.639,none,B
MOR-Nalbuphine_rank0,human_prediction,Nalbuphine,A,320,320,TRP,LIG3,3.775,3.775,first_shell,B
MOR-Nalbuphine_rank0,human_prediction,Nalbuphine,A,321,321,HIS,LIG3,8.391,8.391,second_shell,B
MOR-Nalbuphine_rank0,human_prediction,Nalbuphine,A,322,322,PHE,LIG3,9.362,11.589,none,B
MOR-Nalbuphine_rank0,human_prediction,Nalbuphine,A,323,323,CYS,LIG3,6.189,8.075,second_shell,B
MOR-Nalbuphine_rank0,human_prediction,Nalbuphine,A,324,324,ILE,LIG3,3.883,3.883,first_shell,B
MOR-Nalbuphine_rank0,human_prediction,Nalbuphine,A,325,325,ALA,LIG3,6.876,8.496,none,B
MOR-Nalbuphine_rank0,human_prediction,Nalbuphine,A,326,326,LEU,LIG3,6.28,8.225,second_shell,B
MOR-Nalbuphine_rank0,human_prediction,Nalbuphine,A,327,327,GLY,LIG3,3.976,3.976,first_shell,B
MOR-Nalbuphine_rank0,human_prediction,Nalbuphine,A,328,328,TYR,LIG3,3.878,3.878,first_shell,B
MOR-Nalbuphine_rank0,human_prediction,Nalbuphine,A,329,329,THR,LIG3,6.585,8.867,none,B
MOR-Nalbuphine_rank0,human_prediction,Nalbuphine,A,330,330,ASN,LIG3,6.981,6.981,second_shell,B
MOR-Nalbuphine_rank0,human_prediction,Nalbuphine,A,331,331,SER,LIG3,4.526,4.526,first_shell,B
MOR-Nalbuphine_rank0,human_prediction,Nalbuphine,A,332,332,CYS,LIG3,8.29,9.285,none,B
MOR-Nalbuphine_rank0,human_prediction,Nalbuphine,A,333,333,LEU,LIG3,10.513,11.802,none,B
MOR-Nalbuphine_rank0,human_prediction,Nalbuphine,A,334,334,ASN,LIG3,8.622,8.622,none,B
MOR-Nalbuphine_rank0,human_prediction,Nalbuphine,A,335,335,PRO,LIG3,11.959,11.959,none,B
MOR-Nalbuphine_rank0,human_prediction,Nalbuphine,A,336,336,VAL,LIG3,15.055,15.786,none,B
MOR-Nalbuphine_rank0,human_prediction,Nalbuphine,A,337,337,LEU,LIG3,14.239,14.239,none,B
MOR-Nalbuphine_rank0,human_prediction,Nalbuphine,A,338,338,TYR,LIG3,13.964,13.964,none,B
MOR-Nalbuphine_rank0,human_prediction,Nalbuphine,A,339,339,ALA,LIG3,17.815,18.019,none,B
MOR-Nalbuphine_rank0,human_prediction,Nalbuphine,A,340,340,PHE,LIG3,17.751,17.751,none,B
MOR-Nalbuphine_rank0,human_prediction,Nalbuphine,A,341,341,LEU,LIG3,20.152,20.152,none,B
MOR-Nalbuphine_rank0,human_prediction,Nalbuphine,A,342,342,ASP,LIG3,22.539,22.798,none,B
MOR-Nalbuphine_rank0,human_prediction,Nalbuphine,A,343,343,GLU,LIG3,25.799,28.257,none,B
MOR-Nalbuphine_rank0,human_prediction,Nalbuphine,A,344,344,ASN,LIG3,26.087,26.456,none,B
MOR-Nalbuphine_rank0,human_prediction,Nalbuphine,A,345,345,PHE,LIG3,20.849,20.849,none,B
MOR-Nalbuphine_rank0,human_prediction,Nalbuphine,A,346,346,LYS,LIG3,25.509,25.715,none,B
MOR-Nalbuphine_rank0,human_prediction,Nalbuphine,A,347,347,ARG,LIG3,28.138,30.098,none,B
MOR-Nalbuphine_rank0,human_prediction,Nalbuphine,A,348,348,CYS,LIG3,26.488,26.488,none,B
MOR-Nalbuphine_rank0,human_prediction,Nalbuphine,A,349,349,PHE,LIG3,21.15,21.15,none,B
MOR-Nalbuphine_rank0,human_prediction,Nalbuphine,A,350,350,ARG,LIG3,28.303,30.369,none,B
MOR-Nalbuphine_rank0,human_prediction,Nalbuphine,A,351,351,GLU,LIG3,30.449,31.487,none,B
MOR-Nalbuphine_rank0,human_prediction,Nalbuphine,A,352,352,PHE,LIG3,25.667,25.667,none,B
MOR-Nalbuphine_rank0,human_prediction,Nalbuphine,A,353,353,CYS,LIG3,27.081,27.081,none,B
MOR-Nalbuphine_rank0,human_prediction,Nalbuphine,A,354,354,ILE,LIG3,31.631,32.754,none,B
MOR-Nalbuphine_rank0,human_prediction,Nalbuphine,A,355,355,PRO,LIG3,34.896,35.331,none,B
MOR-Nalbuphine_rank0,human_prediction,Nalbuphine,A,356,356,THR,LIG3,35.91,35.91,none,B
MOR-Nalbuphine_rank0,human_prediction,Nalbuphine,A,357,357,SER,LIG3,39.389,41.012,none,B
MOR-Nalbuphine_rank0,human_prediction,Nalbuphine,A,358,358,SER,LIG3,37.849,37.849,none,B
MOR-Nalbuphine_rank0,human_prediction,Nalbuphine,A,359,359,ASN,LIG3,35.971,35.971,none,B
MOR-Nalbuphine_rank0,human_prediction,Nalbuphine,A,360,360,ILE,LIG3,40.76,41.647,none,B
MOR-Nalbuphine_rank0,human_prediction,Nalbuphine,A,361,361,GLU,LIG3,42.8,44.996,none,B
MOR-Nalbuphine_rank0,human_prediction,Nalbuphine,A,362,362,GLN,LIG3,40.316,40.316,none,B
MOR-Nalbuphine_rank0,human_prediction,Nalbuphine,A,363,363,GLN,LIG3,36.592,36.592,none,B
MOR-Nalbuphine_rank0,human_prediction,Nalbuphine,A,364,364,ASN,LIG3,41.019,42.726,none,B
MOR-Nalbuphine_rank0,human_prediction,Nalbuphine,A,365,365,SER,LIG3,40.793,42.661,none,B
MOR-Nalbuphine_rank0,human_prediction,Nalbuphine,A,366,366,THR,LIG3,36.538,36.538,none,B
MOR-Nalbuphine_rank0,human_prediction,Nalbuphine,A,367,367,ARG,LIG3,36.617,36.617,none,B
MOR-Nalbuphine_rank0,human_prediction,Nalbuphine,A,368,368,ILE,LIG3,39.483,41.785,none,B
MOR-Nalbuphine_rank0,human_prediction,Nalbuphine,A,369,369,ARG,LIG3,38.386,38.613,none,B
MOR-Nalbuphine_rank0,human_prediction,Nalbuphine,A,370,370,GLN,LIG3,33.368,33.368,none,B
MOR-Nalbuphine_rank0,human_prediction,Nalbuphine,A,371,371,ASN,LIG3,34.835,34.835,none,B
MOR-Nalbuphine_rank0,human_prediction,Nalbuphine,A,372,372,THR,LIG3,38.183,40.283,none,B
MOR-Nalbuphine_rank0,human_prediction,Nalbuphine,A,373,373,ARG,LIG3,35.312,35.673,none,B
MOR-Nalbuphine_rank0,human_prediction,Nalbuphine,A,374,374,ASP,LIG3,31.925,31.925,none,B
MOR-Nalbuphine_rank0,human_prediction,Nalbuphine,A,375,375,HIS,LIG3,32.821,32.821,none,B
MOR-Nalbuphine_rank0,human_prediction,Nalbuphine,A,376,376,PRO,LIG3,36.397,36.397,none,B
MOR-Nalbuphine_rank0,human_prediction,Nalbuphine,A,377,377,SER,LIG3,40.652,41.47,none,B
MOR-Nalbuphine_rank0,human_prediction,Nalbuphine,A,378,378,THR,LIG3,43.261,43.904,none,B
MOR-Nalbuphine_rank0,human_prediction,Nalbuphine,A,379,379,ALA,LIG3,45.333,45.916,none,B
MOR-Nalbuphine_rank0,human_prediction,Nalbuphine,A,380,380,ASN,LIG3,42.328,42.328,none,B
MOR-Nalbuphine_rank0,human_prediction,Nalbuphine,A,381,381,THR,LIG3,45.123,45.123,none,B
MOR-Nalbuphine_rank0,human_prediction,Nalbuphine,A,382,382,VAL,LIG3,48.709,49.755,none,B
MOR-Nalbuphine_rank0,human_prediction,Nalbuphine,A,383,383,ASP,LIG3,48.654,48.654,none,B
MOR-Nalbuphine_rank0,human_prediction,Nalbuphine,A,384,384,ARG,LIG3,44.59,44.59,none,B
MOR-Nalbuphine_rank0,human_prediction,Nalbuphine,A,385,385,THR,LIG3,51.402,51.402,none,B
MOR-Nalbuphine_rank0,human_prediction,Nalbuphine,A,386,386,ASN,LIG3,54.073,54.336,none,B
MOR-Nalbuphine_rank0,human_prediction,Nalbuphine,A,387,387,HIS,LIG3,53.949,53.949,none,B
MOR-Nalbuphine_rank0,human_prediction,Nalbuphine,A,388,388,GLN,LIG3,53.527,53.527,none,B
MOR-Nalbuphine_rank0,human_prediction,Nalbuphine,A,389,389,LEU,LIG3,57.411,57.764,none,B
MOR-Nalbuphine_rank0,human_prediction,Nalbuphine,A,390,390,GLU,LIG3,59.584,59.704,none,B
MOR-Nalbuphine_rank0,human_prediction,Nalbuphine,A,391,391,ASN,LIG3,57.47,57.47,none,B
MOR-Nalbuphine_rank0,human_prediction,Nalbuphine,A,392,392,LEU,LIG3,58.46,58.46,none,B
MOR-Nalbuphine_rank0,human_prediction,Nalbuphine,A,393,393,GLU,LIG3,63.42,65.551,none,B
MOR-Nalbuphine_rank0,human_prediction,Nalbuphine,A,394,394,ALA,LIG3,65.832,66.786,none,B
MOR-Nalbuphine_rank0,human_prediction,Nalbuphine,A,395,395,GLU,LIG3,64.832,64.832,none,B
MOR-Nalbuphine_rank0,human_prediction,Nalbuphine,A,396,396,THR,LIG3,69.568,71.89,none,B
MOR-Nalbuphine_rank0,human_prediction,Nalbuphine,A,397,397,ALA,LIG3,66.866,68.615,none,B
MOR-Nalbuphine_rank0,human_prediction,Nalbuphine,A,398,398,PRO,LIG3,65.127,66.777,none,B
MOR-Nalbuphine_rank0,human_prediction,Nalbuphine,A,399,399,LEU,LIG3,59.19,59.19,none,B
MOR-Nalbuphine_rank0,human_prediction,Nalbuphine,A,400,400,PRO,LIG3,59.793,62.044,none,B
MOR-Methadone_rank0,human_prediction,Methadone,A,61,61,PRO,LIG3,18.07,18.07,none,B
MOR-Methadone_rank0,human_prediction,Methadone,A,62,62,THR,LIG3,19.194,21.534,none,B
MOR-Methadone_rank0,human_prediction,Methadone,A,63,63,GLY,LIG3,17.633,17.633,none,B
MOR-Methadone_rank0,human_prediction,Methadone,A,64,64,SER,LIG3,18.816,21.104,none,B
MOR-Methadone_rank0,human_prediction,Methadone,A,65,65,PRO,LIG3,16.927,16.927,none,B
MOR-Methadone_rank0,human_prediction,Methadone,A,66,66,SER,LIG3,19.527,20.202,none,B
MOR-Methadone_rank0,human_prediction,Methadone,A,67,67,MET,LIG3,20.77,23.411,none,B
MOR-Methadone_rank0,human_prediction,Methadone,A,68,68,ILE,LIG3,19.214,21.614,none,B
MOR-Methadone_rank0,human_prediction,Methadone,A,69,69,THR,LIG3,15.981,17.257,none,B
MOR-Methadone_rank0,human_prediction,Methadone,A,70,70,ALA,LIG3,16.242,17.689,none,B
MOR-Methadone_rank0,human_prediction,Methadone,A,71,71,ILE,LIG3,17.379,20.22,none,B
MOR-Methadone_rank0,human_prediction,Methadone,A,72,72,THR,LIG3,14.676,16.163,none,B
MOR-Methadone_rank0,human_prediction,Methadone,A,73,73,ILE,LIG3,11.514,11.514,none,B
MOR-Methadone_rank0,human_prediction,Methadone,A,74,74,MET,LIG3,14.278,15.393,none,B
MOR-Methadone_rank0,human_prediction,Methadone,A,75,75,ALA,LIG3,14.887,17.123,none,B
MOR-Methadone_rank0,human_prediction,Methadone,A,76,76,LEU,LIG3,10.985,10.985,none,B
MOR-Methadone_rank0,human_prediction,Methadone,A,77,77,TYR,LIG3,7.294,7.294,second_shell,B
MOR-Methadone_rank0,human_prediction,Methadone,A,78,78,SER,LIG3,13.184,15.414,none,B
MOR-Methadone_rank0,human_prediction,Methadone,A,79,79,ILE,LIG3,13.794,15.187,none,B
MOR-Methadone_rank0,human_prediction,Methadone,A,80,80,VAL,LIG3,9.071,9.071,second_shell,B
MOR-Methadone_rank0,human_prediction,Methadone,A,81,81,CYS,LIG3,11.977,12.635,none,B
MOR-Methadone_rank0,human_prediction,Methadone,A,82,82,VAL,LIG3,14.59,16.94,none,B
MOR-Methadone_rank0,human_prediction,Methadone,A,83,83,VAL,LIG3,14.67,15.0,none,B
MOR-Methadone_rank0,human_prediction,Methadone,A,84,84,GLY,LIG3,12.938,12.938,none,B
MOR-Methadone_rank0,human_prediction,Methadone,A,85,85,LEU,LIG3,14.378,14.775,none,B
MOR-Methadone_rank0,human_prediction,Methadone,A,86,86,PHE,LIG3,17.04,18.709,none,B
MOR-Methadone_rank0,human_prediction,Methadone,A,87,87,GLY,LIG3,17.454,17.454,none,B
MOR-Methadone_rank0,human_prediction,Methadone,A,88,88,ASN,LIG3,13.119,13.119,none,B
MOR-Methadone_rank0,human_prediction,Methadone,A,89,89,PHE,LIG3,18.172,19.604,none,B
MOR-Methadone_rank0,human_prediction,Methadone,A,90,90,LEU,LIG3,20.643,21.863,none,B
MOR-Methadone_rank0,human_prediction,Methadone,A,91,91,VAL,LIG3,19.825,19.825,none,B
MOR-Methadone_rank0,human_prediction,Methadone,A,92,92,MET,LIG3,18.268,18.268,none,B
MOR-Methadone_rank0,human_prediction,Methadone,A,93,93,TYR,LIG3,23.353,24.858,none,B
MOR-Methadone_rank0,human_prediction,Methadone,A,94,94,VAL,LIG3,25.28,25.814,none,B
MOR-Methadone_rank0,human_prediction,Methadone,A,95,95,ILE,LIG3,22.74,22.74,none,B
MOR-Methadone_rank0,human_prediction,Methadone,A,96,96,VAL,LIG3,25.533,25.533,none,B
MOR-Methadone_rank0,human_prediction,Methadone,A,97,97,ARG,LIG3,28.744,29.907,none,B
MOR-Methadone_rank0,human_prediction,Methadone,A,98,98,TYR,LIG3,30.478,30.577,none,B
MOR-Methadone_rank0,human_prediction,Methadone,A,99,99,THR,LIG3,32.312,34.395,none,B
MOR-Methadone_rank0,human_prediction,Methadone,A,100,100,LYS,LIG3,31.398,33.108,none,B
MOR-Methadone_rank0,human_prediction,Methadone,A,101,101,MET,LIG3,27.488,28.285,none,B
MOR-Methadone_rank0,human_prediction,Methadone,A,102,102,LYS,LIG3,29.127,29.568,none,B
MOR-Methadone_rank0,human_prediction,Methadone,A,103,103,THR,LIG3,26.758,27.868,none,B
MOR-Methadone_rank0,human_prediction,Methadone,A,104,104,ALA,LIG3,24.349,27.304,none,B
MOR-Methadone_rank0,human_prediction,Methadone,A,105,105,THR,LIG3,22.617,24.026,none,B
MOR-Methadone_rank0,human_prediction,Methadone,A,106,106,ASN,LIG3,22.72,25.135,none,B
MOR-Methadone_rank0,human_prediction,Methadone,A,107,107,ILE,LIG3,21.233,23.94,none,B
MOR-Methadone_rank0,human_prediction,Methadone,A,108,108,TYR,LIG3,18.41,20.645,none,B
MOR-Methadone_rank0,human_prediction,Methadone,A,109,109,ILE,LIG3,18.079,19.857,none,B
MOR-Methadone_rank0,human_prediction,Methadone,A,110,110,PHE,LIG3,18.227,21.316,none,B
MOR-Methadone_rank0,human_prediction,Methadone,A,111,111,ASN,LIG3,15.564,17.095,none,B
MOR-Methadone_rank0,human_prediction,Methadone,A,112,112,LEU,LIG3,13.053,13.053,none,B
MOR-Methadone_rank0,human_prediction,Methadone,A,113,113,ALA,LIG3,14.649,16.899,none,B
MOR-Methadone_rank0,human_prediction,Methadone,A,114,114,LEU,LIG3,14.05,16.914,none,B
MOR-Methadone_rank0,human_prediction,Methadone,A,115,115,ALA,LIG3,10.625,12.436,none,B
MOR-Methadone_rank0,human_prediction,Methadone,A,116,116,ASP,LIG3,9.782,9.782,none,B
MOR-Methadone_rank0,human_prediction,Methadone,A,117,117,ALA,LIG3,12.359,14.449,none,B
MOR-Methadone_rank0,human_prediction,Methadone,A,118,118,LEU,LIG3,10.148,12.804,none,B
MOR-Methadone_rank0,human_prediction,Methadone,A,119,119,ALA,LIG3,7.633,7.697,second_shell,B
MOR-Methadone_rank0,human_prediction,Methadone,A,120,120,THR,LIG3,8.882,8.959,second_shell,B
MOR-Methadone_rank0,human_prediction,Methadone,A,121,121,SER,LIG3,10.137,11.64,none,B
MOR-Methadone_rank0,human_prediction,Methadone,A,122,122,THR,LIG3,6.077,6.077,second_shell,B
MOR-Methadone_rank0,human_prediction,Methadone,A,123,123,LEU,LIG3,6.992,6.992,second_shell,B
MOR-Methadone_rank0,human_prediction,Methadone,A,124,124,PRO,LIG3,10.198,10.927,none,B
MOR-Methadone_rank0,human_prediction,Methadone,A,125,125,PHE,LIG3,8.934,9.057,none,B
MOR-Methadone_rank0,human_prediction,Methadone,A,126,126,GLN,LIG3,3.002,3.002,first_shell,B
MOR-Methadone_rank0,human_prediction,Methadone,A,127,127,SER,LIG3,9.284,10.701,none,B
MOR-Methadone_rank0,human_prediction,Methadone,A,128,128,VAL,LIG3,11.718,13.296,none,B
MOR-Methadone_rank0,human_prediction,Methadone,A,129,129,ASN,LIG3,8.177,8.177,none,B
MOR-Methadone_rank0,human_prediction,Methadone,A,130,130,TYR,LIG3,10.917,10.917,none,B
MOR-Methadone_rank0,human_prediction,Methadone,A,131,131,LEU,LIG3,13.521,15.086,none,B
MOR-Methadone_rank0,human_prediction,Methadone,A,132,132,MET,LIG3,15.451,15.975,none,B
MOR-Methadone_rank0,human_prediction,Methadone,A,133,133,GLY,LIG3,14.658,14.658,none,B
MOR-Methadone_rank0,human_prediction,Methadone,A,134,134,THR,LIG3,12.773,15.462,none,B
MOR-Methadone_rank0,human_prediction,Methadone,A,135,135,TRP,LIG3,8.499,8.499,none,B
MOR-Methadone_rank0,human_prediction,Methadone,A,136,136,PRO,LIG3,14.046,14.046,none,B
MOR-Methadone_rank0,human_prediction,Methadone,A,137,137,PHE,LIG3,12.514,12.514,none,B
MOR-Methadone_rank0,human_prediction,Methadone,A,138,138,GLY,LIG3,12.84,12.84,none,B
MOR-Methadone_rank0,human_prediction,Methadone,A,139,139,THR,LIG3,12.653,14.59,none,B
MOR-Methadone_rank0,human_prediction,Methadone,A,140,140,ILE,LIG3,12.643,15.794,none,B
MOR-Methadone_rank0,human_prediction,Methadone,A,141,141,LEU,LIG3,9.846,12.667,none,B
MOR-Methadone_rank0,human_prediction,Methadone,A,142,142,CYS,LIG3,7.885,8.82,second_shell,B
MOR-Methadone_rank0,human_prediction,Methadone,A,143,143,LYS,LIG3,9.377,11.53,none,B
MOR-Methadone_rank0,human_prediction,Methadone,A,144,144,ILE,LIG3,9.156,11.715,none,B
MOR-Methadone_rank0,human_prediction,Methadone,A,145,145,VAL,LIG3,5.946,6.35,none,B
MOR-Methadone_rank0,human_prediction,Methadone,A,146,146,ILE,LIG3,4.861,4.861,first_shell,B
MOR-Methadone_rank0,human_prediction,Methadone,A,147,147,SER,LIG3,7.308,9.355,none,B
MOR-Methadone_rank0,human_prediction,Methadone,A,148,148,ILE,LIG3,7.674,9.299,none,B
MOR-Methadone_rank0,human_prediction,Methadone,A,149,149,ASP,LIG3,2.138,2.138,first_shell,B
MOR-Methadone_rank0,human_prediction,Methadone,A,150,150,TYR,LIG3,3.05,3.05,first_shell,B
MOR-Methadone_rank0,human_prediction,Methadone,A,151,151,TYR,LIG3,7.58,9.852,none,B
MOR-Methadone_rank0,human_prediction,Methadone,A,152,152,ASN,LIG3,8.756,10.057,none,B
MOR-Methadone_rank0,human_prediction,Methadone,A,153,153,MET,LIG3,3.378,3.378,first_shell,B
MOR-Methadone_rank0,human_prediction,Methadone,A,154,154,PHE,LIG3,6.345,6.345,second_shell,B
MOR-Methadone_rank0,human_prediction,Methadone,A,155,155,THR,LIG3,10.839,12.559,none,B
MOR-Methadone_rank0,human_prediction,Methadone,A,156,156,SER,LIG3,9.677,9.677,none,B
MOR-Methadone_rank0,human_prediction,Methadone,A,157,157,ILE,LIG3,7.049,7.049,second_shell,B
MOR-Methadone_rank0,human_prediction,Methadone,A,158,158,PHE,LIG3,12.254,12.254,none,B
MOR-Methadone_rank0,human_prediction,Methadone,A,159,159,THR,LIG3,14.226,14.975,none,B
MOR-Methadone_rank0,human_prediction,Methadone,A,160,160,LEU,LIG3,11.554,11.554,none,B
MOR-Methadone_rank0,human_prediction,Methadone,A,161,161,CYS,LIG3,14.701,14.701,none,B
MOR-Methadone_rank0,human_prediction,Methadone,A,162,162,THR,LIG3,17.661,18.407,none,B
MOR-Methadone_rank0,human_prediction,Methadone,A,163,163,MET,LIG3,17.946,17.946,none,B
MOR-Methadone_rank0,human_prediction,Methadone,A,164,164,SER,LIG3,18.733,18.733,none,B
MOR-Methadone_rank0,human_prediction,Methadone,A,165,165,VAL,LIG3,21.207,21.343,none,B
MOR-Methadone_rank0,human_prediction,Methadone,A,166,166,ASP,LIG3,23.144,23.744,none,B
MOR-Methadone_rank0,human_prediction,Methadone,A,167,167,ARG,LIG3,21.244,21.244,none,B
MOR-Methadone_rank0,human_prediction,Methadone,A,168,168,TYR,LIG3,25.178,25.29,none,B
MOR-Methadone_rank0,human_prediction,Methadone,A,169,169,ILE,LIG3,27.191,27.191,none,B
MOR-Methadone_rank0,human_prediction,Methadone,A,170,170,ALA,LIG3,28.727,28.793,none,B
MOR-Methadone_rank0,human_prediction,Methadone,A,171,171,VAL,LIG3,29.037,29.037,none,B
MOR-Methadone_rank0,human_prediction,Methadone,A,172,172,CYS,LIG3,29.787,29.787,none,B
MOR-Methadone_rank0,human_prediction,Methadone,A,173,173,HIS,LIG3,31.451,31.451,none,B
MOR-Methadone_rank0,human_prediction,Methadone,A,174,174,PRO,LIG3,34.229,34.964,none,B
MOR-Methadone_rank0,human_prediction,Methadone,A,175,175,VAL,LIG3,36.304,38.441,none,B
MOR-Methadone_rank0,human_prediction,Methadone,A,176,176,LYS,LIG3,33.69,34.544,none,B
MOR-Methadone_rank0,human_prediction,Methadone,A,177,177,ALA,LIG3,32.038,32.038,none,B
MOR-Methadone_rank0,human_prediction,Methadone,A,178,178,LEU,LIG3,34.496,36.529,none,B
MOR-Methadone_rank0,human_prediction,Methadone,A,179,179,ASP,LIG3,33.773,36.093,none,B
MOR-Methadone_rank0,human_prediction,Methadone,A,180,180,PHE,LIG3,27.133,27.133,none,B
MOR-Methadone_rank0,human_prediction,Methadone,A,181,181,ARG,LIG3,27.534,27.534,none,B
MOR-Methadone_rank0,human_prediction,Methadone,A,182,182,THR,LIG3,28.772,31.426,none,B
MOR-Methadone_rank0,human_prediction,Methadone,A,183,183,PRO,LIG3,28.154,30.098,none,B
MOR-Methadone_rank0,human_prediction,Methadone,A,184,184,ARG,LIG3,28.605,31.7,none,B
MOR-Methadone_rank0,human_prediction,Methadone,A,185,185,ASN,LIG3,26.235,29.08,none,B
MOR-Methadone_rank0,human_prediction,Methadone,A,186,186,ALA,LIG3,23.721,25.523,none,B
MOR-Methadone_rank0,human_prediction,Methadone,A,187,187,LYS,LIG3,24.404,26.575,none,B
MOR-Methadone_rank0,human_prediction,Methadone,A,188,188,ILE,LIG3,24.207,27.296,none,B
MOR-Methadone_rank0,human_prediction,Methadone,A,189,189,ILE,LIG3,20.995,21.972,none,B
MOR-Methadone_rank0,human_prediction,Methadone,A,190,190,ASN,LIG3,19.75,20.03,none,B
MOR-Methadone_rank0,human_prediction,Methadone,A,191,191,VAL,LIG3,20.766,23.462,none,B
MOR-Methadone_rank0,human_prediction,Methadone,A,192,192,CYS,LIG3,19.132,22.105,none,B
MOR-Methadone_rank0,human_prediction,Methadone,A,193,193,ASN,LIG3,16.19,17.499,none,B
MOR-Methadone_rank0,human_prediction,Methadone,A,194,194,TRP,LIG3,14.915,14.915,none,B
MOR-Methadone_rank0,human_prediction,Methadone,A,195,195,ILE,LIG3,17.231,20.015,none,B
MOR-Methadone_rank0,human_prediction,Methadone,A,196,196,LEU,LIG3,14.291,15.989,none,B
MOR-Methadone_rank0,human_prediction,Methadone,A,197,197,SER,LIG3,12.206,13.199,none,B
MOR-Methadone_rank0,human_prediction,Methadone,A,198,198,SER,LIG3,14.341,15.785,none,B
MOR-Methadone_rank0,human_prediction,Methadone,A,199,199,ALA,LIG3,13.3,15.11,none,B
MOR-Methadone_rank0,human_prediction,Methadone,A,200,200,ILE,LIG3,8.523,8.523,none,B
MOR-Methadone_rank0,human_prediction,Methadone,A,201,201,GLY,LIG3,10.049,10.049,none,B
MOR-Methadone_rank0,human_prediction,Methadone,A,202,202,LEU,LIG3,11.979,14.29,none,B
MOR-Methadone_rank0,human_prediction,Methadone,A,203,203,PRO,LIG3,11.192,12.662,none,B
MOR-Methadone_rank0,human_prediction,Methadone,A,204,204,VAL,LIG3,6.477,6.477,second_shell,B
MOR-Methadone_rank0,human_prediction,Methadone,A,205,205,MET,LIG3,10.032,11.538,none,B
MOR-Methadone_rank0,human_prediction,Methadone,A,206,206,PHE,LIG3,12.495,14.553,none,B
MOR-Methadone_rank0,human_prediction,Methadone,A,207,207,MET,LIG3,11.458,11.704,none,B
MOR-Methadone_rank0,human_prediction,Methadone,A,208,208,ALA,LIG3,9.226,9.226,second_shell,B
MOR-Methadone_rank0,human_prediction,Methadone,A,209,209,THR,LIG3,10.753,13.239,none,B
MOR-Methadone_rank0,human_prediction,Methadone,A,210,210,THR,LIG3,12.858,12.858,none,B
MOR-Methadone_rank0,human_prediction,Methadone,A,211,211,LYS,LIG3,13.526,13.99,none,B
MOR-Methadone_rank0,human_prediction,Methadone,A,212,212,TYR,LIG3,16.586,17.855,none,B
MOR-Methadone_rank0,human_prediction,Methadone,A,213,213,ARG,LIG3,17.126,17.126,none,B
MOR-Methadone_rank0,human_prediction,Methadone,A,214,214,GLN,LIG3,21.004,21.929,none,B
MOR-Methadone_rank0,human_prediction,Methadone,A,215,215,GLY,LIG3,19.833,19.833,none,B
MOR-Methadone_rank0,human_prediction,Methadone,A,216,216,SER,LIG3,16.345,16.345,none,B
MOR-Methadone_rank0,human_prediction,Methadone,A,217,217,ILE,LIG3,13.006,14.623,none,B
MOR-Methadone_rank0,human_prediction,Methadone,A,218,218,ASP,LIG3,10.984,11.93,none,B
MOR-Methadone_rank0,human_prediction,Methadone,A,219,219,CYS,LIG3,6.79,7.778,second_shell,B
MOR-Methadone_rank0,human_prediction,Methadone,A,220,220,THR,LIG3,8.196,9.004,none,B
MOR-Methadone_rank0,human_prediction,Methadone,A,221,221,LEU,LIG3,6.118,6.118,second_shell,B
MOR-Methadone_rank0,human_prediction,Methadone,A,222,222,THR,LIG3,11.627,13.435,none,B
MOR-Methadone_rank0,human_prediction,Methadone,A,223,223,PHE,LIG3,9.274,9.274,none,B
MOR-Methadone_rank0,human_prediction,Methadone,A,224,224,SER,LIG3,16.224,18.187,none,B
MOR-Methadone_rank0,human_prediction,Methadone,A,225,225,HIS,LIG3,19.103,20.411,none,B
MOR-Methadone_rank0,human_prediction,Methadone,A,226,226,PRO,LIG3,16.37,18.901,none,B
MOR-Methadone_rank0,human_prediction,Methadone,A,227,227,THR,LIG3,13.401,13.817,none,B
MOR-Methadone_rank0,human_prediction,Methadone,A,228,228,TRP,LIG3,13.149,14.712,none,B
MOR-Methadone_rank0,human_prediction,Methadone,A,229,229,TYR,LIG3,13.07,16.246,none,B
MOR-Methadone_rank0,human_prediction,Methadone,A,230,230,TRP,LIG3,10.427,13.331,none,B
MOR-Methadone_rank0,human_prediction,Methadone,A,231,231,GLU,LIG3,7.944,7.944,none,B
MOR-Methadone_rank0,human_prediction,Methadone,A,232,232,ASN,LIG3,9.323,10.762,none,B
MOR-Methadone_rank0,human_prediction,Methadone,A,233,233,LEU,LIG3,9.326,12.001,none,B
MOR-Methadone_rank0,human_prediction,Methadone,A,234,234,LEU,LIG3,5.982,6.457,second_shell,B
MOR-Methadone_rank0,human_prediction,Methadone,A,235,235,LYS,LIG3,5.442,5.739,second_shell,B
MOR-Methadone_rank0,human_prediction,Methadone,A,236,236,ILE,LIG3,7.343,9.617,none,B
MOR-Methadone_rank0,human_prediction,Methadone,A,237,237,CYS,LIG3,7.41,9.035,none,B
MOR-Methadone_rank0,human_prediction,Methadone,A,238,238,VAL,LIG3,3.006,3.006,first_shell,B
MOR-Methadone_rank0,human_prediction,Methadone,A,239,239,PHE,LIG3,5.574,6.647,second_shell,B
MOR-Methadone_rank0,human_prediction,Methadone,A,240,240,ILE,LIG3,8.275,10.566,none,B
MOR-Methadone_rank0,human_prediction,Methadone,A,241,241,PHE,LIG3,9.315,10.048,none,B
MOR-Methadone_rank0,human_prediction,Methadone,A,242,242,ALA,LIG3,6.599,6.599,second_shell,B
MOR-Methadone_rank0,human_prediction,Methadone,A,243,243,PHE,LIG3,7.922,7.922,second_shell,B
MOR-Methadone_rank0,human_prediction,Methadone,A,244,244,ILE,LIG3,10.555,11.386,none,B
MOR-Methadone_rank0,human_prediction,Methadone,A,245,245,MET,LIG3,12.734,13.727,none,B
MOR-Methadone_rank0,human_prediction,Methadone,A,246,246,PRO,LIG3,11.759,11.759,none,B
MOR-Methadone_rank0,human_prediction,Methadone,A,247,247,VAL,LIG3,12.655,12.655,none,B
MOR-Methadone_rank0,human_prediction,Methadone,A,248,248,LEU,LIG3,16.044,17.032,none,B
MOR-Methadone_rank0,human_prediction,Methadone,A,249,249,ILE,LIG3,17.255,17.255,none,B
MOR-Methadone_rank0,human_prediction,Methadone,A,250,250,ILE,LIG3,14.292,14.292,none,B
MOR-Methadone_rank0,human_prediction,Methadone,A,251,251,THR,LIG3,18.081,18.081,none,B
MOR-Methadone_rank0,human_prediction,Methadone,A,252,252,VAL,LIG3,21.206,22.289,none,B
MOR-Methadone_rank0,human_prediction,Methadone,A,253,253,CYS,LIG3,22.102,22.102,none,B
MOR-Methadone_rank0,human_prediction,Methadone,A,254,254,TYR,LIG3,19.117,19.117,none,B
MOR-Methadone_rank0,human_prediction,Methadone,A,255,255,GLY,LIG3,23.989,23.989,none,B
MOR-Methadone_rank0,human_prediction,Methadone,A,256,256,LEU,LIG3,26.366,27.263,none,B
MOR-Methadone_rank0,human_prediction,Methadone,A,257,257,MET,LIG3,25.113,25.113,none,B
MOR-Methadone_rank0,human_prediction,Methadone,A,258,258,ILE,LIG3,26.746,26.746,none,B
MOR-Methadone_rank0,human_prediction,Methadone,A,259,259,LEU,LIG3,29.94,30.338,none,B
MOR-Methadone_rank0,human_prediction,Methadone,A,260,260,ARG,LIG3,31.671,32.07,none,B
MOR-Methadone_rank0,human_prediction,Methadone,A,261,261,LEU,LIG3,29.725,29.725,none,B
MOR-Methadone_rank0,human_prediction,Methadone,A,262,262,LYS,LIG3,32.633,32.633,none,B
MOR-Methadone_rank0,human_prediction,Methadone,A,263,263,SER,LIG3,36.376,36.856,none,B
MOR-Methadone_rank0,human_prediction,Methadone,A,264,264,VAL,LIG3,35.154,35.154,none,B
MOR-Methadone_rank0,human_prediction,Methadone,A,265,265,ARG,LIG3,39.053,40.262,none,B
MOR-Methadone_rank0,human_prediction,Methadone,A,266,266,MET,LIG3,42.451,44.243,none,B
MOR-Methadone_rank0,human_prediction,Methadone,A,267,267,LEU,LIG3,44.542,46.605,none,B
MOR-Methadone_rank0,human_prediction,Methadone,A,268,268,SER,LIG3,45.306,45.569,none,B
MOR-Methadone_rank0,human_prediction,Methadone,A,269,269,GLY,LIG3,45.667,45.667,none,B
MOR-Methadone_rank0,human_prediction,Methadone,A,270,270,SER,LIG3,42.06,42.465,none,B
MOR-Methadone_rank0,human_prediction,Methadone,A,271,271,LYS,LIG3,39.545,41.703,none,B
MOR-Methadone_rank0,human_prediction,Methadone,A,272,272,GLU,LIG3,37.548,40.412,none,B
MOR-Methadone_rank0,human_prediction,Methadone,A,273,273,LYS,LIG3,36.039,38.958,none,B
MOR-Methadone_rank0,human_prediction,Methadone,A,274,274,ASP,LIG3,34.905,37.956,none,B
MOR-Methadone_rank0,human_prediction,Methadone,A,275,275,ARG,LIG3,33.266,35.759,none,B
MOR-Methadone_rank0,human_prediction,Methadone,A,276,276,ASN,LIG3,31.514,34.406,none,B
MOR-Methadone_rank0,human_prediction,Methadone,A,277,277,LEU,LIG3,30.336,31.917,none,B
MOR-Methadone_rank0,human_prediction,Methadone,A,278,278,ARG,LIG3,29.087,32.237,none,B
MOR-Methadone_rank0,human_prediction,Methadone,A,279,279,ARG,LIG3,27.211,29.452,none,B
MOR-Methadone_rank0,human_prediction,Methadone,A,280,280,ILE,LIG3,25.629,27.652,none,B
MOR-Methadone_rank0,human_prediction,Methadone,A,281,281,THR,LIG3,24.768,27.36,none,B
MOR-Methadone_rank0,human_prediction,Methadone,A,282,282,ARG,LIG3,23.182,25.754,none,B
MOR-Methadone_rank0,human_prediction,Methadone,A,283,283,MET,LIG3,21.15,22.957,none,B
MOR-Methadone_rank0,human_prediction,Methadone,A,284,284,VAL,LIG3,19.992,22.258,none,B
MOR-Methadone_rank0,human_prediction,Methadone,A,285,285,LEU,LIG3,19.303,22.433,none,B
MOR-Methadone_rank0,human_prediction,Methadone,A,286,286,VAL,LIG3,17.137,19.289,none,B
MOR-Methadone_rank0,human_prediction,Methadone,A,287,287,VAL,LIG3,15.17,16.911,none,B
MOR-Methadone_rank0,human_prediction,Methadone,A,288,288,VAL,LIG3,14.846,17.407,none,B
MOR-Methadone_rank0,human_prediction,Methadone,A,289,289,ALA,LIG3,14.205,17.437,none,B
MOR-Methadone_rank0,human_prediction,Methadone,A,290,290,VAL,LIG3,11.435,12.992,none,B
MOR-Methadone_rank0,human_prediction,Methadone,A,291,291,PHE,LIG3,9.754,9.754,second_shell,B
MOR-Methadone_rank0,human_prediction,Methadone,A,292,292,ILE,LIG3,10.809,13.489,none,B
MOR-Methadone_rank0,human_prediction,Methadone,A,293,293,VAL,LIG3,10.113,12.824,none,B
MOR-Methadone_rank0,human_prediction,Methadone,A,294,294,CYS,LIG3,6.353,8.452,second_shell,B
MOR-Methadone_rank0,human_prediction,Methadone,A,295,295,TRP,LIG3,3.202,3.202,first_shell,B
MOR-Methadone_rank0,human_prediction,Methadone,A,296,296,THR,LIG3,8.59,10.888,none,B
MOR-Methadone_rank0,human_prediction,Methadone,A,297,297,PRO,LIG3,8.344,9.343,none,B
MOR-Methadone_rank0,human_prediction,Methadone,A,298,298,ILE,LIG3,3.857,3.857,first_shell,B
MOR-Methadone_rank0,human_prediction,Methadone,A,299,299,HIS,LIG3,3.92,3.92,first_shell,B
MOR-Methadone_rank0,human_prediction,Methadone,A,300,300,ILE,LIG3,7.576,10.007,none,B
MOR-Methadone_rank0,human_prediction,Methadone,A,301,301,TYR,LIG3,7.28,7.447,second_shell,B
MOR-Methadone_rank0,human_prediction,Methadone,A,302,302,VAL,LIG3,3.64,3.64,first_shell,B
MOR-Methadone_rank0,human_prediction,Methadone,A,303,303,ILE,LIG3,7.43,7.82,none,B
MOR-Methadone_rank0,human_prediction,Methadone,A,304,304,ILE,LIG3,10.028,11.393,none,B
MOR-Methadone_rank0,human_prediction,Methadone,A,305,305,LYS,LIG3,6.847,6.847,second_shell,B
MOR-Methadone_rank0,human_prediction,Methadone,A,306,306,ALA,LIG3,9.194,9.31,none,B
MOR-Methadone_rank0,human_prediction,Methadone,A,307,307,LEU,LIG3,11.845,13.438,none,B
MOR-Methadone_rank0,human_prediction,Methadone,A,308,308,VAL,LIG3,12.761,14.784,none,B
MOR-Methadone_rank0,human_prediction,Methadone,A,309,309,THR,LIG3,14.677,15.837,none,B
MOR-Methadone_rank0,human_prediction,Methadone,A,310,310,ILE,LIG3,11.667,11.667,none,B
MOR-Methadone_rank0,human_prediction,Methadone,A,311,311,PRO,LIG3,14.969,16.632,none,B
MOR-Methadone_rank0,human_prediction,Methadone,A,312,312,GLU,LIG3,12.813,12.813,none,B
MOR-Methadone_rank0,human_prediction,Methadone,A,313,313,THR,LIG3,15.572,17.105,none,B
MOR-Methadone_rank0,human_prediction,Methadone,A,314,314,THR,LIG3,15.729,18.467,none,B
MOR-Methadone_rank0,human_prediction,Methadone,A,315,315,PHE,LIG3,14.564,16.72,none,B
MOR-Methadone_rank0,human_prediction,Methadone,A,316,316,GLN,LIG3,11.459,11.459,none,B
MOR-Methadone_rank0,human_prediction,Methadone,A,317,317,THR,LIG3,10.866,12.84,none,B
MOR-Methadone_rank0,human_prediction,Methadone,A,318,318,VAL,LIG3,11.635,14.623,none,B
MOR-Methadone_rank0,human_prediction,Methadone,A,319,319,SER,LIG3,9.735,12.547,none,B
MOR-Methadone_rank0,human_prediction,Methadone,A,320,320,TRP,LIG3,3.522,3.522,first_shell,B
MOR-Methadone_rank0,human_prediction,Methadone,A,321,321,HIS,LIG3,7.486,8.172,second_shell,B
MOR-Methadone_rank0,human_prediction,Methadone,A,322,322,PHE,LIG3,7.773,10.454,none,B
MOR-Methadone_rank0,human_prediction,Methadone,A,323,323,CYS,LIG3,4.728,7.065,second_shell,B
MOR-Methadone_rank0,human_prediction,Methadone,A,324,324,ILE,LIG3,3.014,3.014,first_shell,B
MOR-Methadone_rank0,human_prediction,Methadone,A,325,325,ALA,LIG3,5.525,7.763,none,B
MOR-Methadone_rank0,human_prediction,Methadone,A,326,326,LEU,LIG3,5.905,7.65,second_shell,B
MOR-Methadone_rank0,human_prediction,Methadone,A,327,327,GLY,LIG3,3.628,3.628,first_shell,B
MOR-Methadone_rank0,human_prediction,Methadone,A,328,328,TYR,LIG3,3.623,3.623,first_shell,B
MOR-Methadone_rank0,human_prediction,Methadone,A,329,329,THR,LIG3,6.938,8.915,none,B
MOR-Methadone_rank0,human_prediction,Methadone,A,330,330,ASN,LIG3,8.013,8.093,second_shell,B
MOR-Methadone_rank0,human_prediction,Methadone,A,331,331,SER,LIG3,7.413,7.413,none,B
MOR-Methadone_rank0,human_prediction,Methadone,A,332,332,CYS,LIG3,10.224,10.748,none,B
MOR-Methadone_rank0,human_prediction,Methadone,A,333,333,LEU,LIG3,12.196,12.944,none,B
MOR-Methadone_rank0,human_prediction,Methadone,A,334,334,ASN,LIG3,11.049,11.049,none,B
MOR-Methadone_rank0,human_prediction,Methadone,A,335,335,PRO,LIG3,14.532,14.532,none,B
MOR-Methadone_rank0,human_prediction,Methadone,A,336,336,VAL,LIG3,17.246,17.537,none,B
MOR-Methadone_rank0,human_prediction,Methadone,A,337,337,LEU,LIG3,15.523,15.523,none,B
MOR-Methadone_rank0,human_prediction,Methadone,A,338,338,TYR,LIG3,15.839,15.839,none,B
MOR-Methadone_rank0,human_prediction,Methadone,A,339,339,ALA,LIG3,20.377,20.865,none,B
MOR-Methadone_rank0,human_prediction,Methadone,A,340,340,PHE,LIG3,19.804,19.804,none,B
MOR-Methadone_rank0,human_prediction,Methadone,A,341,341,LEU,LIG3,21.746,21.746,none,B
MOR-Methadone_rank0,human_prediction,Methadone,A,342,342,ASP,LIG3,24.861,25.346,none,B
MOR-Methadone_rank0,human_prediction,Methadone,A,343,343,GLU,LIG3,28.247,30.277,none,B
MOR-Methadone_rank0,human_prediction,Methadone,A,344,344,ASN,LIG3,28.86,29.285,none,B
MOR-Methadone_rank0,human_prediction,Methadone,A,345,345,PHE,LIG3,23.821,23.821,none,B
MOR-Methadone_rank0,human_prediction,Methadone,A,346,346,LYS,LIG3,27.462,27.462,none,B
MOR-Methadone_rank0,human_prediction,Methadone,A,347,347,ARG,LIG3,30.662,32.629,none,B
MOR-Methadone_rank0,human_prediction,Methadone,A,348,348,CYS,LIG3,29.431,29.431,none,B
MOR-Methadone_rank0,human_prediction,Methadone,A,349,349,PHE,LIG3,24.024,24.024,none,B
MOR-Methadone_rank0,human_prediction,Methadone,A,350,350,ARG,LIG3,31.275,32.528,none,B
MOR-Methadone_rank0,human_prediction,Methadone,A,351,351,GLU,LIG3,33.307,34.21,none,B
MOR-Methadone_rank0,human_prediction,Methadone,A,352,352,PHE,LIG3,28.565,28.565,none,B
MOR-Methadone_rank0,human_prediction,Methadone,A,353,353,CYS,LIG3,30.029,30.029,none,B
MOR-Methadone_rank0,human_prediction,Methadone,A,354,354,ILE,LIG3,34.608,36.469,none,B
MOR-Methadone_rank0,human_prediction,Methadone,A,355,355,PRO,LIG3,37.182,37.519,none,B
MOR-Methadone_rank0,human_prediction,Methadone,A,356,356,THR,LIG3,38.367,38.367,none,B
MOR-Methadone_rank0,human_prediction,Methadone,A,357,357,SER,LIG3,41.398,42.631,none,B
MOR-Methadone_rank0,human_prediction,Methadone,A,358,358,SER,LIG3,41.522,41.522,none,B
MOR-Methadone_rank0,human_prediction,Methadone,A,359,359,ASN,LIG3,39.378,39.378,none,B
MOR-Methadone_rank0,human_prediction,Methadone,A,360,360,ILE,LIG3,44.42,44.593,none,B
MOR-Methadone_rank0,human_prediction,Methadone,A,361,361,GLU,LIG3,46.495,46.638,none,B
MOR-Methadone_rank0,human_prediction,Methadone,A,362,362,GLN,LIG3,43.403,43.403,none,B
MOR-Methadone_rank0,human_prediction,Methadone,A,363,363,GLN,LIG3,45.062,45.062,none,B
MOR-Methadone_rank0,human_prediction,Methadone,A,364,364,ASN,LIG3,50.034,50.108,none,B
MOR-Methadone_rank0,human_prediction,Methadone,A,365,365,SER,LIG3,51.169,51.169,none,B
MOR-Methadone_rank0,human_prediction,Methadone,A,366,366,THR,LIG3,50.058,50.058,none,B
MOR-Methadone_rank0,human_prediction,Methadone,A,367,367,ARG,LIG3,51.002,51.002,none,B
MOR-Methadone_rank0,human_prediction,Methadone,A,368,368,ILE,LIG3,55.746,55.923,none,B
MOR-Methadone_rank0,human_prediction,Methadone,A,369,369,ARG,LIG3,53.202,53.202,none,B
MOR-Methadone_rank0,human_prediction,Methadone,A,370,370,GLN,LIG3,54.004,54.004,none,B
MOR-Methadone_rank0,human_prediction,Methadone,A,371,371,ASN,LIG3,58.857,58.857,none,B
MOR-Methadone_rank0,human_prediction,Methadone,A,372,372,THR,LIG3,60.658,60.658,none,B
MOR-Methadone_rank0,human_prediction,Methadone,A,373,373,ARG,LIG3,56.915,56.915,none,B
MOR-Methadone_rank0,human_prediction,Methadone,A,374,374,ASP,LIG3,65.048,67.206,none,B
MOR-Methadone_rank0,human_prediction,Methadone,A,375,375,HIS,LIG3,62.175,64.85,none,B
MOR-Methadone_rank0,human_prediction,Methadone,A,376,376,PRO,LIG3,60.461,61.117,none,B
MOR-Methadone_rank0,human_prediction,Methadone,A,377,377,SER,LIG3,56.401,56.886,none,B
MOR-Methadone_rank0,human_prediction,Methadone,A,378,378,THR,LIG3,55.773,58.371,none,B
MOR-Methadone_rank0,human_prediction,Methadone,A,379,379,ALA,LIG3,53.495,56.36,none,B
MOR-Methadone_rank0,human_prediction,Methadone,A,380,380,ASN,LIG3,50.851,52.616,none,B
MOR-Methadone_rank0,human_prediction,Methadone,A,381,381,THR,LIG3,51.243,53.043,none,B
MOR-Methadone_rank0,human_prediction,Methadone,A,382,382,VAL,LIG3,51.077,54.214,none,B
MOR-Methadone_rank0,human_prediction,Methadone,A,383,383,ASP,LIG3,48.058,50.453,none,B
MOR-Methadone_rank0,human_prediction,Methadone,A,384,384,ARG,LIG3,46.475,46.825,none,B
MOR-Methadone_rank0,human_prediction,Methadone,A,385,385,THR,LIG3,47.49,49.996,none,B
MOR-Methadone_rank0,human_prediction,Methadone,A,386,386,ASN,LIG3,46.564,49.557,none,B
MOR-Methadone_rank0,human_prediction,Methadone,A,387,387,HIS,LIG3,41.545,41.545,none,B
MOR-Methadone_rank0,human_prediction,Methadone,A,388,388,GLN,LIG3,41.692,41.692,none,B
MOR-Methadone_rank0,human_prediction,Methadone,A,389,389,LEU,LIG3,44.302,46.893,none,B
MOR-Methadone_rank0,human_prediction,Methadone,A,390,390,GLU,LIG3,41.934,44.444,none,B
MOR-Methadone_rank0,human_prediction,Methadone,A,391,391,ASN,LIG3,39.162,39.6,none,B
MOR-Methadone_rank0,human_prediction,Methadone,A,392,392,LEU,LIG3,40.478,40.478,none,B
MOR-Methadone_rank0,human_prediction,Methadone,A,393,393,GLU,LIG3,41.476,43.893,none,B
MOR-Methadone_rank0,human_prediction,Methadone,A,394,394,ALA,LIG3,37.719,39.316,none,B
MOR-Methadone_rank0,human_prediction,Methadone,A,395,395,GLU,LIG3,36.34,36.34,none,B
MOR-Methadone_rank0,human_prediction,Methadone,A,396,396,THR,LIG3,38.734,40.52,none,B
MOR-Methadone_rank0,human_prediction,Methadone,A,397,397,ALA,LIG3,37.022,40.206,none,B
MOR-Methadone_rank0,human_prediction,Methadone,A,398,398,PRO,LIG3,36.119,36.119,none,B
MOR-Methadone_rank0,human_prediction,Methadone,A,399,399,LEU,LIG3,31.813,31.813,none,B
MOR-Methadone_rank0,human_prediction,Methadone,A,400,400,PRO,LIG3,34.271,36.635,none,B
MOR-Butorphanol_rank0,human_prediction,Butorphanol,A,61,61,PRO,LIG3,10.51,10.51,none,B
MOR-Butorphanol_rank0,human_prediction,Butorphanol,A,62,62,THR,LIG3,15.021,16.308,none,B
MOR-Butorphanol_rank0,human_prediction,Butorphanol,A,63,63,GLY,LIG3,16.878,16.878,none,B
MOR-Butorphanol_rank0,human_prediction,Butorphanol,A,64,64,SER,LIG3,18.575,20.168,none,B
MOR-Butorphanol_rank0,human_prediction,Butorphanol,A,65,65,PRO,LIG3,16.532,16.532,none,B
MOR-Butorphanol_rank0,human_prediction,Butorphanol,A,66,66,SER,LIG3,19.196,19.96,none,B
MOR-Butorphanol_rank0,human_prediction,Butorphanol,A,67,67,MET,LIG3,21.023,23.62,none,B
MOR-Butorphanol_rank0,human_prediction,Butorphanol,A,68,68,ILE,LIG3,19.604,22.174,none,B
MOR-Butorphanol_rank0,human_prediction,Butorphanol,A,69,69,THR,LIG3,15.966,15.966,none,B
MOR-Butorphanol_rank0,human_prediction,Butorphanol,A,70,70,ALA,LIG3,17.02,18.071,none,B
MOR-Butorphanol_rank0,human_prediction,Butorphanol,A,71,71,ILE,LIG3,18.44,20.937,none,B
MOR-Butorphanol_rank0,human_prediction,Butorphanol,A,72,72,THR,LIG3,15.914,17.157,none,B
MOR-Butorphanol_rank0,human_prediction,Butorphanol,A,73,73,ILE,LIG3,11.992,11.992,none,B
MOR-Butorphanol_rank0,human_prediction,Butorphanol,A,74,74,MET,LIG3,15.297,15.317,none,B
MOR-Butorphanol_rank0,human_prediction,Butorphanol,A,75,75,ALA,LIG3,15.322,17.944,none,B
MOR-Butorphanol_rank0,human_prediction,Butorphanol,A,76,76,LEU,LIG3,12.011,12.294,none,B
MOR-Butorphanol_rank0,human_prediction,Butorphanol,A,77,77,TYR,LIG3,7.712,7.712,second_shell,B
MOR-Butorphanol_rank0,human_prediction,Butorphanol,A,78,78,SER,LIG3,13.374,15.626,none,B
MOR-Butorphanol_rank0,human_prediction,Butorphanol,A,79,79,ILE,LIG3,13.095,14.971,none,B
MOR-Butorphanol_rank0,human_prediction,Butorphanol,A,80,80,VAL,LIG3,8.285,8.285,second_shell,B
MOR-Butorphanol_rank0,human_prediction,Butorphanol,A,81,81,CYS,LIG3,10.74,11.246,none,B
MOR-Butorphanol_rank0,human_prediction,Butorphanol,A,82,82,VAL,LIG3,12.939,15.369,none,B
MOR-Butorphanol_rank0,human_prediction,Butorphanol,A,83,83,VAL,LIG3,12.548,13.583,none,B
MOR-Butorphanol_rank0,human_prediction,Butorphanol,A,84,84,GLY,LIG3,10.38,10.38,none,B
MOR-Butorphanol_rank0,human_prediction,Butorphanol,A,85,85,LEU,LIG3,11.47,11.496,none,B
MOR-Butorphanol_rank0,human_prediction,Butorphanol,A,86,86,PHE,LIG3,14.177,16.214,none,B
MOR-Butorphanol_rank0,human_prediction,Butorphanol,A,87,87,GLY,LIG3,14.29,14.29,none,B
MOR-Butorphanol_rank0,human_prediction,Butorphanol,A,88,88,ASN,LIG3,9.599,9.599,none,B
MOR-Butorphanol_rank0,human_prediction,Butorphanol,A,89,89,PHE,LIG3,14.005,14.005,none,B
MOR-Butorphanol_rank0,human_prediction,Butorphanol,A,90,90,LEU,LIG3,17.135,18.534,none,B
MOR-Butorphanol_rank0,human_prediction,Butorphanol,A,91,91,VAL,LIG3,16.388,16.388,none,B
MOR-Butorphanol_rank0,human_prediction,Butorphanol,A,92,92,MET,LIG3,14.443,14.443,none,B
MOR-Butorphanol_rank0,human_prediction,Butorphanol,A,93,93,TYR,LIG3,19.586,21.241,none,B
MOR-Butorphanol_rank0,human_prediction,Butorphanol,A,94,94,VAL,LIG3,21.532,22.089,none,B
MOR-Butorphanol_rank0,human_prediction,Butorphanol,A,95,95,ILE,LIG3,18.716,18.716,none,B
MOR-Butorphanol_rank0,human_prediction,Butorphanol,A,96,96,VAL,LIG3,21.541,21.541,none,B
MOR-Butorphanol_rank0,human_prediction,Butorphanol,A,97,97,ARG,LIG3,24.848,26.177,none,B
MOR-Butorphanol_rank0,human_prediction,Butorphanol,A,98,98,TYR,LIG3,26.621,26.621,none,B
MOR-Butorphanol_rank0,human_prediction,Butorphanol,A,99,99,THR,LIG3,28.734,30.741,none,B
MOR-Butorphanol_rank0,human_prediction,Butorphanol,A,100,100,LYS,LIG3,27.907,29.436,none,B
MOR-Butorphanol_rank0,human_prediction,Butorphanol,A,101,101,MET,LIG3,23.591,23.591,none,B
MOR-Butorphanol_rank0,human_prediction,Butorphanol,A,102,102,LYS,LIG3,25.48,25.825,none,B
MOR-Butorphanol_rank0,human_prediction,Butorphanol,A,103,103,THR,LIG3,23.304,24.584,none,B
MOR-Butorphanol_rank0,human_prediction,Butorphanol,A,104,104,ALA,LIG3,21.139,24.216,none,B
MOR-Butorphanol_rank0,human_prediction,Butorphanol,A,105,105,THR,LIG3,19.221,20.799,none,B
MOR-Butorphanol_rank0,human_prediction,Butorphanol,A,106,106,ASN,LIG3,19.088,21.616,none,B
MOR-Butorphanol_rank0,human_prediction,Butorphanol,A,107,107,ILE,LIG3,17.488,20.2,none,B
MOR-Butorphanol_rank0,human_prediction,Butorphanol,A,108,108,TYR,LIG3,14.874,17.362,none,B
MOR-Butorphanol_rank0,human_prediction,Butorphanol,A,109,109,ILE,LIG3,14.39,16.28,none,B
MOR-Butorphanol_rank0,human_prediction,Butorphanol,A,110,110,PHE,LIG3,14.359,17.536,none,B
MOR-Butorphanol_rank0,human_prediction,Butorphanol,A,111,111,ASN,LIG3,11.59,12.998,none,B
MOR-Butorphanol_rank0,human_prediction,Butorphanol,A,112,112,LEU,LIG3,9.646,9.744,none,B
MOR-Butorphanol_rank0,human_prediction,Butorphanol,A,113,113,ALA,LIG3,10.759,13.078,none,B
MOR-Butorphanol_rank0,human_prediction,Butorphanol,A,114,114,LEU,LIG3,10.024,12.795,none,B
MOR-Butorphanol_rank0,human_prediction,Butorphanol,A,115,115,ALA,LIG3,6.534,8.223,none,B
MOR-Butorphanol_rank0,human_prediction,Butorphanol,A,116,116,ASP,LIG3,6.16,6.16,second_shell,B
MOR-Butorphanol_rank0,human_prediction,Butorphanol,A,117,117,ALA,LIG3,8.641,10.847,none,B
MOR-Butorphanol_rank0,human_prediction,Butorphanol,A,118,118,LEU,LIG3,7.401,9.043,none,B
MOR-Butorphanol_rank0,human_prediction,Butorphanol,A,119,119,ALA,LIG3,3.998,3.998,first_shell,B
MOR-Butorphanol_rank0,human_prediction,Butorphanol,A,120,120,THR,LIG3,6.033,6.389,second_shell,B
MOR-Butorphanol_rank0,human_prediction,Butorphanol,A,121,121,SER,LIG3,8.451,9.922,none,B
MOR-Butorphanol_rank0,human_prediction,Butorphanol,A,122,122,THR,LIG3,6.169,6.169,second_shell,B
MOR-Butorphanol_rank0,human_prediction,Butorphanol,A,123,123,LEU,LIG3,7.182,7.182,second_shell,B
MOR-Butorphanol_rank0,human_prediction,Butorphanol,A,124,124,PRO,LIG3,11.305,11.769,none,B
MOR-Butorphanol_rank0,human_prediction,Butorphanol,A,125,125,PHE,LIG3,10.455,10.696,none,B
MOR-Butorphanol_rank0,human_prediction,Butorphanol,A,126,126,GLN,LIG3,4.027,4.027,first_shell,B
MOR-Butorphanol_rank0,human_prediction,Butorphanol,A,127,127,SER,LIG3,10.691,12.515,none,B
MOR-Butorphanol_rank0,human_prediction,Butorphanol,A,128,128,VAL,LIG3,13.267,14.894,none,B
MOR-Butorphanol_rank0,human_prediction,Butorphanol,A,129,129,ASN,LIG3,10.379,10.379,none,B
MOR-Butorphanol_rank0,human_prediction,Butorphanol,A,130,130,TYR,LIG3,11.615,11.615,none,B
MOR-Butorphanol_rank0,human_prediction,Butorphanol,A,131,131,LEU,LIG3,14.519,16.444,none,B
MOR-Butorphanol_rank0,human_prediction,Butorphanol,A,132,132,MET,LIG3,16.535,17.629,none,B
MOR-Butorphanol_rank0,human_prediction,Butorphanol,A,133,133,GLY,LIG3,15.08,15.08,none,B
MOR-Butorphanol_rank0,human_prediction,Butorphanol,A,134,134,THR,LIG3,14.805,17.402,none,B
MOR-Butorphanol_rank0,human_prediction,Butorphanol,A,135,135,TRP,LIG3,10.802,10.802,none,B
MOR-Butorphanol_rank0,human_prediction,Butorphanol,A,136,136,PRO,LIG3,16.599,16.599,none,B
MOR-Butorphanol_rank0,human_prediction,Butorphanol,A,137,137,PHE,LIG3,14.534,14.534,none,B
MOR-Butorphanol_rank0,human_prediction,Butorphanol,A,138,138,GLY,LIG3,15.737,15.737,none,B
MOR-Butorphanol_rank0,human_prediction,Butorphanol,A,139,139,THR,LIG3,15.354,16.909,none,B
MOR-Butorphanol_rank0,human_prediction,Butorphanol,A,140,140,ILE,LIG3,15.159,18.389,none,B
MOR-Butorphanol_rank0,human_prediction,Butorphanol,A,141,141,LEU,LIG3,12.223,14.974,none,B
MOR-Butorphanol_rank0,human_prediction,Butorphanol,A,142,142,CYS,LIG3,10.612,11.515,none,B
MOR-Butorphanol_rank0,human_prediction,Butorphanol,A,143,143,LYS,LIG3,11.034,13.65,none,B
MOR-Butorphanol_rank0,human_prediction,Butorphanol,A,144,144,ILE,LIG3,10.506,13.552,none,B
MOR-Butorphanol_rank0,human_prediction,Butorphanol,A,145,145,VAL,LIG3,7.34,8.011,none,B
MOR-Butorphanol_rank0,human_prediction,Butorphanol,A,146,146,ILE,LIG3,6.035,6.661,second_shell,B
MOR-Butorphanol_rank0,human_prediction,Butorphanol,A,147,147,SER,LIG3,8.12,10.152,none,B
MOR-Butorphanol_rank0,human_prediction,Butorphanol,A,148,148,ILE,LIG3,6.394,8.408,none,B
MOR-Butorphanol_rank0,human_prediction,Butorphanol,A,149,149,ASP,LIG3,2.395,2.395,first_shell,B
MOR-Butorphanol_rank0,human_prediction,Butorphanol,A,150,150,TYR,LIG3,3.335,3.335,first_shell,B
MOR-Butorphanol_rank0,human_prediction,Butorphanol,A,151,151,TYR,LIG3,6.656,9.025,none,B
MOR-Butorphanol_rank0,human_prediction,Butorphanol,A,152,152,ASN,LIG3,4.931,5.847,second_shell,B
MOR-Butorphanol_rank0,human_prediction,Butorphanol,A,153,153,MET,LIG3,3.287,3.287,first_shell,B
MOR-Butorphanol_rank0,human_prediction,Butorphanol,A,154,154,PHE,LIG3,6.229,6.645,second_shell,B
MOR-Butorphanol_rank0,human_prediction,Butorphanol,A,155,155,THR,LIG3,7.992,9.003,none,B
MOR-Butorphanol_rank0,human_prediction,Butorphanol,A,156,156,SER,LIG3,6.243,6.243,none,B
MOR-Butorphanol_rank0,human_prediction,Butorphanol,A,157,157,ILE,LIG3,6.717,6.717,second_shell,B
MOR-Butorphanol_rank0,human_prediction,Butorphanol,A,158,158,PHE,LIG3,10.242,11.917,none,B
MOR-Butorphanol_rank0,human_prediction,Butorphanol,A,159,159,THR,LIG3,11.645,11.76,none,B
MOR-Butorphanol_rank0,human_prediction,Butorphanol,A,160,160,LEU,LIG3,9.663,9.663,none,B
MOR-Butorphanol_rank0,human_prediction,Butorphanol,A,161,161,CYS,LIG3,13.658,13.852,none,B
MOR-Butorphanol_rank0,human_prediction,Butorphanol,A,162,162,THR,LIG3,15.704,16.11,none,B
MOR-Butorphanol_rank0,human_prediction,Butorphanol,A,163,163,MET,LIG3,15.069,15.069,none,B
MOR-Butorphanol_rank0,human_prediction,Butorphanol,A,164,164,SER,LIG3,16.869,16.869,none,B
MOR-Butorphanol_rank0,human_prediction,Butorphanol,A,165,165,VAL,LIG3,19.716,20.127,none,B
MOR-Butorphanol_rank0,human_prediction,Butorphanol,A,166,166,ASP,LIG3,21.221,21.399,none,B
MOR-Butorphanol_rank0,human_prediction,Butorphanol,A,167,167,ARG,LIG3,18.752,18.752,none,B
MOR-Butorphanol_rank0,human_prediction,Butorphanol,A,168,168,TYR,LIG3,23.683,24.207,none,B
MOR-Butorphanol_rank0,human_prediction,Butorphanol,A,169,169,ILE,LIG3,25.396,25.396,none,B
MOR-Butorphanol_rank0,human_prediction,Butorphanol,A,170,170,ALA,LIG3,26.633,26.633,none,B
MOR-Butorphanol_rank0,human_prediction,Butorphanol,A,171,171,VAL,LIG3,27.407,27.407,none,B
MOR-Butorphanol_rank0,human_prediction,Butorphanol,A,172,172,CYS,LIG3,29.084,29.084,none,B
MOR-Butorphanol_rank0,human_prediction,Butorphanol,A,173,173,HIS,LIG3,30.286,30.286,none,B
MOR-Butorphanol_rank0,human_prediction,Butorphanol,A,174,174,PRO,LIG3,32.594,33.323,none,B
MOR-Butorphanol_rank0,human_prediction,Butorphanol,A,175,175,VAL,LIG3,34.415,36.492,none,B
MOR-Butorphanol_rank0,human_prediction,Butorphanol,A,176,176,LYS,LIG3,31.263,32.441,none,B
MOR-Butorphanol_rank0,human_prediction,Butorphanol,A,177,177,ALA,LIG3,29.739,29.739,none,B
MOR-Butorphanol_rank0,human_prediction,Butorphanol,A,178,178,LEU,LIG3,32.028,33.966,none,B
MOR-Butorphanol_rank0,human_prediction,Butorphanol,A,179,179,ASP,LIG3,30.903,33.371,none,B
MOR-Butorphanol_rank0,human_prediction,Butorphanol,A,180,180,PHE,LIG3,24.558,24.558,none,B
MOR-Butorphanol_rank0,human_prediction,Butorphanol,A,181,181,ARG,LIG3,24.587,24.587,none,B
MOR-Butorphanol_rank0,human_prediction,Butorphanol,A,182,182,THR,LIG3,25.416,28.174,none,B
MOR-Butorphanol_rank0,human_prediction,Butorphanol,A,183,183,PRO,LIG3,24.304,26.141,none,B
MOR-Butorphanol_rank0,human_prediction,Butorphanol,A,184,184,ARG,LIG3,24.887,27.929,none,B
MOR-Butorphanol_rank0,human_prediction,Butorphanol,A,185,185,ASN,LIG3,22.87,25.843,none,B
MOR-Butorphanol_rank0,human_prediction,Butorphanol,A,186,186,ALA,LIG3,20.057,21.956,none,B
MOR-Butorphanol_rank0,human_prediction,Butorphanol,A,187,187,LYS,LIG3,20.528,22.533,none,B
MOR-Butorphanol_rank0,human_prediction,Butorphanol,A,188,188,ILE,LIG3,20.738,23.779,none,B
MOR-Butorphanol_rank0,human_prediction,Butorphanol,A,189,189,ILE,LIG3,17.7,18.997,none,B
MOR-Butorphanol_rank0,human_prediction,Butorphanol,A,190,190,ASN,LIG3,16.007,16.262,none,B
MOR-Butorphanol_rank0,human_prediction,Butorphanol,A,191,191,VAL,LIG3,17.68,19.884,none,B
MOR-Butorphanol_rank0,human_prediction,Butorphanol,A,192,192,CYS,LIG3,16.809,19.386,none,B
MOR-Butorphanol_rank0,human_prediction,Butorphanol,A,193,193,ASN,LIG3,13.331,14.252,none,B
MOR-Butorphanol_rank0,human_prediction,Butorphanol,A,194,194,TRP,LIG3,11.161,11.161,none,B
MOR-Butorphanol_rank0,human_prediction,Butorphanol,A,195,195,ILE,LIG3,15.971,18.214,none,B
MOR-Butorphanol_rank0,human_prediction,Butorphanol,A,196,196,LEU,LIG3,13.445,15.63,none,B
MOR-Butorphanol_rank0,human_prediction,Butorphanol,A,197,197,SER,LIG3,10.745,10.745,none,B
MOR-Butorphanol_rank0,human_prediction,Butorphanol,A,198,198,SER,LIG3,13.205,14.946,none,B
MOR-Butorphanol_rank0,human_prediction,Butorphanol,A,199,199,ALA,LIG3,12.975,14.844,none,B
MOR-Butorphanol_rank0,human_prediction,Butorphanol,A,200,200,ILE,LIG3,8.308,8.308,second_shell,B
MOR-Butorphanol_rank0,human_prediction,Butorphanol,A,201,201,GLY,LIG3,9.901,9.901,none,B
MOR-Butorphanol_rank0,human_prediction,Butorphanol,A,202,202,LEU,LIG3,12.116,14.537,none,B
MOR-Butorphanol_rank0,human_prediction,Butorphanol,A,203,203,PRO,LIG3,11.957,13.088,none,B
MOR-Butorphanol_rank0,human_prediction,Butorphanol,A,204,204,VAL,LIG3,7.498,7.498,second_shell,B
MOR-Butorphanol_rank0,human_prediction,Butorphanol,A,205,205,MET,LIG3,11.037,12.514,none,B
MOR-Butorphanol_rank0,human_prediction,Butorphanol,A,206,206,PHE,LIG3,13.646,15.698,none,B
MOR-Butorphanol_rank0,human_prediction,Butorphanol,A,207,207,MET,LIG3,12.497,12.505,none,B
MOR-Butorphanol_rank0,human_prediction,Butorphanol,A,208,208,ALA,LIG3,10.677,10.677,none,B
MOR-Butorphanol_rank0,human_prediction,Butorphanol,A,209,209,THR,LIG3,12.904,14.773,none,B
MOR-Butorphanol_rank0,human_prediction,Butorphanol,A,210,210,THR,LIG3,15.134,15.355,none,B
MOR-Butorphanol_rank0,human_prediction,Butorphanol,A,211,211,LYS,LIG3,13.282,13.282,none,B
MOR-Butorphanol_rank0,human_prediction,Butorphanol,A,212,212,TYR,LIG3,18.405,20.584,none,B
MOR-Butorphanol_rank0,human_prediction,Butorphanol,A,213,213,ARG,LIG3,13.995,13.995,none,B
MOR-Butorphanol_rank0,human_prediction,Butorphanol,A,214,214,GLN,LIG3,20.234,20.234,none,B
MOR-Butorphanol_rank0,human_prediction,Butorphanol,A,215,215,GLY,LIG3,21.31,21.31,none,B
MOR-Butorphanol_rank0,human_prediction,Butorphanol,A,216,216,SER,LIG3,17.419,17.419,none,B
MOR-Butorphanol_rank0,human_prediction,Butorphanol,A,217,217,ILE,LIG3,14.956,16.893,none,B
MOR-Butorphanol_rank0,human_prediction,Butorphanol,A,218,218,ASP,LIG3,12.679,13.018,none,B
MOR-Butorphanol_rank0,human_prediction,Butorphanol,A,219,219,CYS,LIG3,8.803,10.58,none,B
MOR-Butorphanol_rank0,human_prediction,Butorphanol,A,220,220,THR,LIG3,9.279,9.319,none,B
MOR-Butorphanol_rank0,human_prediction,Butorphanol,A,221,221,LEU,LIG3,6.841,6.841,second_shell,B
MOR-Butorphanol_rank0,human_prediction,Butorphanol,A,222,222,THR,LIG3,11.893,13.969,none,B
MOR-Butorphanol_rank0,human_prediction,Butorphanol,A,223,223,PHE,LIG3,9.284,9.284,none,B
MOR-Butorphanol_rank0,human_prediction,Butorphanol,A,224,224,SER,LIG3,16.253,18.217,none,B
MOR-Butorphanol_rank0,human_prediction,Butorphanol,A,225,225,HIS,LIG3,19.143,21.143,none,B
MOR-Butorphanol_rank0,human_prediction,Butorphanol,A,226,226,PRO,LIG3,16.187,18.639,none,B
MOR-Butorphanol_rank0,human_prediction,Butorphanol,A,227,227,THR,LIG3,13.408,14.708,none,B
MOR-Butorphanol_rank0,human_prediction,Butorphanol,A,228,228,TRP,LIG3,12.987,15.44,none,B
MOR-Butorphanol_rank0,human_prediction,Butorphanol,A,229,229,TYR,LIG3,12.856,16.058,none,B
MOR-Butorphanol_rank0,human_prediction,Butorphanol,A,230,230,TRP,LIG3,10.399,13.34,none,B
MOR-Butorphanol_rank0,human_prediction,Butorphanol,A,231,231,GLU,LIG3,7.981,9.199,none,B
MOR-Butorphanol_rank0,human_prediction,Butorphanol,A,232,232,ASN,LIG3,9.124,10.781,none,B
MOR-Butorphanol_rank0,human_prediction,Butorphanol,A,233,233,LEU,LIG3,9.203,11.783,none,B
MOR-Butorphanol_rank0,human_prediction,Butorphanol,A,234,234,LEU,LIG3,5.9,6.701,second_shell,B
MOR-Butorphanol_rank0,human_prediction,Butorphanol,A,235,235,LYS,LIG3,5.114,5.114,second_shell,B
MOR-Butorphanol_rank0,human_prediction,Butorphanol,A,236,236,ILE,LIG3,7.268,9.602,none,B
MOR-Butorphanol_rank0,human_prediction,Butorphanol,A,237,237,CYS,LIG3,7.682,9.153,none,B
MOR-Butorphanol_rank0,human_prediction,Butorphanol,A,238,238,VAL,LIG3,3.641,3.641,first_shell,B
MOR-Butorphanol_rank0,human_prediction,Butorphanol,A,239,239,PHE,LIG3,5.914,6.777,second_shell,B
MOR-Butorphanol_rank0,human_prediction,Butorphanol,A,240,240,ILE,LIG3,8.682,10.911,none,B
MOR-Butorphanol_rank0,human_prediction,Butorphanol,A,241,241,PHE,LIG3,10.011,10.958,none,B
MOR-Butorphanol_rank0,human_prediction,Butorphanol,A,242,242,ALA,LIG3,6.997,6.997,second_shell,B
MOR-Butorphanol_rank0,human_prediction,Butorphanol,A,243,243,PHE,LIG3,7.927,7.927,second_shell,B
MOR-Butorphanol_rank0,human_prediction,Butorphanol,A,244,244,ILE,LIG3,10.582,11.457,none,B
MOR-Butorphanol_rank0,human_prediction,Butorphanol,A,245,245,MET,LIG3,12.938,14.223,none,B
MOR-Butorphanol_rank0,human_prediction,Butorphanol,A,246,246,PRO,LIG3,11.715,11.715,none,B
MOR-Butorphanol_rank0,human_prediction,Butorphanol,A,247,247,VAL,LIG3,12.637,12.637,none,B
MOR-Butorphanol_rank0,human_prediction,Butorphanol,A,248,248,LEU,LIG3,16.035,17.064,none,B
MOR-Butorphanol_rank0,human_prediction,Butorphanol,A,249,249,ILE,LIG3,17.526,17.526,none,B
MOR-Butorphanol_rank0,human_prediction,Butorphanol,A,250,250,ILE,LIG3,13.838,13.838,none,B
MOR-Butorphanol_rank0,human_prediction,Butorphanol,A,251,251,THR,LIG3,18.573,18.573,none,B
MOR-Butorphanol_rank0,human_prediction,Butorphanol,A,252,252,VAL,LIG3,21.539,22.348,none,B
MOR-Butorphanol_rank0,human_prediction,Butorphanol,A,253,253,CYS,LIG3,21.435,21.435,none,B
MOR-Butorphanol_rank0,human_prediction,Butorphanol,A,254,254,TYR,LIG3,17.602,17.602,none,B
MOR-Butorphanol_rank0,human_prediction,Butorphanol,A,255,255,GLY,LIG3,23.888,23.888,none,B
MOR-Butorphanol_rank0,human_prediction,Butorphanol,A,256,256,LEU,LIG3,26.269,27.333,none,B
MOR-Butorphanol_rank0,human_prediction,Butorphanol,A,257,257,MET,LIG3,23.693,23.693,none,B
MOR-Butorphanol_rank0,human_prediction,Butorphanol,A,258,258,ILE,LIG3,26.052,26.052,none,B
MOR-Butorphanol_rank0,human_prediction,Butorphanol,A,259,259,LEU,LIG3,29.569,30.556,none,B
MOR-Butorphanol_rank0,human_prediction,Butorphanol,A,260,260,ARG,LIG3,31.109,31.214,none,B
MOR-Butorphanol_rank0,human_prediction,Butorphanol,A,261,261,LEU,LIG3,28.546,28.546,none,B
MOR-Butorphanol_rank0,human_prediction,Butorphanol,A,262,262,LYS,LIG3,32.358,32.358,none,B
MOR-Butorphanol_rank0,human_prediction,Butorphanol,A,263,263,SER,LIG3,35.626,36.166,none,B
MOR-Butorphanol_rank0,human_prediction,Butorphanol,A,264,264,VAL,LIG3,34.601,34.601,none,B
MOR-Butorphanol_rank0,human_prediction,Butorphanol,A,265,265,ARG,LIG3,38.172,40.368,none,B
MOR-Butorphanol_rank0,human_prediction,Butorphanol,A,266,266,MET,LIG3,32.148,32.148,none,B
MOR-Butorphanol_rank0,human_prediction,Butorphanol,A,267,267,LEU,LIG3,37.181,37.181,none,B
MOR-Butorphanol_rank0,human_prediction,Butorphanol,A,268,268,SER,LIG3,41.609,44.028,none,B
MOR-Butorphanol_rank0,human_prediction,Butorphanol,A,269,269,GLY,LIG3,40.467,40.467,none,B
MOR-Butorphanol_rank0,human_prediction,Butorphanol,A,270,270,SER,LIG3,39.38,42.308,none,B
MOR-Butorphanol_rank0,human_prediction,Butorphanol,A,271,271,LYS,LIG3,37.881,40.543,none,B
MOR-Butorphanol_rank0,human_prediction,Butorphanol,A,272,272,GLU,LIG3,35.9,37.936,none,B
MOR-Butorphanol_rank0,human_prediction,Butorphanol,A,273,273,LYS,LIG3,34.65,36.978,none,B
MOR-Butorphanol_rank0,human_prediction,Butorphanol,A,274,274,ASP,LIG3,33.569,36.674,none,B
MOR-Butorphanol_rank0,human_prediction,Butorphanol,A,275,275,ARG,LIG3,31.724,34.826,none,B
MOR-Butorphanol_rank0,human_prediction,Butorphanol,A,276,276,ASN,LIG3,29.951,32.731,none,B
MOR-Butorphanol_rank0,human_prediction,Butorphanol,A,277,277,LEU,LIG3,29.106,31.859,none,B
MOR-Butorphanol_rank0,human_prediction,Butorphanol,A,278,278,ARG,LIG3,27.783,30.987,none,B
MOR-Butorphanol_rank0,human_prediction,Butorphanol,A,279,279,ARG,LIG3,25.594,27.67,none,B
MOR-Butorphanol_rank0,human_prediction,Butorphanol,A,280,280,ILE,LIG3,24.217,26.039,none,B
MOR-Butorphanol_rank0,human_prediction,Butorphanol,A,281,281,THR,LIG3,23.797,26.671,none,B
MOR-Butorphanol_rank0,human_prediction,Butorphanol,A,282,282,ARG,LIG3,21.961,24.571,none,B
MOR-Butorphanol_rank0,human_prediction,Butorphanol,A,283,283,MET,LIG3,19.57,22.164,none,B
MOR-Butorphanol_rank0,human_prediction,Butorphanol,A,284,284,VAL,LIG3,19.041,21.292,none,B
MOR-Butorphanol_rank0,human_prediction,Butorphanol,A,285,285,LEU,LIG3,18.828,21.965,none,B
MOR-Butorphanol_rank0,human_prediction,Butorphanol,A,286,286,VAL,LIG3,16.181,18.075,none,B
MOR-Butorphanol_rank0,human_prediction,Butorphanol,A,287,287,VAL,LIG3,14.171,15.303,none,B
MOR-Butorphanol_rank0,human_prediction,Butorphanol,A,288,288,VAL,LIG3,14.916,17.393,none,B
MOR-Butorphanol_rank0,human_prediction,Butorphanol,A,289,289,ALA,LIG3,14.47,17.437,none,B
MOR-Butorphanol_rank0,human_prediction,Butorphanol,A,290,290,VAL,LIG3,11.182,11.935,none,B
MOR-Butorphanol_rank0,human_prediction,Butorphanol,A,291,291,PHE,LIG3,9.345,9.345,second_shell,B
MOR-Butorphanol_rank0,human_prediction,Butorphanol,A,292,292,ILE,LIG3,11.251,13.819,none,B
MOR-Butorphanol_rank0,human_prediction,Butorphanol,A,293,293,VAL,LIG3,11.158,13.752,none,B
MOR-Butorphanol_rank0,human_prediction,Butorphanol,A,294,294,CYS,LIG3,7.357,8.663,second_shell,B
MOR-Butorphanol_rank0,human_prediction,Butorphanol,A,295,295,TRP,LIG3,3.387,3.387,first_shell,B
MOR-Butorphanol_rank0,human_prediction,Butorphanol,A,296,296,THR,LIG3,8.06,10.365,none,B
MOR-Butorphanol_rank0,human_prediction,Butorphanol,A,297,297,PRO,LIG3,7.384,9.425,none,B
MOR-Butorphanol_rank0,human_prediction,Butorphanol,A,298,298,ILE,LIG3,3.465,3.465,first_shell,B
MOR-Butorphanol_rank0,human_prediction,Butorphanol,A,299,299,HIS,LIG3,3.679,3.679,first_shell,B
MOR-Butorphanol_rank0,human_prediction,Butorphanol,A,300,300,ILE,LIG3,6.808,9.238,none,B
MOR-Butorphanol_rank0,human_prediction,Butorphanol,A,301,301,TYR,LIG3,7.337,7.866,second_shell,B
MOR-Butorphanol_rank0,human_prediction,Butorphanol,A,302,302,VAL,LIG3,3.417,3.417,first_shell,B
MOR-Butorphanol_rank0,human_prediction,Butorphanol,A,303,303,ILE,LIG3,6.527,6.602,none,B
MOR-Butorphanol_rank0,human_prediction,Butorphanol,A,304,304,ILE,LIG3,9.266,11.25,none,B
MOR-Butorphanol_rank0,human_prediction,Butorphanol,A,305,305,LYS,LIG3,7.377,7.377,second_shell,B
MOR-Butorphanol_rank0,human_prediction,Butorphanol,A,306,306,ALA,LIG3,8.498,8.498,none,B
MOR-Butorphanol_rank0,human_prediction,Butorphanol,A,307,307,LEU,LIG3,11.452,12.125,none,B
MOR-Butorphanol_rank0,human_prediction,Butorphanol,A,308,308,VAL,LIG3,13.723,15.185,none,B
MOR-Butorphanol_rank0,human_prediction,Butorphanol,A,309,309,THR,LIG3,15.932,17.2,none,B
MOR-Butorphanol_rank0,human_prediction,Butorphanol,A,310,310,ILE,LIG3,13.244,13.244,none,B
MOR-Butorphanol_rank0,human_prediction,Butorphanol,A,311,311,PRO,LIG3,15.95,18.03,none,B
MOR-Butorphanol_rank0,human_prediction,Butorphanol,A,312,312,GLU,LIG3,12.9,12.9,none,B
MOR-Butorphanol_rank0,human_prediction,Butorphanol,A,313,313,THR,LIG3,15.355,17.341,none,B
MOR-Butorphanol_rank0,human_prediction,Butorphanol,A,314,314,THR,LIG3,15.493,18.169,none,B
MOR-Butorphanol_rank0,human_prediction,Butorphanol,A,315,315,PHE,LIG3,14.288,16.914,none,B
MOR-Butorphanol_rank0,human_prediction,Butorphanol,A,316,316,GLN,LIG3,10.269,10.269,second_shell,B
MOR-Butorphanol_rank0,human_prediction,Butorphanol,A,317,317,THR,LIG3,10.77,12.388,none,B
MOR-Butorphanol_rank0,human_prediction,Butorphanol,A,318,318,VAL,LIG3,11.716,14.581,none,B
MOR-Butorphanol_rank0,human_prediction,Butorphanol,A,319,319,SER,LIG3,9.613,12.432,none,B
MOR-Butorphanol_rank0,human_prediction,Butorphanol,A,320,320,TRP,LIG3,3.59,3.59,first_shell,B
MOR-Butorphanol_rank0,human_prediction,Butorphanol,A,321,321,HIS,LIG3,8.19,8.19,second_shell,B
MOR-Butorphanol_rank0,human_prediction,Butorphanol,A,322,322,PHE,LIG3,9.226,11.385,none,B
MOR-Butorphanol_rank0,human_prediction,Butorphanol,A,323,323,CYS,LIG3,6.285,7.727,second_shell,B
MOR-Butorphanol_rank0,human_prediction,Butorphanol,A,324,324,ILE,LIG3,3.767,3.767,first_shell,B
MOR-Butorphanol_rank0,human_prediction,Butorphanol,A,325,325,ALA,LIG3,7.064,8.827,none,B
MOR-Butorphanol_rank0,human_prediction,Butorphanol,A,326,326,LEU,LIG3,6.509,8.641,second_shell,B
MOR-Butorphanol_rank0,human_prediction,Butorphanol,A,327,327,GLY,LIG3,3.622,3.622,first_shell,B
MOR-Butorphanol_rank0,human_prediction,Butorphanol,A,328,328,TYR,LIG3,3.543,3.543,first_shell,B
MOR-Butorphanol_rank0,human_prediction,Butorphanol,A,329,329,THR,LIG3,6.456,8.764,none,B
MOR-Butorphanol_rank0,human_prediction,Butorphanol,A,330,330,ASN,LIG3,6.708,6.708,second_shell,B
MOR-Butorphanol_rank0,human_prediction,Butorphanol,A,331,331,SER,LIG3,3.958,3.958,first_shell,B
MOR-Butorphanol_rank0,human_prediction,Butorphanol,A,332,332,CYS,LIG3,7.832,9.079,none,B
MOR-Butorphanol_rank0,human_prediction,Butorphanol,A,333,333,LEU,LIG3,10.066,11.37,none,B
MOR-Butorphanol_rank0,human_prediction,Butorphanol,A,334,334,ASN,LIG3,8.048,8.048,none,B
MOR-Butorphanol_rank0,human_prediction,Butorphanol,A,335,335,PRO,LIG3,11.564,11.564,none,B
MOR-Butorphanol_rank0,human_prediction,Butorphanol,A,336,336,VAL,LIG3,14.618,15.402,none,B
MOR-Butorphanol_rank0,human_prediction,Butorphanol,A,337,337,LEU,LIG3,13.446,13.446,none,B
MOR-Butorphanol_rank0,human_prediction,Butorphanol,A,338,338,TYR,LIG3,13.296,13.296,none,B
MOR-Butorphanol_rank0,human_prediction,Butorphanol,A,339,339,ALA,LIG3,17.271,17.577,none,B
MOR-Butorphanol_rank0,human_prediction,Butorphanol,A,340,340,PHE,LIG3,17.093,17.093,none,B
MOR-Butorphanol_rank0,human_prediction,Butorphanol,A,341,341,LEU,LIG3,19.828,19.828,none,B
MOR-Butorphanol_rank0,human_prediction,Butorphanol,A,342,342,ASP,LIG3,22.287,22.287,none,B
MOR-Butorphanol_rank0,human_prediction,Butorphanol,A,343,343,GLU,LIG3,25.406,27.856,none,B
MOR-Butorphanol_rank0,human_prediction,Butorphanol,A,344,344,ASN,LIG3,25.508,25.811,none,B
MOR-Butorphanol_rank0,human_prediction,Butorphanol,A,345,345,PHE,LIG3,20.076,20.076,none,B
MOR-Butorphanol_rank0,human_prediction,Butorphanol,A,346,346,LYS,LIG3,24.957,25.184,none,B
MOR-Butorphanol_rank0,human_prediction,Butorphanol,A,347,347,ARG,LIG3,27.6,29.504,none,B
MOR-Butorphanol_rank0,human_prediction,Butorphanol,A,348,348,CYS,LIG3,25.903,25.903,none,B
MOR-Butorphanol_rank0,human_prediction,Butorphanol,A,349,349,PHE,LIG3,20.902,20.902,none,B
MOR-Butorphanol_rank0,human_prediction,Butorphanol,A,350,350,ARG,LIG3,28.219,29.614,none,B
MOR-Butorphanol_rank0,human_prediction,Butorphanol,A,351,351,GLU,LIG3,30.146,30.837,none,B
MOR-Butorphanol_rank0,human_prediction,Butorphanol,A,352,352,PHE,LIG3,25.899,25.899,none,B
MOR-Butorphanol_rank0,human_prediction,Butorphanol,A,353,353,CYS,LIG3,27.68,27.68,none,B
MOR-Butorphanol_rank0,human_prediction,Butorphanol,A,354,354,ILE,LIG3,32.082,33.713,none,B
MOR-Butorphanol_rank0,human_prediction,Butorphanol,A,355,355,PRO,LIG3,35.237,36.261,none,B
MOR-Butorphanol_rank0,human_prediction,Butorphanol,A,356,356,THR,LIG3,34.902,34.902,none,B
MOR-Butorphanol_rank0,human_prediction,Butorphanol,A,357,357,SER,LIG3,37.939,40.337,none,B
MOR-Butorphanol_rank0,human_prediction,Butorphanol,A,358,358,SER,LIG3,36.896,37.893,none,B
MOR-Butorphanol_rank0,human_prediction,Butorphanol,A,359,359,ASN,LIG3,31.405,31.405,none,B
MOR-Butorphanol_rank0,human_prediction,Butorphanol,A,360,360,ILE,LIG3,36.146,36.714,none,B
MOR-Butorphanol_rank0,human_prediction,Butorphanol,A,361,361,GLU,LIG3,38.286,40.111,none,B
MOR-Butorphanol_rank0,human_prediction,Butorphanol,A,362,362,GLN,LIG3,34.418,34.418,none,B
MOR-Butorphanol_rank0,human_prediction,Butorphanol,A,363,363,GLN,LIG3,31.285,31.285,none,B
MOR-Butorphanol_rank0,human_prediction,Butorphanol,A,364,364,ASN,LIG3,37.001,38.443,none,B
MOR-Butorphanol_rank0,human_prediction,Butorphanol,A,365,365,SER,LIG3,38.056,39.299,none,B
MOR-Butorphanol_rank0,human_prediction,Butorphanol,A,366,366,THR,LIG3,33.396,33.396,none,B
MOR-Butorphanol_rank0,human_prediction,Butorphanol,A,367,367,ARG,LIG3,32.738,32.738,none,B
MOR-Butorphanol_rank0,human_prediction,Butorphanol,A,368,368,ILE,LIG3,38.537,40.918,none,B
MOR-Butorphanol_rank0,human_prediction,Butorphanol,A,369,369,ARG,LIG3,38.077,38.353,none,B
MOR-Butorphanol_rank0,human_prediction,Butorphanol,A,370,370,GLN,LIG3,31.677,31.677,none,B
MOR-Butorphanol_rank0,human_prediction,Butorphanol,A,371,371,ASN,LIG3,37.763,37.763,none,B
MOR-Butorphanol_rank0,human_prediction,Butorphanol,A,372,372,THR,LIG3,40.315,41.807,none,B
MOR-Butorphanol_rank0,human_prediction,Butorphanol,A,373,373,ARG,LIG3,34.751,34.751,none,B
MOR-Butorphanol_rank0,human_prediction,Butorphanol,A,374,374,ASP,LIG3,36.073,36.073,none,B
MOR-Butorphanol_rank0,human_prediction,Butorphanol,A,375,375,HIS,LIG3,40.897,40.897,none,B
MOR-Butorphanol_rank0,human_prediction,Butorphanol,A,376,376,PRO,LIG3,43.073,43.073,none,B
MOR-Butorphanol_rank0,human_prediction,Butorphanol,A,377,377,SER,LIG3,46.501,48.253,none,B
MOR-Butorphanol_rank0,human_prediction,Butorphanol,A,378,378,THR,LIG3,47.761,47.761,none,B
MOR-Butorphanol_rank0,human_prediction,Butorphanol,A,379,379,ALA,LIG3,51.503,53.658,none,B
MOR-Butorphanol_rank0,human_prediction,Butorphanol,A,380,380,ASN,LIG3,54.314,55.54,none,B
MOR-Butorphanol_rank0,human_prediction,Butorphanol,A,381,381,THR,LIG3,51.922,51.922,none,B
MOR-Butorphanol_rank0,human_prediction,Butorphanol,A,382,382,VAL,LIG3,55.176,56.561,none,B
MOR-Butorphanol_rank0,human_prediction,Butorphanol,A,383,383,ASP,LIG3,53.865,53.865,none,B
MOR-Butorphanol_rank0,human_prediction,Butorphanol,A,384,384,ARG,LIG3,57.618,59.871,none,B
MOR-Butorphanol_rank0,human_prediction,Butorphanol,A,385,385,THR,LIG3,59.761,59.761,none,B
MOR-Butorphanol_rank0,human_prediction,Butorphanol,A,386,386,ASN,LIG3,63.031,64.471,none,B
MOR-Butorphanol_rank0,human_prediction,Butorphanol,A,387,387,HIS,LIG3,65.19,65.19,none,B
MOR-Butorphanol_rank0,human_prediction,Butorphanol,A,388,388,GLN,LIG3,68.84,68.84,none,B
MOR-Butorphanol_rank0,human_prediction,Butorphanol,A,389,389,LEU,LIG3,72.36,74.328,none,B
MOR-Butorphanol_rank0,human_prediction,Butorphanol,A,390,390,GLU,LIG3,71.492,73.473,none,B
MOR-Butorphanol_rank0,human_prediction,Butorphanol,A,391,391,ASN,LIG3,72.741,72.93,none,B
MOR-Butorphanol_rank0,human_prediction,Butorphanol,A,392,392,LEU,LIG3,73.783,75.998,none,B
MOR-Butorphanol_rank0,human_prediction,Butorphanol,A,393,393,GLU,LIG3,69.937,71.861,none,B
MOR-Butorphanol_rank0,human_prediction,Butorphanol,A,394,394,ALA,LIG3,67.378,67.971,none,B
MOR-Butorphanol_rank0,human_prediction,Butorphanol,A,395,395,GLU,LIG3,62.365,62.365,none,B
MOR-Butorphanol_rank0,human_prediction,Butorphanol,A,396,396,THR,LIG3,61.364,63.354,none,B
MOR-Butorphanol_rank0,human_prediction,Butorphanol,A,397,397,ALA,LIG3,60.402,61.222,none,B
MOR-Butorphanol_rank0,human_prediction,Butorphanol,A,398,398,PRO,LIG3,56.84,56.84,none,B
MOR-Butorphanol_rank0,human_prediction,Butorphanol,A,399,399,LEU,LIG3,57.842,60.536,none,B
MOR-Butorphanol_rank0,human_prediction,Butorphanol,A,400,400,PRO,LIG3,58.409,59.915,none,B
