position,Buprenorphine_effect,Butorphanol_effect,C6guano_effect,Carfentanil_effect,DAMGO_effect,Fentanyl_effect,MP_effect,Methadone_effect,Morphine_effect,Nalbuphine_effect,Naloxone_effect,Naltrexone_effect,PZM21_effect,SR17018_effect,TRV130_effect,PC1,PC2,PC3,PC4,PC5,SSE
65.0,0.0906088604872925,0.050419646222992644,0.05194081306039725,0.03872387962787194,0.05685154984426912,0.09447028141978146,0.089570686358649,0.04218545996758133,0.04172967122816036,0.03200118108110548,-0.017195074654002485,0.057822787048213586,0.04971505642186585,0.07891082717634579,0.06650319089152115,-5.852390367699778,-0.14565780654240026,-0.5549880673248051,-0.1785386638044569,-0.19722495398070092,N-tail
66.0,-0.01688762626244055,0.05729847737810278,0.025866321692405957,-0.006778681775432259,0.03286023527816199,0.09824262921719573,-0.012465853955442311,0.003986436562873038,0.005189332987228773,0.02298196316760034,-0.06318061392819074,0.05001288244270072,0.048376560958895545,0.05359996499953992,0.02386259244524225,-4.248388525009929,-0.9598644033306585,-0.401166521010201,-0.46005481659411734,-0.03520362657088605,N-tail
67.0,0.05471384506546307,0.03340083476797493,0.05933072686560726,0.06975157814800619,0.047294350109653535,0.08806055140182649,0.05685542000418618,0.04920847933843889,0.10757302244339605,0.014992927126793842,0.017208572206576466,0.04981242576465725,0.029809443099134685,0.08749470207315851,0.04118172331786379,-5.7251501283802435,-0.34222338259599855,0.2999154947386419,0.049758724745483325,0.15555705234950185,TM1
68.0,-0.005768450288066842,0.03549398252724997,0.014369464746527602,0.05156069916770863,0.07709870307827085,0.09005938925950893,0.0029151433036681933,0.10000718894502747,0.04189334845130245,0.02661151882789707,-0.015859213701539022,0.04265855567468625,0.02287755671515048,0.056171684814040466,0.05854158463872071,-5.069177461327106,-0.8853952636159538,0.13926402575457497,-0.47770586925370956,0.3420633972466006,TM1
69.0,-0.01120099520778347,0.028407045761985716,-0.002458716411489785,0.02065143172320803,0.010711160563065073,0.07357035095795555,-0.0038030690853719158,-0.03555712543846259,-0.003094891025347958,-0.024946063884149373,0.004331112322342827,-0.03627045264872928,-0.01070726178263048,0.02625420199206932,-0.009806978740425815,-3.2963424883662418,-0.9679856543915141,-0.09121239454102054,0.23764810182603066,0.46442387591569095,TM1
70.0,0.023609553658158346,0.046094744492179936,0.005453449328417311,0.024384470456584383,0.036656529342686456,0.07820904111717429,0.04217090931185621,0.01206495751029959,0.020971605428285644,0.03160721179659518,0.06489420803717565,0.10730526209207947,-0.008841153850556898,0.017225192691327298,0.0418080319053655,-4.833097083943973,1.1698188791095276,0.8070851082231574,-0.4433323457814928,0.3698792105122292,TM1
71.0,0.003695703102332209,-0.01685342147219086,0.032336787161192614,0.025564764946750425,-0.0014795912889989302,0.05616820433278896,-0.07825745186469492,-0.03862926873887356,-0.024402133009901846,-0.04430931686579545,0.0462505194030794,0.04451214855234759,-0.010778208412745101,-0.03971679200923968,0.015691211510488003,-3.017810151140322,-0.07664760386442279,1.3169726131025157,0.4101723703049446,-0.38324859141389334,TM1
72.0,0.001804487457879537,-0.021687800286593003,0.009872582269444737,0.03909655442539602,0.0020196859301506095,0.09135715907133948,0.052999509218774186,-0.01761716112843269,0.007514574121070268,0.060375401072432,-0.00462213726918119,0.039420355121710736,0.006654897243923885,0.007953225915402146,0.011620892442642063,-4.137858372864002,-0.11132014449714815,-0.1827736941547081,-0.4589538681593352,0.6021757558241653,TM1
73.0,-0.1330000714247503,-0.09225359866827024,-0.04620687521006957,-0.026606146190549417,-0.03892134977046359,-0.03843332595894608,-0.13464296568503314,-0.24165578891251913,-0.09235560400611988,-0.1791506720362983,-0.05142686446576284,-0.01752367974059704,-0.12816455840537264,-0.11505951507774345,-0.09777050619294977,1.1913677174596586,-1.8747084087935997,1.2739013728364035,0.5006912284997197,0.24118443742303305,TM1
74.0,-0.06645298941959815,0.04054277874639359,-0.0005863164332229068,-0.06308938979275158,-0.005832179814036893,0.001712000951554673,0.005122547835700752,-0.10495767539315246,-0.003739849953519459,-0.010765442842326951,-0.05113435580281951,-0.0266903430545783,-0.028826326068620796,0.03070293347387823,-0.009027817424218548,-2.390426631317951,-1.058684285343137,-0.8107883700128808,-0.3851545744574526,0.37362656240951037,TM1
75.0,-0.09586928665829829,-0.03599950932973333,-0.06571091094543553,-0.007266116050826396,-0.06869959692676642,-0.08571616310234159,-0.022920538997174188,-0.14047407621138439,-0.0697402292394464,-0.04273071970174809,-0.016666493070542836,-0.039019036883501695,-0.03337672158301039,-0.09483765135731143,-0.09458270067921633,-0.45081393949152365,-0.6132010158677955,-0.16323397338502305,-0.08596670505015731,0.6375178715239092,TM1
76.0,-0.05963303966964759,-0.10585529212000522,-0.07746125726669918,-0.02355324488996614,-0.043222305369036575,-0.055209880065719065,-0.06453192035327203,-0.15028657072841253,-0.0717703564672417,-0.1102902543402243,-0.07947074981083002,-0.04280503842113859,-0.18231642475899906,-0.06994289979203813,-0.1790543620024261,0.7165204459469919,-1.7387642405816086,-0.024745521909879185,0.4889373861949288,0.6773707541605293,TM1
77.0,-0.2006722994202657,-0.16245897697330558,-0.12642083770262444,-0.03742704144941817,-0.10880345917887829,-0.19333655065482383,-0.1380067221953189,-0.3217765661147009,-0.13236673622581732,-0.13558095353949193,-0.037311133449429545,-0.06430651331127729,-0.2299947972266531,-0.21548212466152145,-0.19270671879527276,3.783519772575182,-1.2184746074592028,0.8376309534356058,0.5080739933441444,1.228286991311973,TM1
78.0,0.0030100865100948695,-0.010527581890817657,-0.003207906345718662,-0.004770948031665889,-0.0005656760898441161,0.003539199927464176,-0.019321188036519412,-0.0745098745193164,0.021415640909374332,0.01815387265523606,-0.0065876444224761905,0.0034593473254777795,-0.027298764807796406,0.043687275848201514,-0.011606251590297495,-3.061927162834691,-0.4351781933872888,-0.09800389959003739,0.35598749804128815,0.15667288363266266,TM1
79.0,0.0075338996422499626,0.007054205877381423,-0.0766877291023939,-0.051299300859729835,-0.10547369182985682,-0.12023033396387184,-0.06854270322793243,-0.1506935161798204,-0.06516321843418887,-0.013367310917269693,-0.016721710927974854,-0.010618714059307305,-0.10123432484432397,-0.06218473101345418,0.004184891096517279,-0.7827843886894938,0.42189681211187297,-0.8588768126746547,0.6812227302270342,-0.49123139351972045,TM1
80.0,-0.05874169100715799,-0.031046396799004117,-0.06274591786490186,-0.0828055584415028,-0.07065860677769517,-0.13391325652731356,-0.0720558780281986,-0.2042268349976842,-0.08542325042120039,-0.04755731206667987,-0.015197399835438885,0.0021374604733835007,-0.18616056246865686,-0.07026322415332775,-0.1319132179437066,0.5592393357132207,0.22074232973682126,-0.03184193717429032,0.4695239045604903,0.44577159328760163,TM1
81.0,-0.003225463507933105,0.0084767079318076,-0.0776347616555861,-0.02552233857939222,-0.08476077161409229,-0.1386647258561332,0.05006898293858415,-0.14978150791620853,-0.09989433786508861,-0.016898649955046915,0.021837351647942458,-0.008954547500573307,-0.09303343519896728,-0.11307299492133893,-0.03594485232396263,-0.9836477446232564,1.1399115219139413,-0.8764719227343493,0.04937206840056566,0.342816336354035,TM1
82.0,-0.09175917507755721,-0.07849849296321873,-0.1303600630192229,-0.051478151594208904,-0.12612917444018543,-0.15748327051186753,0.022255089483208746,-0.17177642587937578,-0.12815419695554797,-0.06485920758986952,0.018544491660746704,-0.03658498228429007,-0.127336883537635,-0.16603233126907568,-0.06939379991504223,0.9168640394878224,0.49847101013545236,-0.31577319568340834,-0.6042640074657545,0.5734987460973475,TM1
83.0,0.005020941708236931,0.007944994768278122,-0.09430715818741285,-0.0639462260768166,-0.04656903914946413,-0.102472696709553,0.034948892732382345,-0.11971859109561685,-0.08586145501409936,-0.0249992650208358,0.0134336831831057,-0.0011588438303319413,-0.07108053943496401,-0.10935899136384129,-0.04248635222263932,-1.1478425497583835,0.907608090787206,-0.7608649741951632,-0.16113183838120182,0.051370151011260766,TM1
84.0,-0.08464376440385776,-0.15094040833456465,-0.2991855862256941,-0.24244396673936647,-0.23292009033900835,-0.3418417293653172,-0.1195000137870276,-0.2692693783924318,-0.23566276274884201,-0.05113594962773467,0.01269235346220462,-0.024855045165807655,-0.30627301199856855,-0.3455369319179801,-0.25612208632395417,5.834467428440713,2.2598416980845104,-0.7820110850547539,-0.2994654642418236,-0.14992384237593012,TM1
85.0,-0.027466260592803354,-0.043981124670879015,-0.11275972132864442,-0.07719381133840782,-0.11350783739248643,-0.1839047188248574,-0.06958946809975926,-0.18162913623992208,-0.0931250070289657,-0.07702647522706305,0.00425825825519921,-0.05021628997337348,-0.15606651980078906,-0.19479411414618428,-0.07934420111848889,1.1858058096116095,0.41184961947425053,-0.5376068875790894,0.5557687367357104,-0.2619512496701234,TM1
86.0,-0.054290322953253214,-0.053101655385811464,-0.030916444626514668,-0.03471586012352104,-0.05302369205685349,-0.10906530928133164,-0.0883435220749777,-0.06860234495019064,-0.05086216006826737,-0.050114806616311285,-0.05456629160583835,-0.013948416407490852,-0.048891412131543154,-0.016925016130978705,-0.0014646810117078589,-1.0289435823993336,-1.1682974555931316,-0.1364628116679684,0.01157929689018477,-0.567398978570729,TM1
87.0,0.015955054461073995,0.07530288941066514,-0.20348996170762312,-0.06136866715440979,-0.13182525411312618,-0.07433760645561932,0.05159642646869026,-0.2271022299641896,-0.23203065848055898,0.04742725081960471,0.0666891452294958,0.07520423780765186,-0.17354023891589468,-0.1772393683928223,-0.12690510923436152,0.016650294214258815,3.661327351916291,-1.0140879936959943,0.06730455647744413,1.2547679431735625,TM1
88.0,-0.09518551155569754,-0.10580539384221314,-0.23753700092319643,-0.18367203670260399,-0.223677500357764,-0.36125540832939934,-0.11140961702045782,-0.2781286874516553,-0.25514291642243486,-0.1347949189045774,0.027910131966719192,-0.0017565148469700146,-0.2598053476591976,-0.2902256599363022,-0.22770027945493576,5.2081145899714665,1.9946326912924226,0.06654424970460482,-0.053565344250234743,-0.3363229045335622,TM1
89.0,0.05075261002760939,-0.0406568047306184,-0.09411695418448267,-0.046606412139464835,-0.08184273177465592,-0.08278193661282864,-0.0042459714370795786,-0.04274443029059957,-0.04769422508299666,-0.054327812691089536,0.019461794051521236,-0.0004942465489229744,-0.03794162874451619,-0.019929487664417555,-0.04559311192512272,-1.5872498379197468,0.378222675437557,-0.18296055205689485,0.11006798136509013,-0.7686711879718997,TM1
90.0,-0.010738628769447423,-0.02465131929174222,-0.13795248353637754,-0.16679958611641385,-0.1279883183319893,-0.12232173284012565,-0.04500753824789521,-0.1288584164316134,-0.11667379556559616,-0.04588217367531039,-0.013538010081103847,-0.06646772329001356,-0.13532242983437479,-0.13995082256704466,-0.09966798076592633,1.0118066478993746,0.38716122111622764,-1.3414256626856726,-0.17572396070680316,-0.5515923258000061,TM1
91.0,-0.10872348221167281,-0.06561036342661956,-0.22672289039181734,-0.23504844057849722,-0.21629539646146662,-0.28993543357516754,-0.09626041977669873,-0.24994954930068702,-0.21098400478063492,-0.05302948715494391,0.022219160718278307,-0.06776658180598626,-0.294698957186847,-0.27004048654163193,-0.15028310027317393,4.507877904271016,1.7109001534392216,-1.1308431825878655,-0.43006639842918926,0.030579442521257737,TM1
92.0,-0.07257299595522575,-0.034928048147809726,-0.16831893475914686,-0.08231937533635464,-0.15095124725314338,-0.27609131203258613,-0.14146408455527065,-0.23049176326647153,-0.23746150796249724,-0.0801071117025216,-0.026315844857462217,-0.0030651977291289226,-0.22912231984485962,-0.2627669814846446,-0.10925100586725485,3.1335538583751434,1.0651888479475378,-0.5767501706829008,0.6145450407747312,-0.11257212613926554,TM1
93.0,-0.08803678304980421,-0.100227555780142,-0.096017307696519,-0.005320188655723268,-0.039513407818777525,-0.08636377077358792,-0.004999586764705859,-0.08277496190219412,-0.04969145780479727,-0.05834161266390148,-0.015867868506102806,-0.01949767575635718,-0.12355083153301322,-0.055525016332567345,-0.14240652104176074,-0.2789745146645239,-0.7800208424693935,0.3238101369889908,-0.3497238583961789,1.0553298904282589,TM1
94.0,-0.06854002170125405,-0.026224827753416887,-0.0420616006740492,-0.07276577400908912,-0.06367955302914302,-0.13253922840441337,-0.01921870211836403,-0.1313562257720724,-0.12249972220500951,-0.021122290483095288,-0.08687995453345929,0.01078048614048247,-0.186009522782403,-0.056504654853803564,-0.04782832621320337,-0.1246266130596959,-0.361016759903914,-1.0949810499992885,-0.4382378555283952,0.38561310649708763,TM1
95.0,-0.022170015810689142,-0.033476774238633766,-0.09774676745973745,-0.1092968590621416,-0.10316302457469234,-0.19128903215545712,0.03435945124593421,-0.16247482675421537,-0.12405470753980408,-0.0002104271302120771,0.05185252198002929,0.033371942190093616,-0.10550098164406724,-0.11014798863364987,-0.07066530336864554,-0.13988489111513916,2.0480146028429096,-0.3323445752505912,-0.5419091997663609,-0.0025873170933178188,TM1
96.0,0.009465431864988562,0.04534130881078533,-0.025712121477064767,0.00798630445538182,0.00783255910928003,-0.03350472289362437,0.018332554550923075,-0.09629925194440032,-0.045077863277021006,0.010386990415456038,-0.043651428674314346,-0.014709587217759338,-0.09393022602046075,-0.03968156430855568,0.013248918826773698,-2.558379958413006,-0.26757852053568787,-1.2501500104496206,0.39800616892685914,0.5562517884536242,TM1
97.0,-0.05037213614996569,-0.014344888357756738,-0.0345479970598874,-0.004731571533914493,-0.04693036668153394,-0.09386405989883188,-0.02296774728669547,-0.10461970138280424,-0.04786686970302628,0.014430230550544423,-0.05292980626440997,-0.06561855565969327,-0.07830475742431275,-0.03668894731877015,-0.07670664519805587,-1.1694256806256504,-0.9369557148261467,-1.1661467680756499,0.34471078497045593,0.6966254285809684,TM1
98.0,-0.05118435850733608,0.006559538387609769,-0.054547742668830675,-0.025364881122543575,-0.03448541981408513,-0.07532023422359937,-0.0092309849699044,-0.08366548977168003,-0.03798351985001234,-0.038783539993268244,0.02965154174795255,-0.050725707271623635,-0.14522002971755532,-0.05328292229929463,-0.022405757239069242,-1.2655049899454458,-0.09384421005533475,-0.23446814825534443,0.0704939686983773,0.7569563853965154,TM1
99.0,-0.03144649970087342,0.014811197959929932,-0.013043969123303295,-0.03283982677073334,-0.016925103649781535,-0.03679346730113219,0.057920882020752094,-0.049697211175044956,-0.05386891300136941,-0.026976399874507735,0.045109296106824084,-0.026281529990421455,-0.03889826157605204,-0.04287342624123205,-0.0590594580158946,-2.2489955176655547,0.24468232756056107,-0.1295906407933976,-0.49990284265820256,0.5785415497688966,ICL1
100.0,-0.1759036521548266,-0.17846613225248967,-0.19259903219241611,-0.02173664233262087,-0.012646626996877,-0.10917301840066979,-0.1429315829952929,-0.2518204588974692,-0.12926093951367051,-0.1259190215820816,-0.04450317570647684,-0.09120088987514861,-0.30666910077488846,-0.07916429642682478,-0.23254783476305269,3.1581334380046444,-2.086639172721048,0.9422832912598215,0.8376180473108991,2.162481450508232,ICL1
101.0,-0.03400109368927866,0.060592753637937334,-0.08117982833712067,-0.05540448445992692,-0.12388692644480767,-0.10079787481250177,0.05914657662130459,-0.12611183233707807,-0.06964200641090464,0.08468363319642523,0.050675908382712256,0.0403827443845979,-0.08565628899152401,-0.0951121931355703,-0.042258161461636363,-1.6697705733793424,2.3614391500555616,-1.0207910121392738,-0.5980458681518014,0.8179899747653392,ICL1
102.0,-0.047313646348807754,-0.013321643353374374,-0.07223936212303121,0.02614856464995364,-0.017845640496473445,-0.04301564292494286,-0.049518845669722554,-0.06362326082730022,-0.045960331667269705,0.026864177817954336,-0.014886696250578655,-0.03523417756958008,-0.09037428759490845,-0.006291475493476589,-0.036574493430908434,-1.8109555049062154,-0.5968064352242597,-0.44242268560114734,0.40912555540711226,0.9423473349196533,ICL1
103.0,0.01142845535618256,0.0309469522763355,-0.16001328178362675,-0.0713694280640943,-0.10146345351577968,-0.15276987617254528,-0.02672575056932674,-0.0794490655160544,-0.10679257930564567,0.009561460977149194,0.05311469115407225,0.04687713327438683,-0.0992980333131523,-0.08127599238522083,-0.05284417124589107,-0.8173150864034489,2.126408982808513,-0.3815480299892962,-0.03230081297486342,-0.10808346781830228,TM2
104.0,-0.07066630918377749,-0.0754476196813233,-0.1272166039478569,-0.06703492954588931,-0.08709667809618052,-0.12731431713271738,-0.07195938783033422,-0.16168253281791203,-0.11041000149296953,-0.05019877305520034,-0.002468525124759342,-0.03330886290768199,-0.1602717469029967,-0.10328387782287729,-0.08510548756936356,0.8536950826114544,-0.02168062238633814,-0.09421619715165315,0.13886632164068533,0.365043281872987,TM2
105.0,-0.005800183321199911,-0.028609155099952457,-0.05462538532301666,-0.04822824176587716,-0.06608251007345613,-0.18059115878203708,-0.013227164316093118,-0.1342112910862533,-0.1472241025315347,0.010186679649602676,0.07403841333729566,0.0006181522365660145,-0.10821971500979992,-0.12358431417471501,-0.09989661476950178,-0.39387847582152524,1.7502921010297707,-0.017437635952754695,0.3107075299333474,0.29022912491188974,TM2
106.0,-0.022280492509193953,0.003399435610683541,-0.09453914129870128,-0.1123769384854986,-0.10738839417993216,-0.14354646059154497,-0.015890960254543198,-0.16460545712667018,-0.11523680183506682,0.04030463798356391,0.04395048065683504,0.08613044016242193,-0.09473991577958406,-0.1553228656971507,0.021919155977686698,-0.6789838452871655,2.5606114407887706,-0.3380883978211788,-0.5939559101087315,-0.39388951755260554,TM2
107.0,0.026484215250605247,0.056610574634599474,-0.06227918909587806,-0.07136902163641383,-0.05896380456968361,-0.11193418913213535,0.022279128539188463,-0.07623393591266697,-0.03731646173219104,0.05839699669144084,0.022066852458617493,0.03473193223360233,-0.109670047948795,-0.05910692100658134,-0.07839574327424886,-1.9389322507157838,1.7146324759813911,-1.029208977664902,0.00029887867255862325,0.3167980744929156,TM2
108.0,-0.05595386203005936,-0.038533009623134606,-0.12141832497011133,-0.10168448237112501,-0.16267184905569665,-0.22940062755264048,-0.05782632830129217,-0.20719259936173964,-0.17043934307727435,0.03892359746866374,0.04872283250072675,-0.012007141510641311,-0.19693280258897894,-0.14929327297047817,-0.18728911374334622,1.6821603208399096,2.0750294224989765,-0.5781156908471715,0.3134410937043045,0.7191360983031335,TM2
109.0,-0.02922357611467529,-0.060413140826154135,-0.13800153539054047,-0.08260935354741836,-0.08602516215443726,-0.19706796570814666,0.030243926385668342,-0.1734469269659828,-0.16604230372822945,-0.003539858866641242,0.05318659316672424,0.08166654474281948,-0.1165152534660356,-0.18546085387043795,-0.11061813645746903,0.38269721304574,2.5461444346905986,0.12088975749415388,-0.6167285039938191,0.29224202925719184,TM2
110.0,-0.04407093978922898,-0.10184069080540424,-0.18485393121824756,-0.10535264512293831,-0.19203084142770566,-0.13901808171461022,-0.16449798334230553,-0.2823672800975145,-0.16632536849831947,-0.06670855813775582,-0.04045652934345987,-0.023543136499684307,-0.16237542493169693,-0.18895231240582924,-0.14977792887077648,2.9378917169270844,0.2938782824968285,-0.39519383682195086,0.9492812583095079,-0.488634893178321,TM2
111.0,0.028499650463838518,-0.05020767432753671,-0.1309447945352332,-0.08534562709885576,-0.15470340075603514,-0.21559724477423958,0.0033032249895208602,-0.1841500339566886,-0.14373509950388727,-0.04077392389631274,0.07756863619756223,0.06381502549860454,-0.15261156689040642,-0.1724151066130099,-0.1067716882876123,0.6575334166159054,2.844213362117897,0.13396927490954694,0.10951882105015194,-0.37722566119736806,TM2
112.0,-0.12014758132936593,-0.09847682110665641,-0.15730913666661514,-0.1894168354128257,-0.18935578393702157,-0.23361415970577865,-0.06405562949731364,-0.2569629076684887,-0.1898595418914908,-0.10937492185359926,-0.04655856510168093,-0.07266508775663834,-0.17279906407344367,-0.2389679075503336,-0.12606683406286912,3.6953236773971345,0.02923151391241688,-1.047604353784982,-0.6467788896838143,-0.42449039152578394,TM2
113.0,-0.12433373473612519,-0.11350409165663977,-0.2676207057738164,-0.21330822800145097,-0.23730364879518176,-0.28494993476464653,-0.1245224285205158,-0.26984738314495443,-0.3150525732177961,-0.13293070916619554,-0.02541465925059327,-0.0002313942604764999,-0.28628428890983504,-0.24859748786061833,-0.19332325366853365,5.514794232593026,1.315014758439487,-0.3673261600297731,-0.6171018836750739,-0.2800898178728357,TM2
114.0,-0.15675321238258078,-0.11177083013255357,-0.13943728583347995,-0.12204196735706715,-0.14544852396034746,-0.19808238752731588,-0.060373344930030305,-0.17346480029621747,-0.11194075534493587,-0.101001076651832,-0.057412963933983895,-0.06483732209682626,-0.13162099534851218,-0.16506510154112458,-0.11557365660358869,2.4509068370195117,-0.9236088512579592,-0.4984406023880259,-0.8926030793349106,0.0652656199423766,TM2
115.0,-0.10546117149773297,-0.11992968040829051,-0.042401592309600146,-0.041716379019104084,-0.07360259347111454,-0.15538076323625127,-0.14353301592557507,-0.2149347655741293,-0.20113338408210124,-0.08430982610824174,-0.019579076363970927,-0.05155313529996446,-0.22851108960311856,-0.18053690363943167,-0.16843635719575828,2.3627928064113264,-0.635541208140012,0.4645340742128957,0.7714969058119598,0.6490388133775529,TM2
116.0,-0.09921232473532053,-0.11564775812928979,-0.24541420320589988,-0.0941691990032902,-0.19492226872884336,-0.18885869023607138,-0.17242567812676668,-0.33446327120171954,-0.19877788630156887,-0.12254813292912829,0.011000308024968626,-0.01860268644307216,-0.28383010116630164,-0.22705667371096613,-0.10901655323365055,4.14112296674082,0.8255757485924548,0.43625604440557075,0.891363955825263,0.19244561392143594,TM2
117.0,-0.060056762741043046,-0.06744655649300983,-0.13968759453444718,-0.11534832647839673,-0.09739684831788713,-0.17549740053563304,-0.04296392826398538,-0.13435890040332998,-0.12556546298141558,-0.07976581494760879,-0.04540209871048863,-0.07842450164161313,-0.0982214402871735,-0.12953647515451258,-0.11132116469223245,1.3227592554693552,-0.6081772842246691,-1.0290178216383348,-0.24015801680518742,-0.2695432658981864,TM2
118.0,-0.03648064105219887,-0.1076687809921333,-0.20433489301638486,-0.13194787555186244,-0.1666094453314991,-0.24643372862813492,-0.04625751342615183,-0.2244627753879913,-0.1720597565052154,-0.09586372504357406,-0.007637077614659504,-0.023728943235534806,-0.13338139232221213,-0.18166437805344218,-0.11239662097450488,2.5380857002350257,0.8823624705408173,-0.5670882190903155,-0.0718783341439277,-0.666156167508331,TM2
119.0,0.005949566153332165,0.00014233472996178235,-0.16925017378253548,-0.017791381649001025,-0.04140841555721225,-0.14634109124779934,0.08678230481216331,-0.09002807836402225,-0.09028197656605769,-0.0037288946222643923,0.15907297995997868,0.09242458833954745,-0.13325862634330474,-0.06241974560439286,-0.01535968217874198,-1.857088340061948,3.36039503260536,0.9550072229563698,-0.4886670726905692,0.9183799277387702,TM2
120.0,-0.046609268405231045,-0.03483759725685086,-0.1206276208282076,-0.03698040346974665,-0.048667541669683644,-0.14370596686521483,-0.02259801029682104,-0.12191787111759758,-0.10208776196792178,-0.036352808083166405,0.014933730601334402,0.004151907351634288,-0.13561560991636804,-0.05434253290106569,-0.03134376213838843,-0.4620897355146712,0.5121399850783563,-0.05538715566155476,-0.02461799082853967,0.4407387083347092,TM2
121.0,-0.09930951682608295,-0.13152306226963342,-0.13923950053100168,-0.10330511915145894,-0.08931054848857563,-0.12678553720748809,-0.11619115593472629,-0.19500242821300703,-0.08242926712836393,-0.08758118752714532,-0.05056327423139134,-0.07992246933982347,-0.24310844981459104,-0.09841999615827667,-0.19463555914128539,2.3833821983446652,-1.253595984398925,-0.1330068306096763,0.42337378465924913,0.6679589451716317,TM2
122.0,-0.08538355694947168,-0.02627650152076281,-0.1414714421047431,-0.04142159379248332,-0.08465553944464152,-0.18321982119430005,-0.07546701299452728,-0.22434498579942308,-0.09553813598885039,0.007426972836146511,0.04338135499761625,0.04568974199351873,-0.2244663810427784,-0.13711363128062226,-0.20440311829754446,1.1273597689440649,1.7545418808536688,0.47665669596983856,0.6075339375924383,1.498291327887138,TM2
123.0,-0.02550520402924076,-0.049607401959612496,-0.20921414064026891,-0.14647778607738973,-0.1773152602614276,-0.28666943541296086,-0.19031884210387276,-0.3049595502961898,-0.18014750821342068,-0.07575347409938368,0.06561018079816955,0.03147154008151678,-0.23870235180074073,-0.2790661062940861,-0.15644730829934891,3.6451105181314127,2.646952420923463,0.47614214637423075,1.2737645652567806,-0.6410804495217188,TM2
124.0,-0.010555302760056515,-0.041691893687960196,-0.13352027731755886,-0.09547433468568932,-0.0955409821673694,-0.1397082243161277,-0.08991221562242367,-0.10479314004664715,-0.13710436130182488,-0.022544528192620674,0.005817190432074415,0.0001941849368998428,-0.14868623682707488,-0.11817440353379238,-0.11019417315139428,0.592803577639906,0.8467646421574312,-0.3513092070945918,0.23182097895385287,-0.223170546404663,TM2
125.0,-0.11727008217481431,-0.14968374280447272,-0.13601521169767286,-0.14456222674295555,-0.16290421563142876,-0.2446541114085275,-0.20027034054749826,-0.27653436853229074,-0.15139470280405218,-0.16836282774180422,-0.0734992625932529,-0.09218905254227695,-0.21396093025244597,-0.17968221559166198,-0.20510082770230006,4.48038891103155,-1.4212046304255392,0.006371931902972904,0.8092599974796151,-0.5879606162509005,TM2
126.0,-0.030991240863536242,0.0632376244989892,-0.05205493152382512,0.0009179891284847367,-0.14376934843393477,-0.14062086263299403,-0.03125586088141227,-0.31074381766028497,-0.059504209723939515,0.05467572688640576,0.005465382451152811,0.017003480140161637,-0.3079899967426232,-0.21959338272911463,-0.15132929481337606,0.5571217460099667,2.1092066059439523,-1.216489164354941,1.4560705469238395,1.8186513500413473,TM2
127.0,-0.00035583127150891786,0.06587834980005529,0.004848216295157621,-0.02088769343728234,-0.020037905576782464,-0.051071236504978,-0.11088776731224007,-0.04537547536881043,-0.02065687087413126,-0.01530793874494529,0.05583040485421121,0.07266791161061381,0.015969569053041276,-0.045336699634096964,0.03906232432142052,-2.8875449867038414,0.9498171848224549,0.9307517284892871,0.4419861058281178,-0.8578555910105863,TM2
128.0,-0.029061017936734518,-0.06031569940351937,-0.12744387900011228,-0.05753600644864162,-0.0968955498446959,-0.09595893466556252,-0.14918365551382762,-0.16444837420446703,-0.1403776968364884,-0.046583988613759744,-0.011658734820316654,-0.05417732031552042,-0.12521462990824686,-0.12171297217239836,-0.08592532168791178,0.9734787114909852,-0.2529766847320292,-0.24742171512016015,0.982072325927981,-0.22593605004315664,TM2
129.0,0.0736200393249219,-0.013539791336281812,0.017851454428849545,0.040199797757274724,0.02749209793063405,-0.018614668256891953,-0.021183563703890074,-0.03507637006511422,0.025529902086870532,-0.004916075668796901,0.004889063045490247,0.008476900369299371,0.001464634147741793,0.024869169990075306,0.016527387846672077,-3.751085954172403,-0.3559340227308152,0.04915562719934557,0.9410663522771419,-0.44116903400025015,TM2
130.0,0.013972360038295129,0.007818455467334447,0.051848897003201735,0.030367123703482574,0.02270521864393102,0.008303027393261742,0.021036969214257576,-0.04196046896284869,0.04531802989882495,-0.02354953281193792,0.04654146200006182,0.021047023811568543,0.015897607888048587,0.04793022808931982,0.03165880298749046,-4.1222048336080706,-0.13621493022567224,0.7030479026075941,0.21981168061186843,-0.022324516498748236,TM2
131.0,-0.04317485595700311,0.023979365339943503,-0.07594322424288952,-0.0517087846755269,-0.05873098787990911,-0.0514845666498125,-0.04885191374805696,-0.08887989315340383,-0.09264051761126249,-0.0688852712148087,0.015389792263826932,-0.03337897468292577,-0.06696165468797502,-0.09951059875689972,-0.03996485492168708,-0.7912882378739741,-0.04456380762978258,-0.17457511442939924,0.016834770662656002,-0.008350408075114045,TM2
132.0,-0.057511293787471295,-0.03546524226617323,-0.005984829776712964,-0.037232776647473764,-0.05524046654541718,-0.0928660363523494,-0.03719935771210155,-0.06614657874534713,-0.04334499165087211,-0.05598435135678218,-0.012095117462381158,-0.014891775510937033,-0.05434491942925359,-0.06674641716264935,-0.041926677081893675,-1.146444006501006,-0.5718126199115487,0.05830874583175504,-0.26326227365155064,-0.1865784470716318,TM2
133.0,-0.012952691250215472,0.007919470841653885,-0.09651223930361164,-0.055452591504848804,-0.054537733043087566,-0.026812477586162318,-0.09131172139290877,-0.13520741364610278,-0.04678449489002989,-0.023207998028956,-0.03900258317171743,-0.07589571891800861,-0.13563698939584873,-0.047352257084796096,-0.06669588498033885,-0.5348868570352603,-0.8179905198037846,-1.0312153915017004,0.9352169216856526,0.2711010442291483,TM2
134.0,-0.011783430734531405,0.015442941245024907,-0.0022196271234781848,-0.003977706981768683,0.0006128601449646574,-0.022088377001688274,-0.01817320161269497,-0.039892025790003616,-0.0089759353028035,-0.027786278796774762,-0.015096439609401414,-0.015354964744432825,0.01977337757182512,0.007136336433684831,0.02435301845308845,-2.954586829294118,-0.7949646129651828,-0.22958058119655755,0.06613172407241455,-0.2612538618148763,ECL1
135.0,-0.047865400732622264,0.02493163773938405,-0.2680768955648749,-0.10348659648254567,-0.18030275648878888,-0.25583113322717854,-0.04674275902536021,-0.2715313417460813,-0.2062013367307595,-0.06108388449454266,-0.005946256320372908,-0.05593697030422357,-0.1511191531245274,-0.18860131469243643,-0.1449185140833041,2.682654069960543,1.441263365502655,-1.5896581738475604,0.5956743050993497,0.326152475856177,ECL1
136.0,0.05820979626403104,0.06312335776756987,-0.037026709910570194,0.004045400386977141,-0.005388535484759646,0.01318415546477945,0.11574279331549024,-0.037667941769784045,-0.027531288261652707,-0.011491066316083542,0.0371324360532598,0.038500270027374606,-0.06375843362365788,0.000532729567826457,-0.017324327189279926,-3.695681540172635,1.069147266177313,-0.5102379378710079,-0.21170758811672408,0.5614257913080746,ECL1
137.0,-0.023214903728134166,0.01575074548122103,-0.11343927678152443,-0.10008482049570772,-0.07125314752742426,-0.14006474986837616,-0.0678960971590892,-0.09597905332917818,-0.1462292974068062,-0.054741335405462,0.0019479666558970526,-0.021042834678756915,-0.05713780136735869,-0.09943141767526409,-0.03782022442232518,-0.11609440263868778,0.44017207817154674,-0.5773107440531394,-0.025078435700171202,-0.6301562137577417,ECL1
138.0,0.059403375337908015,-0.06527853655262382,-0.12375798176187258,-0.05009751720098056,-0.09526370263110395,-0.12010533777071492,-0.08679191546357452,-0.180472074246299,-0.1164014460133268,-0.07617344701880306,-0.011128887738597201,-0.050449621314206675,-0.18727842064575642,-0.1033730666128279,-0.14246172057084447,0.8268210601120289,0.13001716272166258,-0.5587920500203197,1.5447548574167649,-0.2654136968550081,TM3
139.0,0.11295769444794966,0.11250781336921793,0.00305641391432911,0.012871300798622176,0.012544958491034435,0.007151938133012164,0.0816559841396909,0.006358885214344243,0.03454002625596235,0.018712426416713616,0.035355350863982976,0.00029293908299855186,0.0028411754060400744,0.02709817950489657,0.04937418265628298,-4.910202691780707,0.7598821172559879,-1.0798021408452116,0.4657945029491172,-0.18990383624342055,TM3
140.0,0.03085146686564655,0.05484535554802442,-0.004039037379581095,0.011735531070217594,0.029977049281866064,-0.014040043857396036,0.04166621368410807,0.04012631859457416,-0.04115557079611457,0.028451727270943798,0.05262773416539766,0.046738294233235625,0.02053451795559251,-0.02794945477173044,0.05191332531489111,-4.209305297028567,0.9644023716420399,-0.04474539956923338,-0.4148551272274703,-0.02554188893116545,TM3
141.0,0.0226027340443988,-0.014964394945572442,-0.11221069808213703,-0.07621798396230794,-0.10313687234277065,-0.07450215062504588,0.01017164358816948,-0.13034701355278852,-0.08821382995452731,0.005956676591986765,0.010792490406141574,0.05365848637796182,-0.08113623680345357,-0.10201379605804832,-0.013031751918838699,-1.1357815839290235,1.552227905714921,-0.6255810439524425,-0.28129425378869405,-0.3734493578505054,TM3
142.0,-0.10837330777848038,-0.2248310478081698,-0.3972793941724394,-0.36335257981977687,-0.3184374695660641,-0.5040010246405005,-0.2063254742498231,-0.26923578713788143,-0.41132981685743614,-0.168922581127213,0.003407753222683291,-0.08762602042748978,-0.42090049207964375,-0.3964484852358779,-0.22556895290385734,9.433075168428061,2.0078707224467203,-0.9563295091077495,-0.6743898614430992,-1.4790644579182148,TM3
143.0,-0.07216826353155782,-0.0724521867119204,-0.21251745200835545,-0.1126313412488973,-0.165920170429562,-0.19035830546167445,-0.04042612914472186,-0.22851600139347542,-0.16302177920229619,-0.09536271476630778,-0.051718923205408884,-0.043216143746569145,-0.19422160140053638,-0.23822891911275437,-0.15841230690101749,2.9295139733481377,0.31936443446374785,-1.157506213418525,-0.1312741091631165,0.20236026355309542,TM3
144.0,0.03770811222288362,-0.02066158956044307,-0.08989757648941255,-0.07633186400782697,-0.07094971132042294,-0.20117901409468783,-0.02084950796479746,-0.11359385715534176,-0.03522083166859055,-0.02193340866738288,0.028949083574877233,-0.019643802351083834,-0.17214156803946387,-0.10249326908572419,-0.08714433473037947,-0.35454385128698934,1.1259650641621215,-0.6676588412575686,0.6413048251008397,-0.15225334930617063,TM3
145.0,-0.034189710097393286,0.0780585429824937,-0.09393019626982045,-0.05683734613817061,-0.061273519759313104,-0.1259738834937197,-0.02287348843808998,-0.20211602844297327,-0.08569230806039214,0.021166008124229554,0.003295627979052469,-0.06384991088267629,-0.18373675428416372,-0.08375170414254056,-0.05540211412714386,-0.40982966723136904,0.7253150554891392,-1.533914268705265,0.8204888597102517,1.0853045160938881,TM3
146.0,0.06256845393277986,0.09310233980043192,-0.09322332229200987,-0.04190683121357296,-0.03786258797386115,-0.1011240485157212,0.08729072316475761,-0.1751560159752038,-0.04670714694032388,0.0037723980158836804,0.028985821769328075,0.05191682739492433,-0.13455433914589196,-0.04192953330546209,-0.009490838178695395,-2.3139195716124417,2.0931285869029903,-1.0953925763468557,0.41171077618564095,0.4864056421493911,TM3
147.0,-0.009447535321394047,-0.0010834041358428865,-0.1664987086808838,-0.030429026079355537,-0.07798670090586189,-0.1497477073481548,0.005754264383574999,-0.136751220555768,-0.08850052483467714,-0.005939402630472191,0.05318428549987121,-0.010621162245653584,-0.15340909478110382,-0.09415174626937212,-0.1355296510291571,-0.202721231467603,1.4978317257469458,-0.41430048211685966,0.4433001559454938,0.9970172762781333,TM3
148.0,0.08055496522802681,0.11745606016600392,-0.18216123413239851,-0.05701685403608878,-0.08447016252206038,-0.12713785951689432,0.05526253475995074,-0.07954254127932953,-0.06364099329833076,0.1208264130674396,0.18253635127481954,0.15894507799758933,-0.13577161534666743,-0.13368928187868598,-0.016818237332447767,-2.661235180303898,5.570874996767569,0.032060625411047226,-0.09341830037232142,0.5936791890826313,TM3
149.0,-0.05302213567105359,0.04013631535459365,-0.2836061698576473,-0.1604164138455287,-0.2775438204552532,-0.17848511884632245,-0.050789141945273356,-0.34972350308438555,-0.27815903370678113,0.03952788840415516,0.13868498394537668,0.1104998299969312,-0.39013199843874746,-0.3397789409857394,-0.17345614378803237,3.6244366683236744,5.7646663076747675,-0.2648358760503798,0.022264749846307847,1.3848788306209248,TM3
150.0,0.09219722125145861,-0.02307284382587703,-0.20535512762921165,-0.013041229095719774,-0.04265196707732171,-0.1430152822361998,-0.09960581762071154,-0.3158999402839124,-0.13924394962640924,-0.032000607287879214,0.08090212638979591,0.04850836676471195,-0.14947876043593739,-0.15186597607219818,-0.03114390313980308,0.14068030189736613,2.519159756336866,0.420967161680021,2.306872886437908,-0.16588801737446093,TM3
151.0,0.09669957889668597,0.0066101155934259895,-0.16884489193525964,-0.13468188860381614,-0.08358304272152056,-0.18710914117207814,-0.04026423074157458,-0.17819236501554525,-0.1607927148396385,0.03483819901887132,0.19250270935534738,0.08657110746916842,-0.057251393346260254,-0.12442346405373117,-0.09093169183435554,-0.575924905546308,4.606655532313768,0.8301259561393899,0.7218278378931814,-0.7836169246420558,TM3
152.0,-0.011874983795464368,-0.03173780583399069,-0.15338031397486293,-0.0852739308239464,-0.09422585550949951,-0.1462608812067973,-0.07290606383177275,-0.21145372265146847,-0.17520021822867707,0.03417622800021933,0.11329333214806074,0.11298338578720674,-0.15398964079873628,-0.092627624820186,-0.07368211691707556,0.07245185908492324,3.350265744407632,1.0276955499167169,0.3074010404167363,0.255726925107864,TM3
153.0,-0.038166910705560796,-0.06916739415675237,-0.27404952352939366,-0.06908252844367715,-0.09229447766919464,-0.1486018979266282,0.09546704507656863,-0.27885931472252595,-0.18756856177250505,-0.04743063978973227,0.10728277620792548,0.02285750804280779,-0.22620664469122764,-0.14762027962955257,-0.09399346499004115,1.1885659245796865,2.803809024431536,0.12806991394039655,-0.3103446646199136,1.5802949461126186,TM3
154.0,-0.13932369304402778,-0.09812420391886369,-0.21368725753808274,-0.10003309860007267,-0.06660111481648678,-0.12328754628045523,-0.094189371283963,-0.2774833458854225,-0.19113470212008649,-0.13588336487468616,0.007894189066041174,-0.024591212972181187,-0.3161696306276572,-0.149438517974187,-0.1709998464977139,3.2108772735351154,0.062222654205384656,0.7400253001583637,0.17762146083261016,1.462729746692884,TM3
155.0,-0.06577538163954044,-0.06989918346748655,-0.07208525831155248,-0.1128213246937177,-0.10632140985437627,-0.14094455127696112,-0.029336690278697335,-0.18552128000029344,-0.15623031228080006,-0.09816181039458705,-0.024533002731268003,-0.04655306354796099,-0.10755427457932012,-0.1174890171720628,-0.05967731508255737,1.0234566647352776,-0.29276355025548245,-0.4726887086178616,-0.34407488411768794,-0.4020074342953399,TM3
156.0,-0.05081226439250766,-0.012343524046092179,-0.27376672585538064,-0.15600483599036394,-0.16362086352017494,-0.24112258620026394,-0.08176860295749255,-0.2442438027891453,-0.21294659792559453,-0.10608550494211189,0.08591928166934962,0.05660784632765511,-0.28793089300540975,-0.203705681507109,-0.12974601726698234,3.054317994769253,3.0295411755794572,0.4724490546716569,0.06557538317928126,0.18484931089503973,TM3
157.0,-0.11138007801705022,-0.09319236060786516,-0.2207460537530267,-0.0810252250102003,-0.10776704627639384,-0.1943231578025807,-0.07918046338561469,-0.2496610854492331,-0.20307346127063464,-0.06479397667370264,-0.02478900371407389,-0.08941469697646305,-0.23031787675494475,-0.21672456776474236,-0.22872001908490872,3.423301232230146,-0.02485941980292762,-0.747195389201236,0.44835419474795024,1.309756120234287,TM3
158.0,0.016246193433627855,-0.0021050226244127054,-0.14281748336909872,-0.06375978609762835,-0.04392614800162703,-0.11111117233731709,-0.006816879310122103,-0.11061172542971986,-0.14347936299169067,0.04672844593897065,-0.014252975865159377,-0.016233373515469173,-0.13335687978443045,-0.13408423344284331,-0.09937728884774179,-0.4189143791520901,1.0548369695900326,-1.505271391027025,0.22228175275865839,0.5625687385912217,TM3
159.0,0.05978574093173599,0.006242459945434256,-0.17644808477973237,-0.0712106213260967,-0.2007465433600791,-0.21567897279927095,-0.06168052500319298,-0.23791977365918865,-0.18559532165546236,-0.008571474090971684,0.09695675377018788,0.07871515908090138,-0.19497798480289252,-0.22520153391126413,-0.11408071712555073,1.2243043294854326,3.9122002205257544,-0.11285161228305576,1.0371793368106932,-0.33259792949683903,TM3
160.0,-0.017050682014007657,-0.05045913314110354,-0.19870643601143598,-0.18240665753115604,-0.17011853183823894,-0.240097166998439,-0.08930111774407476,-0.15985065068697873,-0.21505154650575098,-0.10042888854182352,0.023871544748648898,0.04875212812158087,-0.22307732135966268,-0.238883383961313,-0.12867991136747356,2.7795626471755295,2.195130772349344,-0.13770088955548174,-0.3464955805513748,-0.9342236178204218,TM3
161.0,-0.10817506609833866,-0.056134111782206356,-0.2462756546391318,-0.1106920577341262,-0.15422827140986867,-0.16427326036489598,-0.10532482779840044,-0.16949385782867601,-0.1792917633688078,-0.15091394396660227,0.00026349548085939433,-0.08330459522365458,-0.21965761128032207,-0.18291569227607254,-0.1981247367512581,3.3674467198112716,-0.15046217182653698,-0.17765905880252356,0.07781080859912055,0.5136005989187447,TM3
162.0,-0.004087238528430747,0.05722271763199103,-0.031773346468658786,-0.005852967779532223,-0.05347418935105163,-0.016514278145921563,-0.014488847369425087,-0.08875701072042878,-0.09646337459885293,-0.015225785927330949,-0.005327269420439696,0.03299491703987238,-0.08973135165121791,-0.026133748284609272,-0.060807508520928664,-1.9854229764564444,0.4989395556749806,-0.35792898432662607,0.24917799970117,0.43485735918494944,TM3
163.0,-0.10021460861319247,-0.13412918226319132,-0.2721126191829059,-0.20494762883276363,-0.23904758386547573,-0.17451969480049564,-0.07287452467402229,-0.2559391221764415,-0.20645591967279933,-0.06362501424838381,-0.012460285656701542,-0.026383821623361538,-0.2375935316597331,-0.17974183376007982,-0.1596687628440116,4.01214506191577,1.0900192690151393,-0.7110910976432065,-0.7488326615854319,0.0014557729235510864,TM3
164.0,-0.14417898895534348,-0.1778691674801782,-0.39163848617035507,-0.1763239714342628,-0.23554187252239653,-0.3055353873158592,-0.07292453160295072,-0.2876614818940999,-0.3390362580516986,-0.11693645679844786,-0.03744380849157106,-0.08590533526147977,-0.30475042992087276,-0.2647352781432008,-0.1888759183709024,6.321037601446296,0.6947439945394381,-1.2043817591430939,-0.6680227029959768,0.6216475470576703,TM3
165.0,-0.13002224369578866,-0.14803915497021433,-0.1731905506149542,-0.14273888860500408,-0.18068814754327941,-0.18976026872948112,-0.1241318286765185,-0.17468079531925285,-0.1938661252084019,-0.18189469861715063,-0.058049345092871206,-0.13543393796349754,-0.24490688448859363,-0.18332546141007744,-0.15822239513644304,4.220285356045443,-1.6004400733072155,-0.5012792225931673,-0.2154767305853034,-0.17712342950265206,TM3
166.0,-0.051030662743172236,-0.12427435998839549,-0.16207153844280003,-0.26565522607498676,-0.278928335337436,-0.2215653549347094,-0.20212690122701393,-0.35835277649221753,-0.27230318820715066,-0.11005561364055434,0.029479317433510774,-0.028721461565422546,-0.2222651538816886,-0.2550645347425304,-0.22123644613312457,5.362020130997797,1.7230331569175417,0.09200866135072346,0.5991416596657936,-1.446443486219699,TM3
167.0,-0.26594285503435017,-0.2640432324678727,-0.3789660359421801,-0.3720054330251231,-0.30807426388625536,-0.3979544938606853,-0.14110591008554926,-0.3578997002302586,-0.41736785829189277,-0.2579019638168589,-0.08189274965515979,-0.08487802954035523,-0.43756845341100375,-0.42141255530638794,-0.2945357821654118,10.594096039167331,0.15397958278413212,-0.5962513152182871,-2.089137731558554,-0.219274140965825,TM3
168.0,-0.11063660490467758,-0.21738585672183489,-0.292048917427907,-0.19183942529160658,-0.29495350279235794,-0.26136832981189806,-0.1335628580591265,-0.2436230166274168,-0.22167768678487104,-0.14628530849042168,0.03835140551750507,-0.06300709650161501,-0.3245454330025772,-0.30674463871934643,-0.21720348077393759,6.0860651594327715,1.16758329927309,0.25254962647453655,-0.3696700220013346,-0.2677549009649673,TM3
169.0,-0.08874816381912556,-0.16618686323308585,-0.15727206592545942,-0.10204006864226453,-0.14017748987238313,-0.13927175792887633,-0.12102312907338221,-0.18244907757645268,-0.15438296181538846,-0.12776476224065714,-0.10423163505575213,-0.11277918861069801,-0.19729784912089637,-0.17222255121600885,-0.16552134738339427,3.2417721455512924,-1.960744666481753,-0.8560903109629888,0.20115076709642715,-0.15042569342654724,TM3
170.0,-0.26561469099811724,-0.20356771595726542,-0.3489953752769961,-0.29232543886001877,-0.28209620644290934,-0.3248084102544175,-0.0791194152177123,-0.3362326103433647,-0.3212826662160504,-0.13428674763248225,-0.04676078844869941,-0.08443008563198547,-0.3348124144082591,-0.3358935801162091,-0.24051529888400655,7.965683406738521,0.5523732426102803,-0.91663054818341,-2.0057013366791803,0.698066045676461,TM3
171.0,-0.23613725087403314,-0.2557178014789104,-0.22698810060190355,-0.177004178412138,-0.19043410159275723,-0.34082094382769423,-0.17280179410388738,-0.2237518465075564,-0.24443952490160403,-0.19015750511392482,-0.029288014791137604,-0.09306882858389613,-0.2867624161290984,-0.2414269498284569,-0.2217542246177989,6.479054634528588,-1.032733821594728,0.7973286097356782,-0.8536727528721497,0.13835181735425936,TM3
172.0,-0.09593767924631746,-0.10976289289787965,-0.10059720991405237,-0.11030614934644566,-0.12483475735301107,-0.09074094614673496,-0.08208380077812595,-0.21686993335212199,-0.12217269092241144,-0.05544599965375587,0.05770979495366655,-0.01688882806371946,-0.16660159392627236,-0.13813663519650582,-0.15202245208343196,1.5936976561499538,0.7198739938320091,0.8680380270954479,-0.06128050269682605,0.44034472081236803,TM3
173.0,-0.08280419162452815,-0.11039733310792883,-0.13046646585031543,-0.09033855799383532,-0.07222741240444547,-0.06425790500132052,-0.06344263605610585,-0.12997282302398125,-0.11845580623340946,-0.06493635135429461,-0.05711178107273751,-0.09113157510293074,-0.07076165247066027,-0.10156429530970201,-0.06954468417153527,0.8052130930069669,-1.4936366850753378,-0.6981368897386323,-0.33977568609882386,-0.06449939479948685,TM3
174.0,-0.22455777299775287,-0.19104643264118637,-0.2401423966475692,-0.09724582552086913,-0.15101053833229808,-0.16804825634537263,-0.15721959199630314,-0.2048416981261853,-0.17281820957162528,-0.15084223176662293,-0.0870093680248035,-0.07674382826919744,-0.16533373383151528,-0.25162360271355216,-0.19104643747842087,4.576685891816649,-1.8549119188402978,0.2350008462129874,-0.7097286051656319,0.5033018392255523,ICL2
175.0,-0.13002135256260006,-0.14273985245739568,-0.1376794155558779,-0.014620974642660194,-0.0008911507196726692,-0.06901329108129242,-0.12726537246408065,-0.1094137023624616,-0.06470441878687169,-0.15319134875018664,-0.08304835225922606,-0.13075658862754092,-0.16227378542672027,-0.04848786559033435,-0.1777568868732832,1.5039162487582316,-3.3430377524005084,0.32210612916097375,0.5284390953317973,0.9610374996069595,ICL2
176.0,-0.07981628580244485,-0.05868018681301017,-0.04246891537666852,-0.021432548723567677,-0.02001309445840168,-0.01142184383095841,-0.06522301489418625,-0.0514401868776696,-0.03169445206057022,-0.09207614376520537,-0.08679323730424708,-0.04511492772485273,-0.06241629868528674,-0.048300082202586456,0.03499760445798214,-1.1870861876723107,-2.2788761099620087,-0.2983132881884574,-0.370145501957941,-0.23460285130272834,ICL2
177.0,-0.13070396809140758,-0.21209242391254565,-0.07827714351610739,-0.022616274000361522,-0.03601590631461436,-0.1323401179334756,-0.1524840255859953,-0.1442423524178771,-0.19220280743296936,-0.1822674799853612,0.058087113401191055,-0.06513311073044073,-0.24022593084649477,-0.08707337986865468,-0.23479844400481878,2.6343876874362966,-1.2524675791488724,2.522708982893187,0.5896962389393092,0.9315301163802012,ICL2
178.0,-0.14660791290094585,-0.13136608807872524,-0.07130012188949444,-0.03361929997456291,-0.03553345252144558,-0.051901915522249896,-0.12247837420985687,-0.11891813548293788,-0.04220816238068551,-0.12295001499122804,-0.035489624062346646,-0.1174097228615813,-0.05462804811768508,-0.022375460591367028,-0.029109814684754966,0.3332958168868199,-2.846031634353003,0.672243502602493,0.013451359727172036,0.109386373689355,ICL2
179.0,0.022186375670389752,0.029243270903398687,0.032533848196815214,-0.014931213323248836,0.04152650544854665,0.06956267237362397,0.012384456275176967,0.010191913028035399,-0.0008215399739664588,0.03996886532506498,0.05918312901268555,0.07122692401777873,-0.016044479407321368,0.018129986550927808,0.09409234880813544,-4.594047534067085,0.8096999090891909,0.5404302718703499,-0.45291184350455527,-0.07940817499250087,ICL2
180.0,-0.10132134907351666,-0.10510998475646571,-0.09675008113357178,-0.025820509710550166,-0.010131928132654074,-0.013214344287895544,-0.11427598317185489,-0.12336658770439961,-0.1179587941788942,-0.07328170508676413,-0.0448395363038774,-0.04212254633236329,-0.11572135440917324,0.03818827908445789,-0.08207649746154955,-0.04412830245834099,-1.8840509840744286,0.6098920031747179,0.2389144560377476,0.6455164781131729,ICL2
181.0,-0.23717172656109672,-0.23009621862752686,-0.2710136094384267,-0.16389959529844997,-0.15723297310133547,-0.23583972291589742,-0.22226227063959136,-0.30298935904912705,-0.3721111757633107,-0.20458268215662134,-0.030396364098002684,-0.06882022421706696,-0.384675879129756,-0.2198446011966845,-0.36478847931254127,7.533340311695973,-0.8326113665167383,1.3095852076088594,-0.03166316836594451,1.3295443036641514,ICL2
182.0,-0.03832404464102925,-0.13859453329929095,-0.009875960146319685,0.019202485766141874,-0.0053768690630267586,-0.036817214650773235,-0.09432440501496656,-0.05724812588923268,0.010436679556905951,-0.1237671227081008,0.02146725520406592,0.04612456680494282,-0.08006824082779977,-0.05350930748148284,-0.05984872109539277,-1.2785757912255447,-0.9070069144760139,2.1570990592044246,0.2421299532933967,-0.35172478627390863,TM4
183.0,-0.07486331111104036,-0.09473666311953086,-0.04784187212944554,-0.012614993882112303,-0.014493788343041632,-0.030647172771004406,-0.07684636249896394,-0.043843615053475504,-0.03627409739218588,-0.10007145639077959,-0.08269985462110661,-0.009179432660950834,-0.14474171590838497,-0.07101689082095441,-0.10552926707176231,-0.37239964700594874,-1.9405237149643744,0.28846375503004246,-0.15734517746577384,0.3268314943385094,TM4
184.0,-0.088506345980134,0.00156020564653793,-0.023780215891009662,-0.038425736403738794,-0.004017892920106153,0.0032733005307499946,0.0031032753280516258,-0.01408588238410384,0.023348416293669527,-0.021835146246696326,-0.0076456500185337894,-0.06750052827862515,-0.06506200049934537,0.014187804886557912,0.016164827883512586,-2.384067735318201,-1.3282807565096533,-0.38049146732804784,-0.6947026385138753,0.667168423350417,TM4
185.0,-0.12841449166473562,-0.17954144194716276,-0.10026750962703014,-0.03261454471805913,-0.004478462144519308,-0.008438694817647066,-0.059360354988600796,-0.08530873879756312,-0.18324970071689464,-0.1391200764134083,-0.1235715951001796,-0.028780538762818192,-0.07232826751901959,-0.04166584927697169,-0.09283575137913712,0.6728135142701438,-2.930822127162947,0.3589445289434018,-0.9471845745580212,0.23656186969098036,TM4
186.0,-0.15791334602767504,-0.14475738226990786,-0.14982295937784884,-0.16140362573899372,-0.19649901685396762,-0.2664794744801339,-0.17475904112317464,-0.23979269266029438,-0.24805780493423893,-0.06977027772532834,-0.04200457578876639,-0.09587318763658563,-0.15599838482629189,-0.1480295922745696,-0.19636745837161637,4.331916405266693,-0.5696208915329245,-0.40214700171859585,-0.006761368880751631,-0.21006038721067247,TM4
187.0,-0.12815828860563172,-0.12462724346062388,-0.0632924376127316,-0.016311336841360085,-0.025531913901811244,-0.02834384520010522,-0.092167955165916,-0.053739686974150984,-0.07809270502347561,-0.1374478084978199,-0.03132276538012632,-0.06477539308566667,-0.14047864734521223,-0.025919450067255104,-0.13697354788573846,0.3757506445449616,-2.333865589761592,1.0390770098064117,-0.21869321550782478,0.7307936415478564,TM4
188.0,-0.0374932882317188,-0.09135714239333191,-0.038882400624451606,-0.021239613958212597,-0.035234115537752804,-0.013542287319570032,-0.0535624449227328,-0.12653588645763467,-0.07062643336486718,-0.06565970509792651,-0.042014748907866314,-0.01295102478125183,-0.03742240912098501,-0.01902897917284523,-0.03424725220915693,-1.0937503904015011,-1.242081499153132,0.23834118937851434,0.1329314575710562,-0.22104796858443468,TM4
189.0,-0.07862466590548393,-0.10538680017277519,-0.11669099756510888,-0.06176708777991184,-0.10106842020870485,-0.11647559102405652,-0.0952272577341049,-0.1720283300357576,-0.1437463680535249,-0.14951539423356813,-0.07838936346691745,-0.06396419430260127,-0.20344016090763906,-0.11363238028570706,-0.13063690490755323,2.0136253106599167,-1.5674886302522935,-0.260831631788117,0.3114042354983057,0.10707018127646119,TM4
190.0,-0.06523889471011264,-0.0624574662775065,-0.1541878081786403,-0.05049283561850939,-0.1678378646394809,-0.18426609485164694,-0.0774468713291574,-0.1992393572138207,-0.1403158470445964,-0.051225892116639735,0.09971208427665874,0.06672701699096627,-0.16722989301624672,-0.19376183415324177,-0.10154640821440862,1.337360133722676,2.489303420385973,1.1778296144960232,0.09860058597861922,0.2165213352400164,TM4
191.0,-0.04077947199110463,-0.018445398562966953,-0.026612663606655075,-0.08264375335180292,-0.10155596872054463,-0.10044654517777889,-0.025640982444943203,-0.06492285892642712,-0.08505346802148109,-0.01312195136996959,0.03964380512637073,0.01384528691373548,-0.006482735262321457,-0.07546379466387593,-0.025502676407677515,-1.2466940507360746,0.8147277443702083,0.07987199564574358,-0.6599040101998445,-0.6135941250534744,TM4
192.0,-0.033273933112911595,-0.08846992938076384,-0.09478653786663849,-0.06907981275649676,-0.123843476000061,-0.097344468032542,-0.06683784184023138,-0.11393617668675066,-0.10738225604913366,-0.10352389609300418,-0.044183681308745365,-0.06009602993554969,-0.0572038209206583,-0.10847901756395681,-0.08037122686790657,0.6068405119401654,-0.9941939638708577,-0.4535601400851663,0.01985196599515507,-0.7737520021762783,TM4
193.0,-0.06904496092530525,-0.09295446387426184,-0.0762301270922277,-0.042842247342856674,-0.08918265595717084,-0.05429395318640177,-0.08694843395631884,-0.10616026262848638,-0.13952230480689537,-0.0637536143496762,-0.07999190480345687,-0.02694517475136744,-0.03520788557200718,-0.15880539013497522,-0.08449879596960551,0.4485589670115393,-1.2215968152955923,-0.4406720611180286,-0.25105429935486717,-0.4073160188640463,TM4
194.0,-0.1238849738930315,-0.1575537540292731,-0.16064660756610855,-0.08702141063219035,-0.13968842137818072,-0.16809150942124299,-0.1762475710847929,-0.17209370072460042,-0.14241252130538193,-0.09010109399828455,-0.010495011946490565,-0.06475987614575211,-0.14760475727580694,-0.10269973080189604,-0.1711520881273331,2.75290046754624,-0.8676307403959455,0.6613956004647844,0.3287354876072077,0.015473373861672936,TM4
195.0,-0.0846560345066177,-0.1498562381690095,-0.12124074217263993,-0.1548429444037498,-0.1509462142014078,-0.13805332475830806,-0.10008457973740546,-0.12922274556912408,-0.1600417122477332,-0.14466467956976936,-0.005882211502473817,-0.04929312475247522,-0.14217659000808663,-0.13089152173576454,-0.09593101249332865,2.3017228428928878,-0.5708380511994463,0.4097839164318463,-0.6635806664513936,-0.9427707954116725,TM4
196.0,-0.05393492909378311,-0.17633448976472482,-0.13571533117602438,-0.08479789073591606,-0.17359768812084758,-0.12017980932847619,-0.09371181603414439,-0.14912904260240153,-0.17166086548825468,-0.1310781330336537,-0.03844846393028645,-0.060818747964673486,-0.10582392005652634,-0.15048744540240575,-0.08673024843268133,2.137073695896577,-0.9351777276000754,-0.033401760557460754,-0.1623483510708089,-0.9485156949939508,TM4
197.0,-0.03138274158428154,-0.06577706982457326,-0.11753336317390847,-0.10465083143821356,-0.17648438162969668,-0.08149165956621669,-0.035237714554412616,-0.17509151006492052,-0.11615300779211574,-0.07927390660212474,0.05839789896382698,0.11546864693620358,-0.09835568311145057,-0.14414024481650425,-0.06732068974053303,0.3635162148666141,2.1437833910366906,1.1066423015790097,-0.7000792409088118,-0.7425159594506721,TM4
198.0,-0.02482325661526265,-0.05196310541256394,-0.13221019279782775,-0.1296545380595051,-0.12515490237448312,-0.14616217979076182,-0.009853566939149983,-0.14393974797409395,-0.19809547216976214,0.0069122190132826205,0.10438443167214405,0.06192096907985461,-0.12437182906165442,-0.09775133903344918,-0.08384645798956192,0.2695330057554485,2.811548445838276,0.48464848466270166,-0.6731555818472666,-0.03545954339988037,TM4
199.0,-0.06227221578666158,-0.06229125628041408,-0.1061775793429508,-0.04703303248096743,-0.07986815846908484,-0.022818743771505022,-0.035126197869381044,-0.0907746160161504,-0.0658942247490697,-0.1005183107449247,-0.035943638043076175,-0.005596907757339989,-0.06840447209857087,-0.05668516551397917,-0.11546522309842852,-0.2581129661202795,-0.8861603865467425,0.19475652787289163,-0.3879597124518723,0.08317149358021027,TM4
200.0,-0.10346810926230474,-0.16729146333443035,-0.09801952692849907,-0.11951464407543615,-0.14917988826487727,-0.10380823128841248,-0.15922442228203773,-0.1666508497901995,-0.13248067557693197,-0.12604664090155893,-0.08956692433238332,-0.07671003879761805,-0.18523963789667333,-0.11153349301450721,-0.12781862642158076,2.679553481930133,-1.9677460408188516,-0.11758174856147588,0.01974730880786958,-0.5617457839711083,TM4
201.0,-0.061631220097211115,-0.0983402942141645,-0.05842306677838526,-0.10900065049937732,-0.10532397495306955,-0.1267113292426465,-0.05495135384623972,-0.17892185989722895,-0.15194912645131395,0.009287641168805436,0.04452931608070503,0.0018598101081840521,-0.11504941797300666,-0.13791414444409694,-0.15166543772828947,0.8222720236968636,1.170113370590802,0.2799868739098058,-0.19194201195753466,0.2065258022452846,TM4
202.0,-0.06174301225706244,-0.152323785745034,-0.17911663244736994,-0.11865161360844875,-0.10779047580945404,-0.0375392139059176,-0.020447471580955463,-0.08188946967224678,-0.12187321698213782,-0.12281726922996831,-0.08414315432600268,-0.025470185865283913,-0.10387901610344001,-0.11702132232818539,-0.07369728285817405,1.104706794545309,-1.303767467872987,-0.4915646012000006,-1.2502178253936722,-0.5652707685765899,TM4
203.0,-0.14092970845616948,-0.12432272316018506,-0.18891146826735217,-0.2076859955205971,-0.20160216836773462,-0.1575726255687312,-0.12206013568784285,-0.22956004406944272,-0.1554854013324062,-0.12996225887821783,-0.009163549889679858,-0.04684262751352358,-0.14465897748527387,-0.20184045102047618,-0.23034888035724688,3.9700222484353422,0.001683695881952771,0.24474391717267135,-0.6704304431985686,-0.37054550764497085,TM4
204.0,-0.029096999777198457,-0.04015685196281114,-0.08438698546364011,-0.11105561449683087,-0.07380316841366197,-0.10231186481660161,-0.07254755592486646,-0.1628617729431696,-0.010333865614781118,-0.06392964650596829,-0.06288636031190509,0.021022919159626684,-0.05233096633514824,-0.08054937266507185,-0.06195468910404138,-0.24422494986607007,-0.38193764576360006,-0.35083796488423324,0.0150297333968723,-0.8757659670594415,TM4
205.0,-0.03992109601750669,-0.09795423944084287,-0.07801327843477017,-0.03201823099697478,-0.046894555604468736,-0.028849179970977988,-0.10188429662131755,-0.08545680126997822,-0.08886839573342994,-0.08235296664119303,0.011511723136796258,-0.036352419036620384,-0.04856071534579308,-0.028504212117518385,-0.02137248905685312,-0.6551699411281849,-0.9681705191206068,0.7657196703728749,0.25349726205713236,-0.4325047960844241,TM4
206.0,-0.04345509989804769,-0.053448055854281,-0.059646883958840304,-0.047028711540279856,-0.032920172591229986,-0.01765866137830997,-0.07802338329907213,-0.016897858634374804,-0.013202774260994173,-0.07501212362229961,-0.08995569135477863,-0.06842378113453292,-0.05576188249402757,-0.04117534797189554,-0.019786049417014673,-1.0838798365233555,-2.2631026874458215,-0.7158279327640521,-0.13536709688856913,-0.4756678522116655,TM4
207.0,0.024421549917138654,-0.023602343085137825,-0.0191311592734605,0.006551075784747348,0.012133772256787995,0.030666729909521333,0.025166215042612166,-0.0067864332265876355,0.03471415924016231,-0.02639468350876523,0.004324358913637237,0.008427239172596369,0.04297076854492443,0.0071914017118367805,0.017017611549259182,-3.643496666547602,-0.5653463322994439,0.11279387303041795,-0.1787736356089655,-0.3261254248173042,TM4
208.0,-0.051036529842240254,-0.11755721239874221,-0.22146204907539657,-0.0844040350850241,-0.12451171765373234,-0.12860032506837143,-0.12463406010421246,-0.2688717622739465,-0.13785947892026917,-0.14798176942885005,0.019596498845140656,-0.01741391779979725,-0.10504702407740768,-0.10941177644621387,-0.157559623980424,2.315480480328153,0.10278945861235467,0.9680109684608926,0.8349216146822103,-0.3183952215048095,TM4
209.0,-0.061411932655364224,-0.06241414380264201,-0.0010627919256688226,0.05482274532356331,-0.03268513807875661,-0.02451393419140847,0.0019579371277871817,-0.052518086424283385,-0.05276834271043246,-0.0441148632021369,-0.02898881625941529,-0.05366225101224087,-0.009750457025814637,6.081781108199499e-05,-0.04235398056026965,-2.0144940520626493,-1.5880789736310466,-0.04879044279051264,-0.039239399822584536,0.5568394774013364,ECL2
210.0,-0.03442170766005805,-0.09140368995532899,-0.07384647154301925,-0.01023648257397614,-0.050701369231059015,-0.0359666550169876,-0.09359915898586803,-0.14564880458415666,-0.025511402984156457,-0.08716553963751514,0.008457527810478998,-0.06484038062904567,-0.09613056585350983,-0.0643203889081725,-0.09483546774742496,-0.2443861998254545,-1.0939051898670973,0.5798891434149005,0.9307697434848321,0.1545655379038554,ECL2
211.0,0.027584331761858868,0.0022876675603821744,0.02793810699224253,0.03911487960115625,-0.011922117967308665,0.04144526631453182,-0.02995141989170708,0.012639175063197242,0.013068541622697716,-0.01688978355547151,-0.048536910572297386,-0.058968192992899925,0.0034031865516552283,0.014286951477989748,0.03823294626392755,-3.46561355129681,-1.6965789729654852,-0.8066496243527146,0.48756366024566206,-0.34072757636328305,ECL2
212.0,0.04986459454554645,0.039229971716481404,0.009027455043740367,0.011213768922625749,0.022404210857738194,0.11101871295816498,-0.019338032397430226,0.023037231403764083,0.060084152404026384,-0.01718228699652389,0.0029746266592148903,0.009631765165450371,0.04925674615353301,0.07221551239298137,0.11823622861124317,-4.852802023833403,-0.8227957235420325,0.024957270195487838,0.16526357194693567,-0.7319356111042047,ECL2
213.0,0.029544471232800948,-0.07302799506912605,-0.000612641912487542,0.014179723526004648,0.01924493896355041,0.023712519554554112,-0.011533035999664947,-0.009263700197923525,0.021291473035823443,-0.001283022057491112,-0.034083522369052634,-0.005036017977428418,-0.02240087843353734,0.028300061451787643,0.025873994846375616,-3.3022290804444436,-1.1642396595448563,-0.14293722062949166,0.13074726953767968,-0.26974374004413204,ECL2
214.0,0.04542909264784577,0.0169870833499265,0.005685602562459783,0.01648848957357868,-0.0008733165325424904,-0.018653389467593616,0.04970369616976987,-0.048166015995541996,0.02646944917980255,0.024972639434914033,0.038078449834570566,-0.009517693856614138,0.02487141920261035,-0.004518766226598517,0.05353834459958584,-3.955263280718174,0.32612567490123007,-0.4248603875338256,0.22656984702941393,-0.10614600928097642,ECL2
215.0,0.018785378983687383,-0.0372143166720992,-0.013969027649733025,0.0030956098512400533,0.0038328654538478733,-0.04187088725781676,0.009028181808600736,-0.009438327124488171,0.00749040318448192,0.005115565951197005,-0.007607153239923747,-0.031844822072228364,-0.005705752889237622,-0.017866793736903676,-0.04702511807826101,-2.7752486103489646,-0.6264500204623275,-0.4299504627847069,0.1383042754099792,0.016468686962237872,ECL2
216.0,0.017925257588158872,0.00585366950492239,-0.03907752596653647,0.0161384727193607,0.01960101034737659,0.022608179442354482,0.012924280870281786,0.03774496643379542,-0.02206463039217167,0.03090790085331463,-0.02836718606095405,-0.0683798482529324,-0.04097915799791584,0.02944648099103846,0.035667625868713915,-3.4111675789197484,-1.1195068651464812,-1.227105656670107,0.03484149202243647,0.38546972304760185,ECL2
217.0,-0.03954412419302446,0.0077349169666625014,-0.0020547869323565894,-0.02889415983284213,0.012887162220551873,0.01215415517116279,0.028379475424069812,0.06527820479984077,0.009205659282068644,-0.025083042339629148,-0.032080222748163884,-0.029506984656758085,-0.012014235811250294,-0.04825746333768346,-0.040350963048072584,-2.859605113598026,-1.147606178259128,-0.5734535943209288,-0.9496952801966477,0.2130857768449429,ECL2
218.0,-0.0333168062015981,-0.023163179687815054,0.043112123609619336,0.06574268694674006,0.025291851618840493,-0.005362789812370264,0.006777474582741662,-0.024098961676805416,0.023862706081738926,0.031157014407974692,-0.02612577473728282,0.007111056092921643,0.0030631315739925434,-0.01373475888168828,0.0005689507403286269,-3.5652153121172168,-0.8946765245897732,-0.0824677612683216,-0.008174554200258831,0.5873611018236456,ECL2
219.0,-0.08455997853033854,-0.27258748063761395,-0.2947269212862477,-0.2417774158090367,-0.2989266986538944,-0.289268747494416,-0.22070668468046364,-0.3055612241114904,-0.321275657569223,-0.1561028311936159,-0.08101439848591281,-0.04513721826772408,-0.3054475794449863,-0.24777767378586552,-0.33861187330608106,7.581460935287292,0.060645046346568206,-0.23608577439936457,0.2322192732541577,-1.0576675402559212,ECL2
220.0,0.03126740975475875,-0.01624708500625693,-0.013130621551952092,0.06227830127517601,-0.036038751996991934,0.009386670113003516,0.050835036753756724,-0.05176398903434289,0.040029169703565064,-0.03487242982839176,0.023025070230311594,-0.01997136437614319,0.06514502473945835,-0.007387461942746542,0.008164945271996751,-3.5902339590674845,-0.4285262508838922,-0.014376827880902969,0.30213880852868613,-0.10779035791638028,ECL2
221.0,-0.06854408855757593,-0.06885718552528719,-0.04527872895917615,-0.05087957445820737,-0.022456953793283656,-0.08264168963714402,-0.06987318225025543,-0.23792936816094631,-0.08826144973715953,-0.11218339038636882,-0.08448409280126086,0.0053194736746152325,-0.11715279641588965,-0.0603164926346495,-0.07040879077096983,0.2543652568873743,-1.2909243958888166,0.10636672344377232,0.4246806758345794,0.007206766780274619,ECL2
222.0,0.020189686481955908,0.02795457819745261,-0.022819719724969562,0.011262775411110933,0.057100851828834405,0.0375460281060113,0.08290635943619135,0.0375638137908669,-0.008229576286355225,0.03955080949378892,-0.0022939098463004848,0.031803816859070674,0.017286113279396987,0.014496330244780288,0.040502029244054924,-4.475903756907146,0.03752524083809226,-0.5798069577897327,-0.7290070822586782,0.40603920468704496,ECL2
223.0,-0.005016126875995265,0.04397506458231655,0.03016216119482271,0.014274103031873452,0.02535328504173259,0.05169227304825927,0.055012720145532684,0.02035924492156386,0.06083398488903103,0.014870372284783074,0.01839674413555004,0.04979646240269788,0.0930149112505505,0.03909916873871301,0.05218981028020247,-4.927878759961121,-0.08281576985696415,0.19207784666306982,-0.7020729249352785,-0.07152591220207412,ECL2
224.0,0.03773124027352869,0.011305035867408804,0.0676601997917704,0.061267969422490756,0.021097649979032622,0.05105588804821897,0.013944816564028873,0.019575643747964097,0.040446852698939474,-0.01519341906430152,0.007053672177619101,0.024230763589426187,0.02154996757531688,0.04555250566606746,0.05713104446553207,-4.6707416685422425,-0.641351057808885,0.2911440885745444,0.20326003924210517,-0.22798976314542996,ECL2
225.0,0.039550173558485176,-0.05160442489390965,0.0742566561408911,0.004547123941574787,0.010236226833716616,0.017235601596089972,0.053953961464458425,-0.05974308963448682,-0.037835394497432805,-0.015090059910656248,-0.015948357017334065,0.009667960911855284,-0.027424364754096896,0.008784836136183772,0.024758479783081752,-3.4193724413962516,-0.5280007588864979,-0.202187813077709,-0.08142883328338824,-0.2344169535439687,ECL2
226.0,-0.06822605060142382,0.015594906606991294,-0.04161937482053061,0.027575145170159472,-0.013620934262049321,-0.0417427844202732,0.04337900205297125,-0.0642560454538263,-0.0641113195005954,0.01628386060905306,-0.03965622375402424,-0.010857660524871672,-0.07019434966911234,-0.03158503702111181,-0.004702807123664068,-2.2978189382257295,-0.4779708439998813,-0.9122430669398897,-0.4736929863687916,1.143885714754715,TM5
227.0,-0.04050979648246577,-0.0027201364989234995,0.0031784943215310683,-0.0425850907365698,0.0012015330546861517,0.023587704301165566,0.01645898146297478,0.05809290315816547,0.027484864961774668,0.023584530634892957,-0.036668791656696974,-0.05045902280901238,-0.0011466737900146912,-0.00843283228223275,0.02747167078208008,-3.2356923478459487,-1.2897924639183946,-0.9682010594672724,-0.9569137722140199,0.05044009084474017,TM5
228.0,0.009271136869521732,0.019881427429543633,-0.01560421947290632,-0.03910910725523662,0.028495455715373562,0.02667234567943279,0.03939589566658698,-0.036248206906522834,0.005862034563196237,0.004583511976341715,0.02484079408350161,-0.01468823248132569,-0.03834298196464083,0.05340991218813093,-0.036684916824771686,-3.319561044566718,-0.143758304810331,-0.21273758355208439,-0.11902805162557635,0.48067012018988836,TM5
229.0,0.04351295436019963,0.07170714394108439,0.02581234297106817,0.0241994864396497,0.028075255372296815,0.029624767581770618,0.013368647423263777,0.032494102381817234,0.05156357974581299,0.027438324790739828,0.05265959118115577,0.055397402912862104,0.08865952819759561,0.05705825056448357,0.03529355165924513,-5.125347545488914,0.5274790612288726,0.39394161263812727,0.05495118401817687,-0.3093151519458118,TM5
230.0,0.05259006012572768,0.04245264233412588,0.030329722367601078,0.03842115474652681,0.03630729642717331,0.02293040721107062,0.025868436727813072,-0.0535357111738919,0.03406575870253905,0.06590553701074527,0.00880085857818862,0.07178627368697137,0.018175051641991565,0.05873957288904804,0.03738204437249694,-4.817024535847801,0.5436474887125147,-0.11103971676679777,0.4121561081984758,0.15016815196853978,TM5
231.0,0.0759556150533756,-0.014839271447590188,-0.007155629073631032,0.027206253692647703,0.016568908846928642,-0.027827857903985325,-0.0018454822137436786,-0.07305435592659983,-0.01994621799670299,-0.03892836951469883,0.037952901674202205,0.06433589359326596,0.017247661538582485,-0.06545791060913105,0.033380320209765155,-3.326397520225977,0.7146377423111016,0.6091357402978552,0.5844594604804536,-0.7493705151639163,TM5
232.0,0.05062184972756301,0.04127551849909042,0.027228176509034283,-0.020748282300894788,0.021455204646206184,-0.026397603244449605,-0.004845283859918041,-0.026597782986413958,-0.04127490815024593,0.016051595142158655,0.05927788202000231,0.020165427588575292,0.03416308329256909,0.008198106520292474,0.06508283202341042,-3.884288131125324,0.7405223189238479,0.0904171268788367,0.23164790455972145,-0.6310586207982363,TM5
233.0,-0.052830528067611675,0.03040772126810105,-0.046954918742956896,-0.0016111973092551423,-0.0014061742343703877,-0.03608763227732643,0.008236935587450622,0.020200859185089515,-0.0741530696128614,0.010860120381510623,-0.00028482506757149614,0.04016221705937692,0.008639414994031256,0.06905508073553342,0.023508899622311556,-3.2058015311618844,-0.052051694870049306,-0.005730700249045718,-0.817526444690029,0.33354538179658894,TM5
234.0,-0.05666455670351498,-0.04830783361241942,0.047546214306871094,-0.042045565887350866,0.020202925844429183,-0.1088440988273958,-0.06551939010254165,-0.1576003255424845,-0.009449674835112148,-0.08492392351204238,-0.002108269776464108,-0.0010271802319814264,0.01693985884992815,-0.0643009019450846,0.045447955885573134,-1.6688225284393885,-0.8581239653537293,0.8084505518779073,0.21133276745560767,-0.8351060038752209,TM5
235.0,0.09372003496901121,0.04563386762858426,0.026570407510380825,0.0006146774627561524,0.0008962083225047049,-0.04468299197568089,0.01653666029463211,-0.06256420565527168,-0.050370624778345606,-0.006599800428858715,0.08246145776066417,0.08761964498479369,0.004046874472059685,0.002129944429013242,0.0008005388418109,-3.808090585389265,1.7920545102909393,0.6547726633803488,0.5831982978427434,-0.6049157452700754,TM5
236.0,-0.039296217375055995,-0.06494252933894976,-0.055536544080743905,-0.04977701595674803,-0.01486948764135,-0.06283740120598749,-0.04864669047460059,-0.10793183555916615,-0.07059504847359255,-0.017411939825600117,-0.06142840701716943,-0.08227012277054223,-0.07327139659055239,-0.06392862606363107,-0.06738996412968813,-0.6271177027707139,-1.42744557313256,-0.9710969041688724,0.24893163203257015,0.19053892922537596,TM5
237.0,-0.05983952342201895,-0.03507935936086994,-0.09445356524376028,0.036274106729510903,-0.04940426158176842,-0.08468725779978321,-0.04355219816232254,-0.08840884187886103,-0.054826991531223425,-0.02838801689820899,0.026176635436757578,-0.06435081487619469,-0.0005120862073975121,-0.017325452977923844,-0.04495816401506652,-1.3610238569317734,-0.6252456405074565,0.11988302961817222,0.4569379304753454,0.5348486410408851,TM5
238.0,-0.07616322004496269,-0.1072289017623039,-0.14146483319872594,-0.021829910799406483,-0.11350202443218457,-0.11680909023292459,-0.1383580510118282,-0.29001825933426306,-0.08779697839623923,-0.0810975152453837,0.008039258087630723,-0.017397632638825516,-0.1556265533640466,-0.10837198881605409,-0.10472086618147093,1.5426810352976181,-0.08382165119713725,0.8082446852346412,1.2246040987643454,0.36669717562050713,TM5
239.0,-0.0167431289117429,-0.09560625619054186,-0.08301474213528162,-0.03191142670255051,-0.08104119322633314,-0.10290297715248775,-0.054458521161476925,-0.2656634656787782,-0.0857491982064605,-0.044387328627297495,-0.0559625359245251,0.007457079723364688,-0.07098684928859776,-0.117739970731944,-0.07662793260872332,0.2452457934788588,-0.2002594176473987,-0.32404935546670416,0.7700576366838393,-0.22103604339363722,TM5
240.0,-0.09409325615603024,-0.08115993258643933,-0.09585439214951924,-0.09448506243278511,-0.09823043850430091,-0.12658558512412996,-0.06395170429683973,-0.08694683996311203,-0.06473191503618532,-0.09873453498816301,-0.10900256443011173,-0.06300033831967555,-0.08935824323646215,-0.13113022884115913,-0.08705993077773377,0.9452844120957453,-1.8082371455808361,-0.9965097565880294,-0.634543226741141,-0.4424496257096401,TM5
241.0,-0.035886332901748245,-0.0894997828107185,-0.1383657729117372,-0.06469501393298414,-0.15276564319874958,-0.1689574833969506,-0.10487915763385869,-0.18796369527709553,-0.16129559408070793,-0.06281465072384665,-0.007121791480297672,-0.06088107985707669,-0.21164884415765345,-0.178162590126195,-0.13189847007167682,2.1232598516705345,0.25296661311484364,-0.5270471190001117,0.7558699481002228,0.07990725833088054,TM5
242.0,-0.06628331944993991,-0.08508144848731827,-0.07262001876165912,-0.09136697829639064,-0.12224453097141029,-0.10451421156404847,-0.024838300641673704,-0.16615052822565907,-0.1960444049134626,-0.053610150176787996,0.07325370434820551,0.019443653454066345,-0.1455144528549092,-0.12591528703134144,-0.113275146241284,0.8120342861459721,1.4253090597909197,0.7834172961225075,-0.5026490302196113,0.26462285924252266,TM5
243.0,-0.06182744851776965,-0.06772124430218822,-0.18023428204563463,-0.02755854113860827,-0.12198164530320132,-0.2305429945795554,-0.051439913501000245,-0.13629458350612297,-0.1586519717686111,-0.038790467275406616,-0.02858505467312412,-0.054564166952636974,-0.24824828670994417,-0.16197669920178043,-0.24717539569856947,2.210720480235315,0.2925275418733392,-0.9162322570212907,0.514269020787145,1.2853977731976474,TM5
244.0,-0.010130447979377644,-0.10010571558108043,-0.06494113273454183,-0.07534119634729597,-0.08285736313087724,-0.0643050476570125,-0.1007630700913253,-0.1166739397935616,-0.04336641863967566,-0.0727500913825241,0.021126212462411354,0.0004957231059577863,-0.11992521594123588,-0.10645604187093752,-0.08012855367841747,-0.021433538236439762,0.028199077350297048,0.7208342296507801,0.354457127550578,-0.6221397804379273,TM5
245.0,-0.027748497450834384,-0.11145688641702331,-0.07533573848249576,0.004992302068947977,-0.08292652056629135,-0.12812641284757523,-0.043625070003706495,-0.1639604228625197,-0.08665764453100235,-0.13778124930820657,-0.0073560116851558895,-0.07524986221534653,-0.09387876520191883,-0.06898429499937038,-0.0815151975469536,0.34996388580702603,-1.1369688222338314,0.26989213561136255,0.7753934974837207,-0.1290222982128441,TM5
246.0,-0.10261840466255233,-0.23510470664072222,-0.34225363390639846,-0.2458559727826216,-0.25216202598876947,-0.34629608408295065,-0.20466204978568853,-0.33905788189858127,-0.3360273031275194,-0.15598031264947407,-0.037795617320743206,-0.11230366353526632,-0.32309536448979576,-0.3542277352355444,-0.3404206914947142,8.235360630481434,0.4398804363160452,-0.6258451665626239,0.5028425160013189,-0.4380113855954281,TM5
247.0,-0.0988522137789634,-0.08676973620151757,-0.13737226566157465,-0.043132628287063005,-0.06425602189746013,-0.07424248665644312,-0.06462661702804183,-0.06777108933595118,-0.10791419583293933,-0.0970676440434888,-0.043543692072658735,-0.04543746851431918,-0.06806847056413143,-0.0754415443486198,-0.14486328855708144,0.5504075666308433,-1.359436268781026,0.10461839047634468,-0.4143188350164823,0.3415552527090732,TM5
248.0,-0.06591217404660159,-0.0713945856643767,-0.11474090740515844,-0.12011614006096023,-0.13884715873525394,-0.03183361828529653,-0.0522629104596884,-0.13144591627482216,-0.10545218982778429,-0.09285932469842784,-0.041231735338008134,-0.038826225632273115,-0.16089124401403085,-0.1357048543588516,-0.06703236962331043,1.0061755401027115,-0.5511342165527674,-0.5600496852317634,-0.607769705192574,-0.24146176683924792,TM5
249.0,-0.12621105099701907,-0.1362730058103693,-0.18361738204578829,-0.0926143754512468,-0.12061274752711727,-0.1227276815594673,-0.13698292196655965,-0.24655952535153786,-0.17453106661253984,-0.11415828897062665,-0.011311015696077864,-0.09418991424442007,-0.20419600025138046,-0.1337426458504304,-0.18927259592216528,3.23216274569001,-0.8974733343943824,0.3099067755110846,0.5062675501968626,0.6981145221350384,TM5
250.0,-0.040969427274108856,-0.11789704608998462,-0.10020439098742111,-0.13448427987553394,-0.13159413664955844,-0.13483894323282863,-0.037071256166616946,-0.1855114828784669,-0.1298977701180494,-0.04156522745832241,-0.003029539294126138,-0.04305583488729906,-0.1261045547510448,-0.17397656714173476,-0.06887587464710726,1.2823592466711151,0.38327616364152844,-0.5925084870535229,-0.3545509872389089,-0.5033481273155644,TM5
251.0,-0.06100529799120535,-0.11733515792840703,-0.11856188437897613,-0.0921508208348473,-0.08356028722745053,-0.11610153349481098,-0.11630334500914481,-0.11454395168547413,-0.12171293747288377,-0.10503661114207141,-0.022176228861144422,-0.08313109741809623,-0.12940202216921498,-0.06524762725538083,-0.13277779000969248,1.364627006902655,-1.2362015067064593,0.10245638019306531,0.2823128334999083,-0.25815980929113536,TM5
252.0,-0.01168276479427606,-0.03266723916468082,-0.0654612360187523,-0.08518796025076958,-0.04694226092431954,-0.02085212371102451,-0.014112287802216641,-0.07046685022494834,-0.05051515866516748,-0.045698684146475356,-0.022206203928403546,-0.026528410910881605,-0.11112472595241656,-0.046995144179885456,-0.07358856325348558,-1.0127192435357502,-0.43562297655738785,-0.5231341345364375,-0.2433204973058777,-0.012152844884557853,TM5
253.0,-0.06855112484807964,-0.15520709639861696,-0.21332276317077553,-0.08486216970925958,-0.09241195563082108,-0.09476046994916247,-0.11339492544544096,-0.21506286739668484,-0.15321499600555594,-0.0980996151047114,-0.0002666713664576102,-0.1119343768803143,-0.1779537950126142,-0.1629931787020685,-0.17693929554514096,2.698236840383357,-0.7945455779708805,0.020773478054620237,0.6865503205091071,0.4936956812694323,TM5
254.0,-0.16749222694837546,-0.23792780750641543,-0.20322703957541463,-0.14307987927434015,-0.10411693622366167,-0.14614225199623765,-0.18410968102862735,-0.242982860874378,-0.21329303003853786,-0.18851561123976301,-0.04396422988127725,-0.05096940207786404,-0.20387911988497584,-0.1597579831055772,-0.21920511024540287,4.596928727247913,-1.5698045507988014,1.3509616875483939,-0.1696441049676235,0.01799455032540194,TM5
255.0,-0.06883423702143426,-0.09327322720066607,-0.0687160116679926,-0.08237893764213694,-0.052283938814324735,-0.06645542689048431,-0.04079966007396768,-0.08936924847739594,-0.0710509702048761,-0.07032650139940137,-0.043488888531416844,-0.08412188208623095,-0.047645693973920725,-0.06544488223652707,-0.047927841078141666,-0.1823015626452568,-1.5587070802275473,-0.48428203602432557,-0.42493887718623674,-0.270283060120225,TM5
256.0,-0.03618791652418509,-0.0850179201924785,-0.054517878307037575,-0.047512631841755304,-0.03384623800975945,-0.035120505253176885,-0.041052419938992536,-0.09159145997115949,-0.14099065196450333,-0.0348742135684249,0.02894970030819203,-0.03376518121258391,-0.12187710394121883,-0.03926005530059504,-0.08879421953790355,-0.5429933365462287,-0.1727158984719146,0.35713821380547356,0.013024607156629373,0.4451898602139074,TM5
257.0,-0.15393187365946656,-0.2191517484954248,-0.26167387462030667,-0.2084848891532051,-0.15155073278577977,-0.13525467052677842,-0.1556373704450304,-0.23118522798611857,-0.2271804120671648,-0.08859078354569441,-0.08766206260063623,-0.07370939504360907,-0.33614048187101425,-0.24791392212854277,-0.21621066416907833,5.358629464472923,-0.8863666341782646,-0.5927191560256341,-0.6558071048925063,0.5229433460987012,TM5
258.0,-0.1717987183108295,-0.15973135201944802,-0.13067363873548102,-0.06418154643611733,-0.04045434457837248,-0.051669995888189844,-0.11870510302898399,-0.1950022869342837,-0.14374652213131173,-0.18840650135594883,-0.1114717038987089,-0.1181299716530149,-0.18372909612329044,-0.058288604889185885,-0.1590238072412116,2.562914311830125,-3.45146559781003,0.2584658885992795,-0.002505023854685318,0.8109752269932107,TM5
259.0,-0.02929848349251466,-0.016225144589243623,-0.0124355610181041,0.007339015233864201,0.00865529749600152,0.028061059559203325,0.0009260070498239994,-0.001969880624607988,-0.01178844924686973,-0.02576422896104516,-0.041813050993055136,0.027546550263568944,0.010401231657511079,0.025094436255249014,0.015446856164340494,-3.1999402065837663,-1.0348457771363975,0.014715874000640485,-0.5451154900172561,-0.021874378304572988,TM5
260.0,-0.19153907791217661,-0.22891516443035864,-0.17707102167796923,-0.1334256202863163,-0.18192636885107458,-0.16123154114297347,-0.173427880819353,-0.22791263610091994,-0.18031869914791027,-0.21818316257197884,-0.0800606450317403,-0.0744063933517762,-0.18497022727062498,-0.2616364544033564,-0.1597929215117075,4.94979357609793,-2.0134078655339502,0.6970894846802647,-0.6163434577876179,-0.5176517159817983,TM5
261.0,-0.23023366174235915,-0.25864997976753124,-0.2221939640055265,-0.17924196572131076,-0.17132342525869224,-0.20848728247914367,-0.13127633916855408,-0.2544096202662665,-0.26337927014618634,-0.21303907751285042,-0.06416669331316192,-0.06405033494028912,-0.30457240332565966,-0.2327988096340484,-0.24318367009219236,6.192202933536909,-1.406955374655314,0.800046779778721,-1.161291364483874,0.4986935254516853,TM5
262.0,-0.11125741007099202,-0.10298617167079042,-0.12885159435005467,-0.051039827037401564,-0.09108389141088113,-0.08151828366912627,-0.04800755161936142,-0.18974228423942738,-0.11283468544794137,-0.10797700754224011,-0.020793956573755556,-0.0621769521426321,-0.1028790663148679,-0.08790341786713703,-0.08174516570234486,1.0243364864516322,-1.0619335926890052,0.15539665406406405,-0.1662660190444847,0.4303268764531365,TM5
263.0,0.015525972652790078,-0.10502025799886039,-0.025332488985573064,0.019831982001690476,-0.05265371396299275,0.01552158296338407,0.011959371874291178,-0.048477781901894806,-0.0549896291790165,-0.04024595361576125,-0.013958300404528301,0.01803939820987248,-0.0206442275022782,-0.08803675676884354,-0.03581909308707329,-1.9968509578824698,-0.40985193080013343,0.1846350626348014,-0.22307538410311778,-0.27535244282532123,TM5
264.0,0.06104049988192109,-0.06327180010511674,0.0237531381839525,-0.020725691253874603,-0.0019990351184417748,0.0016093933793228162,-0.0072514457920581235,-0.017702625179823708,-0.02109496915801238,-0.06251129578228494,-0.043865858307429346,-0.05114230605143234,-0.004723257526974112,0.014876020525396563,0.04421547994316772,-2.8370358450550412,-1.5618822714313925,-0.562436467854745,0.26200772538677297,-1.0921260144839937,TM5
265.0,0.017040892889014815,-0.05186793809635314,0.008414259257885021,-0.03039506018055325,-0.038123973509124914,0.008304841552903328,-0.018800159319419796,0.0038725986504342474,0.016170468158795418,-0.13633763216673636,0.024329181881903975,-0.052193017383338654,-0.026227908221947385,-0.0663529045884116,0.02799770899750782,-2.1696029074471586,-1.1569584546528748,0.49495288112605534,-0.1099279678439788,-1.0599155360728507,ICL3
266.0,0.017731728977787076,0.024767465718659332,0.056795871248191125,0.013673637067748533,0.007714303909563622,0.07606352267149238,0.046164713140463186,0.05710505539917753,0.045893749508397676,-0.03384148650474457,0.01633694528980466,-0.0063021246386444,0.026267744316250268,0.02948825873178341,0.038119661374445696,-4.460302151243545,-0.7717878080509252,0.05289951256944486,-0.46719874536398887,-0.20251145389940609,ICL3
267.0,-0.02769118312993915,-0.05871843540876737,-0.016398671100873702,0.011820279505446979,0.011082709444692463,0.008607758480281584,0.0024988247384324343,-0.020330530297325736,-0.01062679839169276,-0.06523824019864072,-0.0016740371335085401,0.012163065495194626,0.0240978855504576,0.009111188637623687,-0.022581893764191646,-2.74496280939322,-0.9907372577902447,0.7271885040388998,-0.3698650098030052,-0.08346374882703292,ICL3
268.0,-0.06242049590147476,-0.04008099318738887,0.014107534436704062,0.0314834428169763,-0.0015795536749081897,0.011847104501551088,-0.01591656766554395,-0.006935334788768083,0.029834104302091435,-0.0889464545869774,-0.05356978135132763,-0.04827603575678716,-0.019912102955103227,-0.008096212742812695,-0.0048652068373777994,-2.4507514161959145,-2.284064480839062,0.06769327659088459,-0.2399599930555282,0.13672589153720296,ICL3
269.0,-0.01979504315773675,-0.03553356613130587,0.0881497725449361,-0.0014616143181053688,0.03188173966382715,0.06527641318881834,-0.004249314658093742,-0.006752031802439021,0.049396063564164816,-0.05616637760526364,-0.04693477606690996,-0.053104258503704246,0.04296581408788603,-0.018786602559765678,-0.01898642318768544,-3.2865951562667193,-2.2196319205957113,-0.07281947549660374,-0.1532263754429477,-0.3065788454626856,ICL3
270.0,-0.06314883758140657,-0.0982801124407076,-0.038431502242816114,-0.03884059590747493,-0.013431153611228147,0.0047308731652270395,0.01056150503089011,-0.06938660547034954,-0.0063099767985458745,-0.11405114500979897,-0.03566705018235754,-0.053828897387793805,-0.029262392472818186,-0.014556571203074136,-0.0322578780060188,-1.3929834519147115,-1.9619905179914232,0.24714660646300782,-0.613230577827179,-0.046476291306511035,TM6
271.0,-0.03218163712929225,-0.03575199460945308,-0.0039589702618713545,0.028934311085726815,0.026369304337019988,0.06153523246114084,0.036250027759046344,0.012361914192140375,0.026457110511896732,-0.08639464020117915,-0.05640366078032306,-0.06058442934524386,0.001271655619716,0.023531979608362234,0.01438405479701822,-3.14387871521074,-2.41243330906525,-0.29160802558963084,-0.4315722723161352,0.20680094724889822,TM6
272.0,0.026051617434109255,0.02985277197761622,-0.0028671211275604733,0.024753981859898154,0.008874949443953279,0.055901988627262054,0.022209372015578793,-0.014716508639964928,0.049575705323912735,-0.01448952494816054,0.03521836980231454,0.04560848288923311,0.03621812631143322,0.053198620626551237,0.03054932688880889,-4.3679109526953175,0.06308087396197977,0.5159475433853897,0.0036234238066462287,-0.08388346499825046,TM6
273.0,-0.09223432179304321,-0.1545914490998568,-0.08255601162008307,-0.040166284905656546,-0.06499710429474244,-0.05582740683472017,-0.03759100330413239,-0.1099468114019108,-0.06635887169887439,-0.17268266934747253,-0.04741260893934083,-0.07543079962288769,-0.05944857532600755,-0.06231049372908062,-0.06397304951145635,0.44442865055210584,-2.3195502577505613,0.5221223334792926,-0.44584849597130155,-0.2830618822553107,TM6
274.0,0.10931126062811387,-0.004441429755346643,0.0013459008231575158,0.04940527026043556,0.010294177412641605,0.03821399193843084,0.05077804651399659,0.018051544815915536,0.029258747076879178,0.022327118237185636,0.10936680595786036,0.0626574913657676,0.04082676055763646,0.017187131757636354,0.02616233050923407,-4.931836245085055,1.4170738875352422,0.8534660046319378,0.3569991625156291,-0.32315594177848356,TM6
275.0,0.010950038162487116,-0.08196054715696191,-0.006948003234045842,-0.03272065281094993,0.0025722620782258694,0.007734569355467231,-0.03378417756289037,-0.05782845274763327,0.015644295363115356,-0.08714740267733463,-0.06875940093851948,-0.06499860301799013,0.007712973155830932,-0.009780182031298794,-0.02643815382677962,-1.9719383663728671,-2.2478377400545333,-0.33861865171243677,0.2570035890806641,-0.7898633505706014,TM6
276.0,0.022775535455787033,0.014353683142185799,0.021724433270788917,-0.055996329299213596,-0.0030595164726475274,-0.01632681462242351,-0.0146226444162636,0.04478598614386677,0.017909145899652243,-0.0315798662086974,-0.03442418344146747,0.05788954513296203,0.03651609321824284,-0.02805684877721403,0.022366691766497995,-3.3856818559235133,-0.3269783850306592,-0.13033790841133638,-0.6774970943650337,-1.2022732192281427,TM6
277.0,-0.1458017871138113,-0.08356262093249982,-0.05666067930328306,-0.017398024339516125,-0.016170769712489326,0.0038117279893884843,-0.0860266766390287,-0.11134473144597165,-0.07074698369407388,-0.1508842671754959,-0.05399297760465355,-0.0596238331571512,-0.085563077900449,-0.03306665005461817,-0.1106011320811013,0.13618511067618796,-2.5827335655603996,0.8648052403947654,-0.2033673850244263,0.6762860528622009,TM6
278.0,-0.14859866565534383,-0.11598520643912731,-0.0861807302477452,-0.021368473612534137,-0.02064297305717278,-0.024653317239305927,-0.12293435353329232,-0.14223845536636753,-0.09392255501387417,-0.14887101973757388,-0.09380118037098595,-0.09999519603293695,-0.09194998860689557,-0.023119545820592474,-0.12138255432853536,0.9314003307170865,-3.3085075774980837,0.40106667033878785,0.19292837541387645,0.5827554225735094,TM6
279.0,-0.11134296660659858,-0.15867208491368542,-0.0870565982389677,-0.03888536052231599,-0.03408254729422897,-0.03233023649716885,-0.11321401238347795,-0.11228476569774541,-0.04669918979392452,-0.189485678665938,-0.06793010234098187,-0.10792811303127632,-0.10224942649394504,-0.04196838230785851,-0.05172140858302023,0.7883123109464287,-3.2766548739685635,0.6879770039287277,0.06684564109591672,-0.2086626597285791,TM6
280.0,-0.2398712303505852,-0.2655635323789445,-0.19470399092454535,-0.09954932806774967,-0.08397171224823448,-0.1304972206732175,-0.21809389720102657,-0.20828223610118224,-0.14258780916832145,-0.2172171047740081,-0.06707997741526374,-0.08368291462069695,-0.19925223977643639,-0.1224927148791682,-0.20724392393516758,4.531376598109916,-3.055830355921072,1.8512399183346218,-0.27924274792219594,0.44532856351571126,TM6
281.0,-0.019877200209477686,-0.03730623709864653,-0.03757942727442225,-0.054099124358707826,-0.039994445429786564,-0.04840988947506621,-0.02579806623913599,-0.11059091130937086,-0.04831737720190396,-0.042196398373120635,0.022034552515011664,0.02280243954267401,-0.0017013346422252308,-0.04370485270127634,-0.00042197627228782723,-1.7486943027380752,0.20594028016676258,0.42996255537803013,-0.17836562725542804,-0.534161513069854,TM6
282.0,-0.01982825134249281,-0.0318644731007552,0.0022819686945210554,-0.04368815284380749,-0.011262310614037036,-0.010517682675942568,-0.02662290040383075,-0.08313501389199981,-0.08876689197537749,-0.07765345400440879,-0.10535415747622123,-0.04522458600859904,-0.03580935851121008,-0.030528394160611344,0.040042868718635195,-1.6137175772422914,-1.9922926040712752,-1.0374280430616136,-0.15567226207618964,-0.6576472035654047,TM6
283.0,0.04958567722877566,0.03466059803724155,0.04741819020344764,-0.05102463452178153,0.006238973364075474,0.00296149380579499,0.016221589094541942,-0.0036945445419119998,-0.02720492361230126,0.01980758589845559,0.09954893764587537,0.1382156786706086,-0.01422066938737521,-0.05207646136800583,-0.004246788875556724,-3.8986319154998768,2.2820240409934653,1.1663788891295057,-0.5214728562654815,-0.533120947957873,TM6
284.0,-0.06511356178557512,-0.0992563753757937,-0.1122378884530999,-0.10410094475286169,-0.1153855382150383,-0.08616395793974449,-0.04749584979904743,-0.09323364171559469,-0.06838631891437152,-0.11553108098945326,0.0033493058201982174,-0.015356361903912784,-0.08851922734443327,-0.11668514451145282,-0.05464529072209162,0.49432379577189584,-0.3073841521181803,0.39076974421908567,-0.753566936973724,-0.6516054360843824,TM6
285.0,-0.041134351927909686,-0.060419739584563543,0.005305155425534189,-0.003638144515977811,-0.007395953762011269,-0.04552268697722651,0.006434970690011286,-0.07245314246828506,0.0132428112714437,-0.05604512534616866,0.018992159809020023,-0.07383250632924646,-0.03771978614891502,0.009712391645401115,-0.04145701028393827,-2.036315461092207,-1.214763011445051,0.2383820729106206,0.12419721873201174,0.34756631959181805,TM6
286.0,-0.011669710974410122,-0.020324274310768598,-0.030910334822222742,-0.06730647966911837,-0.02541920622566966,-0.08804218304690066,0.06981085343998143,-0.044827432411788715,-0.05774973748566684,-0.025675459411624756,0.028913621546267754,0.054324351942937665,-0.015329935530040938,-0.08375468339640534,-0.033207809398821085,-2.1414453800029687,1.003082701025877,0.045757765833529127,-1.0843524814068177,-0.22079749683760932,TM6
287.0,-0.014319270738862556,0.00011913214073013063,0.004396730703483079,-0.07523090150695187,-0.042057720943736894,-0.07527083383716376,-0.031020767806525688,-0.04864412094358341,-0.029404309206775246,-0.004353221702329243,0.13843638338461786,0.15231592696021481,-0.06528225478353221,-0.05223592264689506,-0.01810443398571677,-2.5095841398372274,2.745060543115466,2.057592243818474,-0.6536171834588048,-0.41255162072562623,TM6
288.0,-0.04128242679171736,-0.12167560668654838,-0.11555622579618904,-0.01804258459018078,-0.016195865466757147,-0.11462434863188144,-0.08223349353036864,-0.1180329223776663,-0.10321583589011088,-0.08938759744432341,-0.036289425800170146,-0.01918993256973149,-0.054272502049126814,0.008220989815605316,-0.11671256712934322,-0.06187239873836986,-1.2407107454085782,0.5717954232290563,0.4724262940038217,-0.043594587033114515,TM6
289.0,-0.05530413007789261,-0.07548244276151088,-0.02258134266796072,-0.010161125144139051,-0.037177212211817336,-0.03556501409765247,-0.03561170006218811,-0.04460574144414591,-0.08406050633591011,-0.06936297353179981,0.014127908599380935,-0.01854985248469329,-0.0760355721715893,-0.002097347328517878,-0.045409025788178,-1.3249808429723933,-0.7915778457408822,0.7012221937883741,-0.23648695939590622,0.18346841779598916,TM6
290.0,-0.00026763891698287033,-0.07159097717996717,-0.07112094662942656,-0.09186512748220567,-0.094665391323624,-0.07929047086706682,-0.0066514649363031125,-0.13954821852768715,-0.10641796593979136,-0.06699369009314547,-0.018487044816387133,-0.022590425851634326,-0.04033301913524209,-0.05762635006231529,-0.029717537010544446,-0.48612059388543594,-0.14844158535816393,-0.48946164482338056,-0.21772993842257565,-0.8185888626021943,TM6
291.0,-0.1952388161763723,-0.18664555951030062,-0.2696937518715503,-0.14833293404153788,-0.16106792366573233,-0.2352280683719654,-0.1399233131085599,-0.26979746712758673,-0.23476155971661067,-0.22212580952186992,-0.030047870607043784,-0.07068853914198449,-0.2588678138367784,-0.21184744552791604,-0.23168164361614946,5.648362622381162,-0.901549447833958,0.794247285374636,-0.3888975337062854,0.451452527655013,TM6
292.0,-0.11713278637068758,-0.13240251896068567,-0.12626871626670147,-0.08978520337450602,-0.0959205880378462,-0.17945383011093555,-0.1609997575181737,-0.1341081257056156,-0.14988987002328846,-0.13490242747879852,-0.045443696624350896,-0.024271569049411256,-0.13371739542081013,-0.12602424720086608,-0.15307386567166417,2.3650704746749587,-1.11791728709863,0.7192133347876106,-0.02646235069449148,-0.38583891665760883,TM6
293.0,-0.04337773011214278,-0.06737533948785944,-0.052158714664007955,-0.06452899598823303,-0.05966161220937828,-0.1353135887236561,-0.06774017453658733,-0.11295925340886277,-0.08794670777421519,-0.1023971475325826,-0.05724717831964593,-0.05542087517626919,-0.09703053166232474,-0.08378256627289708,-0.0413381614688436,0.16278249121873892,-1.2626241746244349,-0.45673791290324106,0.1334604103708686,-0.5752860174394909,TM6
294.0,-0.06693781641509329,-0.09753122593200177,-0.1536045342829595,-0.1255817886408691,-0.11995990884987906,-0.18638582721122512,-0.13801925688043007,-0.28153226827535366,-0.15483784669617404,-0.14463846212856235,0.04856011310554427,-0.04474627801623618,-0.19018306001646615,-0.12189655463954634,-0.086510165723117,2.5802190121073383,0.4000241719779527,0.8687953653603616,0.8160016113001699,-0.41796371180476816,TM6
295.0,-0.06809824169002275,-0.10305485322465374,-0.1980281392164309,-0.08611546735965137,-0.05014331284200528,-0.18555889657806213,0.0034207428990613415,-0.1712232359745436,-0.12298779428280308,-0.09917210424871702,0.08879095448712591,0.03310631439229435,-0.08276377425079647,-0.11161356420066186,-0.18598489379397865,0.9968749181919289,1.4497751979799842,1.378192717675853,-0.4313896601332944,0.4982062556001424,TM6
296.0,-0.07736100236490027,-0.1439262453899726,-0.07752151184848091,-0.08825066508033397,-0.14384899783625082,-0.20667746692036779,-0.08952408074680937,-0.15328356001355936,-0.12435456490632554,-0.0846186389424376,-0.031219366736692806,-0.0233557257465165,-0.07569447319403579,-0.13304182653898708,-0.10353851859978008,1.5618080906852012,-0.41745874762871554,0.11961108909742005,-0.22551050579355972,-0.8264120951062672,TM6
297.0,-0.20193168513256285,-0.32732334076550484,-0.35223939041340635,-0.3073754459844937,-0.3420699495628677,-0.4438073700065607,-0.2769621415153763,-0.36824066757947066,-0.37054755727930444,-0.24521736174849176,-0.08592199422652871,-0.10799358053081783,-0.3971931517714119,-0.3651693310144071,-0.38289144769207867,10.898103301560733,-0.4878110096392008,0.017543333567513798,-0.1881148320363,-0.946714352037756,TM6
298.0,-0.07748372935632496,-0.14552656749901166,-0.15818014169570113,-0.1783461296271048,-0.15739123243805495,-0.29658643605417084,-0.16564948238289698,-0.31660411188513327,-0.18828470821490892,-0.16379533227391882,-0.052734494674515825,-0.08691343943940259,-0.17112439198990131,-0.10822513686668893,-0.2618661178357103,4.515167978868587,-0.7908305583529472,-0.06319948034888065,1.0228829128051748,-0.7698111664304956,TM6
299.0,-0.021195763580527462,-0.11253744176292665,-0.20329222943243236,-0.12921606964598484,-0.12089660801268093,-0.2844206174006832,-0.15112590681427496,-0.32026776665922235,-0.24832311387137251,-0.17112302637663113,0.020759434845036454,-0.021214369016199202,-0.09734422028280094,-0.18721794615995963,-0.1781638474973656,3.627719466098239,0.8076951700188002,0.6673929574221785,1.2480170575207825,-1.1624197968081385,TM6
300.0,-0.05852888939893636,-0.10447581885718434,-0.12972319972422078,-0.07417523462905269,-0.10182439575653353,-0.186209146351154,-0.11509324300546378,-0.14976860125107053,-0.14720084977156508,-0.09907173278708109,-0.041893494060255866,-0.09578459524560641,-0.10848454681720335,-0.13119961817908793,-0.10639114460397263,1.7969254552792508,-1.081327284874868,-0.5083454595888891,0.5046270545828645,-0.44873858896289087,TM6
301.0,-0.06303519262795865,-0.10611030245942643,-0.1255648401800772,-0.03694359916852577,-0.07301809276039697,-0.10629948091473586,-0.10562224199044001,-0.13941734837817185,-0.07169914398428863,-0.07745464681529525,-0.0739052006120987,-0.0703650165778103,-0.10117765089451414,-0.1335963942931976,-0.06949913484133101,0.8458298086867536,-1.5535757363720686,-0.5322954191768,0.41192005391079034,-0.16020277127692992,TM6
302.0,0.04250570717995911,-0.03507158053929366,-0.00537177493869571,-0.007559749286439831,-0.0497103641642476,-0.1623803896705112,0.011501937438940632,-0.2959086698195974,-0.043613043089668804,-0.05855577954009898,0.042868512694766124,0.049025975979647425,0.029164896360094134,-0.047095194774217614,-0.06405576961867025,-1.4906876275521086,1.2159935906529944,0.6190127253205394,1.2536979222898905,-0.5975710169442876,TM6
303.0,0.004027075276629514,-0.054574658148081864,-0.08873131265706158,-0.03884251832320594,-0.06443273185484776,-0.1303339787549459,-0.06244789640072663,-0.12647140037129903,-0.08840969038591039,-0.08381255888824798,-0.061351593647368155,-0.0030211277263375684,-0.07186817895731772,-0.02789228325342581,-0.04430592430856667,-0.43888893060426076,-0.6870823292272547,-0.40788022195922485,0.4997728824892031,-0.7107444862372212,TM6
304.0,-0.0034238491350322055,0.004776453189293725,-0.023234352122405034,-0.023062754752023188,-0.0465126281254604,-0.16573151698474634,-0.025071222539773595,-0.1679080581800018,-0.07564317807523528,-0.1000005967460812,-0.009257248650090751,-0.07511685762203546,-0.0015963325559294795,-0.03602642732433167,-0.045574976246794636,-0.8886814481471449,-0.6947984416466827,-0.49871828078270075,0.9366593121042303,-0.526582766623507,TM6
305.0,-0.02503455334886694,-0.07761637051751535,-0.05196863622039292,-0.0187518537227553,-0.033951996807212156,-0.06453801024968894,-0.05015953540893853,-0.12757969833093188,-0.05516794341644845,-0.09521221624799255,-0.030124308621710127,-0.04422657576713525,-0.055140969410966814,-0.020646458775845738,0.00034551715896500223,-0.9690299007626465,-1.3091420500466746,0.07794305187751356,0.398676144772945,-0.39361300403947136,TM6
306.0,0.04684302753725222,0.048276949049448514,0.019493477959957786,-0.0050221779690662535,0.0007160731416797577,-0.052661356226076275,0.03335715167859049,0.006053626625564558,-0.011643646434021215,0.029683119792526292,0.02717118361770525,0.05798698501133983,0.016858752939460653,-0.005036682909259806,0.0248760981298453,-3.9898148928234325,0.9354687118226382,-0.24262355066689414,-0.16479823446618125,-0.3768458062572249,TM6
307.0,0.03321534169495729,0.03266584018726563,0.011075471258252227,0.018722384654194728,0.03786944446124129,-0.07764775962235686,0.08026080206897729,0.012063805104742425,0.004175826436029063,-0.03374517750590328,-0.01141521025374738,0.04989335669954974,0.05255333281347946,0.035646655480312116,0.043421926354757716,-4.219860713847909,-0.05327159699199393,-0.2370700077098463,-0.43633101011691594,-0.41207131656444285,TM6
308.0,0.0509142386203892,0.0053901763421682,-0.0017100591486473892,0.03370066294005802,0.00974939055223859,-0.028600242463049163,0.002462298323846706,-0.034750149224830613,-3.3412510483762925e-05,0.020951892726572486,0.019609636112644272,-0.03161446142212203,0.025529514426885357,0.02752587790608608,0.032492320795195206,-3.6932603942686733,-0.2558772969981765,-0.43260265152693206,0.6980051397533885,-0.16410151190563144,TM6
309.0,0.017777163665209688,0.030133426408470363,0.019238868477633203,0.07473612760697558,0.03321031839813247,-0.03106536149752459,0.01219920448251839,0.03631661769107352,0.0351004163271909,-0.013446986477509243,-0.001259547905530363,0.032425334559408825,0.0896297778753395,0.10393809020682962,0.0248574267432653,-4.687173008428325,-0.6822039611989931,0.30770138149155296,0.1860731457617245,-0.17481086027635814,ECL3
310.0,-0.02465383889751581,0.004574287836073068,-0.03664089857049369,0.0463579559681363,0.005327412202761216,-0.09629234508316888,0.005614910016849062,-0.05978014966093519,0.00877544393692263,-0.013453195840399066,0.04548914537502478,0.018146149665010738,-0.05182226389289148,-0.010898019139380809,0.031218664161794127,-2.8772792528101863,0.3365380799409753,0.43320756179107417,0.22890809593288938,0.519422662262839,ECL3
311.0,-0.036266783212618024,-0.02435274980498645,-0.07052368620694294,-0.008588291365764182,-0.05707035389239133,-0.13170106531432638,-0.05823800842523765,-0.10904215831462355,-0.04630481753234438,-0.06367497184746167,0.001676142860758873,-0.019013387642894813,-0.02659345091825334,-0.08210762972484086,-0.010928369819751546,-0.9747877116460291,-0.2515268295015418,0.05311171561458917,0.36158848265372795,-0.3456368065468266,ECL3
312.0,0.011734280977682653,-0.0017704551681977216,0.02577718071927579,0.047482691691997383,0.0318955879909207,-0.059295341056395175,-0.015039537739941126,0.006935451005754279,-0.006716796920726599,-0.045987464577346315,-0.03637137905389716,0.012521712008762426,0.023194182010147963,0.0031489515447453687,0.04094063362626797,-3.441344879773847,-1.0512492689940904,-0.03298633137354748,0.19798191390569972,-0.4757879394211245,ECL3
313.0,0.017956856154754633,-0.004590506823725732,-0.029222948355146786,-0.01694185732736418,0.007530097355697184,-0.043718759246059814,0.004996394708684453,-0.019927901755793703,-0.017263585151342457,0.02110359402197517,0.006133649683841337,0.0280358551550048,-0.026438410612868182,-0.026646807663290546,0.02238118363683973,-3.0367859600122316,0.3013804344348158,-0.2743689114547076,-0.16367831861701698,-0.14178856992751468,TM7
314.0,0.020957617560251107,0.0056754914927098525,0.013641939217843192,0.05454734581184367,0.012475020364633094,-0.06784606319379054,-0.016210901871232742,-0.01115666595398832,0.07101392751072604,-0.012927259188970643,-0.023837688383831157,0.00968607151191346,-0.0009765962453121633,0.03894086837438443,-0.011881189302019,-3.5817457873877814,-0.7960626662648574,-0.07014604256590715,0.6193012410776971,-0.08268139060325666,TM7
315.0,-0.01574536448388275,-0.04016283935364129,-0.02276465241850447,-0.011421082049060003,0.04081707058316856,-0.0329848463051178,0.03529166699929648,-0.08673972598865756,0.07173386881725274,-0.07987770262619585,0.013872425844343539,-0.04629898653737195,0.021565683809967307,-0.005233139396082531,0.008509307138095015,-2.7923848113180716,-1.1390057739552564,0.29398966884337013,0.04582682804989783,-0.05590115731993558,TM7
316.0,0.00600852537795251,0.03944359973739089,0.0026768826046723883,0.030378188930937956,0.054339215533965424,-0.06721162091207429,0.02079946882470373,0.03241353211779185,0.04814976357426158,-0.024488266288234223,0.03884366295224761,0.010358895613196858,0.05128620035669118,0.02409098877354793,0.02140209922392104,-4.118175926859699,-0.17247924233428227,0.36465972717617934,-0.007142022569916772,-0.07137497695721262,TM7
317.0,0.04236555664431991,-0.0033252118945519514,-0.009240767929307652,0.00762181612483781,-0.0007121173858863878,-0.072340932196534,-0.00420296383877571,-0.010163459381968845,0.03289141834323609,-0.04490576322722391,0.030551468835899882,-0.03195957450096598,-0.011646885417359325,0.0073407084997079595,0.0058784039316707,-3.056889528820472,-0.3585246645483066,0.010500157797789055,0.5240777855264075,-0.4453557003287543,TM7
318.0,-0.08508130587484064,-0.07380019052154005,-0.05358799263164584,-0.03496542209481949,0.017750713769978825,-0.11104835973341073,-0.05615120077143349,-0.11329769148450257,-0.007657057084788778,-0.07682370522174456,-0.006498897856456839,-0.04748041522943211,-0.042210259712277,-0.047873207239865934,-0.016709022222110143,-0.9188449541583378,-1.2710073142672693,0.4886898932956003,0.02885087705855432,0.06756226270276261,TM7
319.0,-0.049914183044335314,-0.03195884252766211,-0.005246857891117171,-0.006117567381198257,-0.011385945971567854,-0.09373014680694274,-0.011313743262109864,-0.057092184075744845,-0.023752992780947273,-0.03615774600365009,-0.01915516329317372,-0.0384639538572263,-0.03959223771217311,-0.03657005276917572,0.03697837332646499,-1.9969965800208447,-0.9468713079295766,-0.29961333766298426,-0.1771342862575524,-0.028305930258972378,TM7
320.0,-0.051470774227590735,-0.08594610880917174,-0.1284791880254192,-0.014497944347842726,-0.01504050351912201,-0.13834474472207106,-0.05822561202223262,-0.2047904194563915,-0.07774838027692912,-0.10923699861617027,-0.05434943238725156,-0.060693683766923245,-0.1589778585246227,-0.0684625415128784,-0.08002309062330026,0.6251034055616755,-1.3164671401991053,-0.2208580870472757,0.8667536374711671,0.5231233802165911,TM7
321.0,-0.14772750225282505,-0.1803526048340304,-0.13985992819331014,-0.05149853529890508,-0.09944231859592029,-0.2367713352681849,-0.05340473113836914,-0.27516147664330465,-0.13642011282302932,-0.1855184561185875,-0.05441228690964994,-0.05430477127473311,-0.2658805361341896,-0.16032994603303677,-0.23325314136217035,3.646661564130478,-1.2395451539300757,0.5540004765820671,0.18119095862274326,1.0676456809666899,TM7
322.0,-0.00013828550443881131,-0.09072842106248817,-0.07840304917537211,-0.09035510786901885,-0.10912950845571362,-0.15171596995418501,-0.0611269690914992,-0.12740211775507268,-0.06510115037496834,-0.07860812609342772,-0.005914992855238257,-0.018204098735756208,-0.07170962180957224,-0.12208103007573001,-0.10919014474807104,0.4021372859604179,0.06909444078888914,-0.0643822568648941,0.21957283253414914,-0.9349025726805619,TM7
323.0,-0.03966548458855766,-0.11327969962642644,-0.1477324152666256,-0.1404583624523595,-0.10715723176139894,-0.2740359497659059,-0.1895026005856164,-0.20231815991280824,-0.18486199914299037,-0.07224428022064673,-0.09198916019183477,-0.015636674074128484,-0.22664568608073576,-0.12458245960256703,-0.17654825618111708,3.1195144210293533,-0.337362142163198,-0.6120402871231573,0.8782598049268847,-0.7186406452724592,TM7
324.0,0.016152645614477754,-0.0099102667558931,-0.04608280361075148,-0.019000320566629703,-0.10049061072472214,-0.13583954204673743,-0.07549125136182928,-0.29218579360179675,0.014958542944657979,-0.05013571676796287,-0.007276590889167051,0.02522964779103951,-0.07170743595671349,-0.04815910884465183,-0.1333967756568649,-0.46107366516075377,0.5299525266659907,0.1501560464037014,1.7504241519313721,-0.20449376537216699,TM7
325.0,-0.08560856775708715,-0.13705937021411285,-0.21267743256372498,-0.09583542073313993,-0.16867457864072624,-0.24284632602751027,-0.1609248955646051,-0.18436288315910893,-0.17669053317672342,-0.08171124988173624,-0.0636658377330475,-0.026504166714095806,-0.19555346603929627,-0.1886554370418499,-0.21678452705110626,3.6000559951674034,-0.18232093679607816,-0.3193458947879316,0.39521615901431806,-0.1326880046500635,TM7
326.0,-0.05507899581047604,-0.14283234763810473,-0.1809857419272597,-0.1801658253001114,-0.19333897146613488,-0.2204389553437959,-0.14031875862110488,-0.19197917688045396,-0.19137083513458858,-0.061032513028344657,-0.0322092059387246,-0.06047421283080192,-0.2177035241572933,-0.21942593926281043,-0.1537343231892388,3.661389694844237,0.3465402999844827,-0.8227621013891698,0.039541237916103526,-0.750620755367055,TM7
327.0,-0.13106770954893462,-0.11838534945559168,-0.1945538699484248,-0.2810854839465113,-0.0706107583227126,-0.47643695803191133,-0.15667758957347508,-0.28116198900625894,-0.21056573632901912,-0.16120938306265448,-0.020433739231908103,-0.024242826735477493,-0.17710268543028626,-0.17861855616579594,-0.27760767491237887,5.241296751378896,0.521396575052103,0.36527826215386294,-0.07499442815939414,-0.9112446231435561,TM7
328.0,-0.18041380066098686,-0.17867545786287745,-0.18399605155941745,-0.21136786476924507,-0.19738292866252652,-0.30796004943235716,-0.22001296060092415,-0.30169960791964623,-0.10521560056470447,-0.12307163339069305,0.028082619222537374,-0.04281669130031682,-0.28686557682527364,-0.2876678652854151,-0.3099108153845999,5.857094110037448,0.5691547576632118,1.1724832732438224,0.24338229796718047,0.0844212055922608,TM7
329.0,-0.04508880036418295,-0.08874684791829661,-0.13729730708879914,-0.10538943291241519,-0.1571593045492521,-0.22620830857391003,-0.08806458692643955,-0.19089240652215847,-0.1297318201853911,-0.05063402571784134,-0.04523818354831545,-0.043913241760346604,-0.11671419008195381,-0.21508595735358438,-0.12168805247653973,2.0978130520776617,0.21460554517839064,-1.012540157102637,0.2216520547148821,-0.6212742764132665,TM7
330.0,-0.027010649949282362,-0.04474585580079887,-0.059791717360051684,-0.08758023557421026,-0.06835119354009406,-0.12138792206276906,-0.11939304569755048,-0.11473426745707829,-0.10723102470916167,-0.06974227177354941,0.10002573433527193,0.021374543363695098,-0.11709384998036135,-0.10396086193750556,-0.11896964526172732,0.1493579214121942,1.2708887839212673,1.4787819589814637,0.4570346616661515,-0.361600466597922,TM7
331.0,-0.03120032687908394,0.022715032267418726,-0.12013857818901848,-0.02690670441242431,-0.06698324957133321,-0.08323628020899025,-0.0023655699468345406,-0.16676552151024937,-0.11515934979454119,0.0274918898813462,0.0726842381819042,0.11723419412999937,-0.08440436440889945,-0.08110681006580309,0.005382119715383716,-1.5671766152904334,2.577883722228087,0.5422773271931033,-0.23925492641098425,0.5082321039658553,TM7
332.0,-0.10336595971419497,-0.14829886195078992,-0.14644451796866767,-0.15016020911559122,-0.18419652703596298,-0.24134676458108226,-0.03968164046674626,-0.17906748623510554,-0.20136437675365304,-0.08697882601310804,0.015383200115964647,-0.04146893807465023,-0.17421745033576855,-0.2395821499926938,-0.18093453591439443,3.277295950525151,0.8025071374855777,-0.15612426627060627,-0.8627116344991432,-0.11605180535788537,TM7
333.0,-0.03861303106243219,-0.10536221092287693,-0.13280429210341343,-0.11343800141392392,-0.18414880281088786,-0.1922273142409239,-0.08151729061935437,-0.1711051683468355,-0.16353167245732694,-0.06855236360604161,-0.011253333453580082,0.019967939777083058,-0.140655401729176,-0.15077984768971966,-0.08763741668394273,1.7668628460525342,0.8859270944179658,-0.1473751546253134,-0.2137028343847456,-0.8558070694293887,TM7
334.0,-0.10638834187185288,-0.16163959507176193,-0.21564778485885466,-0.13545673904043118,-0.19276062802782748,-0.1252793917640966,-0.12086655185085238,-0.2950466928808984,-0.21613882388040304,-0.14770852862289224,-0.011195802038544695,-0.053714637588553604,-0.21483620764824132,-0.1674710187488865,-0.11539583507709217,3.844754832211503,-0.1813285262942114,0.2842862300800274,0.05559471422893584,-0.16227950070549016,TM7
335.0,-0.003412831866785136,-0.04571476109696295,-0.1909554679609103,-0.05613686524720446,-0.186436713038325,-0.24967564530638742,-0.03650872023246351,-0.22430632976463624,-0.1584775677630295,-0.017818073277165756,0.07239635303845686,0.07684018884482087,-0.15420662087646622,-0.2357494443286327,-0.10062258989925552,1.3919118471502985,3.21470845599076,0.06989776437706087,0.3181088908619269,-0.12070664538050481,TM7
336.0,-0.06276555879006943,0.054322266089833836,-0.05008701284012242,-0.07074653795152885,-0.0631939233426616,-0.16725245660381075,-0.055889308752171823,-0.11424126952606872,-0.024137137698445096,-0.000996187962685774,0.0137755558566291,-0.0046495110039437015,-0.09635330313672137,-0.05606556976016691,-0.061776881002924805,-0.9231056296136649,0.6335193639872231,-0.41447821990642836,0.15727198559102346,0.24952543537783925,TM7
337.0,-0.09361151300708712,-0.022482613630150694,-0.12067985671272353,-0.10908553627240176,-0.12316477217089229,-0.13234445786213936,-0.007726702976420869,-0.0993528989454875,-0.08286854455371193,-0.0160407455947648,0.09844078449952987,0.10438028593152665,-0.11820515636702414,-0.13121743860787163,-0.10629749891116,-0.09834017337159753,2.5725571002307195,1.1234057706052933,-1.2932148394107348,0.38212708124797934,TM7
338.0,-0.10117920895392885,-0.13799899038293686,-0.10817553769727302,-0.14307908056513854,-0.1586414051933708,-0.21335643345631847,-0.11323350491982151,-0.14955634423202413,-0.19051039980395038,-0.08927269387580129,-0.003573127122898521,-0.02309861993870222,-0.17989406166367874,-0.09866909692444115,-0.08338172633350127,2.3581570467464634,0.05730061132854666,0.2863468995014625,-0.5332229067277936,-0.6179886881822464,TM7
339.0,-0.09004212973290109,-0.04047045793379009,-0.0916411584673646,-0.06933884845799275,-0.04936148240345835,-0.10338492065932538,-0.07942098426178565,-0.11347646880915496,-0.09579897070217784,0.018535299932691034,-0.013903634345651015,-0.04350640181924803,-0.10209744488205161,-0.08537418918728663,-0.10800836803817425,0.04060404789862711,-0.24042866824529613,-0.45720295171474673,-0.03727965772798098,0.662469137088949,TM7
340.0,-0.10595146265773574,-0.03607346975063275,-0.0389961769807377,-0.04617110589217197,-0.005929195765949959,-0.054868085407193165,-0.10577271770358655,-0.05352761486929083,-0.026548713748498293,-0.08265906796162803,0.030699430484749646,0.001262088092919357,0.004528494648403981,-0.06517319476538988,-0.038871045250514824,-1.1507338795245623,-0.7189668396041993,1.3629459981230299,-0.3360664026371898,-0.22586489546542443,TM7
341.0,0.02610412660561271,-0.0011202666379419109,-0.016187741161537195,-0.048908219930327006,-0.03251029711338713,-0.11248674989009537,0.023037500377793365,-0.03735949892747379,-0.0532305281218687,0.07431811284085885,0.13894337899508763,0.1868644488884638,-0.055551092708388,-0.060529751928158425,-0.06840699663268734,-2.978398567752095,3.744563721478069,1.5175989297907506,-0.6358788666434828,0.03170553019778805,TM7
342.0,-0.0753909311148644,-0.05907064925359385,-0.10318547612421707,-0.1298144351727038,-0.2745153139398794,-0.25032415306251404,-0.0025208621200815285,-0.26628591610123875,-0.10325014520585092,0.0062142166491753,0.13915654357164975,0.06019243411089418,-0.13944689073109573,-0.25035558649645906,-0.10912568153707258,1.6991808606481853,3.8788022739299355,0.5116296437026974,-0.6094763839179053,-0.11135259374029292,H8
343.0,0.013378644824938382,0.07578225374504848,0.05726462512814764,0.018949469951131347,-0.0003725240420727884,-0.00458188641516135,0.03396182247882198,0.07150772419651044,0.07114375289965667,0.061583214059295135,0.07125031302193412,0.12506183564928558,0.06384362805735204,0.03660892354079491,0.02072328022281728,-5.332495606691217,1.4885207564563585,0.7901573190332241,-0.6832718501106452,-0.119880037826466,H8
344.0,-0.20714463243017367,-0.17322115942475372,-0.14525311618737627,-0.23357979361230882,-0.13234112606580317,-0.1912557683307286,-0.11647420946628254,-0.16964158111770128,-0.14494664455445164,-0.12738389432874828,0.02636134231691811,0.0035965139830276874,-0.2282304210906116,-0.19358716967504247,-0.12609760498279116,3.6245580538795035,0.22935558213592402,1.339455267687408,-1.7891065326177629,-0.14416410350551453,H8
345.0,-0.04918545389429794,-0.03223404704368625,-0.10264041684628256,-0.131704386719782,-0.15793544136663884,-0.1383726511731369,-0.056526933930158195,-0.17055629279858148,-0.12924081273339616,0.00385332567126801,0.024313036120910864,0.04934177523502785,-0.13286060249464682,-0.117528654218328,-0.12038615229385359,0.7059734401556754,1.7700517760279815,-0.13720972545186372,-0.3832718399457509,-0.14499928380688268,H8
346.0,-0.0832911215523178,-0.05835622026226004,-0.07976528425253603,-0.07443587629192147,-0.04338224154921283,-0.08510653948512119,-0.07499324514672849,-0.1544826188958391,-0.04958653383191042,-0.045611305808233325,-0.013913615048163814,-0.007179895940551769,-0.10227074607803446,-0.08916938397922718,-0.035464140903091634,-0.1636473153427705,-0.36261823737674476,0.18775756933301974,-0.10833990962286759,0.08691999051444196,H8
347.0,-0.1031551655569058,-0.09491755725564438,-0.11711022580238632,-0.022764168128116918,-0.004672439621154669,-0.08621651977600459,-0.11683722130591385,-0.024699400158995705,-0.06638975005391531,-0.05800197611024839,-0.0887779336860781,-0.10625290593192975,-0.09491328631346667,-0.06695368435878854,-0.12425812604535176,0.3252800443128421,-2.5930081277017747,-0.5245308418200088,0.1033207458339935,0.5473174915520521,H8
348.0,-0.022493317656122617,-0.01834039114857851,0.00865383611791636,-0.041668464848190735,-0.015817295577173224,-0.1082575268862941,0.002230443724181695,-0.081676327929059,0.00895794749895241,0.06886036423557937,0.05856208306435876,0.048242424043106406,-0.0052176580923661104,-0.017065499278394878,-0.01077236395251978,-2.8201922999813855,1.2227882233171683,0.324849151251512,-0.24586912126651148,0.06290277072982702,H8
349.0,-0.019723259257173952,-0.04364464636924906,-0.038450465806166644,-0.13146128539633814,-0.10091112878389996,-0.13310974016393168,-0.08018445311868358,-0.15302719554973168,-0.08988071505366,0.03076372241057334,0.035721376587871355,0.049096994725208884,-0.1040787929883823,-0.0922429117568454,-0.1521787066339741,-0.014332044440578543,1.6091133167646576,0.21173503805759833,0.07482491121920601,-0.3077817646585011,H8
350.0,-0.016515593620483705,-0.028615966656137772,-0.023017420728776335,-0.028847682797068352,-0.006988914840099149,-0.06813848099938785,-0.01860535507728077,-0.030436309720911037,-0.05595062201031937,-0.013158939324460238,-0.007113662506569083,0.004031433201424948,-0.039469649263649535,-0.014620509726254796,-0.04857121200442651,-2.029310114069994,-0.2698570187838768,-0.06292111671942723,-0.16673314103930484,-0.01716151212312197,H8
351.0,0.04466104250279213,0.0945565096821322,0.11069556082152947,0.030686422087196494,0.03001137285080419,0.02893657712077023,0.16376164560625714,0.09184136904267767,0.07427150321671594,0.0923830928962575,0.059583157030989604,0.11267793348400207,0.09184852524658266,0.06448016391497675,0.0690184389980704,-6.796109503326698,1.510249865143619,-0.1190086684313486,-1.2691294017801762,0.1686003746609848,H8
352.0,0.05302770346206053,0.057064261831463084,0.051220547911703634,0.04931673043655627,0.06088678485382569,-0.02303042975884945,0.14396756796578047,0.030737098801886964,0.021851470370926947,0.08021913364462123,0.07615899135061366,0.11257392172529765,0.06645822051278233,0.034141705104688044,0.07205470046416271,-5.997772710841031,1.8192438895888299,0.19494570414445253,-0.7420307135891373,0.330051656197918,H8
353.0,-0.00022068877561854267,0.050806694011096366,-0.0259955642648735,0.005982714280194559,-0.021912666588430246,-0.015591109303386039,0.028933079784824067,-0.017012567920869453,-0.019260138434122064,0.045490714901705386,0.0449770360876814,0.10655994587434714,0.010938148711048694,-0.020235525784959227,0.0364404027363693,-3.8463430334580537,1.5207468636975134,0.2708689541713041,-0.5918798947926533,0.09714860796185963,H8
354.0,0.01694013423644476,0.06332023494247666,0.05718897500717754,0.049764978657282515,0.03325733729174983,0.049137129190713585,0.10479696086855855,0.09915882956099778,0.09763116619436871,0.025899759975668832,0.021271193347280722,0.06620954809859728,0.05159516202373889,0.09946747414637624,0.09344035955935086,-6.090820865557531,0.004847686809047412,0.042700594004770345,-0.9458844501513493,0.16014527972212111,H8
355.0,0.04250132771167545,0.10965420956614026,0.04514024655207874,0.03576104353782362,0.04300442115225347,0.03897269943977383,0.02756660404674306,0.07975093660230105,0.019019355170450905,0.051875437576737536,0.022603114687627157,0.03668541854750674,0.026392089512174807,0.017850181534359227,0.06514554585021677,-5.287566715766585,0.35964238591515774,-0.4685745575658652,-0.11755197257431135,0.06681912703999252,C-tail
