uniprot_ID	alphamissense_hgvs	alphamissense_score	alphamissense_classification	hgvs
P35372	M1A	0.2628	benign	p.(M1A)
P35372	M1C	0.3578	ambiguous	p.(M1C)
P35372	M1D	0.6215	pathogenic	p.(M1D)
P35372	M1E	0.4179	ambiguous	p.(M1E)
P35372	M1F	0.1959	benign	p.(M1F)
P35372	M1G	0.4234	ambiguous	p.(M1G)
P35372	M1H	0.4497	ambiguous	p.(M1H)
P35372	M1I	0.3728	ambiguous	p.(M1I)
P35372	M1K	0.3283	benign	p.(M1K)
P35372	M1L	0.1342	benign	p.(M1L)
P35372	M1N	0.4815	ambiguous	p.(M1N)
P35372	M1P	0.4231	ambiguous	p.(M1P)
P35372	M1Q	0.2276	benign	p.(M1Q)
P35372	M1R	0.2453	benign	p.(M1R)
P35372	M1S	0.3114	benign	p.(M1S)
P35372	M1T	0.2407	benign	p.(M1T)
P35372	M1V	0.1176	benign	p.(M1V)
P35372	M1W	0.362	ambiguous	p.(M1W)
P35372	M1Y	0.4288	ambiguous	p.(M1Y)
P35372	D2A	0.1433	benign	p.(D2A)
P35372	D2C	0.5176	ambiguous	p.(D2C)
P35372	D2E	0.1431	benign	p.(D2E)
P35372	D2F	0.3714	ambiguous	p.(D2F)
P35372	D2G	0.1225	benign	p.(D2G)
P35372	D2H	0.2375	benign	p.(D2H)
P35372	D2I	0.3348	benign	p.(D2I)
P35372	D2K	0.3856	ambiguous	p.(D2K)
P35372	D2L	0.3684	ambiguous	p.(D2L)
P35372	D2M	0.6041	pathogenic	p.(D2M)
P35372	D2N	0.129	benign	p.(D2N)
P35372	D2P	0.2696	benign	p.(D2P)
P35372	D2Q	0.2512	benign	p.(D2Q)
P35372	D2R	0.3222	benign	p.(D2R)
P35372	D2S	0.1224	benign	p.(D2S)
P35372	D2T	0.1944	benign	p.(D2T)
P35372	D2V	0.2327	benign	p.(D2V)
P35372	D2W	0.705	pathogenic	p.(D2W)
P35372	D2Y	0.1868	benign	p.(D2Y)
P35372	S3A	0.072	benign	p.(S3A)
P35372	S3C	0.1269	benign	p.(S3C)
P35372	S3D	0.1396	benign	p.(S3D)
P35372	S3E	0.1982	benign	p.(S3E)
P35372	S3F	0.1325	benign	p.(S3F)
P35372	S3G	0.0788	benign	p.(S3G)
P35372	S3H	0.1979	benign	p.(S3H)
P35372	S3I	0.1344	benign	p.(S3I)
P35372	S3K	0.3302	benign	p.(S3K)
P35372	S3L	0.1454	benign	p.(S3L)
P35372	S3M	0.246	benign	p.(S3M)
P35372	S3N	0.1129	benign	p.(S3N)
P35372	S3P	0.0929	benign	p.(S3P)
P35372	S3Q	0.2561	benign	p.(S3Q)
P35372	S3R	0.2473	benign	p.(S3R)
P35372	S3T	0.0726	benign	p.(S3T)
P35372	S3V	0.1354	benign	p.(S3V)
P35372	S3W	0.2331	benign	p.(S3W)
P35372	S3Y	0.1264	benign	p.(S3Y)
P35372	S4A	0.063	benign	p.(S4A)
P35372	S4C	0.115	benign	p.(S4C)
P35372	S4D	0.1349	benign	p.(S4D)
P35372	S4E	0.174	benign	p.(S4E)
P35372	S4F	0.1206	benign	p.(S4F)
P35372	S4G	0.0664	benign	p.(S4G)
P35372	S4H	0.171	benign	p.(S4H)
P35372	S4I	0.1179	benign	p.(S4I)
P35372	S4K	0.2622	benign	p.(S4K)
P35372	S4L	0.1154	benign	p.(S4L)
P35372	S4M	0.2002	benign	p.(S4M)
P35372	S4N	0.1089	benign	p.(S4N)
P35372	S4P	0.0773	benign	p.(S4P)
P35372	S4Q	0.2156	benign	p.(S4Q)
P35372	S4R	0.1935	benign	p.(S4R)
P35372	S4T	0.0684	benign	p.(S4T)
P35372	S4V	0.1083	benign	p.(S4V)
P35372	S4W	0.1838	benign	p.(S4W)
P35372	S4Y	0.1258	benign	p.(S4Y)
P35372	A5C	0.2743	benign	p.(A5C)
P35372	A5D	0.0903	benign	p.(A5D)
P35372	A5E	0.1037	benign	p.(A5E)
P35372	A5F	0.1131	benign	p.(A5F)
P35372	A5G	0.0806	benign	p.(A5G)
P35372	A5H	0.1607	benign	p.(A5H)
P35372	A5I	0.1185	benign	p.(A5I)
P35372	A5K	0.1578	benign	p.(A5K)
P35372	A5L	0.0942	benign	p.(A5L)
P35372	A5M	0.1491	benign	p.(A5M)
P35372	A5N	0.1204	benign	p.(A5N)
P35372	A5P	0.076	benign	p.(A5P)
P35372	A5Q	0.1355	benign	p.(A5Q)
P35372	A5R	0.1252	benign	p.(A5R)
P35372	A5S	0.0744	benign	p.(A5S)
P35372	A5T	0.0692	benign	p.(A5T)
P35372	A5V	0.0837	benign	p.(A5V)
P35372	A5W	0.2534	benign	p.(A5W)
P35372	A5Y	0.1676	benign	p.(A5Y)
P35372	A6C	0.2583	benign	p.(A6C)
P35372	A6D	0.0819	benign	p.(A6D)
P35372	A6E	0.0934	benign	p.(A6E)
P35372	A6F	0.099	benign	p.(A6F)
P35372	A6G	0.0707	benign	p.(A6G)
P35372	A6H	0.1534	benign	p.(A6H)
P35372	A6I	0.0968	benign	p.(A6I)
P35372	A6K	0.15	benign	p.(A6K)
P35372	A6L	0.0797	benign	p.(A6L)
P35372	A6M	0.1301	benign	p.(A6M)
P35372	A6N	0.1087	benign	p.(A6N)
P35372	A6P	0.0734	benign	p.(A6P)
P35372	A6Q	0.1157	benign	p.(A6Q)
P35372	A6R	0.1213	benign	p.(A6R)
P35372	A6S	0.0693	benign	p.(A6S)
P35372	A6T	0.0687	benign	p.(A6T)
P35372	A6V	0.0671	benign	p.(A6V)
P35372	A6W	0.2715	benign	p.(A6W)
P35372	A6Y	0.1574	benign	p.(A6Y)
P35372	P7A	0.0525	benign	p.(P7A)
P35372	P7C	0.2405	benign	p.(P7C)
P35372	P7D	0.1258	benign	p.(P7D)
P35372	P7E	0.1014	benign	p.(P7E)
P35372	P7F	0.1625	benign	p.(P7F)
P35372	P7G	0.1079	benign	p.(P7G)
P35372	P7H	0.0908	benign	p.(P7H)
P35372	P7I	0.1376	benign	p.(P7I)
P35372	P7K	0.1262	benign	p.(P7K)
P35372	P7L	0.0896	benign	p.(P7L)
P35372	P7M	0.1945	benign	p.(P7M)
P35372	P7N	0.1284	benign	p.(P7N)
P35372	P7Q	0.0804	benign	p.(P7Q)
P35372	P7R	0.0799	benign	p.(P7R)
P35372	P7S	0.0667	benign	p.(P7S)
P35372	P7T	0.0634	benign	p.(P7T)
P35372	P7V	0.0997	benign	p.(P7V)
P35372	P7W	0.2507	benign	p.(P7W)
P35372	P7Y	0.1635	benign	p.(P7Y)
P35372	T8A	0.0536	benign	p.(T8A)
P35372	T8C	0.2488	benign	p.(T8C)
P35372	T8D	0.1086	benign	p.(T8D)
P35372	T8E	0.087	benign	p.(T8E)
P35372	T8F	0.1315	benign	p.(T8F)
P35372	T8G	0.0751	benign	p.(T8G)
P35372	T8H	0.111	benign	p.(T8H)
P35372	T8I	0.1012	benign	p.(T8I)
P35372	T8K	0.0774	benign	p.(T8K)
P35372	T8L	0.0805	benign	p.(T8L)
P35372	T8M	0.1083	benign	p.(T8M)
P35372	T8N	0.0848	benign	p.(T8N)
P35372	T8P	0.06	benign	p.(T8P)
P35372	T8Q	0.0795	benign	p.(T8Q)
P35372	T8R	0.0622	benign	p.(T8R)
P35372	T8S	0.0683	benign	p.(T8S)
P35372	T8V	0.0874	benign	p.(T8V)
P35372	T8W	0.2137	benign	p.(T8W)
P35372	T8Y	0.1394	benign	p.(T8Y)
P35372	N9A	0.0742	benign	p.(N9A)
P35372	N9C	0.1864	benign	p.(N9C)
P35372	N9D	0.067	benign	p.(N9D)
P35372	N9E	0.1222	benign	p.(N9E)
P35372	N9F	0.1957	benign	p.(N9F)
P35372	N9G	0.0927	benign	p.(N9G)
P35372	N9H	0.0855	benign	p.(N9H)
P35372	N9I	0.1154	benign	p.(N9I)
P35372	N9K	0.1368	benign	p.(N9K)
P35372	N9L	0.1197	benign	p.(N9L)
P35372	N9M	0.2007	benign	p.(N9M)
P35372	N9P	0.1077	benign	p.(N9P)
P35372	N9Q	0.1434	benign	p.(N9Q)
P35372	N9R	0.123	benign	p.(N9R)
P35372	N9S	0.0643	benign	p.(N9S)
P35372	N9T	0.0737	benign	p.(N9T)
P35372	N9V	0.0987	benign	p.(N9V)
P35372	N9W	0.363	ambiguous	p.(N9W)
P35372	N9Y	0.0978	benign	p.(N9Y)
P35372	A10C	0.2537	benign	p.(A10C)
P35372	A10D	0.085	benign	p.(A10D)
P35372	A10E	0.1087	benign	p.(A10E)
P35372	A10F	0.1288	benign	p.(A10F)
P35372	A10G	0.0757	benign	p.(A10G)
P35372	A10H	0.1521	benign	p.(A10H)
P35372	A10I	0.1193	benign	p.(A10I)
P35372	A10K	0.1658	benign	p.(A10K)
P35372	A10L	0.0997	benign	p.(A10L)
P35372	A10M	0.1672	benign	p.(A10M)
P35372	A10N	0.108	benign	p.(A10N)
P35372	A10P	0.0713	benign	p.(A10P)
P35372	A10Q	0.134	benign	p.(A10Q)
P35372	A10R	0.1252	benign	p.(A10R)
P35372	A10S	0.0695	benign	p.(A10S)
P35372	A10T	0.0675	benign	p.(A10T)
P35372	A10V	0.0846	benign	p.(A10V)
P35372	A10W	0.2921	benign	p.(A10W)
P35372	A10Y	0.1517	benign	p.(A10Y)
P35372	S11A	0.0688	benign	p.(S11A)
P35372	S11C	0.1285	benign	p.(S11C)
P35372	S11D	0.1406	benign	p.(S11D)
P35372	S11E	0.1817	benign	p.(S11E)
P35372	S11F	0.1449	benign	p.(S11F)
P35372	S11G	0.0639	benign	p.(S11G)
P35372	S11H	0.1798	benign	p.(S11H)
P35372	S11I	0.1347	benign	p.(S11I)
P35372	S11K	0.2727	benign	p.(S11K)
P35372	S11L	0.1223	benign	p.(S11L)
P35372	S11M	0.2154	benign	p.(S11M)
P35372	S11N	0.0992	benign	p.(S11N)
P35372	S11P	0.0802	benign	p.(S11P)
P35372	S11Q	0.2147	benign	p.(S11Q)
P35372	S11R	0.1922	benign	p.(S11R)
P35372	S11T	0.0762	benign	p.(S11T)
P35372	S11V	0.1266	benign	p.(S11V)
P35372	S11W	0.1923	benign	p.(S11W)
P35372	S11Y	0.1385	benign	p.(S11Y)
P35372	N12A	0.089	benign	p.(N12A)
P35372	N12C	0.1821	benign	p.(N12C)
P35372	N12D	0.0628	benign	p.(N12D)
P35372	N12E	0.1353	benign	p.(N12E)
P35372	N12F	0.2007	benign	p.(N12F)
P35372	N12G	0.1024	benign	p.(N12G)
P35372	N12H	0.082	benign	p.(N12H)
P35372	N12I	0.1173	benign	p.(N12I)
P35372	N12K	0.1519	benign	p.(N12K)
P35372	N12L	0.1215	benign	p.(N12L)
P35372	N12M	0.2359	benign	p.(N12M)
P35372	N12P	0.1204	benign	p.(N12P)
P35372	N12Q	0.1501	benign	p.(N12Q)
P35372	N12R	0.1277	benign	p.(N12R)
P35372	N12S	0.064	benign	p.(N12S)
P35372	N12T	0.0838	benign	p.(N12T)
P35372	N12V	0.1056	benign	p.(N12V)
P35372	N12W	0.3939	ambiguous	p.(N12W)
P35372	N12Y	0.0994	benign	p.(N12Y)
P35372	C13A	0.2019	benign	p.(C13A)
P35372	C13D	0.1977	benign	p.(C13D)
P35372	C13E	0.3297	benign	p.(C13E)
P35372	C13F	0.1541	benign	p.(C13F)
P35372	C13G	0.0955	benign	p.(C13G)
P35372	C13H	0.2716	benign	p.(C13H)
P35372	C13I	0.3188	benign	p.(C13I)
P35372	C13K	0.4671	ambiguous	p.(C13K)
P35372	C13L	0.3375	benign	p.(C13L)
P35372	C13M	0.5248	ambiguous	p.(C13M)
P35372	C13N	0.2347	benign	p.(C13N)
P35372	C13P	0.3061	benign	p.(C13P)
P35372	C13Q	0.3058	benign	p.(C13Q)
P35372	C13R	0.2219	benign	p.(C13R)
P35372	C13S	0.1621	benign	p.(C13S)
P35372	C13T	0.247	benign	p.(C13T)
P35372	C13V	0.2846	benign	p.(C13V)
P35372	C13W	0.343	ambiguous	p.(C13W)
P35372	C13Y	0.1831	benign	p.(C13Y)
P35372	T14A	0.0634	benign	p.(T14A)
P35372	T14C	0.2746	benign	p.(T14C)
P35372	T14D	0.1214	benign	p.(T14D)
P35372	T14E	0.1175	benign	p.(T14E)
P35372	T14F	0.1555	benign	p.(T14F)
P35372	T14G	0.0913	benign	p.(T14G)
P35372	T14H	0.1135	benign	p.(T14H)
P35372	T14I	0.1419	benign	p.(T14I)
P35372	T14K	0.1071	benign	p.(T14K)
P35372	T14L	0.108	benign	p.(T14L)
P35372	T14M	0.1279	benign	p.(T14M)
P35372	T14N	0.0898	benign	p.(T14N)
P35372	T14P	0.0596	benign	p.(T14P)
P35372	T14Q	0.1103	benign	p.(T14Q)
P35372	T14R	0.0764	benign	p.(T14R)
P35372	T14S	0.0662	benign	p.(T14S)
P35372	T14V	0.1203	benign	p.(T14V)
P35372	T14W	0.2486	benign	p.(T14W)
P35372	T14Y	0.1583	benign	p.(T14Y)
P35372	D15A	0.0889	benign	p.(D15A)
P35372	D15C	0.3885	ambiguous	p.(D15C)
P35372	D15E	0.0989	benign	p.(D15E)
P35372	D15F	0.3108	benign	p.(D15F)
P35372	D15G	0.0778	benign	p.(D15G)
P35372	D15H	0.1504	benign	p.(D15H)
P35372	D15I	0.2436	benign	p.(D15I)
P35372	D15K	0.208	benign	p.(D15K)
P35372	D15L	0.218	benign	p.(D15L)
P35372	D15M	0.4072	ambiguous	p.(D15M)
P35372	D15N	0.0904	benign	p.(D15N)
P35372	D15P	0.1869	benign	p.(D15P)
P35372	D15Q	0.1713	benign	p.(D15Q)
P35372	D15R	0.1761	benign	p.(D15R)
P35372	D15S	0.085	benign	p.(D15S)
P35372	D15T	0.1317	benign	p.(D15T)
P35372	D15V	0.1378	benign	p.(D15V)
P35372	D15W	0.6089	pathogenic	p.(D15W)
P35372	D15Y	0.1414	benign	p.(D15Y)
P35372	A16C	0.2738	benign	p.(A16C)
P35372	A16D	0.0832	benign	p.(A16D)
P35372	A16E	0.101	benign	p.(A16E)
P35372	A16F	0.1338	benign	p.(A16F)
P35372	A16G	0.0774	benign	p.(A16G)
P35372	A16H	0.1428	benign	p.(A16H)
P35372	A16I	0.1271	benign	p.(A16I)
P35372	A16K	0.166	benign	p.(A16K)
P35372	A16L	0.1025	benign	p.(A16L)
P35372	A16M	0.1719	benign	p.(A16M)
P35372	A16N	0.1074	benign	p.(A16N)
P35372	A16P	0.0566	benign	p.(A16P)
P35372	A16Q	0.1203	benign	p.(A16Q)
P35372	A16R	0.1185	benign	p.(A16R)
P35372	A16S	0.0667	benign	p.(A16S)
P35372	A16T	0.0675	benign	p.(A16T)
P35372	A16V	0.0865	benign	p.(A16V)
P35372	A16W	0.3074	benign	p.(A16W)
P35372	A16Y	0.1626	benign	p.(A16Y)
P35372	L17A	0.0562	benign	p.(L17A)
P35372	L17C	0.1965	benign	p.(L17C)
P35372	L17D	0.1279	benign	p.(L17D)
P35372	L17E	0.1005	benign	p.(L17E)
P35372	L17F	0.0532	benign	p.(L17F)
P35372	L17G	0.109	benign	p.(L17G)
P35372	L17H	0.082	benign	p.(L17H)
P35372	L17I	0.0675	benign	p.(L17I)
P35372	L17K	0.1044	benign	p.(L17K)
P35372	L17M	0.0902	benign	p.(L17M)
P35372	L17N	0.1043	benign	p.(L17N)
P35372	L17P	0.0531	benign	p.(L17P)
P35372	L17Q	0.0693	benign	p.(L17Q)
P35372	L17R	0.0685	benign	p.(L17R)
P35372	L17S	0.067	benign	p.(L17S)
P35372	L17T	0.0669	benign	p.(L17T)
P35372	L17V	0.0558	benign	p.(L17V)
P35372	L17W	0.0872	benign	p.(L17W)
P35372	L17Y	0.1185	benign	p.(L17Y)
P35372	A18C	0.2631	benign	p.(A18C)
P35372	A18D	0.0995	benign	p.(A18D)
P35372	A18E	0.1106	benign	p.(A18E)
P35372	A18F	0.1343	benign	p.(A18F)
P35372	A18G	0.0711	benign	p.(A18G)
P35372	A18H	0.1488	benign	p.(A18H)
P35372	A18I	0.1337	benign	p.(A18I)
P35372	A18K	0.1629	benign	p.(A18K)
P35372	A18L	0.0978	benign	p.(A18L)
P35372	A18M	0.178	benign	p.(A18M)
P35372	A18N	0.1133	benign	p.(A18N)
P35372	A18P	0.0638	benign	p.(A18P)
P35372	A18Q	0.1209	benign	p.(A18Q)
P35372	A18R	0.1184	benign	p.(A18R)
P35372	A18S	0.067	benign	p.(A18S)
P35372	A18T	0.0687	benign	p.(A18T)
P35372	A18V	0.0919	benign	p.(A18V)
P35372	A18W	0.2691	benign	p.(A18W)
P35372	A18Y	0.1679	benign	p.(A18Y)
P35372	Y19A	0.0706	benign	p.(Y19A)
P35372	Y19C	0.0799	benign	p.(Y19C)
P35372	Y19D	0.0595	benign	p.(Y19D)
P35372	Y19E	0.1217	benign	p.(Y19E)
P35372	Y19F	0.0696	benign	p.(Y19F)
P35372	Y19G	0.0757	benign	p.(Y19G)
P35372	Y19H	0.0736	benign	p.(Y19H)
P35372	Y19I	0.1235	benign	p.(Y19I)
P35372	Y19K	0.1403	benign	p.(Y19K)
P35372	Y19L	0.1158	benign	p.(Y19L)
P35372	Y19M	0.247	benign	p.(Y19M)
P35372	Y19N	0.0555	benign	p.(Y19N)
P35372	Y19P	0.0736	benign	p.(Y19P)
P35372	Y19Q	0.0941	benign	p.(Y19Q)
P35372	Y19R	0.0823	benign	p.(Y19R)
P35372	Y19S	0.0461	benign	p.(Y19S)
P35372	Y19T	0.0844	benign	p.(Y19T)
P35372	Y19V	0.0868	benign	p.(Y19V)
P35372	Y19W	0.1765	benign	p.(Y19W)
P35372	S20A	0.0687	benign	p.(S20A)
P35372	S20C	0.1321	benign	p.(S20C)
P35372	S20D	0.1527	benign	p.(S20D)
P35372	S20E	0.1943	benign	p.(S20E)
P35372	S20F	0.1267	benign	p.(S20F)
P35372	S20G	0.0744	benign	p.(S20G)
P35372	S20H	0.1487	benign	p.(S20H)
P35372	S20I	0.1456	benign	p.(S20I)
P35372	S20K	0.2966	benign	p.(S20K)
P35372	S20L	0.1152	benign	p.(S20L)
P35372	S20M	0.2333	benign	p.(S20M)
P35372	S20N	0.1186	benign	p.(S20N)
P35372	S20P	0.062	benign	p.(S20P)
P35372	S20Q	0.2008	benign	p.(S20Q)
P35372	S20R	0.1995	benign	p.(S20R)
P35372	S20T	0.0763	benign	p.(S20T)
P35372	S20V	0.1275	benign	p.(S20V)
P35372	S20W	0.1882	benign	p.(S20W)
P35372	S20Y	0.1121	benign	p.(S20Y)
P35372	S21A	0.0718	benign	p.(S21A)
P35372	S21C	0.13	benign	p.(S21C)
P35372	S21D	0.1525	benign	p.(S21D)
P35372	S21E	0.2072	benign	p.(S21E)
P35372	S21F	0.1159	benign	p.(S21F)
P35372	S21G	0.0735	benign	p.(S21G)
P35372	S21H	0.1584	benign	p.(S21H)
P35372	S21I	0.1299	benign	p.(S21I)
P35372	S21K	0.3142	benign	p.(S21K)
P35372	S21L	0.1105	benign	p.(S21L)
P35372	S21M	0.2235	benign	p.(S21M)
P35372	S21N	0.11	benign	p.(S21N)
P35372	S21P	0.0653	benign	p.(S21P)
P35372	S21Q	0.2197	benign	p.(S21Q)
P35372	S21R	0.2155	benign	p.(S21R)
P35372	S21T	0.0737	benign	p.(S21T)
P35372	S21V	0.1194	benign	p.(S21V)
P35372	S21W	0.1935	benign	p.(S21W)
P35372	S21Y	0.1147	benign	p.(S21Y)
P35372	C22A	0.2067	benign	p.(C22A)
P35372	C22D	0.2581	benign	p.(C22D)
P35372	C22E	0.406	ambiguous	p.(C22E)
P35372	C22F	0.1375	benign	p.(C22F)
P35372	C22G	0.1156	benign	p.(C22G)
P35372	C22H	0.2988	benign	p.(C22H)
P35372	C22I	0.3086	benign	p.(C22I)
P35372	C22K	0.5278	ambiguous	p.(C22K)
P35372	C22L	0.2882	benign	p.(C22L)
P35372	C22M	0.5166	ambiguous	p.(C22M)
P35372	C22N	0.2807	benign	p.(C22N)
P35372	C22P	0.2382	benign	p.(C22P)
P35372	C22Q	0.3371	benign	p.(C22Q)
P35372	C22R	0.2522	benign	p.(C22R)
P35372	C22S	0.1622	benign	p.(C22S)
P35372	C22T	0.2704	benign	p.(C22T)
P35372	C22V	0.2593	benign	p.(C22V)
P35372	C22W	0.322	benign	p.(C22W)
P35372	C22Y	0.1947	benign	p.(C22Y)
P35372	S23A	0.0726	benign	p.(S23A)
P35372	S23C	0.1407	benign	p.(S23C)
P35372	S23D	0.1681	benign	p.(S23D)
P35372	S23E	0.2023	benign	p.(S23E)
P35372	S23F	0.0947	benign	p.(S23F)
P35372	S23G	0.0852	benign	p.(S23G)
P35372	S23H	0.1445	benign	p.(S23H)
P35372	S23I	0.1024	benign	p.(S23I)
P35372	S23K	0.2947	benign	p.(S23K)
P35372	S23L	0.0875	benign	p.(S23L)
P35372	S23M	0.1816	benign	p.(S23M)
P35372	S23N	0.1164	benign	p.(S23N)
P35372	S23P	0.0679	benign	p.(S23P)
P35372	S23Q	0.2001	benign	p.(S23Q)
P35372	S23R	0.2178	benign	p.(S23R)
P35372	S23T	0.0757	benign	p.(S23T)
P35372	S23V	0.1031	benign	p.(S23V)
P35372	S23W	0.1774	benign	p.(S23W)
P35372	S23Y	0.1026	benign	p.(S23Y)
P35372	P24A	0.0614	benign	p.(P24A)
P35372	P24C	0.3134	benign	p.(P24C)
P35372	P24D	0.1637	benign	p.(P24D)
P35372	P24E	0.129	benign	p.(P24E)
P35372	P24F	0.1838	benign	p.(P24F)
P35372	P24G	0.1264	benign	p.(P24G)
P35372	P24H	0.0984	benign	p.(P24H)
P35372	P24I	0.1664	benign	p.(P24I)
P35372	P24K	0.1612	benign	p.(P24K)
P35372	P24L	0.088	benign	p.(P24L)
P35372	P24M	0.2102	benign	p.(P24M)
P35372	P24N	0.1651	benign	p.(P24N)
P35372	P24Q	0.0925	benign	p.(P24Q)
P35372	P24R	0.0864	benign	p.(P24R)
P35372	P24S	0.0705	benign	p.(P24S)
P35372	P24T	0.0723	benign	p.(P24T)
P35372	P24V	0.1135	benign	p.(P24V)
P35372	P24W	0.2741	benign	p.(P24W)
P35372	P24Y	0.1796	benign	p.(P24Y)
P35372	A25C	0.2989	benign	p.(A25C)
P35372	A25D	0.0945	benign	p.(A25D)
P35372	A25E	0.1006	benign	p.(A25E)
P35372	A25F	0.1235	benign	p.(A25F)
P35372	A25G	0.0689	benign	p.(A25G)
P35372	A25H	0.1655	benign	p.(A25H)
P35372	A25I	0.1211	benign	p.(A25I)
P35372	A25K	0.1795	benign	p.(A25K)
P35372	A25L	0.086	benign	p.(A25L)
P35372	A25M	0.1449	benign	p.(A25M)
P35372	A25N	0.1212	benign	p.(A25N)
P35372	A25P	0.0693	benign	p.(A25P)
P35372	A25Q	0.1202	benign	p.(A25Q)
P35372	A25R	0.1413	benign	p.(A25R)
P35372	A25S	0.0659	benign	p.(A25S)
P35372	A25T	0.0714	benign	p.(A25T)
P35372	A25V	0.0769	benign	p.(A25V)
P35372	A25W	0.2886	benign	p.(A25W)
P35372	A25Y	0.1588	benign	p.(A25Y)
P35372	P26A	0.0626	benign	p.(P26A)
P35372	P26C	0.2921	benign	p.(P26C)
P35372	P26D	0.1603	benign	p.(P26D)
P35372	P26E	0.1334	benign	p.(P26E)
P35372	P26F	0.1773	benign	p.(P26F)
P35372	P26G	0.1222	benign	p.(P26G)
P35372	P26H	0.102	benign	p.(P26H)
P35372	P26I	0.153	benign	p.(P26I)
P35372	P26K	0.1646	benign	p.(P26K)
P35372	P26L	0.0902	benign	p.(P26L)
P35372	P26M	0.2086	benign	p.(P26M)
P35372	P26N	0.1513	benign	p.(P26N)
P35372	P26Q	0.0927	benign	p.(P26Q)
P35372	P26R	0.0947	benign	p.(P26R)
P35372	P26S	0.0697	benign	p.(P26S)
P35372	P26T	0.0754	benign	p.(P26T)
P35372	P26V	0.1099	benign	p.(P26V)
P35372	P26W	0.2721	benign	p.(P26W)
P35372	P26Y	0.1723	benign	p.(P26Y)
P35372	S27A	0.0719	benign	p.(S27A)
P35372	S27C	0.1317	benign	p.(S27C)
P35372	S27D	0.143	benign	p.(S27D)
P35372	S27E	0.1717	benign	p.(S27E)
P35372	S27F	0.1139	benign	p.(S27F)
P35372	S27G	0.0697	benign	p.(S27G)
P35372	S27H	0.1319	benign	p.(S27H)
P35372	S27I	0.0946	benign	p.(S27I)
P35372	S27K	0.2461	benign	p.(S27K)
P35372	S27L	0.0937	benign	p.(S27L)
P35372	S27M	0.1615	benign	p.(S27M)
P35372	S27N	0.0901	benign	p.(S27N)
P35372	S27P	0.0746	benign	p.(S27P)
P35372	S27Q	0.1667	benign	p.(S27Q)
P35372	S27R	0.1926	benign	p.(S27R)
P35372	S27T	0.0735	benign	p.(S27T)
P35372	S27V	0.0917	benign	p.(S27V)
P35372	S27W	0.194	benign	p.(S27W)
P35372	S27Y	0.1068	benign	p.(S27Y)
P35372	P28A	0.0659	benign	p.(P28A)
P35372	P28C	0.2666	benign	p.(P28C)
P35372	P28D	0.1642	benign	p.(P28D)
P35372	P28E	0.1261	benign	p.(P28E)
P35372	P28F	0.1784	benign	p.(P28F)
P35372	P28G	0.1097	benign	p.(P28G)
P35372	P28H	0.0899	benign	p.(P28H)
P35372	P28I	0.1676	benign	p.(P28I)
P35372	P28K	0.1528	benign	p.(P28K)
P35372	P28L	0.0946	benign	p.(P28L)
P35372	P28M	0.1998	benign	p.(P28M)
P35372	P28N	0.1516	benign	p.(P28N)
P35372	P28Q	0.0857	benign	p.(P28Q)
P35372	P28R	0.0841	benign	p.(P28R)
P35372	P28S	0.0688	benign	p.(P28S)
P35372	P28T	0.074	benign	p.(P28T)
P35372	P28V	0.1203	benign	p.(P28V)
P35372	P28W	0.2363	benign	p.(P28W)
P35372	P28Y	0.1744	benign	p.(P28Y)
P35372	G29A	0.0843	benign	p.(G29A)
P35372	G29C	0.2046	benign	p.(G29C)
P35372	G29D	0.1111	benign	p.(G29D)
P35372	G29E	0.1166	benign	p.(G29E)
P35372	G29F	0.2369	benign	p.(G29F)
P35372	G29H	0.1976	benign	p.(G29H)
P35372	G29I	0.1496	benign	p.(G29I)
P35372	G29K	0.2576	benign	p.(G29K)
P35372	G29L	0.1938	benign	p.(G29L)
P35372	G29M	0.2631	benign	p.(G29M)
P35372	G29N	0.1592	benign	p.(G29N)
P35372	G29P	0.1989	benign	p.(G29P)
P35372	G29Q	0.1721	benign	p.(G29Q)
P35372	G29R	0.1779	benign	p.(G29R)
P35372	G29S	0.0827	benign	p.(G29S)
P35372	G29T	0.1021	benign	p.(G29T)
P35372	G29V	0.0984	benign	p.(G29V)
P35372	G29W	0.2224	benign	p.(G29W)
P35372	G29Y	0.19	benign	p.(G29Y)
P35372	S30A	0.0771	benign	p.(S30A)
P35372	S30C	0.1411	benign	p.(S30C)
P35372	S30D	0.1739	benign	p.(S30D)
P35372	S30E	0.2142	benign	p.(S30E)
P35372	S30F	0.128	benign	p.(S30F)
P35372	S30G	0.0771	benign	p.(S30G)
P35372	S30H	0.1767	benign	p.(S30H)
P35372	S30I	0.1424	benign	p.(S30I)
P35372	S30K	0.3453	ambiguous	p.(S30K)
P35372	S30L	0.1104	benign	p.(S30L)
P35372	S30M	0.1918	benign	p.(S30M)
P35372	S30N	0.112	benign	p.(S30N)
P35372	S30P	0.075	benign	p.(S30P)
P35372	S30Q	0.2255	benign	p.(S30Q)
P35372	S30R	0.2735	benign	p.(S30R)
P35372	S30T	0.0797	benign	p.(S30T)
P35372	S30V	0.1269	benign	p.(S30V)
P35372	S30W	0.1919	benign	p.(S30W)
P35372	S30Y	0.1245	benign	p.(S30Y)
P35372	W31A	0.1301	benign	p.(W31A)
P35372	W31C	0.4541	ambiguous	p.(W31C)
P35372	W31D	0.2658	benign	p.(W31D)
P35372	W31E	0.2902	benign	p.(W31E)
P35372	W31F	0.1027	benign	p.(W31F)
P35372	W31G	0.0931	benign	p.(W31G)
P35372	W31H	0.3334	benign	p.(W31H)
P35372	W31I	0.2232	benign	p.(W31I)
P35372	W31K	0.4193	ambiguous	p.(W31K)
P35372	W31L	0.1165	benign	p.(W31L)
P35372	W31M	0.2469	benign	p.(W31M)
P35372	W31N	0.2993	benign	p.(W31N)
P35372	W31P	0.2117	benign	p.(W31P)
P35372	W31Q	0.3231	benign	p.(W31Q)
P35372	W31R	0.3102	benign	p.(W31R)
P35372	W31S	0.1021	benign	p.(W31S)
P35372	W31T	0.1298	benign	p.(W31T)
P35372	W31V	0.1627	benign	p.(W31V)
P35372	W31Y	0.215	benign	p.(W31Y)
P35372	V32A	0.0954	benign	p.(V32A)
P35372	V32C	0.4861	ambiguous	p.(V32C)
P35372	V32D	0.1133	benign	p.(V32D)
P35372	V32E	0.1032	benign	p.(V32E)
P35372	V32F	0.0899	benign	p.(V32F)
P35372	V32G	0.0666	benign	p.(V32G)
P35372	V32H	0.2156	benign	p.(V32H)
P35372	V32I	0.0854	benign	p.(V32I)
P35372	V32K	0.1538	benign	p.(V32K)
P35372	V32L	0.0928	benign	p.(V32L)
P35372	V32M	0.1189	benign	p.(V32M)
P35372	V32N	0.1128	benign	p.(V32N)
P35372	V32P	0.1469	benign	p.(V32P)
P35372	V32Q	0.119	benign	p.(V32Q)
P35372	V32R	0.1231	benign	p.(V32R)
P35372	V32S	0.0935	benign	p.(V32S)
P35372	V32T	0.1193	benign	p.(V32T)
P35372	V32W	0.33	benign	p.(V32W)
P35372	V32Y	0.2257	benign	p.(V32Y)
P35372	N33A	0.2056	benign	p.(N33A)
P35372	N33C	0.4399	ambiguous	p.(N33C)
P35372	N33D	0.1201	benign	p.(N33D)
P35372	N33E	0.3141	benign	p.(N33E)
P35372	N33F	0.4528	ambiguous	p.(N33F)
P35372	N33G	0.2068	benign	p.(N33G)
P35372	N33H	0.1261	benign	p.(N33H)
P35372	N33I	0.2904	benign	p.(N33I)
P35372	N33K	0.3423	ambiguous	p.(N33K)
P35372	N33L	0.2618	benign	p.(N33L)
P35372	N33M	0.4414	ambiguous	p.(N33M)
P35372	N33P	0.1806	benign	p.(N33P)
P35372	N33Q	0.3058	benign	p.(N33Q)
P35372	N33R	0.2774	benign	p.(N33R)
P35372	N33S	0.0908	benign	p.(N33S)
P35372	N33T	0.1566	benign	p.(N33T)
P35372	N33V	0.2693	benign	p.(N33V)
P35372	N33W	0.6657	pathogenic	p.(N33W)
P35372	N33Y	0.1769	benign	p.(N33Y)
P35372	L34A	0.1009	benign	p.(L34A)
P35372	L34C	0.3033	benign	p.(L34C)
P35372	L34D	0.2064	benign	p.(L34D)
P35372	L34E	0.1595	benign	p.(L34E)
P35372	L34F	0.0509	benign	p.(L34F)
P35372	L34G	0.1702	benign	p.(L34G)
P35372	L34H	0.1061	benign	p.(L34H)
P35372	L34I	0.0694	benign	p.(L34I)
P35372	L34K	0.1687	benign	p.(L34K)
P35372	L34M	0.0957	benign	p.(L34M)
P35372	L34N	0.1438	benign	p.(L34N)
P35372	L34P	0.0953	benign	p.(L34P)
P35372	L34Q	0.0964	benign	p.(L34Q)
P35372	L34R	0.0963	benign	p.(L34R)
P35372	L34S	0.1093	benign	p.(L34S)
P35372	L34T	0.1059	benign	p.(L34T)
P35372	L34V	0.0634	benign	p.(L34V)
P35372	L34W	0.1079	benign	p.(L34W)
P35372	L34Y	0.122	benign	p.(L34Y)
P35372	S35A	0.1134	benign	p.(S35A)
P35372	S35C	0.301	benign	p.(S35C)
P35372	S35D	0.3289	benign	p.(S35D)
P35372	S35E	0.4072	ambiguous	p.(S35E)
P35372	S35F	0.2711	benign	p.(S35F)
P35372	S35G	0.1082	benign	p.(S35G)
P35372	S35H	0.3351	benign	p.(S35H)
P35372	S35I	0.3518	ambiguous	p.(S35I)
P35372	S35K	0.6364	pathogenic	p.(S35K)
P35372	S35L	0.1941	benign	p.(S35L)
P35372	S35M	0.3756	ambiguous	p.(S35M)
P35372	S35N	0.2244	benign	p.(S35N)
P35372	S35P	0.1155	benign	p.(S35P)
P35372	S35Q	0.4232	ambiguous	p.(S35Q)
P35372	S35R	0.5147	ambiguous	p.(S35R)
P35372	S35T	0.107	benign	p.(S35T)
P35372	S35V	0.2955	benign	p.(S35V)
P35372	S35W	0.3311	benign	p.(S35W)
P35372	S35Y	0.2464	benign	p.(S35Y)
P35372	H36A	0.1029	benign	p.(H36A)
P35372	H36C	0.2047	benign	p.(H36C)
P35372	H36D	0.0821	benign	p.(H36D)
P35372	H36E	0.1152	benign	p.(H36E)
P35372	H36F	0.1513	benign	p.(H36F)
P35372	H36G	0.1017	benign	p.(H36G)
P35372	H36I	0.1518	benign	p.(H36I)
P35372	H36K	0.1361	benign	p.(H36K)
P35372	H36L	0.0789	benign	p.(H36L)
P35372	H36M	0.2634	benign	p.(H36M)
P35372	H36N	0.0678	benign	p.(H36N)
P35372	H36P	0.0609	benign	p.(H36P)
P35372	H36Q	0.0894	benign	p.(H36Q)
P35372	H36R	0.0668	benign	p.(H36R)
P35372	H36S	0.0828	benign	p.(H36S)
P35372	H36T	0.1136	benign	p.(H36T)
P35372	H36V	0.1178	benign	p.(H36V)
P35372	H36W	0.2223	benign	p.(H36W)
P35372	H36Y	0.079	benign	p.(H36Y)
P35372	L37A	0.076	benign	p.(L37A)
P35372	L37C	0.3384	benign	p.(L37C)
P35372	L37D	0.1766	benign	p.(L37D)
P35372	L37E	0.1094	benign	p.(L37E)
P35372	L37F	0.0726	benign	p.(L37F)
P35372	L37G	0.1345	benign	p.(L37G)
P35372	L37H	0.0947	benign	p.(L37H)
P35372	L37I	0.0775	benign	p.(L37I)
P35372	L37K	0.1162	benign	p.(L37K)
P35372	L37M	0.0849	benign	p.(L37M)
P35372	L37N	0.1403	benign	p.(L37N)
P35372	L37P	0.0706	benign	p.(L37P)
P35372	L37Q	0.0712	benign	p.(L37Q)
P35372	L37R	0.0739	benign	p.(L37R)
P35372	L37S	0.0837	benign	p.(L37S)
P35372	L37T	0.0807	benign	p.(L37T)
P35372	L37V	0.0665	benign	p.(L37V)
P35372	L37W	0.1078	benign	p.(L37W)
P35372	L37Y	0.1527	benign	p.(L37Y)
P35372	D38A	0.1005	benign	p.(D38A)
P35372	D38C	0.4143	ambiguous	p.(D38C)
P35372	D38E	0.0813	benign	p.(D38E)
P35372	D38F	0.3039	benign	p.(D38F)
P35372	D38G	0.0742	benign	p.(D38G)
P35372	D38H	0.1292	benign	p.(D38H)
P35372	D38I	0.2419	benign	p.(D38I)
P35372	D38K	0.18	benign	p.(D38K)
P35372	D38L	0.2073	benign	p.(D38L)
P35372	D38M	0.3937	ambiguous	p.(D38M)
P35372	D38N	0.0909	benign	p.(D38N)
P35372	D38P	0.1722	benign	p.(D38P)
P35372	D38Q	0.1254	benign	p.(D38Q)
P35372	D38R	0.1497	benign	p.(D38R)
P35372	D38S	0.0828	benign	p.(D38S)
P35372	D38T	0.1371	benign	p.(D38T)
P35372	D38V	0.1464	benign	p.(D38V)
P35372	D38W	0.5019	ambiguous	p.(D38W)
P35372	D38Y	0.1371	benign	p.(D38Y)
P35372	G39A	0.1032	benign	p.(G39A)
P35372	G39C	0.2549	benign	p.(G39C)
P35372	G39D	0.0992	benign	p.(G39D)
P35372	G39E	0.1063	benign	p.(G39E)
P35372	G39F	0.3081	benign	p.(G39F)
P35372	G39H	0.1931	benign	p.(G39H)
P35372	G39I	0.1834	benign	p.(G39I)
P35372	G39K	0.2099	benign	p.(G39K)
P35372	G39L	0.2362	benign	p.(G39L)
P35372	G39M	0.2985	benign	p.(G39M)
P35372	G39N	0.1521	benign	p.(G39N)
P35372	G39P	0.3273	benign	p.(G39P)
P35372	G39Q	0.1619	benign	p.(G39Q)
P35372	G39R	0.139	benign	p.(G39R)
P35372	G39S	0.0859	benign	p.(G39S)
P35372	G39T	0.1108	benign	p.(G39T)
P35372	G39V	0.1271	benign	p.(G39V)
P35372	G39W	0.2022	benign	p.(G39W)
P35372	G39Y	0.206	benign	p.(G39Y)
P35372	N40A	0.2797	benign	p.(N40A)
P35372	N40C	0.5673	pathogenic	p.(N40C)
P35372	N40D	0.1545	benign	p.(N40D)
P35372	N40E	0.3366	benign	p.(N40E)
P35372	N40F	0.4841	ambiguous	p.(N40F)
P35372	N40G	0.2831	benign	p.(N40G)
P35372	N40H	0.1791	benign	p.(N40H)
P35372	N40I	0.2766	benign	p.(N40I)
P35372	N40K	0.3822	ambiguous	p.(N40K)
P35372	N40L	0.289	benign	p.(N40L)
P35372	N40M	0.4608	ambiguous	p.(N40M)
P35372	N40P	0.3072	benign	p.(N40P)
P35372	N40Q	0.3801	ambiguous	p.(N40Q)
P35372	N40R	0.3356	benign	p.(N40R)
P35372	N40S	0.1163	benign	p.(N40S)
P35372	N40T	0.1972	benign	p.(N40T)
P35372	N40V	0.2695	benign	p.(N40V)
P35372	N40W	0.7216	pathogenic	p.(N40W)
P35372	N40Y	0.1991	benign	p.(N40Y)
P35372	L41A	0.0872	benign	p.(L41A)
P35372	L41C	0.3244	benign	p.(L41C)
P35372	L41D	0.1596	benign	p.(L41D)
P35372	L41E	0.1006	benign	p.(L41E)
P35372	L41F	0.0707	benign	p.(L41F)
P35372	L41G	0.139	benign	p.(L41G)
P35372	L41H	0.0858	benign	p.(L41H)
P35372	L41I	0.0731	benign	p.(L41I)
P35372	L41K	0.1088	benign	p.(L41K)
P35372	L41M	0.0996	benign	p.(L41M)
P35372	L41N	0.1225	benign	p.(L41N)
P35372	L41P	0.0902	benign	p.(L41P)
P35372	L41Q	0.0647	benign	p.(L41Q)
P35372	L41R	0.0647	benign	p.(L41R)
P35372	L41S	0.0929	benign	p.(L41S)
P35372	L41T	0.0912	benign	p.(L41T)
P35372	L41V	0.0669	benign	p.(L41V)
P35372	L41W	0.1195	benign	p.(L41W)
P35372	L41Y	0.1384	benign	p.(L41Y)
P35372	S42A	0.1191	benign	p.(S42A)
P35372	S42C	0.3621	ambiguous	p.(S42C)
P35372	S42D	0.2991	benign	p.(S42D)
P35372	S42E	0.3665	ambiguous	p.(S42E)
P35372	S42F	0.3444	ambiguous	p.(S42F)
P35372	S42G	0.1106	benign	p.(S42G)
P35372	S42H	0.3906	ambiguous	p.(S42H)
P35372	S42I	0.3905	ambiguous	p.(S42I)
P35372	S42K	0.6328	pathogenic	p.(S42K)
P35372	S42L	0.2137	benign	p.(S42L)
P35372	S42M	0.3628	ambiguous	p.(S42M)
P35372	S42N	0.2529	benign	p.(S42N)
P35372	S42P	0.1471	benign	p.(S42P)
P35372	S42Q	0.4527	ambiguous	p.(S42Q)
P35372	S42R	0.5246	ambiguous	p.(S42R)
P35372	S42T	0.0885	benign	p.(S42T)
P35372	S42V	0.3203	benign	p.(S42V)
P35372	S42W	0.3618	ambiguous	p.(S42W)
P35372	S42Y	0.2974	benign	p.(S42Y)
P35372	D43A	0.1075	benign	p.(D43A)
P35372	D43C	0.4364	ambiguous	p.(D43C)
P35372	D43E	0.0934	benign	p.(D43E)
P35372	D43F	0.2505	benign	p.(D43F)
P35372	D43G	0.1064	benign	p.(D43G)
P35372	D43H	0.1475	benign	p.(D43H)
P35372	D43I	0.1865	benign	p.(D43I)
P35372	D43K	0.2209	benign	p.(D43K)
P35372	D43L	0.1721	benign	p.(D43L)
P35372	D43M	0.3602	ambiguous	p.(D43M)
P35372	D43N	0.0947	benign	p.(D43N)
P35372	D43P	0.2586	benign	p.(D43P)
P35372	D43Q	0.1587	benign	p.(D43Q)
P35372	D43R	0.1928	benign	p.(D43R)
P35372	D43S	0.0921	benign	p.(D43S)
P35372	D43T	0.1485	benign	p.(D43T)
P35372	D43V	0.1183	benign	p.(D43V)
P35372	D43W	0.5836	pathogenic	p.(D43W)
P35372	D43Y	0.1239	benign	p.(D43Y)
P35372	P44A	0.0679	benign	p.(P44A)
P35372	P44C	0.3516	ambiguous	p.(P44C)
P35372	P44D	0.1406	benign	p.(P44D)
P35372	P44E	0.1341	benign	p.(P44E)
P35372	P44F	0.1906	benign	p.(P44F)
P35372	P44G	0.1315	benign	p.(P44G)
P35372	P44H	0.0995	benign	p.(P44H)
P35372	P44I	0.153	benign	p.(P44I)
P35372	P44K	0.1868	benign	p.(P44K)
P35372	P44L	0.0976	benign	p.(P44L)
P35372	P44M	0.2317	benign	p.(P44M)
P35372	P44N	0.1496	benign	p.(P44N)
P35372	P44Q	0.0997	benign	p.(P44Q)
P35372	P44R	0.0891	benign	p.(P44R)
P35372	P44S	0.0738	benign	p.(P44S)
P35372	P44T	0.0716	benign	p.(P44T)
P35372	P44V	0.1178	benign	p.(P44V)
P35372	P44W	0.3296	benign	p.(P44W)
P35372	P44Y	0.1878	benign	p.(P44Y)
P35372	C45A	0.3621	ambiguous	p.(C45A)
P35372	C45D	0.437	ambiguous	p.(C45D)
P35372	C45E	0.5414	ambiguous	p.(C45E)
P35372	C45F	0.2606	benign	p.(C45F)
P35372	C45G	0.1903	benign	p.(C45G)
P35372	C45H	0.5083	ambiguous	p.(C45H)
P35372	C45I	0.525	ambiguous	p.(C45I)
P35372	C45K	0.7028	pathogenic	p.(C45K)
P35372	C45L	0.4586	ambiguous	p.(C45L)
P35372	C45M	0.6544	pathogenic	p.(C45M)
P35372	C45N	0.4958	ambiguous	p.(C45N)
P35372	C45P	0.488	ambiguous	p.(C45P)
P35372	C45Q	0.5104	ambiguous	p.(C45Q)
P35372	C45R	0.4065	ambiguous	p.(C45R)
P35372	C45S	0.3417	ambiguous	p.(C45S)
P35372	C45T	0.447	ambiguous	p.(C45T)
P35372	C45V	0.4492	ambiguous	p.(C45V)
P35372	C45W	0.4771	ambiguous	p.(C45W)
P35372	C45Y	0.3498	ambiguous	p.(C45Y)
P35372	G46A	0.0972	benign	p.(G46A)
P35372	G46C	0.2119	benign	p.(G46C)
P35372	G46D	0.0976	benign	p.(G46D)
P35372	G46E	0.1033	benign	p.(G46E)
P35372	G46F	0.1982	benign	p.(G46F)
P35372	G46H	0.1722	benign	p.(G46H)
P35372	G46I	0.118	benign	p.(G46I)
P35372	G46K	0.2329	benign	p.(G46K)
P35372	G46L	0.1501	benign	p.(G46L)
P35372	G46M	0.2535	benign	p.(G46M)
P35372	G46N	0.1661	benign	p.(G46N)
P35372	G46P	0.2464	benign	p.(G46P)
P35372	G46Q	0.1634	benign	p.(G46Q)
P35372	G46R	0.1559	benign	p.(G46R)
P35372	G46S	0.087	benign	p.(G46S)
P35372	G46T	0.1088	benign	p.(G46T)
P35372	G46V	0.0903	benign	p.(G46V)
P35372	G46W	0.1981	benign	p.(G46W)
P35372	G46Y	0.1666	benign	p.(G46Y)
P35372	P47A	0.0668	benign	p.(P47A)
P35372	P47C	0.2706	benign	p.(P47C)
P35372	P47D	0.1231	benign	p.(P47D)
P35372	P47E	0.0969	benign	p.(P47E)
P35372	P47F	0.1557	benign	p.(P47F)
P35372	P47G	0.1085	benign	p.(P47G)
P35372	P47H	0.0909	benign	p.(P47H)
P35372	P47I	0.1365	benign	p.(P47I)
P35372	P47K	0.1292	benign	p.(P47K)
P35372	P47L	0.085	benign	p.(P47L)
P35372	P47M	0.1741	benign	p.(P47M)
P35372	P47N	0.126	benign	p.(P47N)
P35372	P47Q	0.0763	benign	p.(P47Q)
P35372	P47R	0.0782	benign	p.(P47R)
P35372	P47S	0.0744	benign	p.(P47S)
P35372	P47T	0.0717	benign	p.(P47T)
P35372	P47V	0.1083	benign	p.(P47V)
P35372	P47W	0.204	benign	p.(P47W)
P35372	P47Y	0.1537	benign	p.(P47Y)
P35372	N48A	0.1801	benign	p.(N48A)
P35372	N48C	0.4806	ambiguous	p.(N48C)
P35372	N48D	0.1233	benign	p.(N48D)
P35372	N48E	0.2002	benign	p.(N48E)
P35372	N48F	0.4773	ambiguous	p.(N48F)
P35372	N48G	0.1755	benign	p.(N48G)
P35372	N48H	0.1527	benign	p.(N48H)
P35372	N48I	0.2883	benign	p.(N48I)
P35372	N48K	0.2707	benign	p.(N48K)
P35372	N48L	0.2191	benign	p.(N48L)
P35372	N48M	0.4304	ambiguous	p.(N48M)
P35372	N48P	0.231	benign	p.(N48P)
P35372	N48Q	0.2705	benign	p.(N48Q)
P35372	N48R	0.2286	benign	p.(N48R)
P35372	N48S	0.0885	benign	p.(N48S)
P35372	N48T	0.1669	benign	p.(N48T)
P35372	N48V	0.2242	benign	p.(N48V)
P35372	N48W	0.6318	pathogenic	p.(N48W)
P35372	N48Y	0.1984	benign	p.(N48Y)
P35372	R49A	0.1103	benign	p.(R49A)
P35372	R49C	0.1879	benign	p.(R49C)
P35372	R49D	0.1417	benign	p.(R49D)
P35372	R49E	0.105	benign	p.(R49E)
P35372	R49F	0.2035	benign	p.(R49F)
P35372	R49G	0.0702	benign	p.(R49G)
P35372	R49H	0.0767	benign	p.(R49H)
P35372	R49I	0.1197	benign	p.(R49I)
P35372	R49K	0.0845	benign	p.(R49K)
P35372	R49L	0.1091	benign	p.(R49L)
P35372	R49M	0.1487	benign	p.(R49M)
P35372	R49N	0.1538	benign	p.(R49N)
P35372	R49P	0.1348	benign	p.(R49P)
P35372	R49Q	0.0716	benign	p.(R49Q)
P35372	R49S	0.1155	benign	p.(R49S)
P35372	R49T	0.087	benign	p.(R49T)
P35372	R49V	0.1367	benign	p.(R49V)
P35372	R49W	0.127	benign	p.(R49W)
P35372	R49Y	0.1654	benign	p.(R49Y)
P35372	T50A	0.1237	benign	p.(T50A)
P35372	T50C	0.6376	pathogenic	p.(T50C)
P35372	T50D	0.1858	benign	p.(T50D)
P35372	T50E	0.1928	benign	p.(T50E)
P35372	T50F	0.3198	benign	p.(T50F)
P35372	T50G	0.1466	benign	p.(T50G)
P35372	T50H	0.24	benign	p.(T50H)
P35372	T50I	0.3604	ambiguous	p.(T50I)
P35372	T50K	0.219	benign	p.(T50K)
P35372	T50L	0.2004	benign	p.(T50L)
P35372	T50M	0.1856	benign	p.(T50M)
P35372	T50N	0.1319	benign	p.(T50N)
P35372	T50P	0.1143	benign	p.(T50P)
P35372	T50Q	0.2116	benign	p.(T50Q)
P35372	T50R	0.1673	benign	p.(T50R)
P35372	T50S	0.0884	benign	p.(T50S)
P35372	T50V	0.2836	benign	p.(T50V)
P35372	T50W	0.4298	ambiguous	p.(T50W)
P35372	T50Y	0.3128	benign	p.(T50Y)
P35372	D51A	0.085	benign	p.(D51A)
P35372	D51C	0.3329	benign	p.(D51C)
P35372	D51E	0.0815	benign	p.(D51E)
P35372	D51F	0.2188	benign	p.(D51F)
P35372	D51G	0.0777	benign	p.(D51G)
P35372	D51H	0.1249	benign	p.(D51H)
P35372	D51I	0.1525	benign	p.(D51I)
P35372	D51K	0.1783	benign	p.(D51K)
P35372	D51L	0.144	benign	p.(D51L)
P35372	D51M	0.2869	benign	p.(D51M)
P35372	D51N	0.0814	benign	p.(D51N)
P35372	D51P	0.1759	benign	p.(D51P)
P35372	D51Q	0.1241	benign	p.(D51Q)
P35372	D51R	0.1481	benign	p.(D51R)
P35372	D51S	0.078	benign	p.(D51S)
P35372	D51T	0.1148	benign	p.(D51T)
P35372	D51V	0.1018	benign	p.(D51V)
P35372	D51W	0.482	ambiguous	p.(D51W)
P35372	D51Y	0.1177	benign	p.(D51Y)
P35372	L52A	0.0633	benign	p.(L52A)
P35372	L52C	0.2597	benign	p.(L52C)
P35372	L52D	0.1254	benign	p.(L52D)
P35372	L52E	0.0899	benign	p.(L52E)
P35372	L52F	0.0645	benign	p.(L52F)
P35372	L52G	0.1037	benign	p.(L52G)
P35372	L52H	0.0795	benign	p.(L52H)
P35372	L52I	0.0732	benign	p.(L52I)
P35372	L52K	0.1052	benign	p.(L52K)
P35372	L52M	0.0879	benign	p.(L52M)
P35372	L52N	0.1041	benign	p.(L52N)
P35372	L52P	0.061	benign	p.(L52P)
P35372	L52Q	0.0664	benign	p.(L52Q)
P35372	L52R	0.0638	benign	p.(L52R)
P35372	L52S	0.0708	benign	p.(L52S)
P35372	L52T	0.0683	benign	p.(L52T)
P35372	L52V	0.0642	benign	p.(L52V)
P35372	L52W	0.0936	benign	p.(L52W)
P35372	L52Y	0.1238	benign	p.(L52Y)
P35372	G53A	0.0792	benign	p.(G53A)
P35372	G53C	0.1926	benign	p.(G53C)
P35372	G53D	0.0782	benign	p.(G53D)
P35372	G53E	0.0853	benign	p.(G53E)
P35372	G53F	0.2093	benign	p.(G53F)
P35372	G53H	0.1466	benign	p.(G53H)
P35372	G53I	0.1397	benign	p.(G53I)
P35372	G53K	0.1831	benign	p.(G53K)
P35372	G53L	0.1484	benign	p.(G53L)
P35372	G53M	0.2314	benign	p.(G53M)
P35372	G53N	0.1236	benign	p.(G53N)
P35372	G53P	0.1576	benign	p.(G53P)
P35372	G53Q	0.1319	benign	p.(G53Q)
P35372	G53R	0.121	benign	p.(G53R)
P35372	G53S	0.0753	benign	p.(G53S)
P35372	G53T	0.0849	benign	p.(G53T)
P35372	G53V	0.0973	benign	p.(G53V)
P35372	G53W	0.168	benign	p.(G53W)
P35372	G53Y	0.1621	benign	p.(G53Y)
P35372	G54A	0.0914	benign	p.(G54A)
P35372	G54C	0.1779	benign	p.(G54C)
P35372	G54D	0.0799	benign	p.(G54D)
P35372	G54E	0.0822	benign	p.(G54E)
P35372	G54F	0.2012	benign	p.(G54F)
P35372	G54H	0.1535	benign	p.(G54H)
P35372	G54I	0.1252	benign	p.(G54I)
P35372	G54K	0.1755	benign	p.(G54K)
P35372	G54L	0.1595	benign	p.(G54L)
P35372	G54M	0.2255	benign	p.(G54M)
P35372	G54N	0.1186	benign	p.(G54N)
P35372	G54P	0.2119	benign	p.(G54P)
P35372	G54Q	0.1283	benign	p.(G54Q)
P35372	G54R	0.1189	benign	p.(G54R)
P35372	G54S	0.0748	benign	p.(G54S)
P35372	G54T	0.0906	benign	p.(G54T)
P35372	G54V	0.0905	benign	p.(G54V)
P35372	G54W	0.1659	benign	p.(G54W)
P35372	G54Y	0.155	benign	p.(G54Y)
P35372	R55A	0.0876	benign	p.(R55A)
P35372	R55C	0.1748	benign	p.(R55C)
P35372	R55D	0.1077	benign	p.(R55D)
P35372	R55E	0.0934	benign	p.(R55E)
P35372	R55F	0.1733	benign	p.(R55F)
P35372	R55G	0.0636	benign	p.(R55G)
P35372	R55H	0.072	benign	p.(R55H)
P35372	R55I	0.1086	benign	p.(R55I)
P35372	R55K	0.0765	benign	p.(R55K)
P35372	R55L	0.0975	benign	p.(R55L)
P35372	R55M	0.1235	benign	p.(R55M)
P35372	R55N	0.1069	benign	p.(R55N)
P35372	R55P	0.0904	benign	p.(R55P)
P35372	R55Q	0.0662	benign	p.(R55Q)
P35372	R55S	0.075	benign	p.(R55S)
P35372	R55T	0.0686	benign	p.(R55T)
P35372	R55V	0.1187	benign	p.(R55V)
P35372	R55W	0.1136	benign	p.(R55W)
P35372	R55Y	0.1425	benign	p.(R55Y)
P35372	D56A	0.1026	benign	p.(D56A)
P35372	D56C	0.394	ambiguous	p.(D56C)
P35372	D56E	0.089	benign	p.(D56E)
P35372	D56F	0.2519	benign	p.(D56F)
P35372	D56G	0.0715	benign	p.(D56G)
P35372	D56H	0.125	benign	p.(D56H)
P35372	D56I	0.1863	benign	p.(D56I)
P35372	D56K	0.1788	benign	p.(D56K)
P35372	D56L	0.18	benign	p.(D56L)
P35372	D56M	0.3523	ambiguous	p.(D56M)
P35372	D56N	0.0814	benign	p.(D56N)
P35372	D56P	0.1847	benign	p.(D56P)
P35372	D56Q	0.133	benign	p.(D56Q)
P35372	D56R	0.1526	benign	p.(D56R)
P35372	D56S	0.0806	benign	p.(D56S)
P35372	D56T	0.1244	benign	p.(D56T)
P35372	D56V	0.1247	benign	p.(D56V)
P35372	D56W	0.5045	ambiguous	p.(D56W)
P35372	D56Y	0.1162	benign	p.(D56Y)
P35372	S57A	0.0778	benign	p.(S57A)
P35372	S57C	0.1654	benign	p.(S57C)
P35372	S57D	0.1053	benign	p.(S57D)
P35372	S57E	0.1593	benign	p.(S57E)
P35372	S57F	0.1218	benign	p.(S57F)
P35372	S57G	0.064	benign	p.(S57G)
P35372	S57H	0.1334	benign	p.(S57H)
P35372	S57I	0.0987	benign	p.(S57I)
P35372	S57K	0.253	benign	p.(S57K)
P35372	S57L	0.1038	benign	p.(S57L)
P35372	S57M	0.1772	benign	p.(S57M)
P35372	S57N	0.0825	benign	p.(S57N)
P35372	S57P	0.0844	benign	p.(S57P)
P35372	S57Q	0.1904	benign	p.(S57Q)
P35372	S57R	0.1771	benign	p.(S57R)
P35372	S57T	0.0728	benign	p.(S57T)
P35372	S57V	0.1057	benign	p.(S57V)
P35372	S57W	0.1798	benign	p.(S57W)
P35372	S57Y	0.1078	benign	p.(S57Y)
P35372	L58A	0.0663	benign	p.(L58A)
P35372	L58C	0.2471	benign	p.(L58C)
P35372	L58D	0.1223	benign	p.(L58D)
P35372	L58E	0.0959	benign	p.(L58E)
P35372	L58F	0.0624	benign	p.(L58F)
P35372	L58G	0.112	benign	p.(L58G)
P35372	L58H	0.0703	benign	p.(L58H)
P35372	L58I	0.0712	benign	p.(L58I)
P35372	L58K	0.1065	benign	p.(L58K)
P35372	L58M	0.1012	benign	p.(L58M)
P35372	L58N	0.0943	benign	p.(L58N)
P35372	L58P	0.0516	benign	p.(L58P)
P35372	L58Q	0.0594	benign	p.(L58Q)
P35372	L58R	0.0574	benign	p.(L58R)
P35372	L58S	0.0618	benign	p.(L58S)
P35372	L58T	0.0712	benign	p.(L58T)
P35372	L58V	0.0626	benign	p.(L58V)
P35372	L58W	0.1018	benign	p.(L58W)
P35372	L58Y	0.1237	benign	p.(L58Y)
P35372	C59A	0.3312	benign	p.(C59A)
P35372	C59D	0.415	ambiguous	p.(C59D)
P35372	C59E	0.5133	ambiguous	p.(C59E)
P35372	C59F	0.2141	benign	p.(C59F)
P35372	C59G	0.1827	benign	p.(C59G)
P35372	C59H	0.3808	ambiguous	p.(C59H)
P35372	C59I	0.3816	ambiguous	p.(C59I)
P35372	C59K	0.6216	pathogenic	p.(C59K)
P35372	C59L	0.3297	benign	p.(C59L)
P35372	C59M	0.5611	ambiguous	p.(C59M)
P35372	C59N	0.3894	ambiguous	p.(C59N)
P35372	C59P	0.3545	ambiguous	p.(C59P)
P35372	C59Q	0.401	ambiguous	p.(C59Q)
P35372	C59R	0.3483	ambiguous	p.(C59R)
P35372	C59S	0.2617	benign	p.(C59S)
P35372	C59T	0.3596	ambiguous	p.(C59T)
P35372	C59V	0.352	ambiguous	p.(C59V)
P35372	C59W	0.5255	ambiguous	p.(C59W)
P35372	C59Y	0.2944	benign	p.(C59Y)
P35372	P60A	0.0706	benign	p.(P60A)
P35372	P60C	0.3258	benign	p.(P60C)
P35372	P60D	0.1675	benign	p.(P60D)
P35372	P60E	0.1244	benign	p.(P60E)
P35372	P60F	0.173	benign	p.(P60F)
P35372	P60G	0.1312	benign	p.(P60G)
P35372	P60H	0.0861	benign	p.(P60H)
P35372	P60I	0.1444	benign	p.(P60I)
P35372	P60K	0.1572	benign	p.(P60K)
P35372	P60L	0.082	benign	p.(P60L)
P35372	P60M	0.1953	benign	p.(P60M)
P35372	P60N	0.1502	benign	p.(P60N)
P35372	P60Q	0.0814	benign	p.(P60Q)
P35372	P60R	0.0875	benign	p.(P60R)
P35372	P60S	0.0681	benign	p.(P60S)
P35372	P60T	0.0721	benign	p.(P60T)
P35372	P60V	0.1095	benign	p.(P60V)
P35372	P60W	0.2833	benign	p.(P60W)
P35372	P60Y	0.1679	benign	p.(P60Y)
P35372	P61A	0.0581	benign	p.(P61A)
P35372	P61C	0.3131	benign	p.(P61C)
P35372	P61D	0.1243	benign	p.(P61D)
P35372	P61E	0.0982	benign	p.(P61E)
P35372	P61F	0.1824	benign	p.(P61F)
P35372	P61G	0.1037	benign	p.(P61G)
P35372	P61H	0.0813	benign	p.(P61H)
P35372	P61I	0.151	benign	p.(P61I)
P35372	P61K	0.1179	benign	p.(P61K)
P35372	P61L	0.0898	benign	p.(P61L)
P35372	P61M	0.1791	benign	p.(P61M)
P35372	P61N	0.1167	benign	p.(P61N)
P35372	P61Q	0.0698	benign	p.(P61Q)
P35372	P61R	0.0756	benign	p.(P61R)
P35372	P61S	0.0614	benign	p.(P61S)
P35372	P61T	0.0633	benign	p.(P61T)
P35372	P61V	0.1085	benign	p.(P61V)
P35372	P61W	0.2622	benign	p.(P61W)
P35372	P61Y	0.1673	benign	p.(P61Y)
P35372	T62A	0.0581	benign	p.(T62A)
P35372	T62C	0.3799	ambiguous	p.(T62C)
P35372	T62D	0.1244	benign	p.(T62D)
P35372	T62E	0.1142	benign	p.(T62E)
P35372	T62F	0.141	benign	p.(T62F)
P35372	T62G	0.0861	benign	p.(T62G)
P35372	T62H	0.1155	benign	p.(T62H)
P35372	T62I	0.1184	benign	p.(T62I)
P35372	T62K	0.1069	benign	p.(T62K)
P35372	T62L	0.0822	benign	p.(T62L)
P35372	T62M	0.103	benign	p.(T62M)
P35372	T62N	0.0821	benign	p.(T62N)
P35372	T62P	0.0598	benign	p.(T62P)
P35372	T62Q	0.1085	benign	p.(T62Q)
P35372	T62R	0.0792	benign	p.(T62R)
P35372	T62S	0.0649	benign	p.(T62S)
P35372	T62V	0.0972	benign	p.(T62V)
P35372	T62W	0.2637	benign	p.(T62W)
P35372	T62Y	0.1548	benign	p.(T62Y)
P35372	G63A	0.0907	benign	p.(G63A)
P35372	G63C	0.2796	benign	p.(G63C)
P35372	G63D	0.0988	benign	p.(G63D)
P35372	G63E	0.1068	benign	p.(G63E)
P35372	G63F	0.3191	benign	p.(G63F)
P35372	G63H	0.1942	benign	p.(G63H)
P35372	G63I	0.1703	benign	p.(G63I)
P35372	G63K	0.2312	benign	p.(G63K)
P35372	G63L	0.2318	benign	p.(G63L)
P35372	G63M	0.3133	benign	p.(G63M)
P35372	G63N	0.1522	benign	p.(G63N)
P35372	G63P	0.2496	benign	p.(G63P)
P35372	G63Q	0.1715	benign	p.(G63Q)
P35372	G63R	0.1541	benign	p.(G63R)
P35372	G63S	0.0762	benign	p.(G63S)
P35372	G63T	0.0972	benign	p.(G63T)
P35372	G63V	0.1129	benign	p.(G63V)
P35372	G63W	0.2587	benign	p.(G63W)
P35372	G63Y	0.2255	benign	p.(G63Y)
P35372	S64A	0.0997	benign	p.(S64A)
P35372	S64C	0.2532	benign	p.(S64C)
P35372	S64D	0.2059	benign	p.(S64D)
P35372	S64E	0.2506	benign	p.(S64E)
P35372	S64F	0.1786	benign	p.(S64F)
P35372	S64G	0.0805	benign	p.(S64G)
P35372	S64H	0.1902	benign	p.(S64H)
P35372	S64I	0.1617	benign	p.(S64I)
P35372	S64K	0.3352	benign	p.(S64K)
P35372	S64L	0.1462	benign	p.(S64L)
P35372	S64M	0.2335	benign	p.(S64M)
P35372	S64N	0.1128	benign	p.(S64N)
P35372	S64P	0.0992	benign	p.(S64P)
P35372	S64Q	0.2605	benign	p.(S64Q)
P35372	S64R	0.2794	benign	p.(S64R)
P35372	S64T	0.0829	benign	p.(S64T)
P35372	S64V	0.1657	benign	p.(S64V)
P35372	S64W	0.2707	benign	p.(S64W)
P35372	S64Y	0.1633	benign	p.(S64Y)
P35372	P65A	0.1022	benign	p.(P65A)
P35372	P65C	0.6311	pathogenic	p.(P65C)
P35372	P65D	0.338	benign	p.(P65D)
P35372	P65E	0.2544	benign	p.(P65E)
P35372	P65F	0.4106	ambiguous	p.(P65F)
P35372	P65G	0.2087	benign	p.(P65G)
P35372	P65H	0.1607	benign	p.(P65H)
P35372	P65I	0.3148	benign	p.(P65I)
P35372	P65K	0.2668	benign	p.(P65K)
P35372	P65L	0.1677	benign	p.(P65L)
P35372	P65M	0.3721	ambiguous	p.(P65M)
P35372	P65N	0.2727	benign	p.(P65N)
P35372	P65Q	0.1471	benign	p.(P65Q)
P35372	P65R	0.1448	benign	p.(P65R)
P35372	P65S	0.1023	benign	p.(P65S)
P35372	P65T	0.0981	benign	p.(P65T)
P35372	P65V	0.2122	benign	p.(P65V)
P35372	P65W	0.5354	ambiguous	p.(P65W)
P35372	P65Y	0.3762	ambiguous	p.(P65Y)
P35372	S66A	0.1083	benign	p.(S66A)
P35372	S66C	0.4216	ambiguous	p.(S66C)
P35372	S66D	0.3634	ambiguous	p.(S66D)
P35372	S66E	0.4748	ambiguous	p.(S66E)
P35372	S66F	0.4093	ambiguous	p.(S66F)
P35372	S66G	0.0911	benign	p.(S66G)
P35372	S66H	0.3941	ambiguous	p.(S66H)
P35372	S66I	0.4245	ambiguous	p.(S66I)
P35372	S66K	0.6603	pathogenic	p.(S66K)
P35372	S66L	0.2191	benign	p.(S66L)
P35372	S66M	0.3829	ambiguous	p.(S66M)
P35372	S66N	0.2146	benign	p.(S66N)
P35372	S66P	0.1112	benign	p.(S66P)
P35372	S66Q	0.4672	ambiguous	p.(S66Q)
P35372	S66R	0.5558	ambiguous	p.(S66R)
P35372	S66T	0.1164	benign	p.(S66T)
P35372	S66V	0.3224	benign	p.(S66V)
P35372	S66W	0.4674	ambiguous	p.(S66W)
P35372	S66Y	0.3418	ambiguous	p.(S66Y)
P35372	M67A	0.1781	benign	p.(M67A)
P35372	M67C	0.7895	pathogenic	p.(M67C)
P35372	M67D	0.5758	pathogenic	p.(M67D)
P35372	M67E	0.3634	ambiguous	p.(M67E)
P35372	M67F	0.2158	benign	p.(M67F)
P35372	M67G	0.3278	benign	p.(M67G)
P35372	M67H	0.4222	ambiguous	p.(M67H)
P35372	M67I	0.1834	benign	p.(M67I)
P35372	M67K	0.1779	benign	p.(M67K)
P35372	M67L	0.0844	benign	p.(M67L)
P35372	M67N	0.3644	ambiguous	p.(M67N)
P35372	M67P	0.2355	benign	p.(M67P)
P35372	M67Q	0.229	benign	p.(M67Q)
P35372	M67R	0.1649	benign	p.(M67R)
P35372	M67S	0.2363	benign	p.(M67S)
P35372	M67T	0.0933	benign	p.(M67T)
P35372	M67V	0.0576	benign	p.(M67V)
P35372	M67W	0.4403	ambiguous	p.(M67W)
P35372	M67Y	0.4453	ambiguous	p.(M67Y)
P35372	I68A	0.1989	benign	p.(I68A)
P35372	I68C	0.6654	pathogenic	p.(I68C)
P35372	I68D	0.6805	pathogenic	p.(I68D)
P35372	I68E	0.5763	pathogenic	p.(I68E)
P35372	I68F	0.0938	benign	p.(I68F)
P35372	I68G	0.3566	ambiguous	p.(I68G)
P35372	I68H	0.5511	ambiguous	p.(I68H)
P35372	I68K	0.4998	ambiguous	p.(I68K)
P35372	I68L	0.0782	benign	p.(I68L)
P35372	I68M	0.0891	benign	p.(I68M)
P35372	I68N	0.3518	ambiguous	p.(I68N)
P35372	I68P	0.3513	ambiguous	p.(I68P)
P35372	I68Q	0.4818	ambiguous	p.(I68Q)
P35372	I68R	0.4016	ambiguous	p.(I68R)
P35372	I68S	0.2757	benign	p.(I68S)
P35372	I68T	0.2191	benign	p.(I68T)
P35372	I68V	0.0649	benign	p.(I68V)
P35372	I68W	0.5542	ambiguous	p.(I68W)
P35372	I68Y	0.3784	ambiguous	p.(I68Y)
P35372	T69A	0.1136	benign	p.(T69A)
P35372	T69C	0.7355	pathogenic	p.(T69C)
P35372	T69D	0.7465	pathogenic	p.(T69D)
P35372	T69E	0.6047	pathogenic	p.(T69E)
P35372	T69F	0.3651	ambiguous	p.(T69F)
P35372	T69G	0.3479	ambiguous	p.(T69G)
P35372	T69H	0.5359	ambiguous	p.(T69H)
P35372	T69I	0.182	benign	p.(T69I)
P35372	T69K	0.4857	ambiguous	p.(T69K)
P35372	T69L	0.1357	benign	p.(T69L)
P35372	T69M	0.1268	benign	p.(T69M)
P35372	T69N	0.3806	ambiguous	p.(T69N)
P35372	T69P	0.1847	benign	p.(T69P)
P35372	T69Q	0.4606	ambiguous	p.(T69Q)
P35372	T69R	0.424	ambiguous	p.(T69R)
P35372	T69S	0.1922	benign	p.(T69S)
P35372	T69V	0.1607	benign	p.(T69V)
P35372	T69W	0.6741	pathogenic	p.(T69W)
P35372	T69Y	0.5172	ambiguous	p.(T69Y)
P35372	A70C	0.8971	pathogenic	p.(A70C)
P35372	A70D	0.8524	pathogenic	p.(A70D)
P35372	A70E	0.8068	pathogenic	p.(A70E)
P35372	A70F	0.8527	pathogenic	p.(A70F)
P35372	A70G	0.2999	benign	p.(A70G)
P35372	A70H	0.8828	pathogenic	p.(A70H)
P35372	A70I	0.8226	pathogenic	p.(A70I)
P35372	A70K	0.8919	pathogenic	p.(A70K)
P35372	A70L	0.6956	pathogenic	p.(A70L)
P35372	A70M	0.7258	pathogenic	p.(A70M)
P35372	A70N	0.7623	pathogenic	p.(A70N)
P35372	A70P	0.8244	pathogenic	p.(A70P)
P35372	A70Q	0.7121	pathogenic	p.(A70Q)
P35372	A70R	0.8156	pathogenic	p.(A70R)
P35372	A70S	0.1568	benign	p.(A70S)
P35372	A70T	0.3542	ambiguous	p.(A70T)
P35372	A70V	0.5343	ambiguous	p.(A70V)
P35372	A70W	0.9653	pathogenic	p.(A70W)
P35372	A70Y	0.8865	pathogenic	p.(A70Y)
P35372	I71A	0.391	ambiguous	p.(I71A)
P35372	I71C	0.7103	pathogenic	p.(I71C)
P35372	I71D	0.9775	pathogenic	p.(I71D)
P35372	I71E	0.9562	pathogenic	p.(I71E)
P35372	I71F	0.1788	benign	p.(I71F)
P35372	I71G	0.7078	pathogenic	p.(I71G)
P35372	I71H	0.9317	pathogenic	p.(I71H)
P35372	I71K	0.9386	pathogenic	p.(I71K)
P35372	I71L	0.1253	benign	p.(I71L)
P35372	I71M	0.1379	benign	p.(I71M)
P35372	I71N	0.8237	pathogenic	p.(I71N)
P35372	I71P	0.9538	pathogenic	p.(I71P)
P35372	I71Q	0.9231	pathogenic	p.(I71Q)
P35372	I71R	0.9039	pathogenic	p.(I71R)
P35372	I71S	0.5755	pathogenic	p.(I71S)
P35372	I71T	0.4799	ambiguous	p.(I71T)
P35372	I71V	0.0597	benign	p.(I71V)
P35372	I71W	0.8821	pathogenic	p.(I71W)
P35372	I71Y	0.7346	pathogenic	p.(I71Y)
P35372	T72A	0.0635	benign	p.(T72A)
P35372	T72C	0.2366	benign	p.(T72C)
P35372	T72D	0.96	pathogenic	p.(T72D)
P35372	T72E	0.9545	pathogenic	p.(T72E)
P35372	T72F	0.2193	benign	p.(T72F)
P35372	T72G	0.1883	benign	p.(T72G)
P35372	T72H	0.8786	pathogenic	p.(T72H)
P35372	T72I	0.124	benign	p.(T72I)
P35372	T72K	0.9617	pathogenic	p.(T72K)
P35372	T72L	0.1132	benign	p.(T72L)
P35372	T72M	0.1027	benign	p.(T72M)
P35372	T72N	0.6688	pathogenic	p.(T72N)
P35372	T72P	0.6066	pathogenic	p.(T72P)
P35372	T72Q	0.8893	pathogenic	p.(T72Q)
P35372	T72R	0.9383	pathogenic	p.(T72R)
P35372	T72S	0.1456	benign	p.(T72S)
P35372	T72V	0.0975	benign	p.(T72V)
P35372	T72W	0.802	pathogenic	p.(T72W)
P35372	T72Y	0.7033	pathogenic	p.(T72Y)
P35372	I73A	0.9542	pathogenic	p.(I73A)
P35372	I73C	0.9921	pathogenic	p.(I73C)
P35372	I73D	0.999	pathogenic	p.(I73D)
P35372	I73E	0.9965	pathogenic	p.(I73E)
P35372	I73F	0.8887	pathogenic	p.(I73F)
P35372	I73G	0.993	pathogenic	p.(I73G)
P35372	I73H	0.9986	pathogenic	p.(I73H)
P35372	I73K	0.9955	pathogenic	p.(I73K)
P35372	I73L	0.5316	ambiguous	p.(I73L)
P35372	I73M	0.6439	pathogenic	p.(I73M)
P35372	I73N	0.9903	pathogenic	p.(I73N)
P35372	I73P	0.9961	pathogenic	p.(I73P)
P35372	I73Q	0.9952	pathogenic	p.(I73Q)
P35372	I73R	0.993	pathogenic	p.(I73R)
P35372	I73S	0.9789	pathogenic	p.(I73S)
P35372	I73T	0.9559	pathogenic	p.(I73T)
P35372	I73V	0.1716	benign	p.(I73V)
P35372	I73W	0.9969	pathogenic	p.(I73W)
P35372	I73Y	0.9914	pathogenic	p.(I73Y)
P35372	M74A	0.3946	ambiguous	p.(M74A)
P35372	M74C	0.834	pathogenic	p.(M74C)
P35372	M74D	0.9919	pathogenic	p.(M74D)
P35372	M74E	0.9719	pathogenic	p.(M74E)
P35372	M74F	0.8065	pathogenic	p.(M74F)
P35372	M74G	0.7786	pathogenic	p.(M74G)
P35372	M74H	0.9859	pathogenic	p.(M74H)
P35372	M74I	0.811	pathogenic	p.(M74I)
P35372	M74K	0.966	pathogenic	p.(M74K)
P35372	M74L	0.3218	benign	p.(M74L)
P35372	M74N	0.9383	pathogenic	p.(M74N)
P35372	M74P	0.9728	pathogenic	p.(M74P)
P35372	M74Q	0.9077	pathogenic	p.(M74Q)
P35372	M74R	0.964	pathogenic	p.(M74R)
P35372	M74S	0.5572	ambiguous	p.(M74S)
P35372	M74T	0.1194	benign	p.(M74T)
P35372	M74V	0.1951	benign	p.(M74V)
P35372	M74W	0.9809	pathogenic	p.(M74W)
P35372	M74Y	0.9833	pathogenic	p.(M74Y)
P35372	A75C	0.4738	ambiguous	p.(A75C)
P35372	A75D	0.9923	pathogenic	p.(A75D)
P35372	A75E	0.9905	pathogenic	p.(A75E)
P35372	A75F	0.4355	ambiguous	p.(A75F)
P35372	A75G	0.1839	benign	p.(A75G)
P35372	A75H	0.9888	pathogenic	p.(A75H)
P35372	A75I	0.346	ambiguous	p.(A75I)
P35372	A75K	0.9984	pathogenic	p.(A75K)
P35372	A75L	0.2577	benign	p.(A75L)
P35372	A75M	0.3304	benign	p.(A75M)
P35372	A75N	0.9554	pathogenic	p.(A75N)
P35372	A75P	0.9863	pathogenic	p.(A75P)
P35372	A75Q	0.9822	pathogenic	p.(A75Q)
P35372	A75R	0.9962	pathogenic	p.(A75R)
P35372	A75S	0.2212	benign	p.(A75S)
P35372	A75T	0.1466	benign	p.(A75T)
P35372	A75V	0.1705	benign	p.(A75V)
P35372	A75W	0.9707	pathogenic	p.(A75W)
P35372	A75Y	0.9355	pathogenic	p.(A75Y)
P35372	L76A	0.6639	pathogenic	p.(L76A)
P35372	L76C	0.7743	pathogenic	p.(L76C)
P35372	L76D	0.9986	pathogenic	p.(L76D)
P35372	L76E	0.9954	pathogenic	p.(L76E)
P35372	L76F	0.4449	ambiguous	p.(L76F)
P35372	L76G	0.9079	pathogenic	p.(L76G)
P35372	L76H	0.9919	pathogenic	p.(L76H)
P35372	L76I	0.1992	benign	p.(L76I)
P35372	L76K	0.9971	pathogenic	p.(L76K)
P35372	L76M	0.2685	benign	p.(L76M)
P35372	L76N	0.9882	pathogenic	p.(L76N)
P35372	L76P	0.992	pathogenic	p.(L76P)
P35372	L76Q	0.9786	pathogenic	p.(L76Q)
P35372	L76R	0.9927	pathogenic	p.(L76R)
P35372	L76S	0.9056	pathogenic	p.(L76S)
P35372	L76T	0.6993	pathogenic	p.(L76T)
P35372	L76V	0.1555	benign	p.(L76V)
P35372	L76W	0.956	pathogenic	p.(L76W)
P35372	L76Y	0.9784	pathogenic	p.(L76Y)
P35372	Y77A	0.9952	pathogenic	p.(Y77A)
P35372	Y77C	0.9758	pathogenic	p.(Y77C)
P35372	Y77D	0.9941	pathogenic	p.(Y77D)
P35372	Y77E	0.9987	pathogenic	p.(Y77E)
P35372	Y77F	0.5957	pathogenic	p.(Y77F)
P35372	Y77G	0.9803	pathogenic	p.(Y77G)
P35372	Y77H	0.9948	pathogenic	p.(Y77H)
P35372	Y77I	0.9935	pathogenic	p.(Y77I)
P35372	Y77K	0.9995	pathogenic	p.(Y77K)
P35372	Y77L	0.9308	pathogenic	p.(Y77L)
P35372	Y77M	0.9933	pathogenic	p.(Y77M)
P35372	Y77N	0.9824	pathogenic	p.(Y77N)
P35372	Y77P	0.9958	pathogenic	p.(Y77P)
P35372	Y77Q	0.9988	pathogenic	p.(Y77Q)
P35372	Y77R	0.9977	pathogenic	p.(Y77R)
P35372	Y77S	0.9717	pathogenic	p.(Y77S)
P35372	Y77T	0.9947	pathogenic	p.(Y77T)
P35372	Y77V	0.9826	pathogenic	p.(Y77V)
P35372	Y77W	0.9541	pathogenic	p.(Y77W)
P35372	S78A	0.1662	benign	p.(S78A)
P35372	S78C	0.2273	benign	p.(S78C)
P35372	S78D	0.9958	pathogenic	p.(S78D)
P35372	S78E	0.9968	pathogenic	p.(S78E)
P35372	S78F	0.7524	pathogenic	p.(S78F)
P35372	S78G	0.2335	benign	p.(S78G)
P35372	S78H	0.9879	pathogenic	p.(S78H)
P35372	S78I	0.6369	pathogenic	p.(S78I)
P35372	S78K	0.9997	pathogenic	p.(S78K)
P35372	S78L	0.3991	ambiguous	p.(S78L)
P35372	S78M	0.4296	ambiguous	p.(S78M)
P35372	S78N	0.9325	pathogenic	p.(S78N)
P35372	S78P	0.9923	pathogenic	p.(S78P)
P35372	S78Q	0.9927	pathogenic	p.(S78Q)
P35372	S78R	0.9995	pathogenic	p.(S78R)
P35372	S78T	0.1538	benign	p.(S78T)
P35372	S78V	0.5167	ambiguous	p.(S78V)
P35372	S78W	0.9524	pathogenic	p.(S78W)
P35372	S78Y	0.9453	pathogenic	p.(S78Y)
P35372	I79A	0.144	benign	p.(I79A)
P35372	I79C	0.4567	ambiguous	p.(I79C)
P35372	I79D	0.9868	pathogenic	p.(I79D)
P35372	I79E	0.9837	pathogenic	p.(I79E)
P35372	I79F	0.1967	benign	p.(I79F)
P35372	I79G	0.5027	ambiguous	p.(I79G)
P35372	I79H	0.981	pathogenic	p.(I79H)
P35372	I79K	0.9926	pathogenic	p.(I79K)
P35372	I79L	0.0927	benign	p.(I79L)
P35372	I79M	0.0955	benign	p.(I79M)
P35372	I79N	0.8884	pathogenic	p.(I79N)
P35372	I79P	0.9766	pathogenic	p.(I79P)
P35372	I79Q	0.9701	pathogenic	p.(I79Q)
P35372	I79R	0.9871	pathogenic	p.(I79R)
P35372	I79S	0.3933	ambiguous	p.(I79S)
P35372	I79T	0.1516	benign	p.(I79T)
P35372	I79V	0.0511	benign	p.(I79V)
P35372	I79W	0.9651	pathogenic	p.(I79W)
P35372	I79Y	0.9401	pathogenic	p.(I79Y)
P35372	V80A	0.9485	pathogenic	p.(V80A)
P35372	V80C	0.9723	pathogenic	p.(V80C)
P35372	V80D	0.9958	pathogenic	p.(V80D)
P35372	V80E	0.9937	pathogenic	p.(V80E)
P35372	V80F	0.9295	pathogenic	p.(V80F)
P35372	V80G	0.9595	pathogenic	p.(V80G)
P35372	V80H	0.9983	pathogenic	p.(V80H)
P35372	V80I	0.1814	benign	p.(V80I)
P35372	V80K	0.9981	pathogenic	p.(V80K)
P35372	V80L	0.9398	pathogenic	p.(V80L)
P35372	V80M	0.9483	pathogenic	p.(V80M)
P35372	V80N	0.9872	pathogenic	p.(V80N)
P35372	V80P	0.9886	pathogenic	p.(V80P)
P35372	V80Q	0.9927	pathogenic	p.(V80Q)
P35372	V80R	0.994	pathogenic	p.(V80R)
P35372	V80S	0.9489	pathogenic	p.(V80S)
P35372	V80T	0.8776	pathogenic	p.(V80T)
P35372	V80W	0.9987	pathogenic	p.(V80W)
P35372	V80Y	0.996	pathogenic	p.(V80Y)
P35372	C81A	0.8625	pathogenic	p.(C81A)
P35372	C81D	0.9987	pathogenic	p.(C81D)
P35372	C81E	0.9998	pathogenic	p.(C81E)
P35372	C81F	0.6452	pathogenic	p.(C81F)
P35372	C81G	0.7131	pathogenic	p.(C81G)
P35372	C81H	0.9985	pathogenic	p.(C81H)
P35372	C81I	0.9908	pathogenic	p.(C81I)
P35372	C81K	1	pathogenic	p.(C81K)
P35372	C81L	0.9565	pathogenic	p.(C81L)
P35372	C81M	0.9581	pathogenic	p.(C81M)
P35372	C81N	0.991	pathogenic	p.(C81N)
P35372	C81P	0.9995	pathogenic	p.(C81P)
P35372	C81Q	0.9989	pathogenic	p.(C81Q)
P35372	C81R	0.9993	pathogenic	p.(C81R)
P35372	C81S	0.8509	pathogenic	p.(C81S)
P35372	C81T	0.9278	pathogenic	p.(C81T)
P35372	C81V	0.9562	pathogenic	p.(C81V)
P35372	C81W	0.988	pathogenic	p.(C81W)
P35372	C81Y	0.9879	pathogenic	p.(C81Y)
P35372	V82A	0.1833	benign	p.(V82A)
P35372	V82C	0.5448	ambiguous	p.(V82C)
P35372	V82D	0.981	pathogenic	p.(V82D)
P35372	V82E	0.9757	pathogenic	p.(V82E)
P35372	V82F	0.2372	benign	p.(V82F)
P35372	V82G	0.2975	benign	p.(V82G)
P35372	V82H	0.9859	pathogenic	p.(V82H)
P35372	V82I	0.0841	benign	p.(V82I)
P35372	V82K	0.9928	pathogenic	p.(V82K)
P35372	V82L	0.2149	benign	p.(V82L)
P35372	V82M	0.2012	benign	p.(V82M)
P35372	V82N	0.9203	pathogenic	p.(V82N)
P35372	V82P	0.9725	pathogenic	p.(V82P)
P35372	V82Q	0.9631	pathogenic	p.(V82Q)
P35372	V82R	0.9863	pathogenic	p.(V82R)
P35372	V82S	0.4521	ambiguous	p.(V82S)
P35372	V82T	0.2578	benign	p.(V82T)
P35372	V82W	0.9711	pathogenic	p.(V82W)
P35372	V82Y	0.9439	pathogenic	p.(V82Y)
P35372	V83A	0.2011	benign	p.(V83A)
P35372	V83C	0.7455	pathogenic	p.(V83C)
P35372	V83D	0.9815	pathogenic	p.(V83D)
P35372	V83E	0.9728	pathogenic	p.(V83E)
P35372	V83F	0.2495	benign	p.(V83F)
P35372	V83G	0.3502	ambiguous	p.(V83G)
P35372	V83H	0.9894	pathogenic	p.(V83H)
P35372	V83I	0.0978	benign	p.(V83I)
P35372	V83K	0.9898	pathogenic	p.(V83K)
P35372	V83L	0.181	benign	p.(V83L)
P35372	V83M	0.2594	benign	p.(V83M)
P35372	V83N	0.9464	pathogenic	p.(V83N)
P35372	V83P	0.9592	pathogenic	p.(V83P)
P35372	V83Q	0.96	pathogenic	p.(V83Q)
P35372	V83R	0.9812	pathogenic	p.(V83R)
P35372	V83S	0.539	ambiguous	p.(V83S)
P35372	V83T	0.2201	benign	p.(V83T)
P35372	V83W	0.9617	pathogenic	p.(V83W)
P35372	V83Y	0.9574	pathogenic	p.(V83Y)
P35372	G84A	0.9823	pathogenic	p.(G84A)
P35372	G84C	0.9982	pathogenic	p.(G84C)
P35372	G84D	0.9996	pathogenic	p.(G84D)
P35372	G84E	0.9997	pathogenic	p.(G84E)
P35372	G84F	0.9994	pathogenic	p.(G84F)
P35372	G84H	1	pathogenic	p.(G84H)
P35372	G84I	0.9993	pathogenic	p.(G84I)
P35372	G84K	1	pathogenic	p.(G84K)
P35372	G84L	0.9992	pathogenic	p.(G84L)
P35372	G84M	0.9997	pathogenic	p.(G84M)
P35372	G84N	0.9998	pathogenic	p.(G84N)
P35372	G84P	0.9999	pathogenic	p.(G84P)
P35372	G84Q	0.9998	pathogenic	p.(G84Q)
P35372	G84R	0.9998	pathogenic	p.(G84R)
P35372	G84S	0.9915	pathogenic	p.(G84S)
P35372	G84T	0.9985	pathogenic	p.(G84T)
P35372	G84V	0.9987	pathogenic	p.(G84V)
P35372	G84W	0.9997	pathogenic	p.(G84W)
P35372	G84Y	0.9998	pathogenic	p.(G84Y)
P35372	L85A	0.9025	pathogenic	p.(L85A)
P35372	L85C	0.9241	pathogenic	p.(L85C)
P35372	L85D	0.9995	pathogenic	p.(L85D)
P35372	L85E	0.998	pathogenic	p.(L85E)
P35372	L85F	0.62	pathogenic	p.(L85F)
P35372	L85G	0.9669	pathogenic	p.(L85G)
P35372	L85H	0.9954	pathogenic	p.(L85H)
P35372	L85I	0.3215	benign	p.(L85I)
P35372	L85K	0.9983	pathogenic	p.(L85K)
P35372	L85M	0.4625	ambiguous	p.(L85M)
P35372	L85N	0.9921	pathogenic	p.(L85N)
P35372	L85P	0.9984	pathogenic	p.(L85P)
P35372	L85Q	0.9919	pathogenic	p.(L85Q)
P35372	L85R	0.996	pathogenic	p.(L85R)
P35372	L85S	0.978	pathogenic	p.(L85S)
P35372	L85T	0.9255	pathogenic	p.(L85T)
P35372	L85V	0.3442	ambiguous	p.(L85V)
P35372	L85W	0.9737	pathogenic	p.(L85W)
P35372	L85Y	0.9824	pathogenic	p.(L85Y)
P35372	F86A	0.1161	benign	p.(F86A)
P35372	F86C	0.1214	benign	p.(F86C)
P35372	F86D	0.9849	pathogenic	p.(F86D)
P35372	F86E	0.9875	pathogenic	p.(F86E)
P35372	F86G	0.3195	benign	p.(F86G)
P35372	F86H	0.9657	pathogenic	p.(F86H)
P35372	F86I	0.0905	benign	p.(F86I)
P35372	F86K	0.9945	pathogenic	p.(F86K)
P35372	F86L	0.2903	benign	p.(F86L)
P35372	F86M	0.2585	benign	p.(F86M)
P35372	F86N	0.9252	pathogenic	p.(F86N)
P35372	F86P	0.9542	pathogenic	p.(F86P)
P35372	F86Q	0.9723	pathogenic	p.(F86Q)
P35372	F86R	0.9859	pathogenic	p.(F86R)
P35372	F86S	0.2348	benign	p.(F86S)
P35372	F86T	0.1399	benign	p.(F86T)
P35372	F86V	0.0715	benign	p.(F86V)
P35372	F86W	0.7645	pathogenic	p.(F86W)
P35372	F86Y	0.6833	pathogenic	p.(F86Y)
P35372	G87A	0.9879	pathogenic	p.(G87A)
P35372	G87C	0.9958	pathogenic	p.(G87C)
P35372	G87D	0.9997	pathogenic	p.(G87D)
P35372	G87E	0.9997	pathogenic	p.(G87E)
P35372	G87F	0.9986	pathogenic	p.(G87F)
P35372	G87H	1	pathogenic	p.(G87H)
P35372	G87I	0.9995	pathogenic	p.(G87I)
P35372	G87K	0.9999	pathogenic	p.(G87K)
P35372	G87L	0.9976	pathogenic	p.(G87L)
P35372	G87M	0.9995	pathogenic	p.(G87M)
P35372	G87N	0.9998	pathogenic	p.(G87N)
P35372	G87P	0.9999	pathogenic	p.(G87P)
P35372	G87Q	0.9996	pathogenic	p.(G87Q)
P35372	G87R	0.9997	pathogenic	p.(G87R)
P35372	G87S	0.9903	pathogenic	p.(G87S)
P35372	G87T	0.9971	pathogenic	p.(G87T)
P35372	G87V	0.9988	pathogenic	p.(G87V)
P35372	G87W	0.9991	pathogenic	p.(G87W)
P35372	G87Y	0.9998	pathogenic	p.(G87Y)
P35372	N88A	0.9996	pathogenic	p.(N88A)
P35372	N88C	0.9944	pathogenic	p.(N88C)
P35372	N88D	0.9989	pathogenic	p.(N88D)
P35372	N88E	0.9994	pathogenic	p.(N88E)
P35372	N88F	0.9996	pathogenic	p.(N88F)
P35372	N88G	0.999	pathogenic	p.(N88G)
P35372	N88H	0.9987	pathogenic	p.(N88H)
P35372	N88I	0.9978	pathogenic	p.(N88I)
P35372	N88K	0.9998	pathogenic	p.(N88K)
P35372	N88L	0.9987	pathogenic	p.(N88L)
P35372	N88M	0.9992	pathogenic	p.(N88M)
P35372	N88P	0.9989	pathogenic	p.(N88P)
P35372	N88Q	0.9998	pathogenic	p.(N88Q)
P35372	N88R	0.9996	pathogenic	p.(N88R)
P35372	N88S	0.9943	pathogenic	p.(N88S)
P35372	N88T	0.9982	pathogenic	p.(N88T)
P35372	N88V	0.9985	pathogenic	p.(N88V)
P35372	N88W	0.9998	pathogenic	p.(N88W)
P35372	N88Y	0.9979	pathogenic	p.(N88Y)
P35372	F89A	0.2277	benign	p.(F89A)
P35372	F89C	0.1109	benign	p.(F89C)
P35372	F89D	0.9863	pathogenic	p.(F89D)
P35372	F89E	0.9904	pathogenic	p.(F89E)
P35372	F89G	0.3786	ambiguous	p.(F89G)
P35372	F89H	0.9589	pathogenic	p.(F89H)
P35372	F89I	0.0815	benign	p.(F89I)
P35372	F89K	0.9949	pathogenic	p.(F89K)
P35372	F89L	0.3758	ambiguous	p.(F89L)
P35372	F89M	0.2631	benign	p.(F89M)
P35372	F89N	0.8994	pathogenic	p.(F89N)
P35372	F89P	0.9963	pathogenic	p.(F89P)
P35372	F89Q	0.9764	pathogenic	p.(F89Q)
P35372	F89R	0.9869	pathogenic	p.(F89R)
P35372	F89S	0.2885	benign	p.(F89S)
P35372	F89T	0.2377	benign	p.(F89T)
P35372	F89V	0.0655	benign	p.(F89V)
P35372	F89W	0.8274	pathogenic	p.(F89W)
P35372	F89Y	0.5666	pathogenic	p.(F89Y)
P35372	L90A	0.6251	pathogenic	p.(L90A)
P35372	L90C	0.8319	pathogenic	p.(L90C)
P35372	L90D	0.9993	pathogenic	p.(L90D)
P35372	L90E	0.9956	pathogenic	p.(L90E)
P35372	L90F	0.7183	pathogenic	p.(L90F)
P35372	L90G	0.9257	pathogenic	p.(L90G)
P35372	L90H	0.9901	pathogenic	p.(L90H)
P35372	L90I	0.6592	pathogenic	p.(L90I)
P35372	L90K	0.9945	pathogenic	p.(L90K)
P35372	L90M	0.3521	ambiguous	p.(L90M)
P35372	L90N	0.9938	pathogenic	p.(L90N)
P35372	L90P	0.9965	pathogenic	p.(L90P)
P35372	L90Q	0.9561	pathogenic	p.(L90Q)
P35372	L90R	0.9856	pathogenic	p.(L90R)
P35372	L90S	0.8694	pathogenic	p.(L90S)
P35372	L90T	0.7949	pathogenic	p.(L90T)
P35372	L90V	0.5534	ambiguous	p.(L90V)
P35372	L90W	0.9684	pathogenic	p.(L90W)
P35372	L90Y	0.9888	pathogenic	p.(L90Y)
P35372	V91A	0.9804	pathogenic	p.(V91A)
P35372	V91C	0.9923	pathogenic	p.(V91C)
P35372	V91D	0.9976	pathogenic	p.(V91D)
P35372	V91E	0.9963	pathogenic	p.(V91E)
P35372	V91F	0.9884	pathogenic	p.(V91F)
P35372	V91G	0.9672	pathogenic	p.(V91G)
P35372	V91H	0.9992	pathogenic	p.(V91H)
P35372	V91I	0.7411	pathogenic	p.(V91I)
P35372	V91K	0.999	pathogenic	p.(V91K)
P35372	V91L	0.988	pathogenic	p.(V91L)
P35372	V91M	0.995	pathogenic	p.(V91M)
P35372	V91N	0.9943	pathogenic	p.(V91N)
P35372	V91P	0.9925	pathogenic	p.(V91P)
P35372	V91Q	0.996	pathogenic	p.(V91Q)
P35372	V91R	0.9942	pathogenic	p.(V91R)
P35372	V91S	0.9724	pathogenic	p.(V91S)
P35372	V91T	0.9641	pathogenic	p.(V91T)
P35372	V91W	0.9997	pathogenic	p.(V91W)
P35372	V91Y	0.9984	pathogenic	p.(V91Y)
P35372	M92A	0.9164	pathogenic	p.(M92A)
P35372	M92C	0.9343	pathogenic	p.(M92C)
P35372	M92D	0.9996	pathogenic	p.(M92D)
P35372	M92E	0.9965	pathogenic	p.(M92E)
P35372	M92F	0.9557	pathogenic	p.(M92F)
P35372	M92G	0.9772	pathogenic	p.(M92G)
P35372	M92H	0.9994	pathogenic	p.(M92H)
P35372	M92I	0.9696	pathogenic	p.(M92I)
P35372	M92K	0.9964	pathogenic	p.(M92K)
P35372	M92L	0.6852	pathogenic	p.(M92L)
P35372	M92N	0.9966	pathogenic	p.(M92N)
P35372	M92P	0.9986	pathogenic	p.(M92P)
P35372	M92Q	0.9743	pathogenic	p.(M92Q)
P35372	M92R	0.9974	pathogenic	p.(M92R)
P35372	M92S	0.9676	pathogenic	p.(M92S)
P35372	M92T	0.9674	pathogenic	p.(M92T)
P35372	M92V	0.7888	pathogenic	p.(M92V)
P35372	M92W	0.9987	pathogenic	p.(M92W)
P35372	M92Y	0.9984	pathogenic	p.(M92Y)
P35372	Y93A	0.7561	pathogenic	p.(Y93A)
P35372	Y93C	0.3504	ambiguous	p.(Y93C)
P35372	Y93D	0.9514	pathogenic	p.(Y93D)
P35372	Y93E	0.9825	pathogenic	p.(Y93E)
P35372	Y93F	0.0669	benign	p.(Y93F)
P35372	Y93G	0.7396	pathogenic	p.(Y93G)
P35372	Y93H	0.6623	pathogenic	p.(Y93H)
P35372	Y93I	0.6902	pathogenic	p.(Y93I)
P35372	Y93K	0.9717	pathogenic	p.(Y93K)
P35372	Y93L	0.6256	pathogenic	p.(Y93L)
P35372	Y93M	0.8026	pathogenic	p.(Y93M)
P35372	Y93N	0.7851	pathogenic	p.(Y93N)
P35372	Y93P	0.9947	pathogenic	p.(Y93P)
P35372	Y93Q	0.9434	pathogenic	p.(Y93Q)
P35372	Y93R	0.9147	pathogenic	p.(Y93R)
P35372	Y93S	0.665	pathogenic	p.(Y93S)
P35372	Y93T	0.7974	pathogenic	p.(Y93T)
P35372	Y93V	0.5593	ambiguous	p.(Y93V)
P35372	Y93W	0.3926	ambiguous	p.(Y93W)
P35372	V94A	0.8335	pathogenic	p.(V94A)
P35372	V94C	0.9362	pathogenic	p.(V94C)
P35372	V94D	0.9898	pathogenic	p.(V94D)
P35372	V94E	0.9891	pathogenic	p.(V94E)
P35372	V94F	0.9305	pathogenic	p.(V94F)
P35372	V94G	0.5108	ambiguous	p.(V94G)
P35372	V94H	0.9963	pathogenic	p.(V94H)
P35372	V94I	0.1801	benign	p.(V94I)
P35372	V94K	0.995	pathogenic	p.(V94K)
P35372	V94L	0.927	pathogenic	p.(V94L)
P35372	V94M	0.913	pathogenic	p.(V94M)
P35372	V94N	0.965	pathogenic	p.(V94N)
P35372	V94P	0.991	pathogenic	p.(V94P)
P35372	V94Q	0.9838	pathogenic	p.(V94Q)
P35372	V94R	0.9865	pathogenic	p.(V94R)
P35372	V94S	0.8176	pathogenic	p.(V94S)
P35372	V94T	0.7834	pathogenic	p.(V94T)
P35372	V94W	0.9985	pathogenic	p.(V94W)
P35372	V94Y	0.9926	pathogenic	p.(V94Y)
P35372	I95A	0.9542	pathogenic	p.(I95A)
P35372	I95C	0.9885	pathogenic	p.(I95C)
P35372	I95D	0.9986	pathogenic	p.(I95D)
P35372	I95E	0.9968	pathogenic	p.(I95E)
P35372	I95F	0.9562	pathogenic	p.(I95F)
P35372	I95G	0.9951	pathogenic	p.(I95G)
P35372	I95H	0.9984	pathogenic	p.(I95H)
P35372	I95K	0.9979	pathogenic	p.(I95K)
P35372	I95L	0.7295	pathogenic	p.(I95L)
P35372	I95M	0.7943	pathogenic	p.(I95M)
P35372	I95N	0.9859	pathogenic	p.(I95N)
P35372	I95P	0.9935	pathogenic	p.(I95P)
P35372	I95Q	0.9975	pathogenic	p.(I95Q)
P35372	I95R	0.9952	pathogenic	p.(I95R)
P35372	I95S	0.9756	pathogenic	p.(I95S)
P35372	I95T	0.8977	pathogenic	p.(I95T)
P35372	I95V	0.229	benign	p.(I95V)
P35372	I95W	0.9983	pathogenic	p.(I95W)
P35372	I95Y	0.9969	pathogenic	p.(I95Y)
P35372	V96A	0.472	ambiguous	p.(V96A)
P35372	V96C	0.583	pathogenic	p.(V96C)
P35372	V96D	0.9687	pathogenic	p.(V96D)
P35372	V96E	0.9395	pathogenic	p.(V96E)
P35372	V96F	0.1388	benign	p.(V96F)
P35372	V96G	0.521	ambiguous	p.(V96G)
P35372	V96H	0.895	pathogenic	p.(V96H)
P35372	V96I	0.0633	benign	p.(V96I)
P35372	V96K	0.9006	pathogenic	p.(V96K)
P35372	V96L	0.1475	benign	p.(V96L)
P35372	V96M	0.2172	benign	p.(V96M)
P35372	V96N	0.8547	pathogenic	p.(V96N)
P35372	V96P	0.9702	pathogenic	p.(V96P)
P35372	V96Q	0.8492	pathogenic	p.(V96Q)
P35372	V96R	0.8323	pathogenic	p.(V96R)
P35372	V96S	0.6335	pathogenic	p.(V96S)
P35372	V96T	0.5239	ambiguous	p.(V96T)
P35372	V96W	0.7431	pathogenic	p.(V96W)
P35372	V96Y	0.6272	pathogenic	p.(V96Y)
P35372	R97A	0.963	pathogenic	p.(R97A)
P35372	R97C	0.7263	pathogenic	p.(R97C)
P35372	R97D	0.99	pathogenic	p.(R97D)
P35372	R97E	0.9358	pathogenic	p.(R97E)
P35372	R97F	0.9736	pathogenic	p.(R97F)
P35372	R97G	0.9114	pathogenic	p.(R97G)
P35372	R97H	0.5554	ambiguous	p.(R97H)
P35372	R97I	0.9636	pathogenic	p.(R97I)
P35372	R97K	0.3999	ambiguous	p.(R97K)
P35372	R97L	0.92	pathogenic	p.(R97L)
P35372	R97M	0.9628	pathogenic	p.(R97M)
P35372	R97N	0.9721	pathogenic	p.(R97N)
P35372	R97P	0.9957	pathogenic	p.(R97P)
P35372	R97Q	0.5212	ambiguous	p.(R97Q)
P35372	R97S	0.9669	pathogenic	p.(R97S)
P35372	R97T	0.9484	pathogenic	p.(R97T)
P35372	R97V	0.9557	pathogenic	p.(R97V)
P35372	R97W	0.8298	pathogenic	p.(R97W)
P35372	R97Y	0.917	pathogenic	p.(R97Y)
P35372	Y98A	0.9855	pathogenic	p.(Y98A)
P35372	Y98C	0.8581	pathogenic	p.(Y98C)
P35372	Y98D	0.9378	pathogenic	p.(Y98D)
P35372	Y98E	0.9871	pathogenic	p.(Y98E)
P35372	Y98F	0.2372	benign	p.(Y98F)
P35372	Y98G	0.9539	pathogenic	p.(Y98G)
P35372	Y98H	0.6694	pathogenic	p.(Y98H)
P35372	Y98I	0.9882	pathogenic	p.(Y98I)
P35372	Y98K	0.9779	pathogenic	p.(Y98K)
P35372	Y98L	0.9748	pathogenic	p.(Y98L)
P35372	Y98M	0.9863	pathogenic	p.(Y98M)
P35372	Y98N	0.7854	pathogenic	p.(Y98N)
P35372	Y98P	0.997	pathogenic	p.(Y98P)
P35372	Y98Q	0.9761	pathogenic	p.(Y98Q)
P35372	Y98R	0.951	pathogenic	p.(Y98R)
P35372	Y98S	0.9306	pathogenic	p.(Y98S)
P35372	Y98T	0.981	pathogenic	p.(Y98T)
P35372	Y98V	0.9652	pathogenic	p.(Y98V)
P35372	Y98W	0.8531	pathogenic	p.(Y98W)
P35372	T99A	0.5637	ambiguous	p.(T99A)
P35372	T99C	0.9115	pathogenic	p.(T99C)
P35372	T99D	0.9483	pathogenic	p.(T99D)
P35372	T99E	0.9259	pathogenic	p.(T99E)
P35372	T99F	0.9763	pathogenic	p.(T99F)
P35372	T99G	0.7614	pathogenic	p.(T99G)
P35372	T99H	0.8545	pathogenic	p.(T99H)
P35372	T99I	0.9715	pathogenic	p.(T99I)
P35372	T99K	0.8084	pathogenic	p.(T99K)
P35372	T99L	0.8101	pathogenic	p.(T99L)
P35372	T99M	0.7621	pathogenic	p.(T99M)
P35372	T99N	0.7883	pathogenic	p.(T99N)
P35372	T99P	0.7068	pathogenic	p.(T99P)
P35372	T99Q	0.7396	pathogenic	p.(T99Q)
P35372	T99R	0.7162	pathogenic	p.(T99R)
P35372	T99S	0.5683	pathogenic	p.(T99S)
P35372	T99V	0.875	pathogenic	p.(T99V)
P35372	T99W	0.9841	pathogenic	p.(T99W)
P35372	T99Y	0.9708	pathogenic	p.(T99Y)
P35372	K100A	0.9611	pathogenic	p.(K100A)
P35372	K100C	0.9908	pathogenic	p.(K100C)
P35372	K100D	0.9798	pathogenic	p.(K100D)
P35372	K100E	0.9662	pathogenic	p.(K100E)
P35372	K100F	0.9972	pathogenic	p.(K100F)
P35372	K100G	0.9536	pathogenic	p.(K100G)
P35372	K100H	0.8905	pathogenic	p.(K100H)
P35372	K100I	0.9897	pathogenic	p.(K100I)
P35372	K100L	0.9693	pathogenic	p.(K100L)
P35372	K100M	0.9706	pathogenic	p.(K100M)
P35372	K100N	0.9706	pathogenic	p.(K100N)
P35372	K100P	0.9752	pathogenic	p.(K100P)
P35372	K100Q	0.8363	pathogenic	p.(K100Q)
P35372	K100R	0.2145	benign	p.(K100R)
P35372	K100S	0.9688	pathogenic	p.(K100S)
P35372	K100T	0.9422	pathogenic	p.(K100T)
P35372	K100V	0.9658	pathogenic	p.(K100V)
P35372	K100W	0.9958	pathogenic	p.(K100W)
P35372	K100Y	0.9885	pathogenic	p.(K100Y)
P35372	M101A	0.9968	pathogenic	p.(M101A)
P35372	M101C	0.994	pathogenic	p.(M101C)
P35372	M101D	0.9995	pathogenic	p.(M101D)
P35372	M101E	0.9973	pathogenic	p.(M101E)
P35372	M101F	0.9771	pathogenic	p.(M101F)
P35372	M101G	0.9961	pathogenic	p.(M101G)
P35372	M101H	0.998	pathogenic	p.(M101H)
P35372	M101I	0.9977	pathogenic	p.(M101I)
P35372	M101K	0.993	pathogenic	p.(M101K)
P35372	M101L	0.746	pathogenic	p.(M101L)
P35372	M101N	0.9939	pathogenic	p.(M101N)
P35372	M101P	0.9993	pathogenic	p.(M101P)
P35372	M101Q	0.9768	pathogenic	p.(M101Q)
P35372	M101R	0.995	pathogenic	p.(M101R)
P35372	M101S	0.9975	pathogenic	p.(M101S)
P35372	M101T	0.9975	pathogenic	p.(M101T)
P35372	M101V	0.9711	pathogenic	p.(M101V)
P35372	M101W	0.9974	pathogenic	p.(M101W)
P35372	M101Y	0.995	pathogenic	p.(M101Y)
P35372	K102A	0.9725	pathogenic	p.(K102A)
P35372	K102C	0.9898	pathogenic	p.(K102C)
P35372	K102D	0.9897	pathogenic	p.(K102D)
P35372	K102E	0.9467	pathogenic	p.(K102E)
P35372	K102F	0.9974	pathogenic	p.(K102F)
P35372	K102G	0.9743	pathogenic	p.(K102G)
P35372	K102H	0.8821	pathogenic	p.(K102H)
P35372	K102I	0.9889	pathogenic	p.(K102I)
P35372	K102L	0.9614	pathogenic	p.(K102L)
P35372	K102M	0.9469	pathogenic	p.(K102M)
P35372	K102N	0.9765	pathogenic	p.(K102N)
P35372	K102P	0.9906	pathogenic	p.(K102P)
P35372	K102Q	0.6623	pathogenic	p.(K102Q)
P35372	K102R	0.2277	benign	p.(K102R)
P35372	K102S	0.9829	pathogenic	p.(K102S)
P35372	K102T	0.94	pathogenic	p.(K102T)
P35372	K102V	0.9714	pathogenic	p.(K102V)
P35372	K102W	0.9945	pathogenic	p.(K102W)
P35372	K102Y	0.9875	pathogenic	p.(K102Y)
P35372	T103A	0.9873	pathogenic	p.(T103A)
P35372	T103C	0.9982	pathogenic	p.(T103C)
P35372	T103D	0.9895	pathogenic	p.(T103D)
P35372	T103E	0.9932	pathogenic	p.(T103E)
P35372	T103F	0.9966	pathogenic	p.(T103F)
P35372	T103G	0.9792	pathogenic	p.(T103G)
P35372	T103H	0.9849	pathogenic	p.(T103H)
P35372	T103I	0.9984	pathogenic	p.(T103I)
P35372	T103K	0.9897	pathogenic	p.(T103K)
P35372	T103L	0.9867	pathogenic	p.(T103L)
P35372	T103M	0.9712	pathogenic	p.(T103M)
P35372	T103N	0.9183	pathogenic	p.(T103N)
P35372	T103P	0.9868	pathogenic	p.(T103P)
P35372	T103Q	0.9913	pathogenic	p.(T103Q)
P35372	T103R	0.9876	pathogenic	p.(T103R)
P35372	T103S	0.9507	pathogenic	p.(T103S)
P35372	T103V	0.9915	pathogenic	p.(T103V)
P35372	T103W	0.9987	pathogenic	p.(T103W)
P35372	T103Y	0.9934	pathogenic	p.(T103Y)
P35372	A104C	0.9517	pathogenic	p.(A104C)
P35372	A104D	0.9976	pathogenic	p.(A104D)
P35372	A104E	0.9939	pathogenic	p.(A104E)
P35372	A104F	0.9949	pathogenic	p.(A104F)
P35372	A104G	0.9457	pathogenic	p.(A104G)
P35372	A104H	0.9962	pathogenic	p.(A104H)
P35372	A104I	0.9608	pathogenic	p.(A104I)
P35372	A104K	0.9991	pathogenic	p.(A104K)
P35372	A104L	0.9615	pathogenic	p.(A104L)
P35372	A104M	0.9769	pathogenic	p.(A104M)
P35372	A104N	0.9887	pathogenic	p.(A104N)
P35372	A104P	0.8472	pathogenic	p.(A104P)
P35372	A104Q	0.9879	pathogenic	p.(A104Q)
P35372	A104R	0.9945	pathogenic	p.(A104R)
P35372	A104S	0.5238	ambiguous	p.(A104S)
P35372	A104T	0.8072	pathogenic	p.(A104T)
P35372	A104V	0.8211	pathogenic	p.(A104V)
P35372	A104W	0.9992	pathogenic	p.(A104W)
P35372	A104Y	0.9972	pathogenic	p.(A104Y)
P35372	T105A	0.9549	pathogenic	p.(T105A)
P35372	T105C	0.9981	pathogenic	p.(T105C)
P35372	T105D	0.9987	pathogenic	p.(T105D)
P35372	T105E	0.9979	pathogenic	p.(T105E)
P35372	T105F	0.9988	pathogenic	p.(T105F)
P35372	T105G	0.9854	pathogenic	p.(T105G)
P35372	T105H	0.9984	pathogenic	p.(T105H)
P35372	T105I	0.9983	pathogenic	p.(T105I)
P35372	T105K	0.9979	pathogenic	p.(T105K)
P35372	T105L	0.9885	pathogenic	p.(T105L)
P35372	T105M	0.9887	pathogenic	p.(T105M)
P35372	T105N	0.9935	pathogenic	p.(T105N)
P35372	T105P	0.964	pathogenic	p.(T105P)
P35372	T105Q	0.9963	pathogenic	p.(T105Q)
P35372	T105R	0.9945	pathogenic	p.(T105R)
P35372	T105S	0.9762	pathogenic	p.(T105S)
P35372	T105V	0.9842	pathogenic	p.(T105V)
P35372	T105W	0.9996	pathogenic	p.(T105W)
P35372	T105Y	0.9994	pathogenic	p.(T105Y)
P35372	N106A	0.9914	pathogenic	p.(N106A)
P35372	N106C	0.982	pathogenic	p.(N106C)
P35372	N106D	0.984	pathogenic	p.(N106D)
P35372	N106E	0.9978	pathogenic	p.(N106E)
P35372	N106F	0.9975	pathogenic	p.(N106F)
P35372	N106G	0.984	pathogenic	p.(N106G)
P35372	N106H	0.9789	pathogenic	p.(N106H)
P35372	N106I	0.9962	pathogenic	p.(N106I)
P35372	N106K	0.9992	pathogenic	p.(N106K)
P35372	N106L	0.99	pathogenic	p.(N106L)
P35372	N106M	0.9954	pathogenic	p.(N106M)
P35372	N106P	0.9966	pathogenic	p.(N106P)
P35372	N106Q	0.9979	pathogenic	p.(N106Q)
P35372	N106R	0.9976	pathogenic	p.(N106R)
P35372	N106S	0.8312	pathogenic	p.(N106S)
P35372	N106T	0.9704	pathogenic	p.(N106T)
P35372	N106V	0.9886	pathogenic	p.(N106V)
P35372	N106W	0.999	pathogenic	p.(N106W)
P35372	N106Y	0.98	pathogenic	p.(N106Y)
P35372	I107A	0.9819	pathogenic	p.(I107A)
P35372	I107C	0.9813	pathogenic	p.(I107C)
P35372	I107D	0.9986	pathogenic	p.(I107D)
P35372	I107E	0.9965	pathogenic	p.(I107E)
P35372	I107F	0.8053	pathogenic	p.(I107F)
P35372	I107G	0.9957	pathogenic	p.(I107G)
P35372	I107H	0.9938	pathogenic	p.(I107H)
P35372	I107K	0.9931	pathogenic	p.(I107K)
P35372	I107L	0.5161	ambiguous	p.(I107L)
P35372	I107M	0.5132	ambiguous	p.(I107M)
P35372	I107N	0.9652	pathogenic	p.(I107N)
P35372	I107P	0.9992	pathogenic	p.(I107P)
P35372	I107Q	0.991	pathogenic	p.(I107Q)
P35372	I107R	0.9851	pathogenic	p.(I107R)
P35372	I107S	0.9734	pathogenic	p.(I107S)
P35372	I107T	0.8796	pathogenic	p.(I107T)
P35372	I107V	0.257	benign	p.(I107V)
P35372	I107W	0.9915	pathogenic	p.(I107W)
P35372	I107Y	0.9572	pathogenic	p.(I107Y)
P35372	Y108A	0.9958	pathogenic	p.(Y108A)
P35372	Y108C	0.9653	pathogenic	p.(Y108C)
P35372	Y108D	0.9984	pathogenic	p.(Y108D)
P35372	Y108E	0.9997	pathogenic	p.(Y108E)
P35372	Y108F	0.3226	benign	p.(Y108F)
P35372	Y108G	0.9922	pathogenic	p.(Y108G)
P35372	Y108H	0.9968	pathogenic	p.(Y108H)
P35372	Y108I	0.992	pathogenic	p.(Y108I)
P35372	Y108K	0.9998	pathogenic	p.(Y108K)
P35372	Y108L	0.8671	pathogenic	p.(Y108L)
P35372	Y108M	0.99	pathogenic	p.(Y108M)
P35372	Y108N	0.991	pathogenic	p.(Y108N)
P35372	Y108P	0.9986	pathogenic	p.(Y108P)
P35372	Y108Q	0.9995	pathogenic	p.(Y108Q)
P35372	Y108R	0.9986	pathogenic	p.(Y108R)
P35372	Y108S	0.9868	pathogenic	p.(Y108S)
P35372	Y108T	0.9972	pathogenic	p.(Y108T)
P35372	Y108V	0.9829	pathogenic	p.(Y108V)
P35372	Y108W	0.9354	pathogenic	p.(Y108W)
P35372	I109A	0.9985	pathogenic	p.(I109A)
P35372	I109C	0.9996	pathogenic	p.(I109C)
P35372	I109D	0.9999	pathogenic	p.(I109D)
P35372	I109E	0.9996	pathogenic	p.(I109E)
P35372	I109F	0.9924	pathogenic	p.(I109F)
P35372	I109G	0.9998	pathogenic	p.(I109G)
P35372	I109H	0.9998	pathogenic	p.(I109H)
P35372	I109K	0.9996	pathogenic	p.(I109K)
P35372	I109L	0.7324	pathogenic	p.(I109L)
P35372	I109M	0.9675	pathogenic	p.(I109M)
P35372	I109N	0.999	pathogenic	p.(I109N)
P35372	I109P	0.9994	pathogenic	p.(I109P)
P35372	I109Q	0.9996	pathogenic	p.(I109Q)
P35372	I109R	0.9984	pathogenic	p.(I109R)
P35372	I109S	0.9987	pathogenic	p.(I109S)
P35372	I109T	0.999	pathogenic	p.(I109T)
P35372	I109V	0.852	pathogenic	p.(I109V)
P35372	I109W	0.9997	pathogenic	p.(I109W)
P35372	I109Y	0.9986	pathogenic	p.(I109Y)
P35372	F110A	0.9738	pathogenic	p.(F110A)
P35372	F110C	0.8558	pathogenic	p.(F110C)
P35372	F110D	0.9997	pathogenic	p.(F110D)
P35372	F110E	0.9996	pathogenic	p.(F110E)
P35372	F110G	0.9818	pathogenic	p.(F110G)
P35372	F110H	0.9956	pathogenic	p.(F110H)
P35372	F110I	0.965	pathogenic	p.(F110I)
P35372	F110K	0.9992	pathogenic	p.(F110K)
P35372	F110L	0.9592	pathogenic	p.(F110L)
P35372	F110M	0.9479	pathogenic	p.(F110M)
P35372	F110N	0.9975	pathogenic	p.(F110N)
P35372	F110P	0.9999	pathogenic	p.(F110P)
P35372	F110Q	0.9979	pathogenic	p.(F110Q)
P35372	F110R	0.9957	pathogenic	p.(F110R)
P35372	F110S	0.9881	pathogenic	p.(F110S)
P35372	F110T	0.9899	pathogenic	p.(F110T)
P35372	F110V	0.9337	pathogenic	p.(F110V)
P35372	F110W	0.9412	pathogenic	p.(F110W)
P35372	F110Y	0.8024	pathogenic	p.(F110Y)
P35372	N111A	0.9799	pathogenic	p.(N111A)
P35372	N111C	0.7662	pathogenic	p.(N111C)
P35372	N111D	0.9819	pathogenic	p.(N111D)
P35372	N111E	0.9966	pathogenic	p.(N111E)
P35372	N111F	0.9952	pathogenic	p.(N111F)
P35372	N111G	0.9648	pathogenic	p.(N111G)
P35372	N111H	0.7969	pathogenic	p.(N111H)
P35372	N111I	0.9929	pathogenic	p.(N111I)
P35372	N111K	0.9995	pathogenic	p.(N111K)
P35372	N111L	0.9796	pathogenic	p.(N111L)
P35372	N111M	0.9907	pathogenic	p.(N111M)
P35372	N111P	0.9916	pathogenic	p.(N111P)
P35372	N111Q	0.989	pathogenic	p.(N111Q)
P35372	N111R	0.9985	pathogenic	p.(N111R)
P35372	N111S	0.3901	ambiguous	p.(N111S)
P35372	N111T	0.9453	pathogenic	p.(N111T)
P35372	N111V	0.9882	pathogenic	p.(N111V)
P35372	N111W	0.998	pathogenic	p.(N111W)
P35372	N111Y	0.9813	pathogenic	p.(N111Y)
P35372	L112A	0.9978	pathogenic	p.(L112A)
P35372	L112C	0.9993	pathogenic	p.(L112C)
P35372	L112D	0.9999	pathogenic	p.(L112D)
P35372	L112E	0.9995	pathogenic	p.(L112E)
P35372	L112F	0.999	pathogenic	p.(L112F)
P35372	L112G	0.9995	pathogenic	p.(L112G)
P35372	L112H	0.9997	pathogenic	p.(L112H)
P35372	L112I	0.9776	pathogenic	p.(L112I)
P35372	L112K	0.9992	pathogenic	p.(L112K)
P35372	L112M	0.9614	pathogenic	p.(L112M)
P35372	L112N	0.9994	pathogenic	p.(L112N)
P35372	L112P	0.9999	pathogenic	p.(L112P)
P35372	L112Q	0.9996	pathogenic	p.(L112Q)
P35372	L112R	0.9989	pathogenic	p.(L112R)
P35372	L112S	0.9998	pathogenic	p.(L112S)
P35372	L112T	0.998	pathogenic	p.(L112T)
P35372	L112V	0.9861	pathogenic	p.(L112V)
P35372	L112W	0.9998	pathogenic	p.(L112W)
P35372	L112Y	0.9997	pathogenic	p.(L112Y)
P35372	A113C	0.9849	pathogenic	p.(A113C)
P35372	A113D	0.9996	pathogenic	p.(A113D)
P35372	A113E	0.9991	pathogenic	p.(A113E)
P35372	A113F	0.9982	pathogenic	p.(A113F)
P35372	A113G	0.9593	pathogenic	p.(A113G)
P35372	A113H	0.9992	pathogenic	p.(A113H)
P35372	A113I	0.999	pathogenic	p.(A113I)
P35372	A113K	0.9999	pathogenic	p.(A113K)
P35372	A113L	0.9842	pathogenic	p.(A113L)
P35372	A113M	0.9973	pathogenic	p.(A113M)
P35372	A113N	0.9991	pathogenic	p.(A113N)
P35372	A113P	0.9992	pathogenic	p.(A113P)
P35372	A113Q	0.9971	pathogenic	p.(A113Q)
P35372	A113R	0.9979	pathogenic	p.(A113R)
P35372	A113S	0.7891	pathogenic	p.(A113S)
P35372	A113T	0.994	pathogenic	p.(A113T)
P35372	A113V	0.9957	pathogenic	p.(A113V)
P35372	A113W	0.9998	pathogenic	p.(A113W)
P35372	A113Y	0.9994	pathogenic	p.(A113Y)
P35372	L114A	0.4357	ambiguous	p.(L114A)
P35372	L114C	0.5746	pathogenic	p.(L114C)
P35372	L114D	0.9992	pathogenic	p.(L114D)
P35372	L114E	0.9939	pathogenic	p.(L114E)
P35372	L114F	0.1931	benign	p.(L114F)
P35372	L114G	0.8794	pathogenic	p.(L114G)
P35372	L114H	0.9872	pathogenic	p.(L114H)
P35372	L114I	0.1569	benign	p.(L114I)
P35372	L114K	0.9953	pathogenic	p.(L114K)
P35372	L114M	0.1137	benign	p.(L114M)
P35372	L114N	0.9897	pathogenic	p.(L114N)
P35372	L114P	0.9982	pathogenic	p.(L114P)
P35372	L114Q	0.9667	pathogenic	p.(L114Q)
P35372	L114R	0.9909	pathogenic	p.(L114R)
P35372	L114S	0.8408	pathogenic	p.(L114S)
P35372	L114T	0.5758	pathogenic	p.(L114T)
P35372	L114V	0.1012	benign	p.(L114V)
P35372	L114W	0.894	pathogenic	p.(L114W)
P35372	L114Y	0.9495	pathogenic	p.(L114Y)
P35372	A115C	0.981	pathogenic	p.(A115C)
P35372	A115D	0.9995	pathogenic	p.(A115D)
P35372	A115E	0.999	pathogenic	p.(A115E)
P35372	A115F	0.9979	pathogenic	p.(A115F)
P35372	A115G	0.9284	pathogenic	p.(A115G)
P35372	A115H	0.9994	pathogenic	p.(A115H)
P35372	A115I	0.999	pathogenic	p.(A115I)
P35372	A115K	0.9998	pathogenic	p.(A115K)
P35372	A115L	0.9888	pathogenic	p.(A115L)
P35372	A115M	0.9957	pathogenic	p.(A115M)
P35372	A115N	0.9987	pathogenic	p.(A115N)
P35372	A115P	0.9987	pathogenic	p.(A115P)
P35372	A115Q	0.997	pathogenic	p.(A115Q)
P35372	A115R	0.9981	pathogenic	p.(A115R)
P35372	A115S	0.7583	pathogenic	p.(A115S)
P35372	A115T	0.9888	pathogenic	p.(A115T)
P35372	A115V	0.9937	pathogenic	p.(A115V)
P35372	A115W	0.9997	pathogenic	p.(A115W)
P35372	A115Y	0.9994	pathogenic	p.(A115Y)
P35372	D116A	0.9996	pathogenic	p.(D116A)
P35372	D116C	1	pathogenic	p.(D116C)
P35372	D116E	0.9996	pathogenic	p.(D116E)
P35372	D116F	0.9999	pathogenic	p.(D116F)
P35372	D116G	0.9995	pathogenic	p.(D116G)
P35372	D116H	0.9997	pathogenic	p.(D116H)
P35372	D116I	1	pathogenic	p.(D116I)
P35372	D116K	0.9997	pathogenic	p.(D116K)
P35372	D116L	0.9998	pathogenic	p.(D116L)
P35372	D116M	1	pathogenic	p.(D116M)
P35372	D116N	0.9985	pathogenic	p.(D116N)
P35372	D116P	0.9999	pathogenic	p.(D116P)
P35372	D116Q	0.9999	pathogenic	p.(D116Q)
P35372	D116R	0.9996	pathogenic	p.(D116R)
P35372	D116S	0.9992	pathogenic	p.(D116S)
P35372	D116T	0.9999	pathogenic	p.(D116T)
P35372	D116V	0.9997	pathogenic	p.(D116V)
P35372	D116W	0.9999	pathogenic	p.(D116W)
P35372	D116Y	0.999	pathogenic	p.(D116Y)
P35372	A117C	0.7187	pathogenic	p.(A117C)
P35372	A117D	0.9959	pathogenic	p.(A117D)
P35372	A117E	0.9919	pathogenic	p.(A117E)
P35372	A117F	0.798	pathogenic	p.(A117F)
P35372	A117G	0.4696	ambiguous	p.(A117G)
P35372	A117H	0.9928	pathogenic	p.(A117H)
P35372	A117I	0.9382	pathogenic	p.(A117I)
P35372	A117K	0.9991	pathogenic	p.(A117K)
P35372	A117L	0.7588	pathogenic	p.(A117L)
P35372	A117M	0.6703	pathogenic	p.(A117M)
P35372	A117N	0.9756	pathogenic	p.(A117N)
P35372	A117P	0.9996	pathogenic	p.(A117P)
P35372	A117Q	0.9842	pathogenic	p.(A117Q)
P35372	A117R	0.9969	pathogenic	p.(A117R)
P35372	A117S	0.2912	benign	p.(A117S)
P35372	A117T	0.3012	benign	p.(A117T)
P35372	A117V	0.7657	pathogenic	p.(A117V)
P35372	A117W	0.9952	pathogenic	p.(A117W)
P35372	A117Y	0.9796	pathogenic	p.(A117Y)
P35372	L118A	0.7679	pathogenic	p.(L118A)
P35372	L118C	0.8835	pathogenic	p.(L118C)
P35372	L118D	0.9998	pathogenic	p.(L118D)
P35372	L118E	0.9983	pathogenic	p.(L118E)
P35372	L118F	0.6431	pathogenic	p.(L118F)
P35372	L118G	0.965	pathogenic	p.(L118G)
P35372	L118H	0.9977	pathogenic	p.(L118H)
P35372	L118I	0.5331	ambiguous	p.(L118I)
P35372	L118K	0.9988	pathogenic	p.(L118K)
P35372	L118M	0.2714	benign	p.(L118M)
P35372	L118N	0.9977	pathogenic	p.(L118N)
P35372	L118P	0.9991	pathogenic	p.(L118P)
P35372	L118Q	0.9902	pathogenic	p.(L118Q)
P35372	L118R	0.9976	pathogenic	p.(L118R)
P35372	L118S	0.9677	pathogenic	p.(L118S)
P35372	L118T	0.9096	pathogenic	p.(L118T)
P35372	L118V	0.4628	ambiguous	p.(L118V)
P35372	L118W	0.9831	pathogenic	p.(L118W)
P35372	L118Y	0.9931	pathogenic	p.(L118Y)
P35372	A119C	0.7484	pathogenic	p.(A119C)
P35372	A119D	0.9984	pathogenic	p.(A119D)
P35372	A119E	0.9961	pathogenic	p.(A119E)
P35372	A119F	0.9226	pathogenic	p.(A119F)
P35372	A119G	0.877	pathogenic	p.(A119G)
P35372	A119H	0.9959	pathogenic	p.(A119H)
P35372	A119I	0.8467	pathogenic	p.(A119I)
P35372	A119K	0.9992	pathogenic	p.(A119K)
P35372	A119L	0.7958	pathogenic	p.(A119L)
P35372	A119M	0.9205	pathogenic	p.(A119M)
P35372	A119N	0.9874	pathogenic	p.(A119N)
P35372	A119P	0.9902	pathogenic	p.(A119P)
P35372	A119Q	0.9881	pathogenic	p.(A119Q)
P35372	A119R	0.9935	pathogenic	p.(A119R)
P35372	A119S	0.6558	pathogenic	p.(A119S)
P35372	A119T	0.8195	pathogenic	p.(A119T)
P35372	A119V	0.4142	ambiguous	p.(A119V)
P35372	A119W	0.9982	pathogenic	p.(A119W)
P35372	A119Y	0.9878	pathogenic	p.(A119Y)
P35372	T120A	0.7013	pathogenic	p.(T120A)
P35372	T120C	0.8821	pathogenic	p.(T120C)
P35372	T120D	0.9978	pathogenic	p.(T120D)
P35372	T120E	0.9972	pathogenic	p.(T120E)
P35372	T120F	0.9923	pathogenic	p.(T120F)
P35372	T120G	0.9375	pathogenic	p.(T120G)
P35372	T120H	0.9963	pathogenic	p.(T120H)
P35372	T120I	0.9368	pathogenic	p.(T120I)
P35372	T120K	0.9972	pathogenic	p.(T120K)
P35372	T120L	0.6845	pathogenic	p.(T120L)
P35372	T120M	0.7337	pathogenic	p.(T120M)
P35372	T120N	0.9597	pathogenic	p.(T120N)
P35372	T120P	0.9416	pathogenic	p.(T120P)
P35372	T120Q	0.9934	pathogenic	p.(T120Q)
P35372	T120R	0.9964	pathogenic	p.(T120R)
P35372	T120S	0.8762	pathogenic	p.(T120S)
P35372	T120V	0.7158	pathogenic	p.(T120V)
P35372	T120W	0.9995	pathogenic	p.(T120W)
P35372	T120Y	0.9978	pathogenic	p.(T120Y)
P35372	S121A	0.1321	benign	p.(S121A)
P35372	S121C	0.2118	benign	p.(S121C)
P35372	S121D	0.9979	pathogenic	p.(S121D)
P35372	S121E	0.9985	pathogenic	p.(S121E)
P35372	S121F	0.857	pathogenic	p.(S121F)
P35372	S121G	0.2906	benign	p.(S121G)
P35372	S121H	0.9942	pathogenic	p.(S121H)
P35372	S121I	0.7732	pathogenic	p.(S121I)
P35372	S121K	0.9998	pathogenic	p.(S121K)
P35372	S121L	0.4043	ambiguous	p.(S121L)
P35372	S121M	0.444	ambiguous	p.(S121M)
P35372	S121N	0.9678	pathogenic	p.(S121N)
P35372	S121P	0.9964	pathogenic	p.(S121P)
P35372	S121Q	0.9955	pathogenic	p.(S121Q)
P35372	S121R	0.9996	pathogenic	p.(S121R)
P35372	S121T	0.113	benign	p.(S121T)
P35372	S121V	0.581	pathogenic	p.(S121V)
P35372	S121W	0.9809	pathogenic	p.(S121W)
P35372	S121Y	0.9792	pathogenic	p.(S121Y)
P35372	T122A	0.7972	pathogenic	p.(T122A)
P35372	T122C	0.9528	pathogenic	p.(T122C)
P35372	T122D	0.9977	pathogenic	p.(T122D)
P35372	T122E	0.9974	pathogenic	p.(T122E)
P35372	T122F	0.9895	pathogenic	p.(T122F)
P35372	T122G	0.8924	pathogenic	p.(T122G)
P35372	T122H	0.9914	pathogenic	p.(T122H)
P35372	T122I	0.9844	pathogenic	p.(T122I)
P35372	T122K	0.9963	pathogenic	p.(T122K)
P35372	T122L	0.924	pathogenic	p.(T122L)
P35372	T122M	0.8814	pathogenic	p.(T122M)
P35372	T122N	0.9716	pathogenic	p.(T122N)
P35372	T122P	0.9216	pathogenic	p.(T122P)
P35372	T122Q	0.9875	pathogenic	p.(T122Q)
P35372	T122R	0.9942	pathogenic	p.(T122R)
P35372	T122S	0.7426	pathogenic	p.(T122S)
P35372	T122V	0.908	pathogenic	p.(T122V)
P35372	T122W	0.9987	pathogenic	p.(T122W)
P35372	T122Y	0.9968	pathogenic	p.(T122Y)
P35372	L123A	0.9916	pathogenic	p.(L123A)
P35372	L123C	0.9977	pathogenic	p.(L123C)
P35372	L123D	0.9999	pathogenic	p.(L123D)
P35372	L123E	0.9993	pathogenic	p.(L123E)
P35372	L123F	0.9924	pathogenic	p.(L123F)
P35372	L123G	0.9988	pathogenic	p.(L123G)
P35372	L123H	0.9995	pathogenic	p.(L123H)
P35372	L123I	0.8165	pathogenic	p.(L123I)
P35372	L123K	0.9988	pathogenic	p.(L123K)
P35372	L123M	0.7609	pathogenic	p.(L123M)
P35372	L123N	0.9988	pathogenic	p.(L123N)
P35372	L123P	0.9993	pathogenic	p.(L123P)
P35372	L123Q	0.9982	pathogenic	p.(L123Q)
P35372	L123R	0.9982	pathogenic	p.(L123R)
P35372	L123S	0.999	pathogenic	p.(L123S)
P35372	L123T	0.9967	pathogenic	p.(L123T)
P35372	L123V	0.8845	pathogenic	p.(L123V)
P35372	L123W	0.9991	pathogenic	p.(L123W)
P35372	L123Y	0.9988	pathogenic	p.(L123Y)
P35372	P124A	0.9878	pathogenic	p.(P124A)
P35372	P124C	0.9993	pathogenic	p.(P124C)
P35372	P124D	0.9999	pathogenic	p.(P124D)
P35372	P124E	0.9999	pathogenic	p.(P124E)
P35372	P124F	0.9993	pathogenic	p.(P124F)
P35372	P124G	0.9977	pathogenic	p.(P124G)
P35372	P124H	0.9996	pathogenic	p.(P124H)
P35372	P124I	0.9947	pathogenic	p.(P124I)
P35372	P124K	0.9999	pathogenic	p.(P124K)
P35372	P124L	0.9837	pathogenic	p.(P124L)
P35372	P124M	0.9983	pathogenic	p.(P124M)
P35372	P124N	0.9999	pathogenic	p.(P124N)
P35372	P124Q	0.9996	pathogenic	p.(P124Q)
P35372	P124R	0.9996	pathogenic	p.(P124R)
P35372	P124S	0.9981	pathogenic	p.(P124S)
P35372	P124T	0.9953	pathogenic	p.(P124T)
P35372	P124V	0.9901	pathogenic	p.(P124V)
P35372	P124W	0.9998	pathogenic	p.(P124W)
P35372	P124Y	0.9997	pathogenic	p.(P124Y)
P35372	F125A	0.9914	pathogenic	p.(F125A)
P35372	F125C	0.9865	pathogenic	p.(F125C)
P35372	F125D	0.9999	pathogenic	p.(F125D)
P35372	F125E	0.9998	pathogenic	p.(F125E)
P35372	F125G	0.9973	pathogenic	p.(F125G)
P35372	F125H	0.9989	pathogenic	p.(F125H)
P35372	F125I	0.9553	pathogenic	p.(F125I)
P35372	F125K	0.9999	pathogenic	p.(F125K)
P35372	F125L	0.9921	pathogenic	p.(F125L)
P35372	F125M	0.9758	pathogenic	p.(F125M)
P35372	F125N	0.9994	pathogenic	p.(F125N)
P35372	F125P	0.999	pathogenic	p.(F125P)
P35372	F125Q	0.9994	pathogenic	p.(F125Q)
P35372	F125R	0.9994	pathogenic	p.(F125R)
P35372	F125S	0.997	pathogenic	p.(F125S)
P35372	F125T	0.9979	pathogenic	p.(F125T)
P35372	F125V	0.9364	pathogenic	p.(F125V)
P35372	F125W	0.974	pathogenic	p.(F125W)
P35372	F125Y	0.9357	pathogenic	p.(F125Y)
P35372	Q126A	0.8729	pathogenic	p.(Q126A)
P35372	Q126C	0.9956	pathogenic	p.(Q126C)
P35372	Q126D	0.9931	pathogenic	p.(Q126D)
P35372	Q126E	0.7212	pathogenic	p.(Q126E)
P35372	Q126F	0.9891	pathogenic	p.(Q126F)
P35372	Q126G	0.9368	pathogenic	p.(Q126G)
P35372	Q126H	0.984	pathogenic	p.(Q126H)
P35372	Q126I	0.9505	pathogenic	p.(Q126I)
P35372	Q126K	0.97	pathogenic	p.(Q126K)
P35372	Q126L	0.8736	pathogenic	p.(Q126L)
P35372	Q126M	0.8813	pathogenic	p.(Q126M)
P35372	Q126N	0.9426	pathogenic	p.(Q126N)
P35372	Q126P	0.9901	pathogenic	p.(Q126P)
P35372	Q126R	0.9602	pathogenic	p.(Q126R)
P35372	Q126S	0.8412	pathogenic	p.(Q126S)
P35372	Q126T	0.8568	pathogenic	p.(Q126T)
P35372	Q126V	0.9161	pathogenic	p.(Q126V)
P35372	Q126W	0.9952	pathogenic	p.(Q126W)
P35372	Q126Y	0.9936	pathogenic	p.(Q126Y)
P35372	S127A	0.3138	benign	p.(S127A)
P35372	S127C	0.6361	pathogenic	p.(S127C)
P35372	S127D	0.9936	pathogenic	p.(S127D)
P35372	S127E	0.9942	pathogenic	p.(S127E)
P35372	S127F	0.9882	pathogenic	p.(S127F)
P35372	S127G	0.3609	ambiguous	p.(S127G)
P35372	S127H	0.992	pathogenic	p.(S127H)
P35372	S127I	0.9218	pathogenic	p.(S127I)
P35372	S127K	0.9994	pathogenic	p.(S127K)
P35372	S127L	0.9158	pathogenic	p.(S127L)
P35372	S127M	0.8208	pathogenic	p.(S127M)
P35372	S127N	0.9028	pathogenic	p.(S127N)
P35372	S127P	0.9962	pathogenic	p.(S127P)
P35372	S127Q	0.9895	pathogenic	p.(S127Q)
P35372	S127R	0.9992	pathogenic	p.(S127R)
P35372	S127T	0.505	ambiguous	p.(S127T)
P35372	S127V	0.8929	pathogenic	p.(S127V)
P35372	S127W	0.9935	pathogenic	p.(S127W)
P35372	S127Y	0.9872	pathogenic	p.(S127Y)
P35372	V128A	0.3917	ambiguous	p.(V128A)
P35372	V128C	0.9018	pathogenic	p.(V128C)
P35372	V128D	0.9941	pathogenic	p.(V128D)
P35372	V128E	0.9786	pathogenic	p.(V128E)
P35372	V128F	0.3982	ambiguous	p.(V128F)
P35372	V128G	0.7631	pathogenic	p.(V128G)
P35372	V128H	0.9869	pathogenic	p.(V128H)
P35372	V128I	0.128	benign	p.(V128I)
P35372	V128K	0.9875	pathogenic	p.(V128K)
P35372	V128L	0.6056	pathogenic	p.(V128L)
P35372	V128M	0.3742	ambiguous	p.(V128M)
P35372	V128N	0.9735	pathogenic	p.(V128N)
P35372	V128P	0.9968	pathogenic	p.(V128P)
P35372	V128Q	0.9628	pathogenic	p.(V128Q)
P35372	V128R	0.9738	pathogenic	p.(V128R)
P35372	V128S	0.7421	pathogenic	p.(V128S)
P35372	V128T	0.4149	ambiguous	p.(V128T)
P35372	V128W	0.9735	pathogenic	p.(V128W)
P35372	V128Y	0.9351	pathogenic	p.(V128Y)
P35372	N129A	0.7833	pathogenic	p.(N129A)
P35372	N129C	0.7915	pathogenic	p.(N129C)
P35372	N129D	0.4962	ambiguous	p.(N129D)
P35372	N129E	0.8633	pathogenic	p.(N129E)
P35372	N129F	0.9425	pathogenic	p.(N129F)
P35372	N129G	0.7775	pathogenic	p.(N129G)
P35372	N129H	0.4444	ambiguous	p.(N129H)
P35372	N129I	0.8879	pathogenic	p.(N129I)
P35372	N129K	0.882	pathogenic	p.(N129K)
P35372	N129L	0.7918	pathogenic	p.(N129L)
P35372	N129M	0.8862	pathogenic	p.(N129M)
P35372	N129P	0.9717	pathogenic	p.(N129P)
P35372	N129Q	0.7963	pathogenic	p.(N129Q)
P35372	N129R	0.829	pathogenic	p.(N129R)
P35372	N129S	0.2536	benign	p.(N129S)
P35372	N129T	0.6486	pathogenic	p.(N129T)
P35372	N129V	0.8361	pathogenic	p.(N129V)
P35372	N129W	0.9674	pathogenic	p.(N129W)
P35372	N129Y	0.597	pathogenic	p.(N129Y)
P35372	Y130A	0.951	pathogenic	p.(Y130A)
P35372	Y130C	0.8877	pathogenic	p.(Y130C)
P35372	Y130D	0.9593	pathogenic	p.(Y130D)
P35372	Y130E	0.9887	pathogenic	p.(Y130E)
P35372	Y130F	0.1879	benign	p.(Y130F)
P35372	Y130G	0.9594	pathogenic	p.(Y130G)
P35372	Y130H	0.8668	pathogenic	p.(Y130H)
P35372	Y130I	0.8506	pathogenic	p.(Y130I)
P35372	Y130K	0.9902	pathogenic	p.(Y130K)
P35372	Y130L	0.7953	pathogenic	p.(Y130L)
P35372	Y130M	0.9182	pathogenic	p.(Y130M)
P35372	Y130N	0.8742	pathogenic	p.(Y130N)
P35372	Y130P	0.9975	pathogenic	p.(Y130P)
P35372	Y130Q	0.9819	pathogenic	p.(Y130Q)
P35372	Y130R	0.9705	pathogenic	p.(Y130R)
P35372	Y130S	0.8624	pathogenic	p.(Y130S)
P35372	Y130T	0.9268	pathogenic	p.(Y130T)
P35372	Y130V	0.7502	pathogenic	p.(Y130V)
P35372	Y130W	0.8389	pathogenic	p.(Y130W)
P35372	L131A	0.8638	pathogenic	p.(L131A)
P35372	L131C	0.9571	pathogenic	p.(L131C)
P35372	L131D	0.999	pathogenic	p.(L131D)
P35372	L131E	0.9914	pathogenic	p.(L131E)
P35372	L131F	0.5367	ambiguous	p.(L131F)
P35372	L131G	0.98	pathogenic	p.(L131G)
P35372	L131H	0.9746	pathogenic	p.(L131H)
P35372	L131I	0.3845	ambiguous	p.(L131I)
P35372	L131K	0.9801	pathogenic	p.(L131K)
P35372	L131M	0.3559	ambiguous	p.(L131M)
P35372	L131N	0.992	pathogenic	p.(L131N)
P35372	L131P	0.9965	pathogenic	p.(L131P)
P35372	L131Q	0.9371	pathogenic	p.(L131Q)
P35372	L131R	0.9492	pathogenic	p.(L131R)
P35372	L131S	0.9729	pathogenic	p.(L131S)
P35372	L131T	0.9347	pathogenic	p.(L131T)
P35372	L131V	0.3931	ambiguous	p.(L131V)
P35372	L131W	0.8878	pathogenic	p.(L131W)
P35372	L131Y	0.9453	pathogenic	p.(L131Y)
P35372	M132A	0.7071	pathogenic	p.(M132A)
P35372	M132C	0.9227	pathogenic	p.(M132C)
P35372	M132D	0.9868	pathogenic	p.(M132D)
P35372	M132E	0.9228	pathogenic	p.(M132E)
P35372	M132F	0.6096	pathogenic	p.(M132F)
P35372	M132G	0.8977	pathogenic	p.(M132G)
P35372	M132H	0.9099	pathogenic	p.(M132H)
P35372	M132I	0.8271	pathogenic	p.(M132I)
P35372	M132K	0.7514	pathogenic	p.(M132K)
P35372	M132L	0.114	benign	p.(M132L)
P35372	M132N	0.9204	pathogenic	p.(M132N)
P35372	M132P	0.9934	pathogenic	p.(M132P)
P35372	M132Q	0.6696	pathogenic	p.(M132Q)
P35372	M132R	0.7226	pathogenic	p.(M132R)
P35372	M132S	0.7612	pathogenic	p.(M132S)
P35372	M132T	0.5594	ambiguous	p.(M132T)
P35372	M132V	0.3946	ambiguous	p.(M132V)
P35372	M132W	0.8778	pathogenic	p.(M132W)
P35372	M132Y	0.9096	pathogenic	p.(M132Y)
P35372	G133A	0.5906	pathogenic	p.(G133A)
P35372	G133C	0.9068	pathogenic	p.(G133C)
P35372	G133D	0.4855	ambiguous	p.(G133D)
P35372	G133E	0.6287	pathogenic	p.(G133E)
P35372	G133F	0.9683	pathogenic	p.(G133F)
P35372	G133H	0.7617	pathogenic	p.(G133H)
P35372	G133I	0.9598	pathogenic	p.(G133I)
P35372	G133K	0.7851	pathogenic	p.(G133K)
P35372	G133L	0.9228	pathogenic	p.(G133L)
P35372	G133M	0.9315	pathogenic	p.(G133M)
P35372	G133N	0.5462	ambiguous	p.(G133N)
P35372	G133P	0.9913	pathogenic	p.(G133P)
P35372	G133Q	0.6391	pathogenic	p.(G133Q)
P35372	G133R	0.6909	pathogenic	p.(G133R)
P35372	G133S	0.3931	ambiguous	p.(G133S)
P35372	G133T	0.7892	pathogenic	p.(G133T)
P35372	G133V	0.912	pathogenic	p.(G133V)
P35372	G133W	0.941	pathogenic	p.(G133W)
P35372	G133Y	0.9041	pathogenic	p.(G133Y)
P35372	T134A	0.3322	benign	p.(T134A)
P35372	T134C	0.8363	pathogenic	p.(T134C)
P35372	T134D	0.5151	ambiguous	p.(T134D)
P35372	T134E	0.536	ambiguous	p.(T134E)
P35372	T134F	0.6117	pathogenic	p.(T134F)
P35372	T134G	0.4644	ambiguous	p.(T134G)
P35372	T134H	0.3525	ambiguous	p.(T134H)
P35372	T134I	0.7525	pathogenic	p.(T134I)
P35372	T134K	0.4467	ambiguous	p.(T134K)
P35372	T134L	0.5256	ambiguous	p.(T134L)
P35372	T134M	0.3555	ambiguous	p.(T134M)
P35372	T134N	0.1924	benign	p.(T134N)
P35372	T134P	0.851	pathogenic	p.(T134P)
P35372	T134Q	0.3668	ambiguous	p.(T134Q)
P35372	T134R	0.3528	ambiguous	p.(T134R)
P35372	T134S	0.1463	benign	p.(T134S)
P35372	T134V	0.579	pathogenic	p.(T134V)
P35372	T134W	0.8486	pathogenic	p.(T134W)
P35372	T134Y	0.5546	ambiguous	p.(T134Y)
P35372	W135A	0.9991	pathogenic	p.(W135A)
P35372	W135C	0.9998	pathogenic	p.(W135C)
P35372	W135D	0.9996	pathogenic	p.(W135D)
P35372	W135E	0.9996	pathogenic	p.(W135E)
P35372	W135F	0.9073	pathogenic	p.(W135F)
P35372	W135G	0.9969	pathogenic	p.(W135G)
P35372	W135H	0.9984	pathogenic	p.(W135H)
P35372	W135I	0.9988	pathogenic	p.(W135I)
P35372	W135K	0.9999	pathogenic	p.(W135K)
P35372	W135L	0.9955	pathogenic	p.(W135L)
P35372	W135M	0.9989	pathogenic	p.(W135M)
P35372	W135N	0.9998	pathogenic	p.(W135N)
P35372	W135P	0.9989	pathogenic	p.(W135P)
P35372	W135Q	0.9998	pathogenic	p.(W135Q)
P35372	W135R	0.9997	pathogenic	p.(W135R)
P35372	W135S	0.9979	pathogenic	p.(W135S)
P35372	W135T	0.9993	pathogenic	p.(W135T)
P35372	W135V	0.9987	pathogenic	p.(W135V)
P35372	W135Y	0.9767	pathogenic	p.(W135Y)
P35372	P136A	0.7391	pathogenic	p.(P136A)
P35372	P136C	0.9928	pathogenic	p.(P136C)
P35372	P136D	0.9927	pathogenic	p.(P136D)
P35372	P136E	0.9741	pathogenic	p.(P136E)
P35372	P136F	0.9892	pathogenic	p.(P136F)
P35372	P136G	0.9776	pathogenic	p.(P136G)
P35372	P136H	0.9462	pathogenic	p.(P136H)
P35372	P136I	0.8965	pathogenic	p.(P136I)
P35372	P136K	0.9703	pathogenic	p.(P136K)
P35372	P136L	0.8395	pathogenic	p.(P136L)
P35372	P136M	0.9538	pathogenic	p.(P136M)
P35372	P136N	0.986	pathogenic	p.(P136N)
P35372	P136Q	0.9336	pathogenic	p.(P136Q)
P35372	P136R	0.9259	pathogenic	p.(P136R)
P35372	P136S	0.9323	pathogenic	p.(P136S)
P35372	P136T	0.8751	pathogenic	p.(P136T)
P35372	P136V	0.8281	pathogenic	p.(P136V)
P35372	P136W	0.993	pathogenic	p.(P136W)
P35372	P136Y	0.981	pathogenic	p.(P136Y)
P35372	F137A	0.9939	pathogenic	p.(F137A)
P35372	F137C	0.9938	pathogenic	p.(F137C)
P35372	F137D	0.9996	pathogenic	p.(F137D)
P35372	F137E	0.9996	pathogenic	p.(F137E)
P35372	F137G	0.9936	pathogenic	p.(F137G)
P35372	F137H	0.9956	pathogenic	p.(F137H)
P35372	F137I	0.9959	pathogenic	p.(F137I)
P35372	F137K	0.9996	pathogenic	p.(F137K)
P35372	F137L	0.9963	pathogenic	p.(F137L)
P35372	F137M	0.9884	pathogenic	p.(F137M)
P35372	F137N	0.9986	pathogenic	p.(F137N)
P35372	F137P	0.9997	pathogenic	p.(F137P)
P35372	F137Q	0.9989	pathogenic	p.(F137Q)
P35372	F137R	0.9982	pathogenic	p.(F137R)
P35372	F137S	0.9958	pathogenic	p.(F137S)
P35372	F137T	0.9983	pathogenic	p.(F137T)
P35372	F137V	0.991	pathogenic	p.(F137V)
P35372	F137W	0.9327	pathogenic	p.(F137W)
P35372	F137Y	0.8322	pathogenic	p.(F137Y)
P35372	G138A	0.9835	pathogenic	p.(G138A)
P35372	G138C	0.9969	pathogenic	p.(G138C)
P35372	G138D	0.9797	pathogenic	p.(G138D)
P35372	G138E	0.9953	pathogenic	p.(G138E)
P35372	G138F	0.999	pathogenic	p.(G138F)
P35372	G138H	0.9963	pathogenic	p.(G138H)
P35372	G138I	0.9994	pathogenic	p.(G138I)
P35372	G138K	0.9972	pathogenic	p.(G138K)
P35372	G138L	0.9981	pathogenic	p.(G138L)
P35372	G138M	0.9991	pathogenic	p.(G138M)
P35372	G138N	0.9888	pathogenic	p.(G138N)
P35372	G138P	0.9984	pathogenic	p.(G138P)
P35372	G138Q	0.9943	pathogenic	p.(G138Q)
P35372	G138R	0.9949	pathogenic	p.(G138R)
P35372	G138S	0.9062	pathogenic	p.(G138S)
P35372	G138T	0.9898	pathogenic	p.(G138T)
P35372	G138V	0.9986	pathogenic	p.(G138V)
P35372	G138W	0.9978	pathogenic	p.(G138W)
P35372	G138Y	0.9986	pathogenic	p.(G138Y)
P35372	T139A	0.0887	benign	p.(T139A)
P35372	T139C	0.6199	pathogenic	p.(T139C)
P35372	T139D	0.1097	benign	p.(T139D)
P35372	T139E	0.1455	benign	p.(T139E)
P35372	T139F	0.3689	ambiguous	p.(T139F)
P35372	T139G	0.1705	benign	p.(T139G)
P35372	T139H	0.1615	benign	p.(T139H)
P35372	T139I	0.2908	benign	p.(T139I)
P35372	T139K	0.1425	benign	p.(T139K)
P35372	T139L	0.1407	benign	p.(T139L)
P35372	T139M	0.1273	benign	p.(T139M)
P35372	T139N	0.0526	benign	p.(T139N)
P35372	T139P	0.099	benign	p.(T139P)
P35372	T139Q	0.1421	benign	p.(T139Q)
P35372	T139R	0.1405	benign	p.(T139R)
P35372	T139S	0.0783	benign	p.(T139S)
P35372	T139V	0.2021	benign	p.(T139V)
P35372	T139W	0.612	pathogenic	p.(T139W)
P35372	T139Y	0.3032	benign	p.(T139Y)
P35372	I140A	0.16	benign	p.(I140A)
P35372	I140C	0.6208	pathogenic	p.(I140C)
P35372	I140D	0.7044	pathogenic	p.(I140D)
P35372	I140E	0.6821	pathogenic	p.(I140E)
P35372	I140F	0.0747	benign	p.(I140F)
P35372	I140G	0.3829	ambiguous	p.(I140G)
P35372	I140H	0.554	ambiguous	p.(I140H)
P35372	I140K	0.5953	pathogenic	p.(I140K)
P35372	I140L	0.0657	benign	p.(I140L)
P35372	I140M	0.0948	benign	p.(I140M)
P35372	I140N	0.381	ambiguous	p.(I140N)
P35372	I140P	0.4094	ambiguous	p.(I140P)
P35372	I140Q	0.5516	ambiguous	p.(I140Q)
P35372	I140R	0.4973	ambiguous	p.(I140R)
P35372	I140S	0.2462	benign	p.(I140S)
P35372	I140T	0.1837	benign	p.(I140T)
P35372	I140V	0.056	benign	p.(I140V)
P35372	I140W	0.5247	ambiguous	p.(I140W)
P35372	I140Y	0.3705	ambiguous	p.(I140Y)
P35372	L141A	0.5707	pathogenic	p.(L141A)
P35372	L141C	0.8462	pathogenic	p.(L141C)
P35372	L141D	0.9977	pathogenic	p.(L141D)
P35372	L141E	0.9895	pathogenic	p.(L141E)
P35372	L141F	0.3806	ambiguous	p.(L141F)
P35372	L141G	0.9103	pathogenic	p.(L141G)
P35372	L141H	0.9772	pathogenic	p.(L141H)
P35372	L141I	0.1945	benign	p.(L141I)
P35372	L141K	0.9917	pathogenic	p.(L141K)
P35372	L141M	0.2122	benign	p.(L141M)
P35372	L141N	0.979	pathogenic	p.(L141N)
P35372	L141P	0.7799	pathogenic	p.(L141P)
P35372	L141Q	0.9494	pathogenic	p.(L141Q)
P35372	L141R	0.9822	pathogenic	p.(L141R)
P35372	L141S	0.8713	pathogenic	p.(L141S)
P35372	L141T	0.672	pathogenic	p.(L141T)
P35372	L141V	0.1969	benign	p.(L141V)
P35372	L141W	0.8421	pathogenic	p.(L141W)
P35372	L141Y	0.9373	pathogenic	p.(L141Y)
P35372	C142A	0.9997	pathogenic	p.(C142A)
P35372	C142D	0.9999	pathogenic	p.(C142D)
P35372	C142E	1	pathogenic	p.(C142E)
P35372	C142F	0.9996	pathogenic	p.(C142F)
P35372	C142G	0.9976	pathogenic	p.(C142G)
P35372	C142H	0.9999	pathogenic	p.(C142H)
P35372	C142I	0.9999	pathogenic	p.(C142I)
P35372	C142K	1	pathogenic	p.(C142K)
P35372	C142L	0.9996	pathogenic	p.(C142L)
P35372	C142M	0.9998	pathogenic	p.(C142M)
P35372	C142N	0.9999	pathogenic	p.(C142N)
P35372	C142P	0.9999	pathogenic	p.(C142P)
P35372	C142Q	1	pathogenic	p.(C142Q)
P35372	C142R	0.9997	pathogenic	p.(C142R)
P35372	C142S	0.9998	pathogenic	p.(C142S)
P35372	C142T	0.9999	pathogenic	p.(C142T)
P35372	C142V	0.9997	pathogenic	p.(C142V)
P35372	C142W	0.9998	pathogenic	p.(C142W)
P35372	C142Y	0.9998	pathogenic	p.(C142Y)
P35372	K143A	0.9929	pathogenic	p.(K143A)
P35372	K143C	0.9922	pathogenic	p.(K143C)
P35372	K143D	0.9959	pathogenic	p.(K143D)
P35372	K143E	0.9769	pathogenic	p.(K143E)
P35372	K143F	0.9991	pathogenic	p.(K143F)
P35372	K143G	0.9912	pathogenic	p.(K143G)
P35372	K143H	0.9189	pathogenic	p.(K143H)
P35372	K143I	0.9941	pathogenic	p.(K143I)
P35372	K143L	0.9919	pathogenic	p.(K143L)
P35372	K143M	0.9813	pathogenic	p.(K143M)
P35372	K143N	0.9911	pathogenic	p.(K143N)
P35372	K143P	0.9964	pathogenic	p.(K143P)
P35372	K143Q	0.7966	pathogenic	p.(K143Q)
P35372	K143R	0.27	benign	p.(K143R)
P35372	K143S	0.9909	pathogenic	p.(K143S)
P35372	K143T	0.9772	pathogenic	p.(K143T)
P35372	K143V	0.9894	pathogenic	p.(K143V)
P35372	K143W	0.996	pathogenic	p.(K143W)
P35372	K143Y	0.9934	pathogenic	p.(K143Y)
P35372	I144A	0.1812	benign	p.(I144A)
P35372	I144C	0.561	ambiguous	p.(I144C)
P35372	I144D	0.9929	pathogenic	p.(I144D)
P35372	I144E	0.9866	pathogenic	p.(I144E)
P35372	I144F	0.1825	benign	p.(I144F)
P35372	I144G	0.6358	pathogenic	p.(I144G)
P35372	I144H	0.9811	pathogenic	p.(I144H)
P35372	I144K	0.9901	pathogenic	p.(I144K)
P35372	I144L	0.0928	benign	p.(I144L)
P35372	I144M	0.078	benign	p.(I144M)
P35372	I144N	0.9077	pathogenic	p.(I144N)
P35372	I144P	0.9853	pathogenic	p.(I144P)
P35372	I144Q	0.9709	pathogenic	p.(I144Q)
P35372	I144R	0.9825	pathogenic	p.(I144R)
P35372	I144S	0.4762	ambiguous	p.(I144S)
P35372	I144T	0.1496	benign	p.(I144T)
P35372	I144V	0.0636	benign	p.(I144V)
P35372	I144W	0.9173	pathogenic	p.(I144W)
P35372	I144Y	0.8883	pathogenic	p.(I144Y)
P35372	V145A	0.766	pathogenic	p.(V145A)
P35372	V145C	0.9286	pathogenic	p.(V145C)
P35372	V145D	0.9954	pathogenic	p.(V145D)
P35372	V145E	0.9882	pathogenic	p.(V145E)
P35372	V145F	0.7616	pathogenic	p.(V145F)
P35372	V145G	0.9047	pathogenic	p.(V145G)
P35372	V145H	0.9946	pathogenic	p.(V145H)
P35372	V145I	0.1171	benign	p.(V145I)
P35372	V145K	0.9958	pathogenic	p.(V145K)
P35372	V145L	0.853	pathogenic	p.(V145L)
P35372	V145M	0.7332	pathogenic	p.(V145M)
P35372	V145N	0.9682	pathogenic	p.(V145N)
P35372	V145P	0.9933	pathogenic	p.(V145P)
P35372	V145Q	0.9834	pathogenic	p.(V145Q)
P35372	V145R	0.9891	pathogenic	p.(V145R)
P35372	V145S	0.8646	pathogenic	p.(V145S)
P35372	V145T	0.7085	pathogenic	p.(V145T)
P35372	V145W	0.9964	pathogenic	p.(V145W)
P35372	V145Y	0.9809	pathogenic	p.(V145Y)
P35372	I146A	0.9462	pathogenic	p.(I146A)
P35372	I146C	0.9749	pathogenic	p.(I146C)
P35372	I146D	0.9953	pathogenic	p.(I146D)
P35372	I146E	0.9901	pathogenic	p.(I146E)
P35372	I146F	0.58	pathogenic	p.(I146F)
P35372	I146G	0.9856	pathogenic	p.(I146G)
P35372	I146H	0.9874	pathogenic	p.(I146H)
P35372	I146K	0.9828	pathogenic	p.(I146K)
P35372	I146L	0.1768	benign	p.(I146L)
P35372	I146M	0.1778	benign	p.(I146M)
P35372	I146N	0.9482	pathogenic	p.(I146N)
P35372	I146P	0.9889	pathogenic	p.(I146P)
P35372	I146Q	0.973	pathogenic	p.(I146Q)
P35372	I146R	0.9768	pathogenic	p.(I146R)
P35372	I146S	0.9461	pathogenic	p.(I146S)
P35372	I146T	0.9348	pathogenic	p.(I146T)
P35372	I146V	0.2416	benign	p.(I146V)
P35372	I146W	0.9807	pathogenic	p.(I146W)
P35372	I146Y	0.9215	pathogenic	p.(I146Y)
P35372	S147A	0.1533	benign	p.(S147A)
P35372	S147C	0.5355	ambiguous	p.(S147C)
P35372	S147D	0.9985	pathogenic	p.(S147D)
P35372	S147E	0.9987	pathogenic	p.(S147E)
P35372	S147F	0.9701	pathogenic	p.(S147F)
P35372	S147G	0.4368	ambiguous	p.(S147G)
P35372	S147H	0.9955	pathogenic	p.(S147H)
P35372	S147I	0.9834	pathogenic	p.(S147I)
P35372	S147K	0.9999	pathogenic	p.(S147K)
P35372	S147L	0.915	pathogenic	p.(S147L)
P35372	S147M	0.899	pathogenic	p.(S147M)
P35372	S147N	0.9858	pathogenic	p.(S147N)
P35372	S147P	0.9931	pathogenic	p.(S147P)
P35372	S147Q	0.9954	pathogenic	p.(S147Q)
P35372	S147R	0.9996	pathogenic	p.(S147R)
P35372	S147T	0.5762	pathogenic	p.(S147T)
P35372	S147V	0.9451	pathogenic	p.(S147V)
P35372	S147W	0.9938	pathogenic	p.(S147W)
P35372	S147Y	0.9868	pathogenic	p.(S147Y)
P35372	I148A	0.7864	pathogenic	p.(I148A)
P35372	I148C	0.9716	pathogenic	p.(I148C)
P35372	I148D	0.9993	pathogenic	p.(I148D)
P35372	I148E	0.9977	pathogenic	p.(I148E)
P35372	I148F	0.8082	pathogenic	p.(I148F)
P35372	I148G	0.984	pathogenic	p.(I148G)
P35372	I148H	0.9989	pathogenic	p.(I148H)
P35372	I148K	0.9982	pathogenic	p.(I148K)
P35372	I148L	0.4355	ambiguous	p.(I148L)
P35372	I148M	0.4157	ambiguous	p.(I148M)
P35372	I148N	0.9902	pathogenic	p.(I148N)
P35372	I148P	0.9969	pathogenic	p.(I148P)
P35372	I148Q	0.9965	pathogenic	p.(I148Q)
P35372	I148R	0.9963	pathogenic	p.(I148R)
P35372	I148S	0.9351	pathogenic	p.(I148S)
P35372	I148T	0.6505	pathogenic	p.(I148T)
P35372	I148V	0.1384	benign	p.(I148V)
P35372	I148W	0.9942	pathogenic	p.(I148W)
P35372	I148Y	0.9942	pathogenic	p.(I148Y)
P35372	D149A	0.9985	pathogenic	p.(D149A)
P35372	D149C	0.9997	pathogenic	p.(D149C)
P35372	D149E	0.9974	pathogenic	p.(D149E)
P35372	D149F	0.9996	pathogenic	p.(D149F)
P35372	D149G	0.9978	pathogenic	p.(D149G)
P35372	D149H	0.9992	pathogenic	p.(D149H)
P35372	D149I	0.9996	pathogenic	p.(D149I)
P35372	D149K	0.9997	pathogenic	p.(D149K)
P35372	D149L	0.9991	pathogenic	p.(D149L)
P35372	D149M	0.9999	pathogenic	p.(D149M)
P35372	D149N	0.9943	pathogenic	p.(D149N)
P35372	D149P	0.9996	pathogenic	p.(D149P)
P35372	D149Q	0.9995	pathogenic	p.(D149Q)
P35372	D149R	0.9991	pathogenic	p.(D149R)
P35372	D149S	0.9959	pathogenic	p.(D149S)
P35372	D149T	0.999	pathogenic	p.(D149T)
P35372	D149V	0.9989	pathogenic	p.(D149V)
P35372	D149W	0.9999	pathogenic	p.(D149W)
P35372	D149Y	0.9975	pathogenic	p.(D149Y)
P35372	Y150A	0.9867	pathogenic	p.(Y150A)
P35372	Y150C	0.9509	pathogenic	p.(Y150C)
P35372	Y150D	0.9883	pathogenic	p.(Y150D)
P35372	Y150E	0.9975	pathogenic	p.(Y150E)
P35372	Y150F	0.5076	ambiguous	p.(Y150F)
P35372	Y150G	0.9609	pathogenic	p.(Y150G)
P35372	Y150H	0.986	pathogenic	p.(Y150H)
P35372	Y150I	0.9798	pathogenic	p.(Y150I)
P35372	Y150K	0.9987	pathogenic	p.(Y150K)
P35372	Y150L	0.941	pathogenic	p.(Y150L)
P35372	Y150M	0.9817	pathogenic	p.(Y150M)
P35372	Y150N	0.9479	pathogenic	p.(Y150N)
P35372	Y150P	0.9975	pathogenic	p.(Y150P)
P35372	Y150Q	0.9975	pathogenic	p.(Y150Q)
P35372	Y150R	0.9942	pathogenic	p.(Y150R)
P35372	Y150S	0.9238	pathogenic	p.(Y150S)
P35372	Y150T	0.9742	pathogenic	p.(Y150T)
P35372	Y150V	0.9504	pathogenic	p.(Y150V)
P35372	Y150W	0.9419	pathogenic	p.(Y150W)
P35372	Y151A	0.9825	pathogenic	p.(Y151A)
P35372	Y151C	0.8651	pathogenic	p.(Y151C)
P35372	Y151D	0.995	pathogenic	p.(Y151D)
P35372	Y151E	0.9986	pathogenic	p.(Y151E)
P35372	Y151F	0.2745	benign	p.(Y151F)
P35372	Y151G	0.9523	pathogenic	p.(Y151G)
P35372	Y151H	0.9842	pathogenic	p.(Y151H)
P35372	Y151I	0.9552	pathogenic	p.(Y151I)
P35372	Y151K	0.9987	pathogenic	p.(Y151K)
P35372	Y151L	0.7954	pathogenic	p.(Y151L)
P35372	Y151M	0.9635	pathogenic	p.(Y151M)
P35372	Y151N	0.9667	pathogenic	p.(Y151N)
P35372	Y151P	0.998	pathogenic	p.(Y151P)
P35372	Y151Q	0.9968	pathogenic	p.(Y151Q)
P35372	Y151R	0.9944	pathogenic	p.(Y151R)
P35372	Y151S	0.934	pathogenic	p.(Y151S)
P35372	Y151T	0.9748	pathogenic	p.(Y151T)
P35372	Y151V	0.906	pathogenic	p.(Y151V)
P35372	Y151W	0.8797	pathogenic	p.(Y151W)
P35372	N152A	0.9863	pathogenic	p.(N152A)
P35372	N152C	0.8537	pathogenic	p.(N152C)
P35372	N152D	0.9909	pathogenic	p.(N152D)
P35372	N152E	0.999	pathogenic	p.(N152E)
P35372	N152F	0.998	pathogenic	p.(N152F)
P35372	N152G	0.9727	pathogenic	p.(N152G)
P35372	N152H	0.9843	pathogenic	p.(N152H)
P35372	N152I	0.9886	pathogenic	p.(N152I)
P35372	N152K	0.9995	pathogenic	p.(N152K)
P35372	N152L	0.9738	pathogenic	p.(N152L)
P35372	N152M	0.9891	pathogenic	p.(N152M)
P35372	N152P	0.9951	pathogenic	p.(N152P)
P35372	N152Q	0.9974	pathogenic	p.(N152Q)
P35372	N152R	0.9988	pathogenic	p.(N152R)
P35372	N152S	0.7133	pathogenic	p.(N152S)
P35372	N152T	0.9276	pathogenic	p.(N152T)
P35372	N152V	0.9794	pathogenic	p.(N152V)
P35372	N152W	0.9994	pathogenic	p.(N152W)
P35372	N152Y	0.9927	pathogenic	p.(N152Y)
P35372	M153A	0.9938	pathogenic	p.(M153A)
P35372	M153C	0.9876	pathogenic	p.(M153C)
P35372	M153D	0.9994	pathogenic	p.(M153D)
P35372	M153E	0.995	pathogenic	p.(M153E)
P35372	M153F	0.9695	pathogenic	p.(M153F)
P35372	M153G	0.9953	pathogenic	p.(M153G)
P35372	M153H	0.9979	pathogenic	p.(M153H)
P35372	M153I	0.9972	pathogenic	p.(M153I)
P35372	M153K	0.9933	pathogenic	p.(M153K)
P35372	M153L	0.9139	pathogenic	p.(M153L)
P35372	M153N	0.9886	pathogenic	p.(M153N)
P35372	M153P	0.9996	pathogenic	p.(M153P)
P35372	M153Q	0.9362	pathogenic	p.(M153Q)
P35372	M153R	0.9957	pathogenic	p.(M153R)
P35372	M153S	0.9906	pathogenic	p.(M153S)
P35372	M153T	0.9926	pathogenic	p.(M153T)
P35372	M153V	0.9754	pathogenic	p.(M153V)
P35372	M153W	0.9991	pathogenic	p.(M153W)
P35372	M153Y	0.9934	pathogenic	p.(M153Y)
P35372	F154A	0.9965	pathogenic	p.(F154A)
P35372	F154C	0.9931	pathogenic	p.(F154C)
P35372	F154D	0.9991	pathogenic	p.(F154D)
P35372	F154E	0.9991	pathogenic	p.(F154E)
P35372	F154G	0.9962	pathogenic	p.(F154G)
P35372	F154H	0.9959	pathogenic	p.(F154H)
P35372	F154I	0.9963	pathogenic	p.(F154I)
P35372	F154K	0.9996	pathogenic	p.(F154K)
P35372	F154L	0.9991	pathogenic	p.(F154L)
P35372	F154M	0.9936	pathogenic	p.(F154M)
P35372	F154N	0.9952	pathogenic	p.(F154N)
P35372	F154P	0.9999	pathogenic	p.(F154P)
P35372	F154Q	0.9983	pathogenic	p.(F154Q)
P35372	F154R	0.9986	pathogenic	p.(F154R)
P35372	F154S	0.9973	pathogenic	p.(F154S)
P35372	F154T	0.998	pathogenic	p.(F154T)
P35372	F154V	0.9936	pathogenic	p.(F154V)
P35372	F154W	0.9853	pathogenic	p.(F154W)
P35372	F154Y	0.8758	pathogenic	p.(F154Y)
P35372	T155A	0.6708	pathogenic	p.(T155A)
P35372	T155C	0.869	pathogenic	p.(T155C)
P35372	T155D	0.9974	pathogenic	p.(T155D)
P35372	T155E	0.9973	pathogenic	p.(T155E)
P35372	T155F	0.9865	pathogenic	p.(T155F)
P35372	T155G	0.9086	pathogenic	p.(T155G)
P35372	T155H	0.9883	pathogenic	p.(T155H)
P35372	T155I	0.9459	pathogenic	p.(T155I)
P35372	T155K	0.9972	pathogenic	p.(T155K)
P35372	T155L	0.8611	pathogenic	p.(T155L)
P35372	T155M	0.8121	pathogenic	p.(T155M)
P35372	T155N	0.9566	pathogenic	p.(T155N)
P35372	T155P	0.9521	pathogenic	p.(T155P)
P35372	T155Q	0.9863	pathogenic	p.(T155Q)
P35372	T155R	0.9944	pathogenic	p.(T155R)
P35372	T155S	0.6655	pathogenic	p.(T155S)
P35372	T155V	0.8225	pathogenic	p.(T155V)
P35372	T155W	0.9983	pathogenic	p.(T155W)
P35372	T155Y	0.9956	pathogenic	p.(T155Y)
P35372	S156A	0.8737	pathogenic	p.(S156A)
P35372	S156C	0.9832	pathogenic	p.(S156C)
P35372	S156D	0.9965	pathogenic	p.(S156D)
P35372	S156E	0.9981	pathogenic	p.(S156E)
P35372	S156F	0.9995	pathogenic	p.(S156F)
P35372	S156G	0.8568	pathogenic	p.(S156G)
P35372	S156H	0.9985	pathogenic	p.(S156H)
P35372	S156I	0.9977	pathogenic	p.(S156I)
P35372	S156K	0.9998	pathogenic	p.(S156K)
P35372	S156L	0.9978	pathogenic	p.(S156L)
P35372	S156M	0.9953	pathogenic	p.(S156M)
P35372	S156N	0.9935	pathogenic	p.(S156N)
P35372	S156P	0.9991	pathogenic	p.(S156P)
P35372	S156Q	0.998	pathogenic	p.(S156Q)
P35372	S156R	0.9997	pathogenic	p.(S156R)
P35372	S156T	0.9444	pathogenic	p.(S156T)
P35372	S156V	0.9967	pathogenic	p.(S156V)
P35372	S156W	0.9991	pathogenic	p.(S156W)
P35372	S156Y	0.9991	pathogenic	p.(S156Y)
P35372	I157A	0.9743	pathogenic	p.(I157A)
P35372	I157C	0.9941	pathogenic	p.(I157C)
P35372	I157D	0.9991	pathogenic	p.(I157D)
P35372	I157E	0.9986	pathogenic	p.(I157E)
P35372	I157F	0.9921	pathogenic	p.(I157F)
P35372	I157G	0.9982	pathogenic	p.(I157G)
P35372	I157H	0.9995	pathogenic	p.(I157H)
P35372	I157K	0.9992	pathogenic	p.(I157K)
P35372	I157L	0.8918	pathogenic	p.(I157L)
P35372	I157M	0.9169	pathogenic	p.(I157M)
P35372	I157N	0.9877	pathogenic	p.(I157N)
P35372	I157P	0.9944	pathogenic	p.(I157P)
P35372	I157Q	0.9988	pathogenic	p.(I157Q)
P35372	I157R	0.9984	pathogenic	p.(I157R)
P35372	I157S	0.967	pathogenic	p.(I157S)
P35372	I157T	0.9068	pathogenic	p.(I157T)
P35372	I157V	0.2758	benign	p.(I157V)
P35372	I157W	0.9997	pathogenic	p.(I157W)
P35372	I157Y	0.9989	pathogenic	p.(I157Y)
P35372	F158A	0.9742	pathogenic	p.(F158A)
P35372	F158C	0.9381	pathogenic	p.(F158C)
P35372	F158D	0.9993	pathogenic	p.(F158D)
P35372	F158E	0.9994	pathogenic	p.(F158E)
P35372	F158G	0.9832	pathogenic	p.(F158G)
P35372	F158H	0.9936	pathogenic	p.(F158H)
P35372	F158I	0.9325	pathogenic	p.(F158I)
P35372	F158K	0.9997	pathogenic	p.(F158K)
P35372	F158L	0.9605	pathogenic	p.(F158L)
P35372	F158M	0.9221	pathogenic	p.(F158M)
P35372	F158N	0.9902	pathogenic	p.(F158N)
P35372	F158P	0.9998	pathogenic	p.(F158P)
P35372	F158Q	0.9975	pathogenic	p.(F158Q)
P35372	F158R	0.9988	pathogenic	p.(F158R)
P35372	F158S	0.9746	pathogenic	p.(F158S)
P35372	F158T	0.9867	pathogenic	p.(F158T)
P35372	F158V	0.9311	pathogenic	p.(F158V)
P35372	F158W	0.9405	pathogenic	p.(F158W)
P35372	F158Y	0.6745	pathogenic	p.(F158Y)
P35372	T159A	0.8982	pathogenic	p.(T159A)
P35372	T159C	0.8917	pathogenic	p.(T159C)
P35372	T159D	0.9976	pathogenic	p.(T159D)
P35372	T159E	0.9982	pathogenic	p.(T159E)
P35372	T159F	0.9602	pathogenic	p.(T159F)
P35372	T159G	0.9602	pathogenic	p.(T159G)
P35372	T159H	0.9787	pathogenic	p.(T159H)
P35372	T159I	0.9608	pathogenic	p.(T159I)
P35372	T159K	0.9985	pathogenic	p.(T159K)
P35372	T159L	0.838	pathogenic	p.(T159L)
P35372	T159M	0.8362	pathogenic	p.(T159M)
P35372	T159N	0.9379	pathogenic	p.(T159N)
P35372	T159P	0.9812	pathogenic	p.(T159P)
P35372	T159Q	0.9885	pathogenic	p.(T159Q)
P35372	T159R	0.9972	pathogenic	p.(T159R)
P35372	T159S	0.8094	pathogenic	p.(T159S)
P35372	T159V	0.907	pathogenic	p.(T159V)
P35372	T159W	0.9975	pathogenic	p.(T159W)
P35372	T159Y	0.9913	pathogenic	p.(T159Y)
P35372	L160A	0.9965	pathogenic	p.(L160A)
P35372	L160C	0.999	pathogenic	p.(L160C)
P35372	L160D	0.9999	pathogenic	p.(L160D)
P35372	L160E	0.9997	pathogenic	p.(L160E)
P35372	L160F	0.9973	pathogenic	p.(L160F)
P35372	L160G	0.9995	pathogenic	p.(L160G)
P35372	L160H	0.9997	pathogenic	p.(L160H)
P35372	L160I	0.9316	pathogenic	p.(L160I)
P35372	L160K	0.9996	pathogenic	p.(L160K)
P35372	L160M	0.9502	pathogenic	p.(L160M)
P35372	L160N	0.9992	pathogenic	p.(L160N)
P35372	L160P	0.9998	pathogenic	p.(L160P)
P35372	L160Q	0.9997	pathogenic	p.(L160Q)
P35372	L160R	0.9991	pathogenic	p.(L160R)
P35372	L160S	0.9996	pathogenic	p.(L160S)
P35372	L160T	0.9977	pathogenic	p.(L160T)
P35372	L160V	0.9651	pathogenic	p.(L160V)
P35372	L160W	0.9997	pathogenic	p.(L160W)
P35372	L160Y	0.9996	pathogenic	p.(L160Y)
P35372	C161A	0.3687	ambiguous	p.(C161A)
P35372	C161D	0.9923	pathogenic	p.(C161D)
P35372	C161E	0.9977	pathogenic	p.(C161E)
P35372	C161F	0.6745	pathogenic	p.(C161F)
P35372	C161G	0.3195	benign	p.(C161G)
P35372	C161H	0.9919	pathogenic	p.(C161H)
P35372	C161I	0.9286	pathogenic	p.(C161I)
P35372	C161K	0.9994	pathogenic	p.(C161K)
P35372	C161L	0.7384	pathogenic	p.(C161L)
P35372	C161M	0.6908	pathogenic	p.(C161M)
P35372	C161N	0.935	pathogenic	p.(C161N)
P35372	C161P	0.999	pathogenic	p.(C161P)
P35372	C161Q	0.991	pathogenic	p.(C161Q)
P35372	C161R	0.9959	pathogenic	p.(C161R)
P35372	C161S	0.322	benign	p.(C161S)
P35372	C161T	0.1471	benign	p.(C161T)
P35372	C161V	0.673	pathogenic	p.(C161V)
P35372	C161W	0.9865	pathogenic	p.(C161W)
P35372	C161Y	0.9799	pathogenic	p.(C161Y)
P35372	T162A	0.1887	benign	p.(T162A)
P35372	T162C	0.4102	ambiguous	p.(T162C)
P35372	T162D	0.9878	pathogenic	p.(T162D)
P35372	T162E	0.9828	pathogenic	p.(T162E)
P35372	T162F	0.7369	pathogenic	p.(T162F)
P35372	T162G	0.6604	pathogenic	p.(T162G)
P35372	T162H	0.8986	pathogenic	p.(T162H)
P35372	T162I	0.6851	pathogenic	p.(T162I)
P35372	T162K	0.9853	pathogenic	p.(T162K)
P35372	T162L	0.4262	ambiguous	p.(T162L)
P35372	T162M	0.2029	benign	p.(T162M)
P35372	T162N	0.7757	pathogenic	p.(T162N)
P35372	T162P	0.9528	pathogenic	p.(T162P)
P35372	T162Q	0.8878	pathogenic	p.(T162Q)
P35372	T162R	0.9683	pathogenic	p.(T162R)
P35372	T162S	0.2565	benign	p.(T162S)
P35372	T162V	0.4083	ambiguous	p.(T162V)
P35372	T162W	0.9657	pathogenic	p.(T162W)
P35372	T162Y	0.9286	pathogenic	p.(T162Y)
P35372	M163A	0.9966	pathogenic	p.(M163A)
P35372	M163C	0.9979	pathogenic	p.(M163C)
P35372	M163D	0.9999	pathogenic	p.(M163D)
P35372	M163E	0.9996	pathogenic	p.(M163E)
P35372	M163F	0.9852	pathogenic	p.(M163F)
P35372	M163G	0.9992	pathogenic	p.(M163G)
P35372	M163H	0.9998	pathogenic	p.(M163H)
P35372	M163I	0.9957	pathogenic	p.(M163I)
P35372	M163K	0.9995	pathogenic	p.(M163K)
P35372	M163L	0.7715	pathogenic	p.(M163L)
P35372	M163N	0.9995	pathogenic	p.(M163N)
P35372	M163P	0.9998	pathogenic	p.(M163P)
P35372	M163Q	0.9979	pathogenic	p.(M163Q)
P35372	M163R	0.9994	pathogenic	p.(M163R)
P35372	M163S	0.9985	pathogenic	p.(M163S)
P35372	M163T	0.9988	pathogenic	p.(M163T)
P35372	M163V	0.9179	pathogenic	p.(M163V)
P35372	M163W	0.9997	pathogenic	p.(M163W)
P35372	M163Y	0.9994	pathogenic	p.(M163Y)
P35372	S164A	0.5333	ambiguous	p.(S164A)
P35372	S164C	0.9482	pathogenic	p.(S164C)
P35372	S164D	0.9984	pathogenic	p.(S164D)
P35372	S164E	0.998	pathogenic	p.(S164E)
P35372	S164F	0.9989	pathogenic	p.(S164F)
P35372	S164G	0.9094	pathogenic	p.(S164G)
P35372	S164H	0.9984	pathogenic	p.(S164H)
P35372	S164I	0.9963	pathogenic	p.(S164I)
P35372	S164K	0.9999	pathogenic	p.(S164K)
P35372	S164L	0.9933	pathogenic	p.(S164L)
P35372	S164M	0.9885	pathogenic	p.(S164M)
P35372	S164N	0.9962	pathogenic	p.(S164N)
P35372	S164P	0.9982	pathogenic	p.(S164P)
P35372	S164Q	0.998	pathogenic	p.(S164Q)
P35372	S164R	0.9998	pathogenic	p.(S164R)
P35372	S164T	0.8576	pathogenic	p.(S164T)
P35372	S164V	0.9915	pathogenic	p.(S164V)
P35372	S164W	0.9991	pathogenic	p.(S164W)
P35372	S164Y	0.9988	pathogenic	p.(S164Y)
P35372	V165A	0.4205	ambiguous	p.(V165A)
P35372	V165C	0.7545	pathogenic	p.(V165C)
P35372	V165D	0.9966	pathogenic	p.(V165D)
P35372	V165E	0.9865	pathogenic	p.(V165E)
P35372	V165F	0.2618	benign	p.(V165F)
P35372	V165G	0.7229	pathogenic	p.(V165G)
P35372	V165H	0.992	pathogenic	p.(V165H)
P35372	V165I	0.065	benign	p.(V165I)
P35372	V165K	0.9915	pathogenic	p.(V165K)
P35372	V165L	0.2428	benign	p.(V165L)
P35372	V165M	0.1332	benign	p.(V165M)
P35372	V165N	0.9739	pathogenic	p.(V165N)
P35372	V165P	0.997	pathogenic	p.(V165P)
P35372	V165Q	0.9722	pathogenic	p.(V165Q)
P35372	V165R	0.9838	pathogenic	p.(V165R)
P35372	V165S	0.7916	pathogenic	p.(V165S)
P35372	V165T	0.4786	ambiguous	p.(V165T)
P35372	V165W	0.9589	pathogenic	p.(V165W)
P35372	V165Y	0.9368	pathogenic	p.(V165Y)
P35372	D166A	0.9993	pathogenic	p.(D166A)
P35372	D166C	0.9999	pathogenic	p.(D166C)
P35372	D166E	0.9955	pathogenic	p.(D166E)
P35372	D166F	0.9997	pathogenic	p.(D166F)
P35372	D166G	0.9988	pathogenic	p.(D166G)
P35372	D166H	0.999	pathogenic	p.(D166H)
P35372	D166I	0.9998	pathogenic	p.(D166I)
P35372	D166K	0.9998	pathogenic	p.(D166K)
P35372	D166L	0.9996	pathogenic	p.(D166L)
P35372	D166M	0.9999	pathogenic	p.(D166M)
P35372	D166N	0.9972	pathogenic	p.(D166N)
P35372	D166P	0.9998	pathogenic	p.(D166P)
P35372	D166Q	0.9997	pathogenic	p.(D166Q)
P35372	D166R	0.9996	pathogenic	p.(D166R)
P35372	D166S	0.9977	pathogenic	p.(D166S)
P35372	D166T	0.9996	pathogenic	p.(D166T)
P35372	D166V	0.9994	pathogenic	p.(D166V)
P35372	D166W	0.9999	pathogenic	p.(D166W)
P35372	D166Y	0.9983	pathogenic	p.(D166Y)
P35372	R167A	0.9997	pathogenic	p.(R167A)
P35372	R167C	0.9984	pathogenic	p.(R167C)
P35372	R167D	0.9996	pathogenic	p.(R167D)
P35372	R167E	0.9962	pathogenic	p.(R167E)
P35372	R167F	0.9999	pathogenic	p.(R167F)
P35372	R167G	0.9991	pathogenic	p.(R167G)
P35372	R167H	0.9968	pathogenic	p.(R167H)
P35372	R167I	0.9995	pathogenic	p.(R167I)
P35372	R167K	0.9966	pathogenic	p.(R167K)
P35372	R167L	0.9985	pathogenic	p.(R167L)
P35372	R167M	0.9999	pathogenic	p.(R167M)
P35372	R167N	0.9996	pathogenic	p.(R167N)
P35372	R167P	0.9998	pathogenic	p.(R167P)
P35372	R167Q	0.9971	pathogenic	p.(R167Q)
P35372	R167S	0.9997	pathogenic	p.(R167S)
P35372	R167T	0.9996	pathogenic	p.(R167T)
P35372	R167V	0.9996	pathogenic	p.(R167V)
P35372	R167W	0.999	pathogenic	p.(R167W)
P35372	R167Y	0.9996	pathogenic	p.(R167Y)
P35372	Y168A	0.9974	pathogenic	p.(Y168A)
P35372	Y168C	0.9606	pathogenic	p.(Y168C)
P35372	Y168D	0.9989	pathogenic	p.(Y168D)
P35372	Y168E	0.9997	pathogenic	p.(Y168E)
P35372	Y168F	0.4158	ambiguous	p.(Y168F)
P35372	Y168G	0.9894	pathogenic	p.(Y168G)
P35372	Y168H	0.9947	pathogenic	p.(Y168H)
P35372	Y168I	0.9975	pathogenic	p.(Y168I)
P35372	Y168K	0.9997	pathogenic	p.(Y168K)
P35372	Y168L	0.9728	pathogenic	p.(Y168L)
P35372	Y168M	0.9947	pathogenic	p.(Y168M)
P35372	Y168N	0.9934	pathogenic	p.(Y168N)
P35372	Y168P	0.9997	pathogenic	p.(Y168P)
P35372	Y168Q	0.9996	pathogenic	p.(Y168Q)
P35372	Y168R	0.9982	pathogenic	p.(Y168R)
P35372	Y168S	0.9929	pathogenic	p.(Y168S)
P35372	Y168T	0.9982	pathogenic	p.(Y168T)
P35372	Y168V	0.9896	pathogenic	p.(Y168V)
P35372	Y168W	0.9176	pathogenic	p.(Y168W)
P35372	I169A	0.8066	pathogenic	p.(I169A)
P35372	I169C	0.8882	pathogenic	p.(I169C)
P35372	I169D	0.9984	pathogenic	p.(I169D)
P35372	I169E	0.9931	pathogenic	p.(I169E)
P35372	I169F	0.4273	ambiguous	p.(I169F)
P35372	I169G	0.9767	pathogenic	p.(I169G)
P35372	I169H	0.9884	pathogenic	p.(I169H)
P35372	I169K	0.9834	pathogenic	p.(I169K)
P35372	I169L	0.2593	benign	p.(I169L)
P35372	I169M	0.2808	benign	p.(I169M)
P35372	I169N	0.9813	pathogenic	p.(I169N)
P35372	I169P	0.9977	pathogenic	p.(I169P)
P35372	I169Q	0.9812	pathogenic	p.(I169Q)
P35372	I169R	0.9691	pathogenic	p.(I169R)
P35372	I169S	0.9343	pathogenic	p.(I169S)
P35372	I169T	0.6273	pathogenic	p.(I169T)
P35372	I169V	0.0576	benign	p.(I169V)
P35372	I169W	0.9659	pathogenic	p.(I169W)
P35372	I169Y	0.9273	pathogenic	p.(I169Y)
P35372	A170C	0.9913	pathogenic	p.(A170C)
P35372	A170D	0.9999	pathogenic	p.(A170D)
P35372	A170E	0.9996	pathogenic	p.(A170E)
P35372	A170F	0.9946	pathogenic	p.(A170F)
P35372	A170G	0.9801	pathogenic	p.(A170G)
P35372	A170H	0.9994	pathogenic	p.(A170H)
P35372	A170I	0.9965	pathogenic	p.(A170I)
P35372	A170K	0.9999	pathogenic	p.(A170K)
P35372	A170L	0.9705	pathogenic	p.(A170L)
P35372	A170M	0.994	pathogenic	p.(A170M)
P35372	A170N	0.9994	pathogenic	p.(A170N)
P35372	A170P	0.9993	pathogenic	p.(A170P)
P35372	A170Q	0.9982	pathogenic	p.(A170Q)
P35372	A170R	0.9974	pathogenic	p.(A170R)
P35372	A170S	0.9199	pathogenic	p.(A170S)
P35372	A170T	0.9906	pathogenic	p.(A170T)
P35372	A170V	0.9863	pathogenic	p.(A170V)
P35372	A170W	0.9997	pathogenic	p.(A170W)
P35372	A170Y	0.9988	pathogenic	p.(A170Y)
P35372	V171A	0.9951	pathogenic	p.(V171A)
P35372	V171C	0.9976	pathogenic	p.(V171C)
P35372	V171D	0.9997	pathogenic	p.(V171D)
P35372	V171E	0.9991	pathogenic	p.(V171E)
P35372	V171F	0.9862	pathogenic	p.(V171F)
P35372	V171G	0.9956	pathogenic	p.(V171G)
P35372	V171H	0.9997	pathogenic	p.(V171H)
P35372	V171I	0.2913	benign	p.(V171I)
P35372	V171K	0.9995	pathogenic	p.(V171K)
P35372	V171L	0.9859	pathogenic	p.(V171L)
P35372	V171M	0.986	pathogenic	p.(V171M)
P35372	V171N	0.9986	pathogenic	p.(V171N)
P35372	V171P	0.9992	pathogenic	p.(V171P)
P35372	V171Q	0.9992	pathogenic	p.(V171Q)
P35372	V171R	0.9981	pathogenic	p.(V171R)
P35372	V171S	0.9954	pathogenic	p.(V171S)
P35372	V171T	0.9849	pathogenic	p.(V171T)
P35372	V171W	0.9998	pathogenic	p.(V171W)
P35372	V171Y	0.9991	pathogenic	p.(V171Y)
P35372	C172A	0.9796	pathogenic	p.(C172A)
P35372	C172D	0.9996	pathogenic	p.(C172D)
P35372	C172E	0.9997	pathogenic	p.(C172E)
P35372	C172F	0.9869	pathogenic	p.(C172F)
P35372	C172G	0.9733	pathogenic	p.(C172G)
P35372	C172H	0.9975	pathogenic	p.(C172H)
P35372	C172I	0.987	pathogenic	p.(C172I)
P35372	C172K	0.9997	pathogenic	p.(C172K)
P35372	C172L	0.9838	pathogenic	p.(C172L)
P35372	C172M	0.991	pathogenic	p.(C172M)
P35372	C172N	0.9952	pathogenic	p.(C172N)
P35372	C172P	0.9999	pathogenic	p.(C172P)
P35372	C172Q	0.9984	pathogenic	p.(C172Q)
P35372	C172R	0.9945	pathogenic	p.(C172R)
P35372	C172S	0.976	pathogenic	p.(C172S)
P35372	C172T	0.9827	pathogenic	p.(C172T)
P35372	C172V	0.9128	pathogenic	p.(C172V)
P35372	C172W	0.9971	pathogenic	p.(C172W)
P35372	C172Y	0.9961	pathogenic	p.(C172Y)
P35372	H173A	0.9944	pathogenic	p.(H173A)
P35372	H173C	0.9071	pathogenic	p.(H173C)
P35372	H173D	0.986	pathogenic	p.(H173D)
P35372	H173E	0.9882	pathogenic	p.(H173E)
P35372	H173F	0.8982	pathogenic	p.(H173F)
P35372	H173G	0.9977	pathogenic	p.(H173G)
P35372	H173I	0.9926	pathogenic	p.(H173I)
P35372	H173K	0.9751	pathogenic	p.(H173K)
P35372	H173L	0.9208	pathogenic	p.(H173L)
P35372	H173M	0.9873	pathogenic	p.(H173M)
P35372	H173N	0.9228	pathogenic	p.(H173N)
P35372	H173P	0.9959	pathogenic	p.(H173P)
P35372	H173Q	0.9653	pathogenic	p.(H173Q)
P35372	H173R	0.9275	pathogenic	p.(H173R)
P35372	H173S	0.9776	pathogenic	p.(H173S)
P35372	H173T	0.9955	pathogenic	p.(H173T)
P35372	H173V	0.9889	pathogenic	p.(H173V)
P35372	H173W	0.9103	pathogenic	p.(H173W)
P35372	H173Y	0.6912	pathogenic	p.(H173Y)
P35372	P174A	0.9762	pathogenic	p.(P174A)
P35372	P174C	0.9994	pathogenic	p.(P174C)
P35372	P174D	0.9996	pathogenic	p.(P174D)
P35372	P174E	0.9995	pathogenic	p.(P174E)
P35372	P174F	0.9998	pathogenic	p.(P174F)
P35372	P174G	0.997	pathogenic	p.(P174G)
P35372	P174H	0.9978	pathogenic	p.(P174H)
P35372	P174I	0.9995	pathogenic	p.(P174I)
P35372	P174K	0.9995	pathogenic	p.(P174K)
P35372	P174L	0.9972	pathogenic	p.(P174L)
P35372	P174M	0.9995	pathogenic	p.(P174M)
P35372	P174N	0.9994	pathogenic	p.(P174N)
P35372	P174Q	0.9993	pathogenic	p.(P174Q)
P35372	P174R	0.997	pathogenic	p.(P174R)
P35372	P174S	0.9967	pathogenic	p.(P174S)
P35372	P174T	0.9961	pathogenic	p.(P174T)
P35372	P174V	0.998	pathogenic	p.(P174V)
P35372	P174W	0.9999	pathogenic	p.(P174W)
P35372	P174Y	0.9997	pathogenic	p.(P174Y)
P35372	V175A	0.9775	pathogenic	p.(V175A)
P35372	V175C	0.9908	pathogenic	p.(V175C)
P35372	V175D	0.9974	pathogenic	p.(V175D)
P35372	V175E	0.9914	pathogenic	p.(V175E)
P35372	V175F	0.9174	pathogenic	p.(V175F)
P35372	V175G	0.9758	pathogenic	p.(V175G)
P35372	V175H	0.997	pathogenic	p.(V175H)
P35372	V175I	0.1341	benign	p.(V175I)
P35372	V175K	0.9921	pathogenic	p.(V175K)
P35372	V175L	0.8433	pathogenic	p.(V175L)
P35372	V175M	0.8509	pathogenic	p.(V175M)
P35372	V175N	0.9909	pathogenic	p.(V175N)
P35372	V175P	0.9917	pathogenic	p.(V175P)
P35372	V175Q	0.9889	pathogenic	p.(V175Q)
P35372	V175R	0.9836	pathogenic	p.(V175R)
P35372	V175S	0.9879	pathogenic	p.(V175S)
P35372	V175T	0.9609	pathogenic	p.(V175T)
P35372	V175W	0.9974	pathogenic	p.(V175W)
P35372	V175Y	0.9911	pathogenic	p.(V175Y)
P35372	K176A	0.7878	pathogenic	p.(K176A)
P35372	K176C	0.9288	pathogenic	p.(K176C)
P35372	K176D	0.9607	pathogenic	p.(K176D)
P35372	K176E	0.7351	pathogenic	p.(K176E)
P35372	K176F	0.9679	pathogenic	p.(K176F)
P35372	K176G	0.8942	pathogenic	p.(K176G)
P35372	K176H	0.6045	pathogenic	p.(K176H)
P35372	K176I	0.8525	pathogenic	p.(K176I)
P35372	K176L	0.7399	pathogenic	p.(K176L)
P35372	K176M	0.7224	pathogenic	p.(K176M)
P35372	K176N	0.9213	pathogenic	p.(K176N)
P35372	K176P	0.9857	pathogenic	p.(K176P)
P35372	K176Q	0.3523	ambiguous	p.(K176Q)
P35372	K176R	0.0898	benign	p.(K176R)
P35372	K176S	0.8655	pathogenic	p.(K176S)
P35372	K176T	0.6302	pathogenic	p.(K176T)
P35372	K176V	0.7375	pathogenic	p.(K176V)
P35372	K176W	0.9283	pathogenic	p.(K176W)
P35372	K176Y	0.9102	pathogenic	p.(K176Y)
P35372	A177C	0.9709	pathogenic	p.(A177C)
P35372	A177D	0.9968	pathogenic	p.(A177D)
P35372	A177E	0.995	pathogenic	p.(A177E)
P35372	A177F	0.9824	pathogenic	p.(A177F)
P35372	A177G	0.8754	pathogenic	p.(A177G)
P35372	A177H	0.9893	pathogenic	p.(A177H)
P35372	A177I	0.9951	pathogenic	p.(A177I)
P35372	A177K	0.9988	pathogenic	p.(A177K)
P35372	A177L	0.9609	pathogenic	p.(A177L)
P35372	A177M	0.9763	pathogenic	p.(A177M)
P35372	A177N	0.9891	pathogenic	p.(A177N)
P35372	A177P	0.9975	pathogenic	p.(A177P)
P35372	A177Q	0.985	pathogenic	p.(A177Q)
P35372	A177R	0.9933	pathogenic	p.(A177R)
P35372	A177S	0.4321	ambiguous	p.(A177S)
P35372	A177T	0.9559	pathogenic	p.(A177T)
P35372	A177V	0.9696	pathogenic	p.(A177V)
P35372	A177W	0.9981	pathogenic	p.(A177W)
P35372	A177Y	0.9876	pathogenic	p.(A177Y)
P35372	L178A	0.9368	pathogenic	p.(L178A)
P35372	L178C	0.9941	pathogenic	p.(L178C)
P35372	L178D	0.9985	pathogenic	p.(L178D)
P35372	L178E	0.9913	pathogenic	p.(L178E)
P35372	L178F	0.9659	pathogenic	p.(L178F)
P35372	L178G	0.9888	pathogenic	p.(L178G)
P35372	L178H	0.9933	pathogenic	p.(L178H)
P35372	L178I	0.7546	pathogenic	p.(L178I)
P35372	L178K	0.9782	pathogenic	p.(L178K)
P35372	L178M	0.5733	pathogenic	p.(L178M)
P35372	L178N	0.9879	pathogenic	p.(L178N)
P35372	L178P	0.9904	pathogenic	p.(L178P)
P35372	L178Q	0.9692	pathogenic	p.(L178Q)
P35372	L178R	0.9617	pathogenic	p.(L178R)
P35372	L178S	0.9866	pathogenic	p.(L178S)
P35372	L178T	0.9605	pathogenic	p.(L178T)
P35372	L178V	0.7842	pathogenic	p.(L178V)
P35372	L178W	0.9886	pathogenic	p.(L178W)
P35372	L178Y	0.9932	pathogenic	p.(L178Y)
P35372	D179A	0.5375	ambiguous	p.(D179A)
P35372	D179C	0.9416	pathogenic	p.(D179C)
P35372	D179E	0.4638	ambiguous	p.(D179E)
P35372	D179F	0.941	pathogenic	p.(D179F)
P35372	D179G	0.4455	ambiguous	p.(D179G)
P35372	D179H	0.6975	pathogenic	p.(D179H)
P35372	D179I	0.8844	pathogenic	p.(D179I)
P35372	D179K	0.8749	pathogenic	p.(D179K)
P35372	D179L	0.8317	pathogenic	p.(D179L)
P35372	D179M	0.9531	pathogenic	p.(D179M)
P35372	D179N	0.3662	ambiguous	p.(D179N)
P35372	D179P	0.943	pathogenic	p.(D179P)
P35372	D179Q	0.759	pathogenic	p.(D179Q)
P35372	D179R	0.8301	pathogenic	p.(D179R)
P35372	D179S	0.3885	ambiguous	p.(D179S)
P35372	D179T	0.6895	pathogenic	p.(D179T)
P35372	D179V	0.7092	pathogenic	p.(D179V)
P35372	D179W	0.9851	pathogenic	p.(D179W)
P35372	D179Y	0.7278	pathogenic	p.(D179Y)
P35372	F180A	0.9444	pathogenic	p.(F180A)
P35372	F180C	0.7844	pathogenic	p.(F180C)
P35372	F180D	0.996	pathogenic	p.(F180D)
P35372	F180E	0.9951	pathogenic	p.(F180E)
P35372	F180G	0.9874	pathogenic	p.(F180G)
P35372	F180H	0.9267	pathogenic	p.(F180H)
P35372	F180I	0.4458	ambiguous	p.(F180I)
P35372	F180K	0.9886	pathogenic	p.(F180K)
P35372	F180L	0.9351	pathogenic	p.(F180L)
P35372	F180M	0.7558	pathogenic	p.(F180M)
P35372	F180N	0.9798	pathogenic	p.(F180N)
P35372	F180P	0.9994	pathogenic	p.(F180P)
P35372	F180Q	0.9812	pathogenic	p.(F180Q)
P35372	F180R	0.9653	pathogenic	p.(F180R)
P35372	F180S	0.9503	pathogenic	p.(F180S)
P35372	F180T	0.9484	pathogenic	p.(F180T)
P35372	F180V	0.4619	ambiguous	p.(F180V)
P35372	F180W	0.6695	pathogenic	p.(F180W)
P35372	F180Y	0.343	ambiguous	p.(F180Y)
P35372	R181A	0.9994	pathogenic	p.(R181A)
P35372	R181C	0.9871	pathogenic	p.(R181C)
P35372	R181D	0.9998	pathogenic	p.(R181D)
P35372	R181E	0.9974	pathogenic	p.(R181E)
P35372	R181F	0.9997	pathogenic	p.(R181F)
P35372	R181G	0.9984	pathogenic	p.(R181G)
P35372	R181H	0.9904	pathogenic	p.(R181H)
P35372	R181I	0.9985	pathogenic	p.(R181I)
P35372	R181K	0.9857	pathogenic	p.(R181K)
P35372	R181L	0.9945	pathogenic	p.(R181L)
P35372	R181M	0.9996	pathogenic	p.(R181M)
P35372	R181N	0.9997	pathogenic	p.(R181N)
P35372	R181P	0.9992	pathogenic	p.(R181P)
P35372	R181Q	0.9848	pathogenic	p.(R181Q)
P35372	R181S	0.9994	pathogenic	p.(R181S)
P35372	R181T	0.9994	pathogenic	p.(R181T)
P35372	R181V	0.9984	pathogenic	p.(R181V)
P35372	R181W	0.9924	pathogenic	p.(R181W)
P35372	R181Y	0.9984	pathogenic	p.(R181Y)
P35372	T182A	0.7943	pathogenic	p.(T182A)
P35372	T182C	0.9458	pathogenic	p.(T182C)
P35372	T182D	0.9394	pathogenic	p.(T182D)
P35372	T182E	0.9033	pathogenic	p.(T182E)
P35372	T182F	0.9726	pathogenic	p.(T182F)
P35372	T182G	0.7651	pathogenic	p.(T182G)
P35372	T182H	0.7176	pathogenic	p.(T182H)
P35372	T182I	0.9559	pathogenic	p.(T182I)
P35372	T182K	0.6136	pathogenic	p.(T182K)
P35372	T182L	0.7757	pathogenic	p.(T182L)
P35372	T182M	0.687	pathogenic	p.(T182M)
P35372	T182N	0.543	ambiguous	p.(T182N)
P35372	T182P	0.9317	pathogenic	p.(T182P)
P35372	T182Q	0.6601	pathogenic	p.(T182Q)
P35372	T182R	0.6515	pathogenic	p.(T182R)
P35372	T182S	0.4771	ambiguous	p.(T182S)
P35372	T182V	0.8724	pathogenic	p.(T182V)
P35372	T182W	0.9888	pathogenic	p.(T182W)
P35372	T182Y	0.9487	pathogenic	p.(T182Y)
P35372	P183A	0.3664	ambiguous	p.(P183A)
P35372	P183C	0.9685	pathogenic	p.(P183C)
P35372	P183D	0.9817	pathogenic	p.(P183D)
P35372	P183E	0.912	pathogenic	p.(P183E)
P35372	P183F	0.9868	pathogenic	p.(P183F)
P35372	P183G	0.9019	pathogenic	p.(P183G)
P35372	P183H	0.8866	pathogenic	p.(P183H)
P35372	P183I	0.8951	pathogenic	p.(P183I)
P35372	P183K	0.9484	pathogenic	p.(P183K)
P35372	P183L	0.7558	pathogenic	p.(P183L)
P35372	P183M	0.9187	pathogenic	p.(P183M)
P35372	P183N	0.9423	pathogenic	p.(P183N)
P35372	P183Q	0.8009	pathogenic	p.(P183Q)
P35372	P183R	0.8626	pathogenic	p.(P183R)
P35372	P183S	0.6608	pathogenic	p.(P183S)
P35372	P183T	0.5983	pathogenic	p.(P183T)
P35372	P183V	0.7455	pathogenic	p.(P183V)
P35372	P183W	0.9909	pathogenic	p.(P183W)
P35372	P183Y	0.9766	pathogenic	p.(P183Y)
P35372	R184A	0.3003	benign	p.(R184A)
P35372	R184C	0.186	benign	p.(R184C)
P35372	R184D	0.6565	pathogenic	p.(R184D)
P35372	R184E	0.3885	ambiguous	p.(R184E)
P35372	R184F	0.4706	ambiguous	p.(R184F)
P35372	R184G	0.1986	benign	p.(R184G)
P35372	R184H	0.108	benign	p.(R184H)
P35372	R184I	0.2789	benign	p.(R184I)
P35372	R184K	0.0902	benign	p.(R184K)
P35372	R184L	0.2566	benign	p.(R184L)
P35372	R184M	0.2902	benign	p.(R184M)
P35372	R184N	0.4279	ambiguous	p.(R184N)
P35372	R184P	0.7382	pathogenic	p.(R184P)
P35372	R184Q	0.0941	benign	p.(R184Q)
P35372	R184S	0.3682	ambiguous	p.(R184S)
P35372	R184T	0.216	benign	p.(R184T)
P35372	R184V	0.2964	benign	p.(R184V)
P35372	R184W	0.2027	benign	p.(R184W)
P35372	R184Y	0.3223	benign	p.(R184Y)
P35372	N185A	0.424	ambiguous	p.(N185A)
P35372	N185C	0.3414	ambiguous	p.(N185C)
P35372	N185D	0.5948	pathogenic	p.(N185D)
P35372	N185E	0.7944	pathogenic	p.(N185E)
P35372	N185F	0.526	ambiguous	p.(N185F)
P35372	N185G	0.5571	ambiguous	p.(N185G)
P35372	N185H	0.1053	benign	p.(N185H)
P35372	N185I	0.2766	benign	p.(N185I)
P35372	N185K	0.3351	benign	p.(N185K)
P35372	N185L	0.3366	benign	p.(N185L)
P35372	N185M	0.3424	ambiguous	p.(N185M)
P35372	N185P	0.9716	pathogenic	p.(N185P)
P35372	N185Q	0.42	ambiguous	p.(N185Q)
P35372	N185R	0.3362	benign	p.(N185R)
P35372	N185S	0.1954	benign	p.(N185S)
P35372	N185T	0.2214	benign	p.(N185T)
P35372	N185V	0.2257	benign	p.(N185V)
P35372	N185W	0.69	pathogenic	p.(N185W)
P35372	N185Y	0.1184	benign	p.(N185Y)
P35372	A186C	0.985	pathogenic	p.(A186C)
P35372	A186D	0.9995	pathogenic	p.(A186D)
P35372	A186E	0.9986	pathogenic	p.(A186E)
P35372	A186F	0.9988	pathogenic	p.(A186F)
P35372	A186G	0.8119	pathogenic	p.(A186G)
P35372	A186H	0.9994	pathogenic	p.(A186H)
P35372	A186I	0.9963	pathogenic	p.(A186I)
P35372	A186K	0.9997	pathogenic	p.(A186K)
P35372	A186L	0.9863	pathogenic	p.(A186L)
P35372	A186M	0.9947	pathogenic	p.(A186M)
P35372	A186N	0.9984	pathogenic	p.(A186N)
P35372	A186P	0.9983	pathogenic	p.(A186P)
P35372	A186Q	0.9957	pathogenic	p.(A186Q)
P35372	A186R	0.9965	pathogenic	p.(A186R)
P35372	A186S	0.7089	pathogenic	p.(A186S)
P35372	A186T	0.9668	pathogenic	p.(A186T)
P35372	A186V	0.9818	pathogenic	p.(A186V)
P35372	A186W	0.9998	pathogenic	p.(A186W)
P35372	A186Y	0.9994	pathogenic	p.(A186Y)
P35372	K187A	0.8469	pathogenic	p.(K187A)
P35372	K187C	0.9116	pathogenic	p.(K187C)
P35372	K187D	0.9916	pathogenic	p.(K187D)
P35372	K187E	0.8431	pathogenic	p.(K187E)
P35372	K187F	0.9696	pathogenic	p.(K187F)
P35372	K187G	0.9013	pathogenic	p.(K187G)
P35372	K187H	0.8311	pathogenic	p.(K187H)
P35372	K187I	0.8053	pathogenic	p.(K187I)
P35372	K187L	0.8172	pathogenic	p.(K187L)
P35372	K187M	0.7106	pathogenic	p.(K187M)
P35372	K187N	0.9627	pathogenic	p.(K187N)
P35372	K187P	0.9936	pathogenic	p.(K187P)
P35372	K187Q	0.4525	ambiguous	p.(K187Q)
P35372	K187R	0.1421	benign	p.(K187R)
P35372	K187S	0.9215	pathogenic	p.(K187S)
P35372	K187T	0.6938	pathogenic	p.(K187T)
P35372	K187V	0.6717	pathogenic	p.(K187V)
P35372	K187W	0.9527	pathogenic	p.(K187W)
P35372	K187Y	0.9349	pathogenic	p.(K187Y)
P35372	I188A	0.244	benign	p.(I188A)
P35372	I188C	0.4143	ambiguous	p.(I188C)
P35372	I188D	0.9473	pathogenic	p.(I188D)
P35372	I188E	0.8767	pathogenic	p.(I188E)
P35372	I188F	0.0899	benign	p.(I188F)
P35372	I188G	0.4278	ambiguous	p.(I188G)
P35372	I188H	0.7039	pathogenic	p.(I188H)
P35372	I188K	0.5971	pathogenic	p.(I188K)
P35372	I188L	0.0682	benign	p.(I188L)
P35372	I188M	0.0917	benign	p.(I188M)
P35372	I188N	0.5938	pathogenic	p.(I188N)
P35372	I188P	0.9704	pathogenic	p.(I188P)
P35372	I188Q	0.6683	pathogenic	p.(I188Q)
P35372	I188R	0.4846	ambiguous	p.(I188R)
P35372	I188S	0.3995	ambiguous	p.(I188S)
P35372	I188T	0.2667	benign	p.(I188T)
P35372	I188V	0.0734	benign	p.(I188V)
P35372	I188W	0.4446	ambiguous	p.(I188W)
P35372	I188Y	0.3475	ambiguous	p.(I188Y)
P35372	I189A	0.5452	ambiguous	p.(I189A)
P35372	I189C	0.7177	pathogenic	p.(I189C)
P35372	I189D	0.993	pathogenic	p.(I189D)
P35372	I189E	0.9836	pathogenic	p.(I189E)
P35372	I189F	0.2575	benign	p.(I189F)
P35372	I189G	0.7933	pathogenic	p.(I189G)
P35372	I189H	0.9713	pathogenic	p.(I189H)
P35372	I189K	0.9828	pathogenic	p.(I189K)
P35372	I189L	0.2344	benign	p.(I189L)
P35372	I189M	0.2641	benign	p.(I189M)
P35372	I189N	0.9267	pathogenic	p.(I189N)
P35372	I189P	0.9908	pathogenic	p.(I189P)
P35372	I189Q	0.9589	pathogenic	p.(I189Q)
P35372	I189R	0.9638	pathogenic	p.(I189R)
P35372	I189S	0.7462	pathogenic	p.(I189S)
P35372	I189T	0.4631	ambiguous	p.(I189T)
P35372	I189V	0.0554	benign	p.(I189V)
P35372	I189W	0.9362	pathogenic	p.(I189W)
P35372	I189Y	0.8715	pathogenic	p.(I189Y)
P35372	N190A	0.7185	pathogenic	p.(N190A)
P35372	N190C	0.2489	benign	p.(N190C)
P35372	N190D	0.9623	pathogenic	p.(N190D)
P35372	N190E	0.9955	pathogenic	p.(N190E)
P35372	N190F	0.9899	pathogenic	p.(N190F)
P35372	N190G	0.8518	pathogenic	p.(N190G)
P35372	N190H	0.8939	pathogenic	p.(N190H)
P35372	N190I	0.7627	pathogenic	p.(N190I)
P35372	N190K	0.9985	pathogenic	p.(N190K)
P35372	N190L	0.7675	pathogenic	p.(N190L)
P35372	N190M	0.8689	pathogenic	p.(N190M)
P35372	N190P	0.9833	pathogenic	p.(N190P)
P35372	N190Q	0.9852	pathogenic	p.(N190Q)
P35372	N190R	0.9971	pathogenic	p.(N190R)
P35372	N190S	0.1573	benign	p.(N190S)
P35372	N190T	0.5378	ambiguous	p.(N190T)
P35372	N190V	0.6667	pathogenic	p.(N190V)
P35372	N190W	0.9974	pathogenic	p.(N190W)
P35372	N190Y	0.968	pathogenic	p.(N190Y)
P35372	V191A	0.2587	benign	p.(V191A)
P35372	V191C	0.4909	ambiguous	p.(V191C)
P35372	V191D	0.9803	pathogenic	p.(V191D)
P35372	V191E	0.9738	pathogenic	p.(V191E)
P35372	V191F	0.1675	benign	p.(V191F)
P35372	V191G	0.2664	benign	p.(V191G)
P35372	V191H	0.9666	pathogenic	p.(V191H)
P35372	V191I	0.066	benign	p.(V191I)
P35372	V191K	0.9827	pathogenic	p.(V191K)
P35372	V191L	0.1642	benign	p.(V191L)
P35372	V191M	0.1954	benign	p.(V191M)
P35372	V191N	0.8632	pathogenic	p.(V191N)
P35372	V191P	0.9844	pathogenic	p.(V191P)
P35372	V191Q	0.9513	pathogenic	p.(V191Q)
P35372	V191R	0.9675	pathogenic	p.(V191R)
P35372	V191S	0.4531	ambiguous	p.(V191S)
P35372	V191T	0.3112	benign	p.(V191T)
P35372	V191W	0.9168	pathogenic	p.(V191W)
P35372	V191Y	0.8115	pathogenic	p.(V191Y)
P35372	C192A	0.2159	benign	p.(C192A)
P35372	C192D	0.9929	pathogenic	p.(C192D)
P35372	C192E	0.9956	pathogenic	p.(C192E)
P35372	C192F	0.1361	benign	p.(C192F)
P35372	C192G	0.1278	benign	p.(C192G)
P35372	C192H	0.9817	pathogenic	p.(C192H)
P35372	C192I	0.3018	benign	p.(C192I)
P35372	C192K	0.9984	pathogenic	p.(C192K)
P35372	C192L	0.2045	benign	p.(C192L)
P35372	C192M	0.3543	ambiguous	p.(C192M)
P35372	C192N	0.9325	pathogenic	p.(C192N)
P35372	C192P	0.9954	pathogenic	p.(C192P)
P35372	C192Q	0.9844	pathogenic	p.(C192Q)
P35372	C192R	0.9923	pathogenic	p.(C192R)
P35372	C192S	0.2761	benign	p.(C192S)
P35372	C192T	0.3195	benign	p.(C192T)
P35372	C192V	0.2263	benign	p.(C192V)
P35372	C192W	0.8639	pathogenic	p.(C192W)
P35372	C192Y	0.8225	pathogenic	p.(C192Y)
P35372	N193A	0.4815	ambiguous	p.(N193A)
P35372	N193C	0.2155	benign	p.(N193C)
P35372	N193D	0.7295	pathogenic	p.(N193D)
P35372	N193E	0.9557	pathogenic	p.(N193E)
P35372	N193F	0.8945	pathogenic	p.(N193F)
P35372	N193G	0.7187	pathogenic	p.(N193G)
P35372	N193H	0.6327	pathogenic	p.(N193H)
P35372	N193I	0.1024	benign	p.(N193I)
P35372	N193K	0.9837	pathogenic	p.(N193K)
P35372	N193L	0.2512	benign	p.(N193L)
P35372	N193M	0.4103	ambiguous	p.(N193M)
P35372	N193P	0.9551	pathogenic	p.(N193P)
P35372	N193Q	0.8959	pathogenic	p.(N193Q)
P35372	N193R	0.9828	pathogenic	p.(N193R)
P35372	N193S	0.1465	benign	p.(N193S)
P35372	N193T	0.1931	benign	p.(N193T)
P35372	N193V	0.1364	benign	p.(N193V)
P35372	N193W	0.9835	pathogenic	p.(N193W)
P35372	N193Y	0.7739	pathogenic	p.(N193Y)
P35372	W194A	0.9978	pathogenic	p.(W194A)
P35372	W194C	0.9983	pathogenic	p.(W194C)
P35372	W194D	0.9999	pathogenic	p.(W194D)
P35372	W194E	0.9999	pathogenic	p.(W194E)
P35372	W194F	0.9006	pathogenic	p.(W194F)
P35372	W194G	0.9905	pathogenic	p.(W194G)
P35372	W194H	0.9987	pathogenic	p.(W194H)
P35372	W194I	0.9933	pathogenic	p.(W194I)
P35372	W194K	1	pathogenic	p.(W194K)
P35372	W194L	0.986	pathogenic	p.(W194L)
P35372	W194M	0.9971	pathogenic	p.(W194M)
P35372	W194N	0.9997	pathogenic	p.(W194N)
P35372	W194P	0.9999	pathogenic	p.(W194P)
P35372	W194Q	0.9999	pathogenic	p.(W194Q)
P35372	W194R	0.9999	pathogenic	p.(W194R)
P35372	W194S	0.9977	pathogenic	p.(W194S)
P35372	W194T	0.998	pathogenic	p.(W194T)
P35372	W194V	0.9923	pathogenic	p.(W194V)
P35372	W194Y	0.9718	pathogenic	p.(W194Y)
P35372	I195A	0.2689	benign	p.(I195A)
P35372	I195C	0.3607	ambiguous	p.(I195C)
P35372	I195D	0.9955	pathogenic	p.(I195D)
P35372	I195E	0.9914	pathogenic	p.(I195E)
P35372	I195F	0.1444	benign	p.(I195F)
P35372	I195G	0.4915	ambiguous	p.(I195G)
P35372	I195H	0.984	pathogenic	p.(I195H)
P35372	I195K	0.9946	pathogenic	p.(I195K)
P35372	I195L	0.0752	benign	p.(I195L)
P35372	I195M	0.0909	benign	p.(I195M)
P35372	I195N	0.9233	pathogenic	p.(I195N)
P35372	I195P	0.9921	pathogenic	p.(I195P)
P35372	I195Q	0.9784	pathogenic	p.(I195Q)
P35372	I195R	0.9919	pathogenic	p.(I195R)
P35372	I195S	0.4877	ambiguous	p.(I195S)
P35372	I195T	0.3625	ambiguous	p.(I195T)
P35372	I195V	0.0728	benign	p.(I195V)
P35372	I195W	0.9562	pathogenic	p.(I195W)
P35372	I195Y	0.9074	pathogenic	p.(I195Y)
P35372	L196A	0.3893	ambiguous	p.(L196A)
P35372	L196C	0.6037	pathogenic	p.(L196C)
P35372	L196D	0.9984	pathogenic	p.(L196D)
P35372	L196E	0.9952	pathogenic	p.(L196E)
P35372	L196F	0.2232	benign	p.(L196F)
P35372	L196G	0.7657	pathogenic	p.(L196G)
P35372	L196H	0.9895	pathogenic	p.(L196H)
P35372	L196I	0.1541	benign	p.(L196I)
P35372	L196K	0.9975	pathogenic	p.(L196K)
P35372	L196M	0.1938	benign	p.(L196M)
P35372	L196N	0.9863	pathogenic	p.(L196N)
P35372	L196P	0.9838	pathogenic	p.(L196P)
P35372	L196Q	0.9794	pathogenic	p.(L196Q)
P35372	L196R	0.9941	pathogenic	p.(L196R)
P35372	L196S	0.7834	pathogenic	p.(L196S)
P35372	L196T	0.5628	ambiguous	p.(L196T)
P35372	L196V	0.1491	benign	p.(L196V)
P35372	L196W	0.9273	pathogenic	p.(L196W)
P35372	L196Y	0.9537	pathogenic	p.(L196Y)
P35372	S197A	0.1451	benign	p.(S197A)
P35372	S197C	0.7734	pathogenic	p.(S197C)
P35372	S197D	0.9991	pathogenic	p.(S197D)
P35372	S197E	0.999	pathogenic	p.(S197E)
P35372	S197F	0.9975	pathogenic	p.(S197F)
P35372	S197G	0.6332	pathogenic	p.(S197G)
P35372	S197H	0.9983	pathogenic	p.(S197H)
P35372	S197I	0.9965	pathogenic	p.(S197I)
P35372	S197K	0.9999	pathogenic	p.(S197K)
P35372	S197L	0.9881	pathogenic	p.(S197L)
P35372	S197M	0.9908	pathogenic	p.(S197M)
P35372	S197N	0.9969	pathogenic	p.(S197N)
P35372	S197P	0.9838	pathogenic	p.(S197P)
P35372	S197Q	0.9971	pathogenic	p.(S197Q)
P35372	S197R	0.9997	pathogenic	p.(S197R)
P35372	S197T	0.9196	pathogenic	p.(S197T)
P35372	S197V	0.9867	pathogenic	p.(S197V)
P35372	S197W	0.9991	pathogenic	p.(S197W)
P35372	S197Y	0.9979	pathogenic	p.(S197Y)
P35372	S198A	0.3361	benign	p.(S198A)
P35372	S198C	0.5698	pathogenic	p.(S198C)
P35372	S198D	0.9986	pathogenic	p.(S198D)
P35372	S198E	0.9993	pathogenic	p.(S198E)
P35372	S198F	0.9574	pathogenic	p.(S198F)
P35372	S198G	0.5073	ambiguous	p.(S198G)
P35372	S198H	0.9933	pathogenic	p.(S198H)
P35372	S198I	0.9435	pathogenic	p.(S198I)
P35372	S198K	0.9999	pathogenic	p.(S198K)
P35372	S198L	0.8118	pathogenic	p.(S198L)
P35372	S198M	0.7948	pathogenic	p.(S198M)
P35372	S198N	0.984	pathogenic	p.(S198N)
P35372	S198P	0.9967	pathogenic	p.(S198P)
P35372	S198Q	0.998	pathogenic	p.(S198Q)
P35372	S198R	0.9999	pathogenic	p.(S198R)
P35372	S198T	0.1934	benign	p.(S198T)
P35372	S198V	0.8665	pathogenic	p.(S198V)
P35372	S198W	0.9886	pathogenic	p.(S198W)
P35372	S198Y	0.9925	pathogenic	p.(S198Y)
P35372	A199C	0.3698	ambiguous	p.(A199C)
P35372	A199D	0.9925	pathogenic	p.(A199D)
P35372	A199E	0.99	pathogenic	p.(A199E)
P35372	A199F	0.3877	ambiguous	p.(A199F)
P35372	A199G	0.2188	benign	p.(A199G)
P35372	A199H	0.9884	pathogenic	p.(A199H)
P35372	A199I	0.2195	benign	p.(A199I)
P35372	A199K	0.9975	pathogenic	p.(A199K)
P35372	A199L	0.1724	benign	p.(A199L)
P35372	A199M	0.1968	benign	p.(A199M)
P35372	A199N	0.9417	pathogenic	p.(A199N)
P35372	A199P	0.9857	pathogenic	p.(A199P)
P35372	A199Q	0.9781	pathogenic	p.(A199Q)
P35372	A199R	0.9954	pathogenic	p.(A199R)
P35372	A199S	0.2125	benign	p.(A199S)
P35372	A199T	0.1224	benign	p.(A199T)
P35372	A199V	0.1223	benign	p.(A199V)
P35372	A199W	0.967	pathogenic	p.(A199W)
P35372	A199Y	0.9387	pathogenic	p.(A199Y)
P35372	I200A	0.4879	ambiguous	p.(I200A)
P35372	I200C	0.9351	pathogenic	p.(I200C)
P35372	I200D	0.999	pathogenic	p.(I200D)
P35372	I200E	0.997	pathogenic	p.(I200E)
P35372	I200F	0.4926	ambiguous	p.(I200F)
P35372	I200G	0.9673	pathogenic	p.(I200G)
P35372	I200H	0.9983	pathogenic	p.(I200H)
P35372	I200K	0.9981	pathogenic	p.(I200K)
P35372	I200L	0.3301	benign	p.(I200L)
P35372	I200M	0.3258	benign	p.(I200M)
P35372	I200N	0.9914	pathogenic	p.(I200N)
P35372	I200P	0.98	pathogenic	p.(I200P)
P35372	I200Q	0.9957	pathogenic	p.(I200Q)
P35372	I200R	0.9962	pathogenic	p.(I200R)
P35372	I200S	0.8959	pathogenic	p.(I200S)
P35372	I200T	0.5227	ambiguous	p.(I200T)
P35372	I200V	0.07	benign	p.(I200V)
P35372	I200W	0.9893	pathogenic	p.(I200W)
P35372	I200Y	0.9873	pathogenic	p.(I200Y)
P35372	G201A	0.6311	pathogenic	p.(G201A)
P35372	G201C	0.9568	pathogenic	p.(G201C)
P35372	G201D	0.9988	pathogenic	p.(G201D)
P35372	G201E	0.9991	pathogenic	p.(G201E)
P35372	G201F	0.9963	pathogenic	p.(G201F)
P35372	G201H	0.9996	pathogenic	p.(G201H)
P35372	G201I	0.9859	pathogenic	p.(G201I)
P35372	G201K	0.9999	pathogenic	p.(G201K)
P35372	G201L	0.99	pathogenic	p.(G201L)
P35372	G201M	0.9926	pathogenic	p.(G201M)
P35372	G201N	0.9975	pathogenic	p.(G201N)
P35372	G201P	0.9984	pathogenic	p.(G201P)
P35372	G201Q	0.9987	pathogenic	p.(G201Q)
P35372	G201R	0.9993	pathogenic	p.(G201R)
P35372	G201S	0.8275	pathogenic	p.(G201S)
P35372	G201T	0.9668	pathogenic	p.(G201T)
P35372	G201V	0.9709	pathogenic	p.(G201V)
P35372	G201W	0.9988	pathogenic	p.(G201W)
P35372	G201Y	0.9989	pathogenic	p.(G201Y)
P35372	L202A	0.5537	ambiguous	p.(L202A)
P35372	L202C	0.7534	pathogenic	p.(L202C)
P35372	L202D	0.9986	pathogenic	p.(L202D)
P35372	L202E	0.9938	pathogenic	p.(L202E)
P35372	L202F	0.1939	benign	p.(L202F)
P35372	L202G	0.8386	pathogenic	p.(L202G)
P35372	L202H	0.9817	pathogenic	p.(L202H)
P35372	L202I	0.0962	benign	p.(L202I)
P35372	L202K	0.9957	pathogenic	p.(L202K)
P35372	L202M	0.1413	benign	p.(L202M)
P35372	L202N	0.9779	pathogenic	p.(L202N)
P35372	L202P	0.9899	pathogenic	p.(L202P)
P35372	L202Q	0.9681	pathogenic	p.(L202Q)
P35372	L202R	0.9922	pathogenic	p.(L202R)
P35372	L202S	0.781	pathogenic	p.(L202S)
P35372	L202T	0.5931	pathogenic	p.(L202T)
P35372	L202V	0.1171	benign	p.(L202V)
P35372	L202W	0.8355	pathogenic	p.(L202W)
P35372	L202Y	0.9048	pathogenic	p.(L202Y)
P35372	P203A	0.8971	pathogenic	p.(P203A)
P35372	P203C	0.9955	pathogenic	p.(P203C)
P35372	P203D	0.9987	pathogenic	p.(P203D)
P35372	P203E	0.9984	pathogenic	p.(P203E)
P35372	P203F	0.9959	pathogenic	p.(P203F)
P35372	P203G	0.9822	pathogenic	p.(P203G)
P35372	P203H	0.9931	pathogenic	p.(P203H)
P35372	P203I	0.989	pathogenic	p.(P203I)
P35372	P203K	0.9989	pathogenic	p.(P203K)
P35372	P203L	0.9556	pathogenic	p.(P203L)
P35372	P203M	0.9884	pathogenic	p.(P203M)
P35372	P203N	0.9972	pathogenic	p.(P203N)
P35372	P203Q	0.9931	pathogenic	p.(P203Q)
P35372	P203R	0.9968	pathogenic	p.(P203R)
P35372	P203S	0.9505	pathogenic	p.(P203S)
P35372	P203T	0.932	pathogenic	p.(P203T)
P35372	P203V	0.9681	pathogenic	p.(P203V)
P35372	P203W	0.9981	pathogenic	p.(P203W)
P35372	P203Y	0.9975	pathogenic	p.(P203Y)
P35372	V204A	0.8589	pathogenic	p.(V204A)
P35372	V204C	0.9806	pathogenic	p.(V204C)
P35372	V204D	0.9979	pathogenic	p.(V204D)
P35372	V204E	0.9932	pathogenic	p.(V204E)
P35372	V204F	0.9177	pathogenic	p.(V204F)
P35372	V204G	0.9509	pathogenic	p.(V204G)
P35372	V204H	0.9986	pathogenic	p.(V204H)
P35372	V204I	0.2178	benign	p.(V204I)
P35372	V204K	0.9975	pathogenic	p.(V204K)
P35372	V204L	0.8946	pathogenic	p.(V204L)
P35372	V204M	0.8284	pathogenic	p.(V204M)
P35372	V204N	0.9913	pathogenic	p.(V204N)
P35372	V204P	0.9822	pathogenic	p.(V204P)
P35372	V204Q	0.9901	pathogenic	p.(V204Q)
P35372	V204R	0.9942	pathogenic	p.(V204R)
P35372	V204S	0.956	pathogenic	p.(V204S)
P35372	V204T	0.9064	pathogenic	p.(V204T)
P35372	V204W	0.9992	pathogenic	p.(V204W)
P35372	V204Y	0.9946	pathogenic	p.(V204Y)
P35372	M205A	0.5643	pathogenic	p.(M205A)
P35372	M205C	0.899	pathogenic	p.(M205C)
P35372	M205D	0.9989	pathogenic	p.(M205D)
P35372	M205E	0.9934	pathogenic	p.(M205E)
P35372	M205F	0.4722	ambiguous	p.(M205F)
P35372	M205G	0.8754	pathogenic	p.(M205G)
P35372	M205H	0.9913	pathogenic	p.(M205H)
P35372	M205I	0.7432	pathogenic	p.(M205I)
P35372	M205K	0.9893	pathogenic	p.(M205K)
P35372	M205L	0.2553	benign	p.(M205L)
P35372	M205N	0.9815	pathogenic	p.(M205N)
P35372	M205P	0.9946	pathogenic	p.(M205P)
P35372	M205Q	0.9488	pathogenic	p.(M205Q)
P35372	M205R	0.9868	pathogenic	p.(M205R)
P35372	M205S	0.7815	pathogenic	p.(M205S)
P35372	M205T	0.5155	ambiguous	p.(M205T)
P35372	M205V	0.2835	benign	p.(M205V)
P35372	M205W	0.9617	pathogenic	p.(M205W)
P35372	M205Y	0.9479	pathogenic	p.(M205Y)
P35372	F206A	0.5514	ambiguous	p.(F206A)
P35372	F206C	0.4322	ambiguous	p.(F206C)
P35372	F206D	0.9869	pathogenic	p.(F206D)
P35372	F206E	0.9813	pathogenic	p.(F206E)
P35372	F206G	0.8155	pathogenic	p.(F206G)
P35372	F206H	0.926	pathogenic	p.(F206H)
P35372	F206I	0.1479	benign	p.(F206I)
P35372	F206K	0.9826	pathogenic	p.(F206K)
P35372	F206L	0.6494	pathogenic	p.(F206L)
P35372	F206M	0.4573	ambiguous	p.(F206M)
P35372	F206N	0.9394	pathogenic	p.(F206N)
P35372	F206P	0.9939	pathogenic	p.(F206P)
P35372	F206Q	0.9609	pathogenic	p.(F206Q)
P35372	F206R	0.9624	pathogenic	p.(F206R)
P35372	F206S	0.7228	pathogenic	p.(F206S)
P35372	F206T	0.6726	pathogenic	p.(F206T)
P35372	F206V	0.1335	benign	p.(F206V)
P35372	F206W	0.6675	pathogenic	p.(F206W)
P35372	F206Y	0.3519	ambiguous	p.(F206Y)
P35372	M207A	0.8071	pathogenic	p.(M207A)
P35372	M207C	0.9413	pathogenic	p.(M207C)
P35372	M207D	0.9932	pathogenic	p.(M207D)
P35372	M207E	0.9605	pathogenic	p.(M207E)
P35372	M207F	0.4503	ambiguous	p.(M207F)
P35372	M207G	0.9339	pathogenic	p.(M207G)
P35372	M207H	0.9158	pathogenic	p.(M207H)
P35372	M207I	0.9196	pathogenic	p.(M207I)
P35372	M207K	0.8356	pathogenic	p.(M207K)
P35372	M207L	0.1753	benign	p.(M207L)
P35372	M207N	0.9565	pathogenic	p.(M207N)
P35372	M207P	0.9946	pathogenic	p.(M207P)
P35372	M207Q	0.7352	pathogenic	p.(M207Q)
P35372	M207R	0.8433	pathogenic	p.(M207R)
P35372	M207S	0.8484	pathogenic	p.(M207S)
P35372	M207T	0.7811	pathogenic	p.(M207T)
P35372	M207V	0.5112	ambiguous	p.(M207V)
P35372	M207W	0.9066	pathogenic	p.(M207W)
P35372	M207Y	0.8684	pathogenic	p.(M207Y)
P35372	A208C	0.9837	pathogenic	p.(A208C)
P35372	A208D	0.9967	pathogenic	p.(A208D)
P35372	A208E	0.9948	pathogenic	p.(A208E)
P35372	A208F	0.9895	pathogenic	p.(A208F)
P35372	A208G	0.2701	benign	p.(A208G)
P35372	A208H	0.9966	pathogenic	p.(A208H)
P35372	A208I	0.9951	pathogenic	p.(A208I)
P35372	A208K	0.9988	pathogenic	p.(A208K)
P35372	A208L	0.9726	pathogenic	p.(A208L)
P35372	A208M	0.9854	pathogenic	p.(A208M)
P35372	A208N	0.9924	pathogenic	p.(A208N)
P35372	A208P	0.9968	pathogenic	p.(A208P)
P35372	A208Q	0.9896	pathogenic	p.(A208Q)
P35372	A208R	0.9948	pathogenic	p.(A208R)
P35372	A208S	0.5079	ambiguous	p.(A208S)
P35372	A208T	0.9452	pathogenic	p.(A208T)
P35372	A208V	0.973	pathogenic	p.(A208V)
P35372	A208W	0.9991	pathogenic	p.(A208W)
P35372	A208Y	0.9942	pathogenic	p.(A208Y)
P35372	T209A	0.122	benign	p.(T209A)
P35372	T209C	0.7766	pathogenic	p.(T209C)
P35372	T209D	0.3108	benign	p.(T209D)
P35372	T209E	0.2654	benign	p.(T209E)
P35372	T209F	0.6678	pathogenic	p.(T209F)
P35372	T209G	0.2217	benign	p.(T209G)
P35372	T209H	0.3174	benign	p.(T209H)
P35372	T209I	0.5219	ambiguous	p.(T209I)
P35372	T209K	0.2139	benign	p.(T209K)
P35372	T209L	0.411	ambiguous	p.(T209L)
P35372	T209M	0.2461	benign	p.(T209M)
P35372	T209N	0.1828	benign	p.(T209N)
P35372	T209P	0.8629	pathogenic	p.(T209P)
P35372	T209Q	0.196	benign	p.(T209Q)
P35372	T209R	0.2037	benign	p.(T209R)
P35372	T209S	0.0942	benign	p.(T209S)
P35372	T209V	0.304	benign	p.(T209V)
P35372	T209W	0.8705	pathogenic	p.(T209W)
P35372	T209Y	0.6277	pathogenic	p.(T209Y)
P35372	T210A	0.3268	benign	p.(T210A)
P35372	T210C	0.9313	pathogenic	p.(T210C)
P35372	T210D	0.9302	pathogenic	p.(T210D)
P35372	T210E	0.8199	pathogenic	p.(T210E)
P35372	T210F	0.9508	pathogenic	p.(T210F)
P35372	T210G	0.8044	pathogenic	p.(T210G)
P35372	T210H	0.9136	pathogenic	p.(T210H)
P35372	T210I	0.7048	pathogenic	p.(T210I)
P35372	T210K	0.821	pathogenic	p.(T210K)
P35372	T210L	0.553	ambiguous	p.(T210L)
P35372	T210M	0.5061	ambiguous	p.(T210M)
P35372	T210N	0.7811	pathogenic	p.(T210N)
P35372	T210P	0.6755	pathogenic	p.(T210P)
P35372	T210Q	0.7489	pathogenic	p.(T210Q)
P35372	T210R	0.782	pathogenic	p.(T210R)
P35372	T210S	0.5184	ambiguous	p.(T210S)
P35372	T210V	0.3972	ambiguous	p.(T210V)
P35372	T210W	0.9828	pathogenic	p.(T210W)
P35372	T210Y	0.9555	pathogenic	p.(T210Y)
P35372	K211A	0.4195	ambiguous	p.(K211A)
P35372	K211C	0.8768	pathogenic	p.(K211C)
P35372	K211D	0.5905	pathogenic	p.(K211D)
P35372	K211E	0.1718	benign	p.(K211E)
P35372	K211F	0.8577	pathogenic	p.(K211F)
P35372	K211G	0.6451	pathogenic	p.(K211G)
P35372	K211H	0.29	benign	p.(K211H)
P35372	K211I	0.4315	ambiguous	p.(K211I)
P35372	K211L	0.5086	ambiguous	p.(K211L)
P35372	K211M	0.4028	ambiguous	p.(K211M)
P35372	K211N	0.5247	ambiguous	p.(K211N)
P35372	K211P	0.9378	pathogenic	p.(K211P)
P35372	K211Q	0.1266	benign	p.(K211Q)
P35372	K211R	0.0781	benign	p.(K211R)
P35372	K211S	0.4415	ambiguous	p.(K211S)
P35372	K211T	0.1919	benign	p.(K211T)
P35372	K211V	0.3267	benign	p.(K211V)
P35372	K211W	0.8466	pathogenic	p.(K211W)
P35372	K211Y	0.7373	pathogenic	p.(K211Y)
P35372	Y212A	0.2813	benign	p.(Y212A)
P35372	Y212C	0.4553	ambiguous	p.(Y212C)
P35372	Y212D	0.1339	benign	p.(Y212D)
P35372	Y212E	0.2389	benign	p.(Y212E)
P35372	Y212F	0.092	benign	p.(Y212F)
P35372	Y212G	0.3171	benign	p.(Y212G)
P35372	Y212H	0.1348	benign	p.(Y212H)
P35372	Y212I	0.2751	benign	p.(Y212I)
P35372	Y212K	0.3227	benign	p.(Y212K)
P35372	Y212L	0.2962	benign	p.(Y212L)
P35372	Y212M	0.4017	ambiguous	p.(Y212M)
P35372	Y212N	0.1109	benign	p.(Y212N)
P35372	Y212P	0.2553	benign	p.(Y212P)
P35372	Y212Q	0.2267	benign	p.(Y212Q)
P35372	Y212R	0.2253	benign	p.(Y212R)
P35372	Y212S	0.1356	benign	p.(Y212S)
P35372	Y212T	0.2282	benign	p.(Y212T)
P35372	Y212V	0.1867	benign	p.(Y212V)
P35372	Y212W	0.3363	benign	p.(Y212W)
P35372	R213A	0.3022	benign	p.(R213A)
P35372	R213C	0.3531	ambiguous	p.(R213C)
P35372	R213D	0.3369	benign	p.(R213D)
P35372	R213E	0.1811	benign	p.(R213E)
P35372	R213F	0.4705	ambiguous	p.(R213F)
P35372	R213G	0.2047	benign	p.(R213G)
P35372	R213H	0.0779	benign	p.(R213H)
P35372	R213I	0.2079	benign	p.(R213I)
P35372	R213K	0.1053	benign	p.(R213K)
P35372	R213L	0.2051	benign	p.(R213L)
P35372	R213M	0.2803	benign	p.(R213M)
P35372	R213N	0.318	benign	p.(R213N)
P35372	R213P	0.5834	pathogenic	p.(R213P)
P35372	R213Q	0.0752	benign	p.(R213Q)
P35372	R213S	0.2385	benign	p.(R213S)
P35372	R213T	0.1581	benign	p.(R213T)
P35372	R213V	0.2412	benign	p.(R213V)
P35372	R213W	0.2131	benign	p.(R213W)
P35372	R213Y	0.3201	benign	p.(R213Y)
P35372	Q214A	0.1244	benign	p.(Q214A)
P35372	Q214C	0.4859	ambiguous	p.(Q214C)
P35372	Q214D	0.083	benign	p.(Q214D)
P35372	Q214E	0.0588	benign	p.(Q214E)
P35372	Q214F	0.3424	ambiguous	p.(Q214F)
P35372	Q214G	0.0993	benign	p.(Q214G)
P35372	Q214H	0.072	benign	p.(Q214H)
P35372	Q214I	0.3184	benign	p.(Q214I)
P35372	Q214K	0.0792	benign	p.(Q214K)
P35372	Q214L	0.1124	benign	p.(Q214L)
P35372	Q214M	0.258	benign	p.(Q214M)
P35372	Q214N	0.0724	benign	p.(Q214N)
P35372	Q214P	0.0748	benign	p.(Q214P)
P35372	Q214R	0.0728	benign	p.(Q214R)
P35372	Q214S	0.0928	benign	p.(Q214S)
P35372	Q214T	0.1375	benign	p.(Q214T)
P35372	Q214V	0.2117	benign	p.(Q214V)
P35372	Q214W	0.293	benign	p.(Q214W)
P35372	Q214Y	0.1702	benign	p.(Q214Y)
P35372	G215A	0.3934	ambiguous	p.(G215A)
P35372	G215C	0.8295	pathogenic	p.(G215C)
P35372	G215D	0.2006	benign	p.(G215D)
P35372	G215E	0.345	ambiguous	p.(G215E)
P35372	G215F	0.8491	pathogenic	p.(G215F)
P35372	G215H	0.5783	pathogenic	p.(G215H)
P35372	G215I	0.7665	pathogenic	p.(G215I)
P35372	G215K	0.7002	pathogenic	p.(G215K)
P35372	G215L	0.8036	pathogenic	p.(G215L)
P35372	G215M	0.8005	pathogenic	p.(G215M)
P35372	G215N	0.2729	benign	p.(G215N)
P35372	G215P	0.8926	pathogenic	p.(G215P)
P35372	G215Q	0.5281	ambiguous	p.(G215Q)
P35372	G215R	0.6051	pathogenic	p.(G215R)
P35372	G215S	0.1967	benign	p.(G215S)
P35372	G215T	0.4337	ambiguous	p.(G215T)
P35372	G215V	0.6532	pathogenic	p.(G215V)
P35372	G215W	0.7622	pathogenic	p.(G215W)
P35372	G215Y	0.6825	pathogenic	p.(G215Y)
P35372	S216A	0.1047	benign	p.(S216A)
P35372	S216C	0.3588	ambiguous	p.(S216C)
P35372	S216D	0.3439	ambiguous	p.(S216D)
P35372	S216E	0.3665	ambiguous	p.(S216E)
P35372	S216F	0.2579	benign	p.(S216F)
P35372	S216G	0.1241	benign	p.(S216G)
P35372	S216H	0.2746	benign	p.(S216H)
P35372	S216I	0.1638	benign	p.(S216I)
P35372	S216K	0.4937	ambiguous	p.(S216K)
P35372	S216L	0.1613	benign	p.(S216L)
P35372	S216M	0.2107	benign	p.(S216M)
P35372	S216N	0.1371	benign	p.(S216N)
P35372	S216P	0.7189	pathogenic	p.(S216P)
P35372	S216Q	0.3319	benign	p.(S216Q)
P35372	S216R	0.3904	ambiguous	p.(S216R)
P35372	S216T	0.0884	benign	p.(S216T)
P35372	S216V	0.1628	benign	p.(S216V)
P35372	S216W	0.4371	ambiguous	p.(S216W)
P35372	S216Y	0.2212	benign	p.(S216Y)
P35372	I217A	0.3317	benign	p.(I217A)
P35372	I217C	0.9214	pathogenic	p.(I217C)
P35372	I217D	0.8214	pathogenic	p.(I217D)
P35372	I217E	0.5843	pathogenic	p.(I217E)
P35372	I217F	0.2153	benign	p.(I217F)
P35372	I217G	0.7985	pathogenic	p.(I217G)
P35372	I217H	0.6984	pathogenic	p.(I217H)
P35372	I217K	0.5047	ambiguous	p.(I217K)
P35372	I217L	0.1421	benign	p.(I217L)
P35372	I217M	0.1075	benign	p.(I217M)
P35372	I217N	0.5403	ambiguous	p.(I217N)
P35372	I217P	0.7519	pathogenic	p.(I217P)
P35372	I217Q	0.5736	pathogenic	p.(I217Q)
P35372	I217R	0.4187	ambiguous	p.(I217R)
P35372	I217S	0.4025	ambiguous	p.(I217S)
P35372	I217T	0.1123	benign	p.(I217T)
P35372	I217V	0.064	benign	p.(I217V)
P35372	I217W	0.7388	pathogenic	p.(I217W)
P35372	I217Y	0.6067	pathogenic	p.(I217Y)
P35372	D218A	0.6574	pathogenic	p.(D218A)
P35372	D218C	0.979	pathogenic	p.(D218C)
P35372	D218E	0.5346	ambiguous	p.(D218E)
P35372	D218F	0.899	pathogenic	p.(D218F)
P35372	D218G	0.7725	pathogenic	p.(D218G)
P35372	D218H	0.7584	pathogenic	p.(D218H)
P35372	D218I	0.8328	pathogenic	p.(D218I)
P35372	D218K	0.91	pathogenic	p.(D218K)
P35372	D218L	0.8181	pathogenic	p.(D218L)
P35372	D218M	0.9467	pathogenic	p.(D218M)
P35372	D218N	0.4285	ambiguous	p.(D218N)
P35372	D218P	0.9841	pathogenic	p.(D218P)
P35372	D218Q	0.7903	pathogenic	p.(D218Q)
P35372	D218R	0.8624	pathogenic	p.(D218R)
P35372	D218S	0.4589	ambiguous	p.(D218S)
P35372	D218T	0.7332	pathogenic	p.(D218T)
P35372	D218V	0.6837	pathogenic	p.(D218V)
P35372	D218W	0.9864	pathogenic	p.(D218W)
P35372	D218Y	0.7184	pathogenic	p.(D218Y)
P35372	C219A	0.9993	pathogenic	p.(C219A)
P35372	C219D	0.9998	pathogenic	p.(C219D)
P35372	C219E	0.9999	pathogenic	p.(C219E)
P35372	C219F	0.9985	pathogenic	p.(C219F)
P35372	C219G	0.9967	pathogenic	p.(C219G)
P35372	C219H	0.9999	pathogenic	p.(C219H)
P35372	C219I	0.9992	pathogenic	p.(C219I)
P35372	C219K	1	pathogenic	p.(C219K)
P35372	C219L	0.9982	pathogenic	p.(C219L)
P35372	C219M	0.9993	pathogenic	p.(C219M)
P35372	C219N	0.9997	pathogenic	p.(C219N)
P35372	C219P	0.9997	pathogenic	p.(C219P)
P35372	C219Q	0.9999	pathogenic	p.(C219Q)
P35372	C219R	0.9995	pathogenic	p.(C219R)
P35372	C219S	0.9996	pathogenic	p.(C219S)
P35372	C219T	0.9995	pathogenic	p.(C219T)
P35372	C219V	0.9985	pathogenic	p.(C219V)
P35372	C219W	0.9995	pathogenic	p.(C219W)
P35372	C219Y	0.9994	pathogenic	p.(C219Y)
P35372	T220A	0.1492	benign	p.(T220A)
P35372	T220C	0.7641	pathogenic	p.(T220C)
P35372	T220D	0.6034	pathogenic	p.(T220D)
P35372	T220E	0.4586	ambiguous	p.(T220E)
P35372	T220F	0.5402	ambiguous	p.(T220F)
P35372	T220G	0.3836	ambiguous	p.(T220G)
P35372	T220H	0.4077	ambiguous	p.(T220H)
P35372	T220I	0.3976	ambiguous	p.(T220I)
P35372	T220K	0.3724	ambiguous	p.(T220K)
P35372	T220L	0.2446	benign	p.(T220L)
P35372	T220M	0.1637	benign	p.(T220M)
P35372	T220N	0.2646	benign	p.(T220N)
P35372	T220P	0.845	pathogenic	p.(T220P)
P35372	T220Q	0.3059	benign	p.(T220Q)
P35372	T220R	0.3423	ambiguous	p.(T220R)
P35372	T220S	0.1531	benign	p.(T220S)
P35372	T220V	0.2604	benign	p.(T220V)
P35372	T220W	0.8685	pathogenic	p.(T220W)
P35372	T220Y	0.5768	pathogenic	p.(T220Y)
P35372	L221A	0.9775	pathogenic	p.(L221A)
P35372	L221C	0.9951	pathogenic	p.(L221C)
P35372	L221D	0.9987	pathogenic	p.(L221D)
P35372	L221E	0.9914	pathogenic	p.(L221E)
P35372	L221F	0.9029	pathogenic	p.(L221F)
P35372	L221G	0.9952	pathogenic	p.(L221G)
P35372	L221H	0.9936	pathogenic	p.(L221H)
P35372	L221I	0.4658	ambiguous	p.(L221I)
P35372	L221K	0.9881	pathogenic	p.(L221K)
P35372	L221M	0.5212	ambiguous	p.(L221M)
P35372	L221N	0.9927	pathogenic	p.(L221N)
P35372	L221P	0.9895	pathogenic	p.(L221P)
P35372	L221Q	0.9792	pathogenic	p.(L221Q)
P35372	L221R	0.9781	pathogenic	p.(L221R)
P35372	L221S	0.9958	pathogenic	p.(L221S)
P35372	L221T	0.9768	pathogenic	p.(L221T)
P35372	L221V	0.534	ambiguous	p.(L221V)
P35372	L221W	0.9839	pathogenic	p.(L221W)
P35372	L221Y	0.9822	pathogenic	p.(L221Y)
P35372	T222A	0.097	benign	p.(T222A)
P35372	T222C	0.6254	pathogenic	p.(T222C)
P35372	T222D	0.2578	benign	p.(T222D)
P35372	T222E	0.1851	benign	p.(T222E)
P35372	T222F	0.3279	benign	p.(T222F)
P35372	T222G	0.3176	benign	p.(T222G)
P35372	T222H	0.1627	benign	p.(T222H)
P35372	T222I	0.1591	benign	p.(T222I)
P35372	T222K	0.1371	benign	p.(T222K)
P35372	T222L	0.1344	benign	p.(T222L)
P35372	T222M	0.1227	benign	p.(T222M)
P35372	T222N	0.1238	benign	p.(T222N)
P35372	T222P	0.5235	ambiguous	p.(T222P)
P35372	T222Q	0.1344	benign	p.(T222Q)
P35372	T222R	0.1312	benign	p.(T222R)
P35372	T222S	0.0996	benign	p.(T222S)
P35372	T222V	0.1272	benign	p.(T222V)
P35372	T222W	0.6265	pathogenic	p.(T222W)
P35372	T222Y	0.3043	benign	p.(T222Y)
P35372	F223A	0.9905	pathogenic	p.(F223A)
P35372	F223C	0.9949	pathogenic	p.(F223C)
P35372	F223D	0.9961	pathogenic	p.(F223D)
P35372	F223E	0.9969	pathogenic	p.(F223E)
P35372	F223G	0.9932	pathogenic	p.(F223G)
P35372	F223H	0.985	pathogenic	p.(F223H)
P35372	F223I	0.9475	pathogenic	p.(F223I)
P35372	F223K	0.998	pathogenic	p.(F223K)
P35372	F223L	0.9949	pathogenic	p.(F223L)
P35372	F223M	0.9666	pathogenic	p.(F223M)
P35372	F223N	0.9912	pathogenic	p.(F223N)
P35372	F223P	0.9973	pathogenic	p.(F223P)
P35372	F223Q	0.9947	pathogenic	p.(F223Q)
P35372	F223R	0.9934	pathogenic	p.(F223R)
P35372	F223S	0.9873	pathogenic	p.(F223S)
P35372	F223T	0.9914	pathogenic	p.(F223T)
P35372	F223V	0.9456	pathogenic	p.(F223V)
P35372	F223W	0.8671	pathogenic	p.(F223W)
P35372	F223Y	0.7011	pathogenic	p.(F223Y)
P35372	S224A	0.1105	benign	p.(S224A)
P35372	S224C	0.4772	ambiguous	p.(S224C)
P35372	S224D	0.4133	ambiguous	p.(S224D)
P35372	S224E	0.5102	ambiguous	p.(S224E)
P35372	S224F	0.5001	ambiguous	p.(S224F)
P35372	S224G	0.1618	benign	p.(S224G)
P35372	S224H	0.386	ambiguous	p.(S224H)
P35372	S224I	0.4365	ambiguous	p.(S224I)
P35372	S224K	0.7008	pathogenic	p.(S224K)
P35372	S224L	0.2455	benign	p.(S224L)
P35372	S224M	0.4207	ambiguous	p.(S224M)
P35372	S224N	0.2597	benign	p.(S224N)
P35372	S224P	0.0888	benign	p.(S224P)
P35372	S224Q	0.455	ambiguous	p.(S224Q)
P35372	S224R	0.6008	pathogenic	p.(S224R)
P35372	S224T	0.1201	benign	p.(S224T)
P35372	S224V	0.373	ambiguous	p.(S224V)
P35372	S224W	0.5452	ambiguous	p.(S224W)
P35372	S224Y	0.3824	ambiguous	p.(S224Y)
P35372	H225A	0.3215	benign	p.(H225A)
P35372	H225C	0.6343	pathogenic	p.(H225C)
P35372	H225D	0.1682	benign	p.(H225D)
P35372	H225E	0.2078	benign	p.(H225E)
P35372	H225F	0.4565	ambiguous	p.(H225F)
P35372	H225G	0.4264	ambiguous	p.(H225G)
P35372	H225I	0.5367	ambiguous	p.(H225I)
P35372	H225K	0.2292	benign	p.(H225K)
P35372	H225L	0.2472	benign	p.(H225L)
P35372	H225M	0.592	pathogenic	p.(H225M)
P35372	H225N	0.1322	benign	p.(H225N)
P35372	H225P	0.1307	benign	p.(H225P)
P35372	H225Q	0.1893	benign	p.(H225Q)
P35372	H225R	0.1473	benign	p.(H225R)
P35372	H225S	0.1853	benign	p.(H225S)
P35372	H225T	0.3126	benign	p.(H225T)
P35372	H225V	0.4258	ambiguous	p.(H225V)
P35372	H225W	0.5419	ambiguous	p.(H225W)
P35372	H225Y	0.153	benign	p.(H225Y)
P35372	P226A	0.8966	pathogenic	p.(P226A)
P35372	P226C	0.9973	pathogenic	p.(P226C)
P35372	P226D	0.9628	pathogenic	p.(P226D)
P35372	P226E	0.9349	pathogenic	p.(P226E)
P35372	P226F	0.997	pathogenic	p.(P226F)
P35372	P226G	0.9638	pathogenic	p.(P226G)
P35372	P226H	0.9602	pathogenic	p.(P226H)
P35372	P226I	0.9828	pathogenic	p.(P226I)
P35372	P226K	0.9564	pathogenic	p.(P226K)
P35372	P226L	0.9606	pathogenic	p.(P226L)
P35372	P226M	0.986	pathogenic	p.(P226M)
P35372	P226N	0.9683	pathogenic	p.(P226N)
P35372	P226Q	0.9336	pathogenic	p.(P226Q)
P35372	P226R	0.9252	pathogenic	p.(P226R)
P35372	P226S	0.9468	pathogenic	p.(P226S)
P35372	P226T	0.9047	pathogenic	p.(P226T)
P35372	P226V	0.9587	pathogenic	p.(P226V)
P35372	P226W	0.9971	pathogenic	p.(P226W)
P35372	P226Y	0.992	pathogenic	p.(P226Y)
P35372	T227A	0.0541	benign	p.(T227A)
P35372	T227C	0.5895	pathogenic	p.(T227C)
P35372	T227D	0.1475	benign	p.(T227D)
P35372	T227E	0.1423	benign	p.(T227E)
P35372	T227F	0.285	benign	p.(T227F)
P35372	T227G	0.1308	benign	p.(T227G)
P35372	T227H	0.1822	benign	p.(T227H)
P35372	T227I	0.1873	benign	p.(T227I)
P35372	T227K	0.1466	benign	p.(T227K)
P35372	T227L	0.1112	benign	p.(T227L)
P35372	T227M	0.1244	benign	p.(T227M)
P35372	T227N	0.0941	benign	p.(T227N)
P35372	T227P	0.0722	benign	p.(T227P)
P35372	T227Q	0.1335	benign	p.(T227Q)
P35372	T227R	0.1421	benign	p.(T227R)
P35372	T227S	0.0618	benign	p.(T227S)
P35372	T227V	0.1215	benign	p.(T227V)
P35372	T227W	0.5438	ambiguous	p.(T227W)
P35372	T227Y	0.2725	benign	p.(T227Y)
P35372	W228A	0.5704	pathogenic	p.(W228A)
P35372	W228C	0.975	pathogenic	p.(W228C)
P35372	W228D	0.7501	pathogenic	p.(W228D)
P35372	W228E	0.8049	pathogenic	p.(W228E)
P35372	W228F	0.4109	ambiguous	p.(W228F)
P35372	W228G	0.5234	ambiguous	p.(W228G)
P35372	W228H	0.806	pathogenic	p.(W228H)
P35372	W228I	0.6771	pathogenic	p.(W228I)
P35372	W228K	0.9208	pathogenic	p.(W228K)
P35372	W228L	0.6286	pathogenic	p.(W228L)
P35372	W228M	0.741	pathogenic	p.(W228M)
P35372	W228N	0.8037	pathogenic	p.(W228N)
P35372	W228P	0.8188	pathogenic	p.(W228P)
P35372	W228Q	0.8618	pathogenic	p.(W228Q)
P35372	W228R	0.8777	pathogenic	p.(W228R)
P35372	W228S	0.4556	ambiguous	p.(W228S)
P35372	W228T	0.575	pathogenic	p.(W228T)
P35372	W228V	0.6496	pathogenic	p.(W228V)
P35372	W228Y	0.6182	pathogenic	p.(W228Y)
P35372	Y229A	0.8656	pathogenic	p.(Y229A)
P35372	Y229C	0.8652	pathogenic	p.(Y229C)
P35372	Y229D	0.9242	pathogenic	p.(Y229D)
P35372	Y229E	0.9563	pathogenic	p.(Y229E)
P35372	Y229F	0.1833	benign	p.(Y229F)
P35372	Y229G	0.8447	pathogenic	p.(Y229G)
P35372	Y229H	0.7921	pathogenic	p.(Y229H)
P35372	Y229I	0.7636	pathogenic	p.(Y229I)
P35372	Y229K	0.9469	pathogenic	p.(Y229K)
P35372	Y229L	0.6368	pathogenic	p.(Y229L)
P35372	Y229M	0.8241	pathogenic	p.(Y229M)
P35372	Y229N	0.7902	pathogenic	p.(Y229N)
P35372	Y229P	0.9539	pathogenic	p.(Y229P)
P35372	Y229Q	0.924	pathogenic	p.(Y229Q)
P35372	Y229R	0.9153	pathogenic	p.(Y229R)
P35372	Y229S	0.7859	pathogenic	p.(Y229S)
P35372	Y229T	0.913	pathogenic	p.(Y229T)
P35372	Y229V	0.6763	pathogenic	p.(Y229V)
P35372	Y229W	0.6188	pathogenic	p.(Y229W)
P35372	W230A	0.9427	pathogenic	p.(W230A)
P35372	W230C	0.9947	pathogenic	p.(W230C)
P35372	W230D	0.994	pathogenic	p.(W230D)
P35372	W230E	0.9896	pathogenic	p.(W230E)
P35372	W230F	0.6752	pathogenic	p.(W230F)
P35372	W230G	0.8004	pathogenic	p.(W230G)
P35372	W230H	0.9757	pathogenic	p.(W230H)
P35372	W230I	0.9814	pathogenic	p.(W230I)
P35372	W230K	0.9949	pathogenic	p.(W230K)
P35372	W230L	0.8697	pathogenic	p.(W230L)
P35372	W230M	0.9591	pathogenic	p.(W230M)
P35372	W230N	0.9912	pathogenic	p.(W230N)
P35372	W230P	0.9965	pathogenic	p.(W230P)
P35372	W230Q	0.9868	pathogenic	p.(W230Q)
P35372	W230R	0.9864	pathogenic	p.(W230R)
P35372	W230S	0.8918	pathogenic	p.(W230S)
P35372	W230T	0.9565	pathogenic	p.(W230T)
P35372	W230V	0.9594	pathogenic	p.(W230V)
P35372	W230Y	0.8136	pathogenic	p.(W230Y)
P35372	E231A	0.7596	pathogenic	p.(E231A)
P35372	E231C	0.9927	pathogenic	p.(E231C)
P35372	E231D	0.2143	benign	p.(E231D)
P35372	E231F	0.9875	pathogenic	p.(E231F)
P35372	E231G	0.6138	pathogenic	p.(E231G)
P35372	E231H	0.9204	pathogenic	p.(E231H)
P35372	E231I	0.9593	pathogenic	p.(E231I)
P35372	E231K	0.8305	pathogenic	p.(E231K)
P35372	E231L	0.9438	pathogenic	p.(E231L)
P35372	E231M	0.9576	pathogenic	p.(E231M)
P35372	E231N	0.642	pathogenic	p.(E231N)
P35372	E231P	0.9853	pathogenic	p.(E231P)
P35372	E231Q	0.555	ambiguous	p.(E231Q)
P35372	E231R	0.8713	pathogenic	p.(E231R)
P35372	E231S	0.6841	pathogenic	p.(E231S)
P35372	E231T	0.8635	pathogenic	p.(E231T)
P35372	E231V	0.892	pathogenic	p.(E231V)
P35372	E231W	0.9904	pathogenic	p.(E231W)
P35372	E231Y	0.9593	pathogenic	p.(E231Y)
P35372	N232A	0.5939	pathogenic	p.(N232A)
P35372	N232C	0.8364	pathogenic	p.(N232C)
P35372	N232D	0.4269	ambiguous	p.(N232D)
P35372	N232E	0.7571	pathogenic	p.(N232E)
P35372	N232F	0.8517	pathogenic	p.(N232F)
P35372	N232G	0.6827	pathogenic	p.(N232G)
P35372	N232H	0.3447	ambiguous	p.(N232H)
P35372	N232I	0.4601	ambiguous	p.(N232I)
P35372	N232K	0.7473	pathogenic	p.(N232K)
P35372	N232L	0.566	pathogenic	p.(N232L)
P35372	N232M	0.5701	pathogenic	p.(N232M)
P35372	N232P	0.8927	pathogenic	p.(N232P)
P35372	N232Q	0.7004	pathogenic	p.(N232Q)
P35372	N232R	0.8021	pathogenic	p.(N232R)
P35372	N232S	0.2449	benign	p.(N232S)
P35372	N232T	0.2186	benign	p.(N232T)
P35372	N232V	0.4468	ambiguous	p.(N232V)
P35372	N232W	0.9375	pathogenic	p.(N232W)
P35372	N232Y	0.3881	ambiguous	p.(N232Y)
P35372	L233A	0.5312	ambiguous	p.(L233A)
P35372	L233C	0.8263	pathogenic	p.(L233C)
P35372	L233D	0.9927	pathogenic	p.(L233D)
P35372	L233E	0.9608	pathogenic	p.(L233E)
P35372	L233F	0.3309	benign	p.(L233F)
P35372	L233G	0.8595	pathogenic	p.(L233G)
P35372	L233H	0.9227	pathogenic	p.(L233H)
P35372	L233I	0.2168	benign	p.(L233I)
P35372	L233K	0.9472	pathogenic	p.(L233K)
P35372	L233M	0.1844	benign	p.(L233M)
P35372	L233N	0.944	pathogenic	p.(L233N)
P35372	L233P	0.98	pathogenic	p.(L233P)
P35372	L233Q	0.8312	pathogenic	p.(L233Q)
P35372	L233R	0.9118	pathogenic	p.(L233R)
P35372	L233S	0.7866	pathogenic	p.(L233S)
P35372	L233T	0.4826	ambiguous	p.(L233T)
P35372	L233V	0.1686	benign	p.(L233V)
P35372	L233W	0.854	pathogenic	p.(L233W)
P35372	L233Y	0.8765	pathogenic	p.(L233Y)
P35372	L234A	0.9165	pathogenic	p.(L234A)
P35372	L234C	0.9606	pathogenic	p.(L234C)
P35372	L234D	0.9962	pathogenic	p.(L234D)
P35372	L234E	0.9691	pathogenic	p.(L234E)
P35372	L234F	0.704	pathogenic	p.(L234F)
P35372	L234G	0.9641	pathogenic	p.(L234G)
P35372	L234H	0.957	pathogenic	p.(L234H)
P35372	L234I	0.6068	pathogenic	p.(L234I)
P35372	L234K	0.9696	pathogenic	p.(L234K)
P35372	L234M	0.3035	benign	p.(L234M)
P35372	L234N	0.9612	pathogenic	p.(L234N)
P35372	L234P	0.9941	pathogenic	p.(L234P)
P35372	L234Q	0.8673	pathogenic	p.(L234Q)
P35372	L234R	0.9474	pathogenic	p.(L234R)
P35372	L234S	0.9556	pathogenic	p.(L234S)
P35372	L234T	0.7938	pathogenic	p.(L234T)
P35372	L234V	0.598	pathogenic	p.(L234V)
P35372	L234W	0.9266	pathogenic	p.(L234W)
P35372	L234Y	0.9579	pathogenic	p.(L234Y)
P35372	K235A	0.9746	pathogenic	p.(K235A)
P35372	K235C	0.9808	pathogenic	p.(K235C)
P35372	K235D	0.9826	pathogenic	p.(K235D)
P35372	K235E	0.9574	pathogenic	p.(K235E)
P35372	K235F	0.9946	pathogenic	p.(K235F)
P35372	K235G	0.9746	pathogenic	p.(K235G)
P35372	K235H	0.8602	pathogenic	p.(K235H)
P35372	K235I	0.9711	pathogenic	p.(K235I)
P35372	K235L	0.9505	pathogenic	p.(K235L)
P35372	K235M	0.9313	pathogenic	p.(K235M)
P35372	K235N	0.9743	pathogenic	p.(K235N)
P35372	K235P	0.9883	pathogenic	p.(K235P)
P35372	K235Q	0.7781	pathogenic	p.(K235Q)
P35372	K235R	0.2426	benign	p.(K235R)
P35372	K235S	0.9781	pathogenic	p.(K235S)
P35372	K235T	0.9228	pathogenic	p.(K235T)
P35372	K235V	0.9541	pathogenic	p.(K235V)
P35372	K235W	0.989	pathogenic	p.(K235W)
P35372	K235Y	0.9714	pathogenic	p.(K235Y)
P35372	I236A	0.8909	pathogenic	p.(I236A)
P35372	I236C	0.9527	pathogenic	p.(I236C)
P35372	I236D	0.9947	pathogenic	p.(I236D)
P35372	I236E	0.9919	pathogenic	p.(I236E)
P35372	I236F	0.5631	ambiguous	p.(I236F)
P35372	I236G	0.9478	pathogenic	p.(I236G)
P35372	I236H	0.99	pathogenic	p.(I236H)
P35372	I236K	0.9897	pathogenic	p.(I236K)
P35372	I236L	0.2728	benign	p.(I236L)
P35372	I236M	0.3861	ambiguous	p.(I236M)
P35372	I236N	0.9218	pathogenic	p.(I236N)
P35372	I236P	0.9939	pathogenic	p.(I236P)
P35372	I236Q	0.9879	pathogenic	p.(I236Q)
P35372	I236R	0.9861	pathogenic	p.(I236R)
P35372	I236S	0.8887	pathogenic	p.(I236S)
P35372	I236T	0.8241	pathogenic	p.(I236T)
P35372	I236V	0.1721	benign	p.(I236V)
P35372	I236W	0.9829	pathogenic	p.(I236W)
P35372	I236Y	0.934	pathogenic	p.(I236Y)
P35372	C237A	0.632	pathogenic	p.(C237A)
P35372	C237D	0.9931	pathogenic	p.(C237D)
P35372	C237E	0.9975	pathogenic	p.(C237E)
P35372	C237F	0.5775	pathogenic	p.(C237F)
P35372	C237G	0.4396	ambiguous	p.(C237G)
P35372	C237H	0.9911	pathogenic	p.(C237H)
P35372	C237I	0.8517	pathogenic	p.(C237I)
P35372	C237K	0.9995	pathogenic	p.(C237K)
P35372	C237L	0.6353	pathogenic	p.(C237L)
P35372	C237M	0.7525	pathogenic	p.(C237M)
P35372	C237N	0.9428	pathogenic	p.(C237N)
P35372	C237P	0.9982	pathogenic	p.(C237P)
P35372	C237Q	0.9917	pathogenic	p.(C237Q)
P35372	C237R	0.9963	pathogenic	p.(C237R)
P35372	C237S	0.489	ambiguous	p.(C237S)
P35372	C237T	0.651	pathogenic	p.(C237T)
P35372	C237V	0.6707	pathogenic	p.(C237V)
P35372	C237W	0.9698	pathogenic	p.(C237W)
P35372	C237Y	0.9492	pathogenic	p.(C237Y)
P35372	V238A	0.965	pathogenic	p.(V238A)
P35372	V238C	0.9743	pathogenic	p.(V238C)
P35372	V238D	0.9959	pathogenic	p.(V238D)
P35372	V238E	0.9934	pathogenic	p.(V238E)
P35372	V238F	0.9553	pathogenic	p.(V238F)
P35372	V238G	0.9547	pathogenic	p.(V238G)
P35372	V238H	0.997	pathogenic	p.(V238H)
P35372	V238I	0.248	benign	p.(V238I)
P35372	V238K	0.9967	pathogenic	p.(V238K)
P35372	V238L	0.9343	pathogenic	p.(V238L)
P35372	V238M	0.9382	pathogenic	p.(V238M)
P35372	V238N	0.9789	pathogenic	p.(V238N)
P35372	V238P	0.9948	pathogenic	p.(V238P)
P35372	V238Q	0.9878	pathogenic	p.(V238Q)
P35372	V238R	0.9889	pathogenic	p.(V238R)
P35372	V238S	0.9449	pathogenic	p.(V238S)
P35372	V238T	0.8301	pathogenic	p.(V238T)
P35372	V238W	0.9991	pathogenic	p.(V238W)
P35372	V238Y	0.994	pathogenic	p.(V238Y)
P35372	F239A	0.9831	pathogenic	p.(F239A)
P35372	F239C	0.9521	pathogenic	p.(F239C)
P35372	F239D	0.9989	pathogenic	p.(F239D)
P35372	F239E	0.9993	pathogenic	p.(F239E)
P35372	F239G	0.989	pathogenic	p.(F239G)
P35372	F239H	0.9961	pathogenic	p.(F239H)
P35372	F239I	0.9865	pathogenic	p.(F239I)
P35372	F239K	0.9997	pathogenic	p.(F239K)
P35372	F239L	0.9946	pathogenic	p.(F239L)
P35372	F239M	0.9767	pathogenic	p.(F239M)
P35372	F239N	0.9919	pathogenic	p.(F239N)
P35372	F239P	0.9998	pathogenic	p.(F239P)
P35372	F239Q	0.9984	pathogenic	p.(F239Q)
P35372	F239R	0.9989	pathogenic	p.(F239R)
P35372	F239S	0.9826	pathogenic	p.(F239S)
P35372	F239T	0.9819	pathogenic	p.(F239T)
P35372	F239V	0.9659	pathogenic	p.(F239V)
P35372	F239W	0.9749	pathogenic	p.(F239W)
P35372	F239Y	0.903	pathogenic	p.(F239Y)
P35372	I240A	0.5869	pathogenic	p.(I240A)
P35372	I240C	0.7342	pathogenic	p.(I240C)
P35372	I240D	0.9949	pathogenic	p.(I240D)
P35372	I240E	0.9931	pathogenic	p.(I240E)
P35372	I240F	0.414	ambiguous	p.(I240F)
P35372	I240G	0.8393	pathogenic	p.(I240G)
P35372	I240H	0.9893	pathogenic	p.(I240H)
P35372	I240K	0.9954	pathogenic	p.(I240K)
P35372	I240L	0.1117	benign	p.(I240L)
P35372	I240M	0.2715	benign	p.(I240M)
P35372	I240N	0.9223	pathogenic	p.(I240N)
P35372	I240P	0.9882	pathogenic	p.(I240P)
P35372	I240Q	0.9844	pathogenic	p.(I240Q)
P35372	I240R	0.991	pathogenic	p.(I240R)
P35372	I240S	0.6745	pathogenic	p.(I240S)
P35372	I240T	0.5152	ambiguous	p.(I240T)
P35372	I240V	0.0976	benign	p.(I240V)
P35372	I240W	0.9883	pathogenic	p.(I240W)
P35372	I240Y	0.9631	pathogenic	p.(I240Y)
P35372	F241A	0.8503	pathogenic	p.(F241A)
P35372	F241C	0.6811	pathogenic	p.(F241C)
P35372	F241D	0.9985	pathogenic	p.(F241D)
P35372	F241E	0.9986	pathogenic	p.(F241E)
P35372	F241G	0.9353	pathogenic	p.(F241G)
P35372	F241H	0.9944	pathogenic	p.(F241H)
P35372	F241I	0.7726	pathogenic	p.(F241I)
P35372	F241K	0.9995	pathogenic	p.(F241K)
P35372	F241L	0.9309	pathogenic	p.(F241L)
P35372	F241M	0.8214	pathogenic	p.(F241M)
P35372	F241N	0.9894	pathogenic	p.(F241N)
P35372	F241P	0.999	pathogenic	p.(F241P)
P35372	F241Q	0.9967	pathogenic	p.(F241Q)
P35372	F241R	0.9983	pathogenic	p.(F241R)
P35372	F241S	0.8914	pathogenic	p.(F241S)
P35372	F241T	0.8555	pathogenic	p.(F241T)
P35372	F241V	0.6265	pathogenic	p.(F241V)
P35372	F241W	0.9522	pathogenic	p.(F241W)
P35372	F241Y	0.8878	pathogenic	p.(F241Y)
P35372	A242C	0.9428	pathogenic	p.(A242C)
P35372	A242D	0.9987	pathogenic	p.(A242D)
P35372	A242E	0.9989	pathogenic	p.(A242E)
P35372	A242F	0.9915	pathogenic	p.(A242F)
P35372	A242G	0.5563	ambiguous	p.(A242G)
P35372	A242H	0.9976	pathogenic	p.(A242H)
P35372	A242I	0.9977	pathogenic	p.(A242I)
P35372	A242K	0.9997	pathogenic	p.(A242K)
P35372	A242L	0.972	pathogenic	p.(A242L)
P35372	A242M	0.9927	pathogenic	p.(A242M)
P35372	A242N	0.9952	pathogenic	p.(A242N)
P35372	A242P	0.995	pathogenic	p.(A242P)
P35372	A242Q	0.9922	pathogenic	p.(A242Q)
P35372	A242R	0.9968	pathogenic	p.(A242R)
P35372	A242S	0.5154	ambiguous	p.(A242S)
P35372	A242T	0.9703	pathogenic	p.(A242T)
P35372	A242V	0.9921	pathogenic	p.(A242V)
P35372	A242W	0.9989	pathogenic	p.(A242W)
P35372	A242Y	0.9967	pathogenic	p.(A242Y)
P35372	F243A	0.9989	pathogenic	p.(F243A)
P35372	F243C	0.9966	pathogenic	p.(F243C)
P35372	F243D	0.9998	pathogenic	p.(F243D)
P35372	F243E	0.9998	pathogenic	p.(F243E)
P35372	F243G	0.999	pathogenic	p.(F243G)
P35372	F243H	0.9984	pathogenic	p.(F243H)
P35372	F243I	0.9975	pathogenic	p.(F243I)
P35372	F243K	0.9999	pathogenic	p.(F243K)
P35372	F243L	0.9996	pathogenic	p.(F243L)
P35372	F243M	0.9968	pathogenic	p.(F243M)
P35372	F243N	0.9986	pathogenic	p.(F243N)
P35372	F243P	1	pathogenic	p.(F243P)
P35372	F243Q	0.9996	pathogenic	p.(F243Q)
P35372	F243R	0.9994	pathogenic	p.(F243R)
P35372	F243S	0.9984	pathogenic	p.(F243S)
P35372	F243T	0.9992	pathogenic	p.(F243T)
P35372	F243V	0.995	pathogenic	p.(F243V)
P35372	F243W	0.9869	pathogenic	p.(F243W)
P35372	F243Y	0.8853	pathogenic	p.(F243Y)
P35372	I244A	0.5674	pathogenic	p.(I244A)
P35372	I244C	0.6472	pathogenic	p.(I244C)
P35372	I244D	0.9962	pathogenic	p.(I244D)
P35372	I244E	0.9922	pathogenic	p.(I244E)
P35372	I244F	0.3988	ambiguous	p.(I244F)
P35372	I244G	0.8714	pathogenic	p.(I244G)
P35372	I244H	0.9904	pathogenic	p.(I244H)
P35372	I244K	0.9947	pathogenic	p.(I244K)
P35372	I244L	0.1282	benign	p.(I244L)
P35372	I244M	0.2018	benign	p.(I244M)
P35372	I244N	0.9554	pathogenic	p.(I244N)
P35372	I244P	0.989	pathogenic	p.(I244P)
P35372	I244Q	0.981	pathogenic	p.(I244Q)
P35372	I244R	0.9909	pathogenic	p.(I244R)
P35372	I244S	0.7775	pathogenic	p.(I244S)
P35372	I244T	0.6019	pathogenic	p.(I244T)
P35372	I244V	0.0671	benign	p.(I244V)
P35372	I244W	0.9834	pathogenic	p.(I244W)
P35372	I244Y	0.962	pathogenic	p.(I244Y)
P35372	M245A	0.4695	ambiguous	p.(M245A)
P35372	M245C	0.7166	pathogenic	p.(M245C)
P35372	M245D	0.9971	pathogenic	p.(M245D)
P35372	M245E	0.9879	pathogenic	p.(M245E)
P35372	M245F	0.4777	ambiguous	p.(M245F)
P35372	M245G	0.6915	pathogenic	p.(M245G)
P35372	M245H	0.992	pathogenic	p.(M245H)
P35372	M245I	0.4293	ambiguous	p.(M245I)
P35372	M245K	0.9908	pathogenic	p.(M245K)
P35372	M245L	0.1431	benign	p.(M245L)
P35372	M245N	0.946	pathogenic	p.(M245N)
P35372	M245P	0.9549	pathogenic	p.(M245P)
P35372	M245Q	0.9603	pathogenic	p.(M245Q)
P35372	M245R	0.9941	pathogenic	p.(M245R)
P35372	M245S	0.6768	pathogenic	p.(M245S)
P35372	M245T	0.3675	ambiguous	p.(M245T)
P35372	M245V	0.1511	benign	p.(M245V)
P35372	M245W	0.9837	pathogenic	p.(M245W)
P35372	M245Y	0.9814	pathogenic	p.(M245Y)
P35372	P246A	0.996	pathogenic	p.(P246A)
P35372	P246C	0.9998	pathogenic	p.(P246C)
P35372	P246D	0.9997	pathogenic	p.(P246D)
P35372	P246E	0.9998	pathogenic	p.(P246E)
P35372	P246F	1	pathogenic	p.(P246F)
P35372	P246G	0.9988	pathogenic	p.(P246G)
P35372	P246H	0.9999	pathogenic	p.(P246H)
P35372	P246I	0.9997	pathogenic	p.(P246I)
P35372	P246K	0.9999	pathogenic	p.(P246K)
P35372	P246L	0.9982	pathogenic	p.(P246L)
P35372	P246M	0.9997	pathogenic	p.(P246M)
P35372	P246N	0.9998	pathogenic	p.(P246N)
P35372	P246Q	0.9998	pathogenic	p.(P246Q)
P35372	P246R	0.9998	pathogenic	p.(P246R)
P35372	P246S	0.9993	pathogenic	p.(P246S)
P35372	P246T	0.9984	pathogenic	p.(P246T)
P35372	P246V	0.9988	pathogenic	p.(P246V)
P35372	P246W	1	pathogenic	p.(P246W)
P35372	P246Y	1	pathogenic	p.(P246Y)
P35372	V247A	0.9011	pathogenic	p.(V247A)
P35372	V247C	0.9456	pathogenic	p.(V247C)
P35372	V247D	0.9971	pathogenic	p.(V247D)
P35372	V247E	0.9936	pathogenic	p.(V247E)
P35372	V247F	0.8611	pathogenic	p.(V247F)
P35372	V247G	0.9297	pathogenic	p.(V247G)
P35372	V247H	0.9985	pathogenic	p.(V247H)
P35372	V247I	0.1113	benign	p.(V247I)
P35372	V247K	0.9982	pathogenic	p.(V247K)
P35372	V247L	0.6092	pathogenic	p.(V247L)
P35372	V247M	0.6742	pathogenic	p.(V247M)
P35372	V247N	0.9804	pathogenic	p.(V247N)
P35372	V247P	0.9944	pathogenic	p.(V247P)
P35372	V247Q	0.9922	pathogenic	p.(V247Q)
P35372	V247R	0.9967	pathogenic	p.(V247R)
P35372	V247S	0.9392	pathogenic	p.(V247S)
P35372	V247T	0.8433	pathogenic	p.(V247T)
P35372	V247W	0.9985	pathogenic	p.(V247W)
P35372	V247Y	0.9956	pathogenic	p.(V247Y)
P35372	L248A	0.2919	benign	p.(L248A)
P35372	L248C	0.4526	ambiguous	p.(L248C)
P35372	L248D	0.9971	pathogenic	p.(L248D)
P35372	L248E	0.9902	pathogenic	p.(L248E)
P35372	L248F	0.2322	benign	p.(L248F)
P35372	L248G	0.5829	pathogenic	p.(L248G)
P35372	L248H	0.9811	pathogenic	p.(L248H)
P35372	L248I	0.1633	benign	p.(L248I)
P35372	L248K	0.996	pathogenic	p.(L248K)
P35372	L248M	0.1135	benign	p.(L248M)
P35372	L248N	0.9589	pathogenic	p.(L248N)
P35372	L248P	0.9905	pathogenic	p.(L248P)
P35372	L248Q	0.9552	pathogenic	p.(L248Q)
P35372	L248R	0.9918	pathogenic	p.(L248R)
P35372	L248S	0.5744	pathogenic	p.(L248S)
P35372	L248T	0.324	benign	p.(L248T)
P35372	L248V	0.1349	benign	p.(L248V)
P35372	L248W	0.9344	pathogenic	p.(L248W)
P35372	L248Y	0.9581	pathogenic	p.(L248Y)
P35372	I249A	0.6933	pathogenic	p.(I249A)
P35372	I249C	0.8218	pathogenic	p.(I249C)
P35372	I249D	0.9984	pathogenic	p.(I249D)
P35372	I249E	0.9965	pathogenic	p.(I249E)
P35372	I249F	0.4526	ambiguous	p.(I249F)
P35372	I249G	0.9182	pathogenic	p.(I249G)
P35372	I249H	0.9948	pathogenic	p.(I249H)
P35372	I249K	0.9972	pathogenic	p.(I249K)
P35372	I249L	0.2083	benign	p.(I249L)
P35372	I249M	0.2817	benign	p.(I249M)
P35372	I249N	0.9691	pathogenic	p.(I249N)
P35372	I249P	0.9941	pathogenic	p.(I249P)
P35372	I249Q	0.9925	pathogenic	p.(I249Q)
P35372	I249R	0.9949	pathogenic	p.(I249R)
P35372	I249S	0.8329	pathogenic	p.(I249S)
P35372	I249T	0.5958	pathogenic	p.(I249T)
P35372	I249V	0.0856	benign	p.(I249V)
P35372	I249W	0.9894	pathogenic	p.(I249W)
P35372	I249Y	0.9714	pathogenic	p.(I249Y)
P35372	I250A	0.9877	pathogenic	p.(I250A)
P35372	I250C	0.9968	pathogenic	p.(I250C)
P35372	I250D	0.9995	pathogenic	p.(I250D)
P35372	I250E	0.9979	pathogenic	p.(I250E)
P35372	I250F	0.9773	pathogenic	p.(I250F)
P35372	I250G	0.9983	pathogenic	p.(I250G)
P35372	I250H	0.9996	pathogenic	p.(I250H)
P35372	I250K	0.9994	pathogenic	p.(I250K)
P35372	I250L	0.8343	pathogenic	p.(I250L)
P35372	I250M	0.7041	pathogenic	p.(I250M)
P35372	I250N	0.9929	pathogenic	p.(I250N)
P35372	I250P	0.9982	pathogenic	p.(I250P)
P35372	I250Q	0.997	pathogenic	p.(I250Q)
P35372	I250R	0.9986	pathogenic	p.(I250R)
P35372	I250S	0.986	pathogenic	p.(I250S)
P35372	I250T	0.9773	pathogenic	p.(I250T)
P35372	I250V	0.7364	pathogenic	p.(I250V)
P35372	I250W	0.9996	pathogenic	p.(I250W)
P35372	I250Y	0.9988	pathogenic	p.(I250Y)
P35372	T251A	0.2003	benign	p.(T251A)
P35372	T251C	0.4533	ambiguous	p.(T251C)
P35372	T251D	0.9957	pathogenic	p.(T251D)
P35372	T251E	0.9964	pathogenic	p.(T251E)
P35372	T251F	0.6752	pathogenic	p.(T251F)
P35372	T251G	0.5318	ambiguous	p.(T251G)
P35372	T251H	0.978	pathogenic	p.(T251H)
P35372	T251I	0.5497	ambiguous	p.(T251I)
P35372	T251K	0.9978	pathogenic	p.(T251K)
P35372	T251L	0.367	ambiguous	p.(T251L)
P35372	T251M	0.2042	benign	p.(T251M)
P35372	T251N	0.8879	pathogenic	p.(T251N)
P35372	T251P	0.9721	pathogenic	p.(T251P)
P35372	T251Q	0.9849	pathogenic	p.(T251Q)
P35372	T251R	0.9957	pathogenic	p.(T251R)
P35372	T251S	0.2451	benign	p.(T251S)
P35372	T251V	0.3669	ambiguous	p.(T251V)
P35372	T251W	0.979	pathogenic	p.(T251W)
P35372	T251Y	0.9696	pathogenic	p.(T251Y)
P35372	V252A	0.2546	benign	p.(V252A)
P35372	V252C	0.5792	pathogenic	p.(V252C)
P35372	V252D	0.9863	pathogenic	p.(V252D)
P35372	V252E	0.982	pathogenic	p.(V252E)
P35372	V252F	0.1965	benign	p.(V252F)
P35372	V252G	0.2826	benign	p.(V252G)
P35372	V252H	0.9806	pathogenic	p.(V252H)
P35372	V252I	0.072	benign	p.(V252I)
P35372	V252K	0.9917	pathogenic	p.(V252K)
P35372	V252L	0.2119	benign	p.(V252L)
P35372	V252M	0.2251	benign	p.(V252M)
P35372	V252N	0.9078	pathogenic	p.(V252N)
P35372	V252P	0.9886	pathogenic	p.(V252P)
P35372	V252Q	0.9689	pathogenic	p.(V252Q)
P35372	V252R	0.9834	pathogenic	p.(V252R)
P35372	V252S	0.4505	ambiguous	p.(V252S)
P35372	V252T	0.3122	benign	p.(V252T)
P35372	V252W	0.9474	pathogenic	p.(V252W)
P35372	V252Y	0.8791	pathogenic	p.(V252Y)
P35372	C253A	0.9562	pathogenic	p.(C253A)
P35372	C253D	0.9994	pathogenic	p.(C253D)
P35372	C253E	0.9999	pathogenic	p.(C253E)
P35372	C253F	0.9451	pathogenic	p.(C253F)
P35372	C253G	0.9332	pathogenic	p.(C253G)
P35372	C253H	0.9988	pathogenic	p.(C253H)
P35372	C253I	0.9979	pathogenic	p.(C253I)
P35372	C253K	1	pathogenic	p.(C253K)
P35372	C253L	0.9641	pathogenic	p.(C253L)
P35372	C253M	0.9861	pathogenic	p.(C253M)
P35372	C253N	0.9917	pathogenic	p.(C253N)
P35372	C253P	0.9998	pathogenic	p.(C253P)
P35372	C253Q	0.9993	pathogenic	p.(C253Q)
P35372	C253R	0.9994	pathogenic	p.(C253R)
P35372	C253S	0.9223	pathogenic	p.(C253S)
P35372	C253T	0.98	pathogenic	p.(C253T)
P35372	C253V	0.99	pathogenic	p.(C253V)
P35372	C253W	0.9979	pathogenic	p.(C253W)
P35372	C253Y	0.9971	pathogenic	p.(C253Y)
P35372	Y254A	0.9933	pathogenic	p.(Y254A)
P35372	Y254C	0.9586	pathogenic	p.(Y254C)
P35372	Y254D	0.9929	pathogenic	p.(Y254D)
P35372	Y254E	0.9987	pathogenic	p.(Y254E)
P35372	Y254F	0.781	pathogenic	p.(Y254F)
P35372	Y254G	0.9707	pathogenic	p.(Y254G)
P35372	Y254H	0.9935	pathogenic	p.(Y254H)
P35372	Y254I	0.9938	pathogenic	p.(Y254I)
P35372	Y254K	0.9994	pathogenic	p.(Y254K)
P35372	Y254L	0.9575	pathogenic	p.(Y254L)
P35372	Y254M	0.994	pathogenic	p.(Y254M)
P35372	Y254N	0.9586	pathogenic	p.(Y254N)
P35372	Y254P	0.9978	pathogenic	p.(Y254P)
P35372	Y254Q	0.9988	pathogenic	p.(Y254Q)
P35372	Y254R	0.9973	pathogenic	p.(Y254R)
P35372	Y254S	0.9325	pathogenic	p.(Y254S)
P35372	Y254T	0.9857	pathogenic	p.(Y254T)
P35372	Y254V	0.9755	pathogenic	p.(Y254V)
P35372	Y254W	0.963	pathogenic	p.(Y254W)
P35372	G255A	0.2275	benign	p.(G255A)
P35372	G255C	0.3712	ambiguous	p.(G255C)
P35372	G255D	0.9958	pathogenic	p.(G255D)
P35372	G255E	0.9952	pathogenic	p.(G255E)
P35372	G255F	0.756	pathogenic	p.(G255F)
P35372	G255H	0.9862	pathogenic	p.(G255H)
P35372	G255I	0.5716	pathogenic	p.(G255I)
P35372	G255K	0.9986	pathogenic	p.(G255K)
P35372	G255L	0.7134	pathogenic	p.(G255L)
P35372	G255M	0.7087	pathogenic	p.(G255M)
P35372	G255N	0.9615	pathogenic	p.(G255N)
P35372	G255P	0.9988	pathogenic	p.(G255P)
P35372	G255Q	0.9867	pathogenic	p.(G255Q)
P35372	G255R	0.9946	pathogenic	p.(G255R)
P35372	G255S	0.1581	benign	p.(G255S)
P35372	G255T	0.2073	benign	p.(G255T)
P35372	G255V	0.422	ambiguous	p.(G255V)
P35372	G255W	0.9089	pathogenic	p.(G255W)
P35372	G255Y	0.9329	pathogenic	p.(G255Y)
P35372	L256A	0.6885	pathogenic	p.(L256A)
P35372	L256C	0.6263	pathogenic	p.(L256C)
P35372	L256D	0.9906	pathogenic	p.(L256D)
P35372	L256E	0.9246	pathogenic	p.(L256E)
P35372	L256F	0.3381	benign	p.(L256F)
P35372	L256G	0.8318	pathogenic	p.(L256G)
P35372	L256H	0.8031	pathogenic	p.(L256H)
P35372	L256I	0.623	pathogenic	p.(L256I)
P35372	L256K	0.6969	pathogenic	p.(L256K)
P35372	L256M	0.1768	benign	p.(L256M)
P35372	L256N	0.9031	pathogenic	p.(L256N)
P35372	L256P	0.9962	pathogenic	p.(L256P)
P35372	L256Q	0.5284	ambiguous	p.(L256Q)
P35372	L256R	0.591	pathogenic	p.(L256R)
P35372	L256S	0.8283	pathogenic	p.(L256S)
P35372	L256T	0.8383	pathogenic	p.(L256T)
P35372	L256V	0.5125	ambiguous	p.(L256V)
P35372	L256W	0.7229	pathogenic	p.(L256W)
P35372	L256Y	0.7721	pathogenic	p.(L256Y)
P35372	M257A	0.9965	pathogenic	p.(M257A)
P35372	M257C	0.9945	pathogenic	p.(M257C)
P35372	M257D	0.9998	pathogenic	p.(M257D)
P35372	M257E	0.9987	pathogenic	p.(M257E)
P35372	M257F	0.9829	pathogenic	p.(M257F)
P35372	M257G	0.9987	pathogenic	p.(M257G)
P35372	M257H	0.9993	pathogenic	p.(M257H)
P35372	M257I	0.9922	pathogenic	p.(M257I)
P35372	M257K	0.9989	pathogenic	p.(M257K)
P35372	M257L	0.7729	pathogenic	p.(M257L)
P35372	M257N	0.998	pathogenic	p.(M257N)
P35372	M257P	0.9996	pathogenic	p.(M257P)
P35372	M257Q	0.9921	pathogenic	p.(M257Q)
P35372	M257R	0.9989	pathogenic	p.(M257R)
P35372	M257S	0.9966	pathogenic	p.(M257S)
P35372	M257T	0.9962	pathogenic	p.(M257T)
P35372	M257V	0.9275	pathogenic	p.(M257V)
P35372	M257W	0.9995	pathogenic	p.(M257W)
P35372	M257Y	0.9991	pathogenic	p.(M257Y)
P35372	I258A	0.9214	pathogenic	p.(I258A)
P35372	I258C	0.9077	pathogenic	p.(I258C)
P35372	I258D	0.9988	pathogenic	p.(I258D)
P35372	I258E	0.9966	pathogenic	p.(I258E)
P35372	I258F	0.5273	ambiguous	p.(I258F)
P35372	I258G	0.9729	pathogenic	p.(I258G)
P35372	I258H	0.9891	pathogenic	p.(I258H)
P35372	I258K	0.991	pathogenic	p.(I258K)
P35372	I258L	0.1598	benign	p.(I258L)
P35372	I258M	0.3307	benign	p.(I258M)
P35372	I258N	0.9678	pathogenic	p.(I258N)
P35372	I258P	0.9969	pathogenic	p.(I258P)
P35372	I258Q	0.9881	pathogenic	p.(I258Q)
P35372	I258R	0.9824	pathogenic	p.(I258R)
P35372	I258S	0.9463	pathogenic	p.(I258S)
P35372	I258T	0.9378	pathogenic	p.(I258T)
P35372	I258V	0.1582	benign	p.(I258V)
P35372	I258W	0.9724	pathogenic	p.(I258W)
P35372	I258Y	0.9041	pathogenic	p.(I258Y)
P35372	L259A	0.4586	ambiguous	p.(L259A)
P35372	L259C	0.5316	ambiguous	p.(L259C)
P35372	L259D	0.971	pathogenic	p.(L259D)
P35372	L259E	0.8272	pathogenic	p.(L259E)
P35372	L259F	0.2145	benign	p.(L259F)
P35372	L259G	0.6978	pathogenic	p.(L259G)
P35372	L259H	0.4801	ambiguous	p.(L259H)
P35372	L259I	0.1827	benign	p.(L259I)
P35372	L259K	0.4178	ambiguous	p.(L259K)
P35372	L259M	0.1466	benign	p.(L259M)
P35372	L259N	0.7724	pathogenic	p.(L259N)
P35372	L259P	0.9788	pathogenic	p.(L259P)
P35372	L259Q	0.2767	benign	p.(L259Q)
P35372	L259R	0.2684	benign	p.(L259R)
P35372	L259S	0.5817	pathogenic	p.(L259S)
P35372	L259T	0.5064	ambiguous	p.(L259T)
P35372	L259V	0.1566	benign	p.(L259V)
P35372	L259W	0.345	ambiguous	p.(L259W)
P35372	L259Y	0.502	ambiguous	p.(L259Y)
P35372	R260A	0.9937	pathogenic	p.(R260A)
P35372	R260C	0.928	pathogenic	p.(R260C)
P35372	R260D	0.9956	pathogenic	p.(R260D)
P35372	R260E	0.9713	pathogenic	p.(R260E)
P35372	R260F	0.997	pathogenic	p.(R260F)
P35372	R260G	0.984	pathogenic	p.(R260G)
P35372	R260H	0.7504	pathogenic	p.(R260H)
P35372	R260I	0.994	pathogenic	p.(R260I)
P35372	R260K	0.6475	pathogenic	p.(R260K)
P35372	R260L	0.9797	pathogenic	p.(R260L)
P35372	R260M	0.9948	pathogenic	p.(R260M)
P35372	R260N	0.9904	pathogenic	p.(R260N)
P35372	R260P	0.9979	pathogenic	p.(R260P)
P35372	R260Q	0.7378	pathogenic	p.(R260Q)
P35372	R260S	0.9925	pathogenic	p.(R260S)
P35372	R260T	0.9905	pathogenic	p.(R260T)
P35372	R260V	0.9918	pathogenic	p.(R260V)
P35372	R260W	0.964	pathogenic	p.(R260W)
P35372	R260Y	0.9777	pathogenic	p.(R260Y)
P35372	L261A	0.9939	pathogenic	p.(L261A)
P35372	L261C	0.9965	pathogenic	p.(L261C)
P35372	L261D	0.9997	pathogenic	p.(L261D)
P35372	L261E	0.9972	pathogenic	p.(L261E)
P35372	L261F	0.9888	pathogenic	p.(L261F)
P35372	L261G	0.9966	pathogenic	p.(L261G)
P35372	L261H	0.9982	pathogenic	p.(L261H)
P35372	L261I	0.8556	pathogenic	p.(L261I)
P35372	L261K	0.992	pathogenic	p.(L261K)
P35372	L261M	0.8208	pathogenic	p.(L261M)
P35372	L261N	0.9975	pathogenic	p.(L261N)
P35372	L261P	0.9994	pathogenic	p.(L261P)
P35372	L261Q	0.9937	pathogenic	p.(L261Q)
P35372	L261R	0.9871	pathogenic	p.(L261R)
P35372	L261S	0.999	pathogenic	p.(L261S)
P35372	L261T	0.9949	pathogenic	p.(L261T)
P35372	L261V	0.908	pathogenic	p.(L261V)
P35372	L261W	0.9953	pathogenic	p.(L261W)
P35372	L261Y	0.9972	pathogenic	p.(L261Y)
P35372	K262A	0.9145	pathogenic	p.(K262A)
P35372	K262C	0.9061	pathogenic	p.(K262C)
P35372	K262D	0.9712	pathogenic	p.(K262D)
P35372	K262E	0.8397	pathogenic	p.(K262E)
P35372	K262F	0.9781	pathogenic	p.(K262F)
P35372	K262G	0.8636	pathogenic	p.(K262G)
P35372	K262H	0.5056	ambiguous	p.(K262H)
P35372	K262I	0.9369	pathogenic	p.(K262I)
P35372	K262L	0.8946	pathogenic	p.(K262L)
P35372	K262M	0.8899	pathogenic	p.(K262M)
P35372	K262N	0.9084	pathogenic	p.(K262N)
P35372	K262P	0.987	pathogenic	p.(K262P)
P35372	K262Q	0.299	benign	p.(K262Q)
P35372	K262R	0.0764	benign	p.(K262R)
P35372	K262S	0.8857	pathogenic	p.(K262S)
P35372	K262T	0.8026	pathogenic	p.(K262T)
P35372	K262V	0.9076	pathogenic	p.(K262V)
P35372	K262W	0.9079	pathogenic	p.(K262W)
P35372	K262Y	0.9152	pathogenic	p.(K262Y)
P35372	S263A	0.2147	benign	p.(S263A)
P35372	S263C	0.35	ambiguous	p.(S263C)
P35372	S263D	0.6676	pathogenic	p.(S263D)
P35372	S263E	0.8139	pathogenic	p.(S263E)
P35372	S263F	0.8044	pathogenic	p.(S263F)
P35372	S263G	0.1267	benign	p.(S263G)
P35372	S263H	0.548	ambiguous	p.(S263H)
P35372	S263I	0.7567	pathogenic	p.(S263I)
P35372	S263K	0.8421	pathogenic	p.(S263K)
P35372	S263L	0.6077	pathogenic	p.(S263L)
P35372	S263M	0.5397	ambiguous	p.(S263M)
P35372	S263N	0.1971	benign	p.(S263N)
P35372	S263P	0.9648	pathogenic	p.(S263P)
P35372	S263Q	0.6753	pathogenic	p.(S263Q)
P35372	S263R	0.8222	pathogenic	p.(S263R)
P35372	S263T	0.1402	benign	p.(S263T)
P35372	S263V	0.673	pathogenic	p.(S263V)
P35372	S263W	0.8485	pathogenic	p.(S263W)
P35372	S263Y	0.6272	pathogenic	p.(S263Y)
P35372	V264A	0.9383	pathogenic	p.(V264A)
P35372	V264C	0.9749	pathogenic	p.(V264C)
P35372	V264D	0.9885	pathogenic	p.(V264D)
P35372	V264E	0.9736	pathogenic	p.(V264E)
P35372	V264F	0.8578	pathogenic	p.(V264F)
P35372	V264G	0.8706	pathogenic	p.(V264G)
P35372	V264H	0.9852	pathogenic	p.(V264H)
P35372	V264I	0.2997	benign	p.(V264I)
P35372	V264K	0.9548	pathogenic	p.(V264K)
P35372	V264L	0.934	pathogenic	p.(V264L)
P35372	V264M	0.8908	pathogenic	p.(V264M)
P35372	V264N	0.9597	pathogenic	p.(V264N)
P35372	V264P	0.9771	pathogenic	p.(V264P)
P35372	V264Q	0.9307	pathogenic	p.(V264Q)
P35372	V264R	0.9129	pathogenic	p.(V264R)
P35372	V264S	0.9157	pathogenic	p.(V264S)
P35372	V264T	0.8869	pathogenic	p.(V264T)
P35372	V264W	0.9953	pathogenic	p.(V264W)
P35372	V264Y	0.9806	pathogenic	p.(V264Y)
P35372	R265A	0.9768	pathogenic	p.(R265A)
P35372	R265C	0.9035	pathogenic	p.(R265C)
P35372	R265D	0.9857	pathogenic	p.(R265D)
P35372	R265E	0.9438	pathogenic	p.(R265E)
P35372	R265F	0.9923	pathogenic	p.(R265F)
P35372	R265G	0.9216	pathogenic	p.(R265G)
P35372	R265H	0.6485	pathogenic	p.(R265H)
P35372	R265I	0.9778	pathogenic	p.(R265I)
P35372	R265K	0.5209	ambiguous	p.(R265K)
P35372	R265L	0.942	pathogenic	p.(R265L)
P35372	R265M	0.9818	pathogenic	p.(R265M)
P35372	R265N	0.9762	pathogenic	p.(R265N)
P35372	R265P	0.9739	pathogenic	p.(R265P)
P35372	R265Q	0.6101	pathogenic	p.(R265Q)
P35372	R265S	0.9792	pathogenic	p.(R265S)
P35372	R265T	0.9662	pathogenic	p.(R265T)
P35372	R265V	0.9701	pathogenic	p.(R265V)
P35372	R265W	0.934	pathogenic	p.(R265W)
P35372	R265Y	0.9709	pathogenic	p.(R265Y)
P35372	M266A	0.875	pathogenic	p.(M266A)
P35372	M266C	0.9158	pathogenic	p.(M266C)
P35372	M266D	0.978	pathogenic	p.(M266D)
P35372	M266E	0.9471	pathogenic	p.(M266E)
P35372	M266F	0.6376	pathogenic	p.(M266F)
P35372	M266G	0.9287	pathogenic	p.(M266G)
P35372	M266H	0.8826	pathogenic	p.(M266H)
P35372	M266I	0.6957	pathogenic	p.(M266I)
P35372	M266K	0.7506	pathogenic	p.(M266K)
P35372	M266L	0.0994	benign	p.(M266L)
P35372	M266N	0.8712	pathogenic	p.(M266N)
P35372	M266P	0.9311	pathogenic	p.(M266P)
P35372	M266Q	0.7338	pathogenic	p.(M266Q)
P35372	M266R	0.7809	pathogenic	p.(M266R)
P35372	M266S	0.8949	pathogenic	p.(M266S)
P35372	M266T	0.8438	pathogenic	p.(M266T)
P35372	M266V	0.2584	benign	p.(M266V)
P35372	M266W	0.9256	pathogenic	p.(M266W)
P35372	M266Y	0.8788	pathogenic	p.(M266Y)
P35372	L267A	0.9329	pathogenic	p.(L267A)
P35372	L267C	0.9787	pathogenic	p.(L267C)
P35372	L267D	0.9942	pathogenic	p.(L267D)
P35372	L267E	0.9807	pathogenic	p.(L267E)
P35372	L267F	0.6183	pathogenic	p.(L267F)
P35372	L267G	0.9681	pathogenic	p.(L267G)
P35372	L267H	0.9482	pathogenic	p.(L267H)
P35372	L267I	0.5636	ambiguous	p.(L267I)
P35372	L267K	0.9234	pathogenic	p.(L267K)
P35372	L267M	0.5074	ambiguous	p.(L267M)
P35372	L267N	0.9674	pathogenic	p.(L267N)
P35372	L267P	0.9469	pathogenic	p.(L267P)
P35372	L267Q	0.9297	pathogenic	p.(L267Q)
P35372	L267R	0.8654	pathogenic	p.(L267R)
P35372	L267S	0.9846	pathogenic	p.(L267S)
P35372	L267T	0.9501	pathogenic	p.(L267T)
P35372	L267V	0.6595	pathogenic	p.(L267V)
P35372	L267W	0.9095	pathogenic	p.(L267W)
P35372	L267Y	0.9167	pathogenic	p.(L267Y)
P35372	S268A	0.4207	ambiguous	p.(S268A)
P35372	S268C	0.784	pathogenic	p.(S268C)
P35372	S268D	0.9745	pathogenic	p.(S268D)
P35372	S268E	0.9733	pathogenic	p.(S268E)
P35372	S268F	0.9734	pathogenic	p.(S268F)
P35372	S268G	0.605	pathogenic	p.(S268G)
P35372	S268H	0.9444	pathogenic	p.(S268H)
P35372	S268I	0.9637	pathogenic	p.(S268I)
P35372	S268K	0.993	pathogenic	p.(S268K)
P35372	S268L	0.846	pathogenic	p.(S268L)
P35372	S268M	0.9108	pathogenic	p.(S268M)
P35372	S268N	0.9236	pathogenic	p.(S268N)
P35372	S268P	0.9287	pathogenic	p.(S268P)
P35372	S268Q	0.9496	pathogenic	p.(S268Q)
P35372	S268R	0.9886	pathogenic	p.(S268R)
P35372	S268T	0.4658	ambiguous	p.(S268T)
P35372	S268V	0.9234	pathogenic	p.(S268V)
P35372	S268W	0.9642	pathogenic	p.(S268W)
P35372	S268Y	0.9576	pathogenic	p.(S268Y)
P35372	G269A	0.9086	pathogenic	p.(G269A)
P35372	G269C	0.9784	pathogenic	p.(G269C)
P35372	G269D	0.9858	pathogenic	p.(G269D)
P35372	G269E	0.993	pathogenic	p.(G269E)
P35372	G269F	0.993	pathogenic	p.(G269F)
P35372	G269H	0.9928	pathogenic	p.(G269H)
P35372	G269I	0.9871	pathogenic	p.(G269I)
P35372	G269K	0.9928	pathogenic	p.(G269K)
P35372	G269L	0.9885	pathogenic	p.(G269L)
P35372	G269M	0.9933	pathogenic	p.(G269M)
P35372	G269N	0.9786	pathogenic	p.(G269N)
P35372	G269P	0.9934	pathogenic	p.(G269P)
P35372	G269Q	0.9887	pathogenic	p.(G269Q)
P35372	G269R	0.9833	pathogenic	p.(G269R)
P35372	G269S	0.8465	pathogenic	p.(G269S)
P35372	G269T	0.9452	pathogenic	p.(G269T)
P35372	G269V	0.9682	pathogenic	p.(G269V)
P35372	G269W	0.9927	pathogenic	p.(G269W)
P35372	G269Y	0.9931	pathogenic	p.(G269Y)
P35372	S270A	0.5931	pathogenic	p.(S270A)
P35372	S270C	0.8016	pathogenic	p.(S270C)
P35372	S270D	0.9684	pathogenic	p.(S270D)
P35372	S270E	0.9742	pathogenic	p.(S270E)
P35372	S270F	0.9771	pathogenic	p.(S270F)
P35372	S270G	0.702	pathogenic	p.(S270G)
P35372	S270H	0.9534	pathogenic	p.(S270H)
P35372	S270I	0.9699	pathogenic	p.(S270I)
P35372	S270K	0.9934	pathogenic	p.(S270K)
P35372	S270L	0.9095	pathogenic	p.(S270L)
P35372	S270M	0.929	pathogenic	p.(S270M)
P35372	S270N	0.8789	pathogenic	p.(S270N)
P35372	S270P	0.9755	pathogenic	p.(S270P)
P35372	S270Q	0.9608	pathogenic	p.(S270Q)
P35372	S270R	0.9913	pathogenic	p.(S270R)
P35372	S270T	0.5563	ambiguous	p.(S270T)
P35372	S270V	0.9445	pathogenic	p.(S270V)
P35372	S270W	0.9503	pathogenic	p.(S270W)
P35372	S270Y	0.9584	pathogenic	p.(S270Y)
P35372	K271A	0.6846	pathogenic	p.(K271A)
P35372	K271C	0.9363	pathogenic	p.(K271C)
P35372	K271D	0.9336	pathogenic	p.(K271D)
P35372	K271E	0.5372	ambiguous	p.(K271E)
P35372	K271F	0.9755	pathogenic	p.(K271F)
P35372	K271G	0.7918	pathogenic	p.(K271G)
P35372	K271H	0.6674	pathogenic	p.(K271H)
P35372	K271I	0.8188	pathogenic	p.(K271I)
P35372	K271L	0.7465	pathogenic	p.(K271L)
P35372	K271M	0.6974	pathogenic	p.(K271M)
P35372	K271N	0.8966	pathogenic	p.(K271N)
P35372	K271P	0.8735	pathogenic	p.(K271P)
P35372	K271Q	0.23	benign	p.(K271Q)
P35372	K271R	0.095	benign	p.(K271R)
P35372	K271S	0.8118	pathogenic	p.(K271S)
P35372	K271T	0.543	ambiguous	p.(K271T)
P35372	K271V	0.6924	pathogenic	p.(K271V)
P35372	K271W	0.9451	pathogenic	p.(K271W)
P35372	K271Y	0.9452	pathogenic	p.(K271Y)
P35372	E272A	0.8588	pathogenic	p.(E272A)
P35372	E272C	0.9965	pathogenic	p.(E272C)
P35372	E272D	0.7921	pathogenic	p.(E272D)
P35372	E272F	0.9971	pathogenic	p.(E272F)
P35372	E272G	0.8303	pathogenic	p.(E272G)
P35372	E272H	0.988	pathogenic	p.(E272H)
P35372	E272I	0.9682	pathogenic	p.(E272I)
P35372	E272K	0.938	pathogenic	p.(E272K)
P35372	E272L	0.9729	pathogenic	p.(E272L)
P35372	E272M	0.98	pathogenic	p.(E272M)
P35372	E272N	0.9676	pathogenic	p.(E272N)
P35372	E272P	0.9898	pathogenic	p.(E272P)
P35372	E272Q	0.7186	pathogenic	p.(E272Q)
P35372	E272R	0.9395	pathogenic	p.(E272R)
P35372	E272S	0.9378	pathogenic	p.(E272S)
P35372	E272T	0.9405	pathogenic	p.(E272T)
P35372	E272V	0.9029	pathogenic	p.(E272V)
P35372	E272W	0.9987	pathogenic	p.(E272W)
P35372	E272Y	0.9924	pathogenic	p.(E272Y)
P35372	K273A	0.9888	pathogenic	p.(K273A)
P35372	K273C	0.9991	pathogenic	p.(K273C)
P35372	K273D	0.9943	pathogenic	p.(K273D)
P35372	K273E	0.9884	pathogenic	p.(K273E)
P35372	K273F	0.9997	pathogenic	p.(K273F)
P35372	K273G	0.9822	pathogenic	p.(K273G)
P35372	K273H	0.9878	pathogenic	p.(K273H)
P35372	K273I	0.9967	pathogenic	p.(K273I)
P35372	K273L	0.9914	pathogenic	p.(K273L)
P35372	K273M	0.9883	pathogenic	p.(K273M)
P35372	K273N	0.9952	pathogenic	p.(K273N)
P35372	K273P	0.9952	pathogenic	p.(K273P)
P35372	K273Q	0.979	pathogenic	p.(K273Q)
P35372	K273R	0.5453	ambiguous	p.(K273R)
P35372	K273S	0.9965	pathogenic	p.(K273S)
P35372	K273T	0.9791	pathogenic	p.(K273T)
P35372	K273V	0.9934	pathogenic	p.(K273V)
P35372	K273W	0.9992	pathogenic	p.(K273W)
P35372	K273Y	0.9972	pathogenic	p.(K273Y)
P35372	D274A	0.9898	pathogenic	p.(D274A)
P35372	D274C	0.9993	pathogenic	p.(D274C)
P35372	D274E	0.9634	pathogenic	p.(D274E)
P35372	D274F	0.9981	pathogenic	p.(D274F)
P35372	D274G	0.9676	pathogenic	p.(D274G)
P35372	D274H	0.9933	pathogenic	p.(D274H)
P35372	D274I	0.9971	pathogenic	p.(D274I)
P35372	D274K	0.9926	pathogenic	p.(D274K)
P35372	D274L	0.9946	pathogenic	p.(D274L)
P35372	D274M	0.999	pathogenic	p.(D274M)
P35372	D274N	0.9524	pathogenic	p.(D274N)
P35372	D274P	0.9987	pathogenic	p.(D274P)
P35372	D274Q	0.9925	pathogenic	p.(D274Q)
P35372	D274R	0.9912	pathogenic	p.(D274R)
P35372	D274S	0.984	pathogenic	p.(D274S)
P35372	D274T	0.9917	pathogenic	p.(D274T)
P35372	D274V	0.9881	pathogenic	p.(D274V)
P35372	D274W	0.9994	pathogenic	p.(D274W)
P35372	D274Y	0.9811	pathogenic	p.(D274Y)
P35372	R275A	0.8713	pathogenic	p.(R275A)
P35372	R275C	0.6562	pathogenic	p.(R275C)
P35372	R275D	0.9697	pathogenic	p.(R275D)
P35372	R275E	0.8346	pathogenic	p.(R275E)
P35372	R275F	0.9669	pathogenic	p.(R275F)
P35372	R275G	0.8087	pathogenic	p.(R275G)
P35372	R275H	0.354	ambiguous	p.(R275H)
P35372	R275I	0.8241	pathogenic	p.(R275I)
P35372	R275K	0.1477	benign	p.(R275K)
P35372	R275L	0.7587	pathogenic	p.(R275L)
P35372	R275M	0.8413	pathogenic	p.(R275M)
P35372	R275N	0.9307	pathogenic	p.(R275N)
P35372	R275P	0.9916	pathogenic	p.(R275P)
P35372	R275Q	0.2385	benign	p.(R275Q)
P35372	R275S	0.9269	pathogenic	p.(R275S)
P35372	R275T	0.8362	pathogenic	p.(R275T)
P35372	R275V	0.834	pathogenic	p.(R275V)
P35372	R275W	0.7648	pathogenic	p.(R275W)
P35372	R275Y	0.8964	pathogenic	p.(R275Y)
P35372	N276A	0.8715	pathogenic	p.(N276A)
P35372	N276C	0.8736	pathogenic	p.(N276C)
P35372	N276D	0.8822	pathogenic	p.(N276D)
P35372	N276E	0.9731	pathogenic	p.(N276E)
P35372	N276F	0.9829	pathogenic	p.(N276F)
P35372	N276G	0.8087	pathogenic	p.(N276G)
P35372	N276H	0.6742	pathogenic	p.(N276H)
P35372	N276I	0.9453	pathogenic	p.(N276I)
P35372	N276K	0.9744	pathogenic	p.(N276K)
P35372	N276L	0.9	pathogenic	p.(N276L)
P35372	N276M	0.9322	pathogenic	p.(N276M)
P35372	N276P	0.9742	pathogenic	p.(N276P)
P35372	N276Q	0.9287	pathogenic	p.(N276Q)
P35372	N276R	0.9672	pathogenic	p.(N276R)
P35372	N276S	0.3539	ambiguous	p.(N276S)
P35372	N276T	0.7277	pathogenic	p.(N276T)
P35372	N276V	0.9181	pathogenic	p.(N276V)
P35372	N276W	0.9932	pathogenic	p.(N276W)
P35372	N276Y	0.8664	pathogenic	p.(N276Y)
P35372	L277A	0.9715	pathogenic	p.(L277A)
P35372	L277C	0.9879	pathogenic	p.(L277C)
P35372	L277D	0.9987	pathogenic	p.(L277D)
P35372	L277E	0.9846	pathogenic	p.(L277E)
P35372	L277F	0.9332	pathogenic	p.(L277F)
P35372	L277G	0.9933	pathogenic	p.(L277G)
P35372	L277H	0.9791	pathogenic	p.(L277H)
P35372	L277I	0.6938	pathogenic	p.(L277I)
P35372	L277K	0.952	pathogenic	p.(L277K)
P35372	L277M	0.3892	ambiguous	p.(L277M)
P35372	L277N	0.9848	pathogenic	p.(L277N)
P35372	L277P	0.9981	pathogenic	p.(L277P)
P35372	L277Q	0.9274	pathogenic	p.(L277Q)
P35372	L277R	0.9283	pathogenic	p.(L277R)
P35372	L277S	0.9925	pathogenic	p.(L277S)
P35372	L277T	0.9518	pathogenic	p.(L277T)
P35372	L277V	0.7	pathogenic	p.(L277V)
P35372	L277W	0.9824	pathogenic	p.(L277W)
P35372	L277Y	0.9839	pathogenic	p.(L277Y)
P35372	R278A	0.9852	pathogenic	p.(R278A)
P35372	R278C	0.8907	pathogenic	p.(R278C)
P35372	R278D	0.9966	pathogenic	p.(R278D)
P35372	R278E	0.9681	pathogenic	p.(R278E)
P35372	R278F	0.9905	pathogenic	p.(R278F)
P35372	R278G	0.9463	pathogenic	p.(R278G)
P35372	R278H	0.6474	pathogenic	p.(R278H)
P35372	R278I	0.9744	pathogenic	p.(R278I)
P35372	R278K	0.412	ambiguous	p.(R278K)
P35372	R278L	0.9082	pathogenic	p.(R278L)
P35372	R278M	0.9721	pathogenic	p.(R278M)
P35372	R278N	0.9882	pathogenic	p.(R278N)
P35372	R278P	0.9983	pathogenic	p.(R278P)
P35372	R278Q	0.4885	ambiguous	p.(R278Q)
P35372	R278S	0.9893	pathogenic	p.(R278S)
P35372	R278T	0.9821	pathogenic	p.(R278T)
P35372	R278V	0.9757	pathogenic	p.(R278V)
P35372	R278W	0.8819	pathogenic	p.(R278W)
P35372	R278Y	0.9584	pathogenic	p.(R278Y)
P35372	R279A	0.9931	pathogenic	p.(R279A)
P35372	R279C	0.9677	pathogenic	p.(R279C)
P35372	R279D	0.9964	pathogenic	p.(R279D)
P35372	R279E	0.9851	pathogenic	p.(R279E)
P35372	R279F	0.9978	pathogenic	p.(R279F)
P35372	R279G	0.9805	pathogenic	p.(R279G)
P35372	R279H	0.8296	pathogenic	p.(R279H)
P35372	R279I	0.9898	pathogenic	p.(R279I)
P35372	R279K	0.5688	pathogenic	p.(R279K)
P35372	R279L	0.961	pathogenic	p.(R279L)
P35372	R279M	0.9919	pathogenic	p.(R279M)
P35372	R279N	0.9898	pathogenic	p.(R279N)
P35372	R279P	0.9991	pathogenic	p.(R279P)
P35372	R279Q	0.8159	pathogenic	p.(R279Q)
P35372	R279S	0.9959	pathogenic	p.(R279S)
P35372	R279T	0.9928	pathogenic	p.(R279T)
P35372	R279V	0.9895	pathogenic	p.(R279V)
P35372	R279W	0.9817	pathogenic	p.(R279W)
P35372	R279Y	0.9893	pathogenic	p.(R279Y)
P35372	I280A	0.9976	pathogenic	p.(I280A)
P35372	I280C	0.9997	pathogenic	p.(I280C)
P35372	I280D	0.9998	pathogenic	p.(I280D)
P35372	I280E	0.9986	pathogenic	p.(I280E)
P35372	I280F	0.9915	pathogenic	p.(I280F)
P35372	I280G	0.9995	pathogenic	p.(I280G)
P35372	I280H	0.9997	pathogenic	p.(I280H)
P35372	I280K	0.9988	pathogenic	p.(I280K)
P35372	I280L	0.9323	pathogenic	p.(I280L)
P35372	I280M	0.9527	pathogenic	p.(I280M)
P35372	I280N	0.9967	pathogenic	p.(I280N)
P35372	I280P	0.999	pathogenic	p.(I280P)
P35372	I280Q	0.9992	pathogenic	p.(I280Q)
P35372	I280R	0.9977	pathogenic	p.(I280R)
P35372	I280S	0.998	pathogenic	p.(I280S)
P35372	I280T	0.9975	pathogenic	p.(I280T)
P35372	I280V	0.8157	pathogenic	p.(I280V)
P35372	I280W	0.9997	pathogenic	p.(I280W)
P35372	I280Y	0.9986	pathogenic	p.(I280Y)
P35372	T281A	0.9155	pathogenic	p.(T281A)
P35372	T281C	0.9884	pathogenic	p.(T281C)
P35372	T281D	0.9974	pathogenic	p.(T281D)
P35372	T281E	0.9949	pathogenic	p.(T281E)
P35372	T281F	0.9936	pathogenic	p.(T281F)
P35372	T281G	0.9479	pathogenic	p.(T281G)
P35372	T281H	0.9868	pathogenic	p.(T281H)
P35372	T281I	0.9959	pathogenic	p.(T281I)
P35372	T281K	0.9923	pathogenic	p.(T281K)
P35372	T281L	0.9664	pathogenic	p.(T281L)
P35372	T281M	0.9603	pathogenic	p.(T281M)
P35372	T281N	0.967	pathogenic	p.(T281N)
P35372	T281P	0.9794	pathogenic	p.(T281P)
P35372	T281Q	0.977	pathogenic	p.(T281Q)
P35372	T281R	0.9858	pathogenic	p.(T281R)
P35372	T281S	0.8483	pathogenic	p.(T281S)
P35372	T281V	0.9805	pathogenic	p.(T281V)
P35372	T281W	0.9975	pathogenic	p.(T281W)
P35372	T281Y	0.9961	pathogenic	p.(T281Y)
P35372	R282A	0.894	pathogenic	p.(R282A)
P35372	R282C	0.5473	ambiguous	p.(R282C)
P35372	R282D	0.9799	pathogenic	p.(R282D)
P35372	R282E	0.9049	pathogenic	p.(R282E)
P35372	R282F	0.8945	pathogenic	p.(R282F)
P35372	R282G	0.7563	pathogenic	p.(R282G)
P35372	R282H	0.2858	benign	p.(R282H)
P35372	R282I	0.8096	pathogenic	p.(R282I)
P35372	R282K	0.1996	benign	p.(R282K)
P35372	R282L	0.721	pathogenic	p.(R282L)
P35372	R282M	0.8299	pathogenic	p.(R282M)
P35372	R282N	0.8955	pathogenic	p.(R282N)
P35372	R282P	0.9968	pathogenic	p.(R282P)
P35372	R282Q	0.298	benign	p.(R282Q)
P35372	R282S	0.8898	pathogenic	p.(R282S)
P35372	R282T	0.7839	pathogenic	p.(R282T)
P35372	R282V	0.8079	pathogenic	p.(R282V)
P35372	R282W	0.5955	pathogenic	p.(R282W)
P35372	R282Y	0.7543	pathogenic	p.(R282Y)
P35372	M283A	0.9969	pathogenic	p.(M283A)
P35372	M283C	0.9975	pathogenic	p.(M283C)
P35372	M283D	0.9996	pathogenic	p.(M283D)
P35372	M283E	0.9992	pathogenic	p.(M283E)
P35372	M283F	0.9903	pathogenic	p.(M283F)
P35372	M283G	0.9976	pathogenic	p.(M283G)
P35372	M283H	0.9991	pathogenic	p.(M283H)
P35372	M283I	0.9977	pathogenic	p.(M283I)
P35372	M283K	0.9957	pathogenic	p.(M283K)
P35372	M283L	0.5541	ambiguous	p.(M283L)
P35372	M283N	0.995	pathogenic	p.(M283N)
P35372	M283P	0.9998	pathogenic	p.(M283P)
P35372	M283Q	0.9948	pathogenic	p.(M283Q)
P35372	M283R	0.9985	pathogenic	p.(M283R)
P35372	M283S	0.9974	pathogenic	p.(M283S)
P35372	M283T	0.9918	pathogenic	p.(M283T)
P35372	M283V	0.9655	pathogenic	p.(M283V)
P35372	M283W	0.9995	pathogenic	p.(M283W)
P35372	M283Y	0.9991	pathogenic	p.(M283Y)
P35372	V284A	0.993	pathogenic	p.(V284A)
P35372	V284C	0.9916	pathogenic	p.(V284C)
P35372	V284D	0.9981	pathogenic	p.(V284D)
P35372	V284E	0.9968	pathogenic	p.(V284E)
P35372	V284F	0.9832	pathogenic	p.(V284F)
P35372	V284G	0.9747	pathogenic	p.(V284G)
P35372	V284H	0.9988	pathogenic	p.(V284H)
P35372	V284I	0.7256	pathogenic	p.(V284I)
P35372	V284K	0.9989	pathogenic	p.(V284K)
P35372	V284L	0.9895	pathogenic	p.(V284L)
P35372	V284M	0.9943	pathogenic	p.(V284M)
P35372	V284N	0.9927	pathogenic	p.(V284N)
P35372	V284P	0.9926	pathogenic	p.(V284P)
P35372	V284Q	0.9962	pathogenic	p.(V284Q)
P35372	V284R	0.9946	pathogenic	p.(V284R)
P35372	V284S	0.9815	pathogenic	p.(V284S)
P35372	V284T	0.9757	pathogenic	p.(V284T)
P35372	V284W	0.9995	pathogenic	p.(V284W)
P35372	V284Y	0.9976	pathogenic	p.(V284Y)
P35372	L285A	0.7818	pathogenic	p.(L285A)
P35372	L285C	0.8702	pathogenic	p.(L285C)
P35372	L285D	0.9993	pathogenic	p.(L285D)
P35372	L285E	0.9955	pathogenic	p.(L285E)
P35372	L285F	0.6341	pathogenic	p.(L285F)
P35372	L285G	0.9328	pathogenic	p.(L285G)
P35372	L285H	0.9924	pathogenic	p.(L285H)
P35372	L285I	0.4176	ambiguous	p.(L285I)
P35372	L285K	0.9951	pathogenic	p.(L285K)
P35372	L285M	0.3213	benign	p.(L285M)
P35372	L285N	0.9888	pathogenic	p.(L285N)
P35372	L285P	0.9977	pathogenic	p.(L285P)
P35372	L285Q	0.9784	pathogenic	p.(L285Q)
P35372	L285R	0.9883	pathogenic	p.(L285R)
P35372	L285S	0.9222	pathogenic	p.(L285S)
P35372	L285T	0.8086	pathogenic	p.(L285T)
P35372	L285V	0.3326	benign	p.(L285V)
P35372	L285W	0.9521	pathogenic	p.(L285W)
P35372	L285Y	0.9834	pathogenic	p.(L285Y)
P35372	V286A	0.5746	pathogenic	p.(V286A)
P35372	V286C	0.8904	pathogenic	p.(V286C)
P35372	V286D	0.9922	pathogenic	p.(V286D)
P35372	V286E	0.9876	pathogenic	p.(V286E)
P35372	V286F	0.6299	pathogenic	p.(V286F)
P35372	V286G	0.7684	pathogenic	p.(V286G)
P35372	V286H	0.9917	pathogenic	p.(V286H)
P35372	V286I	0.139	benign	p.(V286I)
P35372	V286K	0.9931	pathogenic	p.(V286K)
P35372	V286L	0.7214	pathogenic	p.(V286L)
P35372	V286M	0.6163	pathogenic	p.(V286M)
P35372	V286N	0.9673	pathogenic	p.(V286N)
P35372	V286P	0.9959	pathogenic	p.(V286P)
P35372	V286Q	0.9802	pathogenic	p.(V286Q)
P35372	V286R	0.9873	pathogenic	p.(V286R)
P35372	V286S	0.7289	pathogenic	p.(V286S)
P35372	V286T	0.45	ambiguous	p.(V286T)
P35372	V286W	0.9861	pathogenic	p.(V286W)
P35372	V286Y	0.9735	pathogenic	p.(V286Y)
P35372	V287A	0.9852	pathogenic	p.(V287A)
P35372	V287C	0.9945	pathogenic	p.(V287C)
P35372	V287D	0.9982	pathogenic	p.(V287D)
P35372	V287E	0.9961	pathogenic	p.(V287E)
P35372	V287F	0.982	pathogenic	p.(V287F)
P35372	V287G	0.9892	pathogenic	p.(V287G)
P35372	V287H	0.9995	pathogenic	p.(V287H)
P35372	V287I	0.2065	benign	p.(V287I)
P35372	V287K	0.9992	pathogenic	p.(V287K)
P35372	V287L	0.9683	pathogenic	p.(V287L)
P35372	V287M	0.9678	pathogenic	p.(V287M)
P35372	V287N	0.9957	pathogenic	p.(V287N)
P35372	V287P	0.9955	pathogenic	p.(V287P)
P35372	V287Q	0.9978	pathogenic	p.(V287Q)
P35372	V287R	0.9975	pathogenic	p.(V287R)
P35372	V287S	0.9876	pathogenic	p.(V287S)
P35372	V287T	0.9523	pathogenic	p.(V287T)
P35372	V287W	0.9996	pathogenic	p.(V287W)
P35372	V287Y	0.9991	pathogenic	p.(V287Y)
P35372	V288A	0.9568	pathogenic	p.(V288A)
P35372	V288C	0.9877	pathogenic	p.(V288C)
P35372	V288D	0.9971	pathogenic	p.(V288D)
P35372	V288E	0.9944	pathogenic	p.(V288E)
P35372	V288F	0.986	pathogenic	p.(V288F)
P35372	V288G	0.9655	pathogenic	p.(V288G)
P35372	V288H	0.9994	pathogenic	p.(V288H)
P35372	V288I	0.4972	ambiguous	p.(V288I)
P35372	V288K	0.999	pathogenic	p.(V288K)
P35372	V288L	0.9843	pathogenic	p.(V288L)
P35372	V288M	0.9796	pathogenic	p.(V288M)
P35372	V288N	0.993	pathogenic	p.(V288N)
P35372	V288P	0.9963	pathogenic	p.(V288P)
P35372	V288Q	0.9968	pathogenic	p.(V288Q)
P35372	V288R	0.9966	pathogenic	p.(V288R)
P35372	V288S	0.9564	pathogenic	p.(V288S)
P35372	V288T	0.8685	pathogenic	p.(V288T)
P35372	V288W	0.9996	pathogenic	p.(V288W)
P35372	V288Y	0.9991	pathogenic	p.(V288Y)
P35372	A289C	0.5342	ambiguous	p.(A289C)
P35372	A289D	0.9963	pathogenic	p.(A289D)
P35372	A289E	0.9963	pathogenic	p.(A289E)
P35372	A289F	0.6147	pathogenic	p.(A289F)
P35372	A289G	0.2218	benign	p.(A289G)
P35372	A289H	0.9964	pathogenic	p.(A289H)
P35372	A289I	0.599	pathogenic	p.(A289I)
P35372	A289K	0.9993	pathogenic	p.(A289K)
P35372	A289L	0.3615	ambiguous	p.(A289L)
P35372	A289M	0.3803	ambiguous	p.(A289M)
P35372	A289N	0.9768	pathogenic	p.(A289N)
P35372	A289P	0.9979	pathogenic	p.(A289P)
P35372	A289Q	0.9917	pathogenic	p.(A289Q)
P35372	A289R	0.9982	pathogenic	p.(A289R)
P35372	A289S	0.271	benign	p.(A289S)
P35372	A289T	0.1905	benign	p.(A289T)
P35372	A289V	0.3588	ambiguous	p.(A289V)
P35372	A289W	0.9885	pathogenic	p.(A289W)
P35372	A289Y	0.9804	pathogenic	p.(A289Y)
P35372	V290A	0.4773	ambiguous	p.(V290A)
P35372	V290C	0.8343	pathogenic	p.(V290C)
P35372	V290D	0.9947	pathogenic	p.(V290D)
P35372	V290E	0.9934	pathogenic	p.(V290E)
P35372	V290F	0.7362	pathogenic	p.(V290F)
P35372	V290G	0.8098	pathogenic	p.(V290G)
P35372	V290H	0.9974	pathogenic	p.(V290H)
P35372	V290I	0.1714	benign	p.(V290I)
P35372	V290K	0.9985	pathogenic	p.(V290K)
P35372	V290L	0.7833	pathogenic	p.(V290L)
P35372	V290M	0.6581	pathogenic	p.(V290M)
P35372	V290N	0.9693	pathogenic	p.(V290N)
P35372	V290P	0.9966	pathogenic	p.(V290P)
P35372	V290Q	0.9889	pathogenic	p.(V290Q)
P35372	V290R	0.9956	pathogenic	p.(V290R)
P35372	V290S	0.7105	pathogenic	p.(V290S)
P35372	V290T	0.596	pathogenic	p.(V290T)
P35372	V290W	0.9972	pathogenic	p.(V290W)
P35372	V290Y	0.9914	pathogenic	p.(V290Y)
P35372	F291A	0.9989	pathogenic	p.(F291A)
P35372	F291C	0.997	pathogenic	p.(F291C)
P35372	F291D	0.9997	pathogenic	p.(F291D)
P35372	F291E	0.9997	pathogenic	p.(F291E)
P35372	F291G	0.9991	pathogenic	p.(F291G)
P35372	F291H	0.9986	pathogenic	p.(F291H)
P35372	F291I	0.9995	pathogenic	p.(F291I)
P35372	F291K	0.9999	pathogenic	p.(F291K)
P35372	F291L	0.9999	pathogenic	p.(F291L)
P35372	F291M	0.9989	pathogenic	p.(F291M)
P35372	F291N	0.9986	pathogenic	p.(F291N)
P35372	F291P	1	pathogenic	p.(F291P)
P35372	F291Q	0.9994	pathogenic	p.(F291Q)
P35372	F291R	0.9993	pathogenic	p.(F291R)
P35372	F291S	0.9987	pathogenic	p.(F291S)
P35372	F291T	0.9993	pathogenic	p.(F291T)
P35372	F291V	0.9988	pathogenic	p.(F291V)
P35372	F291W	0.9951	pathogenic	p.(F291W)
P35372	F291Y	0.9658	pathogenic	p.(F291Y)
P35372	I292A	0.8338	pathogenic	p.(I292A)
P35372	I292C	0.9369	pathogenic	p.(I292C)
P35372	I292D	0.9993	pathogenic	p.(I292D)
P35372	I292E	0.9983	pathogenic	p.(I292E)
P35372	I292F	0.8598	pathogenic	p.(I292F)
P35372	I292G	0.9868	pathogenic	p.(I292G)
P35372	I292H	0.9988	pathogenic	p.(I292H)
P35372	I292K	0.9989	pathogenic	p.(I292K)
P35372	I292L	0.4237	ambiguous	p.(I292L)
P35372	I292M	0.5241	ambiguous	p.(I292M)
P35372	I292N	0.9906	pathogenic	p.(I292N)
P35372	I292P	0.9967	pathogenic	p.(I292P)
P35372	I292Q	0.997	pathogenic	p.(I292Q)
P35372	I292R	0.9976	pathogenic	p.(I292R)
P35372	I292S	0.9315	pathogenic	p.(I292S)
P35372	I292T	0.6807	pathogenic	p.(I292T)
P35372	I292V	0.0984	benign	p.(I292V)
P35372	I292W	0.9976	pathogenic	p.(I292W)
P35372	I292Y	0.9955	pathogenic	p.(I292Y)
P35372	V293A	0.3334	benign	p.(V293A)
P35372	V293C	0.5966	pathogenic	p.(V293C)
P35372	V293D	0.9947	pathogenic	p.(V293D)
P35372	V293E	0.9935	pathogenic	p.(V293E)
P35372	V293F	0.2297	benign	p.(V293F)
P35372	V293G	0.4495	ambiguous	p.(V293G)
P35372	V293H	0.9944	pathogenic	p.(V293H)
P35372	V293I	0.0636	benign	p.(V293I)
P35372	V293K	0.9978	pathogenic	p.(V293K)
P35372	V293L	0.1813	benign	p.(V293L)
P35372	V293M	0.2636	benign	p.(V293M)
P35372	V293N	0.9682	pathogenic	p.(V293N)
P35372	V293P	0.9878	pathogenic	p.(V293P)
P35372	V293Q	0.9884	pathogenic	p.(V293Q)
P35372	V293R	0.9952	pathogenic	p.(V293R)
P35372	V293S	0.6879	pathogenic	p.(V293S)
P35372	V293T	0.4115	ambiguous	p.(V293T)
P35372	V293W	0.9809	pathogenic	p.(V293W)
P35372	V293Y	0.958	pathogenic	p.(V293Y)
P35372	C294A	0.9809	pathogenic	p.(C294A)
P35372	C294D	0.9995	pathogenic	p.(C294D)
P35372	C294E	0.9999	pathogenic	p.(C294E)
P35372	C294F	0.9751	pathogenic	p.(C294F)
P35372	C294G	0.965	pathogenic	p.(C294G)
P35372	C294H	0.9996	pathogenic	p.(C294H)
P35372	C294I	0.9991	pathogenic	p.(C294I)
P35372	C294K	1	pathogenic	p.(C294K)
P35372	C294L	0.9831	pathogenic	p.(C294L)
P35372	C294M	0.9925	pathogenic	p.(C294M)
P35372	C294N	0.9966	pathogenic	p.(C294N)
P35372	C294P	0.9999	pathogenic	p.(C294P)
P35372	C294Q	0.9997	pathogenic	p.(C294Q)
P35372	C294R	0.9997	pathogenic	p.(C294R)
P35372	C294S	0.9703	pathogenic	p.(C294S)
P35372	C294T	0.9892	pathogenic	p.(C294T)
P35372	C294V	0.9949	pathogenic	p.(C294V)
P35372	C294W	0.9993	pathogenic	p.(C294W)
P35372	C294Y	0.9992	pathogenic	p.(C294Y)
P35372	W295A	0.999	pathogenic	p.(W295A)
P35372	W295C	0.9992	pathogenic	p.(W295C)
P35372	W295D	0.9999	pathogenic	p.(W295D)
P35372	W295E	0.9998	pathogenic	p.(W295E)
P35372	W295F	0.9354	pathogenic	p.(W295F)
P35372	W295G	0.9979	pathogenic	p.(W295G)
P35372	W295H	0.999	pathogenic	p.(W295H)
P35372	W295I	0.9993	pathogenic	p.(W295I)
P35372	W295K	1	pathogenic	p.(W295K)
P35372	W295L	0.9973	pathogenic	p.(W295L)
P35372	W295M	0.9993	pathogenic	p.(W295M)
P35372	W295N	0.9998	pathogenic	p.(W295N)
P35372	W295P	0.9999	pathogenic	p.(W295P)
P35372	W295Q	0.9999	pathogenic	p.(W295Q)
P35372	W295R	0.9998	pathogenic	p.(W295R)
P35372	W295S	0.9979	pathogenic	p.(W295S)
P35372	W295T	0.9994	pathogenic	p.(W295T)
P35372	W295V	0.9991	pathogenic	p.(W295V)
P35372	W295Y	0.9887	pathogenic	p.(W295Y)
P35372	T296A	0.3045	benign	p.(T296A)
P35372	T296C	0.8359	pathogenic	p.(T296C)
P35372	T296D	0.9978	pathogenic	p.(T296D)
P35372	T296E	0.9963	pathogenic	p.(T296E)
P35372	T296F	0.8499	pathogenic	p.(T296F)
P35372	T296G	0.6159	pathogenic	p.(T296G)
P35372	T296H	0.9885	pathogenic	p.(T296H)
P35372	T296I	0.9186	pathogenic	p.(T296I)
P35372	T296K	0.9973	pathogenic	p.(T296K)
P35372	T296L	0.3717	ambiguous	p.(T296L)
P35372	T296M	0.231	benign	p.(T296M)
P35372	T296N	0.9516	pathogenic	p.(T296N)
P35372	T296P	0.9811	pathogenic	p.(T296P)
P35372	T296Q	0.9843	pathogenic	p.(T296Q)
P35372	T296R	0.9968	pathogenic	p.(T296R)
P35372	T296S	0.5779	pathogenic	p.(T296S)
P35372	T296V	0.7742	pathogenic	p.(T296V)
P35372	T296W	0.994	pathogenic	p.(T296W)
P35372	T296Y	0.984	pathogenic	p.(T296Y)
P35372	P297A	0.9885	pathogenic	p.(P297A)
P35372	P297C	0.9995	pathogenic	p.(P297C)
P35372	P297D	0.9998	pathogenic	p.(P297D)
P35372	P297E	0.9998	pathogenic	p.(P297E)
P35372	P297F	0.9994	pathogenic	p.(P297F)
P35372	P297G	0.9971	pathogenic	p.(P297G)
P35372	P297H	0.9996	pathogenic	p.(P297H)
P35372	P297I	0.998	pathogenic	p.(P297I)
P35372	P297K	0.9999	pathogenic	p.(P297K)
P35372	P297L	0.9911	pathogenic	p.(P297L)
P35372	P297M	0.9987	pathogenic	p.(P297M)
P35372	P297N	0.9998	pathogenic	p.(P297N)
P35372	P297Q	0.9995	pathogenic	p.(P297Q)
P35372	P297R	0.9996	pathogenic	p.(P297R)
P35372	P297S	0.9976	pathogenic	p.(P297S)
P35372	P297T	0.9953	pathogenic	p.(P297T)
P35372	P297V	0.994	pathogenic	p.(P297V)
P35372	P297W	0.9999	pathogenic	p.(P297W)
P35372	P297Y	0.9998	pathogenic	p.(P297Y)
P35372	I298A	0.9908	pathogenic	p.(I298A)
P35372	I298C	0.9978	pathogenic	p.(I298C)
P35372	I298D	0.9997	pathogenic	p.(I298D)
P35372	I298E	0.9989	pathogenic	p.(I298E)
P35372	I298F	0.9298	pathogenic	p.(I298F)
P35372	I298G	0.9987	pathogenic	p.(I298G)
P35372	I298H	0.9994	pathogenic	p.(I298H)
P35372	I298K	0.9991	pathogenic	p.(I298K)
P35372	I298L	0.7565	pathogenic	p.(I298L)
P35372	I298M	0.8848	pathogenic	p.(I298M)
P35372	I298N	0.9957	pathogenic	p.(I298N)
P35372	I298P	0.9924	pathogenic	p.(I298P)
P35372	I298Q	0.9985	pathogenic	p.(I298Q)
P35372	I298R	0.9974	pathogenic	p.(I298R)
P35372	I298S	0.9935	pathogenic	p.(I298S)
P35372	I298T	0.9934	pathogenic	p.(I298T)
P35372	I298V	0.4046	ambiguous	p.(I298V)
P35372	I298W	0.9984	pathogenic	p.(I298W)
P35372	I298Y	0.9942	pathogenic	p.(I298Y)
P35372	H299A	0.9949	pathogenic	p.(H299A)
P35372	H299C	0.9427	pathogenic	p.(H299C)
P35372	H299D	0.9978	pathogenic	p.(H299D)
P35372	H299E	0.9934	pathogenic	p.(H299E)
P35372	H299F	0.9711	pathogenic	p.(H299F)
P35372	H299G	0.9974	pathogenic	p.(H299G)
P35372	H299I	0.9961	pathogenic	p.(H299I)
P35372	H299K	0.9989	pathogenic	p.(H299K)
P35372	H299L	0.9763	pathogenic	p.(H299L)
P35372	H299M	0.989	pathogenic	p.(H299M)
P35372	H299N	0.9486	pathogenic	p.(H299N)
P35372	H299P	0.9944	pathogenic	p.(H299P)
P35372	H299Q	0.9676	pathogenic	p.(H299Q)
P35372	H299R	0.9975	pathogenic	p.(H299R)
P35372	H299S	0.9834	pathogenic	p.(H299S)
P35372	H299T	0.9966	pathogenic	p.(H299T)
P35372	H299V	0.9963	pathogenic	p.(H299V)
P35372	H299W	0.9704	pathogenic	p.(H299W)
P35372	H299Y	0.9595	pathogenic	p.(H299Y)
P35372	I300A	0.5686	pathogenic	p.(I300A)
P35372	I300C	0.7446	pathogenic	p.(I300C)
P35372	I300D	0.9982	pathogenic	p.(I300D)
P35372	I300E	0.9965	pathogenic	p.(I300E)
P35372	I300F	0.4037	ambiguous	p.(I300F)
P35372	I300G	0.8645	pathogenic	p.(I300G)
P35372	I300H	0.9942	pathogenic	p.(I300H)
P35372	I300K	0.9974	pathogenic	p.(I300K)
P35372	I300L	0.1493	benign	p.(I300L)
P35372	I300M	0.2204	benign	p.(I300M)
P35372	I300N	0.9654	pathogenic	p.(I300N)
P35372	I300P	0.9983	pathogenic	p.(I300P)
P35372	I300Q	0.9922	pathogenic	p.(I300Q)
P35372	I300R	0.9946	pathogenic	p.(I300R)
P35372	I300S	0.7394	pathogenic	p.(I300S)
P35372	I300T	0.5212	ambiguous	p.(I300T)
P35372	I300V	0.0801	benign	p.(I300V)
P35372	I300W	0.9908	pathogenic	p.(I300W)
P35372	I300Y	0.975	pathogenic	p.(I300Y)
P35372	Y301A	0.8496	pathogenic	p.(Y301A)
P35372	Y301C	0.5548	ambiguous	p.(Y301C)
P35372	Y301D	0.9454	pathogenic	p.(Y301D)
P35372	Y301E	0.9872	pathogenic	p.(Y301E)
P35372	Y301F	0.0648	benign	p.(Y301F)
P35372	Y301G	0.8822	pathogenic	p.(Y301G)
P35372	Y301H	0.7537	pathogenic	p.(Y301H)
P35372	Y301I	0.8401	pathogenic	p.(Y301I)
P35372	Y301K	0.9902	pathogenic	p.(Y301K)
P35372	Y301L	0.6978	pathogenic	p.(Y301L)
P35372	Y301M	0.8459	pathogenic	p.(Y301M)
P35372	Y301N	0.8144	pathogenic	p.(Y301N)
P35372	Y301P	0.9961	pathogenic	p.(Y301P)
P35372	Y301Q	0.9662	pathogenic	p.(Y301Q)
P35372	Y301R	0.9656	pathogenic	p.(Y301R)
P35372	Y301S	0.6671	pathogenic	p.(Y301S)
P35372	Y301T	0.8789	pathogenic	p.(Y301T)
P35372	Y301V	0.7254	pathogenic	p.(Y301V)
P35372	Y301W	0.5341	ambiguous	p.(Y301W)
P35372	V302A	0.9439	pathogenic	p.(V302A)
P35372	V302C	0.9792	pathogenic	p.(V302C)
P35372	V302D	0.9938	pathogenic	p.(V302D)
P35372	V302E	0.9826	pathogenic	p.(V302E)
P35372	V302F	0.9153	pathogenic	p.(V302F)
P35372	V302G	0.9289	pathogenic	p.(V302G)
P35372	V302H	0.9951	pathogenic	p.(V302H)
P35372	V302I	0.1545	benign	p.(V302I)
P35372	V302K	0.9937	pathogenic	p.(V302K)
P35372	V302L	0.8843	pathogenic	p.(V302L)
P35372	V302M	0.8642	pathogenic	p.(V302M)
P35372	V302N	0.9618	pathogenic	p.(V302N)
P35372	V302P	0.9971	pathogenic	p.(V302P)
P35372	V302Q	0.9775	pathogenic	p.(V302Q)
P35372	V302R	0.9853	pathogenic	p.(V302R)
P35372	V302S	0.9407	pathogenic	p.(V302S)
P35372	V302T	0.8826	pathogenic	p.(V302T)
P35372	V302W	0.9982	pathogenic	p.(V302W)
P35372	V302Y	0.988	pathogenic	p.(V302Y)
P35372	I303A	0.9215	pathogenic	p.(I303A)
P35372	I303C	0.9739	pathogenic	p.(I303C)
P35372	I303D	0.9988	pathogenic	p.(I303D)
P35372	I303E	0.9969	pathogenic	p.(I303E)
P35372	I303F	0.741	pathogenic	p.(I303F)
P35372	I303G	0.9846	pathogenic	p.(I303G)
P35372	I303H	0.9979	pathogenic	p.(I303H)
P35372	I303K	0.9976	pathogenic	p.(I303K)
P35372	I303L	0.223	benign	p.(I303L)
P35372	I303M	0.2631	benign	p.(I303M)
P35372	I303N	0.9744	pathogenic	p.(I303N)
P35372	I303P	0.9953	pathogenic	p.(I303P)
P35372	I303Q	0.9939	pathogenic	p.(I303Q)
P35372	I303R	0.9963	pathogenic	p.(I303R)
P35372	I303S	0.956	pathogenic	p.(I303S)
P35372	I303T	0.9148	pathogenic	p.(I303T)
P35372	I303V	0.2708	benign	p.(I303V)
P35372	I303W	0.9961	pathogenic	p.(I303W)
P35372	I303Y	0.9904	pathogenic	p.(I303Y)
P35372	I304A	0.4803	ambiguous	p.(I304A)
P35372	I304C	0.6772	pathogenic	p.(I304C)
P35372	I304D	0.9908	pathogenic	p.(I304D)
P35372	I304E	0.9756	pathogenic	p.(I304E)
P35372	I304F	0.1873	benign	p.(I304F)
P35372	I304G	0.7659	pathogenic	p.(I304G)
P35372	I304H	0.9535	pathogenic	p.(I304H)
P35372	I304K	0.9683	pathogenic	p.(I304K)
P35372	I304L	0.092	benign	p.(I304L)
P35372	I304M	0.1453	benign	p.(I304M)
P35372	I304N	0.8948	pathogenic	p.(I304N)
P35372	I304P	0.9906	pathogenic	p.(I304P)
P35372	I304Q	0.9391	pathogenic	p.(I304Q)
P35372	I304R	0.9386	pathogenic	p.(I304R)
P35372	I304S	0.625	pathogenic	p.(I304S)
P35372	I304T	0.4484	ambiguous	p.(I304T)
P35372	I304V	0.0771	benign	p.(I304V)
P35372	I304W	0.8983	pathogenic	p.(I304W)
P35372	I304Y	0.8151	pathogenic	p.(I304Y)
P35372	K305A	0.7435	pathogenic	p.(K305A)
P35372	K305C	0.9127	pathogenic	p.(K305C)
P35372	K305D	0.8458	pathogenic	p.(K305D)
P35372	K305E	0.4747	ambiguous	p.(K305E)
P35372	K305F	0.9672	pathogenic	p.(K305F)
P35372	K305G	0.8038	pathogenic	p.(K305G)
P35372	K305H	0.4707	ambiguous	p.(K305H)
P35372	K305I	0.8783	pathogenic	p.(K305I)
P35372	K305L	0.7748	pathogenic	p.(K305L)
P35372	K305M	0.6592	pathogenic	p.(K305M)
P35372	K305N	0.7745	pathogenic	p.(K305N)
P35372	K305P	0.987	pathogenic	p.(K305P)
P35372	K305Q	0.2354	benign	p.(K305Q)
P35372	K305R	0.1107	benign	p.(K305R)
P35372	K305S	0.7058	pathogenic	p.(K305S)
P35372	K305T	0.446	ambiguous	p.(K305T)
P35372	K305V	0.8111	pathogenic	p.(K305V)
P35372	K305W	0.9199	pathogenic	p.(K305W)
P35372	K305Y	0.8887	pathogenic	p.(K305Y)
P35372	A306C	0.9022	pathogenic	p.(A306C)
P35372	A306D	0.9751	pathogenic	p.(A306D)
P35372	A306E	0.9547	pathogenic	p.(A306E)
P35372	A306F	0.9211	pathogenic	p.(A306F)
P35372	A306G	0.5438	ambiguous	p.(A306G)
P35372	A306H	0.9546	pathogenic	p.(A306H)
P35372	A306I	0.9165	pathogenic	p.(A306I)
P35372	A306K	0.9927	pathogenic	p.(A306K)
P35372	A306L	0.8458	pathogenic	p.(A306L)
P35372	A306M	0.8006	pathogenic	p.(A306M)
P35372	A306N	0.8833	pathogenic	p.(A306N)
P35372	A306P	0.9942	pathogenic	p.(A306P)
P35372	A306Q	0.9204	pathogenic	p.(A306Q)
P35372	A306R	0.9817	pathogenic	p.(A306R)
P35372	A306S	0.2267	benign	p.(A306S)
P35372	A306T	0.4032	ambiguous	p.(A306T)
P35372	A306V	0.731	pathogenic	p.(A306V)
P35372	A306W	0.9883	pathogenic	p.(A306W)
P35372	A306Y	0.9498	pathogenic	p.(A306Y)
P35372	L307A	0.6736	pathogenic	p.(L307A)
P35372	L307C	0.8979	pathogenic	p.(L307C)
P35372	L307D	0.9962	pathogenic	p.(L307D)
P35372	L307E	0.9728	pathogenic	p.(L307E)
P35372	L307F	0.3785	ambiguous	p.(L307F)
P35372	L307G	0.9474	pathogenic	p.(L307G)
P35372	L307H	0.9501	pathogenic	p.(L307H)
P35372	L307I	0.2433	benign	p.(L307I)
P35372	L307K	0.9606	pathogenic	p.(L307K)
P35372	L307M	0.1777	benign	p.(L307M)
P35372	L307N	0.9634	pathogenic	p.(L307N)
P35372	L307P	0.9923	pathogenic	p.(L307P)
P35372	L307Q	0.8784	pathogenic	p.(L307Q)
P35372	L307R	0.9295	pathogenic	p.(L307R)
P35372	L307S	0.8919	pathogenic	p.(L307S)
P35372	L307T	0.683	pathogenic	p.(L307T)
P35372	L307V	0.2229	benign	p.(L307V)
P35372	L307W	0.8267	pathogenic	p.(L307W)
P35372	L307Y	0.9157	pathogenic	p.(L307Y)
P35372	V308A	0.3228	benign	p.(V308A)
P35372	V308C	0.7066	pathogenic	p.(V308C)
P35372	V308D	0.7674	pathogenic	p.(V308D)
P35372	V308E	0.7161	pathogenic	p.(V308E)
P35372	V308F	0.1327	benign	p.(V308F)
P35372	V308G	0.4007	ambiguous	p.(V308G)
P35372	V308H	0.6828	pathogenic	p.(V308H)
P35372	V308I	0.063	benign	p.(V308I)
P35372	V308K	0.699	pathogenic	p.(V308K)
P35372	V308L	0.1627	benign	p.(V308L)
P35372	V308M	0.1573	benign	p.(V308M)
P35372	V308N	0.5599	ambiguous	p.(V308N)
P35372	V308P	0.9372	pathogenic	p.(V308P)
P35372	V308Q	0.613	pathogenic	p.(V308Q)
P35372	V308R	0.6042	pathogenic	p.(V308R)
P35372	V308S	0.4102	ambiguous	p.(V308S)
P35372	V308T	0.3074	benign	p.(V308T)
P35372	V308W	0.6842	pathogenic	p.(V308W)
P35372	V308Y	0.4989	ambiguous	p.(V308Y)
P35372	T309A	0.0647	benign	p.(T309A)
P35372	T309C	0.3655	ambiguous	p.(T309C)
P35372	T309D	0.0944	benign	p.(T309D)
P35372	T309E	0.1373	benign	p.(T309E)
P35372	T309F	0.1969	benign	p.(T309F)
P35372	T309G	0.1415	benign	p.(T309G)
P35372	T309H	0.0851	benign	p.(T309H)
P35372	T309I	0.1476	benign	p.(T309I)
P35372	T309K	0.1122	benign	p.(T309K)
P35372	T309L	0.1052	benign	p.(T309L)
P35372	T309M	0.1108	benign	p.(T309M)
P35372	T309N	0.0502	benign	p.(T309N)
P35372	T309P	0.0704	benign	p.(T309P)
P35372	T309Q	0.1072	benign	p.(T309Q)
P35372	T309R	0.0983	benign	p.(T309R)
P35372	T309S	0.0654	benign	p.(T309S)
P35372	T309V	0.1164	benign	p.(T309V)
P35372	T309W	0.3873	ambiguous	p.(T309W)
P35372	T309Y	0.1539	benign	p.(T309Y)
P35372	I310A	0.8078	pathogenic	p.(I310A)
P35372	I310C	0.9575	pathogenic	p.(I310C)
P35372	I310D	0.9682	pathogenic	p.(I310D)
P35372	I310E	0.9474	pathogenic	p.(I310E)
P35372	I310F	0.3118	benign	p.(I310F)
P35372	I310G	0.958	pathogenic	p.(I310G)
P35372	I310H	0.9267	pathogenic	p.(I310H)
P35372	I310K	0.9258	pathogenic	p.(I310K)
P35372	I310L	0.1625	benign	p.(I310L)
P35372	I310M	0.2544	benign	p.(I310M)
P35372	I310N	0.8561	pathogenic	p.(I310N)
P35372	I310P	0.8602	pathogenic	p.(I310P)
P35372	I310Q	0.9152	pathogenic	p.(I310Q)
P35372	I310R	0.8906	pathogenic	p.(I310R)
P35372	I310S	0.8452	pathogenic	p.(I310S)
P35372	I310T	0.819	pathogenic	p.(I310T)
P35372	I310V	0.1014	benign	p.(I310V)
P35372	I310W	0.9161	pathogenic	p.(I310W)
P35372	I310Y	0.8303	pathogenic	p.(I310Y)
P35372	P311A	0.4102	ambiguous	p.(P311A)
P35372	P311C	0.967	pathogenic	p.(P311C)
P35372	P311D	0.6161	pathogenic	p.(P311D)
P35372	P311E	0.4533	ambiguous	p.(P311E)
P35372	P311F	0.9662	pathogenic	p.(P311F)
P35372	P311G	0.6417	pathogenic	p.(P311G)
P35372	P311H	0.4986	ambiguous	p.(P311H)
P35372	P311I	0.9422	pathogenic	p.(P311I)
P35372	P311K	0.4952	ambiguous	p.(P311K)
P35372	P311L	0.744	pathogenic	p.(P311L)
P35372	P311M	0.9161	pathogenic	p.(P311M)
P35372	P311N	0.6655	pathogenic	p.(P311N)
P35372	P311Q	0.3841	ambiguous	p.(P311Q)
P35372	P311R	0.3474	ambiguous	p.(P311R)
P35372	P311S	0.3428	ambiguous	p.(P311S)
P35372	P311T	0.4397	ambiguous	p.(P311T)
P35372	P311V	0.8537	pathogenic	p.(P311V)
P35372	P311W	0.9388	pathogenic	p.(P311W)
P35372	P311Y	0.9183	pathogenic	p.(P311Y)
P35372	E312A	0.1747	benign	p.(E312A)
P35372	E312C	0.9151	pathogenic	p.(E312C)
P35372	E312D	0.1047	benign	p.(E312D)
P35372	E312F	0.8418	pathogenic	p.(E312F)
P35372	E312G	0.1793	benign	p.(E312G)
P35372	E312H	0.4157	ambiguous	p.(E312H)
P35372	E312I	0.5705	pathogenic	p.(E312I)
P35372	E312K	0.1933	benign	p.(E312K)
P35372	E312L	0.5273	ambiguous	p.(E312L)
P35372	E312M	0.6086	pathogenic	p.(E312M)
P35372	E312N	0.2366	benign	p.(E312N)
P35372	E312P	0.2752	benign	p.(E312P)
P35372	E312Q	0.1343	benign	p.(E312Q)
P35372	E312R	0.2694	benign	p.(E312R)
P35372	E312S	0.1728	benign	p.(E312S)
P35372	E312T	0.2606	benign	p.(E312T)
P35372	E312V	0.3417	ambiguous	p.(E312V)
P35372	E312W	0.9058	pathogenic	p.(E312W)
P35372	E312Y	0.6822	pathogenic	p.(E312Y)
P35372	T313A	0.2666	benign	p.(T313A)
P35372	T313C	0.7904	pathogenic	p.(T313C)
P35372	T313D	0.2379	benign	p.(T313D)
P35372	T313E	0.447	ambiguous	p.(T313E)
P35372	T313F	0.7896	pathogenic	p.(T313F)
P35372	T313G	0.2355	benign	p.(T313G)
P35372	T313H	0.3376	benign	p.(T313H)
P35372	T313I	0.8291	pathogenic	p.(T313I)
P35372	T313K	0.4287	ambiguous	p.(T313K)
P35372	T313L	0.5012	ambiguous	p.(T313L)
P35372	T313M	0.3089	benign	p.(T313M)
P35372	T313N	0.0802	benign	p.(T313N)
P35372	T313P	0.5649	pathogenic	p.(T313P)
P35372	T313Q	0.3776	ambiguous	p.(T313Q)
P35372	T313R	0.4047	ambiguous	p.(T313R)
P35372	T313S	0.0828	benign	p.(T313S)
P35372	T313V	0.6757	pathogenic	p.(T313V)
P35372	T313W	0.8389	pathogenic	p.(T313W)
P35372	T313Y	0.5803	pathogenic	p.(T313Y)
P35372	T314A	0.0696	benign	p.(T314A)
P35372	T314C	0.7054	pathogenic	p.(T314C)
P35372	T314D	0.2918	benign	p.(T314D)
P35372	T314E	0.2834	benign	p.(T314E)
P35372	T314F	0.2695	benign	p.(T314F)
P35372	T314G	0.222	benign	p.(T314G)
P35372	T314H	0.2366	benign	p.(T314H)
P35372	T314I	0.1393	benign	p.(T314I)
P35372	T314K	0.1927	benign	p.(T314K)
P35372	T314L	0.0801	benign	p.(T314L)
P35372	T314M	0.1028	benign	p.(T314M)
P35372	T314N	0.1466	benign	p.(T314N)
P35372	T314P	0.0753	benign	p.(T314P)
P35372	T314Q	0.2073	benign	p.(T314Q)
P35372	T314R	0.1469	benign	p.(T314R)
P35372	T314S	0.1148	benign	p.(T314S)
P35372	T314V	0.1127	benign	p.(T314V)
P35372	T314W	0.5541	ambiguous	p.(T314W)
P35372	T314Y	0.3304	benign	p.(T314Y)
P35372	F315A	0.37	ambiguous	p.(F315A)
P35372	F315C	0.6815	pathogenic	p.(F315C)
P35372	F315D	0.9374	pathogenic	p.(F315D)
P35372	F315E	0.9058	pathogenic	p.(F315E)
P35372	F315G	0.7138	pathogenic	p.(F315G)
P35372	F315H	0.85	pathogenic	p.(F315H)
P35372	F315I	0.1739	benign	p.(F315I)
P35372	F315K	0.9273	pathogenic	p.(F315K)
P35372	F315L	0.4758	ambiguous	p.(F315L)
P35372	F315M	0.4005	ambiguous	p.(F315M)
P35372	F315N	0.873	pathogenic	p.(F315N)
P35372	F315P	0.8638	pathogenic	p.(F315P)
P35372	F315Q	0.8602	pathogenic	p.(F315Q)
P35372	F315R	0.8502	pathogenic	p.(F315R)
P35372	F315S	0.5132	ambiguous	p.(F315S)
P35372	F315T	0.4742	ambiguous	p.(F315T)
P35372	F315V	0.1619	benign	p.(F315V)
P35372	F315W	0.4512	ambiguous	p.(F315W)
P35372	F315Y	0.2945	benign	p.(F315Y)
P35372	Q316A	0.3579	ambiguous	p.(Q316A)
P35372	Q316C	0.9319	pathogenic	p.(Q316C)
P35372	Q316D	0.7606	pathogenic	p.(Q316D)
P35372	Q316E	0.1018	benign	p.(Q316E)
P35372	Q316F	0.8903	pathogenic	p.(Q316F)
P35372	Q316G	0.5376	ambiguous	p.(Q316G)
P35372	Q316H	0.5144	ambiguous	p.(Q316H)
P35372	Q316I	0.6902	pathogenic	p.(Q316I)
P35372	Q316K	0.34	benign	p.(Q316K)
P35372	Q316L	0.3568	ambiguous	p.(Q316L)
P35372	Q316M	0.5674	pathogenic	p.(Q316M)
P35372	Q316N	0.6507	pathogenic	p.(Q316N)
P35372	Q316P	0.7496	pathogenic	p.(Q316P)
P35372	Q316R	0.3115	benign	p.(Q316R)
P35372	Q316S	0.4166	ambiguous	p.(Q316S)
P35372	Q316T	0.3719	ambiguous	p.(Q316T)
P35372	Q316V	0.499	ambiguous	p.(Q316V)
P35372	Q316W	0.8808	pathogenic	p.(Q316W)
P35372	Q316Y	0.8036	pathogenic	p.(Q316Y)
P35372	T317A	0.1142	benign	p.(T317A)
P35372	T317C	0.8019	pathogenic	p.(T317C)
P35372	T317D	0.4486	ambiguous	p.(T317D)
P35372	T317E	0.3526	ambiguous	p.(T317E)
P35372	T317F	0.5126	ambiguous	p.(T317F)
P35372	T317G	0.371	ambiguous	p.(T317G)
P35372	T317H	0.3596	ambiguous	p.(T317H)
P35372	T317I	0.2911	benign	p.(T317I)
P35372	T317K	0.2771	benign	p.(T317K)
P35372	T317L	0.1763	benign	p.(T317L)
P35372	T317M	0.1094	benign	p.(T317M)
P35372	T317N	0.1778	benign	p.(T317N)
P35372	T317P	0.8021	pathogenic	p.(T317P)
P35372	T317Q	0.2553	benign	p.(T317Q)
P35372	T317R	0.246	benign	p.(T317R)
P35372	T317S	0.1585	benign	p.(T317S)
P35372	T317V	0.1965	benign	p.(T317V)
P35372	T317W	0.7642	pathogenic	p.(T317W)
P35372	T317Y	0.4821	ambiguous	p.(T317Y)
P35372	V318A	0.3297	benign	p.(V318A)
P35372	V318C	0.8823	pathogenic	p.(V318C)
P35372	V318D	0.977	pathogenic	p.(V318D)
P35372	V318E	0.9396	pathogenic	p.(V318E)
P35372	V318F	0.2371	benign	p.(V318F)
P35372	V318G	0.6591	pathogenic	p.(V318G)
P35372	V318H	0.9655	pathogenic	p.(V318H)
P35372	V318I	0.0772	benign	p.(V318I)
P35372	V318K	0.9593	pathogenic	p.(V318K)
P35372	V318L	0.2562	benign	p.(V318L)
P35372	V318M	0.2183	benign	p.(V318M)
P35372	V318N	0.9018	pathogenic	p.(V318N)
P35372	V318P	0.986	pathogenic	p.(V318P)
P35372	V318Q	0.9238	pathogenic	p.(V318Q)
P35372	V318R	0.9282	pathogenic	p.(V318R)
P35372	V318S	0.6716	pathogenic	p.(V318S)
P35372	V318T	0.4938	ambiguous	p.(V318T)
P35372	V318W	0.9056	pathogenic	p.(V318W)
P35372	V318Y	0.7945	pathogenic	p.(V318Y)
P35372	S319A	0.0742	benign	p.(S319A)
P35372	S319C	0.1056	benign	p.(S319C)
P35372	S319D	0.9893	pathogenic	p.(S319D)
P35372	S319E	0.9876	pathogenic	p.(S319E)
P35372	S319F	0.4233	ambiguous	p.(S319F)
P35372	S319G	0.1712	benign	p.(S319G)
P35372	S319H	0.9528	pathogenic	p.(S319H)
P35372	S319I	0.3138	benign	p.(S319I)
P35372	S319K	0.997	pathogenic	p.(S319K)
P35372	S319L	0.1753	benign	p.(S319L)
P35372	S319M	0.2088	benign	p.(S319M)
P35372	S319N	0.8056	pathogenic	p.(S319N)
P35372	S319P	0.9544	pathogenic	p.(S319P)
P35372	S319Q	0.9642	pathogenic	p.(S319Q)
P35372	S319R	0.9935	pathogenic	p.(S319R)
P35372	S319T	0.0605	benign	p.(S319T)
P35372	S319V	0.2278	benign	p.(S319V)
P35372	S319W	0.8267	pathogenic	p.(S319W)
P35372	S319Y	0.7817	pathogenic	p.(S319Y)
P35372	W320A	0.9624	pathogenic	p.(W320A)
P35372	W320C	0.9908	pathogenic	p.(W320C)
P35372	W320D	0.9961	pathogenic	p.(W320D)
P35372	W320E	0.9923	pathogenic	p.(W320E)
P35372	W320F	0.4956	ambiguous	p.(W320F)
P35372	W320G	0.9121	pathogenic	p.(W320G)
P35372	W320H	0.9754	pathogenic	p.(W320H)
P35372	W320I	0.9625	pathogenic	p.(W320I)
P35372	W320K	0.9963	pathogenic	p.(W320K)
P35372	W320L	0.7284	pathogenic	p.(W320L)
P35372	W320M	0.931	pathogenic	p.(W320M)
P35372	W320N	0.9892	pathogenic	p.(W320N)
P35372	W320P	0.9991	pathogenic	p.(W320P)
P35372	W320Q	0.9889	pathogenic	p.(W320Q)
P35372	W320R	0.9894	pathogenic	p.(W320R)
P35372	W320S	0.9306	pathogenic	p.(W320S)
P35372	W320T	0.9628	pathogenic	p.(W320T)
P35372	W320V	0.9435	pathogenic	p.(W320V)
P35372	W320Y	0.7114	pathogenic	p.(W320Y)
P35372	H321A	0.9806	pathogenic	p.(H321A)
P35372	H321C	0.8986	pathogenic	p.(H321C)
P35372	H321D	0.9569	pathogenic	p.(H321D)
P35372	H321E	0.9639	pathogenic	p.(H321E)
P35372	H321F	0.859	pathogenic	p.(H321F)
P35372	H321G	0.9843	pathogenic	p.(H321G)
P35372	H321I	0.9765	pathogenic	p.(H321I)
P35372	H321K	0.9515	pathogenic	p.(H321K)
P35372	H321L	0.866	pathogenic	p.(H321L)
P35372	H321M	0.9739	pathogenic	p.(H321M)
P35372	H321N	0.7237	pathogenic	p.(H321N)
P35372	H321P	0.9828	pathogenic	p.(H321P)
P35372	H321Q	0.9021	pathogenic	p.(H321Q)
P35372	H321R	0.8766	pathogenic	p.(H321R)
P35372	H321S	0.951	pathogenic	p.(H321S)
P35372	H321T	0.9776	pathogenic	p.(H321T)
P35372	H321V	0.9704	pathogenic	p.(H321V)
P35372	H321W	0.8948	pathogenic	p.(H321W)
P35372	H321Y	0.5105	ambiguous	p.(H321Y)
P35372	F322A	0.5819	pathogenic	p.(F322A)
P35372	F322C	0.3528	ambiguous	p.(F322C)
P35372	F322D	0.9989	pathogenic	p.(F322D)
P35372	F322E	0.9989	pathogenic	p.(F322E)
P35372	F322G	0.8356	pathogenic	p.(F322G)
P35372	F322H	0.9928	pathogenic	p.(F322H)
P35372	F322I	0.1961	benign	p.(F322I)
P35372	F322K	0.9994	pathogenic	p.(F322K)
P35372	F322L	0.6476	pathogenic	p.(F322L)
P35372	F322M	0.5116	ambiguous	p.(F322M)
P35372	F322N	0.9898	pathogenic	p.(F322N)
P35372	F322P	0.9996	pathogenic	p.(F322P)
P35372	F322Q	0.9964	pathogenic	p.(F322Q)
P35372	F322R	0.9977	pathogenic	p.(F322R)
P35372	F322S	0.7796	pathogenic	p.(F322S)
P35372	F322T	0.6782	pathogenic	p.(F322T)
P35372	F322V	0.1665	benign	p.(F322V)
P35372	F322W	0.9063	pathogenic	p.(F322W)
P35372	F322Y	0.7159	pathogenic	p.(F322Y)
P35372	C323A	0.866	pathogenic	p.(C323A)
P35372	C323D	0.9993	pathogenic	p.(C323D)
P35372	C323E	0.9998	pathogenic	p.(C323E)
P35372	C323F	0.9032	pathogenic	p.(C323F)
P35372	C323G	0.858	pathogenic	p.(C323G)
P35372	C323H	0.9985	pathogenic	p.(C323H)
P35372	C323I	0.9855	pathogenic	p.(C323I)
P35372	C323K	1	pathogenic	p.(C323K)
P35372	C323L	0.9331	pathogenic	p.(C323L)
P35372	C323M	0.958	pathogenic	p.(C323M)
P35372	C323N	0.9932	pathogenic	p.(C323N)
P35372	C323P	0.9994	pathogenic	p.(C323P)
P35372	C323Q	0.9986	pathogenic	p.(C323Q)
P35372	C323R	0.9992	pathogenic	p.(C323R)
P35372	C323S	0.8062	pathogenic	p.(C323S)
P35372	C323T	0.9183	pathogenic	p.(C323T)
P35372	C323V	0.9393	pathogenic	p.(C323V)
P35372	C323W	0.9961	pathogenic	p.(C323W)
P35372	C323Y	0.9967	pathogenic	p.(C323Y)
P35372	I324A	0.9761	pathogenic	p.(I324A)
P35372	I324C	0.9953	pathogenic	p.(I324C)
P35372	I324D	0.9991	pathogenic	p.(I324D)
P35372	I324E	0.9941	pathogenic	p.(I324E)
P35372	I324F	0.9621	pathogenic	p.(I324F)
P35372	I324G	0.9974	pathogenic	p.(I324G)
P35372	I324H	0.998	pathogenic	p.(I324H)
P35372	I324K	0.9937	pathogenic	p.(I324K)
P35372	I324L	0.7275	pathogenic	p.(I324L)
P35372	I324M	0.745	pathogenic	p.(I324M)
P35372	I324N	0.9874	pathogenic	p.(I324N)
P35372	I324P	0.9981	pathogenic	p.(I324P)
P35372	I324Q	0.9941	pathogenic	p.(I324Q)
P35372	I324R	0.9906	pathogenic	p.(I324R)
P35372	I324S	0.9812	pathogenic	p.(I324S)
P35372	I324T	0.8949	pathogenic	p.(I324T)
P35372	I324V	0.2711	benign	p.(I324V)
P35372	I324W	0.9981	pathogenic	p.(I324W)
P35372	I324Y	0.9947	pathogenic	p.(I324Y)
P35372	A325C	0.8741	pathogenic	p.(A325C)
P35372	A325D	0.9992	pathogenic	p.(A325D)
P35372	A325E	0.999	pathogenic	p.(A325E)
P35372	A325F	0.9549	pathogenic	p.(A325F)
P35372	A325G	0.7478	pathogenic	p.(A325G)
P35372	A325H	0.9985	pathogenic	p.(A325H)
P35372	A325I	0.938	pathogenic	p.(A325I)
P35372	A325K	0.9998	pathogenic	p.(A325K)
P35372	A325L	0.8279	pathogenic	p.(A325L)
P35372	A325M	0.8884	pathogenic	p.(A325M)
P35372	A325N	0.9961	pathogenic	p.(A325N)
P35372	A325P	0.9978	pathogenic	p.(A325P)
P35372	A325Q	0.9954	pathogenic	p.(A325Q)
P35372	A325R	0.9987	pathogenic	p.(A325R)
P35372	A325S	0.5146	ambiguous	p.(A325S)
P35372	A325T	0.7195	pathogenic	p.(A325T)
P35372	A325V	0.8356	pathogenic	p.(A325V)
P35372	A325W	0.9983	pathogenic	p.(A325W)
P35372	A325Y	0.9957	pathogenic	p.(A325Y)
P35372	L326A	0.8772	pathogenic	p.(L326A)
P35372	L326C	0.9389	pathogenic	p.(L326C)
P35372	L326D	0.9999	pathogenic	p.(L326D)
P35372	L326E	0.9991	pathogenic	p.(L326E)
P35372	L326F	0.8585	pathogenic	p.(L326F)
P35372	L326G	0.9862	pathogenic	p.(L326G)
P35372	L326H	0.9987	pathogenic	p.(L326H)
P35372	L326I	0.77	pathogenic	p.(L326I)
P35372	L326K	0.9991	pathogenic	p.(L326K)
P35372	L326M	0.4294	ambiguous	p.(L326M)
P35372	L326N	0.9983	pathogenic	p.(L326N)
P35372	L326P	0.9991	pathogenic	p.(L326P)
P35372	L326Q	0.9939	pathogenic	p.(L326Q)
P35372	L326R	0.9979	pathogenic	p.(L326R)
P35372	L326S	0.9866	pathogenic	p.(L326S)
P35372	L326T	0.9629	pathogenic	p.(L326T)
P35372	L326V	0.7051	pathogenic	p.(L326V)
P35372	L326W	0.99	pathogenic	p.(L326W)
P35372	L326Y	0.9968	pathogenic	p.(L326Y)
P35372	G327A	0.9383	pathogenic	p.(G327A)
P35372	G327C	0.9965	pathogenic	p.(G327C)
P35372	G327D	0.9997	pathogenic	p.(G327D)
P35372	G327E	0.9997	pathogenic	p.(G327E)
P35372	G327F	0.9995	pathogenic	p.(G327F)
P35372	G327H	0.9999	pathogenic	p.(G327H)
P35372	G327I	0.999	pathogenic	p.(G327I)
P35372	G327K	0.9999	pathogenic	p.(G327K)
P35372	G327L	0.9987	pathogenic	p.(G327L)
P35372	G327M	0.9994	pathogenic	p.(G327M)
P35372	G327N	0.9997	pathogenic	p.(G327N)
P35372	G327P	0.9993	pathogenic	p.(G327P)
P35372	G327Q	0.9996	pathogenic	p.(G327Q)
P35372	G327R	0.9997	pathogenic	p.(G327R)
P35372	G327S	0.9765	pathogenic	p.(G327S)
P35372	G327T	0.9961	pathogenic	p.(G327T)
P35372	G327V	0.9978	pathogenic	p.(G327V)
P35372	G327W	0.9997	pathogenic	p.(G327W)
P35372	G327Y	0.9997	pathogenic	p.(G327Y)
P35372	Y328A	0.9988	pathogenic	p.(Y328A)
P35372	Y328C	0.9921	pathogenic	p.(Y328C)
P35372	Y328D	0.9977	pathogenic	p.(Y328D)
P35372	Y328E	0.9996	pathogenic	p.(Y328E)
P35372	Y328F	0.6862	pathogenic	p.(Y328F)
P35372	Y328G	0.9933	pathogenic	p.(Y328G)
P35372	Y328H	0.9982	pathogenic	p.(Y328H)
P35372	Y328I	0.9975	pathogenic	p.(Y328I)
P35372	Y328K	0.9997	pathogenic	p.(Y328K)
P35372	Y328L	0.9775	pathogenic	p.(Y328L)
P35372	Y328M	0.9963	pathogenic	p.(Y328M)
P35372	Y328N	0.9912	pathogenic	p.(Y328N)
P35372	Y328P	0.9996	pathogenic	p.(Y328P)
P35372	Y328Q	0.9997	pathogenic	p.(Y328Q)
P35372	Y328R	0.999	pathogenic	p.(Y328R)
P35372	Y328S	0.9929	pathogenic	p.(Y328S)
P35372	Y328T	0.9989	pathogenic	p.(Y328T)
P35372	Y328V	0.9927	pathogenic	p.(Y328V)
P35372	Y328W	0.9669	pathogenic	p.(Y328W)
P35372	T329A	0.1355	benign	p.(T329A)
P35372	T329C	0.5035	ambiguous	p.(T329C)
P35372	T329D	0.9968	pathogenic	p.(T329D)
P35372	T329E	0.9937	pathogenic	p.(T329E)
P35372	T329F	0.7225	pathogenic	p.(T329F)
P35372	T329G	0.598	pathogenic	p.(T329G)
P35372	T329H	0.9815	pathogenic	p.(T329H)
P35372	T329I	0.4991	ambiguous	p.(T329I)
P35372	T329K	0.9943	pathogenic	p.(T329K)
P35372	T329L	0.2693	benign	p.(T329L)
P35372	T329M	0.1498	benign	p.(T329M)
P35372	T329N	0.9283	pathogenic	p.(T329N)
P35372	T329P	0.9846	pathogenic	p.(T329P)
P35372	T329Q	0.9679	pathogenic	p.(T329Q)
P35372	T329R	0.9889	pathogenic	p.(T329R)
P35372	T329S	0.3747	ambiguous	p.(T329S)
P35372	T329V	0.3301	benign	p.(T329V)
P35372	T329W	0.9852	pathogenic	p.(T329W)
P35372	T329Y	0.976	pathogenic	p.(T329Y)
P35372	N330A	0.991	pathogenic	p.(N330A)
P35372	N330C	0.965	pathogenic	p.(N330C)
P35372	N330D	0.9967	pathogenic	p.(N330D)
P35372	N330E	0.9991	pathogenic	p.(N330E)
P35372	N330F	0.9981	pathogenic	p.(N330F)
P35372	N330G	0.9895	pathogenic	p.(N330G)
P35372	N330H	0.9852	pathogenic	p.(N330H)
P35372	N330I	0.9961	pathogenic	p.(N330I)
P35372	N330K	0.9997	pathogenic	p.(N330K)
P35372	N330L	0.9922	pathogenic	p.(N330L)
P35372	N330M	0.9968	pathogenic	p.(N330M)
P35372	N330P	0.9857	pathogenic	p.(N330P)
P35372	N330Q	0.9984	pathogenic	p.(N330Q)
P35372	N330R	0.999	pathogenic	p.(N330R)
P35372	N330S	0.7593	pathogenic	p.(N330S)
P35372	N330T	0.9871	pathogenic	p.(N330T)
P35372	N330V	0.9905	pathogenic	p.(N330V)
P35372	N330W	0.9987	pathogenic	p.(N330W)
P35372	N330Y	0.991	pathogenic	p.(N330Y)
P35372	S331A	0.8915	pathogenic	p.(S331A)
P35372	S331C	0.9638	pathogenic	p.(S331C)
P35372	S331D	0.9976	pathogenic	p.(S331D)
P35372	S331E	0.9974	pathogenic	p.(S331E)
P35372	S331F	0.9989	pathogenic	p.(S331F)
P35372	S331G	0.9756	pathogenic	p.(S331G)
P35372	S331H	0.9965	pathogenic	p.(S331H)
P35372	S331I	0.9956	pathogenic	p.(S331I)
P35372	S331K	0.9998	pathogenic	p.(S331K)
P35372	S331L	0.9974	pathogenic	p.(S331L)
P35372	S331M	0.9965	pathogenic	p.(S331M)
P35372	S331N	0.9961	pathogenic	p.(S331N)
P35372	S331P	0.9965	pathogenic	p.(S331P)
P35372	S331Q	0.9965	pathogenic	p.(S331Q)
P35372	S331R	0.9994	pathogenic	p.(S331R)
P35372	S331T	0.956	pathogenic	p.(S331T)
P35372	S331V	0.9962	pathogenic	p.(S331V)
P35372	S331W	0.9983	pathogenic	p.(S331W)
P35372	S331Y	0.9979	pathogenic	p.(S331Y)
P35372	C332A	0.6067	pathogenic	p.(C332A)
P35372	C332D	0.9988	pathogenic	p.(C332D)
P35372	C332E	0.9998	pathogenic	p.(C332E)
P35372	C332F	0.9578	pathogenic	p.(C332F)
P35372	C332G	0.6911	pathogenic	p.(C332G)
P35372	C332H	0.9981	pathogenic	p.(C332H)
P35372	C332I	0.9862	pathogenic	p.(C332I)
P35372	C332K	0.9999	pathogenic	p.(C332K)
P35372	C332L	0.9722	pathogenic	p.(C332L)
P35372	C332M	0.9597	pathogenic	p.(C332M)
P35372	C332N	0.9914	pathogenic	p.(C332N)
P35372	C332P	0.999	pathogenic	p.(C332P)
P35372	C332Q	0.9983	pathogenic	p.(C332Q)
P35372	C332R	0.9993	pathogenic	p.(C332R)
P35372	C332S	0.3645	ambiguous	p.(C332S)
P35372	C332T	0.8872	pathogenic	p.(C332T)
P35372	C332V	0.945	pathogenic	p.(C332V)
P35372	C332W	0.9961	pathogenic	p.(C332W)
P35372	C332Y	0.996	pathogenic	p.(C332Y)
P35372	L333A	0.8477	pathogenic	p.(L333A)
P35372	L333C	0.8569	pathogenic	p.(L333C)
P35372	L333D	0.9998	pathogenic	p.(L333D)
P35372	L333E	0.9985	pathogenic	p.(L333E)
P35372	L333F	0.7995	pathogenic	p.(L333F)
P35372	L333G	0.9794	pathogenic	p.(L333G)
P35372	L333H	0.9978	pathogenic	p.(L333H)
P35372	L333I	0.6348	pathogenic	p.(L333I)
P35372	L333K	0.9987	pathogenic	p.(L333K)
P35372	L333M	0.4144	ambiguous	p.(L333M)
P35372	L333N	0.9978	pathogenic	p.(L333N)
P35372	L333P	0.9992	pathogenic	p.(L333P)
P35372	L333Q	0.99	pathogenic	p.(L333Q)
P35372	L333R	0.996	pathogenic	p.(L333R)
P35372	L333S	0.9788	pathogenic	p.(L333S)
P35372	L333T	0.9501	pathogenic	p.(L333T)
P35372	L333V	0.5833	pathogenic	p.(L333V)
P35372	L333W	0.9884	pathogenic	p.(L333W)
P35372	L333Y	0.995	pathogenic	p.(L333Y)
P35372	N334A	0.9993	pathogenic	p.(N334A)
P35372	N334C	0.9985	pathogenic	p.(N334C)
P35372	N334D	0.9981	pathogenic	p.(N334D)
P35372	N334E	0.9984	pathogenic	p.(N334E)
P35372	N334F	0.9987	pathogenic	p.(N334F)
P35372	N334G	0.9987	pathogenic	p.(N334G)
P35372	N334H	0.9983	pathogenic	p.(N334H)
P35372	N334I	0.997	pathogenic	p.(N334I)
P35372	N334K	0.9996	pathogenic	p.(N334K)
P35372	N334L	0.9928	pathogenic	p.(N334L)
P35372	N334M	0.998	pathogenic	p.(N334M)
P35372	N334P	0.9872	pathogenic	p.(N334P)
P35372	N334Q	0.9994	pathogenic	p.(N334Q)
P35372	N334R	0.9996	pathogenic	p.(N334R)
P35372	N334S	0.9893	pathogenic	p.(N334S)
P35372	N334T	0.9975	pathogenic	p.(N334T)
P35372	N334V	0.9986	pathogenic	p.(N334V)
P35372	N334W	0.9998	pathogenic	p.(N334W)
P35372	N334Y	0.9969	pathogenic	p.(N334Y)
P35372	P335A	0.996	pathogenic	p.(P335A)
P35372	P335C	0.9997	pathogenic	p.(P335C)
P35372	P335D	0.9999	pathogenic	p.(P335D)
P35372	P335E	0.9998	pathogenic	p.(P335E)
P35372	P335F	0.9999	pathogenic	p.(P335F)
P35372	P335G	0.9988	pathogenic	p.(P335G)
P35372	P335H	0.9998	pathogenic	p.(P335H)
P35372	P335I	0.9996	pathogenic	p.(P335I)
P35372	P335K	0.9999	pathogenic	p.(P335K)
P35372	P335L	0.999	pathogenic	p.(P335L)
P35372	P335M	0.9998	pathogenic	p.(P335M)
P35372	P335N	0.9999	pathogenic	p.(P335N)
P35372	P335Q	0.9999	pathogenic	p.(P335Q)
P35372	P335R	0.9996	pathogenic	p.(P335R)
P35372	P335S	0.9993	pathogenic	p.(P335S)
P35372	P335T	0.9983	pathogenic	p.(P335T)
P35372	P335V	0.9982	pathogenic	p.(P335V)
P35372	P335W	1	pathogenic	p.(P335W)
P35372	P335Y	0.9999	pathogenic	p.(P335Y)
P35372	V336A	0.7967	pathogenic	p.(V336A)
P35372	V336C	0.8926	pathogenic	p.(V336C)
P35372	V336D	0.9987	pathogenic	p.(V336D)
P35372	V336E	0.9965	pathogenic	p.(V336E)
P35372	V336F	0.3473	ambiguous	p.(V336F)
P35372	V336G	0.8934	pathogenic	p.(V336G)
P35372	V336H	0.9968	pathogenic	p.(V336H)
P35372	V336I	0.0799	benign	p.(V336I)
P35372	V336K	0.9979	pathogenic	p.(V336K)
P35372	V336L	0.3275	benign	p.(V336L)
P35372	V336M	0.3589	ambiguous	p.(V336M)
P35372	V336N	0.9928	pathogenic	p.(V336N)
P35372	V336P	0.9829	pathogenic	p.(V336P)
P35372	V336Q	0.9922	pathogenic	p.(V336Q)
P35372	V336R	0.996	pathogenic	p.(V336R)
P35372	V336S	0.9598	pathogenic	p.(V336S)
P35372	V336T	0.8906	pathogenic	p.(V336T)
P35372	V336W	0.9871	pathogenic	p.(V336W)
P35372	V336Y	0.9671	pathogenic	p.(V336Y)
P35372	L337A	0.9831	pathogenic	p.(L337A)
P35372	L337C	0.9909	pathogenic	p.(L337C)
P35372	L337D	0.9999	pathogenic	p.(L337D)
P35372	L337E	0.9994	pathogenic	p.(L337E)
P35372	L337F	0.9847	pathogenic	p.(L337F)
P35372	L337G	0.9978	pathogenic	p.(L337G)
P35372	L337H	0.9996	pathogenic	p.(L337H)
P35372	L337I	0.8144	pathogenic	p.(L337I)
P35372	L337K	0.9994	pathogenic	p.(L337K)
P35372	L337M	0.9165	pathogenic	p.(L337M)
P35372	L337N	0.9993	pathogenic	p.(L337N)
P35372	L337P	0.9991	pathogenic	p.(L337P)
P35372	L337Q	0.9989	pathogenic	p.(L337Q)
P35372	L337R	0.998	pathogenic	p.(L337R)
P35372	L337S	0.9988	pathogenic	p.(L337S)
P35372	L337T	0.9937	pathogenic	p.(L337T)
P35372	L337V	0.8824	pathogenic	p.(L337V)
P35372	L337W	0.9986	pathogenic	p.(L337W)
P35372	L337Y	0.9988	pathogenic	p.(L337Y)
P35372	Y338A	0.9971	pathogenic	p.(Y338A)
P35372	Y338C	0.9948	pathogenic	p.(Y338C)
P35372	Y338D	0.9976	pathogenic	p.(Y338D)
P35372	Y338E	0.9994	pathogenic	p.(Y338E)
P35372	Y338F	0.7781	pathogenic	p.(Y338F)
P35372	Y338G	0.9875	pathogenic	p.(Y338G)
P35372	Y338H	0.9993	pathogenic	p.(Y338H)
P35372	Y338I	0.9928	pathogenic	p.(Y338I)
P35372	Y338K	0.9997	pathogenic	p.(Y338K)
P35372	Y338L	0.8963	pathogenic	p.(Y338L)
P35372	Y338M	0.9943	pathogenic	p.(Y338M)
P35372	Y338N	0.9969	pathogenic	p.(Y338N)
P35372	Y338P	0.9933	pathogenic	p.(Y338P)
P35372	Y338Q	0.9997	pathogenic	p.(Y338Q)
P35372	Y338R	0.9984	pathogenic	p.(Y338R)
P35372	Y338S	0.9933	pathogenic	p.(Y338S)
P35372	Y338T	0.9975	pathogenic	p.(Y338T)
P35372	Y338V	0.9741	pathogenic	p.(Y338V)
P35372	Y338W	0.9805	pathogenic	p.(Y338W)
P35372	A339C	0.8828	pathogenic	p.(A339C)
P35372	A339D	0.9978	pathogenic	p.(A339D)
P35372	A339E	0.9985	pathogenic	p.(A339E)
P35372	A339F	0.9098	pathogenic	p.(A339F)
P35372	A339G	0.2032	benign	p.(A339G)
P35372	A339H	0.9924	pathogenic	p.(A339H)
P35372	A339I	0.9794	pathogenic	p.(A339I)
P35372	A339K	0.9992	pathogenic	p.(A339K)
P35372	A339L	0.9117	pathogenic	p.(A339L)
P35372	A339M	0.9505	pathogenic	p.(A339M)
P35372	A339N	0.986	pathogenic	p.(A339N)
P35372	A339P	0.9956	pathogenic	p.(A339P)
P35372	A339Q	0.9914	pathogenic	p.(A339Q)
P35372	A339R	0.9937	pathogenic	p.(A339R)
P35372	A339S	0.4031	ambiguous	p.(A339S)
P35372	A339T	0.8598	pathogenic	p.(A339T)
P35372	A339V	0.9326	pathogenic	p.(A339V)
P35372	A339W	0.9902	pathogenic	p.(A339W)
P35372	A339Y	0.9686	pathogenic	p.(A339Y)
P35372	F340A	0.9581	pathogenic	p.(F340A)
P35372	F340C	0.7289	pathogenic	p.(F340C)
P35372	F340D	0.999	pathogenic	p.(F340D)
P35372	F340E	0.9987	pathogenic	p.(F340E)
P35372	F340G	0.9823	pathogenic	p.(F340G)
P35372	F340H	0.967	pathogenic	p.(F340H)
P35372	F340I	0.8531	pathogenic	p.(F340I)
P35372	F340K	0.9973	pathogenic	p.(F340K)
P35372	F340L	0.9813	pathogenic	p.(F340L)
P35372	F340M	0.9392	pathogenic	p.(F340M)
P35372	F340N	0.9873	pathogenic	p.(F340N)
P35372	F340P	0.9997	pathogenic	p.(F340P)
P35372	F340Q	0.9944	pathogenic	p.(F340Q)
P35372	F340R	0.9905	pathogenic	p.(F340R)
P35372	F340S	0.9458	pathogenic	p.(F340S)
P35372	F340T	0.9693	pathogenic	p.(F340T)
P35372	F340V	0.7731	pathogenic	p.(F340V)
P35372	F340W	0.8109	pathogenic	p.(F340W)
P35372	F340Y	0.338	benign	p.(F340Y)
P35372	L341A	0.9589	pathogenic	p.(L341A)
P35372	L341C	0.9692	pathogenic	p.(L341C)
P35372	L341D	0.9995	pathogenic	p.(L341D)
P35372	L341E	0.9963	pathogenic	p.(L341E)
P35372	L341F	0.9365	pathogenic	p.(L341F)
P35372	L341G	0.9889	pathogenic	p.(L341G)
P35372	L341H	0.9926	pathogenic	p.(L341H)
P35372	L341I	0.8883	pathogenic	p.(L341I)
P35372	L341K	0.9884	pathogenic	p.(L341K)
P35372	L341M	0.7107	pathogenic	p.(L341M)
P35372	L341N	0.9971	pathogenic	p.(L341N)
P35372	L341P	0.9983	pathogenic	p.(L341P)
P35372	L341Q	0.9761	pathogenic	p.(L341Q)
P35372	L341R	0.9627	pathogenic	p.(L341R)
P35372	L341S	0.992	pathogenic	p.(L341S)
P35372	L341T	0.9712	pathogenic	p.(L341T)
P35372	L341V	0.8791	pathogenic	p.(L341V)
P35372	L341W	0.9667	pathogenic	p.(L341W)
P35372	L341Y	0.9922	pathogenic	p.(L341Y)
P35372	D342A	0.9961	pathogenic	p.(D342A)
P35372	D342C	0.9995	pathogenic	p.(D342C)
P35372	D342E	0.9948	pathogenic	p.(D342E)
P35372	D342F	0.9995	pathogenic	p.(D342F)
P35372	D342G	0.9856	pathogenic	p.(D342G)
P35372	D342H	0.9964	pathogenic	p.(D342H)
P35372	D342I	0.9998	pathogenic	p.(D342I)
P35372	D342K	0.9992	pathogenic	p.(D342K)
P35372	D342L	0.9987	pathogenic	p.(D342L)
P35372	D342M	0.9998	pathogenic	p.(D342M)
P35372	D342N	0.9926	pathogenic	p.(D342N)
P35372	D342P	0.999	pathogenic	p.(D342P)
P35372	D342Q	0.999	pathogenic	p.(D342Q)
P35372	D342R	0.998	pathogenic	p.(D342R)
P35372	D342S	0.9832	pathogenic	p.(D342S)
P35372	D342T	0.9986	pathogenic	p.(D342T)
P35372	D342V	0.9989	pathogenic	p.(D342V)
P35372	D342W	0.9996	pathogenic	p.(D342W)
P35372	D342Y	0.9957	pathogenic	p.(D342Y)
P35372	E343A	0.8173	pathogenic	p.(E343A)
P35372	E343C	0.9947	pathogenic	p.(E343C)
P35372	E343D	0.4815	ambiguous	p.(E343D)
P35372	E343F	0.9974	pathogenic	p.(E343F)
P35372	E343G	0.756	pathogenic	p.(E343G)
P35372	E343H	0.968	pathogenic	p.(E343H)
P35372	E343I	0.9744	pathogenic	p.(E343I)
P35372	E343K	0.7922	pathogenic	p.(E343K)
P35372	E343L	0.9834	pathogenic	p.(E343L)
P35372	E343M	0.9816	pathogenic	p.(E343M)
P35372	E343N	0.8929	pathogenic	p.(E343N)
P35372	E343P	0.9785	pathogenic	p.(E343P)
P35372	E343Q	0.6802	pathogenic	p.(E343Q)
P35372	E343R	0.8556	pathogenic	p.(E343R)
P35372	E343S	0.8318	pathogenic	p.(E343S)
P35372	E343T	0.9012	pathogenic	p.(E343T)
P35372	E343V	0.9135	pathogenic	p.(E343V)
P35372	E343W	0.9983	pathogenic	p.(E343W)
P35372	E343Y	0.9905	pathogenic	p.(E343Y)
P35372	N344A	0.9903	pathogenic	p.(N344A)
P35372	N344C	0.9935	pathogenic	p.(N344C)
P35372	N344D	0.9746	pathogenic	p.(N344D)
P35372	N344E	0.9899	pathogenic	p.(N344E)
P35372	N344F	0.9989	pathogenic	p.(N344F)
P35372	N344G	0.9763	pathogenic	p.(N344G)
P35372	N344H	0.9521	pathogenic	p.(N344H)
P35372	N344I	0.9945	pathogenic	p.(N344I)
P35372	N344K	0.9892	pathogenic	p.(N344K)
P35372	N344L	0.9954	pathogenic	p.(N344L)
P35372	N344M	0.9961	pathogenic	p.(N344M)
P35372	N344P	0.987	pathogenic	p.(N344P)
P35372	N344Q	0.9907	pathogenic	p.(N344Q)
P35372	N344R	0.9845	pathogenic	p.(N344R)
P35372	N344S	0.9083	pathogenic	p.(N344S)
P35372	N344T	0.9557	pathogenic	p.(N344T)
P35372	N344V	0.9905	pathogenic	p.(N344V)
P35372	N344W	0.9992	pathogenic	p.(N344W)
P35372	N344Y	0.9672	pathogenic	p.(N344Y)
P35372	F345A	0.9983	pathogenic	p.(F345A)
P35372	F345C	0.9986	pathogenic	p.(F345C)
P35372	F345D	0.9993	pathogenic	p.(F345D)
P35372	F345E	0.9987	pathogenic	p.(F345E)
P35372	F345G	0.9983	pathogenic	p.(F345G)
P35372	F345H	0.9975	pathogenic	p.(F345H)
P35372	F345I	0.9947	pathogenic	p.(F345I)
P35372	F345K	0.9984	pathogenic	p.(F345K)
P35372	F345L	0.9995	pathogenic	p.(F345L)
P35372	F345M	0.9969	pathogenic	p.(F345M)
P35372	F345N	0.9982	pathogenic	p.(F345N)
P35372	F345P	0.9999	pathogenic	p.(F345P)
P35372	F345Q	0.9973	pathogenic	p.(F345Q)
P35372	F345R	0.9943	pathogenic	p.(F345R)
P35372	F345S	0.9987	pathogenic	p.(F345S)
P35372	F345T	0.9976	pathogenic	p.(F345T)
P35372	F345V	0.9937	pathogenic	p.(F345V)
P35372	F345W	0.9873	pathogenic	p.(F345W)
P35372	F345Y	0.9245	pathogenic	p.(F345Y)
P35372	K346A	0.9881	pathogenic	p.(K346A)
P35372	K346C	0.9863	pathogenic	p.(K346C)
P35372	K346D	0.9987	pathogenic	p.(K346D)
P35372	K346E	0.985	pathogenic	p.(K346E)
P35372	K346F	0.9984	pathogenic	p.(K346F)
P35372	K346G	0.9844	pathogenic	p.(K346G)
P35372	K346H	0.9236	pathogenic	p.(K346H)
P35372	K346I	0.9918	pathogenic	p.(K346I)
P35372	K346L	0.9758	pathogenic	p.(K346L)
P35372	K346M	0.9804	pathogenic	p.(K346M)
P35372	K346N	0.9967	pathogenic	p.(K346N)
P35372	K346P	0.9973	pathogenic	p.(K346P)
P35372	K346Q	0.7152	pathogenic	p.(K346Q)
P35372	K346R	0.1626	benign	p.(K346R)
P35372	K346S	0.9911	pathogenic	p.(K346S)
P35372	K346T	0.9797	pathogenic	p.(K346T)
P35372	K346V	0.985	pathogenic	p.(K346V)
P35372	K346W	0.9926	pathogenic	p.(K346W)
P35372	K346Y	0.9916	pathogenic	p.(K346Y)
P35372	R347A	0.7096	pathogenic	p.(R347A)
P35372	R347C	0.5107	ambiguous	p.(R347C)
P35372	R347D	0.8748	pathogenic	p.(R347D)
P35372	R347E	0.7139	pathogenic	p.(R347E)
P35372	R347F	0.9012	pathogenic	p.(R347F)
P35372	R347G	0.592	pathogenic	p.(R347G)
P35372	R347H	0.2649	benign	p.(R347H)
P35372	R347I	0.6397	pathogenic	p.(R347I)
P35372	R347K	0.1741	benign	p.(R347K)
P35372	R347L	0.4875	ambiguous	p.(R347L)
P35372	R347M	0.7007	pathogenic	p.(R347M)
P35372	R347N	0.741	pathogenic	p.(R347N)
P35372	R347P	0.9883	pathogenic	p.(R347P)
P35372	R347Q	0.223	benign	p.(R347Q)
P35372	R347S	0.8039	pathogenic	p.(R347S)
P35372	R347T	0.6286	pathogenic	p.(R347T)
P35372	R347V	0.6781	pathogenic	p.(R347V)
P35372	R347W	0.7225	pathogenic	p.(R347W)
P35372	R347Y	0.7701	pathogenic	p.(R347Y)
P35372	C348A	0.9002	pathogenic	p.(C348A)
P35372	C348D	0.9903	pathogenic	p.(C348D)
P35372	C348E	0.9964	pathogenic	p.(C348E)
P35372	C348F	0.9434	pathogenic	p.(C348F)
P35372	C348G	0.8031	pathogenic	p.(C348G)
P35372	C348H	0.9716	pathogenic	p.(C348H)
P35372	C348I	0.988	pathogenic	p.(C348I)
P35372	C348K	0.998	pathogenic	p.(C348K)
P35372	C348L	0.9739	pathogenic	p.(C348L)
P35372	C348M	0.98	pathogenic	p.(C348M)
P35372	C348N	0.945	pathogenic	p.(C348N)
P35372	C348P	0.9981	pathogenic	p.(C348P)
P35372	C348Q	0.9889	pathogenic	p.(C348Q)
P35372	C348R	0.9855	pathogenic	p.(C348R)
P35372	C348S	0.8226	pathogenic	p.(C348S)
P35372	C348T	0.9545	pathogenic	p.(C348T)
P35372	C348V	0.9625	pathogenic	p.(C348V)
P35372	C348W	0.9865	pathogenic	p.(C348W)
P35372	C348Y	0.9692	pathogenic	p.(C348Y)
P35372	F349A	0.9894	pathogenic	p.(F349A)
P35372	F349C	0.9643	pathogenic	p.(F349C)
P35372	F349D	0.9996	pathogenic	p.(F349D)
P35372	F349E	0.9992	pathogenic	p.(F349E)
P35372	F349G	0.9947	pathogenic	p.(F349G)
P35372	F349H	0.9941	pathogenic	p.(F349H)
P35372	F349I	0.9391	pathogenic	p.(F349I)
P35372	F349K	0.9978	pathogenic	p.(F349K)
P35372	F349L	0.9896	pathogenic	p.(F349L)
P35372	F349M	0.9694	pathogenic	p.(F349M)
P35372	F349N	0.9975	pathogenic	p.(F349N)
P35372	F349P	0.9998	pathogenic	p.(F349P)
P35372	F349Q	0.9959	pathogenic	p.(F349Q)
P35372	F349R	0.9921	pathogenic	p.(F349R)
P35372	F349S	0.9928	pathogenic	p.(F349S)
P35372	F349T	0.9934	pathogenic	p.(F349T)
P35372	F349V	0.9279	pathogenic	p.(F349V)
P35372	F349W	0.9489	pathogenic	p.(F349W)
P35372	F349Y	0.7886	pathogenic	p.(F349Y)
P35372	R350A	0.6975	pathogenic	p.(R350A)
P35372	R350C	0.4035	ambiguous	p.(R350C)
P35372	R350D	0.9207	pathogenic	p.(R350D)
P35372	R350E	0.6629	pathogenic	p.(R350E)
P35372	R350F	0.8425	pathogenic	p.(R350F)
P35372	R350G	0.4941	ambiguous	p.(R350G)
P35372	R350H	0.1805	benign	p.(R350H)
P35372	R350I	0.6697	pathogenic	p.(R350I)
P35372	R350K	0.1196	benign	p.(R350K)
P35372	R350L	0.5198	ambiguous	p.(R350L)
P35372	R350M	0.6319	pathogenic	p.(R350M)
P35372	R350N	0.8211	pathogenic	p.(R350N)
P35372	R350P	0.9774	pathogenic	p.(R350P)
P35372	R350Q	0.1345	benign	p.(R350Q)
P35372	R350S	0.7293	pathogenic	p.(R350S)
P35372	R350T	0.5668	pathogenic	p.(R350T)
P35372	R350V	0.679	pathogenic	p.(R350V)
P35372	R350W	0.4032	ambiguous	p.(R350W)
P35372	R350Y	0.6671	pathogenic	p.(R350Y)
P35372	E351A	0.4984	ambiguous	p.(E351A)
P35372	E351C	0.9573	pathogenic	p.(E351C)
P35372	E351D	0.1475	benign	p.(E351D)
P35372	E351F	0.9617	pathogenic	p.(E351F)
P35372	E351G	0.5434	ambiguous	p.(E351G)
P35372	E351H	0.7942	pathogenic	p.(E351H)
P35372	E351I	0.8643	pathogenic	p.(E351I)
P35372	E351K	0.7097	pathogenic	p.(E351K)
P35372	E351L	0.8605	pathogenic	p.(E351L)
P35372	E351M	0.8879	pathogenic	p.(E351M)
P35372	E351N	0.496	ambiguous	p.(E351N)
P35372	E351P	0.9752	pathogenic	p.(E351P)
P35372	E351Q	0.3821	ambiguous	p.(E351Q)
P35372	E351R	0.7342	pathogenic	p.(E351R)
P35372	E351S	0.5025	ambiguous	p.(E351S)
P35372	E351T	0.6337	pathogenic	p.(E351T)
P35372	E351V	0.7172	pathogenic	p.(E351V)
P35372	E351W	0.9853	pathogenic	p.(E351W)
P35372	E351Y	0.8904	pathogenic	p.(E351Y)
P35372	F352A	0.9358	pathogenic	p.(F352A)
P35372	F352C	0.7982	pathogenic	p.(F352C)
P35372	F352D	0.9928	pathogenic	p.(F352D)
P35372	F352E	0.9918	pathogenic	p.(F352E)
P35372	F352G	0.9799	pathogenic	p.(F352G)
P35372	F352H	0.9471	pathogenic	p.(F352H)
P35372	F352I	0.6985	pathogenic	p.(F352I)
P35372	F352K	0.9918	pathogenic	p.(F352K)
P35372	F352L	0.973	pathogenic	p.(F352L)
P35372	F352M	0.8771	pathogenic	p.(F352M)
P35372	F352N	0.966	pathogenic	p.(F352N)
P35372	F352P	0.9994	pathogenic	p.(F352P)
P35372	F352Q	0.9846	pathogenic	p.(F352Q)
P35372	F352R	0.9776	pathogenic	p.(F352R)
P35372	F352S	0.9563	pathogenic	p.(F352S)
P35372	F352T	0.9502	pathogenic	p.(F352T)
P35372	F352V	0.6692	pathogenic	p.(F352V)
P35372	F352W	0.8394	pathogenic	p.(F352W)
P35372	F352Y	0.431	ambiguous	p.(F352Y)
P35372	C353A	0.8244	pathogenic	p.(C353A)
P35372	C353D	0.9956	pathogenic	p.(C353D)
P35372	C353E	0.9975	pathogenic	p.(C353E)
P35372	C353F	0.5138	ambiguous	p.(C353F)
P35372	C353G	0.6542	pathogenic	p.(C353G)
P35372	C353H	0.9696	pathogenic	p.(C353H)
P35372	C353I	0.8374	pathogenic	p.(C353I)
P35372	C353K	0.9955	pathogenic	p.(C353K)
P35372	C353L	0.6958	pathogenic	p.(C353L)
P35372	C353M	0.8893	pathogenic	p.(C353M)
P35372	C353N	0.9791	pathogenic	p.(C353N)
P35372	C353P	0.989	pathogenic	p.(C353P)
P35372	C353Q	0.9802	pathogenic	p.(C353Q)
P35372	C353R	0.9487	pathogenic	p.(C353R)
P35372	C353S	0.8362	pathogenic	p.(C353S)
P35372	C353T	0.8729	pathogenic	p.(C353T)
P35372	C353V	0.7162	pathogenic	p.(C353V)
P35372	C353W	0.9059	pathogenic	p.(C353W)
P35372	C353Y	0.8931	pathogenic	p.(C353Y)
P35372	I354A	0.2015	benign	p.(I354A)
P35372	I354C	0.2479	benign	p.(I354C)
P35372	I354D	0.5002	ambiguous	p.(I354D)
P35372	I354E	0.4204	ambiguous	p.(I354E)
P35372	I354F	0.0647	benign	p.(I354F)
P35372	I354G	0.3552	ambiguous	p.(I354G)
P35372	I354H	0.2007	benign	p.(I354H)
P35372	I354K	0.2082	benign	p.(I354K)
P35372	I354L	0.0646	benign	p.(I354L)
P35372	I354M	0.0805	benign	p.(I354M)
P35372	I354N	0.1793	benign	p.(I354N)
P35372	I354P	0.5723	pathogenic	p.(I354P)
P35372	I354Q	0.2049	benign	p.(I354Q)
P35372	I354R	0.1451	benign	p.(I354R)
P35372	I354S	0.172	benign	p.(I354S)
P35372	I354T	0.1634	benign	p.(I354T)
P35372	I354V	0.0629	benign	p.(I354V)
P35372	I354W	0.3603	ambiguous	p.(I354W)
P35372	I354Y	0.2126	benign	p.(I354Y)
P35372	P355A	0.1863	benign	p.(P355A)
P35372	P355C	0.5997	pathogenic	p.(P355C)
P35372	P355D	0.6305	pathogenic	p.(P355D)
P35372	P355E	0.5202	ambiguous	p.(P355E)
P35372	P355F	0.7054	pathogenic	p.(P355F)
P35372	P355G	0.4268	ambiguous	p.(P355G)
P35372	P355H	0.3045	benign	p.(P355H)
P35372	P355I	0.5894	pathogenic	p.(P355I)
P35372	P355K	0.4081	ambiguous	p.(P355K)
P35372	P355L	0.364	ambiguous	p.(P355L)
P35372	P355M	0.6082	pathogenic	p.(P355M)
P35372	P355N	0.5096	ambiguous	p.(P355N)
P35372	P355Q	0.2895	benign	p.(P355Q)
P35372	P355R	0.2683	benign	p.(P355R)
P35372	P355S	0.2454	benign	p.(P355S)
P35372	P355T	0.2102	benign	p.(P355T)
P35372	P355V	0.4254	ambiguous	p.(P355V)
P35372	P355W	0.7871	pathogenic	p.(P355W)
P35372	P355Y	0.6124	pathogenic	p.(P355Y)
P35372	T356A	0.0564	benign	p.(T356A)
P35372	T356C	0.1684	benign	p.(T356C)
P35372	T356D	0.2039	benign	p.(T356D)
P35372	T356E	0.2263	benign	p.(T356E)
P35372	T356F	0.1476	benign	p.(T356F)
P35372	T356G	0.0939	benign	p.(T356G)
P35372	T356H	0.1129	benign	p.(T356H)
P35372	T356I	0.1461	benign	p.(T356I)
P35372	T356K	0.1538	benign	p.(T356K)
P35372	T356L	0.1022	benign	p.(T356L)
P35372	T356M	0.1133	benign	p.(T356M)
P35372	T356N	0.0869	benign	p.(T356N)
P35372	T356P	0.0661	benign	p.(T356P)
P35372	T356Q	0.1373	benign	p.(T356Q)
P35372	T356R	0.1148	benign	p.(T356R)
P35372	T356S	0.0654	benign	p.(T356S)
P35372	T356V	0.1056	benign	p.(T356V)
P35372	T356W	0.3427	ambiguous	p.(T356W)
P35372	T356Y	0.1433	benign	p.(T356Y)
P35372	S357A	0.0591	benign	p.(S357A)
P35372	S357C	0.0878	benign	p.(S357C)
P35372	S357D	0.2311	benign	p.(S357D)
P35372	S357E	0.3036	benign	p.(S357E)
P35372	S357F	0.1441	benign	p.(S357F)
P35372	S357G	0.0754	benign	p.(S357G)
P35372	S357H	0.1546	benign	p.(S357H)
P35372	S357I	0.1216	benign	p.(S357I)
P35372	S357K	0.3109	benign	p.(S357K)
P35372	S357L	0.1006	benign	p.(S357L)
P35372	S357M	0.1613	benign	p.(S357M)
P35372	S357N	0.1011	benign	p.(S357N)
P35372	S357P	0.0697	benign	p.(S357P)
P35372	S357Q	0.2159	benign	p.(S357Q)
P35372	S357R	0.2618	benign	p.(S357R)
P35372	S357T	0.0619	benign	p.(S357T)
P35372	S357V	0.1019	benign	p.(S357V)
P35372	S357W	0.249	benign	p.(S357W)
P35372	S357Y	0.1225	benign	p.(S357Y)
P35372	S358A	0.0636	benign	p.(S358A)
P35372	S358C	0.0839	benign	p.(S358C)
P35372	S358D	0.2574	benign	p.(S358D)
P35372	S358E	0.336	benign	p.(S358E)
P35372	S358F	0.1471	benign	p.(S358F)
P35372	S358G	0.0747	benign	p.(S358G)
P35372	S358H	0.1877	benign	p.(S358H)
P35372	S358I	0.1405	benign	p.(S358I)
P35372	S358K	0.4041	ambiguous	p.(S358K)
P35372	S358L	0.0898	benign	p.(S358L)
P35372	S358M	0.1536	benign	p.(S358M)
P35372	S358N	0.1129	benign	p.(S358N)
P35372	S358P	0.1024	benign	p.(S358P)
P35372	S358Q	0.274	benign	p.(S358Q)
P35372	S358R	0.3529	ambiguous	p.(S358R)
P35372	S358T	0.064	benign	p.(S358T)
P35372	S358V	0.1155	benign	p.(S358V)
P35372	S358W	0.2185	benign	p.(S358W)
P35372	S358Y	0.1286	benign	p.(S358Y)
P35372	N359A	0.067	benign	p.(N359A)
P35372	N359C	0.1082	benign	p.(N359C)
P35372	N359D	0.0929	benign	p.(N359D)
P35372	N359E	0.1718	benign	p.(N359E)
P35372	N359F	0.1688	benign	p.(N359F)
P35372	N359G	0.0991	benign	p.(N359G)
P35372	N359H	0.0637	benign	p.(N359H)
P35372	N359I	0.0936	benign	p.(N359I)
P35372	N359K	0.1256	benign	p.(N359K)
P35372	N359L	0.0956	benign	p.(N359L)
P35372	N359M	0.1252	benign	p.(N359M)
P35372	N359P	0.1011	benign	p.(N359P)
P35372	N359Q	0.1191	benign	p.(N359Q)
P35372	N359R	0.1134	benign	p.(N359R)
P35372	N359S	0.0623	benign	p.(N359S)
P35372	N359T	0.0564	benign	p.(N359T)
P35372	N359V	0.0849	benign	p.(N359V)
P35372	N359W	0.3263	benign	p.(N359W)
P35372	N359Y	0.0881	benign	p.(N359Y)
P35372	I360A	0.0686	benign	p.(I360A)
P35372	I360C	0.2835	benign	p.(I360C)
P35372	I360D	0.25	benign	p.(I360D)
P35372	I360E	0.198	benign	p.(I360E)
P35372	I360F	0.0793	benign	p.(I360F)
P35372	I360G	0.1665	benign	p.(I360G)
P35372	I360H	0.1611	benign	p.(I360H)
P35372	I360K	0.1284	benign	p.(I360K)
P35372	I360L	0.064	benign	p.(I360L)
P35372	I360M	0.0606	benign	p.(I360M)
P35372	I360N	0.1159	benign	p.(I360N)
P35372	I360P	0.1296	benign	p.(I360P)
P35372	I360Q	0.128	benign	p.(I360Q)
P35372	I360R	0.0938	benign	p.(I360R)
P35372	I360S	0.0905	benign	p.(I360S)
P35372	I360T	0.0566	benign	p.(I360T)
P35372	I360V	0.0592	benign	p.(I360V)
P35372	I360W	0.281	benign	p.(I360W)
P35372	I360Y	0.2206	benign	p.(I360Y)
P35372	E361A	0.1787	benign	p.(E361A)
P35372	E361C	0.6079	pathogenic	p.(E361C)
P35372	E361D	0.0754	benign	p.(E361D)
P35372	E361F	0.5634	ambiguous	p.(E361F)
P35372	E361G	0.1438	benign	p.(E361G)
P35372	E361H	0.2748	benign	p.(E361H)
P35372	E361I	0.2967	benign	p.(E361I)
P35372	E361K	0.2004	benign	p.(E361K)
P35372	E361L	0.3093	benign	p.(E361L)
P35372	E361M	0.4412	ambiguous	p.(E361M)
P35372	E361N	0.1719	benign	p.(E361N)
P35372	E361P	0.3166	benign	p.(E361P)
P35372	E361Q	0.111	benign	p.(E361Q)
P35372	E361R	0.2372	benign	p.(E361R)
P35372	E361S	0.1558	benign	p.(E361S)
P35372	E361T	0.1915	benign	p.(E361T)
P35372	E361V	0.2105	benign	p.(E361V)
P35372	E361W	0.7584	pathogenic	p.(E361W)
P35372	E361Y	0.4027	ambiguous	p.(E361Y)
P35372	Q362A	0.1409	benign	p.(Q362A)
P35372	Q362C	0.3051	benign	p.(Q362C)
P35372	Q362D	0.2154	benign	p.(Q362D)
P35372	Q362E	0.0886	benign	p.(Q362E)
P35372	Q362F	0.3412	ambiguous	p.(Q362F)
P35372	Q362G	0.1453	benign	p.(Q362G)
P35372	Q362H	0.1064	benign	p.(Q362H)
P35372	Q362I	0.1735	benign	p.(Q362I)
P35372	Q362K	0.0871	benign	p.(Q362K)
P35372	Q362L	0.0894	benign	p.(Q362L)
P35372	Q362M	0.2026	benign	p.(Q362M)
P35372	Q362N	0.1433	benign	p.(Q362N)
P35372	Q362P	0.0886	benign	p.(Q362P)
P35372	Q362R	0.0906	benign	p.(Q362R)
P35372	Q362S	0.1457	benign	p.(Q362S)
P35372	Q362T	0.1196	benign	p.(Q362T)
P35372	Q362V	0.1374	benign	p.(Q362V)
P35372	Q362W	0.3068	benign	p.(Q362W)
P35372	Q362Y	0.1908	benign	p.(Q362Y)
P35372	Q363A	0.1616	benign	p.(Q363A)
P35372	Q363C	0.4115	ambiguous	p.(Q363C)
P35372	Q363D	0.2353	benign	p.(Q363D)
P35372	Q363E	0.0942	benign	p.(Q363E)
P35372	Q363F	0.4956	ambiguous	p.(Q363F)
P35372	Q363G	0.1606	benign	p.(Q363G)
P35372	Q363H	0.1361	benign	p.(Q363H)
P35372	Q363I	0.2437	benign	p.(Q363I)
P35372	Q363K	0.1031	benign	p.(Q363K)
P35372	Q363L	0.131	benign	p.(Q363L)
P35372	Q363M	0.2676	benign	p.(Q363M)
P35372	Q363N	0.1573	benign	p.(Q363N)
P35372	Q363P	0.0885	benign	p.(Q363P)
P35372	Q363R	0.1109	benign	p.(Q363R)
P35372	Q363S	0.1641	benign	p.(Q363S)
P35372	Q363T	0.136	benign	p.(Q363T)
P35372	Q363V	0.1764	benign	p.(Q363V)
P35372	Q363W	0.4235	ambiguous	p.(Q363W)
P35372	Q363Y	0.2866	benign	p.(Q363Y)
P35372	N364A	0.1438	benign	p.(N364A)
P35372	N364C	0.1609	benign	p.(N364C)
P35372	N364D	0.1371	benign	p.(N364D)
P35372	N364E	0.2869	benign	p.(N364E)
P35372	N364F	0.346	ambiguous	p.(N364F)
P35372	N364G	0.1556	benign	p.(N364G)
P35372	N364H	0.0867	benign	p.(N364H)
P35372	N364I	0.137	benign	p.(N364I)
P35372	N364K	0.2265	benign	p.(N364K)
P35372	N364L	0.1812	benign	p.(N364L)
P35372	N364M	0.2501	benign	p.(N364M)
P35372	N364P	0.2101	benign	p.(N364P)
P35372	N364Q	0.2112	benign	p.(N364Q)
P35372	N364R	0.2538	benign	p.(N364R)
P35372	N364S	0.0856	benign	p.(N364S)
P35372	N364T	0.0902	benign	p.(N364T)
P35372	N364V	0.1405	benign	p.(N364V)
P35372	N364W	0.5783	pathogenic	p.(N364W)
P35372	N364Y	0.1176	benign	p.(N364Y)
P35372	S365A	0.0765	benign	p.(S365A)
P35372	S365C	0.1028	benign	p.(S365C)
P35372	S365D	0.4015	ambiguous	p.(S365D)
P35372	S365E	0.5315	ambiguous	p.(S365E)
P35372	S365F	0.1995	benign	p.(S365F)
P35372	S365G	0.0918	benign	p.(S365G)
P35372	S365H	0.2923	benign	p.(S365H)
P35372	S365I	0.1769	benign	p.(S365I)
P35372	S365K	0.6605	pathogenic	p.(S365K)
P35372	S365L	0.1188	benign	p.(S365L)
P35372	S365M	0.1945	benign	p.(S365M)
P35372	S365N	0.1345	benign	p.(S365N)
P35372	S365P	0.1515	benign	p.(S365P)
P35372	S365Q	0.4408	ambiguous	p.(S365Q)
P35372	S365R	0.5996	pathogenic	p.(S365R)
P35372	S365T	0.0697	benign	p.(S365T)
P35372	S365V	0.1509	benign	p.(S365V)
P35372	S365W	0.3433	ambiguous	p.(S365W)
P35372	S365Y	0.1641	benign	p.(S365Y)
P35372	T366A	0.0631	benign	p.(T366A)
P35372	T366C	0.1684	benign	p.(T366C)
P35372	T366D	0.2355	benign	p.(T366D)
P35372	T366E	0.2503	benign	p.(T366E)
P35372	T366F	0.1315	benign	p.(T366F)
P35372	T366G	0.0976	benign	p.(T366G)
P35372	T366H	0.1157	benign	p.(T366H)
P35372	T366I	0.0999	benign	p.(T366I)
P35372	T366K	0.1857	benign	p.(T366K)
P35372	T366L	0.074	benign	p.(T366L)
P35372	T366M	0.0854	benign	p.(T366M)
P35372	T366N	0.0681	benign	p.(T366N)
P35372	T366P	0.0729	benign	p.(T366P)
P35372	T366Q	0.139	benign	p.(T366Q)
P35372	T366R	0.1457	benign	p.(T366R)
P35372	T366S	0.0657	benign	p.(T366S)
P35372	T366V	0.0891	benign	p.(T366V)
P35372	T366W	0.308	benign	p.(T366W)
P35372	T366Y	0.1396	benign	p.(T366Y)
P35372	R367A	0.3714	ambiguous	p.(R367A)
P35372	R367C	0.2433	benign	p.(R367C)
P35372	R367D	0.5371	ambiguous	p.(R367D)
P35372	R367E	0.3647	ambiguous	p.(R367E)
P35372	R367F	0.5454	ambiguous	p.(R367F)
P35372	R367G	0.234	benign	p.(R367G)
P35372	R367H	0.1269	benign	p.(R367H)
P35372	R367I	0.33	benign	p.(R367I)
P35372	R367K	0.1256	benign	p.(R367K)
P35372	R367L	0.2946	benign	p.(R367L)
P35372	R367M	0.4056	ambiguous	p.(R367M)
P35372	R367N	0.5107	ambiguous	p.(R367N)
P35372	R367P	0.4066	ambiguous	p.(R367P)
P35372	R367Q	0.1219	benign	p.(R367Q)
P35372	R367S	0.4719	ambiguous	p.(R367S)
P35372	R367T	0.3031	benign	p.(R367T)
P35372	R367V	0.3438	ambiguous	p.(R367V)
P35372	R367W	0.2645	benign	p.(R367W)
P35372	R367Y	0.3882	ambiguous	p.(R367Y)
P35372	I368A	0.1387	benign	p.(I368A)
P35372	I368C	0.2843	benign	p.(I368C)
P35372	I368D	0.3134	benign	p.(I368D)
P35372	I368E	0.2735	benign	p.(I368E)
P35372	I368F	0.0842	benign	p.(I368F)
P35372	I368G	0.19	benign	p.(I368G)
P35372	I368H	0.19	benign	p.(I368H)
P35372	I368K	0.2214	benign	p.(I368K)
P35372	I368L	0.0757	benign	p.(I368L)
P35372	I368M	0.0707	benign	p.(I368M)
P35372	I368N	0.09	benign	p.(I368N)
P35372	I368P	0.2058	benign	p.(I368P)
P35372	I368Q	0.1613	benign	p.(I368Q)
P35372	I368R	0.1696	benign	p.(I368R)
P35372	I368S	0.1078	benign	p.(I368S)
P35372	I368T	0.112	benign	p.(I368T)
P35372	I368V	0.0645	benign	p.(I368V)
P35372	I368W	0.4099	ambiguous	p.(I368W)
P35372	I368Y	0.2224	benign	p.(I368Y)
P35372	R369A	0.3559	ambiguous	p.(R369A)
P35372	R369C	0.1723	benign	p.(R369C)
P35372	R369D	0.5439	ambiguous	p.(R369D)
P35372	R369E	0.3403	ambiguous	p.(R369E)
P35372	R369F	0.4375	ambiguous	p.(R369F)
P35372	R369G	0.2024	benign	p.(R369G)
P35372	R369H	0.1126	benign	p.(R369H)
P35372	R369I	0.2552	benign	p.(R369I)
P35372	R369K	0.1227	benign	p.(R369K)
P35372	R369L	0.2185	benign	p.(R369L)
P35372	R369M	0.3539	ambiguous	p.(R369M)
P35372	R369N	0.5042	ambiguous	p.(R369N)
P35372	R369P	0.3028	benign	p.(R369P)
P35372	R369Q	0.103	benign	p.(R369Q)
P35372	R369S	0.4173	ambiguous	p.(R369S)
P35372	R369T	0.2701	benign	p.(R369T)
P35372	R369V	0.3038	benign	p.(R369V)
P35372	R369W	0.1924	benign	p.(R369W)
P35372	R369Y	0.3129	benign	p.(R369Y)
P35372	Q370A	0.1284	benign	p.(Q370A)
P35372	Q370C	0.2704	benign	p.(Q370C)
P35372	Q370D	0.1823	benign	p.(Q370D)
P35372	Q370E	0.0892	benign	p.(Q370E)
P35372	Q370F	0.3652	ambiguous	p.(Q370F)
P35372	Q370G	0.1229	benign	p.(Q370G)
P35372	Q370H	0.0897	benign	p.(Q370H)
P35372	Q370I	0.2162	benign	p.(Q370I)
P35372	Q370K	0.0972	benign	p.(Q370K)
P35372	Q370L	0.1058	benign	p.(Q370L)
P35372	Q370M	0.2355	benign	p.(Q370M)
P35372	Q370N	0.1042	benign	p.(Q370N)
P35372	Q370P	0.0809	benign	p.(Q370P)
P35372	Q370R	0.0944	benign	p.(Q370R)
P35372	Q370S	0.1204	benign	p.(Q370S)
P35372	Q370T	0.1136	benign	p.(Q370T)
P35372	Q370V	0.1575	benign	p.(Q370V)
P35372	Q370W	0.3138	benign	p.(Q370W)
P35372	Q370Y	0.2007	benign	p.(Q370Y)
P35372	N371A	0.1068	benign	p.(N371A)
P35372	N371C	0.1429	benign	p.(N371C)
P35372	N371D	0.1208	benign	p.(N371D)
P35372	N371E	0.2394	benign	p.(N371E)
P35372	N371F	0.2789	benign	p.(N371F)
P35372	N371G	0.1396	benign	p.(N371G)
P35372	N371H	0.0769	benign	p.(N371H)
P35372	N371I	0.1098	benign	p.(N371I)
P35372	N371K	0.1907	benign	p.(N371K)
P35372	N371L	0.1415	benign	p.(N371L)
P35372	N371M	0.1883	benign	p.(N371M)
P35372	N371P	0.1614	benign	p.(N371P)
P35372	N371Q	0.1678	benign	p.(N371Q)
P35372	N371R	0.2112	benign	p.(N371R)
P35372	N371S	0.0825	benign	p.(N371S)
P35372	N371T	0.0737	benign	p.(N371T)
P35372	N371V	0.112	benign	p.(N371V)
P35372	N371W	0.5141	ambiguous	p.(N371W)
P35372	N371Y	0.1081	benign	p.(N371Y)
P35372	T372A	0.0651	benign	p.(T372A)
P35372	T372C	0.1929	benign	p.(T372C)
P35372	T372D	0.2278	benign	p.(T372D)
P35372	T372E	0.2299	benign	p.(T372E)
P35372	T372F	0.1697	benign	p.(T372F)
P35372	T372G	0.1107	benign	p.(T372G)
P35372	T372H	0.1174	benign	p.(T372H)
P35372	T372I	0.111	benign	p.(T372I)
P35372	T372K	0.1827	benign	p.(T372K)
P35372	T372L	0.0889	benign	p.(T372L)
P35372	T372M	0.0969	benign	p.(T372M)
P35372	T372N	0.07	benign	p.(T372N)
P35372	T372P	0.0716	benign	p.(T372P)
P35372	T372Q	0.1362	benign	p.(T372Q)
P35372	T372R	0.1436	benign	p.(T372R)
P35372	T372S	0.0741	benign	p.(T372S)
P35372	T372V	0.1001	benign	p.(T372V)
P35372	T372W	0.3857	ambiguous	p.(T372W)
P35372	T372Y	0.1566	benign	p.(T372Y)
P35372	R373A	0.2486	benign	p.(R373A)
P35372	R373C	0.1964	benign	p.(R373C)
P35372	R373D	0.3877	ambiguous	p.(R373D)
P35372	R373E	0.2432	benign	p.(R373E)
P35372	R373F	0.4311	ambiguous	p.(R373F)
P35372	R373G	0.1536	benign	p.(R373G)
P35372	R373H	0.1133	benign	p.(R373H)
P35372	R373I	0.2512	benign	p.(R373I)
P35372	R373K	0.0985	benign	p.(R373K)
P35372	R373L	0.2128	benign	p.(R373L)
P35372	R373M	0.299	benign	p.(R373M)
P35372	R373N	0.3974	ambiguous	p.(R373N)
P35372	R373P	0.264	benign	p.(R373P)
P35372	R373Q	0.0989	benign	p.(R373Q)
P35372	R373S	0.3333	benign	p.(R373S)
P35372	R373T	0.2028	benign	p.(R373T)
P35372	R373V	0.2713	benign	p.(R373V)
P35372	R373W	0.1925	benign	p.(R373W)
P35372	R373Y	0.3117	benign	p.(R373Y)
P35372	D374A	0.1524	benign	p.(D374A)
P35372	D374C	0.3637	ambiguous	p.(D374C)
P35372	D374E	0.072	benign	p.(D374E)
P35372	D374F	0.377	ambiguous	p.(D374F)
P35372	D374G	0.1218	benign	p.(D374G)
P35372	D374H	0.1962	benign	p.(D374H)
P35372	D374I	0.2045	benign	p.(D374I)
P35372	D374K	0.2655	benign	p.(D374K)
P35372	D374L	0.2224	benign	p.(D374L)
P35372	D374M	0.3824	ambiguous	p.(D374M)
P35372	D374N	0.0951	benign	p.(D374N)
P35372	D374P	0.3475	ambiguous	p.(D374P)
P35372	D374Q	0.168	benign	p.(D374Q)
P35372	D374R	0.2745	benign	p.(D374R)
P35372	D374S	0.1204	benign	p.(D374S)
P35372	D374T	0.164	benign	p.(D374T)
P35372	D374V	0.1472	benign	p.(D374V)
P35372	D374W	0.6982	pathogenic	p.(D374W)
P35372	D374Y	0.1753	benign	p.(D374Y)
P35372	H375A	0.1087	benign	p.(H375A)
P35372	H375C	0.1176	benign	p.(H375C)
P35372	H375D	0.1108	benign	p.(H375D)
P35372	H375E	0.1329	benign	p.(H375E)
P35372	H375F	0.1432	benign	p.(H375F)
P35372	H375G	0.1344	benign	p.(H375G)
P35372	H375I	0.1015	benign	p.(H375I)
P35372	H375K	0.1379	benign	p.(H375K)
P35372	H375L	0.071	benign	p.(H375L)
P35372	H375M	0.2039	benign	p.(H375M)
P35372	H375N	0.064	benign	p.(H375N)
P35372	H375P	0.0776	benign	p.(H375P)
P35372	H375Q	0.0835	benign	p.(H375Q)
P35372	H375R	0.0818	benign	p.(H375R)
P35372	H375S	0.1002	benign	p.(H375S)
P35372	H375T	0.0974	benign	p.(H375T)
P35372	H375V	0.0924	benign	p.(H375V)
P35372	H375W	0.2926	benign	p.(H375W)
P35372	H375Y	0.0751	benign	p.(H375Y)
P35372	P376A	0.0575	benign	p.(P376A)
P35372	P376C	0.167	benign	p.(P376C)
P35372	P376D	0.2022	benign	p.(P376D)
P35372	P376E	0.1629	benign	p.(P376E)
P35372	P376F	0.1763	benign	p.(P376F)
P35372	P376G	0.1255	benign	p.(P376G)
P35372	P376H	0.0791	benign	p.(P376H)
P35372	P376I	0.1124	benign	p.(P376I)
P35372	P376K	0.166	benign	p.(P376K)
P35372	P376L	0.0765	benign	p.(P376L)
P35372	P376M	0.1622	benign	p.(P376M)
P35372	P376N	0.1253	benign	p.(P376N)
P35372	P376Q	0.0833	benign	p.(P376Q)
P35372	P376R	0.1081	benign	p.(P376R)
P35372	P376S	0.0762	benign	p.(P376S)
P35372	P376T	0.0654	benign	p.(P376T)
P35372	P376V	0.0863	benign	p.(P376V)
P35372	P376W	0.2968	benign	p.(P376W)
P35372	P376Y	0.1578	benign	p.(P376Y)
P35372	S377A	0.0625	benign	p.(S377A)
P35372	S377C	0.0839	benign	p.(S377C)
P35372	S377D	0.2676	benign	p.(S377D)
P35372	S377E	0.363	ambiguous	p.(S377E)
P35372	S377F	0.1497	benign	p.(S377F)
P35372	S377G	0.069	benign	p.(S377G)
P35372	S377H	0.2096	benign	p.(S377H)
P35372	S377I	0.1122	benign	p.(S377I)
P35372	S377K	0.4856	ambiguous	p.(S377K)
P35372	S377L	0.0883	benign	p.(S377L)
P35372	S377M	0.1573	benign	p.(S377M)
P35372	S377N	0.0899	benign	p.(S377N)
P35372	S377P	0.0858	benign	p.(S377P)
P35372	S377Q	0.313	benign	p.(S377Q)
P35372	S377R	0.4154	ambiguous	p.(S377R)
P35372	S377T	0.0644	benign	p.(S377T)
P35372	S377V	0.0984	benign	p.(S377V)
P35372	S377W	0.2983	benign	p.(S377W)
P35372	S377Y	0.1411	benign	p.(S377Y)
P35372	T378A	0.0588	benign	p.(T378A)
P35372	T378C	0.2091	benign	p.(T378C)
P35372	T378D	0.2416	benign	p.(T378D)
P35372	T378E	0.2161	benign	p.(T378E)
P35372	T378F	0.1403	benign	p.(T378F)
P35372	T378G	0.1158	benign	p.(T378G)
P35372	T378H	0.1289	benign	p.(T378H)
P35372	T378I	0.1138	benign	p.(T378I)
P35372	T378K	0.1703	benign	p.(T378K)
P35372	T378L	0.0803	benign	p.(T378L)
P35372	T378M	0.0885	benign	p.(T378M)
P35372	T378N	0.0938	benign	p.(T378N)
P35372	T378P	0.0698	benign	p.(T378P)
P35372	T378Q	0.15	benign	p.(T378Q)
P35372	T378R	0.1256	benign	p.(T378R)
P35372	T378S	0.0766	benign	p.(T378S)
P35372	T378V	0.0952	benign	p.(T378V)
P35372	T378W	0.333	benign	p.(T378W)
P35372	T378Y	0.1519	benign	p.(T378Y)
P35372	A379C	0.2476	benign	p.(A379C)
P35372	A379D	0.1984	benign	p.(A379D)
P35372	A379E	0.2004	benign	p.(A379E)
P35372	A379F	0.2071	benign	p.(A379F)
P35372	A379G	0.0834	benign	p.(A379G)
P35372	A379H	0.2568	benign	p.(A379H)
P35372	A379I	0.13	benign	p.(A379I)
P35372	A379K	0.3118	benign	p.(A379K)
P35372	A379L	0.1107	benign	p.(A379L)
P35372	A379M	0.1539	benign	p.(A379M)
P35372	A379N	0.14	benign	p.(A379N)
P35372	A379P	0.1017	benign	p.(A379P)
P35372	A379Q	0.202	benign	p.(A379Q)
P35372	A379R	0.2772	benign	p.(A379R)
P35372	A379S	0.0797	benign	p.(A379S)
P35372	A379T	0.0713	benign	p.(A379T)
P35372	A379V	0.0855	benign	p.(A379V)
P35372	A379W	0.4626	ambiguous	p.(A379W)
P35372	A379Y	0.2581	benign	p.(A379Y)
P35372	N380A	0.0913	benign	p.(N380A)
P35372	N380C	0.1315	benign	p.(N380C)
P35372	N380D	0.0975	benign	p.(N380D)
P35372	N380E	0.2165	benign	p.(N380E)
P35372	N380F	0.2596	benign	p.(N380F)
P35372	N380G	0.1203	benign	p.(N380G)
P35372	N380H	0.0767	benign	p.(N380H)
P35372	N380I	0.1229	benign	p.(N380I)
P35372	N380K	0.1852	benign	p.(N380K)
P35372	N380L	0.1328	benign	p.(N380L)
P35372	N380M	0.2093	benign	p.(N380M)
P35372	N380P	0.1572	benign	p.(N380P)
P35372	N380Q	0.1762	benign	p.(N380Q)
P35372	N380R	0.182	benign	p.(N380R)
P35372	N380S	0.0689	benign	p.(N380S)
P35372	N380T	0.0803	benign	p.(N380T)
P35372	N380V	0.1053	benign	p.(N380V)
P35372	N380W	0.5126	ambiguous	p.(N380W)
P35372	N380Y	0.1097	benign	p.(N380Y)
P35372	T381A	0.0739	benign	p.(T381A)
P35372	T381C	0.3038	benign	p.(T381C)
P35372	T381D	0.2581	benign	p.(T381D)
P35372	T381E	0.2501	benign	p.(T381E)
P35372	T381F	0.2364	benign	p.(T381F)
P35372	T381G	0.1631	benign	p.(T381G)
P35372	T381H	0.1623	benign	p.(T381H)
P35372	T381I	0.1871	benign	p.(T381I)
P35372	T381K	0.202	benign	p.(T381K)
P35372	T381L	0.1252	benign	p.(T381L)
P35372	T381M	0.1179	benign	p.(T381M)
P35372	T381N	0.106	benign	p.(T381N)
P35372	T381P	0.0951	benign	p.(T381P)
P35372	T381Q	0.1936	benign	p.(T381Q)
P35372	T381R	0.1475	benign	p.(T381R)
P35372	T381S	0.0983	benign	p.(T381S)
P35372	T381V	0.1481	benign	p.(T381V)
P35372	T381W	0.4908	ambiguous	p.(T381W)
P35372	T381Y	0.2354	benign	p.(T381Y)
P35372	V382A	0.0802	benign	p.(V382A)
P35372	V382C	0.4711	ambiguous	p.(V382C)
P35372	V382D	0.1637	benign	p.(V382D)
P35372	V382E	0.1641	benign	p.(V382E)
P35372	V382F	0.1194	benign	p.(V382F)
P35372	V382G	0.083	benign	p.(V382G)
P35372	V382H	0.2905	benign	p.(V382H)
P35372	V382I	0.0781	benign	p.(V382I)
P35372	V382K	0.2091	benign	p.(V382K)
P35372	V382L	0.115	benign	p.(V382L)
P35372	V382M	0.1015	benign	p.(V382M)
P35372	V382N	0.1371	benign	p.(V382N)
P35372	V382P	0.1693	benign	p.(V382P)
P35372	V382Q	0.1798	benign	p.(V382Q)
P35372	V382R	0.1829	benign	p.(V382R)
P35372	V382S	0.1053	benign	p.(V382S)
P35372	V382T	0.1015	benign	p.(V382T)
P35372	V382W	0.5237	ambiguous	p.(V382W)
P35372	V382Y	0.3205	benign	p.(V382Y)
P35372	D383A	0.1769	benign	p.(D383A)
P35372	D383C	0.4554	ambiguous	p.(D383C)
P35372	D383E	0.0995	benign	p.(D383E)
P35372	D383F	0.4459	ambiguous	p.(D383F)
P35372	D383G	0.153	benign	p.(D383G)
P35372	D383H	0.2443	benign	p.(D383H)
P35372	D383I	0.2899	benign	p.(D383I)
P35372	D383K	0.3769	ambiguous	p.(D383K)
P35372	D383L	0.288	benign	p.(D383L)
P35372	D383M	0.5159	ambiguous	p.(D383M)
P35372	D383N	0.1106	benign	p.(D383N)
P35372	D383P	0.3968	ambiguous	p.(D383P)
P35372	D383Q	0.2325	benign	p.(D383Q)
P35372	D383R	0.3483	ambiguous	p.(D383R)
P35372	D383S	0.1357	benign	p.(D383S)
P35372	D383T	0.2117	benign	p.(D383T)
P35372	D383V	0.189	benign	p.(D383V)
P35372	D383W	0.7832	pathogenic	p.(D383W)
P35372	D383Y	0.2172	benign	p.(D383Y)
P35372	R384A	0.3104	benign	p.(R384A)
P35372	R384C	0.2594	benign	p.(R384C)
P35372	R384D	0.3983	ambiguous	p.(R384D)
P35372	R384E	0.2462	benign	p.(R384E)
P35372	R384F	0.5209	ambiguous	p.(R384F)
P35372	R384G	0.1765	benign	p.(R384G)
P35372	R384H	0.13	benign	p.(R384H)
P35372	R384I	0.244	benign	p.(R384I)
P35372	R384K	0.1136	benign	p.(R384K)
P35372	R384L	0.2438	benign	p.(R384L)
P35372	R384M	0.2965	benign	p.(R384M)
P35372	R384N	0.4329	ambiguous	p.(R384N)
P35372	R384P	0.3769	ambiguous	p.(R384P)
P35372	R384Q	0.1123	benign	p.(R384Q)
P35372	R384S	0.3935	ambiguous	p.(R384S)
P35372	R384T	0.2221	benign	p.(R384T)
P35372	R384V	0.2944	benign	p.(R384V)
P35372	R384W	0.2888	benign	p.(R384W)
P35372	R384Y	0.3825	ambiguous	p.(R384Y)
P35372	T385A	0.0766	benign	p.(T385A)
P35372	T385C	0.2947	benign	p.(T385C)
P35372	T385D	0.2249	benign	p.(T385D)
P35372	T385E	0.2074	benign	p.(T385E)
P35372	T385F	0.2966	benign	p.(T385F)
P35372	T385G	0.1246	benign	p.(T385G)
P35372	T385H	0.1822	benign	p.(T385H)
P35372	T385I	0.2402	benign	p.(T385I)
P35372	T385K	0.1948	benign	p.(T385K)
P35372	T385L	0.151	benign	p.(T385L)
P35372	T385M	0.1365	benign	p.(T385M)
P35372	T385N	0.087	benign	p.(T385N)
P35372	T385P	0.0848	benign	p.(T385P)
P35372	T385Q	0.1631	benign	p.(T385Q)
P35372	T385R	0.1631	benign	p.(T385R)
P35372	T385S	0.0824	benign	p.(T385S)
P35372	T385V	0.1903	benign	p.(T385V)
P35372	T385W	0.4674	ambiguous	p.(T385W)
P35372	T385Y	0.235	benign	p.(T385Y)
P35372	N386A	0.1457	benign	p.(N386A)
P35372	N386C	0.1996	benign	p.(N386C)
P35372	N386D	0.1227	benign	p.(N386D)
P35372	N386E	0.2639	benign	p.(N386E)
P35372	N386F	0.4081	ambiguous	p.(N386F)
P35372	N386G	0.1754	benign	p.(N386G)
P35372	N386H	0.1057	benign	p.(N386H)
P35372	N386I	0.1705	benign	p.(N386I)
P35372	N386K	0.247	benign	p.(N386K)
P35372	N386L	0.1979	benign	p.(N386L)
P35372	N386M	0.3011	benign	p.(N386M)
P35372	N386P	0.2408	benign	p.(N386P)
P35372	N386Q	0.2369	benign	p.(N386Q)
P35372	N386R	0.2338	benign	p.(N386R)
P35372	N386S	0.0821	benign	p.(N386S)
P35372	N386T	0.1106	benign	p.(N386T)
P35372	N386V	0.1554	benign	p.(N386V)
P35372	N386W	0.633	pathogenic	p.(N386W)
P35372	N386Y	0.1602	benign	p.(N386Y)
P35372	H387A	0.1293	benign	p.(H387A)
P35372	H387C	0.1339	benign	p.(H387C)
P35372	H387D	0.1195	benign	p.(H387D)
P35372	H387E	0.1252	benign	p.(H387E)
P35372	H387F	0.1841	benign	p.(H387F)
P35372	H387G	0.1369	benign	p.(H387G)
P35372	H387I	0.1441	benign	p.(H387I)
P35372	H387K	0.1282	benign	p.(H387K)
P35372	H387L	0.082	benign	p.(H387L)
P35372	H387M	0.259	benign	p.(H387M)
P35372	H387N	0.072	benign	p.(H387N)
P35372	H387P	0.0869	benign	p.(H387P)
P35372	H387Q	0.079	benign	p.(H387Q)
P35372	H387R	0.0714	benign	p.(H387R)
P35372	H387S	0.1149	benign	p.(H387S)
P35372	H387T	0.1168	benign	p.(H387T)
P35372	H387V	0.1204	benign	p.(H387V)
P35372	H387W	0.292	benign	p.(H387W)
P35372	H387Y	0.0888	benign	p.(H387Y)
P35372	Q388A	0.1504	benign	p.(Q388A)
P35372	Q388C	0.4464	ambiguous	p.(Q388C)
P35372	Q388D	0.1834	benign	p.(Q388D)
P35372	Q388E	0.0814	benign	p.(Q388E)
P35372	Q388F	0.4259	ambiguous	p.(Q388F)
P35372	Q388G	0.1797	benign	p.(Q388G)
P35372	Q388H	0.1199	benign	p.(Q388H)
P35372	Q388I	0.2231	benign	p.(Q388I)
P35372	Q388K	0.1105	benign	p.(Q388K)
P35372	Q388L	0.1245	benign	p.(Q388L)
P35372	Q388M	0.2947	benign	p.(Q388M)
P35372	Q388N	0.1664	benign	p.(Q388N)
P35372	Q388P	0.0922	benign	p.(Q388P)
P35372	Q388R	0.103	benign	p.(Q388R)
P35372	Q388S	0.1442	benign	p.(Q388S)
P35372	Q388T	0.1339	benign	p.(Q388T)
P35372	Q388V	0.1625	benign	p.(Q388V)
P35372	Q388W	0.4882	ambiguous	p.(Q388W)
P35372	Q388Y	0.2741	benign	p.(Q388Y)
P35372	L389A	0.098	benign	p.(L389A)
P35372	L389C	0.3603	ambiguous	p.(L389C)
P35372	L389D	0.2366	benign	p.(L389D)
P35372	L389E	0.1221	benign	p.(L389E)
P35372	L389F	0.114	benign	p.(L389F)
P35372	L389G	0.16	benign	p.(L389G)
P35372	L389H	0.1596	benign	p.(L389H)
P35372	L389I	0.0964	benign	p.(L389I)
P35372	L389K	0.1179	benign	p.(L389K)
P35372	L389M	0.0945	benign	p.(L389M)
P35372	L389N	0.1747	benign	p.(L389N)
P35372	L389P	0.1138	benign	p.(L389P)
P35372	L389Q	0.093	benign	p.(L389Q)
P35372	L389R	0.1042	benign	p.(L389R)
P35372	L389S	0.1473	benign	p.(L389S)
P35372	L389T	0.1102	benign	p.(L389T)
P35372	L389V	0.0701	benign	p.(L389V)
P35372	L389W	0.1608	benign	p.(L389W)
P35372	L389Y	0.2215	benign	p.(L389Y)
P35372	E390A	0.1241	benign	p.(E390A)
P35372	E390C	0.4971	ambiguous	p.(E390C)
P35372	E390D	0.0903	benign	p.(E390D)
P35372	E390F	0.4625	ambiguous	p.(E390F)
P35372	E390G	0.0907	benign	p.(E390G)
P35372	E390H	0.225	benign	p.(E390H)
P35372	E390I	0.2709	benign	p.(E390I)
P35372	E390K	0.1574	benign	p.(E390K)
P35372	E390L	0.2299	benign	p.(E390L)
P35372	E390M	0.3697	ambiguous	p.(E390M)
P35372	E390N	0.1644	benign	p.(E390N)
P35372	E390P	0.2029	benign	p.(E390P)
P35372	E390Q	0.0888	benign	p.(E390Q)
P35372	E390R	0.1604	benign	p.(E390R)
P35372	E390S	0.1356	benign	p.(E390S)
P35372	E390T	0.172	benign	p.(E390T)
P35372	E390V	0.1736	benign	p.(E390V)
P35372	E390W	0.6176	pathogenic	p.(E390W)
P35372	E390Y	0.3327	benign	p.(E390Y)
P35372	N391A	0.1016	benign	p.(N391A)
P35372	N391C	0.1482	benign	p.(N391C)
P35372	N391D	0.0957	benign	p.(N391D)
P35372	N391E	0.1502	benign	p.(N391E)
P35372	N391F	0.1814	benign	p.(N391F)
P35372	N391G	0.1401	benign	p.(N391G)
P35372	N391H	0.0823	benign	p.(N391H)
P35372	N391I	0.0792	benign	p.(N391I)
P35372	N391K	0.1262	benign	p.(N391K)
P35372	N391L	0.094	benign	p.(N391L)
P35372	N391M	0.1406	benign	p.(N391M)
P35372	N391P	0.1459	benign	p.(N391P)
P35372	N391Q	0.1326	benign	p.(N391Q)
P35372	N391R	0.1426	benign	p.(N391R)
P35372	N391S	0.0867	benign	p.(N391S)
P35372	N391T	0.08	benign	p.(N391T)
P35372	N391V	0.0863	benign	p.(N391V)
P35372	N391W	0.3722	ambiguous	p.(N391W)
P35372	N391Y	0.0898	benign	p.(N391Y)
P35372	L392A	0.0682	benign	p.(L392A)
P35372	L392C	0.2318	benign	p.(L392C)
P35372	L392D	0.1481	benign	p.(L392D)
P35372	L392E	0.0828	benign	p.(L392E)
P35372	L392F	0.0841	benign	p.(L392F)
P35372	L392G	0.1167	benign	p.(L392G)
P35372	L392H	0.0875	benign	p.(L392H)
P35372	L392I	0.0715	benign	p.(L392I)
P35372	L392K	0.0769	benign	p.(L392K)
P35372	L392M	0.0807	benign	p.(L392M)
P35372	L392N	0.1051	benign	p.(L392N)
P35372	L392P	0.0752	benign	p.(L392P)
P35372	L392Q	0.0551	benign	p.(L392Q)
P35372	L392R	0.0674	benign	p.(L392R)
P35372	L392S	0.0786	benign	p.(L392S)
P35372	L392T	0.0673	benign	p.(L392T)
P35372	L392V	0.0636	benign	p.(L392V)
P35372	L392W	0.1238	benign	p.(L392W)
P35372	L392Y	0.154	benign	p.(L392Y)
P35372	E393A	0.1043	benign	p.(E393A)
P35372	E393C	0.524	ambiguous	p.(E393C)
P35372	E393D	0.0868	benign	p.(E393D)
P35372	E393F	0.41	ambiguous	p.(E393F)
P35372	E393G	0.1089	benign	p.(E393G)
P35372	E393H	0.2089	benign	p.(E393H)
P35372	E393I	0.2512	benign	p.(E393I)
P35372	E393K	0.1536	benign	p.(E393K)
P35372	E393L	0.2112	benign	p.(E393L)
P35372	E393M	0.3487	ambiguous	p.(E393M)
P35372	E393N	0.1721	benign	p.(E393N)
P35372	E393P	0.1759	benign	p.(E393P)
P35372	E393Q	0.1011	benign	p.(E393Q)
P35372	E393R	0.1663	benign	p.(E393R)
P35372	E393S	0.1391	benign	p.(E393S)
P35372	E393T	0.1473	benign	p.(E393T)
P35372	E393V	0.1589	benign	p.(E393V)
P35372	E393W	0.6294	pathogenic	p.(E393W)
P35372	E393Y	0.3341	benign	p.(E393Y)
P35372	A394C	0.274	benign	p.(A394C)
P35372	A394D	0.1119	benign	p.(A394D)
P35372	A394E	0.0946	benign	p.(A394E)
P35372	A394F	0.1953	benign	p.(A394F)
P35372	A394G	0.0781	benign	p.(A394G)
P35372	A394H	0.2097	benign	p.(A394H)
P35372	A394I	0.1606	benign	p.(A394I)
P35372	A394K	0.1677	benign	p.(A394K)
P35372	A394L	0.1096	benign	p.(A394L)
P35372	A394M	0.1592	benign	p.(A394M)
P35372	A394N	0.115	benign	p.(A394N)
P35372	A394P	0.0984	benign	p.(A394P)
P35372	A394Q	0.1431	benign	p.(A394Q)
P35372	A394R	0.1661	benign	p.(A394R)
P35372	A394S	0.0856	benign	p.(A394S)
P35372	A394T	0.0728	benign	p.(A394T)
P35372	A394V	0.0968	benign	p.(A394V)
P35372	A394W	0.3898	ambiguous	p.(A394W)
P35372	A394Y	0.2159	benign	p.(A394Y)
P35372	E395A	0.0901	benign	p.(E395A)
P35372	E395C	0.4997	ambiguous	p.(E395C)
P35372	E395D	0.0721	benign	p.(E395D)
P35372	E395F	0.3957	ambiguous	p.(E395F)
P35372	E395G	0.0852	benign	p.(E395G)
P35372	E395H	0.2146	benign	p.(E395H)
P35372	E395I	0.2271	benign	p.(E395I)
P35372	E395K	0.126	benign	p.(E395K)
P35372	E395L	0.2294	benign	p.(E395L)
P35372	E395M	0.3379	benign	p.(E395M)
P35372	E395N	0.1258	benign	p.(E395N)
P35372	E395P	0.1828	benign	p.(E395P)
P35372	E395Q	0.0992	benign	p.(E395Q)
P35372	E395R	0.153	benign	p.(E395R)
P35372	E395S	0.1064	benign	p.(E395S)
P35372	E395T	0.1216	benign	p.(E395T)
P35372	E395V	0.1404	benign	p.(E395V)
P35372	E395W	0.6467	pathogenic	p.(E395W)
P35372	E395Y	0.3039	benign	p.(E395Y)
P35372	T396A	0.0616	benign	p.(T396A)
P35372	T396C	0.24	benign	p.(T396C)
P35372	T396D	0.1242	benign	p.(T396D)
P35372	T396E	0.1151	benign	p.(T396E)
P35372	T396F	0.158	benign	p.(T396F)
P35372	T396G	0.107	benign	p.(T396G)
P35372	T396H	0.1301	benign	p.(T396H)
P35372	T396I	0.1269	benign	p.(T396I)
P35372	T396K	0.1243	benign	p.(T396K)
P35372	T396L	0.102	benign	p.(T396L)
P35372	T396M	0.1148	benign	p.(T396M)
P35372	T396N	0.074	benign	p.(T396N)
P35372	T396P	0.0751	benign	p.(T396P)
P35372	T396Q	0.1296	benign	p.(T396Q)
P35372	T396R	0.1109	benign	p.(T396R)
P35372	T396S	0.0835	benign	p.(T396S)
P35372	T396V	0.1032	benign	p.(T396V)
P35372	T396W	0.3427	ambiguous	p.(T396W)
P35372	T396Y	0.145	benign	p.(T396Y)
P35372	A397C	0.1902	benign	p.(A397C)
P35372	A397D	0.1093	benign	p.(A397D)
P35372	A397E	0.1118	benign	p.(A397E)
P35372	A397F	0.1297	benign	p.(A397F)
P35372	A397G	0.0866	benign	p.(A397G)
P35372	A397H	0.1467	benign	p.(A397H)
P35372	A397I	0.1043	benign	p.(A397I)
P35372	A397K	0.1582	benign	p.(A397K)
P35372	A397L	0.083	benign	p.(A397L)
P35372	A397M	0.1328	benign	p.(A397M)
P35372	A397N	0.1042	benign	p.(A397N)
P35372	A397P	0.0767	benign	p.(A397P)
P35372	A397Q	0.1193	benign	p.(A397Q)
P35372	A397R	0.1396	benign	p.(A397R)
P35372	A397S	0.0758	benign	p.(A397S)
P35372	A397T	0.0658	benign	p.(A397T)
P35372	A397V	0.0771	benign	p.(A397V)
P35372	A397W	0.3333	benign	p.(A397W)
P35372	A397Y	0.1597	benign	p.(A397Y)
P35372	P398A	0.0542	benign	p.(P398A)
P35372	P398C	0.1788	benign	p.(P398C)
P35372	P398D	0.1285	benign	p.(P398D)
P35372	P398E	0.1	benign	p.(P398E)
P35372	P398F	0.1481	benign	p.(P398F)
P35372	P398G	0.1122	benign	p.(P398G)
P35372	P398H	0.0879	benign	p.(P398H)
P35372	P398I	0.097	benign	p.(P398I)
P35372	P398K	0.1298	benign	p.(P398K)
P35372	P398L	0.0805	benign	p.(P398L)
P35372	P398M	0.1688	benign	p.(P398M)
P35372	P398N	0.1088	benign	p.(P398N)
P35372	P398Q	0.0824	benign	p.(P398Q)
P35372	P398R	0.0961	benign	p.(P398R)
P35372	P398S	0.0692	benign	p.(P398S)
P35372	P398T	0.0627	benign	p.(P398T)
P35372	P398V	0.077	benign	p.(P398V)
P35372	P398W	0.2977	benign	p.(P398W)
P35372	P398Y	0.142	benign	p.(P398Y)
P35372	L399A	0.0758	benign	p.(L399A)
P35372	L399C	0.1811	benign	p.(L399C)
P35372	L399D	0.1568	benign	p.(L399D)
P35372	L399E	0.1	benign	p.(L399E)
P35372	L399F	0.0697	benign	p.(L399F)
P35372	L399G	0.1354	benign	p.(L399G)
P35372	L399H	0.0964	benign	p.(L399H)
P35372	L399I	0.072	benign	p.(L399I)
P35372	L399K	0.0993	benign	p.(L399K)
P35372	L399M	0.0984	benign	p.(L399M)
P35372	L399N	0.1103	benign	p.(L399N)
P35372	L399P	0.0777	benign	p.(L399P)
P35372	L399Q	0.0706	benign	p.(L399Q)
P35372	L399R	0.0845	benign	p.(L399R)
P35372	L399S	0.0846	benign	p.(L399S)
P35372	L399T	0.0805	benign	p.(L399T)
P35372	L399V	0.0635	benign	p.(L399V)
P35372	L399W	0.1601	benign	p.(L399W)
P35372	L399Y	0.1403	benign	p.(L399Y)
P35372	P400A	0.0717	benign	p.(P400A)
P35372	P400C	0.2466	benign	p.(P400C)
P35372	P400D	0.1837	benign	p.(P400D)
P35372	P400E	0.1217	benign	p.(P400E)
P35372	P400F	0.2333	benign	p.(P400F)
P35372	P400G	0.1446	benign	p.(P400G)
P35372	P400H	0.1114	benign	p.(P400H)
P35372	P400I	0.1582	benign	p.(P400I)
P35372	P400K	0.1509	benign	p.(P400K)
P35372	P400L	0.1029	benign	p.(P400L)
P35372	P400M	0.2309	benign	p.(P400M)
P35372	P400N	0.1621	benign	p.(P400N)
P35372	P400Q	0.0873	benign	p.(P400Q)
P35372	P400R	0.1089	benign	p.(P400R)
P35372	P400S	0.0863	benign	p.(P400S)
P35372	P400T	0.0819	benign	p.(P400T)
P35372	P400V	0.1112	benign	p.(P400V)
P35372	P400W	0.3861	ambiguous	p.(P400W)
P35372	P400Y	0.1971	benign	p.(P400Y)