group,position,mean_pct_lof,mean_pct_gof,n_drugs
C6guano / Morphine,2,0,21.052631578947366,2
C6guano / Morphine,3,0,44.44444444444444,2
C6guano / Morphine,4,0,34.21052631578948,2
C6guano / Morphine,5,0,39.473684210526315,2
C6guano / Morphine,6,0,31.578947368421048,2
C6guano / Morphine,7,0,55.263157894736835,2
C6guano / Morphine,8,0,60.526315789473685,2
C6guano / Morphine,9,0,39.473684210526315,2
C6guano / Morphine,10,0,47.368421052631575,2
C6guano / Morphine,11,0,36.84210526315789,2
C6guano / Morphine,12,0,23.684210526315788,2
C6guano / Morphine,13,0,26.31578947368421,2
C6guano / Morphine,14,0,33.333333333333336,2
C6guano / Morphine,15,0,23.684210526315788,2
C6guano / Morphine,16,0,39.473684210526315,2
C6guano / Morphine,17,0,28.94736842105263,2
C6guano / Morphine,18,0,42.10526315789474,2
C6guano / Morphine,19,2.631578947368421,34.21052631578948,2
C6guano / Morphine,20,0,47.368421052631575,2
C6guano / Morphine,21,0,39.473684210526315,2
C6guano / Morphine,22,2.941176470588235,38.23529411764706,2
C6guano / Morphine,23,0,39.473684210526315,2
C6guano / Morphine,24,0,28.94736842105263,2
C6guano / Morphine,25,2.631578947368421,34.21052631578947,2
C6guano / Morphine,26,0,26.31578947368421,2
C6guano / Morphine,27,0,39.473684210526315,2
C6guano / Morphine,28,0,52.631578947368425,2
C6guano / Morphine,29,0,60.526315789473685,2
C6guano / Morphine,30,0,39.473684210526315,2
C6guano / Morphine,31,0,15.789473684210524,2
C6guano / Morphine,32,2.631578947368421,42.10526315789474,2
C6guano / Morphine,33,0,65.78947368421052,2
C6guano / Morphine,34,0,28.94736842105263,2
C6guano / Morphine,35,0,42.10526315789474,2
C6guano / Morphine,36,0,42.10526315789474,2
C6guano / Morphine,37,0,20.588235294117645,2
C6guano / Morphine,38,0,42.10526315789473,2
C6guano / Morphine,39,5.263157894736842,36.84210526315789,2
C6guano / Morphine,40,2.631578947368421,15.789473684210524,2
C6guano / Morphine,41,2.631578947368421,57.89473684210526,2
C6guano / Morphine,42,0,31.578947368421048,2
C6guano / Morphine,43,0,42.10526315789474,2
C6guano / Morphine,44,0,39.473684210526315,2
C6guano / Morphine,45,2.631578947368421,26.31578947368421,2
C6guano / Morphine,46,0,52.631578947368425,2
C6guano / Morphine,47,5.263157894736842,60.526315789473685,2
C6guano / Morphine,48,0,13.157894736842104,2
C6guano / Morphine,49,0,13.157894736842104,2
C6guano / Morphine,50,10.526315789473683,34.21052631578947,2
C6guano / Morphine,51,0,44.73684210526315,2
C6guano / Morphine,52,0,34.21052631578947,2
C6guano / Morphine,53,5.263157894736842,10.526315789473683,2
C6guano / Morphine,54,0,21.052631578947366,2
C6guano / Morphine,55,2.631578947368421,34.21052631578947,2
C6guano / Morphine,56,0,31.57894736842105,2
C6guano / Morphine,57,0,26.31578947368421,2
C6guano / Morphine,58,0,47.368421052631575,2
C6guano / Morphine,59,5.263157894736842,21.052631578947366,2
C6guano / Morphine,60,0,34.21052631578948,2
C6guano / Morphine,61,0,26.31578947368421,2
C6guano / Morphine,62,0,39.473684210526315,2
C6guano / Morphine,63,2.631578947368421,23.684210526315788,2
C6guano / Morphine,64,2.631578947368421,18.421052631578945,2
C6guano / Morphine,65,0,15.789473684210524,2
C6guano / Morphine,66,7.894736842105262,7.894736842105262,2
C6guano / Morphine,67,0,42.10526315789473,2
C6guano / Morphine,68,0,15.789473684210524,2
C6guano / Morphine,69,7.894736842105262,10.526315789473683,2
C6guano / Morphine,70,7.894736842105263,10.526315789473683,2
C6guano / Morphine,71,7.894736842105262,7.894736842105263,2
C6guano / Morphine,72,13.157894736842104,15.789473684210526,2
C6guano / Morphine,73,44.73684210526316,7.894736842105263,2
C6guano / Morphine,74,23.684210526315788,13.157894736842104,2
C6guano / Morphine,75,36.111111111111114,2.7777777777777777,2
C6guano / Morphine,76,42.10526315789473,5.263157894736842,2
C6guano / Morphine,77,52.63157894736842,0,2
C6guano / Morphine,78,21.052631578947366,15.789473684210526,2
C6guano / Morphine,79,39.473684210526315,5.263157894736842,2
C6guano / Morphine,80,47.368421052631575,7.894736842105262,2
C6guano / Morphine,81,52.631578947368425,0,2
C6guano / Morphine,82,63.15789473684211,2.631578947368421,2
C6guano / Morphine,83,47.368421052631575,5.263157894736842,2
C6guano / Morphine,84,97.36842105263158,0,2
C6guano / Morphine,85,47.368421052631575,7.894736842105262,2
C6guano / Morphine,86,42.10526315789473,10.526315789473683,2
C6guano / Morphine,87,84.21052631578947,0,2
C6guano / Morphine,88,89.4736842105263,0,2
C6guano / Morphine,89,36.84210526315789,10.526315789473683,2
C6guano / Morphine,90,57.89473684210527,2.631578947368421,2
C6guano / Morphine,91,84.21052631578947,2.631578947368421,2
C6guano / Morphine,92,86.11111111111111,2.7777777777777777,2
C6guano / Morphine,93,47.368421052631575,5.263157894736842,2
C6guano / Morphine,94,47.368421052631575,7.894736842105263,2
C6guano / Morphine,95,57.89473684210526,2.631578947368421,2
C6guano / Morphine,96,21.052631578947366,2.631578947368421,2
C6guano / Morphine,97,25,0,2
C6guano / Morphine,98,28.94736842105263,10.526315789473683,2
C6guano / Morphine,99,26.31578947368421,7.894736842105262,2
C6guano / Morphine,100,81.57894736842104,2.631578947368421,2
C6guano / Morphine,101,34.21052631578947,0,2
C6guano / Morphine,102,26.31578947368421,2.631578947368421,2
C6guano / Morphine,103,63.157894736842096,0,2
C6guano / Morphine,104,65.78947368421052,2.631578947368421,2
C6guano / Morphine,105,57.89473684210526,7.894736842105263,2
C6guano / Morphine,106,55.263157894736835,0,2
C6guano / Morphine,107,28.94736842105263,7.894736842105262,2
C6guano / Morphine,108,63.15789473684211,2.631578947368421,2
C6guano / Morphine,109,73.68421052631578,0,2
C6guano / Morphine,110,65.78947368421052,0,2
C6guano / Morphine,111,57.89473684210527,0,2
C6guano / Morphine,112,68.42105263157895,0,2
C6guano / Morphine,113,100,0,2
C6guano / Morphine,114,55.26315789473684,10.526315789473683,2
C6guano / Morphine,115,52.63157894736842,5.263157894736842,2
C6guano / Morphine,116,84.21052631578947,0,2
C6guano / Morphine,117,47.368421052631575,2.631578947368421,2
C6guano / Morphine,118,63.15789473684211,7.894736842105262,2
C6guano / Morphine,119,65.78947368421052,5.263157894736842,2
C6guano / Morphine,120,50,5.263157894736842,2
C6guano / Morphine,121,47.368421052631575,5.263157894736842,2
C6guano / Morphine,122,52.631578947368425,2.631578947368421,2
C6guano / Morphine,123,71.05263157894737,0,2
C6guano / Morphine,124,68.42105263157895,2.631578947368421,2
C6guano / Morphine,125,55.26315789473684,2.631578947368421,2
C6guano / Morphine,126,31.57894736842105,0,2
C6guano / Morphine,127,21.052631578947366,18.421052631578945,2
C6guano / Morphine,128,60.526315789473685,0,2
C6guano / Morphine,129,10.526315789473683,23.684210526315788,2
C6guano / Morphine,130,0,31.57894736842105,2
C6guano / Morphine,131,44.73684210526315,5.263157894736842,2
C6guano / Morphine,132,23.684210526315788,5.263157894736842,2
C6guano / Morphine,133,36.84210526315789,5.263157894736842,2
C6guano / Morphine,134,18.421052631578945,18.421052631578945,2
C6guano / Morphine,135,86.84210526315789,0,2
C6guano / Morphine,136,23.684210526315788,7.894736842105262,2
C6guano / Morphine,137,68.42105263157895,0,2
C6guano / Morphine,138,60.526315789473685,2.631578947368421,2
C6guano / Morphine,139,10.526315789473683,13.157894736842104,2
C6guano / Morphine,140,18.421052631578945,5.263157894736842,2
C6guano / Morphine,141,47.368421052631575,7.894736842105262,2
C6guano / Morphine,142,97.36842105263158,0,2
C6guano / Morphine,143,81.57894736842104,0,2
C6guano / Morphine,144,28.94736842105263,5.263157894736842,2
C6guano / Morphine,145,39.473684210526315,0,2
C6guano / Morphine,146,44.73684210526316,7.894736842105262,2
C6guano / Morphine,147,50,2.631578947368421,2
C6guano / Morphine,148,52.63157894736842,2.631578947368421,2
C6guano / Morphine,149,97.36842105263158,0,2
C6guano / Morphine,150,63.1578947368421,0,2
C6guano / Morphine,151,76.3157894736842,0,2
C6guano / Morphine,152,73.68421052631578,0,2
C6guano / Morphine,153,76.3157894736842,0,2
C6guano / Morphine,154,84.21052631578948,0,2
C6guano / Morphine,155,63.1578947368421,2.631578947368421,2
C6guano / Morphine,156,92.10526315789474,0,2
C6guano / Morphine,157,78.94736842105263,5.263157894736842,2
C6guano / Morphine,158,55.26315789473684,7.894736842105263,2
C6guano / Morphine,159,68.42105263157895,2.631578947368421,2
C6guano / Morphine,160,81.57894736842104,5.263157894736842,2
C6guano / Morphine,161,84.21052631578947,0,2
C6guano / Morphine,162,34.21052631578947,15.789473684210524,2
C6guano / Morphine,163,89.47368421052632,2.631578947368421,2
C6guano / Morphine,164,89.47368421052632,0,2
C6guano / Morphine,165,63.157894736842096,13.157894736842104,2
C6guano / Morphine,166,84.21052631578947,0,2
C6guano / Morphine,167,100,0,2
C6guano / Morphine,168,86.84210526315789,0,2
C6guano / Morphine,169,68.42105263157895,5.263157894736842,2
C6guano / Morphine,170,94.73684210526315,0,2
C6guano / Morphine,171,78.94736842105263,0,2
C6guano / Morphine,172,52.63157894736842,2.631578947368421,2
C6guano / Morphine,173,65.78947368421052,0,2
C6guano / Morphine,174,78.94736842105263,0,2
C6guano / Morphine,175,44.73684210526315,10.526315789473683,2
C6guano / Morphine,176,18.421052631578945,2.631578947368421,2
C6guano / Morphine,177,68.42105263157895,7.894736842105262,2
C6guano / Morphine,178,42.10526315789473,10.526315789473683,2
C6guano / Morphine,179,21.052631578947366,21.052631578947366,2
C6guano / Morphine,180,52.631578947368425,7.894736842105262,2
C6guano / Morphine,181,92.10526315789474,0,2
C6guano / Morphine,182,21.052631578947366,23.684210526315788,2
C6guano / Morphine,183,28.94736842105263,7.894736842105262,2
C6guano / Morphine,184,26.31578947368421,21.052631578947366,2
C6guano / Morphine,185,44.73684210526315,5.263157894736842,2
C6guano / Morphine,186,71.05263157894737,2.631578947368421,2
C6guano / Morphine,187,36.84210526315789,0,2
C6guano / Morphine,188,28.94736842105263,15.789473684210524,2
C6guano / Morphine,189,50,2.631578947368421,2
C6guano / Morphine,190,76.3157894736842,2.631578947368421,2
C6guano / Morphine,191,23.684210526315788,5.263157894736842,2
C6guano / Morphine,192,44.73684210526315,5.263157894736842,2
C6guano / Morphine,193,55.263157894736835,7.894736842105262,2
C6guano / Morphine,194,68.42105263157895,0,2
C6guano / Morphine,195,63.157894736842096,2.631578947368421,2
C6guano / Morphine,196,55.263157894736835,2.631578947368421,2
C6guano / Morphine,197,55.26315789473684,2.631578947368421,2
C6guano / Morphine,198,71.05263157894737,0,2
C6guano / Morphine,199,50,13.157894736842104,2
C6guano / Morphine,200,55.26315789473684,5.263157894736842,2
C6guano / Morphine,201,52.63157894736842,5.263157894736842,2
C6guano / Morphine,202,63.15789473684211,0,2
C6guano / Morphine,203,63.157894736842096,7.894736842105262,2
C6guano / Morphine,204,42.10526315789473,21.052631578947366,2
C6guano / Morphine,205,47.368421052631575,2.631578947368421,2
C6guano / Morphine,206,21.052631578947366,7.894736842105263,2
C6guano / Morphine,207,7.894736842105263,13.157894736842104,2
C6guano / Morphine,208,73.6842105263158,0,2
C6guano / Morphine,209,26.31578947368421,15.789473684210524,2
C6guano / Morphine,210,31.578947368421048,7.894736842105262,2
C6guano / Morphine,211,2.631578947368421,7.894736842105262,2
C6guano / Morphine,212,7.894736842105262,28.94736842105263,2
C6guano / Morphine,213,13.157894736842104,15.789473684210524,2
C6guano / Morphine,214,0,5.555555555555555,2
C6guano / Morphine,215,21.052631578947366,15.789473684210524,2
C6guano / Morphine,216,26.31578947368421,5.263157894736842,2
C6guano / Morphine,217,13.157894736842104,15.789473684210524,2
C6guano / Morphine,218,10.526315789473683,21.052631578947366,2
C6guano / Morphine,219,100,0,2
C6guano / Morphine,220,10.526315789473683,31.578947368421048,2
C6guano / Morphine,221,34.21052631578947,2.631578947368421,2
C6guano / Morphine,222,21.052631578947366,7.894736842105262,2
C6guano / Morphine,223,5.263157894736842,26.31578947368421,2
C6guano / Morphine,224,0,23.684210526315788,2
C6guano / Morphine,225,7.894736842105263,18.421052631578945,2
C6guano / Morphine,226,36.111111111111114,11.11111111111111,2
C6guano / Morphine,227,2.631578947368421,10.526315789473683,2
C6guano / Morphine,228,5.263157894736842,5.263157894736842,2
C6guano / Morphine,229,0,13.157894736842104,2
C6guano / Morphine,230,2.631578947368421,21.052631578947366,2
C6guano / Morphine,231,15.789473684210524,10.526315789473683,2
C6guano / Morphine,232,11.11111111111111,8.333333333333332,2
C6guano / Morphine,233,28.94736842105263,2.631578947368421,2
C6guano / Morphine,234,13.157894736842104,18.421052631578945,2
C6guano / Morphine,235,15.789473684210524,13.157894736842104,2
C6guano / Morphine,236,42.10526315789473,2.631578947368421,2
C6guano / Morphine,237,44.73684210526316,13.157894736842104,2
C6guano / Morphine,238,50,0,2
C6guano / Morphine,239,52.631578947368425,2.631578947368421,2
C6guano / Morphine,240,36.84210526315789,2.631578947368421,2
C6guano / Morphine,241,65.78947368421052,2.631578947368421,2
C6guano / Morphine,242,52.63157894736842,10.526315789473683,2
C6guano / Morphine,243,73.68421052631578,0,2
C6guano / Morphine,244,39.473684210526315,13.157894736842104,2
C6guano / Morphine,245,44.73684210526315,18.421052631578945,2
C6guano / Morphine,246,97.36842105263158,0,2
C6guano / Morphine,247,52.631578947368425,2.631578947368421,2
C6guano / Morphine,248,52.631578947368425,2.631578947368421,2
C6guano / Morphine,249,68.42105263157895,5.263157894736842,2
C6guano / Morphine,250,71.05263157894737,7.894736842105262,2
C6guano / Morphine,251,65.78947368421052,2.631578947368421,2
C6guano / Morphine,252,23.684210526315788,7.894736842105262,2
C6guano / Morphine,253,86.84210526315789,0,2
C6guano / Morphine,254,92.10526315789474,2.631578947368421,2
C6guano / Morphine,255,39.473684210526315,5.263157894736842,2
C6guano / Morphine,256,55.263157894736835,0,2
C6guano / Morphine,257,92.10526315789474,0,2
C6guano / Morphine,258,65.78947368421052,0,2
C6guano / Morphine,259,7.894736842105263,5.263157894736842,2
C6guano / Morphine,260,71.05263157894737,2.631578947368421,2
C6guano / Morphine,261,86.84210526315789,0,2
C6guano / Morphine,262,63.1578947368421,0,2
C6guano / Morphine,263,18.421052631578945,5.263157894736842,2
C6guano / Morphine,264,5.263157894736842,13.157894736842104,2
C6guano / Morphine,265,10.526315789473683,13.157894736842104,2
C6guano / Morphine,266,0,26.31578947368421,2
C6guano / Morphine,267,13.157894736842104,2.631578947368421,2
C6guano / Morphine,268,2.631578947368421,13.157894736842104,2
C6guano / Morphine,269,5.263157894736842,39.473684210526315,2
C6guano / Morphine,270,13.157894736842104,7.894736842105262,2
C6guano / Morphine,271,2.631578947368421,5.263157894736842,2
C6guano / Morphine,272,10.526315789473683,21.052631578947366,2
C6guano / Morphine,273,31.578947368421048,2.631578947368421,2
C6guano / Morphine,274,2.631578947368421,15.789473684210526,2
C6guano / Morphine,275,2.631578947368421,5.263157894736842,2
C6guano / Morphine,276,7.894736842105262,15.789473684210526,2
C6guano / Morphine,277,34.21052631578947,0,2
C6guano / Morphine,278,47.368421052631575,0,2
C6guano / Morphine,279,36.8421052631579,2.631578947368421,2
C6guano / Morphine,280,68.42105263157895,0,2
C6guano / Morphine,281,31.578947368421048,5.263157894736842,2
C6guano / Morphine,282,23.684210526315788,10.526315789473683,2
C6guano / Morphine,283,18.421052631578945,13.157894736842104,2
C6guano / Morphine,284,42.10526315789473,2.631578947368421,2
C6guano / Morphine,285,7.894736842105262,15.789473684210526,2
C6guano / Morphine,286,31.57894736842105,2.631578947368421,2
C6guano / Morphine,287,10.526315789473683,10.526315789473683,2
C6guano / Morphine,288,57.89473684210527,5.263157894736842,2
C6guano / Morphine,289,28.94736842105263,13.157894736842104,2
C6guano / Morphine,290,52.63157894736842,0,2
C6guano / Morphine,291,94.73684210526315,0,2
C6guano / Morphine,292,63.157894736842096,2.631578947368421,2
C6guano / Morphine,293,36.84210526315789,7.894736842105263,2
C6guano / Morphine,294,68.42105263157895,2.631578947368421,2
C6guano / Morphine,295,71.05263157894737,0,2
C6guano / Morphine,296,50,7.894736842105263,2
C6guano / Morphine,297,100,0,2
C6guano / Morphine,298,66.66666666666666,0,2
C6guano / Morphine,299,86.84210526315789,0,2
C6guano / Morphine,300,57.89473684210526,7.894736842105262,2
C6guano / Morphine,301,55.263157894736835,0,2
C6guano / Morphine,302,23.684210526315788,7.894736842105262,2
C6guano / Morphine,303,44.73684210526315,2.631578947368421,2
C6guano / Morphine,304,21.052631578947366,0,2
C6guano / Morphine,305,31.578947368421048,5.263157894736842,2
C6guano / Morphine,306,5.263157894736842,2.631578947368421,2
C6guano / Morphine,307,5.263157894736842,2.631578947368421,2
C6guano / Morphine,308,7.894736842105262,5.263157894736842,2
C6guano / Morphine,309,5.263157894736842,15.789473684210524,2
C6guano / Morphine,310,10.526315789473683,2.631578947368421,2
C6guano / Morphine,311,34.21052631578947,2.631578947368421,2
C6guano / Morphine,312,2.631578947368421,7.894736842105262,2
C6guano / Morphine,313,21.052631578947366,5.263157894736842,2
C6guano / Morphine,314,2.631578947368421,23.684210526315788,2
C6guano / Morphine,315,10.526315789473683,21.052631578947366,2
C6guano / Morphine,316,10.526315789473683,18.421052631578945,2
C6guano / Morphine,317,10.526315789473683,10.526315789473683,2
C6guano / Morphine,318,31.578947368421048,13.157894736842104,2
C6guano / Morphine,319,18.421052631578945,26.31578947368421,2
C6guano / Morphine,320,55.263157894736835,10.526315789473683,2
C6guano / Morphine,321,78.94736842105263,0,2
C6guano / Morphine,322,42.10526315789473,13.157894736842104,2
C6guano / Morphine,323,65.78947368421052,0,2
C6guano / Morphine,324,23.684210526315788,13.157894736842104,2
C6guano / Morphine,325,73.68421052631578,2.631578947368421,2
C6guano / Morphine,326,76.3157894736842,0,2
C6guano / Morphine,327,92.10526315789474,0,2
C6guano / Morphine,328,68.42105263157895,2.631578947368421,2
C6guano / Morphine,329,50,0,2
C6guano / Morphine,330,39.473684210526315,2.631578947368421,2
C6guano / Morphine,331,55.263157894736835,2.631578947368421,2
C6guano / Morphine,332,65.78947368421052,2.631578947368421,2
C6guano / Morphine,333,73.68421052631578,2.631578947368421,2
C6guano / Morphine,334,81.57894736842104,0,2
C6guano / Morphine,335,81.57894736842104,0,2
C6guano / Morphine,336,23.684210526315788,10.526315789473683,2
C6guano / Morphine,337,55.55555555555556,2.7777777777777777,2
C6guano / Morphine,338,60.52631578947368,5.263157894736842,2
C6guano / Morphine,339,50,2.631578947368421,2
C6guano / Morphine,340,21.052631578947366,5.263157894736842,2
C6guano / Morphine,341,36.84210526315789,10.526315789473683,2
C6guano / Morphine,342,60.526315789473685,2.631578947368421,2
C6guano / Morphine,343,13.157894736842104,44.73684210526315,2
C6guano / Morphine,344,69.44444444444443,2.7777777777777777,2
C6guano / Morphine,345,60.526315789473685,0,2
C6guano / Morphine,346,31.578947368421048,0,2
C6guano / Morphine,347,47.368421052631575,2.631578947368421,2
C6guano / Morphine,348,10.526315789473683,15.789473684210526,2
C6guano / Morphine,349,39.473684210526315,10.526315789473683,2
C6guano / Morphine,350,26.31578947368421,2.631578947368421,2
C6guano / Morphine,351,0,50,2
C6guano / Morphine,352,0,13.88888888888889,2
C6guano / Morphine,353,13.157894736842104,5.263157894736842,2
C6guano / Morphine,354,0,36.84210526315789,2
C6guano / Morphine,355,0,13.157894736842104,2
C6guano / Morphine,356,2.631578947368421,34.21052631578947,2
C6guano / Morphine,357,0,7.894736842105262,2
C6guano / Morphine,358,0,42.10526315789473,2
C6guano / Morphine,359,0,36.84210526315789,2
C6guano / Morphine,360,0,50,2
C6guano / Morphine,361,0,28.94736842105263,2
C6guano / Morphine,362,0,13.157894736842104,2
C6guano / Morphine,363,2.631578947368421,34.21052631578948,2
C6guano / Morphine,364,2.631578947368421,28.94736842105263,2
C6guano / Morphine,365,0,36.84210526315789,2
C6guano / Morphine,366,0,36.84210526315789,2
C6guano / Morphine,367,5.263157894736842,7.894736842105262,2
C6guano / Morphine,368,2.631578947368421,34.21052631578947,2
C6guano / Morphine,369,0,7.894736842105262,2
C6guano / Morphine,370,0,28.94736842105263,2
C6guano / Morphine,371,0,26.31578947368421,2
C6guano / Morphine,372,5.263157894736842,39.473684210526315,2
C6guano / Morphine,373,0,31.578947368421048,2
C6guano / Morphine,374,0,47.368421052631575,2
C6guano / Morphine,375,0,18.421052631578945,2
C6guano / Morphine,376,0,26.31578947368421,2
C6guano / Morphine,377,0,39.473684210526315,2
C6guano / Morphine,378,0,50,2
C6guano / Morphine,379,0,47.368421052631575,2
C6guano / Morphine,380,0,63.157894736842096,2
C6guano / Morphine,381,0,42.10526315789473,2
C6guano / Morphine,382,0,31.578947368421048,2
C6guano / Morphine,383,0,36.84210526315789,2
C6guano / Morphine,384,2.631578947368421,50,2
C6guano / Morphine,385,0,60.526315789473685,2
C6guano / Morphine,386,0,78.94736842105263,2
C6guano / Morphine,387,0,52.63157894736842,2
C6guano / Morphine,388,0,42.10526315789474,2
C6guano / Morphine,389,0,68.42105263157895,2
C6guano / Morphine,390,0,50,2
C6guano / Morphine,391,0,47.368421052631575,2
C6guano / Morphine,392,0,31.578947368421055,2
C6guano / Morphine,393,0,55.263157894736835,2
C6guano / Morphine,394,0,76.3157894736842,2
C6guano / Morphine,395,0,39.473684210526315,2
C6guano / Morphine,396,0,68.42105263157895,2
C6guano / Morphine,397,0,71.05263157894737,2
C6guano / Morphine,398,0,52.63157894736842,2
C6guano / Morphine,399,0,63.1578947368421,2
C6guano / Morphine,400,0,28.94736842105263,2
Nalbuphine / Buprenorphine / Butorphanol / MP,2,3.9473684210526314,5.263157894736842,4
Nalbuphine / Buprenorphine / Butorphanol / MP,3,1.3888888888888888,0,4
Nalbuphine / Buprenorphine / Butorphanol / MP,4,2.6315789473684204,3.947368421052631,4
Nalbuphine / Buprenorphine / Butorphanol / MP,5,5.263157894736841,0,4
Nalbuphine / Buprenorphine / Butorphanol / MP,6,3.947368421052631,1.3157894736842102,4
Nalbuphine / Buprenorphine / Butorphanol / MP,7,0,18.421052631578945,4
Nalbuphine / Buprenorphine / Butorphanol / MP,8,3.947368421052631,14.473684210526315,4
Nalbuphine / Buprenorphine / Butorphanol / MP,9,2.631578947368421,1.3157894736842102,4
Nalbuphine / Buprenorphine / Butorphanol / MP,10,1.3157894736842102,1.3157894736842102,4
Nalbuphine / Buprenorphine / Butorphanol / MP,11,9.210526315789473,0,4
Nalbuphine / Buprenorphine / Butorphanol / MP,12,1.3157894736842102,0,4
Nalbuphine / Buprenorphine / Butorphanol / MP,13,2.6315789473684204,5.263157894736842,4
Nalbuphine / Buprenorphine / Butorphanol / MP,14,2.7777777777777777,5.555555555555555,4
Nalbuphine / Buprenorphine / Butorphanol / MP,15,3.947368421052631,0,4
Nalbuphine / Buprenorphine / Butorphanol / MP,16,3.9473684210526314,5.263157894736842,4
Nalbuphine / Buprenorphine / Butorphanol / MP,17,3.947368421052631,2.631578947368421,4
Nalbuphine / Buprenorphine / Butorphanol / MP,18,3.947368421052631,1.3157894736842102,4
Nalbuphine / Buprenorphine / Butorphanol / MP,19,1.3157894736842102,0,4
Nalbuphine / Buprenorphine / Butorphanol / MP,20,5.263157894736842,6.578947368421052,4
Nalbuphine / Buprenorphine / Butorphanol / MP,21,5.263157894736842,1.3157894736842104,4
Nalbuphine / Buprenorphine / Butorphanol / MP,22,4.411764705882352,7.352941176470588,4
Nalbuphine / Buprenorphine / Butorphanol / MP,23,6.578947368421052,6.578947368421052,4
Nalbuphine / Buprenorphine / Butorphanol / MP,24,2.631578947368421,3.947368421052631,4
Nalbuphine / Buprenorphine / Butorphanol / MP,25,3.947368421052631,9.210526315789473,4
Nalbuphine / Buprenorphine / Butorphanol / MP,26,6.578947368421052,2.6315789473684204,4
Nalbuphine / Buprenorphine / Butorphanol / MP,27,1.3157894736842104,5.263157894736842,4
Nalbuphine / Buprenorphine / Butorphanol / MP,28,2.631578947368421,15.789473684210524,4
Nalbuphine / Buprenorphine / Butorphanol / MP,29,2.631578947368421,7.894736842105263,4
Nalbuphine / Buprenorphine / Butorphanol / MP,30,0,10.526315789473685,4
Nalbuphine / Buprenorphine / Butorphanol / MP,31,0,14.473684210526315,4
Nalbuphine / Buprenorphine / Butorphanol / MP,32,2.631578947368421,14.473684210526315,4
Nalbuphine / Buprenorphine / Butorphanol / MP,33,3.947368421052631,13.157894736842104,4
Nalbuphine / Buprenorphine / Butorphanol / MP,34,6.578947368421052,3.947368421052631,4
Nalbuphine / Buprenorphine / Butorphanol / MP,35,2.631578947368421,7.894736842105262,4
Nalbuphine / Buprenorphine / Butorphanol / MP,36,2.631578947368421,11.842105263157894,4
Nalbuphine / Buprenorphine / Butorphanol / MP,37,0,4.411764705882352,4
Nalbuphine / Buprenorphine / Butorphanol / MP,38,6.578947368421052,6.578947368421052,4
Nalbuphine / Buprenorphine / Butorphanol / MP,39,7.894736842105262,6.578947368421052,4
Nalbuphine / Buprenorphine / Butorphanol / MP,40,10.526315789473683,1.3157894736842104,4
Nalbuphine / Buprenorphine / Butorphanol / MP,41,0,11.842105263157894,4
Nalbuphine / Buprenorphine / Butorphanol / MP,42,6.578947368421052,3.947368421052631,4
Nalbuphine / Buprenorphine / Butorphanol / MP,43,3.947368421052631,1.3157894736842102,4
Nalbuphine / Buprenorphine / Butorphanol / MP,44,3.9473684210526314,6.578947368421052,4
Nalbuphine / Buprenorphine / Butorphanol / MP,45,18.421052631578945,3.947368421052631,4
Nalbuphine / Buprenorphine / Butorphanol / MP,46,0,3.947368421052631,4
Nalbuphine / Buprenorphine / Butorphanol / MP,47,1.3157894736842104,9.210526315789473,4
Nalbuphine / Buprenorphine / Butorphanol / MP,48,9.210526315789473,3.9473684210526314,4
Nalbuphine / Buprenorphine / Butorphanol / MP,49,7.894736842105262,3.947368421052631,4
Nalbuphine / Buprenorphine / Butorphanol / MP,50,6.578947368421052,5.263157894736841,4
Nalbuphine / Buprenorphine / Butorphanol / MP,51,1.3157894736842104,9.210526315789473,4
Nalbuphine / Buprenorphine / Butorphanol / MP,52,2.631578947368421,3.947368421052631,4
Nalbuphine / Buprenorphine / Butorphanol / MP,53,3.9473684210526314,13.157894736842104,4
Nalbuphine / Buprenorphine / Butorphanol / MP,54,13.157894736842103,2.631578947368421,4
Nalbuphine / Buprenorphine / Butorphanol / MP,55,3.947368421052631,28.94736842105263,4
Nalbuphine / Buprenorphine / Butorphanol / MP,56,15.789473684210526,9.210526315789473,4
Nalbuphine / Buprenorphine / Butorphanol / MP,57,1.3157894736842102,21.052631578947366,4
Nalbuphine / Buprenorphine / Butorphanol / MP,58,2.631578947368421,6.578947368421052,4
Nalbuphine / Buprenorphine / Butorphanol / MP,59,7.894736842105262,11.842105263157894,4
Nalbuphine / Buprenorphine / Butorphanol / MP,60,2.631578947368421,10.526315789473683,4
Nalbuphine / Buprenorphine / Butorphanol / MP,61,2.631578947368421,9.210526315789473,4
Nalbuphine / Buprenorphine / Butorphanol / MP,62,7.894736842105262,7.894736842105263,4
Nalbuphine / Buprenorphine / Butorphanol / MP,63,2.631578947368421,9.210526315789473,4
Nalbuphine / Buprenorphine / Butorphanol / MP,64,5.263157894736842,15.789473684210524,4
Nalbuphine / Buprenorphine / Butorphanol / MP,65,0,28.94736842105263,4
Nalbuphine / Buprenorphine / Butorphanol / MP,66,6.578947368421052,19.736842105263158,4
Nalbuphine / Buprenorphine / Butorphanol / MP,67,0,19.736842105263158,4
Nalbuphine / Buprenorphine / Butorphanol / MP,68,5.263157894736842,14.473684210526315,4
Nalbuphine / Buprenorphine / Butorphanol / MP,69,7.894736842105263,11.842105263157894,4
Nalbuphine / Buprenorphine / Butorphanol / MP,70,1.3157894736842104,18.421052631578945,4
Nalbuphine / Buprenorphine / Butorphanol / MP,71,14.473684210526315,2.631578947368421,4
Nalbuphine / Buprenorphine / Butorphanol / MP,72,18.421052631578945,23.684210526315788,4
Nalbuphine / Buprenorphine / Butorphanol / MP,73,69.73684210526315,1.3157894736842102,4
Nalbuphine / Buprenorphine / Butorphanol / MP,74,17.105263157894736,13.157894736842104,4
Nalbuphine / Buprenorphine / Butorphanol / MP,75,29.166666666666664,4.166666666666666,4
Nalbuphine / Buprenorphine / Butorphanol / MP,76,40.78947368421053,2.631578947368421,4
Nalbuphine / Buprenorphine / Butorphanol / MP,77,72.36842105263158,0,4
Nalbuphine / Buprenorphine / Butorphanol / MP,78,14.473684210526315,19.736842105263158,4
Nalbuphine / Buprenorphine / Butorphanol / MP,79,22.368421052631575,15.789473684210524,4
Nalbuphine / Buprenorphine / Butorphanol / MP,80,31.57894736842105,9.210526315789473,4
Nalbuphine / Buprenorphine / Butorphanol / MP,81,9.210526315789473,11.842105263157894,4
Nalbuphine / Buprenorphine / Butorphanol / MP,82,42.10526315789473,9.210526315789473,4
Nalbuphine / Buprenorphine / Butorphanol / MP,83,15.789473684210524,17.105263157894736,4
Nalbuphine / Buprenorphine / Butorphanol / MP,84,47.368421052631575,2.631578947368421,4
Nalbuphine / Buprenorphine / Butorphanol / MP,85,38.1578947368421,10.526315789473683,4
Nalbuphine / Buprenorphine / Butorphanol / MP,86,35.526315789473685,7.894736842105263,4
Nalbuphine / Buprenorphine / Butorphanol / MP,87,9.210526315789473,30.26315789473684,4
Nalbuphine / Buprenorphine / Butorphanol / MP,88,55.263157894736835,0,4
Nalbuphine / Buprenorphine / Butorphanol / MP,89,22.368421052631575,21.052631578947366,4
Nalbuphine / Buprenorphine / Butorphanol / MP,90,27.631578947368418,11.842105263157894,4
Nalbuphine / Buprenorphine / Butorphanol / MP,91,39.473684210526315,3.947368421052631,4
Nalbuphine / Buprenorphine / Butorphanol / MP,92,47.222222222222214,6.944444444444445,4
Nalbuphine / Buprenorphine / Butorphanol / MP,93,34.21052631578947,7.894736842105263,4
Nalbuphine / Buprenorphine / Butorphanol / MP,94,21.052631578947366,5.263157894736842,4
Nalbuphine / Buprenorphine / Butorphanol / MP,95,17.105263157894736,7.894736842105263,4
Nalbuphine / Buprenorphine / Butorphanol / MP,96,18.421052631578945,31.57894736842105,4
Nalbuphine / Buprenorphine / Butorphanol / MP,97,23.61111111111111,12.5,4
Nalbuphine / Buprenorphine / Butorphanol / MP,98,26.31578947368421,17.105263157894736,4
Nalbuphine / Buprenorphine / Butorphanol / MP,99,19.736842105263158,23.684210526315788,4
Nalbuphine / Buprenorphine / Butorphanol / MP,100,73.68421052631578,2.631578947368421,4
Nalbuphine / Buprenorphine / Butorphanol / MP,101,2.6315789473684204,30.26315789473684,4
Nalbuphine / Buprenorphine / Butorphanol / MP,102,17.105263157894736,7.894736842105262,4
Nalbuphine / Buprenorphine / Butorphanol / MP,103,11.842105263157894,14.473684210526315,4
Nalbuphine / Buprenorphine / Butorphanol / MP,104,36.84210526315789,0,4
Nalbuphine / Buprenorphine / Butorphanol / MP,105,22.36842105263158,21.052631578947366,4
Nalbuphine / Buprenorphine / Butorphanol / MP,106,7.894736842105262,13.157894736842104,4
Nalbuphine / Buprenorphine / Butorphanol / MP,107,13.157894736842104,31.57894736842105,4
Nalbuphine / Buprenorphine / Butorphanol / MP,108,26.31578947368421,11.842105263157894,4
Nalbuphine / Buprenorphine / Butorphanol / MP,109,22.36842105263158,9.210526315789473,4
Nalbuphine / Buprenorphine / Butorphanol / MP,110,47.368421052631575,5.2631578947368425,4
Nalbuphine / Buprenorphine / Butorphanol / MP,111,23.684210526315788,11.842105263157894,4
Nalbuphine / Buprenorphine / Butorphanol / MP,112,43.421052631578945,2.631578947368421,4
Nalbuphine / Buprenorphine / Butorphanol / MP,113,61.8421052631579,0,4
Nalbuphine / Buprenorphine / Butorphanol / MP,114,55.26315789473684,3.947368421052631,4
Nalbuphine / Buprenorphine / Butorphanol / MP,115,55.26315789473684,9.210526315789473,4
Nalbuphine / Buprenorphine / Butorphanol / MP,116,69.73684210526315,1.3157894736842102,4
Nalbuphine / Buprenorphine / Butorphanol / MP,117,43.421052631578945,9.210526315789473,4
Nalbuphine / Buprenorphine / Butorphanol / MP,118,50,11.842105263157894,4
Nalbuphine / Buprenorphine / Butorphanol / MP,119,19.736842105263158,32.89473684210526,4
Nalbuphine / Buprenorphine / Butorphanol / MP,120,22.36842105263158,9.210526315789473,4
Nalbuphine / Buprenorphine / Butorphanol / MP,121,57.89473684210526,1.3157894736842102,4
Nalbuphine / Buprenorphine / Butorphanol / MP,122,35.526315789473685,15.789473684210526,4
Nalbuphine / Buprenorphine / Butorphanol / MP,123,47.368421052631575,10.526315789473683,4
Nalbuphine / Buprenorphine / Butorphanol / MP,124,23.684210526315788,11.842105263157894,4
Nalbuphine / Buprenorphine / Butorphanol / MP,125,64.47368421052632,0,4
Nalbuphine / Buprenorphine / Butorphanol / MP,126,10.526315789473683,21.052631578947366,4
Nalbuphine / Buprenorphine / Butorphanol / MP,127,23.684210526315788,14.473684210526315,4
Nalbuphine / Buprenorphine / Butorphanol / MP,128,35.526315789473685,5.263157894736842,4
Nalbuphine / Buprenorphine / Butorphanol / MP,129,14.473684210526315,13.157894736842104,4
Nalbuphine / Buprenorphine / Butorphanol / MP,130,11.842105263157894,7.894736842105262,4
Nalbuphine / Buprenorphine / Butorphanol / MP,131,26.31578947368421,10.526315789473683,4
Nalbuphine / Buprenorphine / Butorphanol / MP,132,28.94736842105263,3.947368421052631,4
Nalbuphine / Buprenorphine / Butorphanol / MP,133,27.631578947368418,13.157894736842104,4
Nalbuphine / Buprenorphine / Butorphanol / MP,134,11.842105263157894,6.578947368421052,4
Nalbuphine / Buprenorphine / Butorphanol / MP,135,22.368421052631575,7.894736842105263,4
Nalbuphine / Buprenorphine / Butorphanol / MP,136,3.9473684210526314,27.63157894736842,4
Nalbuphine / Buprenorphine / Butorphanol / MP,137,23.684210526315788,7.894736842105262,4
Nalbuphine / Buprenorphine / Butorphanol / MP,138,28.94736842105263,10.526315789473685,4
Nalbuphine / Buprenorphine / Butorphanol / MP,139,3.947368421052631,43.421052631578945,4
Nalbuphine / Buprenorphine / Butorphanol / MP,140,2.631578947368421,26.31578947368421,4
Nalbuphine / Buprenorphine / Butorphanol / MP,141,17.105263157894736,22.368421052631575,4
Nalbuphine / Buprenorphine / Butorphanol / MP,142,82.89473684210526,0,4
Nalbuphine / Buprenorphine / Butorphanol / MP,143,38.1578947368421,5.263157894736842,4
Nalbuphine / Buprenorphine / Butorphanol / MP,144,21.052631578947366,19.736842105263158,4
Nalbuphine / Buprenorphine / Butorphanol / MP,145,17.105263157894736,27.631578947368418,4
Nalbuphine / Buprenorphine / Butorphanol / MP,146,6.578947368421052,35.526315789473685,4
Nalbuphine / Buprenorphine / Butorphanol / MP,147,15.789473684210524,17.105263157894736,4
Nalbuphine / Buprenorphine / Butorphanol / MP,148,0,48.68421052631579,4
Nalbuphine / Buprenorphine / Butorphanol / MP,149,21.052631578947366,25,4
Nalbuphine / Buprenorphine / Butorphanol / MP,150,25,15.789473684210524,4
Nalbuphine / Buprenorphine / Butorphanol / MP,151,26.31578947368421,31.578947368421048,4
Nalbuphine / Buprenorphine / Butorphanol / MP,152,27.631578947368418,14.473684210526315,4
Nalbuphine / Buprenorphine / Butorphanol / MP,153,19.736842105263158,17.105263157894736,4
Nalbuphine / Buprenorphine / Butorphanol / MP,154,57.89473684210526,3.947368421052631,4
Nalbuphine / Buprenorphine / Butorphanol / MP,155,35.526315789473685,3.947368421052631,4
Nalbuphine / Buprenorphine / Butorphanol / MP,156,39.473684210526315,10.526315789473683,4
Nalbuphine / Buprenorphine / Butorphanol / MP,157,48.68421052631579,7.894736842105262,4
Nalbuphine / Buprenorphine / Butorphanol / MP,158,19.736842105263158,31.57894736842105,4
Nalbuphine / Buprenorphine / Butorphanol / MP,159,18.421052631578945,24.999999999999996,4
Nalbuphine / Buprenorphine / Butorphanol / MP,160,42.10526315789473,14.473684210526315,4
Nalbuphine / Buprenorphine / Butorphanol / MP,161,52.63157894736842,9.210526315789473,4
Nalbuphine / Buprenorphine / Butorphanol / MP,162,21.052631578947366,25,4
Nalbuphine / Buprenorphine / Butorphanol / MP,163,48.68421052631579,6.578947368421052,4
Nalbuphine / Buprenorphine / Butorphanol / MP,164,56.57894736842105,3.947368421052631,4
Nalbuphine / Buprenorphine / Butorphanol / MP,165,59.21052631578947,6.578947368421052,4
Nalbuphine / Buprenorphine / Butorphanol / MP,166,59.21052631578947,3.947368421052631,4
Nalbuphine / Buprenorphine / Butorphanol / MP,167,86.84210526315789,0,4
Nalbuphine / Buprenorphine / Butorphanol / MP,168,65.78947368421052,2.6315789473684204,4
Nalbuphine / Buprenorphine / Butorphanol / MP,169,59.21052631578947,6.578947368421052,4
Nalbuphine / Buprenorphine / Butorphanol / MP,170,69.73684210526315,0,4
Nalbuphine / Buprenorphine / Butorphanol / MP,171,81.57894736842104,0,4
Nalbuphine / Buprenorphine / Butorphanol / MP,172,50,7.894736842105262,4
Nalbuphine / Buprenorphine / Butorphanol / MP,173,40.78947368421053,2.631578947368421,4
Nalbuphine / Buprenorphine / Butorphanol / MP,174,81.57894736842104,0,4
Nalbuphine / Buprenorphine / Butorphanol / MP,175,67.10526315789474,6.578947368421052,4
Nalbuphine / Buprenorphine / Butorphanol / MP,176,38.1578947368421,0,4
Nalbuphine / Buprenorphine / Butorphanol / MP,177,72.36842105263158,5.2631578947368425,4
Nalbuphine / Buprenorphine / Butorphanol / MP,178,60.52631578947368,1.3157894736842104,4
Nalbuphine / Buprenorphine / Butorphanol / MP,179,15.789473684210526,21.052631578947366,4
Nalbuphine / Buprenorphine / Butorphanol / MP,180,53.94736842105263,7.894736842105262,4
Nalbuphine / Buprenorphine / Butorphanol / MP,181,90.78947368421052,0,4
Nalbuphine / Buprenorphine / Butorphanol / MP,182,50,9.210526315789473,4
Nalbuphine / Buprenorphine / Butorphanol / MP,183,47.368421052631575,7.894736842105262,4
Nalbuphine / Buprenorphine / Butorphanol / MP,184,19.736842105263158,15.789473684210524,4
Nalbuphine / Buprenorphine / Butorphanol / MP,185,60.52631578947368,0,4
Nalbuphine / Buprenorphine / Butorphanol / MP,186,64.47368421052632,6.578947368421052,4
Nalbuphine / Buprenorphine / Butorphanol / MP,187,60.526315789473685,0,4
Nalbuphine / Buprenorphine / Butorphanol / MP,188,38.1578947368421,5.263157894736842,4
Nalbuphine / Buprenorphine / Butorphanol / MP,189,60.526315789473685,3.947368421052631,4
Nalbuphine / Buprenorphine / Butorphanol / MP,190,34.21052631578947,2.631578947368421,4
Nalbuphine / Buprenorphine / Butorphanol / MP,191,26.31578947368421,10.526315789473683,4
Nalbuphine / Buprenorphine / Butorphanol / MP,192,40.78947368421053,6.578947368421052,4
Nalbuphine / Buprenorphine / Butorphanol / MP,193,42.10526315789473,3.947368421052631,4
Nalbuphine / Buprenorphine / Butorphanol / MP,194,61.84210526315789,1.3157894736842104,4
Nalbuphine / Buprenorphine / Butorphanol / MP,195,52.63157894736842,2.631578947368421,4
Nalbuphine / Buprenorphine / Butorphanol / MP,196,53.94736842105263,1.3157894736842104,4
Nalbuphine / Buprenorphine / Butorphanol / MP,197,30.26315789473684,10.526315789473683,4
Nalbuphine / Buprenorphine / Butorphanol / MP,198,19.736842105263158,11.842105263157894,4
Nalbuphine / Buprenorphine / Butorphanol / MP,199,38.1578947368421,7.894736842105262,4
Nalbuphine / Buprenorphine / Butorphanol / MP,200,65.78947368421052,1.3157894736842102,4
Nalbuphine / Buprenorphine / Butorphanol / MP,201,39.473684210526315,17.105263157894736,4
Nalbuphine / Buprenorphine / Butorphanol / MP,202,50,6.578947368421052,4
Nalbuphine / Buprenorphine / Butorphanol / MP,203,63.1578947368421,1.3157894736842102,4
Nalbuphine / Buprenorphine / Butorphanol / MP,204,26.31578947368421,3.947368421052631,4
Nalbuphine / Buprenorphine / Butorphanol / MP,205,40.78947368421052,3.947368421052631,4
Nalbuphine / Buprenorphine / Butorphanol / MP,206,34.21052631578947,1.3157894736842102,4
Nalbuphine / Buprenorphine / Butorphanol / MP,207,7.894736842105263,10.526315789473683,4
Nalbuphine / Buprenorphine / Butorphanol / MP,208,48.68421052631579,1.3157894736842102,4
Nalbuphine / Buprenorphine / Butorphanol / MP,209,27.631578947368418,7.894736842105263,4
Nalbuphine / Buprenorphine / Butorphanol / MP,210,39.473684210526315,3.947368421052631,4
Nalbuphine / Buprenorphine / Butorphanol / MP,211,17.105263157894736,13.157894736842104,4
Nalbuphine / Buprenorphine / Butorphanol / MP,212,6.578947368421052,13.157894736842104,4
Nalbuphine / Buprenorphine / Butorphanol / MP,213,22.368421052631575,13.157894736842104,4
Nalbuphine / Buprenorphine / Butorphanol / MP,214,11.11111111111111,20.833333333333332,4
Nalbuphine / Buprenorphine / Butorphanol / MP,215,14.473684210526315,6.578947368421052,4
Nalbuphine / Buprenorphine / Butorphanol / MP,216,7.894736842105262,17.105263157894736,4
Nalbuphine / Buprenorphine / Butorphanol / MP,217,13.157894736842104,11.842105263157894,4
Nalbuphine / Buprenorphine / Butorphanol / MP,218,13.157894736842104,11.842105263157894,4
Nalbuphine / Buprenorphine / Butorphanol / MP,219,75,0,4
Nalbuphine / Buprenorphine / Butorphanol / MP,220,14.473684210526315,17.105263157894736,4
Nalbuphine / Buprenorphine / Butorphanol / MP,221,40.78947368421053,1.3157894736842102,4
Nalbuphine / Buprenorphine / Butorphanol / MP,222,2.6315789473684204,25,4
Nalbuphine / Buprenorphine / Butorphanol / MP,223,10.526315789473683,26.31578947368421,4
Nalbuphine / Buprenorphine / Butorphanol / MP,224,7.894736842105262,11.842105263157894,4
Nalbuphine / Buprenorphine / Butorphanol / MP,225,11.842105263157894,10.526315789473683,4
Nalbuphine / Buprenorphine / Butorphanol / MP,226,9.722222222222221,18.055555555555554,4
Nalbuphine / Buprenorphine / Butorphanol / MP,227,6.578947368421052,10.526315789473683,4
Nalbuphine / Buprenorphine / Butorphanol / MP,228,7.894736842105262,21.052631578947366,4
Nalbuphine / Buprenorphine / Butorphanol / MP,229,5.2631578947368425,27.631578947368418,4
Nalbuphine / Buprenorphine / Butorphanol / MP,230,3.947368421052631,26.31578947368421,4
Nalbuphine / Buprenorphine / Butorphanol / MP,231,7.894736842105262,13.157894736842104,4
Nalbuphine / Buprenorphine / Butorphanol / MP,232,9.722222222222221,25,4
Nalbuphine / Buprenorphine / Butorphanol / MP,233,7.894736842105262,13.157894736842104,4
Nalbuphine / Buprenorphine / Butorphanol / MP,234,36.84210526315789,9.210526315789473,4
Nalbuphine / Buprenorphine / Butorphanol / MP,235,9.210526315789473,28.94736842105263,4
Nalbuphine / Buprenorphine / Butorphanol / MP,236,23.684210526315788,2.631578947368421,4
Nalbuphine / Buprenorphine / Butorphanol / MP,237,23.684210526315788,7.894736842105263,4
Nalbuphine / Buprenorphine / Butorphanol / MP,238,52.63157894736842,3.947368421052631,4
Nalbuphine / Buprenorphine / Butorphanol / MP,239,27.631578947368418,5.263157894736842,4
Nalbuphine / Buprenorphine / Butorphanol / MP,240,38.1578947368421,1.3157894736842104,4
Nalbuphine / Buprenorphine / Butorphanol / MP,241,31.578947368421048,2.631578947368421,4
Nalbuphine / Buprenorphine / Butorphanol / MP,242,31.57894736842105,2.631578947368421,4
Nalbuphine / Buprenorphine / Butorphanol / MP,243,31.578947368421048,10.526315789473683,4
Nalbuphine / Buprenorphine / Butorphanol / MP,244,51.31578947368421,7.894736842105263,4
Nalbuphine / Buprenorphine / Butorphanol / MP,245,39.473684210526315,5.263157894736842,4
Nalbuphine / Buprenorphine / Butorphanol / MP,246,73.68421052631578,0,4
Nalbuphine / Buprenorphine / Butorphanol / MP,247,42.10526315789473,7.894736842105262,4
Nalbuphine / Buprenorphine / Butorphanol / MP,248,39.473684210526315,3.947368421052631,4
Nalbuphine / Buprenorphine / Butorphanol / MP,249,53.94736842105263,2.631578947368421,4
Nalbuphine / Buprenorphine / Butorphanol / MP,250,30.26315789473684,5.263157894736842,4
Nalbuphine / Buprenorphine / Butorphanol / MP,251,53.94736842105263,0,4
Nalbuphine / Buprenorphine / Butorphanol / MP,252,19.736842105263158,10.526315789473683,4
Nalbuphine / Buprenorphine / Butorphanol / MP,253,47.368421052631575,1.3157894736842104,4
Nalbuphine / Buprenorphine / Butorphanol / MP,254,84.21052631578947,0,4
Nalbuphine / Buprenorphine / Butorphanol / MP,255,36.84210526315789,2.631578947368421,4
Nalbuphine / Buprenorphine / Butorphanol / MP,256,26.31578947368421,5.2631578947368425,4
Nalbuphine / Buprenorphine / Butorphanol / MP,257,72.36842105263158,0,4
Nalbuphine / Buprenorphine / Butorphanol / MP,258,72.36842105263158,0,4
Nalbuphine / Buprenorphine / Butorphanol / MP,259,5.263157894736842,2.631578947368421,4
Nalbuphine / Buprenorphine / Butorphanol / MP,260,84.21052631578947,0,4
Nalbuphine / Buprenorphine / Butorphanol / MP,261,88.1578947368421,0,4
Nalbuphine / Buprenorphine / Butorphanol / MP,262,48.68421052631579,2.631578947368421,4
Nalbuphine / Buprenorphine / Butorphanol / MP,263,30.263157894736842,3.947368421052631,4
Nalbuphine / Buprenorphine / Butorphanol / MP,264,18.421052631578945,9.210526315789473,4
Nalbuphine / Buprenorphine / Butorphanol / MP,265,39.473684210526315,3.947368421052631,4
Nalbuphine / Buprenorphine / Butorphanol / MP,266,6.578947368421052,10.526315789473683,4
Nalbuphine / Buprenorphine / Butorphanol / MP,267,21.052631578947366,2.631578947368421,4
Nalbuphine / Buprenorphine / Butorphanol / MP,268,26.31578947368421,2.631578947368421,4
Nalbuphine / Buprenorphine / Butorphanol / MP,269,22.368421052631575,3.947368421052631,4
Nalbuphine / Buprenorphine / Butorphanol / MP,270,40.78947368421053,6.578947368421052,4
Nalbuphine / Buprenorphine / Butorphanol / MP,271,19.736842105263158,13.157894736842104,4
Nalbuphine / Buprenorphine / Butorphanol / MP,272,9.210526315789473,15.789473684210526,4
Nalbuphine / Buprenorphine / Butorphanol / MP,273,57.89473684210526,2.631578947368421,4
Nalbuphine / Buprenorphine / Butorphanol / MP,274,1.3157894736842102,18.421052631578945,4
Nalbuphine / Buprenorphine / Butorphanol / MP,275,28.94736842105263,2.6315789473684204,4
Nalbuphine / Buprenorphine / Butorphanol / MP,276,9.210526315789473,10.526315789473683,4
Nalbuphine / Buprenorphine / Butorphanol / MP,277,46.05263157894736,1.3157894736842102,4
Nalbuphine / Buprenorphine / Butorphanol / MP,278,65.78947368421052,0,4
Nalbuphine / Buprenorphine / Butorphanol / MP,279,72.36842105263158,1.3157894736842102,4
Nalbuphine / Buprenorphine / Butorphanol / MP,280,94.73684210526315,0,4
Nalbuphine / Buprenorphine / Butorphanol / MP,281,21.052631578947366,7.894736842105262,4
Nalbuphine / Buprenorphine / Butorphanol / MP,282,21.052631578947366,7.894736842105263,4
Nalbuphine / Buprenorphine / Butorphanol / MP,283,9.210526315789473,21.052631578947366,4
Nalbuphine / Buprenorphine / Butorphanol / MP,284,40.78947368421053,3.947368421052631,4
Nalbuphine / Buprenorphine / Butorphanol / MP,285,30.26315789473684,10.526315789473683,4
Nalbuphine / Buprenorphine / Butorphanol / MP,286,13.157894736842104,7.894736842105262,4
Nalbuphine / Buprenorphine / Butorphanol / MP,287,7.894736842105263,7.894736842105262,4
Nalbuphine / Buprenorphine / Butorphanol / MP,288,46.05263157894737,3.947368421052631,4
Nalbuphine / Buprenorphine / Butorphanol / MP,289,31.57894736842105,2.631578947368421,4
Nalbuphine / Buprenorphine / Butorphanol / MP,290,21.052631578947366,5.263157894736842,4
Nalbuphine / Buprenorphine / Butorphanol / MP,291,75,0,4
Nalbuphine / Buprenorphine / Butorphanol / MP,292,67.10526315789474,1.3157894736842102,4
Nalbuphine / Buprenorphine / Butorphanol / MP,293,38.1578947368421,0,4
Nalbuphine / Buprenorphine / Butorphanol / MP,294,61.84210526315789,1.3157894736842102,4
Nalbuphine / Buprenorphine / Butorphanol / MP,295,32.89473684210526,1.3157894736842104,4
Nalbuphine / Buprenorphine / Butorphanol / MP,296,51.315789473684205,2.631578947368421,4
Nalbuphine / Buprenorphine / Butorphanol / MP,297,97.36842105263158,0,4
Nalbuphine / Buprenorphine / Butorphanol / MP,298,69.44444444444444,1.3888888888888888,4
Nalbuphine / Buprenorphine / Butorphanol / MP,299,46.05263157894737,7.894736842105262,4
Nalbuphine / Buprenorphine / Butorphanol / MP,300,44.73684210526316,1.3157894736842104,4
Nalbuphine / Buprenorphine / Butorphanol / MP,301,48.68421052631579,1.3157894736842102,4
Nalbuphine / Buprenorphine / Butorphanol / MP,302,18.421052631578945,7.894736842105262,4
Nalbuphine / Buprenorphine / Butorphanol / MP,303,25,7.894736842105262,4
Nalbuphine / Buprenorphine / Butorphanol / MP,304,22.36842105263158,6.578947368421052,4
Nalbuphine / Buprenorphine / Butorphanol / MP,305,27.631578947368418,0,4
Nalbuphine / Buprenorphine / Butorphanol / MP,306,2.631578947368421,19.736842105263158,4
Nalbuphine / Buprenorphine / Butorphanol / MP,307,6.578947368421052,14.473684210526315,4
Nalbuphine / Buprenorphine / Butorphanol / MP,308,6.578947368421052,11.842105263157894,4
Nalbuphine / Buprenorphine / Butorphanol / MP,309,3.947368421052631,10.526315789473683,4
Nalbuphine / Buprenorphine / Butorphanol / MP,310,7.894736842105263,7.894736842105262,4
Nalbuphine / Buprenorphine / Butorphanol / MP,311,23.684210526315788,1.3157894736842102,4
Nalbuphine / Buprenorphine / Butorphanol / MP,312,9.210526315789473,5.263157894736842,4
Nalbuphine / Buprenorphine / Butorphanol / MP,313,2.6315789473684204,9.210526315789473,4
Nalbuphine / Buprenorphine / Butorphanol / MP,314,9.210526315789473,5.263157894736842,4
Nalbuphine / Buprenorphine / Butorphanol / MP,315,18.421052631578945,6.578947368421052,4
Nalbuphine / Buprenorphine / Butorphanol / MP,316,7.894736842105263,14.473684210526315,4
Nalbuphine / Buprenorphine / Butorphanol / MP,317,11.842105263157894,7.894736842105262,4
Nalbuphine / Buprenorphine / Butorphanol / MP,318,43.421052631578945,9.210526315789473,4
Nalbuphine / Buprenorphine / Butorphanol / MP,319,21.052631578947366,7.894736842105263,4
Nalbuphine / Buprenorphine / Butorphanol / MP,320,40.78947368421052,3.947368421052631,4
Nalbuphine / Buprenorphine / Butorphanol / MP,321,64.47368421052632,1.3157894736842104,4
Nalbuphine / Buprenorphine / Butorphanol / MP,322,36.84210526315789,11.842105263157894,4
Nalbuphine / Buprenorphine / Butorphanol / MP,323,51.31578947368421,5.263157894736842,4
Nalbuphine / Buprenorphine / Butorphanol / MP,324,19.736842105263158,9.210526315789473,4
Nalbuphine / Buprenorphine / Butorphanol / MP,325,50,3.947368421052631,4
Nalbuphine / Buprenorphine / Butorphanol / MP,326,53.94736842105263,3.947368421052631,4
Nalbuphine / Buprenorphine / Butorphanol / MP,327,65.78947368421052,5.263157894736842,4
Nalbuphine / Buprenorphine / Butorphanol / MP,328,76.3157894736842,2.631578947368421,4
Nalbuphine / Buprenorphine / Butorphanol / MP,329,38.1578947368421,7.894736842105262,4
Nalbuphine / Buprenorphine / Butorphanol / MP,330,38.1578947368421,5.2631578947368425,4
Nalbuphine / Buprenorphine / Butorphanol / MP,331,15.789473684210526,18.421052631578945,4
Nalbuphine / Buprenorphine / Butorphanol / MP,332,39.473684210526315,1.3157894736842104,4
Nalbuphine / Buprenorphine / Butorphanol / MP,333,44.73684210526316,10.526315789473683,4
Nalbuphine / Buprenorphine / Butorphanol / MP,334,63.1578947368421,1.3157894736842104,4
Nalbuphine / Buprenorphine / Butorphanol / MP,335,28.94736842105263,10.526315789473683,4
Nalbuphine / Buprenorphine / Butorphanol / MP,336,23.684210526315788,14.473684210526315,4
Nalbuphine / Buprenorphine / Butorphanol / MP,337,16.666666666666664,6.944444444444445,4
Nalbuphine / Buprenorphine / Butorphanol / MP,338,51.315789473684205,1.3157894736842104,4
Nalbuphine / Buprenorphine / Butorphanol / MP,339,28.94736842105263,3.947368421052631,4
Nalbuphine / Buprenorphine / Butorphanol / MP,340,40.78947368421052,2.6315789473684204,4
Nalbuphine / Buprenorphine / Butorphanol / MP,341,3.947368421052631,18.421052631578945,4
Nalbuphine / Buprenorphine / Butorphanol / MP,342,18.421052631578945,6.578947368421052,4
Nalbuphine / Buprenorphine / Butorphanol / MP,343,3.947368421052631,27.631578947368418,4
Nalbuphine / Buprenorphine / Butorphanol / MP,344,76.38888888888889,1.3888888888888888,4
Nalbuphine / Buprenorphine / Butorphanol / MP,345,23.684210526315788,3.947368421052631,4
Nalbuphine / Buprenorphine / Butorphanol / MP,346,34.21052631578947,3.947368421052631,4
Nalbuphine / Buprenorphine / Butorphanol / MP,347,47.368421052631575,0,4
Nalbuphine / Buprenorphine / Butorphanol / MP,348,10.526315789473683,13.157894736842104,4
Nalbuphine / Buprenorphine / Butorphanol / MP,349,17.105263157894736,10.526315789473683,4
Nalbuphine / Buprenorphine / Butorphanol / MP,350,13.157894736842104,2.631578947368421,4
Nalbuphine / Buprenorphine / Butorphanol / MP,351,0,52.63157894736842,4
Nalbuphine / Buprenorphine / Butorphanol / MP,352,0,38.88888888888889,4
Nalbuphine / Buprenorphine / Butorphanol / MP,353,2.631578947368421,22.36842105263158,4
Nalbuphine / Buprenorphine / Butorphanol / MP,354,3.947368421052631,22.36842105263158,4
Nalbuphine / Buprenorphine / Butorphanol / MP,355,2.631578947368421,26.31578947368421,4
Nalbuphine / Buprenorphine / Butorphanol / MP,356,1.3157894736842102,23.684210526315788,4
Nalbuphine / Buprenorphine / Butorphanol / MP,357,2.631578947368421,19.736842105263158,4
Nalbuphine / Buprenorphine / Butorphanol / MP,358,0,13.157894736842104,4
Nalbuphine / Buprenorphine / Butorphanol / MP,359,1.3157894736842104,42.10526315789473,4
Nalbuphine / Buprenorphine / Butorphanol / MP,360,0,27.631578947368418,4
Nalbuphine / Buprenorphine / Butorphanol / MP,361,1.3157894736842102,14.473684210526315,4
Nalbuphine / Buprenorphine / Butorphanol / MP,362,0,21.052631578947366,4
Nalbuphine / Buprenorphine / Butorphanol / MP,363,2.631578947368421,32.89473684210526,4
Nalbuphine / Buprenorphine / Butorphanol / MP,364,0,14.473684210526315,4
Nalbuphine / Buprenorphine / Butorphanol / MP,365,0,31.57894736842105,4
Nalbuphine / Buprenorphine / Butorphanol / MP,366,0,21.052631578947366,4
Nalbuphine / Buprenorphine / Butorphanol / MP,367,3.9473684210526314,17.105263157894736,4
Nalbuphine / Buprenorphine / Butorphanol / MP,368,5.263157894736842,22.36842105263158,4
Nalbuphine / Buprenorphine / Butorphanol / MP,369,1.3157894736842102,17.105263157894736,4
Nalbuphine / Buprenorphine / Butorphanol / MP,370,1.3157894736842102,28.94736842105263,4
Nalbuphine / Buprenorphine / Butorphanol / MP,371,1.3157894736842102,13.157894736842104,4
Nalbuphine / Buprenorphine / Butorphanol / MP,372,0,22.36842105263158,4
Nalbuphine / Buprenorphine / Butorphanol / MP,373,1.3157894736842104,17.105263157894736,4
Nalbuphine / Buprenorphine / Butorphanol / MP,374,0,11.842105263157894,4
Nalbuphine / Buprenorphine / Butorphanol / MP,375,1.3157894736842102,14.473684210526315,4
Nalbuphine / Buprenorphine / Butorphanol / MP,376,0,13.157894736842104,4
Nalbuphine / Buprenorphine / Butorphanol / MP,377,0,25,4
Nalbuphine / Buprenorphine / Butorphanol / MP,378,0,25,4
Nalbuphine / Buprenorphine / Butorphanol / MP,379,0,36.84210526315789,4
Nalbuphine / Buprenorphine / Butorphanol / MP,380,2.6315789473684204,18.421052631578945,4
Nalbuphine / Buprenorphine / Butorphanol / MP,381,0,9.210526315789473,4
Nalbuphine / Buprenorphine / Butorphanol / MP,382,0,2.631578947368421,4
Nalbuphine / Buprenorphine / Butorphanol / MP,383,6.578947368421052,6.578947368421052,4
Nalbuphine / Buprenorphine / Butorphanol / MP,384,0,13.157894736842104,4
Nalbuphine / Buprenorphine / Butorphanol / MP,385,2.631578947368421,13.157894736842104,4
Nalbuphine / Buprenorphine / Butorphanol / MP,386,0,19.736842105263158,4
Nalbuphine / Buprenorphine / Butorphanol / MP,387,1.3157894736842104,11.842105263157894,4
Nalbuphine / Buprenorphine / Butorphanol / MP,388,2.6315789473684204,5.263157894736842,4
Nalbuphine / Buprenorphine / Butorphanol / MP,389,0,6.578947368421052,4
Nalbuphine / Buprenorphine / Butorphanol / MP,390,2.631578947368421,15.789473684210526,4
Nalbuphine / Buprenorphine / Butorphanol / MP,391,1.3157894736842102,10.526315789473683,4
Nalbuphine / Buprenorphine / Butorphanol / MP,392,2.631578947368421,6.578947368421052,4
Nalbuphine / Buprenorphine / Butorphanol / MP,393,2.6315789473684204,13.157894736842104,4
Nalbuphine / Buprenorphine / Butorphanol / MP,394,5.263157894736842,9.210526315789473,4
Nalbuphine / Buprenorphine / Butorphanol / MP,395,2.631578947368421,5.263157894736842,4
Nalbuphine / Buprenorphine / Butorphanol / MP,396,0,18.421052631578945,4
Nalbuphine / Buprenorphine / Butorphanol / MP,397,1.3157894736842102,9.210526315789473,4
Nalbuphine / Buprenorphine / Butorphanol / MP,398,3.9473684210526314,11.842105263157894,4
Nalbuphine / Buprenorphine / Butorphanol / MP,399,1.3157894736842102,14.473684210526315,4
Nalbuphine / Buprenorphine / Butorphanol / MP,400,17.105263157894736,5.263157894736842,4
Naltrexone / Naloxone,2,7.894736842105263,15.789473684210524,2
Naltrexone / Naloxone,3,0,16.666666666666668,2
Naltrexone / Naloxone,4,2.631578947368421,7.894736842105263,2
Naltrexone / Naloxone,5,2.631578947368421,7.894736842105263,2
Naltrexone / Naloxone,6,26.31578947368421,15.789473684210526,2
Naltrexone / Naloxone,7,7.894736842105262,26.31578947368421,2
Naltrexone / Naloxone,8,2.631578947368421,15.789473684210526,2
Naltrexone / Naloxone,9,7.894736842105263,5.263157894736842,2
Naltrexone / Naloxone,10,0,23.684210526315788,2
Naltrexone / Naloxone,11,13.157894736842104,10.526315789473683,2
Naltrexone / Naloxone,12,2.631578947368421,15.789473684210524,2
Naltrexone / Naloxone,13,2.631578947368421,7.894736842105263,2
Naltrexone / Naloxone,14,0,8.333333333333332,2
Naltrexone / Naloxone,15,5.263157894736842,5.263157894736842,2
Naltrexone / Naloxone,16,5.263157894736842,7.894736842105263,2
Naltrexone / Naloxone,17,7.894736842105262,15.789473684210526,2
Naltrexone / Naloxone,18,2.631578947368421,2.631578947368421,2
Naltrexone / Naloxone,19,5.263157894736842,5.263157894736842,2
Naltrexone / Naloxone,20,13.157894736842104,21.052631578947366,2
Naltrexone / Naloxone,21,0,15.789473684210526,2
Naltrexone / Naloxone,22,2.941176470588235,8.823529411764707,2
Naltrexone / Naloxone,23,2.631578947368421,18.421052631578945,2
Naltrexone / Naloxone,24,10.526315789473683,10.526315789473683,2
Naltrexone / Naloxone,25,13.157894736842104,5.263157894736842,2
Naltrexone / Naloxone,26,13.157894736842104,10.526315789473683,2
Naltrexone / Naloxone,27,0,10.526315789473683,2
Naltrexone / Naloxone,28,15.789473684210524,13.157894736842104,2
Naltrexone / Naloxone,29,13.157894736842104,13.157894736842104,2
Naltrexone / Naloxone,30,0,23.684210526315788,2
Naltrexone / Naloxone,31,0,23.684210526315788,2
Naltrexone / Naloxone,32,7.894736842105263,18.421052631578945,2
Naltrexone / Naloxone,33,7.894736842105262,13.157894736842104,2
Naltrexone / Naloxone,34,13.157894736842104,13.157894736842104,2
Naltrexone / Naloxone,35,2.631578947368421,18.421052631578945,2
Naltrexone / Naloxone,36,2.631578947368421,13.157894736842104,2
Naltrexone / Naloxone,37,0,8.823529411764707,2
Naltrexone / Naloxone,38,23.684210526315788,7.894736842105263,2
Naltrexone / Naloxone,39,7.894736842105263,10.526315789473683,2
Naltrexone / Naloxone,40,10.526315789473683,2.631578947368421,2
Naltrexone / Naloxone,41,7.894736842105263,13.157894736842104,2
Naltrexone / Naloxone,42,5.263157894736842,7.894736842105262,2
Naltrexone / Naloxone,43,13.157894736842104,10.526315789473683,2
Naltrexone / Naloxone,44,5.263157894736842,5.263157894736842,2
Naltrexone / Naloxone,45,15.789473684210526,0,2
Naltrexone / Naloxone,46,2.631578947368421,5.263157894736842,2
Naltrexone / Naloxone,47,5.263157894736842,13.157894736842104,2
Naltrexone / Naloxone,48,28.94736842105263,7.894736842105263,2
Naltrexone / Naloxone,49,10.526315789473683,13.157894736842104,2
Naltrexone / Naloxone,50,2.631578947368421,15.789473684210526,2
Naltrexone / Naloxone,51,7.894736842105263,23.684210526315788,2
Naltrexone / Naloxone,52,7.894736842105262,18.421052631578945,2
Naltrexone / Naloxone,53,10.526315789473683,21.052631578947366,2
Naltrexone / Naloxone,54,15.789473684210524,7.894736842105262,2
Naltrexone / Naloxone,55,7.894736842105263,21.052631578947366,2
Naltrexone / Naloxone,56,10.526315789473683,18.421052631578945,2
Naltrexone / Naloxone,57,5.263157894736842,10.526315789473683,2
Naltrexone / Naloxone,58,2.631578947368421,21.052631578947366,2
Naltrexone / Naloxone,59,15.789473684210524,21.052631578947366,2
Naltrexone / Naloxone,60,7.894736842105263,13.157894736842104,2
Naltrexone / Naloxone,61,7.894736842105262,18.421052631578945,2
Naltrexone / Naloxone,62,7.894736842105263,15.789473684210524,2
Naltrexone / Naloxone,63,7.894736842105262,10.526315789473683,2
Naltrexone / Naloxone,64,13.157894736842104,18.421052631578945,2
Naltrexone / Naloxone,65,5.263157894736842,10.526315789473683,2
Naltrexone / Naloxone,66,15.789473684210526,21.052631578947366,2
Naltrexone / Naloxone,67,0,7.894736842105262,2
Naltrexone / Naloxone,68,2.631578947368421,15.789473684210524,2
Naltrexone / Naloxone,69,10.526315789473683,5.263157894736842,2
Naltrexone / Naloxone,70,2.631578947368421,50,2
Naltrexone / Naloxone,71,2.631578947368421,21.052631578947366,2
Naltrexone / Naloxone,72,10.526315789473683,13.157894736842104,2
Naltrexone / Naloxone,73,28.94736842105263,10.526315789473683,2
Naltrexone / Naloxone,74,23.684210526315788,5.263157894736842,2
Naltrexone / Naloxone,75,13.888888888888888,5.555555555555555,2
Naltrexone / Naloxone,76,34.21052631578947,5.263157894736842,2
Naltrexone / Naloxone,77,21.052631578947366,0,2
Naltrexone / Naloxone,78,10.526315789473683,10.526315789473683,2
Naltrexone / Naloxone,79,5.263157894736842,5.263157894736842,2
Naltrexone / Naloxone,80,13.157894736842104,15.789473684210526,2
Naltrexone / Naloxone,81,15.789473684210524,15.789473684210526,2
Naltrexone / Naloxone,82,13.157894736842104,7.894736842105263,2
Naltrexone / Naloxone,83,5.263157894736842,10.526315789473683,2
Naltrexone / Naloxone,84,13.157894736842104,10.526315789473683,2
Naltrexone / Naloxone,85,28.94736842105263,21.052631578947366,2
Naltrexone / Naloxone,86,28.94736842105263,13.157894736842104,2
Naltrexone / Naloxone,87,5.263157894736842,42.10526315789473,2
Naltrexone / Naloxone,88,10.526315789473683,15.789473684210524,2
Naltrexone / Naloxone,89,7.894736842105263,15.789473684210524,2
Naltrexone / Naloxone,90,26.31578947368421,5.263157894736842,2
Naltrexone / Naloxone,91,23.684210526315788,21.052631578947366,2
Naltrexone / Naloxone,92,11.11111111111111,5.555555555555555,2
Naltrexone / Naloxone,93,18.421052631578945,0,2
Naltrexone / Naloxone,94,26.31578947368421,13.157894736842104,2
Naltrexone / Naloxone,95,15.789473684210524,34.21052631578947,2
Naltrexone / Naloxone,96,15.789473684210524,10.526315789473683,2
Naltrexone / Naloxone,97,36.111111111111114,2.7777777777777777,2
Naltrexone / Naloxone,98,23.684210526315788,18.421052631578945,2
Naltrexone / Naloxone,99,13.157894736842104,21.052631578947366,2
Naltrexone / Naloxone,100,47.368421052631575,7.894736842105262,2
Naltrexone / Naloxone,101,0,31.57894736842105,2
Naltrexone / Naloxone,102,18.421052631578945,10.526315789473683,2
Naltrexone / Naloxone,103,10.526315789473683,39.473684210526315,2
Naltrexone / Naloxone,104,5.263157894736842,5.263157894736842,2
Naltrexone / Naloxone,105,10.526315789473683,21.052631578947366,2
Naltrexone / Naloxone,106,0,36.84210526315789,2
Naltrexone / Naloxone,107,10.526315789473683,18.421052631578945,2
Naltrexone / Naloxone,108,10.526315789473683,21.052631578947366,2
Naltrexone / Naloxone,109,10.526315789473683,39.473684210526315,2
Naltrexone / Naloxone,110,34.21052631578947,7.894736842105262,2
Naltrexone / Naloxone,111,5.263157894736842,50,2
Naltrexone / Naloxone,112,34.21052631578947,5.263157894736842,2
Naltrexone / Naloxone,113,18.421052631578945,13.157894736842104,2
Naltrexone / Naloxone,114,39.473684210526315,5.263157894736842,2
Naltrexone / Naloxone,115,31.578947368421048,13.157894736842104,2
Naltrexone / Naloxone,116,23.684210526315788,13.157894736842104,2
Naltrexone / Naloxone,117,39.473684210526315,5.263157894736842,2
Naltrexone / Naloxone,118,13.157894736842104,15.789473684210526,2
Naltrexone / Naloxone,119,5.263157894736842,50,2
Naltrexone / Naloxone,120,13.157894736842104,23.684210526315788,2
Naltrexone / Naloxone,121,42.10526315789473,2.631578947368421,2
Naltrexone / Naloxone,122,5.263157894736842,31.57894736842105,2
Naltrexone / Naloxone,123,15.789473684210524,42.10526315789473,2
Naltrexone / Naloxone,124,7.894736842105263,18.421052631578945,2
Naltrexone / Naloxone,125,47.368421052631575,0,2
Naltrexone / Naloxone,126,0,10.526315789473683,2
Naltrexone / Naloxone,127,0,44.73684210526315,2
Naltrexone / Naloxone,128,31.578947368421048,7.894736842105262,2
Naltrexone / Naloxone,129,0,10.526315789473683,2
Naltrexone / Naloxone,130,2.631578947368421,21.052631578947366,2
Naltrexone / Naloxone,131,13.157894736842104,13.157894736842104,2
Naltrexone / Naloxone,132,15.789473684210524,7.894736842105263,2
Naltrexone / Naloxone,133,28.94736842105263,2.631578947368421,2
Naltrexone / Naloxone,134,15.789473684210524,7.894736842105263,2
Naltrexone / Naloxone,135,21.052631578947366,7.894736842105262,2
Naltrexone / Naloxone,136,0,21.052631578947366,2
Naltrexone / Naloxone,137,15.789473684210524,7.894736842105263,2
Naltrexone / Naloxone,138,26.31578947368421,13.157894736842104,2
Naltrexone / Naloxone,139,7.894736842105263,18.421052631578945,2
Naltrexone / Naloxone,140,2.631578947368421,28.94736842105263,2
Naltrexone / Naloxone,141,0,23.684210526315788,2
Naltrexone / Naloxone,142,28.94736842105263,10.526315789473683,2
Naltrexone / Naloxone,143,42.10526315789473,15.789473684210526,2
Naltrexone / Naloxone,144,15.789473684210524,15.789473684210526,2
Naltrexone / Naloxone,145,18.421052631578945,10.526315789473683,2
Naltrexone / Naloxone,146,2.631578947368421,23.684210526315788,2
Naltrexone / Naloxone,147,10.526315789473683,26.31578947368421,2
Naltrexone / Naloxone,148,2.631578947368421,89.4736842105263,2
Naltrexone / Naloxone,149,0,71.05263157894737,2
Naltrexone / Naloxone,150,7.894736842105262,42.10526315789473,2
Naltrexone / Naloxone,151,2.631578947368421,65.78947368421052,2
Naltrexone / Naloxone,152,0,57.89473684210526,2
Naltrexone / Naloxone,153,13.157894736842104,39.473684210526315,2
Naltrexone / Naloxone,154,15.789473684210526,13.157894736842104,2
Naltrexone / Naloxone,155,31.578947368421048,7.894736842105263,2
Naltrexone / Naloxone,156,7.894736842105262,47.368421052631575,2
Naltrexone / Naloxone,157,44.73684210526316,13.157894736842104,2
Naltrexone / Naloxone,158,26.31578947368421,15.789473684210524,2
Naltrexone / Naloxone,159,5.263157894736842,52.63157894736842,2
Naltrexone / Naloxone,160,7.894736842105262,28.94736842105263,2
Naltrexone / Naloxone,161,31.578947368421055,2.631578947368421,2
Naltrexone / Naloxone,162,18.421052631578945,28.94736842105263,2
Naltrexone / Naloxone,163,26.31578947368421,21.052631578947366,2
Naltrexone / Naloxone,164,44.73684210526316,13.157894736842104,2
Naltrexone / Naloxone,165,49.99999999999999,5.263157894736842,2
Naltrexone / Naloxone,166,21.052631578947366,21.052631578947366,2
Naltrexone / Naloxone,167,36.84210526315789,2.631578947368421,2
Naltrexone / Naloxone,168,31.578947368421048,18.421052631578945,2
Naltrexone / Naloxone,169,52.631578947368425,0,2
Naltrexone / Naloxone,170,47.368421052631575,5.263157894736842,2
Naltrexone / Naloxone,171,42.10526315789473,10.526315789473683,2
Naltrexone / Naloxone,172,13.157894736842104,21.052631578947366,2
Naltrexone / Naloxone,173,52.63157894736842,0,2
Naltrexone / Naloxone,174,52.631578947368425,5.263157894736842,2
Naltrexone / Naloxone,175,63.157894736842096,5.263157894736842,2
Naltrexone / Naloxone,176,39.473684210526315,2.631578947368421,2
Naltrexone / Naloxone,177,28.94736842105263,23.684210526315788,2
Naltrexone / Naloxone,178,50,0,2
Naltrexone / Naloxone,179,5.263157894736842,39.473684210526315,2
Naltrexone / Naloxone,180,36.84210526315789,13.157894736842104,2
Naltrexone / Naloxone,181,28.94736842105263,2.631578947368421,2
Naltrexone / Naloxone,182,5.263157894736842,23.684210526315788,2
Naltrexone / Naloxone,183,36.84210526315789,15.789473684210524,2
Naltrexone / Naloxone,184,28.94736842105263,5.263157894736842,2
Naltrexone / Naloxone,185,44.73684210526316,2.631578947368421,2
Naltrexone / Naloxone,186,44.73684210526316,5.263157894736842,2
Naltrexone / Naloxone,187,26.31578947368421,2.631578947368421,2
Naltrexone / Naloxone,188,23.684210526315788,13.157894736842104,2
Naltrexone / Naloxone,189,47.368421052631575,7.894736842105262,2
Naltrexone / Naloxone,190,5.263157894736842,44.73684210526315,2
Naltrexone / Naloxone,191,7.894736842105262,26.31578947368421,2
Naltrexone / Naloxone,192,26.31578947368421,2.631578947368421,2
Naltrexone / Naloxone,193,28.94736842105263,2.631578947368421,2
Naltrexone / Naloxone,194,39.473684210526315,15.789473684210524,2
Naltrexone / Naloxone,195,31.578947368421048,10.526315789473683,2
Naltrexone / Naloxone,196,34.21052631578947,13.157894736842104,2
Naltrexone / Naloxone,197,10.526315789473683,36.84210526315789,2
Naltrexone / Naloxone,198,2.631578947368421,50,2
Naltrexone / Naloxone,199,18.421052631578945,10.526315789473683,2
Naltrexone / Naloxone,200,47.368421052631575,2.631578947368421,2
Naltrexone / Naloxone,201,18.421052631578945,31.57894736842105,2
Naltrexone / Naloxone,202,34.21052631578947,10.526315789473683,2
Naltrexone / Naloxone,203,31.578947368421048,10.526315789473683,2
Naltrexone / Naloxone,204,23.684210526315788,18.421052631578945,2
Naltrexone / Naloxone,205,21.052631578947366,18.421052631578945,2
Naltrexone / Naloxone,206,44.73684210526316,0,2
Naltrexone / Naloxone,207,2.631578947368421,7.894736842105263,2
Naltrexone / Naloxone,208,18.421052631578945,15.789473684210524,2
Naltrexone / Naloxone,209,31.57894736842105,7.894736842105262,2
Naltrexone / Naloxone,210,34.21052631578947,21.052631578947366,2
Naltrexone / Naloxone,211,31.578947368421048,2.631578947368421,2
Naltrexone / Naloxone,212,13.157894736842104,13.157894736842104,2
Naltrexone / Naloxone,213,26.31578947368421,10.526315789473683,2
Naltrexone / Naloxone,214,5.555555555555555,16.666666666666668,2
Naltrexone / Naloxone,215,18.421052631578945,5.263157894736842,2
Naltrexone / Naloxone,216,23.684210526315788,2.631578947368421,2
Naltrexone / Naloxone,217,23.684210526315788,10.526315789473683,2
Naltrexone / Naloxone,218,13.157894736842104,10.526315789473683,2
Naltrexone / Naloxone,219,28.94736842105263,0,2
Naltrexone / Naloxone,220,15.789473684210526,10.526315789473683,2
Naltrexone / Naloxone,221,28.947368421052634,13.157894736842104,2
Naltrexone / Naloxone,222,5.263157894736842,15.789473684210524,2
Naltrexone / Naloxone,223,18.421052631578945,36.84210526315789,2
Naltrexone / Naloxone,224,13.157894736842104,18.421052631578945,2
Naltrexone / Naloxone,225,7.894736842105262,10.526315789473683,2
Naltrexone / Naloxone,226,19.444444444444443,5.555555555555555,2
Naltrexone / Naloxone,227,31.578947368421048,5.263157894736842,2
Naltrexone / Naloxone,228,0,5.263157894736842,2
Naltrexone / Naloxone,229,7.894736842105263,34.21052631578947,2
Naltrexone / Naloxone,230,10.526315789473683,34.21052631578947,2
Naltrexone / Naloxone,231,10.526315789473683,34.21052631578947,2
Naltrexone / Naloxone,232,11.11111111111111,36.111111111111114,2
Naltrexone / Naloxone,233,5.263157894736842,26.31578947368421,2
Naltrexone / Naloxone,234,31.578947368421048,21.052631578947366,2
Naltrexone / Naloxone,235,0,55.263157894736835,2
Naltrexone / Naloxone,236,36.84210526315789,2.631578947368421,2
Naltrexone / Naloxone,237,18.421052631578945,13.157894736842104,2
Naltrexone / Naloxone,238,7.894736842105262,2.631578947368421,2
Naltrexone / Naloxone,239,21.052631578947366,13.157894736842104,2
Naltrexone / Naloxone,240,47.368421052631575,2.631578947368421,2
Naltrexone / Naloxone,241,26.31578947368421,7.894736842105262,2
Naltrexone / Naloxone,242,5.263157894736842,34.21052631578947,2
Naltrexone / Naloxone,243,26.31578947368421,7.894736842105263,2
Naltrexone / Naloxone,244,34.21052631578947,23.684210526315788,2
Naltrexone / Naloxone,245,34.21052631578947,7.894736842105263,2
Naltrexone / Naloxone,246,47.368421052631575,13.157894736842104,2
Naltrexone / Naloxone,247,21.052631578947366,2.631578947368421,2
Naltrexone / Naloxone,248,26.31578947368421,5.263157894736842,2
Naltrexone / Naloxone,249,36.84210526315789,7.894736842105263,2
Naltrexone / Naloxone,250,28.94736842105263,15.789473684210524,2
Naltrexone / Naloxone,251,36.84210526315789,5.263157894736842,2
Naltrexone / Naloxone,252,23.684210526315788,7.894736842105262,2
Naltrexone / Naloxone,253,44.73684210526316,2.631578947368421,2
Naltrexone / Naloxone,254,36.84210526315789,5.263157894736842,2
Naltrexone / Naloxone,255,36.8421052631579,0,2
Naltrexone / Naloxone,256,15.789473684210524,7.894736842105263,2
Naltrexone / Naloxone,257,39.473684210526315,5.263157894736842,2
Naltrexone / Naloxone,258,68.42105263157895,0,2
Naltrexone / Naloxone,259,21.052631578947366,13.157894736842104,2
Naltrexone / Naloxone,260,44.73684210526315,0,2
Naltrexone / Naloxone,261,36.84210526315789,0,2
Naltrexone / Naloxone,262,28.94736842105263,5.263157894736842,2
Naltrexone / Naloxone,263,15.789473684210524,15.789473684210524,2
Naltrexone / Naloxone,264,21.052631578947366,2.631578947368421,2
Naltrexone / Naloxone,265,18.421052631578945,10.526315789473683,2
Naltrexone / Naloxone,266,15.789473684210524,15.789473684210526,2
Naltrexone / Naloxone,267,10.526315789473683,10.526315789473683,2
Naltrexone / Naloxone,268,23.684210526315788,2.631578947368421,2
Naltrexone / Naloxone,269,23.684210526315788,0,2
Naltrexone / Naloxone,270,21.052631578947366,0,2
Naltrexone / Naloxone,271,26.31578947368421,0,2
Naltrexone / Naloxone,272,2.631578947368421,28.94736842105263,2
Naltrexone / Naloxone,273,36.84210526315789,2.631578947368421,2
Naltrexone / Naloxone,274,0,44.73684210526316,2
Naltrexone / Naloxone,275,34.21052631578947,2.631578947368421,2
Naltrexone / Naloxone,276,18.421052631578945,34.21052631578947,2
Naltrexone / Naloxone,277,44.73684210526315,10.526315789473683,2
Naltrexone / Naloxone,278,55.263157894736835,2.631578947368421,2
Naltrexone / Naloxone,279,50,0,2
Naltrexone / Naloxone,280,50,0,2
Naltrexone / Naloxone,281,13.157894736842104,21.052631578947366,2
Naltrexone / Naloxone,282,42.10526315789473,2.631578947368421,2
Naltrexone / Naloxone,283,2.631578947368421,60.526315789473685,2
Naltrexone / Naloxone,284,31.57894736842105,13.157894736842104,2
Naltrexone / Naloxone,285,34.21052631578947,7.894736842105263,2
Naltrexone / Naloxone,286,7.894736842105262,31.578947368421048,2
Naltrexone / Naloxone,287,2.631578947368421,76.3157894736842,2
Naltrexone / Naloxone,288,34.21052631578947,15.789473684210526,2
Naltrexone / Naloxone,289,15.789473684210526,10.526315789473683,2
Naltrexone / Naloxone,290,15.789473684210524,7.894736842105262,2
Naltrexone / Naloxone,291,39.473684210526315,13.157894736842104,2
Naltrexone / Naloxone,292,21.052631578947366,0,2
Naltrexone / Naloxone,293,31.57894736842105,2.631578947368421,2
Naltrexone / Naloxone,294,21.052631578947366,21.052631578947366,2
Naltrexone / Naloxone,295,5.263157894736842,47.368421052631575,2
Naltrexone / Naloxone,296,21.052631578947366,5.263157894736842,2
Naltrexone / Naloxone,297,71.05263157894737,2.631578947368421,2
Naltrexone / Naloxone,298,36.111111111111114,0,2
Naltrexone / Naloxone,299,21.052631578947366,23.684210526315788,2
Naltrexone / Naloxone,300,36.84210526315789,0,2
Naltrexone / Naloxone,301,34.21052631578947,2.631578947368421,2
Naltrexone / Naloxone,302,0,18.421052631578945,2
Naltrexone / Naloxone,303,21.052631578947366,2.631578947368421,2
Naltrexone / Naloxone,304,21.052631578947366,5.263157894736842,2
Naltrexone / Naloxone,305,21.052631578947366,2.631578947368421,2
Naltrexone / Naloxone,306,5.263157894736842,34.21052631578947,2
Naltrexone / Naloxone,307,5.263157894736842,18.421052631578945,2
Naltrexone / Naloxone,308,13.157894736842104,7.894736842105263,2
Naltrexone / Naloxone,309,7.894736842105263,10.526315789473683,2
Naltrexone / Naloxone,310,15.789473684210526,28.94736842105263,2
Naltrexone / Naloxone,311,13.157894736842104,5.263157894736842,2
Naltrexone / Naloxone,312,15.789473684210524,7.894736842105262,2
Naltrexone / Naloxone,313,2.631578947368421,0,2
Naltrexone / Naloxone,314,15.789473684210526,13.157894736842104,2
Naltrexone / Naloxone,315,18.421052631578945,2.631578947368421,2
Naltrexone / Naloxone,316,2.631578947368421,13.157894736842104,2
Naltrexone / Naloxone,317,13.157894736842104,7.894736842105262,2
Naltrexone / Naloxone,318,18.421052631578945,5.263157894736842,2
Naltrexone / Naloxone,319,18.421052631578945,5.263157894736842,2
Naltrexone / Naloxone,320,36.84210526315789,7.894736842105262,2
Naltrexone / Naloxone,321,39.473684210526315,5.263157894736842,2
Naltrexone / Naloxone,322,23.684210526315788,18.421052631578945,2
Naltrexone / Naloxone,323,31.57894736842105,5.263157894736842,2
Naltrexone / Naloxone,324,15.789473684210524,15.789473684210526,2
Naltrexone / Naloxone,325,36.84210526315789,13.157894736842104,2
Naltrexone / Naloxone,326,21.052631578947366,0,2
Naltrexone / Naloxone,327,21.052631578947366,0,2
Naltrexone / Naloxone,328,23.684210526315788,13.157894736842104,2
Naltrexone / Naloxone,329,39.473684210526315,7.894736842105262,2
Naltrexone / Naloxone,330,13.157894736842104,36.84210526315789,2
Naltrexone / Naloxone,331,0,47.368421052631575,2
Naltrexone / Naloxone,332,15.789473684210526,7.894736842105263,2
Naltrexone / Naloxone,333,7.894736842105263,18.421052631578945,2
Naltrexone / Naloxone,334,23.684210526315788,7.894736842105263,2
Naltrexone / Naloxone,335,2.631578947368421,47.368421052631575,2
Naltrexone / Naloxone,336,21.052631578947366,26.31578947368421,2
Naltrexone / Naloxone,337,0,50,2
Naltrexone / Naloxone,338,18.421052631578945,10.526315789473683,2
Naltrexone / Naloxone,339,28.94736842105263,13.157894736842104,2
Naltrexone / Naloxone,340,5.263157894736842,15.789473684210524,2
Naltrexone / Naloxone,341,0,81.57894736842104,2
Naltrexone / Naloxone,342,7.894736842105262,52.63157894736842,2
Naltrexone / Naloxone,343,0,52.63157894736842,2
Naltrexone / Naloxone,344,8.333333333333332,25,2
Naltrexone / Naloxone,345,10.526315789473683,36.84210526315789,2
Naltrexone / Naloxone,346,18.421052631578945,10.526315789473683,2
Naltrexone / Naloxone,347,52.63157894736842,5.263157894736842,2
Naltrexone / Naloxone,348,7.894736842105262,39.473684210526315,2
Naltrexone / Naloxone,349,2.631578947368421,26.31578947368421,2
Naltrexone / Naloxone,350,5.263157894736842,0,2
Naltrexone / Naloxone,351,2.631578947368421,50,2
Naltrexone / Naloxone,352,0,55.55555555555556,2
Naltrexone / Naloxone,353,2.631578947368421,42.10526315789474,2
Naltrexone / Naloxone,354,0,15.789473684210526,2
Naltrexone / Naloxone,355,2.631578947368421,21.052631578947366,2
Naltrexone / Naloxone,356,5.263157894736842,31.578947368421048,2
Naltrexone / Naloxone,357,10.526315789473683,10.526315789473683,2
Naltrexone / Naloxone,358,2.631578947368421,0,2
Naltrexone / Naloxone,359,2.631578947368421,21.052631578947366,2
Naltrexone / Naloxone,360,5.263157894736842,18.421052631578945,2
Naltrexone / Naloxone,361,0,15.789473684210526,2
Naltrexone / Naloxone,362,5.263157894736842,13.157894736842104,2
Naltrexone / Naloxone,363,2.631578947368421,18.421052631578945,2
Naltrexone / Naloxone,364,0,5.263157894736842,2
Naltrexone / Naloxone,365,2.631578947368421,10.526315789473683,2
Naltrexone / Naloxone,366,0,21.052631578947366,2
Naltrexone / Naloxone,367,18.421052631578945,2.631578947368421,2
Naltrexone / Naloxone,368,0,23.684210526315788,2
Naltrexone / Naloxone,369,13.157894736842104,13.157894736842104,2
Naltrexone / Naloxone,370,2.631578947368421,18.421052631578945,2
Naltrexone / Naloxone,371,5.263157894736842,2.631578947368421,2
Naltrexone / Naloxone,372,10.526315789473683,2.631578947368421,2
Naltrexone / Naloxone,373,0,15.789473684210524,2
Naltrexone / Naloxone,374,0,10.526315789473683,2
Naltrexone / Naloxone,375,7.894736842105263,18.421052631578945,2
Naltrexone / Naloxone,376,7.894736842105263,5.263157894736842,2
Naltrexone / Naloxone,377,7.894736842105262,5.263157894736842,2
Naltrexone / Naloxone,378,0,5.263157894736842,2
Naltrexone / Naloxone,379,10.526315789473683,5.263157894736842,2
Naltrexone / Naloxone,380,2.631578947368421,21.052631578947366,2
Naltrexone / Naloxone,381,7.894736842105263,21.052631578947366,2
Naltrexone / Naloxone,382,2.631578947368421,13.157894736842104,2
Naltrexone / Naloxone,383,0,10.526315789473683,2
Naltrexone / Naloxone,384,0,13.157894736842104,2
Naltrexone / Naloxone,385,2.631578947368421,21.052631578947366,2
Naltrexone / Naloxone,386,2.631578947368421,26.31578947368421,2
Naltrexone / Naloxone,387,7.894736842105262,7.894736842105262,2
Naltrexone / Naloxone,388,7.894736842105262,13.157894736842104,2
Naltrexone / Naloxone,389,0,28.94736842105263,2
Naltrexone / Naloxone,390,2.631578947368421,15.789473684210524,2
Naltrexone / Naloxone,391,0,23.684210526315788,2
Naltrexone / Naloxone,392,5.263157894736842,5.263157894736842,2
Naltrexone / Naloxone,393,7.894736842105263,7.894736842105263,2
Naltrexone / Naloxone,394,13.157894736842104,7.894736842105262,2
Naltrexone / Naloxone,395,7.894736842105263,13.157894736842104,2
Naltrexone / Naloxone,396,7.894736842105263,21.052631578947366,2
Naltrexone / Naloxone,397,7.894736842105263,28.94736842105263,2
Naltrexone / Naloxone,398,2.631578947368421,18.421052631578945,2
Naltrexone / Naloxone,399,15.789473684210524,18.421052631578945,2
Naltrexone / Naloxone,400,21.052631578947366,5.263157894736842,2
SR17018 / DAMGO / Fentanyl / Carfentanil,2,1.3157894736842102,26.31578947368421,4
SR17018 / DAMGO / Fentanyl / Carfentanil,3,0,37.5,4
SR17018 / DAMGO / Fentanyl / Carfentanil,4,0,36.84210526315789,4
SR17018 / DAMGO / Fentanyl / Carfentanil,5,0,47.36842105263158,4
SR17018 / DAMGO / Fentanyl / Carfentanil,6,1.3157894736842102,25,4
SR17018 / DAMGO / Fentanyl / Carfentanil,7,1.3157894736842102,42.10526315789473,4
SR17018 / DAMGO / Fentanyl / Carfentanil,8,0,48.68421052631579,4
SR17018 / DAMGO / Fentanyl / Carfentanil,9,0,56.57894736842105,4
SR17018 / DAMGO / Fentanyl / Carfentanil,10,0,46.05263157894736,4
SR17018 / DAMGO / Fentanyl / Carfentanil,11,1.3157894736842102,21.052631578947366,4
SR17018 / DAMGO / Fentanyl / Carfentanil,12,0,32.89473684210526,4
SR17018 / DAMGO / Fentanyl / Carfentanil,13,1.3157894736842102,28.947368421052627,4
SR17018 / DAMGO / Fentanyl / Carfentanil,14,0,27.777777777777775,4
SR17018 / DAMGO / Fentanyl / Carfentanil,15,0,23.684210526315788,4
SR17018 / DAMGO / Fentanyl / Carfentanil,16,0,35.526315789473685,4
SR17018 / DAMGO / Fentanyl / Carfentanil,17,0,27.631578947368418,4
SR17018 / DAMGO / Fentanyl / Carfentanil,18,0,42.10526315789474,4
SR17018 / DAMGO / Fentanyl / Carfentanil,19,2.631578947368421,38.1578947368421,4
SR17018 / DAMGO / Fentanyl / Carfentanil,20,0,23.684210526315788,4
SR17018 / DAMGO / Fentanyl / Carfentanil,21,0,47.368421052631575,4
SR17018 / DAMGO / Fentanyl / Carfentanil,22,0,42.40196078431372,4
SR17018 / DAMGO / Fentanyl / Carfentanil,23,0,39.473684210526315,4
SR17018 / DAMGO / Fentanyl / Carfentanil,24,0,44.73684210526316,4
SR17018 / DAMGO / Fentanyl / Carfentanil,25,1.3157894736842102,31.57894736842105,4
SR17018 / DAMGO / Fentanyl / Carfentanil,26,1.3157894736842102,36.84210526315789,4
SR17018 / DAMGO / Fentanyl / Carfentanil,27,0,32.89473684210526,4
SR17018 / DAMGO / Fentanyl / Carfentanil,28,0,44.73684210526316,4
SR17018 / DAMGO / Fentanyl / Carfentanil,29,0,53.94736842105263,4
SR17018 / DAMGO / Fentanyl / Carfentanil,30,0,56.57894736842105,4
SR17018 / DAMGO / Fentanyl / Carfentanil,31,0,36.84210526315789,4
SR17018 / DAMGO / Fentanyl / Carfentanil,32,2.6315789473684204,43.421052631578945,4
SR17018 / DAMGO / Fentanyl / Carfentanil,33,2.631578947368421,55.263157894736835,4
SR17018 / DAMGO / Fentanyl / Carfentanil,34,2.631578947368421,32.89473684210526,4
SR17018 / DAMGO / Fentanyl / Carfentanil,35,0,40.78947368421052,4
SR17018 / DAMGO / Fentanyl / Carfentanil,36,1.3157894736842102,38.1578947368421,4
SR17018 / DAMGO / Fentanyl / Carfentanil,37,1.4705882352941173,20.58823529411765,4
SR17018 / DAMGO / Fentanyl / Carfentanil,38,5.263157894736842,31.57894736842105,4
SR17018 / DAMGO / Fentanyl / Carfentanil,39,1.3157894736842102,42.10526315789473,4
SR17018 / DAMGO / Fentanyl / Carfentanil,40,2.6315789473684204,17.105263157894736,4
SR17018 / DAMGO / Fentanyl / Carfentanil,41,1.3157894736842102,42.10526315789473,4
SR17018 / DAMGO / Fentanyl / Carfentanil,42,1.3157894736842102,26.315789473684212,4
SR17018 / DAMGO / Fentanyl / Carfentanil,43,1.3157894736842102,44.73684210526315,4
SR17018 / DAMGO / Fentanyl / Carfentanil,44,0,27.631578947368418,4
SR17018 / DAMGO / Fentanyl / Carfentanil,45,1.3157894736842102,23.68421052631579,4
SR17018 / DAMGO / Fentanyl / Carfentanil,46,0,50,4
SR17018 / DAMGO / Fentanyl / Carfentanil,47,0,28.94736842105263,4
SR17018 / DAMGO / Fentanyl / Carfentanil,48,1.3157894736842102,18.421052631578945,4
SR17018 / DAMGO / Fentanyl / Carfentanil,49,1.3157894736842104,27.631578947368418,4
SR17018 / DAMGO / Fentanyl / Carfentanil,50,0,25,4
SR17018 / DAMGO / Fentanyl / Carfentanil,51,1.3157894736842104,23.684210526315788,4
SR17018 / DAMGO / Fentanyl / Carfentanil,52,1.3157894736842102,26.31578947368421,4
SR17018 / DAMGO / Fentanyl / Carfentanil,53,3.947368421052631,25,4
SR17018 / DAMGO / Fentanyl / Carfentanil,54,5.2631578947368425,21.052631578947366,4
SR17018 / DAMGO / Fentanyl / Carfentanil,55,0,43.421052631578945,4
SR17018 / DAMGO / Fentanyl / Carfentanil,56,5.2631578947368425,15.789473684210524,4
SR17018 / DAMGO / Fentanyl / Carfentanil,57,0,35.526315789473685,4
SR17018 / DAMGO / Fentanyl / Carfentanil,58,0,42.10526315789473,4
SR17018 / DAMGO / Fentanyl / Carfentanil,59,1.3157894736842102,28.94736842105263,4
SR17018 / DAMGO / Fentanyl / Carfentanil,60,2.6315789473684204,19.736842105263158,4
SR17018 / DAMGO / Fentanyl / Carfentanil,61,2.6315789473684204,28.94736842105263,4
SR17018 / DAMGO / Fentanyl / Carfentanil,62,5.263157894736842,27.631578947368418,4
SR17018 / DAMGO / Fentanyl / Carfentanil,63,2.631578947368421,26.31578947368421,4
SR17018 / DAMGO / Fentanyl / Carfentanil,64,0,15.789473684210524,4
SR17018 / DAMGO / Fentanyl / Carfentanil,65,1.3157894736842102,34.21052631578947,4
SR17018 / DAMGO / Fentanyl / Carfentanil,66,3.947368421052631,23.684210526315788,4
SR17018 / DAMGO / Fentanyl / Carfentanil,67,0,35.526315789473685,4
SR17018 / DAMGO / Fentanyl / Carfentanil,68,0,35.52631578947368,4
SR17018 / DAMGO / Fentanyl / Carfentanil,69,6.578947368421052,19.736842105263158,4
SR17018 / DAMGO / Fentanyl / Carfentanil,70,5.2631578947368425,28.94736842105263,4
SR17018 / DAMGO / Fentanyl / Carfentanil,71,6.578947368421052,14.473684210526315,4
SR17018 / DAMGO / Fentanyl / Carfentanil,72,10.526315789473683,28.94736842105263,4
SR17018 / DAMGO / Fentanyl / Carfentanil,73,23.684210526315788,1.3157894736842102,4
SR17018 / DAMGO / Fentanyl / Carfentanil,74,15.789473684210524,13.157894736842104,4
SR17018 / DAMGO / Fentanyl / Carfentanil,75,29.166666666666668,4.166666666666666,4
SR17018 / DAMGO / Fentanyl / Carfentanil,76,31.57894736842105,7.894736842105263,4
SR17018 / DAMGO / Fentanyl / Carfentanil,77,63.1578947368421,2.6315789473684204,4
SR17018 / DAMGO / Fentanyl / Carfentanil,78,14.473684210526315,22.368421052631575,4
SR17018 / DAMGO / Fentanyl / Carfentanil,79,44.73684210526316,3.947368421052631,4
SR17018 / DAMGO / Fentanyl / Carfentanil,80,40.78947368421052,3.947368421052631,4
SR17018 / DAMGO / Fentanyl / Carfentanil,81,51.315789473684205,3.947368421052631,4
SR17018 / DAMGO / Fentanyl / Carfentanil,82,61.84210526315789,9.210526315789473,4
SR17018 / DAMGO / Fentanyl / Carfentanil,83,42.10526315789473,9.210526315789473,4
SR17018 / DAMGO / Fentanyl / Carfentanil,84,100,0,4
SR17018 / DAMGO / Fentanyl / Carfentanil,85,61.84210526315789,6.578947368421052,4
SR17018 / DAMGO / Fentanyl / Carfentanil,86,32.89473684210526,14.473684210526315,4
SR17018 / DAMGO / Fentanyl / Carfentanil,87,59.21052631578947,7.894736842105262,4
SR17018 / DAMGO / Fentanyl / Carfentanil,88,90.78947368421052,1.3157894736842102,4
SR17018 / DAMGO / Fentanyl / Carfentanil,89,39.473684210526315,18.421052631578945,4
SR17018 / DAMGO / Fentanyl / Carfentanil,90,55.263157894736835,2.631578947368421,4
SR17018 / DAMGO / Fentanyl / Carfentanil,91,90.78947368421052,1.3157894736842104,4
SR17018 / DAMGO / Fentanyl / Carfentanil,92,66.66666666666666,0,4
SR17018 / DAMGO / Fentanyl / Carfentanil,93,30.26315789473684,11.842105263157894,4
SR17018 / DAMGO / Fentanyl / Carfentanil,94,40.78947368421052,2.6315789473684204,4
SR17018 / DAMGO / Fentanyl / Carfentanil,95,68.42105263157895,0,4
SR17018 / DAMGO / Fentanyl / Carfentanil,96,14.473684210526315,13.157894736842104,4
SR17018 / DAMGO / Fentanyl / Carfentanil,97,33.33333333333333,8.333333333333332,4
SR17018 / DAMGO / Fentanyl / Carfentanil,98,30.26315789473684,3.947368421052631,4
SR17018 / DAMGO / Fentanyl / Carfentanil,99,27.631578947368418,9.210526315789473,4
SR17018 / DAMGO / Fentanyl / Carfentanil,100,40.78947368421052,5.263157894736842,4
SR17018 / DAMGO / Fentanyl / Carfentanil,101,55.263157894736835,1.3157894736842104,4
SR17018 / DAMGO / Fentanyl / Carfentanil,102,14.473684210526315,5.263157894736841,4
SR17018 / DAMGO / Fentanyl / Carfentanil,103,59.21052631578947,1.3157894736842104,4
SR17018 / DAMGO / Fentanyl / Carfentanil,104,51.315789473684205,1.3157894736842102,4
SR17018 / DAMGO / Fentanyl / Carfentanil,105,56.57894736842105,2.631578947368421,4
SR17018 / DAMGO / Fentanyl / Carfentanil,106,73.68421052631578,0,4
SR17018 / DAMGO / Fentanyl / Carfentanil,107,50,11.842105263157894,4
SR17018 / DAMGO / Fentanyl / Carfentanil,108,77.63157894736841,2.631578947368421,4
SR17018 / DAMGO / Fentanyl / Carfentanil,109,65.78947368421052,2.631578947368421,4
SR17018 / DAMGO / Fentanyl / Carfentanil,110,61.8421052631579,3.947368421052631,4
SR17018 / DAMGO / Fentanyl / Carfentanil,111,80.26315789473684,0,4
SR17018 / DAMGO / Fentanyl / Carfentanil,112,85.52631578947367,0,4
SR17018 / DAMGO / Fentanyl / Carfentanil,113,78.94736842105263,0,4
SR17018 / DAMGO / Fentanyl / Carfentanil,114,59.21052631578948,5.263157894736842,4
SR17018 / DAMGO / Fentanyl / Carfentanil,115,52.63157894736842,5.263157894736842,4
SR17018 / DAMGO / Fentanyl / Carfentanil,116,65.78947368421052,0,4
SR17018 / DAMGO / Fentanyl / Carfentanil,117,52.631578947368425,9.210526315789473,4
SR17018 / DAMGO / Fentanyl / Carfentanil,118,61.8421052631579,6.578947368421052,4
SR17018 / DAMGO / Fentanyl / Carfentanil,119,36.84210526315789,9.210526315789473,4
SR17018 / DAMGO / Fentanyl / Carfentanil,120,36.84210526315789,15.789473684210526,4
SR17018 / DAMGO / Fentanyl / Carfentanil,121,48.68421052631579,5.263157894736842,4
SR17018 / DAMGO / Fentanyl / Carfentanil,122,57.89473684210526,10.526315789473683,4
SR17018 / DAMGO / Fentanyl / Carfentanil,123,82.89473684210526,3.947368421052631,4
SR17018 / DAMGO / Fentanyl / Carfentanil,124,47.368421052631575,6.578947368421051,4
SR17018 / DAMGO / Fentanyl / Carfentanil,125,56.578947368421055,2.631578947368421,4
SR17018 / DAMGO / Fentanyl / Carfentanil,126,61.84210526315789,7.894736842105262,4
SR17018 / DAMGO / Fentanyl / Carfentanil,127,23.684210526315788,13.157894736842104,4
SR17018 / DAMGO / Fentanyl / Carfentanil,128,40.78947368421052,10.526315789473683,4
SR17018 / DAMGO / Fentanyl / Carfentanil,129,11.842105263157894,22.368421052631575,4
SR17018 / DAMGO / Fentanyl / Carfentanil,130,10.526315789473683,22.36842105263158,4
SR17018 / DAMGO / Fentanyl / Carfentanil,131,36.84210526315789,6.578947368421052,4
SR17018 / DAMGO / Fentanyl / Carfentanil,132,26.31578947368421,2.6315789473684204,4
SR17018 / DAMGO / Fentanyl / Carfentanil,133,31.57894736842105,9.210526315789473,4
SR17018 / DAMGO / Fentanyl / Carfentanil,134,10.526315789473683,17.105263157894736,4
SR17018 / DAMGO / Fentanyl / Carfentanil,135,76.3157894736842,3.947368421052631,4
SR17018 / DAMGO / Fentanyl / Carfentanil,136,10.526315789473683,17.105263157894736,4
SR17018 / DAMGO / Fentanyl / Carfentanil,137,59.21052631578947,3.947368421052631,4
SR17018 / DAMGO / Fentanyl / Carfentanil,138,51.315789473684205,3.947368421052631,4
SR17018 / DAMGO / Fentanyl / Carfentanil,139,6.578947368421051,10.526315789473683,4
SR17018 / DAMGO / Fentanyl / Carfentanil,140,15.789473684210526,14.473684210526315,4
SR17018 / DAMGO / Fentanyl / Carfentanil,141,38.1578947368421,10.526315789473683,4
SR17018 / DAMGO / Fentanyl / Carfentanil,142,100,0,4
SR17018 / DAMGO / Fentanyl / Carfentanil,143,80.26315789473684,1.3157894736842102,4
SR17018 / DAMGO / Fentanyl / Carfentanil,144,52.63157894736842,6.578947368421052,4
SR17018 / DAMGO / Fentanyl / Carfentanil,145,38.1578947368421,9.210526315789473,4
SR17018 / DAMGO / Fentanyl / Carfentanil,146,34.21052631578947,9.210526315789473,4
SR17018 / DAMGO / Fentanyl / Carfentanil,147,43.421052631578945,6.578947368421052,4
SR17018 / DAMGO / Fentanyl / Carfentanil,148,53.94736842105263,2.6315789473684204,4
SR17018 / DAMGO / Fentanyl / Carfentanil,149,85.52631578947368,1.3157894736842104,4
SR17018 / DAMGO / Fentanyl / Carfentanil,150,46.05263157894737,9.210526315789473,4
SR17018 / DAMGO / Fentanyl / Carfentanil,151,65.78947368421052,1.3157894736842104,4
SR17018 / DAMGO / Fentanyl / Carfentanil,152,53.94736842105263,6.578947368421052,4
SR17018 / DAMGO / Fentanyl / Carfentanil,153,57.89473684210526,3.947368421052631,4
SR17018 / DAMGO / Fentanyl / Carfentanil,154,56.57894736842105,5.263157894736842,4
SR17018 / DAMGO / Fentanyl / Carfentanil,155,56.57894736842105,3.947368421052631,4
SR17018 / DAMGO / Fentanyl / Carfentanil,156,90.78947368421052,0,4
SR17018 / DAMGO / Fentanyl / Carfentanil,157,60.526315789473685,6.578947368421051,4
SR17018 / DAMGO / Fentanyl / Carfentanil,158,42.10526315789473,10.526315789473683,4
SR17018 / DAMGO / Fentanyl / Carfentanil,159,69.73684210526315,2.631578947368421,4
SR17018 / DAMGO / Fentanyl / Carfentanil,160,76.3157894736842,3.947368421052631,4
SR17018 / DAMGO / Fentanyl / Carfentanil,161,61.8421052631579,9.210526315789473,4
SR17018 / DAMGO / Fentanyl / Carfentanil,162,26.31578947368421,18.421052631578945,4
SR17018 / DAMGO / Fentanyl / Carfentanil,163,81.57894736842105,0,4
SR17018 / DAMGO / Fentanyl / Carfentanil,164,85.52631578947367,3.947368421052631,4
SR17018 / DAMGO / Fentanyl / Carfentanil,165,64.47368421052632,6.578947368421052,4
SR17018 / DAMGO / Fentanyl / Carfentanil,166,88.1578947368421,3.9473684210526314,4
SR17018 / DAMGO / Fentanyl / Carfentanil,167,100,0,4
SR17018 / DAMGO / Fentanyl / Carfentanil,168,90.78947368421052,0,4
SR17018 / DAMGO / Fentanyl / Carfentanil,169,65.78947368421052,3.947368421052631,4
SR17018 / DAMGO / Fentanyl / Carfentanil,170,94.73684210526315,0,4
SR17018 / DAMGO / Fentanyl / Carfentanil,171,85.52631578947368,1.3157894736842102,4
SR17018 / DAMGO / Fentanyl / Carfentanil,172,59.21052631578947,2.631578947368421,4
SR17018 / DAMGO / Fentanyl / Carfentanil,173,47.368421052631575,3.947368421052631,4
SR17018 / DAMGO / Fentanyl / Carfentanil,174,77.63157894736841,3.947368421052631,4
SR17018 / DAMGO / Fentanyl / Carfentanil,175,34.21052631578947,17.105263157894736,4
SR17018 / DAMGO / Fentanyl / Carfentanil,176,19.736842105263158,7.894736842105263,4
SR17018 / DAMGO / Fentanyl / Carfentanil,177,44.73684210526315,15.789473684210524,4
SR17018 / DAMGO / Fentanyl / Carfentanil,178,24.999999999999996,5.2631578947368425,4
SR17018 / DAMGO / Fentanyl / Carfentanil,179,6.578947368421052,19.736842105263158,4
SR17018 / DAMGO / Fentanyl / Carfentanil,180,28.94736842105263,22.368421052631575,4
SR17018 / DAMGO / Fentanyl / Carfentanil,181,89.47368421052632,0,4
SR17018 / DAMGO / Fentanyl / Carfentanil,182,17.105263157894736,10.526315789473683,4
SR17018 / DAMGO / Fentanyl / Carfentanil,183,25,9.210526315789473,4
SR17018 / DAMGO / Fentanyl / Carfentanil,184,21.052631578947366,14.473684210526315,4
SR17018 / DAMGO / Fentanyl / Carfentanil,185,24.999999999999996,10.526315789473683,4
SR17018 / DAMGO / Fentanyl / Carfentanil,186,71.05263157894737,3.947368421052631,4
SR17018 / DAMGO / Fentanyl / Carfentanil,187,26.31578947368421,18.421052631578945,4
SR17018 / DAMGO / Fentanyl / Carfentanil,188,34.21052631578947,26.31578947368421,4
SR17018 / DAMGO / Fentanyl / Carfentanil,189,47.368421052631575,5.263157894736842,4
SR17018 / DAMGO / Fentanyl / Carfentanil,190,67.10526315789473,2.6315789473684204,4
SR17018 / DAMGO / Fentanyl / Carfentanil,191,52.63157894736842,3.947368421052631,4
SR17018 / DAMGO / Fentanyl / Carfentanil,192,42.10526315789473,9.210526315789473,4
SR17018 / DAMGO / Fentanyl / Carfentanil,193,46.05263157894736,22.36842105263158,4
SR17018 / DAMGO / Fentanyl / Carfentanil,194,65.78947368421052,5.263157894736842,4
SR17018 / DAMGO / Fentanyl / Carfentanil,195,61.84210526315789,6.578947368421052,4
SR17018 / DAMGO / Fentanyl / Carfentanil,196,61.8421052631579,7.894736842105262,4
SR17018 / DAMGO / Fentanyl / Carfentanil,197,56.57894736842105,7.894736842105262,4
SR17018 / DAMGO / Fentanyl / Carfentanil,198,61.84210526315789,1.3157894736842104,4
SR17018 / DAMGO / Fentanyl / Carfentanil,199,35.52631578947368,17.105263157894736,4
SR17018 / DAMGO / Fentanyl / Carfentanil,200,61.84210526315789,6.578947368421052,4
SR17018 / DAMGO / Fentanyl / Carfentanil,201,63.1578947368421,5.263157894736842,4
SR17018 / DAMGO / Fentanyl / Carfentanil,202,51.315789473684205,11.842105263157894,4
SR17018 / DAMGO / Fentanyl / Carfentanil,203,84.21052631578947,0,4
SR17018 / DAMGO / Fentanyl / Carfentanil,204,50,6.578947368421052,4
SR17018 / DAMGO / Fentanyl / Carfentanil,205,27.631578947368418,15.789473684210526,4
SR17018 / DAMGO / Fentanyl / Carfentanil,206,26.31578947368421,10.526315789473683,4
SR17018 / DAMGO / Fentanyl / Carfentanil,207,5.263157894736841,15.789473684210526,4
SR17018 / DAMGO / Fentanyl / Carfentanil,208,53.94736842105263,3.9473684210526314,4
SR17018 / DAMGO / Fentanyl / Carfentanil,209,14.473684210526315,13.157894736842104,4
SR17018 / DAMGO / Fentanyl / Carfentanil,210,30.26315789473684,9.210526315789473,4
SR17018 / DAMGO / Fentanyl / Carfentanil,211,9.210526315789473,21.052631578947366,4
SR17018 / DAMGO / Fentanyl / Carfentanil,212,5.263157894736842,39.473684210526315,4
SR17018 / DAMGO / Fentanyl / Carfentanil,213,7.894736842105263,21.052631578947366,4
SR17018 / DAMGO / Fentanyl / Carfentanil,214,19.444444444444443,13.88888888888889,4
SR17018 / DAMGO / Fentanyl / Carfentanil,215,19.736842105263158,13.157894736842104,4
SR17018 / DAMGO / Fentanyl / Carfentanil,216,7.894736842105262,18.421052631578945,4
SR17018 / DAMGO / Fentanyl / Carfentanil,217,22.368421052631575,7.894736842105262,4
SR17018 / DAMGO / Fentanyl / Carfentanil,218,10.526315789473683,27.631578947368418,4
SR17018 / DAMGO / Fentanyl / Carfentanil,219,98.68421052631578,0,4
SR17018 / DAMGO / Fentanyl / Carfentanil,220,13.157894736842104,17.105263157894736,4
SR17018 / DAMGO / Fentanyl / Carfentanil,221,30.26315789473684,6.578947368421052,4
SR17018 / DAMGO / Fentanyl / Carfentanil,222,10.526315789473683,21.052631578947366,4
SR17018 / DAMGO / Fentanyl / Carfentanil,223,5.263157894736842,19.736842105263158,4
SR17018 / DAMGO / Fentanyl / Carfentanil,224,2.631578947368421,30.263157894736842,4
SR17018 / DAMGO / Fentanyl / Carfentanil,225,9.210526315789473,15.789473684210524,4
SR17018 / DAMGO / Fentanyl / Carfentanil,226,18.055555555555554,12.499999999999996,4
SR17018 / DAMGO / Fentanyl / Carfentanil,227,13.157894736842104,10.526315789473683,4
SR17018 / DAMGO / Fentanyl / Carfentanil,228,7.894736842105262,17.105263157894736,4
SR17018 / DAMGO / Fentanyl / Carfentanil,229,3.947368421052631,17.105263157894736,4
SR17018 / DAMGO / Fentanyl / Carfentanil,230,3.9473684210526314,19.736842105263158,4
SR17018 / DAMGO / Fentanyl / Carfentanil,231,17.105263157894733,11.842105263157894,4
SR17018 / DAMGO / Fentanyl / Carfentanil,232,8.333333333333332,12.5,4
SR17018 / DAMGO / Fentanyl / Carfentanil,233,13.157894736842104,19.736842105263158,4
SR17018 / DAMGO / Fentanyl / Carfentanil,234,40.78947368421052,19.736842105263158,4
SR17018 / DAMGO / Fentanyl / Carfentanil,235,9.210526315789473,14.473684210526315,4
SR17018 / DAMGO / Fentanyl / Carfentanil,236,28.94736842105263,5.2631578947368425,4
SR17018 / DAMGO / Fentanyl / Carfentanil,237,26.31578947368421,21.052631578947366,4
SR17018 / DAMGO / Fentanyl / Carfentanil,238,47.368421052631575,7.894736842105262,4
SR17018 / DAMGO / Fentanyl / Carfentanil,239,42.10526315789473,3.947368421052631,4
SR17018 / DAMGO / Fentanyl / Carfentanil,240,52.63157894736842,1.3157894736842102,4
SR17018 / DAMGO / Fentanyl / Carfentanil,241,61.84210526315789,1.3157894736842104,4
SR17018 / DAMGO / Fentanyl / Carfentanil,242,57.89473684210526,6.578947368421052,4
SR17018 / DAMGO / Fentanyl / Carfentanil,243,57.89473684210526,9.210526315789473,4
SR17018 / DAMGO / Fentanyl / Carfentanil,244,50,11.842105263157894,4
SR17018 / DAMGO / Fentanyl / Carfentanil,245,43.421052631578945,26.31578947368421,4
SR17018 / DAMGO / Fentanyl / Carfentanil,246,90.78947368421052,0,4
SR17018 / DAMGO / Fentanyl / Carfentanil,247,40.78947368421052,11.842105263157894,4
SR17018 / DAMGO / Fentanyl / Carfentanil,248,55.26315789473684,5.263157894736842,4
SR17018 / DAMGO / Fentanyl / Carfentanil,249,50,3.947368421052631,4
SR17018 / DAMGO / Fentanyl / Carfentanil,250,69.73684210526315,3.947368421052631,4
SR17018 / DAMGO / Fentanyl / Carfentanil,251,47.368421052631575,3.947368421052631,4
SR17018 / DAMGO / Fentanyl / Carfentanil,252,38.1578947368421,5.2631578947368425,4
SR17018 / DAMGO / Fentanyl / Carfentanil,253,57.89473684210526,9.210526315789473,4
SR17018 / DAMGO / Fentanyl / Carfentanil,254,68.42105263157895,0,4
SR17018 / DAMGO / Fentanyl / Carfentanil,255,39.473684210526315,5.263157894736842,4
SR17018 / DAMGO / Fentanyl / Carfentanil,256,27.631578947368418,11.842105263157894,4
SR17018 / DAMGO / Fentanyl / Carfentanil,257,73.68421052631578,1.3157894736842102,4
SR17018 / DAMGO / Fentanyl / Carfentanil,258,28.94736842105263,1.3157894736842102,4
SR17018 / DAMGO / Fentanyl / Carfentanil,259,2.631578947368421,9.210526315789473,4
SR17018 / DAMGO / Fentanyl / Carfentanil,260,77.63157894736841,1.3157894736842102,4
SR17018 / DAMGO / Fentanyl / Carfentanil,261,72.36842105263158,1.3157894736842104,4
SR17018 / DAMGO / Fentanyl / Carfentanil,262,46.05263157894736,6.578947368421052,4
SR17018 / DAMGO / Fentanyl / Carfentanil,263,23.684210526315788,6.578947368421052,4
SR17018 / DAMGO / Fentanyl / Carfentanil,264,9.210526315789473,7.894736842105263,4
SR17018 / DAMGO / Fentanyl / Carfentanil,265,21.052631578947366,5.263157894736842,4
SR17018 / DAMGO / Fentanyl / Carfentanil,266,3.947368421052631,19.736842105263158,4
SR17018 / DAMGO / Fentanyl / Carfentanil,267,3.947368421052631,11.842105263157894,4
SR17018 / DAMGO / Fentanyl / Carfentanil,268,13.157894736842104,17.105263157894736,4
SR17018 / DAMGO / Fentanyl / Carfentanil,269,6.578947368421052,18.421052631578945,4
SR17018 / DAMGO / Fentanyl / Carfentanil,270,13.157894736842104,9.210526315789473,4
SR17018 / DAMGO / Fentanyl / Carfentanil,271,1.3157894736842102,17.105263157894736,4
SR17018 / DAMGO / Fentanyl / Carfentanil,272,0,14.473684210526315,4
SR17018 / DAMGO / Fentanyl / Carfentanil,273,32.89473684210526,2.631578947368421,4
SR17018 / DAMGO / Fentanyl / Carfentanil,274,1.3157894736842102,18.421052631578945,4
SR17018 / DAMGO / Fentanyl / Carfentanil,275,13.157894736842104,10.526315789473683,4
SR17018 / DAMGO / Fentanyl / Carfentanil,276,25,5.2631578947368425,4
SR17018 / DAMGO / Fentanyl / Carfentanil,277,14.473684210526315,3.947368421052631,4
SR17018 / DAMGO / Fentanyl / Carfentanil,278,11.842105263157894,3.947368421052631,4
SR17018 / DAMGO / Fentanyl / Carfentanil,279,23.684210526315788,3.947368421052631,4
SR17018 / DAMGO / Fentanyl / Carfentanil,280,46.05263157894736,5.263157894736842,4
SR17018 / DAMGO / Fentanyl / Carfentanil,281,35.526315789473685,7.894736842105262,4
SR17018 / DAMGO / Fentanyl / Carfentanil,282,27.631578947368418,15.789473684210526,4
SR17018 / DAMGO / Fentanyl / Carfentanil,283,30.26315789473684,10.526315789473683,4
SR17018 / DAMGO / Fentanyl / Carfentanil,284,50,6.578947368421052,4
SR17018 / DAMGO / Fentanyl / Carfentanil,285,17.105263157894736,10.526315789473683,4
SR17018 / DAMGO / Fentanyl / Carfentanil,286,42.10526315789473,3.947368421052631,4
SR17018 / DAMGO / Fentanyl / Carfentanil,287,32.89473684210526,5.263157894736842,4
SR17018 / DAMGO / Fentanyl / Carfentanil,288,28.94736842105263,17.105263157894736,4
SR17018 / DAMGO / Fentanyl / Carfentanil,289,18.421052631578945,9.210526315789473,4
SR17018 / DAMGO / Fentanyl / Carfentanil,290,39.473684210526315,1.3157894736842104,4
SR17018 / DAMGO / Fentanyl / Carfentanil,291,73.68421052631578,0,4
SR17018 / DAMGO / Fentanyl / Carfentanil,292,53.94736842105263,1.3157894736842102,4
SR17018 / DAMGO / Fentanyl / Carfentanil,293,42.10526315789473,7.894736842105263,4
SR17018 / DAMGO / Fentanyl / Carfentanil,294,68.42105263157895,3.947368421052631,4
SR17018 / DAMGO / Fentanyl / Carfentanil,295,55.263157894736835,1.3157894736842102,4
SR17018 / DAMGO / Fentanyl / Carfentanil,296,56.57894736842105,5.263157894736842,4
SR17018 / DAMGO / Fentanyl / Carfentanil,297,100,0,4
SR17018 / DAMGO / Fentanyl / Carfentanil,298,68.05555555555556,1.3888888888888888,4
SR17018 / DAMGO / Fentanyl / Carfentanil,299,77.63157894736841,1.3157894736842102,4
SR17018 / DAMGO / Fentanyl / Carfentanil,300,55.263157894736835,2.631578947368421,4
SR17018 / DAMGO / Fentanyl / Carfentanil,301,43.421052631578945,1.3157894736842102,4
SR17018 / DAMGO / Fentanyl / Carfentanil,302,32.89473684210526,2.631578947368421,4
SR17018 / DAMGO / Fentanyl / Carfentanil,303,36.84210526315789,3.947368421052631,4
SR17018 / DAMGO / Fentanyl / Carfentanil,304,31.57894736842105,2.6315789473684204,4
SR17018 / DAMGO / Fentanyl / Carfentanil,305,14.473684210526315,0,4
SR17018 / DAMGO / Fentanyl / Carfentanil,306,11.842105263157894,3.947368421052631,4
SR17018 / DAMGO / Fentanyl / Carfentanil,307,9.210526315789473,11.842105263157894,4
SR17018 / DAMGO / Fentanyl / Carfentanil,308,2.631578947368421,5.2631578947368425,4
SR17018 / DAMGO / Fentanyl / Carfentanil,309,0,31.578947368421055,4
SR17018 / DAMGO / Fentanyl / Carfentanil,310,17.105263157894736,10.526315789473683,4
SR17018 / DAMGO / Fentanyl / Carfentanil,311,39.473684210526315,6.578947368421052,4
SR17018 / DAMGO / Fentanyl / Carfentanil,312,7.894736842105262,15.789473684210526,4
SR17018 / DAMGO / Fentanyl / Carfentanil,313,14.473684210526315,5.263157894736842,4
SR17018 / DAMGO / Fentanyl / Carfentanil,314,6.578947368421052,17.105263157894736,4
SR17018 / DAMGO / Fentanyl / Carfentanil,315,15.789473684210526,14.473684210526315,4
SR17018 / DAMGO / Fentanyl / Carfentanil,316,7.894736842105263,19.736842105263158,4
SR17018 / DAMGO / Fentanyl / Carfentanil,317,14.473684210526315,7.894736842105263,4
SR17018 / DAMGO / Fentanyl / Carfentanil,318,34.21052631578947,11.842105263157894,4
SR17018 / DAMGO / Fentanyl / Carfentanil,319,23.684210526315788,3.947368421052631,4
SR17018 / DAMGO / Fentanyl / Carfentanil,320,38.1578947368421,10.526315789473683,4
SR17018 / DAMGO / Fentanyl / Carfentanil,321,63.1578947368421,0,4
SR17018 / DAMGO / Fentanyl / Carfentanil,322,55.26315789473684,9.210526315789473,4
SR17018 / DAMGO / Fentanyl / Carfentanil,323,59.21052631578947,2.631578947368421,4
SR17018 / DAMGO / Fentanyl / Carfentanil,324,43.421052631578945,5.2631578947368425,4
SR17018 / DAMGO / Fentanyl / Carfentanil,325,60.526315789473685,3.947368421052631,4
SR17018 / DAMGO / Fentanyl / Carfentanil,326,69.73684210526315,1.3157894736842102,4
SR17018 / DAMGO / Fentanyl / Carfentanil,327,78.94736842105263,3.947368421052631,4
SR17018 / DAMGO / Fentanyl / Carfentanil,328,89.47368421052632,0,4
SR17018 / DAMGO / Fentanyl / Carfentanil,329,60.526315789473685,6.578947368421052,4
SR17018 / DAMGO / Fentanyl / Carfentanil,330,61.84210526315789,5.263157894736842,4
SR17018 / DAMGO / Fentanyl / Carfentanil,331,40.78947368421052,6.578947368421052,4
SR17018 / DAMGO / Fentanyl / Carfentanil,332,76.3157894736842,1.3157894736842102,4
SR17018 / DAMGO / Fentanyl / Carfentanil,333,65.78947368421052,3.947368421052631,4
SR17018 / DAMGO / Fentanyl / Carfentanil,334,77.63157894736842,1.3157894736842104,4
SR17018 / DAMGO / Fentanyl / Carfentanil,335,69.73684210526315,1.3157894736842102,4
SR17018 / DAMGO / Fentanyl / Carfentanil,336,42.10526315789473,5.263157894736842,4
SR17018 / DAMGO / Fentanyl / Carfentanil,337,66.66666666666666,0,4
SR17018 / DAMGO / Fentanyl / Carfentanil,338,64.47368421052632,0,4
SR17018 / DAMGO / Fentanyl / Carfentanil,339,39.473684210526315,1.3157894736842104,4
SR17018 / DAMGO / Fentanyl / Carfentanil,340,31.578947368421048,3.947368421052631,4
SR17018 / DAMGO / Fentanyl / Carfentanil,341,39.473684210526315,7.894736842105263,4
SR17018 / DAMGO / Fentanyl / Carfentanil,342,90.78947368421052,0,4
SR17018 / DAMGO / Fentanyl / Carfentanil,343,13.157894736842104,22.368421052631575,4
SR17018 / DAMGO / Fentanyl / Carfentanil,344,69.44444444444444,2.7777777777777777,4
SR17018 / DAMGO / Fentanyl / Carfentanil,345,67.10526315789474,1.3157894736842104,4
SR17018 / DAMGO / Fentanyl / Carfentanil,346,40.78947368421052,2.631578947368421,4
SR17018 / DAMGO / Fentanyl / Carfentanil,347,27.631578947368418,5.263157894736842,4
SR17018 / DAMGO / Fentanyl / Carfentanil,348,28.94736842105263,7.894736842105263,4
SR17018 / DAMGO / Fentanyl / Carfentanil,349,57.89473684210526,3.947368421052631,4
SR17018 / DAMGO / Fentanyl / Carfentanil,350,25,9.210526315789473,4
SR17018 / DAMGO / Fentanyl / Carfentanil,351,0,17.105263157894736,4
SR17018 / DAMGO / Fentanyl / Carfentanil,352,2.7777777777777777,20.833333333333332,4
SR17018 / DAMGO / Fentanyl / Carfentanil,353,17.105263157894736,9.210526315789473,4
SR17018 / DAMGO / Fentanyl / Carfentanil,354,2.631578947368421,35.526315789473685,4
SR17018 / DAMGO / Fentanyl / Carfentanil,355,1.3157894736842104,11.842105263157894,4
SR17018 / DAMGO / Fentanyl / Carfentanil,356,2.6315789473684204,31.57894736842105,4
SR17018 / DAMGO / Fentanyl / Carfentanil,357,3.947368421052631,28.94736842105263,4
SR17018 / DAMGO / Fentanyl / Carfentanil,358,2.631578947368421,25,4
SR17018 / DAMGO / Fentanyl / Carfentanil,359,0,28.94736842105263,4
SR17018 / DAMGO / Fentanyl / Carfentanil,360,1.3157894736842102,30.263157894736842,4
SR17018 / DAMGO / Fentanyl / Carfentanil,361,0,18.421052631578945,4
SR17018 / DAMGO / Fentanyl / Carfentanil,362,0,30.26315789473684,4
SR17018 / DAMGO / Fentanyl / Carfentanil,363,1.3157894736842104,38.1578947368421,4
SR17018 / DAMGO / Fentanyl / Carfentanil,364,1.3157894736842102,18.421052631578945,4
SR17018 / DAMGO / Fentanyl / Carfentanil,365,0,36.84210526315789,4
SR17018 / DAMGO / Fentanyl / Carfentanil,366,1.3157894736842102,27.631578947368418,4
SR17018 / DAMGO / Fentanyl / Carfentanil,367,17.105263157894736,10.526315789473683,4
SR17018 / DAMGO / Fentanyl / Carfentanil,368,3.947368421052631,25,4
SR17018 / DAMGO / Fentanyl / Carfentanil,369,7.894736842105262,11.842105263157894,4
SR17018 / DAMGO / Fentanyl / Carfentanil,370,0,30.26315789473684,4
SR17018 / DAMGO / Fentanyl / Carfentanil,371,1.3157894736842102,22.36842105263158,4
SR17018 / DAMGO / Fentanyl / Carfentanil,372,0,28.94736842105263,4
SR17018 / DAMGO / Fentanyl / Carfentanil,373,1.3157894736842102,14.473684210526315,4
SR17018 / DAMGO / Fentanyl / Carfentanil,374,1.3157894736842102,32.89473684210526,4
SR17018 / DAMGO / Fentanyl / Carfentanil,375,1.3157894736842102,15.789473684210526,4
SR17018 / DAMGO / Fentanyl / Carfentanil,376,1.3157894736842102,31.57894736842105,4
SR17018 / DAMGO / Fentanyl / Carfentanil,377,0,56.578947368421055,4
SR17018 / DAMGO / Fentanyl / Carfentanil,378,0,39.473684210526315,4
SR17018 / DAMGO / Fentanyl / Carfentanil,379,0,28.94736842105263,4
SR17018 / DAMGO / Fentanyl / Carfentanil,380,2.6315789473684204,51.315789473684205,4
SR17018 / DAMGO / Fentanyl / Carfentanil,381,1.3157894736842102,49.99999999999999,4
SR17018 / DAMGO / Fentanyl / Carfentanil,382,1.3157894736842102,17.105263157894736,4
SR17018 / DAMGO / Fentanyl / Carfentanil,383,0,43.421052631578945,4
SR17018 / DAMGO / Fentanyl / Carfentanil,384,1.3157894736842102,18.42105263157895,4
SR17018 / DAMGO / Fentanyl / Carfentanil,385,1.3157894736842102,38.1578947368421,4
SR17018 / DAMGO / Fentanyl / Carfentanil,386,0,60.526315789473685,4
SR17018 / DAMGO / Fentanyl / Carfentanil,387,0,21.052631578947366,4
SR17018 / DAMGO / Fentanyl / Carfentanil,388,1.3157894736842102,26.31578947368421,4
SR17018 / DAMGO / Fentanyl / Carfentanil,389,1.3157894736842102,25,4
SR17018 / DAMGO / Fentanyl / Carfentanil,390,0,55.263157894736835,4
SR17018 / DAMGO / Fentanyl / Carfentanil,391,0,28.94736842105263,4
SR17018 / DAMGO / Fentanyl / Carfentanil,392,0,17.105263157894736,4
SR17018 / DAMGO / Fentanyl / Carfentanil,393,0,51.315789473684205,4
SR17018 / DAMGO / Fentanyl / Carfentanil,394,0,36.84210526315789,4
SR17018 / DAMGO / Fentanyl / Carfentanil,395,0,32.89473684210526,4
SR17018 / DAMGO / Fentanyl / Carfentanil,396,0,61.84210526315789,4
SR17018 / DAMGO / Fentanyl / Carfentanil,397,0,36.84210526315789,4
SR17018 / DAMGO / Fentanyl / Carfentanil,398,0,24.999999999999996,4
SR17018 / DAMGO / Fentanyl / Carfentanil,399,0,44.73684210526316,4
SR17018 / DAMGO / Fentanyl / Carfentanil,400,7.894736842105263,11.842105263157894,4
TRV130 / PZM21 / Methadone,2,0,21.052631578947366,3
TRV130 / PZM21 / Methadone,3,1.8518518518518516,25.925925925925927,3
TRV130 / PZM21 / Methadone,4,0,19.298245614035086,3
TRV130 / PZM21 / Methadone,5,0,19.298245614035086,3
TRV130 / PZM21 / Methadone,6,0,12.280701754385964,3
TRV130 / PZM21 / Methadone,7,0,26.31578947368421,3
TRV130 / PZM21 / Methadone,8,0,22.807017543859647,3
TRV130 / PZM21 / Methadone,9,0,49.122807017543856,3
TRV130 / PZM21 / Methadone,10,0,21.052631578947366,3
TRV130 / PZM21 / Methadone,11,0,15.789473684210526,3
TRV130 / PZM21 / Methadone,12,0,10.526315789473683,3
TRV130 / PZM21 / Methadone,13,0,14.035087719298245,3
TRV130 / PZM21 / Methadone,14,0,18.518518518518515,3
TRV130 / PZM21 / Methadone,15,1.7543859649122804,36.84210526315789,3
TRV130 / PZM21 / Methadone,16,1.7543859649122804,29.82456140350877,3
TRV130 / PZM21 / Methadone,17,0,31.57894736842105,3
TRV130 / PZM21 / Methadone,18,0,22.807017543859647,3
TRV130 / PZM21 / Methadone,19,0,17.543859649122805,3
TRV130 / PZM21 / Methadone,20,0,35.08771929824561,3
TRV130 / PZM21 / Methadone,21,1.7543859649122804,28.07017543859649,3
TRV130 / PZM21 / Methadone,22,0,31.372549019607842,3
TRV130 / PZM21 / Methadone,23,0,19.298245614035086,3
TRV130 / PZM21 / Methadone,24,0,31.57894736842105,3
TRV130 / PZM21 / Methadone,25,1.7543859649122804,8.771929824561402,3
TRV130 / PZM21 / Methadone,26,0,12.280701754385966,3
TRV130 / PZM21 / Methadone,27,0,21.052631578947366,3
TRV130 / PZM21 / Methadone,28,0,36.84210526315789,3
TRV130 / PZM21 / Methadone,29,0,40.35087719298245,3
TRV130 / PZM21 / Methadone,30,0,54.3859649122807,3
TRV130 / PZM21 / Methadone,31,7.0175438596491215,28.070175438596493,3
TRV130 / PZM21 / Methadone,32,0,22.807017543859647,3
TRV130 / PZM21 / Methadone,33,0,33.33333333333333,3
TRV130 / PZM21 / Methadone,34,1.7543859649122804,19.298245614035086,3
TRV130 / PZM21 / Methadone,35,0,22.807017543859647,3
TRV130 / PZM21 / Methadone,36,0,31.57894736842105,3
TRV130 / PZM21 / Methadone,37,1.96078431372549,31.372549019607845,3
TRV130 / PZM21 / Methadone,38,0,26.31578947368421,3
TRV130 / PZM21 / Methadone,39,3.508771929824561,33.33333333333333,3
TRV130 / PZM21 / Methadone,40,0,24.561403508771928,3
TRV130 / PZM21 / Methadone,41,3.508771929824561,22.807017543859647,3
TRV130 / PZM21 / Methadone,42,5.2631578947368425,19.298245614035086,3
TRV130 / PZM21 / Methadone,43,0,17.543859649122805,3
TRV130 / PZM21 / Methadone,44,0,26.31578947368421,3
TRV130 / PZM21 / Methadone,45,5.263157894736842,14.035087719298243,3
TRV130 / PZM21 / Methadone,46,0,28.07017543859649,3
TRV130 / PZM21 / Methadone,47,0,28.07017543859649,3
TRV130 / PZM21 / Methadone,48,1.7543859649122804,8.771929824561402,3
TRV130 / PZM21 / Methadone,49,5.2631578947368425,12.280701754385964,3
TRV130 / PZM21 / Methadone,50,5.2631578947368425,21.052631578947366,3
TRV130 / PZM21 / Methadone,51,1.7543859649122804,26.31578947368421,3
TRV130 / PZM21 / Methadone,52,0,17.543859649122805,3
TRV130 / PZM21 / Methadone,53,3.508771929824561,15.789473684210526,3
TRV130 / PZM21 / Methadone,54,7.017543859649122,17.543859649122805,3
TRV130 / PZM21 / Methadone,55,8.771929824561402,15.789473684210526,3
TRV130 / PZM21 / Methadone,56,5.263157894736842,22.807017543859647,3
TRV130 / PZM21 / Methadone,57,0,24.561403508771928,3
TRV130 / PZM21 / Methadone,58,3.5087719298245608,31.578947368421048,3
TRV130 / PZM21 / Methadone,59,7.017543859649122,24.561403508771928,3
TRV130 / PZM21 / Methadone,60,5.263157894736842,24.561403508771928,3
TRV130 / PZM21 / Methadone,61,5.263157894736842,12.280701754385964,3
TRV130 / PZM21 / Methadone,62,3.5087719298245608,19.298245614035086,3
TRV130 / PZM21 / Methadone,63,3.508771929824561,14.035087719298243,3
TRV130 / PZM21 / Methadone,64,1.7543859649122804,17.543859649122805,3
TRV130 / PZM21 / Methadone,65,0,29.82456140350877,3
TRV130 / PZM21 / Methadone,66,7.017543859649122,21.052631578947366,3
TRV130 / PZM21 / Methadone,67,1.7543859649122804,19.298245614035086,3
TRV130 / PZM21 / Methadone,68,1.7543859649122804,33.33333333333333,3
TRV130 / PZM21 / Methadone,69,26.31578947368421,5.263157894736842,3
TRV130 / PZM21 / Methadone,70,8.771929824561402,21.052631578947366,3
TRV130 / PZM21 / Methadone,71,15.789473684210526,15.789473684210526,3
TRV130 / PZM21 / Methadone,72,15.789473684210526,21.052631578947366,3
TRV130 / PZM21 / Methadone,73,73.68421052631578,1.7543859649122804,3
TRV130 / PZM21 / Methadone,74,22.807017543859647,3.5087719298245608,3
TRV130 / PZM21 / Methadone,75,53.7037037037037,5.555555555555555,3
TRV130 / PZM21 / Methadone,76,68.42105263157895,0,3
TRV130 / PZM21 / Methadone,77,92.98245614035088,0,3
TRV130 / PZM21 / Methadone,78,31.57894736842105,12.280701754385964,3
TRV130 / PZM21 / Methadone,79,42.10526315789473,7.017543859649122,3
TRV130 / PZM21 / Methadone,80,68.42105263157895,1.7543859649122804,3
TRV130 / PZM21 / Methadone,81,40.35087719298245,1.7543859649122804,3
TRV130 / PZM21 / Methadone,82,57.89473684210526,7.017543859649122,3
TRV130 / PZM21 / Methadone,83,38.59649122807017,8.771929824561402,3
TRV130 / PZM21 / Methadone,84,89.47368421052632,0,3
TRV130 / PZM21 / Methadone,85,59.64912280701754,8.771929824561402,3
TRV130 / PZM21 / Methadone,86,36.84210526315789,21.052631578947366,3
TRV130 / PZM21 / Methadone,87,68.42105263157895,0,3
TRV130 / PZM21 / Methadone,88,80.7017543859649,1.7543859649122804,3
TRV130 / PZM21 / Methadone,89,28.07017543859649,14.035087719298245,3
TRV130 / PZM21 / Methadone,90,49.122807017543856,1.7543859649122804,3
TRV130 / PZM21 / Methadone,91,84.21052631578947,0,3
TRV130 / PZM21 / Methadone,92,68.51851851851852,0,3
TRV130 / PZM21 / Methadone,93,59.64912280701754,3.5087719298245608,3
TRV130 / PZM21 / Methadone,94,56.14035087719298,7.017543859649122,3
TRV130 / PZM21 / Methadone,95,50.87719298245614,3.5087719298245608,3
TRV130 / PZM21 / Methadone,96,31.57894736842105,8.771929824561402,3
TRV130 / PZM21 / Methadone,97,42.59259259259259,1.8518518518518516,3
TRV130 / PZM21 / Methadone,98,36.84210526315789,10.526315789473685,3
TRV130 / PZM21 / Methadone,99,29.82456140350877,15.789473684210526,3
TRV130 / PZM21 / Methadone,100,87.71929824561403,0,3
TRV130 / PZM21 / Methadone,101,47.368421052631575,0,3
TRV130 / PZM21 / Methadone,102,42.10526315789473,5.263157894736842,3
TRV130 / PZM21 / Methadone,103,50.87719298245614,5.263157894736842,3
TRV130 / PZM21 / Methadone,104,68.42105263157895,0,3
TRV130 / PZM21 / Methadone,105,47.368421052631575,1.7543859649122804,3
TRV130 / PZM21 / Methadone,106,50.87719298245614,3.5087719298245608,3
TRV130 / PZM21 / Methadone,107,50.87719298245614,12.280701754385964,3
TRV130 / PZM21 / Methadone,108,89.47368421052632,0,3
TRV130 / PZM21 / Methadone,109,52.63157894736842,7.017543859649122,3
TRV130 / PZM21 / Methadone,110,77.19298245614036,1.7543859649122804,3
TRV130 / PZM21 / Methadone,111,64.91228070175438,0,3
TRV130 / PZM21 / Methadone,112,71.9298245614035,1.7543859649122804,3
TRV130 / PZM21 / Methadone,113,85.96491228070175,1.7543859649122804,3
TRV130 / PZM21 / Methadone,114,57.89473684210526,3.508771929824561,3
TRV130 / PZM21 / Methadone,115,77.19298245614034,3.508771929824561,3
TRV130 / PZM21 / Methadone,116,82.45614035087719,3.508771929824561,3
TRV130 / PZM21 / Methadone,117,40.35087719298245,8.771929824561402,3
TRV130 / PZM21 / Methadone,118,61.40350877192982,5.263157894736842,3
TRV130 / PZM21 / Methadone,119,40.35087719298245,3.5087719298245608,3
TRV130 / PZM21 / Methadone,120,47.368421052631575,14.035087719298245,3
TRV130 / PZM21 / Methadone,121,78.94736842105263,1.7543859649122804,3
TRV130 / PZM21 / Methadone,122,87.71929824561403,3.508771929824561,3
TRV130 / PZM21 / Methadone,123,75.43859649122807,5.263157894736842,3
TRV130 / PZM21 / Methadone,124,52.63157894736842,5.263157894736842,3
TRV130 / PZM21 / Methadone,125,84.21052631578947,0,3
TRV130 / PZM21 / Methadone,126,87.71929824561403,0,3
TRV130 / PZM21 / Methadone,127,22.807017543859647,28.07017543859649,3
TRV130 / PZM21 / Methadone,128,52.63157894736842,1.7543859649122804,3
TRV130 / PZM21 / Methadone,129,14.035087719298245,17.543859649122805,3
TRV130 / PZM21 / Methadone,130,14.035087719298245,14.035087719298245,3
TRV130 / PZM21 / Methadone,131,38.59649122807018,5.263157894736842,3
TRV130 / PZM21 / Methadone,132,26.31578947368421,5.263157894736842,3
TRV130 / PZM21 / Methadone,133,56.14035087719298,0,3
TRV130 / PZM21 / Methadone,134,7.017543859649122,10.526315789473683,3
TRV130 / PZM21 / Methadone,135,78.94736842105263,0,3
TRV130 / PZM21 / Methadone,136,26.31578947368421,12.280701754385964,3
TRV130 / PZM21 / Methadone,137,45.614035087719294,10.526315789473683,3
TRV130 / PZM21 / Methadone,138,78.94736842105263,0,3
TRV130 / PZM21 / Methadone,139,5.2631578947368425,10.526315789473683,3
TRV130 / PZM21 / Methadone,140,8.771929824561402,28.07017543859649,3
TRV130 / PZM21 / Methadone,141,31.57894736842105,8.771929824561402,3
TRV130 / PZM21 / Methadone,142,92.98245614035088,0,3
TRV130 / PZM21 / Methadone,143,78.94736842105263,3.5087719298245608,3
TRV130 / PZM21 / Methadone,144,52.63157894736842,8.771929824561402,3
TRV130 / PZM21 / Methadone,145,57.89473684210526,0,3
TRV130 / PZM21 / Methadone,146,50.87719298245614,7.0175438596491215,3
TRV130 / PZM21 / Methadone,147,57.89473684210526,1.7543859649122804,3
TRV130 / PZM21 / Methadone,148,38.59649122807017,7.017543859649122,3
TRV130 / PZM21 / Methadone,149,85.96491228070175,0,3
TRV130 / PZM21 / Methadone,150,64.91228070175438,8.771929824561402,3
TRV130 / PZM21 / Methadone,151,49.122807017543856,3.508771929824561,3
TRV130 / PZM21 / Methadone,152,61.40350877192982,1.7543859649122804,3
TRV130 / PZM21 / Methadone,153,75.43859649122807,5.263157894736842,3
TRV130 / PZM21 / Methadone,154,91.22807017543859,0,3
TRV130 / PZM21 / Methadone,155,57.89473684210526,1.7543859649122804,3
TRV130 / PZM21 / Methadone,156,87.71929824561403,0,3
TRV130 / PZM21 / Methadone,157,87.71929824561403,1.7543859649122804,3
TRV130 / PZM21 / Methadone,158,50.877192982456144,3.508771929824561,3
TRV130 / PZM21 / Methadone,159,66.66666666666666,3.508771929824561,3
TRV130 / PZM21 / Methadone,160,64.91228070175438,1.7543859649122804,3
TRV130 / PZM21 / Methadone,161,73.68421052631578,1.7543859649122804,3
TRV130 / PZM21 / Methadone,162,35.08771929824561,12.280701754385964,3
TRV130 / PZM21 / Methadone,163,78.94736842105263,7.017543859649122,3
TRV130 / PZM21 / Methadone,164,87.71929824561403,1.7543859649122804,3
TRV130 / PZM21 / Methadone,165,71.9298245614035,5.263157894736842,3
TRV130 / PZM21 / Methadone,166,89.47368421052632,0,3
TRV130 / PZM21 / Methadone,167,96.49122807017544,0,3
TRV130 / PZM21 / Methadone,168,91.22807017543859,1.7543859649122804,3
TRV130 / PZM21 / Methadone,169,66.66666666666666,0,3
TRV130 / PZM21 / Methadone,170,89.47368421052632,0,3
TRV130 / PZM21 / Methadone,171,85.96491228070175,1.7543859649122804,3
TRV130 / PZM21 / Methadone,172,78.94736842105263,0,3
TRV130 / PZM21 / Methadone,173,47.368421052631575,10.526315789473683,3
TRV130 / PZM21 / Methadone,174,82.45614035087719,0,3
TRV130 / PZM21 / Methadone,175,56.14035087719298,5.263157894736842,3
TRV130 / PZM21 / Methadone,176,29.82456140350877,15.789473684210526,3
TRV130 / PZM21 / Methadone,177,82.45614035087719,7.0175438596491215,3
TRV130 / PZM21 / Methadone,178,38.59649122807018,8.771929824561402,3
TRV130 / PZM21 / Methadone,179,14.035087719298245,24.561403508771928,3
TRV130 / PZM21 / Methadone,180,56.14035087719298,15.789473684210526,3
TRV130 / PZM21 / Methadone,181,100,0,3
TRV130 / PZM21 / Methadone,182,31.57894736842105,7.017543859649122,3
TRV130 / PZM21 / Methadone,183,54.3859649122807,5.263157894736842,3
TRV130 / PZM21 / Methadone,184,21.052631578947366,14.035087719298245,3
TRV130 / PZM21 / Methadone,185,43.859649122807014,1.7543859649122804,3
TRV130 / PZM21 / Methadone,186,78.94736842105263,5.263157894736842,3
TRV130 / PZM21 / Methadone,187,57.89473684210526,5.263157894736842,3
TRV130 / PZM21 / Methadone,188,35.08771929824561,15.789473684210524,3
TRV130 / PZM21 / Methadone,189,70.17543859649123,7.017543859649122,3
TRV130 / PZM21 / Methadone,190,64.91228070175438,1.7543859649122804,3
TRV130 / PZM21 / Methadone,191,24.561403508771928,15.789473684210526,3
TRV130 / PZM21 / Methadone,192,40.35087719298245,12.280701754385964,3
TRV130 / PZM21 / Methadone,193,42.10526315789473,8.771929824561402,3
TRV130 / PZM21 / Methadone,194,68.42105263157895,0,3
TRV130 / PZM21 / Methadone,195,49.122807017543856,12.280701754385964,3
TRV130 / PZM21 / Methadone,196,52.63157894736842,8.771929824561402,3
TRV130 / PZM21 / Methadone,197,49.122807017543856,3.508771929824561,3
TRV130 / PZM21 / Methadone,198,61.40350877192982,3.5087719298245608,3
TRV130 / PZM21 / Methadone,199,47.368421052631575,5.2631578947368425,3
TRV130 / PZM21 / Methadone,200,70.17543859649123,0,3
TRV130 / PZM21 / Methadone,201,68.42105263157895,0,3
TRV130 / PZM21 / Methadone,202,43.859649122807014,15.789473684210524,3
TRV130 / PZM21 / Methadone,203,73.68421052631578,0,3
TRV130 / PZM21 / Methadone,204,45.614035087719294,10.526315789473683,3
TRV130 / PZM21 / Methadone,205,35.08771929824561,14.035087719298245,3
TRV130 / PZM21 / Methadone,206,24.561403508771928,12.280701754385964,3
TRV130 / PZM21 / Methadone,207,12.280701754385964,17.543859649122805,3
TRV130 / PZM21 / Methadone,208,73.68421052631578,3.508771929824561,3
TRV130 / PZM21 / Methadone,209,28.07017543859649,14.035087719298245,3
TRV130 / PZM21 / Methadone,210,54.385964912280706,3.508771929824561,3
TRV130 / PZM21 / Methadone,211,3.508771929824561,12.280701754385964,3
TRV130 / PZM21 / Methadone,212,7.017543859649122,35.08771929824561,3
TRV130 / PZM21 / Methadone,213,22.807017543859647,21.052631578947366,3
TRV130 / PZM21 / Methadone,214,16.666666666666664,25.925925925925927,3
TRV130 / PZM21 / Methadone,215,15.789473684210526,10.526315789473683,3
TRV130 / PZM21 / Methadone,216,15.789473684210526,21.052631578947366,3
TRV130 / PZM21 / Methadone,217,10.526315789473683,15.789473684210526,3
TRV130 / PZM21 / Methadone,218,21.052631578947366,17.543859649122805,3
TRV130 / PZM21 / Methadone,219,100,0,3
TRV130 / PZM21 / Methadone,220,19.298245614035086,24.561403508771928,3
TRV130 / PZM21 / Methadone,221,66.66666666666666,8.771929824561402,3
TRV130 / PZM21 / Methadone,222,1.7543859649122804,14.035087719298245,3
TRV130 / PZM21 / Methadone,223,7.017543859649122,31.578947368421048,3
TRV130 / PZM21 / Methadone,224,1.7543859649122804,15.789473684210524,3
TRV130 / PZM21 / Methadone,225,26.31578947368421,21.052631578947366,3
TRV130 / PZM21 / Methadone,226,35.18518518518518,9.25925925925926,3
TRV130 / PZM21 / Methadone,227,10.526315789473683,24.561403508771928,3
TRV130 / PZM21 / Methadone,228,24.561403508771928,7.017543859649122,3
TRV130 / PZM21 / Methadone,229,1.7543859649122804,31.57894736842105,3
TRV130 / PZM21 / Methadone,230,10.526315789473683,17.543859649122805,3
TRV130 / PZM21 / Methadone,231,17.543859649122805,14.035087719298245,3
TRV130 / PZM21 / Methadone,232,7.407407407407407,20.37037037037037,3
TRV130 / PZM21 / Methadone,233,15.789473684210526,26.31578947368421,3
TRV130 / PZM21 / Methadone,234,33.33333333333333,19.298245614035086,3
TRV130 / PZM21 / Methadone,235,17.543859649122805,7.017543859649122,3
TRV130 / PZM21 / Methadone,236,40.35087719298245,3.508771929824561,3
TRV130 / PZM21 / Methadone,237,33.33333333333333,7.017543859649122,3
TRV130 / PZM21 / Methadone,238,73.68421052631578,1.7543859649122804,3
TRV130 / PZM21 / Methadone,239,54.3859649122807,3.508771929824561,3
TRV130 / PZM21 / Methadone,240,40.35087719298245,8.771929824561402,3
TRV130 / PZM21 / Methadone,241,66.66666666666667,3.5087719298245608,3
TRV130 / PZM21 / Methadone,242,59.64912280701754,3.508771929824561,3
TRV130 / PZM21 / Methadone,243,75.43859649122807,3.508771929824561,3
TRV130 / PZM21 / Methadone,244,52.63157894736842,3.508771929824561,3
TRV130 / PZM21 / Methadone,245,47.368421052631575,14.035087719298245,3
TRV130 / PZM21 / Methadone,246,100,0,3
TRV130 / PZM21 / Methadone,247,42.10526315789473,10.526315789473683,3
TRV130 / PZM21 / Methadone,248,56.14035087719298,1.7543859649122804,3
TRV130 / PZM21 / Methadone,249,75.43859649122807,0,3
TRV130 / PZM21 / Methadone,250,59.64912280701754,8.771929824561402,3
TRV130 / PZM21 / Methadone,251,57.89473684210526,1.7543859649122804,3
TRV130 / PZM21 / Methadone,252,42.10526315789474,3.5087719298245608,3
TRV130 / PZM21 / Methadone,253,80.7017543859649,0,3
TRV130 / PZM21 / Methadone,254,92.98245614035088,0,3
TRV130 / PZM21 / Methadone,255,29.82456140350877,1.7543859649122804,3
TRV130 / PZM21 / Methadone,256,45.614035087719294,3.508771929824561,3
TRV130 / PZM21 / Methadone,257,98.24561403508771,0,3
TRV130 / PZM21 / Methadone,258,78.94736842105263,0,3
TRV130 / PZM21 / Methadone,259,8.771929824561402,12.280701754385964,3
TRV130 / PZM21 / Methadone,260,71.9298245614035,0,3
TRV130 / PZM21 / Methadone,261,89.47368421052632,1.7543859649122804,3
TRV130 / PZM21 / Methadone,262,59.64912280701754,5.263157894736842,3
TRV130 / PZM21 / Methadone,263,21.052631578947366,7.017543859649122,3
TRV130 / PZM21 / Methadone,264,17.543859649122805,17.54385964912281,3
TRV130 / PZM21 / Methadone,265,7.017543859649122,12.280701754385964,3
TRV130 / PZM21 / Methadone,266,7.017543859649122,22.807017543859647,3
TRV130 / PZM21 / Methadone,267,12.280701754385964,14.035087719298245,3
TRV130 / PZM21 / Methadone,268,12.280701754385964,8.771929824561402,3
TRV130 / PZM21 / Methadone,269,8.771929824561402,12.280701754385964,3
TRV130 / PZM21 / Methadone,270,24.561403508771928,1.7543859649122804,3
TRV130 / PZM21 / Methadone,271,8.771929824561402,12.280701754385964,3
TRV130 / PZM21 / Methadone,272,7.0175438596491215,21.052631578947366,3
TRV130 / PZM21 / Methadone,273,36.84210526315789,3.5087719298245608,3
TRV130 / PZM21 / Methadone,274,1.7543859649122804,12.280701754385964,3
TRV130 / PZM21 / Methadone,275,14.035087719298245,3.5087719298245608,3
TRV130 / PZM21 / Methadone,276,3.5087719298245608,22.807017543859647,3
TRV130 / PZM21 / Methadone,277,43.859649122807014,5.263157894736842,3
TRV130 / PZM21 / Methadone,278,68.42105263157895,0,3
TRV130 / PZM21 / Methadone,279,47.368421052631575,3.5087719298245608,3
TRV130 / PZM21 / Methadone,280,82.45614035087719,0,3
TRV130 / PZM21 / Methadone,281,24.561403508771928,15.789473684210526,3
TRV130 / PZM21 / Methadone,282,21.052631578947366,17.543859649122805,3
TRV130 / PZM21 / Methadone,283,19.298245614035086,8.771929824561402,3
TRV130 / PZM21 / Methadone,284,36.84210526315789,7.017543859649122,3
TRV130 / PZM21 / Methadone,285,31.57894736842105,8.771929824561402,3
TRV130 / PZM21 / Methadone,286,24.561403508771928,8.771929824561402,3
TRV130 / PZM21 / Methadone,287,29.82456140350877,5.263157894736842,3
TRV130 / PZM21 / Methadone,288,33.33333333333333,1.7543859649122804,3
TRV130 / PZM21 / Methadone,289,31.57894736842105,8.771929824561402,3
TRV130 / PZM21 / Methadone,290,36.8421052631579,7.0175438596491215,3
TRV130 / PZM21 / Methadone,291,85.96491228070175,0,3
TRV130 / PZM21 / Methadone,292,57.89473684210526,0,3
TRV130 / PZM21 / Methadone,293,43.859649122807014,8.771929824561402,3
TRV130 / PZM21 / Methadone,294,68.42105263157895,1.7543859649122804,3
TRV130 / PZM21 / Methadone,295,61.40350877192982,1.7543859649122804,3
TRV130 / PZM21 / Methadone,296,49.122807017543856,3.508771929824561,3
TRV130 / PZM21 / Methadone,297,100,0,3
TRV130 / PZM21 / Methadone,298,83.33333333333333,0,3
TRV130 / PZM21 / Methadone,299,77.19298245614036,1.7543859649122804,3
TRV130 / PZM21 / Methadone,300,61.40350877192982,1.7543859649122804,3
TRV130 / PZM21 / Methadone,301,56.14035087719298,3.5087719298245608,3
TRV130 / PZM21 / Methadone,302,45.614035087719294,7.017543859649122,3
TRV130 / PZM21 / Methadone,303,35.08771929824561,3.508771929824561,3
TRV130 / PZM21 / Methadone,304,36.84210526315789,7.0175438596491215,3
TRV130 / PZM21 / Methadone,305,35.08771929824562,0,3
TRV130 / PZM21 / Methadone,306,3.508771929824561,17.543859649122805,3
TRV130 / PZM21 / Methadone,307,1.7543859649122804,21.052631578947366,3
TRV130 / PZM21 / Methadone,308,15.789473684210526,17.543859649122805,3
TRV130 / PZM21 / Methadone,309,5.263157894736842,31.57894736842105,3
TRV130 / PZM21 / Methadone,310,19.298245614035086,3.5087719298245608,3
TRV130 / PZM21 / Methadone,311,26.31578947368421,8.771929824561402,3
TRV130 / PZM21 / Methadone,312,7.017543859649122,12.280701754385964,3
TRV130 / PZM21 / Methadone,313,12.280701754385964,7.017543859649122,3
TRV130 / PZM21 / Methadone,314,15.789473684210526,12.280701754385964,3
TRV130 / PZM21 / Methadone,315,17.543859649122805,14.035087719298245,3
TRV130 / PZM21 / Methadone,316,3.5087719298245608,24.561403508771928,3
TRV130 / PZM21 / Methadone,317,12.280701754385964,5.263157894736842,3
TRV130 / PZM21 / Methadone,318,38.59649122807018,17.543859649122805,3
TRV130 / PZM21 / Methadone,319,22.807017543859647,14.035087719298245,3
TRV130 / PZM21 / Methadone,320,75.43859649122807,3.5087719298245608,3
TRV130 / PZM21 / Methadone,321,100,0,3
TRV130 / PZM21 / Methadone,322,50.877192982456144,14.035087719298245,3
TRV130 / PZM21 / Methadone,323,80.7017543859649,0,3
TRV130 / PZM21 / Methadone,324,66.66666666666667,5.2631578947368425,3
TRV130 / PZM21 / Methadone,325,56.14035087719298,3.508771929824561,3
TRV130 / PZM21 / Methadone,326,71.9298245614035,3.5087719298245608,3
TRV130 / PZM21 / Methadone,327,92.98245614035088,0,3
TRV130 / PZM21 / Methadone,328,98.24561403508771,0,3
TRV130 / PZM21 / Methadone,329,59.64912280701754,5.263157894736842,3
TRV130 / PZM21 / Methadone,330,64.91228070175438,5.263157894736842,3
TRV130 / PZM21 / Methadone,331,47.368421052631575,12.280701754385964,3
TRV130 / PZM21 / Methadone,332,68.42105263157895,1.7543859649122804,3
TRV130 / PZM21 / Methadone,333,56.14035087719298,1.7543859649122804,3
TRV130 / PZM21 / Methadone,334,80.7017543859649,0,3
TRV130 / PZM21 / Methadone,335,70.17543859649123,0,3
TRV130 / PZM21 / Methadone,336,43.859649122807014,1.7543859649122804,3
TRV130 / PZM21 / Methadone,337,57.40740740740741,1.8518518518518516,3
TRV130 / PZM21 / Methadone,338,64.91228070175438,1.7543859649122804,3
TRV130 / PZM21 / Methadone,339,49.122807017543856,12.280701754385964,3
TRV130 / PZM21 / Methadone,340,24.561403508771928,7.017543859649122,3
TRV130 / PZM21 / Methadone,341,36.84210526315789,8.771929824561402,3
TRV130 / PZM21 / Methadone,342,75.43859649122807,3.5087719298245608,3
TRV130 / PZM21 / Methadone,343,12.280701754385964,35.08771929824561,3
TRV130 / PZM21 / Methadone,344,72.22222222222223,3.7037037037037037,3
TRV130 / PZM21 / Methadone,345,70.17543859649123,0,3
TRV130 / PZM21 / Methadone,346,50.87719298245614,0,3
TRV130 / PZM21 / Methadone,347,45.614035087719294,3.5087719298245608,3
TRV130 / PZM21 / Methadone,348,19.298245614035086,8.771929824561402,3
TRV130 / PZM21 / Methadone,349,63.1578947368421,3.508771929824561,3
TRV130 / PZM21 / Methadone,350,17.543859649122805,0,3
TRV130 / PZM21 / Methadone,351,1.7543859649122804,42.10526315789473,3
TRV130 / PZM21 / Methadone,352,5.555555555555555,29.62962962962963,3
TRV130 / PZM21 / Methadone,353,3.5087719298245608,10.526315789473683,3
TRV130 / PZM21 / Methadone,354,0,43.859649122807014,3
TRV130 / PZM21 / Methadone,355,1.7543859649122804,28.07017543859649,3
TRV130 / PZM21 / Methadone,356,0,33.33333333333333,3
TRV130 / PZM21 / Methadone,357,1.7543859649122804,12.280701754385964,3
TRV130 / PZM21 / Methadone,358,1.7543859649122804,31.578947368421048,3
TRV130 / PZM21 / Methadone,359,0,22.807017543859647,3
TRV130 / PZM21 / Methadone,360,1.7543859649122804,38.59649122807017,3
TRV130 / PZM21 / Methadone,361,3.508771929824561,28.07017543859649,3
TRV130 / PZM21 / Methadone,362,1.7543859649122804,15.789473684210526,3
TRV130 / PZM21 / Methadone,363,0,28.07017543859649,3
TRV130 / PZM21 / Methadone,364,1.7543859649122804,36.84210526315789,3
TRV130 / PZM21 / Methadone,365,0,22.807017543859647,3
TRV130 / PZM21 / Methadone,366,1.7543859649122804,24.561403508771928,3
TRV130 / PZM21 / Methadone,367,1.7543859649122804,3.5087719298245608,3
TRV130 / PZM21 / Methadone,368,5.263157894736842,35.08771929824561,3
TRV130 / PZM21 / Methadone,369,1.7543859649122804,15.789473684210524,3
TRV130 / PZM21 / Methadone,370,1.7543859649122804,17.54385964912281,3
TRV130 / PZM21 / Methadone,371,0,14.035087719298245,3
TRV130 / PZM21 / Methadone,372,1.7543859649122804,29.82456140350877,3
TRV130 / PZM21 / Methadone,373,0,15.789473684210526,3
TRV130 / PZM21 / Methadone,374,3.508771929824561,43.859649122807014,3
TRV130 / PZM21 / Methadone,375,0,12.280701754385964,3
TRV130 / PZM21 / Methadone,376,0,19.298245614035086,3
TRV130 / PZM21 / Methadone,377,5.2631578947368425,19.298245614035086,3
TRV130 / PZM21 / Methadone,378,0,28.07017543859649,3
TRV130 / PZM21 / Methadone,379,3.5087719298245608,24.561403508771928,3
TRV130 / PZM21 / Methadone,380,0,33.33333333333333,3
TRV130 / PZM21 / Methadone,381,0,38.59649122807018,3
TRV130 / PZM21 / Methadone,382,1.7543859649122804,15.789473684210526,3
TRV130 / PZM21 / Methadone,383,0,26.31578947368421,3
TRV130 / PZM21 / Methadone,384,0,21.052631578947366,3
TRV130 / PZM21 / Methadone,385,0,29.82456140350877,3
TRV130 / PZM21 / Methadone,386,0,59.64912280701754,3
TRV130 / PZM21 / Methadone,387,1.7543859649122804,40.35087719298245,3
TRV130 / PZM21 / Methadone,388,0,29.82456140350877,3
TRV130 / PZM21 / Methadone,389,1.7543859649122804,31.57894736842105,3
TRV130 / PZM21 / Methadone,390,0,40.35087719298245,3
TRV130 / PZM21 / Methadone,391,0,49.122807017543856,3
TRV130 / PZM21 / Methadone,392,0,12.280701754385964,3
TRV130 / PZM21 / Methadone,393,0,35.08771929824562,3
TRV130 / PZM21 / Methadone,394,0,28.07017543859649,3
TRV130 / PZM21 / Methadone,395,0,29.82456140350877,3
TRV130 / PZM21 / Methadone,396,0,42.10526315789474,3
TRV130 / PZM21 / Methadone,397,0,26.31578947368421,3
TRV130 / PZM21 / Methadone,398,0,33.33333333333333,3
TRV130 / PZM21 / Methadone,399,0,36.84210526315789,3
TRV130 / PZM21 / Methadone,400,7.017543859649122,5.263157894736842,3
