position,n_variants,pct_lof,pct_gof,drug,lof_thresh,gof_thresh
2,19,0,0,Buprenorphine,-0.11136095767524737,0.11109641308379001
3,18,0,0,Buprenorphine,-0.11136095767524737,0.11109641308379001
4,19,0,10.526315789473683,Buprenorphine,-0.11136095767524737,0.11109641308379001
5,19,0,0,Buprenorphine,-0.11136095767524737,0.11109641308379001
6,19,0,0,Buprenorphine,-0.11136095767524737,0.11109641308379001
7,19,0,26.31578947368421,Buprenorphine,-0.11136095767524737,0.11109641308379001
8,19,0,5.263157894736842,Buprenorphine,-0.11136095767524737,0.11109641308379001
9,19,0,5.263157894736842,Buprenorphine,-0.11136095767524737,0.11109641308379001
10,19,0,0,Buprenorphine,-0.11136095767524737,0.11109641308379001
11,19,5.263157894736842,0,Buprenorphine,-0.11136095767524737,0.11109641308379001
12,19,0,0,Buprenorphine,-0.11136095767524737,0.11109641308379001
13,19,0,10.526315789473683,Buprenorphine,-0.11136095767524737,0.11109641308379001
14,18,0,0,Buprenorphine,-0.11136095767524737,0.11109641308379001
15,19,0,0,Buprenorphine,-0.11136095767524737,0.11109641308379001
16,19,0,0,Buprenorphine,-0.11136095767524737,0.11109641308379001
17,19,5.263157894736842,0,Buprenorphine,-0.11136095767524737,0.11109641308379001
18,19,5.263157894736842,0,Buprenorphine,-0.11136095767524737,0.11109641308379001
19,19,0,0,Buprenorphine,-0.11136095767524737,0.11109641308379001
20,19,5.263157894736842,15.789473684210526,Buprenorphine,-0.11136095767524737,0.11109641308379001
21,19,0,0,Buprenorphine,-0.11136095767524737,0.11109641308379001
22,17,0,0,Buprenorphine,-0.11136095767524737,0.11109641308379001
23,19,0,0,Buprenorphine,-0.11136095767524737,0.11109641308379001
24,19,0,0,Buprenorphine,-0.11136095767524737,0.11109641308379001
25,19,5.263157894736842,10.526315789473683,Buprenorphine,-0.11136095767524737,0.11109641308379001
26,19,0,10.526315789473683,Buprenorphine,-0.11136095767524737,0.11109641308379001
27,19,0,10.526315789473683,Buprenorphine,-0.11136095767524737,0.11109641308379001
28,19,0,10.526315789473683,Buprenorphine,-0.11136095767524737,0.11109641308379001
29,19,5.263157894736842,10.526315789473683,Buprenorphine,-0.11136095767524737,0.11109641308379001
30,19,0,0,Buprenorphine,-0.11136095767524737,0.11109641308379001
31,19,0,10.526315789473683,Buprenorphine,-0.11136095767524737,0.11109641308379001
32,19,0,15.789473684210526,Buprenorphine,-0.11136095767524737,0.11109641308379001
33,19,0,10.526315789473683,Buprenorphine,-0.11136095767524737,0.11109641308379001
34,19,0,0,Buprenorphine,-0.11136095767524737,0.11109641308379001
35,19,0,5.263157894736842,Buprenorphine,-0.11136095767524737,0.11109641308379001
36,19,5.263157894736842,0,Buprenorphine,-0.11136095767524737,0.11109641308379001
37,17,0,0,Buprenorphine,-0.11136095767524737,0.11109641308379001
38,19,0,15.789473684210526,Buprenorphine,-0.11136095767524737,0.11109641308379001
39,19,0,10.526315789473683,Buprenorphine,-0.11136095767524737,0.11109641308379001
40,19,21.052631578947366,0,Buprenorphine,-0.11136095767524737,0.11109641308379001
41,19,0,5.263157894736842,Buprenorphine,-0.11136095767524737,0.11109641308379001
42,19,0,5.263157894736842,Buprenorphine,-0.11136095767524737,0.11109641308379001
43,19,0,5.263157894736842,Buprenorphine,-0.11136095767524737,0.11109641308379001
44,19,0,5.263157894736842,Buprenorphine,-0.11136095767524737,0.11109641308379001
45,19,0,10.526315789473683,Buprenorphine,-0.11136095767524737,0.11109641308379001
46,19,0,0,Buprenorphine,-0.11136095767524737,0.11109641308379001
47,19,0,5.263157894736842,Buprenorphine,-0.11136095767524737,0.11109641308379001
48,19,0,0,Buprenorphine,-0.11136095767524737,0.11109641308379001
49,19,10.526315789473683,5.263157894736842,Buprenorphine,-0.11136095767524737,0.11109641308379001
50,19,0,21.052631578947366,Buprenorphine,-0.11136095767524737,0.11109641308379001
51,19,0,0,Buprenorphine,-0.11136095767524737,0.11109641308379001
52,19,0,0,Buprenorphine,-0.11136095767524737,0.11109641308379001
53,19,0,0,Buprenorphine,-0.11136095767524737,0.11109641308379001
54,19,5.263157894736842,0,Buprenorphine,-0.11136095767524737,0.11109641308379001
55,19,10.526315789473683,0,Buprenorphine,-0.11136095767524737,0.11109641308379001
56,19,26.31578947368421,10.526315789473683,Buprenorphine,-0.11136095767524737,0.11109641308379001
57,19,0,15.789473684210526,Buprenorphine,-0.11136095767524737,0.11109641308379001
58,19,0,5.263157894736842,Buprenorphine,-0.11136095767524737,0.11109641308379001
59,19,0,0,Buprenorphine,-0.11136095767524737,0.11109641308379001
60,19,0,5.263157894736842,Buprenorphine,-0.11136095767524737,0.11109641308379001
61,19,0,0,Buprenorphine,-0.11136095767524737,0.11109641308379001
62,19,5.263157894736842,0,Buprenorphine,-0.11136095767524737,0.11109641308379001
63,19,0,0,Buprenorphine,-0.11136095767524737,0.11109641308379001
64,19,5.263157894736842,0,Buprenorphine,-0.11136095767524737,0.11109641308379001
65,19,0,36.84210526315789,Buprenorphine,-0.11136095767524737,0.11109641308379001
66,19,10.526315789473683,5.263157894736842,Buprenorphine,-0.11136095767524737,0.11109641308379001
67,19,0,21.052631578947366,Buprenorphine,-0.11136095767524737,0.11109641308379001
68,19,5.263157894736842,0,Buprenorphine,-0.11136095767524737,0.11109641308379001
69,19,5.263157894736842,5.263157894736842,Buprenorphine,-0.11136095767524737,0.11109641308379001
70,19,0,5.263157894736842,Buprenorphine,-0.11136095767524737,0.11109641308379001
71,19,0,5.263157894736842,Buprenorphine,-0.11136095767524737,0.11109641308379001
72,19,0,5.263157894736842,Buprenorphine,-0.11136095767524737,0.11109641308379001
73,19,63.1578947368421,0,Buprenorphine,-0.11136095767524737,0.11109641308379001
74,19,31.57894736842105,5.263157894736842,Buprenorphine,-0.11136095767524737,0.11109641308379001
75,18,38.88888888888889,0,Buprenorphine,-0.11136095767524737,0.11109641308379001
76,19,31.57894736842105,5.263157894736842,Buprenorphine,-0.11136095767524737,0.11109641308379001
77,19,89.47368421052632,0,Buprenorphine,-0.11136095767524737,0.11109641308379001
78,19,5.263157894736842,5.263157894736842,Buprenorphine,-0.11136095767524737,0.11109641308379001
79,19,5.263157894736842,5.263157894736842,Buprenorphine,-0.11136095767524737,0.11109641308379001
80,19,26.31578947368421,5.263157894736842,Buprenorphine,-0.11136095767524737,0.11109641308379001
81,19,10.526315789473683,10.526315789473683,Buprenorphine,-0.11136095767524737,0.11109641308379001
82,19,52.63157894736842,0,Buprenorphine,-0.11136095767524737,0.11109641308379001
83,19,5.263157894736842,0,Buprenorphine,-0.11136095767524737,0.11109641308379001
84,19,36.84210526315789,0,Buprenorphine,-0.11136095767524737,0.11109641308379001
85,19,26.31578947368421,10.526315789473683,Buprenorphine,-0.11136095767524737,0.11109641308379001
86,19,31.57894736842105,5.263157894736842,Buprenorphine,-0.11136095767524737,0.11109641308379001
87,19,10.526315789473683,10.526315789473683,Buprenorphine,-0.11136095767524737,0.11109641308379001
88,19,42.10526315789473,0,Buprenorphine,-0.11136095767524737,0.11109641308379001
89,19,0,26.31578947368421,Buprenorphine,-0.11136095767524737,0.11109641308379001
90,19,15.789473684210526,15.789473684210526,Buprenorphine,-0.11136095767524737,0.11109641308379001
91,19,52.63157894736842,0,Buprenorphine,-0.11136095767524737,0.11109641308379001
92,18,44.44444444444444,5.555555555555555,Buprenorphine,-0.11136095767524737,0.11109641308379001
93,19,47.368421052631575,10.526315789473683,Buprenorphine,-0.11136095767524737,0.11109641308379001
94,19,31.57894736842105,0,Buprenorphine,-0.11136095767524737,0.11109641308379001
95,19,21.052631578947366,15.789473684210526,Buprenorphine,-0.11136095767524737,0.11109641308379001
96,19,10.526315789473683,21.052631578947366,Buprenorphine,-0.11136095767524737,0.11109641308379001
97,18,27.77777777777778,0,Buprenorphine,-0.11136095767524737,0.11109641308379001
98,19,26.31578947368421,5.263157894736842,Buprenorphine,-0.11136095767524737,0.11109641308379001
99,19,21.052631578947366,5.263157894736842,Buprenorphine,-0.11136095767524737,0.11109641308379001
100,19,78.94736842105263,0,Buprenorphine,-0.11136095767524737,0.11109641308379001
101,19,10.526315789473683,0,Buprenorphine,-0.11136095767524737,0.11109641308379001
102,19,21.052631578947366,0,Buprenorphine,-0.11136095767524737,0.11109641308379001
103,19,5.263157894736842,10.526315789473683,Buprenorphine,-0.11136095767524737,0.11109641308379001
104,19,26.31578947368421,0,Buprenorphine,-0.11136095767524737,0.11109641308379001
105,19,21.052631578947366,21.052631578947366,Buprenorphine,-0.11136095767524737,0.11109641308379001
106,19,5.263157894736842,0,Buprenorphine,-0.11136095767524737,0.11109641308379001
107,19,5.263157894736842,15.789473684210526,Buprenorphine,-0.11136095767524737,0.11109641308379001
108,19,26.31578947368421,5.263157894736842,Buprenorphine,-0.11136095767524737,0.11109641308379001
109,19,15.789473684210526,0,Buprenorphine,-0.11136095767524737,0.11109641308379001
110,19,10.526315789473683,5.263157894736842,Buprenorphine,-0.11136095767524737,0.11109641308379001
111,19,15.789473684210526,26.31578947368421,Buprenorphine,-0.11136095767524737,0.11109641308379001
112,19,36.84210526315789,0,Buprenorphine,-0.11136095767524737,0.11109641308379001
113,19,68.42105263157895,0,Buprenorphine,-0.11136095767524737,0.11109641308379001
114,19,57.89473684210527,0,Buprenorphine,-0.11136095767524737,0.11109641308379001
115,19,57.89473684210527,10.526315789473683,Buprenorphine,-0.11136095767524737,0.11109641308379001
116,19,52.63157894736842,0,Buprenorphine,-0.11136095767524737,0.11109641308379001
117,19,36.84210526315789,0,Buprenorphine,-0.11136095767524737,0.11109641308379001
118,19,31.57894736842105,10.526315789473683,Buprenorphine,-0.11136095767524737,0.11109641308379001
119,19,10.526315789473683,10.526315789473683,Buprenorphine,-0.11136095767524737,0.11109641308379001
120,19,26.31578947368421,5.263157894736842,Buprenorphine,-0.11136095767524737,0.11109641308379001
121,19,52.63157894736842,0,Buprenorphine,-0.11136095767524737,0.11109641308379001
122,19,47.368421052631575,10.526315789473683,Buprenorphine,-0.11136095767524737,0.11109641308379001
123,19,21.052631578947366,10.526315789473683,Buprenorphine,-0.11136095767524737,0.11109641308379001
124,19,5.263157894736842,5.263157894736842,Buprenorphine,-0.11136095767524737,0.11109641308379001
125,19,57.89473684210527,0,Buprenorphine,-0.11136095767524737,0.11109641308379001
126,19,15.789473684210526,0,Buprenorphine,-0.11136095767524737,0.11109641308379001
127,19,15.789473684210526,10.526315789473683,Buprenorphine,-0.11136095767524737,0.11109641308379001
128,19,26.31578947368421,5.263157894736842,Buprenorphine,-0.11136095767524737,0.11109641308379001
129,19,0,26.31578947368421,Buprenorphine,-0.11136095767524737,0.11109641308379001
130,19,10.526315789473683,21.052631578947366,Buprenorphine,-0.11136095767524737,0.11109641308379001
131,19,31.57894736842105,5.263157894736842,Buprenorphine,-0.11136095767524737,0.11109641308379001
132,19,21.052631578947366,0,Buprenorphine,-0.11136095767524737,0.11109641308379001
133,19,31.57894736842105,15.789473684210526,Buprenorphine,-0.11136095767524737,0.11109641308379001
134,19,0,0,Buprenorphine,-0.11136095767524737,0.11109641308379001
135,19,10.526315789473683,0,Buprenorphine,-0.11136095767524737,0.11109641308379001
136,19,0,21.052631578947366,Buprenorphine,-0.11136095767524737,0.11109641308379001
137,19,10.526315789473683,0,Buprenorphine,-0.11136095767524737,0.11109641308379001
138,19,10.526315789473683,31.57894736842105,Buprenorphine,-0.11136095767524737,0.11109641308379001
139,19,5.263157894736842,47.368421052631575,Buprenorphine,-0.11136095767524737,0.11109641308379001
140,19,5.263157894736842,26.31578947368421,Buprenorphine,-0.11136095767524737,0.11109641308379001
141,19,5.263157894736842,21.052631578947366,Buprenorphine,-0.11136095767524737,0.11109641308379001
142,19,52.63157894736842,0,Buprenorphine,-0.11136095767524737,0.11109641308379001
143,19,42.10526315789473,10.526315789473683,Buprenorphine,-0.11136095767524737,0.11109641308379001
144,19,21.052631578947366,31.57894736842105,Buprenorphine,-0.11136095767524737,0.11109641308379001
145,19,31.57894736842105,15.789473684210526,Buprenorphine,-0.11136095767524737,0.11109641308379001
146,19,5.263157894736842,31.57894736842105,Buprenorphine,-0.11136095767524737,0.11109641308379001
147,19,21.052631578947366,15.789473684210526,Buprenorphine,-0.11136095767524737,0.11109641308379001
148,19,0,36.84210526315789,Buprenorphine,-0.11136095767524737,0.11109641308379001
149,19,31.57894736842105,0,Buprenorphine,-0.11136095767524737,0.11109641308379001
150,19,10.526315789473683,36.84210526315789,Buprenorphine,-0.11136095767524737,0.11109641308379001
151,19,5.263157894736842,42.10526315789473,Buprenorphine,-0.11136095767524737,0.11109641308379001
152,19,21.052631578947366,10.526315789473683,Buprenorphine,-0.11136095767524737,0.11109641308379001
153,19,26.31578947368421,10.526315789473683,Buprenorphine,-0.11136095767524737,0.11109641308379001
154,19,63.1578947368421,0,Buprenorphine,-0.11136095767524737,0.11109641308379001
155,19,26.31578947368421,5.263157894736842,Buprenorphine,-0.11136095767524737,0.11109641308379001
156,19,26.31578947368421,5.263157894736842,Buprenorphine,-0.11136095767524737,0.11109641308379001
157,19,47.368421052631575,0,Buprenorphine,-0.11136095767524737,0.11109641308379001
158,19,15.789473684210526,26.31578947368421,Buprenorphine,-0.11136095767524737,0.11109641308379001
159,19,5.263157894736842,36.84210526315789,Buprenorphine,-0.11136095767524737,0.11109641308379001
160,19,15.789473684210526,15.789473684210526,Buprenorphine,-0.11136095767524737,0.11109641308379001
161,19,36.84210526315789,5.263157894736842,Buprenorphine,-0.11136095767524737,0.11109641308379001
162,19,26.31578947368421,26.31578947368421,Buprenorphine,-0.11136095767524737,0.11109641308379001
163,19,42.10526315789473,5.263157894736842,Buprenorphine,-0.11136095767524737,0.11109641308379001
164,19,63.1578947368421,5.263157894736842,Buprenorphine,-0.11136095767524737,0.11109641308379001
165,19,47.368421052631575,5.263157894736842,Buprenorphine,-0.11136095767524737,0.11109641308379001
166,19,31.57894736842105,10.526315789473683,Buprenorphine,-0.11136095767524737,0.11109641308379001
167,19,94.73684210526315,0,Buprenorphine,-0.11136095767524737,0.11109641308379001
168,19,52.63157894736842,10.526315789473683,Buprenorphine,-0.11136095767524737,0.11109641308379001
169,19,57.89473684210527,5.263157894736842,Buprenorphine,-0.11136095767524737,0.11109641308379001
170,19,89.47368421052632,0,Buprenorphine,-0.11136095767524737,0.11109641308379001
171,19,84.21052631578947,0,Buprenorphine,-0.11136095767524737,0.11109641308379001
172,19,52.63157894736842,10.526315789473683,Buprenorphine,-0.11136095767524737,0.11109641308379001
173,19,47.368421052631575,5.263157894736842,Buprenorphine,-0.11136095767524737,0.11109641308379001
174,19,89.47368421052632,0,Buprenorphine,-0.11136095767524737,0.11109641308379001
175,19,57.89473684210527,10.526315789473683,Buprenorphine,-0.11136095767524737,0.11109641308379001
176,19,26.31578947368421,0,Buprenorphine,-0.11136095767524737,0.11109641308379001
177,19,52.63157894736842,15.789473684210526,Buprenorphine,-0.11136095767524737,0.11109641308379001
178,19,73.68421052631578,0,Buprenorphine,-0.11136095767524737,0.11109641308379001
179,19,26.31578947368421,15.789473684210526,Buprenorphine,-0.11136095767524737,0.11109641308379001
180,19,52.63157894736842,0,Buprenorphine,-0.11136095767524737,0.11109641308379001
181,19,100,0,Buprenorphine,-0.11136095767524737,0.11109641308379001
182,19,26.31578947368421,15.789473684210526,Buprenorphine,-0.11136095767524737,0.11109641308379001
183,19,42.10526315789473,5.263157894736842,Buprenorphine,-0.11136095767524737,0.11109641308379001
184,19,21.052631578947366,0,Buprenorphine,-0.11136095767524737,0.11109641308379001
185,19,57.89473684210527,0,Buprenorphine,-0.11136095767524737,0.11109641308379001
186,19,84.21052631578947,0,Buprenorphine,-0.11136095767524737,0.11109641308379001
187,19,47.368421052631575,0,Buprenorphine,-0.11136095767524737,0.11109641308379001
188,19,26.31578947368421,5.263157894736842,Buprenorphine,-0.11136095767524737,0.11109641308379001
189,19,31.57894736842105,0,Buprenorphine,-0.11136095767524737,0.11109641308379001
190,19,31.57894736842105,0,Buprenorphine,-0.11136095767524737,0.11109641308379001
191,19,21.052631578947366,5.263157894736842,Buprenorphine,-0.11136095767524737,0.11109641308379001
192,19,21.052631578947366,5.263157894736842,Buprenorphine,-0.11136095767524737,0.11109641308379001
193,19,21.052631578947366,0,Buprenorphine,-0.11136095767524737,0.11109641308379001
194,19,52.63157894736842,0,Buprenorphine,-0.11136095767524737,0.11109641308379001
195,19,36.84210526315789,5.263157894736842,Buprenorphine,-0.11136095767524737,0.11109641308379001
196,19,26.31578947368421,0,Buprenorphine,-0.11136095767524737,0.11109641308379001
197,19,10.526315789473683,10.526315789473683,Buprenorphine,-0.11136095767524737,0.11109641308379001
198,19,10.526315789473683,5.263157894736842,Buprenorphine,-0.11136095767524737,0.11109641308379001
199,19,26.31578947368421,5.263157894736842,Buprenorphine,-0.11136095767524737,0.11109641308379001
200,19,47.368421052631575,5.263157894736842,Buprenorphine,-0.11136095767524737,0.11109641308379001
201,19,31.57894736842105,5.263157894736842,Buprenorphine,-0.11136095767524737,0.11109641308379001
202,19,31.57894736842105,5.263157894736842,Buprenorphine,-0.11136095767524737,0.11109641308379001
203,19,52.63157894736842,0,Buprenorphine,-0.11136095767524737,0.11109641308379001
204,19,21.052631578947366,10.526315789473683,Buprenorphine,-0.11136095767524737,0.11109641308379001
205,19,26.31578947368421,5.263157894736842,Buprenorphine,-0.11136095767524737,0.11109641308379001
206,19,15.789473684210526,0,Buprenorphine,-0.11136095767524737,0.11109641308379001
207,19,5.263157894736842,21.052631578947366,Buprenorphine,-0.11136095767524737,0.11109641308379001
208,19,26.31578947368421,5.263157894736842,Buprenorphine,-0.11136095767524737,0.11109641308379001
209,19,26.31578947368421,0,Buprenorphine,-0.11136095767524737,0.11109641308379001
210,19,15.789473684210526,10.526315789473683,Buprenorphine,-0.11136095767524737,0.11109641308379001
211,19,0,5.263157894736842,Buprenorphine,-0.11136095767524737,0.11109641308379001
212,19,0,15.789473684210526,Buprenorphine,-0.11136095767524737,0.11109641308379001
213,19,5.263157894736842,15.789473684210526,Buprenorphine,-0.11136095767524737,0.11109641308379001
214,18,11.11111111111111,22.22222222222222,Buprenorphine,-0.11136095767524737,0.11109641308379001
215,19,5.263157894736842,5.263157894736842,Buprenorphine,-0.11136095767524737,0.11109641308379001
216,19,5.263157894736842,15.789473684210526,Buprenorphine,-0.11136095767524737,0.11109641308379001
217,19,15.789473684210526,0,Buprenorphine,-0.11136095767524737,0.11109641308379001
218,19,10.526315789473683,0,Buprenorphine,-0.11136095767524737,0.11109641308379001
219,19,42.10526315789473,0,Buprenorphine,-0.11136095767524737,0.11109641308379001
220,19,5.263157894736842,10.526315789473683,Buprenorphine,-0.11136095767524737,0.11109641308379001
221,19,26.31578947368421,0,Buprenorphine,-0.11136095767524737,0.11109641308379001
222,19,0,5.263157894736842,Buprenorphine,-0.11136095767524737,0.11109641308379001
223,19,10.526315789473683,21.052631578947366,Buprenorphine,-0.11136095767524737,0.11109641308379001
224,19,5.263157894736842,15.789473684210526,Buprenorphine,-0.11136095767524737,0.11109641308379001
225,19,5.263157894736842,26.31578947368421,Buprenorphine,-0.11136095767524737,0.11109641308379001
226,18,27.77777777777778,5.555555555555555,Buprenorphine,-0.11136095767524737,0.11109641308379001
227,19,5.263157894736842,0,Buprenorphine,-0.11136095767524737,0.11109641308379001
228,19,5.263157894736842,15.789473684210526,Buprenorphine,-0.11136095767524737,0.11109641308379001
229,19,5.263157894736842,26.31578947368421,Buprenorphine,-0.11136095767524737,0.11109641308379001
230,19,0,26.31578947368421,Buprenorphine,-0.11136095767524737,0.11109641308379001
231,19,0,36.84210526315789,Buprenorphine,-0.11136095767524737,0.11109641308379001
232,18,0,27.77777777777778,Buprenorphine,-0.11136095767524737,0.11109641308379001
233,19,26.31578947368421,10.526315789473683,Buprenorphine,-0.11136095767524737,0.11109641308379001
234,19,31.57894736842105,5.263157894736842,Buprenorphine,-0.11136095767524737,0.11109641308379001
235,19,0,42.10526315789473,Buprenorphine,-0.11136095767524737,0.11109641308379001
236,19,26.31578947368421,5.263157894736842,Buprenorphine,-0.11136095767524737,0.11109641308379001
237,19,26.31578947368421,0,Buprenorphine,-0.11136095767524737,0.11109641308379001
238,19,42.10526315789473,5.263157894736842,Buprenorphine,-0.11136095767524737,0.11109641308379001
239,19,10.526315789473683,0,Buprenorphine,-0.11136095767524737,0.11109641308379001
240,19,36.84210526315789,0,Buprenorphine,-0.11136095767524737,0.11109641308379001
241,19,5.263157894736842,0,Buprenorphine,-0.11136095767524737,0.11109641308379001
242,19,26.31578947368421,0,Buprenorphine,-0.11136095767524737,0.11109641308379001
243,19,26.31578947368421,5.263157894736842,Buprenorphine,-0.11136095767524737,0.11109641308379001
244,19,31.57894736842105,15.789473684210526,Buprenorphine,-0.11136095767524737,0.11109641308379001
245,19,15.789473684210526,5.263157894736842,Buprenorphine,-0.11136095767524737,0.11109641308379001
246,19,52.63157894736842,0,Buprenorphine,-0.11136095767524737,0.11109641308379001
247,19,42.10526315789473,5.263157894736842,Buprenorphine,-0.11136095767524737,0.11109641308379001
248,19,31.57894736842105,0,Buprenorphine,-0.11136095767524737,0.11109641308379001
249,19,42.10526315789473,0,Buprenorphine,-0.11136095767524737,0.11109641308379001
250,19,21.052631578947366,10.526315789473683,Buprenorphine,-0.11136095767524737,0.11109641308379001
251,19,36.84210526315789,0,Buprenorphine,-0.11136095767524737,0.11109641308379001
252,19,15.789473684210526,21.052631578947366,Buprenorphine,-0.11136095767524737,0.11109641308379001
253,19,26.31578947368421,0,Buprenorphine,-0.11136095767524737,0.11109641308379001
254,19,73.68421052631578,0,Buprenorphine,-0.11136095767524737,0.11109641308379001
255,19,31.57894736842105,5.263157894736842,Buprenorphine,-0.11136095767524737,0.11109641308379001
256,19,10.526315789473683,0,Buprenorphine,-0.11136095767524737,0.11109641308379001
257,19,68.42105263157895,0,Buprenorphine,-0.11136095767524737,0.11109641308379001
258,19,68.42105263157895,0,Buprenorphine,-0.11136095767524737,0.11109641308379001
259,19,5.263157894736842,0,Buprenorphine,-0.11136095767524737,0.11109641308379001
260,19,73.68421052631578,0,Buprenorphine,-0.11136095767524737,0.11109641308379001
261,19,94.73684210526315,0,Buprenorphine,-0.11136095767524737,0.11109641308379001
262,19,52.63157894736842,0,Buprenorphine,-0.11136095767524737,0.11109641308379001
263,19,15.789473684210526,5.263157894736842,Buprenorphine,-0.11136095767524737,0.11109641308379001
264,19,0,26.31578947368421,Buprenorphine,-0.11136095767524737,0.11109641308379001
265,19,5.263157894736842,10.526315789473683,Buprenorphine,-0.11136095767524737,0.11109641308379001
266,19,0,15.789473684210526,Buprenorphine,-0.11136095767524737,0.11109641308379001
267,19,10.526315789473683,0,Buprenorphine,-0.11136095767524737,0.11109641308379001
268,19,26.31578947368421,0,Buprenorphine,-0.11136095767524737,0.11109641308379001
269,19,5.263157894736842,0,Buprenorphine,-0.11136095767524737,0.11109641308379001
270,19,21.052631578947366,0,Buprenorphine,-0.11136095767524737,0.11109641308379001
271,19,5.263157894736842,5.263157894736842,Buprenorphine,-0.11136095767524737,0.11109641308379001
272,19,15.789473684210526,15.789473684210526,Buprenorphine,-0.11136095767524737,0.11109641308379001
273,19,42.10526315789473,0,Buprenorphine,-0.11136095767524737,0.11109641308379001
274,19,0,42.10526315789473,Buprenorphine,-0.11136095767524737,0.11109641308379001
275,19,10.526315789473683,10.526315789473683,Buprenorphine,-0.11136095767524737,0.11109641308379001
276,19,0,5.263157894736842,Buprenorphine,-0.11136095767524737,0.11109641308379001
277,19,52.63157894736842,0,Buprenorphine,-0.11136095767524737,0.11109641308379001
278,19,73.68421052631578,0,Buprenorphine,-0.11136095767524737,0.11109641308379001
279,19,52.63157894736842,5.263157894736842,Buprenorphine,-0.11136095767524737,0.11109641308379001
280,19,100,0,Buprenorphine,-0.11136095767524737,0.11109641308379001
281,19,21.052631578947366,10.526315789473683,Buprenorphine,-0.11136095767524737,0.11109641308379001
282,19,10.526315789473683,0,Buprenorphine,-0.11136095767524737,0.11109641308379001
283,19,5.263157894736842,26.31578947368421,Buprenorphine,-0.11136095767524737,0.11109641308379001
284,19,26.31578947368421,5.263157894736842,Buprenorphine,-0.11136095767524737,0.11109641308379001
285,19,21.052631578947366,0,Buprenorphine,-0.11136095767524737,0.11109641308379001
286,19,5.263157894736842,0,Buprenorphine,-0.11136095767524737,0.11109641308379001
287,19,5.263157894736842,5.263157894736842,Buprenorphine,-0.11136095767524737,0.11109641308379001
288,19,10.526315789473683,5.263157894736842,Buprenorphine,-0.11136095767524737,0.11109641308379001
289,19,31.57894736842105,5.263157894736842,Buprenorphine,-0.11136095767524737,0.11109641308379001
290,19,5.263157894736842,5.263157894736842,Buprenorphine,-0.11136095767524737,0.11109641308379001
291,19,68.42105263157895,0,Buprenorphine,-0.11136095767524737,0.11109641308379001
292,19,47.368421052631575,0,Buprenorphine,-0.11136095767524737,0.11109641308379001
293,19,15.789473684210526,0,Buprenorphine,-0.11136095767524737,0.11109641308379001
294,19,36.84210526315789,0,Buprenorphine,-0.11136095767524737,0.11109641308379001
295,19,26.31578947368421,0,Buprenorphine,-0.11136095767524737,0.11109641308379001
296,19,47.368421052631575,0,Buprenorphine,-0.11136095767524737,0.11109641308379001
297,19,89.47368421052632,0,Buprenorphine,-0.11136095767524737,0.11109641308379001
298,18,38.88888888888889,5.555555555555555,Buprenorphine,-0.11136095767524737,0.11109641308379001
299,19,10.526315789473683,21.052631578947366,Buprenorphine,-0.11136095767524737,0.11109641308379001
300,19,10.526315789473683,0,Buprenorphine,-0.11136095767524737,0.11109641308379001
301,19,31.57894736842105,0,Buprenorphine,-0.11136095767524737,0.11109641308379001
302,19,0,21.052631578947366,Buprenorphine,-0.11136095767524737,0.11109641308379001
303,19,5.263157894736842,10.526315789473683,Buprenorphine,-0.11136095767524737,0.11109641308379001
304,19,0,0,Buprenorphine,-0.11136095767524737,0.11109641308379001
305,19,5.263157894736842,0,Buprenorphine,-0.11136095767524737,0.11109641308379001
306,19,0,10.526315789473683,Buprenorphine,-0.11136095767524737,0.11109641308379001
307,19,0,0,Buprenorphine,-0.11136095767524737,0.11109641308379001
308,19,5.263157894736842,21.052631578947366,Buprenorphine,-0.11136095767524737,0.11109641308379001
309,19,0,10.526315789473683,Buprenorphine,-0.11136095767524737,0.11109641308379001
310,19,10.526315789473683,10.526315789473683,Buprenorphine,-0.11136095767524737,0.11109641308379001
311,19,10.526315789473683,0,Buprenorphine,-0.11136095767524737,0.11109641308379001
312,19,5.263157894736842,5.263157894736842,Buprenorphine,-0.11136095767524737,0.11109641308379001
313,19,0,5.263157894736842,Buprenorphine,-0.11136095767524737,0.11109641308379001
314,19,0,0,Buprenorphine,-0.11136095767524737,0.11109641308379001
315,19,0,5.263157894736842,Buprenorphine,-0.11136095767524737,0.11109641308379001
316,19,0,5.263157894736842,Buprenorphine,-0.11136095767524737,0.11109641308379001
317,19,0,5.263157894736842,Buprenorphine,-0.11136095767524737,0.11109641308379001
318,19,47.368421052631575,5.263157894736842,Buprenorphine,-0.11136095767524737,0.11109641308379001
319,19,10.526315789473683,5.263157894736842,Buprenorphine,-0.11136095767524737,0.11109641308379001
320,19,26.31578947368421,5.263157894736842,Buprenorphine,-0.11136095767524737,0.11109641308379001
321,19,63.1578947368421,0,Buprenorphine,-0.11136095767524737,0.11109641308379001
322,19,21.052631578947366,21.052631578947366,Buprenorphine,-0.11136095767524737,0.11109641308379001
323,19,15.789473684210526,10.526315789473683,Buprenorphine,-0.11136095767524737,0.11109641308379001
324,19,0,10.526315789473683,Buprenorphine,-0.11136095767524737,0.11109641308379001
325,19,42.10526315789473,5.263157894736842,Buprenorphine,-0.11136095767524737,0.11109641308379001
326,19,26.31578947368421,5.263157894736842,Buprenorphine,-0.11136095767524737,0.11109641308379001
327,19,57.89473684210527,10.526315789473683,Buprenorphine,-0.11136095767524737,0.11109641308379001
328,19,73.68421052631578,5.263157894736842,Buprenorphine,-0.11136095767524737,0.11109641308379001
329,19,15.789473684210526,5.263157894736842,Buprenorphine,-0.11136095767524737,0.11109641308379001
330,19,15.789473684210526,0,Buprenorphine,-0.11136095767524737,0.11109641308379001
331,19,15.789473684210526,0,Buprenorphine,-0.11136095767524737,0.11109641308379001
332,19,42.10526315789473,0,Buprenorphine,-0.11136095767524737,0.11109641308379001
333,19,26.31578947368421,15.789473684210526,Buprenorphine,-0.11136095767524737,0.11109641308379001
334,19,42.10526315789473,0,Buprenorphine,-0.11136095767524737,0.11109641308379001
335,19,15.789473684210526,10.526315789473683,Buprenorphine,-0.11136095767524737,0.11109641308379001
336,19,36.84210526315789,5.263157894736842,Buprenorphine,-0.11136095767524737,0.11109641308379001
337,18,27.77777777777778,0,Buprenorphine,-0.11136095767524737,0.11109641308379001
338,19,42.10526315789473,0,Buprenorphine,-0.11136095767524737,0.11109641308379001
339,19,47.368421052631575,5.263157894736842,Buprenorphine,-0.11136095767524737,0.11109641308379001
340,19,47.368421052631575,0,Buprenorphine,-0.11136095767524737,0.11109641308379001
341,19,10.526315789473683,15.789473684210526,Buprenorphine,-0.11136095767524737,0.11109641308379001
342,19,21.052631578947366,0,Buprenorphine,-0.11136095767524737,0.11109641308379001
343,19,10.526315789473683,10.526315789473683,Buprenorphine,-0.11136095767524737,0.11109641308379001
344,18,88.88888888888889,0,Buprenorphine,-0.11136095767524737,0.11109641308379001
345,19,21.052631578947366,0,Buprenorphine,-0.11136095767524737,0.11109641308379001
346,19,42.10526315789473,0,Buprenorphine,-0.11136095767524737,0.11109641308379001
347,19,42.10526315789473,0,Buprenorphine,-0.11136095767524737,0.11109641308379001
348,19,5.263157894736842,0,Buprenorphine,-0.11136095767524737,0.11109641308379001
349,19,15.789473684210526,15.789473684210526,Buprenorphine,-0.11136095767524737,0.11109641308379001
350,19,5.263157894736842,0,Buprenorphine,-0.11136095767524737,0.11109641308379001
351,19,0,15.789473684210526,Buprenorphine,-0.11136095767524737,0.11109641308379001
352,18,0,11.11111111111111,Buprenorphine,-0.11136095767524737,0.11109641308379001
353,19,0,10.526315789473683,Buprenorphine,-0.11136095767524737,0.11109641308379001
354,19,10.526315789473683,0,Buprenorphine,-0.11136095767524737,0.11109641308379001
355,19,5.263157894736842,5.263157894736842,Buprenorphine,-0.11136095767524737,0.11109641308379001
356,19,5.263157894736842,5.263157894736842,Buprenorphine,-0.11136095767524737,0.11109641308379001
357,19,5.263157894736842,10.526315789473683,Buprenorphine,-0.11136095767524737,0.11109641308379001
358,19,0,15.789473684210526,Buprenorphine,-0.11136095767524737,0.11109641308379001
359,19,0,21.052631578947366,Buprenorphine,-0.11136095767524737,0.11109641308379001
360,19,0,21.052631578947366,Buprenorphine,-0.11136095767524737,0.11109641308379001
361,19,0,0,Buprenorphine,-0.11136095767524737,0.11109641308379001
362,19,0,26.31578947368421,Buprenorphine,-0.11136095767524737,0.11109641308379001
363,19,5.263157894736842,0,Buprenorphine,-0.11136095767524737,0.11109641308379001
364,19,0,5.263157894736842,Buprenorphine,-0.11136095767524737,0.11109641308379001
365,19,0,0,Buprenorphine,-0.11136095767524737,0.11109641308379001
366,19,0,21.052631578947366,Buprenorphine,-0.11136095767524737,0.11109641308379001
367,19,0,0,Buprenorphine,-0.11136095767524737,0.11109641308379001
368,19,10.526315789473683,26.31578947368421,Buprenorphine,-0.11136095767524737,0.11109641308379001
369,19,5.263157894736842,0,Buprenorphine,-0.11136095767524737,0.11109641308379001
370,19,0,15.789473684210526,Buprenorphine,-0.11136095767524737,0.11109641308379001
371,19,5.263157894736842,0,Buprenorphine,-0.11136095767524737,0.11109641308379001
372,19,0,21.052631578947366,Buprenorphine,-0.11136095767524737,0.11109641308379001
373,19,0,5.263157894736842,Buprenorphine,-0.11136095767524737,0.11109641308379001
374,19,0,0,Buprenorphine,-0.11136095767524737,0.11109641308379001
375,19,5.263157894736842,26.31578947368421,Buprenorphine,-0.11136095767524737,0.11109641308379001
376,19,0,5.263157894736842,Buprenorphine,-0.11136095767524737,0.11109641308379001
377,19,0,15.789473684210526,Buprenorphine,-0.11136095767524737,0.11109641308379001
378,19,0,5.263157894736842,Buprenorphine,-0.11136095767524737,0.11109641308379001
379,19,0,5.263157894736842,Buprenorphine,-0.11136095767524737,0.11109641308379001
380,19,10.526315789473683,21.052631578947366,Buprenorphine,-0.11136095767524737,0.11109641308379001
381,19,0,5.263157894736842,Buprenorphine,-0.11136095767524737,0.11109641308379001
382,19,0,0,Buprenorphine,-0.11136095767524737,0.11109641308379001
383,19,0,5.263157894736842,Buprenorphine,-0.11136095767524737,0.11109641308379001
384,19,0,0,Buprenorphine,-0.11136095767524737,0.11109641308379001
385,19,0,0,Buprenorphine,-0.11136095767524737,0.11109641308379001
386,19,0,5.263157894736842,Buprenorphine,-0.11136095767524737,0.11109641308379001
387,19,0,5.263157894736842,Buprenorphine,-0.11136095767524737,0.11109641308379001
388,19,0,0,Buprenorphine,-0.11136095767524737,0.11109641308379001
389,19,0,0,Buprenorphine,-0.11136095767524737,0.11109641308379001
390,19,0,0,Buprenorphine,-0.11136095767524737,0.11109641308379001
391,19,0,5.263157894736842,Buprenorphine,-0.11136095767524737,0.11109641308379001
392,19,0,0,Buprenorphine,-0.11136095767524737,0.11109641308379001
393,19,0,21.052631578947366,Buprenorphine,-0.11136095767524737,0.11109641308379001
394,19,5.263157894736842,5.263157894736842,Buprenorphine,-0.11136095767524737,0.11109641308379001
395,19,0,5.263157894736842,Buprenorphine,-0.11136095767524737,0.11109641308379001
396,19,0,15.789473684210526,Buprenorphine,-0.11136095767524737,0.11109641308379001
397,19,0,5.263157894736842,Buprenorphine,-0.11136095767524737,0.11109641308379001
398,19,0,10.526315789473683,Buprenorphine,-0.11136095767524737,0.11109641308379001
399,19,0,5.263157894736842,Buprenorphine,-0.11136095767524737,0.11109641308379001
400,19,21.052631578947366,10.526315789473683,Buprenorphine,-0.11136095767524737,0.11109641308379001
2,19,0,10.526315789473683,Butorphanol,-0.08011916111846183,0.08006479666756149
3,18,0,0,Butorphanol,-0.08011916111846183,0.08006479666756149
4,19,10.526315789473683,0,Butorphanol,-0.08011916111846183,0.08006479666756149
5,19,21.052631578947366,0,Butorphanol,-0.08011916111846183,0.08006479666756149
6,19,5.263157894736842,5.263157894736842,Butorphanol,-0.08011916111846183,0.08006479666756149
7,19,0,21.052631578947366,Butorphanol,-0.08011916111846183,0.08006479666756149
8,19,10.526315789473683,21.052631578947366,Butorphanol,-0.08011916111846183,0.08006479666756149
9,19,5.263157894736842,0,Butorphanol,-0.08011916111846183,0.08006479666756149
10,19,5.263157894736842,5.263157894736842,Butorphanol,-0.08011916111846183,0.08006479666756149
11,19,21.052631578947366,0,Butorphanol,-0.08011916111846183,0.08006479666756149
12,19,5.263157894736842,0,Butorphanol,-0.08011916111846183,0.08006479666756149
13,19,10.526315789473683,10.526315789473683,Butorphanol,-0.08011916111846183,0.08006479666756149
14,18,5.555555555555555,5.555555555555555,Butorphanol,-0.08011916111846183,0.08006479666756149
15,19,15.789473684210526,0,Butorphanol,-0.08011916111846183,0.08006479666756149
16,19,0,0,Butorphanol,-0.08011916111846183,0.08006479666756149
17,19,0,0,Butorphanol,-0.08011916111846183,0.08006479666756149
18,19,5.263157894736842,5.263157894736842,Butorphanol,-0.08011916111846183,0.08006479666756149
19,19,5.263157894736842,0,Butorphanol,-0.08011916111846183,0.08006479666756149
20,19,10.526315789473683,0,Butorphanol,-0.08011916111846183,0.08006479666756149
21,19,0,0,Butorphanol,-0.08011916111846183,0.08006479666756149
22,17,11.76470588235294,11.76470588235294,Butorphanol,-0.08011916111846183,0.08006479666756149
23,19,15.789473684210526,10.526315789473683,Butorphanol,-0.08011916111846183,0.08006479666756149
24,19,5.263157894736842,10.526315789473683,Butorphanol,-0.08011916111846183,0.08006479666756149
25,19,10.526315789473683,5.263157894736842,Butorphanol,-0.08011916111846183,0.08006479666756149
26,19,15.789473684210526,0,Butorphanol,-0.08011916111846183,0.08006479666756149
27,19,0,0,Butorphanol,-0.08011916111846183,0.08006479666756149
28,19,0,21.052631578947366,Butorphanol,-0.08011916111846183,0.08006479666756149
29,19,5.263157894736842,5.263157894736842,Butorphanol,-0.08011916111846183,0.08006479666756149
30,19,0,10.526315789473683,Butorphanol,-0.08011916111846183,0.08006479666756149
31,19,0,10.526315789473683,Butorphanol,-0.08011916111846183,0.08006479666756149
32,19,5.263157894736842,26.31578947368421,Butorphanol,-0.08011916111846183,0.08006479666756149
33,19,10.526315789473683,10.526315789473683,Butorphanol,-0.08011916111846183,0.08006479666756149
34,19,5.263157894736842,5.263157894736842,Butorphanol,-0.08011916111846183,0.08006479666756149
35,19,5.263157894736842,5.263157894736842,Butorphanol,-0.08011916111846183,0.08006479666756149
36,19,5.263157894736842,5.263157894736842,Butorphanol,-0.08011916111846183,0.08006479666756149
37,17,0,11.76470588235294,Butorphanol,-0.08011916111846183,0.08006479666756149
38,19,15.789473684210526,0,Butorphanol,-0.08011916111846183,0.08006479666756149
39,19,10.526315789473683,10.526315789473683,Butorphanol,-0.08011916111846183,0.08006479666756149
40,19,10.526315789473683,0,Butorphanol,-0.08011916111846183,0.08006479666756149
41,19,0,0,Butorphanol,-0.08011916111846183,0.08006479666756149
42,19,5.263157894736842,0,Butorphanol,-0.08011916111846183,0.08006479666756149
43,19,15.789473684210526,0,Butorphanol,-0.08011916111846183,0.08006479666756149
44,19,0,5.263157894736842,Butorphanol,-0.08011916111846183,0.08006479666756149
45,19,21.052631578947366,0,Butorphanol,-0.08011916111846183,0.08006479666756149
46,19,0,5.263157894736842,Butorphanol,-0.08011916111846183,0.08006479666756149
47,19,0,10.526315789473683,Butorphanol,-0.08011916111846183,0.08006479666756149
48,19,10.526315789473683,0,Butorphanol,-0.08011916111846183,0.08006479666756149
49,19,0,5.263157894736842,Butorphanol,-0.08011916111846183,0.08006479666756149
50,19,5.263157894736842,0,Butorphanol,-0.08011916111846183,0.08006479666756149
51,19,0,10.526315789473683,Butorphanol,-0.08011916111846183,0.08006479666756149
52,19,0,10.526315789473683,Butorphanol,-0.08011916111846183,0.08006479666756149
53,19,0,26.31578947368421,Butorphanol,-0.08011916111846183,0.08006479666756149
54,19,5.263157894736842,5.263157894736842,Butorphanol,-0.08011916111846183,0.08006479666756149
55,19,0,52.63157894736842,Butorphanol,-0.08011916111846183,0.08006479666756149
56,19,15.789473684210526,21.052631578947366,Butorphanol,-0.08011916111846183,0.08006479666756149
57,19,5.263157894736842,15.789473684210526,Butorphanol,-0.08011916111846183,0.08006479666756149
58,19,5.263157894736842,5.263157894736842,Butorphanol,-0.08011916111846183,0.08006479666756149
59,19,10.526315789473683,15.789473684210526,Butorphanol,-0.08011916111846183,0.08006479666756149
60,19,0,10.526315789473683,Butorphanol,-0.08011916111846183,0.08006479666756149
61,19,0,5.263157894736842,Butorphanol,-0.08011916111846183,0.08006479666756149
62,19,5.263157894736842,10.526315789473683,Butorphanol,-0.08011916111846183,0.08006479666756149
63,19,5.263157894736842,10.526315789473683,Butorphanol,-0.08011916111846183,0.08006479666756149
64,19,5.263157894736842,21.052631578947366,Butorphanol,-0.08011916111846183,0.08006479666756149
65,19,0,26.31578947368421,Butorphanol,-0.08011916111846183,0.08006479666756149
66,19,5.263157894736842,42.10526315789473,Butorphanol,-0.08011916111846183,0.08006479666756149
67,19,0,26.31578947368421,Butorphanol,-0.08011916111846183,0.08006479666756149
68,19,0,26.31578947368421,Butorphanol,-0.08011916111846183,0.08006479666756149
69,19,5.263157894736842,36.84210526315789,Butorphanol,-0.08011916111846183,0.08006479666756149
70,19,0,26.31578947368421,Butorphanol,-0.08011916111846183,0.08006479666756149
71,19,5.263157894736842,0,Butorphanol,-0.08011916111846183,0.08006479666756149
72,19,47.368421052631575,26.31578947368421,Butorphanol,-0.08011916111846183,0.08006479666756149
73,19,63.1578947368421,5.263157894736842,Butorphanol,-0.08011916111846183,0.08006479666756149
74,19,10.526315789473683,31.57894736842105,Butorphanol,-0.08011916111846183,0.08006479666756149
75,18,33.33333333333333,5.555555555555555,Butorphanol,-0.08011916111846183,0.08006479666756149
76,19,47.368421052631575,0,Butorphanol,-0.08011916111846183,0.08006479666756149
77,19,57.89473684210527,0,Butorphanol,-0.08011916111846183,0.08006479666756149
78,19,21.052631578947366,36.84210526315789,Butorphanol,-0.08011916111846183,0.08006479666756149
79,19,36.84210526315789,42.10526315789473,Butorphanol,-0.08011916111846183,0.08006479666756149
80,19,31.57894736842105,21.052631578947366,Butorphanol,-0.08011916111846183,0.08006479666756149
81,19,5.263157894736842,5.263157894736842,Butorphanol,-0.08011916111846183,0.08006479666756149
82,19,42.10526315789473,5.263157894736842,Butorphanol,-0.08011916111846183,0.08006479666756149
83,19,21.052631578947366,26.31578947368421,Butorphanol,-0.08011916111846183,0.08006479666756149
84,19,73.68421052631578,0,Butorphanol,-0.08011916111846183,0.08006479666756149
85,19,42.10526315789473,21.052631578947366,Butorphanol,-0.08011916111846183,0.08006479666756149
86,19,31.57894736842105,5.263157894736842,Butorphanol,-0.08011916111846183,0.08006479666756149
87,19,10.526315789473683,52.63157894736842,Butorphanol,-0.08011916111846183,0.08006479666756149
88,19,63.1578947368421,0,Butorphanol,-0.08011916111846183,0.08006479666756149
89,19,36.84210526315789,21.052631578947366,Butorphanol,-0.08011916111846183,0.08006479666756149
90,19,31.57894736842105,21.052631578947366,Butorphanol,-0.08011916111846183,0.08006479666756149
91,19,36.84210526315789,10.526315789473683,Butorphanol,-0.08011916111846183,0.08006479666756149
92,18,33.33333333333333,22.22222222222222,Butorphanol,-0.08011916111846183,0.08006479666756149
93,19,52.63157894736842,5.263157894736842,Butorphanol,-0.08011916111846183,0.08006479666756149
94,19,21.052631578947366,10.526315789473683,Butorphanol,-0.08011916111846183,0.08006479666756149
95,19,21.052631578947366,0,Butorphanol,-0.08011916111846183,0.08006479666756149
96,19,21.052631578947366,47.368421052631575,Butorphanol,-0.08011916111846183,0.08006479666756149
97,18,22.22222222222222,16.666666666666664,Butorphanol,-0.08011916111846183,0.08006479666756149
98,19,21.052631578947366,36.84210526315789,Butorphanol,-0.08011916111846183,0.08006479666756149
99,19,21.052631578947366,36.84210526315789,Butorphanol,-0.08011916111846183,0.08006479666756149
100,19,84.21052631578947,5.263157894736842,Butorphanol,-0.08011916111846183,0.08006479666756149
101,19,0,47.368421052631575,Butorphanol,-0.08011916111846183,0.08006479666756149
102,19,15.789473684210526,5.263157894736842,Butorphanol,-0.08011916111846183,0.08006479666756149
103,19,15.789473684210526,31.57894736842105,Butorphanol,-0.08011916111846183,0.08006479666756149
104,19,47.368421052631575,0,Butorphanol,-0.08011916111846183,0.08006479666756149
105,19,26.31578947368421,21.052631578947366,Butorphanol,-0.08011916111846183,0.08006479666756149
106,19,21.052631578947366,21.052631578947366,Butorphanol,-0.08011916111846183,0.08006479666756149
107,19,15.789473684210526,47.368421052631575,Butorphanol,-0.08011916111846183,0.08006479666756149
108,19,31.57894736842105,15.789473684210526,Butorphanol,-0.08011916111846183,0.08006479666756149
109,19,52.63157894736842,15.789473684210526,Butorphanol,-0.08011916111846183,0.08006479666756149
110,19,63.1578947368421,0,Butorphanol,-0.08011916111846183,0.08006479666756149
111,19,36.84210526315789,0,Butorphanol,-0.08011916111846183,0.08006479666756149
112,19,42.10526315789473,5.263157894736842,Butorphanol,-0.08011916111846183,0.08006479666756149
113,19,57.89473684210527,0,Butorphanol,-0.08011916111846183,0.08006479666756149
114,19,63.1578947368421,5.263157894736842,Butorphanol,-0.08011916111846183,0.08006479666756149
115,19,57.89473684210527,21.052631578947366,Butorphanol,-0.08011916111846183,0.08006479666756149
116,19,73.68421052631578,5.263157894736842,Butorphanol,-0.08011916111846183,0.08006479666756149
117,19,47.368421052631575,15.789473684210526,Butorphanol,-0.08011916111846183,0.08006479666756149
118,19,57.89473684210527,10.526315789473683,Butorphanol,-0.08011916111846183,0.08006479666756149
119,19,36.84210526315789,42.10526315789473,Butorphanol,-0.08011916111846183,0.08006479666756149
120,19,26.31578947368421,21.052631578947366,Butorphanol,-0.08011916111846183,0.08006479666756149
121,19,68.42105263157895,5.263157894736842,Butorphanol,-0.08011916111846183,0.08006479666756149
122,19,36.84210526315789,21.052631578947366,Butorphanol,-0.08011916111846183,0.08006479666756149
123,19,36.84210526315789,15.789473684210526,Butorphanol,-0.08011916111846183,0.08006479666756149
124,19,31.57894736842105,26.31578947368421,Butorphanol,-0.08011916111846183,0.08006479666756149
125,19,63.1578947368421,0,Butorphanol,-0.08011916111846183,0.08006479666756149
126,19,0,42.10526315789473,Butorphanol,-0.08011916111846183,0.08006479666756149
127,19,5.263157894736842,31.57894736842105,Butorphanol,-0.08011916111846183,0.08006479666756149
128,19,36.84210526315789,5.263157894736842,Butorphanol,-0.08011916111846183,0.08006479666756149
129,19,15.789473684210526,5.263157894736842,Butorphanol,-0.08011916111846183,0.08006479666756149
130,19,5.263157894736842,0,Butorphanol,-0.08011916111846183,0.08006479666756149
131,19,15.789473684210526,26.31578947368421,Butorphanol,-0.08011916111846183,0.08006479666756149
132,19,31.57894736842105,10.526315789473683,Butorphanol,-0.08011916111846183,0.08006479666756149
133,19,15.789473684210526,21.052631578947366,Butorphanol,-0.08011916111846183,0.08006479666756149
134,19,21.052631578947366,21.052631578947366,Butorphanol,-0.08011916111846183,0.08006479666756149
135,19,10.526315789473683,15.789473684210526,Butorphanol,-0.08011916111846183,0.08006479666756149
136,19,0,31.57894736842105,Butorphanol,-0.08011916111846183,0.08006479666756149
137,19,10.526315789473683,26.31578947368421,Butorphanol,-0.08011916111846183,0.08006479666756149
138,19,31.57894736842105,0,Butorphanol,-0.08011916111846183,0.08006479666756149
139,19,5.263157894736842,84.21052631578947,Butorphanol,-0.08011916111846183,0.08006479666756149
140,19,5.263157894736842,42.10526315789473,Butorphanol,-0.08011916111846183,0.08006479666756149
141,19,36.84210526315789,42.10526315789473,Butorphanol,-0.08011916111846183,0.08006479666756149
142,19,94.73684210526315,0,Butorphanol,-0.08011916111846183,0.08006479666756149
143,19,47.368421052631575,5.263157894736842,Butorphanol,-0.08011916111846183,0.08006479666756149
144,19,26.31578947368421,21.052631578947366,Butorphanol,-0.08011916111846183,0.08006479666756149
145,19,5.263157894736842,63.1578947368421,Butorphanol,-0.08011916111846183,0.08006479666756149
146,19,10.526315789473683,68.42105263157895,Butorphanol,-0.08011916111846183,0.08006479666756149
147,19,21.052631578947366,21.052631578947366,Butorphanol,-0.08011916111846183,0.08006479666756149
148,19,0,57.89473684210527,Butorphanol,-0.08011916111846183,0.08006479666756149
149,19,21.052631578947366,63.1578947368421,Butorphanol,-0.08011916111846183,0.08006479666756149
150,19,10.526315789473683,5.263157894736842,Butorphanol,-0.08011916111846183,0.08006479666756149
151,19,26.31578947368421,26.31578947368421,Butorphanol,-0.08011916111846183,0.08006479666756149
152,19,36.84210526315789,15.789473684210526,Butorphanol,-0.08011916111846183,0.08006479666756149
153,19,31.57894736842105,10.526315789473683,Butorphanol,-0.08011916111846183,0.08006479666756149
154,19,57.89473684210527,5.263157894736842,Butorphanol,-0.08011916111846183,0.08006479666756149
155,19,42.10526315789473,10.526315789473683,Butorphanol,-0.08011916111846183,0.08006479666756149
156,19,36.84210526315789,31.57894736842105,Butorphanol,-0.08011916111846183,0.08006479666756149
157,19,47.368421052631575,10.526315789473683,Butorphanol,-0.08011916111846183,0.08006479666756149
158,19,36.84210526315789,42.10526315789473,Butorphanol,-0.08011916111846183,0.08006479666756149
159,19,21.052631578947366,42.10526315789473,Butorphanol,-0.08011916111846183,0.08006479666756149
160,19,52.63157894736842,26.31578947368421,Butorphanol,-0.08011916111846183,0.08006479666756149
161,19,52.63157894736842,26.31578947368421,Butorphanol,-0.08011916111846183,0.08006479666756149
162,19,15.789473684210526,52.63157894736842,Butorphanol,-0.08011916111846183,0.08006479666756149
163,19,68.42105263157895,5.263157894736842,Butorphanol,-0.08011916111846183,0.08006479666756149
164,19,73.68421052631578,5.263157894736842,Butorphanol,-0.08011916111846183,0.08006479666756149
165,19,57.89473684210527,5.263157894736842,Butorphanol,-0.08011916111846183,0.08006479666756149
166,19,73.68421052631578,0,Butorphanol,-0.08011916111846183,0.08006479666756149
167,19,94.73684210526315,0,Butorphanol,-0.08011916111846183,0.08006479666756149
168,19,94.73684210526315,0,Butorphanol,-0.08011916111846183,0.08006479666756149
169,19,68.42105263157895,10.526315789473683,Butorphanol,-0.08011916111846183,0.08006479666756149
170,19,84.21052631578947,0,Butorphanol,-0.08011916111846183,0.08006479666756149
171,19,89.47368421052632,0,Butorphanol,-0.08011916111846183,0.08006479666756149
172,19,68.42105263157895,10.526315789473683,Butorphanol,-0.08011916111846183,0.08006479666756149
173,19,57.89473684210527,0,Butorphanol,-0.08011916111846183,0.08006479666756149
174,19,78.94736842105263,0,Butorphanol,-0.08011916111846183,0.08006479666756149
175,19,78.94736842105263,5.263157894736842,Butorphanol,-0.08011916111846183,0.08006479666756149
176,19,47.368421052631575,0,Butorphanol,-0.08011916111846183,0.08006479666756149
177,19,94.73684210526315,0,Butorphanol,-0.08011916111846183,0.08006479666756149
178,19,68.42105263157895,0,Butorphanol,-0.08011916111846183,0.08006479666756149
179,19,15.789473684210526,26.31578947368421,Butorphanol,-0.08011916111846183,0.08006479666756149
180,19,57.89473684210527,21.052631578947366,Butorphanol,-0.08011916111846183,0.08006479666756149
181,19,94.73684210526315,0,Butorphanol,-0.08011916111846183,0.08006479666756149
182,19,63.1578947368421,5.263157894736842,Butorphanol,-0.08011916111846183,0.08006479666756149
183,19,47.368421052631575,10.526315789473683,Butorphanol,-0.08011916111846183,0.08006479666756149
184,19,21.052631578947366,21.052631578947366,Butorphanol,-0.08011916111846183,0.08006479666756149
185,19,73.68421052631578,0,Butorphanol,-0.08011916111846183,0.08006479666756149
186,19,68.42105263157895,10.526315789473683,Butorphanol,-0.08011916111846183,0.08006479666756149
187,19,78.94736842105263,0,Butorphanol,-0.08011916111846183,0.08006479666756149
188,19,52.63157894736842,10.526315789473683,Butorphanol,-0.08011916111846183,0.08006479666756149
189,19,68.42105263157895,10.526315789473683,Butorphanol,-0.08011916111846183,0.08006479666756149
190,19,31.57894736842105,5.263157894736842,Butorphanol,-0.08011916111846183,0.08006479666756149
191,19,36.84210526315789,15.789473684210526,Butorphanol,-0.08011916111846183,0.08006479666756149
192,19,57.89473684210527,10.526315789473683,Butorphanol,-0.08011916111846183,0.08006479666756149
193,19,57.89473684210527,5.263157894736842,Butorphanol,-0.08011916111846183,0.08006479666756149
194,19,73.68421052631578,0,Butorphanol,-0.08011916111846183,0.08006479666756149
195,19,57.89473684210527,0,Butorphanol,-0.08011916111846183,0.08006479666756149
196,19,78.94736842105263,0,Butorphanol,-0.08011916111846183,0.08006479666756149
197,19,52.63157894736842,15.789473684210526,Butorphanol,-0.08011916111846183,0.08006479666756149
198,19,47.368421052631575,10.526315789473683,Butorphanol,-0.08011916111846183,0.08006479666756149
199,19,42.10526315789473,10.526315789473683,Butorphanol,-0.08011916111846183,0.08006479666756149
200,19,94.73684210526315,0,Butorphanol,-0.08011916111846183,0.08006479666756149
201,19,57.89473684210527,5.263157894736842,Butorphanol,-0.08011916111846183,0.08006479666756149
202,19,73.68421052631578,0,Butorphanol,-0.08011916111846183,0.08006479666756149
203,19,73.68421052631578,5.263157894736842,Butorphanol,-0.08011916111846183,0.08006479666756149
204,19,26.31578947368421,5.263157894736842,Butorphanol,-0.08011916111846183,0.08006479666756149
205,19,36.84210526315789,0,Butorphanol,-0.08011916111846183,0.08006479666756149
206,19,42.10526315789473,5.263157894736842,Butorphanol,-0.08011916111846183,0.08006479666756149
207,19,15.789473684210526,5.263157894736842,Butorphanol,-0.08011916111846183,0.08006479666756149
208,19,68.42105263157895,0,Butorphanol,-0.08011916111846183,0.08006479666756149
209,19,36.84210526315789,10.526315789473683,Butorphanol,-0.08011916111846183,0.08006479666756149
210,19,52.63157894736842,0,Butorphanol,-0.08011916111846183,0.08006479666756149
211,19,15.789473684210526,21.052631578947366,Butorphanol,-0.08011916111846183,0.08006479666756149
212,19,5.263157894736842,26.31578947368421,Butorphanol,-0.08011916111846183,0.08006479666756149
213,19,42.10526315789473,0,Butorphanol,-0.08011916111846183,0.08006479666756149
214,18,11.11111111111111,27.77777777777778,Butorphanol,-0.08011916111846183,0.08006479666756149
215,19,26.31578947368421,0,Butorphanol,-0.08011916111846183,0.08006479666756149
216,19,21.052631578947366,15.789473684210526,Butorphanol,-0.08011916111846183,0.08006479666756149
217,19,21.052631578947366,21.052631578947366,Butorphanol,-0.08011916111846183,0.08006479666756149
218,19,21.052631578947366,10.526315789473683,Butorphanol,-0.08011916111846183,0.08006479666756149
219,19,94.73684210526315,0,Butorphanol,-0.08011916111846183,0.08006479666756149
220,19,15.789473684210526,10.526315789473683,Butorphanol,-0.08011916111846183,0.08006479666756149
221,19,47.368421052631575,5.263157894736842,Butorphanol,-0.08011916111846183,0.08006479666756149
222,19,10.526315789473683,21.052631578947366,Butorphanol,-0.08011916111846183,0.08006479666756149
223,19,0,26.31578947368421,Butorphanol,-0.08011916111846183,0.08006479666756149
224,19,10.526315789473683,26.31578947368421,Butorphanol,-0.08011916111846183,0.08006479666756149
225,19,15.789473684210526,0,Butorphanol,-0.08011916111846183,0.08006479666756149
226,18,0,11.11111111111111,Butorphanol,-0.08011916111846183,0.08006479666756149
227,19,10.526315789473683,10.526315789473683,Butorphanol,-0.08011916111846183,0.08006479666756149
228,19,10.526315789473683,31.57894736842105,Butorphanol,-0.08011916111846183,0.08006479666756149
229,19,0,42.10526315789473,Butorphanol,-0.08011916111846183,0.08006479666756149
230,19,10.526315789473683,26.31578947368421,Butorphanol,-0.08011916111846183,0.08006479666756149
231,19,10.526315789473683,10.526315789473683,Butorphanol,-0.08011916111846183,0.08006479666756149
232,18,5.555555555555555,38.88888888888889,Butorphanol,-0.08011916111846183,0.08006479666756149
233,19,0,15.789473684210526,Butorphanol,-0.08011916111846183,0.08006479666756149
234,19,26.31578947368421,10.526315789473683,Butorphanol,-0.08011916111846183,0.08006479666756149
235,19,5.263157894736842,31.57894736842105,Butorphanol,-0.08011916111846183,0.08006479666756149
236,19,31.57894736842105,0,Butorphanol,-0.08011916111846183,0.08006479666756149
237,19,26.31578947368421,15.789473684210526,Butorphanol,-0.08011916111846183,0.08006479666756149
238,19,57.89473684210527,5.263157894736842,Butorphanol,-0.08011916111846183,0.08006479666756149
239,19,36.84210526315789,5.263157894736842,Butorphanol,-0.08011916111846183,0.08006479666756149
240,19,36.84210526315789,0,Butorphanol,-0.08011916111846183,0.08006479666756149
241,19,47.368421052631575,5.263157894736842,Butorphanol,-0.08011916111846183,0.08006479666756149
242,19,57.89473684210527,0,Butorphanol,-0.08011916111846183,0.08006479666756149
243,19,36.84210526315789,15.789473684210526,Butorphanol,-0.08011916111846183,0.08006479666756149
244,19,57.89473684210527,5.263157894736842,Butorphanol,-0.08011916111846183,0.08006479666756149
245,19,63.1578947368421,5.263157894736842,Butorphanol,-0.08011916111846183,0.08006479666756149
246,19,89.47368421052632,0,Butorphanol,-0.08011916111846183,0.08006479666756149
247,19,47.368421052631575,10.526315789473683,Butorphanol,-0.08011916111846183,0.08006479666756149
248,19,57.89473684210527,5.263157894736842,Butorphanol,-0.08011916111846183,0.08006479666756149
249,19,68.42105263157895,5.263157894736842,Butorphanol,-0.08011916111846183,0.08006479666756149
250,19,47.368421052631575,0,Butorphanol,-0.08011916111846183,0.08006479666756149
251,19,63.1578947368421,0,Butorphanol,-0.08011916111846183,0.08006479666756149
252,19,42.10526315789473,15.789473684210526,Butorphanol,-0.08011916111846183,0.08006479666756149
253,19,68.42105263157895,0,Butorphanol,-0.08011916111846183,0.08006479666756149
254,19,89.47368421052632,0,Butorphanol,-0.08011916111846183,0.08006479666756149
255,19,52.63157894736842,0,Butorphanol,-0.08011916111846183,0.08006479666756149
256,19,47.368421052631575,0,Butorphanol,-0.08011916111846183,0.08006479666756149
257,19,100,0,Butorphanol,-0.08011916111846183,0.08006479666756149
258,19,73.68421052631578,0,Butorphanol,-0.08011916111846183,0.08006479666756149
259,19,10.526315789473683,5.263157894736842,Butorphanol,-0.08011916111846183,0.08006479666756149
260,19,94.73684210526315,0,Butorphanol,-0.08011916111846183,0.08006479666756149
261,19,94.73684210526315,0,Butorphanol,-0.08011916111846183,0.08006479666756149
262,19,52.63157894736842,5.263157894736842,Butorphanol,-0.08011916111846183,0.08006479666756149
263,19,63.1578947368421,0,Butorphanol,-0.08011916111846183,0.08006479666756149
264,19,31.57894736842105,5.263157894736842,Butorphanol,-0.08011916111846183,0.08006479666756149
265,19,42.10526315789473,0,Butorphanol,-0.08011916111846183,0.08006479666756149
266,19,5.263157894736842,10.526315789473683,Butorphanol,-0.08011916111846183,0.08006479666756149
267,19,26.31578947368421,0,Butorphanol,-0.08011916111846183,0.08006479666756149
268,19,21.052631578947366,0,Butorphanol,-0.08011916111846183,0.08006479666756149
269,19,36.84210526315789,5.263157894736842,Butorphanol,-0.08011916111846183,0.08006479666756149
270,19,63.1578947368421,5.263157894736842,Butorphanol,-0.08011916111846183,0.08006479666756149
271,19,15.789473684210526,5.263157894736842,Butorphanol,-0.08011916111846183,0.08006479666756149
272,19,0,15.789473684210526,Butorphanol,-0.08011916111846183,0.08006479666756149
273,19,68.42105263157895,0,Butorphanol,-0.08011916111846183,0.08006479666756149
274,19,5.263157894736842,0,Butorphanol,-0.08011916111846183,0.08006479666756149
275,19,47.368421052631575,0,Butorphanol,-0.08011916111846183,0.08006479666756149
276,19,10.526315789473683,26.31578947368421,Butorphanol,-0.08011916111846183,0.08006479666756149
277,19,47.368421052631575,5.263157894736842,Butorphanol,-0.08011916111846183,0.08006479666756149
278,19,68.42105263157895,0,Butorphanol,-0.08011916111846183,0.08006479666756149
279,19,84.21052631578947,0,Butorphanol,-0.08011916111846183,0.08006479666756149
280,19,94.73684210526315,0,Butorphanol,-0.08011916111846183,0.08006479666756149
281,19,15.789473684210526,10.526315789473683,Butorphanol,-0.08011916111846183,0.08006479666756149
282,19,21.052631578947366,15.789473684210526,Butorphanol,-0.08011916111846183,0.08006479666756149
283,19,15.789473684210526,36.84210526315789,Butorphanol,-0.08011916111846183,0.08006479666756149
284,19,47.368421052631575,0,Butorphanol,-0.08011916111846183,0.08006479666756149
285,19,36.84210526315789,0,Butorphanol,-0.08011916111846183,0.08006479666756149
286,19,26.31578947368421,5.263157894736842,Butorphanol,-0.08011916111846183,0.08006479666756149
287,19,15.789473684210526,21.052631578947366,Butorphanol,-0.08011916111846183,0.08006479666756149
288,19,73.68421052631578,5.263157894736842,Butorphanol,-0.08011916111846183,0.08006479666756149
289,19,31.57894736842105,0,Butorphanol,-0.08011916111846183,0.08006479666756149
290,19,47.368421052631575,5.263157894736842,Butorphanol,-0.08011916111846183,0.08006479666756149
291,19,78.94736842105263,0,Butorphanol,-0.08011916111846183,0.08006479666756149
292,19,63.1578947368421,5.263157894736842,Butorphanol,-0.08011916111846183,0.08006479666756149
293,19,52.63157894736842,0,Butorphanol,-0.08011916111846183,0.08006479666756149
294,19,57.89473684210527,5.263157894736842,Butorphanol,-0.08011916111846183,0.08006479666756149
295,19,47.368421052631575,0,Butorphanol,-0.08011916111846183,0.08006479666756149
296,19,68.42105263157895,5.263157894736842,Butorphanol,-0.08011916111846183,0.08006479666756149
297,19,100,0,Butorphanol,-0.08011916111846183,0.08006479666756149
298,18,83.33333333333334,0,Butorphanol,-0.08011916111846183,0.08006479666756149
299,19,57.89473684210527,5.263157894736842,Butorphanol,-0.08011916111846183,0.08006479666756149
300,19,68.42105263157895,0,Butorphanol,-0.08011916111846183,0.08006479666756149
301,19,63.1578947368421,5.263157894736842,Butorphanol,-0.08011916111846183,0.08006479666756149
302,19,21.052631578947366,5.263157894736842,Butorphanol,-0.08011916111846183,0.08006479666756149
303,19,31.57894736842105,10.526315789473683,Butorphanol,-0.08011916111846183,0.08006479666756149
304,19,15.789473684210526,21.052631578947366,Butorphanol,-0.08011916111846183,0.08006479666756149
305,19,36.84210526315789,0,Butorphanol,-0.08011916111846183,0.08006479666756149
306,19,0,31.57894736842105,Butorphanol,-0.08011916111846183,0.08006479666756149
307,19,0,26.31578947368421,Butorphanol,-0.08011916111846183,0.08006479666756149
308,19,0,5.263157894736842,Butorphanol,-0.08011916111846183,0.08006479666756149
309,19,10.526315789473683,26.31578947368421,Butorphanol,-0.08011916111846183,0.08006479666756149
310,19,5.263157894736842,10.526315789473683,Butorphanol,-0.08011916111846183,0.08006479666756149
311,19,26.31578947368421,5.263157894736842,Butorphanol,-0.08011916111846183,0.08006479666756149
312,19,0,5.263157894736842,Butorphanol,-0.08011916111846183,0.08006479666756149
313,19,10.526315789473683,10.526315789473683,Butorphanol,-0.08011916111846183,0.08006479666756149
314,19,5.263157894736842,10.526315789473683,Butorphanol,-0.08011916111846183,0.08006479666756149
315,19,36.84210526315789,5.263157894736842,Butorphanol,-0.08011916111846183,0.08006479666756149
316,19,5.263157894736842,31.57894736842105,Butorphanol,-0.08011916111846183,0.08006479666756149
317,19,10.526315789473683,10.526315789473683,Butorphanol,-0.08011916111846183,0.08006479666756149
318,19,52.63157894736842,15.789473684210526,Butorphanol,-0.08011916111846183,0.08006479666756149
319,19,36.84210526315789,15.789473684210526,Butorphanol,-0.08011916111846183,0.08006479666756149
320,19,52.63157894736842,10.526315789473683,Butorphanol,-0.08011916111846183,0.08006479666756149
321,19,94.73684210526315,0,Butorphanol,-0.08011916111846183,0.08006479666756149
322,19,52.63157894736842,21.052631578947366,Butorphanol,-0.08011916111846183,0.08006479666756149
323,19,57.89473684210527,5.263157894736842,Butorphanol,-0.08011916111846183,0.08006479666756149
324,19,21.052631578947366,15.789473684210526,Butorphanol,-0.08011916111846183,0.08006479666756149
325,19,52.63157894736842,5.263157894736842,Butorphanol,-0.08011916111846183,0.08006479666756149
326,19,78.94736842105263,0,Butorphanol,-0.08011916111846183,0.08006479666756149
327,19,63.1578947368421,10.526315789473683,Butorphanol,-0.08011916111846183,0.08006479666756149
328,19,78.94736842105263,5.263157894736842,Butorphanol,-0.08011916111846183,0.08006479666756149
329,19,47.368421052631575,10.526315789473683,Butorphanol,-0.08011916111846183,0.08006479666756149
330,19,36.84210526315789,15.789473684210526,Butorphanol,-0.08011916111846183,0.08006479666756149
331,19,10.526315789473683,31.57894736842105,Butorphanol,-0.08011916111846183,0.08006479666756149
332,19,63.1578947368421,0,Butorphanol,-0.08011916111846183,0.08006479666756149
333,19,57.89473684210527,0,Butorphanol,-0.08011916111846183,0.08006479666756149
334,19,73.68421052631578,0,Butorphanol,-0.08011916111846183,0.08006479666756149
335,19,52.63157894736842,15.789473684210526,Butorphanol,-0.08011916111846183,0.08006479666756149
336,19,0,31.57894736842105,Butorphanol,-0.08011916111846183,0.08006479666756149
337,18,22.22222222222222,5.555555555555555,Butorphanol,-0.08011916111846183,0.08006479666756149
338,19,73.68421052631578,0,Butorphanol,-0.08011916111846183,0.08006479666756149
339,19,26.31578947368421,0,Butorphanol,-0.08011916111846183,0.08006479666756149
340,19,21.052631578947366,10.526315789473683,Butorphanol,-0.08011916111846183,0.08006479666756149
341,19,0,10.526315789473683,Butorphanol,-0.08011916111846183,0.08006479666756149
342,19,47.368421052631575,0,Butorphanol,-0.08011916111846183,0.08006479666756149
343,19,0,52.63157894736842,Butorphanol,-0.08011916111846183,0.08006479666756149
344,18,83.33333333333334,0,Butorphanol,-0.08011916111846183,0.08006479666756149
345,19,36.84210526315789,10.526315789473683,Butorphanol,-0.08011916111846183,0.08006479666756149
346,19,31.57894736842105,5.263157894736842,Butorphanol,-0.08011916111846183,0.08006479666756149
347,19,63.1578947368421,0,Butorphanol,-0.08011916111846183,0.08006479666756149
348,19,31.57894736842105,21.052631578947366,Butorphanol,-0.08011916111846183,0.08006479666756149
349,19,15.789473684210526,0,Butorphanol,-0.08011916111846183,0.08006479666756149
350,19,10.526315789473683,0,Butorphanol,-0.08011916111846183,0.08006479666756149
351,19,0,63.1578947368421,Butorphanol,-0.08011916111846183,0.08006479666756149
352,18,0,38.88888888888889,Butorphanol,-0.08011916111846183,0.08006479666756149
353,19,0,26.31578947368421,Butorphanol,-0.08011916111846183,0.08006479666756149
354,19,0,31.57894736842105,Butorphanol,-0.08011916111846183,0.08006479666756149
355,19,0,73.68421052631578,Butorphanol,-0.08011916111846183,0.08006479666756149
356,19,0,26.31578947368421,Butorphanol,-0.08011916111846183,0.08006479666756149
357,19,0,36.84210526315789,Butorphanol,-0.08011916111846183,0.08006479666756149
358,19,0,26.31578947368421,Butorphanol,-0.08011916111846183,0.08006479666756149
359,19,0,42.10526315789473,Butorphanol,-0.08011916111846183,0.08006479666756149
360,19,0,42.10526315789473,Butorphanol,-0.08011916111846183,0.08006479666756149
361,19,5.263157894736842,26.31578947368421,Butorphanol,-0.08011916111846183,0.08006479666756149
362,19,0,31.57894736842105,Butorphanol,-0.08011916111846183,0.08006479666756149
363,19,0,47.368421052631575,Butorphanol,-0.08011916111846183,0.08006479666756149
364,19,0,10.526315789473683,Butorphanol,-0.08011916111846183,0.08006479666756149
365,19,0,47.368421052631575,Butorphanol,-0.08011916111846183,0.08006479666756149
366,19,0,21.052631578947366,Butorphanol,-0.08011916111846183,0.08006479666756149
367,19,0,26.31578947368421,Butorphanol,-0.08011916111846183,0.08006479666756149
368,19,0,31.57894736842105,Butorphanol,-0.08011916111846183,0.08006479666756149
369,19,0,21.052631578947366,Butorphanol,-0.08011916111846183,0.08006479666756149
370,19,5.263157894736842,31.57894736842105,Butorphanol,-0.08011916111846183,0.08006479666756149
371,19,0,10.526315789473683,Butorphanol,-0.08011916111846183,0.08006479666756149
372,19,0,21.052631578947366,Butorphanol,-0.08011916111846183,0.08006479666756149
373,19,0,15.789473684210526,Butorphanol,-0.08011916111846183,0.08006479666756149
374,19,0,10.526315789473683,Butorphanol,-0.08011916111846183,0.08006479666756149
375,19,0,26.31578947368421,Butorphanol,-0.08011916111846183,0.08006479666756149
376,19,0,15.789473684210526,Butorphanol,-0.08011916111846183,0.08006479666756149
377,19,0,31.57894736842105,Butorphanol,-0.08011916111846183,0.08006479666756149
378,19,0,21.052631578947366,Butorphanol,-0.08011916111846183,0.08006479666756149
379,19,0,68.42105263157895,Butorphanol,-0.08011916111846183,0.08006479666756149
380,19,0,26.31578947368421,Butorphanol,-0.08011916111846183,0.08006479666756149
381,19,0,21.052631578947366,Butorphanol,-0.08011916111846183,0.08006479666756149
382,19,0,5.263157894736842,Butorphanol,-0.08011916111846183,0.08006479666756149
383,19,0,10.526315789473683,Butorphanol,-0.08011916111846183,0.08006479666756149
384,19,0,31.57894736842105,Butorphanol,-0.08011916111846183,0.08006479666756149
385,19,5.263157894736842,10.526315789473683,Butorphanol,-0.08011916111846183,0.08006479666756149
386,19,0,52.63157894736842,Butorphanol,-0.08011916111846183,0.08006479666756149
387,19,0,42.10526315789473,Butorphanol,-0.08011916111846183,0.08006479666756149
388,19,10.526315789473683,10.526315789473683,Butorphanol,-0.08011916111846183,0.08006479666756149
389,19,0,21.052631578947366,Butorphanol,-0.08011916111846183,0.08006479666756149
390,19,0,15.789473684210526,Butorphanol,-0.08011916111846183,0.08006479666756149
391,19,5.263157894736842,31.57894736842105,Butorphanol,-0.08011916111846183,0.08006479666756149
392,19,0,5.263157894736842,Butorphanol,-0.08011916111846183,0.08006479666756149
393,19,10.526315789473683,15.789473684210526,Butorphanol,-0.08011916111846183,0.08006479666756149
394,19,10.526315789473683,21.052631578947366,Butorphanol,-0.08011916111846183,0.08006479666756149
395,19,5.263157894736842,0,Butorphanol,-0.08011916111846183,0.08006479666756149
396,19,0,21.052631578947366,Butorphanol,-0.08011916111846183,0.08006479666756149
397,19,5.263157894736842,15.789473684210526,Butorphanol,-0.08011916111846183,0.08006479666756149
398,19,0,36.84210526315789,Butorphanol,-0.08011916111846183,0.08006479666756149
399,19,5.263157894736842,15.789473684210526,Butorphanol,-0.08011916111846183,0.08006479666756149
400,19,31.57894736842105,5.263157894736842,Butorphanol,-0.08011916111846183,0.08006479666756149
2,19,0,5.263157894736842,C6guano,-0.09474070866894323,0.09465805240273582
3,18,0,16.666666666666664,C6guano,-0.09474070866894323,0.09465805240273582
4,19,0,10.526315789473683,C6guano,-0.09474070866894323,0.09465805240273582
5,19,0,21.052631578947366,C6guano,-0.09474070866894323,0.09465805240273582
6,19,0,36.84210526315789,C6guano,-0.09474070866894323,0.09465805240273582
7,19,0,36.84210526315789,C6guano,-0.09474070866894323,0.09465805240273582
8,19,0,31.57894736842105,C6guano,-0.09474070866894323,0.09465805240273582
9,19,0,26.31578947368421,C6guano,-0.09474070866894323,0.09465805240273582
10,19,0,36.84210526315789,C6guano,-0.09474070866894323,0.09465805240273582
11,19,0,21.052631578947366,C6guano,-0.09474070866894323,0.09465805240273582
12,19,0,0,C6guano,-0.09474070866894323,0.09465805240273582
13,19,0,10.526315789473683,C6guano,-0.09474070866894323,0.09465805240273582
14,18,0,11.11111111111111,C6guano,-0.09474070866894323,0.09465805240273582
15,19,0,5.263157894736842,C6guano,-0.09474070866894323,0.09465805240273582
16,19,0,26.31578947368421,C6guano,-0.09474070866894323,0.09465805240273582
17,19,0,15.789473684210526,C6guano,-0.09474070866894323,0.09465805240273582
18,19,0,26.31578947368421,C6guano,-0.09474070866894323,0.09465805240273582
19,19,5.263157894736842,10.526315789473683,C6guano,-0.09474070866894323,0.09465805240273582
20,19,0,31.57894736842105,C6guano,-0.09474070866894323,0.09465805240273582
21,19,0,52.63157894736842,C6guano,-0.09474070866894323,0.09465805240273582
22,17,5.88235294117647,23.52941176470588,C6guano,-0.09474070866894323,0.09465805240273582
23,19,0,31.57894736842105,C6guano,-0.09474070866894323,0.09465805240273582
24,19,0,36.84210526315789,C6guano,-0.09474070866894323,0.09465805240273582
25,19,0,26.31578947368421,C6guano,-0.09474070866894323,0.09465805240273582
26,19,0,21.052631578947366,C6guano,-0.09474070866894323,0.09465805240273582
27,19,0,10.526315789473683,C6guano,-0.09474070866894323,0.09465805240273582
28,19,0,15.789473684210526,C6guano,-0.09474070866894323,0.09465805240273582
29,19,0,78.94736842105263,C6guano,-0.09474070866894323,0.09465805240273582
30,19,0,36.84210526315789,C6guano,-0.09474070866894323,0.09465805240273582
31,19,0,5.263157894736842,C6guano,-0.09474070866894323,0.09465805240273582
32,19,5.263157894736842,26.31578947368421,C6guano,-0.09474070866894323,0.09465805240273582
33,19,0,57.89473684210527,C6guano,-0.09474070866894323,0.09465805240273582
34,19,0,21.052631578947366,C6guano,-0.09474070866894323,0.09465805240273582
35,19,0,26.31578947368421,C6guano,-0.09474070866894323,0.09465805240273582
36,19,0,26.31578947368421,C6guano,-0.09474070866894323,0.09465805240273582
37,17,0,0,C6guano,-0.09474070866894323,0.09465805240273582
38,19,0,21.052631578947366,C6guano,-0.09474070866894323,0.09465805240273582
39,19,10.526315789473683,31.57894736842105,C6guano,-0.09474070866894323,0.09465805240273582
40,19,0,21.052631578947366,C6guano,-0.09474070866894323,0.09465805240273582
41,19,5.263157894736842,52.63157894736842,C6guano,-0.09474070866894323,0.09465805240273582
42,19,0,10.526315789473683,C6guano,-0.09474070866894323,0.09465805240273582
43,19,0,26.31578947368421,C6guano,-0.09474070866894323,0.09465805240273582
44,19,0,31.57894736842105,C6guano,-0.09474070866894323,0.09465805240273582
45,19,0,21.052631578947366,C6guano,-0.09474070866894323,0.09465805240273582
46,19,0,57.89473684210527,C6guano,-0.09474070866894323,0.09465805240273582
47,19,5.263157894736842,57.89473684210527,C6guano,-0.09474070866894323,0.09465805240273582
48,19,0,21.052631578947366,C6guano,-0.09474070866894323,0.09465805240273582
49,19,0,10.526315789473683,C6guano,-0.09474070866894323,0.09465805240273582
50,19,21.052631578947366,31.57894736842105,C6guano,-0.09474070866894323,0.09465805240273582
51,19,0,36.84210526315789,C6guano,-0.09474070866894323,0.09465805240273582
52,19,0,5.263157894736842,C6guano,-0.09474070866894323,0.09465805240273582
53,19,10.526315789473683,0,C6guano,-0.09474070866894323,0.09465805240273582
54,19,0,26.31578947368421,C6guano,-0.09474070866894323,0.09465805240273582
55,19,5.263157894736842,26.31578947368421,C6guano,-0.09474070866894323,0.09465805240273582
56,19,0,31.57894736842105,C6guano,-0.09474070866894323,0.09465805240273582
57,19,0,31.57894736842105,C6guano,-0.09474070866894323,0.09465805240273582
58,19,0,52.63157894736842,C6guano,-0.09474070866894323,0.09465805240273582
59,19,10.526315789473683,5.263157894736842,C6guano,-0.09474070866894323,0.09465805240273582
60,19,0,10.526315789473683,C6guano,-0.09474070866894323,0.09465805240273582
61,19,0,21.052631578947366,C6guano,-0.09474070866894323,0.09465805240273582
62,19,0,26.31578947368421,C6guano,-0.09474070866894323,0.09465805240273582
63,19,0,10.526315789473683,C6guano,-0.09474070866894323,0.09465805240273582
64,19,5.263157894736842,10.526315789473683,C6guano,-0.09474070866894323,0.09465805240273582
65,19,0,21.052631578947366,C6guano,-0.09474070866894323,0.09465805240273582
66,19,5.263157894736842,10.526315789473683,C6guano,-0.09474070866894323,0.09465805240273582
67,19,0,21.052631578947366,C6guano,-0.09474070866894323,0.09465805240273582
68,19,0,10.526315789473683,C6guano,-0.09474070866894323,0.09465805240273582
69,19,10.526315789473683,15.789473684210526,C6guano,-0.09474070866894323,0.09465805240273582
70,19,15.789473684210526,10.526315789473683,C6guano,-0.09474070866894323,0.09465805240273582
71,19,5.263157894736842,15.789473684210526,C6guano,-0.09474070866894323,0.09465805240273582
72,19,10.526315789473683,15.789473684210526,C6guano,-0.09474070866894323,0.09465805240273582
73,19,31.57894736842105,15.789473684210526,C6guano,-0.09474070866894323,0.09465805240273582
74,19,26.31578947368421,21.052631578947366,C6guano,-0.09474070866894323,0.09465805240273582
75,18,33.33333333333333,0,C6guano,-0.09474070866894323,0.09465805240273582
76,19,42.10526315789473,5.263157894736842,C6guano,-0.09474070866894323,0.09465805240273582
77,19,52.63157894736842,0,C6guano,-0.09474070866894323,0.09465805240273582
78,19,21.052631578947366,15.789473684210526,C6guano,-0.09474070866894323,0.09465805240273582
79,19,42.10526315789473,5.263157894736842,C6guano,-0.09474070866894323,0.09465805240273582
80,19,47.368421052631575,10.526315789473683,C6guano,-0.09474070866894323,0.09465805240273582
81,19,47.368421052631575,0,C6guano,-0.09474070866894323,0.09465805240273582
82,19,57.89473684210527,0,C6guano,-0.09474070866894323,0.09465805240273582
83,19,47.368421052631575,5.263157894736842,C6guano,-0.09474070866894323,0.09465805240273582
84,19,100,0,C6guano,-0.09474070866894323,0.09465805240273582
85,19,52.63157894736842,10.526315789473683,C6guano,-0.09474070866894323,0.09465805240273582
86,19,47.368421052631575,21.052631578947366,C6guano,-0.09474070866894323,0.09465805240273582
87,19,84.21052631578947,0,C6guano,-0.09474070866894323,0.09465805240273582
88,19,94.73684210526315,0,C6guano,-0.09474070866894323,0.09465805240273582
89,19,42.10526315789473,10.526315789473683,C6guano,-0.09474070866894323,0.09465805240273582
90,19,57.89473684210527,5.263157894736842,C6guano,-0.09474070866894323,0.09465805240273582
91,19,84.21052631578947,0,C6guano,-0.09474070866894323,0.09465805240273582
92,18,72.22222222222221,5.555555555555555,C6guano,-0.09474070866894323,0.09465805240273582
93,19,52.63157894736842,0,C6guano,-0.09474070866894323,0.09465805240273582
94,19,36.84210526315789,15.789473684210526,C6guano,-0.09474070866894323,0.09465805240273582
95,19,47.368421052631575,0,C6guano,-0.09474070866894323,0.09465805240273582
96,19,21.052631578947366,5.263157894736842,C6guano,-0.09474070866894323,0.09465805240273582
97,18,22.22222222222222,0,C6guano,-0.09474070866894323,0.09465805240273582
98,19,36.84210526315789,15.789473684210526,C6guano,-0.09474070866894323,0.09465805240273582
99,19,15.789473684210526,10.526315789473683,C6guano,-0.09474070866894323,0.09465805240273582
100,19,89.47368421052632,0,C6guano,-0.09474070866894323,0.09465805240273582
101,19,47.368421052631575,0,C6guano,-0.09474070866894323,0.09465805240273582
102,19,36.84210526315789,0,C6guano,-0.09474070866894323,0.09465805240273582
103,19,73.68421052631578,0,C6guano,-0.09474070866894323,0.09465805240273582
104,19,68.42105263157895,0,C6guano,-0.09474070866894323,0.09465805240273582
105,19,42.10526315789473,15.789473684210526,C6guano,-0.09474070866894323,0.09465805240273582
106,19,47.368421052631575,0,C6guano,-0.09474070866894323,0.09465805240273582
107,19,31.57894736842105,10.526315789473683,C6guano,-0.09474070866894323,0.09465805240273582
108,19,57.89473684210527,5.263157894736842,C6guano,-0.09474070866894323,0.09465805240273582
109,19,63.1578947368421,0,C6guano,-0.09474070866894323,0.09465805240273582
110,19,73.68421052631578,0,C6guano,-0.09474070866894323,0.09465805240273582
111,19,57.89473684210527,0,C6guano,-0.09474070866894323,0.09465805240273582
112,19,73.68421052631578,0,C6guano,-0.09474070866894323,0.09465805240273582
113,19,100,0,C6guano,-0.09474070866894323,0.09465805240273582
114,19,57.89473684210527,5.263157894736842,C6guano,-0.09474070866894323,0.09465805240273582
115,19,26.31578947368421,10.526315789473683,C6guano,-0.09474070866894323,0.09465805240273582
116,19,84.21052631578947,0,C6guano,-0.09474070866894323,0.09465805240273582
117,19,52.63157894736842,0,C6guano,-0.09474070866894323,0.09465805240273582
118,19,68.42105263157895,5.263157894736842,C6guano,-0.09474070866894323,0.09465805240273582
119,19,84.21052631578947,0,C6guano,-0.09474070866894323,0.09465805240273582
120,19,57.89473684210527,10.526315789473683,C6guano,-0.09474070866894323,0.09465805240273582
121,19,52.63157894736842,0,C6guano,-0.09474070866894323,0.09465805240273582
122,19,47.368421052631575,0,C6guano,-0.09474070866894323,0.09465805240273582
123,19,73.68421052631578,0,C6guano,-0.09474070866894323,0.09465805240273582
124,19,68.42105263157895,0,C6guano,-0.09474070866894323,0.09465805240273582
125,19,52.63157894736842,0,C6guano,-0.09474070866894323,0.09465805240273582
126,19,31.57894736842105,0,C6guano,-0.09474070866894323,0.09465805240273582
127,19,15.789473684210526,21.052631578947366,C6guano,-0.09474070866894323,0.09465805240273582
128,19,57.89473684210527,0,C6guano,-0.09474070866894323,0.09465805240273582
129,19,15.789473684210526,31.57894736842105,C6guano,-0.09474070866894323,0.09465805240273582
130,19,0,31.57894736842105,C6guano,-0.09474070866894323,0.09465805240273582
131,19,36.84210526315789,0,C6guano,-0.09474070866894323,0.09465805240273582
132,19,15.789473684210526,10.526315789473683,C6guano,-0.09474070866894323,0.09465805240273582
133,19,47.368421052631575,5.263157894736842,C6guano,-0.09474070866894323,0.09465805240273582
134,19,21.052631578947366,26.31578947368421,C6guano,-0.09474070866894323,0.09465805240273582
135,19,89.47368421052632,0,C6guano,-0.09474070866894323,0.09465805240273582
136,19,21.052631578947366,5.263157894736842,C6guano,-0.09474070866894323,0.09465805240273582
137,19,68.42105263157895,0,C6guano,-0.09474070866894323,0.09465805240273582
138,19,57.89473684210527,5.263157894736842,C6guano,-0.09474070866894323,0.09465805240273582
139,19,15.789473684210526,15.789473684210526,C6guano,-0.09474070866894323,0.09465805240273582
140,19,10.526315789473683,5.263157894736842,C6guano,-0.09474070866894323,0.09465805240273582
141,19,52.63157894736842,5.263157894736842,C6guano,-0.09474070866894323,0.09465805240273582
142,19,94.73684210526315,0,C6guano,-0.09474070866894323,0.09465805240273582
143,19,84.21052631578947,0,C6guano,-0.09474070866894323,0.09465805240273582
144,19,31.57894736842105,0,C6guano,-0.09474070866894323,0.09465805240273582
145,19,42.10526315789473,0,C6guano,-0.09474070866894323,0.09465805240273582
146,19,57.89473684210527,5.263157894736842,C6guano,-0.09474070866894323,0.09465805240273582
147,19,57.89473684210527,0,C6guano,-0.09474070866894323,0.09465805240273582
148,19,68.42105263157895,0,C6guano,-0.09474070866894323,0.09465805240273582
149,19,100,0,C6guano,-0.09474070866894323,0.09465805240273582
150,19,78.94736842105263,0,C6guano,-0.09474070866894323,0.09465805240273582
151,19,73.68421052631578,0,C6guano,-0.09474070866894323,0.09465805240273582
152,19,68.42105263157895,0,C6guano,-0.09474070866894323,0.09465805240273582
153,19,89.47368421052632,0,C6guano,-0.09474070866894323,0.09465805240273582
154,19,89.47368421052632,0,C6guano,-0.09474070866894323,0.09465805240273582
155,19,36.84210526315789,5.263157894736842,C6guano,-0.09474070866894323,0.09465805240273582
156,19,100,0,C6guano,-0.09474070866894323,0.09465805240273582
157,19,78.94736842105263,5.263157894736842,C6guano,-0.09474070866894323,0.09465805240273582
158,19,52.63157894736842,15.789473684210526,C6guano,-0.09474070866894323,0.09465805240273582
159,19,68.42105263157895,5.263157894736842,C6guano,-0.09474070866894323,0.09465805240273582
160,19,84.21052631578947,0,C6guano,-0.09474070866894323,0.09465805240273582
161,19,94.73684210526315,0,C6guano,-0.09474070866894323,0.09465805240273582
162,19,36.84210526315789,26.31578947368421,C6guano,-0.09474070866894323,0.09465805240273582
163,19,89.47368421052632,0,C6guano,-0.09474070866894323,0.09465805240273582
164,19,89.47368421052632,0,C6guano,-0.09474070866894323,0.09465805240273582
165,19,52.63157894736842,21.052631578947366,C6guano,-0.09474070866894323,0.09465805240273582
166,19,73.68421052631578,0,C6guano,-0.09474070866894323,0.09465805240273582
167,19,100,0,C6guano,-0.09474070866894323,0.09465805240273582
168,19,100,0,C6guano,-0.09474070866894323,0.09465805240273582
169,19,68.42105263157895,10.526315789473683,C6guano,-0.09474070866894323,0.09465805240273582
170,19,94.73684210526315,0,C6guano,-0.09474070866894323,0.09465805240273582
171,19,78.94736842105263,0,C6guano,-0.09474070866894323,0.09465805240273582
172,19,52.63157894736842,5.263157894736842,C6guano,-0.09474070866894323,0.09465805240273582
173,19,63.1578947368421,0,C6guano,-0.09474070866894323,0.09465805240273582
174,19,84.21052631578947,0,C6guano,-0.09474070866894323,0.09465805240273582
175,19,47.368421052631575,0,C6guano,-0.09474070866894323,0.09465805240273582
176,19,15.789473684210526,0,C6guano,-0.09474070866894323,0.09465805240273582
177,19,57.89473684210527,10.526315789473683,C6guano,-0.09474070866894323,0.09465805240273582
178,19,47.368421052631575,5.263157894736842,C6guano,-0.09474070866894323,0.09465805240273582
179,19,26.31578947368421,26.31578947368421,C6guano,-0.09474070866894323,0.09465805240273582
180,19,57.89473684210527,10.526315789473683,C6guano,-0.09474070866894323,0.09465805240273582
181,19,84.21052631578947,0,C6guano,-0.09474070866894323,0.09465805240273582
182,19,31.57894736842105,26.31578947368421,C6guano,-0.09474070866894323,0.09465805240273582
183,19,31.57894736842105,5.263157894736842,C6guano,-0.09474070866894323,0.09465805240273582
184,19,36.84210526315789,21.052631578947366,C6guano,-0.09474070866894323,0.09465805240273582
185,19,42.10526315789473,5.263157894736842,C6guano,-0.09474070866894323,0.09465805240273582
186,19,57.89473684210527,5.263157894736842,C6guano,-0.09474070866894323,0.09465805240273582
187,19,26.31578947368421,0,C6guano,-0.09474070866894323,0.09465805240273582
188,19,15.789473684210526,10.526315789473683,C6guano,-0.09474070866894323,0.09465805240273582
189,19,47.368421052631575,5.263157894736842,C6guano,-0.09474070866894323,0.09465805240273582
190,19,78.94736842105263,0,C6guano,-0.09474070866894323,0.09465805240273582
191,19,15.789473684210526,10.526315789473683,C6guano,-0.09474070866894323,0.09465805240273582
192,19,47.368421052631575,0,C6guano,-0.09474070866894323,0.09465805240273582
193,19,42.10526315789473,10.526315789473683,C6guano,-0.09474070866894323,0.09465805240273582
194,19,68.42105263157895,0,C6guano,-0.09474070866894323,0.09465805240273582
195,19,42.10526315789473,5.263157894736842,C6guano,-0.09474070866894323,0.09465805240273582
196,19,47.368421052631575,0,C6guano,-0.09474070866894323,0.09465805240273582
197,19,57.89473684210527,0,C6guano,-0.09474070866894323,0.09465805240273582
198,19,63.1578947368421,0,C6guano,-0.09474070866894323,0.09465805240273582
199,19,57.89473684210527,5.263157894736842,C6guano,-0.09474070866894323,0.09465805240273582
200,19,52.63157894736842,10.526315789473683,C6guano,-0.09474070866894323,0.09465805240273582
201,19,42.10526315789473,10.526315789473683,C6guano,-0.09474070866894323,0.09465805240273582
202,19,68.42105263157895,0,C6guano,-0.09474070866894323,0.09465805240273582
203,19,73.68421052631578,5.263157894736842,C6guano,-0.09474070866894323,0.09465805240273582
204,19,52.63157894736842,10.526315789473683,C6guano,-0.09474070866894323,0.09465805240273582
205,19,42.10526315789473,0,C6guano,-0.09474070866894323,0.09465805240273582
206,19,21.052631578947366,0,C6guano,-0.09474070866894323,0.09465805240273582
207,19,15.789473684210526,15.789473684210526,C6guano,-0.09474070866894323,0.09465805240273582
208,19,89.47368421052632,0,C6guano,-0.09474070866894323,0.09465805240273582
209,19,15.789473684210526,10.526315789473683,C6guano,-0.09474070866894323,0.09465805240273582
210,19,42.10526315789473,5.263157894736842,C6guano,-0.09474070866894323,0.09465805240273582
211,19,0,5.263157894736842,C6guano,-0.09474070866894323,0.09465805240273582
212,19,10.526315789473683,21.052631578947366,C6guano,-0.09474070866894323,0.09465805240273582
213,19,15.789473684210526,10.526315789473683,C6guano,-0.09474070866894323,0.09465805240273582
214,18,0,0,C6guano,-0.09474070866894323,0.09465805240273582
215,19,21.052631578947366,10.526315789473683,C6guano,-0.09474070866894323,0.09465805240273582
216,19,31.57894736842105,0,C6guano,-0.09474070866894323,0.09465805240273582
217,19,10.526315789473683,10.526315789473683,C6guano,-0.09474070866894323,0.09465805240273582
218,19,10.526315789473683,26.31578947368421,C6guano,-0.09474070866894323,0.09465805240273582
219,19,100,0,C6guano,-0.09474070866894323,0.09465805240273582
220,19,15.789473684210526,21.052631578947366,C6guano,-0.09474070866894323,0.09465805240273582
221,19,26.31578947368421,0,C6guano,-0.09474070866894323,0.09465805240273582
222,19,15.789473684210526,5.263157894736842,C6guano,-0.09474070866894323,0.09465805240273582
223,19,0,10.526315789473683,C6guano,-0.09474070866894323,0.09465805240273582
224,19,0,26.31578947368421,C6guano,-0.09474070866894323,0.09465805240273582
225,19,0,36.84210526315789,C6guano,-0.09474070866894323,0.09465805240273582
226,18,38.88888888888889,22.22222222222222,C6guano,-0.09474070866894323,0.09465805240273582
227,19,5.263157894736842,10.526315789473683,C6guano,-0.09474070866894323,0.09465805240273582
228,19,10.526315789473683,10.526315789473683,C6guano,-0.09474070866894323,0.09465805240273582
229,19,0,5.263157894736842,C6guano,-0.09474070866894323,0.09465805240273582
230,19,0,26.31578947368421,C6guano,-0.09474070866894323,0.09465805240273582
231,19,10.526315789473683,10.526315789473683,C6guano,-0.09474070866894323,0.09465805240273582
232,18,5.555555555555555,16.666666666666664,C6guano,-0.09474070866894323,0.09465805240273582
233,19,31.57894736842105,5.263157894736842,C6guano,-0.09474070866894323,0.09465805240273582
234,19,0,26.31578947368421,C6guano,-0.09474070866894323,0.09465805240273582
235,19,5.263157894736842,26.31578947368421,C6guano,-0.09474070866894323,0.09465805240273582
236,19,42.10526315789473,5.263157894736842,C6guano,-0.09474070866894323,0.09465805240273582
237,19,57.89473684210527,10.526315789473683,C6guano,-0.09474070866894323,0.09465805240273582
238,19,63.1578947368421,0,C6guano,-0.09474070866894323,0.09465805240273582
239,19,57.89473684210527,5.263157894736842,C6guano,-0.09474070866894323,0.09465805240273582
240,19,52.63157894736842,0,C6guano,-0.09474070866894323,0.09465805240273582
241,19,63.1578947368421,5.263157894736842,C6guano,-0.09474070866894323,0.09465805240273582
242,19,42.10526315789473,21.052631578947366,C6guano,-0.09474070866894323,0.09465805240273582
243,19,78.94736842105263,0,C6guano,-0.09474070866894323,0.09465805240273582
244,19,47.368421052631575,21.052631578947366,C6guano,-0.09474070866894323,0.09465805240273582
245,19,47.368421052631575,15.789473684210526,C6guano,-0.09474070866894323,0.09465805240273582
246,19,94.73684210526315,0,C6guano,-0.09474070866894323,0.09465805240273582
247,19,57.89473684210527,0,C6guano,-0.09474070866894323,0.09465805240273582
248,19,57.89473684210527,5.263157894736842,C6guano,-0.09474070866894323,0.09465805240273582
249,19,68.42105263157895,5.263157894736842,C6guano,-0.09474070866894323,0.09465805240273582
250,19,63.1578947368421,10.526315789473683,C6guano,-0.09474070866894323,0.09465805240273582
251,19,68.42105263157895,5.263157894736842,C6guano,-0.09474070866894323,0.09465805240273582
252,19,31.57894736842105,10.526315789473683,C6guano,-0.09474070866894323,0.09465805240273582
253,19,94.73684210526315,0,C6guano,-0.09474070866894323,0.09465805240273582
254,19,94.73684210526315,5.263157894736842,C6guano,-0.09474070866894323,0.09465805240273582
255,19,31.57894736842105,0,C6guano,-0.09474070866894323,0.09465805240273582
256,19,36.84210526315789,0,C6guano,-0.09474070866894323,0.09465805240273582
257,19,94.73684210526315,0,C6guano,-0.09474070866894323,0.09465805240273582
258,19,57.89473684210527,0,C6guano,-0.09474070866894323,0.09465805240273582
259,19,15.789473684210526,10.526315789473683,C6guano,-0.09474070866894323,0.09465805240273582
260,19,68.42105263157895,5.263157894736842,C6guano,-0.09474070866894323,0.09465805240273582
261,19,78.94736842105263,0,C6guano,-0.09474070866894323,0.09465805240273582
262,19,63.1578947368421,0,C6guano,-0.09474070866894323,0.09465805240273582
263,19,10.526315789473683,10.526315789473683,C6guano,-0.09474070866894323,0.09465805240273582
264,19,5.263157894736842,15.789473684210526,C6guano,-0.09474070866894323,0.09465805240273582
265,19,15.789473684210526,15.789473684210526,C6guano,-0.09474070866894323,0.09465805240273582
266,19,0,31.57894736842105,C6guano,-0.09474070866894323,0.09465805240273582
267,19,10.526315789473683,5.263157894736842,C6guano,-0.09474070866894323,0.09465805240273582
268,19,5.263157894736842,15.789473684210526,C6guano,-0.09474070866894323,0.09465805240273582
269,19,0,47.368421052631575,C6guano,-0.09474070866894323,0.09465805240273582
270,19,26.31578947368421,10.526315789473683,C6guano,-0.09474070866894323,0.09465805240273582
271,19,5.263157894736842,5.263157894736842,C6guano,-0.09474070866894323,0.09465805240273582
272,19,10.526315789473683,5.263157894736842,C6guano,-0.09474070866894323,0.09465805240273582
273,19,36.84210526315789,5.263157894736842,C6guano,-0.09474070866894323,0.09465805240273582
274,19,5.263157894736842,15.789473684210526,C6guano,-0.09474070866894323,0.09465805240273582
275,19,5.263157894736842,0,C6guano,-0.09474070866894323,0.09465805240273582
276,19,5.263157894736842,15.789473684210526,C6guano,-0.09474070866894323,0.09465805240273582
277,19,31.57894736842105,0,C6guano,-0.09474070866894323,0.09465805240273582
278,19,42.10526315789473,0,C6guano,-0.09474070866894323,0.09465805240273582
279,19,57.89473684210527,5.263157894736842,C6guano,-0.09474070866894323,0.09465805240273582
280,19,78.94736842105263,0,C6guano,-0.09474070866894323,0.09465805240273582
281,19,26.31578947368421,10.526315789473683,C6guano,-0.09474070866894323,0.09465805240273582
282,19,10.526315789473683,15.789473684210526,C6guano,-0.09474070866894323,0.09465805240273582
283,19,21.052631578947366,21.052631578947366,C6guano,-0.09474070866894323,0.09465805240273582
284,19,42.10526315789473,0,C6guano,-0.09474070866894323,0.09465805240273582
285,19,5.263157894736842,15.789473684210526,C6guano,-0.09474070866894323,0.09465805240273582
286,19,31.57894736842105,5.263157894736842,C6guano,-0.09474070866894323,0.09465805240273582
287,19,5.263157894736842,15.789473684210526,C6guano,-0.09474070866894323,0.09465805240273582
288,19,57.89473684210527,5.263157894736842,C6guano,-0.09474070866894323,0.09465805240273582
289,19,21.052631578947366,26.31578947368421,C6guano,-0.09474070866894323,0.09465805240273582
290,19,36.84210526315789,0,C6guano,-0.09474070866894323,0.09465805240273582
291,19,100,0,C6guano,-0.09474070866894323,0.09465805240273582
292,19,52.63157894736842,5.263157894736842,C6guano,-0.09474070866894323,0.09465805240273582
293,19,36.84210526315789,15.789473684210526,C6guano,-0.09474070866894323,0.09465805240273582
294,19,78.94736842105263,5.263157894736842,C6guano,-0.09474070866894323,0.09465805240273582
295,19,89.47368421052632,0,C6guano,-0.09474070866894323,0.09465805240273582
296,19,47.368421052631575,15.789473684210526,C6guano,-0.09474070866894323,0.09465805240273582
297,19,100,0,C6guano,-0.09474070866894323,0.09465805240273582
298,18,66.66666666666666,0,C6guano,-0.09474070866894323,0.09465805240273582
299,19,78.94736842105263,0,C6guano,-0.09474070866894323,0.09465805240273582
300,19,63.1578947368421,5.263157894736842,C6guano,-0.09474070866894323,0.09465805240273582
301,19,73.68421052631578,0,C6guano,-0.09474070866894323,0.09465805240273582
302,19,15.789473684210526,5.263157894736842,C6guano,-0.09474070866894323,0.09465805240273582
303,19,42.10526315789473,5.263157894736842,C6guano,-0.09474070866894323,0.09465805240273582
304,19,15.789473684210526,0,C6guano,-0.09474070866894323,0.09465805240273582
305,19,26.31578947368421,5.263157894736842,C6guano,-0.09474070866894323,0.09465805240273582
306,19,0,5.263157894736842,C6guano,-0.09474070866894323,0.09465805240273582
307,19,5.263157894736842,0,C6guano,-0.09474070866894323,0.09465805240273582
308,19,10.526315789473683,5.263157894736842,C6guano,-0.09474070866894323,0.09465805240273582
309,19,5.263157894736842,10.526315789473683,C6guano,-0.09474070866894323,0.09465805240273582
310,19,21.052631578947366,5.263157894736842,C6guano,-0.09474070866894323,0.09465805240273582
311,19,42.10526315789473,0,C6guano,-0.09474070866894323,0.09465805240273582
312,19,0,5.263157894736842,C6guano,-0.09474070866894323,0.09465805240273582
313,19,26.31578947368421,0,C6guano,-0.09474070866894323,0.09465805240273582
314,19,5.263157894736842,15.789473684210526,C6guano,-0.09474070866894323,0.09465805240273582
315,19,15.789473684210526,0,C6guano,-0.09474070866894323,0.09465805240273582
316,19,21.052631578947366,15.789473684210526,C6guano,-0.09474070866894323,0.09465805240273582
317,19,15.789473684210526,5.263157894736842,C6guano,-0.09474070866894323,0.09465805240273582
318,19,42.10526315789473,15.789473684210526,C6guano,-0.09474070866894323,0.09465805240273582
319,19,10.526315789473683,26.31578947368421,C6guano,-0.09474070866894323,0.09465805240273582
320,19,63.1578947368421,0,C6guano,-0.09474070866894323,0.09465805240273582
321,19,78.94736842105263,0,C6guano,-0.09474070866894323,0.09465805240273582
322,19,47.368421052631575,21.052631578947366,C6guano,-0.09474070866894323,0.09465805240273582
323,19,57.89473684210527,0,C6guano,-0.09474070866894323,0.09465805240273582
324,19,31.57894736842105,5.263157894736842,C6guano,-0.09474070866894323,0.09465805240273582
325,19,78.94736842105263,5.263157894736842,C6guano,-0.09474070866894323,0.09465805240273582
326,19,78.94736842105263,0,C6guano,-0.09474070866894323,0.09465805240273582
327,19,94.73684210526315,0,C6guano,-0.09474070866894323,0.09465805240273582
328,19,84.21052631578947,0,C6guano,-0.09474070866894323,0.09465805240273582
329,19,52.63157894736842,0,C6guano,-0.09474070866894323,0.09465805240273582
330,19,31.57894736842105,5.263157894736842,C6guano,-0.09474070866894323,0.09465805240273582
331,19,63.1578947368421,0,C6guano,-0.09474070866894323,0.09465805240273582
332,19,57.89473684210527,0,C6guano,-0.09474070866894323,0.09465805240273582
333,19,78.94736842105263,5.263157894736842,C6guano,-0.09474070866894323,0.09465805240273582
334,19,78.94736842105263,0,C6guano,-0.09474070866894323,0.09465805240273582
335,19,89.47368421052632,0,C6guano,-0.09474070866894323,0.09465805240273582
336,19,21.052631578947366,10.526315789473683,C6guano,-0.09474070866894323,0.09465805240273582
337,18,55.55555555555556,0,C6guano,-0.09474070866894323,0.09465805240273582
338,19,47.368421052631575,10.526315789473683,C6guano,-0.09474070866894323,0.09465805240273582
339,19,57.89473684210527,0,C6guano,-0.09474070866894323,0.09465805240273582
340,19,15.789473684210526,0,C6guano,-0.09474070866894323,0.09465805240273582
341,19,36.84210526315789,21.052631578947366,C6guano,-0.09474070866894323,0.09465805240273582
342,19,63.1578947368421,5.263157894736842,C6guano,-0.09474070866894323,0.09465805240273582
343,19,21.052631578947366,42.10526315789473,C6guano,-0.09474070866894323,0.09465805240273582
344,18,72.22222222222221,0,C6guano,-0.09474070866894323,0.09465805240273582
345,19,52.63157894736842,0,C6guano,-0.09474070866894323,0.09465805240273582
346,19,36.84210526315789,0,C6guano,-0.09474070866894323,0.09465805240273582
347,19,63.1578947368421,5.263157894736842,C6guano,-0.09474070866894323,0.09465805240273582
348,19,15.789473684210526,15.789473684210526,C6guano,-0.09474070866894323,0.09465805240273582
349,19,26.31578947368421,15.789473684210526,C6guano,-0.09474070866894323,0.09465805240273582
350,19,21.052631578947366,5.263157894736842,C6guano,-0.09474070866894323,0.09465805240273582
351,19,0,68.42105263157895,C6guano,-0.09474070866894323,0.09465805240273582
352,18,0,22.22222222222222,C6guano,-0.09474070866894323,0.09465805240273582
353,19,10.526315789473683,0,C6guano,-0.09474070866894323,0.09465805240273582
354,19,0,26.31578947368421,C6guano,-0.09474070866894323,0.09465805240273582
355,19,0,21.052631578947366,C6guano,-0.09474070866894323,0.09465805240273582
356,19,5.263157894736842,26.31578947368421,C6guano,-0.09474070866894323,0.09465805240273582
357,19,0,10.526315789473683,C6guano,-0.09474070866894323,0.09465805240273582
358,19,0,42.10526315789473,C6guano,-0.09474070866894323,0.09465805240273582
359,19,0,42.10526315789473,C6guano,-0.09474070866894323,0.09465805240273582
360,19,0,36.84210526315789,C6guano,-0.09474070866894323,0.09465805240273582
361,19,0,10.526315789473683,C6guano,-0.09474070866894323,0.09465805240273582
362,19,0,15.789473684210526,C6guano,-0.09474070866894323,0.09465805240273582
363,19,5.263157894736842,10.526315789473683,C6guano,-0.09474070866894323,0.09465805240273582
364,19,5.263157894736842,42.10526315789473,C6guano,-0.09474070866894323,0.09465805240273582
365,19,0,31.57894736842105,C6guano,-0.09474070866894323,0.09465805240273582
366,19,0,42.10526315789473,C6guano,-0.09474070866894323,0.09465805240273582
367,19,5.263157894736842,10.526315789473683,C6guano,-0.09474070866894323,0.09465805240273582
368,19,5.263157894736842,47.368421052631575,C6guano,-0.09474070866894323,0.09465805240273582
369,19,0,5.263157894736842,C6guano,-0.09474070866894323,0.09465805240273582
370,19,0,26.31578947368421,C6guano,-0.09474070866894323,0.09465805240273582
371,19,0,36.84210526315789,C6guano,-0.09474070866894323,0.09465805240273582
372,19,5.263157894736842,31.57894736842105,C6guano,-0.09474070866894323,0.09465805240273582
373,19,0,42.10526315789473,C6guano,-0.09474070866894323,0.09465805240273582
374,19,0,31.57894736842105,C6guano,-0.09474070866894323,0.09465805240273582
375,19,0,26.31578947368421,C6guano,-0.09474070866894323,0.09465805240273582
376,19,0,15.789473684210526,C6guano,-0.09474070866894323,0.09465805240273582
377,19,0,26.31578947368421,C6guano,-0.09474070866894323,0.09465805240273582
378,19,0,31.57894736842105,C6guano,-0.09474070866894323,0.09465805240273582
379,19,0,52.63157894736842,C6guano,-0.09474070866894323,0.09465805240273582
380,19,0,42.10526315789473,C6guano,-0.09474070866894323,0.09465805240273582
381,19,0,42.10526315789473,C6guano,-0.09474070866894323,0.09465805240273582
382,19,0,26.31578947368421,C6guano,-0.09474070866894323,0.09465805240273582
383,19,0,26.31578947368421,C6guano,-0.09474070866894323,0.09465805240273582
384,19,0,57.89473684210527,C6guano,-0.09474070866894323,0.09465805240273582
385,19,0,52.63157894736842,C6guano,-0.09474070866894323,0.09465805240273582
386,19,0,57.89473684210527,C6guano,-0.09474070866894323,0.09465805240273582
387,19,0,63.1578947368421,C6guano,-0.09474070866894323,0.09465805240273582
388,19,0,26.31578947368421,C6guano,-0.09474070866894323,0.09465805240273582
389,19,0,57.89473684210527,C6guano,-0.09474070866894323,0.09465805240273582
390,19,0,42.10526315789473,C6guano,-0.09474070866894323,0.09465805240273582
391,19,0,52.63157894736842,C6guano,-0.09474070866894323,0.09465805240273582
392,19,0,5.263157894736842,C6guano,-0.09474070866894323,0.09465805240273582
393,19,0,26.31578947368421,C6guano,-0.09474070866894323,0.09465805240273582
394,19,0,68.42105263157895,C6guano,-0.09474070866894323,0.09465805240273582
395,19,0,21.052631578947366,C6guano,-0.09474070866894323,0.09465805240273582
396,19,0,68.42105263157895,C6guano,-0.09474070866894323,0.09465805240273582
397,19,0,52.63157894736842,C6guano,-0.09474070866894323,0.09465805240273582
398,19,0,42.10526315789473,C6guano,-0.09474070866894323,0.09465805240273582
399,19,0,36.84210526315789,C6guano,-0.09474070866894323,0.09465805240273582
400,19,0,31.57894736842105,C6guano,-0.09474070866894323,0.09465805240273582
2,19,5.263157894736842,10.526315789473683,Carfentanil,-0.07356952301783906,0.07345933266020585
3,18,0,16.666666666666664,Carfentanil,-0.07356952301783906,0.07345933266020585
4,19,0,21.052631578947366,Carfentanil,-0.07356952301783906,0.07345933266020585
5,19,0,15.789473684210526,Carfentanil,-0.07356952301783906,0.07345933266020585
6,19,5.263157894736842,15.789473684210526,Carfentanil,-0.07356952301783906,0.07345933266020585
7,19,5.263157894736842,21.052631578947366,Carfentanil,-0.07356952301783906,0.07345933266020585
8,19,0,26.31578947368421,Carfentanil,-0.07356952301783906,0.07345933266020585
9,19,0,31.57894736842105,Carfentanil,-0.07356952301783906,0.07345933266020585
10,19,0,5.263157894736842,Carfentanil,-0.07356952301783906,0.07345933266020585
11,19,5.263157894736842,0,Carfentanil,-0.07356952301783906,0.07345933266020585
12,19,0,0,Carfentanil,-0.07356952301783906,0.07345933266020585
13,19,5.263157894736842,15.789473684210526,Carfentanil,-0.07356952301783906,0.07345933266020585
14,18,0,27.77777777777778,Carfentanil,-0.07356952301783906,0.07345933266020585
15,19,0,10.526315789473683,Carfentanil,-0.07356952301783906,0.07345933266020585
16,19,0,21.052631578947366,Carfentanil,-0.07356952301783906,0.07345933266020585
17,19,0,0,Carfentanil,-0.07356952301783906,0.07345933266020585
18,19,0,26.31578947368421,Carfentanil,-0.07356952301783906,0.07345933266020585
19,19,5.263157894736842,15.789473684210526,Carfentanil,-0.07356952301783906,0.07345933266020585
20,19,0,21.052631578947366,Carfentanil,-0.07356952301783906,0.07345933266020585
21,19,0,31.57894736842105,Carfentanil,-0.07356952301783906,0.07345933266020585
22,17,0,35.294117647058826,Carfentanil,-0.07356952301783906,0.07345933266020585
23,19,0,42.10526315789473,Carfentanil,-0.07356952301783906,0.07345933266020585
24,19,0,21.052631578947366,Carfentanil,-0.07356952301783906,0.07345933266020585
25,19,0,15.789473684210526,Carfentanil,-0.07356952301783906,0.07345933266020585
26,19,5.263157894736842,5.263157894736842,Carfentanil,-0.07356952301783906,0.07345933266020585
27,19,0,21.052631578947366,Carfentanil,-0.07356952301783906,0.07345933266020585
28,19,0,26.31578947368421,Carfentanil,-0.07356952301783906,0.07345933266020585
29,19,0,42.10526315789473,Carfentanil,-0.07356952301783906,0.07345933266020585
30,19,0,31.57894736842105,Carfentanil,-0.07356952301783906,0.07345933266020585
31,19,0,15.789473684210526,Carfentanil,-0.07356952301783906,0.07345933266020585
32,19,10.526315789473683,10.526315789473683,Carfentanil,-0.07356952301783906,0.07345933266020585
33,19,5.263157894736842,52.63157894736842,Carfentanil,-0.07356952301783906,0.07345933266020585
34,19,5.263157894736842,31.57894736842105,Carfentanil,-0.07356952301783906,0.07345933266020585
35,19,0,31.57894736842105,Carfentanil,-0.07356952301783906,0.07345933266020585
36,19,0,21.052631578947366,Carfentanil,-0.07356952301783906,0.07345933266020585
37,17,0,11.76470588235294,Carfentanil,-0.07356952301783906,0.07345933266020585
38,19,10.526315789473683,21.052631578947366,Carfentanil,-0.07356952301783906,0.07345933266020585
39,19,5.263157894736842,21.052631578947366,Carfentanil,-0.07356952301783906,0.07345933266020585
40,19,0,15.789473684210526,Carfentanil,-0.07356952301783906,0.07345933266020585
41,19,5.263157894736842,21.052631578947366,Carfentanil,-0.07356952301783906,0.07345933266020585
42,19,0,15.789473684210526,Carfentanil,-0.07356952301783906,0.07345933266020585
43,19,5.263157894736842,31.57894736842105,Carfentanil,-0.07356952301783906,0.07345933266020585
44,19,0,15.789473684210526,Carfentanil,-0.07356952301783906,0.07345933266020585
45,19,0,10.526315789473683,Carfentanil,-0.07356952301783906,0.07345933266020585
46,19,0,42.10526315789473,Carfentanil,-0.07356952301783906,0.07345933266020585
47,19,0,47.368421052631575,Carfentanil,-0.07356952301783906,0.07345933266020585
48,19,5.263157894736842,10.526315789473683,Carfentanil,-0.07356952301783906,0.07345933266020585
49,19,0,42.10526315789473,Carfentanil,-0.07356952301783906,0.07345933266020585
50,19,0,5.263157894736842,Carfentanil,-0.07356952301783906,0.07345933266020585
51,19,0,10.526315789473683,Carfentanil,-0.07356952301783906,0.07345933266020585
52,19,0,21.052631578947366,Carfentanil,-0.07356952301783906,0.07345933266020585
53,19,10.526315789473683,31.57894736842105,Carfentanil,-0.07356952301783906,0.07345933266020585
54,19,15.789473684210526,31.57894736842105,Carfentanil,-0.07356952301783906,0.07345933266020585
55,19,0,36.84210526315789,Carfentanil,-0.07356952301783906,0.07345933266020585
56,19,0,21.052631578947366,Carfentanil,-0.07356952301783906,0.07345933266020585
57,19,0,21.052631578947366,Carfentanil,-0.07356952301783906,0.07345933266020585
58,19,0,52.63157894736842,Carfentanil,-0.07356952301783906,0.07345933266020585
59,19,5.263157894736842,26.31578947368421,Carfentanil,-0.07356952301783906,0.07345933266020585
60,19,10.526315789473683,10.526315789473683,Carfentanil,-0.07356952301783906,0.07345933266020585
61,19,10.526315789473683,36.84210526315789,Carfentanil,-0.07356952301783906,0.07345933266020585
62,19,10.526315789473683,31.57894736842105,Carfentanil,-0.07356952301783906,0.07345933266020585
63,19,5.263157894736842,26.31578947368421,Carfentanil,-0.07356952301783906,0.07345933266020585
64,19,0,10.526315789473683,Carfentanil,-0.07356952301783906,0.07345933266020585
65,19,0,15.789473684210526,Carfentanil,-0.07356952301783906,0.07345933266020585
66,19,10.526315789473683,5.263157894736842,Carfentanil,-0.07356952301783906,0.07345933266020585
67,19,0,47.368421052631575,Carfentanil,-0.07356952301783906,0.07345933266020585
68,19,0,36.84210526315789,Carfentanil,-0.07356952301783906,0.07345933266020585
69,19,15.789473684210526,26.31578947368421,Carfentanil,-0.07356952301783906,0.07345933266020585
70,19,15.789473684210526,36.84210526315789,Carfentanil,-0.07356952301783906,0.07345933266020585
71,19,10.526315789473683,31.57894736842105,Carfentanil,-0.07356952301783906,0.07345933266020585
72,19,15.789473684210526,42.10526315789473,Carfentanil,-0.07356952301783906,0.07345933266020585
73,19,10.526315789473683,0,Carfentanil,-0.07356952301783906,0.07345933266020585
74,19,42.10526315789473,10.526315789473683,Carfentanil,-0.07356952301783906,0.07345933266020585
75,18,11.11111111111111,5.555555555555555,Carfentanil,-0.07356952301783906,0.07345933266020585
76,19,31.57894736842105,15.789473684210526,Carfentanil,-0.07356952301783906,0.07345933266020585
77,19,26.31578947368421,10.526315789473683,Carfentanil,-0.07356952301783906,0.07345933266020585
78,19,5.263157894736842,10.526315789473683,Carfentanil,-0.07356952301783906,0.07345933266020585
79,19,31.57894736842105,5.263157894736842,Carfentanil,-0.07356952301783906,0.07345933266020585
80,19,52.63157894736842,5.263157894736842,Carfentanil,-0.07356952301783906,0.07345933266020585
81,19,21.052631578947366,10.526315789473683,Carfentanil,-0.07356952301783906,0.07345933266020585
82,19,47.368421052631575,26.31578947368421,Carfentanil,-0.07356952301783906,0.07345933266020585
83,19,47.368421052631575,15.789473684210526,Carfentanil,-0.07356952301783906,0.07345933266020585
84,19,100,0,Carfentanil,-0.07356952301783906,0.07345933266020585
85,19,52.63157894736842,21.052631578947366,Carfentanil,-0.07356952301783906,0.07345933266020585
86,19,31.57894736842105,10.526315789473683,Carfentanil,-0.07356952301783906,0.07345933266020585
87,19,57.89473684210527,10.526315789473683,Carfentanil,-0.07356952301783906,0.07345933266020585
88,19,78.94736842105263,5.263157894736842,Carfentanil,-0.07356952301783906,0.07345933266020585
89,19,47.368421052631575,15.789473684210526,Carfentanil,-0.07356952301783906,0.07345933266020585
90,19,73.68421052631578,0,Carfentanil,-0.07356952301783906,0.07345933266020585
91,19,94.73684210526315,0,Carfentanil,-0.07356952301783906,0.07345933266020585
92,18,44.44444444444444,0,Carfentanil,-0.07356952301783906,0.07345933266020585
93,19,21.052631578947366,15.789473684210526,Carfentanil,-0.07356952301783906,0.07345933266020585
94,19,42.10526315789473,10.526315789473683,Carfentanil,-0.07356952301783906,0.07345933266020585
95,19,68.42105263157895,0,Carfentanil,-0.07356952301783906,0.07345933266020585
96,19,10.526315789473683,21.052631578947366,Carfentanil,-0.07356952301783906,0.07345933266020585
97,18,27.77777777777778,16.666666666666664,Carfentanil,-0.07356952301783906,0.07345933266020585
98,19,21.052631578947366,10.526315789473683,Carfentanil,-0.07356952301783906,0.07345933266020585
99,19,26.31578947368421,5.263157894736842,Carfentanil,-0.07356952301783906,0.07345933266020585
100,19,31.57894736842105,10.526315789473683,Carfentanil,-0.07356952301783906,0.07345933266020585
101,19,36.84210526315789,0,Carfentanil,-0.07356952301783906,0.07345933266020585
102,19,10.526315789473683,21.052631578947366,Carfentanil,-0.07356952301783906,0.07345933266020585
103,19,57.89473684210527,0,Carfentanil,-0.07356952301783906,0.07345933266020585
104,19,42.10526315789473,5.263157894736842,Carfentanil,-0.07356952301783906,0.07345933266020585
105,19,36.84210526315789,5.263157894736842,Carfentanil,-0.07356952301783906,0.07345933266020585
106,19,73.68421052631578,0,Carfentanil,-0.07356952301783906,0.07345933266020585
107,19,52.63157894736842,0,Carfentanil,-0.07356952301783906,0.07345933266020585
108,19,68.42105263157895,5.263157894736842,Carfentanil,-0.07356952301783906,0.07345933266020585
109,19,52.63157894736842,5.263157894736842,Carfentanil,-0.07356952301783906,0.07345933266020585
110,19,57.89473684210527,0,Carfentanil,-0.07356952301783906,0.07345933266020585
111,19,52.63157894736842,0,Carfentanil,-0.07356952301783906,0.07345933266020585
112,19,84.21052631578947,0,Carfentanil,-0.07356952301783906,0.07345933266020585
113,19,84.21052631578947,0,Carfentanil,-0.07356952301783906,0.07345933266020585
114,19,57.89473684210527,10.526315789473683,Carfentanil,-0.07356952301783906,0.07345933266020585
115,19,36.84210526315789,10.526315789473683,Carfentanil,-0.07356952301783906,0.07345933266020585
116,19,36.84210526315789,0,Carfentanil,-0.07356952301783906,0.07345933266020585
117,19,57.89473684210527,5.263157894736842,Carfentanil,-0.07356952301783906,0.07345933266020585
118,19,57.89473684210527,5.263157894736842,Carfentanil,-0.07356952301783906,0.07345933266020585
119,19,21.052631578947366,10.526315789473683,Carfentanil,-0.07356952301783906,0.07345933266020585
120,19,36.84210526315789,21.052631578947366,Carfentanil,-0.07356952301783906,0.07345933266020585
121,19,57.89473684210527,10.526315789473683,Carfentanil,-0.07356952301783906,0.07345933266020585
122,19,42.10526315789473,15.789473684210526,Carfentanil,-0.07356952301783906,0.07345933266020585
123,19,73.68421052631578,5.263157894736842,Carfentanil,-0.07356952301783906,0.07345933266020585
124,19,57.89473684210527,10.526315789473683,Carfentanil,-0.07356952301783906,0.07345933266020585
125,19,63.1578947368421,5.263157894736842,Carfentanil,-0.07356952301783906,0.07345933266020585
126,19,21.052631578947366,31.57894736842105,Carfentanil,-0.07356952301783906,0.07345933266020585
127,19,31.57894736842105,21.052631578947366,Carfentanil,-0.07356952301783906,0.07345933266020585
128,19,36.84210526315789,5.263157894736842,Carfentanil,-0.07356952301783906,0.07345933266020585
129,19,0,21.052631578947366,Carfentanil,-0.07356952301783906,0.07345933266020585
130,19,10.526315789473683,21.052631578947366,Carfentanil,-0.07356952301783906,0.07345933266020585
131,19,42.10526315789473,10.526315789473683,Carfentanil,-0.07356952301783906,0.07345933266020585
132,19,21.052631578947366,0,Carfentanil,-0.07356952301783906,0.07345933266020585
133,19,31.57894736842105,5.263157894736842,Carfentanil,-0.07356952301783906,0.07345933266020585
134,19,15.789473684210526,21.052631578947366,Carfentanil,-0.07356952301783906,0.07345933266020585
135,19,52.63157894736842,15.789473684210526,Carfentanil,-0.07356952301783906,0.07345933266020585
136,19,21.052631578947366,31.57894736842105,Carfentanil,-0.07356952301783906,0.07345933266020585
137,19,52.63157894736842,5.263157894736842,Carfentanil,-0.07356952301783906,0.07345933266020585
138,19,36.84210526315789,10.526315789473683,Carfentanil,-0.07356952301783906,0.07345933266020585
139,19,15.789473684210526,10.526315789473683,Carfentanil,-0.07356952301783906,0.07345933266020585
140,19,26.31578947368421,21.052631578947366,Carfentanil,-0.07356952301783906,0.07345933266020585
141,19,42.10526315789473,15.789473684210526,Carfentanil,-0.07356952301783906,0.07345933266020585
142,19,100,0,Carfentanil,-0.07356952301783906,0.07345933266020585
143,19,63.1578947368421,5.263157894736842,Carfentanil,-0.07356952301783906,0.07345933266020585
144,19,47.368421052631575,10.526315789473683,Carfentanil,-0.07356952301783906,0.07345933266020585
145,19,42.10526315789473,5.263157894736842,Carfentanil,-0.07356952301783906,0.07345933266020585
146,19,42.10526315789473,21.052631578947366,Carfentanil,-0.07356952301783906,0.07345933266020585
147,19,42.10526315789473,21.052631578947366,Carfentanil,-0.07356952301783906,0.07345933266020585
148,19,42.10526315789473,10.526315789473683,Carfentanil,-0.07356952301783906,0.07345933266020585
149,19,78.94736842105263,0,Carfentanil,-0.07356952301783906,0.07345933266020585
150,19,21.052631578947366,21.052631578947366,Carfentanil,-0.07356952301783906,0.07345933266020585
151,19,68.42105263157895,0,Carfentanil,-0.07356952301783906,0.07345933266020585
152,19,57.89473684210527,21.052631578947366,Carfentanil,-0.07356952301783906,0.07345933266020585
153,19,42.10526315789473,5.263157894736842,Carfentanil,-0.07356952301783906,0.07345933266020585
154,19,63.1578947368421,5.263157894736842,Carfentanil,-0.07356952301783906,0.07345933266020585
155,19,52.63157894736842,5.263157894736842,Carfentanil,-0.07356952301783906,0.07345933266020585
156,19,89.47368421052632,0,Carfentanil,-0.07356952301783906,0.07345933266020585
157,19,36.84210526315789,15.789473684210526,Carfentanil,-0.07356952301783906,0.07345933266020585
158,19,31.57894736842105,10.526315789473683,Carfentanil,-0.07356952301783906,0.07345933266020585
159,19,47.368421052631575,5.263157894736842,Carfentanil,-0.07356952301783906,0.07345933266020585
160,19,78.94736842105263,5.263157894736842,Carfentanil,-0.07356952301783906,0.07345933266020585
161,19,57.89473684210527,21.052631578947366,Carfentanil,-0.07356952301783906,0.07345933266020585
162,19,31.57894736842105,26.31578947368421,Carfentanil,-0.07356952301783906,0.07345933266020585
163,19,89.47368421052632,0,Carfentanil,-0.07356952301783906,0.07345933266020585
164,19,78.94736842105263,5.263157894736842,Carfentanil,-0.07356952301783906,0.07345933266020585
165,19,63.1578947368421,10.526315789473683,Carfentanil,-0.07356952301783906,0.07345933266020585
166,19,94.73684210526315,0,Carfentanil,-0.07356952301783906,0.07345933266020585
167,19,100,0,Carfentanil,-0.07356952301783906,0.07345933266020585
168,19,89.47368421052632,0,Carfentanil,-0.07356952301783906,0.07345933266020585
169,19,63.1578947368421,10.526315789473683,Carfentanil,-0.07356952301783906,0.07345933266020585
170,19,100,0,Carfentanil,-0.07356952301783906,0.07345933266020585
171,19,94.73684210526315,0,Carfentanil,-0.07356952301783906,0.07345933266020585
172,19,63.1578947368421,5.263157894736842,Carfentanil,-0.07356952301783906,0.07345933266020585
173,19,52.63157894736842,0,Carfentanil,-0.07356952301783906,0.07345933266020585
174,19,63.1578947368421,10.526315789473683,Carfentanil,-0.07356952301783906,0.07345933266020585
175,19,31.57894736842105,15.789473684210526,Carfentanil,-0.07356952301783906,0.07345933266020585
176,19,26.31578947368421,10.526315789473683,Carfentanil,-0.07356952301783906,0.07345933266020585
177,19,36.84210526315789,26.31578947368421,Carfentanil,-0.07356952301783906,0.07345933266020585
178,19,21.052631578947366,0,Carfentanil,-0.07356952301783906,0.07345933266020585
179,19,10.526315789473683,5.263157894736842,Carfentanil,-0.07356952301783906,0.07345933266020585
180,19,31.57894736842105,21.052631578947366,Carfentanil,-0.07356952301783906,0.07345933266020585
181,19,89.47368421052632,0,Carfentanil,-0.07356952301783906,0.07345933266020585
182,19,15.789473684210526,21.052631578947366,Carfentanil,-0.07356952301783906,0.07345933266020585
183,19,36.84210526315789,15.789473684210526,Carfentanil,-0.07356952301783906,0.07345933266020585
184,19,42.10526315789473,10.526315789473683,Carfentanil,-0.07356952301783906,0.07345933266020585
185,19,21.052631578947366,0,Carfentanil,-0.07356952301783906,0.07345933266020585
186,19,68.42105263157895,0,Carfentanil,-0.07356952301783906,0.07345933266020585
187,19,26.31578947368421,5.263157894736842,Carfentanil,-0.07356952301783906,0.07345933266020585
188,19,42.10526315789473,31.57894736842105,Carfentanil,-0.07356952301783906,0.07345933266020585
189,19,42.10526315789473,5.263157894736842,Carfentanil,-0.07356952301783906,0.07345933266020585
190,19,36.84210526315789,10.526315789473683,Carfentanil,-0.07356952301783906,0.07345933266020585
191,19,68.42105263157895,10.526315789473683,Carfentanil,-0.07356952301783906,0.07345933266020585
192,19,31.57894736842105,5.263157894736842,Carfentanil,-0.07356952301783906,0.07345933266020585
193,19,47.368421052631575,31.57894736842105,Carfentanil,-0.07356952301783906,0.07345933266020585
194,19,68.42105263157895,5.263157894736842,Carfentanil,-0.07356952301783906,0.07345933266020585
195,19,73.68421052631578,5.263157894736842,Carfentanil,-0.07356952301783906,0.07345933266020585
196,19,57.89473684210527,10.526315789473683,Carfentanil,-0.07356952301783906,0.07345933266020585
197,19,68.42105263157895,10.526315789473683,Carfentanil,-0.07356952301783906,0.07345933266020585
198,19,73.68421052631578,0,Carfentanil,-0.07356952301783906,0.07345933266020585
199,19,36.84210526315789,15.789473684210526,Carfentanil,-0.07356952301783906,0.07345933266020585
200,19,78.94736842105263,0,Carfentanil,-0.07356952301783906,0.07345933266020585
201,19,63.1578947368421,10.526315789473683,Carfentanil,-0.07356952301783906,0.07345933266020585
202,19,73.68421052631578,0,Carfentanil,-0.07356952301783906,0.07345933266020585
203,19,94.73684210526315,0,Carfentanil,-0.07356952301783906,0.07345933266020585
204,19,57.89473684210527,0,Carfentanil,-0.07356952301783906,0.07345933266020585
205,19,26.31578947368421,5.263157894736842,Carfentanil,-0.07356952301783906,0.07345933266020585
206,19,42.10526315789473,10.526315789473683,Carfentanil,-0.07356952301783906,0.07345933266020585
207,19,0,10.526315789473683,Carfentanil,-0.07356952301783906,0.07345933266020585
208,19,52.63157894736842,0,Carfentanil,-0.07356952301783906,0.07345933266020585
209,19,0,36.84210526315789,Carfentanil,-0.07356952301783906,0.07345933266020585
210,19,36.84210526315789,21.052631578947366,Carfentanil,-0.07356952301783906,0.07345933266020585
211,19,5.263157894736842,42.10526315789473,Carfentanil,-0.07356952301783906,0.07345933266020585
212,19,10.526315789473683,26.31578947368421,Carfentanil,-0.07356952301783906,0.07345933266020585
213,19,15.789473684210526,26.31578947368421,Carfentanil,-0.07356952301783906,0.07345933266020585
214,18,27.77777777777778,27.77777777777778,Carfentanil,-0.07356952301783906,0.07345933266020585
215,19,10.526315789473683,10.526315789473683,Carfentanil,-0.07356952301783906,0.07345933266020585
216,19,10.526315789473683,21.052631578947366,Carfentanil,-0.07356952301783906,0.07345933266020585
217,19,31.57894736842105,10.526315789473683,Carfentanil,-0.07356952301783906,0.07345933266020585
218,19,5.263157894736842,52.63157894736842,Carfentanil,-0.07356952301783906,0.07345933266020585
219,19,100,0,Carfentanil,-0.07356952301783906,0.07345933266020585
220,19,0,52.63157894736842,Carfentanil,-0.07356952301783906,0.07345933266020585
221,19,26.31578947368421,0,Carfentanil,-0.07356952301783906,0.07345933266020585
222,19,21.052631578947366,26.31578947368421,Carfentanil,-0.07356952301783906,0.07345933266020585
223,19,5.263157894736842,10.526315789473683,Carfentanil,-0.07356952301783906,0.07345933266020585
224,19,5.263157894736842,57.89473684210527,Carfentanil,-0.07356952301783906,0.07345933266020585
225,19,10.526315789473683,10.526315789473683,Carfentanil,-0.07356952301783906,0.07345933266020585
226,18,11.11111111111111,33.33333333333333,Carfentanil,-0.07356952301783906,0.07345933266020585
227,19,31.57894736842105,15.789473684210526,Carfentanil,-0.07356952301783906,0.07345933266020585
228,19,26.31578947368421,0,Carfentanil,-0.07356952301783906,0.07345933266020585
229,19,5.263157894736842,21.052631578947366,Carfentanil,-0.07356952301783906,0.07345933266020585
230,19,0,21.052631578947366,Carfentanil,-0.07356952301783906,0.07345933266020585
231,19,10.526315789473683,26.31578947368421,Carfentanil,-0.07356952301783906,0.07345933266020585
232,18,11.11111111111111,5.555555555555555,Carfentanil,-0.07356952301783906,0.07345933266020585
233,19,10.526315789473683,15.789473684210526,Carfentanil,-0.07356952301783906,0.07345933266020585
234,19,52.63157894736842,26.31578947368421,Carfentanil,-0.07356952301783906,0.07345933266020585
235,19,0,10.526315789473683,Carfentanil,-0.07356952301783906,0.07345933266020585
236,19,31.57894736842105,0,Carfentanil,-0.07356952301783906,0.07345933266020585
237,19,21.052631578947366,47.368421052631575,Carfentanil,-0.07356952301783906,0.07345933266020585
238,19,26.31578947368421,21.052631578947366,Carfentanil,-0.07356952301783906,0.07345933266020585
239,19,26.31578947368421,0,Carfentanil,-0.07356952301783906,0.07345933266020585
240,19,57.89473684210527,5.263157894736842,Carfentanil,-0.07356952301783906,0.07345933266020585
241,19,47.368421052631575,0,Carfentanil,-0.07356952301783906,0.07345933266020585
242,19,63.1578947368421,0,Carfentanil,-0.07356952301783906,0.07345933266020585
243,19,42.10526315789473,26.31578947368421,Carfentanil,-0.07356952301783906,0.07345933266020585
244,19,42.10526315789473,5.263157894736842,Carfentanil,-0.07356952301783906,0.07345933266020585
245,19,26.31578947368421,31.57894736842105,Carfentanil,-0.07356952301783906,0.07345933266020585
246,19,84.21052631578947,0,Carfentanil,-0.07356952301783906,0.07345933266020585
247,19,47.368421052631575,21.052631578947366,Carfentanil,-0.07356952301783906,0.07345933266020585
248,19,57.89473684210527,0,Carfentanil,-0.07356952301783906,0.07345933266020585
249,19,47.368421052631575,10.526315789473683,Carfentanil,-0.07356952301783906,0.07345933266020585
250,19,84.21052631578947,0,Carfentanil,-0.07356952301783906,0.07345933266020585
251,19,68.42105263157895,0,Carfentanil,-0.07356952301783906,0.07345933266020585
252,19,57.89473684210527,0,Carfentanil,-0.07356952301783906,0.07345933266020585
253,19,52.63157894736842,15.789473684210526,Carfentanil,-0.07356952301783906,0.07345933266020585
254,19,84.21052631578947,0,Carfentanil,-0.07356952301783906,0.07345933266020585
255,19,57.89473684210527,0,Carfentanil,-0.07356952301783906,0.07345933266020585
256,19,36.84210526315789,15.789473684210526,Carfentanil,-0.07356952301783906,0.07345933266020585
257,19,94.73684210526315,0,Carfentanil,-0.07356952301783906,0.07345933266020585
258,19,31.57894736842105,0,Carfentanil,-0.07356952301783906,0.07345933266020585
259,19,5.263157894736842,5.263157894736842,Carfentanil,-0.07356952301783906,0.07345933266020585
260,19,73.68421052631578,0,Carfentanil,-0.07356952301783906,0.07345933266020585
261,19,78.94736842105263,0,Carfentanil,-0.07356952301783906,0.07345933266020585
262,19,36.84210526315789,21.052631578947366,Carfentanil,-0.07356952301783906,0.07345933266020585
263,19,10.526315789473683,21.052631578947366,Carfentanil,-0.07356952301783906,0.07345933266020585
264,19,10.526315789473683,5.263157894736842,Carfentanil,-0.07356952301783906,0.07345933266020585
265,19,10.526315789473683,0,Carfentanil,-0.07356952301783906,0.07345933266020585
266,19,5.263157894736842,26.31578947368421,Carfentanil,-0.07356952301783906,0.07345933266020585
267,19,5.263157894736842,26.31578947368421,Carfentanil,-0.07356952301783906,0.07345933266020585
268,19,10.526315789473683,21.052631578947366,Carfentanil,-0.07356952301783906,0.07345933266020585
269,19,15.789473684210526,15.789473684210526,Carfentanil,-0.07356952301783906,0.07345933266020585
270,19,26.31578947368421,10.526315789473683,Carfentanil,-0.07356952301783906,0.07345933266020585
271,19,0,21.052631578947366,Carfentanil,-0.07356952301783906,0.07345933266020585
272,19,0,10.526315789473683,Carfentanil,-0.07356952301783906,0.07345933266020585
273,19,21.052631578947366,5.263157894736842,Carfentanil,-0.07356952301783906,0.07345933266020585
274,19,0,31.57894736842105,Carfentanil,-0.07356952301783906,0.07345933266020585
275,19,36.84210526315789,5.263157894736842,Carfentanil,-0.07356952301783906,0.07345933266020585
276,19,47.368421052631575,0,Carfentanil,-0.07356952301783906,0.07345933266020585
277,19,15.789473684210526,5.263157894736842,Carfentanil,-0.07356952301783906,0.07345933266020585
278,19,26.31578947368421,10.526315789473683,Carfentanil,-0.07356952301783906,0.07345933266020585
279,19,31.57894736842105,5.263157894736842,Carfentanil,-0.07356952301783906,0.07345933266020585
280,19,47.368421052631575,5.263157894736842,Carfentanil,-0.07356952301783906,0.07345933266020585
281,19,47.368421052631575,10.526315789473683,Carfentanil,-0.07356952301783906,0.07345933266020585
282,19,36.84210526315789,5.263157894736842,Carfentanil,-0.07356952301783906,0.07345933266020585
283,19,36.84210526315789,5.263157894736842,Carfentanil,-0.07356952301783906,0.07345933266020585
284,19,57.89473684210527,5.263157894736842,Carfentanil,-0.07356952301783906,0.07345933266020585
285,19,10.526315789473683,15.789473684210526,Carfentanil,-0.07356952301783906,0.07345933266020585
286,19,47.368421052631575,0,Carfentanil,-0.07356952301783906,0.07345933266020585
287,19,36.84210526315789,5.263157894736842,Carfentanil,-0.07356952301783906,0.07345933266020585
288,19,26.31578947368421,21.052631578947366,Carfentanil,-0.07356952301783906,0.07345933266020585
289,19,21.052631578947366,10.526315789473683,Carfentanil,-0.07356952301783906,0.07345933266020585
290,19,47.368421052631575,0,Carfentanil,-0.07356952301783906,0.07345933266020585
291,19,63.1578947368421,0,Carfentanil,-0.07356952301783906,0.07345933266020585
292,19,31.57894736842105,0,Carfentanil,-0.07356952301783906,0.07345933266020585
293,19,31.57894736842105,5.263157894736842,Carfentanil,-0.07356952301783906,0.07345933266020585
294,19,68.42105263157895,5.263157894736842,Carfentanil,-0.07356952301783906,0.07345933266020585
295,19,63.1578947368421,0,Carfentanil,-0.07356952301783906,0.07345933266020585
296,19,52.63157894736842,5.263157894736842,Carfentanil,-0.07356952301783906,0.07345933266020585
297,19,100,0,Carfentanil,-0.07356952301783906,0.07345933266020585
298,18,61.111111111111114,5.555555555555555,Carfentanil,-0.07356952301783906,0.07345933266020585
299,19,78.94736842105263,0,Carfentanil,-0.07356952301783906,0.07345933266020585
300,19,36.84210526315789,0,Carfentanil,-0.07356952301783906,0.07345933266020585
301,19,26.31578947368421,0,Carfentanil,-0.07356952301783906,0.07345933266020585
302,19,5.263157894736842,5.263157894736842,Carfentanil,-0.07356952301783906,0.07345933266020585
303,19,31.57894736842105,10.526315789473683,Carfentanil,-0.07356952301783906,0.07345933266020585
304,19,15.789473684210526,10.526315789473683,Carfentanil,-0.07356952301783906,0.07345933266020585
305,19,15.789473684210526,0,Carfentanil,-0.07356952301783906,0.07345933266020585
306,19,5.263157894736842,0,Carfentanil,-0.07356952301783906,0.07345933266020585
307,19,10.526315789473683,15.789473684210526,Carfentanil,-0.07356952301783906,0.07345933266020585
308,19,0,15.789473684210526,Carfentanil,-0.07356952301783906,0.07345933266020585
309,19,0,52.63157894736842,Carfentanil,-0.07356952301783906,0.07345933266020585
310,19,5.263157894736842,26.31578947368421,Carfentanil,-0.07356952301783906,0.07345933266020585
311,19,15.789473684210526,21.052631578947366,Carfentanil,-0.07356952301783906,0.07345933266020585
312,19,5.263157894736842,21.052631578947366,Carfentanil,-0.07356952301783906,0.07345933266020585
313,19,15.789473684210526,5.263157894736842,Carfentanil,-0.07356952301783906,0.07345933266020585
314,19,5.263157894736842,47.368421052631575,Carfentanil,-0.07356952301783906,0.07345933266020585
315,19,21.052631578947366,15.789473684210526,Carfentanil,-0.07356952301783906,0.07345933266020585
316,19,0,21.052631578947366,Carfentanil,-0.07356952301783906,0.07345933266020585
317,19,5.263157894736842,15.789473684210526,Carfentanil,-0.07356952301783906,0.07345933266020585
318,19,26.31578947368421,5.263157894736842,Carfentanil,-0.07356952301783906,0.07345933266020585
319,19,10.526315789473683,5.263157894736842,Carfentanil,-0.07356952301783906,0.07345933266020585
320,19,36.84210526315789,21.052631578947366,Carfentanil,-0.07356952301783906,0.07345933266020585
321,19,36.84210526315789,0,Carfentanil,-0.07356952301783906,0.07345933266020585
322,19,52.63157894736842,15.789473684210526,Carfentanil,-0.07356952301783906,0.07345933266020585
323,19,57.89473684210527,0,Carfentanil,-0.07356952301783906,0.07345933266020585
324,19,21.052631578947366,15.789473684210526,Carfentanil,-0.07356952301783906,0.07345933266020585
325,19,57.89473684210527,10.526315789473683,Carfentanil,-0.07356952301783906,0.07345933266020585
326,19,78.94736842105263,0,Carfentanil,-0.07356952301783906,0.07345933266020585
327,19,94.73684210526315,5.263157894736842,Carfentanil,-0.07356952301783906,0.07345933266020585
328,19,89.47368421052632,0,Carfentanil,-0.07356952301783906,0.07345933266020585
329,19,52.63157894736842,15.789473684210526,Carfentanil,-0.07356952301783906,0.07345933266020585
330,19,63.1578947368421,5.263157894736842,Carfentanil,-0.07356952301783906,0.07345933266020585
331,19,31.57894736842105,21.052631578947366,Carfentanil,-0.07356952301783906,0.07345933266020585
332,19,78.94736842105263,0,Carfentanil,-0.07356952301783906,0.07345933266020585
333,19,68.42105263157895,0,Carfentanil,-0.07356952301783906,0.07345933266020585
334,19,78.94736842105263,0,Carfentanil,-0.07356952301783906,0.07345933266020585
335,19,31.57894736842105,5.263157894736842,Carfentanil,-0.07356952301783906,0.07345933266020585
336,19,42.10526315789473,10.526315789473683,Carfentanil,-0.07356952301783906,0.07345933266020585
337,18,66.66666666666666,0,Carfentanil,-0.07356952301783906,0.07345933266020585
338,19,68.42105263157895,0,Carfentanil,-0.07356952301783906,0.07345933266020585
339,19,42.10526315789473,0,Carfentanil,-0.07356952301783906,0.07345933266020585
340,19,36.84210526315789,0,Carfentanil,-0.07356952301783906,0.07345933266020585
341,19,36.84210526315789,15.789473684210526,Carfentanil,-0.07356952301783906,0.07345933266020585
342,19,73.68421052631578,0,Carfentanil,-0.07356952301783906,0.07345933266020585
343,19,10.526315789473683,21.052631578947366,Carfentanil,-0.07356952301783906,0.07345933266020585
344,18,66.66666666666666,0,Carfentanil,-0.07356952301783906,0.07345933266020585
345,19,73.68421052631578,0,Carfentanil,-0.07356952301783906,0.07345933266020585
346,19,47.368421052631575,5.263157894736842,Carfentanil,-0.07356952301783906,0.07345933266020585
347,19,15.789473684210526,5.263157894736842,Carfentanil,-0.07356952301783906,0.07345933266020585
348,19,36.84210526315789,15.789473684210526,Carfentanil,-0.07356952301783906,0.07345933266020585
349,19,68.42105263157895,0,Carfentanil,-0.07356952301783906,0.07345933266020585
350,19,26.31578947368421,10.526315789473683,Carfentanil,-0.07356952301783906,0.07345933266020585
351,19,0,15.789473684210526,Carfentanil,-0.07356952301783906,0.07345933266020585
352,18,0,33.33333333333333,Carfentanil,-0.07356952301783906,0.07345933266020585
353,19,21.052631578947366,31.57894736842105,Carfentanil,-0.07356952301783906,0.07345933266020585
354,19,0,36.84210526315789,Carfentanil,-0.07356952301783906,0.07345933266020585
355,19,0,10.526315789473683,Carfentanil,-0.07356952301783906,0.07345933266020585
356,19,10.526315789473683,31.57894736842105,Carfentanil,-0.07356952301783906,0.07345933266020585
357,19,0,36.84210526315789,Carfentanil,-0.07356952301783906,0.07345933266020585
358,19,5.263157894736842,42.10526315789473,Carfentanil,-0.07356952301783906,0.07345933266020585
359,19,0,42.10526315789473,Carfentanil,-0.07356952301783906,0.07345933266020585
360,19,5.263157894736842,26.31578947368421,Carfentanil,-0.07356952301783906,0.07345933266020585
361,19,0,15.789473684210526,Carfentanil,-0.07356952301783906,0.07345933266020585
362,19,0,52.63157894736842,Carfentanil,-0.07356952301783906,0.07345933266020585
363,19,0,68.42105263157895,Carfentanil,-0.07356952301783906,0.07345933266020585
364,19,5.263157894736842,15.789473684210526,Carfentanil,-0.07356952301783906,0.07345933266020585
365,19,0,31.57894736842105,Carfentanil,-0.07356952301783906,0.07345933266020585
366,19,5.263157894736842,26.31578947368421,Carfentanil,-0.07356952301783906,0.07345933266020585
367,19,5.263157894736842,10.526315789473683,Carfentanil,-0.07356952301783906,0.07345933266020585
368,19,5.263157894736842,36.84210526315789,Carfentanil,-0.07356952301783906,0.07345933266020585
369,19,5.263157894736842,15.789473684210526,Carfentanil,-0.07356952301783906,0.07345933266020585
370,19,0,31.57894736842105,Carfentanil,-0.07356952301783906,0.07345933266020585
371,19,5.263157894736842,15.789473684210526,Carfentanil,-0.07356952301783906,0.07345933266020585
372,19,0,63.1578947368421,Carfentanil,-0.07356952301783906,0.07345933266020585
373,19,5.263157894736842,21.052631578947366,Carfentanil,-0.07356952301783906,0.07345933266020585
374,19,5.263157894736842,31.57894736842105,Carfentanil,-0.07356952301783906,0.07345933266020585
375,19,0,21.052631578947366,Carfentanil,-0.07356952301783906,0.07345933266020585
376,19,5.263157894736842,26.31578947368421,Carfentanil,-0.07356952301783906,0.07345933266020585
377,19,0,57.89473684210527,Carfentanil,-0.07356952301783906,0.07345933266020585
378,19,0,42.10526315789473,Carfentanil,-0.07356952301783906,0.07345933266020585
379,19,0,36.84210526315789,Carfentanil,-0.07356952301783906,0.07345933266020585
380,19,10.526315789473683,42.10526315789473,Carfentanil,-0.07356952301783906,0.07345933266020585
381,19,0,36.84210526315789,Carfentanil,-0.07356952301783906,0.07345933266020585
382,19,0,21.052631578947366,Carfentanil,-0.07356952301783906,0.07345933266020585
383,19,0,47.368421052631575,Carfentanil,-0.07356952301783906,0.07345933266020585
384,19,0,15.789473684210526,Carfentanil,-0.07356952301783906,0.07345933266020585
385,19,5.263157894736842,26.31578947368421,Carfentanil,-0.07356952301783906,0.07345933266020585
386,19,0,68.42105263157895,Carfentanil,-0.07356952301783906,0.07345933266020585
387,19,0,36.84210526315789,Carfentanil,-0.07356952301783906,0.07345933266020585
388,19,5.263157894736842,5.263157894736842,Carfentanil,-0.07356952301783906,0.07345933266020585
389,19,0,31.57894736842105,Carfentanil,-0.07356952301783906,0.07345933266020585
390,19,0,52.63157894736842,Carfentanil,-0.07356952301783906,0.07345933266020585
391,19,0,21.052631578947366,Carfentanil,-0.07356952301783906,0.07345933266020585
392,19,0,21.052631578947366,Carfentanil,-0.07356952301783906,0.07345933266020585
393,19,0,36.84210526315789,Carfentanil,-0.07356952301783906,0.07345933266020585
394,19,0,15.789473684210526,Carfentanil,-0.07356952301783906,0.07345933266020585
395,19,0,10.526315789473683,Carfentanil,-0.07356952301783906,0.07345933266020585
396,19,0,84.21052631578947,Carfentanil,-0.07356952301783906,0.07345933266020585
397,19,0,47.368421052631575,Carfentanil,-0.07356952301783906,0.07345933266020585
398,19,0,10.526315789473683,Carfentanil,-0.07356952301783906,0.07345933266020585
399,19,0,21.052631578947366,Carfentanil,-0.07356952301783906,0.07345933266020585
400,19,15.789473684210526,10.526315789473683,Carfentanil,-0.07356952301783906,0.07345933266020585
2,19,0,5.263157894736842,DAMGO,-0.07064935810826856,0.0704363723870284
3,18,0,16.666666666666664,DAMGO,-0.07064935810826856,0.0704363723870284
4,19,0,15.789473684210526,DAMGO,-0.07064935810826856,0.0704363723870284
5,19,0,26.31578947368421,DAMGO,-0.07064935810826856,0.0704363723870284
6,19,0,26.31578947368421,DAMGO,-0.07064935810826856,0.0704363723870284
7,19,0,31.57894736842105,DAMGO,-0.07064935810826856,0.0704363723870284
8,19,0,36.84210526315789,DAMGO,-0.07064935810826856,0.0704363723870284
9,19,0,47.368421052631575,DAMGO,-0.07064935810826856,0.0704363723870284
10,19,0,31.57894736842105,DAMGO,-0.07064935810826856,0.0704363723870284
11,19,0,0,DAMGO,-0.07064935810826856,0.0704363723870284
12,19,0,10.526315789473683,DAMGO,-0.07064935810826856,0.0704363723870284
13,19,0,10.526315789473683,DAMGO,-0.07064935810826856,0.0704363723870284
14,18,0,5.555555555555555,DAMGO,-0.07064935810826856,0.0704363723870284
15,19,0,0,DAMGO,-0.07064935810826856,0.0704363723870284
16,19,0,26.31578947368421,DAMGO,-0.07064935810826856,0.0704363723870284
17,19,0,10.526315789473683,DAMGO,-0.07064935810826856,0.0704363723870284
18,19,0,15.789473684210526,DAMGO,-0.07064935810826856,0.0704363723870284
19,19,5.263157894736842,5.263157894736842,DAMGO,-0.07064935810826856,0.0704363723870284
20,19,0,5.263157894736842,DAMGO,-0.07064935810826856,0.0704363723870284
21,19,0,15.789473684210526,DAMGO,-0.07064935810826856,0.0704363723870284
22,18,0,16.666666666666664,DAMGO,-0.07064935810826856,0.0704363723870284
23,19,0,15.789473684210526,DAMGO,-0.07064935810826856,0.0704363723870284
24,19,0,36.84210526315789,DAMGO,-0.07064935810826856,0.0704363723870284
25,19,5.263157894736842,10.526315789473683,DAMGO,-0.07064935810826856,0.0704363723870284
26,19,0,10.526315789473683,DAMGO,-0.07064935810826856,0.0704363723870284
27,19,0,15.789473684210526,DAMGO,-0.07064935810826856,0.0704363723870284
28,19,0,26.31578947368421,DAMGO,-0.07064935810826856,0.0704363723870284
29,19,0,36.84210526315789,DAMGO,-0.07064935810826856,0.0704363723870284
30,19,0,26.31578947368421,DAMGO,-0.07064935810826856,0.0704363723870284
31,19,0,21.052631578947366,DAMGO,-0.07064935810826856,0.0704363723870284
32,19,0,31.57894736842105,DAMGO,-0.07064935810826856,0.0704363723870284
33,19,5.263157894736842,42.10526315789473,DAMGO,-0.07064935810826856,0.0704363723870284
34,19,5.263157894736842,0,DAMGO,-0.07064935810826856,0.0704363723870284
35,19,0,36.84210526315789,DAMGO,-0.07064935810826856,0.0704363723870284
36,19,5.263157894736842,47.368421052631575,DAMGO,-0.07064935810826856,0.0704363723870284
37,17,5.88235294117647,17.647058823529413,DAMGO,-0.07064935810826856,0.0704363723870284
38,19,5.263157894736842,21.052631578947366,DAMGO,-0.07064935810826856,0.0704363723870284
39,19,0,21.052631578947366,DAMGO,-0.07064935810826856,0.0704363723870284
40,19,10.526315789473683,5.263157894736842,DAMGO,-0.07064935810826856,0.0704363723870284
41,19,0,26.31578947368421,DAMGO,-0.07064935810826856,0.0704363723870284
42,19,5.263157894736842,21.052631578947366,DAMGO,-0.07064935810826856,0.0704363723870284
43,19,0,36.84210526315789,DAMGO,-0.07064935810826856,0.0704363723870284
44,19,0,10.526315789473683,DAMGO,-0.07064935810826856,0.0704363723870284
45,19,5.263157894736842,10.526315789473683,DAMGO,-0.07064935810826856,0.0704363723870284
46,19,0,36.84210526315789,DAMGO,-0.07064935810826856,0.0704363723870284
47,19,0,21.052631578947366,DAMGO,-0.07064935810826856,0.0704363723870284
48,19,0,15.789473684210526,DAMGO,-0.07064935810826856,0.0704363723870284
49,19,0,26.31578947368421,DAMGO,-0.07064935810826856,0.0704363723870284
50,19,0,21.052631578947366,DAMGO,-0.07064935810826856,0.0704363723870284
51,19,0,15.789473684210526,DAMGO,-0.07064935810826856,0.0704363723870284
52,19,5.263157894736842,15.789473684210526,DAMGO,-0.07064935810826856,0.0704363723870284
53,19,0,0,DAMGO,-0.07064935810826856,0.0704363723870284
54,19,0,15.789473684210526,DAMGO,-0.07064935810826856,0.0704363723870284
55,19,0,26.31578947368421,DAMGO,-0.07064935810826856,0.0704363723870284
56,19,15.789473684210526,10.526315789473683,DAMGO,-0.07064935810826856,0.0704363723870284
57,19,0,15.789473684210526,DAMGO,-0.07064935810826856,0.0704363723870284
58,19,0,36.84210526315789,DAMGO,-0.07064935810826856,0.0704363723870284
59,19,0,21.052631578947366,DAMGO,-0.07064935810826856,0.0704363723870284
60,19,0,15.789473684210526,DAMGO,-0.07064935810826856,0.0704363723870284
61,19,0,15.789473684210526,DAMGO,-0.07064935810826856,0.0704363723870284
62,19,5.263157894736842,36.84210526315789,DAMGO,-0.07064935810826856,0.0704363723870284
63,19,5.263157894736842,26.31578947368421,DAMGO,-0.07064935810826856,0.0704363723870284
64,19,0,21.052631578947366,DAMGO,-0.07064935810826856,0.0704363723870284
65,19,5.263157894736842,42.10526315789473,DAMGO,-0.07064935810826856,0.0704363723870284
66,19,5.263157894736842,21.052631578947366,DAMGO,-0.07064935810826856,0.0704363723870284
67,19,0,15.789473684210526,DAMGO,-0.07064935810826856,0.0704363723870284
68,19,0,47.368421052631575,DAMGO,-0.07064935810826856,0.0704363723870284
69,19,5.263157894736842,15.789473684210526,DAMGO,-0.07064935810826856,0.0704363723870284
70,19,5.263157894736842,31.57894736842105,DAMGO,-0.07064935810826856,0.0704363723870284
71,19,5.263157894736842,10.526315789473683,DAMGO,-0.07064935810826856,0.0704363723870284
72,19,15.789473684210526,26.31578947368421,DAMGO,-0.07064935810826856,0.0704363723870284
73,19,21.052631578947366,5.263157894736842,DAMGO,-0.07064935810826856,0.0704363723870284
74,19,10.526315789473683,15.789473684210526,DAMGO,-0.07064935810826856,0.0704363723870284
75,18,38.88888888888889,11.11111111111111,DAMGO,-0.07064935810826856,0.0704363723870284
76,19,36.84210526315789,10.526315789473683,DAMGO,-0.07064935810826856,0.0704363723870284
77,19,63.1578947368421,0,DAMGO,-0.07064935810826856,0.0704363723870284
78,19,26.31578947368421,31.57894736842105,DAMGO,-0.07064935810826856,0.0704363723870284
79,19,47.368421052631575,0,DAMGO,-0.07064935810826856,0.0704363723870284
80,19,47.368421052631575,5.263157894736842,DAMGO,-0.07064935810826856,0.0704363723870284
81,19,47.368421052631575,0,DAMGO,-0.07064935810826856,0.0704363723870284
82,19,63.1578947368421,10.526315789473683,DAMGO,-0.07064935810826856,0.0704363723870284
83,19,26.31578947368421,15.789473684210526,DAMGO,-0.07064935810826856,0.0704363723870284
84,19,100,0,DAMGO,-0.07064935810826856,0.0704363723870284
85,19,52.63157894736842,5.263157894736842,DAMGO,-0.07064935810826856,0.0704363723870284
86,19,31.57894736842105,10.526315789473683,DAMGO,-0.07064935810826856,0.0704363723870284
87,19,57.89473684210527,5.263157894736842,DAMGO,-0.07064935810826856,0.0704363723870284
88,19,94.73684210526315,0,DAMGO,-0.07064935810826856,0.0704363723870284
89,19,36.84210526315789,10.526315789473683,DAMGO,-0.07064935810826856,0.0704363723870284
90,19,47.368421052631575,0,DAMGO,-0.07064935810826856,0.0704363723870284
91,19,89.47368421052632,0,DAMGO,-0.07064935810826856,0.0704363723870284
92,18,66.66666666666666,0,DAMGO,-0.07064935810826856,0.0704363723870284
93,19,36.84210526315789,15.789473684210526,DAMGO,-0.07064935810826856,0.0704363723870284
94,19,31.57894736842105,0,DAMGO,-0.07064935810826856,0.0704363723870284
95,19,63.1578947368421,0,DAMGO,-0.07064935810826856,0.0704363723870284
96,19,5.263157894736842,5.263157894736842,DAMGO,-0.07064935810826856,0.0704363723870284
97,18,33.33333333333333,11.11111111111111,DAMGO,-0.07064935810826856,0.0704363723870284
98,19,31.57894736842105,0,DAMGO,-0.07064935810826856,0.0704363723870284
99,19,26.31578947368421,10.526315789473683,DAMGO,-0.07064935810826856,0.0704363723870284
100,19,21.052631578947366,10.526315789473683,DAMGO,-0.07064935810826856,0.0704363723870284
101,19,89.47368421052632,0,DAMGO,-0.07064935810826856,0.0704363723870284
102,19,21.052631578947366,0,DAMGO,-0.07064935810826856,0.0704363723870284
103,19,57.89473684210527,0,DAMGO,-0.07064935810826856,0.0704363723870284
104,19,52.63157894736842,0,DAMGO,-0.07064935810826856,0.0704363723870284
105,19,52.63157894736842,5.263157894736842,DAMGO,-0.07064935810826856,0.0704363723870284
106,19,73.68421052631578,0,DAMGO,-0.07064935810826856,0.0704363723870284
107,19,47.368421052631575,21.052631578947366,DAMGO,-0.07064935810826856,0.0704363723870284
108,19,73.68421052631578,0,DAMGO,-0.07064935810826856,0.0704363723870284
109,19,57.89473684210527,5.263157894736842,DAMGO,-0.07064935810826856,0.0704363723870284
110,19,73.68421052631578,5.263157894736842,DAMGO,-0.07064935810826856,0.0704363723870284
111,19,84.21052631578947,0,DAMGO,-0.07064935810826856,0.0704363723870284
112,19,89.47368421052632,0,DAMGO,-0.07064935810826856,0.0704363723870284
113,19,84.21052631578947,0,DAMGO,-0.07064935810826856,0.0704363723870284
114,19,57.89473684210527,10.526315789473683,DAMGO,-0.07064935810826856,0.0704363723870284
115,19,47.368421052631575,5.263157894736842,DAMGO,-0.07064935810826856,0.0704363723870284
116,19,73.68421052631578,0,DAMGO,-0.07064935810826856,0.0704363723870284
117,19,42.10526315789473,15.789473684210526,DAMGO,-0.07064935810826856,0.0704363723870284
118,19,57.89473684210527,10.526315789473683,DAMGO,-0.07064935810826856,0.0704363723870284
119,19,31.57894736842105,21.052631578947366,DAMGO,-0.07064935810826856,0.0704363723870284
120,19,36.84210526315789,15.789473684210526,DAMGO,-0.07064935810826856,0.0704363723870284
121,19,36.84210526315789,10.526315789473683,DAMGO,-0.07064935810826856,0.0704363723870284
122,19,47.368421052631575,21.052631578947366,DAMGO,-0.07064935810826856,0.0704363723870284
123,19,78.94736842105263,0,DAMGO,-0.07064935810826856,0.0704363723870284
124,19,47.368421052631575,15.789473684210526,DAMGO,-0.07064935810826856,0.0704363723870284
125,19,47.368421052631575,5.263157894736842,DAMGO,-0.07064935810826856,0.0704363723870284
126,19,73.68421052631578,0,DAMGO,-0.07064935810826856,0.0704363723870284
127,19,21.052631578947366,21.052631578947366,DAMGO,-0.07064935810826856,0.0704363723870284
128,19,47.368421052631575,21.052631578947366,DAMGO,-0.07064935810826856,0.0704363723870284
129,19,10.526315789473683,21.052631578947366,DAMGO,-0.07064935810826856,0.0704363723870284
130,19,21.052631578947366,31.57894736842105,DAMGO,-0.07064935810826856,0.0704363723870284
131,19,42.10526315789473,10.526315789473683,DAMGO,-0.07064935810826856,0.0704363723870284
132,19,42.10526315789473,10.526315789473683,DAMGO,-0.07064935810826856,0.0704363723870284
133,19,36.84210526315789,5.263157894736842,DAMGO,-0.07064935810826856,0.0704363723870284
134,19,10.526315789473683,15.789473684210526,DAMGO,-0.07064935810826856,0.0704363723870284
135,19,84.21052631578947,0,DAMGO,-0.07064935810826856,0.0704363723870284
136,19,15.789473684210526,15.789473684210526,DAMGO,-0.07064935810826856,0.0704363723870284
137,19,52.63157894736842,10.526315789473683,DAMGO,-0.07064935810826856,0.0704363723870284
138,19,57.89473684210527,5.263157894736842,DAMGO,-0.07064935810826856,0.0704363723870284
139,19,10.526315789473683,15.789473684210526,DAMGO,-0.07064935810826856,0.0704363723870284
140,19,5.263157894736842,21.052631578947366,DAMGO,-0.07064935810826856,0.0704363723870284
141,19,47.368421052631575,21.052631578947366,DAMGO,-0.07064935810826856,0.0704363723870284
142,19,100,0,DAMGO,-0.07064935810826856,0.0704363723870284
143,19,84.21052631578947,0,DAMGO,-0.07064935810826856,0.0704363723870284
144,19,42.10526315789473,10.526315789473683,DAMGO,-0.07064935810826856,0.0704363723870284
145,19,36.84210526315789,5.263157894736842,DAMGO,-0.07064935810826856,0.0704363723870284
146,19,31.57894736842105,15.789473684210526,DAMGO,-0.07064935810826856,0.0704363723870284
147,19,42.10526315789473,5.263157894736842,DAMGO,-0.07064935810826856,0.0704363723870284
148,19,47.368421052631575,0,DAMGO,-0.07064935810826856,0.0704363723870284
149,19,100,0,DAMGO,-0.07064935810826856,0.0704363723870284
150,19,31.57894736842105,10.526315789473683,DAMGO,-0.07064935810826856,0.0704363723870284
151,19,42.10526315789473,0,DAMGO,-0.07064935810826856,0.0704363723870284
152,19,57.89473684210527,0,DAMGO,-0.07064935810826856,0.0704363723870284
153,19,68.42105263157895,5.263157894736842,DAMGO,-0.07064935810826856,0.0704363723870284
154,19,42.10526315789473,5.263157894736842,DAMGO,-0.07064935810826856,0.0704363723870284
155,19,63.1578947368421,5.263157894736842,DAMGO,-0.07064935810826856,0.0704363723870284
156,19,89.47368421052632,0,DAMGO,-0.07064935810826856,0.0704363723870284
157,19,57.89473684210527,10.526315789473683,DAMGO,-0.07064935810826856,0.0704363723870284
158,19,31.57894736842105,15.789473684210526,DAMGO,-0.07064935810826856,0.0704363723870284
159,19,73.68421052631578,5.263157894736842,DAMGO,-0.07064935810826856,0.0704363723870284
160,19,78.94736842105263,10.526315789473683,DAMGO,-0.07064935810826856,0.0704363723870284
161,19,57.89473684210527,10.526315789473683,DAMGO,-0.07064935810826856,0.0704363723870284
162,19,36.84210526315789,10.526315789473683,DAMGO,-0.07064935810826856,0.0704363723870284
163,19,100,0,DAMGO,-0.07064935810826856,0.0704363723870284
164,19,94.73684210526315,0,DAMGO,-0.07064935810826856,0.0704363723870284
165,19,63.1578947368421,0,DAMGO,-0.07064935810826856,0.0704363723870284
166,19,94.73684210526315,0,DAMGO,-0.07064935810826856,0.0704363723870284
167,19,100,0,DAMGO,-0.07064935810826856,0.0704363723870284
168,19,94.73684210526315,0,DAMGO,-0.07064935810826856,0.0704363723870284
169,19,68.42105263157895,0,DAMGO,-0.07064935810826856,0.0704363723870284
170,19,94.73684210526315,0,DAMGO,-0.07064935810826856,0.0704363723870284
171,19,89.47368421052632,5.263157894736842,DAMGO,-0.07064935810826856,0.0704363723870284
172,19,68.42105263157895,0,DAMGO,-0.07064935810826856,0.0704363723870284
173,19,47.368421052631575,5.263157894736842,DAMGO,-0.07064935810826856,0.0704363723870284
174,19,84.21052631578947,5.263157894736842,DAMGO,-0.07064935810826856,0.0704363723870284
175,19,26.31578947368421,15.789473684210526,DAMGO,-0.07064935810826856,0.0704363723870284
176,19,15.789473684210526,15.789473684210526,DAMGO,-0.07064935810826856,0.0704363723870284
177,19,52.63157894736842,21.052631578947366,DAMGO,-0.07064935810826856,0.0704363723870284
178,19,36.84210526315789,5.263157894736842,DAMGO,-0.07064935810826856,0.0704363723870284
179,19,0,26.31578947368421,DAMGO,-0.07064935810826856,0.0704363723870284
180,19,31.57894736842105,15.789473684210526,DAMGO,-0.07064935810826856,0.0704363723870284
181,19,89.47368421052632,0,DAMGO,-0.07064935810826856,0.0704363723870284
182,19,21.052631578947366,21.052631578947366,DAMGO,-0.07064935810826856,0.0704363723870284
183,19,15.789473684210526,10.526315789473683,DAMGO,-0.07064935810826856,0.0704363723870284
184,19,21.052631578947366,10.526315789473683,DAMGO,-0.07064935810826856,0.0704363723870284
185,19,31.57894736842105,21.052631578947366,DAMGO,-0.07064935810826856,0.0704363723870284
186,19,78.94736842105263,5.263157894736842,DAMGO,-0.07064935810826856,0.0704363723870284
187,19,26.31578947368421,26.31578947368421,DAMGO,-0.07064935810826856,0.0704363723870284
188,19,36.84210526315789,21.052631578947366,DAMGO,-0.07064935810826856,0.0704363723870284
189,19,52.63157894736842,10.526315789473683,DAMGO,-0.07064935810826856,0.0704363723870284
190,19,84.21052631578947,0,DAMGO,-0.07064935810826856,0.0704363723870284
191,19,52.63157894736842,0,DAMGO,-0.07064935810826856,0.0704363723870284
192,19,47.368421052631575,5.263157894736842,DAMGO,-0.07064935810826856,0.0704363723870284
193,19,47.368421052631575,21.052631578947366,DAMGO,-0.07064935810826856,0.0704363723870284
194,19,68.42105263157895,5.263157894736842,DAMGO,-0.07064935810826856,0.0704363723870284
195,19,63.1578947368421,0,DAMGO,-0.07064935810826856,0.0704363723870284
196,19,63.1578947368421,5.263157894736842,DAMGO,-0.07064935810826856,0.0704363723870284
197,19,63.1578947368421,5.263157894736842,DAMGO,-0.07064935810826856,0.0704363723870284
198,19,68.42105263157895,0,DAMGO,-0.07064935810826856,0.0704363723870284
199,19,36.84210526315789,21.052631578947366,DAMGO,-0.07064935810826856,0.0704363723870284
200,19,68.42105263157895,10.526315789473683,DAMGO,-0.07064935810826856,0.0704363723870284
201,19,63.1578947368421,0,DAMGO,-0.07064935810826856,0.0704363723870284
202,19,47.368421052631575,10.526315789473683,DAMGO,-0.07064935810826856,0.0704363723870284
203,19,89.47368421052632,0,DAMGO,-0.07064935810826856,0.0704363723870284
204,19,52.63157894736842,15.789473684210526,DAMGO,-0.07064935810826856,0.0704363723870284
205,19,31.57894736842105,10.526315789473683,DAMGO,-0.07064935810826856,0.0704363723870284
206,19,31.57894736842105,10.526315789473683,DAMGO,-0.07064935810826856,0.0704363723870284
207,19,21.052631578947366,31.57894736842105,DAMGO,-0.07064935810826856,0.0704363723870284
208,19,63.1578947368421,0,DAMGO,-0.07064935810826856,0.0704363723870284
209,19,31.57894736842105,15.789473684210526,DAMGO,-0.07064935810826856,0.0704363723870284
210,19,31.57894736842105,10.526315789473683,DAMGO,-0.07064935810826856,0.0704363723870284
211,19,15.789473684210526,10.526315789473683,DAMGO,-0.07064935810826856,0.0704363723870284
212,19,10.526315789473683,36.84210526315789,DAMGO,-0.07064935810826856,0.0704363723870284
213,19,5.263157894736842,21.052631578947366,DAMGO,-0.07064935810826856,0.0704363723870284
214,18,5.555555555555555,0,DAMGO,-0.07064935810826856,0.0704363723870284
215,19,21.052631578947366,21.052631578947366,DAMGO,-0.07064935810826856,0.0704363723870284
216,19,10.526315789473683,31.57894736842105,DAMGO,-0.07064935810826856,0.0704363723870284
217,19,10.526315789473683,10.526315789473683,DAMGO,-0.07064935810826856,0.0704363723870284
218,19,10.526315789473683,26.31578947368421,DAMGO,-0.07064935810826856,0.0704363723870284
219,19,100,0,DAMGO,-0.07064935810826856,0.0704363723870284
220,19,31.57894736842105,10.526315789473683,DAMGO,-0.07064935810826856,0.0704363723870284
221,19,26.31578947368421,10.526315789473683,DAMGO,-0.07064935810826856,0.0704363723870284
222,19,0,21.052631578947366,DAMGO,-0.07064935810826856,0.0704363723870284
223,19,0,21.052631578947366,DAMGO,-0.07064935810826856,0.0704363723870284
224,19,5.263157894736842,21.052631578947366,DAMGO,-0.07064935810826856,0.0704363723870284
225,19,5.263157894736842,21.052631578947366,DAMGO,-0.07064935810826856,0.0704363723870284
226,18,27.77777777777778,16.666666666666664,DAMGO,-0.07064935810826856,0.0704363723870284
227,19,15.789473684210526,10.526315789473683,DAMGO,-0.07064935810826856,0.0704363723870284
228,19,0,26.31578947368421,DAMGO,-0.07064935810826856,0.0704363723870284
229,19,5.263157894736842,26.31578947368421,DAMGO,-0.07064935810826856,0.0704363723870284
230,19,0,21.052631578947366,DAMGO,-0.07064935810826856,0.0704363723870284
231,19,10.526315789473683,15.789473684210526,DAMGO,-0.07064935810826856,0.0704363723870284
232,18,11.11111111111111,27.77777777777778,DAMGO,-0.07064935810826856,0.0704363723870284
233,19,15.789473684210526,26.31578947368421,DAMGO,-0.07064935810826856,0.0704363723870284
234,19,21.052631578947366,36.84210526315789,DAMGO,-0.07064935810826856,0.0704363723870284
235,19,10.526315789473683,26.31578947368421,DAMGO,-0.07064935810826856,0.0704363723870284
236,19,21.052631578947366,15.789473684210526,DAMGO,-0.07064935810826856,0.0704363723870284
237,19,36.84210526315789,10.526315789473683,DAMGO,-0.07064935810826856,0.0704363723870284
238,19,68.42105263157895,5.263157894736842,DAMGO,-0.07064935810826856,0.0704363723870284
239,19,42.10526315789473,5.263157894736842,DAMGO,-0.07064935810826856,0.0704363723870284
240,19,47.368421052631575,0,DAMGO,-0.07064935810826856,0.0704363723870284
241,19,68.42105263157895,0,DAMGO,-0.07064935810826856,0.0704363723870284
242,19,68.42105263157895,5.263157894736842,DAMGO,-0.07064935810826856,0.0704363723870284
243,19,52.63157894736842,10.526315789473683,DAMGO,-0.07064935810826856,0.0704363723870284
244,19,63.1578947368421,15.789473684210526,DAMGO,-0.07064935810826856,0.0704363723870284
245,19,47.368421052631575,26.31578947368421,DAMGO,-0.07064935810826856,0.0704363723870284
246,19,84.21052631578947,0,DAMGO,-0.07064935810826856,0.0704363723870284
247,19,52.63157894736842,15.789473684210526,DAMGO,-0.07064935810826856,0.0704363723870284
248,19,63.1578947368421,5.263157894736842,DAMGO,-0.07064935810826856,0.0704363723870284
249,19,57.89473684210527,0,DAMGO,-0.07064935810826856,0.0704363723870284
250,19,68.42105263157895,5.263157894736842,DAMGO,-0.07064935810826856,0.0704363723870284
251,19,52.63157894736842,5.263157894736842,DAMGO,-0.07064935810826856,0.0704363723870284
252,19,31.57894736842105,0,DAMGO,-0.07064935810826856,0.0704363723870284
253,19,68.42105263157895,10.526315789473683,DAMGO,-0.07064935810826856,0.0704363723870284
254,19,63.1578947368421,0,DAMGO,-0.07064935810826856,0.0704363723870284
255,19,36.84210526315789,10.526315789473683,DAMGO,-0.07064935810826856,0.0704363723870284
256,19,31.57894736842105,15.789473684210526,DAMGO,-0.07064935810826856,0.0704363723870284
257,19,68.42105263157895,5.263157894736842,DAMGO,-0.07064935810826856,0.0704363723870284
258,19,26.31578947368421,5.263157894736842,DAMGO,-0.07064935810826856,0.0704363723870284
259,19,5.263157894736842,10.526315789473683,DAMGO,-0.07064935810826856,0.0704363723870284
260,19,84.21052631578947,5.263157894736842,DAMGO,-0.07064935810826856,0.0704363723870284
261,19,63.1578947368421,0,DAMGO,-0.07064935810826856,0.0704363723870284
262,19,52.63157894736842,0,DAMGO,-0.07064935810826856,0.0704363723870284
263,19,36.84210526315789,0,DAMGO,-0.07064935810826856,0.0704363723870284
264,19,21.052631578947366,15.789473684210526,DAMGO,-0.07064935810826856,0.0704363723870284
265,19,31.57894736842105,5.263157894736842,DAMGO,-0.07064935810826856,0.0704363723870284
266,19,5.263157894736842,10.526315789473683,DAMGO,-0.07064935810826856,0.0704363723870284
267,19,5.263157894736842,10.526315789473683,DAMGO,-0.07064935810826856,0.0704363723870284
268,19,21.052631578947366,21.052631578947366,DAMGO,-0.07064935810826856,0.0704363723870284
269,19,0,31.57894736842105,DAMGO,-0.07064935810826856,0.0704363723870284
270,19,10.526315789473683,10.526315789473683,DAMGO,-0.07064935810826856,0.0704363723870284
271,19,5.263157894736842,15.789473684210526,DAMGO,-0.07064935810826856,0.0704363723870284
272,19,0,10.526315789473683,DAMGO,-0.07064935810826856,0.0704363723870284
273,19,52.63157894736842,5.263157894736842,DAMGO,-0.07064935810826856,0.0704363723870284
274,19,5.263157894736842,15.789473684210526,DAMGO,-0.07064935810826856,0.0704363723870284
275,19,5.263157894736842,21.052631578947366,DAMGO,-0.07064935810826856,0.0704363723870284
276,19,21.052631578947366,15.789473684210526,DAMGO,-0.07064935810826856,0.0704363723870284
277,19,15.789473684210526,5.263157894736842,DAMGO,-0.07064935810826856,0.0704363723870284
278,19,15.789473684210526,5.263157894736842,DAMGO,-0.07064935810826856,0.0704363723870284
279,19,15.789473684210526,0,DAMGO,-0.07064935810826856,0.0704363723870284
280,19,36.84210526315789,10.526315789473683,DAMGO,-0.07064935810826856,0.0704363723870284
281,19,42.10526315789473,5.263157894736842,DAMGO,-0.07064935810826856,0.0704363723870284
282,19,21.052631578947366,21.052631578947366,DAMGO,-0.07064935810826856,0.0704363723870284
283,19,15.789473684210526,21.052631578947366,DAMGO,-0.07064935810826856,0.0704363723870284
284,19,63.1578947368421,5.263157894736842,DAMGO,-0.07064935810826856,0.0704363723870284
285,19,15.789473684210526,10.526315789473683,DAMGO,-0.07064935810826856,0.0704363723870284
286,19,26.31578947368421,15.789473684210526,DAMGO,-0.07064935810826856,0.0704363723870284
287,19,36.84210526315789,5.263157894736842,DAMGO,-0.07064935810826856,0.0704363723870284
288,19,21.052631578947366,21.052631578947366,DAMGO,-0.07064935810826856,0.0704363723870284
289,19,21.052631578947366,5.263157894736842,DAMGO,-0.07064935810826856,0.0704363723870284
290,19,42.10526315789473,0,DAMGO,-0.07064935810826856,0.0704363723870284
291,19,68.42105263157895,0,DAMGO,-0.07064935810826856,0.0704363723870284
292,19,52.63157894736842,5.263157894736842,DAMGO,-0.07064935810826856,0.0704363723870284
293,19,47.368421052631575,10.526315789473683,DAMGO,-0.07064935810826856,0.0704363723870284
294,19,68.42105263157895,5.263157894736842,DAMGO,-0.07064935810826856,0.0704363723870284
295,19,42.10526315789473,5.263157894736842,DAMGO,-0.07064935810826856,0.0704363723870284
296,19,57.89473684210527,5.263157894736842,DAMGO,-0.07064935810826856,0.0704363723870284
297,19,100,0,DAMGO,-0.07064935810826856,0.0704363723870284
298,18,66.66666666666666,0,DAMGO,-0.07064935810826856,0.0704363723870284
299,19,52.63157894736842,5.263157894736842,DAMGO,-0.07064935810826856,0.0704363723870284
300,19,57.89473684210527,5.263157894736842,DAMGO,-0.07064935810826856,0.0704363723870284
301,19,47.368421052631575,5.263157894736842,DAMGO,-0.07064935810826856,0.0704363723870284
302,19,31.57894736842105,0,DAMGO,-0.07064935810826856,0.0704363723870284
303,19,36.84210526315789,0,DAMGO,-0.07064935810826856,0.0704363723870284
304,19,31.57894736842105,0,DAMGO,-0.07064935810826856,0.0704363723870284
305,19,21.052631578947366,0,DAMGO,-0.07064935810826856,0.0704363723870284
306,19,10.526315789473683,5.263157894736842,DAMGO,-0.07064935810826856,0.0704363723870284
307,19,5.263157894736842,21.052631578947366,DAMGO,-0.07064935810826856,0.0704363723870284
308,19,0,5.263157894736842,DAMGO,-0.07064935810826856,0.0704363723870284
309,19,0,15.789473684210526,DAMGO,-0.07064935810826856,0.0704363723870284
310,19,5.263157894736842,10.526315789473683,DAMGO,-0.07064935810826856,0.0704363723870284
311,19,42.10526315789473,5.263157894736842,DAMGO,-0.07064935810826856,0.0704363723870284
312,19,0,31.57894736842105,DAMGO,-0.07064935810826856,0.0704363723870284
313,19,0,5.263157894736842,DAMGO,-0.07064935810826856,0.0704363723870284
314,19,0,10.526315789473683,DAMGO,-0.07064935810826856,0.0704363723870284
315,19,10.526315789473683,21.052631578947366,DAMGO,-0.07064935810826856,0.0704363723870284
316,19,0,42.10526315789473,DAMGO,-0.07064935810826856,0.0704363723870284
317,19,15.789473684210526,5.263157894736842,DAMGO,-0.07064935810826856,0.0704363723870284
318,19,21.052631578947366,31.57894736842105,DAMGO,-0.07064935810826856,0.0704363723870284
319,19,21.052631578947366,5.263157894736842,DAMGO,-0.07064935810826856,0.0704363723870284
320,19,21.052631578947366,15.789473684210526,DAMGO,-0.07064935810826856,0.0704363723870284
321,19,57.89473684210527,0,DAMGO,-0.07064935810826856,0.0704363723870284
322,19,57.89473684210527,15.789473684210526,DAMGO,-0.07064935810826856,0.0704363723870284
323,19,57.89473684210527,0,DAMGO,-0.07064935810826856,0.0704363723870284
324,19,68.42105263157895,0,DAMGO,-0.07064935810826856,0.0704363723870284
325,19,63.1578947368421,0,DAMGO,-0.07064935810826856,0.0704363723870284
326,19,68.42105263157895,5.263157894736842,DAMGO,-0.07064935810826856,0.0704363723870284
327,19,42.10526315789473,5.263157894736842,DAMGO,-0.07064935810826856,0.0704363723870284
328,19,78.94736842105263,0,DAMGO,-0.07064935810826856,0.0704363723870284
329,19,57.89473684210527,5.263157894736842,DAMGO,-0.07064935810826856,0.0704363723870284
330,19,52.63157894736842,10.526315789473683,DAMGO,-0.07064935810826856,0.0704363723870284
331,19,52.63157894736842,0,DAMGO,-0.07064935810826856,0.0704363723870284
332,19,68.42105263157895,5.263157894736842,DAMGO,-0.07064935810826856,0.0704363723870284
333,19,57.89473684210527,5.263157894736842,DAMGO,-0.07064935810826856,0.0704363723870284
334,19,84.21052631578947,0,DAMGO,-0.07064935810826856,0.0704363723870284
335,19,84.21052631578947,0,DAMGO,-0.07064935810826856,0.0704363723870284
336,19,42.10526315789473,5.263157894736842,DAMGO,-0.07064935810826856,0.0704363723870284
337,18,72.22222222222221,0,DAMGO,-0.07064935810826856,0.0704363723870284
338,19,84.21052631578947,0,DAMGO,-0.07064935810826856,0.0704363723870284
339,19,36.84210526315789,0,DAMGO,-0.07064935810826856,0.0704363723870284
340,19,31.57894736842105,15.789473684210526,DAMGO,-0.07064935810826856,0.0704363723870284
341,19,31.57894736842105,5.263157894736842,DAMGO,-0.07064935810826856,0.0704363723870284
342,19,94.73684210526315,0,DAMGO,-0.07064935810826856,0.0704363723870284
343,19,26.31578947368421,26.31578947368421,DAMGO,-0.07064935810826856,0.0704363723870284
344,18,72.22222222222221,11.11111111111111,DAMGO,-0.07064935810826856,0.0704363723870284
345,19,78.94736842105263,0,DAMGO,-0.07064935810826856,0.0704363723870284
346,19,31.57894736842105,5.263157894736842,DAMGO,-0.07064935810826856,0.0704363723870284
347,19,10.526315789473683,5.263157894736842,DAMGO,-0.07064935810826856,0.0704363723870284
348,19,15.789473684210526,0,DAMGO,-0.07064935810826856,0.0704363723870284
349,19,63.1578947368421,0,DAMGO,-0.07064935810826856,0.0704363723870284
350,19,15.789473684210526,15.789473684210526,DAMGO,-0.07064935810826856,0.0704363723870284
351,19,0,15.789473684210526,DAMGO,-0.07064935810826856,0.0704363723870284
352,18,0,38.88888888888889,DAMGO,-0.07064935810826856,0.0704363723870284
353,19,26.31578947368421,5.263157894736842,DAMGO,-0.07064935810826856,0.0704363723870284
354,19,5.263157894736842,26.31578947368421,DAMGO,-0.07064935810826856,0.0704363723870284
355,19,0,10.526315789473683,DAMGO,-0.07064935810826856,0.0704363723870284
356,19,0,42.10526315789473,DAMGO,-0.07064935810826856,0.0704363723870284
357,19,5.263157894736842,15.789473684210526,DAMGO,-0.07064935810826856,0.0704363723870284
358,19,5.263157894736842,21.052631578947366,DAMGO,-0.07064935810826856,0.0704363723870284
359,19,0,42.10526315789473,DAMGO,-0.07064935810826856,0.0704363723870284
360,19,0,31.57894736842105,DAMGO,-0.07064935810826856,0.0704363723870284
361,19,0,36.84210526315789,DAMGO,-0.07064935810826856,0.0704363723870284
362,19,0,36.84210526315789,DAMGO,-0.07064935810826856,0.0704363723870284
363,19,0,36.84210526315789,DAMGO,-0.07064935810826856,0.0704363723870284
364,19,0,10.526315789473683,DAMGO,-0.07064935810826856,0.0704363723870284
365,19,0,52.63157894736842,DAMGO,-0.07064935810826856,0.0704363723870284
366,19,0,52.63157894736842,DAMGO,-0.07064935810826856,0.0704363723870284
367,19,21.052631578947366,10.526315789473683,DAMGO,-0.07064935810826856,0.0704363723870284
368,19,5.263157894736842,31.57894736842105,DAMGO,-0.07064935810826856,0.0704363723870284
369,19,5.263157894736842,15.789473684210526,DAMGO,-0.07064935810826856,0.0704363723870284
370,19,0,42.10526315789473,DAMGO,-0.07064935810826856,0.0704363723870284
371,19,0,26.31578947368421,DAMGO,-0.07064935810826856,0.0704363723870284
372,19,0,26.31578947368421,DAMGO,-0.07064935810826856,0.0704363723870284
373,19,0,26.31578947368421,DAMGO,-0.07064935810826856,0.0704363723870284
374,19,0,36.84210526315789,DAMGO,-0.07064935810826856,0.0704363723870284
375,19,5.263157894736842,15.789473684210526,DAMGO,-0.07064935810826856,0.0704363723870284
376,19,0,21.052631578947366,DAMGO,-0.07064935810826856,0.0704363723870284
377,19,0,52.63157894736842,DAMGO,-0.07064935810826856,0.0704363723870284
378,19,0,36.84210526315789,DAMGO,-0.07064935810826856,0.0704363723870284
379,19,0,21.052631578947366,DAMGO,-0.07064935810826856,0.0704363723870284
380,19,0,52.63157894736842,DAMGO,-0.07064935810826856,0.0704363723870284
381,19,5.263157894736842,47.368421052631575,DAMGO,-0.07064935810826856,0.0704363723870284
382,19,5.263157894736842,5.263157894736842,DAMGO,-0.07064935810826856,0.0704363723870284
383,19,0,26.31578947368421,DAMGO,-0.07064935810826856,0.0704363723870284
384,19,5.263157894736842,0,DAMGO,-0.07064935810826856,0.0704363723870284
385,19,0,36.84210526315789,DAMGO,-0.07064935810826856,0.0704363723870284
386,19,0,52.63157894736842,DAMGO,-0.07064935810826856,0.0704363723870284
387,19,0,26.31578947368421,DAMGO,-0.07064935810826856,0.0704363723870284
388,19,0,21.052631578947366,DAMGO,-0.07064935810826856,0.0704363723870284
389,19,5.263157894736842,5.263157894736842,DAMGO,-0.07064935810826856,0.0704363723870284
390,19,0,68.42105263157895,DAMGO,-0.07064935810826856,0.0704363723870284
391,19,0,26.31578947368421,DAMGO,-0.07064935810826856,0.0704363723870284
392,19,0,26.31578947368421,DAMGO,-0.07064935810826856,0.0704363723870284
393,19,0,36.84210526315789,DAMGO,-0.07064935810826856,0.0704363723870284
394,19,0,15.789473684210526,DAMGO,-0.07064935810826856,0.0704363723870284
395,19,0,47.368421052631575,DAMGO,-0.07064935810826856,0.0704363723870284
396,19,0,42.10526315789473,DAMGO,-0.07064935810826856,0.0704363723870284
397,19,0,15.789473684210526,DAMGO,-0.07064935810826856,0.0704363723870284
398,19,0,36.84210526315789,DAMGO,-0.07064935810826856,0.0704363723870284
399,19,0,31.57894736842105,DAMGO,-0.07064935810826856,0.0704363723870284
400,19,5.263157894736842,5.263157894736842,DAMGO,-0.07064935810826856,0.0704363723870284
2,19,0,63.1578947368421,Fentanyl,-0.11358173534025517,0.113889572243734
3,18,0,88.88888888888889,Fentanyl,-0.11358173534025517,0.113889572243734
4,19,0,63.1578947368421,Fentanyl,-0.11358173534025517,0.113889572243734
5,19,0,89.47368421052632,Fentanyl,-0.11358173534025517,0.113889572243734
6,19,0,52.63157894736842,Fentanyl,-0.11358173534025517,0.113889572243734
7,19,0,78.94736842105263,Fentanyl,-0.11358173534025517,0.113889572243734
8,19,0,78.94736842105263,Fentanyl,-0.11358173534025517,0.113889572243734
9,19,0,94.73684210526315,Fentanyl,-0.11358173534025517,0.113889572243734
10,19,0,63.1578947368421,Fentanyl,-0.11358173534025517,0.113889572243734
11,19,0,52.63157894736842,Fentanyl,-0.11358173534025517,0.113889572243734
12,19,0,84.21052631578947,Fentanyl,-0.11358173534025517,0.113889572243734
13,19,0,73.68421052631578,Fentanyl,-0.11358173534025517,0.113889572243734
14,18,0,66.66666666666666,Fentanyl,-0.11358173534025517,0.113889572243734
15,19,0,52.63157894736842,Fentanyl,-0.11358173534025517,0.113889572243734
16,19,0,78.94736842105263,Fentanyl,-0.11358173534025517,0.113889572243734
17,19,0,78.94736842105263,Fentanyl,-0.11358173534025517,0.113889572243734
18,19,0,89.47368421052632,Fentanyl,-0.11358173534025517,0.113889572243734
19,19,0,84.21052631578947,Fentanyl,-0.11358173534025517,0.113889572243734
20,19,0,63.1578947368421,Fentanyl,-0.11358173534025517,0.113889572243734
21,19,0,94.73684210526315,Fentanyl,-0.11358173534025517,0.113889572243734
22,17,0,82.35294117647058,Fentanyl,-0.11358173534025517,0.113889572243734
23,19,0,73.68421052631578,Fentanyl,-0.11358173534025517,0.113889572243734
24,19,0,89.47368421052632,Fentanyl,-0.11358173534025517,0.113889572243734
25,19,0,73.68421052631578,Fentanyl,-0.11358173534025517,0.113889572243734
26,19,0,84.21052631578947,Fentanyl,-0.11358173534025517,0.113889572243734
27,19,0,84.21052631578947,Fentanyl,-0.11358173534025517,0.113889572243734
28,19,0,89.47368421052632,Fentanyl,-0.11358173534025517,0.113889572243734
29,19,0,73.68421052631578,Fentanyl,-0.11358173534025517,0.113889572243734
30,19,0,94.73684210526315,Fentanyl,-0.11358173534025517,0.113889572243734
31,19,0,68.42105263157895,Fentanyl,-0.11358173534025517,0.113889572243734
32,19,0,94.73684210526315,Fentanyl,-0.11358173534025517,0.113889572243734
33,19,0,89.47368421052632,Fentanyl,-0.11358173534025517,0.113889572243734
34,19,0,78.94736842105263,Fentanyl,-0.11358173534025517,0.113889572243734
35,19,0,68.42105263157895,Fentanyl,-0.11358173534025517,0.113889572243734
36,19,0,63.1578947368421,Fentanyl,-0.11358173534025517,0.113889572243734
37,17,0,23.52941176470588,Fentanyl,-0.11358173534025517,0.113889572243734
38,19,0,68.42105263157895,Fentanyl,-0.11358173534025517,0.113889572243734
39,19,0,78.94736842105263,Fentanyl,-0.11358173534025517,0.113889572243734
40,19,0,42.10526315789473,Fentanyl,-0.11358173534025517,0.113889572243734
41,19,0,89.47368421052632,Fentanyl,-0.11358173534025517,0.113889572243734
42,19,0,57.89473684210527,Fentanyl,-0.11358173534025517,0.113889572243734
43,19,0,84.21052631578947,Fentanyl,-0.11358173534025517,0.113889572243734
44,19,0,47.368421052631575,Fentanyl,-0.11358173534025517,0.113889572243734
45,19,0,57.89473684210527,Fentanyl,-0.11358173534025517,0.113889572243734
46,19,0,57.89473684210527,Fentanyl,-0.11358173534025517,0.113889572243734
47,19,0,31.57894736842105,Fentanyl,-0.11358173534025517,0.113889572243734
48,19,0,42.10526315789473,Fentanyl,-0.11358173534025517,0.113889572243734
49,19,0,26.31578947368421,Fentanyl,-0.11358173534025517,0.113889572243734
50,19,0,47.368421052631575,Fentanyl,-0.11358173534025517,0.113889572243734
51,19,0,47.368421052631575,Fentanyl,-0.11358173534025517,0.113889572243734
52,19,0,36.84210526315789,Fentanyl,-0.11358173534025517,0.113889572243734
53,19,0,57.89473684210527,Fentanyl,-0.11358173534025517,0.113889572243734
54,19,0,36.84210526315789,Fentanyl,-0.11358173534025517,0.113889572243734
55,19,0,63.1578947368421,Fentanyl,-0.11358173534025517,0.113889572243734
56,19,0,21.052631578947366,Fentanyl,-0.11358173534025517,0.113889572243734
57,19,0,68.42105263157895,Fentanyl,-0.11358173534025517,0.113889572243734
58,19,0,63.1578947368421,Fentanyl,-0.11358173534025517,0.113889572243734
59,19,0,52.63157894736842,Fentanyl,-0.11358173534025517,0.113889572243734
60,19,0,42.10526315789473,Fentanyl,-0.11358173534025517,0.113889572243734
61,19,0,42.10526315789473,Fentanyl,-0.11358173534025517,0.113889572243734
62,19,0,31.57894736842105,Fentanyl,-0.11358173534025517,0.113889572243734
63,19,0,31.57894736842105,Fentanyl,-0.11358173534025517,0.113889572243734
64,19,0,26.31578947368421,Fentanyl,-0.11358173534025517,0.113889572243734
65,19,0,36.84210526315789,Fentanyl,-0.11358173534025517,0.113889572243734
66,19,0,36.84210526315789,Fentanyl,-0.11358173534025517,0.113889572243734
67,19,0,31.57894736842105,Fentanyl,-0.11358173534025517,0.113889572243734
68,19,0,36.84210526315789,Fentanyl,-0.11358173534025517,0.113889572243734
69,19,0,26.31578947368421,Fentanyl,-0.11358173534025517,0.113889572243734
70,19,0,31.57894736842105,Fentanyl,-0.11358173534025517,0.113889572243734
71,19,0,15.789473684210526,Fentanyl,-0.11358173534025517,0.113889572243734
72,19,0,36.84210526315789,Fentanyl,-0.11358173534025517,0.113889572243734
73,19,10.526315789473683,0,Fentanyl,-0.11358173534025517,0.113889572243734
74,19,0,5.263157894736842,Fentanyl,-0.11358173534025517,0.113889572243734
75,18,27.77777777777778,0,Fentanyl,-0.11358173534025517,0.113889572243734
76,19,15.789473684210526,0,Fentanyl,-0.11358173534025517,0.113889572243734
77,19,63.1578947368421,0,Fentanyl,-0.11358173534025517,0.113889572243734
78,19,15.789473684210526,10.526315789473683,Fentanyl,-0.11358173534025517,0.113889572243734
79,19,52.63157894736842,0,Fentanyl,-0.11358173534025517,0.113889572243734
80,19,42.10526315789473,0,Fentanyl,-0.11358173534025517,0.113889572243734
81,19,73.68421052631578,0,Fentanyl,-0.11358173534025517,0.113889572243734
82,19,52.63157894736842,0,Fentanyl,-0.11358173534025517,0.113889572243734
83,19,42.10526315789473,0,Fentanyl,-0.11358173534025517,0.113889572243734
84,19,100,0,Fentanyl,-0.11358173534025517,0.113889572243734
85,19,57.89473684210527,0,Fentanyl,-0.11358173534025517,0.113889572243734
86,19,47.368421052631575,5.263157894736842,Fentanyl,-0.11358173534025517,0.113889572243734
87,19,42.10526315789473,10.526315789473683,Fentanyl,-0.11358173534025517,0.113889572243734
88,19,94.73684210526315,0,Fentanyl,-0.11358173534025517,0.113889572243734
89,19,42.10526315789473,15.789473684210526,Fentanyl,-0.11358173534025517,0.113889572243734
90,19,47.368421052631575,10.526315789473683,Fentanyl,-0.11358173534025517,0.113889572243734
91,19,89.47368421052632,5.263157894736842,Fentanyl,-0.11358173534025517,0.113889572243734
92,18,72.22222222222221,0,Fentanyl,-0.11358173534025517,0.113889572243734
93,19,42.10526315789473,0,Fentanyl,-0.11358173534025517,0.113889572243734
94,19,52.63157894736842,0,Fentanyl,-0.11358173534025517,0.113889572243734
95,19,84.21052631578947,0,Fentanyl,-0.11358173534025517,0.113889572243734
96,19,15.789473684210526,10.526315789473683,Fentanyl,-0.11358173534025517,0.113889572243734
97,18,50,0,Fentanyl,-0.11358173534025517,0.113889572243734
98,19,31.57894736842105,0,Fentanyl,-0.11358173534025517,0.113889572243734
99,19,15.789473684210526,5.263157894736842,Fentanyl,-0.11358173534025517,0.113889572243734
100,19,63.1578947368421,0,Fentanyl,-0.11358173534025517,0.113889572243734
101,19,42.10526315789473,0,Fentanyl,-0.11358173534025517,0.113889572243734
102,19,10.526315789473683,0,Fentanyl,-0.11358173534025517,0.113889572243734
103,19,73.68421052631578,5.263157894736842,Fentanyl,-0.11358173534025517,0.113889572243734
104,19,57.89473684210527,0,Fentanyl,-0.11358173534025517,0.113889572243734
105,19,84.21052631578947,0,Fentanyl,-0.11358173534025517,0.113889572243734
106,19,73.68421052631578,0,Fentanyl,-0.11358173534025517,0.113889572243734
107,19,57.89473684210527,10.526315789473683,Fentanyl,-0.11358173534025517,0.113889572243734
108,19,89.47368421052632,0,Fentanyl,-0.11358173534025517,0.113889572243734
109,19,78.94736842105263,0,Fentanyl,-0.11358173534025517,0.113889572243734
110,19,57.89473684210527,5.263157894736842,Fentanyl,-0.11358173534025517,0.113889572243734
111,19,89.47368421052632,0,Fentanyl,-0.11358173534025517,0.113889572243734
112,19,84.21052631578947,0,Fentanyl,-0.11358173534025517,0.113889572243734
113,19,73.68421052631578,0,Fentanyl,-0.11358173534025517,0.113889572243734
114,19,63.1578947368421,0,Fentanyl,-0.11358173534025517,0.113889572243734
115,19,57.89473684210527,5.263157894736842,Fentanyl,-0.11358173534025517,0.113889572243734
116,19,68.42105263157895,0,Fentanyl,-0.11358173534025517,0.113889572243734
117,19,52.63157894736842,0,Fentanyl,-0.11358173534025517,0.113889572243734
118,19,68.42105263157895,0,Fentanyl,-0.11358173534025517,0.113889572243734
119,19,57.89473684210527,0,Fentanyl,-0.11358173534025517,0.113889572243734
120,19,42.10526315789473,5.263157894736842,Fentanyl,-0.11358173534025517,0.113889572243734
121,19,52.63157894736842,0,Fentanyl,-0.11358173534025517,0.113889572243734
122,19,73.68421052631578,0,Fentanyl,-0.11358173534025517,0.113889572243734
123,19,89.47368421052632,5.263157894736842,Fentanyl,-0.11358173534025517,0.113889572243734
124,19,36.84210526315789,0,Fentanyl,-0.11358173534025517,0.113889572243734
125,19,57.89473684210527,0,Fentanyl,-0.11358173534025517,0.113889572243734
126,19,57.89473684210527,0,Fentanyl,-0.11358173534025517,0.113889572243734
127,19,26.31578947368421,5.263157894736842,Fentanyl,-0.11358173534025517,0.113889572243734
128,19,42.10526315789473,10.526315789473683,Fentanyl,-0.11358173534025517,0.113889572243734
129,19,21.052631578947366,10.526315789473683,Fentanyl,-0.11358173534025517,0.113889572243734
130,19,10.526315789473683,15.789473684210526,Fentanyl,-0.11358173534025517,0.113889572243734
131,19,21.052631578947366,5.263157894736842,Fentanyl,-0.11358173534025517,0.113889572243734
132,19,21.052631578947366,0,Fentanyl,-0.11358173534025517,0.113889572243734
133,19,26.31578947368421,15.789473684210526,Fentanyl,-0.11358173534025517,0.113889572243734
134,19,10.526315789473683,10.526315789473683,Fentanyl,-0.11358173534025517,0.113889572243734
135,19,89.47368421052632,0,Fentanyl,-0.11358173534025517,0.113889572243734
136,19,5.263157894736842,15.789473684210526,Fentanyl,-0.11358173534025517,0.113889572243734
137,19,63.1578947368421,0,Fentanyl,-0.11358173534025517,0.113889572243734
138,19,63.1578947368421,0,Fentanyl,-0.11358173534025517,0.113889572243734
139,19,0,10.526315789473683,Fentanyl,-0.11358173534025517,0.113889572243734
140,19,5.263157894736842,10.526315789473683,Fentanyl,-0.11358173534025517,0.113889572243734
141,19,26.31578947368421,0,Fentanyl,-0.11358173534025517,0.113889572243734
142,19,100,0,Fentanyl,-0.11358173534025517,0.113889572243734
143,19,84.21052631578947,0,Fentanyl,-0.11358173534025517,0.113889572243734
144,19,68.42105263157895,0,Fentanyl,-0.11358173534025517,0.113889572243734
145,19,36.84210526315789,10.526315789473683,Fentanyl,-0.11358173534025517,0.113889572243734
146,19,36.84210526315789,0,Fentanyl,-0.11358173534025517,0.113889572243734
147,19,52.63157894736842,0,Fentanyl,-0.11358173534025517,0.113889572243734
148,19,57.89473684210527,0,Fentanyl,-0.11358173534025517,0.113889572243734
149,19,63.1578947368421,5.263157894736842,Fentanyl,-0.11358173534025517,0.113889572243734
150,19,57.89473684210527,0,Fentanyl,-0.11358173534025517,0.113889572243734
151,19,89.47368421052632,5.263157894736842,Fentanyl,-0.11358173534025517,0.113889572243734
152,19,63.1578947368421,5.263157894736842,Fentanyl,-0.11358173534025517,0.113889572243734
153,19,68.42105263157895,5.263157894736842,Fentanyl,-0.11358173534025517,0.113889572243734
154,19,52.63157894736842,5.263157894736842,Fentanyl,-0.11358173534025517,0.113889572243734
155,19,63.1578947368421,5.263157894736842,Fentanyl,-0.11358173534025517,0.113889572243734
156,19,89.47368421052632,0,Fentanyl,-0.11358173534025517,0.113889572243734
157,19,57.89473684210527,0,Fentanyl,-0.11358173534025517,0.113889572243734
158,19,52.63157894736842,5.263157894736842,Fentanyl,-0.11358173534025517,0.113889572243734
159,19,78.94736842105263,0,Fentanyl,-0.11358173534025517,0.113889572243734
160,19,68.42105263157895,0,Fentanyl,-0.11358173534025517,0.113889572243734
161,19,63.1578947368421,0,Fentanyl,-0.11358173534025517,0.113889572243734
162,19,15.789473684210526,15.789473684210526,Fentanyl,-0.11358173534025517,0.113889572243734
163,19,63.1578947368421,0,Fentanyl,-0.11358173534025517,0.113889572243734
164,19,84.21052631578947,10.526315789473683,Fentanyl,-0.11358173534025517,0.113889572243734
165,19,68.42105263157895,5.263157894736842,Fentanyl,-0.11358173534025517,0.113889572243734
166,19,73.68421052631578,15.789473684210526,Fentanyl,-0.11358173534025517,0.113889572243734
167,19,100,0,Fentanyl,-0.11358173534025517,0.113889572243734
168,19,84.21052631578947,0,Fentanyl,-0.11358173534025517,0.113889572243734
169,19,52.63157894736842,5.263157894736842,Fentanyl,-0.11358173534025517,0.113889572243734
170,19,89.47368421052632,0,Fentanyl,-0.11358173534025517,0.113889572243734
171,19,78.94736842105263,0,Fentanyl,-0.11358173534025517,0.113889572243734
172,19,42.10526315789473,5.263157894736842,Fentanyl,-0.11358173534025517,0.113889572243734
173,19,42.10526315789473,10.526315789473683,Fentanyl,-0.11358173534025517,0.113889572243734
174,19,73.68421052631578,0,Fentanyl,-0.11358173534025517,0.113889572243734
175,19,42.10526315789473,15.789473684210526,Fentanyl,-0.11358173534025517,0.113889572243734
176,19,5.263157894736842,0,Fentanyl,-0.11358173534025517,0.113889572243734
177,19,52.63157894736842,5.263157894736842,Fentanyl,-0.11358173534025517,0.113889572243734
178,19,15.789473684210526,0,Fentanyl,-0.11358173534025517,0.113889572243734
179,19,0,15.789473684210526,Fentanyl,-0.11358173534025517,0.113889572243734
180,19,21.052631578947366,15.789473684210526,Fentanyl,-0.11358173534025517,0.113889572243734
181,19,89.47368421052632,0,Fentanyl,-0.11358173534025517,0.113889572243734
182,19,15.789473684210526,0,Fentanyl,-0.11358173534025517,0.113889572243734
183,19,15.789473684210526,5.263157894736842,Fentanyl,-0.11358173534025517,0.113889572243734
184,19,15.789473684210526,15.789473684210526,Fentanyl,-0.11358173534025517,0.113889572243734
185,19,10.526315789473683,15.789473684210526,Fentanyl,-0.11358173534025517,0.113889572243734
186,19,73.68421052631578,0,Fentanyl,-0.11358173534025517,0.113889572243734
187,19,21.052631578947366,15.789473684210526,Fentanyl,-0.11358173534025517,0.113889572243734
188,19,26.31578947368421,21.052631578947366,Fentanyl,-0.11358173534025517,0.113889572243734
189,19,42.10526315789473,5.263157894736842,Fentanyl,-0.11358173534025517,0.113889572243734
190,19,73.68421052631578,0,Fentanyl,-0.11358173534025517,0.113889572243734
191,19,42.10526315789473,5.263157894736842,Fentanyl,-0.11358173534025517,0.113889572243734
192,19,36.84210526315789,5.263157894736842,Fentanyl,-0.11358173534025517,0.113889572243734
193,19,36.84210526315789,15.789473684210526,Fentanyl,-0.11358173534025517,0.113889572243734
194,19,68.42105263157895,0,Fentanyl,-0.11358173534025517,0.113889572243734
195,19,52.63157894736842,5.263157894736842,Fentanyl,-0.11358173534025517,0.113889572243734
196,19,57.89473684210527,5.263157894736842,Fentanyl,-0.11358173534025517,0.113889572243734
197,19,42.10526315789473,5.263157894736842,Fentanyl,-0.11358173534025517,0.113889572243734
198,19,52.63157894736842,0,Fentanyl,-0.11358173534025517,0.113889572243734
199,19,31.57894736842105,10.526315789473683,Fentanyl,-0.11358173534025517,0.113889572243734
200,19,42.10526315789473,10.526315789473683,Fentanyl,-0.11358173534025517,0.113889572243734
201,19,57.89473684210527,5.263157894736842,Fentanyl,-0.11358173534025517,0.113889572243734
202,19,31.57894736842105,21.052631578947366,Fentanyl,-0.11358173534025517,0.113889572243734
203,19,63.1578947368421,0,Fentanyl,-0.11358173534025517,0.113889572243734
204,19,52.63157894736842,5.263157894736842,Fentanyl,-0.11358173534025517,0.113889572243734
205,19,21.052631578947366,21.052631578947366,Fentanyl,-0.11358173534025517,0.113889572243734
206,19,5.263157894736842,10.526315789473683,Fentanyl,-0.11358173534025517,0.113889572243734
207,19,0,10.526315789473683,Fentanyl,-0.11358173534025517,0.113889572243734
208,19,52.63157894736842,0,Fentanyl,-0.11358173534025517,0.113889572243734
209,19,10.526315789473683,0,Fentanyl,-0.11358173534025517,0.113889572243734
210,19,21.052631578947366,5.263157894736842,Fentanyl,-0.11358173534025517,0.113889572243734
211,19,0,10.526315789473683,Fentanyl,-0.11358173534025517,0.113889572243734
212,19,0,42.10526315789473,Fentanyl,-0.11358173534025517,0.113889572243734
213,19,10.526315789473683,15.789473684210526,Fentanyl,-0.11358173534025517,0.113889572243734
214,18,16.666666666666664,0,Fentanyl,-0.11358173534025517,0.113889572243734
215,19,15.789473684210526,0,Fentanyl,-0.11358173534025517,0.113889572243734
216,19,5.263157894736842,0,Fentanyl,-0.11358173534025517,0.113889572243734
217,19,5.263157894736842,5.263157894736842,Fentanyl,-0.11358173534025517,0.113889572243734
218,19,10.526315789473683,15.789473684210526,Fentanyl,-0.11358173534025517,0.113889572243734
219,19,100,0,Fentanyl,-0.11358173534025517,0.113889572243734
220,19,5.263157894736842,5.263157894736842,Fentanyl,-0.11358173534025517,0.113889572243734
221,19,31.57894736842105,5.263157894736842,Fentanyl,-0.11358173534025517,0.113889572243734
222,19,0,10.526315789473683,Fentanyl,-0.11358173534025517,0.113889572243734
223,19,5.263157894736842,15.789473684210526,Fentanyl,-0.11358173534025517,0.113889572243734
224,19,0,10.526315789473683,Fentanyl,-0.11358173534025517,0.113889572243734
225,19,10.526315789473683,10.526315789473683,Fentanyl,-0.11358173534025517,0.113889572243734
226,18,16.666666666666664,0,Fentanyl,-0.11358173534025517,0.113889572243734
227,19,0,10.526315789473683,Fentanyl,-0.11358173534025517,0.113889572243734
228,19,5.263157894736842,5.263157894736842,Fentanyl,-0.11358173534025517,0.113889572243734
229,19,5.263157894736842,5.263157894736842,Fentanyl,-0.11358173534025517,0.113889572243734
230,19,15.789473684210526,15.789473684210526,Fentanyl,-0.11358173534025517,0.113889572243734
231,19,10.526315789473683,5.263157894736842,Fentanyl,-0.11358173534025517,0.113889572243734
232,18,5.555555555555555,5.555555555555555,Fentanyl,-0.11358173534025517,0.113889572243734
233,19,15.789473684210526,0,Fentanyl,-0.11358173534025517,0.113889572243734
234,19,52.63157894736842,0,Fentanyl,-0.11358173534025517,0.113889572243734
235,19,21.052631578947366,10.526315789473683,Fentanyl,-0.11358173534025517,0.113889572243734
236,19,31.57894736842105,0,Fentanyl,-0.11358173534025517,0.113889572243734
237,19,26.31578947368421,10.526315789473683,Fentanyl,-0.11358173534025517,0.113889572243734
238,19,42.10526315789473,5.263157894736842,Fentanyl,-0.11358173534025517,0.113889572243734
239,19,42.10526315789473,5.263157894736842,Fentanyl,-0.11358173534025517,0.113889572243734
240,19,42.10526315789473,0,Fentanyl,-0.11358173534025517,0.113889572243734
241,19,63.1578947368421,0,Fentanyl,-0.11358173534025517,0.113889572243734
242,19,47.368421052631575,5.263157894736842,Fentanyl,-0.11358173534025517,0.113889572243734
243,19,63.1578947368421,0,Fentanyl,-0.11358173534025517,0.113889572243734
244,19,36.84210526315789,10.526315789473683,Fentanyl,-0.11358173534025517,0.113889572243734
245,19,52.63157894736842,10.526315789473683,Fentanyl,-0.11358173534025517,0.113889572243734
246,19,94.73684210526315,0,Fentanyl,-0.11358173534025517,0.113889572243734
247,19,31.57894736842105,0,Fentanyl,-0.11358173534025517,0.113889572243734
248,19,31.57894736842105,10.526315789473683,Fentanyl,-0.11358173534025517,0.113889572243734
249,19,42.10526315789473,5.263157894736842,Fentanyl,-0.11358173534025517,0.113889572243734
250,19,52.63157894736842,5.263157894736842,Fentanyl,-0.11358173534025517,0.113889572243734
251,19,42.10526315789473,5.263157894736842,Fentanyl,-0.11358173534025517,0.113889572243734
252,19,31.57894736842105,15.789473684210526,Fentanyl,-0.11358173534025517,0.113889572243734
253,19,36.84210526315789,5.263157894736842,Fentanyl,-0.11358173534025517,0.113889572243734
254,19,52.63157894736842,0,Fentanyl,-0.11358173534025517,0.113889572243734
255,19,26.31578947368421,0,Fentanyl,-0.11358173534025517,0.113889572243734
256,19,21.052631578947366,10.526315789473683,Fentanyl,-0.11358173534025517,0.113889572243734
257,19,63.1578947368421,0,Fentanyl,-0.11358173534025517,0.113889572243734
258,19,31.57894736842105,0,Fentanyl,-0.11358173534025517,0.113889572243734
259,19,0,5.263157894736842,Fentanyl,-0.11358173534025517,0.113889572243734
260,19,63.1578947368421,0,Fentanyl,-0.11358173534025517,0.113889572243734
261,19,63.1578947368421,5.263157894736842,Fentanyl,-0.11358173534025517,0.113889572243734
262,19,42.10526315789473,0,Fentanyl,-0.11358173534025517,0.113889572243734
263,19,0,5.263157894736842,Fentanyl,-0.11358173534025517,0.113889572243734
264,19,5.263157894736842,0,Fentanyl,-0.11358173534025517,0.113889572243734
265,19,15.789473684210526,10.526315789473683,Fentanyl,-0.11358173534025517,0.113889572243734
266,19,0,26.31578947368421,Fentanyl,-0.11358173534025517,0.113889572243734
267,19,0,0,Fentanyl,-0.11358173534025517,0.113889572243734
268,19,5.263157894736842,5.263157894736842,Fentanyl,-0.11358173534025517,0.113889572243734
269,19,0,26.31578947368421,Fentanyl,-0.11358173534025517,0.113889572243734
270,19,5.263157894736842,10.526315789473683,Fentanyl,-0.11358173534025517,0.113889572243734
271,19,0,15.789473684210526,Fentanyl,-0.11358173534025517,0.113889572243734
272,19,0,15.789473684210526,Fentanyl,-0.11358173534025517,0.113889572243734
273,19,21.052631578947366,0,Fentanyl,-0.11358173534025517,0.113889572243734
274,19,0,15.789473684210526,Fentanyl,-0.11358173534025517,0.113889572243734
275,19,5.263157894736842,15.789473684210526,Fentanyl,-0.11358173534025517,0.113889572243734
276,19,5.263157894736842,0,Fentanyl,-0.11358173534025517,0.113889572243734
277,19,10.526315789473683,5.263157894736842,Fentanyl,-0.11358173534025517,0.113889572243734
278,19,5.263157894736842,0,Fentanyl,-0.11358173534025517,0.113889572243734
279,19,15.789473684210526,10.526315789473683,Fentanyl,-0.11358173534025517,0.113889572243734
280,19,52.63157894736842,0,Fentanyl,-0.11358173534025517,0.113889572243734
281,19,26.31578947368421,10.526315789473683,Fentanyl,-0.11358173534025517,0.113889572243734
282,19,21.052631578947366,10.526315789473683,Fentanyl,-0.11358173534025517,0.113889572243734
283,19,26.31578947368421,10.526315789473683,Fentanyl,-0.11358173534025517,0.113889572243734
284,19,31.57894736842105,15.789473684210526,Fentanyl,-0.11358173534025517,0.113889572243734
285,19,15.789473684210526,0,Fentanyl,-0.11358173534025517,0.113889572243734
286,19,36.84210526315789,0,Fentanyl,-0.11358173534025517,0.113889572243734
287,19,26.31578947368421,0,Fentanyl,-0.11358173534025517,0.113889572243734
288,19,57.89473684210527,5.263157894736842,Fentanyl,-0.11358173534025517,0.113889572243734
289,19,21.052631578947366,5.263157894736842,Fentanyl,-0.11358173534025517,0.113889572243734
290,19,36.84210526315789,0,Fentanyl,-0.11358173534025517,0.113889572243734
291,19,78.94736842105263,0,Fentanyl,-0.11358173534025517,0.113889572243734
292,19,63.1578947368421,0,Fentanyl,-0.11358173534025517,0.113889572243734
293,19,36.84210526315789,0,Fentanyl,-0.11358173534025517,0.113889572243734
294,19,68.42105263157895,0,Fentanyl,-0.11358173534025517,0.113889572243734
295,19,68.42105263157895,0,Fentanyl,-0.11358173534025517,0.113889572243734
296,19,73.68421052631578,5.263157894736842,Fentanyl,-0.11358173534025517,0.113889572243734
297,19,100,0,Fentanyl,-0.11358173534025517,0.113889572243734
298,18,88.88888888888889,0,Fentanyl,-0.11358173534025517,0.113889572243734
299,19,94.73684210526315,0,Fentanyl,-0.11358173534025517,0.113889572243734
300,19,73.68421052631578,0,Fentanyl,-0.11358173534025517,0.113889572243734
301,19,36.84210526315789,0,Fentanyl,-0.11358173534025517,0.113889572243734
302,19,78.94736842105263,0,Fentanyl,-0.11358173534025517,0.113889572243734
303,19,57.89473684210527,0,Fentanyl,-0.11358173534025517,0.113889572243734
304,19,63.1578947368421,0,Fentanyl,-0.11358173534025517,0.113889572243734
305,19,15.789473684210526,0,Fentanyl,-0.11358173534025517,0.113889572243734
306,19,15.789473684210526,0,Fentanyl,-0.11358173534025517,0.113889572243734
307,19,21.052631578947366,0,Fentanyl,-0.11358173534025517,0.113889572243734
308,19,10.526315789473683,0,Fentanyl,-0.11358173534025517,0.113889572243734
309,19,0,0,Fentanyl,-0.11358173534025517,0.113889572243734
310,19,52.63157894736842,5.263157894736842,Fentanyl,-0.11358173534025517,0.113889572243734
311,19,57.89473684210527,0,Fentanyl,-0.11358173534025517,0.113889572243734
312,19,21.052631578947366,0,Fentanyl,-0.11358173534025517,0.113889572243734
313,19,10.526315789473683,0,Fentanyl,-0.11358173534025517,0.113889572243734
314,19,21.052631578947366,0,Fentanyl,-0.11358173534025517,0.113889572243734
315,19,15.789473684210526,0,Fentanyl,-0.11358173534025517,0.113889572243734
316,19,31.57894736842105,0,Fentanyl,-0.11358173534025517,0.113889572243734
317,19,36.84210526315789,5.263157894736842,Fentanyl,-0.11358173534025517,0.113889572243734
318,19,47.368421052631575,0,Fentanyl,-0.11358173534025517,0.113889572243734
319,19,47.368421052631575,5.263157894736842,Fentanyl,-0.11358173534025517,0.113889572243734
320,19,68.42105263157895,5.263157894736842,Fentanyl,-0.11358173534025517,0.113889572243734
321,19,94.73684210526315,0,Fentanyl,-0.11358173534025517,0.113889572243734
322,19,57.89473684210527,0,Fentanyl,-0.11358173534025517,0.113889572243734
323,19,73.68421052631578,0,Fentanyl,-0.11358173534025517,0.113889572243734
324,19,63.1578947368421,0,Fentanyl,-0.11358173534025517,0.113889572243734
325,19,57.89473684210527,5.263157894736842,Fentanyl,-0.11358173534025517,0.113889572243734
326,19,57.89473684210527,0,Fentanyl,-0.11358173534025517,0.113889572243734
327,19,100,0,Fentanyl,-0.11358173534025517,0.113889572243734
328,19,94.73684210526315,0,Fentanyl,-0.11358173534025517,0.113889572243734
329,19,68.42105263157895,0,Fentanyl,-0.11358173534025517,0.113889572243734
330,19,63.1578947368421,0,Fentanyl,-0.11358173534025517,0.113889572243734
331,19,42.10526315789473,5.263157894736842,Fentanyl,-0.11358173534025517,0.113889572243734
332,19,78.94736842105263,0,Fentanyl,-0.11358173534025517,0.113889572243734
333,19,68.42105263157895,0,Fentanyl,-0.11358173534025517,0.113889572243734
334,19,57.89473684210527,5.263157894736842,Fentanyl,-0.11358173534025517,0.113889572243734
335,19,73.68421052631578,0,Fentanyl,-0.11358173534025517,0.113889572243734
336,19,47.368421052631575,0,Fentanyl,-0.11358173534025517,0.113889572243734
337,18,61.111111111111114,0,Fentanyl,-0.11358173534025517,0.113889572243734
338,19,63.1578947368421,0,Fentanyl,-0.11358173534025517,0.113889572243734
339,19,36.84210526315789,5.263157894736842,Fentanyl,-0.11358173534025517,0.113889572243734
340,19,21.052631578947366,0,Fentanyl,-0.11358173534025517,0.113889572243734
341,19,36.84210526315789,5.263157894736842,Fentanyl,-0.11358173534025517,0.113889572243734
342,19,94.73684210526315,0,Fentanyl,-0.11358173534025517,0.113889572243734
343,19,10.526315789473683,21.052631578947366,Fentanyl,-0.11358173534025517,0.113889572243734
344,18,61.111111111111114,0,Fentanyl,-0.11358173534025517,0.113889572243734
345,19,63.1578947368421,0,Fentanyl,-0.11358173534025517,0.113889572243734
346,19,36.84210526315789,0,Fentanyl,-0.11358173534025517,0.113889572243734
347,19,47.368421052631575,10.526315789473683,Fentanyl,-0.11358173534025517,0.113889572243734
348,19,42.10526315789473,0,Fentanyl,-0.11358173534025517,0.113889572243734
349,19,47.368421052631575,5.263157894736842,Fentanyl,-0.11358173534025517,0.113889572243734
350,19,31.57894736842105,0,Fentanyl,-0.11358173534025517,0.113889572243734
351,19,0,0,Fentanyl,-0.11358173534025517,0.113889572243734
352,18,5.555555555555555,0,Fentanyl,-0.11358173534025517,0.113889572243734
353,19,15.789473684210526,0,Fentanyl,-0.11358173534025517,0.113889572243734
354,19,5.263157894736842,21.052631578947366,Fentanyl,-0.11358173534025517,0.113889572243734
355,19,0,10.526315789473683,Fentanyl,-0.11358173534025517,0.113889572243734
356,19,0,5.263157894736842,Fentanyl,-0.11358173534025517,0.113889572243734
357,19,0,5.263157894736842,Fentanyl,-0.11358173534025517,0.113889572243734
358,19,0,5.263157894736842,Fentanyl,-0.11358173534025517,0.113889572243734
359,19,0,5.263157894736842,Fentanyl,-0.11358173534025517,0.113889572243734
360,19,0,5.263157894736842,Fentanyl,-0.11358173534025517,0.113889572243734
361,19,0,0,Fentanyl,-0.11358173534025517,0.113889572243734
362,19,0,10.526315789473683,Fentanyl,-0.11358173534025517,0.113889572243734
363,19,5.263157894736842,5.263157894736842,Fentanyl,-0.11358173534025517,0.113889572243734
364,19,0,10.526315789473683,Fentanyl,-0.11358173534025517,0.113889572243734
365,19,0,15.789473684210526,Fentanyl,-0.11358173534025517,0.113889572243734
366,19,0,5.263157894736842,Fentanyl,-0.11358173534025517,0.113889572243734
367,19,15.789473684210526,5.263157894736842,Fentanyl,-0.11358173534025517,0.113889572243734
368,19,5.263157894736842,0,Fentanyl,-0.11358173534025517,0.113889572243734
369,19,21.052631578947366,0,Fentanyl,-0.11358173534025517,0.113889572243734
370,19,0,10.526315789473683,Fentanyl,-0.11358173534025517,0.113889572243734
371,19,0,15.789473684210526,Fentanyl,-0.11358173534025517,0.113889572243734
372,19,0,0,Fentanyl,-0.11358173534025517,0.113889572243734
373,19,0,5.263157894736842,Fentanyl,-0.11358173534025517,0.113889572243734
374,19,0,26.31578947368421,Fentanyl,-0.11358173534025517,0.113889572243734
375,19,0,10.526315789473683,Fentanyl,-0.11358173534025517,0.113889572243734
376,19,0,31.57894736842105,Fentanyl,-0.11358173534025517,0.113889572243734
377,19,0,57.89473684210527,Fentanyl,-0.11358173534025517,0.113889572243734
378,19,0,47.368421052631575,Fentanyl,-0.11358173534025517,0.113889572243734
379,19,0,21.052631578947366,Fentanyl,-0.11358173534025517,0.113889572243734
380,19,0,68.42105263157895,Fentanyl,-0.11358173534025517,0.113889572243734
381,19,0,73.68421052631578,Fentanyl,-0.11358173534025517,0.113889572243734
382,19,0,31.57894736842105,Fentanyl,-0.11358173534025517,0.113889572243734
383,19,0,52.63157894736842,Fentanyl,-0.11358173534025517,0.113889572243734
384,19,0,57.89473684210527,Fentanyl,-0.11358173534025517,0.113889572243734
385,19,0,63.1578947368421,Fentanyl,-0.11358173534025517,0.113889572243734
386,19,0,68.42105263157895,Fentanyl,-0.11358173534025517,0.113889572243734
387,19,0,15.789473684210526,Fentanyl,-0.11358173534025517,0.113889572243734
388,19,0,68.42105263157895,Fentanyl,-0.11358173534025517,0.113889572243734
389,19,0,21.052631578947366,Fentanyl,-0.11358173534025517,0.113889572243734
390,19,0,63.1578947368421,Fentanyl,-0.11358173534025517,0.113889572243734
391,19,0,57.89473684210527,Fentanyl,-0.11358173534025517,0.113889572243734
392,19,0,10.526315789473683,Fentanyl,-0.11358173534025517,0.113889572243734
393,19,0,84.21052631578947,Fentanyl,-0.11358173534025517,0.113889572243734
394,19,0,68.42105263157895,Fentanyl,-0.11358173534025517,0.113889572243734
395,19,0,52.63157894736842,Fentanyl,-0.11358173534025517,0.113889572243734
396,19,0,84.21052631578947,Fentanyl,-0.11358173534025517,0.113889572243734
397,19,0,52.63157894736842,Fentanyl,-0.11358173534025517,0.113889572243734
398,19,0,36.84210526315789,Fentanyl,-0.11358173534025517,0.113889572243734
399,19,0,78.94736842105263,Fentanyl,-0.11358173534025517,0.113889572243734
400,19,5.263157894736842,21.052631578947366,Fentanyl,-0.11358173534025517,0.113889572243734
2,19,0,10.526315789473683,MP,-0.10492332183756427,0.10555443487623521
3,18,0,0,MP,-0.10492332183756427,0.10555443487623521
4,19,0,0,MP,-0.10492332183756427,0.10555443487623521
5,19,0,0,MP,-0.10492332183756427,0.10555443487623521
6,19,0,0,MP,-0.10492332183756427,0.10555443487623521
7,19,0,15.789473684210526,MP,-0.10492332183756427,0.10555443487623521
8,19,0,31.57894736842105,MP,-0.10492332183756427,0.10555443487623521
9,19,0,0,MP,-0.10492332183756427,0.10555443487623521
10,19,0,0,MP,-0.10492332183756427,0.10555443487623521
11,19,0,0,MP,-0.10492332183756427,0.10555443487623521
12,19,0,0,MP,-0.10492332183756427,0.10555443487623521
13,19,0,0,MP,-0.10492332183756427,0.10555443487623521
14,18,0,16.666666666666664,MP,-0.10492332183756427,0.10555443487623521
15,19,0,0,MP,-0.10492332183756427,0.10555443487623521
16,19,0,21.052631578947366,MP,-0.10492332183756427,0.10555443487623521
17,19,0,10.526315789473683,MP,-0.10492332183756427,0.10555443487623521
18,19,0,0,MP,-0.10492332183756427,0.10555443487623521
19,19,0,0,MP,-0.10492332183756427,0.10555443487623521
20,19,0,10.526315789473683,MP,-0.10492332183756427,0.10555443487623521
21,19,0,5.263157894736842,MP,-0.10492332183756427,0.10555443487623521
22,17,5.88235294117647,11.76470588235294,MP,-0.10492332183756427,0.10555443487623521
23,19,5.263157894736842,5.263157894736842,MP,-0.10492332183756427,0.10555443487623521
24,19,0,0,MP,-0.10492332183756427,0.10555443487623521
25,19,0,10.526315789473683,MP,-0.10492332183756427,0.10555443487623521
26,19,0,0,MP,-0.10492332183756427,0.10555443487623521
27,19,5.263157894736842,10.526315789473683,MP,-0.10492332183756427,0.10555443487623521
28,19,0,26.31578947368421,MP,-0.10492332183756427,0.10555443487623521
29,19,0,15.789473684210526,MP,-0.10492332183756427,0.10555443487623521
30,19,0,31.57894736842105,MP,-0.10492332183756427,0.10555443487623521
31,19,0,36.84210526315789,MP,-0.10492332183756427,0.10555443487623521
32,19,0,10.526315789473683,MP,-0.10492332183756427,0.10555443487623521
33,19,0,26.31578947368421,MP,-0.10492332183756427,0.10555443487623521
34,19,0,10.526315789473683,MP,-0.10492332183756427,0.10555443487623521
35,19,5.263157894736842,21.052631578947366,MP,-0.10492332183756427,0.10555443487623521
36,19,0,36.84210526315789,MP,-0.10492332183756427,0.10555443487623521
37,17,0,5.88235294117647,MP,-0.10492332183756427,0.10555443487623521
38,19,0,10.526315789473683,MP,-0.10492332183756427,0.10555443487623521
39,19,21.052631578947366,0,MP,-0.10492332183756427,0.10555443487623521
40,19,0,5.263157894736842,MP,-0.10492332183756427,0.10555443487623521
41,19,0,36.84210526315789,MP,-0.10492332183756427,0.10555443487623521
42,19,0,5.263157894736842,MP,-0.10492332183756427,0.10555443487623521
43,19,0,0,MP,-0.10492332183756427,0.10555443487623521
44,19,0,10.526315789473683,MP,-0.10492332183756427,0.10555443487623521
45,19,15.789473684210526,5.263157894736842,MP,-0.10492332183756427,0.10555443487623521
46,19,0,10.526315789473683,MP,-0.10492332183756427,0.10555443487623521
47,19,0,21.052631578947366,MP,-0.10492332183756427,0.10555443487623521
48,19,10.526315789473683,15.789473684210526,MP,-0.10492332183756427,0.10555443487623521
49,19,10.526315789473683,0,MP,-0.10492332183756427,0.10555443487623521
50,19,10.526315789473683,0,MP,-0.10492332183756427,0.10555443487623521
51,19,5.263157894736842,26.31578947368421,MP,-0.10492332183756427,0.10555443487623521
52,19,0,5.263157894736842,MP,-0.10492332183756427,0.10555443487623521
53,19,0,21.052631578947366,MP,-0.10492332183756427,0.10555443487623521
54,19,5.263157894736842,5.263157894736842,MP,-0.10492332183756427,0.10555443487623521
55,19,0,57.89473684210527,MP,-0.10492332183756427,0.10555443487623521
56,19,5.263157894736842,5.263157894736842,MP,-0.10492332183756427,0.10555443487623521
57,19,0,42.10526315789473,MP,-0.10492332183756427,0.10555443487623521
58,19,5.263157894736842,10.526315789473683,MP,-0.10492332183756427,0.10555443487623521
59,19,0,31.57894736842105,MP,-0.10492332183756427,0.10555443487623521
60,19,5.263157894736842,15.789473684210526,MP,-0.10492332183756427,0.10555443487623521
61,19,0,26.31578947368421,MP,-0.10492332183756427,0.10555443487623521
62,19,0,15.789473684210526,MP,-0.10492332183756427,0.10555443487623521
63,19,0,26.31578947368421,MP,-0.10492332183756427,0.10555443487623521
64,19,5.263157894736842,42.10526315789473,MP,-0.10492332183756427,0.10555443487623521
65,19,0,47.368421052631575,MP,-0.10492332183756427,0.10555443487623521
66,19,5.263157894736842,10.526315789473683,MP,-0.10492332183756427,0.10555443487623521
67,19,0,15.789473684210526,MP,-0.10492332183756427,0.10555443487623521
68,19,10.526315789473683,10.526315789473683,MP,-0.10492332183756427,0.10555443487623521
69,19,5.263157894736842,0,MP,-0.10492332183756427,0.10555443487623521
70,19,0,21.052631578947366,MP,-0.10492332183756427,0.10555443487623521
71,19,26.31578947368421,0,MP,-0.10492332183756427,0.10555443487623521
72,19,15.789473684210526,26.31578947368421,MP,-0.10492332183756427,0.10555443487623521
73,19,57.89473684210527,0,MP,-0.10492332183756427,0.10555443487623521
74,19,5.263157894736842,5.263157894736842,MP,-0.10492332183756427,0.10555443487623521
75,18,22.22222222222222,11.11111111111111,MP,-0.10492332183756427,0.10555443487623521
76,19,26.31578947368421,0,MP,-0.10492332183756427,0.10555443487623521
77,19,68.42105263157895,0,MP,-0.10492332183756427,0.10555443487623521
78,19,15.789473684210526,0,MP,-0.10492332183756427,0.10555443487623521
79,19,36.84210526315789,5.263157894736842,MP,-0.10492332183756427,0.10555443487623521
80,19,42.10526315789473,5.263157894736842,MP,-0.10492332183756427,0.10555443487623521
81,19,0,15.789473684210526,MP,-0.10492332183756427,0.10555443487623521
82,19,31.57894736842105,31.57894736842105,MP,-0.10492332183756427,0.10555443487623521
83,19,5.263157894736842,26.31578947368421,MP,-0.10492332183756427,0.10555443487623521
84,19,52.63157894736842,10.526315789473683,MP,-0.10492332183756427,0.10555443487623521
85,19,42.10526315789473,5.263157894736842,MP,-0.10492332183756427,0.10555443487623521
86,19,42.10526315789473,5.263157894736842,MP,-0.10492332183756427,0.10555443487623521
87,19,10.526315789473683,31.57894736842105,MP,-0.10492332183756427,0.10555443487623521
88,19,47.368421052631575,0,MP,-0.10492332183756427,0.10555443487623521
89,19,15.789473684210526,21.052631578947366,MP,-0.10492332183756427,0.10555443487623521
90,19,26.31578947368421,5.263157894736842,MP,-0.10492332183756427,0.10555443487623521
91,19,52.63157894736842,5.263157894736842,MP,-0.10492332183756427,0.10555443487623521
92,18,66.66666666666666,0,MP,-0.10492332183756427,0.10555443487623521
93,19,15.789473684210526,15.789473684210526,MP,-0.10492332183756427,0.10555443487623521
94,19,5.263157894736842,0,MP,-0.10492332183756427,0.10555443487623521
95,19,10.526315789473683,15.789473684210526,MP,-0.10492332183756427,0.10555443487623521
96,19,21.052631578947366,26.31578947368421,MP,-0.10492332183756427,0.10555443487623521
97,18,22.22222222222222,11.11111111111111,MP,-0.10492332183756427,0.10555443487623521
98,19,26.31578947368421,15.789473684210526,MP,-0.10492332183756427,0.10555443487623521
99,19,5.263157894736842,36.84210526315789,MP,-0.10492332183756427,0.10555443487623521
100,19,68.42105263157895,0,MP,-0.10492332183756427,0.10555443487623521
101,19,0,31.57894736842105,MP,-0.10492332183756427,0.10555443487623521
102,19,26.31578947368421,5.263157894736842,MP,-0.10492332183756427,0.10555443487623521
103,19,21.052631578947366,10.526315789473683,MP,-0.10492332183756427,0.10555443487623521
104,19,42.10526315789473,0,MP,-0.10492332183756427,0.10555443487623521
105,19,15.789473684210526,10.526315789473683,MP,-0.10492332183756427,0.10555443487623521
106,19,5.263157894736842,10.526315789473683,MP,-0.10492332183756427,0.10555443487623521
107,19,21.052631578947366,21.052631578947366,MP,-0.10492332183756427,0.10555443487623521
108,19,31.57894736842105,0,MP,-0.10492332183756427,0.10555443487623521
109,19,15.789473684210526,15.789473684210526,MP,-0.10492332183756427,0.10555443487623521
110,19,68.42105263157895,0,MP,-0.10492332183756427,0.10555443487623521
111,19,15.789473684210526,15.789473684210526,MP,-0.10492332183756427,0.10555443487623521
112,19,31.57894736842105,0,MP,-0.10492332183756427,0.10555443487623521
113,19,57.89473684210527,0,MP,-0.10492332183756427,0.10555443487623521
114,19,42.10526315789473,5.263157894736842,MP,-0.10492332183756427,0.10555443487623521
115,19,63.1578947368421,0,MP,-0.10492332183756427,0.10555443487623521
116,19,84.21052631578947,0,MP,-0.10492332183756427,0.10555443487623521
117,19,36.84210526315789,10.526315789473683,MP,-0.10492332183756427,0.10555443487623521
118,19,47.368421052631575,15.789473684210526,MP,-0.10492332183756427,0.10555443487623521
119,19,10.526315789473683,52.63157894736842,MP,-0.10492332183756427,0.10555443487623521
120,19,10.526315789473683,0,MP,-0.10492332183756427,0.10555443487623521
121,19,63.1578947368421,0,MP,-0.10492332183756427,0.10555443487623521
122,19,47.368421052631575,5.263157894736842,MP,-0.10492332183756427,0.10555443487623521
123,19,84.21052631578947,5.263157894736842,MP,-0.10492332183756427,0.10555443487623521
124,19,36.84210526315789,10.526315789473683,MP,-0.10492332183756427,0.10555443487623521
125,19,73.68421052631578,0,MP,-0.10492332183756427,0.10555443487623521
126,19,26.31578947368421,10.526315789473683,MP,-0.10492332183756427,0.10555443487623521
127,19,47.368421052631575,0,MP,-0.10492332183756427,0.10555443487623521
128,19,52.63157894736842,0,MP,-0.10492332183756427,0.10555443487623521
129,19,26.31578947368421,10.526315789473683,MP,-0.10492332183756427,0.10555443487623521
130,19,5.263157894736842,10.526315789473683,MP,-0.10492332183756427,0.10555443487623521
131,19,26.31578947368421,5.263157894736842,MP,-0.10492332183756427,0.10555443487623521
132,19,31.57894736842105,0,MP,-0.10492332183756427,0.10555443487623521
133,19,47.368421052631575,5.263157894736842,MP,-0.10492332183756427,0.10555443487623521
134,19,21.052631578947366,5.263157894736842,MP,-0.10492332183756427,0.10555443487623521
135,19,42.10526315789473,10.526315789473683,MP,-0.10492332183756427,0.10555443487623521
136,19,0,57.89473684210527,MP,-0.10492332183756427,0.10555443487623521
137,19,36.84210526315789,5.263157894736842,MP,-0.10492332183756427,0.10555443487623521
138,19,36.84210526315789,0,MP,-0.10492332183756427,0.10555443487623521
139,19,0,36.84210526315789,MP,-0.10492332183756427,0.10555443487623521
140,19,0,26.31578947368421,MP,-0.10492332183756427,0.10555443487623521
141,19,10.526315789473683,21.052631578947366,MP,-0.10492332183756427,0.10555443487623521
142,19,89.47368421052632,0,MP,-0.10492332183756427,0.10555443487623521
143,19,21.052631578947366,5.263157894736842,MP,-0.10492332183756427,0.10555443487623521
144,19,26.31578947368421,21.052631578947366,MP,-0.10492332183756427,0.10555443487623521
145,19,21.052631578947366,10.526315789473683,MP,-0.10492332183756427,0.10555443487623521
146,19,0,26.31578947368421,MP,-0.10492332183756427,0.10555443487623521
147,19,10.526315789473683,15.789473684210526,MP,-0.10492332183756427,0.10555443487623521
148,19,0,26.31578947368421,MP,-0.10492332183756427,0.10555443487623521
149,19,21.052631578947366,0,MP,-0.10492332183756427,0.10555443487623521
150,19,52.63157894736842,0,MP,-0.10492332183756427,0.10555443487623521
151,19,47.368421052631575,21.052631578947366,MP,-0.10492332183756427,0.10555443487623521
152,19,42.10526315789473,0,MP,-0.10492332183756427,0.10555443487623521
153,19,0,42.10526315789473,MP,-0.10492332183756427,0.10555443487623521
154,19,42.10526315789473,10.526315789473683,MP,-0.10492332183756427,0.10555443487623521
155,19,21.052631578947366,0,MP,-0.10492332183756427,0.10555443487623521
156,19,36.84210526315789,0,MP,-0.10492332183756427,0.10555443487623521
157,19,52.63157894736842,10.526315789473683,MP,-0.10492332183756427,0.10555443487623521
158,19,26.31578947368421,26.31578947368421,MP,-0.10492332183756427,0.10555443487623521
159,19,26.31578947368421,0,MP,-0.10492332183756427,0.10555443487623521
160,19,47.368421052631575,5.263157894736842,MP,-0.10492332183756427,0.10555443487623521
161,19,47.368421052631575,0,MP,-0.10492332183756427,0.10555443487623521
162,19,15.789473684210526,5.263157894736842,MP,-0.10492332183756427,0.10555443487623521
163,19,36.84210526315789,10.526315789473683,MP,-0.10492332183756427,0.10555443487623521
164,19,31.57894736842105,5.263157894736842,MP,-0.10492332183756427,0.10555443487623521
165,19,52.63157894736842,15.789473684210526,MP,-0.10492332183756427,0.10555443487623521
166,19,68.42105263157895,0,MP,-0.10492332183756427,0.10555443487623521
167,19,57.89473684210527,0,MP,-0.10492332183756427,0.10555443487623521
168,19,47.368421052631575,0,MP,-0.10492332183756427,0.10555443487623521
169,19,52.63157894736842,5.263157894736842,MP,-0.10492332183756427,0.10555443487623521
170,19,42.10526315789473,0,MP,-0.10492332183756427,0.10555443487623521
171,19,68.42105263157895,0,MP,-0.10492332183756427,0.10555443487623521
172,19,36.84210526315789,5.263157894736842,MP,-0.10492332183756427,0.10555443487623521
173,19,26.31578947368421,5.263157894736842,MP,-0.10492332183756427,0.10555443487623521
174,19,84.21052631578947,0,MP,-0.10492332183756427,0.10555443487623521
175,19,63.1578947368421,10.526315789473683,MP,-0.10492332183756427,0.10555443487623521
176,19,31.57894736842105,0,MP,-0.10492332183756427,0.10555443487623521
177,19,63.1578947368421,5.263157894736842,MP,-0.10492332183756427,0.10555443487623521
178,19,52.63157894736842,0,MP,-0.10492332183756427,0.10555443487623521
179,19,15.789473684210526,15.789473684210526,MP,-0.10492332183756427,0.10555443487623521
180,19,52.63157894736842,5.263157894736842,MP,-0.10492332183756427,0.10555443487623521
181,19,84.21052631578947,0,MP,-0.10492332183756427,0.10555443487623521
182,19,47.368421052631575,10.526315789473683,MP,-0.10492332183756427,0.10555443487623521
183,19,52.63157894736842,10.526315789473683,MP,-0.10492332183756427,0.10555443487623521
184,19,15.789473684210526,21.052631578947366,MP,-0.10492332183756427,0.10555443487623521
185,19,26.31578947368421,0,MP,-0.10492332183756427,0.10555443487623521
186,19,63.1578947368421,0,MP,-0.10492332183756427,0.10555443487623521
187,19,36.84210526315789,0,MP,-0.10492332183756427,0.10555443487623521
188,19,31.57894736842105,0,MP,-0.10492332183756427,0.10555443487623521
189,19,63.1578947368421,5.263157894736842,MP,-0.10492332183756427,0.10555443487623521
190,19,47.368421052631575,5.263157894736842,MP,-0.10492332183756427,0.10555443487623521
191,19,26.31578947368421,10.526315789473683,MP,-0.10492332183756427,0.10555443487623521
192,19,36.84210526315789,5.263157894736842,MP,-0.10492332183756427,0.10555443487623521
193,19,47.368421052631575,5.263157894736842,MP,-0.10492332183756427,0.10555443487623521
194,19,73.68421052631578,0,MP,-0.10492332183756427,0.10555443487623521
195,19,52.63157894736842,0,MP,-0.10492332183756427,0.10555443487623521
196,19,57.89473684210527,0,MP,-0.10492332183756427,0.10555443487623521
197,19,21.052631578947366,10.526315789473683,MP,-0.10492332183756427,0.10555443487623521
198,19,15.789473684210526,10.526315789473683,MP,-0.10492332183756427,0.10555443487623521
199,19,26.31578947368421,10.526315789473683,MP,-0.10492332183756427,0.10555443487623521
200,19,63.1578947368421,0,MP,-0.10492332183756427,0.10555443487623521
201,19,42.10526315789473,26.31578947368421,MP,-0.10492332183756427,0.10555443487623521
202,19,36.84210526315789,21.052631578947366,MP,-0.10492332183756427,0.10555443487623521
203,19,57.89473684210527,0,MP,-0.10492332183756427,0.10555443487623521
204,19,21.052631578947366,0,MP,-0.10492332183756427,0.10555443487623521
205,19,52.63157894736842,5.263157894736842,MP,-0.10492332183756427,0.10555443487623521
206,19,42.10526315789473,0,MP,-0.10492332183756427,0.10555443487623521
207,19,0,10.526315789473683,MP,-0.10492332183756427,0.10555443487623521
208,19,42.10526315789473,0,MP,-0.10492332183756427,0.10555443487623521
209,19,26.31578947368421,15.789473684210526,MP,-0.10492332183756427,0.10555443487623521
210,19,47.368421052631575,5.263157894736842,MP,-0.10492332183756427,0.10555443487623521
211,19,26.31578947368421,10.526315789473683,MP,-0.10492332183756427,0.10555443487623521
212,19,15.789473684210526,5.263157894736842,MP,-0.10492332183756427,0.10555443487623521
213,19,21.052631578947366,21.052631578947366,MP,-0.10492332183756427,0.10555443487623521
214,18,11.11111111111111,16.666666666666664,MP,-0.10492332183756427,0.10555443487623521
215,19,5.263157894736842,15.789473684210526,MP,-0.10492332183756427,0.10555443487623521
216,19,0,21.052631578947366,MP,-0.10492332183756427,0.10555443487623521
217,19,10.526315789473683,21.052631578947366,MP,-0.10492332183756427,0.10555443487623521
218,19,15.789473684210526,10.526315789473683,MP,-0.10492332183756427,0.10555443487623521
219,19,94.73684210526315,0,MP,-0.10492332183756427,0.10555443487623521
220,19,5.263157894736842,31.57894736842105,MP,-0.10492332183756427,0.10555443487623521
221,19,31.57894736842105,0,MP,-0.10492332183756427,0.10555443487623521
222,19,0,42.10526315789473,MP,-0.10492332183756427,0.10555443487623521
223,19,10.526315789473683,31.57894736842105,MP,-0.10492332183756427,0.10555443487623521
224,19,5.263157894736842,5.263157894736842,MP,-0.10492332183756427,0.10555443487623521
225,19,0,5.263157894736842,MP,-0.10492332183756427,0.10555443487623521
226,18,11.11111111111111,44.44444444444444,MP,-0.10492332183756427,0.10555443487623521
227,19,10.526315789473683,21.052631578947366,MP,-0.10492332183756427,0.10555443487623521
228,19,5.263157894736842,31.57894736842105,MP,-0.10492332183756427,0.10555443487623521
229,19,15.789473684210526,26.31578947368421,MP,-0.10492332183756427,0.10555443487623521
230,19,5.263157894736842,15.789473684210526,MP,-0.10492332183756427,0.10555443487623521
231,19,0,0,MP,-0.10492332183756427,0.10555443487623521
232,18,22.22222222222222,22.22222222222222,MP,-0.10492332183756427,0.10555443487623521
233,19,5.263157894736842,15.789473684210526,MP,-0.10492332183756427,0.10555443487623521
234,19,36.84210526315789,10.526315789473683,MP,-0.10492332183756427,0.10555443487623521
235,19,10.526315789473683,26.31578947368421,MP,-0.10492332183756427,0.10555443487623521
236,19,15.789473684210526,0,MP,-0.10492332183756427,0.10555443487623521
237,19,31.57894736842105,10.526315789473683,MP,-0.10492332183756427,0.10555443487623521
238,19,68.42105263157895,5.263157894736842,MP,-0.10492332183756427,0.10555443487623521
239,19,36.84210526315789,10.526315789473683,MP,-0.10492332183756427,0.10555443487623521
240,19,36.84210526315789,5.263157894736842,MP,-0.10492332183756427,0.10555443487623521
241,19,36.84210526315789,0,MP,-0.10492332183756427,0.10555443487623521
242,19,15.789473684210526,10.526315789473683,MP,-0.10492332183756427,0.10555443487623521
243,19,26.31578947368421,10.526315789473683,MP,-0.10492332183756427,0.10555443487623521
244,19,63.1578947368421,5.263157894736842,MP,-0.10492332183756427,0.10555443487623521
245,19,26.31578947368421,10.526315789473683,MP,-0.10492332183756427,0.10555443487623521
246,19,73.68421052631578,0,MP,-0.10492332183756427,0.10555443487623521
247,19,26.31578947368421,5.263157894736842,MP,-0.10492332183756427,0.10555443487623521
248,19,21.052631578947366,10.526315789473683,MP,-0.10492332183756427,0.10555443487623521
249,19,57.89473684210527,0,MP,-0.10492332183756427,0.10555443487623521
250,19,21.052631578947366,5.263157894736842,MP,-0.10492332183756427,0.10555443487623521
251,19,57.89473684210527,0,MP,-0.10492332183756427,0.10555443487623521
252,19,5.263157894736842,5.263157894736842,MP,-0.10492332183756427,0.10555443487623521
253,19,52.63157894736842,5.263157894736842,MP,-0.10492332183756427,0.10555443487623521
254,19,94.73684210526315,0,MP,-0.10492332183756427,0.10555443487623521
255,19,21.052631578947366,5.263157894736842,MP,-0.10492332183756427,0.10555443487623521
256,19,21.052631578947366,5.263157894736842,MP,-0.10492332183756427,0.10555443487623521
257,19,78.94736842105263,0,MP,-0.10492332183756427,0.10555443487623521
258,19,57.89473684210527,0,MP,-0.10492332183756427,0.10555443487623521
259,19,0,5.263157894736842,MP,-0.10492332183756427,0.10555443487623521
260,19,73.68421052631578,0,MP,-0.10492332183756427,0.10555443487623521
261,19,63.1578947368421,0,MP,-0.10492332183756427,0.10555443487623521
262,19,26.31578947368421,5.263157894736842,MP,-0.10492332183756427,0.10555443487623521
263,19,10.526315789473683,10.526315789473683,MP,-0.10492332183756427,0.10555443487623521
264,19,10.526315789473683,0,MP,-0.10492332183756427,0.10555443487623521
265,19,15.789473684210526,5.263157894736842,MP,-0.10492332183756427,0.10555443487623521
266,19,0,15.789473684210526,MP,-0.10492332183756427,0.10555443487623521
267,19,10.526315789473683,10.526315789473683,MP,-0.10492332183756427,0.10555443487623521
268,19,15.789473684210526,10.526315789473683,MP,-0.10492332183756427,0.10555443487623521
269,19,10.526315789473683,10.526315789473683,MP,-0.10492332183756427,0.10555443487623521
270,19,10.526315789473683,21.052631578947366,MP,-0.10492332183756427,0.10555443487623521
271,19,5.263157894736842,31.57894736842105,MP,-0.10492332183756427,0.10555443487623521
272,19,5.263157894736842,15.789473684210526,MP,-0.10492332183756427,0.10555443487623521
273,19,36.84210526315789,10.526315789473683,MP,-0.10492332183756427,0.10555443487623521
274,19,0,21.052631578947366,MP,-0.10492332183756427,0.10555443487623521
275,19,10.526315789473683,0,MP,-0.10492332183756427,0.10555443487623521
276,19,10.526315789473683,5.263157894736842,MP,-0.10492332183756427,0.10555443487623521
277,19,21.052631578947366,0,MP,-0.10492332183756427,0.10555443487623521
278,19,42.10526315789473,0,MP,-0.10492332183756427,0.10555443487623521
279,19,52.63157894736842,0,MP,-0.10492332183756427,0.10555443487623521
280,19,94.73684210526315,0,MP,-0.10492332183756427,0.10555443487623521
281,19,15.789473684210526,10.526315789473683,MP,-0.10492332183756427,0.10555443487623521
282,19,5.263157894736842,5.263157894736842,MP,-0.10492332183756427,0.10555443487623521
283,19,10.526315789473683,10.526315789473683,MP,-0.10492332183756427,0.10555443487623521
284,19,31.57894736842105,10.526315789473683,MP,-0.10492332183756427,0.10555443487623521
285,19,21.052631578947366,26.31578947368421,MP,-0.10492332183756427,0.10555443487623521
286,19,0,26.31578947368421,MP,-0.10492332183756427,0.10555443487623521
287,19,10.526315789473683,0,MP,-0.10492332183756427,0.10555443487623521
288,19,57.89473684210527,5.263157894736842,MP,-0.10492332183756427,0.10555443487623521
289,19,26.31578947368421,5.263157894736842,MP,-0.10492332183756427,0.10555443487623521
290,19,5.263157894736842,5.263157894736842,MP,-0.10492332183756427,0.10555443487623521
291,19,68.42105263157895,0,MP,-0.10492332183756427,0.10555443487623521
292,19,78.94736842105263,0,MP,-0.10492332183756427,0.10555443487623521
293,19,31.57894736842105,0,MP,-0.10492332183756427,0.10555443487623521
294,19,73.68421052631578,0,MP,-0.10492332183756427,0.10555443487623521
295,19,15.789473684210526,5.263157894736842,MP,-0.10492332183756427,0.10555443487623521
296,19,36.84210526315789,0,MP,-0.10492332183756427,0.10555443487623521
297,19,100,0,MP,-0.10492332183756427,0.10555443487623521
298,18,83.33333333333334,0,MP,-0.10492332183756427,0.10555443487623521
299,19,52.63157894736842,5.263157894736842,MP,-0.10492332183756427,0.10555443487623521
300,19,42.10526315789473,0,MP,-0.10492332183756427,0.10555443487623521
301,19,47.368421052631575,0,MP,-0.10492332183756427,0.10555443487623521
302,19,0,5.263157894736842,MP,-0.10492332183756427,0.10555443487623521
303,19,31.57894736842105,10.526315789473683,MP,-0.10492332183756427,0.10555443487623521
304,19,15.789473684210526,5.263157894736842,MP,-0.10492332183756427,0.10555443487623521
305,19,21.052631578947366,0,MP,-0.10492332183756427,0.10555443487623521
306,19,5.263157894736842,21.052631578947366,MP,-0.10492332183756427,0.10555443487623521
307,19,5.263157894736842,31.57894736842105,MP,-0.10492332183756427,0.10555443487623521
308,19,5.263157894736842,0,MP,-0.10492332183756427,0.10555443487623521
309,19,0,5.263157894736842,MP,-0.10492332183756427,0.10555443487623521
310,19,0,10.526315789473683,MP,-0.10492332183756427,0.10555443487623521
311,19,26.31578947368421,0,MP,-0.10492332183756427,0.10555443487623521
312,19,5.263157894736842,5.263157894736842,MP,-0.10492332183756427,0.10555443487623521
313,19,0,5.263157894736842,MP,-0.10492332183756427,0.10555443487623521
314,19,5.263157894736842,5.263157894736842,MP,-0.10492332183756427,0.10555443487623521
315,19,0,15.789473684210526,MP,-0.10492332183756427,0.10555443487623521
316,19,10.526315789473683,21.052631578947366,MP,-0.10492332183756427,0.10555443487623521
317,19,10.526315789473683,5.263157894736842,MP,-0.10492332183756427,0.10555443487623521
318,19,26.31578947368421,5.263157894736842,MP,-0.10492332183756427,0.10555443487623521
319,19,10.526315789473683,5.263157894736842,MP,-0.10492332183756427,0.10555443487623521
320,19,21.052631578947366,0,MP,-0.10492332183756427,0.10555443487623521
321,19,26.31578947368421,5.263157894736842,MP,-0.10492332183756427,0.10555443487623521
322,19,31.57894736842105,0,MP,-0.10492332183756427,0.10555443487623521
323,19,73.68421052631578,0,MP,-0.10492332183756427,0.10555443487623521
324,19,31.57894736842105,5.263157894736842,MP,-0.10492332183756427,0.10555443487623521
325,19,57.89473684210527,5.263157894736842,MP,-0.10492332183756427,0.10555443487623521
326,19,73.68421052631578,0,MP,-0.10492332183756427,0.10555443487623521
327,19,73.68421052631578,0,MP,-0.10492332183756427,0.10555443487623521
328,19,84.21052631578947,0,MP,-0.10492332183756427,0.10555443487623521
329,19,52.63157894736842,5.263157894736842,MP,-0.10492332183756427,0.10555443487623521
330,19,52.63157894736842,0,MP,-0.10492332183756427,0.10555443487623521
331,19,15.789473684210526,15.789473684210526,MP,-0.10492332183756427,0.10555443487623521
332,19,15.789473684210526,5.263157894736842,MP,-0.10492332183756427,0.10555443487623521
333,19,52.63157894736842,15.789473684210526,MP,-0.10492332183756427,0.10555443487623521
334,19,68.42105263157895,0,MP,-0.10492332183756427,0.10555443487623521
335,19,36.84210526315789,15.789473684210526,MP,-0.10492332183756427,0.10555443487623521
336,19,42.10526315789473,0,MP,-0.10492332183756427,0.10555443487623521
337,18,16.666666666666664,11.11111111111111,MP,-0.10492332183756427,0.10555443487623521
338,19,47.368421052631575,5.263157894736842,MP,-0.10492332183756427,0.10555443487623521
339,19,31.57894736842105,0,MP,-0.10492332183756427,0.10555443487623521
340,19,52.63157894736842,0,MP,-0.10492332183756427,0.10555443487623521
341,19,0,5.263157894736842,MP,-0.10492332183756427,0.10555443487623521
342,19,0,10.526315789473683,MP,-0.10492332183756427,0.10555443487623521
343,19,0,21.052631578947366,MP,-0.10492332183756427,0.10555443487623521
344,18,55.55555555555556,0,MP,-0.10492332183756427,0.10555443487623521
345,19,26.31578947368421,0,MP,-0.10492332183756427,0.10555443487623521
346,19,42.10526315789473,5.263157894736842,MP,-0.10492332183756427,0.10555443487623521
347,19,57.89473684210527,0,MP,-0.10492332183756427,0.10555443487623521
348,19,5.263157894736842,0,MP,-0.10492332183756427,0.10555443487623521
349,19,31.57894736842105,0,MP,-0.10492332183756427,0.10555443487623521
350,19,31.57894736842105,10.526315789473683,MP,-0.10492332183756427,0.10555443487623521
351,19,0,84.21052631578947,MP,-0.10492332183756427,0.10555443487623521
352,18,0,61.111111111111114,MP,-0.10492332183756427,0.10555443487623521
353,19,10.526315789473683,31.57894736842105,MP,-0.10492332183756427,0.10555443487623521
354,19,0,47.368421052631575,MP,-0.10492332183756427,0.10555443487623521
355,19,5.263157894736842,10.526315789473683,MP,-0.10492332183756427,0.10555443487623521
356,19,0,26.31578947368421,MP,-0.10492332183756427,0.10555443487623521
357,19,0,15.789473684210526,MP,-0.10492332183756427,0.10555443487623521
358,19,0,5.263157894736842,MP,-0.10492332183756427,0.10555443487623521
359,19,5.263157894736842,47.368421052631575,MP,-0.10492332183756427,0.10555443487623521
360,19,0,21.052631578947366,MP,-0.10492332183756427,0.10555443487623521
361,19,0,10.526315789473683,MP,-0.10492332183756427,0.10555443487623521
362,19,0,10.526315789473683,MP,-0.10492332183756427,0.10555443487623521
363,19,5.263157894736842,31.57894736842105,MP,-0.10492332183756427,0.10555443487623521
364,19,0,26.31578947368421,MP,-0.10492332183756427,0.10555443487623521
365,19,0,63.1578947368421,MP,-0.10492332183756427,0.10555443487623521
366,19,0,36.84210526315789,MP,-0.10492332183756427,0.10555443487623521
367,19,15.789473684210526,15.789473684210526,MP,-0.10492332183756427,0.10555443487623521
368,19,0,21.052631578947366,MP,-0.10492332183756427,0.10555443487623521
369,19,0,21.052631578947366,MP,-0.10492332183756427,0.10555443487623521
370,19,0,36.84210526315789,MP,-0.10492332183756427,0.10555443487623521
371,19,0,21.052631578947366,MP,-0.10492332183756427,0.10555443487623521
372,19,0,31.57894736842105,MP,-0.10492332183756427,0.10555443487623521
373,19,0,21.052631578947366,MP,-0.10492332183756427,0.10555443487623521
374,19,0,15.789473684210526,MP,-0.10492332183756427,0.10555443487623521
375,19,0,5.263157894736842,MP,-0.10492332183756427,0.10555443487623521
376,19,0,21.052631578947366,MP,-0.10492332183756427,0.10555443487623521
377,19,0,15.789473684210526,MP,-0.10492332183756427,0.10555443487623521
378,19,0,57.89473684210527,MP,-0.10492332183756427,0.10555443487623521
379,19,0,36.84210526315789,MP,-0.10492332183756427,0.10555443487623521
380,19,0,15.789473684210526,MP,-0.10492332183756427,0.10555443487623521
381,19,0,10.526315789473683,MP,-0.10492332183756427,0.10555443487623521
382,19,0,0,MP,-0.10492332183756427,0.10555443487623521
383,19,0,5.263157894736842,MP,-0.10492332183756427,0.10555443487623521
384,19,0,15.789473684210526,MP,-0.10492332183756427,0.10555443487623521
385,19,0,31.57894736842105,MP,-0.10492332183756427,0.10555443487623521
386,19,0,5.263157894736842,MP,-0.10492332183756427,0.10555443487623521
387,19,0,0,MP,-0.10492332183756427,0.10555443487623521
388,19,0,10.526315789473683,MP,-0.10492332183756427,0.10555443487623521
389,19,0,0,MP,-0.10492332183756427,0.10555443487623521
390,19,10.526315789473683,31.57894736842105,MP,-0.10492332183756427,0.10555443487623521
391,19,0,0,MP,-0.10492332183756427,0.10555443487623521
392,19,0,21.052631578947366,MP,-0.10492332183756427,0.10555443487623521
393,19,0,10.526315789473683,MP,-0.10492332183756427,0.10555443487623521
394,19,0,10.526315789473683,MP,-0.10492332183756427,0.10555443487623521
395,19,5.263157894736842,10.526315789473683,MP,-0.10492332183756427,0.10555443487623521
396,19,0,10.526315789473683,MP,-0.10492332183756427,0.10555443487623521
397,19,0,5.263157894736842,MP,-0.10492332183756427,0.10555443487623521
398,19,0,0,MP,-0.10492332183756427,0.10555443487623521
399,19,0,31.57894736842105,MP,-0.10492332183756427,0.10555443487623521
400,19,0,0,MP,-0.10492332183756427,0.10555443487623521
2,19,0,21.052631578947366,Methadone,-0.10237941288190819,0.10225616471432458
3,18,5.555555555555555,0,Methadone,-0.10237941288190819,0.10225616471432458
4,19,0,5.263157894736842,Methadone,-0.10237941288190819,0.10225616471432458
5,19,0,42.10526315789473,Methadone,-0.10237941288190819,0.10225616471432458
6,19,0,21.052631578947366,Methadone,-0.10237941288190819,0.10225616471432458
7,19,0,31.57894736842105,Methadone,-0.10237941288190819,0.10225616471432458
8,19,0,15.789473684210526,Methadone,-0.10237941288190819,0.10225616471432458
9,19,0,31.57894736842105,Methadone,-0.10237941288190819,0.10225616471432458
10,19,0,21.052631578947366,Methadone,-0.10237941288190819,0.10225616471432458
11,19,0,10.526315789473683,Methadone,-0.10237941288190819,0.10225616471432458
12,19,0,10.526315789473683,Methadone,-0.10237941288190819,0.10225616471432458
13,19,0,10.526315789473683,Methadone,-0.10237941288190819,0.10225616471432458
14,18,0,16.666666666666664,Methadone,-0.10237941288190819,0.10225616471432458
15,19,5.263157894736842,26.31578947368421,Methadone,-0.10237941288190819,0.10225616471432458
16,19,0,26.31578947368421,Methadone,-0.10237941288190819,0.10225616471432458
17,19,0,26.31578947368421,Methadone,-0.10237941288190819,0.10225616471432458
18,19,0,0,Methadone,-0.10237941288190819,0.10225616471432458
19,19,0,26.31578947368421,Methadone,-0.10237941288190819,0.10225616471432458
20,19,0,26.31578947368421,Methadone,-0.10237941288190819,0.10225616471432458
21,19,0,15.789473684210526,Methadone,-0.10237941288190819,0.10225616471432458
22,17,0,17.647058823529413,Methadone,-0.10237941288190819,0.10225616471432458
23,19,0,15.789473684210526,Methadone,-0.10237941288190819,0.10225616471432458
24,19,0,47.368421052631575,Methadone,-0.10237941288190819,0.10225616471432458
25,19,0,0,Methadone,-0.10237941288190819,0.10225616471432458
26,19,0,0,Methadone,-0.10237941288190819,0.10225616471432458
27,19,0,10.526315789473683,Methadone,-0.10237941288190819,0.10225616471432458
28,19,0,15.789473684210526,Methadone,-0.10237941288190819,0.10225616471432458
29,19,0,42.10526315789473,Methadone,-0.10237941288190819,0.10225616471432458
30,19,0,57.89473684210527,Methadone,-0.10237941288190819,0.10225616471432458
31,19,0,21.052631578947366,Methadone,-0.10237941288190819,0.10225616471432458
32,19,0,31.57894736842105,Methadone,-0.10237941288190819,0.10225616471432458
33,19,0,31.57894736842105,Methadone,-0.10237941288190819,0.10225616471432458
34,19,0,15.789473684210526,Methadone,-0.10237941288190819,0.10225616471432458
35,19,0,10.526315789473683,Methadone,-0.10237941288190819,0.10225616471432458
36,19,0,15.789473684210526,Methadone,-0.10237941288190819,0.10225616471432458
37,17,0,23.52941176470588,Methadone,-0.10237941288190819,0.10225616471432458
38,19,0,15.789473684210526,Methadone,-0.10237941288190819,0.10225616471432458
39,19,0,31.57894736842105,Methadone,-0.10237941288190819,0.10225616471432458
40,19,0,5.263157894736842,Methadone,-0.10237941288190819,0.10225616471432458
41,19,5.263157894736842,0,Methadone,-0.10237941288190819,0.10225616471432458
42,19,0,10.526315789473683,Methadone,-0.10237941288190819,0.10225616471432458
43,19,0,5.263157894736842,Methadone,-0.10237941288190819,0.10225616471432458
44,19,0,15.789473684210526,Methadone,-0.10237941288190819,0.10225616471432458
45,19,10.526315789473683,0,Methadone,-0.10237941288190819,0.10225616471432458
46,19,0,21.052631578947366,Methadone,-0.10237941288190819,0.10225616471432458
47,19,0,26.31578947368421,Methadone,-0.10237941288190819,0.10225616471432458
48,19,5.263157894736842,10.526315789473683,Methadone,-0.10237941288190819,0.10225616471432458
49,19,15.789473684210526,10.526315789473683,Methadone,-0.10237941288190819,0.10225616471432458
50,19,0,21.052631578947366,Methadone,-0.10237941288190819,0.10225616471432458
51,19,0,21.052631578947366,Methadone,-0.10237941288190819,0.10225616471432458
52,19,0,10.526315789473683,Methadone,-0.10237941288190819,0.10225616471432458
53,19,5.263157894736842,15.789473684210526,Methadone,-0.10237941288190819,0.10225616471432458
54,19,5.263157894736842,21.052631578947366,Methadone,-0.10237941288190819,0.10225616471432458
55,19,0,15.789473684210526,Methadone,-0.10237941288190819,0.10225616471432458
56,19,5.263157894736842,10.526315789473683,Methadone,-0.10237941288190819,0.10225616471432458
57,19,0,31.57894736842105,Methadone,-0.10237941288190819,0.10225616471432458
58,19,0,15.789473684210526,Methadone,-0.10237941288190819,0.10225616471432458
59,19,5.263157894736842,36.84210526315789,Methadone,-0.10237941288190819,0.10225616471432458
60,19,10.526315789473683,31.57894736842105,Methadone,-0.10237941288190819,0.10225616471432458
61,19,0,15.789473684210526,Methadone,-0.10237941288190819,0.10225616471432458
62,19,0,10.526315789473683,Methadone,-0.10237941288190819,0.10225616471432458
63,19,5.263157894736842,0,Methadone,-0.10237941288190819,0.10225616471432458
64,19,5.263157894736842,15.789473684210526,Methadone,-0.10237941288190819,0.10225616471432458
65,19,0,21.052631578947366,Methadone,-0.10237941288190819,0.10225616471432458
66,19,5.263157894736842,5.263157894736842,Methadone,-0.10237941288190819,0.10225616471432458
67,19,5.263157894736842,26.31578947368421,Methadone,-0.10237941288190819,0.10225616471432458
68,19,0,47.368421052631575,Methadone,-0.10237941288190819,0.10225616471432458
69,19,31.57894736842105,0,Methadone,-0.10237941288190819,0.10225616471432458
70,19,5.263157894736842,21.052631578947366,Methadone,-0.10237941288190819,0.10225616471432458
71,19,10.526315789473683,0,Methadone,-0.10237941288190819,0.10225616471432458
72,19,10.526315789473683,15.789473684210526,Methadone,-0.10237941288190819,0.10225616471432458
73,19,94.73684210526315,5.263157894736842,Methadone,-0.10237941288190819,0.10225616471432458
74,19,36.84210526315789,0,Methadone,-0.10237941288190819,0.10225616471432458
75,18,66.66666666666666,5.555555555555555,Methadone,-0.10237941288190819,0.10225616471432458
76,19,57.89473684210527,0,Methadone,-0.10237941288190819,0.10225616471432458
77,19,100,0,Methadone,-0.10237941288190819,0.10225616471432458
78,19,36.84210526315789,5.263157894736842,Methadone,-0.10237941288190819,0.10225616471432458
79,19,63.1578947368421,5.263157894736842,Methadone,-0.10237941288190819,0.10225616471432458
80,19,68.42105263157895,0,Methadone,-0.10237941288190819,0.10225616471432458
81,19,63.1578947368421,0,Methadone,-0.10237941288190819,0.10225616471432458
82,19,68.42105263157895,5.263157894736842,Methadone,-0.10237941288190819,0.10225616471432458
83,19,52.63157894736842,5.263157894736842,Methadone,-0.10237941288190819,0.10225616471432458
84,19,78.94736842105263,0,Methadone,-0.10237941288190819,0.10225616471432458
85,19,68.42105263157895,0,Methadone,-0.10237941288190819,0.10225616471432458
86,19,31.57894736842105,10.526315789473683,Methadone,-0.10237941288190819,0.10225616471432458
87,19,73.68421052631578,0,Methadone,-0.10237941288190819,0.10225616471432458
88,19,84.21052631578947,0,Methadone,-0.10237941288190819,0.10225616471432458
89,19,26.31578947368421,15.789473684210526,Methadone,-0.10237941288190819,0.10225616471432458
90,19,42.10526315789473,0,Methadone,-0.10237941288190819,0.10225616471432458
91,19,84.21052631578947,0,Methadone,-0.10237941288190819,0.10225616471432458
92,18,66.66666666666666,0,Methadone,-0.10237941288190819,0.10225616471432458
93,19,52.63157894736842,10.526315789473683,Methadone,-0.10237941288190819,0.10225616471432458
94,19,63.1578947368421,5.263157894736842,Methadone,-0.10237941288190819,0.10225616471432458
95,19,68.42105263157895,0,Methadone,-0.10237941288190819,0.10225616471432458
96,19,31.57894736842105,0,Methadone,-0.10237941288190819,0.10225616471432458
97,18,33.33333333333333,0,Methadone,-0.10237941288190819,0.10225616471432458
98,19,26.31578947368421,0,Methadone,-0.10237941288190819,0.10225616471432458
99,19,15.789473684210526,10.526315789473683,Methadone,-0.10237941288190819,0.10225616471432458
100,19,84.21052631578947,0,Methadone,-0.10237941288190819,0.10225616471432458
101,19,63.1578947368421,0,Methadone,-0.10237941288190819,0.10225616471432458
102,19,36.84210526315789,5.263157894736842,Methadone,-0.10237941288190819,0.10225616471432458
103,19,47.368421052631575,10.526315789473683,Methadone,-0.10237941288190819,0.10225616471432458
104,19,73.68421052631578,0,Methadone,-0.10237941288190819,0.10225616471432458
105,19,52.63157894736842,5.263157894736842,Methadone,-0.10237941288190819,0.10225616471432458
106,19,84.21052631578947,0,Methadone,-0.10237941288190819,0.10225616471432458
107,19,52.63157894736842,15.789473684210526,Methadone,-0.10237941288190819,0.10225616471432458
108,19,89.47368421052632,0,Methadone,-0.10237941288190819,0.10225616471432458
109,19,63.1578947368421,5.263157894736842,Methadone,-0.10237941288190819,0.10225616471432458
110,19,94.73684210526315,0,Methadone,-0.10237941288190819,0.10225616471432458
111,19,68.42105263157895,0,Methadone,-0.10237941288190819,0.10225616471432458
112,19,78.94736842105263,5.263157894736842,Methadone,-0.10237941288190819,0.10225616471432458
113,19,94.73684210526315,0,Methadone,-0.10237941288190819,0.10225616471432458
114,19,57.89473684210527,5.263157894736842,Methadone,-0.10237941288190819,0.10225616471432458
115,19,78.94736842105263,5.263157894736842,Methadone,-0.10237941288190819,0.10225616471432458
116,19,94.73684210526315,0,Methadone,-0.10237941288190819,0.10225616471432458
117,19,47.368421052631575,0,Methadone,-0.10237941288190819,0.10225616471432458
118,19,78.94736842105263,0,Methadone,-0.10237941288190819,0.10225616471432458
119,19,36.84210526315789,0,Methadone,-0.10237941288190819,0.10225616471432458
120,19,42.10526315789473,10.526315789473683,Methadone,-0.10237941288190819,0.10225616471432458
121,19,73.68421052631578,0,Methadone,-0.10237941288190819,0.10225616471432458
122,19,89.47368421052632,0,Methadone,-0.10237941288190819,0.10225616471432458
123,19,84.21052631578947,5.263157894736842,Methadone,-0.10237941288190819,0.10225616471432458
124,19,47.368421052631575,10.526315789473683,Methadone,-0.10237941288190819,0.10225616471432458
125,19,94.73684210526315,0,Methadone,-0.10237941288190819,0.10225616471432458
126,19,100,0,Methadone,-0.10237941288190819,0.10225616471432458
127,19,26.31578947368421,21.052631578947366,Methadone,-0.10237941288190819,0.10225616471432458
128,19,57.89473684210527,0,Methadone,-0.10237941288190819,0.10225616471432458
129,19,5.263157894736842,0,Methadone,-0.10237941288190819,0.10225616471432458
130,19,21.052631578947366,0,Methadone,-0.10237941288190819,0.10225616471432458
131,19,57.89473684210527,0,Methadone,-0.10237941288190819,0.10225616471432458
132,19,42.10526315789473,5.263157894736842,Methadone,-0.10237941288190819,0.10225616471432458
133,19,63.1578947368421,0,Methadone,-0.10237941288190819,0.10225616471432458
134,19,10.526315789473683,0,Methadone,-0.10237941288190819,0.10225616471432458
135,19,89.47368421052632,0,Methadone,-0.10237941288190819,0.10225616471432458
136,19,15.789473684210526,5.263157894736842,Methadone,-0.10237941288190819,0.10225616471432458
137,19,52.63157894736842,5.263157894736842,Methadone,-0.10237941288190819,0.10225616471432458
138,19,68.42105263157895,0,Methadone,-0.10237941288190819,0.10225616471432458
139,19,15.789473684210526,5.263157894736842,Methadone,-0.10237941288190819,0.10225616471432458
140,19,0,15.789473684210526,Methadone,-0.10237941288190819,0.10225616471432458
141,19,47.368421052631575,5.263157894736842,Methadone,-0.10237941288190819,0.10225616471432458
142,19,94.73684210526315,0,Methadone,-0.10237941288190819,0.10225616471432458
143,19,84.21052631578947,0,Methadone,-0.10237941288190819,0.10225616471432458
144,19,47.368421052631575,15.789473684210526,Methadone,-0.10237941288190819,0.10225616471432458
145,19,73.68421052631578,0,Methadone,-0.10237941288190819,0.10225616471432458
146,19,73.68421052631578,0,Methadone,-0.10237941288190819,0.10225616471432458
147,19,52.63157894736842,5.263157894736842,Methadone,-0.10237941288190819,0.10225616471432458
148,19,42.10526315789473,5.263157894736842,Methadone,-0.10237941288190819,0.10225616471432458
149,19,94.73684210526315,0,Methadone,-0.10237941288190819,0.10225616471432458
150,19,100,0,Methadone,-0.10237941288190819,0.10225616471432458
151,19,68.42105263157895,0,Methadone,-0.10237941288190819,0.10225616471432458
152,19,78.94736842105263,0,Methadone,-0.10237941288190819,0.10225616471432458
153,19,94.73684210526315,0,Methadone,-0.10237941288190819,0.10225616471432458
154,19,89.47368421052632,0,Methadone,-0.10237941288190819,0.10225616471432458
155,19,84.21052631578947,0,Methadone,-0.10237941288190819,0.10225616471432458
156,19,84.21052631578947,0,Methadone,-0.10237941288190819,0.10225616471432458
157,19,94.73684210526315,0,Methadone,-0.10237941288190819,0.10225616471432458
158,19,36.84210526315789,5.263157894736842,Methadone,-0.10237941288190819,0.10225616471432458
159,19,73.68421052631578,0,Methadone,-0.10237941288190819,0.10225616471432458
160,19,68.42105263157895,0,Methadone,-0.10237941288190819,0.10225616471432458
161,19,63.1578947368421,5.263157894736842,Methadone,-0.10237941288190819,0.10225616471432458
162,19,36.84210526315789,10.526315789473683,Methadone,-0.10237941288190819,0.10225616471432458
163,19,78.94736842105263,0,Methadone,-0.10237941288190819,0.10225616471432458
164,19,89.47368421052632,0,Methadone,-0.10237941288190819,0.10225616471432458
165,19,68.42105263157895,10.526315789473683,Methadone,-0.10237941288190819,0.10225616471432458
166,19,100,0,Methadone,-0.10237941288190819,0.10225616471432458
167,19,100,0,Methadone,-0.10237941288190819,0.10225616471432458
168,19,89.47368421052632,5.263157894736842,Methadone,-0.10237941288190819,0.10225616471432458
169,19,63.1578947368421,0,Methadone,-0.10237941288190819,0.10225616471432458
170,19,94.73684210526315,0,Methadone,-0.10237941288190819,0.10225616471432458
171,19,78.94736842105263,0,Methadone,-0.10237941288190819,0.10225616471432458
172,19,78.94736842105263,0,Methadone,-0.10237941288190819,0.10225616471432458
173,19,57.89473684210527,5.263157894736842,Methadone,-0.10237941288190819,0.10225616471432458
174,19,89.47368421052632,0,Methadone,-0.10237941288190819,0.10225616471432458
175,19,47.368421052631575,5.263157894736842,Methadone,-0.10237941288190819,0.10225616471432458
176,19,31.57894736842105,10.526315789473683,Methadone,-0.10237941288190819,0.10225616471432458
177,19,68.42105263157895,21.052631578947366,Methadone,-0.10237941288190819,0.10225616471432458
178,19,57.89473684210527,0,Methadone,-0.10237941288190819,0.10225616471432458
179,19,21.052631578947366,21.052631578947366,Methadone,-0.10237941288190819,0.10225616471432458
180,19,63.1578947368421,15.789473684210526,Methadone,-0.10237941288190819,0.10225616471432458
181,19,100,0,Methadone,-0.10237941288190819,0.10225616471432458
182,19,26.31578947368421,15.789473684210526,Methadone,-0.10237941288190819,0.10225616471432458
183,19,31.57894736842105,10.526315789473683,Methadone,-0.10237941288190819,0.10225616471432458
184,19,21.052631578947366,21.052631578947366,Methadone,-0.10237941288190819,0.10225616471432458
185,19,31.57894736842105,0,Methadone,-0.10237941288190819,0.10225616471432458
186,19,89.47368421052632,5.263157894736842,Methadone,-0.10237941288190819,0.10225616471432458
187,19,42.10526315789473,10.526315789473683,Methadone,-0.10237941288190819,0.10225616471432458
188,19,42.10526315789473,5.263157894736842,Methadone,-0.10237941288190819,0.10225616471432458
189,19,78.94736842105263,10.526315789473683,Methadone,-0.10237941288190819,0.10225616471432458
190,19,63.1578947368421,0,Methadone,-0.10237941288190819,0.10225616471432458
191,19,31.57894736842105,15.789473684210526,Methadone,-0.10237941288190819,0.10225616471432458
192,19,42.10526315789473,10.526315789473683,Methadone,-0.10237941288190819,0.10225616471432458
193,19,52.63157894736842,5.263157894736842,Methadone,-0.10237941288190819,0.10225616471432458
194,19,63.1578947368421,0,Methadone,-0.10237941288190819,0.10225616471432458
195,19,47.368421052631575,21.052631578947366,Methadone,-0.10237941288190819,0.10225616471432458
196,19,63.1578947368421,5.263157894736842,Methadone,-0.10237941288190819,0.10225616471432458
197,19,57.89473684210527,5.263157894736842,Methadone,-0.10237941288190819,0.10225616471432458
198,19,63.1578947368421,0,Methadone,-0.10237941288190819,0.10225616471432458
199,19,47.368421052631575,0,Methadone,-0.10237941288190819,0.10225616471432458
200,19,63.1578947368421,0,Methadone,-0.10237941288190819,0.10225616471432458
201,19,63.1578947368421,0,Methadone,-0.10237941288190819,0.10225616471432458
202,19,42.10526315789473,21.052631578947366,Methadone,-0.10237941288190819,0.10225616471432458
203,19,68.42105263157895,0,Methadone,-0.10237941288190819,0.10225616471432458
204,19,68.42105263157895,5.263157894736842,Methadone,-0.10237941288190819,0.10225616471432458
205,19,47.368421052631575,10.526315789473683,Methadone,-0.10237941288190819,0.10225616471432458
206,19,26.31578947368421,15.789473684210526,Methadone,-0.10237941288190819,0.10225616471432458
207,19,15.789473684210526,10.526315789473683,Methadone,-0.10237941288190819,0.10225616471432458
208,19,94.73684210526315,0,Methadone,-0.10237941288190819,0.10225616471432458
209,19,31.57894736842105,15.789473684210526,Methadone,-0.10237941288190819,0.10225616471432458
210,19,47.368421052631575,0,Methadone,-0.10237941288190819,0.10225616471432458
211,19,0,10.526315789473683,Methadone,-0.10237941288190819,0.10225616471432458
212,19,15.789473684210526,26.31578947368421,Methadone,-0.10237941288190819,0.10225616471432458
213,19,31.57894736842105,31.57894736842105,Methadone,-0.10237941288190819,0.10225616471432458
214,18,33.33333333333333,11.11111111111111,Methadone,-0.10237941288190819,0.10225616471432458
215,19,15.789473684210526,26.31578947368421,Methadone,-0.10237941288190819,0.10225616471432458
216,19,10.526315789473683,31.57894736842105,Methadone,-0.10237941288190819,0.10225616471432458
217,19,5.263157894736842,31.57894736842105,Methadone,-0.10237941288190819,0.10225616471432458
218,19,15.789473684210526,5.263157894736842,Methadone,-0.10237941288190819,0.10225616471432458
219,19,100,0,Methadone,-0.10237941288190819,0.10225616471432458
220,19,36.84210526315789,10.526315789473683,Methadone,-0.10237941288190819,0.10225616471432458
221,19,89.47368421052632,0,Methadone,-0.10237941288190819,0.10225616471432458
222,19,0,10.526315789473683,Methadone,-0.10237941288190819,0.10225616471432458
223,19,15.789473684210526,15.789473684210526,Methadone,-0.10237941288190819,0.10225616471432458
224,19,0,0,Methadone,-0.10237941288190819,0.10225616471432458
225,19,42.10526315789473,10.526315789473683,Methadone,-0.10237941288190819,0.10225616471432458
226,18,27.77777777777778,0,Methadone,-0.10237941288190819,0.10225616471432458
227,19,5.263157894736842,36.84210526315789,Methadone,-0.10237941288190819,0.10225616471432458
228,19,21.052631578947366,5.263157894736842,Methadone,-0.10237941288190819,0.10225616471432458
229,19,5.263157894736842,21.052631578947366,Methadone,-0.10237941288190819,0.10225616471432458
230,19,26.31578947368421,0,Methadone,-0.10237941288190819,0.10225616471432458
231,19,36.84210526315789,0,Methadone,-0.10237941288190819,0.10225616471432458
232,18,11.11111111111111,0,Methadone,-0.10237941288190819,0.10225616471432458
233,19,21.052631578947366,26.31578947368421,Methadone,-0.10237941288190819,0.10225616471432458
234,19,68.42105263157895,10.526315789473683,Methadone,-0.10237941288190819,0.10225616471432458
235,19,36.84210526315789,5.263157894736842,Methadone,-0.10237941288190819,0.10225616471432458
236,19,47.368421052631575,0,Methadone,-0.10237941288190819,0.10225616471432458
237,19,36.84210526315789,0,Methadone,-0.10237941288190819,0.10225616471432458
238,19,100,0,Methadone,-0.10237941288190819,0.10225616471432458
239,19,78.94736842105263,0,Methadone,-0.10237941288190819,0.10225616471432458
240,19,42.10526315789473,15.789473684210526,Methadone,-0.10237941288190819,0.10225616471432458
241,19,57.89473684210527,0,Methadone,-0.10237941288190819,0.10225616471432458
242,19,68.42105263157895,0,Methadone,-0.10237941288190819,0.10225616471432458
243,19,63.1578947368421,5.263157894736842,Methadone,-0.10237941288190819,0.10225616471432458
244,19,57.89473684210527,0,Methadone,-0.10237941288190819,0.10225616471432458
245,19,63.1578947368421,5.263157894736842,Methadone,-0.10237941288190819,0.10225616471432458
246,19,100,0,Methadone,-0.10237941288190819,0.10225616471432458
247,19,36.84210526315789,15.789473684210526,Methadone,-0.10237941288190819,0.10225616471432458
248,19,47.368421052631575,0,Methadone,-0.10237941288190819,0.10225616471432458
249,19,78.94736842105263,0,Methadone,-0.10237941288190819,0.10225616471432458
250,19,63.1578947368421,5.263157894736842,Methadone,-0.10237941288190819,0.10225616471432458
251,19,52.63157894736842,5.263157894736842,Methadone,-0.10237941288190819,0.10225616471432458
252,19,26.31578947368421,10.526315789473683,Methadone,-0.10237941288190819,0.10225616471432458
253,19,78.94736842105263,0,Methadone,-0.10237941288190819,0.10225616471432458
254,19,89.47368421052632,0,Methadone,-0.10237941288190819,0.10225616471432458
255,19,36.84210526315789,0,Methadone,-0.10237941288190819,0.10225616471432458
256,19,36.84210526315789,5.263157894736842,Methadone,-0.10237941288190819,0.10225616471432458
257,19,94.73684210526315,0,Methadone,-0.10237941288190819,0.10225616471432458
258,19,84.21052631578947,0,Methadone,-0.10237941288190819,0.10225616471432458
259,19,10.526315789473683,5.263157894736842,Methadone,-0.10237941288190819,0.10225616471432458
260,19,78.94736842105263,0,Methadone,-0.10237941288190819,0.10225616471432458
261,19,89.47368421052632,0,Methadone,-0.10237941288190819,0.10225616471432458
262,19,68.42105263157895,5.263157894736842,Methadone,-0.10237941288190819,0.10225616471432458
263,19,21.052631578947366,5.263157894736842,Methadone,-0.10237941288190819,0.10225616471432458
264,19,15.789473684210526,5.263157894736842,Methadone,-0.10237941288190819,0.10225616471432458
265,19,10.526315789473683,10.526315789473683,Methadone,-0.10237941288190819,0.10225616471432458
266,19,0,31.57894736842105,Methadone,-0.10237941288190819,0.10225616471432458
267,19,5.263157894736842,5.263157894736842,Methadone,-0.10237941288190819,0.10225616471432458
268,19,10.526315789473683,5.263157894736842,Methadone,-0.10237941288190819,0.10225616471432458
269,19,5.263157894736842,0,Methadone,-0.10237941288190819,0.10225616471432458
270,19,42.10526315789473,0,Methadone,-0.10237941288190819,0.10225616471432458
271,19,0,5.263157894736842,Methadone,-0.10237941288190819,0.10225616471432458
272,19,21.052631578947366,10.526315789473683,Methadone,-0.10237941288190819,0.10225616471432458
273,19,42.10526315789473,0,Methadone,-0.10237941288190819,0.10225616471432458
274,19,5.263157894736842,10.526315789473683,Methadone,-0.10237941288190819,0.10225616471432458
275,19,21.052631578947366,0,Methadone,-0.10237941288190819,0.10225616471432458
276,19,0,31.57894736842105,Methadone,-0.10237941288190819,0.10225616471432458
277,19,36.84210526315789,0,Methadone,-0.10237941288190819,0.10225616471432458
278,19,73.68421052631578,0,Methadone,-0.10237941288190819,0.10225616471432458
279,19,47.368421052631575,0,Methadone,-0.10237941288190819,0.10225616471432458
280,19,68.42105263157895,0,Methadone,-0.10237941288190819,0.10225616471432458
281,19,47.368421052631575,0,Methadone,-0.10237941288190819,0.10225616471432458
282,19,31.57894736842105,5.263157894736842,Methadone,-0.10237941288190819,0.10225616471432458
283,19,15.789473684210526,5.263157894736842,Methadone,-0.10237941288190819,0.10225616471432458
284,19,42.10526315789473,5.263157894736842,Methadone,-0.10237941288190819,0.10225616471432458
285,19,42.10526315789473,0,Methadone,-0.10237941288190819,0.10225616471432458
286,19,36.84210526315789,21.052631578947366,Methadone,-0.10237941288190819,0.10225616471432458
287,19,36.84210526315789,5.263157894736842,Methadone,-0.10237941288190819,0.10225616471432458
288,19,36.84210526315789,0,Methadone,-0.10237941288190819,0.10225616471432458
289,19,21.052631578947366,15.789473684210526,Methadone,-0.10237941288190819,0.10225616471432458
290,19,57.89473684210527,0,Methadone,-0.10237941288190819,0.10225616471432458
291,19,89.47368421052632,0,Methadone,-0.10237941288190819,0.10225616471432458
292,19,57.89473684210527,0,Methadone,-0.10237941288190819,0.10225616471432458
293,19,52.63157894736842,0,Methadone,-0.10237941288190819,0.10225616471432458
294,19,89.47368421052632,0,Methadone,-0.10237941288190819,0.10225616471432458
295,19,57.89473684210527,0,Methadone,-0.10237941288190819,0.10225616471432458
296,19,52.63157894736842,5.263157894736842,Methadone,-0.10237941288190819,0.10225616471432458
297,19,100,0,Methadone,-0.10237941288190819,0.10225616471432458
298,18,100,0,Methadone,-0.10237941288190819,0.10225616471432458
299,19,89.47368421052632,0,Methadone,-0.10237941288190819,0.10225616471432458
300,19,73.68421052631578,5.263157894736842,Methadone,-0.10237941288190819,0.10225616471432458
301,19,63.1578947368421,0,Methadone,-0.10237941288190819,0.10225616471432458
302,19,100,0,Methadone,-0.10237941288190819,0.10225616471432458
303,19,47.368421052631575,5.263157894736842,Methadone,-0.10237941288190819,0.10225616471432458
304,19,68.42105263157895,0,Methadone,-0.10237941288190819,0.10225616471432458
305,19,57.89473684210527,0,Methadone,-0.10237941288190819,0.10225616471432458
306,19,0,10.526315789473683,Methadone,-0.10237941288190819,0.10225616471432458
307,19,5.263157894736842,10.526315789473683,Methadone,-0.10237941288190819,0.10225616471432458
308,19,31.57894736842105,15.789473684210526,Methadone,-0.10237941288190819,0.10225616471432458
309,19,5.263157894736842,21.052631578947366,Methadone,-0.10237941288190819,0.10225616471432458
310,19,31.57894736842105,0,Methadone,-0.10237941288190819,0.10225616471432458
311,19,42.10526315789473,0,Methadone,-0.10237941288190819,0.10225616471432458
312,19,10.526315789473683,10.526315789473683,Methadone,-0.10237941288190819,0.10225616471432458
313,19,10.526315789473683,5.263157894736842,Methadone,-0.10237941288190819,0.10225616471432458
314,19,26.31578947368421,15.789473684210526,Methadone,-0.10237941288190819,0.10225616471432458
315,19,42.10526315789473,5.263157894736842,Methadone,-0.10237941288190819,0.10225616471432458
316,19,0,15.789473684210526,Methadone,-0.10237941288190819,0.10225616471432458
317,19,15.789473684210526,5.263157894736842,Methadone,-0.10237941288190819,0.10225616471432458
318,19,57.89473684210527,15.789473684210526,Methadone,-0.10237941288190819,0.10225616471432458
319,19,26.31578947368421,10.526315789473683,Methadone,-0.10237941288190819,0.10225616471432458
320,19,84.21052631578947,0,Methadone,-0.10237941288190819,0.10225616471432458
321,19,100,0,Methadone,-0.10237941288190819,0.10225616471432458
322,19,57.89473684210527,10.526315789473683,Methadone,-0.10237941288190819,0.10225616471432458
323,19,78.94736842105263,0,Methadone,-0.10237941288190819,0.10225616471432458
324,19,100,0,Methadone,-0.10237941288190819,0.10225616471432458
325,19,63.1578947368421,0,Methadone,-0.10237941288190819,0.10225616471432458
326,19,73.68421052631578,0,Methadone,-0.10237941288190819,0.10225616471432458
327,19,94.73684210526315,0,Methadone,-0.10237941288190819,0.10225616471432458
328,19,100,0,Methadone,-0.10237941288190819,0.10225616471432458
329,19,68.42105263157895,0,Methadone,-0.10237941288190819,0.10225616471432458
330,19,52.63157894736842,10.526315789473683,Methadone,-0.10237941288190819,0.10225616471432458
331,19,68.42105263157895,5.263157894736842,Methadone,-0.10237941288190819,0.10225616471432458
332,19,63.1578947368421,0,Methadone,-0.10237941288190819,0.10225616471432458
333,19,57.89473684210527,0,Methadone,-0.10237941288190819,0.10225616471432458
334,19,100,0,Methadone,-0.10237941288190819,0.10225616471432458
335,19,78.94736842105263,0,Methadone,-0.10237941288190819,0.10225616471432458
336,19,57.89473684210527,0,Methadone,-0.10237941288190819,0.10225616471432458
337,18,55.55555555555556,5.555555555555555,Methadone,-0.10237941288190819,0.10225616471432458
338,19,63.1578947368421,0,Methadone,-0.10237941288190819,0.10225616471432458
339,19,47.368421052631575,0,Methadone,-0.10237941288190819,0.10225616471432458
340,19,26.31578947368421,5.263157894736842,Methadone,-0.10237941288190819,0.10225616471432458
341,19,31.57894736842105,10.526315789473683,Methadone,-0.10237941288190819,0.10225616471432458
342,19,89.47368421052632,0,Methadone,-0.10237941288190819,0.10225616471432458
343,19,10.526315789473683,36.84210526315789,Methadone,-0.10237941288190819,0.10225616471432458
344,18,72.22222222222221,5.555555555555555,Methadone,-0.10237941288190819,0.10225616471432458
345,19,78.94736842105263,0,Methadone,-0.10237941288190819,0.10225616471432458
346,19,84.21052631578947,0,Methadone,-0.10237941288190819,0.10225616471432458
347,19,26.31578947368421,10.526315789473683,Methadone,-0.10237941288190819,0.10225616471432458
348,19,36.84210526315789,5.263157894736842,Methadone,-0.10237941288190819,0.10225616471432458
349,19,63.1578947368421,5.263157894736842,Methadone,-0.10237941288190819,0.10225616471432458
350,19,5.263157894736842,0,Methadone,-0.10237941288190819,0.10225616471432458
351,19,0,36.84210526315789,Methadone,-0.10237941288190819,0.10225616471432458
352,18,11.11111111111111,16.666666666666664,Methadone,-0.10237941288190819,0.10225616471432458
353,19,10.526315789473683,5.263157894736842,Methadone,-0.10237941288190819,0.10225616471432458
354,19,0,52.63157894736842,Methadone,-0.10237941288190819,0.10225616471432458
355,19,0,31.57894736842105,Methadone,-0.10237941288190819,0.10225616471432458
356,19,0,31.57894736842105,Methadone,-0.10237941288190819,0.10225616471432458
357,19,0,10.526315789473683,Methadone,-0.10237941288190819,0.10225616471432458
358,19,5.263157894736842,10.526315789473683,Methadone,-0.10237941288190819,0.10225616471432458
359,19,0,21.052631578947366,Methadone,-0.10237941288190819,0.10225616471432458
360,19,0,21.052631578947366,Methadone,-0.10237941288190819,0.10225616471432458
361,19,5.263157894736842,31.57894736842105,Methadone,-0.10237941288190819,0.10225616471432458
362,19,0,15.789473684210526,Methadone,-0.10237941288190819,0.10225616471432458
363,19,0,21.052631578947366,Methadone,-0.10237941288190819,0.10225616471432458
364,19,0,21.052631578947366,Methadone,-0.10237941288190819,0.10225616471432458
365,19,0,42.10526315789473,Methadone,-0.10237941288190819,0.10225616471432458
366,19,0,15.789473684210526,Methadone,-0.10237941288190819,0.10225616471432458
367,19,0,0,Methadone,-0.10237941288190819,0.10225616471432458
368,19,5.263157894736842,36.84210526315789,Methadone,-0.10237941288190819,0.10225616471432458
369,19,0,36.84210526315789,Methadone,-0.10237941288190819,0.10225616471432458
370,19,0,15.789473684210526,Methadone,-0.10237941288190819,0.10225616471432458
371,19,0,15.789473684210526,Methadone,-0.10237941288190819,0.10225616471432458
372,19,0,10.526315789473683,Methadone,-0.10237941288190819,0.10225616471432458
373,19,0,21.052631578947366,Methadone,-0.10237941288190819,0.10225616471432458
374,19,5.263157894736842,26.31578947368421,Methadone,-0.10237941288190819,0.10225616471432458
375,19,0,5.263157894736842,Methadone,-0.10237941288190819,0.10225616471432458
376,19,0,15.789473684210526,Methadone,-0.10237941288190819,0.10225616471432458
377,19,0,26.31578947368421,Methadone,-0.10237941288190819,0.10225616471432458
378,19,0,31.57894736842105,Methadone,-0.10237941288190819,0.10225616471432458
379,19,0,21.052631578947366,Methadone,-0.10237941288190819,0.10225616471432458
380,19,0,21.052631578947366,Methadone,-0.10237941288190819,0.10225616471432458
381,19,0,36.84210526315789,Methadone,-0.10237941288190819,0.10225616471432458
382,19,0,15.789473684210526,Methadone,-0.10237941288190819,0.10225616471432458
383,19,0,21.052631578947366,Methadone,-0.10237941288190819,0.10225616471432458
384,19,0,26.31578947368421,Methadone,-0.10237941288190819,0.10225616471432458
385,19,0,42.10526315789473,Methadone,-0.10237941288190819,0.10225616471432458
386,19,0,63.1578947368421,Methadone,-0.10237941288190819,0.10225616471432458
387,19,0,21.052631578947366,Methadone,-0.10237941288190819,0.10225616471432458
388,19,0,31.57894736842105,Methadone,-0.10237941288190819,0.10225616471432458
389,19,0,31.57894736842105,Methadone,-0.10237941288190819,0.10225616471432458
390,19,0,21.052631578947366,Methadone,-0.10237941288190819,0.10225616471432458
391,19,0,31.57894736842105,Methadone,-0.10237941288190819,0.10225616471432458
392,19,0,5.263157894736842,Methadone,-0.10237941288190819,0.10225616471432458
393,19,0,15.789473684210526,Methadone,-0.10237941288190819,0.10225616471432458
394,19,0,31.57894736842105,Methadone,-0.10237941288190819,0.10225616471432458
395,19,0,21.052631578947366,Methadone,-0.10237941288190819,0.10225616471432458
396,19,0,57.89473684210527,Methadone,-0.10237941288190819,0.10225616471432458
397,19,0,21.052631578947366,Methadone,-0.10237941288190819,0.10225616471432458
398,19,0,5.263157894736842,Methadone,-0.10237941288190819,0.10225616471432458
399,19,0,36.84210526315789,Methadone,-0.10237941288190819,0.10225616471432458
400,19,5.263157894736842,5.263157894736842,Methadone,-0.10237941288190819,0.10225616471432458
2,19,0,36.84210526315789,Morphine,-0.09381339622255042,0.09420306877898318
3,18,0,72.22222222222221,Morphine,-0.09381339622255042,0.09420306877898318
4,19,0,57.89473684210527,Morphine,-0.09381339622255042,0.09420306877898318
5,19,0,57.89473684210527,Morphine,-0.09381339622255042,0.09420306877898318
6,19,0,26.31578947368421,Morphine,-0.09381339622255042,0.09420306877898318
7,19,0,73.68421052631578,Morphine,-0.09381339622255042,0.09420306877898318
8,19,0,89.47368421052632,Morphine,-0.09381339622255042,0.09420306877898318
9,19,0,52.63157894736842,Morphine,-0.09381339622255042,0.09420306877898318
10,19,0,57.89473684210527,Morphine,-0.09381339622255042,0.09420306877898318
11,19,0,52.63157894736842,Morphine,-0.09381339622255042,0.09420306877898318
12,19,0,47.368421052631575,Morphine,-0.09381339622255042,0.09420306877898318
13,19,0,42.10526315789473,Morphine,-0.09381339622255042,0.09420306877898318
14,18,0,55.55555555555556,Morphine,-0.09381339622255042,0.09420306877898318
15,19,0,42.10526315789473,Morphine,-0.09381339622255042,0.09420306877898318
16,19,0,52.63157894736842,Morphine,-0.09381339622255042,0.09420306877898318
17,19,0,42.10526315789473,Morphine,-0.09381339622255042,0.09420306877898318
18,19,0,57.89473684210527,Morphine,-0.09381339622255042,0.09420306877898318
19,19,0,57.89473684210527,Morphine,-0.09381339622255042,0.09420306877898318
20,19,0,63.1578947368421,Morphine,-0.09381339622255042,0.09420306877898318
21,19,0,26.31578947368421,Morphine,-0.09381339622255042,0.09420306877898318
22,17,0,52.94117647058824,Morphine,-0.09381339622255042,0.09420306877898318
23,19,0,47.368421052631575,Morphine,-0.09381339622255042,0.09420306877898318
24,19,0,21.052631578947366,Morphine,-0.09381339622255042,0.09420306877898318
25,19,5.263157894736842,42.10526315789473,Morphine,-0.09381339622255042,0.09420306877898318
26,19,0,31.57894736842105,Morphine,-0.09381339622255042,0.09420306877898318
27,19,0,68.42105263157895,Morphine,-0.09381339622255042,0.09420306877898318
28,19,0,89.47368421052632,Morphine,-0.09381339622255042,0.09420306877898318
29,19,0,42.10526315789473,Morphine,-0.09381339622255042,0.09420306877898318
30,19,0,42.10526315789473,Morphine,-0.09381339622255042,0.09420306877898318
31,19,0,26.31578947368421,Morphine,-0.09381339622255042,0.09420306877898318
32,19,0,57.89473684210527,Morphine,-0.09381339622255042,0.09420306877898318
33,19,0,73.68421052631578,Morphine,-0.09381339622255042,0.09420306877898318
34,19,0,36.84210526315789,Morphine,-0.09381339622255042,0.09420306877898318
35,19,0,57.89473684210527,Morphine,-0.09381339622255042,0.09420306877898318
36,19,0,57.89473684210527,Morphine,-0.09381339622255042,0.09420306877898318
37,17,0,41.17647058823529,Morphine,-0.09381339622255042,0.09420306877898318
38,19,0,63.1578947368421,Morphine,-0.09381339622255042,0.09420306877898318
39,19,0,42.10526315789473,Morphine,-0.09381339622255042,0.09420306877898318
40,19,5.263157894736842,10.526315789473683,Morphine,-0.09381339622255042,0.09420306877898318
41,19,0,63.1578947368421,Morphine,-0.09381339622255042,0.09420306877898318
42,19,0,52.63157894736842,Morphine,-0.09381339622255042,0.09420306877898318
43,19,0,57.89473684210527,Morphine,-0.09381339622255042,0.09420306877898318
44,19,0,47.368421052631575,Morphine,-0.09381339622255042,0.09420306877898318
45,19,5.263157894736842,31.57894736842105,Morphine,-0.09381339622255042,0.09420306877898318
46,19,0,47.368421052631575,Morphine,-0.09381339622255042,0.09420306877898318
47,19,5.263157894736842,63.1578947368421,Morphine,-0.09381339622255042,0.09420306877898318
48,19,0,5.263157894736842,Morphine,-0.09381339622255042,0.09420306877898318
49,19,0,15.789473684210526,Morphine,-0.09381339622255042,0.09420306877898318
50,19,0,36.84210526315789,Morphine,-0.09381339622255042,0.09420306877898318
51,19,0,52.63157894736842,Morphine,-0.09381339622255042,0.09420306877898318
52,19,0,63.1578947368421,Morphine,-0.09381339622255042,0.09420306877898318
53,19,0,21.052631578947366,Morphine,-0.09381339622255042,0.09420306877898318
54,19,0,15.789473684210526,Morphine,-0.09381339622255042,0.09420306877898318
55,19,0,42.10526315789473,Morphine,-0.09381339622255042,0.09420306877898318
56,19,0,31.57894736842105,Morphine,-0.09381339622255042,0.09420306877898318
57,19,0,21.052631578947366,Morphine,-0.09381339622255042,0.09420306877898318
58,19,0,42.10526315789473,Morphine,-0.09381339622255042,0.09420306877898318
59,19,0,36.84210526315789,Morphine,-0.09381339622255042,0.09420306877898318
60,19,0,57.89473684210527,Morphine,-0.09381339622255042,0.09420306877898318
61,19,0,31.57894736842105,Morphine,-0.09381339622255042,0.09420306877898318
62,19,0,52.63157894736842,Morphine,-0.09381339622255042,0.09420306877898318
63,19,5.263157894736842,36.84210526315789,Morphine,-0.09381339622255042,0.09420306877898318
64,19,0,26.31578947368421,Morphine,-0.09381339622255042,0.09420306877898318
65,19,0,10.526315789473683,Morphine,-0.09381339622255042,0.09420306877898318
66,19,10.526315789473683,5.263157894736842,Morphine,-0.09381339622255042,0.09420306877898318
67,19,0,63.1578947368421,Morphine,-0.09381339622255042,0.09420306877898318
68,19,0,21.052631578947366,Morphine,-0.09381339622255042,0.09420306877898318
69,19,5.263157894736842,5.263157894736842,Morphine,-0.09381339622255042,0.09420306877898318
70,19,0,10.526315789473683,Morphine,-0.09381339622255042,0.09420306877898318
71,19,10.526315789473683,0,Morphine,-0.09381339622255042,0.09420306877898318
72,19,15.789473684210526,15.789473684210526,Morphine,-0.09381339622255042,0.09420306877898318
73,19,57.89473684210527,0,Morphine,-0.09381339622255042,0.09420306877898318
74,19,21.052631578947366,5.263157894736842,Morphine,-0.09381339622255042,0.09420306877898318
75,18,38.88888888888889,5.555555555555555,Morphine,-0.09381339622255042,0.09420306877898318
76,19,42.10526315789473,5.263157894736842,Morphine,-0.09381339622255042,0.09420306877898318
77,19,52.63157894736842,0,Morphine,-0.09381339622255042,0.09420306877898318
78,19,21.052631578947366,15.789473684210526,Morphine,-0.09381339622255042,0.09420306877898318
79,19,36.84210526315789,5.263157894736842,Morphine,-0.09381339622255042,0.09420306877898318
80,19,47.368421052631575,5.263157894736842,Morphine,-0.09381339622255042,0.09420306877898318
81,19,57.89473684210527,0,Morphine,-0.09381339622255042,0.09420306877898318
82,19,68.42105263157895,5.263157894736842,Morphine,-0.09381339622255042,0.09420306877898318
83,19,47.368421052631575,5.263157894736842,Morphine,-0.09381339622255042,0.09420306877898318
84,19,94.73684210526315,0,Morphine,-0.09381339622255042,0.09420306877898318
85,19,42.10526315789473,5.263157894736842,Morphine,-0.09381339622255042,0.09420306877898318
86,19,36.84210526315789,0,Morphine,-0.09381339622255042,0.09420306877898318
87,19,84.21052631578947,0,Morphine,-0.09381339622255042,0.09420306877898318
88,19,84.21052631578947,0,Morphine,-0.09381339622255042,0.09420306877898318
89,19,31.57894736842105,10.526315789473683,Morphine,-0.09381339622255042,0.09420306877898318
90,19,57.89473684210527,0,Morphine,-0.09381339622255042,0.09420306877898318
91,19,84.21052631578947,5.263157894736842,Morphine,-0.09381339622255042,0.09420306877898318
92,18,100,0,Morphine,-0.09381339622255042,0.09420306877898318
93,19,42.10526315789473,10.526315789473683,Morphine,-0.09381339622255042,0.09420306877898318
94,19,57.89473684210527,0,Morphine,-0.09381339622255042,0.09420306877898318
95,19,68.42105263157895,5.263157894736842,Morphine,-0.09381339622255042,0.09420306877898318
96,19,21.052631578947366,0,Morphine,-0.09381339622255042,0.09420306877898318
97,18,27.77777777777778,0,Morphine,-0.09381339622255042,0.09420306877898318
98,19,21.052631578947366,5.263157894736842,Morphine,-0.09381339622255042,0.09420306877898318
99,19,36.84210526315789,5.263157894736842,Morphine,-0.09381339622255042,0.09420306877898318
100,19,73.68421052631578,5.263157894736842,Morphine,-0.09381339622255042,0.09420306877898318
101,19,21.052631578947366,0,Morphine,-0.09381339622255042,0.09420306877898318
102,19,15.789473684210526,5.263157894736842,Morphine,-0.09381339622255042,0.09420306877898318
103,19,52.63157894736842,0,Morphine,-0.09381339622255042,0.09420306877898318
104,19,63.1578947368421,5.263157894736842,Morphine,-0.09381339622255042,0.09420306877898318
105,19,73.68421052631578,0,Morphine,-0.09381339622255042,0.09420306877898318
106,19,63.1578947368421,0,Morphine,-0.09381339622255042,0.09420306877898318
107,19,26.31578947368421,5.263157894736842,Morphine,-0.09381339622255042,0.09420306877898318
108,19,68.42105263157895,0,Morphine,-0.09381339622255042,0.09420306877898318
109,19,84.21052631578947,0,Morphine,-0.09381339622255042,0.09420306877898318
110,19,57.89473684210527,0,Morphine,-0.09381339622255042,0.09420306877898318
111,19,57.89473684210527,0,Morphine,-0.09381339622255042,0.09420306877898318
112,19,63.1578947368421,0,Morphine,-0.09381339622255042,0.09420306877898318
113,19,100,0,Morphine,-0.09381339622255042,0.09420306877898318
114,19,52.63157894736842,15.789473684210526,Morphine,-0.09381339622255042,0.09420306877898318
115,19,78.94736842105263,0,Morphine,-0.09381339622255042,0.09420306877898318
116,19,84.21052631578947,0,Morphine,-0.09381339622255042,0.09420306877898318
117,19,42.10526315789473,5.263157894736842,Morphine,-0.09381339622255042,0.09420306877898318
118,19,57.89473684210527,10.526315789473683,Morphine,-0.09381339622255042,0.09420306877898318
119,19,47.368421052631575,10.526315789473683,Morphine,-0.09381339622255042,0.09420306877898318
120,19,42.10526315789473,0,Morphine,-0.09381339622255042,0.09420306877898318
121,19,42.10526315789473,10.526315789473683,Morphine,-0.09381339622255042,0.09420306877898318
122,19,57.89473684210527,5.263157894736842,Morphine,-0.09381339622255042,0.09420306877898318
123,19,68.42105263157895,0,Morphine,-0.09381339622255042,0.09420306877898318
124,19,68.42105263157895,5.263157894736842,Morphine,-0.09381339622255042,0.09420306877898318
125,19,57.89473684210527,5.263157894736842,Morphine,-0.09381339622255042,0.09420306877898318
126,19,31.57894736842105,0,Morphine,-0.09381339622255042,0.09420306877898318
127,19,26.31578947368421,15.789473684210526,Morphine,-0.09381339622255042,0.09420306877898318
128,19,63.1578947368421,0,Morphine,-0.09381339622255042,0.09420306877898318
129,19,5.263157894736842,15.789473684210526,Morphine,-0.09381339622255042,0.09420306877898318
130,19,0,31.57894736842105,Morphine,-0.09381339622255042,0.09420306877898318
131,19,52.63157894736842,10.526315789473683,Morphine,-0.09381339622255042,0.09420306877898318
132,19,31.57894736842105,0,Morphine,-0.09381339622255042,0.09420306877898318
133,19,26.31578947368421,5.263157894736842,Morphine,-0.09381339622255042,0.09420306877898318
134,19,15.789473684210526,10.526315789473683,Morphine,-0.09381339622255042,0.09420306877898318
135,19,84.21052631578947,0,Morphine,-0.09381339622255042,0.09420306877898318
136,19,26.31578947368421,10.526315789473683,Morphine,-0.09381339622255042,0.09420306877898318
137,19,68.42105263157895,0,Morphine,-0.09381339622255042,0.09420306877898318
138,19,63.1578947368421,0,Morphine,-0.09381339622255042,0.09420306877898318
139,19,5.263157894736842,10.526315789473683,Morphine,-0.09381339622255042,0.09420306877898318
140,19,26.31578947368421,5.263157894736842,Morphine,-0.09381339622255042,0.09420306877898318
141,19,42.10526315789473,10.526315789473683,Morphine,-0.09381339622255042,0.09420306877898318
142,19,100,0,Morphine,-0.09381339622255042,0.09420306877898318
143,19,78.94736842105263,0,Morphine,-0.09381339622255042,0.09420306877898318
144,19,26.31578947368421,10.526315789473683,Morphine,-0.09381339622255042,0.09420306877898318
145,19,36.84210526315789,0,Morphine,-0.09381339622255042,0.09420306877898318
146,19,31.57894736842105,10.526315789473683,Morphine,-0.09381339622255042,0.09420306877898318
147,19,42.10526315789473,5.263157894736842,Morphine,-0.09381339622255042,0.09420306877898318
148,19,36.84210526315789,5.263157894736842,Morphine,-0.09381339622255042,0.09420306877898318
149,19,94.73684210526315,0,Morphine,-0.09381339622255042,0.09420306877898318
150,19,47.368421052631575,0,Morphine,-0.09381339622255042,0.09420306877898318
151,19,78.94736842105263,0,Morphine,-0.09381339622255042,0.09420306877898318
152,19,78.94736842105263,0,Morphine,-0.09381339622255042,0.09420306877898318
153,19,63.1578947368421,0,Morphine,-0.09381339622255042,0.09420306877898318
154,19,78.94736842105263,0,Morphine,-0.09381339622255042,0.09420306877898318
155,19,89.47368421052632,0,Morphine,-0.09381339622255042,0.09420306877898318
156,19,84.21052631578947,0,Morphine,-0.09381339622255042,0.09420306877898318
157,19,78.94736842105263,5.263157894736842,Morphine,-0.09381339622255042,0.09420306877898318
158,19,57.89473684210527,0,Morphine,-0.09381339622255042,0.09420306877898318
159,19,68.42105263157895,0,Morphine,-0.09381339622255042,0.09420306877898318
160,19,78.94736842105263,10.526315789473683,Morphine,-0.09381339622255042,0.09420306877898318
161,19,73.68421052631578,0,Morphine,-0.09381339622255042,0.09420306877898318
162,19,31.57894736842105,5.263157894736842,Morphine,-0.09381339622255042,0.09420306877898318
163,19,89.47368421052632,5.263157894736842,Morphine,-0.09381339622255042,0.09420306877898318
164,19,89.47368421052632,0,Morphine,-0.09381339622255042,0.09420306877898318
165,19,73.68421052631578,5.263157894736842,Morphine,-0.09381339622255042,0.09420306877898318
166,19,94.73684210526315,0,Morphine,-0.09381339622255042,0.09420306877898318
167,19,100,0,Morphine,-0.09381339622255042,0.09420306877898318
168,19,73.68421052631578,0,Morphine,-0.09381339622255042,0.09420306877898318
169,19,68.42105263157895,0,Morphine,-0.09381339622255042,0.09420306877898318
170,19,94.73684210526315,0,Morphine,-0.09381339622255042,0.09420306877898318
171,19,78.94736842105263,0,Morphine,-0.09381339622255042,0.09420306877898318
172,19,52.63157894736842,0,Morphine,-0.09381339622255042,0.09420306877898318
173,19,68.42105263157895,0,Morphine,-0.09381339622255042,0.09420306877898318
174,19,73.68421052631578,0,Morphine,-0.09381339622255042,0.09420306877898318
175,19,42.10526315789473,21.052631578947366,Morphine,-0.09381339622255042,0.09420306877898318
176,19,21.052631578947366,5.263157894736842,Morphine,-0.09381339622255042,0.09420306877898318
177,19,78.94736842105263,5.263157894736842,Morphine,-0.09381339622255042,0.09420306877898318
178,19,36.84210526315789,15.789473684210526,Morphine,-0.09381339622255042,0.09420306877898318
179,19,15.789473684210526,15.789473684210526,Morphine,-0.09381339622255042,0.09420306877898318
180,19,47.368421052631575,5.263157894736842,Morphine,-0.09381339622255042,0.09420306877898318
181,19,100,0,Morphine,-0.09381339622255042,0.09420306877898318
182,19,10.526315789473683,21.052631578947366,Morphine,-0.09381339622255042,0.09420306877898318
183,19,26.31578947368421,10.526315789473683,Morphine,-0.09381339622255042,0.09420306877898318
184,19,15.789473684210526,21.052631578947366,Morphine,-0.09381339622255042,0.09420306877898318
185,19,47.368421052631575,5.263157894736842,Morphine,-0.09381339622255042,0.09420306877898318
186,19,84.21052631578947,0,Morphine,-0.09381339622255042,0.09420306877898318
187,19,47.368421052631575,0,Morphine,-0.09381339622255042,0.09420306877898318
188,19,42.10526315789473,21.052631578947366,Morphine,-0.09381339622255042,0.09420306877898318
189,19,52.63157894736842,0,Morphine,-0.09381339622255042,0.09420306877898318
190,19,73.68421052631578,5.263157894736842,Morphine,-0.09381339622255042,0.09420306877898318
191,19,31.57894736842105,0,Morphine,-0.09381339622255042,0.09420306877898318
192,19,42.10526315789473,10.526315789473683,Morphine,-0.09381339622255042,0.09420306877898318
193,19,68.42105263157895,5.263157894736842,Morphine,-0.09381339622255042,0.09420306877898318
194,19,68.42105263157895,0,Morphine,-0.09381339622255042,0.09420306877898318
195,19,84.21052631578947,0,Morphine,-0.09381339622255042,0.09420306877898318
196,19,63.1578947368421,5.263157894736842,Morphine,-0.09381339622255042,0.09420306877898318
197,19,52.63157894736842,5.263157894736842,Morphine,-0.09381339622255042,0.09420306877898318
198,19,78.94736842105263,0,Morphine,-0.09381339622255042,0.09420306877898318
199,19,42.10526315789473,21.052631578947366,Morphine,-0.09381339622255042,0.09420306877898318
200,19,57.89473684210527,0,Morphine,-0.09381339622255042,0.09420306877898318
201,19,63.1578947368421,0,Morphine,-0.09381339622255042,0.09420306877898318
202,19,57.89473684210527,0,Morphine,-0.09381339622255042,0.09420306877898318
203,19,52.63157894736842,10.526315789473683,Morphine,-0.09381339622255042,0.09420306877898318
204,19,31.57894736842105,31.57894736842105,Morphine,-0.09381339622255042,0.09420306877898318
205,19,52.63157894736842,5.263157894736842,Morphine,-0.09381339622255042,0.09420306877898318
206,19,21.052631578947366,15.789473684210526,Morphine,-0.09381339622255042,0.09420306877898318
207,19,0,10.526315789473683,Morphine,-0.09381339622255042,0.09420306877898318
208,19,57.89473684210527,0,Morphine,-0.09381339622255042,0.09420306877898318
209,19,36.84210526315789,21.052631578947366,Morphine,-0.09381339622255042,0.09420306877898318
210,19,21.052631578947366,10.526315789473683,Morphine,-0.09381339622255042,0.09420306877898318
211,19,5.263157894736842,10.526315789473683,Morphine,-0.09381339622255042,0.09420306877898318
212,19,5.263157894736842,36.84210526315789,Morphine,-0.09381339622255042,0.09420306877898318
213,19,10.526315789473683,21.052631578947366,Morphine,-0.09381339622255042,0.09420306877898318
214,18,0,11.11111111111111,Morphine,-0.09381339622255042,0.09420306877898318
215,19,21.052631578947366,21.052631578947366,Morphine,-0.09381339622255042,0.09420306877898318
216,19,21.052631578947366,10.526315789473683,Morphine,-0.09381339622255042,0.09420306877898318
217,19,15.789473684210526,21.052631578947366,Morphine,-0.09381339622255042,0.09420306877898318
218,19,10.526315789473683,15.789473684210526,Morphine,-0.09381339622255042,0.09420306877898318
219,19,100,0,Morphine,-0.09381339622255042,0.09420306877898318
220,19,5.263157894736842,42.10526315789473,Morphine,-0.09381339622255042,0.09420306877898318
221,19,42.10526315789473,5.263157894736842,Morphine,-0.09381339622255042,0.09420306877898318
222,19,26.31578947368421,10.526315789473683,Morphine,-0.09381339622255042,0.09420306877898318
223,19,10.526315789473683,42.10526315789473,Morphine,-0.09381339622255042,0.09420306877898318
224,19,0,21.052631578947366,Morphine,-0.09381339622255042,0.09420306877898318
225,19,15.789473684210526,0,Morphine,-0.09381339622255042,0.09420306877898318
226,18,33.33333333333333,0,Morphine,-0.09381339622255042,0.09420306877898318
227,19,0,10.526315789473683,Morphine,-0.09381339622255042,0.09420306877898318
228,19,0,0,Morphine,-0.09381339622255042,0.09420306877898318
229,19,0,21.052631578947366,Morphine,-0.09381339622255042,0.09420306877898318
230,19,5.263157894736842,15.789473684210526,Morphine,-0.09381339622255042,0.09420306877898318
231,19,21.052631578947366,10.526315789473683,Morphine,-0.09381339622255042,0.09420306877898318
232,18,16.666666666666664,0,Morphine,-0.09381339622255042,0.09420306877898318
233,19,26.31578947368421,0,Morphine,-0.09381339622255042,0.09420306877898318
234,19,26.31578947368421,10.526315789473683,Morphine,-0.09381339622255042,0.09420306877898318
235,19,26.31578947368421,0,Morphine,-0.09381339622255042,0.09420306877898318
236,19,42.10526315789473,0,Morphine,-0.09381339622255042,0.09420306877898318
237,19,31.57894736842105,15.789473684210526,Morphine,-0.09381339622255042,0.09420306877898318
238,19,36.84210526315789,0,Morphine,-0.09381339622255042,0.09420306877898318
239,19,47.368421052631575,0,Morphine,-0.09381339622255042,0.09420306877898318
240,19,21.052631578947366,5.263157894736842,Morphine,-0.09381339622255042,0.09420306877898318
241,19,68.42105263157895,0,Morphine,-0.09381339622255042,0.09420306877898318
242,19,63.1578947368421,0,Morphine,-0.09381339622255042,0.09420306877898318
243,19,68.42105263157895,0,Morphine,-0.09381339622255042,0.09420306877898318
244,19,31.57894736842105,5.263157894736842,Morphine,-0.09381339622255042,0.09420306877898318
245,19,42.10526315789473,21.052631578947366,Morphine,-0.09381339622255042,0.09420306877898318
246,19,100,0,Morphine,-0.09381339622255042,0.09420306877898318
247,19,47.368421052631575,5.263157894736842,Morphine,-0.09381339622255042,0.09420306877898318
248,19,47.368421052631575,0,Morphine,-0.09381339622255042,0.09420306877898318
249,19,68.42105263157895,5.263157894736842,Morphine,-0.09381339622255042,0.09420306877898318
250,19,78.94736842105263,5.263157894736842,Morphine,-0.09381339622255042,0.09420306877898318
251,19,63.1578947368421,0,Morphine,-0.09381339622255042,0.09420306877898318
252,19,15.789473684210526,5.263157894736842,Morphine,-0.09381339622255042,0.09420306877898318
253,19,78.94736842105263,0,Morphine,-0.09381339622255042,0.09420306877898318
254,19,89.47368421052632,0,Morphine,-0.09381339622255042,0.09420306877898318
255,19,47.368421052631575,10.526315789473683,Morphine,-0.09381339622255042,0.09420306877898318
256,19,73.68421052631578,0,Morphine,-0.09381339622255042,0.09420306877898318
257,19,89.47368421052632,0,Morphine,-0.09381339622255042,0.09420306877898318
258,19,73.68421052631578,0,Morphine,-0.09381339622255042,0.09420306877898318
259,19,0,0,Morphine,-0.09381339622255042,0.09420306877898318
260,19,73.68421052631578,0,Morphine,-0.09381339622255042,0.09420306877898318
261,19,94.73684210526315,0,Morphine,-0.09381339622255042,0.09420306877898318
262,19,63.1578947368421,0,Morphine,-0.09381339622255042,0.09420306877898318
263,19,26.31578947368421,0,Morphine,-0.09381339622255042,0.09420306877898318
264,19,5.263157894736842,10.526315789473683,Morphine,-0.09381339622255042,0.09420306877898318
265,19,5.263157894736842,10.526315789473683,Morphine,-0.09381339622255042,0.09420306877898318
266,19,0,21.052631578947366,Morphine,-0.09381339622255042,0.09420306877898318
267,19,15.789473684210526,0,Morphine,-0.09381339622255042,0.09420306877898318
268,19,0,10.526315789473683,Morphine,-0.09381339622255042,0.09420306877898318
269,19,10.526315789473683,31.57894736842105,Morphine,-0.09381339622255042,0.09420306877898318
270,19,0,5.263157894736842,Morphine,-0.09381339622255042,0.09420306877898318
271,19,0,5.263157894736842,Morphine,-0.09381339622255042,0.09420306877898318
272,19,10.526315789473683,36.84210526315789,Morphine,-0.09381339622255042,0.09420306877898318
273,19,26.31578947368421,0,Morphine,-0.09381339622255042,0.09420306877898318
274,19,0,15.789473684210526,Morphine,-0.09381339622255042,0.09420306877898318
275,19,0,10.526315789473683,Morphine,-0.09381339622255042,0.09420306877898318
276,19,10.526315789473683,15.789473684210526,Morphine,-0.09381339622255042,0.09420306877898318
277,19,36.84210526315789,0,Morphine,-0.09381339622255042,0.09420306877898318
278,19,52.63157894736842,0,Morphine,-0.09381339622255042,0.09420306877898318
279,19,15.789473684210526,0,Morphine,-0.09381339622255042,0.09420306877898318
280,19,57.89473684210527,0,Morphine,-0.09381339622255042,0.09420306877898318
281,19,36.84210526315789,0,Morphine,-0.09381339622255042,0.09420306877898318
282,19,36.84210526315789,5.263157894736842,Morphine,-0.09381339622255042,0.09420306877898318
283,19,15.789473684210526,5.263157894736842,Morphine,-0.09381339622255042,0.09420306877898318
284,19,42.10526315789473,5.263157894736842,Morphine,-0.09381339622255042,0.09420306877898318
285,19,10.526315789473683,15.789473684210526,Morphine,-0.09381339622255042,0.09420306877898318
286,19,31.57894736842105,0,Morphine,-0.09381339622255042,0.09420306877898318
287,19,15.789473684210526,5.263157894736842,Morphine,-0.09381339622255042,0.09420306877898318
288,19,57.89473684210527,5.263157894736842,Morphine,-0.09381339622255042,0.09420306877898318
289,19,36.84210526315789,0,Morphine,-0.09381339622255042,0.09420306877898318
290,19,68.42105263157895,0,Morphine,-0.09381339622255042,0.09420306877898318
291,19,89.47368421052632,0,Morphine,-0.09381339622255042,0.09420306877898318
292,19,73.68421052631578,0,Morphine,-0.09381339622255042,0.09420306877898318
293,19,36.84210526315789,0,Morphine,-0.09381339622255042,0.09420306877898318
294,19,57.89473684210527,0,Morphine,-0.09381339622255042,0.09420306877898318
295,19,52.63157894736842,0,Morphine,-0.09381339622255042,0.09420306877898318
296,19,52.63157894736842,0,Morphine,-0.09381339622255042,0.09420306877898318
297,19,100,0,Morphine,-0.09381339622255042,0.09420306877898318
298,18,66.66666666666666,0,Morphine,-0.09381339622255042,0.09420306877898318
299,19,94.73684210526315,0,Morphine,-0.09381339622255042,0.09420306877898318
300,19,52.63157894736842,10.526315789473683,Morphine,-0.09381339622255042,0.09420306877898318
301,19,36.84210526315789,0,Morphine,-0.09381339622255042,0.09420306877898318
302,19,31.57894736842105,10.526315789473683,Morphine,-0.09381339622255042,0.09420306877898318
303,19,47.368421052631575,0,Morphine,-0.09381339622255042,0.09420306877898318
304,19,26.31578947368421,0,Morphine,-0.09381339622255042,0.09420306877898318
305,19,36.84210526315789,5.263157894736842,Morphine,-0.09381339622255042,0.09420306877898318
306,19,10.526315789473683,0,Morphine,-0.09381339622255042,0.09420306877898318
307,19,5.263157894736842,5.263157894736842,Morphine,-0.09381339622255042,0.09420306877898318
308,19,5.263157894736842,5.263157894736842,Morphine,-0.09381339622255042,0.09420306877898318
309,19,5.263157894736842,21.052631578947366,Morphine,-0.09381339622255042,0.09420306877898318
310,19,0,0,Morphine,-0.09381339622255042,0.09420306877898318
311,19,26.31578947368421,5.263157894736842,Morphine,-0.09381339622255042,0.09420306877898318
312,19,5.263157894736842,10.526315789473683,Morphine,-0.09381339622255042,0.09420306877898318
313,19,15.789473684210526,10.526315789473683,Morphine,-0.09381339622255042,0.09420306877898318
314,19,0,31.57894736842105,Morphine,-0.09381339622255042,0.09420306877898318
315,19,5.263157894736842,42.10526315789473,Morphine,-0.09381339622255042,0.09420306877898318
316,19,0,21.052631578947366,Morphine,-0.09381339622255042,0.09420306877898318
317,19,5.263157894736842,15.789473684210526,Morphine,-0.09381339622255042,0.09420306877898318
318,19,21.052631578947366,10.526315789473683,Morphine,-0.09381339622255042,0.09420306877898318
319,19,26.31578947368421,26.31578947368421,Morphine,-0.09381339622255042,0.09420306877898318
320,19,47.368421052631575,21.052631578947366,Morphine,-0.09381339622255042,0.09420306877898318
321,19,78.94736842105263,0,Morphine,-0.09381339622255042,0.09420306877898318
322,19,36.84210526315789,5.263157894736842,Morphine,-0.09381339622255042,0.09420306877898318
323,19,73.68421052631578,0,Morphine,-0.09381339622255042,0.09420306877898318
324,19,15.789473684210526,21.052631578947366,Morphine,-0.09381339622255042,0.09420306877898318
325,19,68.42105263157895,0,Morphine,-0.09381339622255042,0.09420306877898318
326,19,73.68421052631578,0,Morphine,-0.09381339622255042,0.09420306877898318
327,19,89.47368421052632,0,Morphine,-0.09381339622255042,0.09420306877898318
328,19,52.63157894736842,5.263157894736842,Morphine,-0.09381339622255042,0.09420306877898318
329,19,47.368421052631575,0,Morphine,-0.09381339622255042,0.09420306877898318
330,19,47.368421052631575,0,Morphine,-0.09381339622255042,0.09420306877898318
331,19,47.368421052631575,5.263157894736842,Morphine,-0.09381339622255042,0.09420306877898318
332,19,73.68421052631578,5.263157894736842,Morphine,-0.09381339622255042,0.09420306877898318
333,19,68.42105263157895,0,Morphine,-0.09381339622255042,0.09420306877898318
334,19,84.21052631578947,0,Morphine,-0.09381339622255042,0.09420306877898318
335,19,73.68421052631578,0,Morphine,-0.09381339622255042,0.09420306877898318
336,19,26.31578947368421,10.526315789473683,Morphine,-0.09381339622255042,0.09420306877898318
337,18,55.55555555555556,5.555555555555555,Morphine,-0.09381339622255042,0.09420306877898318
338,19,73.68421052631578,0,Morphine,-0.09381339622255042,0.09420306877898318
339,19,42.10526315789473,5.263157894736842,Morphine,-0.09381339622255042,0.09420306877898318
340,19,26.31578947368421,10.526315789473683,Morphine,-0.09381339622255042,0.09420306877898318
341,19,36.84210526315789,0,Morphine,-0.09381339622255042,0.09420306877898318
342,19,57.89473684210527,0,Morphine,-0.09381339622255042,0.09420306877898318
343,19,5.263157894736842,47.368421052631575,Morphine,-0.09381339622255042,0.09420306877898318
344,18,66.66666666666666,5.555555555555555,Morphine,-0.09381339622255042,0.09420306877898318
345,19,68.42105263157895,0,Morphine,-0.09381339622255042,0.09420306877898318
346,19,26.31578947368421,0,Morphine,-0.09381339622255042,0.09420306877898318
347,19,31.57894736842105,0,Morphine,-0.09381339622255042,0.09420306877898318
348,19,5.263157894736842,15.789473684210526,Morphine,-0.09381339622255042,0.09420306877898318
349,19,52.63157894736842,5.263157894736842,Morphine,-0.09381339622255042,0.09420306877898318
350,19,31.57894736842105,0,Morphine,-0.09381339622255042,0.09420306877898318
351,19,0,31.57894736842105,Morphine,-0.09381339622255042,0.09420306877898318
352,18,0,5.555555555555555,Morphine,-0.09381339622255042,0.09420306877898318
353,19,15.789473684210526,10.526315789473683,Morphine,-0.09381339622255042,0.09420306877898318
354,19,0,47.368421052631575,Morphine,-0.09381339622255042,0.09420306877898318
355,19,0,5.263157894736842,Morphine,-0.09381339622255042,0.09420306877898318
356,19,0,42.10526315789473,Morphine,-0.09381339622255042,0.09420306877898318
357,19,0,5.263157894736842,Morphine,-0.09381339622255042,0.09420306877898318
358,19,0,42.10526315789473,Morphine,-0.09381339622255042,0.09420306877898318
359,19,0,31.57894736842105,Morphine,-0.09381339622255042,0.09420306877898318
360,19,0,63.1578947368421,Morphine,-0.09381339622255042,0.09420306877898318
361,19,0,47.368421052631575,Morphine,-0.09381339622255042,0.09420306877898318
362,19,0,10.526315789473683,Morphine,-0.09381339622255042,0.09420306877898318
363,19,0,57.89473684210527,Morphine,-0.09381339622255042,0.09420306877898318
364,19,0,15.789473684210526,Morphine,-0.09381339622255042,0.09420306877898318
365,19,0,42.10526315789473,Morphine,-0.09381339622255042,0.09420306877898318
366,19,0,31.57894736842105,Morphine,-0.09381339622255042,0.09420306877898318
367,19,5.263157894736842,5.263157894736842,Morphine,-0.09381339622255042,0.09420306877898318
368,19,0,21.052631578947366,Morphine,-0.09381339622255042,0.09420306877898318
369,19,0,10.526315789473683,Morphine,-0.09381339622255042,0.09420306877898318
370,19,0,31.57894736842105,Morphine,-0.09381339622255042,0.09420306877898318
371,19,0,15.789473684210526,Morphine,-0.09381339622255042,0.09420306877898318
372,19,5.263157894736842,47.368421052631575,Morphine,-0.09381339622255042,0.09420306877898318
373,19,0,21.052631578947366,Morphine,-0.09381339622255042,0.09420306877898318
374,19,0,63.1578947368421,Morphine,-0.09381339622255042,0.09420306877898318
375,19,0,10.526315789473683,Morphine,-0.09381339622255042,0.09420306877898318
376,19,0,36.84210526315789,Morphine,-0.09381339622255042,0.09420306877898318
377,19,0,52.63157894736842,Morphine,-0.09381339622255042,0.09420306877898318
378,19,0,68.42105263157895,Morphine,-0.09381339622255042,0.09420306877898318
379,19,0,42.10526315789473,Morphine,-0.09381339622255042,0.09420306877898318
380,19,0,84.21052631578947,Morphine,-0.09381339622255042,0.09420306877898318
381,19,0,42.10526315789473,Morphine,-0.09381339622255042,0.09420306877898318
382,19,0,36.84210526315789,Morphine,-0.09381339622255042,0.09420306877898318
383,19,0,47.368421052631575,Morphine,-0.09381339622255042,0.09420306877898318
384,19,5.263157894736842,42.10526315789473,Morphine,-0.09381339622255042,0.09420306877898318
385,19,0,68.42105263157895,Morphine,-0.09381339622255042,0.09420306877898318
386,19,0,100,Morphine,-0.09381339622255042,0.09420306877898318
387,19,0,42.10526315789473,Morphine,-0.09381339622255042,0.09420306877898318
388,19,0,57.89473684210527,Morphine,-0.09381339622255042,0.09420306877898318
389,19,0,78.94736842105263,Morphine,-0.09381339622255042,0.09420306877898318
390,19,0,57.89473684210527,Morphine,-0.09381339622255042,0.09420306877898318
391,19,0,42.10526315789473,Morphine,-0.09381339622255042,0.09420306877898318
392,19,0,57.89473684210527,Morphine,-0.09381339622255042,0.09420306877898318
393,19,0,84.21052631578947,Morphine,-0.09381339622255042,0.09420306877898318
394,19,0,84.21052631578947,Morphine,-0.09381339622255042,0.09420306877898318
395,19,0,57.89473684210527,Morphine,-0.09381339622255042,0.09420306877898318
396,19,0,68.42105263157895,Morphine,-0.09381339622255042,0.09420306877898318
397,19,0,89.47368421052632,Morphine,-0.09381339622255042,0.09420306877898318
398,19,0,63.1578947368421,Morphine,-0.09381339622255042,0.09420306877898318
399,19,0,89.47368421052632,Morphine,-0.09381339622255042,0.09420306877898318
400,19,0,26.31578947368421,Morphine,-0.09381339622255042,0.09420306877898318
2,19,15.789473684210526,0,Nalbuphine,-0.09148491253788543,0.09174616361409485
3,18,5.555555555555555,0,Nalbuphine,-0.09148491253788543,0.09174616361409485
4,19,0,5.263157894736842,Nalbuphine,-0.09148491253788543,0.09174616361409485
5,19,0,0,Nalbuphine,-0.09148491253788543,0.09174616361409485
6,19,10.526315789473683,0,Nalbuphine,-0.09148491253788543,0.09174616361409485
7,19,0,10.526315789473683,Nalbuphine,-0.09148491253788543,0.09174616361409485
8,19,5.263157894736842,0,Nalbuphine,-0.09148491253788543,0.09174616361409485
9,19,5.263157894736842,0,Nalbuphine,-0.09148491253788543,0.09174616361409485
10,19,0,0,Nalbuphine,-0.09148491253788543,0.09174616361409485
11,19,10.526315789473683,0,Nalbuphine,-0.09148491253788543,0.09174616361409485
12,19,0,0,Nalbuphine,-0.09148491253788543,0.09174616361409485
13,19,0,0,Nalbuphine,-0.09148491253788543,0.09174616361409485
14,18,5.555555555555555,0,Nalbuphine,-0.09148491253788543,0.09174616361409485
15,19,0,0,Nalbuphine,-0.09148491253788543,0.09174616361409485
16,19,15.789473684210526,0,Nalbuphine,-0.09148491253788543,0.09174616361409485
17,19,10.526315789473683,0,Nalbuphine,-0.09148491253788543,0.09174616361409485
18,19,5.263157894736842,0,Nalbuphine,-0.09148491253788543,0.09174616361409485
19,19,0,0,Nalbuphine,-0.09148491253788543,0.09174616361409485
20,19,5.263157894736842,0,Nalbuphine,-0.09148491253788543,0.09174616361409485
21,19,21.052631578947366,0,Nalbuphine,-0.09148491253788543,0.09174616361409485
22,17,0,5.88235294117647,Nalbuphine,-0.09148491253788543,0.09174616361409485
23,19,5.263157894736842,10.526315789473683,Nalbuphine,-0.09148491253788543,0.09174616361409485
24,19,5.263157894736842,5.263157894736842,Nalbuphine,-0.09148491253788543,0.09174616361409485
25,19,0,10.526315789473683,Nalbuphine,-0.09148491253788543,0.09174616361409485
26,19,10.526315789473683,0,Nalbuphine,-0.09148491253788543,0.09174616361409485
27,19,0,0,Nalbuphine,-0.09148491253788543,0.09174616361409485
28,19,10.526315789473683,5.263157894736842,Nalbuphine,-0.09148491253788543,0.09174616361409485
29,19,0,0,Nalbuphine,-0.09148491253788543,0.09174616361409485
30,19,0,0,Nalbuphine,-0.09148491253788543,0.09174616361409485
31,19,0,0,Nalbuphine,-0.09148491253788543,0.09174616361409485
32,19,5.263157894736842,5.263157894736842,Nalbuphine,-0.09148491253788543,0.09174616361409485
33,19,5.263157894736842,5.263157894736842,Nalbuphine,-0.09148491253788543,0.09174616361409485
34,19,21.052631578947366,0,Nalbuphine,-0.09148491253788543,0.09174616361409485
35,19,0,0,Nalbuphine,-0.09148491253788543,0.09174616361409485
36,19,0,5.263157894736842,Nalbuphine,-0.09148491253788543,0.09174616361409485
37,17,0,0,Nalbuphine,-0.09148491253788543,0.09174616361409485
38,19,10.526315789473683,0,Nalbuphine,-0.09148491253788543,0.09174616361409485
39,19,0,5.263157894736842,Nalbuphine,-0.09148491253788543,0.09174616361409485
40,19,10.526315789473683,0,Nalbuphine,-0.09148491253788543,0.09174616361409485
41,19,0,5.263157894736842,Nalbuphine,-0.09148491253788543,0.09174616361409485
42,19,21.052631578947366,5.263157894736842,Nalbuphine,-0.09148491253788543,0.09174616361409485
43,19,0,0,Nalbuphine,-0.09148491253788543,0.09174616361409485
44,19,15.789473684210526,5.263157894736842,Nalbuphine,-0.09148491253788543,0.09174616361409485
45,19,36.84210526315789,0,Nalbuphine,-0.09148491253788543,0.09174616361409485
46,19,0,0,Nalbuphine,-0.09148491253788543,0.09174616361409485
47,19,5.263157894736842,0,Nalbuphine,-0.09148491253788543,0.09174616361409485
48,19,15.789473684210526,0,Nalbuphine,-0.09148491253788543,0.09174616361409485
49,19,10.526315789473683,5.263157894736842,Nalbuphine,-0.09148491253788543,0.09174616361409485
50,19,10.526315789473683,0,Nalbuphine,-0.09148491253788543,0.09174616361409485
51,19,0,0,Nalbuphine,-0.09148491253788543,0.09174616361409485
52,19,10.526315789473683,0,Nalbuphine,-0.09148491253788543,0.09174616361409485
53,19,15.789473684210526,5.263157894736842,Nalbuphine,-0.09148491253788543,0.09174616361409485
54,19,36.84210526315789,0,Nalbuphine,-0.09148491253788543,0.09174616361409485
55,19,5.263157894736842,5.263157894736842,Nalbuphine,-0.09148491253788543,0.09174616361409485
56,19,15.789473684210526,0,Nalbuphine,-0.09148491253788543,0.09174616361409485
57,19,0,10.526315789473683,Nalbuphine,-0.09148491253788543,0.09174616361409485
58,19,0,5.263157894736842,Nalbuphine,-0.09148491253788543,0.09174616361409485
59,19,21.052631578947366,0,Nalbuphine,-0.09148491253788543,0.09174616361409485
60,19,5.263157894736842,10.526315789473683,Nalbuphine,-0.09148491253788543,0.09174616361409485
61,19,10.526315789473683,5.263157894736842,Nalbuphine,-0.09148491253788543,0.09174616361409485
62,19,21.052631578947366,5.263157894736842,Nalbuphine,-0.09148491253788543,0.09174616361409485
63,19,5.263157894736842,0,Nalbuphine,-0.09148491253788543,0.09174616361409485
64,19,5.263157894736842,0,Nalbuphine,-0.09148491253788543,0.09174616361409485
65,19,0,5.263157894736842,Nalbuphine,-0.09148491253788543,0.09174616361409485
66,19,5.263157894736842,21.052631578947366,Nalbuphine,-0.09148491253788543,0.09174616361409485
67,19,0,15.789473684210526,Nalbuphine,-0.09148491253788543,0.09174616361409485
68,19,5.263157894736842,21.052631578947366,Nalbuphine,-0.09148491253788543,0.09174616361409485
69,19,15.789473684210526,5.263157894736842,Nalbuphine,-0.09148491253788543,0.09174616361409485
70,19,5.263157894736842,21.052631578947366,Nalbuphine,-0.09148491253788543,0.09174616361409485
71,19,26.31578947368421,5.263157894736842,Nalbuphine,-0.09148491253788543,0.09174616361409485
72,19,10.526315789473683,36.84210526315789,Nalbuphine,-0.09148491253788543,0.09174616361409485
73,19,94.73684210526315,0,Nalbuphine,-0.09148491253788543,0.09174616361409485
74,19,21.052631578947366,10.526315789473683,Nalbuphine,-0.09148491253788543,0.09174616361409485
75,18,22.22222222222222,0,Nalbuphine,-0.09148491253788543,0.09174616361409485
76,19,57.89473684210527,5.263157894736842,Nalbuphine,-0.09148491253788543,0.09174616361409485
77,19,73.68421052631578,0,Nalbuphine,-0.09148491253788543,0.09174616361409485
78,19,15.789473684210526,36.84210526315789,Nalbuphine,-0.09148491253788543,0.09174616361409485
79,19,10.526315789473683,10.526315789473683,Nalbuphine,-0.09148491253788543,0.09174616361409485
80,19,26.31578947368421,5.263157894736842,Nalbuphine,-0.09148491253788543,0.09174616361409485
81,19,21.052631578947366,15.789473684210526,Nalbuphine,-0.09148491253788543,0.09174616361409485
82,19,42.10526315789473,0,Nalbuphine,-0.09148491253788543,0.09174616361409485
83,19,31.57894736842105,15.789473684210526,Nalbuphine,-0.09148491253788543,0.09174616361409485
84,19,26.31578947368421,0,Nalbuphine,-0.09148491253788543,0.09174616361409485
85,19,42.10526315789473,5.263157894736842,Nalbuphine,-0.09148491253788543,0.09174616361409485
86,19,36.84210526315789,15.789473684210526,Nalbuphine,-0.09148491253788543,0.09174616361409485
87,19,5.263157894736842,26.31578947368421,Nalbuphine,-0.09148491253788543,0.09174616361409485
88,19,68.42105263157895,0,Nalbuphine,-0.09148491253788543,0.09174616361409485
89,19,36.84210526315789,15.789473684210526,Nalbuphine,-0.09148491253788543,0.09174616361409485
90,19,36.84210526315789,5.263157894736842,Nalbuphine,-0.09148491253788543,0.09174616361409485
91,19,15.789473684210526,0,Nalbuphine,-0.09148491253788543,0.09174616361409485
92,18,44.44444444444444,0,Nalbuphine,-0.09148491253788543,0.09174616361409485
93,19,21.052631578947366,0,Nalbuphine,-0.09148491253788543,0.09174616361409485
94,19,26.31578947368421,10.526315789473683,Nalbuphine,-0.09148491253788543,0.09174616361409485
95,19,15.789473684210526,0,Nalbuphine,-0.09148491253788543,0.09174616361409485
96,19,21.052631578947366,31.57894736842105,Nalbuphine,-0.09148491253788543,0.09174616361409485
97,18,22.22222222222222,22.22222222222222,Nalbuphine,-0.09148491253788543,0.09174616361409485
98,19,31.57894736842105,10.526315789473683,Nalbuphine,-0.09148491253788543,0.09174616361409485
99,19,31.57894736842105,15.789473684210526,Nalbuphine,-0.09148491253788543,0.09174616361409485
100,19,63.1578947368421,5.263157894736842,Nalbuphine,-0.09148491253788543,0.09174616361409485
101,19,0,42.10526315789473,Nalbuphine,-0.09148491253788543,0.09174616361409485
102,19,5.263157894736842,21.052631578947366,Nalbuphine,-0.09148491253788543,0.09174616361409485
103,19,5.263157894736842,5.263157894736842,Nalbuphine,-0.09148491253788543,0.09174616361409485
104,19,31.57894736842105,0,Nalbuphine,-0.09148491253788543,0.09174616361409485
105,19,26.31578947368421,31.57894736842105,Nalbuphine,-0.09148491253788543,0.09174616361409485
106,19,0,21.052631578947366,Nalbuphine,-0.09148491253788543,0.09174616361409485
107,19,10.526315789473683,42.10526315789473,Nalbuphine,-0.09148491253788543,0.09174616361409485
108,19,15.789473684210526,26.31578947368421,Nalbuphine,-0.09148491253788543,0.09174616361409485
109,19,5.263157894736842,5.263157894736842,Nalbuphine,-0.09148491253788543,0.09174616361409485
110,19,47.368421052631575,15.789473684210526,Nalbuphine,-0.09148491253788543,0.09174616361409485
111,19,26.31578947368421,5.263157894736842,Nalbuphine,-0.09148491253788543,0.09174616361409485
112,19,63.1578947368421,5.263157894736842,Nalbuphine,-0.09148491253788543,0.09174616361409485
113,19,63.1578947368421,0,Nalbuphine,-0.09148491253788543,0.09174616361409485
114,19,57.89473684210527,5.263157894736842,Nalbuphine,-0.09148491253788543,0.09174616361409485
115,19,42.10526315789473,5.263157894736842,Nalbuphine,-0.09148491253788543,0.09174616361409485
116,19,68.42105263157895,0,Nalbuphine,-0.09148491253788543,0.09174616361409485
117,19,52.63157894736842,10.526315789473683,Nalbuphine,-0.09148491253788543,0.09174616361409485
118,19,63.1578947368421,10.526315789473683,Nalbuphine,-0.09148491253788543,0.09174616361409485
119,19,21.052631578947366,26.31578947368421,Nalbuphine,-0.09148491253788543,0.09174616361409485
120,19,26.31578947368421,10.526315789473683,Nalbuphine,-0.09148491253788543,0.09174616361409485
121,19,47.368421052631575,0,Nalbuphine,-0.09148491253788543,0.09174616361409485
122,19,10.526315789473683,26.31578947368421,Nalbuphine,-0.09148491253788543,0.09174616361409485
123,19,47.368421052631575,10.526315789473683,Nalbuphine,-0.09148491253788543,0.09174616361409485
124,19,21.052631578947366,5.263157894736842,Nalbuphine,-0.09148491253788543,0.09174616361409485
125,19,63.1578947368421,0,Nalbuphine,-0.09148491253788543,0.09174616361409485
126,19,0,31.57894736842105,Nalbuphine,-0.09148491253788543,0.09174616361409485
127,19,26.31578947368421,15.789473684210526,Nalbuphine,-0.09148491253788543,0.09174616361409485
128,19,26.31578947368421,10.526315789473683,Nalbuphine,-0.09148491253788543,0.09174616361409485
129,19,15.789473684210526,10.526315789473683,Nalbuphine,-0.09148491253788543,0.09174616361409485
130,19,26.31578947368421,0,Nalbuphine,-0.09148491253788543,0.09174616361409485
131,19,31.57894736842105,5.263157894736842,Nalbuphine,-0.09148491253788543,0.09174616361409485
132,19,31.57894736842105,5.263157894736842,Nalbuphine,-0.09148491253788543,0.09174616361409485
133,19,15.789473684210526,10.526315789473683,Nalbuphine,-0.09148491253788543,0.09174616361409485
134,19,5.263157894736842,0,Nalbuphine,-0.09148491253788543,0.09174616361409485
135,19,26.31578947368421,5.263157894736842,Nalbuphine,-0.09148491253788543,0.09174616361409485
136,19,15.789473684210526,0,Nalbuphine,-0.09148491253788543,0.09174616361409485
137,19,36.84210526315789,0,Nalbuphine,-0.09148491253788543,0.09174616361409485
138,19,36.84210526315789,10.526315789473683,Nalbuphine,-0.09148491253788543,0.09174616361409485
139,19,5.263157894736842,5.263157894736842,Nalbuphine,-0.09148491253788543,0.09174616361409485
140,19,0,10.526315789473683,Nalbuphine,-0.09148491253788543,0.09174616361409485
141,19,15.789473684210526,5.263157894736842,Nalbuphine,-0.09148491253788543,0.09174616361409485
142,19,94.73684210526315,0,Nalbuphine,-0.09148491253788543,0.09174616361409485
143,19,42.10526315789473,0,Nalbuphine,-0.09148491253788543,0.09174616361409485
144,19,10.526315789473683,5.263157894736842,Nalbuphine,-0.09148491253788543,0.09174616361409485
145,19,10.526315789473683,21.052631578947366,Nalbuphine,-0.09148491253788543,0.09174616361409485
146,19,10.526315789473683,15.789473684210526,Nalbuphine,-0.09148491253788543,0.09174616361409485
147,19,10.526315789473683,15.789473684210526,Nalbuphine,-0.09148491253788543,0.09174616361409485
148,19,0,73.68421052631578,Nalbuphine,-0.09148491253788543,0.09174616361409485
149,19,10.526315789473683,36.84210526315789,Nalbuphine,-0.09148491253788543,0.09174616361409485
150,19,26.31578947368421,21.052631578947366,Nalbuphine,-0.09148491253788543,0.09174616361409485
151,19,26.31578947368421,36.84210526315789,Nalbuphine,-0.09148491253788543,0.09174616361409485
152,19,10.526315789473683,31.57894736842105,Nalbuphine,-0.09148491253788543,0.09174616361409485
153,19,21.052631578947366,5.263157894736842,Nalbuphine,-0.09148491253788543,0.09174616361409485
154,19,68.42105263157895,0,Nalbuphine,-0.09148491253788543,0.09174616361409485
155,19,52.63157894736842,0,Nalbuphine,-0.09148491253788543,0.09174616361409485
156,19,57.89473684210527,5.263157894736842,Nalbuphine,-0.09148491253788543,0.09174616361409485
157,19,47.368421052631575,10.526315789473683,Nalbuphine,-0.09148491253788543,0.09174616361409485
158,19,0,31.57894736842105,Nalbuphine,-0.09148491253788543,0.09174616361409485
159,19,21.052631578947366,21.052631578947366,Nalbuphine,-0.09148491253788543,0.09174616361409485
160,19,52.63157894736842,10.526315789473683,Nalbuphine,-0.09148491253788543,0.09174616361409485
161,19,73.68421052631578,5.263157894736842,Nalbuphine,-0.09148491253788543,0.09174616361409485
162,19,26.31578947368421,15.789473684210526,Nalbuphine,-0.09148491253788543,0.09174616361409485
163,19,47.368421052631575,5.263157894736842,Nalbuphine,-0.09148491253788543,0.09174616361409485
164,19,57.89473684210527,0,Nalbuphine,-0.09148491253788543,0.09174616361409485
165,19,78.94736842105263,0,Nalbuphine,-0.09148491253788543,0.09174616361409485
166,19,63.1578947368421,5.263157894736842,Nalbuphine,-0.09148491253788543,0.09174616361409485
167,19,100,0,Nalbuphine,-0.09148491253788543,0.09174616361409485
168,19,68.42105263157895,0,Nalbuphine,-0.09148491253788543,0.09174616361409485
169,19,57.89473684210527,5.263157894736842,Nalbuphine,-0.09148491253788543,0.09174616361409485
170,19,63.1578947368421,0,Nalbuphine,-0.09148491253788543,0.09174616361409485
171,19,84.21052631578947,0,Nalbuphine,-0.09148491253788543,0.09174616361409485
172,19,42.10526315789473,5.263157894736842,Nalbuphine,-0.09148491253788543,0.09174616361409485
173,19,31.57894736842105,0,Nalbuphine,-0.09148491253788543,0.09174616361409485
174,19,73.68421052631578,0,Nalbuphine,-0.09148491253788543,0.09174616361409485
175,19,68.42105263157895,0,Nalbuphine,-0.09148491253788543,0.09174616361409485
176,19,47.368421052631575,0,Nalbuphine,-0.09148491253788543,0.09174616361409485
177,19,78.94736842105263,0,Nalbuphine,-0.09148491253788543,0.09174616361409485
178,19,47.368421052631575,5.263157894736842,Nalbuphine,-0.09148491253788543,0.09174616361409485
179,19,5.263157894736842,26.31578947368421,Nalbuphine,-0.09148491253788543,0.09174616361409485
180,19,52.63157894736842,5.263157894736842,Nalbuphine,-0.09148491253788543,0.09174616361409485
181,19,84.21052631578947,0,Nalbuphine,-0.09148491253788543,0.09174616361409485
182,19,63.1578947368421,5.263157894736842,Nalbuphine,-0.09148491253788543,0.09174616361409485
183,19,47.368421052631575,5.263157894736842,Nalbuphine,-0.09148491253788543,0.09174616361409485
184,19,21.052631578947366,21.052631578947366,Nalbuphine,-0.09148491253788543,0.09174616361409485
185,19,84.21052631578947,0,Nalbuphine,-0.09148491253788543,0.09174616361409485
186,19,42.10526315789473,15.789473684210526,Nalbuphine,-0.09148491253788543,0.09174616361409485
187,19,78.94736842105263,0,Nalbuphine,-0.09148491253788543,0.09174616361409485
188,19,42.10526315789473,5.263157894736842,Nalbuphine,-0.09148491253788543,0.09174616361409485
189,19,78.94736842105263,0,Nalbuphine,-0.09148491253788543,0.09174616361409485
190,19,26.31578947368421,0,Nalbuphine,-0.09148491253788543,0.09174616361409485
191,19,21.052631578947366,10.526315789473683,Nalbuphine,-0.09148491253788543,0.09174616361409485
192,19,47.368421052631575,5.263157894736842,Nalbuphine,-0.09148491253788543,0.09174616361409485
193,19,42.10526315789473,5.263157894736842,Nalbuphine,-0.09148491253788543,0.09174616361409485
194,19,47.368421052631575,5.263157894736842,Nalbuphine,-0.09148491253788543,0.09174616361409485
195,19,63.1578947368421,5.263157894736842,Nalbuphine,-0.09148491253788543,0.09174616361409485
196,19,52.63157894736842,5.263157894736842,Nalbuphine,-0.09148491253788543,0.09174616361409485
197,19,36.84210526315789,5.263157894736842,Nalbuphine,-0.09148491253788543,0.09174616361409485
198,19,5.263157894736842,21.052631578947366,Nalbuphine,-0.09148491253788543,0.09174616361409485
199,19,57.89473684210527,5.263157894736842,Nalbuphine,-0.09148491253788543,0.09174616361409485
200,19,57.89473684210527,0,Nalbuphine,-0.09148491253788543,0.09174616361409485
201,19,26.31578947368421,31.57894736842105,Nalbuphine,-0.09148491253788543,0.09174616361409485
202,19,57.89473684210527,0,Nalbuphine,-0.09148491253788543,0.09174616361409485
203,19,68.42105263157895,0,Nalbuphine,-0.09148491253788543,0.09174616361409485
204,19,36.84210526315789,0,Nalbuphine,-0.09148491253788543,0.09174616361409485
205,19,47.368421052631575,5.263157894736842,Nalbuphine,-0.09148491253788543,0.09174616361409485
206,19,36.84210526315789,0,Nalbuphine,-0.09148491253788543,0.09174616361409485
207,19,10.526315789473683,5.263157894736842,Nalbuphine,-0.09148491253788543,0.09174616361409485
208,19,57.89473684210527,0,Nalbuphine,-0.09148491253788543,0.09174616361409485
209,19,21.052631578947366,5.263157894736842,Nalbuphine,-0.09148491253788543,0.09174616361409485
210,19,42.10526315789473,0,Nalbuphine,-0.09148491253788543,0.09174616361409485
211,19,26.31578947368421,15.789473684210526,Nalbuphine,-0.09148491253788543,0.09174616361409485
212,19,5.263157894736842,5.263157894736842,Nalbuphine,-0.09148491253788543,0.09174616361409485
213,19,21.052631578947366,15.789473684210526,Nalbuphine,-0.09148491253788543,0.09174616361409485
214,18,11.11111111111111,16.666666666666664,Nalbuphine,-0.09148491253788543,0.09174616361409485
215,19,21.052631578947366,5.263157894736842,Nalbuphine,-0.09148491253788543,0.09174616361409485
216,19,5.263157894736842,15.789473684210526,Nalbuphine,-0.09148491253788543,0.09174616361409485
217,19,5.263157894736842,5.263157894736842,Nalbuphine,-0.09148491253788543,0.09174616361409485
218,19,5.263157894736842,26.31578947368421,Nalbuphine,-0.09148491253788543,0.09174616361409485
219,19,68.42105263157895,0,Nalbuphine,-0.09148491253788543,0.09174616361409485
220,19,31.57894736842105,15.789473684210526,Nalbuphine,-0.09148491253788543,0.09174616361409485
221,19,57.89473684210527,0,Nalbuphine,-0.09148491253788543,0.09174616361409485
222,19,0,31.57894736842105,Nalbuphine,-0.09148491253788543,0.09174616361409485
223,19,21.052631578947366,26.31578947368421,Nalbuphine,-0.09148491253788543,0.09174616361409485
224,19,10.526315789473683,0,Nalbuphine,-0.09148491253788543,0.09174616361409485
225,19,26.31578947368421,10.526315789473683,Nalbuphine,-0.09148491253788543,0.09174616361409485
226,18,0,11.11111111111111,Nalbuphine,-0.09148491253788543,0.09174616361409485
227,19,0,10.526315789473683,Nalbuphine,-0.09148491253788543,0.09174616361409485
228,19,10.526315789473683,5.263157894736842,Nalbuphine,-0.09148491253788543,0.09174616361409485
229,19,0,15.789473684210526,Nalbuphine,-0.09148491253788543,0.09174616361409485
230,19,0,36.84210526315789,Nalbuphine,-0.09148491253788543,0.09174616361409485
231,19,21.052631578947366,5.263157894736842,Nalbuphine,-0.09148491253788543,0.09174616361409485
232,18,11.11111111111111,11.11111111111111,Nalbuphine,-0.09148491253788543,0.09174616361409485
233,19,0,10.526315789473683,Nalbuphine,-0.09148491253788543,0.09174616361409485
234,19,52.63157894736842,10.526315789473683,Nalbuphine,-0.09148491253788543,0.09174616361409485
235,19,21.052631578947366,15.789473684210526,Nalbuphine,-0.09148491253788543,0.09174616361409485
236,19,21.052631578947366,5.263157894736842,Nalbuphine,-0.09148491253788543,0.09174616361409485
237,19,10.526315789473683,5.263157894736842,Nalbuphine,-0.09148491253788543,0.09174616361409485
238,19,42.10526315789473,0,Nalbuphine,-0.09148491253788543,0.09174616361409485
239,19,26.31578947368421,5.263157894736842,Nalbuphine,-0.09148491253788543,0.09174616361409485
240,19,42.10526315789473,0,Nalbuphine,-0.09148491253788543,0.09174616361409485
241,19,36.84210526315789,5.263157894736842,Nalbuphine,-0.09148491253788543,0.09174616361409485
242,19,26.31578947368421,0,Nalbuphine,-0.09148491253788543,0.09174616361409485
243,19,36.84210526315789,10.526315789473683,Nalbuphine,-0.09148491253788543,0.09174616361409485
244,19,52.63157894736842,5.263157894736842,Nalbuphine,-0.09148491253788543,0.09174616361409485
245,19,52.63157894736842,0,Nalbuphine,-0.09148491253788543,0.09174616361409485
246,19,78.94736842105263,0,Nalbuphine,-0.09148491253788543,0.09174616361409485
247,19,52.63157894736842,10.526315789473683,Nalbuphine,-0.09148491253788543,0.09174616361409485
248,19,47.368421052631575,0,Nalbuphine,-0.09148491253788543,0.09174616361409485
249,19,47.368421052631575,5.263157894736842,Nalbuphine,-0.09148491253788543,0.09174616361409485
250,19,31.57894736842105,5.263157894736842,Nalbuphine,-0.09148491253788543,0.09174616361409485
251,19,57.89473684210527,0,Nalbuphine,-0.09148491253788543,0.09174616361409485
252,19,15.789473684210526,0,Nalbuphine,-0.09148491253788543,0.09174616361409485
253,19,42.10526315789473,0,Nalbuphine,-0.09148491253788543,0.09174616361409485
254,19,78.94736842105263,0,Nalbuphine,-0.09148491253788543,0.09174616361409485
255,19,42.10526315789473,0,Nalbuphine,-0.09148491253788543,0.09174616361409485
256,19,26.31578947368421,15.789473684210526,Nalbuphine,-0.09148491253788543,0.09174616361409485
257,19,42.10526315789473,0,Nalbuphine,-0.09148491253788543,0.09174616361409485
258,19,89.47368421052632,0,Nalbuphine,-0.09148491253788543,0.09174616361409485
259,19,5.263157894736842,0,Nalbuphine,-0.09148491253788543,0.09174616361409485
260,19,94.73684210526315,0,Nalbuphine,-0.09148491253788543,0.09174616361409485
261,19,100,0,Nalbuphine,-0.09148491253788543,0.09174616361409485
262,19,63.1578947368421,0,Nalbuphine,-0.09148491253788543,0.09174616361409485
263,19,31.57894736842105,0,Nalbuphine,-0.09148491253788543,0.09174616361409485
264,19,31.57894736842105,5.263157894736842,Nalbuphine,-0.09148491253788543,0.09174616361409485
265,19,94.73684210526315,0,Nalbuphine,-0.09148491253788543,0.09174616361409485
266,19,21.052631578947366,0,Nalbuphine,-0.09148491253788543,0.09174616361409485
267,19,36.84210526315789,0,Nalbuphine,-0.09148491253788543,0.09174616361409485
268,19,42.10526315789473,0,Nalbuphine,-0.09148491253788543,0.09174616361409485
269,19,36.84210526315789,0,Nalbuphine,-0.09148491253788543,0.09174616361409485
270,19,68.42105263157895,0,Nalbuphine,-0.09148491253788543,0.09174616361409485
271,19,52.63157894736842,10.526315789473683,Nalbuphine,-0.09148491253788543,0.09174616361409485
272,19,15.789473684210526,15.789473684210526,Nalbuphine,-0.09148491253788543,0.09174616361409485
273,19,84.21052631578947,0,Nalbuphine,-0.09148491253788543,0.09174616361409485
274,19,0,10.526315789473683,Nalbuphine,-0.09148491253788543,0.09174616361409485
275,19,47.368421052631575,0,Nalbuphine,-0.09148491253788543,0.09174616361409485
276,19,15.789473684210526,5.263157894736842,Nalbuphine,-0.09148491253788543,0.09174616361409485
277,19,63.1578947368421,0,Nalbuphine,-0.09148491253788543,0.09174616361409485
278,19,78.94736842105263,0,Nalbuphine,-0.09148491253788543,0.09174616361409485
279,19,100,0,Nalbuphine,-0.09148491253788543,0.09174616361409485
280,19,89.47368421052632,0,Nalbuphine,-0.09148491253788543,0.09174616361409485
281,19,31.57894736842105,0,Nalbuphine,-0.09148491253788543,0.09174616361409485
282,19,47.368421052631575,10.526315789473683,Nalbuphine,-0.09148491253788543,0.09174616361409485
283,19,5.263157894736842,10.526315789473683,Nalbuphine,-0.09148491253788543,0.09174616361409485
284,19,57.89473684210527,0,Nalbuphine,-0.09148491253788543,0.09174616361409485
285,19,42.10526315789473,15.789473684210526,Nalbuphine,-0.09148491253788543,0.09174616361409485
286,19,21.052631578947366,0,Nalbuphine,-0.09148491253788543,0.09174616361409485
287,19,0,5.263157894736842,Nalbuphine,-0.09148491253788543,0.09174616361409485
288,19,42.10526315789473,0,Nalbuphine,-0.09148491253788543,0.09174616361409485
289,19,36.84210526315789,0,Nalbuphine,-0.09148491253788543,0.09174616361409485
290,19,26.31578947368421,5.263157894736842,Nalbuphine,-0.09148491253788543,0.09174616361409485
291,19,84.21052631578947,0,Nalbuphine,-0.09148491253788543,0.09174616361409485
292,19,78.94736842105263,0,Nalbuphine,-0.09148491253788543,0.09174616361409485
293,19,52.63157894736842,0,Nalbuphine,-0.09148491253788543,0.09174616361409485
294,19,78.94736842105263,0,Nalbuphine,-0.09148491253788543,0.09174616361409485
295,19,42.10526315789473,0,Nalbuphine,-0.09148491253788543,0.09174616361409485
296,19,52.63157894736842,5.263157894736842,Nalbuphine,-0.09148491253788543,0.09174616361409485
297,19,100,0,Nalbuphine,-0.09148491253788543,0.09174616361409485
298,18,72.22222222222221,0,Nalbuphine,-0.09148491253788543,0.09174616361409485
299,19,63.1578947368421,0,Nalbuphine,-0.09148491253788543,0.09174616361409485
300,19,57.89473684210527,5.263157894736842,Nalbuphine,-0.09148491253788543,0.09174616361409485
301,19,52.63157894736842,0,Nalbuphine,-0.09148491253788543,0.09174616361409485
302,19,52.63157894736842,0,Nalbuphine,-0.09148491253788543,0.09174616361409485
303,19,31.57894736842105,0,Nalbuphine,-0.09148491253788543,0.09174616361409485
304,19,57.89473684210527,0,Nalbuphine,-0.09148491253788543,0.09174616361409485
305,19,47.368421052631575,0,Nalbuphine,-0.09148491253788543,0.09174616361409485
306,19,5.263157894736842,15.789473684210526,Nalbuphine,-0.09148491253788543,0.09174616361409485
307,19,21.052631578947366,0,Nalbuphine,-0.09148491253788543,0.09174616361409485
308,19,15.789473684210526,21.052631578947366,Nalbuphine,-0.09148491253788543,0.09174616361409485
309,19,5.263157894736842,0,Nalbuphine,-0.09148491253788543,0.09174616361409485
310,19,15.789473684210526,0,Nalbuphine,-0.09148491253788543,0.09174616361409485
311,19,31.57894736842105,0,Nalbuphine,-0.09148491253788543,0.09174616361409485
312,19,26.31578947368421,5.263157894736842,Nalbuphine,-0.09148491253788543,0.09174616361409485
313,19,0,15.789473684210526,Nalbuphine,-0.09148491253788543,0.09174616361409485
314,19,26.31578947368421,5.263157894736842,Nalbuphine,-0.09148491253788543,0.09174616361409485
315,19,36.84210526315789,0,Nalbuphine,-0.09148491253788543,0.09174616361409485
316,19,15.789473684210526,0,Nalbuphine,-0.09148491253788543,0.09174616361409485
317,19,26.31578947368421,10.526315789473683,Nalbuphine,-0.09148491253788543,0.09174616361409485
318,19,47.368421052631575,10.526315789473683,Nalbuphine,-0.09148491253788543,0.09174616361409485
319,19,26.31578947368421,5.263157894736842,Nalbuphine,-0.09148491253788543,0.09174616361409485
320,19,63.1578947368421,0,Nalbuphine,-0.09148491253788543,0.09174616361409485
321,19,73.68421052631578,0,Nalbuphine,-0.09148491253788543,0.09174616361409485
322,19,42.10526315789473,5.263157894736842,Nalbuphine,-0.09148491253788543,0.09174616361409485
323,19,57.89473684210527,5.263157894736842,Nalbuphine,-0.09148491253788543,0.09174616361409485
324,19,26.31578947368421,5.263157894736842,Nalbuphine,-0.09148491253788543,0.09174616361409485
325,19,47.368421052631575,0,Nalbuphine,-0.09148491253788543,0.09174616361409485
326,19,36.84210526315789,10.526315789473683,Nalbuphine,-0.09148491253788543,0.09174616361409485
327,19,68.42105263157895,0,Nalbuphine,-0.09148491253788543,0.09174616361409485
328,19,68.42105263157895,0,Nalbuphine,-0.09148491253788543,0.09174616361409485
329,19,36.84210526315789,10.526315789473683,Nalbuphine,-0.09148491253788543,0.09174616361409485
330,19,47.368421052631575,5.263157894736842,Nalbuphine,-0.09148491253788543,0.09174616361409485
331,19,21.052631578947366,26.31578947368421,Nalbuphine,-0.09148491253788543,0.09174616361409485
332,19,36.84210526315789,0,Nalbuphine,-0.09148491253788543,0.09174616361409485
333,19,42.10526315789473,10.526315789473683,Nalbuphine,-0.09148491253788543,0.09174616361409485
334,19,68.42105263157895,5.263157894736842,Nalbuphine,-0.09148491253788543,0.09174616361409485
335,19,10.526315789473683,0,Nalbuphine,-0.09148491253788543,0.09174616361409485
336,19,15.789473684210526,21.052631578947366,Nalbuphine,-0.09148491253788543,0.09174616361409485
337,18,0,11.11111111111111,Nalbuphine,-0.09148491253788543,0.09174616361409485
338,19,42.10526315789473,0,Nalbuphine,-0.09148491253788543,0.09174616361409485
339,19,10.526315789473683,10.526315789473683,Nalbuphine,-0.09148491253788543,0.09174616361409485
340,19,42.10526315789473,0,Nalbuphine,-0.09148491253788543,0.09174616361409485
341,19,5.263157894736842,42.10526315789473,Nalbuphine,-0.09148491253788543,0.09174616361409485
342,19,5.263157894736842,15.789473684210526,Nalbuphine,-0.09148491253788543,0.09174616361409485
343,19,5.263157894736842,26.31578947368421,Nalbuphine,-0.09148491253788543,0.09174616361409485
344,18,77.77777777777779,5.555555555555555,Nalbuphine,-0.09148491253788543,0.09174616361409485
345,19,10.526315789473683,5.263157894736842,Nalbuphine,-0.09148491253788543,0.09174616361409485
346,19,21.052631578947366,5.263157894736842,Nalbuphine,-0.09148491253788543,0.09174616361409485
347,19,26.31578947368421,0,Nalbuphine,-0.09148491253788543,0.09174616361409485
348,19,0,31.57894736842105,Nalbuphine,-0.09148491253788543,0.09174616361409485
349,19,5.263157894736842,26.31578947368421,Nalbuphine,-0.09148491253788543,0.09174616361409485
350,19,5.263157894736842,0,Nalbuphine,-0.09148491253788543,0.09174616361409485
351,19,0,47.368421052631575,Nalbuphine,-0.09148491253788543,0.09174616361409485
352,18,0,44.44444444444444,Nalbuphine,-0.09148491253788543,0.09174616361409485
353,19,0,21.052631578947366,Nalbuphine,-0.09148491253788543,0.09174616361409485
354,19,5.263157894736842,10.526315789473683,Nalbuphine,-0.09148491253788543,0.09174616361409485
355,19,0,15.789473684210526,Nalbuphine,-0.09148491253788543,0.09174616361409485
356,19,0,36.84210526315789,Nalbuphine,-0.09148491253788543,0.09174616361409485
357,19,5.263157894736842,15.789473684210526,Nalbuphine,-0.09148491253788543,0.09174616361409485
358,19,0,5.263157894736842,Nalbuphine,-0.09148491253788543,0.09174616361409485
359,19,0,57.89473684210527,Nalbuphine,-0.09148491253788543,0.09174616361409485
360,19,0,26.31578947368421,Nalbuphine,-0.09148491253788543,0.09174616361409485
361,19,0,21.052631578947366,Nalbuphine,-0.09148491253788543,0.09174616361409485
362,19,0,15.789473684210526,Nalbuphine,-0.09148491253788543,0.09174616361409485
363,19,0,52.63157894736842,Nalbuphine,-0.09148491253788543,0.09174616361409485
364,19,0,15.789473684210526,Nalbuphine,-0.09148491253788543,0.09174616361409485
365,19,0,15.789473684210526,Nalbuphine,-0.09148491253788543,0.09174616361409485
366,19,0,5.263157894736842,Nalbuphine,-0.09148491253788543,0.09174616361409485
367,19,0,26.31578947368421,Nalbuphine,-0.09148491253788543,0.09174616361409485
368,19,10.526315789473683,10.526315789473683,Nalbuphine,-0.09148491253788543,0.09174616361409485
369,19,0,26.31578947368421,Nalbuphine,-0.09148491253788543,0.09174616361409485
370,19,0,31.57894736842105,Nalbuphine,-0.09148491253788543,0.09174616361409485
371,19,0,21.052631578947366,Nalbuphine,-0.09148491253788543,0.09174616361409485
372,19,0,15.789473684210526,Nalbuphine,-0.09148491253788543,0.09174616361409485
373,19,5.263157894736842,26.31578947368421,Nalbuphine,-0.09148491253788543,0.09174616361409485
374,19,0,21.052631578947366,Nalbuphine,-0.09148491253788543,0.09174616361409485
375,19,0,0,Nalbuphine,-0.09148491253788543,0.09174616361409485
376,19,0,10.526315789473683,Nalbuphine,-0.09148491253788543,0.09174616361409485
377,19,0,36.84210526315789,Nalbuphine,-0.09148491253788543,0.09174616361409485
378,19,0,15.789473684210526,Nalbuphine,-0.09148491253788543,0.09174616361409485
379,19,0,36.84210526315789,Nalbuphine,-0.09148491253788543,0.09174616361409485
380,19,0,10.526315789473683,Nalbuphine,-0.09148491253788543,0.09174616361409485
381,19,0,0,Nalbuphine,-0.09148491253788543,0.09174616361409485
382,19,0,5.263157894736842,Nalbuphine,-0.09148491253788543,0.09174616361409485
383,19,26.31578947368421,5.263157894736842,Nalbuphine,-0.09148491253788543,0.09174616361409485
384,19,0,5.263157894736842,Nalbuphine,-0.09148491253788543,0.09174616361409485
385,19,5.263157894736842,10.526315789473683,Nalbuphine,-0.09148491253788543,0.09174616361409485
386,19,0,15.789473684210526,Nalbuphine,-0.09148491253788543,0.09174616361409485
387,19,5.263157894736842,0,Nalbuphine,-0.09148491253788543,0.09174616361409485
388,19,0,0,Nalbuphine,-0.09148491253788543,0.09174616361409485
389,19,0,5.263157894736842,Nalbuphine,-0.09148491253788543,0.09174616361409485
390,19,0,15.789473684210526,Nalbuphine,-0.09148491253788543,0.09174616361409485
391,19,0,5.263157894736842,Nalbuphine,-0.09148491253788543,0.09174616361409485
392,19,10.526315789473683,0,Nalbuphine,-0.09148491253788543,0.09174616361409485
393,19,0,5.263157894736842,Nalbuphine,-0.09148491253788543,0.09174616361409485
394,19,5.263157894736842,0,Nalbuphine,-0.09148491253788543,0.09174616361409485
395,19,0,5.263157894736842,Nalbuphine,-0.09148491253788543,0.09174616361409485
396,19,0,26.31578947368421,Nalbuphine,-0.09148491253788543,0.09174616361409485
397,19,0,10.526315789473683,Nalbuphine,-0.09148491253788543,0.09174616361409485
398,19,15.789473684210526,0,Nalbuphine,-0.09148491253788543,0.09174616361409485
399,19,0,5.263157894736842,Nalbuphine,-0.09148491253788543,0.09174616361409485
400,19,15.789473684210526,5.263157894736842,Nalbuphine,-0.09148491253788543,0.09174616361409485
2,19,15.789473684210526,5.263157894736842,Naloxone,-0.08823441291228341,0.08833953167179782
3,18,0,5.555555555555555,Naloxone,-0.08823441291228341,0.08833953167179782
4,19,5.263157894736842,0,Naloxone,-0.08823441291228341,0.08833953167179782
5,19,5.263157894736842,0,Naloxone,-0.08823441291228341,0.08833953167179782
6,19,52.63157894736842,0,Naloxone,-0.08823441291228341,0.08833953167179782
7,19,10.526315789473683,21.052631578947366,Naloxone,-0.08823441291228341,0.08833953167179782
8,19,5.263157894736842,0,Naloxone,-0.08823441291228341,0.08833953167179782
9,19,15.789473684210526,0,Naloxone,-0.08823441291228341,0.08833953167179782
10,19,0,0,Naloxone,-0.08823441291228341,0.08833953167179782
11,19,26.31578947368421,5.263157894736842,Naloxone,-0.08823441291228341,0.08833953167179782
12,19,5.263157894736842,5.263157894736842,Naloxone,-0.08823441291228341,0.08833953167179782
13,19,5.263157894736842,0,Naloxone,-0.08823441291228341,0.08833953167179782
14,18,0,0,Naloxone,-0.08823441291228341,0.08833953167179782
15,19,10.526315789473683,0,Naloxone,-0.08823441291228341,0.08833953167179782
16,19,10.526315789473683,0,Naloxone,-0.08823441291228341,0.08833953167179782
17,19,10.526315789473683,0,Naloxone,-0.08823441291228341,0.08833953167179782
18,19,0,0,Naloxone,-0.08823441291228341,0.08833953167179782
19,19,10.526315789473683,0,Naloxone,-0.08823441291228341,0.08833953167179782
20,19,21.052631578947366,0,Naloxone,-0.08823441291228341,0.08833953167179782
21,19,0,0,Naloxone,-0.08823441291228341,0.08833953167179782
22,17,5.88235294117647,0,Naloxone,-0.08823441291228341,0.08833953167179782
23,19,5.263157894736842,5.263157894736842,Naloxone,-0.08823441291228341,0.08833953167179782
24,19,21.052631578947366,0,Naloxone,-0.08823441291228341,0.08833953167179782
25,19,21.052631578947366,5.263157894736842,Naloxone,-0.08823441291228341,0.08833953167179782
26,19,26.31578947368421,0,Naloxone,-0.08823441291228341,0.08833953167179782
27,19,0,0,Naloxone,-0.08823441291228341,0.08833953167179782
28,19,26.31578947368421,5.263157894736842,Naloxone,-0.08823441291228341,0.08833953167179782
29,19,21.052631578947366,0,Naloxone,-0.08823441291228341,0.08833953167179782
30,19,0,0,Naloxone,-0.08823441291228341,0.08833953167179782
31,19,0,0,Naloxone,-0.08823441291228341,0.08833953167179782
32,19,15.789473684210526,0,Naloxone,-0.08823441291228341,0.08833953167179782
33,19,5.263157894736842,0,Naloxone,-0.08823441291228341,0.08833953167179782
34,19,15.789473684210526,10.526315789473683,Naloxone,-0.08823441291228341,0.08833953167179782
35,19,5.263157894736842,15.789473684210526,Naloxone,-0.08823441291228341,0.08833953167179782
36,19,5.263157894736842,10.526315789473683,Naloxone,-0.08823441291228341,0.08833953167179782
37,17,0,0,Naloxone,-0.08823441291228341,0.08833953167179782
38,19,42.10526315789473,0,Naloxone,-0.08823441291228341,0.08833953167179782
39,19,15.789473684210526,5.263157894736842,Naloxone,-0.08823441291228341,0.08833953167179782
40,19,15.789473684210526,0,Naloxone,-0.08823441291228341,0.08833953167179782
41,19,15.789473684210526,5.263157894736842,Naloxone,-0.08823441291228341,0.08833953167179782
42,19,10.526315789473683,5.263157894736842,Naloxone,-0.08823441291228341,0.08833953167179782
43,19,26.31578947368421,0,Naloxone,-0.08823441291228341,0.08833953167179782
44,19,10.526315789473683,0,Naloxone,-0.08823441291228341,0.08833953167179782
45,19,15.789473684210526,0,Naloxone,-0.08823441291228341,0.08833953167179782
46,19,5.263157894736842,5.263157894736842,Naloxone,-0.08823441291228341,0.08833953167179782
47,19,10.526315789473683,0,Naloxone,-0.08823441291228341,0.08833953167179782
48,19,42.10526315789473,0,Naloxone,-0.08823441291228341,0.08833953167179782
49,19,21.052631578947366,15.789473684210526,Naloxone,-0.08823441291228341,0.08833953167179782
50,19,5.263157894736842,0,Naloxone,-0.08823441291228341,0.08833953167179782
51,19,15.789473684210526,10.526315789473683,Naloxone,-0.08823441291228341,0.08833953167179782
52,19,10.526315789473683,10.526315789473683,Naloxone,-0.08823441291228341,0.08833953167179782
53,19,15.789473684210526,0,Naloxone,-0.08823441291228341,0.08833953167179782
54,19,26.31578947368421,10.526315789473683,Naloxone,-0.08823441291228341,0.08833953167179782
55,19,15.789473684210526,21.052631578947366,Naloxone,-0.08823441291228341,0.08833953167179782
56,19,15.789473684210526,21.052631578947366,Naloxone,-0.08823441291228341,0.08833953167179782
57,19,10.526315789473683,0,Naloxone,-0.08823441291228341,0.08833953167179782
58,19,0,5.263157894736842,Naloxone,-0.08823441291228341,0.08833953167179782
59,19,21.052631578947366,0,Naloxone,-0.08823441291228341,0.08833953167179782
60,19,15.789473684210526,5.263157894736842,Naloxone,-0.08823441291228341,0.08833953167179782
61,19,10.526315789473683,10.526315789473683,Naloxone,-0.08823441291228341,0.08833953167179782
62,19,15.789473684210526,10.526315789473683,Naloxone,-0.08823441291228341,0.08833953167179782
63,19,10.526315789473683,21.052631578947366,Naloxone,-0.08823441291228341,0.08833953167179782
64,19,21.052631578947366,15.789473684210526,Naloxone,-0.08823441291228341,0.08833953167179782
65,19,10.526315789473683,0,Naloxone,-0.08823441291228341,0.08833953167179782
66,19,31.57894736842105,15.789473684210526,Naloxone,-0.08823441291228341,0.08833953167179782
67,19,0,10.526315789473683,Naloxone,-0.08823441291228341,0.08833953167179782
68,19,5.263157894736842,5.263157894736842,Naloxone,-0.08823441291228341,0.08833953167179782
69,19,0,0,Naloxone,-0.08823441291228341,0.08833953167179782
70,19,0,31.57894736842105,Naloxone,-0.08823441291228341,0.08833953167179782
71,19,0,26.31578947368421,Naloxone,-0.08823441291228341,0.08833953167179782
72,19,15.789473684210526,5.263157894736842,Naloxone,-0.08823441291228341,0.08833953167179782
73,19,42.10526315789473,10.526315789473683,Naloxone,-0.08823441291228341,0.08833953167179782
74,19,26.31578947368421,5.263157894736842,Naloxone,-0.08823441291228341,0.08833953167179782
75,18,11.11111111111111,11.11111111111111,Naloxone,-0.08823441291228341,0.08833953167179782
76,19,42.10526315789473,0,Naloxone,-0.08823441291228341,0.08833953167179782
77,19,15.789473684210526,0,Naloxone,-0.08823441291228341,0.08833953167179782
78,19,10.526315789473683,10.526315789473683,Naloxone,-0.08823441291228341,0.08833953167179782
79,19,5.263157894736842,5.263157894736842,Naloxone,-0.08823441291228341,0.08833953167179782
80,19,10.526315789473683,0,Naloxone,-0.08823441291228341,0.08833953167179782
81,19,5.263157894736842,15.789473684210526,Naloxone,-0.08823441291228341,0.08833953167179782
82,19,0,15.789473684210526,Naloxone,-0.08823441291228341,0.08833953167179782
83,19,0,5.263157894736842,Naloxone,-0.08823441291228341,0.08833953167179782
84,19,10.526315789473683,21.052631578947366,Naloxone,-0.08823441291228341,0.08833953167179782
85,19,15.789473684210526,21.052631578947366,Naloxone,-0.08823441291228341,0.08833953167179782
86,19,31.57894736842105,0,Naloxone,-0.08823441291228341,0.08833953167179782
87,19,5.263157894736842,47.368421052631575,Naloxone,-0.08823441291228341,0.08833953167179782
88,19,5.263157894736842,21.052631578947366,Naloxone,-0.08823441291228341,0.08833953167179782
89,19,0,10.526315789473683,Naloxone,-0.08823441291228341,0.08833953167179782
90,19,10.526315789473683,5.263157894736842,Naloxone,-0.08823441291228341,0.08833953167179782
91,19,15.789473684210526,42.10526315789473,Naloxone,-0.08823441291228341,0.08833953167179782
92,18,11.11111111111111,0,Naloxone,-0.08823441291228341,0.08833953167179782
93,19,21.052631578947366,0,Naloxone,-0.08823441291228341,0.08833953167179782
94,19,42.10526315789473,5.263157894736842,Naloxone,-0.08823441291228341,0.08833953167179782
95,19,10.526315789473683,31.57894736842105,Naloxone,-0.08823441291228341,0.08833953167179782
96,19,10.526315789473683,5.263157894736842,Naloxone,-0.08823441291228341,0.08833953167179782
97,18,27.77777777777778,0,Naloxone,-0.08823441291228341,0.08833953167179782
98,19,0,21.052631578947366,Naloxone,-0.08823441291228341,0.08833953167179782
99,19,5.263157894736842,21.052631578947366,Naloxone,-0.08823441291228341,0.08833953167179782
100,19,42.10526315789473,10.526315789473683,Naloxone,-0.08823441291228341,0.08833953167179782
101,19,0,31.57894736842105,Naloxone,-0.08823441291228341,0.08833953167179782
102,19,10.526315789473683,5.263157894736842,Naloxone,-0.08823441291228341,0.08833953167179782
103,19,5.263157894736842,31.57894736842105,Naloxone,-0.08823441291228341,0.08833953167179782
104,19,0,5.263157894736842,Naloxone,-0.08823441291228341,0.08833953167179782
105,19,5.263157894736842,31.57894736842105,Naloxone,-0.08823441291228341,0.08833953167179782
106,19,0,21.052631578947366,Naloxone,-0.08823441291228341,0.08833953167179782
107,19,5.263157894736842,15.789473684210526,Naloxone,-0.08823441291228341,0.08833953167179782
108,19,5.263157894736842,36.84210526315789,Naloxone,-0.08823441291228341,0.08833953167179782
109,19,10.526315789473683,31.57894736842105,Naloxone,-0.08823441291228341,0.08833953167179782
110,19,31.57894736842105,5.263157894736842,Naloxone,-0.08823441291228341,0.08833953167179782
111,19,0,42.10526315789473,Naloxone,-0.08823441291228341,0.08833953167179782
112,19,26.31578947368421,5.263157894736842,Naloxone,-0.08823441291228341,0.08833953167179782
113,19,21.052631578947366,10.526315789473683,Naloxone,-0.08823441291228341,0.08833953167179782
114,19,47.368421052631575,5.263157894736842,Naloxone,-0.08823441291228341,0.08833953167179782
115,19,21.052631578947366,10.526315789473683,Naloxone,-0.08823441291228341,0.08833953167179782
116,19,10.526315789473683,10.526315789473683,Naloxone,-0.08823441291228341,0.08833953167179782
117,19,31.57894736842105,10.526315789473683,Naloxone,-0.08823441291228341,0.08833953167179782
118,19,10.526315789473683,15.789473684210526,Naloxone,-0.08823441291228341,0.08833953167179782
119,19,0,68.42105263157895,Naloxone,-0.08823441291228341,0.08833953167179782
120,19,15.789473684210526,26.31578947368421,Naloxone,-0.08823441291228341,0.08833953167179782
121,19,36.84210526315789,5.263157894736842,Naloxone,-0.08823441291228341,0.08833953167179782
122,19,10.526315789473683,31.57894736842105,Naloxone,-0.08823441291228341,0.08833953167179782
123,19,5.263157894736842,47.368421052631575,Naloxone,-0.08823441291228341,0.08833953167179782
124,19,15.789473684210526,26.31578947368421,Naloxone,-0.08823441291228341,0.08833953167179782
125,19,31.57894736842105,0,Naloxone,-0.08823441291228341,0.08833953167179782
126,19,0,0,Naloxone,-0.08823441291228341,0.08833953167179782
127,19,0,42.10526315789473,Naloxone,-0.08823441291228341,0.08833953167179782
128,19,21.052631578947366,5.263157894736842,Naloxone,-0.08823441291228341,0.08833953167179782
129,19,0,5.263157894736842,Naloxone,-0.08823441291228341,0.08833953167179782
130,19,0,26.31578947368421,Naloxone,-0.08823441291228341,0.08833953167179782
131,19,5.263157894736842,21.052631578947366,Naloxone,-0.08823441291228341,0.08833953167179782
132,19,10.526315789473683,0,Naloxone,-0.08823441291228341,0.08833953167179782
133,19,26.31578947368421,5.263157894736842,Naloxone,-0.08823441291228341,0.08833953167179782
134,19,10.526315789473683,0,Naloxone,-0.08823441291228341,0.08833953167179782
135,19,10.526315789473683,10.526315789473683,Naloxone,-0.08823441291228341,0.08833953167179782
136,19,0,26.31578947368421,Naloxone,-0.08823441291228341,0.08833953167179782
137,19,21.052631578947366,15.789473684210526,Naloxone,-0.08823441291228341,0.08833953167179782
138,19,21.052631578947366,15.789473684210526,Naloxone,-0.08823441291228341,0.08833953167179782
139,19,0,26.31578947368421,Naloxone,-0.08823441291228341,0.08833953167179782
140,19,0,26.31578947368421,Naloxone,-0.08823441291228341,0.08833953167179782
141,19,0,15.789473684210526,Naloxone,-0.08823441291228341,0.08833953167179782
142,19,10.526315789473683,21.052631578947366,Naloxone,-0.08823441291228341,0.08833953167179782
143,19,47.368421052631575,15.789473684210526,Naloxone,-0.08823441291228341,0.08833953167179782
144,19,5.263157894736842,15.789473684210526,Naloxone,-0.08823441291228341,0.08833953167179782
145,19,10.526315789473683,21.052631578947366,Naloxone,-0.08823441291228341,0.08833953167179782
146,19,0,21.052631578947366,Naloxone,-0.08823441291228341,0.08833953167179782
147,19,5.263157894736842,42.10526315789473,Naloxone,-0.08823441291228341,0.08833953167179782
148,19,0,84.21052631578947,Naloxone,-0.08823441291228341,0.08833953167179782
149,19,0,78.94736842105263,Naloxone,-0.08823441291228341,0.08833953167179782
150,19,5.263157894736842,47.368421052631575,Naloxone,-0.08823441291228341,0.08833953167179782
151,19,0,78.94736842105263,Naloxone,-0.08823441291228341,0.08833953167179782
152,19,0,52.63157894736842,Naloxone,-0.08823441291228341,0.08833953167179782
153,19,5.263157894736842,47.368421052631575,Naloxone,-0.08823441291228341,0.08833953167179782
154,19,15.789473684210526,21.052631578947366,Naloxone,-0.08823441291228341,0.08833953167179782
155,19,21.052631578947366,15.789473684210526,Naloxone,-0.08823441291228341,0.08833953167179782
156,19,10.526315789473683,57.89473684210527,Naloxone,-0.08823441291228341,0.08833953167179782
157,19,31.57894736842105,10.526315789473683,Naloxone,-0.08823441291228341,0.08833953167179782
158,19,31.57894736842105,21.052631578947366,Naloxone,-0.08823441291228341,0.08833953167179782
159,19,5.263157894736842,52.63157894736842,Naloxone,-0.08823441291228341,0.08833953167179782
160,19,10.526315789473683,36.84210526315789,Naloxone,-0.08823441291228341,0.08833953167179782
161,19,5.263157894736842,5.263157894736842,Naloxone,-0.08823441291228341,0.08833953167179782
162,19,26.31578947368421,26.31578947368421,Naloxone,-0.08823441291228341,0.08833953167179782
163,19,26.31578947368421,21.052631578947366,Naloxone,-0.08823441291228341,0.08833953167179782
164,19,31.57894736842105,10.526315789473683,Naloxone,-0.08823441291228341,0.08833953167179782
165,19,26.31578947368421,10.526315789473683,Naloxone,-0.08823441291228341,0.08833953167179782
166,19,10.526315789473683,26.31578947368421,Naloxone,-0.08823441291228341,0.08833953167179782
167,19,31.57894736842105,0,Naloxone,-0.08823441291228341,0.08833953167179782
168,19,26.31578947368421,21.052631578947366,Naloxone,-0.08823441291228341,0.08833953167179782
169,19,57.89473684210527,0,Naloxone,-0.08823441291228341,0.08833953167179782
170,19,36.84210526315789,5.263157894736842,Naloxone,-0.08823441291228341,0.08833953167179782
171,19,36.84210526315789,21.052631578947366,Naloxone,-0.08823441291228341,0.08833953167179782
172,19,10.526315789473683,31.57894736842105,Naloxone,-0.08823441291228341,0.08833953167179782
173,19,42.10526315789473,0,Naloxone,-0.08823441291228341,0.08833953167179782
174,19,57.89473684210527,10.526315789473683,Naloxone,-0.08823441291228341,0.08833953167179782
175,19,52.63157894736842,5.263157894736842,Naloxone,-0.08823441291228341,0.08833953167179782
176,19,52.63157894736842,5.263157894736842,Naloxone,-0.08823441291228341,0.08833953167179782
177,19,10.526315789473683,42.10526315789473,Naloxone,-0.08823441291228341,0.08833953167179782
178,19,21.052631578947366,0,Naloxone,-0.08823441291228341,0.08833953167179782
179,19,5.263157894736842,31.57894736842105,Naloxone,-0.08823441291228341,0.08833953167179782
180,19,31.57894736842105,10.526315789473683,Naloxone,-0.08823441291228341,0.08833953167179782
181,19,15.789473684210526,5.263157894736842,Naloxone,-0.08823441291228341,0.08833953167179782
182,19,5.263157894736842,15.789473684210526,Naloxone,-0.08823441291228341,0.08833953167179782
183,19,47.368421052631575,10.526315789473683,Naloxone,-0.08823441291228341,0.08833953167179782
184,19,5.263157894736842,5.263157894736842,Naloxone,-0.08823441291228341,0.08833953167179782
185,19,63.1578947368421,0,Naloxone,-0.08823441291228341,0.08833953167179782
186,19,31.57894736842105,5.263157894736842,Naloxone,-0.08823441291228341,0.08833953167179782
187,19,10.526315789473683,5.263157894736842,Naloxone,-0.08823441291228341,0.08833953167179782
188,19,36.84210526315789,15.789473684210526,Naloxone,-0.08823441291228341,0.08833953167179782
189,19,52.63157894736842,5.263157894736842,Naloxone,-0.08823441291228341,0.08833953167179782
190,19,0,52.63157894736842,Naloxone,-0.08823441291228341,0.08833953167179782
191,19,10.526315789473683,36.84210526315789,Naloxone,-0.08823441291228341,0.08833953167179782
192,19,31.57894736842105,5.263157894736842,Naloxone,-0.08823441291228341,0.08833953167179782
193,19,36.84210526315789,5.263157894736842,Naloxone,-0.08823441291228341,0.08833953167179782
194,19,31.57894736842105,21.052631578947366,Naloxone,-0.08823441291228341,0.08833953167179782
195,19,21.052631578947366,10.526315789473683,Naloxone,-0.08823441291228341,0.08833953167179782
196,19,42.10526315789473,21.052631578947366,Naloxone,-0.08823441291228341,0.08833953167179782
197,19,5.263157894736842,42.10526315789473,Naloxone,-0.08823441291228341,0.08833953167179782
198,19,5.263157894736842,68.42105263157895,Naloxone,-0.08823441291228341,0.08833953167179782
199,19,21.052631578947366,5.263157894736842,Naloxone,-0.08823441291228341,0.08833953167179782
200,19,47.368421052631575,5.263157894736842,Naloxone,-0.08823441291228341,0.08833953167179782
201,19,10.526315789473683,31.57894736842105,Naloxone,-0.08823441291228341,0.08833953167179782
202,19,31.57894736842105,0,Naloxone,-0.08823441291228341,0.08833953167179782
203,19,21.052631578947366,21.052631578947366,Naloxone,-0.08823441291228341,0.08833953167179782
204,19,36.84210526315789,5.263157894736842,Naloxone,-0.08823441291228341,0.08833953167179782
205,19,10.526315789473683,21.052631578947366,Naloxone,-0.08823441291228341,0.08833953167179782
206,19,57.89473684210527,0,Naloxone,-0.08823441291228341,0.08833953167179782
207,19,0,0,Naloxone,-0.08823441291228341,0.08833953167179782
208,19,15.789473684210526,26.31578947368421,Naloxone,-0.08823441291228341,0.08833953167179782
209,19,15.789473684210526,5.263157894736842,Naloxone,-0.08823441291228341,0.08833953167179782
210,19,26.31578947368421,36.84210526315789,Naloxone,-0.08823441291228341,0.08833953167179782
211,19,26.31578947368421,5.263157894736842,Naloxone,-0.08823441291228341,0.08833953167179782
212,19,21.052631578947366,10.526315789473683,Naloxone,-0.08823441291228341,0.08833953167179782
213,19,26.31578947368421,0,Naloxone,-0.08823441291228341,0.08833953167179782
214,18,5.555555555555555,27.77777777777778,Naloxone,-0.08823441291228341,0.08833953167179782
215,19,15.789473684210526,10.526315789473683,Naloxone,-0.08823441291228341,0.08833953167179782
216,19,5.263157894736842,0,Naloxone,-0.08823441291228341,0.08833953167179782
217,19,26.31578947368421,10.526315789473683,Naloxone,-0.08823441291228341,0.08833953167179782
218,19,21.052631578947366,5.263157894736842,Naloxone,-0.08823441291228341,0.08833953167179782
219,19,36.84210526315789,0,Naloxone,-0.08823441291228341,0.08833953167179782
220,19,15.789473684210526,15.789473684210526,Naloxone,-0.08823441291228341,0.08833953167179782
221,19,57.89473684210527,5.263157894736842,Naloxone,-0.08823441291228341,0.08833953167179782
222,19,10.526315789473683,10.526315789473683,Naloxone,-0.08823441291228341,0.08833953167179782
223,19,26.31578947368421,42.10526315789473,Naloxone,-0.08823441291228341,0.08833953167179782
224,19,0,10.526315789473683,Naloxone,-0.08823441291228341,0.08833953167179782
225,19,10.526315789473683,5.263157894736842,Naloxone,-0.08823441291228341,0.08833953167179782
226,18,22.22222222222222,5.555555555555555,Naloxone,-0.08823441291228341,0.08833953167179782
227,19,36.84210526315789,10.526315789473683,Naloxone,-0.08823441291228341,0.08833953167179782
228,19,0,10.526315789473683,Naloxone,-0.08823441291228341,0.08833953167179782
229,19,0,21.052631578947366,Naloxone,-0.08823441291228341,0.08833953167179782
230,19,15.789473684210526,15.789473684210526,Naloxone,-0.08823441291228341,0.08833953167179782
231,19,21.052631578947366,31.57894736842105,Naloxone,-0.08823441291228341,0.08833953167179782
232,18,0,33.33333333333333,Naloxone,-0.08823441291228341,0.08833953167179782
233,19,5.263157894736842,10.526315789473683,Naloxone,-0.08823441291228341,0.08833953167179782
234,19,42.10526315789473,21.052631578947366,Naloxone,-0.08823441291228341,0.08833953167179782
235,19,0,47.368421052631575,Naloxone,-0.08823441291228341,0.08833953167179782
236,19,26.31578947368421,5.263157894736842,Naloxone,-0.08823441291228341,0.08833953167179782
237,19,0,21.052631578947366,Naloxone,-0.08823441291228341,0.08833953167179782
238,19,5.263157894736842,5.263157894736842,Naloxone,-0.08823441291228341,0.08833953167179782
239,19,21.052631578947366,0,Naloxone,-0.08823441291228341,0.08833953167179782
240,19,63.1578947368421,0,Naloxone,-0.08823441291228341,0.08833953167179782
241,19,15.789473684210526,10.526315789473683,Naloxone,-0.08823441291228341,0.08833953167179782
242,19,0,42.10526315789473,Naloxone,-0.08823441291228341,0.08833953167179782
243,19,10.526315789473683,0,Naloxone,-0.08823441291228341,0.08833953167179782
244,19,26.31578947368421,26.31578947368421,Naloxone,-0.08823441291228341,0.08833953167179782
245,19,26.31578947368421,15.789473684210526,Naloxone,-0.08823441291228341,0.08833953167179782
246,19,26.31578947368421,21.052631578947366,Naloxone,-0.08823441291228341,0.08833953167179782
247,19,10.526315789473683,0,Naloxone,-0.08823441291228341,0.08833953167179782
248,19,26.31578947368421,5.263157894736842,Naloxone,-0.08823441291228341,0.08833953167179782
249,19,21.052631578947366,15.789473684210526,Naloxone,-0.08823441291228341,0.08833953167179782
250,19,26.31578947368421,26.31578947368421,Naloxone,-0.08823441291228341,0.08833953167179782
251,19,21.052631578947366,10.526315789473683,Naloxone,-0.08823441291228341,0.08833953167179782
252,19,21.052631578947366,10.526315789473683,Naloxone,-0.08823441291228341,0.08833953167179782
253,19,10.526315789473683,5.263157894736842,Naloxone,-0.08823441291228341,0.08833953167179782
254,19,31.57894736842105,5.263157894736842,Naloxone,-0.08823441291228341,0.08833953167179782
255,19,15.789473684210526,0,Naloxone,-0.08823441291228341,0.08833953167179782
256,19,5.263157894736842,15.789473684210526,Naloxone,-0.08823441291228341,0.08833953167179782
257,19,31.57894736842105,0,Naloxone,-0.08823441291228341,0.08833953167179782
258,19,57.89473684210527,0,Naloxone,-0.08823441291228341,0.08833953167179782
259,19,31.57894736842105,0,Naloxone,-0.08823441291228341,0.08833953167179782
260,19,42.10526315789473,0,Naloxone,-0.08823441291228341,0.08833953167179782
261,19,31.57894736842105,0,Naloxone,-0.08823441291228341,0.08833953167179782
262,19,21.052631578947366,0,Naloxone,-0.08823441291228341,0.08833953167179782
263,19,26.31578947368421,10.526315789473683,Naloxone,-0.08823441291228341,0.08833953167179782
264,19,26.31578947368421,5.263157894736842,Naloxone,-0.08823441291228341,0.08833953167179782
265,19,10.526315789473683,21.052631578947366,Naloxone,-0.08823441291228341,0.08833953167179782
266,19,10.526315789473683,15.789473684210526,Naloxone,-0.08823441291228341,0.08833953167179782
267,19,21.052631578947366,10.526315789473683,Naloxone,-0.08823441291228341,0.08833953167179782
268,19,26.31578947368421,0,Naloxone,-0.08823441291228341,0.08833953167179782
269,19,31.57894736842105,0,Naloxone,-0.08823441291228341,0.08833953167179782
270,19,10.526315789473683,0,Naloxone,-0.08823441291228341,0.08833953167179782
271,19,26.31578947368421,0,Naloxone,-0.08823441291228341,0.08833953167179782
272,19,0,21.052631578947366,Naloxone,-0.08823441291228341,0.08833953167179782
273,19,26.31578947368421,5.263157894736842,Naloxone,-0.08823441291228341,0.08833953167179782
274,19,0,57.89473684210527,Naloxone,-0.08823441291228341,0.08833953167179782
275,19,31.57894736842105,0,Naloxone,-0.08823441291228341,0.08833953167179782
276,19,31.57894736842105,21.052631578947366,Naloxone,-0.08823441291228341,0.08833953167179782
277,19,42.10526315789473,10.526315789473683,Naloxone,-0.08823441291228341,0.08833953167179782
278,19,47.368421052631575,0,Naloxone,-0.08823441291228341,0.08833953167179782
279,19,36.84210526315789,0,Naloxone,-0.08823441291228341,0.08833953167179782
280,19,42.10526315789473,0,Naloxone,-0.08823441291228341,0.08833953167179782
281,19,10.526315789473683,26.31578947368421,Naloxone,-0.08823441291228341,0.08833953167179782
282,19,52.63157894736842,0,Naloxone,-0.08823441291228341,0.08833953167179782
283,19,0,63.1578947368421,Naloxone,-0.08823441291228341,0.08833953167179782
284,19,31.57894736842105,15.789473684210526,Naloxone,-0.08823441291228341,0.08833953167179782
285,19,21.052631578947366,15.789473684210526,Naloxone,-0.08823441291228341,0.08833953167179782
286,19,10.526315789473683,21.052631578947366,Naloxone,-0.08823441291228341,0.08833953167179782
287,19,5.263157894736842,84.21052631578947,Naloxone,-0.08823441291228341,0.08833953167179782
288,19,36.84210526315789,15.789473684210526,Naloxone,-0.08823441291228341,0.08833953167179782
289,19,0,5.263157894736842,Naloxone,-0.08823441291228341,0.08833953167179782
290,19,10.526315789473683,10.526315789473683,Naloxone,-0.08823441291228341,0.08833953167179782
291,19,26.31578947368421,5.263157894736842,Naloxone,-0.08823441291228341,0.08833953167179782
292,19,26.31578947368421,0,Naloxone,-0.08823441291228341,0.08833953167179782
293,19,31.57894736842105,0,Naloxone,-0.08823441291228341,0.08833953167179782
294,19,0,26.31578947368421,Naloxone,-0.08823441291228341,0.08833953167179782
295,19,0,57.89473684210527,Naloxone,-0.08823441291228341,0.08833953167179782
296,19,26.31578947368421,5.263157894736842,Naloxone,-0.08823441291228341,0.08833953167179782
297,19,73.68421052631578,5.263157894736842,Naloxone,-0.08823441291228341,0.08833953167179782
298,18,22.22222222222222,0,Naloxone,-0.08823441291228341,0.08833953167179782
299,19,21.052631578947366,21.052631578947366,Naloxone,-0.08823441291228341,0.08833953167179782
300,19,26.31578947368421,0,Naloxone,-0.08823441291228341,0.08833953167179782
301,19,31.57894736842105,5.263157894736842,Naloxone,-0.08823441291228341,0.08833953167179782
302,19,0,15.789473684210526,Naloxone,-0.08823441291228341,0.08833953167179782
303,19,26.31578947368421,0,Naloxone,-0.08823441291228341,0.08833953167179782
304,19,0,0,Naloxone,-0.08823441291228341,0.08833953167179782
305,19,10.526315789473683,0,Naloxone,-0.08823441291228341,0.08833953167179782
306,19,10.526315789473683,31.57894736842105,Naloxone,-0.08823441291228341,0.08833953167179782
307,19,10.526315789473683,5.263157894736842,Naloxone,-0.08823441291228341,0.08833953167179782
308,19,5.263157894736842,15.789473684210526,Naloxone,-0.08823441291228341,0.08833953167179782
309,19,15.789473684210526,10.526315789473683,Naloxone,-0.08823441291228341,0.08833953167179782
310,19,15.789473684210526,26.31578947368421,Naloxone,-0.08823441291228341,0.08833953167179782
311,19,5.263157894736842,5.263157894736842,Naloxone,-0.08823441291228341,0.08833953167179782
312,19,26.31578947368421,5.263157894736842,Naloxone,-0.08823441291228341,0.08833953167179782
313,19,5.263157894736842,0,Naloxone,-0.08823441291228341,0.08833953167179782
314,19,0,10.526315789473683,Naloxone,-0.08823441291228341,0.08833953167179782
315,19,10.526315789473683,5.263157894736842,Naloxone,-0.08823441291228341,0.08833953167179782
316,19,5.263157894736842,15.789473684210526,Naloxone,-0.08823441291228341,0.08833953167179782
317,19,0,10.526315789473683,Naloxone,-0.08823441291228341,0.08833953167179782
318,19,10.526315789473683,5.263157894736842,Naloxone,-0.08823441291228341,0.08833953167179782
319,19,10.526315789473683,5.263157894736842,Naloxone,-0.08823441291228341,0.08833953167179782
320,19,36.84210526315789,10.526315789473683,Naloxone,-0.08823441291228341,0.08833953167179782
321,19,36.84210526315789,10.526315789473683,Naloxone,-0.08823441291228341,0.08833953167179782
322,19,26.31578947368421,26.31578947368421,Naloxone,-0.08823441291228341,0.08833953167179782
323,19,47.368421052631575,0,Naloxone,-0.08823441291228341,0.08833953167179782
324,19,21.052631578947366,15.789473684210526,Naloxone,-0.08823441291228341,0.08833953167179782
325,19,42.10526315789473,5.263157894736842,Naloxone,-0.08823441291228341,0.08833953167179782
326,19,10.526315789473683,0,Naloxone,-0.08823441291228341,0.08833953167179782
327,19,21.052631578947366,0,Naloxone,-0.08823441291228341,0.08833953167179782
328,19,10.526315789473683,15.789473684210526,Naloxone,-0.08823441291228341,0.08833953167179782
329,19,36.84210526315789,5.263157894736842,Naloxone,-0.08823441291228341,0.08833953167179782
330,19,5.263157894736842,42.10526315789473,Naloxone,-0.08823441291228341,0.08833953167179782
331,19,0,42.10526315789473,Naloxone,-0.08823441291228341,0.08833953167179782
332,19,15.789473684210526,15.789473684210526,Naloxone,-0.08823441291228341,0.08833953167179782
333,19,15.789473684210526,21.052631578947366,Naloxone,-0.08823441291228341,0.08833953167179782
334,19,0,0,Naloxone,-0.08823441291228341,0.08833953167179782
335,19,0,42.10526315789473,Naloxone,-0.08823441291228341,0.08833953167179782
336,19,10.526315789473683,21.052631578947366,Naloxone,-0.08823441291228341,0.08833953167179782
337,18,0,44.44444444444444,Naloxone,-0.08823441291228341,0.08833953167179782
338,19,10.526315789473683,15.789473684210526,Naloxone,-0.08823441291228341,0.08833953167179782
339,19,21.052631578947366,10.526315789473683,Naloxone,-0.08823441291228341,0.08833953167179782
340,19,5.263157894736842,21.052631578947366,Naloxone,-0.08823441291228341,0.08833953167179782
341,19,0,73.68421052631578,Naloxone,-0.08823441291228341,0.08833953167179782
342,19,5.263157894736842,68.42105263157895,Naloxone,-0.08823441291228341,0.08833953167179782
343,19,0,36.84210526315789,Naloxone,-0.08823441291228341,0.08833953167179782
344,18,5.555555555555555,27.77777777777778,Naloxone,-0.08823441291228341,0.08833953167179782
345,19,15.789473684210526,36.84210526315789,Naloxone,-0.08823441291228341,0.08833953167179782
346,19,21.052631578947366,5.263157894736842,Naloxone,-0.08823441291228341,0.08833953167179782
347,19,36.84210526315789,0,Naloxone,-0.08823441291228341,0.08833953167179782
348,19,5.263157894736842,36.84210526315789,Naloxone,-0.08823441291228341,0.08833953167179782
349,19,0,15.789473684210526,Naloxone,-0.08823441291228341,0.08833953167179782
350,19,10.526315789473683,0,Naloxone,-0.08823441291228341,0.08833953167179782
351,19,5.263157894736842,36.84210526315789,Naloxone,-0.08823441291228341,0.08833953167179782
352,18,0,50,Naloxone,-0.08823441291228341,0.08833953167179782
353,19,5.263157894736842,26.31578947368421,Naloxone,-0.08823441291228341,0.08833953167179782
354,19,0,0,Naloxone,-0.08823441291228341,0.08833953167179782
355,19,0,15.789473684210526,Naloxone,-0.08823441291228341,0.08833953167179782
356,19,10.526315789473683,26.31578947368421,Naloxone,-0.08823441291228341,0.08833953167179782
357,19,21.052631578947366,5.263157894736842,Naloxone,-0.08823441291228341,0.08833953167179782
358,19,5.263157894736842,0,Naloxone,-0.08823441291228341,0.08833953167179782
359,19,0,15.789473684210526,Naloxone,-0.08823441291228341,0.08833953167179782
360,19,10.526315789473683,10.526315789473683,Naloxone,-0.08823441291228341,0.08833953167179782
361,19,0,0,Naloxone,-0.08823441291228341,0.08833953167179782
362,19,10.526315789473683,0,Naloxone,-0.08823441291228341,0.08833953167179782
363,19,5.263157894736842,0,Naloxone,-0.08823441291228341,0.08833953167179782
364,19,0,0,Naloxone,-0.08823441291228341,0.08833953167179782
365,19,0,0,Naloxone,-0.08823441291228341,0.08833953167179782
366,19,0,21.052631578947366,Naloxone,-0.08823441291228341,0.08833953167179782
367,19,10.526315789473683,0,Naloxone,-0.08823441291228341,0.08833953167179782
368,19,0,21.052631578947366,Naloxone,-0.08823441291228341,0.08833953167179782
369,19,15.789473684210526,0,Naloxone,-0.08823441291228341,0.08833953167179782
370,19,5.263157894736842,26.31578947368421,Naloxone,-0.08823441291228341,0.08833953167179782
371,19,10.526315789473683,0,Naloxone,-0.08823441291228341,0.08833953167179782
372,19,15.789473684210526,5.263157894736842,Naloxone,-0.08823441291228341,0.08833953167179782
373,19,0,10.526315789473683,Naloxone,-0.08823441291228341,0.08833953167179782
374,19,0,10.526315789473683,Naloxone,-0.08823441291228341,0.08833953167179782
375,19,15.789473684210526,0,Naloxone,-0.08823441291228341,0.08833953167179782
376,19,15.789473684210526,5.263157894736842,Naloxone,-0.08823441291228341,0.08833953167179782
377,19,10.526315789473683,5.263157894736842,Naloxone,-0.08823441291228341,0.08833953167179782
378,19,0,10.526315789473683,Naloxone,-0.08823441291228341,0.08833953167179782
379,19,15.789473684210526,5.263157894736842,Naloxone,-0.08823441291228341,0.08833953167179782
380,19,5.263157894736842,0,Naloxone,-0.08823441291228341,0.08833953167179782
381,19,15.789473684210526,0,Naloxone,-0.08823441291228341,0.08833953167179782
382,19,0,0,Naloxone,-0.08823441291228341,0.08833953167179782
383,19,0,0,Naloxone,-0.08823441291228341,0.08833953167179782
384,19,0,0,Naloxone,-0.08823441291228341,0.08833953167179782
385,19,5.263157894736842,10.526315789473683,Naloxone,-0.08823441291228341,0.08833953167179782
386,19,5.263157894736842,5.263157894736842,Naloxone,-0.08823441291228341,0.08833953167179782
387,19,5.263157894736842,5.263157894736842,Naloxone,-0.08823441291228341,0.08833953167179782
388,19,10.526315789473683,5.263157894736842,Naloxone,-0.08823441291228341,0.08833953167179782
389,19,0,5.263157894736842,Naloxone,-0.08823441291228341,0.08833953167179782
390,19,5.263157894736842,5.263157894736842,Naloxone,-0.08823441291228341,0.08833953167179782
391,19,0,31.57894736842105,Naloxone,-0.08823441291228341,0.08833953167179782
392,19,10.526315789473683,0,Naloxone,-0.08823441291228341,0.08833953167179782
393,19,15.789473684210526,0,Naloxone,-0.08823441291228341,0.08833953167179782
394,19,15.789473684210526,5.263157894736842,Naloxone,-0.08823441291228341,0.08833953167179782
395,19,15.789473684210526,0,Naloxone,-0.08823441291228341,0.08833953167179782
396,19,15.789473684210526,10.526315789473683,Naloxone,-0.08823441291228341,0.08833953167179782
397,19,15.789473684210526,21.052631578947366,Naloxone,-0.08823441291228341,0.08833953167179782
398,19,5.263157894736842,0,Naloxone,-0.08823441291228341,0.08833953167179782
399,19,26.31578947368421,0,Naloxone,-0.08823441291228341,0.08833953167179782
400,19,15.789473684210526,0,Naloxone,-0.08823441291228341,0.08833953167179782
2,19,0,26.31578947368421,Naltrexone,-0.08483974864465514,0.08504720189918778
3,18,0,27.77777777777778,Naltrexone,-0.08483974864465514,0.08504720189918778
4,19,0,15.789473684210526,Naltrexone,-0.08483974864465514,0.08504720189918778
5,19,0,15.789473684210526,Naltrexone,-0.08483974864465514,0.08504720189918778
6,19,0,31.57894736842105,Naltrexone,-0.08483974864465514,0.08504720189918778
7,19,5.263157894736842,31.57894736842105,Naltrexone,-0.08483974864465514,0.08504720189918778
8,19,0,31.57894736842105,Naltrexone,-0.08483974864465514,0.08504720189918778
9,19,0,10.526315789473683,Naltrexone,-0.08483974864465514,0.08504720189918778
10,19,0,47.368421052631575,Naltrexone,-0.08483974864465514,0.08504720189918778
11,19,0,15.789473684210526,Naltrexone,-0.08483974864465514,0.08504720189918778
12,19,0,26.31578947368421,Naltrexone,-0.08483974864465514,0.08504720189918778
13,19,0,15.789473684210526,Naltrexone,-0.08483974864465514,0.08504720189918778
14,18,0,16.666666666666664,Naltrexone,-0.08483974864465514,0.08504720189918778
15,19,0,10.526315789473683,Naltrexone,-0.08483974864465514,0.08504720189918778
16,19,0,15.789473684210526,Naltrexone,-0.08483974864465514,0.08504720189918778
17,19,5.263157894736842,31.57894736842105,Naltrexone,-0.08483974864465514,0.08504720189918778
18,19,5.263157894736842,5.263157894736842,Naltrexone,-0.08483974864465514,0.08504720189918778
19,19,0,10.526315789473683,Naltrexone,-0.08483974864465514,0.08504720189918778
20,19,5.263157894736842,42.10526315789473,Naltrexone,-0.08483974864465514,0.08504720189918778
21,19,0,31.57894736842105,Naltrexone,-0.08483974864465514,0.08504720189918778
22,17,0,17.647058823529413,Naltrexone,-0.08483974864465514,0.08504720189918778
23,19,0,31.57894736842105,Naltrexone,-0.08483974864465514,0.08504720189918778
24,19,0,21.052631578947366,Naltrexone,-0.08483974864465514,0.08504720189918778
25,19,5.263157894736842,5.263157894736842,Naltrexone,-0.08483974864465514,0.08504720189918778
26,19,0,21.052631578947366,Naltrexone,-0.08483974864465514,0.08504720189918778
27,19,0,21.052631578947366,Naltrexone,-0.08483974864465514,0.08504720189918778
28,19,5.263157894736842,21.052631578947366,Naltrexone,-0.08483974864465514,0.08504720189918778
29,19,5.263157894736842,26.31578947368421,Naltrexone,-0.08483974864465514,0.08504720189918778
30,19,0,47.368421052631575,Naltrexone,-0.08483974864465514,0.08504720189918778
31,19,0,47.368421052631575,Naltrexone,-0.08483974864465514,0.08504720189918778
32,19,0,36.84210526315789,Naltrexone,-0.08483974864465514,0.08504720189918778
33,19,10.526315789473683,26.31578947368421,Naltrexone,-0.08483974864465514,0.08504720189918778
34,19,10.526315789473683,15.789473684210526,Naltrexone,-0.08483974864465514,0.08504720189918778
35,19,0,21.052631578947366,Naltrexone,-0.08483974864465514,0.08504720189918778
36,19,0,15.789473684210526,Naltrexone,-0.08483974864465514,0.08504720189918778
37,17,0,17.647058823529413,Naltrexone,-0.08483974864465514,0.08504720189918778
38,19,5.263157894736842,15.789473684210526,Naltrexone,-0.08483974864465514,0.08504720189918778
39,19,0,15.789473684210526,Naltrexone,-0.08483974864465514,0.08504720189918778
40,19,5.263157894736842,5.263157894736842,Naltrexone,-0.08483974864465514,0.08504720189918778
41,19,0,21.052631578947366,Naltrexone,-0.08483974864465514,0.08504720189918778
42,19,0,10.526315789473683,Naltrexone,-0.08483974864465514,0.08504720189918778
43,19,0,21.052631578947366,Naltrexone,-0.08483974864465514,0.08504720189918778
44,19,0,10.526315789473683,Naltrexone,-0.08483974864465514,0.08504720189918778
45,19,15.789473684210526,0,Naltrexone,-0.08483974864465514,0.08504720189918778
46,19,0,5.263157894736842,Naltrexone,-0.08483974864465514,0.08504720189918778
47,19,0,26.31578947368421,Naltrexone,-0.08483974864465514,0.08504720189918778
48,19,15.789473684210526,15.789473684210526,Naltrexone,-0.08483974864465514,0.08504720189918778
49,19,0,10.526315789473683,Naltrexone,-0.08483974864465514,0.08504720189918778
50,19,0,31.57894736842105,Naltrexone,-0.08483974864465514,0.08504720189918778
51,19,0,36.84210526315789,Naltrexone,-0.08483974864465514,0.08504720189918778
52,19,5.263157894736842,26.31578947368421,Naltrexone,-0.08483974864465514,0.08504720189918778
53,19,5.263157894736842,42.10526315789473,Naltrexone,-0.08483974864465514,0.08504720189918778
54,19,5.263157894736842,5.263157894736842,Naltrexone,-0.08483974864465514,0.08504720189918778
55,19,0,21.052631578947366,Naltrexone,-0.08483974864465514,0.08504720189918778
56,19,5.263157894736842,15.789473684210526,Naltrexone,-0.08483974864465514,0.08504720189918778
57,19,0,21.052631578947366,Naltrexone,-0.08483974864465514,0.08504720189918778
58,19,5.263157894736842,36.84210526315789,Naltrexone,-0.08483974864465514,0.08504720189918778
59,19,10.526315789473683,42.10526315789473,Naltrexone,-0.08483974864465514,0.08504720189918778
60,19,0,21.052631578947366,Naltrexone,-0.08483974864465514,0.08504720189918778
61,19,5.263157894736842,26.31578947368421,Naltrexone,-0.08483974864465514,0.08504720189918778
62,19,0,21.052631578947366,Naltrexone,-0.08483974864465514,0.08504720189918778
63,19,5.263157894736842,0,Naltrexone,-0.08483974864465514,0.08504720189918778
64,19,5.263157894736842,21.052631578947366,Naltrexone,-0.08483974864465514,0.08504720189918778
65,19,0,21.052631578947366,Naltrexone,-0.08483974864465514,0.08504720189918778
66,19,0,26.31578947368421,Naltrexone,-0.08483974864465514,0.08504720189918778
67,19,0,5.263157894736842,Naltrexone,-0.08483974864465514,0.08504720189918778
68,19,0,26.31578947368421,Naltrexone,-0.08483974864465514,0.08504720189918778
69,19,21.052631578947366,10.526315789473683,Naltrexone,-0.08483974864465514,0.08504720189918778
70,19,5.263157894736842,68.42105263157895,Naltrexone,-0.08483974864465514,0.08504720189918778
71,19,5.263157894736842,15.789473684210526,Naltrexone,-0.08483974864465514,0.08504720189918778
72,19,5.263157894736842,21.052631578947366,Naltrexone,-0.08483974864465514,0.08504720189918778
73,19,15.789473684210526,10.526315789473683,Naltrexone,-0.08483974864465514,0.08504720189918778
74,19,21.052631578947366,5.263157894736842,Naltrexone,-0.08483974864465514,0.08504720189918778
75,18,16.666666666666664,0,Naltrexone,-0.08483974864465514,0.08504720189918778
76,19,26.31578947368421,10.526315789473683,Naltrexone,-0.08483974864465514,0.08504720189918778
77,19,26.31578947368421,0,Naltrexone,-0.08483974864465514,0.08504720189918778
78,19,10.526315789473683,10.526315789473683,Naltrexone,-0.08483974864465514,0.08504720189918778
79,19,5.263157894736842,5.263157894736842,Naltrexone,-0.08483974864465514,0.08504720189918778
80,19,15.789473684210526,31.57894736842105,Naltrexone,-0.08483974864465514,0.08504720189918778
81,19,26.31578947368421,15.789473684210526,Naltrexone,-0.08483974864465514,0.08504720189918778
82,19,26.31578947368421,0,Naltrexone,-0.08483974864465514,0.08504720189918778
83,19,10.526315789473683,15.789473684210526,Naltrexone,-0.08483974864465514,0.08504720189918778
84,19,15.789473684210526,0,Naltrexone,-0.08483974864465514,0.08504720189918778
85,19,42.10526315789473,21.052631578947366,Naltrexone,-0.08483974864465514,0.08504720189918778
86,19,26.31578947368421,26.31578947368421,Naltrexone,-0.08483974864465514,0.08504720189918778
87,19,5.263157894736842,36.84210526315789,Naltrexone,-0.08483974864465514,0.08504720189918778
88,19,15.789473684210526,10.526315789473683,Naltrexone,-0.08483974864465514,0.08504720189918778
89,19,15.789473684210526,21.052631578947366,Naltrexone,-0.08483974864465514,0.08504720189918778
90,19,42.10526315789473,5.263157894736842,Naltrexone,-0.08483974864465514,0.08504720189918778
91,19,31.57894736842105,0,Naltrexone,-0.08483974864465514,0.08504720189918778
92,18,11.11111111111111,11.11111111111111,Naltrexone,-0.08483974864465514,0.08504720189918778
93,19,15.789473684210526,0,Naltrexone,-0.08483974864465514,0.08504720189918778
94,19,10.526315789473683,21.052631578947366,Naltrexone,-0.08483974864465514,0.08504720189918778
95,19,21.052631578947366,36.84210526315789,Naltrexone,-0.08483974864465514,0.08504720189918778
96,19,21.052631578947366,15.789473684210526,Naltrexone,-0.08483974864465514,0.08504720189918778
97,18,44.44444444444444,5.555555555555555,Naltrexone,-0.08483974864465514,0.08504720189918778
98,19,47.368421052631575,15.789473684210526,Naltrexone,-0.08483974864465514,0.08504720189918778
99,19,21.052631578947366,21.052631578947366,Naltrexone,-0.08483974864465514,0.08504720189918778
100,19,52.63157894736842,5.263157894736842,Naltrexone,-0.08483974864465514,0.08504720189918778
101,19,0,31.57894736842105,Naltrexone,-0.08483974864465514,0.08504720189918778
102,19,26.31578947368421,15.789473684210526,Naltrexone,-0.08483974864465514,0.08504720189918778
103,19,15.789473684210526,47.368421052631575,Naltrexone,-0.08483974864465514,0.08504720189918778
104,19,10.526315789473683,5.263157894736842,Naltrexone,-0.08483974864465514,0.08504720189918778
105,19,15.789473684210526,10.526315789473683,Naltrexone,-0.08483974864465514,0.08504720189918778
106,19,0,52.63157894736842,Naltrexone,-0.08483974864465514,0.08504720189918778
107,19,15.789473684210526,21.052631578947366,Naltrexone,-0.08483974864465514,0.08504720189918778
108,19,15.789473684210526,5.263157894736842,Naltrexone,-0.08483974864465514,0.08504720189918778
109,19,10.526315789473683,47.368421052631575,Naltrexone,-0.08483974864465514,0.08504720189918778
110,19,36.84210526315789,10.526315789473683,Naltrexone,-0.08483974864465514,0.08504720189918778
111,19,10.526315789473683,57.89473684210527,Naltrexone,-0.08483974864465514,0.08504720189918778
112,19,42.10526315789473,5.263157894736842,Naltrexone,-0.08483974864465514,0.08504720189918778
113,19,15.789473684210526,15.789473684210526,Naltrexone,-0.08483974864465514,0.08504720189918778
114,19,31.57894736842105,5.263157894736842,Naltrexone,-0.08483974864465514,0.08504720189918778
115,19,42.10526315789473,15.789473684210526,Naltrexone,-0.08483974864465514,0.08504720189918778
116,19,36.84210526315789,15.789473684210526,Naltrexone,-0.08483974864465514,0.08504720189918778
117,19,47.368421052631575,0,Naltrexone,-0.08483974864465514,0.08504720189918778
118,19,15.789473684210526,15.789473684210526,Naltrexone,-0.08483974864465514,0.08504720189918778
119,19,10.526315789473683,31.57894736842105,Naltrexone,-0.08483974864465514,0.08504720189918778
120,19,10.526315789473683,21.052631578947366,Naltrexone,-0.08483974864465514,0.08504720189918778
121,19,47.368421052631575,0,Naltrexone,-0.08483974864465514,0.08504720189918778
122,19,0,31.57894736842105,Naltrexone,-0.08483974864465514,0.08504720189918778
123,19,26.31578947368421,36.84210526315789,Naltrexone,-0.08483974864465514,0.08504720189918778
124,19,0,10.526315789473683,Naltrexone,-0.08483974864465514,0.08504720189918778
125,19,63.1578947368421,0,Naltrexone,-0.08483974864465514,0.08504720189918778
126,19,0,21.052631578947366,Naltrexone,-0.08483974864465514,0.08504720189918778
127,19,0,47.368421052631575,Naltrexone,-0.08483974864465514,0.08504720189918778
128,19,42.10526315789473,10.526315789473683,Naltrexone,-0.08483974864465514,0.08504720189918778
129,19,0,15.789473684210526,Naltrexone,-0.08483974864465514,0.08504720189918778
130,19,5.263157894736842,15.789473684210526,Naltrexone,-0.08483974864465514,0.08504720189918778
131,19,21.052631578947366,5.263157894736842,Naltrexone,-0.08483974864465514,0.08504720189918778
132,19,21.052631578947366,15.789473684210526,Naltrexone,-0.08483974864465514,0.08504720189918778
133,19,31.57894736842105,0,Naltrexone,-0.08483974864465514,0.08504720189918778
134,19,21.052631578947366,15.789473684210526,Naltrexone,-0.08483974864465514,0.08504720189918778
135,19,31.57894736842105,5.263157894736842,Naltrexone,-0.08483974864465514,0.08504720189918778
136,19,0,15.789473684210526,Naltrexone,-0.08483974864465514,0.08504720189918778
137,19,10.526315789473683,0,Naltrexone,-0.08483974864465514,0.08504720189918778
138,19,31.57894736842105,10.526315789473683,Naltrexone,-0.08483974864465514,0.08504720189918778
139,19,15.789473684210526,10.526315789473683,Naltrexone,-0.08483974864465514,0.08504720189918778
140,19,5.263157894736842,31.57894736842105,Naltrexone,-0.08483974864465514,0.08504720189918778
141,19,0,31.57894736842105,Naltrexone,-0.08483974864465514,0.08504720189918778
142,19,47.368421052631575,0,Naltrexone,-0.08483974864465514,0.08504720189918778
143,19,36.84210526315789,15.789473684210526,Naltrexone,-0.08483974864465514,0.08504720189918778
144,19,26.31578947368421,15.789473684210526,Naltrexone,-0.08483974864465514,0.08504720189918778
145,19,26.31578947368421,0,Naltrexone,-0.08483974864465514,0.08504720189918778
146,19,5.263157894736842,26.31578947368421,Naltrexone,-0.08483974864465514,0.08504720189918778
147,19,15.789473684210526,10.526315789473683,Naltrexone,-0.08483974864465514,0.08504720189918778
148,19,5.263157894736842,94.73684210526315,Naltrexone,-0.08483974864465514,0.08504720189918778
149,19,0,63.1578947368421,Naltrexone,-0.08483974864465514,0.08504720189918778
150,19,10.526315789473683,36.84210526315789,Naltrexone,-0.08483974864465514,0.08504720189918778
151,19,5.263157894736842,52.63157894736842,Naltrexone,-0.08483974864465514,0.08504720189918778
152,19,0,63.1578947368421,Naltrexone,-0.08483974864465514,0.08504720189918778
153,19,21.052631578947366,31.57894736842105,Naltrexone,-0.08483974864465514,0.08504720189918778
154,19,15.789473684210526,5.263157894736842,Naltrexone,-0.08483974864465514,0.08504720189918778
155,19,42.10526315789473,0,Naltrexone,-0.08483974864465514,0.08504720189918778
156,19,5.263157894736842,36.84210526315789,Naltrexone,-0.08483974864465514,0.08504720189918778
157,19,57.89473684210527,15.789473684210526,Naltrexone,-0.08483974864465514,0.08504720189918778
158,19,21.052631578947366,10.526315789473683,Naltrexone,-0.08483974864465514,0.08504720189918778
159,19,5.263157894736842,52.63157894736842,Naltrexone,-0.08483974864465514,0.08504720189918778
160,19,5.263157894736842,21.052631578947366,Naltrexone,-0.08483974864465514,0.08504720189918778
161,19,57.89473684210527,0,Naltrexone,-0.08483974864465514,0.08504720189918778
162,19,10.526315789473683,31.57894736842105,Naltrexone,-0.08483974864465514,0.08504720189918778
163,19,26.31578947368421,21.052631578947366,Naltrexone,-0.08483974864465514,0.08504720189918778
164,19,57.89473684210527,15.789473684210526,Naltrexone,-0.08483974864465514,0.08504720189918778
165,19,73.68421052631578,0,Naltrexone,-0.08483974864465514,0.08504720189918778
166,19,31.57894736842105,15.789473684210526,Naltrexone,-0.08483974864465514,0.08504720189918778
167,19,42.10526315789473,5.263157894736842,Naltrexone,-0.08483974864465514,0.08504720189918778
168,19,36.84210526315789,15.789473684210526,Naltrexone,-0.08483974864465514,0.08504720189918778
169,19,47.368421052631575,0,Naltrexone,-0.08483974864465514,0.08504720189918778
170,19,57.89473684210527,5.263157894736842,Naltrexone,-0.08483974864465514,0.08504720189918778
171,19,47.368421052631575,0,Naltrexone,-0.08483974864465514,0.08504720189918778
172,19,15.789473684210526,10.526315789473683,Naltrexone,-0.08483974864465514,0.08504720189918778
173,19,63.1578947368421,0,Naltrexone,-0.08483974864465514,0.08504720189918778
174,19,47.368421052631575,0,Naltrexone,-0.08483974864465514,0.08504720189918778
175,19,73.68421052631578,5.263157894736842,Naltrexone,-0.08483974864465514,0.08504720189918778
176,19,26.31578947368421,0,Naltrexone,-0.08483974864465514,0.08504720189918778
177,19,47.368421052631575,5.263157894736842,Naltrexone,-0.08483974864465514,0.08504720189918778
178,19,78.94736842105263,0,Naltrexone,-0.08483974864465514,0.08504720189918778
179,19,5.263157894736842,47.368421052631575,Naltrexone,-0.08483974864465514,0.08504720189918778
180,19,42.10526315789473,15.789473684210526,Naltrexone,-0.08483974864465514,0.08504720189918778
181,19,42.10526315789473,0,Naltrexone,-0.08483974864465514,0.08504720189918778
182,19,5.263157894736842,31.57894736842105,Naltrexone,-0.08483974864465514,0.08504720189918778
183,19,26.31578947368421,21.052631578947366,Naltrexone,-0.08483974864465514,0.08504720189918778
184,19,52.63157894736842,5.263157894736842,Naltrexone,-0.08483974864465514,0.08504720189918778
185,19,26.31578947368421,5.263157894736842,Naltrexone,-0.08483974864465514,0.08504720189918778
186,19,57.89473684210527,5.263157894736842,Naltrexone,-0.08483974864465514,0.08504720189918778
187,19,42.10526315789473,0,Naltrexone,-0.08483974864465514,0.08504720189918778
188,19,10.526315789473683,10.526315789473683,Naltrexone,-0.08483974864465514,0.08504720189918778
189,19,42.10526315789473,10.526315789473683,Naltrexone,-0.08483974864465514,0.08504720189918778
190,19,10.526315789473683,36.84210526315789,Naltrexone,-0.08483974864465514,0.08504720189918778
191,19,5.263157894736842,15.789473684210526,Naltrexone,-0.08483974864465514,0.08504720189918778
192,19,21.052631578947366,0,Naltrexone,-0.08483974864465514,0.08504720189918778
193,19,21.052631578947366,0,Naltrexone,-0.08483974864465514,0.08504720189918778
194,19,47.368421052631575,10.526315789473683,Naltrexone,-0.08483974864465514,0.08504720189918778
195,19,42.10526315789473,10.526315789473683,Naltrexone,-0.08483974864465514,0.08504720189918778
196,19,26.31578947368421,5.263157894736842,Naltrexone,-0.08483974864465514,0.08504720189918778
197,19,15.789473684210526,31.57894736842105,Naltrexone,-0.08483974864465514,0.08504720189918778
198,19,0,31.57894736842105,Naltrexone,-0.08483974864465514,0.08504720189918778
199,19,15.789473684210526,15.789473684210526,Naltrexone,-0.08483974864465514,0.08504720189918778
200,19,47.368421052631575,0,Naltrexone,-0.08483974864465514,0.08504720189918778
201,19,26.31578947368421,31.57894736842105,Naltrexone,-0.08483974864465514,0.08504720189918778
202,19,36.84210526315789,21.052631578947366,Naltrexone,-0.08483974864465514,0.08504720189918778
203,19,42.10526315789473,0,Naltrexone,-0.08483974864465514,0.08504720189918778
204,19,10.526315789473683,31.57894736842105,Naltrexone,-0.08483974864465514,0.08504720189918778
205,19,31.57894736842105,15.789473684210526,Naltrexone,-0.08483974864465514,0.08504720189918778
206,19,31.57894736842105,0,Naltrexone,-0.08483974864465514,0.08504720189918778
207,19,5.263157894736842,15.789473684210526,Naltrexone,-0.08483974864465514,0.08504720189918778
208,19,21.052631578947366,5.263157894736842,Naltrexone,-0.08483974864465514,0.08504720189918778
209,19,47.368421052631575,10.526315789473683,Naltrexone,-0.08483974864465514,0.08504720189918778
210,19,42.10526315789473,5.263157894736842,Naltrexone,-0.08483974864465514,0.08504720189918778
211,19,36.84210526315789,0,Naltrexone,-0.08483974864465514,0.08504720189918778
212,19,5.263157894736842,15.789473684210526,Naltrexone,-0.08483974864465514,0.08504720189918778
213,19,26.31578947368421,21.052631578947366,Naltrexone,-0.08483974864465514,0.08504720189918778
214,18,5.555555555555555,5.555555555555555,Naltrexone,-0.08483974864465514,0.08504720189918778
215,19,21.052631578947366,0,Naltrexone,-0.08483974864465514,0.08504720189918778
216,19,42.10526315789473,5.263157894736842,Naltrexone,-0.08483974864465514,0.08504720189918778
217,19,21.052631578947366,10.526315789473683,Naltrexone,-0.08483974864465514,0.08504720189918778
218,19,5.263157894736842,15.789473684210526,Naltrexone,-0.08483974864465514,0.08504720189918778
219,19,21.052631578947366,0,Naltrexone,-0.08483974864465514,0.08504720189918778
220,19,15.789473684210526,5.263157894736842,Naltrexone,-0.08483974864465514,0.08504720189918778
221,19,0,21.052631578947366,Naltrexone,-0.08483974864465514,0.08504720189918778
222,19,0,21.052631578947366,Naltrexone,-0.08483974864465514,0.08504720189918778
223,19,10.526315789473683,31.57894736842105,Naltrexone,-0.08483974864465514,0.08504720189918778
224,19,26.31578947368421,26.31578947368421,Naltrexone,-0.08483974864465514,0.08504720189918778
225,19,5.263157894736842,15.789473684210526,Naltrexone,-0.08483974864465514,0.08504720189918778
226,18,16.666666666666664,5.555555555555555,Naltrexone,-0.08483974864465514,0.08504720189918778
227,19,26.31578947368421,0,Naltrexone,-0.08483974864465514,0.08504720189918778
228,19,0,0,Naltrexone,-0.08483974864465514,0.08504720189918778
229,19,15.789473684210526,47.368421052631575,Naltrexone,-0.08483974864465514,0.08504720189918778
230,19,5.263157894736842,52.63157894736842,Naltrexone,-0.08483974864465514,0.08504720189918778
231,19,0,36.84210526315789,Naltrexone,-0.08483974864465514,0.08504720189918778
232,18,22.22222222222222,38.88888888888889,Naltrexone,-0.08483974864465514,0.08504720189918778
233,19,5.263157894736842,42.10526315789473,Naltrexone,-0.08483974864465514,0.08504720189918778
234,19,21.052631578947366,21.052631578947366,Naltrexone,-0.08483974864465514,0.08504720189918778
235,19,0,63.1578947368421,Naltrexone,-0.08483974864465514,0.08504720189918778
236,19,47.368421052631575,0,Naltrexone,-0.08483974864465514,0.08504720189918778
237,19,36.84210526315789,5.263157894736842,Naltrexone,-0.08483974864465514,0.08504720189918778
238,19,10.526315789473683,0,Naltrexone,-0.08483974864465514,0.08504720189918778
239,19,21.052631578947366,26.31578947368421,Naltrexone,-0.08483974864465514,0.08504720189918778
240,19,31.57894736842105,5.263157894736842,Naltrexone,-0.08483974864465514,0.08504720189918778
241,19,36.84210526315789,5.263157894736842,Naltrexone,-0.08483974864465514,0.08504720189918778
242,19,10.526315789473683,26.31578947368421,Naltrexone,-0.08483974864465514,0.08504720189918778
243,19,42.10526315789473,15.789473684210526,Naltrexone,-0.08483974864465514,0.08504720189918778
244,19,42.10526315789473,21.052631578947366,Naltrexone,-0.08483974864465514,0.08504720189918778
245,19,42.10526315789473,0,Naltrexone,-0.08483974864465514,0.08504720189918778
246,19,68.42105263157895,5.263157894736842,Naltrexone,-0.08483974864465514,0.08504720189918778
247,19,31.57894736842105,5.263157894736842,Naltrexone,-0.08483974864465514,0.08504720189918778
248,19,26.31578947368421,5.263157894736842,Naltrexone,-0.08483974864465514,0.08504720189918778
249,19,52.63157894736842,0,Naltrexone,-0.08483974864465514,0.08504720189918778
250,19,31.57894736842105,5.263157894736842,Naltrexone,-0.08483974864465514,0.08504720189918778
251,19,52.63157894736842,0,Naltrexone,-0.08483974864465514,0.08504720189918778
252,19,26.31578947368421,5.263157894736842,Naltrexone,-0.08483974864465514,0.08504720189918778
253,19,78.94736842105263,0,Naltrexone,-0.08483974864465514,0.08504720189918778
254,19,42.10526315789473,5.263157894736842,Naltrexone,-0.08483974864465514,0.08504720189918778
255,19,57.89473684210527,0,Naltrexone,-0.08483974864465514,0.08504720189918778
256,19,26.31578947368421,0,Naltrexone,-0.08483974864465514,0.08504720189918778
257,19,47.368421052631575,10.526315789473683,Naltrexone,-0.08483974864465514,0.08504720189918778
258,19,78.94736842105263,0,Naltrexone,-0.08483974864465514,0.08504720189918778
259,19,10.526315789473683,26.31578947368421,Naltrexone,-0.08483974864465514,0.08504720189918778
260,19,47.368421052631575,0,Naltrexone,-0.08483974864465514,0.08504720189918778
261,19,42.10526315789473,0,Naltrexone,-0.08483974864465514,0.08504720189918778
262,19,36.84210526315789,10.526315789473683,Naltrexone,-0.08483974864465514,0.08504720189918778
263,19,5.263157894736842,21.052631578947366,Naltrexone,-0.08483974864465514,0.08504720189918778
264,19,15.789473684210526,0,Naltrexone,-0.08483974864465514,0.08504720189918778
265,19,26.31578947368421,0,Naltrexone,-0.08483974864465514,0.08504720189918778
266,19,21.052631578947366,15.789473684210526,Naltrexone,-0.08483974864465514,0.08504720189918778
267,19,0,10.526315789473683,Naltrexone,-0.08483974864465514,0.08504720189918778
268,19,21.052631578947366,5.263157894736842,Naltrexone,-0.08483974864465514,0.08504720189918778
269,19,15.789473684210526,0,Naltrexone,-0.08483974864465514,0.08504720189918778
270,19,31.57894736842105,0,Naltrexone,-0.08483974864465514,0.08504720189918778
271,19,26.31578947368421,0,Naltrexone,-0.08483974864465514,0.08504720189918778
272,19,5.263157894736842,36.84210526315789,Naltrexone,-0.08483974864465514,0.08504720189918778
273,19,47.368421052631575,0,Naltrexone,-0.08483974864465514,0.08504720189918778
274,19,0,31.57894736842105,Naltrexone,-0.08483974864465514,0.08504720189918778
275,19,36.84210526315789,5.263157894736842,Naltrexone,-0.08483974864465514,0.08504720189918778
276,19,5.263157894736842,47.368421052631575,Naltrexone,-0.08483974864465514,0.08504720189918778
277,19,47.368421052631575,10.526315789473683,Naltrexone,-0.08483974864465514,0.08504720189918778
278,19,63.1578947368421,5.263157894736842,Naltrexone,-0.08483974864465514,0.08504720189918778
279,19,63.1578947368421,0,Naltrexone,-0.08483974864465514,0.08504720189918778
280,19,57.89473684210527,0,Naltrexone,-0.08483974864465514,0.08504720189918778
281,19,15.789473684210526,15.789473684210526,Naltrexone,-0.08483974864465514,0.08504720189918778
282,19,31.57894736842105,5.263157894736842,Naltrexone,-0.08483974864465514,0.08504720189918778
283,19,5.263157894736842,57.89473684210527,Naltrexone,-0.08483974864465514,0.08504720189918778
284,19,31.57894736842105,10.526315789473683,Naltrexone,-0.08483974864465514,0.08504720189918778
285,19,47.368421052631575,0,Naltrexone,-0.08483974864465514,0.08504720189918778
286,19,5.263157894736842,42.10526315789473,Naltrexone,-0.08483974864465514,0.08504720189918778
287,19,0,68.42105263157895,Naltrexone,-0.08483974864465514,0.08504720189918778
288,19,31.57894736842105,15.789473684210526,Naltrexone,-0.08483974864465514,0.08504720189918778
289,19,31.57894736842105,15.789473684210526,Naltrexone,-0.08483974864465514,0.08504720189918778
290,19,21.052631578947366,5.263157894736842,Naltrexone,-0.08483974864465514,0.08504720189918778
291,19,52.63157894736842,21.052631578947366,Naltrexone,-0.08483974864465514,0.08504720189918778
292,19,15.789473684210526,0,Naltrexone,-0.08483974864465514,0.08504720189918778
293,19,31.57894736842105,5.263157894736842,Naltrexone,-0.08483974864465514,0.08504720189918778
294,19,42.10526315789473,15.789473684210526,Naltrexone,-0.08483974864465514,0.08504720189918778
295,19,10.526315789473683,36.84210526315789,Naltrexone,-0.08483974864465514,0.08504720189918778
296,19,15.789473684210526,5.263157894736842,Naltrexone,-0.08483974864465514,0.08504720189918778
297,19,68.42105263157895,0,Naltrexone,-0.08483974864465514,0.08504720189918778
298,18,50,0,Naltrexone,-0.08483974864465514,0.08504720189918778
299,19,21.052631578947366,26.31578947368421,Naltrexone,-0.08483974864465514,0.08504720189918778
300,19,47.368421052631575,0,Naltrexone,-0.08483974864465514,0.08504720189918778
301,19,36.84210526315789,0,Naltrexone,-0.08483974864465514,0.08504720189918778
302,19,0,21.052631578947366,Naltrexone,-0.08483974864465514,0.08504720189918778
303,19,15.789473684210526,5.263157894736842,Naltrexone,-0.08483974864465514,0.08504720189918778
304,19,42.10526315789473,10.526315789473683,Naltrexone,-0.08483974864465514,0.08504720189918778
305,19,31.57894736842105,5.263157894736842,Naltrexone,-0.08483974864465514,0.08504720189918778
306,19,0,36.84210526315789,Naltrexone,-0.08483974864465514,0.08504720189918778
307,19,0,31.57894736842105,Naltrexone,-0.08483974864465514,0.08504720189918778
308,19,21.052631578947366,0,Naltrexone,-0.08483974864465514,0.08504720189918778
309,19,0,10.526315789473683,Naltrexone,-0.08483974864465514,0.08504720189918778
310,19,15.789473684210526,31.57894736842105,Naltrexone,-0.08483974864465514,0.08504720189918778
311,19,21.052631578947366,5.263157894736842,Naltrexone,-0.08483974864465514,0.08504720189918778
312,19,5.263157894736842,10.526315789473683,Naltrexone,-0.08483974864465514,0.08504720189918778
313,19,0,0,Naltrexone,-0.08483974864465514,0.08504720189918778
314,19,31.57894736842105,15.789473684210526,Naltrexone,-0.08483974864465514,0.08504720189918778
315,19,26.31578947368421,0,Naltrexone,-0.08483974864465514,0.08504720189918778
316,19,0,10.526315789473683,Naltrexone,-0.08483974864465514,0.08504720189918778
317,19,26.31578947368421,5.263157894736842,Naltrexone,-0.08483974864465514,0.08504720189918778
318,19,26.31578947368421,5.263157894736842,Naltrexone,-0.08483974864465514,0.08504720189918778
319,19,26.31578947368421,5.263157894736842,Naltrexone,-0.08483974864465514,0.08504720189918778
320,19,36.84210526315789,5.263157894736842,Naltrexone,-0.08483974864465514,0.08504720189918778
321,19,42.10526315789473,0,Naltrexone,-0.08483974864465514,0.08504720189918778
322,19,21.052631578947366,10.526315789473683,Naltrexone,-0.08483974864465514,0.08504720189918778
323,19,15.789473684210526,10.526315789473683,Naltrexone,-0.08483974864465514,0.08504720189918778
324,19,10.526315789473683,15.789473684210526,Naltrexone,-0.08483974864465514,0.08504720189918778
325,19,31.57894736842105,21.052631578947366,Naltrexone,-0.08483974864465514,0.08504720189918778
326,19,31.57894736842105,0,Naltrexone,-0.08483974864465514,0.08504720189918778
327,19,21.052631578947366,0,Naltrexone,-0.08483974864465514,0.08504720189918778
328,19,36.84210526315789,10.526315789473683,Naltrexone,-0.08483974864465514,0.08504720189918778
329,19,42.10526315789473,10.526315789473683,Naltrexone,-0.08483974864465514,0.08504720189918778
330,19,21.052631578947366,31.57894736842105,Naltrexone,-0.08483974864465514,0.08504720189918778
331,19,0,52.63157894736842,Naltrexone,-0.08483974864465514,0.08504720189918778
332,19,15.789473684210526,0,Naltrexone,-0.08483974864465514,0.08504720189918778
333,19,0,15.789473684210526,Naltrexone,-0.08483974864465514,0.08504720189918778
334,19,47.368421052631575,15.789473684210526,Naltrexone,-0.08483974864465514,0.08504720189918778
335,19,5.263157894736842,52.63157894736842,Naltrexone,-0.08483974864465514,0.08504720189918778
336,19,31.57894736842105,31.57894736842105,Naltrexone,-0.08483974864465514,0.08504720189918778
337,18,0,55.55555555555556,Naltrexone,-0.08483974864465514,0.08504720189918778
338,19,26.31578947368421,5.263157894736842,Naltrexone,-0.08483974864465514,0.08504720189918778
339,19,36.84210526315789,15.789473684210526,Naltrexone,-0.08483974864465514,0.08504720189918778
340,19,5.263157894736842,10.526315789473683,Naltrexone,-0.08483974864465514,0.08504720189918778
341,19,0,89.47368421052632,Naltrexone,-0.08483974864465514,0.08504720189918778
342,19,10.526315789473683,36.84210526315789,Naltrexone,-0.08483974864465514,0.08504720189918778
343,19,0,68.42105263157895,Naltrexone,-0.08483974864465514,0.08504720189918778
344,18,11.11111111111111,22.22222222222222,Naltrexone,-0.08483974864465514,0.08504720189918778
345,19,5.263157894736842,36.84210526315789,Naltrexone,-0.08483974864465514,0.08504720189918778
346,19,15.789473684210526,15.789473684210526,Naltrexone,-0.08483974864465514,0.08504720189918778
347,19,68.42105263157895,10.526315789473683,Naltrexone,-0.08483974864465514,0.08504720189918778
348,19,10.526315789473683,42.10526315789473,Naltrexone,-0.08483974864465514,0.08504720189918778
349,19,5.263157894736842,36.84210526315789,Naltrexone,-0.08483974864465514,0.08504720189918778
350,19,0,0,Naltrexone,-0.08483974864465514,0.08504720189918778
351,19,0,63.1578947368421,Naltrexone,-0.08483974864465514,0.08504720189918778
352,18,0,61.111111111111114,Naltrexone,-0.08483974864465514,0.08504720189918778
353,19,0,57.89473684210527,Naltrexone,-0.08483974864465514,0.08504720189918778
354,19,0,31.57894736842105,Naltrexone,-0.08483974864465514,0.08504720189918778
355,19,5.263157894736842,26.31578947368421,Naltrexone,-0.08483974864465514,0.08504720189918778
356,19,0,36.84210526315789,Naltrexone,-0.08483974864465514,0.08504720189918778
357,19,0,15.789473684210526,Naltrexone,-0.08483974864465514,0.08504720189918778
358,19,0,0,Naltrexone,-0.08483974864465514,0.08504720189918778
359,19,5.263157894736842,26.31578947368421,Naltrexone,-0.08483974864465514,0.08504720189918778
360,19,0,26.31578947368421,Naltrexone,-0.08483974864465514,0.08504720189918778
361,19,0,31.57894736842105,Naltrexone,-0.08483974864465514,0.08504720189918778
362,19,0,26.31578947368421,Naltrexone,-0.08483974864465514,0.08504720189918778
363,19,0,36.84210526315789,Naltrexone,-0.08483974864465514,0.08504720189918778
364,19,0,10.526315789473683,Naltrexone,-0.08483974864465514,0.08504720189918778
365,19,5.263157894736842,21.052631578947366,Naltrexone,-0.08483974864465514,0.08504720189918778
366,19,0,21.052631578947366,Naltrexone,-0.08483974864465514,0.08504720189918778
367,19,26.31578947368421,5.263157894736842,Naltrexone,-0.08483974864465514,0.08504720189918778
368,19,0,26.31578947368421,Naltrexone,-0.08483974864465514,0.08504720189918778
369,19,10.526315789473683,26.31578947368421,Naltrexone,-0.08483974864465514,0.08504720189918778
370,19,0,10.526315789473683,Naltrexone,-0.08483974864465514,0.08504720189918778
371,19,0,5.263157894736842,Naltrexone,-0.08483974864465514,0.08504720189918778
372,19,5.263157894736842,0,Naltrexone,-0.08483974864465514,0.08504720189918778
373,19,0,21.052631578947366,Naltrexone,-0.08483974864465514,0.08504720189918778
374,19,0,10.526315789473683,Naltrexone,-0.08483974864465514,0.08504720189918778
375,19,0,36.84210526315789,Naltrexone,-0.08483974864465514,0.08504720189918778
376,19,0,5.263157894736842,Naltrexone,-0.08483974864465514,0.08504720189918778
377,19,5.263157894736842,5.263157894736842,Naltrexone,-0.08483974864465514,0.08504720189918778
378,19,0,0,Naltrexone,-0.08483974864465514,0.08504720189918778
379,19,5.263157894736842,5.263157894736842,Naltrexone,-0.08483974864465514,0.08504720189918778
380,19,0,42.10526315789473,Naltrexone,-0.08483974864465514,0.08504720189918778
381,19,0,42.10526315789473,Naltrexone,-0.08483974864465514,0.08504720189918778
382,19,5.263157894736842,26.31578947368421,Naltrexone,-0.08483974864465514,0.08504720189918778
383,19,0,21.052631578947366,Naltrexone,-0.08483974864465514,0.08504720189918778
384,19,0,26.31578947368421,Naltrexone,-0.08483974864465514,0.08504720189918778
385,19,0,31.57894736842105,Naltrexone,-0.08483974864465514,0.08504720189918778
386,19,0,47.368421052631575,Naltrexone,-0.08483974864465514,0.08504720189918778
387,19,10.526315789473683,10.526315789473683,Naltrexone,-0.08483974864465514,0.08504720189918778
388,19,5.263157894736842,21.052631578947366,Naltrexone,-0.08483974864465514,0.08504720189918778
389,19,0,52.63157894736842,Naltrexone,-0.08483974864465514,0.08504720189918778
390,19,0,26.31578947368421,Naltrexone,-0.08483974864465514,0.08504720189918778
391,19,0,15.789473684210526,Naltrexone,-0.08483974864465514,0.08504720189918778
392,19,0,10.526315789473683,Naltrexone,-0.08483974864465514,0.08504720189918778
393,19,0,15.789473684210526,Naltrexone,-0.08483974864465514,0.08504720189918778
394,19,10.526315789473683,10.526315789473683,Naltrexone,-0.08483974864465514,0.08504720189918778
395,19,0,26.31578947368421,Naltrexone,-0.08483974864465514,0.08504720189918778
396,19,0,31.57894736842105,Naltrexone,-0.08483974864465514,0.08504720189918778
397,19,0,36.84210526315789,Naltrexone,-0.08483974864465514,0.08504720189918778
398,19,0,36.84210526315789,Naltrexone,-0.08483974864465514,0.08504720189918778
399,19,5.263157894736842,36.84210526315789,Naltrexone,-0.08483974864465514,0.08504720189918778
400,19,26.31578947368421,10.526315789473683,Naltrexone,-0.08483974864465514,0.08504720189918778
2,19,0,26.31578947368421,PZM21,-0.09256239825878589,0.09223493609069928
3,18,0,50,PZM21,-0.09256239825878589,0.09223493609069928
4,19,0,31.57894736842105,PZM21,-0.09256239825878589,0.09223493609069928
5,19,0,10.526315789473683,PZM21,-0.09256239825878589,0.09223493609069928
6,19,0,10.526315789473683,PZM21,-0.09256239825878589,0.09223493609069928
7,19,0,31.57894736842105,PZM21,-0.09256239825878589,0.09223493609069928
8,19,0,31.57894736842105,PZM21,-0.09256239825878589,0.09223493609069928
9,19,0,73.68421052631578,PZM21,-0.09256239825878589,0.09223493609069928
10,19,0,36.84210526315789,PZM21,-0.09256239825878589,0.09223493609069928
11,19,0,21.052631578947366,PZM21,-0.09256239825878589,0.09223493609069928
12,19,0,21.052631578947366,PZM21,-0.09256239825878589,0.09223493609069928
13,19,0,31.57894736842105,PZM21,-0.09256239825878589,0.09223493609069928
14,18,0,16.666666666666664,PZM21,-0.09256239825878589,0.09223493609069928
15,19,0,63.1578947368421,PZM21,-0.09256239825878589,0.09223493609069928
16,19,0,31.57894736842105,PZM21,-0.09256239825878589,0.09223493609069928
17,19,0,52.63157894736842,PZM21,-0.09256239825878589,0.09223493609069928
18,19,0,42.10526315789473,PZM21,-0.09256239825878589,0.09223493609069928
19,19,0,10.526315789473683,PZM21,-0.09256239825878589,0.09223493609069928
20,19,0,36.84210526315789,PZM21,-0.09256239825878589,0.09223493609069928
21,19,0,47.368421052631575,PZM21,-0.09256239825878589,0.09223493609069928
22,17,0,41.17647058823529,PZM21,-0.09256239825878589,0.09223493609069928
23,19,0,36.84210526315789,PZM21,-0.09256239825878589,0.09223493609069928
24,19,0,31.57894736842105,PZM21,-0.09256239825878589,0.09223493609069928
25,19,0,10.526315789473683,PZM21,-0.09256239825878589,0.09223493609069928
26,19,0,31.57894736842105,PZM21,-0.09256239825878589,0.09223493609069928
27,19,0,10.526315789473683,PZM21,-0.09256239825878589,0.09223493609069928
28,19,0,31.57894736842105,PZM21,-0.09256239825878589,0.09223493609069928
29,19,0,57.89473684210527,PZM21,-0.09256239825878589,0.09223493609069928
30,19,0,52.63157894736842,PZM21,-0.09256239825878589,0.09223493609069928
31,19,0,57.89473684210527,PZM21,-0.09256239825878589,0.09223493609069928
32,19,0,21.052631578947366,PZM21,-0.09256239825878589,0.09223493609069928
33,19,0,31.57894736842105,PZM21,-0.09256239825878589,0.09223493609069928
34,19,0,31.57894736842105,PZM21,-0.09256239825878589,0.09223493609069928
35,19,0,10.526315789473683,PZM21,-0.09256239825878589,0.09223493609069928
36,19,0,47.368421052631575,PZM21,-0.09256239825878589,0.09223493609069928
37,17,0,58.82352941176471,PZM21,-0.09256239825878589,0.09223493609069928
38,19,0,42.10526315789473,PZM21,-0.09256239825878589,0.09223493609069928
39,19,5.263157894736842,47.368421052631575,PZM21,-0.09256239825878589,0.09223493609069928
40,19,0,36.84210526315789,PZM21,-0.09256239825878589,0.09223493609069928
41,19,0,47.368421052631575,PZM21,-0.09256239825878589,0.09223493609069928
42,19,0,36.84210526315789,PZM21,-0.09256239825878589,0.09223493609069928
43,19,0,36.84210526315789,PZM21,-0.09256239825878589,0.09223493609069928
44,19,0,31.57894736842105,PZM21,-0.09256239825878589,0.09223493609069928
45,19,0,36.84210526315789,PZM21,-0.09256239825878589,0.09223493609069928
46,19,0,21.052631578947366,PZM21,-0.09256239825878589,0.09223493609069928
47,19,0,47.368421052631575,PZM21,-0.09256239825878589,0.09223493609069928
48,19,0,15.789473684210526,PZM21,-0.09256239825878589,0.09223493609069928
49,19,0,15.789473684210526,PZM21,-0.09256239825878589,0.09223493609069928
50,19,0,10.526315789473683,PZM21,-0.09256239825878589,0.09223493609069928
51,19,5.263157894736842,10.526315789473683,PZM21,-0.09256239825878589,0.09223493609069928
52,19,0,31.57894736842105,PZM21,-0.09256239825878589,0.09223493609069928
53,19,0,15.789473684210526,PZM21,-0.09256239825878589,0.09223493609069928
54,19,0,31.57894736842105,PZM21,-0.09256239825878589,0.09223493609069928
55,19,10.526315789473683,15.789473684210526,PZM21,-0.09256239825878589,0.09223493609069928
56,19,5.263157894736842,26.31578947368421,PZM21,-0.09256239825878589,0.09223493609069928
57,19,0,15.789473684210526,PZM21,-0.09256239825878589,0.09223493609069928
58,19,10.526315789473683,42.10526315789473,PZM21,-0.09256239825878589,0.09223493609069928
59,19,5.263157894736842,15.789473684210526,PZM21,-0.09256239825878589,0.09223493609069928
60,19,0,21.052631578947366,PZM21,-0.09256239825878589,0.09223493609069928
61,19,10.526315789473683,10.526315789473683,PZM21,-0.09256239825878589,0.09223493609069928
62,19,10.526315789473683,15.789473684210526,PZM21,-0.09256239825878589,0.09223493609069928
63,19,5.263157894736842,5.263157894736842,PZM21,-0.09256239825878589,0.09223493609069928
64,19,0,21.052631578947366,PZM21,-0.09256239825878589,0.09223493609069928
65,19,0,26.31578947368421,PZM21,-0.09256239825878589,0.09223493609069928
66,19,0,26.31578947368421,PZM21,-0.09256239825878589,0.09223493609069928
67,19,0,15.789473684210526,PZM21,-0.09256239825878589,0.09223493609069928
68,19,5.263157894736842,10.526315789473683,PZM21,-0.09256239825878589,0.09223493609069928
69,19,26.31578947368421,10.526315789473683,PZM21,-0.09256239825878589,0.09223493609069928
70,19,15.789473684210526,5.263157894736842,PZM21,-0.09256239825878589,0.09223493609069928
71,19,26.31578947368421,26.31578947368421,PZM21,-0.09256239825878589,0.09223493609069928
72,19,21.052631578947366,31.57894736842105,PZM21,-0.09256239825878589,0.09223493609069928
73,19,63.1578947368421,0,PZM21,-0.09256239825878589,0.09223493609069928
74,19,21.052631578947366,0,PZM21,-0.09256239825878589,0.09223493609069928
75,18,33.33333333333333,5.555555555555555,PZM21,-0.09256239825878589,0.09223493609069928
76,19,78.94736842105263,0,PZM21,-0.09256239825878589,0.09223493609069928
77,19,94.73684210526315,0,PZM21,-0.09256239825878589,0.09223493609069928
78,19,31.57894736842105,10.526315789473683,PZM21,-0.09256239825878589,0.09223493609069928
79,19,42.10526315789473,0,PZM21,-0.09256239825878589,0.09223493609069928
80,19,73.68421052631578,0,PZM21,-0.09256239825878589,0.09223493609069928
81,19,36.84210526315789,0,PZM21,-0.09256239825878589,0.09223493609069928
82,19,68.42105263157895,5.263157894736842,PZM21,-0.09256239825878589,0.09223493609069928
83,19,36.84210526315789,0,PZM21,-0.09256239825878589,0.09223493609069928
84,19,94.73684210526315,0,PZM21,-0.09256239825878589,0.09223493609069928
85,19,68.42105263157895,10.526315789473683,PZM21,-0.09256239825878589,0.09223493609069928
86,19,42.10526315789473,15.789473684210526,PZM21,-0.09256239825878589,0.09223493609069928
87,19,63.1578947368421,0,PZM21,-0.09256239825878589,0.09223493609069928
88,19,84.21052631578947,5.263157894736842,PZM21,-0.09256239825878589,0.09223493609069928
89,19,21.052631578947366,10.526315789473683,PZM21,-0.09256239825878589,0.09223493609069928
90,19,52.63157894736842,0,PZM21,-0.09256239825878589,0.09223493609069928
91,19,94.73684210526315,0,PZM21,-0.09256239825878589,0.09223493609069928
92,18,83.33333333333334,0,PZM21,-0.09256239825878589,0.09223493609069928
93,19,57.89473684210527,0,PZM21,-0.09256239825878589,0.09223493609069928
94,19,68.42105263157895,5.263157894736842,PZM21,-0.09256239825878589,0.09223493609069928
95,19,52.63157894736842,0,PZM21,-0.09256239825878589,0.09223493609069928
96,19,47.368421052631575,5.263157894736842,PZM21,-0.09256239825878589,0.09223493609069928
97,18,50,5.555555555555555,PZM21,-0.09256239825878589,0.09223493609069928
98,19,52.63157894736842,0,PZM21,-0.09256239825878589,0.09223493609069928
99,19,26.31578947368421,15.789473684210526,PZM21,-0.09256239825878589,0.09223493609069928
100,19,89.47368421052632,0,PZM21,-0.09256239825878589,0.09223493609069928
101,19,52.63157894736842,0,PZM21,-0.09256239825878589,0.09223493609069928
102,19,52.63157894736842,0,PZM21,-0.09256239825878589,0.09223493609069928
103,19,63.1578947368421,5.263157894736842,PZM21,-0.09256239825878589,0.09223493609069928
104,19,78.94736842105263,0,PZM21,-0.09256239825878589,0.09223493609069928
105,19,42.10526315789473,0,PZM21,-0.09256239825878589,0.09223493609069928
106,19,68.42105263157895,0,PZM21,-0.09256239825878589,0.09223493609069928
107,19,52.63157894736842,0,PZM21,-0.09256239825878589,0.09223493609069928
108,19,89.47368421052632,0,PZM21,-0.09256239825878589,0.09223493609069928
109,19,57.89473684210527,10.526315789473683,PZM21,-0.09256239825878589,0.09223493609069928
110,19,57.89473684210527,5.263157894736842,PZM21,-0.09256239825878589,0.09223493609069928
111,19,73.68421052631578,0,PZM21,-0.09256239825878589,0.09223493609069928
112,19,73.68421052631578,0,PZM21,-0.09256239825878589,0.09223493609069928
113,19,78.94736842105263,0,PZM21,-0.09256239825878589,0.09223493609069928
114,19,52.63157894736842,0,PZM21,-0.09256239825878589,0.09223493609069928
115,19,84.21052631578947,0,PZM21,-0.09256239825878589,0.09223493609069928
116,19,94.73684210526315,5.263157894736842,PZM21,-0.09256239825878589,0.09223493609069928
117,19,36.84210526315789,15.789473684210526,PZM21,-0.09256239825878589,0.09223493609069928
118,19,52.63157894736842,5.263157894736842,PZM21,-0.09256239825878589,0.09223493609069928
119,19,63.1578947368421,0,PZM21,-0.09256239825878589,0.09223493609069928
120,19,68.42105263157895,10.526315789473683,PZM21,-0.09256239825878589,0.09223493609069928
121,19,84.21052631578947,0,PZM21,-0.09256239825878589,0.09223493609069928
122,19,78.94736842105263,5.263157894736842,PZM21,-0.09256239825878589,0.09223493609069928
123,19,78.94736842105263,5.263157894736842,PZM21,-0.09256239825878589,0.09223493609069928
124,19,63.1578947368421,0,PZM21,-0.09256239825878589,0.09223493609069928
125,19,73.68421052631578,0,PZM21,-0.09256239825878589,0.09223493609069928
126,19,100,0,PZM21,-0.09256239825878589,0.09223493609069928
127,19,15.789473684210526,26.31578947368421,PZM21,-0.09256239825878589,0.09223493609069928
128,19,52.63157894736842,0,PZM21,-0.09256239825878589,0.09223493609069928
129,19,21.052631578947366,15.789473684210526,PZM21,-0.09256239825878589,0.09223493609069928
130,19,15.789473684210526,10.526315789473683,PZM21,-0.09256239825878589,0.09223493609069928
131,19,36.84210526315789,5.263157894736842,PZM21,-0.09256239825878589,0.09223493609069928
132,19,26.31578947368421,10.526315789473683,PZM21,-0.09256239825878589,0.09223493609069928
133,19,57.89473684210527,0,PZM21,-0.09256239825878589,0.09223493609069928
134,19,5.263157894736842,10.526315789473683,PZM21,-0.09256239825878589,0.09223493609069928
135,19,73.68421052631578,0,PZM21,-0.09256239825878589,0.09223493609069928
136,19,36.84210526315789,10.526315789473683,PZM21,-0.09256239825878589,0.09223493609069928
137,19,47.368421052631575,5.263157894736842,PZM21,-0.09256239825878589,0.09223493609069928
138,19,89.47368421052632,0,PZM21,-0.09256239825878589,0.09223493609069928
139,19,0,5.263157894736842,PZM21,-0.09256239825878589,0.09223493609069928
140,19,15.789473684210526,26.31578947368421,PZM21,-0.09256239825878589,0.09223493609069928
141,19,26.31578947368421,10.526315789473683,PZM21,-0.09256239825878589,0.09223493609069928
142,19,100,0,PZM21,-0.09256239825878589,0.09223493609069928
143,19,73.68421052631578,0,PZM21,-0.09256239825878589,0.09223493609069928
144,19,57.89473684210527,0,PZM21,-0.09256239825878589,0.09223493609069928
145,19,63.1578947368421,0,PZM21,-0.09256239825878589,0.09223493609069928
146,19,57.89473684210527,0,PZM21,-0.09256239825878589,0.09223493609069928
147,19,63.1578947368421,0,PZM21,-0.09256239825878589,0.09223493609069928
148,19,47.368421052631575,0,PZM21,-0.09256239825878589,0.09223493609069928
149,19,100,0,PZM21,-0.09256239825878589,0.09223493609069928
150,19,57.89473684210527,5.263157894736842,PZM21,-0.09256239825878589,0.09223493609069928
151,19,36.84210526315789,5.263157894736842,PZM21,-0.09256239825878589,0.09223493609069928
152,19,63.1578947368421,0,PZM21,-0.09256239825878589,0.09223493609069928
153,19,73.68421052631578,10.526315789473683,PZM21,-0.09256239825878589,0.09223493609069928
154,19,100,0,PZM21,-0.09256239825878589,0.09223493609069928
155,19,52.63157894736842,0,PZM21,-0.09256239825878589,0.09223493609069928
156,19,100,0,PZM21,-0.09256239825878589,0.09223493609069928
157,19,78.94736842105263,5.263157894736842,PZM21,-0.09256239825878589,0.09223493609069928
158,19,57.89473684210527,0,PZM21,-0.09256239825878589,0.09223493609069928
159,19,68.42105263157895,5.263157894736842,PZM21,-0.09256239825878589,0.09223493609069928
160,19,73.68421052631578,0,PZM21,-0.09256239825878589,0.09223493609069928
161,19,84.21052631578947,0,PZM21,-0.09256239825878589,0.09223493609069928
162,19,36.84210526315789,15.789473684210526,PZM21,-0.09256239825878589,0.09223493609069928
163,19,89.47368421052632,5.263157894736842,PZM21,-0.09256239825878589,0.09223493609069928
164,19,100,0,PZM21,-0.09256239825878589,0.09223493609069928
165,19,78.94736842105263,0,PZM21,-0.09256239825878589,0.09223493609069928
166,19,89.47368421052632,0,PZM21,-0.09256239825878589,0.09223493609069928
167,19,100,0,PZM21,-0.09256239825878589,0.09223493609069928
168,19,100,0,PZM21,-0.09256239825878589,0.09223493609069928
169,19,73.68421052631578,0,PZM21,-0.09256239825878589,0.09223493609069928
170,19,94.73684210526315,0,PZM21,-0.09256239825878589,0.09223493609069928
171,19,94.73684210526315,5.263157894736842,PZM21,-0.09256239825878589,0.09223493609069928
172,19,68.42105263157895,0,PZM21,-0.09256239825878589,0.09223493609069928
173,19,47.368421052631575,15.789473684210526,PZM21,-0.09256239825878589,0.09223493609069928
174,19,84.21052631578947,0,PZM21,-0.09256239825878589,0.09223493609069928
175,19,63.1578947368421,0,PZM21,-0.09256239825878589,0.09223493609069928
176,19,42.10526315789473,5.263157894736842,PZM21,-0.09256239825878589,0.09223493609069928
177,19,94.73684210526315,0,PZM21,-0.09256239825878589,0.09223493609069928
178,19,26.31578947368421,5.263157894736842,PZM21,-0.09256239825878589,0.09223493609069928
179,19,15.789473684210526,10.526315789473683,PZM21,-0.09256239825878589,0.09223493609069928
180,19,63.1578947368421,15.789473684210526,PZM21,-0.09256239825878589,0.09223493609069928
181,19,100,0,PZM21,-0.09256239825878589,0.09223493609069928
182,19,36.84210526315789,5.263157894736842,PZM21,-0.09256239825878589,0.09223493609069928
183,19,68.42105263157895,5.263157894736842,PZM21,-0.09256239825878589,0.09223493609069928
184,19,31.57894736842105,0,PZM21,-0.09256239825878589,0.09223493609069928
185,19,47.368421052631575,5.263157894736842,PZM21,-0.09256239825878589,0.09223493609069928
186,19,68.42105263157895,10.526315789473683,PZM21,-0.09256239825878589,0.09223493609069928
187,19,68.42105263157895,0,PZM21,-0.09256239825878589,0.09223493609069928
188,19,31.57894736842105,21.052631578947366,PZM21,-0.09256239825878589,0.09223493609069928
189,19,78.94736842105263,0,PZM21,-0.09256239825878589,0.09223493609069928
190,19,78.94736842105263,0,PZM21,-0.09256239825878589,0.09223493609069928
191,19,21.052631578947366,26.31578947368421,PZM21,-0.09256239825878589,0.09223493609069928
192,19,26.31578947368421,15.789473684210526,PZM21,-0.09256239825878589,0.09223493609069928
193,19,26.31578947368421,5.263157894736842,PZM21,-0.09256239825878589,0.09223493609069928
194,19,63.1578947368421,0,PZM21,-0.09256239825878589,0.09223493609069928
195,19,52.63157894736842,10.526315789473683,PZM21,-0.09256239825878589,0.09223493609069928
196,19,47.368421052631575,15.789473684210526,PZM21,-0.09256239825878589,0.09223493609069928
197,19,52.63157894736842,5.263157894736842,PZM21,-0.09256239825878589,0.09223493609069928
198,19,73.68421052631578,10.526315789473683,PZM21,-0.09256239825878589,0.09223493609069928
199,19,36.84210526315789,15.789473684210526,PZM21,-0.09256239825878589,0.09223493609069928
200,19,78.94736842105263,0,PZM21,-0.09256239825878589,0.09223493609069928
201,19,63.1578947368421,0,PZM21,-0.09256239825878589,0.09223493609069928
202,19,42.10526315789473,5.263157894736842,PZM21,-0.09256239825878589,0.09223493609069928
203,19,63.1578947368421,0,PZM21,-0.09256239825878589,0.09223493609069928
204,19,31.57894736842105,21.052631578947366,PZM21,-0.09256239825878589,0.09223493609069928
205,19,26.31578947368421,5.263157894736842,PZM21,-0.09256239825878589,0.09223493609069928
206,19,31.57894736842105,10.526315789473683,PZM21,-0.09256239825878589,0.09223493609069928
207,19,5.263157894736842,26.31578947368421,PZM21,-0.09256239825878589,0.09223493609069928
208,19,57.89473684210527,5.263157894736842,PZM21,-0.09256239825878589,0.09223493609069928
209,19,21.052631578947366,15.789473684210526,PZM21,-0.09256239825878589,0.09223493609069928
210,19,57.89473684210527,5.263157894736842,PZM21,-0.09256239825878589,0.09223493609069928
211,19,5.263157894736842,5.263157894736842,PZM21,-0.09256239825878589,0.09223493609069928
212,19,5.263157894736842,26.31578947368421,PZM21,-0.09256239825878589,0.09223493609069928
213,19,21.052631578947366,10.526315789473683,PZM21,-0.09256239825878589,0.09223493609069928
214,18,11.11111111111111,27.77777777777778,PZM21,-0.09256239825878589,0.09223493609069928
215,19,10.526315789473683,0,PZM21,-0.09256239825878589,0.09223493609069928
216,19,21.052631578947366,0,PZM21,-0.09256239825878589,0.09223493609069928
217,19,15.789473684210526,10.526315789473683,PZM21,-0.09256239825878589,0.09223493609069928
218,19,21.052631578947366,26.31578947368421,PZM21,-0.09256239825878589,0.09223493609069928
219,19,100,0,PZM21,-0.09256239825878589,0.09223493609069928
220,19,10.526315789473683,42.10526315789473,PZM21,-0.09256239825878589,0.09223493609069928
221,19,63.1578947368421,15.789473684210526,PZM21,-0.09256239825878589,0.09223493609069928
222,19,5.263157894736842,15.789473684210526,PZM21,-0.09256239825878589,0.09223493609069928
223,19,0,42.10526315789473,PZM21,-0.09256239825878589,0.09223493609069928
224,19,5.263157894736842,10.526315789473683,PZM21,-0.09256239825878589,0.09223493609069928
225,19,36.84210526315789,31.57894736842105,PZM21,-0.09256239825878589,0.09223493609069928
226,18,44.44444444444444,0,PZM21,-0.09256239825878589,0.09223493609069928
227,19,21.052631578947366,21.052631578947366,PZM21,-0.09256239825878589,0.09223493609069928
228,19,36.84210526315789,10.526315789473683,PZM21,-0.09256239825878589,0.09223493609069928
229,19,0,42.10526315789473,PZM21,-0.09256239825878589,0.09223493609069928
230,19,5.263157894736842,15.789473684210526,PZM21,-0.09256239825878589,0.09223493609069928
231,19,10.526315789473683,26.31578947368421,PZM21,-0.09256239825878589,0.09223493609069928
232,18,11.11111111111111,27.77777777777778,PZM21,-0.09256239825878589,0.09223493609069928
233,19,15.789473684210526,26.31578947368421,PZM21,-0.09256239825878589,0.09223493609069928
234,19,10.526315789473683,21.052631578947366,PZM21,-0.09256239825878589,0.09223493609069928
235,19,15.789473684210526,10.526315789473683,PZM21,-0.09256239825878589,0.09223493609069928
236,19,36.84210526315789,5.263157894736842,PZM21,-0.09256239825878589,0.09223493609069928
237,19,21.052631578947366,15.789473684210526,PZM21,-0.09256239825878589,0.09223493609069928
238,19,68.42105263157895,5.263157894736842,PZM21,-0.09256239825878589,0.09223493609069928
239,19,42.10526315789473,5.263157894736842,PZM21,-0.09256239825878589,0.09223493609069928
240,19,36.84210526315789,5.263157894736842,PZM21,-0.09256239825878589,0.09223493609069928
241,19,84.21052631578947,0,PZM21,-0.09256239825878589,0.09223493609069928
242,19,63.1578947368421,5.263157894736842,PZM21,-0.09256239825878589,0.09223493609069928
243,19,84.21052631578947,0,PZM21,-0.09256239825878589,0.09223493609069928
244,19,52.63157894736842,5.263157894736842,PZM21,-0.09256239825878589,0.09223493609069928
245,19,47.368421052631575,10.526315789473683,PZM21,-0.09256239825878589,0.09223493609069928
246,19,100,0,PZM21,-0.09256239825878589,0.09223493609069928
247,19,36.84210526315789,10.526315789473683,PZM21,-0.09256239825878589,0.09223493609069928
248,19,73.68421052631578,0,PZM21,-0.09256239825878589,0.09223493609069928
249,19,73.68421052631578,0,PZM21,-0.09256239825878589,0.09223493609069928
250,19,68.42105263157895,0,PZM21,-0.09256239825878589,0.09223493609069928
251,19,57.89473684210527,0,PZM21,-0.09256239825878589,0.09223493609069928
252,19,57.89473684210527,0,PZM21,-0.09256239825878589,0.09223493609069928
253,19,84.21052631578947,0,PZM21,-0.09256239825878589,0.09223493609069928
254,19,100,0,PZM21,-0.09256239825878589,0.09223493609069928
255,19,26.31578947368421,5.263157894736842,PZM21,-0.09256239825878589,0.09223493609069928
256,19,57.89473684210527,0,PZM21,-0.09256239825878589,0.09223493609069928
257,19,100,0,PZM21,-0.09256239825878589,0.09223493609069928
258,19,78.94736842105263,0,PZM21,-0.09256239825878589,0.09223493609069928
259,19,10.526315789473683,21.052631578947366,PZM21,-0.09256239825878589,0.09223493609069928
260,19,63.1578947368421,0,PZM21,-0.09256239825878589,0.09223493609069928
261,19,94.73684210526315,0,PZM21,-0.09256239825878589,0.09223493609069928
262,19,57.89473684210527,5.263157894736842,PZM21,-0.09256239825878589,0.09223493609069928
263,19,5.263157894736842,5.263157894736842,PZM21,-0.09256239825878589,0.09223493609069928
264,19,21.052631578947366,15.789473684210526,PZM21,-0.09256239825878589,0.09223493609069928
265,19,10.526315789473683,0,PZM21,-0.09256239825878589,0.09223493609069928
266,19,5.263157894736842,10.526315789473683,PZM21,-0.09256239825878589,0.09223493609069928
267,19,5.263157894736842,15.789473684210526,PZM21,-0.09256239825878589,0.09223493609069928
268,19,5.263157894736842,5.263157894736842,PZM21,-0.09256239825878589,0.09223493609069928
269,19,5.263157894736842,26.31578947368421,PZM21,-0.09256239825878589,0.09223493609069928
270,19,15.789473684210526,0,PZM21,-0.09256239825878589,0.09223493609069928
271,19,10.526315789473683,5.263157894736842,PZM21,-0.09256239825878589,0.09223493609069928
272,19,0,26.31578947368421,PZM21,-0.09256239825878589,0.09223493609069928
273,19,26.31578947368421,10.526315789473683,PZM21,-0.09256239825878589,0.09223493609069928
274,19,0,21.052631578947366,PZM21,-0.09256239825878589,0.09223493609069928
275,19,5.263157894736842,10.526315789473683,PZM21,-0.09256239825878589,0.09223493609069928
276,19,0,21.052631578947366,PZM21,-0.09256239825878589,0.09223493609069928
277,19,47.368421052631575,5.263157894736842,PZM21,-0.09256239825878589,0.09223493609069928
278,19,52.63157894736842,0,PZM21,-0.09256239825878589,0.09223493609069928
279,19,47.368421052631575,0,PZM21,-0.09256239825878589,0.09223493609069928
280,19,84.21052631578947,0,PZM21,-0.09256239825878589,0.09223493609069928
281,19,10.526315789473683,26.31578947368421,PZM21,-0.09256239825878589,0.09223493609069928
282,19,26.31578947368421,10.526315789473683,PZM21,-0.09256239825878589,0.09223493609069928
283,19,15.789473684210526,5.263157894736842,PZM21,-0.09256239825878589,0.09223493609069928
284,19,47.368421052631575,0,PZM21,-0.09256239825878589,0.09223493609069928
285,19,26.31578947368421,15.789473684210526,PZM21,-0.09256239825878589,0.09223493609069928
286,19,10.526315789473683,0,PZM21,-0.09256239825878589,0.09223493609069928
287,19,31.57894736842105,0,PZM21,-0.09256239825878589,0.09223493609069928
288,19,15.789473684210526,0,PZM21,-0.09256239825878589,0.09223493609069928
289,19,42.10526315789473,5.263157894736842,PZM21,-0.09256239825878589,0.09223493609069928
290,19,31.57894736842105,21.052631578947366,PZM21,-0.09256239825878589,0.09223493609069928
291,19,84.21052631578947,0,PZM21,-0.09256239825878589,0.09223493609069928
292,19,52.63157894736842,0,PZM21,-0.09256239825878589,0.09223493609069928
293,19,42.10526315789473,5.263157894736842,PZM21,-0.09256239825878589,0.09223493609069928
294,19,73.68421052631578,0,PZM21,-0.09256239825878589,0.09223493609069928
295,19,31.57894736842105,5.263157894736842,PZM21,-0.09256239825878589,0.09223493609069928
296,19,42.10526315789473,5.263157894736842,PZM21,-0.09256239825878589,0.09223493609069928
297,19,100,0,PZM21,-0.09256239825878589,0.09223493609069928
298,18,66.66666666666666,0,PZM21,-0.09256239825878589,0.09223493609069928
299,19,63.1578947368421,0,PZM21,-0.09256239825878589,0.09223493609069928
300,19,57.89473684210527,0,PZM21,-0.09256239825878589,0.09223493609069928
301,19,63.1578947368421,0,PZM21,-0.09256239825878589,0.09223493609069928
302,19,0,15.789473684210526,PZM21,-0.09256239825878589,0.09223493609069928
303,19,31.57894736842105,0,PZM21,-0.09256239825878589,0.09223493609069928
304,19,15.789473684210526,21.052631578947366,PZM21,-0.09256239825878589,0.09223493609069928
305,19,31.57894736842105,0,PZM21,-0.09256239825878589,0.09223493609069928
306,19,5.263157894736842,15.789473684210526,PZM21,-0.09256239825878589,0.09223493609069928
307,19,0,26.31578947368421,PZM21,-0.09256239825878589,0.09223493609069928
308,19,5.263157894736842,15.789473684210526,PZM21,-0.09256239825878589,0.09223493609069928
309,19,0,52.63157894736842,PZM21,-0.09256239825878589,0.09223493609069928
310,19,21.052631578947366,0,PZM21,-0.09256239825878589,0.09223493609069928
311,19,21.052631578947366,15.789473684210526,PZM21,-0.09256239825878589,0.09223493609069928
312,19,0,5.263157894736842,PZM21,-0.09256239825878589,0.09223493609069928
313,19,15.789473684210526,0,PZM21,-0.09256239825878589,0.09223493609069928
314,19,5.263157894736842,15.789473684210526,PZM21,-0.09256239825878589,0.09223493609069928
315,19,5.263157894736842,21.052631578947366,PZM21,-0.09256239825878589,0.09223493609069928
316,19,0,36.84210526315789,PZM21,-0.09256239825878589,0.09223493609069928
317,19,10.526315789473683,0,PZM21,-0.09256239825878589,0.09223493609069928
318,19,31.57894736842105,21.052631578947366,PZM21,-0.09256239825878589,0.09223493609069928
319,19,36.84210526315789,5.263157894736842,PZM21,-0.09256239825878589,0.09223493609069928
320,19,94.73684210526315,0,PZM21,-0.09256239825878589,0.09223493609069928
321,19,100,0,PZM21,-0.09256239825878589,0.09223493609069928
322,19,36.84210526315789,21.052631578947366,PZM21,-0.09256239825878589,0.09223493609069928
323,19,84.21052631578947,0,PZM21,-0.09256239825878589,0.09223493609069928
324,19,42.10526315789473,15.789473684210526,PZM21,-0.09256239825878589,0.09223493609069928
325,19,57.89473684210527,5.263157894736842,PZM21,-0.09256239825878589,0.09223493609069928
326,19,84.21052631578947,0,PZM21,-0.09256239825878589,0.09223493609069928
327,19,84.21052631578947,0,PZM21,-0.09256239825878589,0.09223493609069928
328,19,100,0,PZM21,-0.09256239825878589,0.09223493609069928
329,19,52.63157894736842,5.263157894736842,PZM21,-0.09256239825878589,0.09223493609069928
330,19,78.94736842105263,5.263157894736842,PZM21,-0.09256239825878589,0.09223493609069928
331,19,52.63157894736842,15.789473684210526,PZM21,-0.09256239825878589,0.09223493609069928
332,19,63.1578947368421,5.263157894736842,PZM21,-0.09256239825878589,0.09223493609069928
333,19,68.42105263157895,0,PZM21,-0.09256239825878589,0.09223493609069928
334,19,73.68421052631578,0,PZM21,-0.09256239825878589,0.09223493609069928
335,19,78.94736842105263,0,PZM21,-0.09256239825878589,0.09223493609069928
336,19,47.368421052631575,5.263157894736842,PZM21,-0.09256239825878589,0.09223493609069928
337,18,61.111111111111114,0,PZM21,-0.09256239825878589,0.09223493609069928
338,19,73.68421052631578,0,PZM21,-0.09256239825878589,0.09223493609069928
339,19,57.89473684210527,10.526315789473683,PZM21,-0.09256239825878589,0.09223493609069928
340,19,15.789473684210526,5.263157894736842,PZM21,-0.09256239825878589,0.09223493609069928
341,19,42.10526315789473,0,PZM21,-0.09256239825878589,0.09223493609069928
342,19,73.68421052631578,0,PZM21,-0.09256239825878589,0.09223493609069928
343,19,5.263157894736842,36.84210526315789,PZM21,-0.09256239825878589,0.09223493609069928
344,18,83.33333333333334,0,PZM21,-0.09256239825878589,0.09223493609069928
345,19,73.68421052631578,0,PZM21,-0.09256239825878589,0.09223493609069928
346,19,52.63157894736842,0,PZM21,-0.09256239825878589,0.09223493609069928
347,19,47.368421052631575,0,PZM21,-0.09256239825878589,0.09223493609069928
348,19,10.526315789473683,5.263157894736842,PZM21,-0.09256239825878589,0.09223493609069928
349,19,63.1578947368421,5.263157894736842,PZM21,-0.09256239825878589,0.09223493609069928
350,19,21.052631578947366,0,PZM21,-0.09256239825878589,0.09223493609069928
351,19,0,47.368421052631575,PZM21,-0.09256239825878589,0.09223493609069928
352,18,5.555555555555555,27.77777777777778,PZM21,-0.09256239825878589,0.09223493609069928
353,19,0,5.263157894736842,PZM21,-0.09256239825878589,0.09223493609069928
354,19,0,21.052631578947366,PZM21,-0.09256239825878589,0.09223493609069928
355,19,5.263157894736842,10.526315789473683,PZM21,-0.09256239825878589,0.09223493609069928
356,19,0,26.31578947368421,PZM21,-0.09256239825878589,0.09223493609069928
357,19,0,10.526315789473683,PZM21,-0.09256239825878589,0.09223493609069928
358,19,0,36.84210526315789,PZM21,-0.09256239825878589,0.09223493609069928
359,19,0,15.789473684210526,PZM21,-0.09256239825878589,0.09223493609069928
360,19,0,42.10526315789473,PZM21,-0.09256239825878589,0.09223493609069928
361,19,5.263157894736842,26.31578947368421,PZM21,-0.09256239825878589,0.09223493609069928
362,19,0,10.526315789473683,PZM21,-0.09256239825878589,0.09223493609069928
363,19,0,31.57894736842105,PZM21,-0.09256239825878589,0.09223493609069928
364,19,5.263157894736842,47.368421052631575,PZM21,-0.09256239825878589,0.09223493609069928
365,19,0,15.789473684210526,PZM21,-0.09256239825878589,0.09223493609069928
366,19,5.263157894736842,21.052631578947366,PZM21,-0.09256239825878589,0.09223493609069928
367,19,5.263157894736842,0,PZM21,-0.09256239825878589,0.09223493609069928
368,19,5.263157894736842,26.31578947368421,PZM21,-0.09256239825878589,0.09223493609069928
369,19,5.263157894736842,5.263157894736842,PZM21,-0.09256239825878589,0.09223493609069928
370,19,5.263157894736842,5.263157894736842,PZM21,-0.09256239825878589,0.09223493609069928
371,19,0,26.31578947368421,PZM21,-0.09256239825878589,0.09223493609069928
372,19,5.263157894736842,36.84210526315789,PZM21,-0.09256239825878589,0.09223493609069928
373,19,0,0,PZM21,-0.09256239825878589,0.09223493609069928
374,19,5.263157894736842,47.368421052631575,PZM21,-0.09256239825878589,0.09223493609069928
375,19,0,15.789473684210526,PZM21,-0.09256239825878589,0.09223493609069928
376,19,0,21.052631578947366,PZM21,-0.09256239825878589,0.09223493609069928
377,19,0,10.526315789473683,PZM21,-0.09256239825878589,0.09223493609069928
378,19,0,36.84210526315789,PZM21,-0.09256239825878589,0.09223493609069928
379,19,0,15.789473684210526,PZM21,-0.09256239825878589,0.09223493609069928
380,19,0,36.84210526315789,PZM21,-0.09256239825878589,0.09223493609069928
381,19,0,57.89473684210527,PZM21,-0.09256239825878589,0.09223493609069928
382,19,0,10.526315789473683,PZM21,-0.09256239825878589,0.09223493609069928
383,19,0,36.84210526315789,PZM21,-0.09256239825878589,0.09223493609069928
384,19,0,36.84210526315789,PZM21,-0.09256239825878589,0.09223493609069928
385,19,0,21.052631578947366,PZM21,-0.09256239825878589,0.09223493609069928
386,19,0,84.21052631578947,PZM21,-0.09256239825878589,0.09223493609069928
387,19,0,63.1578947368421,PZM21,-0.09256239825878589,0.09223493609069928
388,19,0,15.789473684210526,PZM21,-0.09256239825878589,0.09223493609069928
389,19,0,36.84210526315789,PZM21,-0.09256239825878589,0.09223493609069928
390,19,0,36.84210526315789,PZM21,-0.09256239825878589,0.09223493609069928
391,19,0,68.42105263157895,PZM21,-0.09256239825878589,0.09223493609069928
392,19,0,26.31578947368421,PZM21,-0.09256239825878589,0.09223493609069928
393,19,0,57.89473684210527,PZM21,-0.09256239825878589,0.09223493609069928
394,19,0,52.63157894736842,PZM21,-0.09256239825878589,0.09223493609069928
395,19,0,42.10526315789473,PZM21,-0.09256239825878589,0.09223493609069928
396,19,0,47.368421052631575,PZM21,-0.09256239825878589,0.09223493609069928
397,19,0,36.84210526315789,PZM21,-0.09256239825878589,0.09223493609069928
398,19,0,63.1578947368421,PZM21,-0.09256239825878589,0.09223493609069928
399,19,0,47.368421052631575,PZM21,-0.09256239825878589,0.09223493609069928
400,19,5.263157894736842,5.263157894736842,PZM21,-0.09256239825878589,0.09223493609069928
2,19,0,26.31578947368421,SR17018,-0.09220564728184272,0.0924902322950269
3,18,0,27.77777777777778,SR17018,-0.09220564728184272,0.0924902322950269
4,19,0,47.368421052631575,SR17018,-0.09220564728184272,0.0924902322950269
5,19,0,57.89473684210527,SR17018,-0.09220564728184272,0.0924902322950269
6,19,0,5.263157894736842,SR17018,-0.09220564728184272,0.0924902322950269
7,19,0,36.84210526315789,SR17018,-0.09220564728184272,0.0924902322950269
8,19,0,52.63157894736842,SR17018,-0.09220564728184272,0.0924902322950269
9,19,0,52.63157894736842,SR17018,-0.09220564728184272,0.0924902322950269
10,19,0,84.21052631578947,SR17018,-0.09220564728184272,0.0924902322950269
11,19,0,31.57894736842105,SR17018,-0.09220564728184272,0.0924902322950269
12,19,0,36.84210526315789,SR17018,-0.09220564728184272,0.0924902322950269
13,19,0,15.789473684210526,SR17018,-0.09220564728184272,0.0924902322950269
14,18,0,11.11111111111111,SR17018,-0.09220564728184272,0.0924902322950269
15,19,0,31.57894736842105,SR17018,-0.09220564728184272,0.0924902322950269
16,19,0,15.789473684210526,SR17018,-0.09220564728184272,0.0924902322950269
17,19,0,21.052631578947366,SR17018,-0.09220564728184272,0.0924902322950269
18,19,0,36.84210526315789,SR17018,-0.09220564728184272,0.0924902322950269
19,19,0,47.368421052631575,SR17018,-0.09220564728184272,0.0924902322950269
20,19,0,5.263157894736842,SR17018,-0.09220564728184272,0.0924902322950269
21,19,0,47.368421052631575,SR17018,-0.09220564728184272,0.0924902322950269
22,17,0,35.294117647058826,SR17018,-0.09220564728184272,0.0924902322950269
23,19,0,26.31578947368421,SR17018,-0.09220564728184272,0.0924902322950269
24,19,0,31.57894736842105,SR17018,-0.09220564728184272,0.0924902322950269
25,19,0,26.31578947368421,SR17018,-0.09220564728184272,0.0924902322950269
26,19,0,47.368421052631575,SR17018,-0.09220564728184272,0.0924902322950269
27,19,0,10.526315789473683,SR17018,-0.09220564728184272,0.0924902322950269
28,19,0,36.84210526315789,SR17018,-0.09220564728184272,0.0924902322950269
29,19,0,63.1578947368421,SR17018,-0.09220564728184272,0.0924902322950269
30,19,0,73.68421052631578,SR17018,-0.09220564728184272,0.0924902322950269
31,19,0,42.10526315789473,SR17018,-0.09220564728184272,0.0924902322950269
32,19,0,36.84210526315789,SR17018,-0.09220564728184272,0.0924902322950269
33,19,0,36.84210526315789,SR17018,-0.09220564728184272,0.0924902322950269
34,19,0,21.052631578947366,SR17018,-0.09220564728184272,0.0924902322950269
35,19,0,26.31578947368421,SR17018,-0.09220564728184272,0.0924902322950269
36,19,0,21.052631578947366,SR17018,-0.09220564728184272,0.0924902322950269
37,17,0,29.411764705882355,SR17018,-0.09220564728184272,0.0924902322950269
38,19,5.263157894736842,15.789473684210526,SR17018,-0.09220564728184272,0.0924902322950269
39,19,0,47.368421052631575,SR17018,-0.09220564728184272,0.0924902322950269
40,19,0,5.263157894736842,SR17018,-0.09220564728184272,0.0924902322950269
41,19,0,31.57894736842105,SR17018,-0.09220564728184272,0.0924902322950269
42,19,0,10.526315789473683,SR17018,-0.09220564728184272,0.0924902322950269
43,19,0,26.31578947368421,SR17018,-0.09220564728184272,0.0924902322950269
44,19,0,36.84210526315789,SR17018,-0.09220564728184272,0.0924902322950269
45,19,0,15.789473684210526,SR17018,-0.09220564728184272,0.0924902322950269
46,19,0,63.1578947368421,SR17018,-0.09220564728184272,0.0924902322950269
47,19,0,15.789473684210526,SR17018,-0.09220564728184272,0.0924902322950269
48,19,0,5.263157894736842,SR17018,-0.09220564728184272,0.0924902322950269
49,19,5.263157894736842,15.789473684210526,SR17018,-0.09220564728184272,0.0924902322950269
50,19,0,26.31578947368421,SR17018,-0.09220564728184272,0.0924902322950269
51,19,5.263157894736842,21.052631578947366,SR17018,-0.09220564728184272,0.0924902322950269
52,19,0,31.57894736842105,SR17018,-0.09220564728184272,0.0924902322950269
53,19,5.263157894736842,10.526315789473683,SR17018,-0.09220564728184272,0.0924902322950269
54,19,5.263157894736842,0,SR17018,-0.09220564728184272,0.0924902322950269
55,19,0,47.368421052631575,SR17018,-0.09220564728184272,0.0924902322950269
56,19,5.263157894736842,10.526315789473683,SR17018,-0.09220564728184272,0.0924902322950269
57,19,0,36.84210526315789,SR17018,-0.09220564728184272,0.0924902322950269
58,19,0,15.789473684210526,SR17018,-0.09220564728184272,0.0924902322950269
59,19,0,15.789473684210526,SR17018,-0.09220564728184272,0.0924902322950269
60,19,0,10.526315789473683,SR17018,-0.09220564728184272,0.0924902322950269
61,19,0,21.052631578947366,SR17018,-0.09220564728184272,0.0924902322950269
62,19,5.263157894736842,10.526315789473683,SR17018,-0.09220564728184272,0.0924902322950269
63,19,0,21.052631578947366,SR17018,-0.09220564728184272,0.0924902322950269
64,19,0,5.263157894736842,SR17018,-0.09220564728184272,0.0924902322950269
65,19,0,42.10526315789473,SR17018,-0.09220564728184272,0.0924902322950269
66,19,0,31.57894736842105,SR17018,-0.09220564728184272,0.0924902322950269
67,19,0,47.368421052631575,SR17018,-0.09220564728184272,0.0924902322950269
68,19,0,21.052631578947366,SR17018,-0.09220564728184272,0.0924902322950269
69,19,5.263157894736842,10.526315789473683,SR17018,-0.09220564728184272,0.0924902322950269
70,19,0,15.789473684210526,SR17018,-0.09220564728184272,0.0924902322950269
71,19,10.526315789473683,0,SR17018,-0.09220564728184272,0.0924902322950269
72,19,10.526315789473683,10.526315789473683,SR17018,-0.09220564728184272,0.0924902322950269
73,19,52.63157894736842,0,SR17018,-0.09220564728184272,0.0924902322950269
74,19,10.526315789473683,21.052631578947366,SR17018,-0.09220564728184272,0.0924902322950269
75,18,38.88888888888889,0,SR17018,-0.09220564728184272,0.0924902322950269
76,19,42.10526315789473,5.263157894736842,SR17018,-0.09220564728184272,0.0924902322950269
77,19,100,0,SR17018,-0.09220564728184272,0.0924902322950269
78,19,10.526315789473683,36.84210526315789,SR17018,-0.09220564728184272,0.0924902322950269
79,19,47.368421052631575,10.526315789473683,SR17018,-0.09220564728184272,0.0924902322950269
80,19,21.052631578947366,5.263157894736842,SR17018,-0.09220564728184272,0.0924902322950269
81,19,63.1578947368421,5.263157894736842,SR17018,-0.09220564728184272,0.0924902322950269
82,19,84.21052631578947,0,SR17018,-0.09220564728184272,0.0924902322950269
83,19,52.63157894736842,5.263157894736842,SR17018,-0.09220564728184272,0.0924902322950269
84,19,100,0,SR17018,-0.09220564728184272,0.0924902322950269
85,19,84.21052631578947,0,SR17018,-0.09220564728184272,0.0924902322950269
86,19,21.052631578947366,31.57894736842105,SR17018,-0.09220564728184272,0.0924902322950269
87,19,78.94736842105263,5.263157894736842,SR17018,-0.09220564728184272,0.0924902322950269
88,19,94.73684210526315,0,SR17018,-0.09220564728184272,0.0924902322950269
89,19,31.57894736842105,31.57894736842105,SR17018,-0.09220564728184272,0.0924902322950269
90,19,52.63157894736842,0,SR17018,-0.09220564728184272,0.0924902322950269
91,19,89.47368421052632,0,SR17018,-0.09220564728184272,0.0924902322950269
92,18,83.33333333333334,0,SR17018,-0.09220564728184272,0.0924902322950269
93,19,21.052631578947366,15.789473684210526,SR17018,-0.09220564728184272,0.0924902322950269
94,19,36.84210526315789,0,SR17018,-0.09220564728184272,0.0924902322950269
95,19,57.89473684210527,0,SR17018,-0.09220564728184272,0.0924902322950269
96,19,26.31578947368421,15.789473684210526,SR17018,-0.09220564728184272,0.0924902322950269
97,18,22.22222222222222,5.555555555555555,SR17018,-0.09220564728184272,0.0924902322950269
98,19,36.84210526315789,5.263157894736842,SR17018,-0.09220564728184272,0.0924902322950269
99,19,42.10526315789473,15.789473684210526,SR17018,-0.09220564728184272,0.0924902322950269
100,19,47.368421052631575,0,SR17018,-0.09220564728184272,0.0924902322950269
101,19,52.63157894736842,5.263157894736842,SR17018,-0.09220564728184272,0.0924902322950269
102,19,15.789473684210526,0,SR17018,-0.09220564728184272,0.0924902322950269
103,19,47.368421052631575,0,SR17018,-0.09220564728184272,0.0924902322950269
104,19,52.63157894736842,0,SR17018,-0.09220564728184272,0.0924902322950269
105,19,52.63157894736842,0,SR17018,-0.09220564728184272,0.0924902322950269
106,19,73.68421052631578,0,SR17018,-0.09220564728184272,0.0924902322950269
107,19,42.10526315789473,15.789473684210526,SR17018,-0.09220564728184272,0.0924902322950269
108,19,78.94736842105263,5.263157894736842,SR17018,-0.09220564728184272,0.0924902322950269
109,19,73.68421052631578,0,SR17018,-0.09220564728184272,0.0924902322950269
110,19,57.89473684210527,5.263157894736842,SR17018,-0.09220564728184272,0.0924902322950269
111,19,94.73684210526315,0,SR17018,-0.09220564728184272,0.0924902322950269
112,19,84.21052631578947,0,SR17018,-0.09220564728184272,0.0924902322950269
113,19,73.68421052631578,0,SR17018,-0.09220564728184272,0.0924902322950269
114,19,57.89473684210527,0,SR17018,-0.09220564728184272,0.0924902322950269
115,19,68.42105263157895,0,SR17018,-0.09220564728184272,0.0924902322950269
116,19,84.21052631578947,0,SR17018,-0.09220564728184272,0.0924902322950269
117,19,57.89473684210527,15.789473684210526,SR17018,-0.09220564728184272,0.0924902322950269
118,19,63.1578947368421,10.526315789473683,SR17018,-0.09220564728184272,0.0924902322950269
119,19,36.84210526315789,5.263157894736842,SR17018,-0.09220564728184272,0.0924902322950269
120,19,31.57894736842105,21.052631578947366,SR17018,-0.09220564728184272,0.0924902322950269
121,19,47.368421052631575,0,SR17018,-0.09220564728184272,0.0924902322950269
122,19,68.42105263157895,5.263157894736842,SR17018,-0.09220564728184272,0.0924902322950269
123,19,89.47368421052632,5.263157894736842,SR17018,-0.09220564728184272,0.0924902322950269
124,19,47.368421052631575,0,SR17018,-0.09220564728184272,0.0924902322950269
125,19,57.89473684210527,0,SR17018,-0.09220564728184272,0.0924902322950269
126,19,94.73684210526315,0,SR17018,-0.09220564728184272,0.0924902322950269
127,19,15.789473684210526,5.263157894736842,SR17018,-0.09220564728184272,0.0924902322950269
128,19,36.84210526315789,5.263157894736842,SR17018,-0.09220564728184272,0.0924902322950269
129,19,15.789473684210526,36.84210526315789,SR17018,-0.09220564728184272,0.0924902322950269
130,19,0,21.052631578947366,SR17018,-0.09220564728184272,0.0924902322950269
131,19,42.10526315789473,0,SR17018,-0.09220564728184272,0.0924902322950269
132,19,21.052631578947366,0,SR17018,-0.09220564728184272,0.0924902322950269
133,19,31.57894736842105,10.526315789473683,SR17018,-0.09220564728184272,0.0924902322950269
134,19,5.263157894736842,21.052631578947366,SR17018,-0.09220564728184272,0.0924902322950269
135,19,78.94736842105263,0,SR17018,-0.09220564728184272,0.0924902322950269
136,19,0,5.263157894736842,SR17018,-0.09220564728184272,0.0924902322950269
137,19,68.42105263157895,0,SR17018,-0.09220564728184272,0.0924902322950269
138,19,47.368421052631575,0,SR17018,-0.09220564728184272,0.0924902322950269
139,19,0,5.263157894736842,SR17018,-0.09220564728184272,0.0924902322950269
140,19,26.31578947368421,5.263157894736842,SR17018,-0.09220564728184272,0.0924902322950269
141,19,36.84210526315789,5.263157894736842,SR17018,-0.09220564728184272,0.0924902322950269
142,19,100,0,SR17018,-0.09220564728184272,0.0924902322950269
143,19,89.47368421052632,0,SR17018,-0.09220564728184272,0.0924902322950269
144,19,52.63157894736842,5.263157894736842,SR17018,-0.09220564728184272,0.0924902322950269
145,19,36.84210526315789,15.789473684210526,SR17018,-0.09220564728184272,0.0924902322950269
146,19,26.31578947368421,0,SR17018,-0.09220564728184272,0.0924902322950269
147,19,36.84210526315789,0,SR17018,-0.09220564728184272,0.0924902322950269
148,19,68.42105263157895,0,SR17018,-0.09220564728184272,0.0924902322950269
149,19,100,0,SR17018,-0.09220564728184272,0.0924902322950269
150,19,73.68421052631578,5.263157894736842,SR17018,-0.09220564728184272,0.0924902322950269
151,19,63.1578947368421,0,SR17018,-0.09220564728184272,0.0924902322950269
152,19,36.84210526315789,0,SR17018,-0.09220564728184272,0.0924902322950269
153,19,52.63157894736842,0,SR17018,-0.09220564728184272,0.0924902322950269
154,19,68.42105263157895,5.263157894736842,SR17018,-0.09220564728184272,0.0924902322950269
155,19,47.368421052631575,0,SR17018,-0.09220564728184272,0.0924902322950269
156,19,94.73684210526315,0,SR17018,-0.09220564728184272,0.0924902322950269
157,19,89.47368421052632,0,SR17018,-0.09220564728184272,0.0924902322950269
158,19,52.63157894736842,10.526315789473683,SR17018,-0.09220564728184272,0.0924902322950269
159,19,78.94736842105263,0,SR17018,-0.09220564728184272,0.0924902322950269
160,19,78.94736842105263,0,SR17018,-0.09220564728184272,0.0924902322950269
161,19,68.42105263157895,5.263157894736842,SR17018,-0.09220564728184272,0.0924902322950269
162,19,21.052631578947366,21.052631578947366,SR17018,-0.09220564728184272,0.0924902322950269
163,19,73.68421052631578,0,SR17018,-0.09220564728184272,0.0924902322950269
164,19,84.21052631578947,0,SR17018,-0.09220564728184272,0.0924902322950269
165,19,63.1578947368421,10.526315789473683,SR17018,-0.09220564728184272,0.0924902322950269
166,19,89.47368421052632,0,SR17018,-0.09220564728184272,0.0924902322950269
167,19,100,0,SR17018,-0.09220564728184272,0.0924902322950269
168,19,94.73684210526315,0,SR17018,-0.09220564728184272,0.0924902322950269
169,19,78.94736842105263,0,SR17018,-0.09220564728184272,0.0924902322950269
170,19,94.73684210526315,0,SR17018,-0.09220564728184272,0.0924902322950269
171,19,78.94736842105263,0,SR17018,-0.09220564728184272,0.0924902322950269
172,19,63.1578947368421,0,SR17018,-0.09220564728184272,0.0924902322950269
173,19,47.368421052631575,0,SR17018,-0.09220564728184272,0.0924902322950269
174,19,89.47368421052632,0,SR17018,-0.09220564728184272,0.0924902322950269
175,19,36.84210526315789,21.052631578947366,SR17018,-0.09220564728184272,0.0924902322950269
176,19,31.57894736842105,5.263157894736842,SR17018,-0.09220564728184272,0.0924902322950269
177,19,36.84210526315789,10.526315789473683,SR17018,-0.09220564728184272,0.0924902322950269
178,19,26.31578947368421,15.789473684210526,SR17018,-0.09220564728184272,0.0924902322950269
179,19,15.789473684210526,31.57894736842105,SR17018,-0.09220564728184272,0.0924902322950269
180,19,31.57894736842105,36.84210526315789,SR17018,-0.09220564728184272,0.0924902322950269
181,19,89.47368421052632,0,SR17018,-0.09220564728184272,0.0924902322950269
182,19,15.789473684210526,0,SR17018,-0.09220564728184272,0.0924902322950269
183,19,31.57894736842105,5.263157894736842,SR17018,-0.09220564728184272,0.0924902322950269
184,19,5.263157894736842,21.052631578947366,SR17018,-0.09220564728184272,0.0924902322950269
185,19,36.84210526315789,5.263157894736842,SR17018,-0.09220564728184272,0.0924902322950269
186,19,63.1578947368421,10.526315789473683,SR17018,-0.09220564728184272,0.0924902322950269
187,19,31.57894736842105,26.31578947368421,SR17018,-0.09220564728184272,0.0924902322950269
188,19,31.57894736842105,31.57894736842105,SR17018,-0.09220564728184272,0.0924902322950269
189,19,52.63157894736842,0,SR17018,-0.09220564728184272,0.0924902322950269
190,19,73.68421052631578,0,SR17018,-0.09220564728184272,0.0924902322950269
191,19,47.368421052631575,0,SR17018,-0.09220564728184272,0.0924902322950269
192,19,52.63157894736842,21.052631578947366,SR17018,-0.09220564728184272,0.0924902322950269
193,19,52.63157894736842,21.052631578947366,SR17018,-0.09220564728184272,0.0924902322950269
194,19,57.89473684210527,10.526315789473683,SR17018,-0.09220564728184272,0.0924902322950269
195,19,57.89473684210527,15.789473684210526,SR17018,-0.09220564728184272,0.0924902322950269
196,19,68.42105263157895,10.526315789473683,SR17018,-0.09220564728184272,0.0924902322950269
197,19,52.63157894736842,10.526315789473683,SR17018,-0.09220564728184272,0.0924902322950269
198,19,52.63157894736842,5.263157894736842,SR17018,-0.09220564728184272,0.0924902322950269
199,19,36.84210526315789,21.052631578947366,SR17018,-0.09220564728184272,0.0924902322950269
200,19,57.89473684210527,5.263157894736842,SR17018,-0.09220564728184272,0.0924902322950269
201,19,68.42105263157895,5.263157894736842,SR17018,-0.09220564728184272,0.0924902322950269
202,19,52.63157894736842,15.789473684210526,SR17018,-0.09220564728184272,0.0924902322950269
203,19,89.47368421052632,0,SR17018,-0.09220564728184272,0.0924902322950269
204,19,36.84210526315789,5.263157894736842,SR17018,-0.09220564728184272,0.0924902322950269
205,19,31.57894736842105,26.31578947368421,SR17018,-0.09220564728184272,0.0924902322950269
206,19,26.31578947368421,10.526315789473683,SR17018,-0.09220564728184272,0.0924902322950269
207,19,0,10.526315789473683,SR17018,-0.09220564728184272,0.0924902322950269
208,19,47.368421052631575,15.789473684210526,SR17018,-0.09220564728184272,0.0924902322950269
209,19,15.789473684210526,0,SR17018,-0.09220564728184272,0.0924902322950269
210,19,31.57894736842105,0,SR17018,-0.09220564728184272,0.0924902322950269
211,19,15.789473684210526,21.052631578947366,SR17018,-0.09220564728184272,0.0924902322950269
212,19,0,52.63157894736842,SR17018,-0.09220564728184272,0.0924902322950269
213,19,0,21.052631578947366,SR17018,-0.09220564728184272,0.0924902322950269
214,18,27.77777777777778,27.77777777777778,SR17018,-0.09220564728184272,0.0924902322950269
215,19,31.57894736842105,21.052631578947366,SR17018,-0.09220564728184272,0.0924902322950269
216,19,5.263157894736842,21.052631578947366,SR17018,-0.09220564728184272,0.0924902322950269
217,19,42.10526315789473,5.263157894736842,SR17018,-0.09220564728184272,0.0924902322950269
218,19,15.789473684210526,15.789473684210526,SR17018,-0.09220564728184272,0.0924902322950269
219,19,94.73684210526315,0,SR17018,-0.09220564728184272,0.0924902322950269
220,19,15.789473684210526,0,SR17018,-0.09220564728184272,0.0924902322950269
221,19,36.84210526315789,10.526315789473683,SR17018,-0.09220564728184272,0.0924902322950269
222,19,21.052631578947366,26.31578947368421,SR17018,-0.09220564728184272,0.0924902322950269
223,19,10.526315789473683,31.57894736842105,SR17018,-0.09220564728184272,0.0924902322950269
224,19,0,31.57894736842105,SR17018,-0.09220564728184272,0.0924902322950269
225,19,10.526315789473683,21.052631578947366,SR17018,-0.09220564728184272,0.0924902322950269
226,18,16.666666666666664,0,SR17018,-0.09220564728184272,0.0924902322950269
227,19,5.263157894736842,5.263157894736842,SR17018,-0.09220564728184272,0.0924902322950269
228,19,0,36.84210526315789,SR17018,-0.09220564728184272,0.0924902322950269
229,19,0,15.789473684210526,SR17018,-0.09220564728184272,0.0924902322950269
230,19,0,21.052631578947366,SR17018,-0.09220564728184272,0.0924902322950269
231,19,36.84210526315789,0,SR17018,-0.09220564728184272,0.0924902322950269
232,18,5.555555555555555,11.11111111111111,SR17018,-0.09220564728184272,0.0924902322950269
233,19,10.526315789473683,36.84210526315789,SR17018,-0.09220564728184272,0.0924902322950269
234,19,36.84210526315789,15.789473684210526,SR17018,-0.09220564728184272,0.0924902322950269
235,19,5.263157894736842,10.526315789473683,SR17018,-0.09220564728184272,0.0924902322950269
236,19,31.57894736842105,5.263157894736842,SR17018,-0.09220564728184272,0.0924902322950269
237,19,21.052631578947366,15.789473684210526,SR17018,-0.09220564728184272,0.0924902322950269
238,19,52.63157894736842,0,SR17018,-0.09220564728184272,0.0924902322950269
239,19,57.89473684210527,5.263157894736842,SR17018,-0.09220564728184272,0.0924902322950269
240,19,63.1578947368421,0,SR17018,-0.09220564728184272,0.0924902322950269
241,19,68.42105263157895,5.263157894736842,SR17018,-0.09220564728184272,0.0924902322950269
242,19,52.63157894736842,15.789473684210526,SR17018,-0.09220564728184272,0.0924902322950269
243,19,73.68421052631578,0,SR17018,-0.09220564728184272,0.0924902322950269
244,19,57.89473684210527,15.789473684210526,SR17018,-0.09220564728184272,0.0924902322950269
245,19,47.368421052631575,36.84210526315789,SR17018,-0.09220564728184272,0.0924902322950269
246,19,100,0,SR17018,-0.09220564728184272,0.0924902322950269
247,19,31.57894736842105,10.526315789473683,SR17018,-0.09220564728184272,0.0924902322950269
248,19,68.42105263157895,5.263157894736842,SR17018,-0.09220564728184272,0.0924902322950269
249,19,52.63157894736842,0,SR17018,-0.09220564728184272,0.0924902322950269
250,19,73.68421052631578,5.263157894736842,SR17018,-0.09220564728184272,0.0924902322950269
251,19,26.31578947368421,5.263157894736842,SR17018,-0.09220564728184272,0.0924902322950269
252,19,31.57894736842105,5.263157894736842,SR17018,-0.09220564728184272,0.0924902322950269
253,19,73.68421052631578,5.263157894736842,SR17018,-0.09220564728184272,0.0924902322950269
254,19,73.68421052631578,0,SR17018,-0.09220564728184272,0.0924902322950269
255,19,36.84210526315789,10.526315789473683,SR17018,-0.09220564728184272,0.0924902322950269
256,19,21.052631578947366,5.263157894736842,SR17018,-0.09220564728184272,0.0924902322950269
257,19,68.42105263157895,0,SR17018,-0.09220564728184272,0.0924902322950269
258,19,26.31578947368421,0,SR17018,-0.09220564728184272,0.0924902322950269
259,19,0,15.789473684210526,SR17018,-0.09220564728184272,0.0924902322950269
260,19,89.47368421052632,0,SR17018,-0.09220564728184272,0.0924902322950269
261,19,84.21052631578947,0,SR17018,-0.09220564728184272,0.0924902322950269
262,19,52.63157894736842,5.263157894736842,SR17018,-0.09220564728184272,0.0924902322950269
263,19,47.368421052631575,0,SR17018,-0.09220564728184272,0.0924902322950269
264,19,0,10.526315789473683,SR17018,-0.09220564728184272,0.0924902322950269
265,19,26.31578947368421,5.263157894736842,SR17018,-0.09220564728184272,0.0924902322950269
266,19,5.263157894736842,15.789473684210526,SR17018,-0.09220564728184272,0.0924902322950269
267,19,5.263157894736842,10.526315789473683,SR17018,-0.09220564728184272,0.0924902322950269
268,19,15.789473684210526,21.052631578947366,SR17018,-0.09220564728184272,0.0924902322950269
269,19,10.526315789473683,0,SR17018,-0.09220564728184272,0.0924902322950269
270,19,10.526315789473683,5.263157894736842,SR17018,-0.09220564728184272,0.0924902322950269
271,19,0,15.789473684210526,SR17018,-0.09220564728184272,0.0924902322950269
272,19,0,21.052631578947366,SR17018,-0.09220564728184272,0.0924902322950269
273,19,36.84210526315789,0,SR17018,-0.09220564728184272,0.0924902322950269
274,19,0,10.526315789473683,SR17018,-0.09220564728184272,0.0924902322950269
275,19,5.263157894736842,0,SR17018,-0.09220564728184272,0.0924902322950269
276,19,26.31578947368421,5.263157894736842,SR17018,-0.09220564728184272,0.0924902322950269
277,19,15.789473684210526,0,SR17018,-0.09220564728184272,0.0924902322950269
278,19,0,0,SR17018,-0.09220564728184272,0.0924902322950269
279,19,31.57894736842105,0,SR17018,-0.09220564728184272,0.0924902322950269
280,19,47.368421052631575,5.263157894736842,SR17018,-0.09220564728184272,0.0924902322950269
281,19,26.31578947368421,5.263157894736842,SR17018,-0.09220564728184272,0.0924902322950269
282,19,31.57894736842105,26.31578947368421,SR17018,-0.09220564728184272,0.0924902322950269
283,19,42.10526315789473,5.263157894736842,SR17018,-0.09220564728184272,0.0924902322950269
284,19,47.368421052631575,0,SR17018,-0.09220564728184272,0.0924902322950269
285,19,26.31578947368421,15.789473684210526,SR17018,-0.09220564728184272,0.0924902322950269
286,19,57.89473684210527,0,SR17018,-0.09220564728184272,0.0924902322950269
287,19,31.57894736842105,10.526315789473683,SR17018,-0.09220564728184272,0.0924902322950269
288,19,10.526315789473683,21.052631578947366,SR17018,-0.09220564728184272,0.0924902322950269
289,19,10.526315789473683,15.789473684210526,SR17018,-0.09220564728184272,0.0924902322950269
290,19,31.57894736842105,5.263157894736842,SR17018,-0.09220564728184272,0.0924902322950269
291,19,84.21052631578947,0,SR17018,-0.09220564728184272,0.0924902322950269
292,19,68.42105263157895,0,SR17018,-0.09220564728184272,0.0924902322950269
293,19,52.63157894736842,15.789473684210526,SR17018,-0.09220564728184272,0.0924902322950269
294,19,68.42105263157895,5.263157894736842,SR17018,-0.09220564728184272,0.0924902322950269
295,19,47.368421052631575,0,SR17018,-0.09220564728184272,0.0924902322950269
296,19,42.10526315789473,5.263157894736842,SR17018,-0.09220564728184272,0.0924902322950269
297,19,100,0,SR17018,-0.09220564728184272,0.0924902322950269
298,18,55.55555555555556,0,SR17018,-0.09220564728184272,0.0924902322950269
299,19,84.21052631578947,0,SR17018,-0.09220564728184272,0.0924902322950269
300,19,52.63157894736842,5.263157894736842,SR17018,-0.09220564728184272,0.0924902322950269
301,19,63.1578947368421,0,SR17018,-0.09220564728184272,0.0924902322950269
302,19,15.789473684210526,5.263157894736842,SR17018,-0.09220564728184272,0.0924902322950269
303,19,21.052631578947366,5.263157894736842,SR17018,-0.09220564728184272,0.0924902322950269
304,19,15.789473684210526,0,SR17018,-0.09220564728184272,0.0924902322950269
305,19,5.263157894736842,0,SR17018,-0.09220564728184272,0.0924902322950269
306,19,15.789473684210526,10.526315789473683,SR17018,-0.09220564728184272,0.0924902322950269
307,19,0,10.526315789473683,SR17018,-0.09220564728184272,0.0924902322950269
308,19,0,0,SR17018,-0.09220564728184272,0.0924902322950269
309,19,0,57.89473684210527,SR17018,-0.09220564728184272,0.0924902322950269
310,19,5.263157894736842,0,SR17018,-0.09220564728184272,0.0924902322950269
311,19,42.10526315789473,0,SR17018,-0.09220564728184272,0.0924902322950269
312,19,5.263157894736842,10.526315789473683,SR17018,-0.09220564728184272,0.0924902322950269
313,19,31.57894736842105,10.526315789473683,SR17018,-0.09220564728184272,0.0924902322950269
314,19,0,10.526315789473683,SR17018,-0.09220564728184272,0.0924902322950269
315,19,15.789473684210526,21.052631578947366,SR17018,-0.09220564728184272,0.0924902322950269
316,19,0,15.789473684210526,SR17018,-0.09220564728184272,0.0924902322950269
317,19,0,5.263157894736842,SR17018,-0.09220564728184272,0.0924902322950269
318,19,42.10526315789473,10.526315789473683,SR17018,-0.09220564728184272,0.0924902322950269
319,19,15.789473684210526,0,SR17018,-0.09220564728184272,0.0924902322950269
320,19,26.31578947368421,0,SR17018,-0.09220564728184272,0.0924902322950269
321,19,63.1578947368421,0,SR17018,-0.09220564728184272,0.0924902322950269
322,19,52.63157894736842,5.263157894736842,SR17018,-0.09220564728184272,0.0924902322950269
323,19,47.368421052631575,10.526315789473683,SR17018,-0.09220564728184272,0.0924902322950269
324,19,21.052631578947366,5.263157894736842,SR17018,-0.09220564728184272,0.0924902322950269
325,19,63.1578947368421,0,SR17018,-0.09220564728184272,0.0924902322950269
326,19,73.68421052631578,0,SR17018,-0.09220564728184272,0.0924902322950269
327,19,78.94736842105263,5.263157894736842,SR17018,-0.09220564728184272,0.0924902322950269
328,19,94.73684210526315,0,SR17018,-0.09220564728184272,0.0924902322950269
329,19,63.1578947368421,5.263157894736842,SR17018,-0.09220564728184272,0.0924902322950269
330,19,68.42105263157895,5.263157894736842,SR17018,-0.09220564728184272,0.0924902322950269
331,19,36.84210526315789,0,SR17018,-0.09220564728184272,0.0924902322950269
332,19,78.94736842105263,0,SR17018,-0.09220564728184272,0.0924902322950269
333,19,68.42105263157895,10.526315789473683,SR17018,-0.09220564728184272,0.0924902322950269
334,19,89.47368421052632,0,SR17018,-0.09220564728184272,0.0924902322950269
335,19,89.47368421052632,0,SR17018,-0.09220564728184272,0.0924902322950269
336,19,36.84210526315789,5.263157894736842,SR17018,-0.09220564728184272,0.0924902322950269
337,18,66.66666666666666,0,SR17018,-0.09220564728184272,0.0924902322950269
338,19,42.10526315789473,0,SR17018,-0.09220564728184272,0.0924902322950269
339,19,42.10526315789473,0,SR17018,-0.09220564728184272,0.0924902322950269
340,19,36.84210526315789,0,SR17018,-0.09220564728184272,0.0924902322950269
341,19,52.63157894736842,5.263157894736842,SR17018,-0.09220564728184272,0.0924902322950269
342,19,100,0,SR17018,-0.09220564728184272,0.0924902322950269
343,19,5.263157894736842,21.052631578947366,SR17018,-0.09220564728184272,0.0924902322950269
344,18,77.77777777777779,0,SR17018,-0.09220564728184272,0.0924902322950269
345,19,52.63157894736842,5.263157894736842,SR17018,-0.09220564728184272,0.0924902322950269
346,19,47.368421052631575,0,SR17018,-0.09220564728184272,0.0924902322950269
347,19,36.84210526315789,0,SR17018,-0.09220564728184272,0.0924902322950269
348,19,21.052631578947366,15.789473684210526,SR17018,-0.09220564728184272,0.0924902322950269
349,19,52.63157894736842,10.526315789473683,SR17018,-0.09220564728184272,0.0924902322950269
350,19,26.31578947368421,10.526315789473683,SR17018,-0.09220564728184272,0.0924902322950269
351,19,0,36.84210526315789,SR17018,-0.09220564728184272,0.0924902322950269
352,18,5.555555555555555,11.11111111111111,SR17018,-0.09220564728184272,0.0924902322950269
353,19,5.263157894736842,0,SR17018,-0.09220564728184272,0.0924902322950269
354,19,0,57.89473684210527,SR17018,-0.09220564728184272,0.0924902322950269
355,19,5.263157894736842,15.789473684210526,SR17018,-0.09220564728184272,0.0924902322950269
356,19,0,47.368421052631575,SR17018,-0.09220564728184272,0.0924902322950269
357,19,10.526315789473683,57.89473684210527,SR17018,-0.09220564728184272,0.0924902322950269
358,19,0,31.57894736842105,SR17018,-0.09220564728184272,0.0924902322950269
359,19,0,26.31578947368421,SR17018,-0.09220564728184272,0.0924902322950269
360,19,0,57.89473684210527,SR17018,-0.09220564728184272,0.0924902322950269
361,19,0,21.052631578947366,SR17018,-0.09220564728184272,0.0924902322950269
362,19,0,21.052631578947366,SR17018,-0.09220564728184272,0.0924902322950269
363,19,0,42.10526315789473,SR17018,-0.09220564728184272,0.0924902322950269
364,19,0,36.84210526315789,SR17018,-0.09220564728184272,0.0924902322950269
365,19,0,47.368421052631575,SR17018,-0.09220564728184272,0.0924902322950269
366,19,0,26.31578947368421,SR17018,-0.09220564728184272,0.0924902322950269
367,19,26.31578947368421,15.789473684210526,SR17018,-0.09220564728184272,0.0924902322950269
368,19,0,31.57894736842105,SR17018,-0.09220564728184272,0.0924902322950269
369,19,0,15.789473684210526,SR17018,-0.09220564728184272,0.0924902322950269
370,19,0,36.84210526315789,SR17018,-0.09220564728184272,0.0924902322950269
371,19,0,31.57894736842105,SR17018,-0.09220564728184272,0.0924902322950269
372,19,0,26.31578947368421,SR17018,-0.09220564728184272,0.0924902322950269
373,19,0,5.263157894736842,SR17018,-0.09220564728184272,0.0924902322950269
374,19,0,36.84210526315789,SR17018,-0.09220564728184272,0.0924902322950269
375,19,0,15.789473684210526,SR17018,-0.09220564728184272,0.0924902322950269
376,19,0,47.368421052631575,SR17018,-0.09220564728184272,0.0924902322950269
377,19,0,57.89473684210527,SR17018,-0.09220564728184272,0.0924902322950269
378,19,0,31.57894736842105,SR17018,-0.09220564728184272,0.0924902322950269
379,19,0,36.84210526315789,SR17018,-0.09220564728184272,0.0924902322950269
380,19,0,42.10526315789473,SR17018,-0.09220564728184272,0.0924902322950269
381,19,0,42.10526315789473,SR17018,-0.09220564728184272,0.0924902322950269
382,19,0,10.526315789473683,SR17018,-0.09220564728184272,0.0924902322950269
383,19,0,47.368421052631575,SR17018,-0.09220564728184272,0.0924902322950269
384,19,0,0,SR17018,-0.09220564728184272,0.0924902322950269
385,19,0,26.31578947368421,SR17018,-0.09220564728184272,0.0924902322950269
386,19,0,52.63157894736842,SR17018,-0.09220564728184272,0.0924902322950269
387,19,0,5.263157894736842,SR17018,-0.09220564728184272,0.0924902322950269
388,19,0,10.526315789473683,SR17018,-0.09220564728184272,0.0924902322950269
389,19,0,42.10526315789473,SR17018,-0.09220564728184272,0.0924902322950269
390,19,0,36.84210526315789,SR17018,-0.09220564728184272,0.0924902322950269
391,19,0,10.526315789473683,SR17018,-0.09220564728184272,0.0924902322950269
392,19,0,10.526315789473683,SR17018,-0.09220564728184272,0.0924902322950269
393,19,0,47.368421052631575,SR17018,-0.09220564728184272,0.0924902322950269
394,19,0,47.368421052631575,SR17018,-0.09220564728184272,0.0924902322950269
395,19,0,21.052631578947366,SR17018,-0.09220564728184272,0.0924902322950269
396,19,0,36.84210526315789,SR17018,-0.09220564728184272,0.0924902322950269
397,19,0,31.57894736842105,SR17018,-0.09220564728184272,0.0924902322950269
398,19,0,15.789473684210526,SR17018,-0.09220564728184272,0.0924902322950269
399,19,0,47.368421052631575,SR17018,-0.09220564728184272,0.0924902322950269
400,19,5.263157894736842,10.526315789473683,SR17018,-0.09220564728184272,0.0924902322950269
2,19,0,15.789473684210526,TRV130,-0.08614086121086646,0.0859939440757425
3,18,0,27.77777777777778,TRV130,-0.08614086121086646,0.0859939440757425
4,19,0,21.052631578947366,TRV130,-0.08614086121086646,0.0859939440757425
5,19,0,5.263157894736842,TRV130,-0.08614086121086646,0.0859939440757425
6,19,0,5.263157894736842,TRV130,-0.08614086121086646,0.0859939440757425
7,19,0,15.789473684210526,TRV130,-0.08614086121086646,0.0859939440757425
8,19,0,21.052631578947366,TRV130,-0.08614086121086646,0.0859939440757425
9,19,0,42.10526315789473,TRV130,-0.08614086121086646,0.0859939440757425
10,19,0,5.263157894736842,TRV130,-0.08614086121086646,0.0859939440757425
11,19,0,15.789473684210526,TRV130,-0.08614086121086646,0.0859939440757425
12,19,0,0,TRV130,-0.08614086121086646,0.0859939440757425
13,19,0,0,TRV130,-0.08614086121086646,0.0859939440757425
14,18,0,22.22222222222222,TRV130,-0.08614086121086646,0.0859939440757425
15,19,0,21.052631578947366,TRV130,-0.08614086121086646,0.0859939440757425
16,19,5.263157894736842,31.57894736842105,TRV130,-0.08614086121086646,0.0859939440757425
17,19,0,15.789473684210526,TRV130,-0.08614086121086646,0.0859939440757425
18,19,0,26.31578947368421,TRV130,-0.08614086121086646,0.0859939440757425
19,19,0,15.789473684210526,TRV130,-0.08614086121086646,0.0859939440757425
20,19,0,42.10526315789473,TRV130,-0.08614086121086646,0.0859939440757425
21,19,5.263157894736842,21.052631578947366,TRV130,-0.08614086121086646,0.0859939440757425
22,17,0,35.294117647058826,TRV130,-0.08614086121086646,0.0859939440757425
23,19,0,5.263157894736842,TRV130,-0.08614086121086646,0.0859939440757425
24,19,0,15.789473684210526,TRV130,-0.08614086121086646,0.0859939440757425
25,19,5.263157894736842,15.789473684210526,TRV130,-0.08614086121086646,0.0859939440757425
26,19,0,5.263157894736842,TRV130,-0.08614086121086646,0.0859939440757425
27,19,0,42.10526315789473,TRV130,-0.08614086121086646,0.0859939440757425
28,19,0,63.1578947368421,TRV130,-0.08614086121086646,0.0859939440757425
29,19,0,21.052631578947366,TRV130,-0.08614086121086646,0.0859939440757425
30,19,0,52.63157894736842,TRV130,-0.08614086121086646,0.0859939440757425
31,19,21.052631578947366,5.263157894736842,TRV130,-0.08614086121086646,0.0859939440757425
32,19,0,15.789473684210526,TRV130,-0.08614086121086646,0.0859939440757425
33,19,0,36.84210526315789,TRV130,-0.08614086121086646,0.0859939440757425
34,19,5.263157894736842,10.526315789473683,TRV130,-0.08614086121086646,0.0859939440757425
35,19,0,47.368421052631575,TRV130,-0.08614086121086646,0.0859939440757425
36,19,0,31.57894736842105,TRV130,-0.08614086121086646,0.0859939440757425
37,17,5.88235294117647,11.76470588235294,TRV130,-0.08614086121086646,0.0859939440757425
38,19,0,21.052631578947366,TRV130,-0.08614086121086646,0.0859939440757425
39,19,5.263157894736842,21.052631578947366,TRV130,-0.08614086121086646,0.0859939440757425
40,19,0,31.57894736842105,TRV130,-0.08614086121086646,0.0859939440757425
41,19,5.263157894736842,21.052631578947366,TRV130,-0.08614086121086646,0.0859939440757425
42,19,15.789473684210526,10.526315789473683,TRV130,-0.08614086121086646,0.0859939440757425
43,19,0,10.526315789473683,TRV130,-0.08614086121086646,0.0859939440757425
44,19,0,31.57894736842105,TRV130,-0.08614086121086646,0.0859939440757425
45,19,5.263157894736842,5.263157894736842,TRV130,-0.08614086121086646,0.0859939440757425
46,19,0,42.10526315789473,TRV130,-0.08614086121086646,0.0859939440757425
47,19,0,10.526315789473683,TRV130,-0.08614086121086646,0.0859939440757425
48,19,0,0,TRV130,-0.08614086121086646,0.0859939440757425
49,19,0,10.526315789473683,TRV130,-0.08614086121086646,0.0859939440757425
50,19,15.789473684210526,31.57894736842105,TRV130,-0.08614086121086646,0.0859939440757425
51,19,0,47.368421052631575,TRV130,-0.08614086121086646,0.0859939440757425
52,19,0,10.526315789473683,TRV130,-0.08614086121086646,0.0859939440757425
53,19,5.263157894736842,15.789473684210526,TRV130,-0.08614086121086646,0.0859939440757425
54,19,15.789473684210526,0,TRV130,-0.08614086121086646,0.0859939440757425
55,19,15.789473684210526,15.789473684210526,TRV130,-0.08614086121086646,0.0859939440757425
56,19,5.263157894736842,31.57894736842105,TRV130,-0.08614086121086646,0.0859939440757425
57,19,0,26.31578947368421,TRV130,-0.08614086121086646,0.0859939440757425
58,19,0,36.84210526315789,TRV130,-0.08614086121086646,0.0859939440757425
59,19,10.526315789473683,21.052631578947366,TRV130,-0.08614086121086646,0.0859939440757425
60,19,5.263157894736842,21.052631578947366,TRV130,-0.08614086121086646,0.0859939440757425
61,19,5.263157894736842,10.526315789473683,TRV130,-0.08614086121086646,0.0859939440757425
62,19,0,31.57894736842105,TRV130,-0.08614086121086646,0.0859939440757425
63,19,0,36.84210526315789,TRV130,-0.08614086121086646,0.0859939440757425
64,19,0,15.789473684210526,TRV130,-0.08614086121086646,0.0859939440757425
65,19,0,42.10526315789473,TRV130,-0.08614086121086646,0.0859939440757425
66,19,15.789473684210526,31.57894736842105,TRV130,-0.08614086121086646,0.0859939440757425
67,19,0,15.789473684210526,TRV130,-0.08614086121086646,0.0859939440757425
68,19,0,42.10526315789473,TRV130,-0.08614086121086646,0.0859939440757425
69,19,21.052631578947366,5.263157894736842,TRV130,-0.08614086121086646,0.0859939440757425
70,19,5.263157894736842,36.84210526315789,TRV130,-0.08614086121086646,0.0859939440757425
71,19,10.526315789473683,21.052631578947366,TRV130,-0.08614086121086646,0.0859939440757425
72,19,15.789473684210526,15.789473684210526,TRV130,-0.08614086121086646,0.0859939440757425
73,19,63.1578947368421,0,TRV130,-0.08614086121086646,0.0859939440757425
74,19,10.526315789473683,10.526315789473683,TRV130,-0.08614086121086646,0.0859939440757425
75,18,61.111111111111114,5.555555555555555,TRV130,-0.08614086121086646,0.0859939440757425
76,19,68.42105263157895,0,TRV130,-0.08614086121086646,0.0859939440757425
77,19,84.21052631578947,0,TRV130,-0.08614086121086646,0.0859939440757425
78,19,26.31578947368421,21.052631578947366,TRV130,-0.08614086121086646,0.0859939440757425
79,19,21.052631578947366,15.789473684210526,TRV130,-0.08614086121086646,0.0859939440757425
80,19,63.1578947368421,5.263157894736842,TRV130,-0.08614086121086646,0.0859939440757425
81,19,21.052631578947366,5.263157894736842,TRV130,-0.08614086121086646,0.0859939440757425
82,19,36.84210526315789,10.526315789473683,TRV130,-0.08614086121086646,0.0859939440757425
83,19,26.31578947368421,21.052631578947366,TRV130,-0.08614086121086646,0.0859939440757425
84,19,94.73684210526315,0,TRV130,-0.08614086121086646,0.0859939440757425
85,19,42.10526315789473,15.789473684210526,TRV130,-0.08614086121086646,0.0859939440757425
86,19,36.84210526315789,36.84210526315789,TRV130,-0.08614086121086646,0.0859939440757425
87,19,68.42105263157895,0,TRV130,-0.08614086121086646,0.0859939440757425
88,19,73.68421052631578,0,TRV130,-0.08614086121086646,0.0859939440757425
89,19,36.84210526315789,15.789473684210526,TRV130,-0.08614086121086646,0.0859939440757425
90,19,52.63157894736842,5.263157894736842,TRV130,-0.08614086121086646,0.0859939440757425
91,19,73.68421052631578,0,TRV130,-0.08614086121086646,0.0859939440757425
92,18,55.55555555555556,0,TRV130,-0.08614086121086646,0.0859939440757425
93,19,68.42105263157895,0,TRV130,-0.08614086121086646,0.0859939440757425
94,19,36.84210526315789,10.526315789473683,TRV130,-0.08614086121086646,0.0859939440757425
95,19,31.57894736842105,10.526315789473683,TRV130,-0.08614086121086646,0.0859939440757425
96,19,15.789473684210526,21.052631578947366,TRV130,-0.08614086121086646,0.0859939440757425
97,18,44.44444444444444,0,TRV130,-0.08614086121086646,0.0859939440757425
98,19,31.57894736842105,31.57894736842105,TRV130,-0.08614086121086646,0.0859939440757425
99,19,47.368421052631575,21.052631578947366,TRV130,-0.08614086121086646,0.0859939440757425
100,19,89.47368421052632,0,TRV130,-0.08614086121086646,0.0859939440757425
101,19,26.31578947368421,0,TRV130,-0.08614086121086646,0.0859939440757425
102,19,36.84210526315789,10.526315789473683,TRV130,-0.08614086121086646,0.0859939440757425
103,19,42.10526315789473,0,TRV130,-0.08614086121086646,0.0859939440757425
104,19,52.63157894736842,0,TRV130,-0.08614086121086646,0.0859939440757425
105,19,47.368421052631575,0,TRV130,-0.08614086121086646,0.0859939440757425
106,19,0,10.526315789473683,TRV130,-0.08614086121086646,0.0859939440757425
107,19,47.368421052631575,21.052631578947366,TRV130,-0.08614086121086646,0.0859939440757425
108,19,89.47368421052632,0,TRV130,-0.08614086121086646,0.0859939440757425
109,19,36.84210526315789,5.263157894736842,TRV130,-0.08614086121086646,0.0859939440757425
110,19,78.94736842105263,0,TRV130,-0.08614086121086646,0.0859939440757425
111,19,52.63157894736842,0,TRV130,-0.08614086121086646,0.0859939440757425
112,19,63.1578947368421,0,TRV130,-0.08614086121086646,0.0859939440757425
113,19,84.21052631578947,5.263157894736842,TRV130,-0.08614086121086646,0.0859939440757425
114,19,63.1578947368421,5.263157894736842,TRV130,-0.08614086121086646,0.0859939440757425
115,19,68.42105263157895,5.263157894736842,TRV130,-0.08614086121086646,0.0859939440757425
116,19,57.89473684210527,5.263157894736842,TRV130,-0.08614086121086646,0.0859939440757425
117,19,36.84210526315789,10.526315789473683,TRV130,-0.08614086121086646,0.0859939440757425
118,19,52.63157894736842,10.526315789473683,TRV130,-0.08614086121086646,0.0859939440757425
119,19,21.052631578947366,10.526315789473683,TRV130,-0.08614086121086646,0.0859939440757425
120,19,31.57894736842105,21.052631578947366,TRV130,-0.08614086121086646,0.0859939440757425
121,19,78.94736842105263,5.263157894736842,TRV130,-0.08614086121086646,0.0859939440757425
122,19,94.73684210526315,5.263157894736842,TRV130,-0.08614086121086646,0.0859939440757425
123,19,63.1578947368421,5.263157894736842,TRV130,-0.08614086121086646,0.0859939440757425
124,19,47.368421052631575,5.263157894736842,TRV130,-0.08614086121086646,0.0859939440757425
125,19,84.21052631578947,0,TRV130,-0.08614086121086646,0.0859939440757425
126,19,63.1578947368421,0,TRV130,-0.08614086121086646,0.0859939440757425
127,19,26.31578947368421,36.84210526315789,TRV130,-0.08614086121086646,0.0859939440757425
128,19,47.368421052631575,5.263157894736842,TRV130,-0.08614086121086646,0.0859939440757425
129,19,15.789473684210526,36.84210526315789,TRV130,-0.08614086121086646,0.0859939440757425
130,19,5.263157894736842,31.57894736842105,TRV130,-0.08614086121086646,0.0859939440757425
131,19,21.052631578947366,10.526315789473683,TRV130,-0.08614086121086646,0.0859939440757425
132,19,10.526315789473683,0,TRV130,-0.08614086121086646,0.0859939440757425
133,19,47.368421052631575,0,TRV130,-0.08614086121086646,0.0859939440757425
134,19,5.263157894736842,21.052631578947366,TRV130,-0.08614086121086646,0.0859939440757425
135,19,73.68421052631578,0,TRV130,-0.08614086121086646,0.0859939440757425
136,19,26.31578947368421,21.052631578947366,TRV130,-0.08614086121086646,0.0859939440757425
137,19,36.84210526315789,21.052631578947366,TRV130,-0.08614086121086646,0.0859939440757425
138,19,78.94736842105263,0,TRV130,-0.08614086121086646,0.0859939440757425
139,19,0,21.052631578947366,TRV130,-0.08614086121086646,0.0859939440757425
140,19,10.526315789473683,42.10526315789473,TRV130,-0.08614086121086646,0.0859939440757425
141,19,21.052631578947366,10.526315789473683,TRV130,-0.08614086121086646,0.0859939440757425
142,19,84.21052631578947,0,TRV130,-0.08614086121086646,0.0859939440757425
143,19,78.94736842105263,10.526315789473683,TRV130,-0.08614086121086646,0.0859939440757425
144,19,52.63157894736842,10.526315789473683,TRV130,-0.08614086121086646,0.0859939440757425
145,19,36.84210526315789,0,TRV130,-0.08614086121086646,0.0859939440757425
146,19,21.052631578947366,21.052631578947366,TRV130,-0.08614086121086646,0.0859939440757425
147,19,57.89473684210527,0,TRV130,-0.08614086121086646,0.0859939440757425
148,19,26.31578947368421,15.789473684210526,TRV130,-0.08614086121086646,0.0859939440757425
149,19,63.1578947368421,0,TRV130,-0.08614086121086646,0.0859939440757425
150,19,36.84210526315789,21.052631578947366,TRV130,-0.08614086121086646,0.0859939440757425
151,19,42.10526315789473,5.263157894736842,TRV130,-0.08614086121086646,0.0859939440757425
152,19,42.10526315789473,5.263157894736842,TRV130,-0.08614086121086646,0.0859939440757425
153,19,57.89473684210527,5.263157894736842,TRV130,-0.08614086121086646,0.0859939440757425
154,19,84.21052631578947,0,TRV130,-0.08614086121086646,0.0859939440757425
155,19,36.84210526315789,5.263157894736842,TRV130,-0.08614086121086646,0.0859939440757425
156,19,78.94736842105263,0,TRV130,-0.08614086121086646,0.0859939440757425
157,19,89.47368421052632,0,TRV130,-0.08614086121086646,0.0859939440757425
158,19,57.89473684210527,5.263157894736842,TRV130,-0.08614086121086646,0.0859939440757425
159,19,57.89473684210527,5.263157894736842,TRV130,-0.08614086121086646,0.0859939440757425
160,19,52.63157894736842,5.263157894736842,TRV130,-0.08614086121086646,0.0859939440757425
161,19,73.68421052631578,0,TRV130,-0.08614086121086646,0.0859939440757425
162,19,31.57894736842105,10.526315789473683,TRV130,-0.08614086121086646,0.0859939440757425
163,19,68.42105263157895,15.789473684210526,TRV130,-0.08614086121086646,0.0859939440757425
164,19,73.68421052631578,5.263157894736842,TRV130,-0.08614086121086646,0.0859939440757425
165,19,68.42105263157895,5.263157894736842,TRV130,-0.08614086121086646,0.0859939440757425
166,19,78.94736842105263,0,TRV130,-0.08614086121086646,0.0859939440757425
167,19,89.47368421052632,0,TRV130,-0.08614086121086646,0.0859939440757425
168,19,84.21052631578947,0,TRV130,-0.08614086121086646,0.0859939440757425
169,19,63.1578947368421,0,TRV130,-0.08614086121086646,0.0859939440757425
170,19,78.94736842105263,0,TRV130,-0.08614086121086646,0.0859939440757425
171,19,84.21052631578947,0,TRV130,-0.08614086121086646,0.0859939440757425
172,19,89.47368421052632,0,TRV130,-0.08614086121086646,0.0859939440757425
173,19,36.84210526315789,10.526315789473683,TRV130,-0.08614086121086646,0.0859939440757425
174,19,73.68421052631578,0,TRV130,-0.08614086121086646,0.0859939440757425
175,19,57.89473684210527,10.526315789473683,TRV130,-0.08614086121086646,0.0859939440757425
176,19,15.789473684210526,31.57894736842105,TRV130,-0.08614086121086646,0.0859939440757425
177,19,84.21052631578947,0,TRV130,-0.08614086121086646,0.0859939440757425
178,19,31.57894736842105,21.052631578947366,TRV130,-0.08614086121086646,0.0859939440757425
179,19,5.263157894736842,42.10526315789473,TRV130,-0.08614086121086646,0.0859939440757425
180,19,42.10526315789473,15.789473684210526,TRV130,-0.08614086121086646,0.0859939440757425
181,19,100,0,TRV130,-0.08614086121086646,0.0859939440757425
182,19,31.57894736842105,0,TRV130,-0.08614086121086646,0.0859939440757425
183,19,63.1578947368421,0,TRV130,-0.08614086121086646,0.0859939440757425
184,19,10.526315789473683,21.052631578947366,TRV130,-0.08614086121086646,0.0859939440757425
185,19,52.63157894736842,0,TRV130,-0.08614086121086646,0.0859939440757425
186,19,78.94736842105263,0,TRV130,-0.08614086121086646,0.0859939440757425
187,19,63.1578947368421,5.263157894736842,TRV130,-0.08614086121086646,0.0859939440757425
188,19,31.57894736842105,21.052631578947366,TRV130,-0.08614086121086646,0.0859939440757425
189,19,52.63157894736842,10.526315789473683,TRV130,-0.08614086121086646,0.0859939440757425
190,19,52.63157894736842,5.263157894736842,TRV130,-0.08614086121086646,0.0859939440757425
191,19,21.052631578947366,5.263157894736842,TRV130,-0.08614086121086646,0.0859939440757425
192,19,52.63157894736842,10.526315789473683,TRV130,-0.08614086121086646,0.0859939440757425
193,19,47.368421052631575,15.789473684210526,TRV130,-0.08614086121086646,0.0859939440757425
194,19,78.94736842105263,0,TRV130,-0.08614086121086646,0.0859939440757425
195,19,47.368421052631575,5.263157894736842,TRV130,-0.08614086121086646,0.0859939440757425
196,19,47.368421052631575,5.263157894736842,TRV130,-0.08614086121086646,0.0859939440757425
197,19,36.84210526315789,0,TRV130,-0.08614086121086646,0.0859939440757425
198,19,47.368421052631575,0,TRV130,-0.08614086121086646,0.0859939440757425
199,19,57.89473684210527,0,TRV130,-0.08614086121086646,0.0859939440757425
200,19,68.42105263157895,0,TRV130,-0.08614086121086646,0.0859939440757425
201,19,78.94736842105263,0,TRV130,-0.08614086121086646,0.0859939440757425
202,19,47.368421052631575,21.052631578947366,TRV130,-0.08614086121086646,0.0859939440757425
203,19,89.47368421052632,0,TRV130,-0.08614086121086646,0.0859939440757425
204,19,36.84210526315789,5.263157894736842,TRV130,-0.08614086121086646,0.0859939440757425
205,19,31.57894736842105,26.31578947368421,TRV130,-0.08614086121086646,0.0859939440757425
206,19,15.789473684210526,10.526315789473683,TRV130,-0.08614086121086646,0.0859939440757425
207,19,15.789473684210526,15.789473684210526,TRV130,-0.08614086121086646,0.0859939440757425
208,19,68.42105263157895,5.263157894736842,TRV130,-0.08614086121086646,0.0859939440757425
209,19,31.57894736842105,10.526315789473683,TRV130,-0.08614086121086646,0.0859939440757425
210,19,57.89473684210527,5.263157894736842,TRV130,-0.08614086121086646,0.0859939440757425
211,19,5.263157894736842,21.052631578947366,TRV130,-0.08614086121086646,0.0859939440757425
212,19,0,52.63157894736842,TRV130,-0.08614086121086646,0.0859939440757425
213,19,15.789473684210526,21.052631578947366,TRV130,-0.08614086121086646,0.0859939440757425
214,18,5.555555555555555,38.88888888888889,TRV130,-0.08614086121086646,0.0859939440757425
215,19,21.052631578947366,5.263157894736842,TRV130,-0.08614086121086646,0.0859939440757425
216,19,15.789473684210526,31.57894736842105,TRV130,-0.08614086121086646,0.0859939440757425
217,19,10.526315789473683,5.263157894736842,TRV130,-0.08614086121086646,0.0859939440757425
218,19,26.31578947368421,21.052631578947366,TRV130,-0.08614086121086646,0.0859939440757425
219,19,100,0,TRV130,-0.08614086121086646,0.0859939440757425
220,19,10.526315789473683,21.052631578947366,TRV130,-0.08614086121086646,0.0859939440757425
221,19,47.368421052631575,10.526315789473683,TRV130,-0.08614086121086646,0.0859939440757425
222,19,0,15.789473684210526,TRV130,-0.08614086121086646,0.0859939440757425
223,19,5.263157894736842,36.84210526315789,TRV130,-0.08614086121086646,0.0859939440757425
224,19,0,36.84210526315789,TRV130,-0.08614086121086646,0.0859939440757425
225,19,0,21.052631578947366,TRV130,-0.08614086121086646,0.0859939440757425
226,18,33.33333333333333,27.77777777777778,TRV130,-0.08614086121086646,0.0859939440757425
227,19,5.263157894736842,15.789473684210526,TRV130,-0.08614086121086646,0.0859939440757425
228,19,15.789473684210526,5.263157894736842,TRV130,-0.08614086121086646,0.0859939440757425
229,19,0,31.57894736842105,TRV130,-0.08614086121086646,0.0859939440757425
230,19,0,36.84210526315789,TRV130,-0.08614086121086646,0.0859939440757425
231,19,5.263157894736842,15.789473684210526,TRV130,-0.08614086121086646,0.0859939440757425
232,18,0,33.33333333333333,TRV130,-0.08614086121086646,0.0859939440757425
233,19,10.526315789473683,26.31578947368421,TRV130,-0.08614086121086646,0.0859939440757425
234,19,21.052631578947366,26.31578947368421,TRV130,-0.08614086121086646,0.0859939440757425
235,19,0,5.263157894736842,TRV130,-0.08614086121086646,0.0859939440757425
236,19,36.84210526315789,5.263157894736842,TRV130,-0.08614086121086646,0.0859939440757425
237,19,42.10526315789473,5.263157894736842,TRV130,-0.08614086121086646,0.0859939440757425
238,19,52.63157894736842,0,TRV130,-0.08614086121086646,0.0859939440757425
239,19,42.10526315789473,5.263157894736842,TRV130,-0.08614086121086646,0.0859939440757425
240,19,42.10526315789473,5.263157894736842,TRV130,-0.08614086121086646,0.0859939440757425
241,19,57.89473684210527,10.526315789473683,TRV130,-0.08614086121086646,0.0859939440757425
242,19,47.368421052631575,5.263157894736842,TRV130,-0.08614086121086646,0.0859939440757425
243,19,78.94736842105263,5.263157894736842,TRV130,-0.08614086121086646,0.0859939440757425
244,19,47.368421052631575,5.263157894736842,TRV130,-0.08614086121086646,0.0859939440757425
245,19,31.57894736842105,26.31578947368421,TRV130,-0.08614086121086646,0.0859939440757425
246,19,100,0,TRV130,-0.08614086121086646,0.0859939440757425
247,19,52.63157894736842,5.263157894736842,TRV130,-0.08614086121086646,0.0859939440757425
248,19,47.368421052631575,5.263157894736842,TRV130,-0.08614086121086646,0.0859939440757425
249,19,73.68421052631578,0,TRV130,-0.08614086121086646,0.0859939440757425
250,19,47.368421052631575,21.052631578947366,TRV130,-0.08614086121086646,0.0859939440757425
251,19,63.1578947368421,0,TRV130,-0.08614086121086646,0.0859939440757425
252,19,42.10526315789473,0,TRV130,-0.08614086121086646,0.0859939440757425
253,19,78.94736842105263,0,TRV130,-0.08614086121086646,0.0859939440757425
254,19,89.47368421052632,0,TRV130,-0.08614086121086646,0.0859939440757425
255,19,26.31578947368421,0,TRV130,-0.08614086121086646,0.0859939440757425
256,19,42.10526315789473,5.263157894736842,TRV130,-0.08614086121086646,0.0859939440757425
257,19,100,0,TRV130,-0.08614086121086646,0.0859939440757425
258,19,73.68421052631578,0,TRV130,-0.08614086121086646,0.0859939440757425
259,19,5.263157894736842,10.526315789473683,TRV130,-0.08614086121086646,0.0859939440757425
260,19,73.68421052631578,0,TRV130,-0.08614086121086646,0.0859939440757425
261,19,84.21052631578947,5.263157894736842,TRV130,-0.08614086121086646,0.0859939440757425
262,19,52.63157894736842,5.263157894736842,TRV130,-0.08614086121086646,0.0859939440757425
263,19,36.84210526315789,10.526315789473683,TRV130,-0.08614086121086646,0.0859939440757425
264,19,15.789473684210526,31.57894736842105,TRV130,-0.08614086121086646,0.0859939440757425
265,19,0,26.31578947368421,TRV130,-0.08614086121086646,0.0859939440757425
266,19,15.789473684210526,26.31578947368421,TRV130,-0.08614086121086646,0.0859939440757425
267,19,26.31578947368421,21.052631578947366,TRV130,-0.08614086121086646,0.0859939440757425
268,19,21.052631578947366,15.789473684210526,TRV130,-0.08614086121086646,0.0859939440757425
269,19,15.789473684210526,10.526315789473683,TRV130,-0.08614086121086646,0.0859939440757425
270,19,15.789473684210526,5.263157894736842,TRV130,-0.08614086121086646,0.0859939440757425
271,19,15.789473684210526,26.31578947368421,TRV130,-0.08614086121086646,0.0859939440757425
272,19,0,26.31578947368421,TRV130,-0.08614086121086646,0.0859939440757425
273,19,42.10526315789473,0,TRV130,-0.08614086121086646,0.0859939440757425
274,19,0,5.263157894736842,TRV130,-0.08614086121086646,0.0859939440757425
275,19,15.789473684210526,0,TRV130,-0.08614086121086646,0.0859939440757425
276,19,10.526315789473683,15.789473684210526,TRV130,-0.08614086121086646,0.0859939440757425
277,19,47.368421052631575,10.526315789473683,TRV130,-0.08614086121086646,0.0859939440757425
278,19,78.94736842105263,0,TRV130,-0.08614086121086646,0.0859939440757425
279,19,47.368421052631575,10.526315789473683,TRV130,-0.08614086121086646,0.0859939440757425
280,19,94.73684210526315,0,TRV130,-0.08614086121086646,0.0859939440757425
281,19,15.789473684210526,21.052631578947366,TRV130,-0.08614086121086646,0.0859939440757425
282,19,5.263157894736842,36.84210526315789,TRV130,-0.08614086121086646,0.0859939440757425
283,19,26.31578947368421,15.789473684210526,TRV130,-0.08614086121086646,0.0859939440757425
284,19,21.052631578947366,15.789473684210526,TRV130,-0.08614086121086646,0.0859939440757425
285,19,26.31578947368421,10.526315789473683,TRV130,-0.08614086121086646,0.0859939440757425
286,19,26.31578947368421,5.263157894736842,TRV130,-0.08614086121086646,0.0859939440757425
287,19,21.052631578947366,10.526315789473683,TRV130,-0.08614086121086646,0.0859939440757425
288,19,47.368421052631575,5.263157894736842,TRV130,-0.08614086121086646,0.0859939440757425
289,19,31.57894736842105,5.263157894736842,TRV130,-0.08614086121086646,0.0859939440757425
290,19,21.052631578947366,0,TRV130,-0.08614086121086646,0.0859939440757425
291,19,84.21052631578947,0,TRV130,-0.08614086121086646,0.0859939440757425
292,19,63.1578947368421,0,TRV130,-0.08614086121086646,0.0859939440757425
293,19,36.84210526315789,21.052631578947366,TRV130,-0.08614086121086646,0.0859939440757425
294,19,42.10526315789473,5.263157894736842,TRV130,-0.08614086121086646,0.0859939440757425
295,19,94.73684210526315,0,TRV130,-0.08614086121086646,0.0859939440757425
296,19,52.63157894736842,0,TRV130,-0.08614086121086646,0.0859939440757425
297,19,100,0,TRV130,-0.08614086121086646,0.0859939440757425
298,18,83.33333333333334,0,TRV130,-0.08614086121086646,0.0859939440757425
299,19,78.94736842105263,5.263157894736842,TRV130,-0.08614086121086646,0.0859939440757425
300,19,52.63157894736842,0,TRV130,-0.08614086121086646,0.0859939440757425
301,19,42.10526315789473,10.526315789473683,TRV130,-0.08614086121086646,0.0859939440757425
302,19,36.84210526315789,5.263157894736842,TRV130,-0.08614086121086646,0.0859939440757425
303,19,26.31578947368421,5.263157894736842,TRV130,-0.08614086121086646,0.0859939440757425
304,19,26.31578947368421,0,TRV130,-0.08614086121086646,0.0859939440757425
305,19,15.789473684210526,0,TRV130,-0.08614086121086646,0.0859939440757425
306,19,5.263157894736842,26.31578947368421,TRV130,-0.08614086121086646,0.0859939440757425
307,19,0,26.31578947368421,TRV130,-0.08614086121086646,0.0859939440757425
308,19,10.526315789473683,21.052631578947366,TRV130,-0.08614086121086646,0.0859939440757425
309,19,10.526315789473683,21.052631578947366,TRV130,-0.08614086121086646,0.0859939440757425
310,19,5.263157894736842,10.526315789473683,TRV130,-0.08614086121086646,0.0859939440757425
311,19,15.789473684210526,10.526315789473683,TRV130,-0.08614086121086646,0.0859939440757425
312,19,10.526315789473683,21.052631578947366,TRV130,-0.08614086121086646,0.0859939440757425
313,19,10.526315789473683,15.789473684210526,TRV130,-0.08614086121086646,0.0859939440757425
314,19,15.789473684210526,5.263157894736842,TRV130,-0.08614086121086646,0.0859939440757425
315,19,5.263157894736842,15.789473684210526,TRV130,-0.08614086121086646,0.0859939440757425
316,19,10.526315789473683,21.052631578947366,TRV130,-0.08614086121086646,0.0859939440757425
317,19,10.526315789473683,10.526315789473683,TRV130,-0.08614086121086646,0.0859939440757425
318,19,26.31578947368421,15.789473684210526,TRV130,-0.08614086121086646,0.0859939440757425
319,19,5.263157894736842,26.31578947368421,TRV130,-0.08614086121086646,0.0859939440757425
320,19,47.368421052631575,10.526315789473683,TRV130,-0.08614086121086646,0.0859939440757425
321,19,100,0,TRV130,-0.08614086121086646,0.0859939440757425
322,19,57.89473684210527,10.526315789473683,TRV130,-0.08614086121086646,0.0859939440757425
323,19,78.94736842105263,0,TRV130,-0.08614086121086646,0.0859939440757425
324,19,57.89473684210527,0,TRV130,-0.08614086121086646,0.0859939440757425
325,19,47.368421052631575,5.263157894736842,TRV130,-0.08614086121086646,0.0859939440757425
326,19,57.89473684210527,10.526315789473683,TRV130,-0.08614086121086646,0.0859939440757425
327,19,100,0,TRV130,-0.08614086121086646,0.0859939440757425
328,19,94.73684210526315,0,TRV130,-0.08614086121086646,0.0859939440757425
329,19,57.89473684210527,10.526315789473683,TRV130,-0.08614086121086646,0.0859939440757425
330,19,63.1578947368421,0,TRV130,-0.08614086121086646,0.0859939440757425
331,19,21.052631578947366,15.789473684210526,TRV130,-0.08614086121086646,0.0859939440757425
332,19,78.94736842105263,0,TRV130,-0.08614086121086646,0.0859939440757425
333,19,42.10526315789473,5.263157894736842,TRV130,-0.08614086121086646,0.0859939440757425
334,19,68.42105263157895,0,TRV130,-0.08614086121086646,0.0859939440757425
335,19,52.63157894736842,0,TRV130,-0.08614086121086646,0.0859939440757425
336,19,26.31578947368421,0,TRV130,-0.08614086121086646,0.0859939440757425
337,18,55.55555555555556,0,TRV130,-0.08614086121086646,0.0859939440757425
338,19,57.89473684210527,5.263157894736842,TRV130,-0.08614086121086646,0.0859939440757425
339,19,42.10526315789473,26.31578947368421,TRV130,-0.08614086121086646,0.0859939440757425
340,19,31.57894736842105,10.526315789473683,TRV130,-0.08614086121086646,0.0859939440757425
341,19,36.84210526315789,15.789473684210526,TRV130,-0.08614086121086646,0.0859939440757425
342,19,63.1578947368421,10.526315789473683,TRV130,-0.08614086121086646,0.0859939440757425
343,19,21.052631578947366,31.57894736842105,TRV130,-0.08614086121086646,0.0859939440757425
344,18,61.111111111111114,5.555555555555555,TRV130,-0.08614086121086646,0.0859939440757425
345,19,57.89473684210527,0,TRV130,-0.08614086121086646,0.0859939440757425
346,19,15.789473684210526,0,TRV130,-0.08614086121086646,0.0859939440757425
347,19,63.1578947368421,0,TRV130,-0.08614086121086646,0.0859939440757425
348,19,10.526315789473683,15.789473684210526,TRV130,-0.08614086121086646,0.0859939440757425
349,19,63.1578947368421,0,TRV130,-0.08614086121086646,0.0859939440757425
350,19,26.31578947368421,0,TRV130,-0.08614086121086646,0.0859939440757425
351,19,5.263157894736842,42.10526315789473,TRV130,-0.08614086121086646,0.0859939440757425
352,18,0,44.44444444444444,TRV130,-0.08614086121086646,0.0859939440757425
353,19,0,21.052631578947366,TRV130,-0.08614086121086646,0.0859939440757425
354,19,0,57.89473684210527,TRV130,-0.08614086121086646,0.0859939440757425
355,19,0,42.10526315789473,TRV130,-0.08614086121086646,0.0859939440757425
356,19,0,42.10526315789473,TRV130,-0.08614086121086646,0.0859939440757425
357,19,5.263157894736842,15.789473684210526,TRV130,-0.08614086121086646,0.0859939440757425
358,19,0,47.368421052631575,TRV130,-0.08614086121086646,0.0859939440757425
359,19,0,31.57894736842105,TRV130,-0.08614086121086646,0.0859939440757425
360,19,5.263157894736842,52.63157894736842,TRV130,-0.08614086121086646,0.0859939440757425
361,19,0,26.31578947368421,TRV130,-0.08614086121086646,0.0859939440757425
362,19,5.263157894736842,21.052631578947366,TRV130,-0.08614086121086646,0.0859939440757425
363,19,0,31.57894736842105,TRV130,-0.08614086121086646,0.0859939440757425
364,19,0,42.10526315789473,TRV130,-0.08614086121086646,0.0859939440757425
365,19,0,10.526315789473683,TRV130,-0.08614086121086646,0.0859939440757425
366,19,0,36.84210526315789,TRV130,-0.08614086121086646,0.0859939440757425
367,19,0,10.526315789473683,TRV130,-0.08614086121086646,0.0859939440757425
368,19,5.263157894736842,42.10526315789473,TRV130,-0.08614086121086646,0.0859939440757425
369,19,0,5.263157894736842,TRV130,-0.08614086121086646,0.0859939440757425
370,19,0,31.57894736842105,TRV130,-0.08614086121086646,0.0859939440757425
371,19,0,0,TRV130,-0.08614086121086646,0.0859939440757425
372,19,0,42.10526315789473,TRV130,-0.08614086121086646,0.0859939440757425
373,19,0,26.31578947368421,TRV130,-0.08614086121086646,0.0859939440757425
374,19,0,57.89473684210527,TRV130,-0.08614086121086646,0.0859939440757425
375,19,0,15.789473684210526,TRV130,-0.08614086121086646,0.0859939440757425
376,19,0,21.052631578947366,TRV130,-0.08614086121086646,0.0859939440757425
377,19,15.789473684210526,21.052631578947366,TRV130,-0.08614086121086646,0.0859939440757425
378,19,0,15.789473684210526,TRV130,-0.08614086121086646,0.0859939440757425
379,19,10.526315789473683,36.84210526315789,TRV130,-0.08614086121086646,0.0859939440757425
380,19,0,42.10526315789473,TRV130,-0.08614086121086646,0.0859939440757425
381,19,0,21.052631578947366,TRV130,-0.08614086121086646,0.0859939440757425
382,19,5.263157894736842,21.052631578947366,TRV130,-0.08614086121086646,0.0859939440757425
383,19,0,21.052631578947366,TRV130,-0.08614086121086646,0.0859939440757425
384,19,0,0,TRV130,-0.08614086121086646,0.0859939440757425
385,19,0,26.31578947368421,TRV130,-0.08614086121086646,0.0859939440757425
386,19,0,31.57894736842105,TRV130,-0.08614086121086646,0.0859939440757425
387,19,5.263157894736842,36.84210526315789,TRV130,-0.08614086121086646,0.0859939440757425
388,19,0,42.10526315789473,TRV130,-0.08614086121086646,0.0859939440757425
389,19,5.263157894736842,26.31578947368421,TRV130,-0.08614086121086646,0.0859939440757425
390,19,0,63.1578947368421,TRV130,-0.08614086121086646,0.0859939440757425
391,19,0,47.368421052631575,TRV130,-0.08614086121086646,0.0859939440757425
392,19,0,5.263157894736842,TRV130,-0.08614086121086646,0.0859939440757425
393,19,0,31.57894736842105,TRV130,-0.08614086121086646,0.0859939440757425
394,19,0,0,TRV130,-0.08614086121086646,0.0859939440757425
395,19,0,26.31578947368421,TRV130,-0.08614086121086646,0.0859939440757425
396,19,0,21.052631578947366,TRV130,-0.08614086121086646,0.0859939440757425
397,19,0,21.052631578947366,TRV130,-0.08614086121086646,0.0859939440757425
398,19,0,31.57894736842105,TRV130,-0.08614086121086646,0.0859939440757425
399,19,0,26.31578947368421,TRV130,-0.08614086121086646,0.0859939440757425
400,19,10.526315789473683,5.263157894736842,TRV130,-0.08614086121086646,0.0859939440757425
